Serial No. Of Polling Station,All India Anna Dravida Munnetra Kazhagam,Dravida Munnetra Kazhagam,Naam Tamilar Katchi,Bahujan Samaj Party,Naam Indiar Party,All India Puratchi Thalaivar Makkal Munnettra Kazhagam,Thamizh Perarasu Katchi,Tamilaga Vettri Kazhagam,Puthiya Makkal Tamil Desam Katchi,Independent,Independent.1,Independent.2,Independent.3,Independent.4,Independent.5,Independent.6,Independent.7,Independent.8,Independent.9,Independent.10,Independent.11,Total of Valid Votes,No. Of Rejected Votes,NOTA,Total,No. Of Tendered Votes,Locality,Building in Which it will be Located,Polling Area,Whether for all Voters or men olny or women only,Total_Valid_Votes_Clean,Winner_Party,Winner_Votes,Runner_Up_Votes,Margin_Of_Victory,Runner_Up_Party,Dravida Munnetra Kazhagam_Rank,All India Anna Dravida Munnetra Kazhagam_Rank,Naam Tamilar Katchi_Rank,Tamilaga Vettri Kazhagam_Rank,Bahujan Samaj Party_Rank,Naam Indiar Party_Rank,All India Puratchi Thalaivar Makkal Munnettra Kazhagam_Rank,Thamizh Perarasu Katchi_Rank,Puthiya Makkal Tamil Desam Katchi_Rank,Independent_Rank,Independent.1_Rank,Independent.2_Rank,Independent.3_Rank,Independent.4_Rank,Independent.5_Rank,Independent.6_Rank,Independent.7_Rank,Independent.8_Rank,Independent.9_Rank,Independent.10_Rank,Independent.11_Rank,Margin_Percentage,Total_Independent_Votes
1,181,236,47,1,1,6,2,122,0,4,0,0,0,1,0,2,1,2,0,0,1,607,0,2,609,0,K.  Duraisamypuram,"Panchayat  Union  Primary  School,  South Building,  K.Duraisamypuram","1.K.Venkateswarapuram  (R.V),  K.  Duraisamypuram  (P)  K.  lakshmipuram Block  1  ,  2.K.Venkateswarapuram  (R.V),  K.  Duraisamypuram  (P)  K. Ramanathapuram  Block  2  ,  999.OVERSEAS  ELECTORS",All  Voters,607,Dravida Munnetra Kazhagam,236,181,55,All India Anna Dravida Munnetra Kazhagam,1,2,4,3,10,10,5,7,15,6,15,15,15,10,15,7,10,7,15,15,10,9.060955518945635,11
2,124,104,1,0,0,0,0,71,0,0,0,0,0,0,2,0,3,5,0,0,2,312,0,0,312,0,K.  Duraisamypuram,"Panchayat  Union  Primary  School,  North Building,  K.Duraisamypuram","1.K.Venkateswarapuram  (R.V),  K.  Duraisamypuram  (P)  K. Duraisamypuram  Block  3  ,  2.K.Venkateswarapuram  (R.V),  K. Duraisamypuram  (P)  K.  Duraisamypuram  Block  4  ,  999.OVERSEAS ELECTORS",All  Voters,312,All India Anna Dravida Munnetra Kazhagam,124,104,20,Dravida Munnetra Kazhagam,2,1,8,3,9,9,9,9,9,9,9,9,9,9,6,9,5,4,9,9,6,6.41025641025641,12
3,251,120,8,0,0,8,0,146,0,0,0,1,0,0,1,4,1,0,1,0,0,541,0,3,544,0,Venkateswarapura m,"Panchayat  Union  Primary  School,South Venkadeshwarapuram","1.K.Venkateshwarapuram  (R.V)  And  (P)  K.Venkateshwarapuram  Block  1  , 2.K.Venkateshwarapuram  (R.V)  And  (P)  K.Venkateshwarapuram  Block  2  , 3.K.Venkateshwarapuram  (R.V)  And  (P)  K.Vengateswarapuram  Block  3  , 999.OVERSEAS  ELECTORS",All  Voters,541,All India Anna Dravida Munnetra Kazhagam,251,146,105,Tamilaga Vettri Kazhagam,3,1,4,2,11,11,4,11,11,11,11,7,11,11,7,6,7,11,7,11,11,19.40850277264325,8
4,186,236,44,1,0,0,3,290,1,14,0,0,0,2,1,3,3,1,0,0,0,785,0,0,785,0,Kalugumalai,"St.  Marys  Primary  School,  South  Building East  2nd  Room  Class  2A  ,  Kalugumalai","1.Kalugumalai  (S.P)  Indhiraprasatham  Street  ward  1  ,  2.Kalugumalai (S.P)  Indhiraprasatham  Street  2  ward  2  ,  3.Kalugumalai  (S.P) Indiraprastham  Street  3  ward  1  ,  4.Kalugumalai  (S.P)  Indiraprestham
Street  4  ward  1  ,  5.Kalugumalai  (S.P)  Indirapresthem  Street  No  5  ward  1  , 6.Kalugumalai  (S.P)  Ananthamman  Koil  Street  Ward  1  ,  7.Kalugumalai
(S.P)  Matha  Koil  Street  ward  1  ,  8.Kalugumalai  (S.P)  Church  Street  ward  1
,  9.Kalugumalai  (S.P)  Kaliamman  Kovil  street  ward  2  ,  10.Kalugumalai (S.P)  Soundrapandian  Street  Ward  2  ,  11.Kalugumalai  (S.P)
Narayansamykovilstreet  Ward  2  ,  12.Kalugumalai  (S.P)  Kamarajar  Street
ward  2  ,  999.OVERSEAS  ELECTORS",All  Voters,785,Tamilaga Vettri Kazhagam,290,236,54,Dravida Munnetra Kazhagam,2,3,4,1,10,14,14,6,10,5,14,14,14,9,10,6,6,10,14,14,14,6.878980891719745,24
5,97,248,55,0,1,0,0,214,0,0,0,0,0,1,2,1,1,0,0,1,0,621,0,3,624,0,Kalugumalai,"St.  Marys  Primary  School,  South  Building East  3rd  Room  Class  2B,  Kalugumalai","1.Kalugumalai  (s.p)  Griprabhakara  Keelaratha  Veethi  ward  2  , 2.Kalugumalai  (S.P)  Kovilpatti-Sankarankovil  road  ward  2  ,
3.Kalugumalai  (S.P)  Kannapper  Street  ward  1  ,  4.Kalugumalai  (S.P)
Sakelar  street  ward  2  ,  999.OVERSEAS  ELECTORS",All  Voters,621,Dravida Munnetra Kazhagam,248,214,34,Tamilaga Vettri Kazhagam,1,3,4,2,11,6,11,11,11,11,11,11,11,6,5,6,6,11,11,6,11,5.475040257648954,6
6,165,108,33,0,1,6,7,147,0,1,0,0,0,0,0,1,1,0,0,0,1,471,0,0,471,0,Kalugumalai,"St.  Marys  Primary  School,  South  Building East  4th  Room  Class  1A  Kalugumalai","1.Kalugumalai  (S.P)  Kovilpatti  _  Sankarankovil  Road  Ward  1  ,
2.Kalugumalai  (S.P)  Kasukkara  Street  Ward  5  ,  3.Kalugumalai  (s.p) Muthaian  street  1  ward  5  ,  999.OVERSEAS  ELECTORS",All  Voters,471,All India Anna Dravida Munnetra Kazhagam,165,147,18,Tamilaga Vettri Kazhagam,3,1,4,2,12,7,6,5,12,7,12,12,12,12,12,7,7,12,12,12,7,3.821656050955414,4
7,101,276,51,0,0,0,4,266,0,0,0,0,0,1,0,0,1,0,0,0,0,700,0,7,707,0,Kalugumalai,"St.  Marys  Primary  School,  South  Building East  5th  Room  Class  1B,  Kalugumalai","1.Kalugumalai  (S.P)  Narayanasamy  Kovil  Street  1  ward  3  ,  2.Kalugumalai (S.P)  Thanuskodi  Street  ward  3  ,  3.Kalugumalai  (S.P)  NarayanasamyKovil Street  2  Ward  3  ,  4.Kalugumalai  (S.P)  ThirumalikaiStreet  Ward  3  ,
5.Kalugumalai  (s.p)  Ettaiyapuram  road  ward  6  ,  6.Kalugumalai  (S.P) Krishnan  Kovil  Street  ward  4  ,  7.Kalugumalai  (S.P)  Muniasamy  Kovil Street  Ward  4  ,  8.Kalugumalai  (S.P)  Thiruppathiraja  Street  ward  4  ,
999.OVERSEAS  ELECTORS",All  Voters,700,Dravida Munnetra Kazhagam,276,266,10,Tamilaga Vettri Kazhagam,1,3,4,2,8,8,8,5,8,8,8,8,8,6,8,8,6,8,8,8,8,1.428571428571429,2
8,223,195,39,0,0,2,2,249,0,5,1,0,0,2,1,2,0,0,0,0,0,721,0,1,722,0,Kalugumalai,"St.  Marys  Primary  School,  South  Building East  6th  Room  Class  3rd  Std,  Kalugumalai.","1.Kalugumalai  (S.P)  Balasubramaniyan  Street  Ward  4  ,  2.Kalugumalai
(S.P)  Vinayakar  Kalani  Ward  4  ,  3.Kalugumalai  (s.p)  Depobhostreet  ward 6  ,  4.Kalugumalai  (S.P)  Kittange  Street  Ward  6  ,  5.Kalugumalai  (S.P)
Muthu  Veerappasamy  Kovil  Street  Ward  6  ,  999.OVERSEAS  ELECTORS",All  Voters,721,Tamilaga Vettri Kazhagam,249,223,26,All India Anna Dravida Munnetra Kazhagam,3,2,4,1,12,12,6,6,12,5,10,12,12,6,10,6,12,12,12,12,12,3.606102635228849,11
9,165,428,36,1,0,0,1,375,1,1,1,0,2,1,2,4,6,1,0,1,2,1028,0,1,1029,0,Kalugumalai,"Govt  Higher  Secondary  School,  Middle Building  South  Room  Kalugumalai","1.Kalugumalai  (s.p)  Theyagi  n.  venkatachalam  street  ward  7  ,
2.Kalugumalai  (S.P)  Bagawathsingh  Street  Ward  7  ,  3.Kalugumalai  (S.P) Veerapandiyakattabomman  Street  ward  7  ,  4.Kalugumalai  (S.P) Kumarasan  Nagar  Street  Ward  7  ,  5.Kalugumalai  (s.p)  Kumarasan  street 2  ward  7  ,  6.Kalugumalai  (S.P)  Amalraj  Nagar  Ward  7  ,  7.Kalugumalai
(S.P)  KuthurailawyaStreet  Ward  8  ,  999.OVERSEAS  ELECTORS",All  Voters,1028,Dravida Munnetra Kazhagam,428,375,53,Tamilaga Vettri Kazhagam,1,3,4,2,10,18,18,10,10,10,10,18,7,10,7,6,5,10,18,10,7,5.155642023346303,21
10,135,152,33,0,0,2,2,183,0,0,1,0,0,0,0,1,0,0,0,0,0,509,0,1,510,0,Kalugumalai,"Govt  Higher  Secondary  School,   North Portion  Building,  Kalugumalai","1.Kalugumalai  (S.G.T.P)  Watta  theru  Ward  7  ,  2.Kalugumalai  (S.G.T.P) Kalangththeru  ,  3.Kalugumalai  (S.G.T.P)  Karakkurichiyar  Street  ,
4.Kalugumalai  (S.G.T.P)  TheyagarajaStreet  ,  999.OVERSEAS  ELECTORS",All  Voters,509,Tamilaga Vettri Kazhagam,183,152,31,Dravida Munnetra Kazhagam,2,3,4,1,9,9,5,5,9,9,7,9,9,9,9,7,9,9,9,9,9,6.090373280943026,2
11,146,161,25,1,0,1,0,158,0,0,0,1,0,1,2,0,3,1,0,0,0,500,0,0,500,0,Kalugumalai,"Govt  Higher  Secondary  School,  Middle Building,  Middle  portion  Kalugumalai","1.Kalugumalai  (S.G.T.P)  TherkurathaveethiMelpagam  Ward  9  ,
2.Kalugumalai  (S.G.T.P)  AnnaKeelastreet  ,  3.Kalugumalai  (S.G.T.P)
Annathenvadal  sandu,  4.Kalugumalai  (S.G.T.P)  Theyagei  Subbiahstreet, 5.Kalugumalai  (S.G.T.P)  Theyagi  subbiah  Thenvadalsandu,
6.Kalugumalai  (S.G.T.P)  PetchiammanKovilstreet  ,
7.Kalugumalai  (S.G.T.P)  V.O.  Chedambaranar  Street  ,
8.Kalugumalai  (S.G.T.P)  Police  Line  ,  999.OVERSEAS  ELECTORS",All  Voters,500,Dravida Munnetra Kazhagam,161,158,3,Tamilaga Vettri Kazhagam,1,3,4,2,7,12,7,12,12,12,12,7,12,7,6,12,5,7,12,12,12,0.6,8
12,199,240,40,0,0,4,1,227,1,0,0,0,1,0,0,2,1,1,2,1,0,720,0,4,724,0,Kalugumalai,"Govt  Hr.Sec  School,  West  Portion  North  Side Kalugumalai","1.Kalugumalai  (S.P)  Wattaththeru  ,  2.Kalugumalai  (S.P)  Street  3
Wattatheru  ,  3.Kalugumalai  (S.P)  Street  4  Wattatheru  ,  4.Kalugumalai (S.P)  Aranmanai  Vasal  Street  ,  5.Kalugumalai  (S.P)  PeriaKovil
Therukuvasal  Street  ,  6.Kalugumalai  (S.P)  Geriprakara  Melaveethi  , 7.Kalugumalai  (S.P)  Chedambaranar  Street  ,  8.Kalugumalai  (S.P)
Nadutheru  ,  9.Kalugumalai  (S.P)  Therukurathaveethi  ,  10.Kalugumalai (S.P)  Cumpoundar  Street  ,  11.Kalugumalai  (S.P)  Street  3  V.O, Chedambaranar  Street  ,  12.Kalugumalai  (S.P)  Street  4
V.O.Chedambaranar  Street  ,  999.OVERSEAS  ELECTORS",All  Voters,720,Dravida Munnetra Kazhagam,240,227,13,Tamilaga Vettri Kazhagam,1,3,4,2,14,14,5,8,8,14,14,14,8,14,14,6,8,8,6,8,14,1.805555555555555,8
13,213,225,47,0,1,4,1,270,0,1,1,0,0,2,1,1,0,3,0,0,0,770,0,2,772,0,Kalugumalai,"Govt  Higher  Secondary  School,  SSA  Building South  Portion  North  Room,  Kalugumalai","1.Kalugumalai  (s.p)  Satthanathan  street  ,  2.Kalugumalai  (S.P) Sattanathan  thenvadalSandu  ,  3.Kalugumalai  (S.P)  Ahilandapoikaistret  , 4.Kalugumalai  (S.P)  Bharathiar  Street  ,  5.Kalugumalai  (S.P)
chellaperumalsandu  ,  6.Kalugumalai  (s.p)  Kovilpatti-Sankarankovil  Road
,  7.Kalugumalai  (S.P)  Madasamykonar  ThenvadalSandu  ,  8.Kalugumalai (S.P)  Kattunaickar  Street  ,  9.Kalugumalai  (S.P)  Muthuramalingam  North Street  ,  10.Kalugumalai  (S.P)  Ramasamy  Street  ,  999.OVERSEAS ELECTORS",All  Voters,770,Tamilaga Vettri Kazhagam,270,225,45,Dravida Munnetra Kazhagam,2,3,4,1,14,8,5,8,14,8,8,14,14,7,8,8,14,6,14,14,14,5.844155844155844,9
14,220,210,65,1,0,2,3,356,2,0,0,1,0,2,2,3,1,1,0,1,1,871,0,1,872,0,Kalugumalai,"Government  Higher  Secondary  School,  East Main  Building  South  Side  Room  No  16,
Kalugumalai","1.Kalugumalai  (S.P)  Arumuganagar  ,  999.OVERSEAS  ELECTORS",All  Voters,871,Tamilaga Vettri Kazhagam,356,220,136,All India Anna Dravida Munnetra Kazhagam,3,2,4,1,11,17,7,5,7,17,17,11,17,7,7,5,11,11,17,11,11,15.6142365097589,12
15,257,126,29,0,0,0,6,161,1,0,0,0,0,0,0,0,0,1,0,0,0,581,0,2,583,0,Kalugumalai,"Government  Higher  Secondary  School,  East Main  Building.South  Side  Room  No  13  (12B)
,  Kalugumalai","1.Kalugumalai  (s.p)  Geriprakaramalaveethi  ,  2.Kalugumalai  (S.P) Saravanapuram  ,  3.Kalugumalai  (S.P)  Sowlgower  ROad  Street  ,
4.Kalugumalai  (S.P)  Kalugumalai  Nadu  Street  ,  5.Kalugumalai  (S.P)
Nadustreet  ,  6.Kalugumalai  (S.P)  Therukkustreet  ,  7.Kalugumalai  (S.P) MelaStreet  ,  8.Kalugumalai  (S.P)  Stalinstreet  ,  9.Kalugumalai  (S.P) Pasumpon  Nagar  ,  999.OVERSEAS  ELECTORS",All  Voters,581,All India Anna Dravida Munnetra Kazhagam,257,161,96,Tamilaga Vettri Kazhagam,3,1,4,2,8,8,8,5,6,8,8,8,8,8,8,8,8,6,8,8,8,16.52323580034424,1
16,139,76,12,0,1,0,1,165,0,0,1,0,0,0,1,1,1,0,0,1,0,399,0,2,401,0,Kalugumalai,"Panchayat  Union  Primary  School,  Main Building  ,  Kalugumalai","1.Kulugumalai  (s.p)  Kaithey  milath  street  ,  2.Kulugumalai  (S.P)
Annamelatheru  ,  3.Kulugumalai  (S.P)  SaynaiyarStreet  ,  999.OVERSEAS ELECTORS",All  Voters,399,Tamilaga Vettri Kazhagam,165,139,26,All India Anna Dravida Munnetra Kazhagam,3,2,4,1,12,5,12,5,12,12,5,12,12,12,5,5,5,12,12,5,12,6.516290726817042,5
17,349,161,23,2,0,4,1,265,0,0,0,0,0,0,0,0,3,1,0,0,0,809,0,2,811,0,Kalugumalai,"Panchayat  Union  Primary  School,  East Portion  Kalugumalai","1.Kulugumalai  (s.p)  Annapudhustreet  ,  999.OVERSEAS  ELECTORS",All  Voters,809,All India Anna Dravida Munnetra Kazhagam,349,265,84,Tamilaga Vettri Kazhagam,3,1,4,2,7,10,5,8,10,10,10,10,10,10,10,10,6,8,10,10,10,10.3831891223733,4
18,281,297,56,1,1,2,7,283,0,0,1,0,0,0,2,1,4,1,0,0,0,937,0,1,938,0,Karadikulam,"Panchayat  Union  Primary  School.  North  Side Karadikulam  Colony,  Karadikulam","1.Karadikulam  (R.V)  And  (P)  C.r.  colony  block  3  ,  2.Karadikulam(R.C)  And
(P)  C.r.  colony  block  4  ,  3.Karadikulam  (R.V)  And  (P)  C.R.  Colony  Block  5  , 999.OVERSEAS  ELECTORS",All  Voters,937,Dravida Munnetra Kazhagam,297,283,14,Tamilaga Vettri Kazhagam,1,3,4,2,9,9,7,5,14,14,9,14,14,14,7,9,6,9,14,14,14,1.494130202774813,9
19,220,338,42,0,0,5,0,147,0,7,0,0,0,0,0,2,1,1,0,0,0,763,0,2,765,0,Karadikulam.,"Panchayat  Union  Middle  School,  Southern Portion  ,  Karadikulam.","1.Karadikulam  (R.V)  And  (P)  Karadikulam  Block  1  ,  2.Karadikulam  (R.V) And  (P)  Karadikulam  block  2  ,  999.OVERSEAS  ELECTORS",All  Voters,763,Dravida Munnetra Kazhagam,338,220,118,All India Anna Dravida Munnetra Kazhagam,1,2,4,3,10,10,6,10,10,5,10,10,10,10,10,7,8,8,10,10,10,15.46526867627785,11
20,97,215,38,1,0,1,1,153,0,6,0,0,0,0,0,0,2,1,0,0,1,516,0,0,516,0,Karadikulam.,"Panchayat  Union  Middle  School  ,  East Portion  ,  Karadikulam.",1.Karadikulam  (R.V)  And  (P)  Karadikulam  block  2  999.OVERSEAS ELECTORS,All  Voters,516,Dravida Munnetra Kazhagam,215,153,62,Tamilaga Vettri Kazhagam,1,3,4,2,7,12,7,7,12,5,12,12,12,12,12,12,6,7,12,12,7,12.01550387596899,10
21,280,82,6,0,0,0,0,82,0,0,0,0,0,0,1,4,1,1,0,0,1,458,0,1,459,0,Velayuthapuram,"Panchayat  Union  Primary  School,  North  Side
,  Velayuthapuram.","1.K.  Subramaniyapuram  (R.V)  And  (P)  K.  Subramaniyapuram  K. Velayuthapuram  Block  1  ,  2.K.  Subramaniyapuram  (R.V)  And  (P) Kalukasapuram  Block  2  ,  3.K.  Subramaniyapuram  (R.V)  And  (P) Vallinayakepuram  Block  3  ,  4.K.  Subramaniyapuram  (R.V)  And  (P) Jambulingapuram  Block  4  ,  999.OVERSEAS  ELECTORS",All  Voters,458,All India Anna Dravida Munnetra Kazhagam,280,82,198,Dravida Munnetra Kazhagam,2,1,4,2,10,10,10,10,10,10,10,10,10,10,6,5,6,6,10,10,6,43.23144104803494,8
22,401,141,14,0,0,0,0,179,0,0,0,0,0,0,0,0,0,1,0,0,0,736,0,2,738,0,Velayuthapuram,"Panchayat  Union  Primary  School  ,  South Side  ,  Velayuthapuram.","1.K.  Subramaniyapuram  (R.V)  And  (P)  Velayuthapuram  Block  5  , 999.OVERSEAS  ELECTORS",All  Voters,736,All India Anna Dravida Munnetra Kazhagam,401,179,222,Tamilaga Vettri Kazhagam,3,1,4,2,6,6,6,6,6,6,6,6,6,6,6,6,6,5,6,6,6,30.16304347826087,1
23,166,223,53,0,0,3,0,192,1,1,1,0,0,0,2,1,5,2,1,1,0,652,0,0,652,0,South  Kalugumalai,"Library,  South  Kalugumalai","1.Southkulugumalai  (t)  Southkulugumalai  block  1  , 2.SouthKulugumalai  (T)  SouthKulugumalai  Block  2  ,  999.OVERSEAS ELECTORS",All  Voters,652,Dravida Munnetra Kazhagam,223,192,31,Tamilaga Vettri Kazhagam,1,3,4,2,15,15,6,15,9,9,9,15,15,15,7,9,5,7,9,9,15,4.754601226993866,14
24,87,363,39,4,0,4,3,240,0,0,0,0,1,1,0,5,3,1,1,0,0,752,0,2,754,0,South  Kalugumalai,"Panchayat  Union  Primary  School  ,  South Portion  ,  South  Kalugumalai.","1.Southkulugumalai  (t)  Thulukkpatti  Block  3  ,  2.South  Kulugumalai  (T) Thulukkapatti  Block  4  ,  999.OVERSEAS  ELECTORS",All  Voters,752,Dravida Munnetra Kazhagam,363,240,123,Tamilaga Vettri Kazhagam,1,3,4,2,6,14,6,8,14,14,14,14,10,10,14,5,8,10,10,14,14,16.35638297872341,12
25,255,236,41,1,0,0,1,207,1,7,0,2,0,1,4,3,2,1,0,0,1,763,0,4,767,0,"Community  Hall, Kalankaraipatti","Community  Hall,  Kalankaraipatti.","1.Kalangaraipatti  (p)  Kalangaraipatti  block  1  ,  2.Kalangaraipatti  (P) Kchilapuram  Block  2  ,  999.OVERSEAS  ELECTORS",All  Voters,763,All India Anna Dravida Munnetra Kazhagam,255,236,19,Dravida Munnetra Kazhagam,2,1,4,3,10,16,16,10,10,5,16,8,16,10,6,7,8,10,16,16,10,2.490170380078637,21
26,125,191,33,1,0,4,2,163,0,0,0,0,11,1,2,2,4,2,0,0,1,542,0,3,545,0,Vanaramutti,"Saral  Tucker  College  Branch  Primary  School, East  Side  ,
Vanaramutti.","1.Vanaramutti  (R.V)  And  (P)  Vanaramutti  Block  1  ,  999.OVERSEAS ELECTORS",All  Voters,542,Dravida Munnetra Kazhagam,191,163,28,Tamilaga Vettri Kazhagam,1,3,4,2,12,15,6,8,15,15,15,15,5,12,8,8,6,8,15,15,12,5.166051660516605,23
27,219,285,69,3,0,5,1,316,2,2,0,0,3,1,0,2,1,1,0,1,0,911,0,1,912,0,Vanaramutti,"Saral  Tucker  College  Branch  Primary  School
,  West  Side  , Vanaramutti.","1.Vanaramutti  (R.V)  And  (P)  Vanaramutti  Block  2  ,  2.Vanaramutti  (R.V) And  (P)  Vanaramutti  Block  3  ,  999.OVERSEAS  ELECTORS",All  Voters,911,Tamilaga Vettri Kazhagam,316,285,31,Dravida Munnetra Kazhagam,2,3,4,1,6,16,5,11,8,8,16,16,6,11,16,8,11,11,16,11,16,3.402854006586169,11
28,90,125,38,0,0,2,3,176,0,5,1,0,0,1,0,1,0,0,0,0,0,442,0,4,446,0,Vanaramutti,"Saral  Tucker  College  Branch  Primary  School
,  North-West  Side  ,  Vanaramutti.","1.Vanaramutti  (R.V)  And  (P)  South  Street  Block  5  ,  2.Vanaramutti  (R.V) And  (P)  Main  Road  Block  5  ,  999.OVERSEAS  ELECTORS",All  Voters,442,Tamilaga Vettri Kazhagam,176,125,51,Dravida Munnetra Kazhagam,2,3,4,1,11,11,7,6,11,5,8,11,11,8,11,8,11,11,11,11,11,11.53846153846154,8
29,102,199,46,0,0,2,0,180,2,3,0,0,0,1,3,0,1,2,0,0,0,541,0,0,541,0,Vanaramutti,"Saral  Tucker  College  Branch  Primary  School, South-East  Side  ,  Vanaramutti.","1.Vanaramutti  (R.V)  And  (P)  Poomariamman  Kovil  Street  BLock  4  ,
2.Vanaramutti  (R.V)  And  (P)  R.V.Raman  Nagar  Block  4  ,  999.OVERSEAS ELECTORS",All  Voters,541,Dravida Munnetra Kazhagam,199,180,19,Tamilaga Vettri Kazhagam,1,3,4,2,12,12,7,12,7,5,12,12,12,10,5,12,10,7,12,12,12,3.512014787430684,10
30,208,148,74,0,0,0,0,83,0,26,0,2,1,1,1,2,2,2,2,0,0,552,0,2,554,0,Vanaramutti,"Govt  Hr.Sec.  School  ,  East  Building  , Vanaramutti.","1.Vanaramutti  (R.V)  And  (P)  Kallurani  block  5  ,  2.Vanaramutti  (R.V)  And
(P)  Muthusamypuram  Block  7  ,  999.OVERSEAS  ELECTORS",All  Voters,552,All India Anna Dravida Munnetra Kazhagam,208,148,60,Dravida Munnetra Kazhagam,2,1,4,3,14,14,14,14,14,5,14,6,11,11,11,6,6,6,6,14,14,10.8695652173913,39
31,149,257,89,1,1,1,0,168,2,22,0,0,1,0,3,2,2,1,0,0,1,700,0,3,703,0,Vanaramutti,"Govt  Hr.Sec.  School,  West  Building
,Vanaramutti.","1.Vanaramutti  (R.V)  And  (P)  Ramalingapuram  West  Street  Block  8  ,
2.Vanaramutti  (R.V)  And  (P)  Ramalingapuram  Colony  Street  Block  8  , 999.OVERSEAS  ELECTORS",All  Voters,700,Dravida Munnetra Kazhagam,257,168,89,Tamilaga Vettri Kazhagam,1,3,4,2,10,10,10,16,7,5,16,16,10,16,6,7,7,10,16,16,10,12.71428571428571,32
32,286,180,25,0,0,0,2,236,0,0,0,0,0,2,0,2,0,1,0,0,1,735,0,2,737,0,Kumarettiyapuram,"S.  Thayammal  Memorial  Primary  School  , North  Side  ,  Kumarettiyapuram.","1.Kumareddiyapuram  (R.V)  And  (P)  Kumareddiyapuram  block  1  , 2.Kumareddiyapuram  (R.V)  And  (P)  Veiulukandapuram  Block  2  , 999.OVERSEAS  ELECTORS",All  Voters,735,All India Anna Dravida Munnetra Kazhagam,286,236,50,Tamilaga Vettri Kazhagam,3,1,4,2,10,10,10,5,10,10,10,10,10,5,10,5,10,8,10,10,8,6.802721088435375,6
33,111,128,14,0,1,0,0,84,0,1,0,0,0,0,0,0,1,6,0,0,1,347,0,2,349,0,Sankaralinga puram  Kumarettiya puram,"Panchayat  Union  Primary  School, Sankaralingapuram  Kumarettiyapuram.","1.Kumareddiyapuram  (R.V)  And  (P)  Sankaralingapuram  Block  3  , 999.OVERSEAS  ELECTORS",All  Voters,347,Dravida Munnetra Kazhagam,128,111,17,All India Anna Dravida Munnetra Kazhagam,1,2,4,3,10,6,10,10,10,6,10,10,10,10,10,10,6,5,10,10,6,4.899135446685879,9
34,343,209,33,0,0,1,0,221,0,7,1,0,1,2,0,2,2,4,1,1,0,828,0,3,831,0,Kalampatti,"Govt  High  School,  Main  Building  , Kalampatti.","1.Kalampatti  (R.V)  And  (P)  West  street  block  1  ,  2.Kalampatti  (R.V)  And  (P) Middle  Street  Block  1  ,  3.Kalampatti  (R.V)  And  (P)  North  Street  Block  2  ,
4.Kalampatti  (R.V)  And  (P)  East  Street  Block  2  ,  5.Kalampatti  (R.V)  And  (P) South  Street  Block  2  ,  6.Kalampatti  (R.V)  And  (P)  Nachiyarpatti  Naickar
Street  Block  3  ,  7.Kalampatti  (R.V)  And  (P)  Nachiyarpatti  East  Street Block  3  ,  8.Kalampatti  (R.V)  And  (P)  Balakrishnapuram  ,  9.Kalampatti
(R.V)  And  (P)  Azhagappapuram  ,  999.OVERSEAS  ELECTORS",All  Voters,828,All India Anna Dravida Munnetra Kazhagam,343,221,122,Tamilaga Vettri Kazhagam,3,1,4,2,15,15,10,15,15,5,10,15,10,7,15,7,7,6,10,10,15,14.73429951690821,21
35,160,281,28,0,0,0,1,289,0,2,0,0,0,0,2,2,6,4,0,1,0,776,0,2,778,0,Kattarankulam,"R.C.Primary  School  ,  Main  Building  , Kattarankulam.","1.Kattarankulam  (R.V)And  (P)  Chekkadi  street  Block  1  ,  2.Kattarankulam (R.V)  And  (P)  Muthuthalamman  Kovil  Street  Block  1  ,  3.Kattarankulam
(R.V)  And  (P)  East  Street  Block  1  ,  4.Kattarangkulam  (R.V)  And  (P) Chettiar  street  Block  1  ,  5.Kattarankulam  (R.V)  And  (P)  North  Street  Block 1  ,  6.Kattarankulam  (R.V)  And  (P)  South  Colony  Block  1  , 7.Kattarankulam  (R.V)  And  (P)  North  Colony  Block  1  ,  8.Kattarankulam
(R.V)  And  (P)  Nadar  Street  Block  2  ,  9.Kattarankulam  (R.V)  And  (P)  Middle Street  Block  2  ,  10.Kattarankulam  (R.V)  And  (P)  R.C.Street  Block  3  , 11.Kattarankulam  (R.V)  And  (P)  South  Street  Block  3  ,  12.Kattarankulam
(R.V)  And  (P)  Saravanapuram  Block  3  ,  999.OVERSEAS  ELECTORS",All  Voters,776,Tamilaga Vettri Kazhagam,289,281,8,Dravida Munnetra Kazhagam,2,3,4,1,12,12,12,10,12,7,12,12,12,12,7,7,5,6,12,10,12,1.030927835051546,17
36,126,191,25,1,0,1,1,183,0,2,0,1,0,1,0,0,2,3,0,0,1,538,0,2,540,0,Kattarankulam,"Community  Hall,  Kattarankulam.","1.Kattarankulam  (R.V)  And  (P)  Ahilandapuram  2.Kattarankulam  (R.V) And  (P)  Saravanpuram  ,
3.Kattarankulam  (R.V)  And  (P)  Kayatharu  ,
999.OVERSEAS  ELECTORS",All  Voters,538,Dravida Munnetra Kazhagam,191,183,8,Tamilaga Vettri Kazhagam,1,3,4,2,8,14,8,8,14,6,14,8,14,8,14,14,6,5,14,14,8,1.486988847583643,10
37,135,113,22,1,0,1,0,144,0,0,0,0,0,0,0,1,0,1,1,0,0,419,0,0,419,0,Pudhupatti,"Panchayat  Union  Primary  School, Pudhupatti","1.Kattarankulam  (R.V)  And  (P)  Avudaiammalpuram  , 2.Kattarankulam  (R.V)  And  (P)  Pudhupatti  ,
3.  Kattarankulam  (R.V)  And  (P)  Ramnathapuram  ,
999.OVERSEAS  ELECTORS",All  Voters,419,Tamilaga Vettri Kazhagam,144,135,9,All India Anna Dravida Munnetra Kazhagam,3,2,4,1,5,10,5,10,10,10,10,10,10,10,10,5,10,5,5,10,10,2.147971360381861,3
38,176,203,22,0,0,5,2,158,0,6,0,0,0,0,2,2,4,3,0,0,1,584,0,1,585,0,Chithambarampatti,"Panchayat  Union  Primary  School,  East Building  East  Side,  Chithambarampatti.","1.Chidambarampatti  (R.V)  And  (P)  Chidambarampatti  Block
2.Chidambarampatti  (R.V)  And  (P)  Chidambarampatti  Block  2  , 999.OVERSEAS  ELECTORS",All  Voters,584,Dravida Munnetra Kazhagam,203,176,27,All India Anna Dravida Munnetra Kazhagam,1,2,4,3,13,13,6,9,13,5,13,13,13,13,9,9,7,8,13,13,12,4.623287671232877,18
39,128,154,14,0,1,1,2,70,0,1,0,0,0,0,1,1,1,4,0,0,0,378,0,1,379,0,Chithambarampatti.,"Panchayat  Union  Primary  School,  West Building  West  Side,  Chithambarampatti.","1.Chidambarampatti  (R.V)  And  (P)  Chidambarampatti  Block  3  , 999.OVERSEAS  ELECTORS",All  Voters,378,Dravida Munnetra Kazhagam,154,128,26,All India Anna Dravida Munnetra Kazhagam,1,2,4,3,13,7,7,6,13,7,13,13,13,13,7,7,7,5,13,13,13,6.878306878306878,8
40,148,197,30,0,0,7,1,141,0,1,0,0,0,0,2,2,3,0,0,1,0,533,0,2,535,0,Chettikurchi,"Hindu  Nadar  Middle  School  ,  North  Side
,Chettikurchi.","1.Chettikurichi  (R.V)  And  (P)  North  street  Block  1  ,  2.Chettikurichi  (R.V) And  (P)  Mariamman  kovil  Street  Block  1  ,  3.Chettikurichi  (R.V)  And  (P) Middle  Street  Block  1  ,  4.Chettikurichi  (R.V)  And  (P)  Main  Street  Block  1  , 5.Chettikurichi  (R.V)  And  (P)  Nadar  Street  Block  1  ,  999.OVERSEAS ELECTORS",All  Voters,533,Dravida Munnetra Kazhagam,197,148,49,All India Anna Dravida Munnetra Kazhagam,1,2,4,3,12,12,5,9,12,9,12,12,12,12,7,7,6,12,12,9,12,9.193245778611631,9
41,89,222,38,1,1,2,2,136,2,3,1,1,1,0,3,3,0,1,0,0,0,506,0,0,506,0,Chettikurchi,"Hindu  Nadar  Middle  School  ,  East  Side  Old building  ,  Chettikurichi.","1.Chettikurichi  (R.V)  And  (P)  Muthukrishnan  Colony  Block  2  ,
2.Chettikurichi  (R.V)  And  (P)  East  Street  Block  2  ,  3.Chettikurichi  (R.V) And  (P)  Vedha  Kovil  Street  Block  2  ,  4.Chettikurichi  (R.V)  And  (P) Ramadass  Colony  Block  2  ,  5.Chettikurichi  (R.V)  And  (P)  South  Colony Block  2  ,  999.OVERSEAS  ELECTORS",All  Voters,506,Dravida Munnetra Kazhagam,222,136,86,Tamilaga Vettri Kazhagam,1,3,4,2,11,11,8,8,8,5,11,11,11,17,5,5,17,11,17,17,17,16.99604743083004,13
42,186,237,21,0,0,3,0,133,0,35,0,0,0,2,2,1,1,5,0,0,0,626,0,0,626,0,Therkku  Konnar Kottai,"St.  Marys  High  School  ,  Therkku  Konnar Kottai.","1.Chettikurichi  (R.V)  And  (P)  SouthKonarKottai  School  Street  , 2.Chettikurichi  (R.V)  And  (P)  SouthKonarKottai  Middle  Street  , 3.Chettikurichi  (R.V)  And  (P)  SouthKonarKottai  South  Street  , 4.Chettikurichi  (R.V)  And  (P)  SouthKonarKottai  West  Street  ,
5.Chettikurichi  (R.V)  And  (P)  SouthKonarKottai  Adi  dravedar  Colony  ,
999.OVERSEAS  ELECTORS",All  Voters,626,Dravida Munnetra Kazhagam,237,186,51,All India Anna Dravida Munnetra Kazhagam,1,2,5,3,12,12,7,12,12,4,12,12,12,8,8,10,10,6,12,12,12,8.146964856230031,46
43,145,246,37,1,1,2,0,122,0,145,1,0,2,4,1,1,1,2,0,0,0,711,0,3,714,0,"Vadakku Konarkottai,","Tamil  Baphist  Primary  School,  Vadakku Konarkottai.","1.Chettikurichi  (R.V)  And  (P)  North  konarkottai  North  street  Block  4  , 2.Chettikurichi  (R.V)  And  (P)  North  KonarKottai  Middle  Street  Block  4  , 3.Chettikurichi  (R.V)  And  (P)  North  KonarKottai  South  Street  Block  4  , 4.Chettikurichi  (R.V)  And  (P)  North  KonarKottai  West  Street  Block  4  , 5.Chettikurichi  (R.V)  And  (P)  North  KonarKottai  Adi  dravedar  Colony
Block  4  ,  6.Chettikurichi  (R.V)  And  (P)  Mancha  Nambi  kineru  pillaiar  kovil
street  Block  5  ,  999.OVERSEAS  ELECTORS",All  Voters,711,Dravida Munnetra Kazhagam,246,145,101,Independent,1,2,5,4,10,10,7,16,16,2,10,16,7,6,10,10,10,7,16,16,16,14.20534458509142,157
44,154,292,61,4,0,3,0,108,2,33,0,0,1,0,4,2,2,1,0,0,0,667,0,1,668,0,Thirumangalakuruc hi,"Adi-Dravidar  Welfare  High  School,  South side  building  ,  Thirumangalakurichi.","1.Thirumangalakurichi  (R.V)  And  (P)  Pillaiar  kovil  North  street  Block  1  , 2.Thirumangalakurichi  (R.V)  And  (P)  North  Street  Block  2  ,
3.Thirumangalakurichi  (R.V)  And  (P)  South  Street  Block  2  ,
999.OVERSEAS  ELECTORS",All  Voters,667,Dravida Munnetra Kazhagam,292,154,138,All India Anna Dravida Munnetra Kazhagam,1,2,4,3,6,14,8,14,9,5,14,14,12,14,6,9,9,12,14,14,14,20.68965517241379,43
45,91,419,39,2,0,3,0,160,0,28,0,0,0,0,0,0,1,0,0,0,0,743,0,1,744,0,Periyasamypuram,"Panchayat  Union  Primary  School  , Periyasamypuram.","1.Thirumangalakurichi  (R.V)  And  (P)  Periasamiapuram  Block  3  , 2.Thirumangalakurichi  (R.V)  And  (P)  Pallankulam,  3.
Thirumangalakurichi  (R.V)  And  (P)  Moortheeswarapuram  North  street Block  5,  4.Thirumangalakurichi  (R.V)  And  (P)  Moortheeswarapuram  block
5,  999.OVERSEAS  ELECTORS",All  Voters,743,Dravida Munnetra Kazhagam,419,160,259,Tamilaga Vettri Kazhagam,1,3,4,2,7,9,6,9,9,5,9,9,9,9,9,9,8,9,9,9,9,34.85868102288022,29
46,106,227,40,0,1,3,0,69,0,20,0,0,0,0,3,0,0,0,0,0,0,469,0,0,469,0,Olaikulam,"Panchayat  Union  Primary  School  ,Olaikulam.","1.Thirumangalakurichi  (R.V)  And  (P)  Kanganakineru  Block  6  ,
2.Thirumangalakurichi  (R.V)  And  (P)  Olaikulam  (North  side)  Block  7  , 3.Thirumangalakurichi  (R.V)  And  (P)  Olaikulam  (South  side)  Block  8  , 999.OVERSEAS  ELECTORS",All  Voters,469,Dravida Munnetra Kazhagam,227,106,121,All India Anna Dravida Munnetra Kazhagam,1,2,4,3,9,8,6,9,9,5,9,9,9,9,6,9,9,9,9,9,9,25.79957356076759,23
47,59,538,24,0,0,11,2,80,0,1,0,2,0,1,4,1,0,2,0,0,0,725,0,3,728,0,Vellalankottai,"R.C.  Middle  School  ,  North  Side  , Vellalankottai.","1.Vellalankottai  (R.V)  And  (P)  Vellalankottai  East  street  Block  1  ,
2.Vellalankottai  (R.V)  And  (P)  Vellalankottai  Middle  Street  Block  2  ,
3.Vellalan  kottaiah  (R.V)  And  (P)  Vellalan  kottaiah  South  Street  Block  3  ,
4.Vellalan  kottai  (R.V)  And  (P)  Vellalan  kottai  West  Street  Block  4  , 999.OVERSEAS  ELECTORS",All  Voters,725,Dravida Munnetra Kazhagam,538,80,458,Tamilaga Vettri Kazhagam,1,3,4,2,13,13,5,7,13,10,13,7,13,10,6,10,13,7,13,13,13,63.17241379310344,11
48,97,237,56,3,0,5,0,81,0,8,0,0,0,1,1,1,1,2,3,0,0,496,0,0,496,0,Vellalankottai,"R.C.Middle  School,  South  Side  , Vellalankottai.","1.Vellalankottai  (R.V)  And  (P)  Suriyaminukkan  Middle  street  Block  5  , 2.Vellalankottai  (R.V)  And  (P)  Suriyamenukkan  South  Street  Block  6  , 3.Vellalankottai  (R.V)  And  (P)  Maruthappapuram  Block  7  ,  4.Vellalan kottai  (R.V)  And  (P)  Valasalpatti  Block  8  ,  999.OVERSEAS  ELECTORS",All  Voters,496,Dravida Munnetra Kazhagam,237,97,140,All India Anna Dravida Munnetra Kazhagam,1,2,4,3,7,14,6,14,14,5,14,14,14,10,10,10,10,9,7,14,14,28.22580645161291,17
49,366,193,83,0,1,2,2,169,1,1,0,1,2,4,4,9,4,1,0,2,1,846,0,1,847,0,Vadakku llanthaikulam,"Panchayat  Union  Primary  School  ,  North Side  ,  Vadakku  llanthaikulam.","1.Vadakku  elanthaikulam  (p)  Block  1  ,  2.Vadakku  Elanthaikulam  (P) Block  2  ,  999.OVERSEAS  ELECTORS",All  Voters,846,All India Anna Dravida Munnetra Kazhagam,366,193,173,Dravida Munnetra Kazhagam,2,1,4,3,19,13,9,9,13,13,19,13,9,6,6,5,6,13,19,9,13,20.44917257683215,29
50,272,233,71,0,0,1,0,121,0,2,0,0,0,2,3,4,3,1,1,0,1,715,0,2,717,0,Vadakku Ilanthaikulam,"Panchayat  Union  Primery  School  ,  South Side  ,  Vadakku  Ilanthaikulam.","1.Vadakku  elanthaikulam  (p)  Block  3  ,  2.Vadakku  Elanthaikulam  (P) Block  4  ,  999.OVERSEAS  ELECTORS",All  Voters,715,All India Anna Dravida Munnetra Kazhagam,272,233,39,Dravida Munnetra Kazhagam,2,1,4,3,14,14,10,14,14,8,14,14,14,8,6,5,6,10,10,14,10,5.454545454545454,17
51,118,293,46,1,0,6,0,125,1,1,0,4,0,2,2,0,4,7,1,0,1,612,0,5,617,0,Panikkarkulam,"Panchayat  Union  primary  School,  East  Side  , Panikkarkulam.","1.Panikkarkulam  (R.V)  And  (P)  Panikkarkulam  Block  1  ,  2.Panikkarkulam (R.V)  And  (P)  Erandampuli  Ramanathepuram  Block  2  ,  999.OVERSEAS ELECTORS",All  Voters,612,Dravida Munnetra Kazhagam,293,125,168,Tamilaga Vettri Kazhagam,1,3,4,2,11,16,6,16,11,11,16,7,16,9,9,16,7,5,11,16,11,27.45098039215686,22
52,122,331,31,1,0,1,4,192,2,1,2,3,3,2,4,4,1,2,0,1,0,707,0,2,709,0,Nagalapuram,"Panchayat  Union  Middle  School,  West  Side  , Nagalapuram.","1.Panikkarkulam  (R.V)  And  (P)  Nagalapuram  Block  3  ,  999.OVERSEAS ELECTORS",All  Voters,707,Dravida Munnetra Kazhagam,331,192,139,Tamilaga Vettri Kazhagam,1,3,4,2,14,19,14,5,10,14,10,8,8,10,5,5,14,10,19,14,19,19.66053748231966,23
53,166,251,75,1,0,8,0,229,1,2,0,1,1,7,4,2,0,0,1,0,0,749,0,1,750,0,Ayyanaroothu,"Panchayat  Union  Primary  School  ,  North East  Side  ,  Ayyanaroothu.","1.Ayyanaroothu  (R.V)  And  (P)  North  street  Block  1  ,  999.OVERSEAS ELECTORS",All  Voters,749,Dravida Munnetra Kazhagam,251,229,22,Tamilaga Vettri Kazhagam,1,3,4,2,10,15,5,15,10,8,15,10,10,6,7,8,15,15,10,15,15,2.937249666221629,18
54,95,211,26,0,0,2,2,141,2,0,1,1,2,1,5,4,2,3,0,0,0,498,0,3,501,0,Ayyanaroothu,"Panchayat  Union  Primary  School  ,  Middle Portion  ,  Ayyanaroothu.","1.Ayyanaroothu  (R.V)  And  (P)  Sandhi  street  Block  2  ,  2.Ayyanaroothu (R.V)  And  (P)  South  Street  Block  3  ,  999.OVERSEAS  ELECTORS",All  Voters,498,Dravida Munnetra Kazhagam,211,141,70,Tamilaga Vettri Kazhagam,1,3,4,2,16,16,8,8,8,16,13,13,8,13,5,6,8,7,16,16,16,14.05622489959839,19
55,88,335,35,0,0,5,0,104,0,0,0,1,1,2,3,3,2,4,0,0,3,586,0,1,587,0,Ayyanaroothu,"Panchayat  Union  Primary  School,  South Portion  ,  Ayyanaroothu.","1.Ayyanaroothu  (R.V)  And  (P)  Middle  street  Block  4  ,  2.Ayyanaroothu (R.V)  And  (P)  A.Kuppanapuram  Block  6  ,  999.OVERSEAS  ELECTORS",All  Voters,586,Dravida Munnetra Kazhagam,335,104,231,Tamilaga Vettri Kazhagam,1,3,4,2,14,14,5,14,14,14,14,12,12,10,7,7,10,6,14,14,7,39.419795221843,19
56,46,497,31,0,0,1,1,56,1,0,0,0,0,0,1,0,1,4,0,0,1,640,0,2,642,0,Ayyanaroothu,"Panchayat  Union  Primary  School,  South West  Portion,  Ayyanaroothu.","1.Ayyanaroothu  (R.V)  And  (P)  Pallivasal  Street  Block  5  ,  2.Ayyanaroothu (R.V)  And  (P)  Indhira  Nagar  Street  Block  7  ,  999.OVERSEAS  ELECTORS",All  Voters,640,Dravida Munnetra Kazhagam,497,56,441,Tamilaga Vettri Kazhagam,1,3,4,2,12,12,6,6,6,12,12,12,12,12,6,12,6,5,12,12,6,68.90625,7
57,199,298,29,0,0,2,3,89,0,1,0,1,0,2,1,7,0,1,0,0,2,635,0,1,636,0,USillankulam,"Panchayat  Union  Primary  School  ,  New Building  ,  USillankulam.","1.Ucilankulam  (R.V)  And  (P)  Single  Houses  Street  Block  1  ,  2.Ucilankulam (R.V)  And  (P)  North  Street  Block  2  ,  3.Uchilankulam  (R.V)  And  (P)  South
Street  Block  2  ,  999.OVERSEAS  ELECTORS",All  Voters,635,Dravida Munnetra Kazhagam,298,199,99,All India Anna Dravida Munnetra Kazhagam,1,2,4,3,14,14,7,6,14,10,14,10,14,7,10,5,14,10,14,14,7,15.59055118110236,15
58,66,236,40,1,0,0,1,143,0,61,0,1,0,4,2,1,0,3,0,0,0,559,0,3,562,0,Manankathan,"Panchyat  Union  Primary  School,SSA Building  North  Portion  ,  Manankathan.","1.Therku  Elanthaikulam  (R.V)  And  (P)  Manankathan  Block  7  ,  2.Therku Elanthaikulam  (R.V)  And  (P)  Manankathan  Block  8  ,  999.OVERSEAS ELECTORS",All  Voters,559,Dravida Munnetra Kazhagam,236,143,93,Tamilaga Vettri Kazhagam,1,3,5,2,9,13,13,9,13,4,13,9,13,6,8,9,13,7,13,13,13,16.63685152057245,72
59,197,200,49,1,0,5,2,119,0,2,1,0,1,3,2,1,0,1,0,1,0,585,0,1,586,0,South Elanthaikulam,"Community  Hall  ,  South  Elanthaikulam.","1.Therku  elanthaikulam  (R.V)  And  (P)  Therku  Elanthaikulam  Block  1  , 999.OVERSEAS  ELECTORS",All  Voters,585,Dravida Munnetra Kazhagam,200,197,3,All India Anna Dravida Munnetra Kazhagam,1,2,4,3,10,16,5,7,16,7,10,16,10,6,7,10,16,10,16,10,16,0.5128205128205128,12
60,245,124,40,0,0,0,4,253,3,65,0,1,3,2,2,10,2,2,1,1,1,759,0,2,761,0,Aatthikulam,"Hindu  Primary  School,  South  Portion, Aathikulam","1.Therku  Elanthaikulam  (R.V)  And  (P)  Ramalingam  Block  3  2.Therku Elanthaikulam  (R.V)  And  (P)  Aathikulam  Block  4  ,  3.Therku Elanthaikulam  (R.V)  And  (P)  Aathikulam  Block  5  ,  ,999.OVERSEAS ELECTORS",All  Voters,759,Tamilaga Vettri Kazhagam,253,245,8,All India Anna Dravida Munnetra Kazhagam,3,2,5,1,18,18,18,7,8,4,18,14,8,10,10,6,10,10,14,14,14,1.054018445322793,90
61,76,156,24,0,0,0,0,69,0,21,1,1,1,2,0,1,0,0,0,0,0,352,0,1,353,0,Kammapatti,"Panchayat  Union  Primary  School,  Main Building,  Kammapatti.","1.Therku  Elanthaikulam  (R.V)  And  (P)  Kammapatti  Block  2  , 999.OVERSEAS  ELECTORS",All  Voters,352,Dravida Munnetra Kazhagam,156,76,80,All India Anna Dravida Munnetra Kazhagam,1,2,4,3,11,11,11,11,11,5,7,7,7,6,11,7,11,11,11,11,11,22.72727272727273,27
62,322,88,17,1,0,2,2,142,1,11,1,0,0,3,1,0,4,0,0,1,1,597,0,0,597,0,Aatthikulam,"Hindu  Primary  School,  Aatthikulam.","1.Therku  Elanthaikulam  (R.V)  And  (P)  Aathikulam  Block  6  , 999.OVERSEAS  ELECTORS",All  Voters,597,All India Anna Dravida Munnetra Kazhagam,322,142,180,Tamilaga Vettri Kazhagam,3,1,4,2,10,16,8,8,10,5,10,16,16,7,10,16,6,16,16,10,10,30.15075376884422,22
63,169,121,33,0,0,2,1,111,0,160,1,0,0,4,0,0,0,0,0,0,0,602,0,0,602,0,Rajapudhukudi,"T.D.T.A..  Appasamy  Middle  School,  New Building  ,  Rajapudhukudi.","1.Rajapudhukudi  (R.V)  And  (P)  Rajapudhukudi  Block  1  ,  999.OVERSEAS ELECTORS",All  Voters,602,All India Anna Dravida Munnetra Kazhagam,169,160,9,Independent,3,1,5,4,10,10,7,8,10,2,8,10,10,6,10,10,10,10,10,10,10,1.495016611295681,165
64,98,95,23,0,0,1,1,108,0,197,1,0,0,3,0,2,0,1,0,0,2,532,0,0,532,0,Rajapudhukudi,"T.D.T.A..  Appasamy  Middle  School,  New Building  North,  Rajapudhukudi.","1.Rajapudhukudi  (R.V)  And  (P)  Rajapudhukudi  Block  2  ,  999.OVERSEAS ELECTORS",All  Voters,532,Independent,197,108,89,Tamilaga Vettri Kazhagam,4,3,5,2,13,13,9,9,13,1,9,13,13,6,13,7,13,9,13,13,7,16.72932330827068,206
65,223,214,56,1,0,9,0,203,1,69,0,0,0,0,0,1,0,0,1,0,1,779,0,4,783,0,Rajapudukudi,"T.D.T.A  Appasamy  Middle  School  ,  Old Building  ,  Rajapudukudi.","1.Sannathu  puthukudi  (R.V)  And  (P)  Sannathu  puthukudi  Block  1  ,
2.Sannathu  Puthukudi  (R.V)  And  (P)  Sannathu  Puthukudi  Block  2  ,
3.Sannathu  Puthukudi  (R.V)  And  (P)  Sannathu  Puthukudi  Block  3  ,
4.Sannathu  Puthukudi  (R.V)  And  (P)  Sannathu  Puthukudi  Block  4  ,
5.Sannathu  Puthukudi  (R.V)  And  (P)  Sannathu  Puthukudi  Block  5  , 999.OVERSEAS  ELECTORS",All  Voters,779,All India Anna Dravida Munnetra Kazhagam,223,214,9,Dravida Munnetra Kazhagam,2,1,5,3,7,12,6,12,7,4,12,12,12,12,12,7,12,12,7,12,7,1.155327342747112,72
66,52,202,25,0,0,3,1,134,1,182,0,0,0,3,1,3,2,0,0,0,0,609,0,7,616,0,Therkumayilodai,"Public  Library,  Therkumayilodai","1.Therkumaillodai  (R.V)  And  (P)  Therkumaillodai  Brlock  1  , 2.TherkuMaillodai  (R.V)  And  (P)  TherkuMaillodai  Block  2  , 999.OVERSEAS  ELECTORS",All  Voters,609,Dravida Munnetra Kazhagam,202,182,20,Independent,1,4,5,3,13,13,6,10,10,2,13,13,13,6,10,6,9,13,13,13,13,3.284072249589491,191
67,83,127,14,0,0,0,0,104,0,4,2,0,0,0,1,1,0,0,0,0,0,336,0,0,336,0,Therkumayilodai,"Community  Hall,  Therkumayilodai","1.TherkuMaillodai  (R.V)  And  (P)  VadakuMaillodai  Block  4  ,
2.TherkuMaillodai  (R.V)  And  (P)  Kailasapuram  Block  5  ,  999.OVERSEAS ELECTORS",All  Voters,336,Dravida Munnetra Kazhagam,127,104,23,Tamilaga Vettri Kazhagam,1,3,4,2,9,9,9,9,9,5,6,9,9,9,7,7,9,9,9,9,9,6.845238095238096,8
68,184,104,52,1,0,0,2,149,4,535,1,4,2,4,2,10,2,1,0,0,2,1059,0,0,1059,0,Thalaiyal-nadantha nkulam,"T.D.T.A.  Primary  School  , Thalaiyalnadanthankulam.","1.Therkumayelodai  (R.V)  And  (P)  Thalaial  nadanthankulam  Block  4  , 2.Therkumayelodai  (R.V)  And  (P)  Thalaial  Nadanthankulam  Block  5  , 999.OVERSEAS  ELECTORS",All  Voters,1059,Independent,535,184,351,All India Anna Dravida Munnetra Kazhagam,4,2,5,3,15,18,18,10,7,1,15,7,10,7,10,6,10,15,18,18,10,33.14447592067989,563
69,175,217,37,0,0,0,1,188,0,0,0,1,2,1,0,3,1,1,0,0,0,627,0,1,628,0,Kayathar,"R.C.  Primary  School,  Main  Building  East Side,  Kayathar.","1.Kayathar  (F.G.T.P)  Pillaiarkovil  street  ward  1  ,  2.Kayathar  (F.G.T.P) Sakthi  Vinayagar  Kovil  Street  ,  3.Kayathar  (F.G.T.P)  Indhira  Nagar  ,
4.Kayathar  (F.G.T.P)  KottaiPillaiar  Kovil  Street  Ward  2  ,  999.OVERSEAS
ELECTORS",All  Voters,627,Dravida Munnetra Kazhagam,217,188,29,Tamilaga Vettri Kazhagam,1,3,4,2,12,12,12,7,12,12,12,7,6,7,12,5,7,7,12,12,12,4.625199362041467,9
70,138,200,33,0,0,0,1,176,0,0,0,1,0,0,0,1,0,0,1,0,1,552,0,2,554,0,Kayathar,"R.C.  Primary  School,  Main  Building  West Side,  Kayathar.","1.Kayathar  (F.G.T.P)  Theyagaraja  Bhawather  Street  ,  2.Kayathar  (F.G.T.P) RajaKovil  Street  ,  3.Kayathar  (F.G.T.P)  LurdumathaKovil  Street  ,
4.Kayathar  (F.G.T.P)  Ambalavanar  Street  8  ,  5.Kayathar  (F.G.T.P) Sudalaimadan  Kovil  Street  Ward  ,  6.Kayathar  (F.G.T.P)  KatturajaStreet  ,
7.Kayathar  (F.G.T.P)  Upatheiyar  Kennatru  Theru  ,  8.Kayathar  (F.G.T.P) Kalaivanarstreet  ,  9.Kayathar  (F.G.T.P)  Kaliamman  Kovil  Street  ,
999.OVERSEAS  ELECTORS",All  Voters,552,Dravida Munnetra Kazhagam,200,176,24,Tamilaga Vettri Kazhagam,1,3,4,2,10,10,10,5,10,10,10,5,10,10,10,5,10,10,5,10,5,4.347826086956522,4
71,141,223,49,1,0,1,0,178,0,2,0,0,0,0,0,1,0,1,0,0,0,597,0,0,597,0,Kayathar,"R.C  Fathima  Primary  School,  South  Room  , Kayathar.","1.Kayathar  (F.G.T.P)  Chedambaranar  Street  ,  2.Kayathar  (F.G.T.P) Kanthariamman  Kovil  Street  ,  3.Kayathar  (F.G.T.P)  Subramaniyaswamy Kovil  Street  ,  4.Kayathar  (F.G.T.P)  Santhikenntru  Street  ,  5.Kayathar
(F.G.T.P)  Pudhukenatru  Street  ,  6.Kayathar  (F.G.T.P)  Karupasamy  Kovil
Street  Ward  6  ,999.OVERSEAS  ELECTORS",All  Voters,597,Dravida Munnetra Kazhagam,223,178,45,Tamilaga Vettri Kazhagam,1,3,4,2,6,10,6,10,10,5,10,10,10,10,10,6,10,6,10,10,10,7.537688442211055,4
72,218,187,40,0,0,0,0,150,0,0,0,0,0,0,0,1,2,0,0,0,0,598,0,3,601,0,Kayathar,"Panchyat  Union  Middle  School,  North Building  East  Room,  Kayathar.","1.Kayathar  (F.G.T.P)  Main  Road  Ward  5  ,  2.Kayathar  (F.G.T.P)  Hospital Road  ,  3.Kayathar  (F.G.T.P)  Kattabomman  Street  ,  4.Kayathar  (F.G.T.P) Kadamboor  KeelaMel  Street  ,  5.Kayathar  (F.G.T.P)  Police  line  ,  6.Kayathar (F.G.T.P)  Kadamboor  tenvadal  Street  ,  999.OVERSEAS  ELECTORS",All  Voters,598,All India Anna Dravida Munnetra Kazhagam,218,187,31,Dravida Munnetra Kazhagam,2,1,4,3,7,7,7,7,7,7,7,7,7,7,7,6,5,7,7,7,7,5.183946488294314,3
73,174,193,32,0,0,0,0,109,0,2,0,1,0,0,1,3,1,1,0,0,0,517,0,1,518,0,Kayathar,"Panchyat  Union  Middle  School,  North Building  west  Room,  Kayathar.","1.Kayathar  (F.G.T.P)  Bharathiar  Street  ,  2.Kayathar  (F.G.T.P)  Jawaherlal Street  ,  3.Kayathar  (F.G.T.P)  Kadamboor  Street  ,  4.Kayathar  (F.G.T.P) Sathiram  Ward  6  ,  5.Kayathar  (F.G.T.P)  Subregister  Office  Street  ,
6.Kayathar  (F.G.T.P)  Nanthavanathu  Kenatru  Street  ,  7.Kayathar
(F.G.T.P)  Mutharamman  Kovil  North  Street  ,  8.Kayathar  (F.G.T.P) Mutharamman  Kovil  Street  ,  999.OVERSEAS  ELECTORS",All  Voters,517,Dravida Munnetra Kazhagam,193,174,19,All India Anna Dravida Munnetra Kazhagam,1,2,4,3,11,11,11,11,11,6,11,7,11,11,7,5,7,7,11,11,11,3.67504835589942,9
74,296,154,32,1,0,1,2,125,0,1,0,0,0,0,1,4,4,1,0,1,0,623,0,4,627,0,Kayathar,"Panchyat  Union  Middle  School  ,  West Building  East  Room  ,  Kayathar.","1.Kayathar  (F.G.T.P)  Kanniamman  Kovil  Street  ,  2.Kayathar  (F.G.T.P) Mariamman  Kovil  Street  Ward  7  ,  3.Kayathar  (F.G.T.P)  Missan  Kovil
Street  ,  4.Kayathar  (F.G.T.P)  Vivekananthan  Street  ,  5.Kayathar  (F.G.T.P) Sekadi  Street  ,  6.Kayathar  (F.G.T.P)  Kalivanan  street  ,  999.OVERSEAS
ELECTORS",All  Voters,623,All India Anna Dravida Munnetra Kazhagam,296,154,142,Dravida Munnetra Kazhagam,2,1,4,3,8,14,8,7,14,8,14,14,14,14,8,5,5,8,14,8,14,22.79293739967897,12
75,44,422,14,0,1,0,0,75,0,0,0,0,0,0,0,0,3,0,0,0,0,559,0,0,559,0,Kayathar,"Panchayat  Union  Primary  School  ,  Main Building,  Uchi  makaliamman  kovil  street Kayathar.","1.Kayathar  (F.G.T.P)  Main  Road  Ward  10  ,
2.Kayathar  (F.G.T.P)  Umarupulavar  Street  Ward  10  ,
3.Kayathar  (F.G.T.P)  Uppuk  Kenatrutheru  Ward  10  ,
4.Kayathar  (F.G.T.P)  Main  Road  Ward  11  ,
5.Kayathar  (F.G.T.P)  SentamilStreet  Ward  11  ,
6.Kayathar  (F.G.T.P)  Aajath  Street  Ward  11  ,
7.Kayathar  (F.G.T.P)  Bhavalar  Street  Ward  11  ,
8.Kayathar  (F.G.T.P)  Ginna  STreet  Ward  11  , 999.OVERSEAS  ELECTORS",All  Voters,559,Dravida Munnetra Kazhagam,422,75,347,Tamilaga Vettri Kazhagam,1,3,4,2,7,6,7,7,7,7,7,7,7,7,7,7,5,7,7,7,7,62.07513416815742,3
76,40,382,19,0,0,0,0,44,0,0,0,1,0,0,0,1,0,1,0,0,0,488,0,0,488,0,Kayathar,Community  hall  Kayathar,"1.Kayathar  (F.G.T.P)  Main  Road  Ward  9  ,
2.Kayathar  (F.G.T.P)  Pallivasal  North  Street  ward  9  ,
3.Kayathar  (F.G.T.P)  Sathkathulla  Appa  Street  Ward  9  ,
4.Kayathar  (F.G.T.P)  Seethakkadi  Street  Ward  9  ,
5.Kayathar  (F.G.T.P)  Pallivasal  Nadu  Street  Ward  9  ,
6.Kayathar  (F.G.T.P)  Kajamohadin  Street  Ward  9  ,
7.Kayathar  (F.G.T.P)  Jaherhussian  Street  Ward  9  ,
8.Kayathar  (F.G.T.P)  Pallivasal  Melatheru  Ward  9  , 999.OVERSEAS  ELECTORS",All  Voters,488,Dravida Munnetra Kazhagam,382,44,338,Tamilaga Vettri Kazhagam,1,3,4,2,8,8,8,8,8,8,8,5,8,8,8,5,8,5,8,8,8,69.26229508196722,3
77,143,196,34,0,0,3,1,172,0,0,0,0,0,2,1,1,0,1,0,0,0,554,0,1,555,0,Kayathar,"Town  panchayat  Office  ,  Kadambur  main road  Kayathar.","1.Kayathar  (F.G.T.P)Ward  8  China  pillaiar  Kovil  Street  ,  2.Kayathar
(F.G.T.P)  Hospital  Road  ,  3.Kayathar  (F.G.T.P)  Ward  8  Aarokkamatha
Vadaku  Street  ,  4.Kayathar  (F.G.T.P)  Ward  8  AarokyaMathaKovil  Street  ,
5.Kayathar  (F.G.T.P)  Shanthana  Matha  Kovil  North  Street  ,  6.Kayathar (F.G.T.P)  Shanthana  MathaKovil  Street  ,  7.Kayathar  (F.G.T.P)  Ward  8 Muthuramalinganar  Street  ,  999.OVERSEAS  ELECTORS",All  Voters,554,Dravida Munnetra Kazhagam,196,172,24,Tamilaga Vettri Kazhagam,1,3,4,2,11,11,5,7,11,11,11,11,11,6,7,7,11,7,11,11,11,4.332129963898916,5
78,187,60,17,0,1,0,0,71,1,0,0,0,0,0,0,1,1,1,0,0,0,340,0,0,340,0,Arasankulam,"Panchyat  Union  Primary  School  ,  SSA Building  ,  Arasankulam.","8.Kayathar  (F.G.T.P)  ward  12  Arasan  kulam  ,  999.OVERSEAS  ELECTORS",All  Voters,340,All India Anna Dravida Munnetra Kazhagam,187,71,116,Tamilaga Vettri Kazhagam,3,1,4,2,10,5,10,10,5,10,10,10,10,10,10,5,5,5,10,10,10,34.11764705882353,3
79,205,296,54,1,0,0,1,298,0,4,1,1,0,2,3,3,0,1,0,0,2,872,0,1,873,0,Kayathar,"Panchyat  Union  Middle  School  ,  Southern Side  West  Room  1st  Hall  ,  Kayathar.","1.Kayathar  (F.G.T.P)  North  subramaniyapuram  ,  2.Kayathar  (F.G.T.P) Ward  12  Subramaniyapuram  South  ,  3.Kayathar  (F.G.T.P)  Rajiv  Nagar  , 999.OVERSEAS  ELECTORS",All  Voters,872,Tamilaga Vettri Kazhagam,298,296,2,Dravida Munnetra Kazhagam,2,3,4,1,10,15,15,10,15,5,10,10,15,8,6,6,15,10,15,15,8,0.2293577981651376,17
80,91,105,34,0,0,1,1,116,0,108,0,1,1,2,2,4,0,0,0,0,0,466,0,1,467,0,Kayathar,"Panchyat  Union  Middle  School  ,  Southern Side  Eastern  Building  ,  Kayathar.","1.Kayathar  (F.G.T.P)  Ward  12  North  Subramaniyapuram  Kalani  ,
2.Kayathar  (F.G.T.P)  Ward  12  Bharathinagar  ,  999.OVERSEAS ELECTORS",All  Voters,466,Tamilaga Vettri Kazhagam,116,108,8,Independent,3,4,5,1,13,13,9,9,13,2,13,9,9,7,7,6,13,13,13,13,13,1.716738197424893,118
81,120,51,41,0,0,0,1,67,0,60,0,0,0,0,0,0,0,0,0,0,0,340,0,0,340,0,Pudukottai,"Panchyat  Union  Primary  School  , Pudukottai.","1.Kayathar  (F.G.T.P)  Ward  12  Pudhukottai  ,  999.OVERSEAS  ELECTORS",All  Voters,340,All India Anna Dravida Munnetra Kazhagam,120,67,53,Tamilaga Vettri Kazhagam,4,1,5,2,7,7,7,6,7,3,7,7,7,7,7,7,7,7,7,7,7,15.58823529411765,60
82,250,348,109,2,0,1,1,223,0,6,0,0,0,1,2,0,3,3,2,0,0,951,0,1,952,0,Akilandapuram,"R.C.  Primary  School,  West  Side  , Akilandapuram.","1.Akilandapuram  (R.V)  And  (P)  Akilandapuram  Block  1  , 2.Akilandapuram  (R.V)  And  (P)  Akilandapuram  Block  2  , 3.Akilandapuram  (R.V)  And  (P)  Akilandapuram  Block  3  , 4.Akilandapuram  (P)  Akilandapuram  Block  4  ,  999.OVERSEAS ELECTORS",All  Voters,951,Dravida Munnetra Kazhagam,348,250,98,All India Anna Dravida Munnetra Kazhagam,1,2,4,3,8,14,11,11,14,5,14,14,14,11,8,14,6,6,8,14,14,10.3049421661409,17
83,194,243,40,0,0,1,0,128,1,14,0,0,0,0,1,1,1,1,0,0,0,625,0,1,626,0,Akilandapuram,"Mahalakshmi  Middle  School,  North  Block South  Side,  Akilandapuram.","1.Akilandapuram  (R.V)  And  (P)  Sathirapatti  5  ,  2.Akilandapuram  (R.V) And  (P)  Salaipudhur  Block  8  ,  999.OVERSEAS  ELECTORS",All  Voters,625,Dravida Munnetra Kazhagam,243,194,49,All India Anna Dravida Munnetra Kazhagam,1,2,4,3,12,12,6,12,6,5,12,12,12,12,6,6,6,6,12,12,12,7.84,18
84,156,202,34,0,0,1,1,75,1,3,0,0,0,0,1,1,2,1,0,0,0,478,0,0,478,0,Karisalkulam,"Govt  Primary  School,  (ADW),  Karisalkulam","1.Akilandapuram  (R.V)  And  (P)  Karisalkulam  Block  6  ,  2.Akilandapuram
(P)  Karisalkulam  Block  7  ,  999.OVERSEAS  ELECTORS",All  Voters,478,Dravida Munnetra Kazhagam,202,156,46,All India Anna Dravida Munnetra Kazhagam,1,2,4,3,13,13,7,7,7,5,13,13,13,13,7,7,6,7,13,13,13,9.623430962343097,8
85,238,170,42,0,0,3,1,156,0,8,1,0,2,0,1,4,0,0,0,0,0,626,0,1,627,0,Pannikulam,"R.C.  Middle  School,  Main  Building  , Pannikulam.","1.Pannikulam  (R.V)  And  (P)  Pannikulam  Block  1  ,  2.Pannikulam  (R.V) And  (P)  Pannikulam  Block  2  ,  999.OVERSEAS  ELECTORS",All  Voters,626,All India Anna Dravida Munnetra Kazhagam,238,170,68,Dravida Munnetra Kazhagam,2,1,4,3,12,12,7,9,12,5,9,12,8,12,9,6,12,12,12,12,12,10.86261980830671,16
86,254,198,41,1,0,1,1,158,0,19,0,0,0,0,0,0,0,0,0,0,0,673,0,1,674,0,Pannikulam,"R.C.  Middle  School,  South  side  New  Building
,  Pannikulam.","1.Pannikulam  (R.V)  And  (P)  Pannikulam  Block  3  ,  2.Pannikulam  (R.V) And  (P)  Pannikulam  Block  4  ,  999.OVERSEAS  ELECTORS",All  Voters,673,All India Anna Dravida Munnetra Kazhagam,254,198,56,Dravida Munnetra Kazhagam,2,1,4,3,6,9,6,6,9,5,9,9,9,9,9,9,9,9,9,9,9,8.320950965824665,19
87,219,117,36,2,0,0,0,87,0,14,0,1,0,1,1,2,2,0,0,0,0,482,0,1,483,0,Thirumalapuram,"Panchayat  Union  Primary  School  ,  North Side  ,  Thirumalapuram.","1.Thirumalapuram  (R.V)  And  (P)  Thirumalapuram  south  street  Block  1  , 2.Thirumalaipuram  (R.V)  And  (P)  Thirumalapuram  Middle  Street  Block  1  , 3.Thirumalapuram  (R.V)  And  (P)  Thirumalapuram  North  Street  Block  1  , 4.Thirumalapuram  (R.V)  And  (P)  Thirumalapuram  West  Street  Block  1  , 5.Thirumalapuram  (R.V)  And  (P)  Nouchikulam  Block  2  ,  999.OVERSEAS ELECTORS",All  Voters,482,All India Anna Dravida Munnetra Kazhagam,219,117,102,Dravida Munnetra Kazhagam,2,1,4,3,6,12,12,12,12,5,12,9,12,9,9,6,6,12,12,12,12,21.16182572614108,21
88,53,130,37,4,0,0,3,47,1,123,0,1,2,1,2,7,1,2,2,1,1,418,0,2,420,0,Kumaragiri,"Panchayat  Union  Middle  School  , Kumaragiri.","1.Kapulingampatti  (R.V)  And  (P)  Kumarageri  Block  3  ,  2.Kappulingampatti (R.V)  And  (P)  Avudaiammalpuram  Block  4  ,  999.OVERSEAS  ELECTORS",All  Voters,418,Dravida Munnetra Kazhagam,130,123,7,Independent,1,3,5,4,7,19,19,8,13,2,19,13,9,13,9,6,13,9,9,13,13,1.674641148325359,143
89,151,327,22,1,0,0,1,46,0,13,0,0,0,1,1,0,2,1,0,1,0,567,0,1,568,0,Kappulingampatti,"Panchayat  Union  Primary  School, Kappulingampatti","1.Kappulingampatti  (R.V)  And  (P)  Kappulingampatti  Block  3  , 2.Kappulingampatti  (R.V)  And  (P)  Kappulingampatti  Block  2  , 999.OVERSEAS  ELECTORS",All  Voters,567,Dravida Munnetra Kazhagam,327,151,176,All India Anna Dravida Munnetra Kazhagam,1,2,4,3,7,13,13,7,13,5,13,13,13,7,7,13,6,7,13,7,13,31.04056437389771,19
90,192,290,79,0,1,11,3,230,0,0,1,1,2,0,9,6,0,3,0,0,0,828,0,1,829,0,Savalaperi,"T.D.T.A  Primary  School,  Savalaperi.","1.Savalaperi  (R.V)  And  (P)  Savalaperi  Block  1  ,  2.Savalaperi  (R.V)  And  (P) Savalaperi  Block  2  ,  3.Savalaperi  (R.V)  And  (P)  Nagampatti  Block  3  , 999.OVERSEAS  ELECTORS",All  Voters,828,Dravida Munnetra Kazhagam,290,230,60,Tamilaga Vettri Kazhagam,1,3,4,2,14,11,5,8,14,14,11,11,10,14,6,7,14,8,14,14,14,7.246376811594203,22
91,221,193,11,1,0,0,0,98,1,0,2,1,1,0,0,8,5,1,0,1,0,544,0,0,544,0,Thalavaipuram Irupppu Gopalapuram,"Panchayat  Union  Primary  School  , Thalavaipuram  Irupppu  Gopalapuram.","1.Asoor  (R.V)  And  (P)  K.Gopalapuram  Block  1  ,  2.Asoor  (R.V)  And  (P) Sivanoor  Block  2  ,  3.Asoor  (R.V)  And  (P)  Asoor  Block  3  ,  999.OVERSEAS ELECTORS",All  Voters,544,All India Anna Dravida Munnetra Kazhagam,221,193,28,Dravida Munnetra Kazhagam,2,1,4,3,8,14,14,14,8,14,7,8,8,14,14,5,6,8,14,8,14,5.147058823529411,19
92,179,75,22,0,0,2,0,83,0,1,0,0,0,0,0,1,0,4,0,0,0,367,0,0,367,0,Sivagnanapuram,"Panchayat  Union  Primary  School, Sivagnanapuram.","1.Sivagnanapuram  (R.V)  And  (P)  Sivagnanapuram  Block  1  , 2.Sivagnanapuram  (R.V)  And  (P)  Sivagnanapuram  Block  2  , 999.OVERSEAS  ELECTORS",All  Voters,367,All India Anna Dravida Munnetra Kazhagam,179,83,96,Tamilaga Vettri Kazhagam,3,1,4,2,9,9,6,9,9,7,9,9,9,9,9,7,9,5,9,9,9,26.15803814713896,6
93,216,166,41,0,0,2,1,78,1,27,0,0,0,1,0,6,0,3,0,0,2,544,0,4,548,0,Vagaithavoor,"Panchayat  Union  Middle  School, Vagaithavoor.","1.Sivagnanapuram  (R.V)  And  (P)  Vakaithuoor  block  3  ,  2.Sivagnnapuram (R.V)  And  (P)  Senivelalapuram  Block  4  ,  3.Sivagnnapuram  (R.V)  And  (P) Chockendrapandiyapuram  Block  5  ,  4.Sivagnnapuram  (R.V)  And  (P) Vakaikulam  Block  6  ,  999.OVERSEAS  ELECTORS",All  Voters,544,All India Anna Dravida Munnetra Kazhagam,216,166,50,Dravida Munnetra Kazhagam,2,1,4,3,13,13,8,10,10,5,13,13,13,10,13,6,13,7,13,13,8,9.191176470588236,39
94,258,141,11,1,0,0,0,76,0,3,0,0,0,1,1,0,2,1,0,0,0,495,0,2,497,0,Chidmabarapuram,"Hindu  Primary  School,  Main  Building  North Side  ,  Chidmabarapuram.","1.Chedambarapuram  (p)  Chedambarapuram  block  1  , 2.Chedambarapuram  (P)  Chedambarapuram  Block  2  ,  OVERSEAS ELECTORS",All  Voters,495,All India Anna Dravida Munnetra Kazhagam,258,141,117,Dravida Munnetra Kazhagam,2,1,4,3,7,11,11,11,11,5,11,11,11,7,7,11,6,7,11,11,11,23.63636363636364,8
95,216,189,16,0,0,0,0,68,0,2,0,0,0,0,3,2,1,1,0,0,0,498,0,3,501,0,Chidmabarapuram,"Hindu  Primary  School,  Main  Building  South Side  ,  Chidmabarapuram.","1.Chedambarapuram  (P)  Chedambarapuram  Block  3  , 2.Chedambarapuram  (P)  Chedambarapuram  Block  4  ,  999.OVERSEAS ELECTORS",All  Voters,498,All India Anna Dravida Munnetra Kazhagam,216,189,27,Dravida Munnetra Kazhagam,2,1,4,3,10,10,10,10,10,6,10,10,10,10,5,6,8,8,10,10,10,5.421686746987952,9
96,273,313,69,2,0,0,4,266,0,11,0,3,2,2,5,6,4,5,0,0,1,966,0,5,971,0,Kadamboor,"K.A.R.M  Geroge  Middle  School,  East  Room, Kadambur.","1.Kadamboor  (S.P)  Bharathiveethiward  1  ,  2.Kadamboor  (S.P)
Bharathiveethi  sandu  1  ward  1  ,  3.Kadamboor  (S.P)  Bharathiveethi  sand 2  ward  1  ,  4.Kadamboor  (S.P)  Bharathiveethi  sandu  4  ward  1  , 5.Kadamboor  (S.P)  Bharathiveethi  sandu  3  ward  1  ,  6.Kadamboor  (S.P)
Bharathiveethi  sandu5  ward  1  ,  7.Kadamboor  (S.P)  Bharathiveethi  sandu 6  ward  1  ,  8.Kadamboor  (S.P)  Kumaran  Veethi  ward  2  ,  9.Kadamboor
(S.P)  Thangammalpuram  ward  2  ,  10.Kadamboor  (S.P)  Kaliamman
KovilStreet  ward  3  ,  11.Kadamboor  (S.P)  Kaliamman  KOvil  Street  3  Ward 2  ,  12.Kadamboor  (S.P)  Kaliamman  Kovil  Street  4  Ward  4  ,  13.Kadamboor (S.P)  Kaliamman  Kovil  Street  5  ward  4  ,  14.Kadamboor  (S.P)  Kaliamman Kovil  Street  6  ward  4  ,  15.Kadamboor  (S.P)  Kaliamman  Kovil  Sandu  1 ward  3  ,  16.Kadamboor  (S.P)  Kaliamman  kovil  sandu  2  ward  3  , 17.Kadamboor  (S.P)  Keelarathaveethi  ward  3  ,  18.Kadamboor  (S.P)
Keelarathaveethi  sandu  1  ward  3  ,  19.Kadamboor  (S.P)  Keelarathaveethi sand  2  ward  3  ,  20.Kadamboor  (S.P)  Railway  Station  Road  -  ward  4  , 21.Kadamboor  (S.P)  Vadakku  bazar  ward  4  ,  22.Kadamboor  (S.P)
Vadakkurathaveethi  ward  4  ,  23.Kadamboor  (S.P)  Central  bazhar  ward  5  , 24.Kadamboor  (S.P)  Sekkaditheru  ward  5  ,  25.Kadamboor  (S.P)
Keelarathavethei  ,  26.Kadamboor  (S.P)  Mariamman  Kovil  Nadutheru  ward 5  ,  27.Kadamboor  (S.P)  Keelarathaveethi  sandu  ward  5  ,  28.Kadamboor
(T)  Periyandawar  Koviltheru  ward  5  ,  29.Kadamboor  (s.p)  Kayathar  road ward  7  ,  30.Kadamboor  (S.P)  Garvei  Road  ward  7  ,  31.Kadamboor  (S.P)
Subregister  OfficeStreet  ward  7  ,  999.OVERSEAS  ELECTORS",All  Voters,966,Dravida Munnetra Kazhagam,313,273,40,All India Anna Dravida Munnetra Kazhagam,1,2,4,3,12,16,16,9,16,5,16,11,12,12,7,6,9,7,16,16,15,4.140786749482402,39
97,199,393,32,1,1,10,1,127,1,0,0,0,1,1,1,4,1,3,0,0,0,776,0,1,777,0,Kadamboor,"K.A.R.M  Geroge  Middle  School,  Central  Room
,  Kadampur.","1.Kadamboor  (S.P)  South  Bazhar  Ward  6  ,  2.Kadamboor  (S.P)
Therkurathaveethi  ward  6  ,  3.Kadamboor  (S.P)  Valluvar  Street  Ward  6  , 4.Kadamboor  (S.P)  NarayanasamyKovil  Street  Ward  6  ,  5.Kadamboor  (S.P) Kettaingei  Street  Ward  6  ,  6.Kadamboor  (S.P)  ManthiraMoorthiKovil  Street ward  10  ,  7.Kadamboor  (S.P)  Vellar  Street  Ward  8  ,  8.Kadamboor  (S.P) Karuppasamy  Kovil  Street  ward  9  ,  9.Kadamboor  (S.P)  AranmanaiStreet ward  9  ,  10.Kadamboor  (S.P)  Agragaram  Road  ward  9  ,  11.Kadamboor
(S.P)  MissonKovil  Street  Ward  10  ,  12.Kadamboor  (S.P)  Nadutheru  ward 10  ,  13.Kadamboor  (S.P)  Southustreet  ward  10  ,  999.OVERSEAS
ELECTORS  OVERSEAS  ELECTORS",All  Voters,776,Dravida Munnetra Kazhagam,393,199,194,All India Anna Dravida Munnetra Kazhagam,1,2,4,3,8,8,5,8,8,16,16,16,8,8,8,6,8,7,16,16,16,25.0,11
98,314,126,36,1,0,2,2,122,1,4,1,3,0,2,3,2,2,2,0,0,0,623,0,0,623,0,Kadamboor,"Hindu  Nadar  Hr.  Sec  School,  North  Building East  Side,  Kadamboor.","1.Kadamboor  (S.P)  Kattabommanveethi  Ward  11  ,  2.Kadamboor  (S.P)
V.O.C  ward  11  ,  3.Kadamboor  (S.P)  ThilagarVethi  Ward  11  ,  4.Kadamboor (S.P)  Nehru  Veethi  Ward  12  ,  5.Kadamboor  (S.P)  Bharathiveethi  Ward  12  , 6.Kadamboor  (S.P)  Gandhi  Veethi  Ward  12  ,  7.Kadamboor  (S.P)
Sankaraperi  Kalani  Ward  12  ,  8.Kadamboor  (S.P)  Arumuganagar  Kalani Ward  12  ,  9.Kadamboor  (S.P)  Sankaraperi  Pudhukalani  Ward  12  , 10.Kadamboor  (S.P)  Perumal  Kovil  Street  Ward  12  ,  999.OVERSEAS
ELECTORS",All  Voters,623,All India Anna Dravida Munnetra Kazhagam,314,126,188,Dravida Munnetra Kazhagam,2,1,4,3,14,17,8,8,14,5,14,6,17,8,6,8,8,8,17,17,17,30.17656500802568,19
99,159,295,20,0,0,1,0,106,0,6,0,1,0,0,3,1,1,3,0,0,1,597,0,0,597,0,Kuppanapuram,"Panchayat  Union  Primary  School,  Main Building  ,  Kuppanapuram.","1.Kuppanapuram  (R.V)  And  (P)  Kuppanapuram  Block  1  , 2.Kuppanapuram  (R.V)  And  (P)  Kuppanapuram  Block  2  , 3.Kuppanapuram  (R.V)  And  (P)  Chokkalingapuram  Block  5  , 999.OVERSEAS  ELECTORS",All  Voters,597,Dravida Munnetra Kazhagam,295,159,136,All India Anna Dravida Munnetra Kazhagam,1,2,4,3,13,13,8,13,13,5,13,8,13,13,6,8,8,6,13,13,8,22.78056951423785,16
100,152,128,21,0,0,0,0,91,1,14,0,0,0,0,4,3,3,1,0,0,0,418,0,0,418,0,Ottadanpatti,"Panchayat  Union  Primary  School, Ottudanpatti.","1.Kuppanapuram  (R.V)  And  (P)  Ottudanpatti  Block  4  ,  2.Kuppanapuram (R.V)  And(P)  Mummalaipatti  Block  3  ,  999.OVERSEAS  ELECTORS",All  Voters,418,All India Anna Dravida Munnetra Kazhagam,152,128,24,Dravida Munnetra Kazhagam,2,1,4,3,11,11,11,11,9,5,11,11,11,11,6,7,7,9,11,11,11,5.741626794258373,25
101,270,229,44,6,2,0,2,203,0,7,1,0,0,1,2,1,3,2,0,1,1,775,0,2,777,0,Kalugasalapuram,"Panchayat  Union  Primary School,Kalugasalapuram.","1.Kurumalai  (R.V)  And  (P)  Kalukasapuram  Block  9  ,  2.Kurumalai  (R.V) And  (P)  Kalukasapuram  (Kelur)  Block  10  ,  3.Kurumalai  (R.V)  And  (P) Ketcilapuram  Keelapudhur  Block  11  ,  4.Kurumalai  (R.V)  And  (P) Ketchilapuram  Melapudhur  Block  12  ,  5.Kurumalai  (R.V)  And  (P) Ketchilapuram  Block  13  ,  6.Kurumalai  (R.V)  And  (P)  Melaparapatti  Block 14  ,  7.Kurumalai  (R.V)  And  (P)  Keelaparaipatti  Block  15  ,  999.OVERSEAS ELECTORS",All  Voters,775,All India Anna Dravida Munnetra Kazhagam,270,229,41,Dravida Munnetra Kazhagam,2,1,4,3,6,8,17,8,17,5,12,17,17,12,8,12,7,8,17,12,12,5.290322580645161,19
102,276,324,51,7,1,2,3,236,0,7,0,0,0,0,3,2,0,2,1,0,1,916,0,5,921,0,Venkateswarapura m,"Panchayat  Union  Middle  School, Venkateswarapuram.","1.Venkateswarapuram  (R.V)  And  (P)  Kurumalai  Block  1  , 2.Venkateswarapuram  (R.V)  And  (P)  Kurumalai  (V.P.Singh  Nagar)  Block  2
,  3.Venkateswarapuram  (R.V)  And  (P)  Kurumalai  (Arunthathiyer  Colony) Block  3  ,  4.Venkateswarapuram  (R.V)  And  (P)  Venkateswarapuram  Block 4  ,  5.Venkateswarapuram  (R.V)  And  (P)  Venkateswarapuram  (North
Street)  Block  5  ,  6.Venkateswarapuram  (R.V)  And  (P)  Venkateswarapuram Colony  Block  6  ,  7.Venkateswarapuram  (R.V)  And  (P) K.Sundaraeshwarapuram  Block  7  ,  8.Venkateswarapuram  (R.V)  And  (P)
Kammapatti  Block  8  ,  999.OVERSEAS  ELECTORS",All  Voters,916,Dravida Munnetra Kazhagam,324,276,48,All India Anna Dravida Munnetra Kazhagam,1,2,4,3,5,12,9,7,15,5,15,15,15,15,7,9,15,9,12,15,12,5.240174672489083,16
103,471,113,23,1,0,0,1,112,1,0,0,0,0,0,1,7,6,6,1,0,0,743,0,1,744,0,Villiseri,"Panchayat  Union  Primary  School,  North Building  ,  Villiseri-1.","1.Villichery  (R.V)  And  (P)  Perumal  Kovil  Street  Block  1  ,  2.Villichery(R.V) And  (P)  Muthalammankovil  Street  Block2  ,  3.Villichery  (R.V)  And  (P) PathirakaliammankovilStreetBlock2  ,  999.OVERSEAS  ELECTORS",All  Voters,743,All India Anna Dravida Munnetra Kazhagam,471,113,358,Dravida Munnetra Kazhagam,2,1,4,3,8,13,13,8,8,13,13,13,13,13,8,5,6,6,8,13,13,48.18304172274562,21
104,410,58,3,0,0,0,0,61,0,1,0,0,0,0,0,2,1,13,0,0,3,552,0,1,553,0,Villiseri,"Panchayat  Union  Primary  School,  Middle Building,  Villiseri-1.","1.Villichery  (R.V)  And  (P)  EX,VM,OTH,STREETBlock3  ,  2.Villichery  (R.V) And  (P)  Eaststreet  Block4  ,  3.Villichery(R.V)  And  (P) PalpannaiStreetBlock4  ,  4.Villichery  (R.V)  And  (P)  East  Pudhu  Street Block4  ,  999.OVERSEAS  ELECTORS",All  Voters,552,All India Anna Dravida Munnetra Kazhagam,410,61,349,Tamilaga Vettri Kazhagam,3,1,5,2,10,10,10,10,10,8,10,10,10,10,10,7,8,4,10,10,5,63.22463768115942,20
105,276,324,47,0,2,3,0,201,0,10,0,0,0,1,0,1,1,10,1,0,1,878,0,2,880,0,Villiseri,"Panchayat  Union  Primary  School,  South Building  ,
Villiseri-1.","1.Villichery  (R.V)  And  (P)  R.C.  Street  Block  5  ,  2.Villichery  (R.V)  And  (P) East  Colony  Block  5  ,  3.Villichery  (R.V)  And  (P)  Middle  Colony  Block  5  , 4.Villichery  (R.V)  And  (P)  West  Colony  Block  5  ,  5.Villichery  (R.V)  And  (P) Meithalaivanpatti  Block  6  ,  999.OVERSEAS  ELECTORS",All  Voters,878,Dravida Munnetra Kazhagam,324,276,48,All India Anna Dravida Munnetra Kazhagam,1,2,4,3,14,8,7,14,14,5,14,14,14,9,14,9,9,5,9,14,9,5.466970387243736,25
106,201,173,13,0,0,0,0,116,0,0,0,0,0,0,0,0,1,1,0,0,1,506,0,2,508,0,Chathirapatti,"Panchayat  Union  Primary  School, Chathirapatti.","1.Sathirapatti  (R.V)  And  (P)  East  Street  Block  1  ,  2.Sathira  Patti  (R.V)  And
(P)  Middle  Street  Block  1  ,  3.Sathira  Patti  (R.V)  And  (P)  West  Street  Block 2  ,  4.Sathira  Patti  (R.V)  And  (P)  Colony  Street  Block  2  ,  999.OVERSEAS ELECTORS",All  Voters,506,All India Anna Dravida Munnetra Kazhagam,201,173,28,Dravida Munnetra Kazhagam,2,1,4,3,8,8,8,8,8,8,8,8,8,8,8,8,5,5,8,8,5,5.533596837944664,3
107,249,182,26,0,0,1,1,243,1,3,0,1,0,0,3,2,2,1,0,0,2,717,0,2,719,0,Idaisevel,"Panchayat  Union  Middle  School  ,  Idaisevel.","1.Idaiseval  (R.V)  And  (P)  Idaiseval  Block  1  ,  2.Idaiseval  (R.V)  And  (P)  Adhi Diravidar  Colony  Block  1  ,  3.Idaiseval  (R.V)  And  (P)  Parvathy  Amman
Kovil  Street  Block  3  ,  999.OVERSEAS  ELECTORS",All  Voters,717,All India Anna Dravida Munnetra Kazhagam,249,243,6,Tamilaga Vettri Kazhagam,3,1,4,2,15,15,10,10,10,5,15,10,15,15,5,7,7,10,15,15,7,0.8368200836820083,14
108,305,179,36,0,0,1,0,142,0,3,0,0,0,0,0,0,3,2,0,0,0,671,0,2,673,0,Idaisevel,"Panchayat  Union  Middle  School  ,  North  Side
,  Idaisevel.","1.Idaiseval  (R.V)  And  (P)  Kaliamman  Kovil  Street  Block  2  ,  2.Idaiseval (R.V)  And  (P)  Karthikaipatti  Block  4  ,  3.Idaiseval  (R.V)  And  (P) Nachiarpuram  Block  5  ,  999.OVERSEAS  ELECTORS",All  Voters,671,All India Anna Dravida Munnetra Kazhagam,305,179,126,Dravida Munnetra Kazhagam,2,1,4,3,9,9,8,9,9,5,9,9,9,9,9,9,5,7,9,9,9,18.7779433681073,8
109,174,245,22,0,0,1,3,156,0,5,0,0,0,1,3,1,2,7,0,0,0,620,0,3,623,0,Uthupatti,"Govt  .Hr.  Sec.  School  ,
Southern  West  Building  ,  Uthupatti.","1.Uoothupatti  (R.V)  And  (P)  Uoothupatti  East  Street  Ward  1  , 2.Uoothupatti  (R.V)  And  (P)  Uoothupatti  North  Street  Ward  2  , 999.OVERSEAS  ELECTORS",All  Voters,620,Dravida Munnetra Kazhagam,245,174,71,All India Anna Dravida Munnetra Kazhagam,1,2,4,3,13,13,10,7,13,6,13,13,13,10,7,10,9,5,13,13,13,11.45161290322581,19
110,281,140,26,0,0,0,0,102,0,4,0,0,0,0,0,2,2,0,0,0,0,557,0,0,557,0,Uthupatti,"Panchayat  union  Primary  school  ,  East Building  ,  Uthupatti.","1.Uoothupatti  (R.V)  And  (P)  Uoothupatti  Middle  Street  Ward  3  , 2.Uoothupatti  (R.V)  And  (P)  Uoothupatti  West  Street  Ward  4  ,
3.Uoothupatti  (R.V)  And  (P)  North  Kumarapuram  Ward  5  ,  4.Uoothupatti
(R.V)  And  (P)  South  Kumarapuram  Ward  6  ,  999.OVERSEAS  ELECTORS",All  Voters,557,All India Anna Dravida Munnetra Kazhagam,281,140,141,Dravida Munnetra Kazhagam,2,1,4,3,8,8,8,8,8,5,8,8,8,8,8,6,6,8,8,8,8,25.31418312387791,8
111,299,192,62,2,1,0,1,270,3,0,0,0,2,0,1,2,1,3,1,0,0,840,0,1,841,0,Manthithoppu,"Tamil  Baptist  Primary  School, North  side  ,  Manthithoppu.","1.Manthithoppu(R.V)  And  (P)  Manthithoppu  block  1  ,
2.Manthithoppu(R.V)  And  (P)  Manthithoppu  Block  3  ,  999.OVERSEAS ELECTORS",All  Voters,840,All India Anna Dravida Munnetra Kazhagam,299,270,29,Tamilaga Vettri Kazhagam,3,1,4,2,7,10,15,10,5,15,15,15,7,15,10,7,10,5,10,15,15,3.452380952380953,10
112,298,211,53,1,1,1,1,245,0,4,0,0,0,0,0,2,1,0,0,0,0,818,0,3,821,0,Manthithoppu,"Tamil  Baptist  Primary  School,  South  Portion, Manthithoppu.","1.Manthithoppu(R.V)  And  (P)  Manthithoppu  Block  2  , 2.Manthithoppu(R.V)  And  (P)  Manthithoppu  Block  4  ,
3.Manthithoppu(R.V)  And  (P)  Manthithoppu  Block  5  ,  999.OVERSEAS
ELECTORS",All  Voters,818,All India Anna Dravida Munnetra Kazhagam,298,245,53,Tamilaga Vettri Kazhagam,3,1,4,2,7,7,7,7,12,5,12,12,12,12,12,6,7,12,12,12,12,6.47921760391198,7
113,233,152,50,0,0,2,2,257,1,0,0,0,0,0,0,4,2,1,1,0,2,707,0,0,707,0,Manthithoppu,"Tamil  Baptist  Primary  School  ,South  Side  of the  Panchayat  Office  ,  Manthithoppu.","1.Manthithoppu  (R,V)  And  (P)  Manthithoppu  (narikkuravar  utpada)  , 999.OVERSEAS  ELECTORS",All  Voters,707,Tamilaga Vettri Kazhagam,257,233,24,All India Anna Dravida Munnetra Kazhagam,3,2,4,1,13,13,6,6,10,13,13,13,13,13,13,5,6,10,10,13,6,3.394625176803395,10
114,256,144,52,0,0,3,1,230,2,2,0,0,0,1,0,2,4,0,0,0,0,697,0,3,700,0,Manthithoppu,"Tamil  Baptist  Primary  School  ,  South-East Side  of  the  Panchayat  Office  ,  Manthithoppu.","1.Manthithoppu  (R,V)  And  (P)  Manthithoppu  (narikkuravar  utpada)  , 999.OVERSEAS  ELECTORS",All  Voters,697,All India Anna Dravida Munnetra Kazhagam,256,230,26,Tamilaga Vettri Kazhagam,3,1,4,2,12,12,6,10,7,7,12,12,12,10,12,7,5,12,12,12,12,3.730272596843615,9
115,178,185,55,1,0,2,3,403,1,2,0,0,0,2,3,2,1,0,1,0,0,839,0,2,841,0,Manthithoppu,"Shenbagarajan  Memorial  Primary  School, North  Building  West  Facing  1st  Room, Manthithoppu.","1.Manthithoppu  (R,V)  And  (P)  Manthithoppu  (narikkuravar  utpada)  (Part 1)  (Door  No,  1  to  611)  999.OVERSEAS  ELECTORS",All  Voters,839,Tamilaga Vettri Kazhagam,403,185,218,Dravida Munnetra Kazhagam,2,3,4,1,11,15,7,5,11,7,15,15,15,7,5,7,11,15,11,15,15,25.98331346841478,11
116,196,149,50,0,0,1,1,266,0,2,0,0,0,1,0,4,2,3,0,0,0,675,0,0,675,0,Manthithoppu,"Shenbagarajan  Memorial  Primary  School, North  Building  West  Facing  2nd  Room, Manthithoppu.","1.Manthithoppu  (R,V)  And  (P)  Manthithoppu  (narikkuravar  utpada)  (Part 2)  (Door  No.  612  from)  ,  999.OVERSEAS  ELECTORS",All  Voters,675,Tamilaga Vettri Kazhagam,266,196,70,All India Anna Dravida Munnetra Kazhagam,3,2,4,1,12,12,9,9,12,7,12,12,12,9,12,5,7,6,12,12,12,10.37037037037037,12
117,154,272,74,1,0,2,2,303,1,3,0,1,0,0,2,0,2,2,0,0,0,819,0,1,820,0,Mudukkumeendanp atti,"Sevai  Maiyam,  Mudukkumeendanpatti.","1.Mudukkumendan  patti  (R.V)  And  (P)  Mudukkumendanpatti  ward  1  , 2.Mudukkumendan  patti  (R.V)  And  (P)  Gopalapuram  Ward  4  , 999.OVERSEAS  ELECTORS",All  Voters,819,Tamilaga Vettri Kazhagam,303,272,31,Dravida Munnetra Kazhagam,2,3,4,1,11,14,6,6,11,5,14,11,14,14,6,14,6,6,14,14,14,3.785103785103785,10
118,145,231,47,1,0,1,1,207,1,0,0,1,0,0,0,1,1,1,0,0,0,638,0,0,638,0,Mudukkumeendanp atti,"Panchyat  Library  office,  Mudukkumeendan patti","1.Mudukkumendan  patti  (R.V)  And  (P)  Mudukkumendanpatti  Ward  2  , 2.Mudukkumendan  patti  (R.V)  And  (P)  M.Duraisamypuram  Ward  3  , 999.OVERSEAS  ELECTORS",All  Voters,638,Dravida Munnetra Kazhagam,231,207,24,Tamilaga Vettri Kazhagam,1,3,4,2,5,13,5,5,5,13,13,5,13,13,13,5,5,5,13,13,13,3.761755485893417,4
119,238,283,64,0,0,0,0,288,0,10,0,0,0,1,1,1,1,0,0,0,2,889,0,1,890,0,Nalattinputhur,"Panchyat  Union  Primary  School,  North Building  ,  Nalattinputhur.","1.Naleattenputhdur  (R.V)  And  (P)  Naleattenputhdur  ,  999.OVERSEAS ELECTORS",All  Voters,889,Tamilaga Vettri Kazhagam,288,283,5,Dravida Munnetra Kazhagam,2,3,4,1,11,11,11,11,11,5,11,11,11,7,7,7,7,11,11,11,6,0.562429696287964,16
120,245,242,52,0,1,0,1,253,2,10,0,0,0,1,2,2,3,2,0,1,0,817,0,1,818,0,Nalattinputthur,"Panchayat  Union  Primary  School,  West Building  ,  Nalattinputthur.","1.Naleattenputhdur  (R.V)  And  (P)  Naleattenputhdur  ,  999.OVERSEAS ELECTORS",All  Voters,817,Tamilaga Vettri Kazhagam,253,245,8,All India Anna Dravida Munnetra Kazhagam,3,2,4,1,15,11,15,11,7,5,15,15,15,11,7,7,6,7,15,11,15,0.9791921664626682,21
121,197,154,46,0,0,1,0,234,3,3,0,0,0,0,2,2,1,2,0,0,0,645,0,1,646,0,Nallattinputthur,"Panchyat  Union  Primary  School,  East Building,  Nalattinputhur","1.Naleattenputhdur(R.V)  And  (P)  Naleattenputhdur  Block  3  , 999.OVERSEAS  ELECTORS",All  Voters,645,Tamilaga Vettri Kazhagam,234,197,37,All India Anna Dravida Munnetra Kazhagam,3,2,4,1,12,12,10,12,5,5,12,12,12,12,7,7,10,7,12,12,12,5.736434108527131,10
122,233,133,39,0,0,1,2,238,2,4,1,1,0,0,2,1,1,1,1,0,1,661,0,1,662,0,Nallattinputthur,"Panchyat  Union  Primary  School,  west Building  North  Side  ,  Nalattinputhur.","1.Naleattenputhdur(R.V)  And  (P)  Naleattenputhdur  block  3  , 999.OVERSEAS  ELECTORS",All  Voters,661,Tamilaga Vettri Kazhagam,238,233,5,All India Anna Dravida Munnetra Kazhagam,3,2,4,1,17,17,9,6,6,5,9,9,17,17,6,9,9,9,9,17,9,0.7564296520423601,13
123,157,131,43,0,0,1,2,295,0,9,0,1,0,1,0,1,1,1,0,2,0,645,0,7,652,0,Nallattinputthur,"Panchayat  Union  Primary  School,  West Building,  North  side,  East  facing  room, Nalatinputhur","1.Naleattenputhdur  (R.V)  And  (P)  V.P.  Chittan  Nagar  ,  999.OVERSEAS ELECTORS",All  Voters,645,Tamilaga Vettri Kazhagam,295,157,138,All India Anna Dravida Munnetra Kazhagam,3,2,4,1,14,14,8,6,14,5,14,8,14,8,14,8,8,8,14,6,14,21.3953488372093,16
124,355,223,51,1,0,1,1,280,3,8,0,1,0,0,0,1,0,3,0,0,0,928,0,4,932,0,Thonugal,"Tamil  Baptist  Primary  School,  Thonugal.","1.Thonnukal  (R.V)  And  (P)  Keela  street  block  1  ,  2.Thonugal  (R.V)  And  (P) Padarindhapuli  Block  3  ,  999.OVERSEAS  ELECTORS",All  Voters,928,All India Anna Dravida Munnetra Kazhagam,355,280,75,Tamilaga Vettri Kazhagam,3,1,4,2,8,13,8,8,6,5,13,8,13,13,13,8,13,6,13,13,13,8.081896551724139,13
125,147,186,28,0,0,6,1,166,2,2,0,0,1,0,0,2,5,0,0,0,0,546,0,1,547,0,Thonugal,"Community  Hall  ,  Thonugal.","1.Thonugal  (R.V)  And  (P)  Mela  Street  Block  2  ,  999.OVERSEAS ELECTORS",All  Voters,546,Dravida Munnetra Kazhagam,186,166,20,Tamilaga Vettri Kazhagam,1,3,4,2,12,12,5,10,7,7,12,12,10,12,12,7,6,12,12,12,12,3.663003663003663,10
126,317,129,25,0,0,0,2,173,0,2,0,0,0,0,0,0,0,0,0,0,0,648,0,6,654,0,Alampatti,"T.D.T.A  Primary  School,  Alampatti.","1.Innam  maniachi  (R.V)  And  (P)  Vinayaga  nagar  ,  2.Innam  maniachi  (R.V) And  (P)  Meenachi  Nagar  ,  3.Innam  maniachi  (R.V)  And  (P)  E.B.Colony  , 999.OVERSEAS  ELECTORS",All  Voters,648,All India Anna Dravida Munnetra Kazhagam,317,173,144,Tamilaga Vettri Kazhagam,3,1,4,2,7,7,7,5,7,5,7,7,7,7,7,7,7,7,7,7,7,22.22222222222222,2
127,237,287,82,0,0,0,0,235,1,15,0,1,0,0,0,0,1,1,0,0,0,860,0,1,861,0,Alampatti,"Child  Welfare  Center  ,  Alampatti  .","1.Innam  maniachi  (R.V)  And  (P)  Alampatti  ,  999.OVERSEAS  ELECTORS",All  Voters,860,Dravida Munnetra Kazhagam,287,237,50,All India Anna Dravida Munnetra Kazhagam,1,2,4,3,10,10,10,10,6,5,10,6,10,10,10,10,6,6,10,10,10,5.813953488372093,18
128,195,168,29,2,0,1,0,242,0,4,0,0,0,0,0,2,0,0,0,0,0,643,0,7,650,0,Alampatti,"Community  Hall,  Alampatti.","1.Innam  maniachi  (R.V)  And  (P)  Salaiputhur  ,  2.Innam  maniachi  (R.V) And  (P)  Tamilnadu  Housing  Board  ,  3.Thunukal  (R.V)  And(P)  Kangan kulam  ,  999.OVERSEAS  ELECTORS",All  Voters,643,Tamilaga Vettri Kazhagam,242,195,47,All India Anna Dravida Munnetra Kazhagam,3,2,4,1,6,9,8,9,9,5,9,9,9,9,9,6,9,9,9,9,9,7.309486780715396,6
129,329,122,24,0,0,0,2,232,0,0,0,0,0,0,0,0,1,1,0,0,1,712,0,4,716,0,Alampatti,"Govt.Arts  and  science  College,  Krishnanagar.","1..Innam  maniachi  (R.V)  And  (P)  Tamilnadu  Housing  Board  ,  3, 999.OVERSEAS  ELECTORS",All  Voters,712,All India Anna Dravida Munnetra Kazhagam,329,232,97,Tamilaga Vettri Kazhagam,3,1,4,2,9,9,9,5,9,9,9,9,9,9,9,9,6,6,9,9,6,13.62359550561798,3
130,229,90,9,0,0,0,2,102,1,0,0,0,1,0,0,1,1,0,0,0,0,436,0,1,437,0,Athaikondan,"Panchayat  Union  Primary  School,  North Building  West  side,   Athaikondan","1.Innam  maniachi  (R.V)  And  (P)  Seenivasa  Nagar  North  Block  6  , 999.OVERSEAS  ELECTORS",All  Voters,436,All India Anna Dravida Munnetra Kazhagam,229,102,127,Tamilaga Vettri Kazhagam,3,1,4,2,10,10,10,5,6,10,10,10,6,10,10,6,6,10,10,10,10,29.12844036697247,3
131,174,66,6,0,0,1,0,105,0,0,0,0,0,0,0,0,0,0,0,0,0,352,0,4,356,0,Athaikondan,"Panchayat  Union  Primary  School  ,  South Building,  North  facing  room,  Athaikondan","1.Innam  maniachi  (R.V)  And  (P)  Seenivasanagar  south  block  6  , 999.OVERSEAS  ELECTORS",All  Voters,352,All India Anna Dravida Munnetra Kazhagam,174,105,69,Tamilaga Vettri Kazhagam,3,1,4,2,6,6,5,6,6,6,6,6,6,6,6,6,6,6,6,6,6,19.60227272727273,0
132,296,98,37,0,0,3,0,201,0,0,0,1,0,1,0,0,1,1,0,0,1,640,0,2,642,0,Athaikondan,"Panchayat  Union  Primary  School,  North Building  East  side,  Athaikondan","1.Innam  maniachi  (R.V)  And  (P)  Athaikondon  North  Block  6  ,  (Part  1) (Door  No  1  to  2103D)  999.OVERSEAS  ELECTORS",All  Voters,640,All India Anna Dravida Munnetra Kazhagam,296,201,95,Tamilaga Vettri Kazhagam,3,1,4,2,11,11,5,11,11,11,11,6,11,6,11,11,6,6,11,11,6,14.84375,5
133,318,146,34,1,0,2,0,240,0,0,0,1,1,0,0,0,1,0,0,0,0,744,0,2,746,1,Athaikondan,"Panchyat  Union  Primary  School,  North Building  west  Portion  North  Room, Athaikondan","1.Innam  maniachi  (R.V)  And  (P)  Athaikondon  North  Block  6  ,  (Part  1) (Door  No  2104  from)  2.Innam  maniachi  (R.V)  And  (P)  Athaikondan  Block  6
,  3.Innam  maniachi  (R.V)  And  (P)  Srinivasa  Nagar  Street  4  Block  6  ,
4.Innam  maniachi  (R.V)  And  (P)  Srinivasa  Nagar  Street  5  Block  6  , 999.OVERSEAS  ELECTORS",All  Voters,744,All India Anna Dravida Munnetra Kazhagam,318,240,78,Tamilaga Vettri Kazhagam,3,1,4,2,6,10,5,10,10,10,10,6,6,10,10,10,6,10,10,10,10,10.48387096774194,3
134,178,62,6,0,0,1,0,132,0,0,0,1,0,0,0,1,0,1,0,0,0,382,0,4,386,0,Athaikondan,"Panchayat  Union  Primary  School,  South Building  South  room   Athaikondan","1.Innam  maniachi  (R.V)  And  (P)  Srinivasa  Nagar  Street  1  Block  6  ,
2.Innam  maniachi  (R.V)  And  (P)  Srinivasa  Nagar  Street  2  Block  6  ,
3.Innam  maniachi  (R.V)  And  (P)  Srinivasa  Nagar  Street  3  Block  6  , 999.OVERSEAS  ELECTORS",All  Voters,382,All India Anna Dravida Munnetra Kazhagam,178,132,46,Tamilaga Vettri Kazhagam,3,1,4,2,9,9,5,9,9,9,9,5,9,9,9,5,9,5,9,9,9,12.04188481675393,3
135,146,115,19,0,0,0,1,184,1,0,0,0,0,0,0,0,0,1,0,0,0,467,0,4,471,0,Inammaniachi,"Sorna  Educational  Institutions  South  facing building,  East  portion,  Inammaniachi","1.Innam  maniachi  (R.V)  And  (P)  Indira  nagar  first  main  road  ,Door  No.  1 to  1139  999.OVERSEAS  ELECTORS",All  Voters,467,Tamilaga Vettri Kazhagam,184,146,38,All India Anna Dravida Munnetra Kazhagam,3,2,4,1,8,8,8,5,5,8,8,8,8,8,8,8,8,5,8,8,8,8.137044967880087,1
136,115,82,20,0,0,1,0,138,0,1,0,0,0,0,0,0,0,0,0,0,1,358,0,0,358,0,Inammaniachi,"Sorna  Educational  Institutions  South  facing building,  West  portion,  Inammaniachi","1.Innam  maniachi  (R.V)  And  (P)  Indira  nagar  first  main  road  Door  No. 1140  above,  999.OVERSEAS  ELECTORS",All  Voters,358,Tamilaga Vettri Kazhagam,138,115,23,All India Anna Dravida Munnetra Kazhagam,3,2,4,1,8,8,5,8,8,5,8,8,8,8,8,8,8,8,8,8,5,6.424581005586592,2
137,261,118,22,0,1,1,1,223,0,0,0,0,0,0,0,0,1,1,0,0,0,629,0,3,632,0,Inammniachi,"Sorna  Educational  Institutions  south  facing building,  Middle  portion,  Inam  Maniyachi.","1.Innam  maniachi  (R.V)  And  (P)  IndiraNagar  SecondMain  Road  ,  2.Innam maniachi  (R.V)  And  (P)  IndiraNagar  Vettrivinayagar  Kovil  Road  ,  3.Innam maniachi  (R.V)  And  (P)  IndiraNagar  Third  Mainl  Road  ,  999.OVERSEAS ELECTORS",All  Voters,629,All India Anna Dravida Munnetra Kazhagam,261,223,38,Tamilaga Vettri Kazhagam,3,1,4,2,10,5,5,5,10,10,10,10,10,10,10,10,5,5,10,10,10,6.041335453100159,2
138,189,101,36,1,0,1,0,248,0,2,0,0,1,0,0,0,1,2,0,0,0,582,0,1,583,0,Inammniachi,"Sorna  Educational  Institutions  West  side building,  North  Portion,  Inammaniachi","1.Innam  maniachi  (R.V)  And  (P)  Indira  Nagar  2nd  Street  Block  6  ,
2.Innam  maniachi  (R.V)  And  (P)  Indira  Nagar  West  Street  Block  6  , 999.OVERSEAS  ELECTORS",All  Voters,582,Tamilaga Vettri Kazhagam,248,189,59,All India Anna Dravida Munnetra Kazhagam,3,2,4,1,7,11,7,11,11,5,11,11,7,11,11,11,7,5,11,11,11,10.13745704467354,6
139,162,121,20,2,0,5,1,197,0,0,0,0,0,0,0,0,1,1,0,1,0,511,0,1,512,0,Inammniachi,"Sorna  Educational  Institutions  West  side building,  South  Portion,  Inammaniachi","1.Innam  maniachi  (R.V)  And  (P)  Athaigondan  indira  nagar  12th  street block  6  ,  2.Innam  maniachi  (R.V)  And  (P)  Indira  Nagar  South  Street  Block 6  ,  999.OVERSEAS  ELECTORS",All  Voters,511,Tamilaga Vettri Kazhagam,197,162,35,All India Anna Dravida Munnetra Kazhagam,3,2,4,1,6,11,5,7,11,11,11,11,11,11,11,11,7,7,11,7,11,6.849315068493151,3
140,172,337,28,0,0,2,0,160,0,0,0,1,0,0,0,0,1,0,1,0,0,702,0,1,703,0,Inammaniachi,"Bharathi  Primary  school,  North  Side Inammaniachi","1.Innammaniachi  (R.V)  And  (P)  West  street  ,  2.Innammaniachi  (R.V)  And
(P)  Middle  Street  ,  999.OVERSEAS  ELECTORS",All  Voters,702,Dravida Munnetra Kazhagam,337,172,165,All India Anna Dravida Munnetra Kazhagam,1,2,4,3,9,9,5,9,9,9,9,6,9,9,9,9,6,9,6,9,9,23.5042735042735,3
141,152,282,35,0,0,2,1,175,0,0,0,0,0,0,0,0,0,2,0,1,0,650,0,0,650,0,Inammaniachi,"Child  Welfare  Center,  South  Building, Inammaniachi","1.Innammaniachi  (R.V)  And  (P)  East  Street  ,  2.Innammaniachi  (R.V)  And
(P)  North  Street  ,  999.OVERSEAS  ELECTORS",All  Voters,650,Dravida Munnetra Kazhagam,282,175,107,Tamilaga Vettri Kazhagam,1,3,4,2,9,9,5,7,9,9,9,9,9,9,9,9,9,5,9,7,9,16.46153846153846,3
142,101,219,15,0,0,0,0,87,0,0,0,0,0,0,1,0,1,1,0,0,0,425,0,0,425,0,Inammaniachi,"Bharathi  Primary  school,  South  Side Inammaniachi","1.Innammaniachi(R.V)  And  (P)  Middle  Street  Block  3  ,
2.Innammaniachi(R.V)  And  (P)  Seenivasa  Nagar  2  Block  3  , 3.Innammaniachi(R.V)  And  (P)  Seenivasa  Nagar3  Block  3  , 999.OVERSEAS  ELECTORS",All  Voters,425,Dravida Munnetra Kazhagam,219,101,118,All India Anna Dravida Munnetra Kazhagam,1,2,4,3,8,8,8,8,8,8,8,8,8,8,5,8,5,5,8,8,8,27.76470588235294,3
143,133,156,17,0,0,0,2,94,0,1,0,1,0,0,0,1,3,1,0,0,0,409,0,0,409,0,Inammaniachi,"Community  Hall  ,  North  Portion,  Inam maniyachi","1.Innammaniachi(R.V)  And  (P)  Main  road  block  3  ,  2.Innammaniachi(R.V) And  (P)  Seenivasa  Nagar  1  Block,  999.OVERSEAS  ELECTORS",All  Voters,409,Dravida Munnetra Kazhagam,156,133,23,All India Anna Dravida Munnetra Kazhagam,1,2,4,3,11,11,11,6,11,7,11,7,11,11,11,7,5,7,11,11,11,5.623471882640587,7
144,141,109,9,0,0,0,0,72,0,0,0,2,0,0,1,1,1,0,0,0,0,336,0,1,337,1,Inammaniachi,"Community  Hall  ,  East  Portion,  Inam maniyachi","1.Innammaniachi(R.V)  And  (P)  ByPass  Road  MalePuram  Block 2.Innammaniachi(R.V)  And  (P)  ByPass  Road  KeelPuramBlock3 999.OVERSEAS  ELECTORS  ,",All  Voters,336,All India Anna Dravida Munnetra Kazhagam,141,109,32,Dravida Munnetra Kazhagam,2,1,4,3,9,9,9,9,9,9,9,5,9,9,6,6,6,9,9,9,9,9.523809523809524,5
145,251,85,17,0,0,0,0,91,0,0,0,0,0,0,0,0,0,0,0,0,0,444,0,5,449,0,Kovilpatti,"Lakshmi  Mills  Matriculation  School,  west building  Std  V
Mela  Colony,  Kovilpatti.","1.Innammaniachi  (R.V)  And  (P)  Lakshmi  mill  colony  Block  4  ,
2.Innammaniachi  (R.V)  And  (P)  Arsutha  Nagar(Kathiraesan  Kovil  Lower) Block  4  ,  99.  OVERSEAS  ELECTORS",All  Voters,444,All India Anna Dravida Munnetra Kazhagam,251,91,160,Tamilaga Vettri Kazhagam,3,1,4,2,5,5,5,5,5,5,5,5,5,5,5,5,5,5,5,5,5,36.03603603603604,0
146,97,77,3,1,0,0,0,74,0,1,0,0,0,1,0,0,0,0,0,1,1,256,0,3,259,0,Kovilpatti,"Lakshmi  Mills  Matriculation  School,  west building  Std  III
Mela  Colony,  Kovilpatti.","1.Innammaniachi  (R.V)  And  (P)  North  Gangankulam  Main  Street  Block  4  , 2.Innammaniachi  (R.V)  And  (P)  North  Indra  nagar  Main  Street  ,
3.Innammaniachi  (R.V)  And  (P)  North  Indra  nagar  Atthaikondan  Road  ,
999.OVERSEAS  ELECTORS",All  Voters,256,All India Anna Dravida Munnetra Kazhagam,97,77,20,Dravida Munnetra Kazhagam,2,1,4,3,5,10,10,10,10,5,10,10,10,5,10,10,10,10,10,5,5,7.8125,4
147,117,253,13,0,0,1,1,137,0,0,1,0,0,0,1,1,1,2,0,0,0,528,0,0,528,0,Avalnattham,"Panchayat  Union  Primary  School  ,  West Portion,  South  Building  ,Avalnattham","1.Avalnatham  (R.V)  And  (P)  North  street  block  1  ,  2.Avalnatham  (R.V)  And
(P)  Mela  Street  Block  2  ,  999.OVERSEAS  ELECTORS",All  Voters,528,Dravida Munnetra Kazhagam,253,137,116,Tamilaga Vettri Kazhagam,1,3,4,2,12,12,6,6,12,12,6,12,12,12,6,6,6,5,12,12,12,21.96969696969697,6
148,214,149,17,0,0,1,3,109,0,0,1,1,0,1,1,2,1,0,0,0,0,500,0,1,501,0,Avalnattham,"Anganwadi  Centre,  West  Portion,  South Building  ,  Avalnattham","1.Avalnatham  (R.V)  And  (P)  Avalnatham  Block  3  ,  2.Avalnatham  (R.V)  And
(P)  NaaranaPuram  Block  4  ,  3.Avalnatham  (R.V)  And  (P) Sundaralingapuram  Block  5  ,  999.OVERSEAS  ELECTORS",All  Voters,500,All India Anna Dravida Munnetra Kazhagam,214,149,65,Dravida Munnetra Kazhagam,2,1,4,3,13,13,7,5,13,13,7,7,13,7,7,6,7,13,13,13,13,13.0,7
149,198,280,57,0,0,4,1,203,0,23,0,1,1,0,1,0,4,2,0,0,0,775,0,1,776,0,Mooppanpatti,"Athi  Dravidar  Primary  School,  Mooppanpatti","1.Moopanpatti  (A.V)  And  (P)  Moopanpatti  Block  1  ,  2.Moopanpatti  (A.V) And  (P)  Velankanei  nagar  Block  1  ,  3.Moopanpatti  (A.V)  And  (P)  Pasumpon  nagar  Block  1  ,  4.Moopanpatti  (A.V)  And  (P)  Moopanpatti  Block 2  ,  999.OVERSEAS  ELECTORS",All  Voters,775,Dravida Munnetra Kazhagam,280,203,77,Tamilaga Vettri Kazhagam,1,3,4,2,13,13,6,9,13,5,13,9,9,13,9,13,6,8,13,13,13,9.935483870967742,32
150,118,232,27,0,0,3,0,157,0,0,0,1,0,0,0,0,0,0,0,0,0,538,0,1,539,0,Illuppaiyurani,"Parvathi  High  School,  west  Building, Illuppaiyurani","1.Elupaiyurani  (A.V)  And  (P)  Elupaiyurani  block  1  ,  999.OVERSEAS ELECTORS",All  Voters,538,Dravida Munnetra Kazhagam,232,157,75,Tamilaga Vettri Kazhagam,1,3,4,2,7,7,5,7,7,7,7,6,7,7,7,7,7,7,7,7,7,13.94052044609665,1
151,144,158,30,0,0,3,0,160,1,0,0,0,0,0,2,1,0,0,0,0,0,499,0,0,499,0,Illuppaiyurani,"Parvathi  High  School,  East  Building, Illuppaiyurani","1.Elupaiyurani  (A.V)  And  (P)  Elupaiyurani  block  1  ,  999.OVERSEAS ELECTORS",All  Voters,499,Tamilaga Vettri Kazhagam,160,158,2,Dravida Munnetra Kazhagam,2,3,4,1,9,9,5,9,7,9,9,9,9,9,6,7,9,9,9,9,9,0.4008016032064128,3
152,121,108,23,0,0,1,1,244,1,1,1,0,0,0,0,1,0,1,0,1,0,504,0,3,507,0,iIlluppaiyurani,"Parvathi  High  School,  Main  Bulding  west Side,  Illuppaiyurani",1.Elupaiyurani  (A.V)  And  (P)  Chinthamani  Nagar  Block  1  Door  No.1  to 167  (Sl.No.From  1  to  691)  999.OVERSEAS  ELECTORS,All  Voters,504,Tamilaga Vettri Kazhagam,244,121,123,All India Anna Dravida Munnetra Kazhagam,3,2,4,1,13,13,5,5,5,5,5,13,13,13,13,5,13,5,13,5,13,24.40476190476191,5
153,122,97,29,1,0,2,0,222,0,0,0,0,0,0,0,2,0,0,1,0,1,477,0,1,478,0,iIlluppaiyurani,"Parvathi  High  School,  Main  Building  South Side,  West  Portion  Illuppaiyurani","1.Elupaiyurani  (A.V)  And  (P)  Chinthamani  Nagar  Block  1  Door  No  168 above  (Sl.No.From  692-1290,)  999.OVERSEAS  ELECTORS",All  Voters,477,Tamilaga Vettri Kazhagam,222,122,100,All India Anna Dravida Munnetra Kazhagam,3,2,4,1,7,10,5,10,10,10,10,10,10,10,10,5,10,10,7,10,7,20.96436058700209,4
154,174,180,42,2,0,2,1,318,2,0,0,1,0,1,0,1,2,1,0,0,0,727,0,2,729,0,Illuppaiyurani,Parvathi  High  School  Main  Bulding  East  Side Illuppaiyurani,"1.Elupaiyurani  (A.V)  And  (P)  Chinthamani  Nagar  Block  1  , 999.OVERSEAS  ELECTORS",All  Voters,727,Tamilaga Vettri Kazhagam,318,180,138,Dravida Munnetra Kazhagam,2,3,4,1,5,14,5,9,5,14,14,9,14,9,14,9,5,9,14,14,14,18.98211829436038,6
155,68,111,22,1,0,7,0,164,1,0,0,0,0,1,0,0,0,0,0,0,0,375,0,1,376,0,lluppaiyurani,Parvathi  High  School  Main  Building  Middle Room  Illuppaiyurani,"1.Elupaiyurani  (A.V)  And  (P)  Maravar  Colony  Block  1  ,  2.Elupaiyurani (A.V)  And  (P)  Pasumpon  Nagar  Block  1  ,  999.OVERSEAS  ELECTORS",All  Voters,375,Tamilaga Vettri Kazhagam,164,111,53,Dravida Munnetra Kazhagam,2,3,4,1,6,9,5,9,6,9,9,9,9,6,9,9,9,9,9,9,9,14.13333333333333,1
156,81,315,36,1,1,0,0,221,0,0,0,0,0,3,0,3,0,2,0,0,0,663,0,1,664,0,Illuppaiyurani,"Tamil  Baptist  Primary  School,  New  Building, East  Portion,  North  facing  Illuppaiyurani","1.Elupaiyurani  (A.V)  And  (P)  Kaliyamman  kovil  street  block  2, 999.OVERSEAS  ELECTORS",All  Voters,663,Dravida Munnetra Kazhagam,315,221,94,Tamilaga Vettri Kazhagam,1,3,4,2,8,8,10,10,10,10,10,10,10,5,10,5,10,7,10,10,10,14.17797888386124,8
157,60,211,18,1,0,1,0,128,0,0,0,0,1,0,0,1,1,1,0,0,0,423,0,1,424,0,Illuppaiyurani,"Tamil  Baptist  Primary  School,  New  Building, East  Portion,  South  facing  Illuppaiyurani","1.Elupaiyurani  (A.V)  And  (P)  East  Street  Block  2,  999.OVERSEAS ELECTORS",All  Voters,423,Dravida Munnetra Kazhagam,211,128,83,Tamilaga Vettri Kazhagam,1,3,4,2,5,11,5,11,11,11,11,11,5,11,11,5,5,5,11,11,11,19.62174940898345,4
158,59,314,23,0,0,0,0,164,1,1,0,0,0,0,3,1,0,0,0,1,0,567,0,2,569,0,Illuppaiyurani,"Syamala  Hr.  sec.  School  Room  1  (Class  12  th
)  Illuppaiyurani","1.Elupaiyurani  (A.V)  And  (P)  North  Street  Block  2  ,  2.Elupaiyurani  (A.V) And  (P)  West  Street  Block  2  ,  3.Elupaiyurani  (A.V)  And  (P)  South  Street Block  2  ,  999.OVERSEAS  ELECTORS",All  Voters,567,Dravida Munnetra Kazhagam,314,164,150,Tamilaga Vettri Kazhagam,1,3,4,2,10,10,10,10,6,6,10,10,10,10,5,6,10,10,10,6,10,26.45502645502645,6
159,77,247,32,0,0,3,0,194,1,0,0,1,1,0,1,1,3,0,0,0,0,561,0,0,561,0,Illuppaiyurani,"Tamil  Baptist  Primary  School,  Old  Building South  Portion  Illuppaiyurani","1.Elupaiyurani  (R.V)  And  (P)  Elupaiyurani  block  2  ,  999.OVERSEAS ELECTORS",All  Voters,561,Dravida Munnetra Kazhagam,247,194,53,Tamilaga Vettri Kazhagam,1,3,4,2,12,12,5,12,7,12,12,7,7,12,7,7,5,12,12,12,12,9.44741532976827,7
160,112,206,25,1,0,1,1,192,1,0,0,0,0,1,2,0,0,1,0,1,0,544,0,2,546,0,Illuppaiyurani,"Tamil  Baptist  Primary  School,
Old  Building  North  Portion  Illuppaiyurani","1.Elupaiyurani  (R.V)  And  (P)  Elupaiyurani  block  2  ,  999.OVERSEAS ELECTORS",All  Voters,544,Dravida Munnetra Kazhagam,206,192,14,Tamilaga Vettri Kazhagam,1,3,4,2,6,13,6,6,6,13,13,13,13,6,5,13,13,6,13,6,13,2.573529411764706,5
161,135,175,55,0,0,0,1,138,2,24,0,0,0,0,1,2,1,1,0,0,0,535,0,1,536,0,Koosalipatti,"T.D.T.A  Primary  School,  North  Side Koosalipatti","1.Elupaiyurani  (R.V)  And  (P)  Coosalipatti  Block  3  ,  999.OVERSEAS ELECTORS",All  Voters,535,Dravida Munnetra Kazhagam,175,138,37,Tamilaga Vettri Kazhagam,1,3,4,2,12,12,12,8,6,5,12,12,12,12,8,6,8,8,12,12,12,6.915887850467289,29
162,116,232,62,0,0,0,0,202,1,7,1,1,0,0,0,0,0,0,0,0,1,623,0,2,625,0,Koosalipatti,"Community  Hall,  Mettu  Street,  Koosalipatti","1.Elupaiyurani  (R.V)  And  (P)  Coosalipatti  Block  3  ,  999.OVERSEAS ELECTORS",All  Voters,623,Dravida Munnetra Kazhagam,232,202,30,Tamilaga Vettri Kazhagam,1,3,4,2,10,10,10,10,6,5,6,6,10,10,10,10,10,10,10,10,6,4.815409309791333,10
163,151,321,76,1,0,2,1,291,3,20,0,2,0,2,3,0,2,5,0,0,0,880,0,1,881,0,Koosalipatti,"T.D.T.A.  Primary  School,  South  Side Koosalipatti","1.Elupaiyurani  (R.V)  And  (P)  Coosalipatti  Block  3  ,  999.OVERSEAS ELECTORS",All  Voters,880,Dravida Munnetra Kazhagam,321,291,30,Tamilaga Vettri Kazhagam,1,3,4,2,13,15,9,13,7,5,15,9,15,9,7,15,9,6,15,15,15,3.409090909090909,34
164,104,144,54,0,0,1,1,167,2,13,0,0,0,0,2,2,2,2,0,0,0,494,0,0,494,0,"Poosaripatti, Koosalipatti","Child  Welfare  Center,  Poosaripatti, Koosalipatti","1.Elupaiyurani  (R.V)  And  (P)  Coosalipatti  Block  3(Part)  ,  2.Elupaiyurani (R.V)  And  (P)  Poosaripatti  Block  4  ,  999.OVERSEAS  ELECTORS",All  Voters,494,Tamilaga Vettri Kazhagam,167,144,23,Dravida Munnetra Kazhagam,2,3,4,1,13,13,11,11,6,5,13,13,13,13,6,6,6,6,13,13,13,4.65587044534413,21
165,167,311,77,1,0,4,1,278,1,0,0,0,0,0,1,1,2,0,0,0,0,844,0,2,846,0,Lingampatti,"R.C.Middle  School,  Main  Building  Centre Portion  ,  Lingampatti","1.Lingampatti  (R.V)  And  (P)  North  Street  Block  1  ,  2.Lingampatti  (R.V)  And
(P)  MelaStreet  Block  2  ,  3.Lingampatti  (R.V)  And  (P)  KeelaStreet  Block  2  , 4.Lingampatti  (R.V)  And  (P)  Samathuva  puram  Block  2  ,  999.OVERSEAS ELECTORS",All  Voters,844,Dravida Munnetra Kazhagam,311,278,33,Tamilaga Vettri Kazhagam,1,3,4,2,7,12,5,7,7,12,12,12,12,12,7,7,6,12,12,12,12,3.909952606635071,4
166,163,309,75,0,1,0,0,273,0,0,0,1,0,2,1,1,1,1,0,0,1,829,0,4,833,0,Lingampatti,R.C.  Middle  School  Main  Building  South  Side Lingampatti,"1.Lingampatti  (R.V)  And  (P)  Mettu  Street  Block  2  ,  999.OVERSEAS ELECTORS",All  Voters,829,Dravida Munnetra Kazhagam,309,273,36,Tamilaga Vettri Kazhagam,1,3,4,2,13,6,13,13,13,13,13,6,13,5,6,6,6,6,13,13,6,4.342581423401689,8
167,338,78,14,0,0,2,0,193,1,0,1,0,0,1,0,3,1,1,0,0,0,633,0,1,634,0,Kulasegarapuram,"Panchayat  Union  Primary  School,  new Building  ,South  West  Portion  South  Building Kulasekarapuram","1.Lingampatti(R.V),Kulasekarapuram  (p)  Kulasekarapuram  mettu  street block  1  ,  2.Lingampatti(R.V),Chedamparapuram  (P)  Kulasekarapuram
East  Street  Block  1  ,  3.Lingampatti(R.V),Chedamparapuram  (P)
Kulasekarapuram  West  Street  Block  1  ,  999.OVERSEAS  ELECTORS",All  Voters,633,All India Anna Dravida Munnetra Kazhagam,338,193,145,Tamilaga Vettri Kazhagam,3,1,4,2,12,12,6,12,7,12,7,12,12,7,12,5,7,7,12,12,12,22.90679304897314,7
168,106,185,33,2,0,0,0,245,0,7,0,0,0,0,0,0,1,0,0,0,0,579,0,0,579,0,Illuppaiyurani,"Panchayat  Union  primary  School,  West Portion  south  Building  Second  class  room Loyal  Mill  Colony,  Illuppaiyurani","1.Elupaiurani  (R.V)  And  (P)  Loyal  mill  colony  block  5  ,  999.OVERSEAS ELECTORS",All  Voters,579,Tamilaga Vettri Kazhagam,245,185,60,Dravida Munnetra Kazhagam,2,3,4,1,6,8,8,8,8,5,8,8,8,8,8,8,7,8,8,8,8,10.36269430051813,8
169,122,201,21,0,0,0,1,218,0,1,1,0,0,0,0,0,3,3,0,0,0,571,0,1,572,0,Illuppaiyurani,"Government  High  School,  8th  class  room Loyal  Mill  Colony,  Illuppaiyurani","1.Elupaiurani  (R.V)  And  (P)  Loyal  mill  colony  block  5  ,  999.OVERSEAS ELECTORS",All  Voters,571,Tamilaga Vettri Kazhagam,218,201,17,Dravida Munnetra Kazhagam,2,3,4,1,10,10,10,7,10,7,7,10,10,10,10,10,5,5,10,10,10,2.97723292469352,8
170,79,91,22,0,0,1,0,129,0,1,0,0,0,1,0,0,0,1,0,0,0,325,0,2,327,0,Illuppaiyurani,"Govt  High  school,  Middle  portion,  South facing,  Illuppaiyurani","1.Elupaiurani  (R.V)  And  (P)  Loyal  Mill  Colony  Block  5,  999.OVERSEAS ELECTORS",All  Voters,325,Tamilaga Vettri Kazhagam,129,91,38,Dravida Munnetra Kazhagam,2,3,4,1,9,9,5,9,9,5,9,9,9,5,9,9,9,5,9,9,9,11.69230769230769,3
171,115,138,19,1,0,0,4,185,0,1,0,0,0,0,0,2,0,1,0,0,0,466,0,1,467,0,Illuppaiyurani,"Govt  High  School,  Middle  portion,  South facing,  West  side,  Illuppaiyurani","1.Iilluppaiyurani  (R.V)  And  (P)  Thangappan  Nagar  Block  5, 999.OVERSEAS  ELECTORS",All  Voters,466,Tamilaga Vettri Kazhagam,185,138,47,Dravida Munnetra Kazhagam,2,3,4,1,7,10,10,5,10,7,10,10,10,10,10,6,10,7,10,10,10,10.08583690987124,4
172,126,203,57,1,0,1,2,271,0,15,0,0,0,0,0,1,2,0,0,0,0,679,0,2,681,0,Illuppaiyurani,"Panchayat  Union  Primary  School,  West portion  North  Building  5th  class  room,  Loyal Mill  Colony,  Illuppaiyurani","1.Iilluppaiyurani  (R.V)  And  (P)  Poornammal  Colony  Block  5  ,
2.Iilluppaiyurani  (R.V)  And  (P)  Mookaraipillaiyar  Kovil  Street  Block  5  , 999.OVERSEAS  ELECTORS",All  Voters,679,Tamilaga Vettri Kazhagam,271,203,68,Dravida Munnetra Kazhagam,2,3,4,1,8,11,8,6,11,5,11,11,11,11,11,8,6,11,11,11,11,10.01472754050074,18
173,154,175,38,0,0,0,2,211,0,1,0,0,0,0,0,1,0,0,0,0,0,582,0,3,585,0,Illuppaiyurani,"Government  High  School,  East  portion  west building  10th  class  room,  Loyal  Mill  Colony, Illuppaiyurani","1.Elupaiurani  (A.V)  And  (P)  Shanmuga  nagar  block  5  (Part)  , 999.OVERSEAS  ELECTORS",All  Voters,582,Tamilaga Vettri Kazhagam,211,175,36,Dravida Munnetra Kazhagam,2,3,4,1,8,8,8,5,8,6,8,8,8,8,8,6,8,8,8,8,8,6.185567010309279,2
174,96,108,35,1,0,2,1,190,0,3,0,0,0,0,0,0,2,0,0,0,0,438,0,1,439,0,Illuppaiyurani,"Government  High  School,  East  portion  Office room,  Loyal  Mill  Colony,  Illuppaiyurani","1.Elupaiurani  (A.V)  And  (P)  Shanmuga  nagar  block  5  ,  999.OVERSEAS ELECTORS",All  Voters,438,Tamilaga Vettri Kazhagam,190,108,82,Dravida Munnetra Kazhagam,2,3,4,1,8,10,6,8,10,5,10,10,10,10,10,10,6,10,10,10,10,18.72146118721461,5
175,99,87,19,0,0,0,0,116,0,0,0,0,0,0,0,0,0,0,1,0,0,322,0,3,325,0,Illuppaiyurani,"Government  High  School,  East  portion  9th class  room,  East  Side  Building  Loyal  Mill Colony  Illuppaiyurani","1.Elupaiurani  (R.V)  And  (P)  Mukarpillairkovil  Street  Block  5  , 999.OVERSEAS  ELECTORS",All  Voters,322,Tamilaga Vettri Kazhagam,116,99,17,All India Anna Dravida Munnetra Kazhagam,3,2,4,1,6,6,6,6,6,6,6,6,6,6,6,6,6,6,5,6,6,5.279503105590062,1
176,125,218,46,0,0,7,1,185,0,0,1,0,0,1,1,0,0,0,0,0,0,585,0,1,586,0,Vadakku Thittankulam,"Panchayat  Union  Middle  School,  South Building,  Western  Portion,  Vadakku Thittankulam","1.Thittankulam(R.V)  And  (p)  Muthuramalingathevar  colony  block  1  , 999.OVERSEAS  ELECTORS",All  Voters,585,Dravida Munnetra Kazhagam,218,185,33,Tamilaga Vettri Kazhagam,1,3,4,2,10,10,5,6,10,10,6,10,10,6,6,10,10,10,10,10,10,5.641025641025641,3
177,106,214,22,1,0,1,1,192,0,21,1,0,0,0,1,0,0,0,0,0,0,560,0,3,563,0,Shanmuga  Nagar Therkku Thittankulam,"Community  Hall,  South  side  building,  west side,  Shunmuganagar,  Therkku Thittankulam","1.Thittankulam  (R.V)And  (P)  Thozhil  Pettai  Block  1  ,  2.Thittankulam (R.V)And  (P)  Shanmuga  Nagar  block  1  ,  999.OVERSEAS  ELECTORS",All  Voters,560,Dravida Munnetra Kazhagam,214,192,22,Tamilaga Vettri Kazhagam,1,3,4,2,6,11,6,6,11,5,6,11,11,11,6,11,11,11,11,11,11,3.928571428571428,23
178,81,206,51,0,0,0,0,267,1,22,0,0,0,0,2,0,0,0,0,1,0,631,0,2,633,0,Therkku Thittankulam,Panchayat  Union  Library  Building Shanmuga  Nagar  Therkku  Thittankulam,"1.Thittankulam  (R.V)  And  (P)  Muthu  Nagar  Block  1  Door  No.  1  to  760 (Sl.No.From  1  to  739),  999.OVERSEAS  ELECTORS",All  Voters,631,Tamilaga Vettri Kazhagam,267,206,61,Dravida Munnetra Kazhagam,2,3,4,1,9,9,9,9,7,5,9,9,9,9,6,9,9,9,9,7,9,9.667194928684628,25
179,56,197,39,0,0,0,0,166,0,31,0,0,0,0,3,0,0,0,0,0,0,492,0,4,496,0,Therkku Thittankulam,"Community  Hall,  South  side  building,  East side,  Shunmuganagar,  South  Thittankulam","1.Thittankulam  (R.V)  And  (P)  Muthu  Nagar  Block  1  Door  No.  761  above (Sl.No.  740-1513)  2.Thittankulam  (R.V)  And  (P)  John  Nagar  Block  1, 999.OVERSEAS  ELECTORS",All  Voters,492,Dravida Munnetra Kazhagam,197,166,31,Tamilaga Vettri Kazhagam,1,3,4,2,7,7,7,7,7,5,7,7,7,7,6,7,7,7,7,7,7,6.300813008130081,34
180,139,176,26,0,0,8,0,187,0,0,0,0,0,0,0,0,1,2,0,0,0,539,0,1,540,0,Vadakku Thittankulam,"Panchayat  Union  Middle  School,  Southern Building,  Eastern  Portion  Vadakku Thittankulam","1.Thittankulam(R.V)  And(P)  MariappaNadar  Colony  Block  1  , 2.Thittankulam(R.V)  And  (P)  Poondhthota  Colony  Block  1  , 999.OVERSEAS  ELECTORS",All  Voters,539,Tamilaga Vettri Kazhagam,187,176,11,Dravida Munnetra Kazhagam,2,3,4,1,8,8,5,8,8,8,8,8,8,8,8,8,7,6,8,8,8,2.040816326530612,3
181,116,250,30,1,0,9,0,151,1,0,0,0,0,0,2,2,1,3,0,1,1,568,0,2,570,0,Vadakku Thittankulam,"Panchayat  Union  Middle  School,  North Building  East  side,  Vadakku  Thittankulam","1.Thittankulam  (R.V)  And  (P)  North  Thittankulam  Block  1  , 2.Thittankulam  (R.V)  And  (P)  North  Thittankulam  Block  2  , 999.OVERSEAS  ELECTORS",All  Voters,568,Dravida Munnetra Kazhagam,250,151,99,Tamilaga Vettri Kazhagam,1,3,4,2,9,14,5,14,9,14,14,14,14,14,7,7,9,6,14,9,9,17.42957746478873,10
182,98,220,23,1,0,8,0,80,0,0,0,0,1,0,1,2,2,1,1,0,1,439,0,2,441,0,Vadakku Thittankulam,"Panchayat  Union  Middle  School,  North  East building  3rd  Room  from  East,  Vadakku Thittankulam.","1.Thittankulam  (R.V)  And  (P)  Perumal  Kovil  Street  Block  2  , 2.Thittankulam  (R.V)  And  (P)  MainRoad  Street  Block  2  ,  3.Thittankulam (R.V)  And  (P)  Thevar  statue  Backside  Block  2  ,  4.Thittankulam  (R.V)
And(P)  Nayakkamar  Street  Block  2  ,  5.Thittankulam  (R.V)  And  (P)  North
Street  Block  2  ,  999.OVERSEAS  ELECTORS",All  Voters,439,Dravida Munnetra Kazhagam,220,98,122,All India Anna Dravida Munnetra Kazhagam,1,2,4,3,8,14,5,14,14,14,14,14,8,14,8,6,6,8,8,14,8,27.79043280182232,9
183,148,397,96,1,0,1,0,271,2,38,0,0,1,3,4,2,0,1,1,1,0,967,0,3,970,0,Therkuthittankulam,"Adi  Dravidar  Primary  School, East  Building  West  side, Therkuthittankulam","1.Thittankulam  (R.V)  And  (P)  South  thittankulam  melastreet  block  3  , 2.Thitankulam  (R.V)  And  (P)  SouthThitankualm  NorthStreet  Block  3  , 3.Thitankulam  (R.V)  And  (P)  SouthThitankualm  KeelaStreet  Block  3  , 4.Thitankulam  (R.V)  And  (P)  SouthThitankualm  South  Street  Block  3  , 999.OVERSEAS  ELECTORS",All  Voters,967,Dravida Munnetra Kazhagam,397,271,126,Tamilaga Vettri Kazhagam,1,3,4,2,10,16,10,16,8,5,16,16,10,7,6,8,16,10,10,10,16,13.02998965873837,51
184,138,334,76,2,0,0,2,206,0,20,0,0,0,0,0,0,0,1,1,0,0,780,0,1,781,0,Therku Thittankulam,"Adi  Dravidar  Primary  School,  West  Building Therku  Thittankulam","1.Souththittankulam(R.V)  And  (P)  South  street  block  3  , 2.SouthThittankulam  Street  (R.V)  And  (P)  Mela  Street  Block  3  , 999.OVERSEAS  ELECTORS",All  Voters,780,Dravida Munnetra Kazhagam,334,206,128,Tamilaga Vettri Kazhagam,1,3,4,2,6,10,10,6,10,5,10,10,10,10,10,10,10,8,8,10,10,16.41025641025641,22
185,148,297,85,1,0,0,0,277,1,41,0,1,0,0,2,3,1,3,1,1,1,863,0,2,865,0,Therku Thittankulam,"Adi  Dravidar  Primary  School,  East  Building, East  side   Therku  Thittankulam","1.SouthThittankulam  Street  (R.V)  And  (P)  Kaliammmankovil  Street  Block 3  ,  2.SouthThittankulam  Street  (R.V)  And  (P)  NehrujiColony  Block  3  , 3.SouthThittankulam  Street  (R.V)  And  (P)  Mela  Colony  (New  Colony)Block 3  ,  999.OVERSEAS  ELECTORS",All  Voters,863,Dravida Munnetra Kazhagam,297,277,20,Tamilaga Vettri Kazhagam,1,3,4,2,9,16,16,16,9,5,16,9,16,16,8,6,9,6,9,9,9,2.317497103128621,54
186,135,304,16,0,0,1,1,205,2,0,0,0,0,0,2,2,2,0,0,0,0,670,0,1,671,0,Gandhi  Nagar Kovilpatti,"Municipal  Primary  School  Old  Building, North  Side  Gandhi  Nagar  Kovilpatti","1.Kovilpatti  (M)  Muthuramalingar  Street  Ward  1  2.Kovilpatti  (M) Ramasami  Street  Ward  1  ,999.OVERSEAS  ELECTORS",All  Voters,670,Dravida Munnetra Kazhagam,304,205,99,Tamilaga Vettri Kazhagam,1,3,4,2,11,11,9,9,5,11,11,11,11,11,5,5,5,11,11,11,11,14.77611940298507,6
187,188,254,18,1,0,0,1,204,1,0,0,0,2,0,0,1,1,0,0,0,2,673,0,2,675,0,Gandhi  Nagar KovilPatti,Municipal  Primary  School  Old  Building South  Side  Gandhi  Nagar  KovilPatti,"1.Kovilpatti  (M)  JhawarlalNehru  Street  Ward  1  2.Kovilpatti  (M)
Kasthuribai  Street  No1  Ward  1  ,  3.Kovilpatti  (M)  Kasthuribai  Street  No2 Ward1  ,  999.OVERSEAS  ELECTORS",All  Voters,673,Dravida Munnetra Kazhagam,254,204,50,Tamilaga Vettri Kazhagam,1,3,4,2,7,12,12,7,7,12,12,12,5,12,12,7,7,12,12,12,5,7.429420505200595,6
188,137,284,28,0,1,6,5,255,0,0,0,0,0,1,3,0,0,1,1,1,0,723,0,7,730,0,Gandhi  Nagar Kovilpatti,"Municipal  Primary  School,  Middle  Portion, Gandhi  Nagar  Kovilpatti","1.Kovilpatti  (m)  Atthaikondan  road  ward  2,2.Kovilpatti  (m)  Atthaikondan Salai  ward  3.Kovilpatti  (M)  Gandhi  Nagar  Street  No1,Ward  2  4.Kovilpatti
(M)  Gandhi  Nagar  2nd  Street  Ward  2  999.OVERSEAS  ELECTORS",All  Voters,723,Dravida Munnetra Kazhagam,284,255,29,Tamilaga Vettri Kazhagam,1,3,4,2,13,8,5,6,13,13,13,13,13,8,7,13,13,8,8,8,13,4.011065006915629,7
189,181,302,48,0,1,1,15,331,0,1,1,0,0,0,0,1,0,2,0,0,1,885,0,2,887,0,Kovilpatti,"Child  Welfare  Center,  Ilayarasanenthal  Road, Kovilpatti","1.Kovilpatti  (M)  Natarajapuram  Street  Door  No.1to  50  Ward  3,  2.Kovilpatti
(M)  Natarajapuram  Street  Door  No.51  to  100  Ward  3  999.OVERSEAS ELECTORS",All  Voters,885,Tamilaga Vettri Kazhagam,331,302,29,Dravida Munnetra Kazhagam,2,3,4,1,13,7,7,5,13,7,7,13,13,13,13,7,13,6,13,13,7,3.27683615819209,6
190,208,230,58,0,1,2,23,392,1,0,1,0,1,1,1,2,1,0,1,1,0,924,0,3,927,0,Kovilpatti,Municipal  Library-2  East  side  building Illayarasandral  Road  Kovilpatti,"1.Kovilpatti  (M)  Natarajapuram  Street  Door  No.101  to  150  Ward  3 2.Kovilpatti  (M)  Natarajapuram  Street  Door  No.151  to  185  Ward  3, 999.OVERSEAS  ELECTORS",All  Voters,924,Tamilaga Vettri Kazhagam,392,230,162,Dravida Munnetra Kazhagam,2,3,4,1,17,8,6,5,8,17,8,17,8,8,8,6,8,17,8,8,17,17.53246753246753,9
191,109,163,49,1,0,1,10,271,1,1,0,0,0,2,1,2,1,0,0,0,0,612,0,2,614,0,Kovilpatti,Municipal  Library-1  West  side  building Illayarasandral  Road  Kovilpatti.,"1.Kovilpatti  (M)  Natarajapuram  Street  Door  No.186  to  200  Ward  3,  2. Kovilpatti  (M)  Natarajapuram  Street  Door  No.201  above  Ward  3, 999.OVERSEAS  ELECTORS",All  Voters,612,Tamilaga Vettri Kazhagam,271,163,108,Dravida Munnetra Kazhagam,2,3,4,1,8,14,8,5,8,8,14,14,14,6,8,6,8,14,14,14,14,17.64705882352941,7
192,206,235,44,0,0,0,4,259,0,0,0,1,0,0,0,0,2,1,0,0,0,752,0,3,755,0,Kovilpatti,"Poovalingam  Chettiar  Primary  School  North Side  Building,  Illayarasandral  road,
Kovilpatti","1.Kovilpatti  (M)  Gopal  Street  Ward  2  ,  2.Kovilpatti  (M)  Elaiyarasanandal Road  Ward  24  ,  3.Kovilpatti  (M)  Sathiram  North  Street  Ward4  ,
4.Kovilpatti  (M)  Sathiram  East  Street  Ward  4  ,  5.Kovilpatti  (M)
Krishnankovil  Street  Ward  4  ,  6.Kovilpatti  (M)  Pannai  Thottam  Road  Ward 4  ,  7.Kovilpatti  (M)  Saramariamman  Kovil  Street  No  1  Ward  23  , 999.OVERSEAS  ELECTORS",All  Voters,752,Tamilaga Vettri Kazhagam,259,235,24,Dravida Munnetra Kazhagam,2,3,4,1,9,9,9,5,9,9,9,7,9,9,9,9,6,7,9,9,9,3.191489361702128,4
193,234,273,35,1,0,3,0,303,0,0,0,0,0,0,1,0,1,0,0,0,0,851,0,1,852,0,Kovilpatti,"Poovalingam  Chettiar  Primary  School  South Side  Building,  Illayarasandral  road,
Kovilpatti","1.Kovilpatti  (M)  SaramariammanKovil  Street  No  2  Ward  4  ,  2.Kovilpatti
(M)  Jameenpettai  Street  Ward  23  ,  3.Kovilpatti  (M)  Periyar  Street  1  Ward 23  ,  4.Kovilpatti  (M)  Periyar  Street  2  Ward  23  5.Kovilpatti  (M)  Main  Road Ward  4  999.OVERSEAS  ELECTORS",All  Voters,851,Tamilaga Vettri Kazhagam,303,273,30,Dravida Munnetra Kazhagam,2,3,4,1,6,9,5,9,9,9,9,9,9,9,6,9,6,9,9,9,9,3.525264394829612,2
194,212,271,53,1,0,3,6,269,0,1,0,1,0,0,1,4,0,0,1,0,0,823,0,2,825,0,Kovilpatti,"Sankarakumar  Primary  School,  West  Side Kovilpatti","1.Kovilpatti  (M)  Sankaralingapuram  South  Street  1  Ward  5  ,  2.Kovilpatti
(M)  Sankaralingapuram  Nadu  Street  Ward  5  ,  3.Kovilpatti  (M)  Main  Road Ward  5  ,  4.Kovilpatti  (M)  Oodai  East  Street  Ward  5  ,  5.Kovilpatti(M) Sankaralingapuram  South  street  2  ward  5  ,  999.OVERSEAS  ELECTORS",All  Voters,823,Dravida Munnetra Kazhagam,271,269,2,Tamilaga Vettri Kazhagam,1,3,4,2,8,13,7,5,13,8,13,8,13,13,8,6,13,13,8,13,13,0.2430133657351154,8
195,222,227,79,2,0,0,0,188,0,7,0,0,0,1,0,2,2,0,6,0,0,736,0,3,739,0,Kovilpatti,"Sankarakumar  Primary  School,  Middle  Side Kovilpatti","1.Kovilpatti  (M)  Sankaralingapuram  East  Street  Ward  5  ,  2.Kovilpatti  (M) Sankaralingapuram  East  Street  No  2  Ward  5  ,  3.Kovilpatti  (M)  Thari  Office Street  Ward  5  ,  4.Kovilpatti  (M)  Gopalapuram  Street  Ward5  , 999.OVERSEAS  ELECTORS",All  Voters,736,Dravida Munnetra Kazhagam,227,222,5,All India Anna Dravida Munnetra Kazhagam,1,2,4,3,7,11,11,11,11,5,11,11,11,10,11,7,7,11,6,11,11,0.6793478260869565,18
196,229,228,37,0,0,2,2,239,0,2,0,1,1,0,3,3,1,2,1,2,0,753,0,1,754,0,Kovil  patti,"Sankarakumar  Primary  School,  Centre  Side Kovilpatti","1.Kovilpatti  (m)  Sankaralingapuram  North  Street  Ward  5  , 999.OVERSEAS  ELECTORS",All  Voters,753,Tamilaga Vettri Kazhagam,239,229,10,All India Anna Dravida Munnetra Kazhagam,3,2,4,1,16,16,7,7,16,7,16,12,12,16,5,5,12,7,12,7,16,1.328021248339973,16
197,203,240,58,2,1,0,2,291,0,1,0,0,1,1,1,1,2,3,0,0,0,807,0,1,808,0,Kovilpatti,"E.V.A.  Vallimuthu  Primary  School  East  Side, Kovilpatti","1.Kovilpatti  (m)  Velayuthapuram  melastreet  ward  6  ,  2.Kovilpatti  (M) Mayanam  Street  Ward  6  ,  3.Kovilpatti  (M)  Velayuthapuram  Street  No  4 Ward  6  ,  4.Kovilpatti  (M)  Velayuthapuram  Street  No5  Ward6  , 999.OVERSEAS  ELECTORS",All  Voters,807,Tamilaga Vettri Kazhagam,291,240,51,Dravida Munnetra Kazhagam,2,3,4,1,6,9,15,6,15,9,15,15,9,9,9,9,6,5,15,15,15,6.319702602230483,10
198,235,273,89,2,0,0,1,264,2,0,0,0,0,1,1,2,0,1,1,0,0,872,0,1,873,0,Kovilpatti,"E.V.A.  Vallimuthu  Primary  School,  West Side,  Kovilpatti","1.Kovilpatti  (M)  Velayuthapuram  Nadu  Street  Ward  6  ,  2.Kovilpatti  (M) Velayuthapuram  3rdStreet  Ward  6  ,  3.Kovilpatti  (M)  Main  Road  Ward  6  , 4.Kovilpatti  (M)  Agriculture  Form  Ward  6  ,  5.Kovilpatti  (M) Velayuthapuram  6th  Street  Ward  6  ,  999.OVERSEAS  ELECTORS",All  Voters,872,Dravida Munnetra Kazhagam,273,264,9,Tamilaga Vettri Kazhagam,1,3,4,2,5,13,13,8,5,13,13,13,13,8,8,5,13,8,8,13,13,1.032110091743119,6
199,32,201,18,1,0,0,0,108,1,0,0,0,0,0,0,0,0,0,0,0,0,361,0,2,363,0,North Puthugramam Kovilpatti,"Vivek  Nursury  and  Primary  School,  West Building  South  Portion,  North  Puthugramam Kovilpatti","1.Kovilpatti  (M)  Street  No2  Loyal  Mill  NorthLine  Ward  13  ,  2.Kovilpatti  (M) Main  Raod  Ward  6  ,  3.Kovilpatti  (M)  Mohamad  Saliyapuram  Masque
Street  No2  Ward  13  ,  999.OVERSEAS  ELECTORS",All  Voters,361,Dravida Munnetra Kazhagam,201,108,93,Tamilaga Vettri Kazhagam,1,3,4,2,5,7,7,7,5,7,7,7,7,7,7,7,7,7,7,7,7,25.76177285318559,0
200,46,343,13,1,0,0,0,157,1,0,0,0,0,0,0,0,0,0,1,0,0,562,0,0,562,0,North Puthugramam Kovilpatti,"Vivek  Nursury  and  Primary  School,  East Building  South  Portion,  North  Puthugramam Kovilpatti","1.Kovilpatti  (M)  Mohamad  Saliyapuram  Masque  Street  No1  Ward  13  , 999.OVERSEAS  ELECTORS",All  Voters,562,Dravida Munnetra Kazhagam,343,157,186,Tamilaga Vettri Kazhagam,1,3,4,2,5,8,8,8,5,8,8,8,8,8,8,8,8,8,5,8,8,33.09608540925267,1
201,108,126,20,0,0,0,3,270,0,0,0,1,0,0,0,0,1,0,0,0,0,529,0,0,529,0,Puthugramam Kovilpatti,"Vivek  Nursury  and  Primary  School,  East Building  North  Portion,  North  Puthugramam Kovilpatti","1.Kovilpatti  (M)  LoyalMill  Colony  Bagalaw  Street  Ward  6  ,  2.Kovilpatti  (M) Mill  Street  Ward  12  ,  3.Kovilpatti  (M)  Bangalaw  Street  Ward  12  ,
4.Kovilpatti  (M)  North  New  Village  Street4  Ward  7  ,  Door  No.,1  to  60
(Sl.No.  1  to  620),  999.OVERSEAS  ELECTORS",All  Voters,529,Tamilaga Vettri Kazhagam,270,126,144,Dravida Munnetra Kazhagam,2,3,4,1,8,8,8,5,8,8,8,6,8,8,8,8,6,8,8,8,8,27.22117202268431,2
202,88,79,10,2,0,1,0,147,0,0,0,1,0,1,1,0,0,0,0,0,0,330,0,1,331,0,Puthugramam Kovilpatti,"Vivek  Nursury  and  Primary  School,  West Building  North  Portion,  North  Puthugramam Kovilpatti","1.Kovilpatti  (M)  North  New  Village  Street4  Ward  7  ,  Door  No  61  above (Sl.No  621  to  1339),  999.OVERSEAS  ELECTORS",All  Voters,330,Tamilaga Vettri Kazhagam,147,88,59,All India Anna Dravida Munnetra Kazhagam,3,2,4,1,5,10,6,10,10,10,10,6,10,6,6,10,10,10,10,10,10,17.87878787878788,3
203,130,161,30,2,0,1,0,190,1,0,0,1,0,0,2,0,2,1,1,0,0,522,0,0,522,0,Pudugramam Kovilpatti,"Illathar  Middle  School,  South  Bulilding South  Portion  VII  C  Class  room, Pudugramam  Kovilpatti","1.Kovilpatti  (m)  North  newvillage  stree1  ward13  ,  999.OVERSEAS ELECTORS",All  Voters,522,Tamilaga Vettri Kazhagam,190,161,29,Dravida Munnetra Kazhagam,2,3,4,1,5,13,8,13,8,13,13,8,13,13,5,13,5,8,8,13,13,5.555555555555555,7
204,138,144,24,1,0,3,1,280,0,1,0,0,0,0,1,1,0,0,0,0,0,594,0,2,596,0,Pudugramam Kovilpatti,"Illathar  Middle  School,  South  Bulilding South  Portion  VII  B  Class  room, Pudugramam  Kovilpatti","1.Kovilpatti  (M)  North  New  Village  Street  No2  Ward13  ,  2.Kovilpatti  (M) North  New  Village  Street  No3  Ward  No  7  ,  999.OVERSEAS  ELECTORS",All  Voters,594,Tamilaga Vettri Kazhagam,280,144,136,Dravida Munnetra Kazhagam,2,3,4,1,6,11,5,6,11,6,11,11,11,11,6,6,11,11,11,11,11,22.8956228956229,3
205,78,205,29,0,0,1,1,241,0,0,0,0,0,0,1,3,1,1,0,0,0,561,0,0,561,0,Pudugramam Kovilpatti,"Illathar  Middle  School  Southern  Building, Middle  Portion  Pudugramam  Kovilpatti","1.Kovilpatti  (m)  Thiruvalluvar  nagar  street1  ward  9  Door  No  1  to  100 (Sl.No.1  to  742,  )  999.OVERSEAS  ELECTORS",All  Voters,561,Tamilaga Vettri Kazhagam,241,205,36,Dravida Munnetra Kazhagam,2,3,4,1,11,11,6,6,11,11,11,11,11,11,6,5,6,6,11,11,11,6.417112299465241,6
206,107,179,17,1,0,5,1,203,0,1,1,1,0,1,2,0,0,0,0,0,0,519,0,4,523,0,Pudugramam Kovilpatti,"Illathar  Middle  School  Southern  Building, West  Portion  Pudugramam  Kovilpatti",1.Kovilpatti  (m)  Thiruvalluvar  nagar  street1  ward  9  Door  No.  101  above Sl.No.743  to  1466)  999.OVERSEAS  ELECTORS,All  Voters,519,Tamilaga Vettri Kazhagam,203,179,24,Dravida Munnetra Kazhagam,2,3,4,1,7,13,5,7,13,7,7,7,13,7,6,13,13,13,13,13,13,4.624277456647398,6
207,182,233,52,1,0,3,2,354,1,0,1,0,2,2,0,2,2,2,0,0,1,840,0,3,843,1,Kovilpatti,"Illathar  Middle  School
North  Side  Western  Portion  Pudugrammam Kovilpatti","1.Kovilpatti  (m)  Thiruvalluvar  nagar  street  2  ward  9  ,  2.Kovilpatti  (M) Thiruvalluvar  Nagar  3rd  Street  ward  9  ,  3.Kovilpatti  (M)  North  New  Village Street5  Ward  7  ,  4.Kovilpatti  (M)  North  New  Village  Street  6  Ward  7  , 999.OVERSEAS  ELECTORS",All  Voters,840,Tamilaga Vettri Kazhagam,354,233,121,Dravida Munnetra Kazhagam,2,3,4,1,12,16,5,6,12,16,12,16,6,6,16,6,6,6,16,16,12,14.4047619047619,12
208,151,158,31,0,0,1,1,297,1,0,1,0,1,1,0,0,0,0,0,0,0,643,0,3,646,0,"pudhugrammam, Kovilpatti","Municiple  Library  main  road, pudhugrammam,  Kovilpatti","1.Kovilpatti  (m)  New  village  main  road  ward  7  ,  999.OVERSEAS ELECTORS",All  Voters,643,Tamilaga Vettri Kazhagam,297,158,139,Dravida Munnetra Kazhagam,2,3,4,1,11,11,5,5,5,11,5,11,5,5,11,11,11,11,11,11,11,21.61741835147745,3
209,140,174,30,1,0,1,1,274,0,0,0,0,0,0,1,2,0,0,1,2,0,627,0,1,628,0,"Pudhugrammam, Kovilpatti","Child  Welfare  Center,  Pudhugrammam, Kovilpatti","1.Kovilpatti  (m)  New  village  main  road  ward  7  ,  999.OVERSEAS ELECTORS",All  Voters,627,Tamilaga Vettri Kazhagam,274,174,100,Dravida Munnetra Kazhagam,2,3,4,1,7,12,7,7,12,12,12,12,12,12,7,5,12,12,7,5,12,15.94896331738437,6
210,154,206,35,0,0,0,0,306,0,0,0,0,0,0,0,1,1,1,0,0,0,704,0,3,707,0,Pudugiramam Kovilpatti,"Illatthar  Middle  School,  North  Side  South Pudugiramam  Kovilpatti","1.Kovilpatti  (m)  Oodai  street  ward  8  ,  2.Kovilpatti  (M)  South  New  Village Street  No1  Ward  8  ,  999.OVERSEAS  ELECTORS",All  Voters,704,Tamilaga Vettri Kazhagam,306,206,100,Dravida Munnetra Kazhagam,2,3,4,1,8,8,8,8,8,8,8,8,8,8,8,5,5,5,8,8,8,14.20454545454546,3
211,130,194,33,0,1,0,0,268,0,0,0,0,0,0,1,1,0,0,1,0,0,629,0,2,631,0,South Pudugiramam Kovilpatti,"Illatthar  Middle  School,  South  Side  South Pudugiramam  Kovilpatti","1.Kovilpatti  (M)  Oodai  Street  Ward  8  ,  2.Kovilpatti  (M)  South  New  Village Street  No2  Ward8  ,  3.Kovilpatti  (M)  South  New  Village  Street  3  Ward  12  , 999.OVERSEAS  ELECTORS",All  Voters,629,Tamilaga Vettri Kazhagam,268,194,74,Dravida Munnetra Kazhagam,2,3,4,1,9,5,9,9,9,9,9,9,9,9,5,5,9,9,5,9,9,11.76470588235294,3
212,100,90,29,0,0,0,1,148,0,0,0,0,1,0,0,0,0,0,0,0,0,369,0,5,374,0,Kovilpatti,"Community  Hall,  Kadalaiyoor  Road, Kovilpatti","1.Kovilpatti  (M)  Banglaw  Street1  Ward  12  ,  2.Kovilpatti  (M)  Kadalaiyur Main  RoadWard12  ,  999.OVERSEAS  ELECTORS",All  Voters,369,Tamilaga Vettri Kazhagam,148,100,48,All India Anna Dravida Munnetra Kazhagam,3,2,4,1,7,7,7,5,7,7,7,7,5,7,7,7,7,7,7,7,7,13.00813008130081,1
213,170,268,63,0,0,3,0,345,0,0,0,0,1,0,0,0,1,1,0,0,1,853,0,1,854,0,Kovilpatti,"Loyal  Textile  Mills  Middle  School,  From  East Portion,  East  Side  Class  Room  No.1
Kovilpatti","1.Kovilpatti  (M)  Bangalaw  Street  2  Ward  11  ,  2.Kovilpatti  (M)  Bangalaw Street  Kadalyur  Road  ,  999.OVERSEAS  ELECTORS",All  Voters,853,Tamilaga Vettri Kazhagam,345,268,77,Dravida Munnetra Kazhagam,2,3,4,1,10,10,5,10,10,10,10,10,6,10,10,10,6,6,10,10,6,9.026963657678781,4
214,139,203,27,0,0,2,1,176,1,1,0,0,0,0,0,0,0,0,0,1,0,551,0,2,553,0,Kovilpatti,"Loyal  Textile  Mills  Middle  School,  From  East Portion,First  and  Second  Std  ABL-2
Kovilpatti","1.Kovilpatti  (m)  Thiruvalluvar  nagar  street  3  ward  9  ,  999.OVERSEAS ELECTORS",All  Voters,551,Dravida Munnetra Kazhagam,203,176,27,Tamilaga Vettri Kazhagam,1,3,4,2,10,10,5,6,6,6,10,10,10,10,10,10,10,10,10,6,10,4.900181488203267,2
215,130,139,30,0,1,0,0,207,0,3,0,0,0,0,0,0,8,2,0,1,0,521,0,0,521,0,Kovilpatti,"Loyal  Textile  Mills  Middle  School,  From  East Portion,First  and  Second  Std  ABL-3
Kovilpatti","1.Kovilpatti  (M)  Thiruvalluvar  Nagar  Street  4  Ward10  ,  999.OVERSEAS ELECTORS",All  Voters,521,Tamilaga Vettri Kazhagam,207,139,68,Dravida Munnetra Kazhagam,2,3,4,1,10,8,10,10,10,6,10,10,10,10,10,10,5,7,10,8,10,13.05182341650672,14
216,117,152,27,2,0,0,1,205,0,0,0,0,0,0,0,1,0,1,0,0,0,506,0,3,509,0,Bungalow  Street Kovilpatti,"Municipal  Primary  School,  South  New Building,  East  Room,  Bungalow  Street, Kovilpatti.","1.Kovilpatti  (m)  Kaliyappar  street  ward  14  ,  2.Kovilpatti  (M)  Mill  Street Ward14  ,  3.Kovilpatti  (M)  New  Road  Ward  15  ,999.OVERSEAS  ELECTORS",All  Voters,506,Tamilaga Vettri Kazhagam,205,152,53,Dravida Munnetra Kazhagam,2,3,4,1,5,9,9,6,9,9,9,9,9,9,9,6,9,6,9,9,9,10.47430830039526,2
217,102,111,17,0,0,1,1,193,0,0,0,1,0,2,0,0,0,0,0,0,0,428,0,3,431,0,"Bungalow  Street, Kovilpatti","Municipal  Primary  School,  South  New Building,  Middle  Room,  Bungalow  Street, Kovilpatti.","1.Kovilpatti  (M)  Kaliyappar  Compound  Ward  12  ,  2.Kovilpatti  (M) Sellapandiyan  Street  Ward  12  ,  3.Kovilpatti  (M)  Police  Colony  Ward  12  , 999.OVERSEAS  ELECTORS",All  Voters,428,Tamilaga Vettri Kazhagam,193,111,82,Dravida Munnetra Kazhagam,2,3,4,1,9,9,6,6,9,9,9,6,9,5,9,9,9,9,9,9,9,19.1588785046729,3
218,90,168,26,0,0,1,1,132,1,5,0,0,0,1,1,0,1,0,0,0,0,427,0,2,429,0,Bunglow  street Kovilpatti,"Municipal  Primary  School  South  new building,  West  Room,  Bunglow  street Kovilpatti","1.Kovilpatti  (m)  Thiruvalluvar  nagar  street  5  ward  9  ,
2.Kovilpatti  (M)  Thiruvalluvar  Nagar  Street  6  Ward  9  , 3.Kovilpatti  (M)  Kadalyur  Main  Road  Ward  10  ,
4.Kovilpatti  (M)  State  Bank  colony  Ward  10  ,  999.OVERSEAS
ELECTORS",All  Voters,427,Dravida Munnetra Kazhagam,168,132,36,Tamilaga Vettri Kazhagam,1,3,4,2,12,12,6,6,6,5,12,12,12,6,6,12,6,12,12,12,12,8.430913348946136,8
219,147,115,28,2,0,0,0,152,0,0,0,0,0,0,0,0,1,0,0,0,0,445,0,2,447,0,Bunglow  street Kovilpatti,"Municipal  Primary  School  North  East  side, North  Building,  Bunglow  street  Kovilpatti","1.Kovilpatti  (M)  E.S.I.  kalani  ward  12  ,  2.Kovilpatti  (M)  Hussain  Street Ward  11  ,  3.Kovilpatti  (M)  Palaniandaver  Koil  Street  Ward  11, 999.OVERSEAS  ELECTORS",All  Voters,445,Tamilaga Vettri Kazhagam,152,147,5,All India Anna Dravida Munnetra Kazhagam,3,2,4,1,5,7,7,7,7,7,7,7,7,7,7,7,6,7,7,7,7,1.123595505617978,1
220,116,102,20,1,0,0,0,143,0,0,0,0,0,0,0,1,0,0,0,0,0,383,0,1,384,0,New  Road  Kovilpatti,"Municipal  Middle  School  North  Building, Middle  Room,  New  Road  Kovilpatti","1.Kovilpatti  (M)  Ettaiyapuram  Road  Ward  35  , 2.Kovilpatti  (M)  Kasirajan  Street  Ward  11  ,
3.Kovilpatti  (M)  Nehru  Street  Ward  11  ,
4.Kovilpatti  (M)  Kamarajar  Street  Ward  11  ,  999.OVERSEAS  ELECTORS",All  Voters,383,Tamilaga Vettri Kazhagam,143,116,27,All India Anna Dravida Munnetra Kazhagam,3,2,4,1,5,7,7,7,7,7,7,7,7,7,7,5,7,7,7,7,7,7.049608355091384,1
221,84,126,31,0,0,0,0,131,0,1,0,1,0,0,0,1,0,0,0,0,0,375,0,1,376,0,New  Road  Kovilpatti,"Municipal  Middle  School,  South  Building, Middle  Room,  New  Road  Kovilpatti","1.Kovilpatti  (M)  Bangala  Street  5  Ward  11  , 2.Kovilpatti  (M)  Bangala  Street  4  Ward  11  , 3.Kovilpatti  (M)  Bangala  Street  3  Ward  11  , 4.Kovilpatti  (M)  Bangala  Street  Ward  6  ,
5.Kovilpatti  (M)  Perumal  Street  Ward  15  ,  999.OVERSEAS  ELECTORS",All  Voters,375,Tamilaga Vettri Kazhagam,131,126,5,Dravida Munnetra Kazhagam,2,3,4,1,8,8,8,8,8,5,8,5,8,8,8,5,8,8,8,8,8,1.333333333333333,3
222,206,204,42,0,0,1,1,309,0,0,0,0,0,0,0,0,0,0,0,0,0,763,0,2,765,0,New  Road  Kovilpatti,"Municipal  Middle  School,  South  Building, West  Room,  New  Road,  Kovilpatti","1.Kovilpatti  (M)  Old  Post  office  Street  Ward  15  ,  2.Kovilpatti  (M)
Muthaiyammal  Street  Ward  14  ,  3.Kovilpatti  (M)  Alwar  Street  Sandu  1 Ward  14  ,  4.Kovilpatti  (M)  Alwar  Street  1  Ward  14  ,  999.OVERSEAS ELECTORS",All  Voters,763,Tamilaga Vettri Kazhagam,309,206,103,All India Anna Dravida Munnetra Kazhagam,3,2,4,1,7,7,5,5,7,7,7,7,7,7,7,7,7,7,7,7,7,13.49934469200524,0
223,139,148,28,0,0,0,1,207,0,1,0,0,0,0,1,0,0,1,0,0,0,526,0,3,529,0,Kovilpatti,"Municipal  Middle  School,  South  Building, East  Room,  New  Road,  Kovilpatti","1.Kovilpatti  (M)  Alwar  Street  2  Ward  14  ,  2.Kovilpatti  (M)  Mil  Street  sandu 1  Ward  14  ,  3.Kovilpatti  (M)  MIl  Street  Sandu  2  Ward  14  ,  4.Kovilpatti  (M) Thanukodiyapuram  Pillaiar  Ward  15  ,  5.Kovilpatti  (M)  Pudu  Road  Ward 15  ,  999.OVERSEAS  ELECTORS",All  Voters,526,Tamilaga Vettri Kazhagam,207,148,59,Dravida Munnetra Kazhagam,2,3,4,1,9,9,9,5,9,5,9,9,9,9,5,9,9,5,9,9,9,11.21673003802281,3
224,201,133,41,2,1,0,0,297,0,0,1,0,0,0,0,0,1,3,0,1,0,681,0,3,684,0,Kovilpatti,"Vaniga  Vaisia  Middle  School,  East  Building Main  Room  Kovilpatti","1.Kovilpatti  (m)  Soundrapandian  Street  Ward  15  ,  2.Kovilpatti  (M) Thanukadiyapuram  Street  Ward  15  ,  3.Kovilpatti  (M)  Arunachallam
Peattai  Street  Ward  15  ,  4.Kovilpatti  (M)  Thanukodiyapuram  Pudutheru
Ward  15  ,  5.Kovilpatti  (M)  Ramalingar  Street  Ward  4  ,  999.OVERSEAS ELECTORS",All  Voters,681,Tamilaga Vettri Kazhagam,297,201,96,All India Anna Dravida Munnetra Kazhagam,3,2,4,1,6,7,11,11,11,11,7,11,11,11,11,11,7,5,11,7,11,14.09691629955947,6
225,264,149,58,1,0,0,1,297,0,1,0,2,0,1,0,1,3,1,0,0,0,779,0,3,782,0,Kovilpatti,Vaniga  Vaisia  Middle  School  South  Side  3rd Room  main  Building  Kovilpatti,"1.Kovilpatti  (M)  Thanukkodiayapuram  Pilaiar  Kovil  tenvadal  Sandu  , 2.Kovilpatti  (M)  Patirakaliamman  koil  street  ward  16  ,  3.Kovilpatti  (M) Kadalikaratheru  North  line  ward  16  ,  4.Kovilpatti  (M)  Kadalikarastreet North  line  ward  17  999.OVERSEAS  ELECTORS",All  Voters,779,Tamilaga Vettri Kazhagam,297,264,33,All India Anna Dravida Munnetra Kazhagam,3,2,4,1,7,13,13,7,13,7,13,6,13,7,13,7,5,7,13,13,13,4.236200256739409,9
226,241,205,59,0,0,0,1,318,0,0,0,0,0,0,1,0,1,1,0,0,0,827,0,3,830,0,Kovilpatti,"Nadar  Middle  School,  Main  Building  North Portion  Kovilpatti","1.Kovilpatti  (m)  Soundrapandian  street  ward  15  16  ,  2.Kovilpatti  (M) Kadalikara  street  south  line  ward  17  ,  3.Kovilpatti  (M)  Kadalikara  Street sandu  1  ward  16  ,  4.Kovilpatti  (M)  Kadalaikara  Street  sandu  2  ward  16  , 5.Kovilpatti  (M)  Chekadistreet1  Ward  17  ,  999.OVERSEAS  ELECTORS",All  Voters,827,Tamilaga Vettri Kazhagam,318,241,77,All India Anna Dravida Munnetra Kazhagam,3,2,4,1,9,9,9,5,9,9,9,9,9,9,5,9,5,5,9,9,9,9.310761789600967,3
227,118,138,28,1,0,0,0,206,0,1,0,0,0,1,0,0,0,0,0,0,1,494,0,2,496,0,Kovilpatti,"Nadar  Middle  School,  Main  Building  South Portion  Kovilpatti","1.Kovilpatti  (M)  Rotrix  street  ward  19  , 2.Kovilpatti  (M)  School  street  ward  17,
3.Kovilpatti  (M)  Pallivasal  street  ward  17,  999.OVERSEAS  ELECTORS",All  Voters,494,Tamilaga Vettri Kazhagam,206,138,68,Dravida Munnetra Kazhagam,2,3,4,1,5,9,9,9,9,5,9,9,9,5,9,9,9,9,9,9,5,13.76518218623482,3
228,97,114,23,1,0,0,0,168,1,1,0,0,1,1,0,1,0,0,0,0,0,408,0,1,409,0,Kovilpatti,"Nadar  Middle  School,  Main  Building  Middle Portion  Kovilpatti","1.Kovilpatti  (M)  Sekkadi  street  2  ward  19  ,  999.OVERSEAS  ELECTORS",All  Voters,408,Tamilaga Vettri Kazhagam,168,114,54,Dravida Munnetra Kazhagam,2,3,4,1,5,11,11,11,5,5,11,11,5,5,11,5,11,11,11,11,11,13.23529411764706,4
229,119,163,38,0,0,0,0,231,0,0,0,1,0,0,0,0,0,0,1,0,0,553,0,5,558,0,Kovilpatti,"Govt.  Girls.  Hr.  Sec.  School,
Library  Back  side  Building  North  Room, Kovilpatti","1.Kovilpatti(M)  Thangammal  Street  ward  18  , 2.Kovilpatti  (M)  Ambadkar  street  ward  18  ,
3.Kovilpatti  (M)  Oorani  Street  3  ward  18  ,  999.OVERSEAS  ELECTORS",All  Voters,553,Tamilaga Vettri Kazhagam,231,163,68,Dravida Munnetra Kazhagam,2,3,4,1,7,7,7,7,7,7,7,5,7,7,7,7,7,7,5,7,7,12.29656419529837,2
230,99,99,14,0,1,0,3,110,2,0,0,1,1,0,0,0,0,1,0,0,0,331,0,1,332,0,Kovilpatti,"Govt.  Girls.  Hr.  Sec.  School,
Library  Back  side  Building  South  Room, Kovilpatti","1.Kovilpatti  (M)  Chekadi  street  1  ward  17  ,  2.Kovilpatti  (M)  Karuppsamy kovilStreet  ward  16  ,
3.Kovilpatti  (M)  Bharathidosan  Street  Ward  20  ,
4.Kovilpatti  (M)  Oorani  mela  Street  ward  20,  999.OVERSEAS  ELECTORS",All  Voters,331,Tamilaga Vettri Kazhagam,110,99,11,Dravida Munnetra Kazhagam,2,2,4,1,11,7,11,5,6,11,11,7,7,11,11,11,11,7,11,11,11,3.323262839879154,3
231,119,153,31,1,0,0,0,214,1,4,0,0,1,0,0,2,0,0,0,0,0,526,0,2,528,0,Kovilpatti,"Govt.  Girls.  Hr.  Sec.  School,
Front  New  Building,  North  Facing  room, Kovilpatti","1.Kovilpatti  (m)  Teppakkulan  street  ward  18  ,2.Kovilpatti  (M)  Govt.  Office Street  ward  19,  3.Kovilpatti  (M)  Sivankovil  Street  ,  4.Kovilpatti  (M) Ettaiyapuram  Road  ,  999.OVERSEAS  ELECTORS",All  Voters,526,Tamilaga Vettri Kazhagam,214,153,61,Dravida Munnetra Kazhagam,2,3,4,1,7,10,10,10,7,5,10,10,7,10,10,6,10,10,10,10,10,11.59695817490494,7
232,163,141,43,1,0,2,1,283,0,0,0,0,0,0,0,1,1,0,0,0,0,636,0,2,638,0,Kovilpatti,"Govt  Girls  Hr  Sec  School,  West  Block  north facing  building,  East  Room,  Kovilpatti","1.Kovilpatti  (M)  Chekadi  street  3  Ward  19  ,  OVERSEAS  ELECTORS",All  Voters,636,Tamilaga Vettri Kazhagam,283,163,120,All India Anna Dravida Munnetra Kazhagam,3,2,4,1,6,10,5,6,10,10,10,10,10,10,10,6,6,10,10,10,10,18.86792452830189,2
233,179,124,47,0,0,0,1,229,1,1,0,0,0,1,0,0,0,1,0,0,0,584,0,1,585,0,Kovilpatti,"Govt  Girls  Hr  Sec  School,  West  Block  north facing  building,  West  Room,  Kovilpatti","1.Kovilpatti  (m)  OoraniStreet  2  Ward  18  ,  2.Kovilpatti  (M)  Oorani  Street  1 Ward  18  ,  3.Kovilpatti  (M)  Ettaiyapuram  road  Ward  21  ,  4.Kovilpatti  (M) Bhawathsingh  Street  ward  21  ,  999.OVERSEAS  ELECTORS",All  Voters,584,Tamilaga Vettri Kazhagam,229,179,50,All India Anna Dravida Munnetra Kazhagam,3,2,4,1,10,10,10,5,5,5,10,10,10,5,10,10,10,5,10,10,10,8.561643835616438,3
234,224,180,36,0,1,0,1,225,0,1,0,0,0,1,0,0,0,1,1,1,0,672,0,5,677,0,Kovilpatti,"Visvagarma  High  School,  North  New  Building Kovilpatti","1.Kovilpatti  (m)  South  bazhar  ward  18  ,  2.Kovilpatti  (M)  Mudukkthstreet  1 ward  18  ,  3.Kovilpatti  (M)  Mudukkuth  Street  2  ward  18  ,  4.Kovilpatti  (M) Vilvamarathadi  sandu  Ward  18  ,  5.Kovilpatti  (M)  Kangayankovilstreet Ward  18  ,  6.Kovilpatti  (M)  Kasukkarastreet  Ward  18  ,  7.Kovilpatti  (M)
Melarathaveethi  Ward  22  ,  8.Kovilpatti  (M)  Kannivinayagarkovil  street
ward  22  ,  999.OVERSEAS  ELECTORS",All  Voters,672,Tamilaga Vettri Kazhagam,225,224,1,All India Anna Dravida Munnetra Kazhagam,3,2,4,1,12,5,12,5,12,5,12,12,12,5,12,12,12,5,5,5,12,0.1488095238095238,5
235,123,121,20,0,1,1,0,179,0,0,0,0,0,0,0,1,0,2,0,1,0,449,0,1,450,0,Kovilpatti,"Ayira  Vaisya  Hr.Sec.School,  room  no.1, North  facing,  Kovilpatti","1.Kovilpatti  (m)  Santhaipettai  street  ward  22  ,
2.Kovilpatti  (M)  MathaKoil  Street  Ward  22  ,  3.Kovilpatti  (M)
MuthananthpuramStreet  1  ward  22,  999.OVERSEAS  ELECTORS",All  Voters,449,Tamilaga Vettri Kazhagam,179,123,56,All India Anna Dravida Munnetra Kazhagam,3,2,4,1,10,6,6,10,10,10,10,10,10,10,10,6,10,5,10,6,10,12.47216035634744,4
236,78,111,27,0,0,1,1,144,0,0,0,0,0,0,0,0,0,0,0,1,0,363,0,2,365,0,Kovilpatti,"Ayira  Vaisya  Hr.Sec.School,  room  no.4, North  facing  Kovilpatti","1.Kovilpatti  (M)  Muthananthapuram  Street  Ward  22,
2.Kovilpatti  (M)  Main  road  Ward  22  ,  3.Kovilpatti  (M)  Chokanooranistreet Ward  21,
4.Kovilpatti  (M)  Asiramam  Street  Ward  21,  999.OVERSEAS  ELECTORS",All  Voters,363,Tamilaga Vettri Kazhagam,144,111,33,Dravida Munnetra Kazhagam,2,3,4,1,8,8,5,5,8,8,8,8,8,8,8,8,8,8,8,5,8,9.090909090909092,1
237,157,201,29,2,0,1,1,208,0,0,0,1,0,0,1,0,1,1,1,1,0,605,0,1,606,0,Kovilpatti,"Child  Welfare  Centre,  East  facing,  Tirunelveli Main  Road,  Kovilpatti","1.Kovilpatti  (m)  Dhasinamoorthi  kovil  street  ,  2.Kovilpatti  (M)  Srinivasa agirakaram  ,  3.Kovilpatti  (M)  Mainroad  ,  4.Kovilpatti  (M)  Dalduraibangala street  ,  999.OVERSEAS  ELECTORS",All  Voters,605,Tamilaga Vettri Kazhagam,208,201,7,Dravida Munnetra Kazhagam,2,3,4,1,5,14,6,6,14,14,14,6,14,14,6,14,6,6,6,6,14,1.15702479338843,6
238,178,142,16,0,0,1,0,212,0,0,0,0,0,0,0,0,0,0,0,0,0,549,0,1,550,0,Kovilpatti,"Lakkumi  Alai  Primary  school,  North  facing, East  side
East  Colony  Kovilpatti","1.Kovilpatti  (M)  Lakashmipuram  ,  2.Kovilpatti  (M)  Park  East  Street  , 3.Kovilpatti  (M)  V.O.C  Nagar  6  street  ,  4.Kovilpatti  (M)  V.O.C.  nagar  5 Street  ,  999.OVERSEAS  ELECTORS",All  Voters,549,Tamilaga Vettri Kazhagam,212,178,34,All India Anna Dravida Munnetra Kazhagam,3,2,4,1,6,6,5,6,6,6,6,6,6,6,6,6,6,6,6,6,6,6.193078324225866,0
239,149,137,20,0,1,1,2,210,0,0,0,0,0,0,0,0,1,0,0,0,0,521,0,0,521,0,Kovilpatti,"Ayira  Vaisya  Hr,sec.school,  west  side  room no.6,  Kovilpatti","1.Kovilpatti  (M)  V.O.C.  Nagar  1  ,  2.Kovilpatti  (M)  V.O.C  nagar  3  , 999.OVERSEAS  ELECTORS",All  Voters,521,Tamilaga Vettri Kazhagam,210,149,61,All India Anna Dravida Munnetra Kazhagam,3,2,4,1,9,6,6,5,9,9,9,9,9,9,9,9,6,9,9,9,9,11.70825335892514,1
240,156,120,20,0,0,0,1,217,0,0,0,0,0,0,0,1,0,1,0,1,0,517,0,1,518,0,Kovilpatti,"Ayira  Vaisiya  Hr,  Sec  School
Centre  side  Building  Hall  No  5,  Kovilpatti","1.Kovilpatti  (M)  V.O.C.  Nagar  2  ,  2.Kovilpatti  (M)  V.O.C.  Nagar  4  ,3. Kovilpatti  (M)  Kathiresan  Kovil  Street  Road  Santhu  999.OVERSEAS ELECTORS",All  Voters,517,Tamilaga Vettri Kazhagam,217,156,61,All India Anna Dravida Munnetra Kazhagam,3,2,4,1,9,9,9,5,9,9,9,9,9,9,9,5,9,5,9,5,9,11.79883945841393,3
241,236,158,43,1,0,1,0,256,2,1,0,0,0,0,0,0,0,0,0,0,0,698,0,2,700,0,Bharthi  Nagar Mettu  Street Kovilpatti,"Punitha  Ohm  Convent  Matric  School,  North face  West  building,  UKG  B  class  Room,
Kovilpatti","1.Kovilpatti  (m)  Sbm  bungalow  line  ,  2.Kovilpatti  (M)  G.K.Nagar  Street  1  , 3.Kovilpatti(M)  G.K.Nagar  Street  2  ,  4.Kovilpatti(M)  G.K.Nagar  Street  3  ,
5.Kovilpatti(M)  Mullai  Nagar  ,  6.Kovilpatti(M)  M.K.T.Nagar  ,  7.Kovilpatti(M) Lenin  Nagar  ,  8.Kovilpatti(M)  Ramaiah  Nagar  1  ,  9.Kovilpatti(M)  Ramaiah Nagar  2  ,  10.Kovilpatti(M)  Ramaiah  Nagar  3  ,  11.Kovilpatti(M)  Ramaiah
Nagar  4  ,  12.Kovilpatti(M)  Pasumpon  Nagar  ,  999.OVERSEAS  ELECTORS",All  Voters,698,Tamilaga Vettri Kazhagam,256,236,20,All India Anna Dravida Munnetra Kazhagam,3,2,4,1,6,9,6,9,5,6,9,9,9,9,9,9,9,9,9,9,9,2.865329512893983,1
242,226,120,28,0,0,0,0,191,0,0,0,0,1,0,0,2,0,0,0,0,0,568,0,2,570,0,Bharthi  Nagar Mettu  Street Kovilpatti,"Punitha  Ohm  Convent  Matric  School,  North face  Middle  building,  UKG  A  class  Room,
Kovilpatti","1.Kovilpatti(M)  Sriram  Nagar  1  ,  2.Kovilpatti(M)  Sriram  Nagar  2  , 3.Kovilpatti(M)  Sriram  Nagar  3  ,  4.Kovilpatti(M)  Sriram  Nagar  4  , 5.Kovilpatti(M)  Sriram  Nagar  5  ,  OVERSEAS  ELECTORS",All  Voters,568,All India Anna Dravida Munnetra Kazhagam,226,191,35,Tamilaga Vettri Kazhagam,3,1,4,2,7,7,7,7,7,7,7,7,6,7,7,5,7,7,7,7,7,6.161971830985916,3
243,113,133,19,0,0,0,3,200,0,0,0,0,1,0,0,1,1,0,0,0,1,472,0,2,474,0,Bharthi  Nagar Mettu  Street Kovilpatti,"Punitha  Ohm  Convent  Matric  School,  North face  East  building,  LKG  B  class  Room,
Kovilpatti","1.Kovilpatti(M)  Manthithoppu  Road  ,  2.Kovilpatti(M)  Bharathi  Nagar  Main Road  ,  999.OVERSEAS  ELECTORS",All  Voters,472,Tamilaga Vettri Kazhagam,200,133,67,Dravida Munnetra Kazhagam,2,3,4,1,10,10,10,5,10,10,10,10,6,10,10,6,6,10,10,10,6,14.19491525423729,4
244,71,120,23,0,0,0,3,118,0,2,0,0,0,0,0,0,0,1,0,0,0,338,0,1,339,0,Kovilpatti,"Municipal  Middle  School,  West  side,  north building,  north  portion,  east  room,  Bharathi Nagar,  Mettu  Street,  Kovilpatti","1.Kovilpatti  (M)  BharathiNagar  Medtu  Street  1  ward  30  ,  999.OVERSEAS ELECTORS",All  Voters,338,Dravida Munnetra Kazhagam,120,118,2,Tamilaga Vettri Kazhagam,1,3,4,2,8,8,8,5,8,6,8,8,8,8,8,8,8,7,8,8,8,0.591715976331361,3
245,85,142,30,2,0,0,2,163,0,2,0,0,0,0,1,0,0,0,1,1,0,429,0,2,431,0,Kovilpatti,"Municipal  Middle  School,  West  side,  west side  last  building,  North  Portion,  Bharathi Nagar,  Mettu  Street,  Kovilpatti","1.Kovilpatti  (M)  Bharathinagar  Mettutheru  2  ward  30  ,
2.Kovilpatti  (M)  Bharathinagar  Mettustreet  4  ward  30,  999.OVERSEAS ELECTORS",All  Voters,429,Tamilaga Vettri Kazhagam,163,142,21,Dravida Munnetra Kazhagam,2,3,4,1,5,11,11,5,11,5,11,11,11,11,8,11,11,11,8,8,11,4.895104895104895,5
246,122,255,49,1,0,3,1,259,0,5,0,1,0,0,1,3,0,2,1,0,0,703,0,2,705,0,Kovilpatti,"Municipal  Middle  School,  East  Building, West  Side,  Bharathi  Nagar,  Mettu  street, Kovilpatti","1.Kovilpatti  (M)  Bharathinagar  Mettutheru  3  ward  30  ,  999.OVERSEAS ELECTORS",All  Voters,703,Tamilaga Vettri Kazhagam,259,255,4,Dravida Munnetra Kazhagam,2,3,4,1,9,14,6,9,14,5,14,9,14,14,9,6,14,8,9,14,14,0.5689900426742532,13
247,97,183,33,1,0,0,1,197,0,5,0,1,1,0,0,0,2,2,0,0,0,523,0,2,525,2,Kovilpatti,"Municipal  Middle  School,  West  side,  South Building,  Bharathi  Nagar,  Mettu  street,
Kovilpatti","1.Kovilpatti  (M)  Shastri  nagar  Door  No.  1  to  70  (  Sl.No.From  1  to  731), 999.OVERSEAS  ELECTORS",All  Voters,523,Tamilaga Vettri Kazhagam,197,183,14,Dravida Munnetra Kazhagam,2,3,4,1,8,12,12,8,12,5,12,8,8,12,12,12,6,6,12,12,12,2.676864244741874,11
248,87,157,24,1,0,2,1,159,1,0,0,0,0,0,0,0,0,1,1,1,0,435,0,4,439,0,Kovilpatti,"Municipal  Middle  School,  west  side,  Western side  last  building  south  portion,  Bharathi Nagar,  Mettu  street,  Kovilpatti",1.Kovilpatti  (M)  Shastri  nagar  Door  No.  71  Above  (  Sl.No.From  732-1383 999.OVERSEAS  ELECTORS,All  Voters,435,Tamilaga Vettri Kazhagam,159,157,2,Dravida Munnetra Kazhagam,2,3,4,1,6,12,5,6,6,12,12,12,12,12,12,12,12,6,6,6,12,0.4597701149425287,3
249,190,182,71,1,0,0,1,260,0,0,0,1,1,0,1,1,0,2,1,0,0,712,0,5,717,0,Kovilpatti,"Municipal  Middle  school,  South  Middle building  eastern  portion  room,  Bharathi Nagar  Mettu  street,  Kovilpatti.","1.Kovilpatti  (M)  Bharathi  nagar  Nadustreet  ,  2.Kovilpatti  (M) Bharathinagar  North  Street  ,  3.Kovilpatti  (M)  Bharatinagar  1  ,  4.Kovilpatti
(M)  Bharathi  Nagar  2  ,  5.Kovilpatti  (M)  Bharathi  Nagar  3  ,  6.OVERSEAS
ELECTORS",All  Voters,712,Tamilaga Vettri Kazhagam,260,190,70,All India Anna Dravida Munnetra Kazhagam,3,2,4,1,6,13,13,6,13,13,13,6,6,13,6,6,13,5,6,13,13,9.831460674157304,7
250,131,190,46,1,0,0,3,289,0,2,0,1,0,1,0,0,0,0,0,1,0,665,0,3,668,0,Kovilpatti,"Municipal  Middle  School,  North  building, Bharathi  Nagar,  Mettu  street,Kovilpatti","1.Kovilpatti(M)  Sasthri  Nagar  North  Street  ,  2.Kovilpatti  (M)  Bharathinagar Mettustreet  3  ,  3.Kovilpatti  (M)  Bharathinagar  mettustreet  4  , 999.OVERSEAS  ELECTORS",All  Voters,665,Tamilaga Vettri Kazhagam,289,190,99,Dravida Munnetra Kazhagam,2,3,4,1,7,11,11,5,11,6,11,7,11,7,11,11,11,11,11,7,11,14.88721804511278,5
251,185,175,57,0,1,1,0,300,0,0,0,0,0,3,1,2,2,1,0,0,0,728,0,1,729,0,Kovilpatti,"Govt  Girls.Hr  Sec.  School,  West  Block,  South facing  building,  west  side,  Kovilpatti","1.Kovilpatti  (M)  PasuvanthaniRoad  Melpakka  street  1  ,  2.Kovilpatti  (M) Pasuvanthanai  Road  Melastreet  2  ,  3.Kovilpatti  (M)  Pasuvanthanai  Road
Kelpakkastreet  1  ,  4.Kovilpatti  (M)  Pasuvanthani  Road  Kelpakka  street  2  , 5.Kovilpatti  (M)  Pasuvanthani  Road  Kelpakka  Street  3  ,  6.Kovilpatti  (M) PasuvanthaniRoad  Kelpakka  Street  4  ,  7.Kovilpatti  (M)  Pasuvanthani
Road  Kelpakka  Street  5  ,  999.OVERSEAS  ELECTORS",All  Voters,728,Tamilaga Vettri Kazhagam,300,185,115,All India Anna Dravida Munnetra Kazhagam,3,2,4,1,12,8,8,12,12,12,12,12,12,5,8,6,6,8,12,12,12,15.7967032967033,9
252,205,149,35,1,0,0,0,296,0,0,0,0,0,0,0,0,1,0,1,0,0,688,0,4,692,0,Kovilpatti,"Govt  Girls.Hr  Sec.  School,  West  Block,  South facing  building  Middle  side,  Kovilpatti","1.Kovilpatti  (m)  Pasuvanthanai  Road  Kelpakkastreet  6Block33  , 2.Kovilpatti  (M)  Pasuvanthanai  Road  Kelpakkastreet  7Block33  , 3.Kovilpatti  (M)  Pasuvanthanai  Road  Kelpakka  Street  8  Block33  ,
4.Kovilpatti  (M)  Pasuvanthanai  Main  Road  Block33  ,  5.Kovilpatti  (M)
Tirupathi  colony  Block33  ,  999.OVERSEAS  ELECTORS",All  Voters,688,Tamilaga Vettri Kazhagam,296,205,91,All India Anna Dravida Munnetra Kazhagam,3,2,4,1,5,8,8,8,8,8,8,8,8,8,8,8,5,8,5,8,8,13.22674418604651,2
253,200,164,50,1,0,2,0,209,0,3,0,0,0,0,0,1,0,0,0,0,0,630,0,1,631,0,Kovilpatti,"Govt  Girls.Hr  Sec.  School,  West  Block,  South facing  building,  east  side,  Kovilpatti","1.Koilpatti  (M)  Vakil  Street  ,  999.OVERSEAS  ELECTORS",All  Voters,630,Tamilaga Vettri Kazhagam,209,200,9,All India Anna Dravida Munnetra Kazhagam,3,2,4,1,7,9,6,9,9,5,9,9,9,9,9,7,9,9,9,9,9,1.428571428571429,4
254,146,184,57,1,0,0,0,262,0,0,0,1,0,0,0,0,0,0,0,1,0,652,0,11,663,0,Kovilpatti,"Municipalty  Primary  School,  North  Side  New Building  Stalin  Colony  Kovilpatti","1.Kovilpatti  (m)  Jyothi  nagar  street  1  ward  35  ,  2.Kovilpatti  (M)  Jothi Nagar  2  Ward  35  ,  3.Kovilpatti  Jothi  Nagar  3  Ward  34  ,  999.OVERSEAS ELECTORS",All  Voters,652,Tamilaga Vettri Kazhagam,262,184,78,Dravida Munnetra Kazhagam,2,3,4,1,5,8,8,8,8,8,8,5,8,8,8,8,8,8,8,5,8,11.96319018404908,2
255,69,175,18,1,0,1,2,386,2,1,0,0,0,2,1,1,0,0,0,0,0,659,0,0,659,0,Kovilpatti,"Municipal  Primary  School,  South  Side  New Building  Stalin  Colony  Kovilpatti","1.Kovilpatti  (m)  Stalin  street  ward  35  ,  Door  No.  1  to  70  (Sl.No.From  1  to 704),  999.OVERSEAS  ELECTORS",All  Voters,659,Tamilaga Vettri Kazhagam,386,175,211,Dravida Munnetra Kazhagam,2,3,4,1,8,13,8,5,5,8,13,13,13,5,8,8,13,13,13,13,13,32.01820940819423,5
256,56,154,25,0,1,0,0,190,0,4,0,1,1,0,0,1,0,0,0,1,0,434,0,1,435,0,Kovilpatti,"Community  Hall,  south  side,  Stalin Colony,  Kovilpatti,","1.Kovilpatti  (m)  Stalin  street  ward  35  ,  Door  No  71  above  onwards (Sl.No.From  705  to  980  2.Kovilpatti  (M)  Subramaniyapuram  Street  2 Ward  36  999.OVERSEAS  ELECTORS",All  Voters,434,Tamilaga Vettri Kazhagam,190,154,36,Dravida Munnetra Kazhagam,2,3,4,1,11,6,11,11,11,5,11,6,6,11,11,6,11,11,11,6,11,8.294930875576037,8
257,121,223,40,0,0,0,0,263,1,16,0,0,0,0,1,3,3,0,0,0,1,672,0,3,675,0,Kovilpatti,"Everest  Mariappa  Nadar  Hr.  Sec  School, Computer  Hall  Room  No  2  Class  Room  11B Kovilpatti","1.Kovilpatti  (m)  Subramaniyapuram  street  1  ,  2.Kovilpatti  (M) Subramaniyapuram  3  Street  ,  3.Kovilpatti  (M)  Thuppurvu  tholilalar colony  ,  999.OVERSEAS  ELECTORS",All  Voters,672,Tamilaga Vettri Kazhagam,263,223,40,Dravida Munnetra Kazhagam,2,3,4,1,11,11,11,11,8,5,11,11,11,11,8,6,6,11,11,11,8,5.952380952380952,24
258,113,231,18,0,0,2,3,289,1,11,0,0,0,0,0,2,0,0,1,2,0,673,0,7,680,0,Kovilpatti,"Everest  Mariappa  Nadar  Hr.  Sec  School, Computer  Hall  Room  No  2  South  Room Kovilpatti","1.Kovilpatti  (M)  Subramaniyapuram  4  Street  ,  2.Kovilpatti  (M) Subramaniyapuram  5  street  ,  3.Kovilpatti  (M)  Subramaniyapuram  6 street  ,  999.OVERSEAS  ELECTORS",All  Voters,673,Tamilaga Vettri Kazhagam,289,231,58,Dravida Munnetra Kazhagam,2,3,4,1,12,12,7,6,10,5,12,12,12,12,12,7,12,12,10,7,12,8.618127786032689,16
259,110,63,22,0,0,0,0,166,0,0,0,0,0,0,0,0,1,0,0,0,0,362,0,0,362,0,Kovilpatti,"Everest  Mariappa  Nadar  Hr,  Sec  School, Computer  Hall  IXE  Class  Room  Kovilpatti","1.Kovilpatti  (M)  Karunanidhi  nagar  1th  street  ,
2.Kovilpatti  (M)  Karunanidhi  nagar  Street  2  ,  999.OVERSEAS ELECTORS",All  Voters,362,Tamilaga Vettri Kazhagam,166,110,56,All India Anna Dravida Munnetra Kazhagam,3,2,4,1,6,6,6,6,6,6,6,6,6,6,6,6,5,6,6,6,6,15.46961325966851,1
260,128,136,24,0,1,0,1,162,0,1,0,0,0,0,0,0,1,0,0,0,1,455,0,0,455,0,Kovilpatti,"Everest  Mariappa  Nadar  Hr,  Sec  School, Computer  Hall  XII  Class  Room,  2nd  Room, South  side,  Kovilpatti","3.Kovilpatti  (M)  Karunanidhi  nagar  3rd  Street,  999.OVERSEAS ELECTORS",All  Voters,455,Tamilaga Vettri Kazhagam,162,136,26,Dravida Munnetra Kazhagam,2,3,4,1,10,5,10,5,10,5,10,10,10,10,10,10,5,10,10,10,5,5.714285714285714,3
261,174,231,49,0,0,1,1,288,0,1,0,0,0,0,0,1,0,0,0,0,0,746,0,6,752,0,Kovilpatti,"Everest  Mariappa  Nadar  Hr,  Sec  School, North  Side  Room  No.20,  Kovilpatti","1.Kovilpatti  (M)  Jothi  nagar  street  4  ,  999.OVERSEAS  ELECTORS",All  Voters,746,Tamilaga Vettri Kazhagam,288,231,57,Dravida Munnetra Kazhagam,2,3,4,1,9,9,5,5,9,5,9,9,9,9,9,5,9,9,9,9,9,7.640750670241286,2
262,160,73,23,0,1,0,1,155,0,0,0,0,1,0,0,0,1,0,1,0,0,416,0,3,419,0,Kovilpatti,"Ayira  Vaisya  Hr,sec.school,
West  Building,  North  side,  room  No.2, Kovilpatti","1.Kovilpatti  (m)  Kathirason  kovil  street  ,  999.OVERSEAS  ELECTORS",All  Voters,416,All India Anna Dravida Munnetra Kazhagam,160,155,5,Tamilaga Vettri Kazhagam,3,1,4,2,10,5,10,5,10,10,10,10,5,10,10,10,5,10,5,10,10,1.201923076923077,3
263,188,91,21,0,0,1,0,120,0,3,0,0,0,0,0,0,1,1,0,0,0,426,0,5,431,0,Kovilpatti,"Ayira  Vaisya  Hr,  Sec,  School,
Main  Building  Room  No.3  Kovilpatti","1.Kovilpatti  (m)  Kathirason  kovil  street(Part)  ,  999.OVERSEAS  ELECTORS",All  Voters,426,All India Anna Dravida Munnetra Kazhagam,188,120,68,Tamilaga Vettri Kazhagam,3,1,4,2,9,9,6,9,9,5,9,9,9,9,9,9,6,6,9,9,9,15.96244131455399,5
264,146,105,31,1,1,1,0,171,1,0,0,0,1,0,0,1,1,0,1,0,0,461,0,1,462,0,Kovilpatti,"Lakshmi  Mill  Primary  School,  North  face building,  Middle  side  East  Colony,  Kovilpatti","1.Kovilpatti  (M)  Kathirasan  kovil  road  Door  No.  1  to  90,  (Sl.No.From  1  to 668)  999.OVERSEAS  ELECTORS",All  Voters,461,Tamilaga Vettri Kazhagam,171,146,25,All India Anna Dravida Munnetra Kazhagam,3,2,4,1,5,5,5,13,5,13,13,13,5,13,13,5,5,13,5,13,13,5.42299349240781,4
265,133,109,20,0,0,0,1,181,0,1,1,0,0,0,0,0,0,1,0,0,0,447,0,1,448,0,Kovilpatti,"Lakshmi  Mill  Primary  School,  North  building, West  side  East  Colony,  Kovilpatti",1.Kovilpatti  (M)  Kathirasan  kovil  road  Door  No.91  above  Sl.No.From  669 to  1254)  999.OVERSEAS  ELECTORS,All  Voters,447,Tamilaga Vettri Kazhagam,181,133,48,All India Anna Dravida Munnetra Kazhagam,3,2,4,1,9,9,9,5,9,5,5,9,9,9,9,9,9,5,9,9,9,10.73825503355705,3
266,136,206,30,0,0,3,1,217,0,0,0,0,0,1,0,1,0,3,1,0,0,599,0,1,600,0,Kovilpatti,Thevar  Peravai  Primary  School  South  portion Kovilpatti,"1.Kovilpatti  (M)  Kathirasan  kovil  street  2  ,  2.Kovilpatti  (M)  Kathirasan
kovil  Street  3  ,  3.Kovilpatti  (M)  Kathirasan  kovil  street  4  ,  999.OVERSEAS ELECTORS",All  Voters,599,Tamilaga Vettri Kazhagam,217,206,11,Dravida Munnetra Kazhagam,2,3,4,1,11,11,5,7,11,11,11,11,11,7,11,7,11,5,7,11,11,1.836393989983305,6
267,128,281,45,1,1,2,4,240,1,0,0,0,1,0,1,0,2,1,1,0,0,709,0,1,710,0,Kovilpatti,Thevar  Peravai  Primary  School  West  portion Kovilpatti,"1.Kovilpatti  (M)  Kathirasan  kovil  Street  5  ,  2.Kovilpatti  (M)  Kathirasan
kovil  Street  6  ,  3.Kovilpatti  (M)  Kathirasan  kovil  Street  8  ,  999.OVERSEAS ELECTORS",All  Voters,709,Dravida Munnetra Kazhagam,281,240,41,Tamilaga Vettri Kazhagam,1,3,4,2,8,8,6,5,8,15,15,15,8,15,8,15,6,8,8,15,15,5.782792665726375,6
268,200,176,33,1,0,1,5,251,1,0,0,0,0,0,0,1,0,0,0,0,0,669,0,0,669,0,Kovilpatti,"Ayira  Vaisya  Hr,  Sec,  School,
North  Side  New  Building  First  Room  No  8, Kovilpatti","1.Kovilpatti  (M)  Kathirasan  kovil  Street  1  ,  999.OVERSEAS  ELECTORS",All  Voters,669,Tamilaga Vettri Kazhagam,251,200,51,All India Anna Dravida Munnetra Kazhagam,3,2,4,1,6,10,6,5,6,10,10,10,10,10,10,6,10,10,10,10,10,7.623318385650224,1
269,192,149,25,0,0,1,0,166,0,0,0,0,0,0,0,0,0,1,0,0,1,535,0,1,536,0,Kovilpatti,"Ayira  Vaisya  Hr,  Sec,  School,
North  Side  New  Building  Room  No  11 Kovilpatti","1.Kovilpatti  (M)  Kathirasan  kovil  Street  1  ,  999.OVERSEAS  ELECTORS",All  Voters,535,All India Anna Dravida Munnetra Kazhagam,192,166,26,Tamilaga Vettri Kazhagam,3,1,4,2,8,8,5,8,8,8,8,8,8,8,8,8,8,5,8,8,5,4.859813084112149,2
270,60,84,12,0,0,0,0,81,0,0,0,0,0,0,1,0,0,1,0,0,0,239,0,0,239,0,Kovilpatti,"UP  Matriculation  Hr.Sec.School,  Main Building  Backside  North  Portion  Std  XI-A Room-2  ,  Kathiresan  Kovil  Malai,  Kovilpatti.","1.Kovilpatti  (M)  Kathirasan  Kovil  Street  7  ,  999.OVERSEAS  ELECTORS",All  Voters,239,Dravida Munnetra Kazhagam,84,81,3,Tamilaga Vettri Kazhagam,1,3,4,2,7,7,7,7,7,7,7,7,7,7,5,7,7,5,7,7,7,1.255230125523012,2
271,135,148,32,0,0,1,0,236,0,0,0,0,0,0,1,0,1,0,0,1,0,555,0,0,555,1,Kovilpatti,"Ayria  Vaisya  Hr  Sec,  School  ,  Northside,  New Building  Room  No  9  Kovilpatti","1.Kovilpatti  (M)  Aringnner  anna  Street  Door  No.1  to  40  (  Sl.No.From  1  to 718),  999.OVERSEAS  ELECTORS",All  Voters,555,Tamilaga Vettri Kazhagam,236,148,88,Dravida Munnetra Kazhagam,2,3,4,1,9,9,5,9,9,9,9,9,9,9,5,9,5,9,9,5,9,15.85585585585586,3
272,129,102,26,0,0,0,0,196,0,1,0,0,0,0,0,0,0,0,0,0,0,454,0,4,458,0,Kovilpatti,"Ayria  Vaisya  Hr  Sec,  School  ,  Northside,  New Building  Room  No  10,  Kovilpatti","1.Kovilpatti  (M)  Aringnner  anna  Street  Door  No  41  above  ,  Sl.No.From  719 to  1440),  999.OVERSEAS  ELECTORS",All  Voters,454,Tamilaga Vettri Kazhagam,196,129,67,All India Anna Dravida Munnetra Kazhagam,3,2,4,1,6,6,6,6,6,5,6,6,6,6,6,6,6,6,6,6,6,14.75770925110132,1
273,189,167,51,0,0,0,3,289,1,0,0,0,0,1,0,3,3,1,0,1,0,709,0,4,713,0,Kovilpatti,"UP  Matriculation  Hr.Sec.School,  Main Building  Backside  North  Portion  Std  X Room-3  ,  Kathiresan  Kovil  Malai,  Kovilpatti.","1.Kovilpatti  (M)  Kathirasan  kovil  Street  9  ,  999.OVERSEAS  ELECTORS",All  Voters,709,Tamilaga Vettri Kazhagam,289,189,100,All India Anna Dravida Munnetra Kazhagam,3,2,4,1,12,12,12,5,8,12,12,12,12,8,12,5,5,8,12,8,12,14.10437235543018,9
274,110,88,12,2,0,1,0,144,0,4,0,1,0,2,0,0,1,1,0,0,0,366,0,0,366,0,Kovilpatti,"UP  Matriculation  Hr.Sec.School,  Main Building  Backside  North  Portion  Std  X Room-4  ,  Kathiresan  Kovil  Malai,  Kovilpatti.","1.Kovilpatti  (M)  Kathirasan  kovil  Street  10,  999.OVERSEAS  ELECTORS",All  Voters,366,Tamilaga Vettri Kazhagam,144,110,34,All India Anna Dravida Munnetra Kazhagam,3,2,4,1,6,12,8,12,12,5,12,8,12,6,12,12,8,8,12,12,12,9.289617486338798,9
275,111,149,41,0,1,0,2,251,0,10,0,1,1,1,0,1,0,0,0,0,0,569,0,1,570,0,"Shunmuga
Sigamani  Nagar Kovilpatti","Inter  christian  Mission  Middle  School,  South building,  west  last  room  Shunmuga  sigamani nagar  Kovilpatti","1.PandavarMangalam  (R.V)  And  (P)  Shanmugasigamani  Nagar  First StreetBlock  5  ,  2.Pandavarmangalam  (R.V)  And  (P)  Shanmughacigamani ThirdStreet  Block  5  999.OVERSEAS  ELECTORS",All  Voters,569,Tamilaga Vettri Kazhagam,251,149,102,Dravida Munnetra Kazhagam,2,3,4,1,12,7,12,6,12,5,12,7,7,7,12,7,12,12,12,12,12,17.9261862917399,14
276,91,194,46,1,0,0,0,235,0,4,0,0,0,1,0,2,2,0,1,1,0,578,0,4,582,0,"Shunmuga
Sigamani  Nagar Kovilpatti","Inder  christian  Mission  Middle  school,  East Building,  2nd  room  from  South,  Shunmuga sigamani  nagar  kovilpatti","1.Pandavarmangalam  (R.V)  And  (P)  Shanmughacigamani  FourthStreet Block  5  ,  2.Pandavarmangalam  (R.V)  And  (P)  Shanmughacigamani
FifthStreet  Block  5  ,3.Pandavar  Mangalam  (R.V)  And  (P)  Pallaku  Road
North  Block  5  999.OVERSEAS  ELECTORS",All  Voters,578,Tamilaga Vettri Kazhagam,235,194,41,Dravida Munnetra Kazhagam,2,3,4,1,8,12,12,12,12,5,12,12,12,8,12,6,6,12,8,8,12,7.093425605536333,11
277,110,204,63,2,0,0,1,318,1,23,0,0,0,2,1,2,0,0,0,1,0,728,0,3,731,0,"Shunmuga
Sigamani  Nagar Kovilpatti","Inter  christian  Mission  Middle  School,  South building,  2nd  room  from  west,  Shunmuga
Sigamani  nagar  Kovilpatti","1.Pandavarmangalam  (R.V)  And  (P)  Shanmugasigamani  nagar  block  5  ,
2.Pandavar  Mangalam  (R.V)  And  (P)  Shunmugasigamani  Nagar  6Th  Street Block  5  ,  3.Pandavar  Mangalam(P)  Shunmugasigamani  Nagar  Six  Th
Street  West  Block  5  ,  ,  999.OVERSEAS  ELECTORS",All  Voters,728,Tamilaga Vettri Kazhagam,318,204,114,Dravida Munnetra Kazhagam,2,3,4,1,6,13,13,9,9,5,13,13,13,6,9,6,13,13,13,9,13,15.65934065934066,29
278,97,85,19,0,0,0,0,116,1,2,0,0,1,0,0,0,0,2,0,0,0,323,0,1,324,0,Pandavarmangalam Kovilpatti,"Nadar  Hr.  Sec.  School  South  Building  5th Room  from  west,  Shunmugasigamani  Nagar Pandavarmangalam  Kovilpatti","1.PandavarMangalam  (R.V)  And(P)  Thiru  Nagar  Block  6  ,  2.Pandavar Mangalam  (R.V)  And  (P)  Rageev  Nagar  2nd  Street  Block  6  , 999.OVERSEAS  ELECTORS",All  Voters,323,Tamilaga Vettri Kazhagam,116,97,19,All India Anna Dravida Munnetra Kazhagam,3,2,4,1,9,9,9,9,7,5,9,9,7,9,9,9,9,5,9,9,9,5.88235294117647,5
279,84,109,28,0,0,0,1,166,0,0,0,0,0,0,0,0,0,0,0,0,0,388,0,0,388,0,Pandavarmangalam Kovilpatti,Nadar  Hr.  Sec.  School  South  Building  4th room  from  east  Shunmugasigamani  Nagar Pandavarmangalam  Kovilpatti,"1.Pandavar  Mangalam  (R.V)  And  (P)  Rageev  Nagar  3rd  Street  Block  6  , 999.OVERSEAS  ELECTORS",All  Voters,388,Tamilaga Vettri Kazhagam,166,109,57,Dravida Munnetra Kazhagam,2,3,4,1,6,6,6,5,6,6,6,6,6,6,6,6,6,6,6,6,6,14.69072164948454,0
280,103,79,37,0,0,0,1,174,0,1,1,0,0,0,0,0,1,0,0,1,0,398,0,0,398,0,Pandavarmangalam Kovilpatti,"Nadar  Hr.  Sec.  School  South  Building,  6th room  from  west,  Shunmugasigamani  Nagar Pandavarmangalam","1.Pandavar  Mangalam  (R.V)  And  (P)  Rageev  Nagar  4th  Street  Block  6  ,, 999.OVERSEAS  ELECTORS",All  Voters,398,Tamilaga Vettri Kazhagam,174,103,71,All India Anna Dravida Munnetra Kazhagam,3,2,4,1,10,10,10,5,10,5,5,10,10,10,10,10,5,10,10,5,10,17.8391959798995,4
281,90,99,20,0,0,0,0,105,0,0,0,0,0,0,0,0,0,0,0,0,0,314,0,3,317,0,Pandavarmangalam Kovilpatti,"Nadar  Hr.  Sec.  School  South  Building,  3rd room  from  west,  Shunmugasigamani  Nagar Pandavarmangalam",1.Pandavar  Mangalam  (R.V)And  (P)  Ragiv  Nagar  5th  Street  Block  6 999.OVERSEAS  ELECTORS,All  Voters,314,Tamilaga Vettri Kazhagam,105,99,6,Dravida Munnetra Kazhagam,2,3,4,1,5,5,5,5,5,5,5,5,5,5,5,5,5,5,5,5,5,1.910828025477707,0
282,116,85,25,1,0,0,0,133,0,0,0,0,0,0,1,0,0,0,0,0,0,361,0,2,363,0,Pandavarmangalam Kovilpatti,"Nadar  Hr.  Sec.  School  South  Building,  4th Room  from  west,  Shunmugasigamani  Nagar Pandavarmangalam","1.Pandavar  Mangalam  (R.V)  And  (P)  Rageev  Nagar  1st  Street  Block  6  , 2.PandavarMangalam  (R.V)  And  (P)  Rajiv  Nagar  Street  2  Block  6  , 999.OVERSEAS  ELECTORS",All  Voters,361,Tamilaga Vettri Kazhagam,133,116,17,All India Anna Dravida Munnetra Kazhagam,3,2,4,1,5,7,7,7,7,7,7,7,7,7,5,7,7,7,7,7,7,4.709141274238227,1
283,125,119,21,0,0,0,3,180,0,2,0,0,0,0,0,1,0,0,0,0,0,451,0,3,454,0,Pandavarmangalam Kovilpatti,"Nadar  Hr.  Sec.  School  South  Building,  3rd room  from  East,  Shunmugasigamani  Nagar Pandavarmangalam","1.Pandavarmangalam  (R.V)  And  (P)  E.B.Colony  North  Block  6  , 999.OVERSEAS  ELECTORS",All  Voters,451,Tamilaga Vettri Kazhagam,180,125,55,All India Anna Dravida Munnetra Kazhagam,3,2,4,1,8,8,8,5,8,6,8,8,8,8,8,7,8,8,8,8,8,12.19512195121951,3
284,84,135,25,2,1,1,0,148,0,6,0,0,0,0,0,0,0,0,0,0,0,402,0,1,403,0,"Shunmugasigamani Nagar,  Kovilpatti","Inter  christian  Mission  Middle  School,  South Building,  East  Last  Room,  Shunmuga
sigamani  nagar  Kovilpatti","1.Pandavar  Mangalam  (R.V)  And  (P)  Pallaku  Road  South  Block  5  , 2.Pandavarmangalam  (R.V)  And  (P)  Rajiv  Nagar  Street  3  Block  6  , 999.OVERSEAS  ELECTORS",All  Voters,402,Tamilaga Vettri Kazhagam,148,135,13,Dravida Munnetra Kazhagam,2,3,4,1,6,7,7,9,9,5,9,9,9,9,9,9,9,9,9,9,9,3.233830845771144,6
285,131,126,39,0,0,1,0,193,1,7,0,0,0,0,0,0,0,0,0,0,0,498,0,5,503,0,"Shunmugasigamani Nagar,  Kovilpatti","Inter  christian  Mission  Middle  School,  East Building,  South  Last  Room  Shunmuga sigamaninagar,  Pandavarmangalam.
kovilpatti",1.Pandavarmangalam  (R.V)  And  (P)  Rajiv  Nagar  Street  6  Block  6  Door  No. 1  to  1200  (  sl.no.  1  to  739)  999.OVERSEAS  ELECTORS,All  Voters,498,Tamilaga Vettri Kazhagam,193,131,62,All India Anna Dravida Munnetra Kazhagam,3,2,4,1,8,8,6,8,6,5,8,8,8,8,8,8,8,8,8,8,8,12.44979919678715,7
286,130,104,35,1,0,0,0,325,1,4,0,0,0,0,0,0,1,1,0,0,0,602,0,3,605,0,"Shunmugasigamani Nagar,  Kovilpatti","Inter  christian  Mission  Middle  School,  South Building,  Middle  Portion,  Shunmuga sigamaninagar,  Pandavarmangalam.
kovilpatti",1.Pandavarmangalam  (R.V)  And  (P)  Rajiv  Nagar  Street  6  Door  No  1200 above  Block  6  Sl.No.740-1523  )999.OVERSEAS  ELECTORS,All  Voters,602,Tamilaga Vettri Kazhagam,325,130,195,All India Anna Dravida Munnetra Kazhagam,3,2,4,1,6,10,10,10,6,5,10,10,10,10,10,10,6,6,10,10,10,32.39202657807309,6
287,158,153,36,1,0,0,2,252,0,3,0,0,0,0,0,0,1,1,0,1,0,608,0,2,610,0,Pandavarmangalam Kovilpatti,"Nadar  Hr.  Sec.  School,  South  Building,  6th Room  from  East,  Shunmugasigamani  Nagar Pandavarmangalam  Kovilpatti","1.Pandavar  Mangalam  (R.V)  And  (P)  Pallaku  Road  Street  Block  6  , 2.Pandavarmangalam  (R.V)  And  (P)  EB  colony  south  Block  6  , 999.OVERSEAS  ELECTORS",All  Voters,608,Tamilaga Vettri Kazhagam,252,158,94,All India Anna Dravida Munnetra Kazhagam,3,2,4,1,7,11,11,6,11,5,11,11,11,11,11,11,7,7,11,7,11,15.46052631578947,6
288,105,104,23,0,0,0,0,190,0,0,0,0,0,1,0,1,0,0,0,0,0,424,0,0,424,0,Pandavarmangalam Kovilpatti,"Nadar  Hr.  Sec.  School  South  Building,  5th Room  from  east,  Shunmugasigamani  Nagar Pandavarmangalam  Kovilpatti","1.Pandavarmangalam  (R.V)  And  (P)  Kamaraj  Nagar  Block  6  , 999.OVERSEAS  ELECTORS",All  Voters,424,Tamilaga Vettri Kazhagam,190,105,85,All India Anna Dravida Munnetra Kazhagam,3,2,4,1,7,7,7,7,7,7,7,7,7,5,7,5,7,7,7,7,7,20.04716981132076,2
289,92,71,19,0,0,1,0,142,0,1,0,0,0,0,0,0,0,0,0,0,0,326,0,1,327,0,"Shunmugasigamani Nagar,  Kovilpatti","Inter  christian  Mission  Middle  School,  West building  4th  room  from  north,  shunmuga
sigamani  nagar  Kovilpatti","1.Pandavarmangalam(R.V)  And  (P)  Shanmughacigamani  Second  Street Block  5  ,  2.Pandavarmangalam  (R.V)  And(P)  Balaji  Nagar  Block  6
,OVERSEAS  ELECTORS",All  Voters,326,Tamilaga Vettri Kazhagam,142,92,50,All India Anna Dravida Munnetra Kazhagam,3,2,4,1,7,7,5,7,7,5,7,7,7,7,7,7,7,7,7,7,7,15.33742331288344,1
289A,141,125,31,1,0,2,2,200,0,5,0,0,0,0,0,1,0,0,0,0,0,508,0,2,510,0,"Shunmugasigaman i  Nagar,  Kovilpatti","Inter  christian  Mission  Middle  School, west  building,  3rd  Room  from  north, shunmuga  sigamani  nagar  Kovilpatti","1.Pandavarmangalam  (R.V)  And  (P)  Annai  Thersa  Nagar  Block  6  ,(Part 2)  (Door  No  1377  from  )  999.OVERSEAS  ELECTORS",All  Voters,508,Tamilaga Vettri Kazhagam,200,141,59,All India Anna Dravida Munnetra Kazhagam,3,2,4,1,8,10,6,6,10,5,10,10,10,10,10,8,10,10,10,10,10,11.61417322834646,6
290,130,115,36,1,0,0,0,175,0,3,0,1,0,1,0,0,0,0,0,0,0,462,0,2,464,0,"Shunmugasigaman i  Nagar,  Kovilpatti","Nadar  Hr.  Sec.  School  South  Building,  2nd room  from  west,  Shunmugasigamani
Nagar  Pandavarmangalam","1.Pandavarmangalam  (R.V)  And  (P)  Annai  Thersa  Nagar  Block  6  ,  (Door No  1  to  1327C6)  999.OVERSEAS  ELECTORS",All  Voters,462,Tamilaga Vettri Kazhagam,175,130,45,All India Anna Dravida Munnetra Kazhagam,3,2,4,1,6,9,9,9,9,5,9,6,9,6,9,9,9,9,9,9,9,9.740259740259742,5
290A,117,90,35,0,0,0,0,234,0,1,0,0,0,0,0,0,1,0,0,0,0,478,0,3,481,0,"Shunmugasigaman i  Nagar,  Kovilpatti","Nadar  Hr.  Sec.  School  South  Building,  1st room  from  west,  Shunmugasigamani
Nagar  Pandavarmangalam","1.Pandavarmangalam  (R.V)  And  (P)  Annai  Thersa  Nagar  Block  6  , (Door  No.1328  to  1376H6)  999.OVERSEAS  ELECTORS",All  Voters,478,Tamilaga Vettri Kazhagam,234,117,117,All India Anna Dravida Munnetra Kazhagam,3,2,4,1,7,7,7,7,7,5,7,7,7,7,7,7,5,7,7,7,7,24.47698744769874,2
291,152,176,32,0,1,2,1,101,0,4,0,0,0,1,0,0,0,0,0,0,0,470,0,0,470,0,Pandavarmangalam Kovilpatti,"T.D.T.A.  Primary  School,  South  side,  East facing  Building  Pandavarmangalam","1.Pandavarmangalam  (R.V)  And  (P)  Melapandavarmangalam  block  1  , 999.OVERSEAS  ELECTORS",All  Voters,470,Dravida Munnetra Kazhagam,176,152,24,All India Anna Dravida Munnetra Kazhagam,1,2,4,3,10,7,6,7,10,5,10,10,10,7,10,10,10,10,10,10,10,5.106382978723404,5
291A,117,192,35,0,0,0,1,127,0,18,0,0,0,0,0,0,1,0,0,1,0,492,0,3,495,0,Pandavarmangala m  Kovilpatti,"T.D.T.A.  Primary  School,
North  Side,  East  facing  Building, Pandavarmangalam","2.PandavarMangalam(R.V)  And  (P)  KeelapandavarMangalam  Block  2  , 999.OVERSEAS  ELECTORS",All  Voters,492,Dravida Munnetra Kazhagam,192,127,65,Tamilaga Vettri Kazhagam,1,3,4,2,9,9,9,6,9,5,9,9,9,9,9,9,6,9,9,6,9,13.21138211382114,20
292,278,261,72,3,0,2,1,196,0,14,1,1,0,0,1,0,4,5,0,1,1,841,0,3,844,0,Pandavarmangalam Kovilpatti,"Child  Welfare  Center,  Pandavarmangalam","1.Pandavarmangalam  (R.V)  And  (P)  Keelapandavarmangalam  block  3  , 999.OVERSEAS  ELECTORS",All  Voters,841,All India Anna Dravida Munnetra Kazhagam,278,261,17,Dravida Munnetra Kazhagam,2,1,4,3,8,16,9,10,16,5,10,10,16,16,10,16,7,6,16,10,10,2.02140309155767,28
293,88,208,37,0,0,0,0,99,0,14,0,0,1,0,0,0,2,2,0,0,0,451,0,2,453,0,Pandavarmangalam Kovilpatti,Panchayat  Office  Pandavarmangalam,"1.Pandavarmangalam  (R.V)  And  (P)  Kilapandavarmangalam  Block  4  , 999.OVERSEAS  ELECTORS",All  Voters,451,Dravida Munnetra Kazhagam,208,99,109,Tamilaga Vettri Kazhagam,1,3,4,2,9,9,9,9,9,5,9,9,8,9,9,9,6,6,9,9,9,24.16851441241685,19
294,242,370,83,1,0,4,0,213,0,0,0,3,0,0,2,0,1,0,1,1,0,921,0,0,921,0,Vijayapuri,"Panchayat  Union  Primary  School,  East  Side Vijayapuri","1.Kodukkamparai  (R.V)  And(p)  Kodukkamparai  ,  2.Kodukkamparai  (R.V) And  (P)  Vijaiyapuri  ,  999.OVERSEAS  ELECTORS",All  Voters,921,Dravida Munnetra Kazhagam,370,242,128,All India Anna Dravida Munnetra Kazhagam,1,2,4,3,8,12,5,12,12,12,12,6,12,12,7,12,8,12,8,8,12,13.89793702497286,8
295,162,295,26,1,0,0,1,222,0,6,0,0,1,0,3,2,5,5,0,0,1,730,0,4,734,0,Senbagaperi,"Anganwadi  Centre,  Shenbagaperi","1.Kelavipatti  (R.V)  And  (P)  K.  duraisamypuram  ,  2.Kelavipatti  (R.V) And  (P)  Senbhaperi  ,  999.OVERSEAS  ELECTORS",All  Voters,730,Dravida Munnetra Kazhagam,295,222,73,Tamilaga Vettri Kazhagam,1,3,4,2,10,14,14,10,14,5,14,14,10,14,8,9,6,6,14,14,10,10.0,23
296,244,334,74,2,1,3,1,291,2,11,0,1,1,1,0,4,2,1,0,0,1,974,0,0,974,0,Kilavipatti,"Panchayat  Union  Primary  School,  west  side, Kilavipatti","1.Kelavipatti  (R.V)  And  (P)  Kovilpatti  ,  2.Kelavipatti  (R.V)  And(P)  S.  C,. colony  ,  3.Kelavipatti  (R.V)  And  (P)  Melacolony  ,  4.Kelavipatti  (R.V)  And  (P) Kachilapuram  ,  999.OVERSEAS  ELECTORS",All  Voters,974,Dravida Munnetra Kazhagam,334,291,43,Tamilaga Vettri Kazhagam,1,3,4,2,8,11,7,11,8,5,18,11,11,11,18,6,8,11,18,18,11,4.414784394250513,22
297,346,311,90,1,0,1,1,151,0,12,0,1,0,2,2,2,4,2,1,0,0,927,0,5,932,0,Mudukkalankulam,T.D.T.A.Primary  School.  Mudukkalankulam,"1.Mudukanlakulam  (R.V)  And  (P)  West  Street  Block  1  , 2.Mudukanlakulam  (R.V)  And  (P)  East  Street  Block  2  , 3.Mudukanlakulam  (R.V)  And  (P)  North  Street  Block  3  , 4.Mudukkalankulam  (R.V)  And  (P)  South  Street  Block3  ,  999.OVERSEAS ELECTORS",All  Voters,927,All India Anna Dravida Munnetra Kazhagam,346,311,35,Dravida Munnetra Kazhagam,2,1,4,3,11,16,11,11,16,5,16,11,16,7,7,7,6,7,11,16,16,3.775620280474649,26
298,143,131,41,0,0,0,1,130,0,4,0,0,0,0,4,0,0,1,1,0,1,457,0,0,457,0,Sivanthipatti,"T.D.T.A  Primary  School,  Sivanthipatti","1.Sivanthipatti  (R.V)  And(P)  Sivanthipatti  Block  1  ,  2.Sivanthipatti  (R.V) And(P)  Sivanthipatti  Block  2  ,  3.Sivanthipatti  (R.V)  And(P)  Kumarapuram Block  5  ,  999.OVERSEAS  ELECTORS",All  Voters,457,All India Anna Dravida Munnetra Kazhagam,143,131,12,Dravida Munnetra Kazhagam,2,1,4,3,11,11,11,7,11,5,11,11,11,11,5,11,11,7,7,11,7,2.62582056892779,11
299,233,401,82,1,0,1,0,255,0,1,0,0,0,0,1,1,0,3,1,0,1,981,0,1,982,0,A.Karisalkulam,"Community  Hall,  A.Karisalkulam","1.Sivanthipatti  (R.V)  And(P)  Karisalkulam  Block  3  ,  2.Sivanthipatti  (R.V) And(P)  Karisalkulam  Block  4  ,  999.OVERSEAS  ELECTORS",All  Voters,981,Dravida Munnetra Kazhagam,401,255,146,Tamilaga Vettri Kazhagam,1,3,4,2,6,13,6,13,13,6,13,13,13,13,6,6,13,5,6,13,6,14.88277268093782,8
300,362,250,37,0,0,0,0,267,2,1,1,0,0,0,3,1,4,1,0,0,0,929,0,0,929,0,Duraiyur,"T.D.T.A  Primary  School,  Duraiyur","1.Duraiyur  (R.V)  And  (P)  Duraiyur  block  1  ,  2.Duraivoor  (R.V)  And  (P) Duraivoor  Block  2  ,  999.OVERSEAS  ELECTORS",All  Voters,929,All India Anna Dravida Munnetra Kazhagam,362,267,95,Tamilaga Vettri Kazhagam,3,1,4,2,12,12,12,12,7,8,8,12,12,12,6,8,5,8,12,12,12,10.22604951560818,11
301,211,215,28,1,0,0,0,166,0,10,0,0,0,0,4,1,7,7,0,0,0,650,0,1,651,0,Theethampatti,"Tamil  Baptist  Primary  School,  Theethampatti","1.Duriyur  (R.V)  ,Theethampatti  (p)  Theethampatti  block  1  ,  2.Duriyur (R.V)  ,Theethampatti  (p)  Theethampatti  Block  2  ,  999.OVERSEAS ELECTORS",All  Voters,650,Dravida Munnetra Kazhagam,215,211,4,All India Anna Dravida Munnetra Kazhagam,1,2,4,3,9,11,11,11,11,5,11,11,11,11,8,9,6,6,11,11,11,0.6153846153846154,29
302,79,283,61,2,0,2,0,253,0,0,1,0,0,0,1,0,3,2,0,0,1,688,0,2,690,0,Kamanayakkanpatti,"St.Aloycious  High  School,  Main  Building North  Side  First  Room,  Kamanayakkanpatti","1.Kamanayakkanpatti  (R.V)  And  (P)  South  street  block  1  ,
2.Kamanayakkanpatti  (R.V)  And  (P)  Veeramamunivar  Nagar  Block  1  , 3.Kamanayakkanpatti  (R.V)  And  (P)  Kulanthai  jesu  Nagar  Block  1  , 999.OVERSEAS  ELECTORS",All  Voters,688,Dravida Munnetra Kazhagam,283,253,30,Tamilaga Vettri Kazhagam,1,3,4,2,6,12,6,12,12,12,9,12,12,12,9,12,5,6,12,12,9,4.36046511627907,8
303,60,320,56,0,0,1,2,243,0,0,0,0,0,0,0,0,2,5,0,0,1,690,0,0,690,0,Kamanayakkanpatti,"St.Aloycious  High  School,  east  block  north portion,  Kamanayakkanpatti","1.Kamanayakkanpatti  (R.V)  And  (P)  Kamaraj  Nagar  (west)  Block  2  , 2.Kamanayakkanpatti  (R.V)  And  (P)  North  street  Block  2  ,
3.Kamanayakkanpatti  (p)  Kamaraj  Nagar  (West)  Block  2  , 4.Kamanayakkanpatti  (R.V)  And  (P)  East  colony  Block  2  , 5.Kamanayakkanpatti  (R.V)  And  (P)  Matha  Nagar  Block  2  ,
999.OVERSEAS  ELECTORS",All  Voters,690,Dravida Munnetra Kazhagam,320,243,77,Tamilaga Vettri Kazhagam,1,3,4,2,10,10,8,6,10,10,10,10,10,10,10,10,6,5,10,10,8,11.15942028985507,8
304,32,102,11,0,0,0,0,93,0,1,0,0,0,0,0,2,0,1,0,0,0,242,0,1,243,0,Kamanayakkanpatti,"St.Aloycious  High  School,  South  Block  West Portion  ,  Kamanayakkanpatti","1.Kamanayakkanpatti  (R.V)  And  (P)  North  Street  Block  2  , 999.OVERSEAS  ELECTORS",All  Voters,242,Dravida Munnetra Kazhagam,102,93,9,Tamilaga Vettri Kazhagam,1,3,4,2,8,8,8,8,8,6,8,8,8,8,8,5,8,6,8,8,8,3.71900826446281,4
305,68,131,104,1,1,2,0,195,3,0,0,0,0,1,4,2,4,4,1,1,5,527,0,2,529,0,Ettunaickenpatti,"Panchayat  Union  Primary  School,  West Facing  Building,  Ettunaickenpatti","1.Kamanayakkanpatti  (R.V)  And  (P)  East  street  ward  3  , 2.Kamanayakkanpatti  (R.V)  And  (P)  West  street  ward  3  ,
3.Kamanayakkanpatti  (R.V)  And  (P)  Middle  Street  Ward  3  ,
999.OVERSEAS  ELECTORS",All  Voters,527,Tamilaga Vettri Kazhagam,195,131,64,Dravida Munnetra Kazhagam,2,4,3,1,12,12,10,17,9,17,17,17,17,12,6,10,6,6,12,12,5,12.14421252371917,22
306,132,221,40,0,0,1,0,246,0,10,0,0,1,0,0,1,2,9,0,1,1,665,0,1,666,0,Guruvinatham,"Panchayat  Union  Primary  School,  West Portion,  Guruvinatham",1.  Kuruvinatham  (R.V)  And  (P)  Kuruvinatham  Block  1 999.OVERSEAS  ELECTORS,All  Voters,665,Tamilaga Vettri Kazhagam,246,221,25,Dravida Munnetra Kazhagam,2,3,4,1,13,13,8,13,13,5,13,13,8,13,13,8,7,6,13,8,8,3.759398496240602,25
307,193,186,41,0,0,0,2,77,0,43,0,1,0,0,0,1,0,0,0,0,0,544,0,3,547,0,Guruvinatham,"Panchayat  Union  Primary  School,  East Portion,  Ilanthaipatti",1.  Kuruvinatham  (R.V)  And  (P)  Ilanthaipatti  Block 999.OVERSEAS  ELECTORS,All  Voters,544,All India Anna Dravida Munnetra Kazhagam,193,186,7,Dravida Munnetra Kazhagam,2,1,5,3,9,9,9,6,9,4,9,7,9,9,9,7,9,9,9,9,9,1.286764705882353,45
308,239,178,37,0,0,0,1,116,0,6,0,0,0,0,2,1,2,2,0,1,0,585,0,0,585,0,Koppampatti,"Panchayat  Union  Middle  School,  West Building  Koppampatti","1.Koppampatti  (R.V),  Mudukalankulam  (P)  Koppampatti  East  street  Block 1  ,  2.Koppampatti  (R.V),  Mudukalankulam  (P)  Koppampatti  west  street Block  2  ,  3.Koppampatti  (R.V),  Mudukalankulam  (P)  Koppampatti  South Street  Block  2  ,  4.Koppampatti  (R.V),  Mudukanlakulam  (P)  Koppampatti East  street  block  2  ,  999.OVERSEAS  ELECTORS",All  Voters,585,All India Anna Dravida Munnetra Kazhagam,239,178,61,Dravida Munnetra Kazhagam,2,1,4,3,12,12,12,9,12,5,12,12,12,12,6,9,6,6,12,9,12,10.42735042735043,14
309,169,162,32,0,0,1,0,119,1,8,0,1,1,1,0,3,2,0,0,0,0,500,0,0,500,0,Puthupatti,"Panchayat  Union  Primary  School,  West Building,  Puthupatti","1.Koppampatti  (R.V),  Mudukalankulam  (P)  Parasuramapuram  west  street block  3  ,  2.Koppampatti  (R.V),  Mudukalankulam  (P)  Parasuramapuram
East  Street  Block  3  ,  3.Koppampatti  (R.V),  Mudukalankulam  (P) Veppangkulam  Block  4  ,  4.Koppampatti  (R.V),  Mudukalankulam  (P)
Pudhupatti  West  Street  Block  5  ,  5.Koppampatti  (R.V),  Mudukalankulam
(P)  Pudhupatti  East  street  block  5  ,  999.OVERSEAS  ELECTORS",All  Voters,500,All India Anna Dravida Munnetra Kazhagam,169,162,7,Dravida Munnetra Kazhagam,2,1,4,3,13,13,8,13,8,5,13,8,8,8,13,6,7,13,13,13,13,1.4,16
310,160,166,49,1,0,0,4,189,0,2,0,0,0,0,1,2,4,1,1,0,0,580,0,1,581,0,Achankulam,"R.C.  Primary  School,  North  Side  Achankulam","1.Achankulam  (R.V)  And  (P)  Achankulam  Block  1  ,  2.Achankulam  (R.V) And  (P)  Achankulam  Block  2  ,  3.Achankulam  (R.V)  And  (P)  Kottaiur  Block 3  ,  999.OVERSEAS  ELECTORS",All  Voters,580,Tamilaga Vettri Kazhagam,189,166,23,Dravida Munnetra Kazhagam,2,3,4,1,9,13,13,5,13,7,13,13,13,13,9,7,5,9,9,13,13,3.96551724137931,11
311,125,188,41,0,0,0,1,119,1,7,0,1,0,0,1,0,0,4,1,0,0,489,0,2,491,0,Achankulam,"Community  Hall,  Achankulam","1.Achankulam  (R.V)  And  (P)  Shalnaickanpatti  Block  4  ,  2.Achankulam (R.V)  And  (P)  Sevalpatti  Block  5  ,  999.OVERSEAS  ELECTORS",All  Voters,489,Dravida Munnetra Kazhagam,188,125,63,All India Anna Dravida Munnetra Kazhagam,1,2,4,3,12,12,12,7,7,5,12,7,12,12,7,12,12,6,7,12,12,12.88343558282209,14
312,271,306,72,1,0,5,0,189,0,1,0,0,1,1,0,0,2,4,2,0,1,856,0,2,858,0,Therkku  vandanam,"Common  Sevai  Center,  Therkku  Vandanam","1.Vadakkuvandanam  (R.V)  And  (P)  Vadakkuvandanam  Block  1  , 2.Vadakkuvandanam  (R.V)  And  (P)  Vadakkuvandanam  Block  2  , 3.Therkuvandanam  (R.V)  And  (P)  Therkuvandanam  Block  1  , 4.Therkuvandanam  (R.V)  And  (P)  K.Kumarapuram  Block  2  , 999.OVERSEAS  ELECTORS",All  Voters,856,Dravida Munnetra Kazhagam,306,271,35,All India Anna Dravida Munnetra Kazhagam,1,2,4,3,9,14,5,14,14,9,14,14,9,9,14,14,7,6,7,14,9,4.088785046728971,12
313,273,208,50,1,0,0,1,209,1,5,0,0,0,0,2,1,1,0,3,0,2,757,0,2,759,0,Thottamapatti,Hindu  Adi  Dravidar  Primary  School Thottamapatti,"1.Thottampatti  (R.V)  And  (P)  Thottampatti  Block  1  ,  2.Thottampatti  (R.V) And  (P)  Thottampatti  Block  2  ,  3.Thottampatti  (R.V)  And  (P)  Sevalpatti Block  3  ,  999.OVERSEAS  ELECTORS",All  Voters,757,All India Anna Dravida Munnetra Kazhagam,273,209,64,Tamilaga Vettri Kazhagam,3,1,4,2,9,14,14,9,9,5,14,14,14,14,7,9,9,14,6,14,7,8.45442536327609,14
314,148,183,33,0,0,0,1,187,1,0,1,0,0,3,0,1,2,2,0,1,0,563,0,4,567,0,Theethampatti,"R.C.  Primary  School,  New  Building  South Side  Theethampatti","1.Thethampatti  (R.V)  And  (P)  Thethampatti  Block  1  ,  2.Thethampatti  (R.V) And  (P)  Thethampatti  Block  2  ,  999.OVERSEAS  ELECTORS",All  Voters,563,Tamilaga Vettri Kazhagam,187,183,4,Dravida Munnetra Kazhagam,2,3,4,1,13,13,13,8,8,13,8,13,13,5,13,8,6,6,13,8,13,0.7104795737122558,10
315,140,163,49,1,0,0,0,82,0,10,0,0,0,0,2,3,3,1,0,1,0,455,0,0,455,0,Govindampatti,"Panchayat  Union  Primary  School,  South facing  Building,  Govindampatti","1.Thethampatti  (R.V)  And  (P)  Govindampatti  Block  3  ,  999.OVERSEAS ELECTORS",All  Voters,455,Dravida Munnetra Kazhagam,163,140,23,All India Anna Dravida Munnetra Kazhagam,1,2,4,3,9,12,12,12,12,5,12,12,12,12,8,6,6,9,12,9,12,5.054945054945055,20
