Serial No. Of Polling Station,Naam Tamilar Katchi,Dravida Munnetra Kazhagam,Nam Naadu Nam Makkal Nam Ethirkaalam Katchi,Puthiya Tamilagam,Amma Makkal Munnettra Kazagam,Naam Indiar Party,Tamizhaga Vaazhvurimai Katchi,Tamilaga Vettri Kazhagam,Independent,Independent.1,Independent.2,Independent.3,Independent.4,Total of Valid Votes,Unnamed: 15,NOTA,Total,No. Of Tendered Votes,Locality,Building  in  Which  it  will  be  Located,Polling  Area,Whether  for  all Voters  or  men  olny or  women  only,Naam Tamilar Katchi_Share_%,Dravida Munnetra Kazhagam_Share_%,Nam Naadu Nam Makkal Nam Ethirkaalam Katchi_Share_%,Puthiya Tamilagam_Share_%,Amma Makkal Munnettra Kazagam_Share_%,Naam Indiar Party_Share_%,Tamizhaga Vaazhvurimai Katchi_Share_%,Tamilaga Vettri Kazhagam_Share_%,NOTA_Share_%,Total_Independent_Votes,Independent_Share_%,Winner_Party,Winner_Votes,Runner_Up_Votes,Margin_Of_Victory,Naam Tamilar Katchi_Rank,Dravida Munnetra Kazhagam_Rank,Nam Naadu Nam Makkal Nam Ethirkaalam Katchi_Rank,Puthiya Tamilagam_Rank,Amma Makkal Munnettra Kazagam_Rank,Naam Indiar Party_Rank,Tamizhaga Vaazhvurimai Katchi_Rank,Tamilaga Vettri Kazhagam_Rank,Independent_Rank,Independent.1_Rank,Independent.2_Rank,Independent.3_Rank,Independent.4_Rank,Margin_Percentage,Runner_Up_Party,Naam Tamilar Katchi_Rank.1,Dravida Munnetra Kazhagam_Rank.1,Nam Naadu Nam Makkal Nam Ethirkaalam Katchi_Rank.1,Puthiya Tamilagam_Rank.1,Amma Makkal Munnettra Kazagam_Rank.1,Naam Indiar Party_Rank.1,Tamizhaga Vaazhvurimai Katchi_Rank.1,Tamilaga Vettri Kazhagam_Rank.1,Independent_Rank.1,Independent.1_Rank.1,Independent.2_Rank.1,Independent.3_Rank.1,Independent.4_Rank.1
1,25,103,0,7,161,1,4,142,1,1,1,1,1,448,0,4,452,0,Onamakkulam,"Panchayat  Union  Primary  School  ,SSA Building,North  portion,Onamakkulam","1.Onamakkulam  (R.V)  And  (P)  Onamakkulam  Block  1, 2.Onamakkulam  (R.V)  And  (P)  Onamakkulam  Block  2, 999.OVERSEAS  ELECTORS",All  Voters,5.580357142857143,22.99107142857143,0.0,1.5625,35.9375,0.2232142857142857,0.8928571428571428,31.69642857142857,0.8928571428571428,5,1.116071428571429,Amma Makkal Munnettra Kazagam,161,142,19,4,3,13,5,1,7,6,2,7,7,7,7,7,4.241071428571429,Tamilaga Vettri Kazhagam,4,3,13,5,1,7,6,2,7,7,7,7,7
2,32,190,3,78,34,0,3,174,0,1,0,1,1,517,0,0,517,0,Onamakkulam,"Panchayat  Union  Primary  School,SSA Building  South  Portion  Onamakkulam","1.Onamakkulam  (R.V)  And  (P)  Onamakkulam  Block  3, 2.Onamakkulam  (R.V)  And  (P)  Onamakkulam  Block  4, 3.Onamakkulam  (R.V)  And  (P)  Veerapandian  puliakkulam  Block  5, 4.Onamakkulam  (R.V)  And  (P)  Veerapandian  pulikkulam  Block  6, 999.OVERSEAS  ELECTORS",All  Voters,6.189555125725339,36.7504835589942,0.5802707930367506,15.08704061895551,6.576402321083171,0.0,0.5802707930367506,33.65570599613153,0.0,3,0.5802707930367506,Dravida Munnetra Kazhagam,190,174,16,5,1,6,3,4,11,6,2,11,8,11,8,8,3.094777562862669,Tamilaga Vettri Kazhagam,5,1,6,3,4,11,6,2,11,8,11,8,8
3,25,55,0,3,140,0,1,117,1,2,1,1,0,346,0,2,348,0,V.P.Thalaiyuthu,"Panchayat  Union  Primary  School, V.P.Thalaiyuthu","1.Onamakkulam  (R.V),  Onamakkulam  &  Thennampatti  (P)
V.P.Thalaiyouthu  Block  5,  2.Onamakkulam  (R.V),  Thennampatti  (P) V.P.Thalaiyothu  Block  6,
3.Onmakkulam  (R.V),  Thennampatti  (P)  V.P.Thalaiyouthu  Block  7,
999.OVERSEAS  ELECTORS",All  Voters,7.225433526011561,15.89595375722543,0.0,0.8670520231213872,40.46242774566474,0.0,0.2890173410404624,33.81502890173411,0.5780346820809248,5,1.445086705202312,Amma Makkal Munnettra Kazagam,140,117,23,4,3,11,5,1,11,7,2,7,6,7,7,11,6.647398843930636,Tamilaga Vettri Kazhagam,4,3,11,5,1,11,7,2,7,6,7,7,11
4,15,121,1,208,135,0,4,177,4,2,3,1,1,672,0,2,674,0,Ilavelangal,"Panchayat  Union  Middle  School,West Building,  Middle  portion,  Ilavelangal","1.Ilavelangal  (R.V)  And  (P)  Kammavar  street  Block  1, 2.Ilavelangal  (R.V)  And  (P)  Jakkammal  street  Block  2,
3.Ilavelangal  (R.V)  And  (P)  Muthalamman  street  Block  3,
999.OVERSEAS  ELECTORS",All  Voters,2.232142857142857,18.00595238095238,0.1488095238095238,30.95238095238095,20.08928571428572,0.0,0.5952380952380952,26.33928571428572,0.2976190476190476,11,1.636904761904762,Puthiya Tamilagam,208,177,31,5,4,10,1,3,13,6,2,6,9,8,10,10,4.613095238095238,Tamilaga Vettri Kazhagam,5,4,10,1,3,13,6,2,6,9,8,10,10
5,51,83,2,35,225,0,5,139,2,6,2,1,5,556,0,5,561,0,Ayiravanpatti,T.N.D.T.A.Primary  School  Ayiravanpatti,"1.Ilavelangal  (R.V)  And  (P)  Ayiravanpatti  Block  4, 2.Ilavelangal  (R.V)  And  (P)  Ayiravanpatti  Block  5, 999.OVERSEAS  ELECTORS",All  Voters,9.172661870503598,14.92805755395683,0.3597122302158274,6.294964028776978,40.46762589928058,0.0,0.8992805755395683,25.0,0.8992805755395683,16,2.877697841726619,Amma Makkal Munnettra Kazagam,225,139,86,4,3,9,5,1,13,7,2,9,6,9,12,7,15.46762589928058,Tamilaga Vettri Kazhagam,4,3,9,5,1,13,7,2,9,6,9,12,7
6,76,78,5,113,123,2,7,302,5,4,2,2,1,720,0,5,725,0,Thennampatti,Panchayat  Union  Primary  School  East Building  Thennampatti,"1.Thennampatti  (R.V)  And  (P)  Thennampatti  Block  1, 2.Thennampatti  (R.V)  And  (P)  Thennampatti  Block  2, 3.Thennampatti  (R.V)  And  (P)  Thennampatti  Block  3, 4.Thennampatti  (R.V)  And  (P)  Gopalapuram  Block  4, 999.OVERSEAS  ELECTORS",All  Voters,10.55555555555556,10.83333333333333,0.6944444444444444,15.69444444444444,17.08333333333333,0.2777777777777778,0.9722222222222222,41.94444444444444,0.6944444444444444,14,1.944444444444444,Tamilaga Vettri Kazhagam,302,123,179,5,4,7,3,2,10,6,1,7,9,10,10,13,24.86111111111111,Amma Makkal Munnettra Kazagam,5,4,7,3,2,10,6,1,7,9,10,10,13
7,67,52,1,32,148,2,0,167,2,4,0,4,9,488,0,4,492,0,Kothali,"Panchayat  Union  Primary  School,  SSA Building  ,  East  portion,  Kothali","1.Kothali  (R.V)  And  (P)  Kothali  Block  1,
2.Kothali  (R.V)  And  (P)  Kothali  Block  2,
3.Kothali  (R.V)  And  (P)  Kothali  Block  3, 999.OVERSEAS  ELECTORS",All  Voters,13.72950819672131,10.65573770491803,0.2049180327868853,6.557377049180328,30.32786885245902,0.4098360655737705,0.0,34.22131147540984,0.819672131147541,19,3.89344262295082,Tamilaga Vettri Kazhagam,167,148,19,3,4,11,5,2,9,12,1,9,7,12,7,6,3.89344262295082,Amma Makkal Munnettra Kazagam,3,4,11,5,2,9,12,1,9,7,12,7,6
8,44,74,1,120,70,2,2,85,0,1,0,0,3,402,0,4,406,0,Kalappaipatti,"C.M.M.L.  Primary  SchoolMain  Building, Kalappaipatti","1.Kalappaipatti  (R.V)  And  (P)  Kalappaipatti  Block  1, 2.Kalappaipatti  (R.V)  And  (P)  Kalappaipatti  Block  2, 999.OVERSEAS  ELECTORS",All  Voters,10.9452736318408,18.40796019900498,0.2487562189054726,29.85074626865671,17.41293532338308,0.4975124378109453,0.4975124378109453,21.14427860696518,0.9950248756218906,4,0.9950248756218906,Puthiya Tamilagam,120,85,35,5,3,9,1,4,7,7,2,11,9,11,11,6,8.706467661691542,Tamilaga Vettri Kazhagam,5,3,9,1,4,7,7,2,11,9,11,11,6
9,26,41,1,225,202,4,2,153,1,5,0,2,0,662,0,3,665,0,Kalappaipatti,"C.M.M.L.  Primary  School,  North  Tiled Building,  Main  Kalappaipatti","1.Kalappaipatti  (R.V)  And  (P)  Ammalpatti  Block  3,
2.Kalappaipatti  (R.V)  And  (P)  Ayyapparajapuram  Block  4, 3.Kalappaipatti  (R.V)  And  (P)  Veppankulam  Block  5, 999.OVERSEAS  ELECTORS",All  Voters,3.927492447129909,6.193353474320242,0.1510574018126888,33.98791540785498,30.51359516616314,0.6042296072507553,0.3021148036253776,23.11178247734139,0.4531722054380665,8,1.208459214501511,Puthiya Tamilagam,225,202,23,5,4,10,1,2,7,8,3,10,6,12,8,12,3.474320241691843,Amma Makkal Munnettra Kazagam,5,4,10,1,2,7,8,3,10,6,12,8,12
10,90,106,2,401,54,0,3,149,2,3,2,2,0,814,0,3,817,0,Govindapuram  & Keelakottai,"Noon  Meal  Centre,  Keelakottai","1.Govindapuram  &  Keelakottai  (R.V),  Keelakottai  (P)  Keela  kottai  south
street  Block  1,  2.Govindapuram  &  Keelakottai  (R.V),  Keelakottai  (P)  Keela kottai  west  street  Block  1,  3.Govindapuram  &  Keelakottai  (R.V),
Keelakottai  (P)  Keelakottai  middle  street  Block  1,  4.Govindapuram  & Keelakottai  (R.V),  Keelakottai  (P)  Keelakottai  East  street  Block  1, 5.Govindapuram  &  Keelakottai  (R.V),  Keelakottai  (P)  Gopalapuram
Galaveedu  Block  2,  6.Govindapuram  &  Keelakottai  (R.V),  Keelakottai  (P) Govindapuram  Block  5,
999.OVERSEAS  ELECTORS",All  Voters,11.05651105651106,13.02211302211302,0.2457002457002457,49.26289926289926,6.633906633906633,0.0,0.3685503685503685,18.3046683046683,0.3685503685503685,9,1.105651105651106,Puthiya Tamilagam,401,149,252,4,3,8,1,5,12,6,2,8,6,8,8,12,30.95823095823096,Tamilaga Vettri Kazhagam,4,3,8,1,5,12,6,2,8,6,8,8,12
11,28,122,1,122,32,0,1,99,0,2,0,0,0,407,0,1,408,0,Kailaspuram,"T.N.D.T.A.High  School  North  Building  East postion,  1st  Room  Kailaspuram","1.Kailasapuram  (R.V),  Keelakottai  (P)  First  street  Block  2,  999.OVERSEAS ELECTORS",All  Voters,6.87960687960688,29.97542997542998,0.2457002457002457,29.97542997542998,7.862407862407863,0.0,0.2457002457002457,24.32432432432433,0.2457002457002457,2,0.4914004914004914,Dravida Munnetra Kazhagam,122,122,0,5,1,7,1,4,9,7,3,9,6,9,9,9,0.0,Dravida Munnetra Kazhagam,5,1,7,1,4,9,7,3,9,6,9,9,9
12,6,122,0,171,39,1,0,77,1,0,0,1,4,422,0,1,423,0,Kailaspuram,"T.N.D.T.A.High  School  North  Building  East postion,  4th  Room,Kailaspuram","1.Kailasapuram  (R.V),  Keelakottai  (P)  Middle  street  Block  3, 2.Kailasapuram  (R.V),  Keelakottai  (P)  East  street  Block  4, 999.OVERSEAS  ELECTORS",All  Voters,1.421800947867299,28.90995260663507,0.0,40.52132701421801,9.24170616113744,0.2369668246445498,0.0,18.24644549763033,0.2369668246445498,6,1.421800947867299,Puthiya Tamilagam,171,122,49,5,2,10,1,4,7,10,3,7,10,10,7,6,11.61137440758294,Dravida Munnetra Kazhagam,5,2,10,1,4,7,10,3,7,10,10,7,6
13,44,56,1,543,42,2,4,135,0,2,0,0,0,829,0,6,835,0,Kodiyankulam,"T.N.D.T.A.Primary  School,  Kodiankulam.","1.Kodiyankulam  (R.V)  And  (P)  North  street  Block  1, 2.Kodiyankulam  (R.V)  And  (P)  East  Street  Block  2, 3.Kodiyankulam  (R.V)  And  (P)  South  Street  Block  3, 999.OVERSEAS  ELECTORS",All  Voters,5.307599517490953,6.75512665862485,0.120627261761158,65.50060313630881,5.066344993968637,0.241254523522316,0.482509047044632,16.28468033775633,0.7237635705669482,2,0.241254523522316,Puthiya Tamilagam,543,135,408,4,3,9,1,5,7,6,2,10,7,10,10,10,49.21592279855248,Tamilaga Vettri Kazhagam,4,3,9,1,5,7,6,2,10,7,10,10,10
14,50,122,1,362,51,0,2,143,0,0,1,1,1,734,0,3,737,0,Puliampatti,"R.C.  Middle  School,East  Building,  South Portion,  Puliampatti","1.Akkanaickanpatti  (R.V)  And  (P)  Ottudanpatti  East  Strett  Block  4, 2.Akkanaickanpatti  (R.V)  And  (P)  Ottudanpatti  West  Street  Block  4, 3.Akkanaickenpatti  (R.V)  And  (P)  Ottudanpatti  North  Street  Block  4, 4.Akkanaickenpatti  (R.V)  And  (P)  Ottudanpatti  South  Street  Block  4, 5.Akkanaickenpatti  (R.V)  And  (P)  Puliampatti  North  Street  Block  5, 6.Akkanaickenpatti  (R.V)  And  (P)  Puliampatti  South  Street  Block  5, 999.OVERSEAS  ELECTORS",All  Voters,6.811989100817439,16.62125340599455,0.1362397820163488,49.31880108991826,6.948228882833788,0.0,0.2724795640326975,19.48228882833788,0.4087193460490463,3,0.4087193460490463,Puthiya Tamilagam,362,143,219,5,3,7,1,4,11,6,2,11,11,7,7,7,29.83651226158038,Tamilaga Vettri Kazhagam,5,3,7,1,4,11,6,2,11,11,7,7,7
15,42,205,3,148,85,1,1,222,1,2,1,0,1,712,0,4,716,0,Akkanaickanpatti,"Panchayat  Union  Primary  School,  East Building,Akkanaickanpatti","1.Akkanaickanpatti  (R.V)  And  (P)  East  street  Block  1,
2.Akkanaickanpatti  (R.V)  And  (P)  South  Street  Block  1, 3.Akkanaickanpatti  (R.V)  And  (P)  West  street  Block  3,
4.Akkanaickenpatti  (R.V)  And  (P)  South  Colony  Block  3,
999.OVERSEAS  ELECTORS",All  Voters,5.898876404494382,28.79213483146068,0.4213483146067415,20.78651685393259,11.93820224719101,0.1404494382022472,0.1404494382022472,31.17977528089887,0.5617977528089888,5,0.7022471910112359,Tamilaga Vettri Kazhagam,222,205,17,5,2,6,3,4,8,8,1,8,7,8,13,8,2.387640449438202,Dravida Munnetra Kazhagam,5,2,6,3,4,8,8,1,8,7,8,13,8
16,50,161,3,135,62,1,5,189,2,0,1,0,1,610,0,7,617,0,Akkanaickanpatti,"Government  High  School,  West  Building Akkanaickanpatti","1.Akkanaickanpatti  (R.V)  And  (P)  North  Street  Block  2, 2.Akkanaickanpatti  (R.V)  And  (P)  North  Colony  Block  3,
3.Akkanaickenpatti  (R.V)  And  (P)  Mela  Maniyachi  Block  6,
999.OVERSEAS  ELECTORS",All  Voters,8.19672131147541,26.39344262295082,0.4918032786885246,22.1311475409836,10.16393442622951,0.1639344262295082,0.819672131147541,30.98360655737705,1.147540983606557,4,0.6557377049180327,Tamilaga Vettri Kazhagam,189,161,28,5,2,7,3,4,9,6,1,8,12,9,12,9,4.590163934426229,Dravida Munnetra Kazhagam,5,2,7,3,4,9,6,1,8,12,9,12,9
17,23,90,4,124,43,1,1,80,0,0,0,0,2,368,0,2,370,0,Maruthanvalvu,"Panchayat  Union  Primary  School,  East Building  Maruthanvalvu","1.Maruthanvolu  &  Narikenaru  (R.V),  Maruthanvolu  (p)  Maruthanvolu block  5,
2.Maruthanvolu  &  NariKenaru  (R.V),  Narikenaru  (P)  Maruthanvolu  Block 6,
999.OVERSEAS  ELECTORS",All  Voters,6.25,24.45652173913043,1.08695652173913,33.69565217391305,11.68478260869565,0.2717391304347826,0.2717391304347826,21.73913043478261,0.5434782608695652,2,0.5434782608695652,Puthiya Tamilagam,124,90,34,5,2,6,1,4,8,8,3,10,10,10,10,7,9.239130434782608,Dravida Munnetra Kazhagam,5,2,6,1,4,8,8,3,10,10,10,10,7
18,23,113,3,234,55,1,2,114,0,0,0,0,1,546,0,4,550,0,Maruthanvalvu,"Panchayat  Union  Primary  School,  West Building,  North  Portion,  Maruthanvalvu","1.Maruthanvalu  &  Naraikinaru  (R.V),  Naraikinaru  (P)  Maruthanvalu Block  7,
2.Maruthanvalu  &  Naraikinaru  (R.V),  Naraikinaru  (P)  Maruthanvalu Block  8,
3.Maruthanvalu  &  Naraikinaru  (R.V),  Naraikinaru  (P)  Therkupatti AYYAPPAPURAM  Block  9,
999.OVERSEAS  ELECTORS",All  Voters,4.212454212454213,20.69597069597069,0.5494505494505495,42.85714285714285,10.07326007326007,0.1831501831501831,0.3663003663003663,20.87912087912088,0.7326007326007326,1,0.1831501831501831,Puthiya Tamilagam,234,114,120,5,3,6,1,4,8,7,2,10,10,10,10,8,21.97802197802198,Tamilaga Vettri Kazhagam,5,3,6,1,4,8,7,2,10,10,10,10,8
19,32,72,0,109,92,0,0,137,0,1,0,0,2,445,0,0,445,0,Naraikinaru,"P.M  Primary  School,  Naraikinaru","1.Maruthanvalu  &  Naraikinaru  (R.V),  Naraikinaru  (P)  Naraikinaru  Block 3,
2.Maruthanvalu  &  Naraikinaru  (R.V),  Naraikinaru  (P)  Pudur  Block  4,
999.OVERSEAS  ELECTORS",All  Voters,7.191011235955057,16.17977528089888,0.0,24.49438202247191,20.67415730337078,0.0,0.0,30.78651685393258,0.0,3,0.6741573033707865,Tamilaga Vettri Kazhagam,137,109,28,5,4,8,2,3,8,8,1,8,7,8,8,6,6.292134831460674,Puthiya Tamilagam,5,4,8,2,3,8,8,1,8,7,8,8,6
20,42,98,2,317,198,0,0,185,2,4,1,1,0,850,0,4,854,0,Kollankinar,"Panchayat  Union  Middle  School  ,New Building  West  Portion  Kollankinar","1.Kollankinar  (R.V)  And  (P)  Kollankinar  Block  1, 2.Kollankinar  (R.V)  And  (P)  Kollankinar  Block  2, 3.Kollankinar  (R.V)  And  (P)  Kollankinar  Block  3, 4.Kollankinar  (R.V)  And  (P)  Kollankinaru  Block  4, 999.OVERSEAS  ELECTORS",All  Voters,4.941176470588235,11.52941176470588,0.2352941176470588,37.29411764705882,23.29411764705882,0.0,0.0,21.76470588235294,0.4705882352941176,8,0.9411764705882352,Puthiya Tamilagam,317,198,119,5,4,7,1,2,11,11,3,7,6,9,9,11,14.0,Amma Makkal Munnettra Kazagam,5,4,7,1,2,11,11,3,7,6,9,9,11
21,58,93,1,111,100,1,2,215,1,1,2,0,1,586,0,4,590,0,Parivillikottai,"Govt  High  School,  South  East  Building, Parivillikottai","1.Parivallikottai  (R.V)  And  (P)  Parivallikottai  Block  1, 2.Parivallikottai  (R.V)  And  (P)  Parivallikottai  Block  2, 3.Parivallikottai  (R.V)  And  (P)  Parivallikottai  Block  3, 4.Parivallikottai  (R.V)  And  (P)  Parivallikottai  Block  4, 999.OVERSEAS  ELECTORS",All  Voters,9.897610921501707,15.8703071672355,0.1706484641638225,18.9419795221843,17.06484641638225,0.1706484641638225,0.3412969283276451,36.68941979522184,0.6825938566552902,5,0.8532423208191127,Tamilaga Vettri Kazhagam,215,111,104,5,4,8,2,3,8,6,1,8,8,6,13,8,17.74744027303754,Puthiya Tamilagam,5,4,8,2,3,8,6,1,8,8,6,13,8
22,43,135,2,269,41,0,1,223,0,0,0,0,0,714,0,2,716,0,Kallathikinaru,"R.C  Primary  School,  Main  Building  East Portion,  Kallathikinaru.","1.Parivallikottai  (R.V)  And  (P)  Kallathikinaru  Block  5, 2.Parivallikottai  (R.V)  And  (P)  Kallathikinaru  Block  6, 999.OVERSEAS  ELECTORS",All  Voters,6.022408963585434,18.90756302521008,0.2801120448179272,37.67507002801121,5.742296918767507,0.0,0.1400560224089636,31.23249299719888,0.2801120448179272,0,0.0,Puthiya Tamilagam,269,223,46,4,3,6,1,5,8,7,2,8,8,8,8,8,6.442577030812324,Tamilaga Vettri Kazhagam,4,3,6,1,5,8,7,2,8,8,8,8,8
23,9,99,3,210,130,0,0,48,2,0,3,0,1,505,0,0,505,0,Malaippatti,"Panchayat  Union  Primary  School,  Main Building,  Malaippatti","1.Malaipatti  (R.V)  And  (P)  Block  No  1, 2.Malaipatti  (R.V)  And  (P)  Block  No  2, 999.OVERSEAS  ELECTORS",All  Voters,1.782178217821782,19.6039603960396,0.594059405940594,41.58415841584159,25.74257425742574,0.0,0.0,9.504950495049505,0.0,6,1.188118811881188,Puthiya Tamilagam,210,130,80,5,3,6,1,2,10,10,4,8,10,6,10,9,15.84158415841584,Amma Makkal Munnettra Kazagam,5,3,6,1,2,10,10,4,8,10,6,10,9
24,70,137,6,228,77,1,5,250,2,0,2,1,2,781,0,8,789,0,Ottanatham,"Ramanujam  Hindu  Middle  school  ,West Portion  Ottanatham","1.Ottanatham  (R.V)  And  (P)  Block  1, 2.Ottanatham  (R.V)  And  (P)  Block  2, 3.Ottanatham  (R.V)  And  (P)  Block  3, 999.OVERSEAS  ELECTORS",All  Voters,8.962868117797695,17.5416133162612,0.7682458386683738,29.19334186939821,9.859154929577464,0.1280409731113956,0.6402048655569782,32.01024327784891,1.024327784891165,7,0.8962868117797695,Tamilaga Vettri Kazhagam,250,228,22,5,3,6,2,4,11,7,1,8,13,8,11,8,2.816901408450704,Puthiya Tamilagam,5,3,6,2,4,11,7,1,8,13,8,11,8
25,21,101,1,9,200,1,0,202,1,0,1,0,2,539,0,1,540,0,Ottanatham,"Ramanujam  Hindu  Middle  school  ,East Portion  Ottanatham","1.Ottanatham  (R.V)  And  (P)  Block  4, 2.Ottanatham(R.V)  And  (P)  Block  5, 3.Ottanatham  (R.V)  And  (P)  Block  6, 999.OVERSEAS  ELECTORS",All  Voters,3.896103896103896,18.73840445269017,0.1855287569573284,1.669758812615955,37.10575139146567,0.1855287569573284,0.0,37.47680890538033,0.1855287569573284,4,0.7421150278293136,Tamilaga Vettri Kazhagam,202,200,2,4,3,7,5,2,7,11,1,7,11,7,11,6,0.3710575139146568,Amma Makkal Munnettra Kazagam,4,3,7,5,2,7,11,1,7,11,7,11,6
26,43,102,3,109,178,0,4,201,1,4,1,3,1,650,0,2,652,0,Maniyachi,"R.C.  Primary  School  ,South  Portion, Maniyachi","1.Maniyachi  (R.V)  And  (P)  Maniachei  Block  1,
2.Maniachei  (R.V)  And  (P)  Maniachi  Kasbha  Block  2, 3.Maniachei  (R.V)  And  (P)  Vadamalapuram  Block  3,
4.Maniachi  (R.V)  And  (P)  Maniachi  Railway  Station  Block  5,  5.Maniachi (R.V)  And  (P)  Sundararajapuram  Block  6,
999.OVERSEAS  ELECTORS",All  Voters,6.615384615384616,15.69230769230769,0.4615384615384616,16.76923076923077,27.38461538461539,0.0,0.6153846153846154,30.92307692307693,0.3076923076923077,10,1.538461538461539,Tamilaga Vettri Kazhagam,201,178,23,5,4,8,3,2,13,6,1,10,6,10,8,10,3.538461538461538,Amma Makkal Munnettra Kazagam,5,4,8,3,2,13,6,1,10,6,10,8,10
27,14,49,3,90,31,0,0,88,0,0,0,1,1,277,0,0,277,0,Chokkanathapuram,"Panchayat  Union  Primary  School, North  Facing,  East  Building, Chokkanathapuram","1.Maniachei  (R.V)  And  (P)  Chokkanathapuram  Block  4, 999.OVERSEAS  ELECTORS",All  Voters,5.054151624548736,17.68953068592058,1.083032490974729,32.49097472924188,11.1913357400722,0.0,0.0,31.76895306859206,0.0,2,0.7220216606498195,Puthiya Tamilagam,90,88,2,5,3,6,1,4,9,9,2,9,9,9,7,7,0.7220216606498195,Tamilaga Vettri Kazhagam,5,3,6,1,4,9,9,2,9,9,9,7,7
28,12,34,0,7,45,1,0,56,0,0,0,0,0,155,0,1,156,0,Paraikuttam,"T.N.D.T.A.Primary  School,Paraikuttam","1.Paraikuttam  (R.V)  And  (P)  Paraikuttam  Block  1, 2.Paraikuttam  (R.V)  And  (P)  Paraikuttam  Block  2, 999.OVERSEAS  ELECTORS",All  Voters,7.741935483870968,21.93548387096774,0.0,4.516129032258064,29.03225806451613,0.6451612903225806,0.0,36.12903225806451,0.6451612903225806,0,0.0,Tamilaga Vettri Kazhagam,56,45,11,4,3,7,5,2,6,7,1,7,7,7,7,7,7.096774193548387,Amma Makkal Munnettra Kazagam,4,3,7,5,2,6,7,1,7,7,7,7,7
29,15,21,3,76,93,1,3,151,2,0,0,0,0,365,0,0,365,0,Melapandiyapuram,T.N.D.T.A.  Primary  School   North  Portion Melapandiyapuram,"1.Melapandiapuram  (R.V)  And  (P)  Melapandiapuram  Block  1, 2.Melapandiapuram  (R.V)  And  (P)  Shunmugapuram  Block  2, 3.Melapandiapuram  (R.V)  And  (P)  Kandasamypuram  Block  3, 999.OVERSEAS  ELECTORS",All  Voters,4.10958904109589,5.753424657534246,0.821917808219178,20.82191780821918,25.47945205479452,0.273972602739726,0.821917808219178,41.36986301369863,0.0,2,0.547945205479452,Tamilaga Vettri Kazhagam,151,93,58,5,4,6,3,2,9,6,1,8,10,10,10,10,15.89041095890411,Amma Makkal Munnettra Kazagam,5,4,6,3,2,9,6,1,8,10,10,10,10
30,37,68,5,187,166,3,5,269,2,2,0,2,1,747,0,3,750,0,Sangampatti,Panchayat  Union  Primary  School Sangampatti,"1.Sangampatti  &  Muramban  (R.V),  Sangampatti  (p)  Mela  street  Block  1,
2.Sangampatti  &  Muramban  (R.V),  Sangampatti  (P)  Middle  Street  Block  2, 3.Sangampatti  &  Muramban  (R.V),  Muramban  (P)  Keela  Street  Block  2,
4.Sangampatti  &  Muramban  (R.V),  Muramban  (P)  Muramban  Block  1, 5.Sangampatti  &  Muramban  (R.V),  Muramban  (P)  Murampan  Block  2, 6.Sangampatti  &  Muramban  (R.V),  Muramban  (P)  Muramban  Block  4,
999.OVERSEAS  ELECTORS",All  Voters,4.953145917001338,9.103078982597054,0.6693440428380187,25.0334672021419,22.22222222222222,0.4016064257028112,0.6693440428380187,36.01070950468541,0.4016064257028112,7,0.9370816599732262,Tamilaga Vettri Kazhagam,269,187,82,5,4,6,2,3,8,6,1,9,9,13,9,12,10.97724230254351,Puthiya Tamilagam,5,4,6,2,3,8,6,1,9,9,13,9,12
31,27,104,4,103,142,2,2,165,4,2,0,0,1,556,0,1,557,0,Therku  Araikkulam,"Panchayat  Union  Middle  School,North Building,  Therku  Araikkulam.","1.Innam  Aaraikulam  (R.V)  And  (P)  South  Aaraikulam  Block  1,  2.Innam Aaraikulam  (R.V)  And  (P)  Noth  Aaraikulam  Block  2,  999.OVERSEAS ELECTORS",All  Voters,4.856115107913669,18.70503597122302,0.7194244604316548,18.52517985611511,25.53956834532374,0.3597122302158274,0.3597122302158274,29.67625899280575,0.1798561151079137,7,1.258992805755396,Tamilaga Vettri Kazhagam,165,142,23,5,3,6,4,2,8,8,1,6,8,12,12,11,4.136690647482014,Amma Makkal Munnettra Kazagam,5,3,6,4,2,8,8,1,6,8,12,12,11
32,30,66,2,54,74,0,2,200,2,1,0,1,0,432,0,4,436,0,Kulesekaranallur,"Ramakrishnan  Primary  School  ,Main Building,  Kulesekaranallur.","1.Kulasekaranallur  (R.V)  And  (P)  Kulasekaranallur  Block  1, 999.OVERSEAS  ELECTORS",All  Voters,6.944444444444445,15.27777777777778,0.4629629629629629,12.5,17.12962962962963,0.0,0.4629629629629629,46.2962962962963,0.9259259259259258,4,0.9259259259259258,Tamilaga Vettri Kazhagam,200,74,126,5,3,6,4,2,11,6,1,6,9,11,9,11,29.16666666666667,Amma Makkal Munnettra Kazagam,5,3,6,4,2,11,6,1,6,9,11,9,11
33,40,85,3,244,85,1,2,192,0,0,2,2,1,657,0,5,662,0,Kulesekaranallur,"E-Sevai  center,  south  Building, kulesekaranallur.","1.Kulasekaranallur  (R.V)  And  (P)  Kulasekaranallur  Block  2, 999.OVERSEAS  ELECTORS",All  Voters,6.0882800608828,12.93759512937595,0.45662100456621,37.13850837138508,12.93759512937595,0.15220700152207,0.30441400304414,29.22374429223744,0.76103500761035,5,0.76103500761035,Puthiya Tamilagam,244,192,52,5,3,6,1,3,10,7,2,12,12,7,7,10,7.91476407914764,Tamilaga Vettri Kazhagam,5,3,6,1,3,10,7,2,12,12,7,7,10
34,43,120,2,227,81,3,1,154,0,0,3,2,1,637,0,5,642,0,Osanoothu,"Panchayat  Union  Primary  School,  Middle Building,  Osanoothu.","1.Kulasekaranallur  (R.V)  And  (P)  Osanoothu  Block  3, 999.OVERSEAS  ELECTORS",All  Voters,6.750392464678178,18.83830455259027,0.3139717425431711,35.63579277864992,12.71585557299843,0.4709576138147566,0.1569858712715856,24.17582417582418,0.7849293563579277,6,0.9419152276295133,Puthiya Tamilagam,227,154,73,5,3,8,1,4,6,10,2,12,12,6,8,10,11.45996860282575,Tamilaga Vettri Kazhagam,5,3,8,1,4,6,10,2,12,12,6,8,10
35,32,105,3,232,43,1,1,98,0,0,1,0,0,516,0,0,516,0,Sevelkulam,"Anganwadi  Center,  Sevelkulam","1.Kulasekaranallur  (R.V)  And  (B)  Chelakkaranpachisery  Block  4, 2.Kulasekaranallur  (R.V)  And  (P)  Pachiperumalpuram  Block  5, 3.Kulasekaranallur  (R.V)  And  (P)  Sankaranpachisery  Block  6,
999.OVERSEAS  ELECTORS",All  Voters,6.2015503875969,20.34883720930232,0.5813953488372093,44.96124031007752,8.333333333333332,0.1937984496124031,0.1937984496124031,18.99224806201551,0.0,1,0.1937984496124031,Puthiya Tamilagam,232,105,127,5,2,6,1,4,7,7,3,10,10,7,10,10,24.61240310077519,Dravida Munnetra Kazhagam,5,2,6,1,4,7,7,3,10,10,7,10,10
36,19,54,6,4,158,0,1,108,2,3,0,0,0,355,0,3,358,0,Savarimangalam,"T.N.D.T.A.  Primary  school,  Savarimangalam.","1.S.kailasapuram  (R.V)  And  (P)  Savarimangalam  Block  1, 2.S.Kailasapuram  (R.V)  And  (P)  Savarimangalam  Block  2,
3.S.  Kailasapuram  (R.V)  And  (P)  Savarimangalam  Block  3,
999.OVERSEAS  ELECTORS",All  Voters,5.352112676056338,15.2112676056338,1.690140845070422,1.126760563380282,44.50704225352113,0.0,0.2816901408450704,30.4225352112676,0.8450704225352111,5,1.408450704225352,Amma Makkal Munnettra Kazagam,158,108,50,4,3,5,6,1,10,9,2,8,7,10,10,10,14.08450704225352,Tamilaga Vettri Kazhagam,4,3,5,6,1,10,9,2,8,7,10,10,10
37,41,205,2,238,53,2,1,209,1,0,0,0,0,752,0,1,753,0,Kombadi Thalavaipuram,"T.N.D.T.A.  Middle  School,  Kombadi Thalavaipuram","1.Sarvarimangalam  (R.V)  And  (P)  Kombadi  Block  7, 2.Savarimangalam  (R.V)  And  (P)  Kombady  Block  8, 3.Savarmiangalam  (R.V)  And  (P)  Thalavaipuram  Block  9, 4.Savarimangalam  (R.V)  And  (P)  Thalavaipuram  Block  10, 999.OVERSEAS  ELECTORS",All  Voters,5.452127659574469,27.26063829787234,0.2659574468085106,31.64893617021277,7.047872340425531,0.2659574468085106,0.1329787234042553,27.79255319148936,0.1329787234042553,1,0.1329787234042553,Puthiya Tamilagam,238,209,29,5,3,6,1,4,6,8,2,8,10,10,10,10,3.856382978723404,Tamilaga Vettri Kazhagam,5,3,6,1,4,6,8,2,8,10,10,10,10
38,63,245,2,2,53,1,2,88,0,0,1,0,2,459,0,0,459,0,S.  Kailasapuram,"T.D.T.A.  KGM  Higher  Secondary  School
,Middle  Portion  ,S.  Kailasapuram","1.Sarvarimangalam  (R.V)  And  (P),  Kailasapuram  Block  4, 2.Sarvarimangalam  (R.V)  And  (P),  Kailasapuram  Block  5, 3.Sarvarimangalam  (R.V)  And  (P),  Kailasapuram  Block  6, 999.OVERSEAS  ELECTORS",All  Voters,13.72549019607843,53.37690631808278,0.4357298474945534,0.4357298474945534,11.54684095860566,0.2178649237472767,0.4357298474945534,19.17211328976035,0.0,3,0.6535947712418301,Dravida Munnetra Kazhagam,245,88,157,3,1,5,5,4,9,5,2,11,11,9,11,5,34.20479302832244,Tamilaga Vettri Kazhagam,3,1,5,5,4,9,5,2,11,11,9,11,5
39,44,220,1,181,144,0,2,188,1,1,1,0,0,783,0,2,785,0,Jambulingapuram,"T.N.D.T.A.  Primary  School  ,North  Building, Jambulingapuram","1.Jampulingapuram  (R.V)  And  (P)  Jampulingapuram  Block  1, 2.Jampulingapuram  (R.V)  And  (P)  MelaVeerapandiapuram  Block  2, 999.OVERSEAS  ELECTORS",All  Voters,5.61941251596424,28.0970625798212,0.1277139208173691,23.11621966794381,18.39080459770115,0.0,0.2554278416347382,24.01021711366539,0.2554278416347382,3,0.3831417624521072,Dravida Munnetra Kazhagam,220,188,32,5,1,7,3,4,11,6,2,7,7,7,11,11,4.086845466155811,Tamilaga Vettri Kazhagam,5,1,7,3,4,11,6,2,7,7,7,11,11
40,29,192,8,136,143,4,4,177,2,1,2,0,2,700,0,5,705,0,Puthupatcheri,"Anganwadi  Centre,  North  Portion, Puthupatcheri","1.Jampulingapuram  (R.V)  And  (P)  Pudhuchery  Block  3, 2.Jampulingapuram  (R.V)  And  (P)  Pudur  4, 999.OVERSEAS  ELECTORS",All  Voters,4.142857142857142,27.42857142857143,1.142857142857143,19.42857142857143,20.42857142857143,0.5714285714285714,0.5714285714285714,25.28571428571428,0.7142857142857143,7,1.0,Dravida Munnetra Kazhagam,192,177,15,5,1,6,4,3,7,7,2,9,12,9,13,9,2.142857142857143,Tamilaga Vettri Kazhagam,5,1,6,4,3,7,7,2,9,12,9,13,9
41,72,224,4,70,113,0,3,263,1,0,0,0,1,751,0,5,756,0,Ottapidaram,"T.M.P.Meckvai  Higher  Secondary  School
,(Swish  Red  Cross  Memorial  Hall  East Portion)  Ottapidaram","1.Ottapidaram  (R.V)  And  (P)  Sivankovil  street  Block  1, 2.Ottapidaram  (R.V)  And  (P)  Perumalkovil  street  Block  1, 3.Ottapidaram  (R.V)  And  (P)  Fort  street  Block  2, 999.OVERSEAS  ELECTORS",All  Voters,9.587217043941411,29.82689747003995,0.5326231691078562,9.320905459387484,15.04660452729694,0.0,0.3994673768308922,35.01997336884155,0.6657789613848202,2,0.2663115845539281,Tamilaga Vettri Kazhagam,263,224,39,4,2,6,5,3,10,7,1,8,10,10,10,8,5.193075898801598,Dravida Munnetra Kazhagam,4,2,6,5,3,10,7,1,8,10,10,10,8
42,42,190,1,61,232,0,0,280,1,1,0,0,1,809,0,5,814,0,Ottapidaram,"T.M.P.Meckvai  Higher  Secondary  School
,(Swish  Red  Cross  Memorial  Hall  South Portion)  Ottapidaram","1.Ottapidaram  (R.V)  And  (P)  V.O.C.  Street  Block  2,
2.Ottapidaram  (R.V)  And  (P)  South  Parambur,  colony  &  Muppulivetti (West),
999.OVERSEAS  ELECTORS",All  Voters,5.19159456118665,23.48578491965389,0.1236093943139678,7.540173053152039,28.67737948084054,0.0,0.0,34.610630407911,0.6180469715698393,3,0.3708281829419036,Tamilaga Vettri Kazhagam,280,232,48,5,3,6,4,2,10,10,1,6,6,10,10,6,5.933250927070458,Amma Makkal Munnettra Kazagam,5,3,6,4,2,10,10,1,6,6,10,10,6
43,30,100,0,37,82,0,2,164,0,0,1,0,2,418,0,1,419,0,Ottapidaram,"T.M.P.Meckvai  Higher  Secondary  School
,Memorial  West  Side  Portion,  Ottapidaram","1.Ottapidaram  (R.V)  And  (P)  North  parumboor  Hospital  street  Block  8, 999.OVERSEAS  ELECTORS",All  Voters,7.177033492822966,23.92344497607656,0.0,8.851674641148326,19.61722488038277,0.0,0.4784688995215311,39.23444976076555,0.2392344497607655,3,0.7177033492822966,Tamilaga Vettri Kazhagam,164,100,64,5,2,9,4,3,9,6,1,9,9,8,9,6,15.311004784689,Dravida Munnetra Kazhagam,5,2,9,4,3,9,6,1,9,9,8,9,6
44,51,181,2,63,111,3,0,200,0,1,1,1,3,617,0,1,618,0,Ottapidaram,"T.M.P.Meckvai  Higher  Secondary  School
,Memorial  East  Side  Portion,  Ottapidaram","1.Ottapidaram  (R.V)  And  (P)  Mettur  part  Block  7,
2.Ottapidaram  (R.V)  And  (P)  South  parumboor  Ricemill  colony  Block  8, 999.OVERSEAS  ELECTORS",All  Voters,8.26580226904376,29.3354943273906,0.3241491085899514,10.21069692058347,17.9902755267423,0.4862236628849271,0.0,32.41491085899514,0.1620745542949757,6,0.9724473257698543,Tamilaga Vettri Kazhagam,200,181,19,5,2,8,4,3,6,12,1,12,9,9,9,6,3.079416531604538,Dravida Munnetra Kazhagam,5,2,8,4,3,6,12,1,12,9,9,9,6
45,69,232,4,23,303,1,3,287,1,0,0,0,1,924,0,3,927,0,Muppilivetti,"Panchayat  Union  Primary  School  ,West Building,  Muppilivetti","1.Ottapidaram  (R.V)  And  (P)  Muppulivetti  Block  10,
2.Ottapidaram  (R.V)  And  (P)  Muppulivetti  Yadavar  Street  Block  11, 999.OVERSEAS  ELECTORS",All  Voters,7.467532467532467,25.10822510822511,0.4329004329004329,2.489177489177489,32.7922077922078,0.1082251082251082,0.3246753246753247,31.06060606060606,0.3246753246753247,2,0.2164502164502164,Amma Makkal Munnettra Kazagam,303,287,16,4,3,6,5,1,8,7,2,8,11,11,11,8,1.731601731601732,Tamilaga Vettri Kazhagam,4,3,6,5,1,8,7,2,8,11,11,11,8
46,79,283,5,14,114,1,5,412,5,0,1,4,2,925,0,3,928,0,Melamadam,"Hindu  Nadar  Uravumurai  Primary  School, Main  Building  west  side  4th  room  East Facing  from  north,  Melamadam","1.Ottapidaram  (R.V)  And  (P)  SelvakaniNadar  Street  Block  12, 2.Ottapidaram  (R.V)  And  (P)  Northside  Block  12, 3.Ottapidaram  (R.V)  And  (P)  Vannar  Street  Block  12, 4.Ottapidaram  (R.V)  And  (P)  South  Side  Block  12, 999.OVERSEAS  ELECTORS",All  Voters,8.54054054054054,30.59459459459459,0.5405405405405406,1.513513513513514,12.32432432432432,0.1081081081081081,0.5405405405405406,44.54054054054054,0.3243243243243243,12,1.297297297297297,Tamilaga Vettri Kazhagam,412,283,129,4,2,6,5,3,11,6,1,6,13,11,9,10,13.94594594594595,Dravida Munnetra Kazhagam,4,2,6,5,3,11,6,1,6,13,11,9,10
47,68,166,8,329,70,3,5,176,2,1,2,4,4,838,0,3,841,0,Lakshmipuram,"Panchayat  Union  Primary  School  ,Main Building,  Lakshmipuram","1.Ottapidaram  (R.V)  And  (P)  Therku  Avarankadu  Block  3, 2.Ottapidaram  (R.V)  And  (P)  MelaMeenachipuram  Main  Street  Block  4, 3.Ottapidaram  (R.V)  And  (P)  Melameenachipuram  Colony  Street  Block  4, 4.Ottapidaram  (R.V)  And  (P)  Subramaniapuram  Block  5,
5.Ottapidaram  (R.V)  And  (P)  MelaLakshmipuram  Colony  Street  Block6, 6.Ottapidaram  (R.V)  And  (P)  MelaLakshmipuram  Main  Street  Block  6,
999.OVERSEAS  ELECTORS",All  Voters,8.1145584725537,19.8090692124105,0.9546539379474941,39.26014319809069,8.353221957040573,0.3579952267303103,0.5966587112171837,21.00238663484487,0.3579952267303103,13,1.551312649164678,Puthiya Tamilagam,329,176,153,5,3,6,1,4,10,7,2,11,13,11,8,8,18.25775656324582,Tamilaga Vettri Kazhagam,5,3,6,1,4,10,7,2,11,13,11,8,8
48,51,104,1,27,78,0,1,197,3,3,1,0,0,466,0,1,467,0,Panchalankurichi,"Amber  sarkar  Main  Building,  Agathigal Colony,  Panchalankurichi","1.Panjalankurichi  (R.V)  And  (P)  Panjalankurichi  selon  colony  Block  1 (Door  No:  1  -  60)
999.OVERSEAS  ELECTORS",All  Voters,10.94420600858369,22.3175965665236,0.2145922746781116,5.793991416309012,16.7381974248927,0.0,0.2145922746781116,42.27467811158798,0.2145922746781116,7,1.502145922746781,Tamilaga Vettri Kazhagam,197,104,93,4,2,8,5,3,11,8,1,6,6,8,11,11,19.95708154506438,Dravida Munnetra Kazhagam,4,2,8,5,3,11,8,1,6,6,8,11,11
49,34,142,0,33,84,1,4,136,0,0,0,0,1,435,0,3,438,0,Panchalankurichi,"E-Sevai  center,  North  Building, Panjalankurichi.","1.Panjalankurichi  (R.V)  And  (P)  Panjalankurichi  selon  colony  Block  1 (Door  No:  60  Above)  2.Panjalankurichi  (R.V)  And  (P)  Panjalankurichi Santhathiar  Kalani  Block  2,  999.OVERSEAS  ELECTORS",All  Voters,7.816091954022989,32.64367816091954,0.0,7.586206896551724,19.31034482758621,0.2298850574712644,0.9195402298850575,31.26436781609195,0.6896551724137931,1,0.2298850574712644,Dravida Munnetra Kazhagam,142,136,6,4,1,9,5,3,7,6,2,9,9,9,9,7,1.379310344827586,Tamilaga Vettri Kazhagam,4,1,9,5,3,7,6,2,9,9,9,9,7
50,76,159,2,90,51,1,0,141,1,0,0,1,0,522,0,5,527,0,Governagiri,"T.N.D.T.A.Primary  School,  East Building,Gavernagiri","1.Pachalamkurichi  (R.V),  Governagri  (P)  Governagri  Block  1, 999.OVERSEAS  ELECTORS",All  Voters,14.55938697318008,30.45977011494253,0.3831417624521072,17.24137931034483,9.770114942528735,0.1915708812260536,0.0,27.01149425287356,0.9578544061302682,2,0.3831417624521072,Dravida Munnetra Kazhagam,159,141,18,4,1,6,3,5,7,10,2,7,10,10,7,10,3.448275862068965,Tamilaga Vettri Kazhagam,4,1,6,3,5,7,10,2,7,10,10,7,10
51,71,181,0,152,36,2,0,163,1,1,0,1,1,609,0,2,611,0,Governagiri,"T.N.D.T.A.Primary  School,  West  Building, Gavernagiri","1.Pachalamkurichi  (R.V),  Governagri  (P)  Governagri  Block  2,
2.Pachalamkurichi  (R.V),  Governagri  (P)  Veeran  Sundaranar  Nagar  Block 3,
9999.OVERSEAS  ELECTORS",All  Voters,11.65845648604269,29.7208538587849,0.0,24.95894909688013,5.911330049261084,0.3284072249589491,0.0,26.76518883415435,0.3284072249589491,4,0.6568144499178982,Dravida Munnetra Kazhagam,181,163,18,4,1,11,3,5,6,11,2,7,7,11,7,7,2.955665024630542,Tamilaga Vettri Kazhagam,4,1,11,3,5,6,11,2,7,7,11,7,7
52,69,294,4,63,143,0,0,355,1,2,1,1,1,934,0,8,942,0,Panchalankurichi,Panchalankurichi  Village  Library  Agathigal Colony  Panchalankurichi,"1.Panjalankurichi  (R.V)  And  (P)  Panjalankurichi  santhathiar  kalani  Block 1,
2.Panjalankurichi  (R.V)  And  (P)  Panjalankurichi  Santhathiar  Kalani Block  2,
999.OVERSEAS  ELECTORS",All  Voters,7.387580299785867,31.47751605995717,0.4282655246252677,6.745182012847965,15.31049250535332,0.0,0.0,38.0085653104925,0.8565310492505354,6,0.6423982869379015,Tamilaga Vettri Kazhagam,355,294,61,4,2,6,5,3,12,12,1,8,7,8,8,8,6.531049250535331,Dravida Munnetra Kazhagam,4,2,6,5,3,12,12,1,8,7,8,8,8
53,78,156,1,174,73,0,1,132,2,1,1,2,3,624,0,1,625,0,"Vadakku
Avarankadu","T.N.D.T.A  Primary  School,  South  Facing, Vadakku  Avarankadu","1.Panchalankurchi  (R.V),  Ahilandapuram  (P)  Ahilandapuram  Block  1,
2.Panchalankuruchi  (R.V),  Ahilandapuram  (P)  North  Avarankadu  Block  2, 999.OVERSEAS  ELECTORS",All  Voters,12.5,25.0,0.1602564102564102,27.88461538461539,11.69871794871795,0.0,0.1602564102564102,21.15384615384615,0.1602564102564102,9,1.442307692307692,Puthiya Tamilagam,174,156,18,4,2,9,1,5,13,9,3,7,9,9,7,6,2.884615384615385,Dravida Munnetra Kazhagam,4,2,9,1,5,13,9,3,7,9,9,7,6
54,64,178,3,109,111,3,4,351,0,1,0,0,2,826,0,7,833,0,Kurukkusalai,"Govt  High  School  ,North  Portion Kurukkusalai","1.Kurukkusalai  (R.V),  Sinthalakattai  (P)  Subramaniapuram  Block 1,2.Kurukkusalai  (R.V),  Sinthalakattai  (P)  Kurukkusalai  Block  2, 3.Kurukkusalai  (R.V),  Sinthalakattai  (P)  Periyanatham  Block  3, 999.OVERSEAS  ELECTORS",All  Voters,7.74818401937046,21.54963680387409,0.3631961259079903,13.19612590799031,13.43825665859564,0.3631961259079903,0.4842615012106538,42.49394673123486,0.847457627118644,3,0.3631961259079903,Tamilaga Vettri Kazhagam,351,178,173,5,2,7,4,3,7,6,1,11,10,11,11,9,20.94430992736077,Dravida Munnetra Kazhagam,5,2,7,4,3,7,6,1,11,10,11,11,9
55,73,200,4,148,102,1,2,194,2,0,1,1,1,729,0,1,730,0,Sinthalakattai,"TNDTA  Primary  School,  Sinthalakattai","1.Sinthalakattai  (R.V),  Kurukkusalai  (P)  Sinthalakkattai  block  4,
2.Sinthalakattai  (R.V),  Kurukkusalai  (P)  Sinthalakkatti  Pachery  Block  5, 999.OVERSEAS  ELECTORS",All  Voters,10.01371742112483,27.43484224965707,0.5486968449931412,20.30178326474623,13.9917695473251,0.1371742112482853,0.2743484224965706,26.61179698216735,0.1371742112482853,5,0.6858710562414266,Dravida Munnetra Kazhagam,200,194,6,5,1,6,3,4,9,7,2,7,13,9,9,9,0.823045267489712,Tamilaga Vettri Kazhagam,5,1,6,3,4,9,7,2,7,13,9,9,9
56,59,170,0,9,101,0,0,177,1,0,1,0,2,520,0,2,522,0,Puthiamputhur,"HNUP  School,  Main  Building  West  side  5th Room  East  Facing  from  North, Puthiamputhur","1.Puthiamputhurc  (R.V)  And  (P)  Vatta  street  (East)  Block  1, 2.Puthiamputhur  (R.V)  And  (P)  Vandimalaichiamman  kovil  Street  Block  3, 3.Puthiamputhur  (R.V)  And  (P)  Middle  Street  Block  3,
999.OVERSEAS  ELECTORS",All  Voters,11.34615384615385,32.69230769230769,0.0,1.730769230769231,19.42307692307692,0.0,0.0,34.03846153846154,0.3846153846153846,4,0.7692307692307693,Tamilaga Vettri Kazhagam,177,170,7,4,2,9,5,3,9,9,1,7,9,7,9,6,1.346153846153846,Dravida Munnetra Kazhagam,4,2,9,5,3,9,9,1,7,9,7,9,6
57,49,148,2,1,90,0,0,152,0,0,0,1,1,444,0,4,448,0,Puthiamputhur,"HNUP  School,  Main  Building  West  side  6th Room  East  Facing  from  North, Puthiamputhur","1.Puthiamputhur  (R.V)  And  (P)  Vatta  Street  (West)  Block  5, 2.Puthiamputhur  (R.V)  And  (P)  Amman  kovil  street  Block  5, 999.OVERSEAS  ELECTORS",All  Voters,11.03603603603604,33.33333333333333,0.4504504504504505,0.2252252252252252,20.27027027027027,0.0,0.0,34.23423423423424,0.9009009009009009,2,0.4504504504504505,Tamilaga Vettri Kazhagam,152,148,4,4,2,5,6,3,9,9,1,9,9,9,6,6,0.9009009009009009,Dravida Munnetra Kazhagam,4,2,5,6,3,9,9,1,9,9,9,6,6
58,53,251,4,3,109,0,1,296,1,0,1,0,1,720,0,2,722,0,Puthiamputhur,"R.C.Primary  School  ,New  Building  West Block  North  Side,  Puthiamputhur","1.Puthiampuththur  (R.V)  And  (P)  Bungalow  street  Block  4, 2.Puthiamputhur  (R.V)  And  (P)  R.C.  Street  Block  4, 999.OVERSEAS  ELECTORS",All  Voters,7.361111111111112,34.86111111111111,0.5555555555555556,0.4166666666666667,15.13888888888889,0.0,0.1388888888888889,41.11111111111111,0.2777777777777778,3,0.4166666666666667,Tamilaga Vettri Kazhagam,296,251,45,4,2,5,6,3,11,7,1,7,11,7,11,7,6.25,Dravida Munnetra Kazhagam,4,2,5,6,3,11,7,1,7,11,7,11,7
59,86,200,4,8,145,1,3,294,0,1,0,1,0,743,0,3,746,0,Puthiamputhur,"R.C.  Primary  School,Tiled  Building,  Middle Portion,  Puthiamputhur","1.Puthiampuththur  (R.V)  And  (P)  Vatta  street  Block  6, 2.Puthiyamputthur  (R.V)  And  (P)  Amman  Kovil  Street  Block 6,3.Puthiyamputthur  (R.V)  And  (P)  Keerai  Thotta  Street  Block 6,999.OVERSEAS  ELECTORS",All  Voters,11.57469717362046,26.91790040376851,0.5383580080753702,1.07671601615074,19.51547779273217,0.1345895020188425,0.4037685060565276,39.5693135935397,0.4037685060565276,2,0.2691790040376851,Tamilaga Vettri Kazhagam,294,200,94,4,2,6,5,3,8,7,1,11,8,11,8,11,12.6514131897712,Dravida Munnetra Kazhagam,4,2,6,5,3,8,7,1,11,8,11,8,11
60,71,269,0,7,100,1,0,353,0,0,0,0,0,801,0,0,801,0,Puthiamputhur,"R.C.  Primary  School,Tiled  Building  East Portion,  Puthiamputhur","1.Puthiyamputthur  (R.V)  And  (P)  Pound  Street  Block  6, 2.Puthiyamputthur  (R.V)  And  (P)  Arunthathiyar  Street  Block  6, 3.Puthiyamputthur  (R.V)  And  (P)  South  Colony  Block  6,  999.OVERSEAS ELECTORS",All  Voters,8.863920099875156,33.58302122347066,0.0,0.8739076154806492,12.48439450686642,0.1248439450686642,0.0,44.06991260923846,0.0,0,0.0,Tamilaga Vettri Kazhagam,353,269,84,4,2,7,5,3,6,7,1,7,7,7,7,7,10.48689138576779,Dravida Munnetra Kazhagam,4,2,7,5,3,6,7,1,7,7,7,7,7
61,67,307,2,23,116,0,2,277,1,1,0,0,0,796,0,4,800,0,Puthiamputhur,"T.N.D.T.A.  Primary  School  ,New  Building, West  Block  South  Portion,  Puthiamputhur","1.Puthiampuththur  (R.V)  And  (P)  Niravi  mettu  street  Block  1, 2.Puthiamputhur  (R.V)  And  (P)  North  street  Block  1,  3.Puthiamputhur (R.V)  And  (P)  PuthuAmman  kovil  Street  Block  1,  999.OVERSEAS ELECTORS",All  Voters,8.417085427135678,38.5678391959799,0.2512562814070352,2.889447236180905,14.57286432160804,0.0,0.2512562814070352,34.79899497487437,0.5025125628140703,2,0.2512562814070352,Dravida Munnetra Kazhagam,307,277,30,4,1,6,5,3,10,6,2,8,8,10,10,10,3.768844221105527,Tamilaga Vettri Kazhagam,4,1,6,5,3,10,6,2,8,8,10,10,10
62,56,215,1,10,118,1,1,261,1,0,0,0,0,664,0,3,667,0,Puthiamputhur,"T.N.D.T.A.Primary  School  ,New  Building, West  Block  North  Portion,  2nd  Room, Puthiamputhur","1.Puthiamputhur  (R.V)  And  (P)  Church  Street  Block  1, 2.Puthiamputhur  (R.V)  And  (P)  SivanKovil  Street  Block  1, 3.Puthiamputhur  (R.V)  And  (P)  Chinnasamy  Nadar  Street  Block  1, 4.Puthiamputhur  (R.V)  And  (P)  RiceMill  Street  B  lock  1,  999.OVERSEAS ELECTORS",All  Voters,8.433734939759036,32.37951807228915,0.1506024096385542,1.506024096385542,17.7710843373494,0.1506024096385542,0.1506024096385542,39.30722891566265,0.4518072289156626,1,0.1506024096385542,Tamilaga Vettri Kazhagam,261,215,46,4,2,6,5,3,6,6,1,6,10,10,10,10,6.927710843373494,Dravida Munnetra Kazhagam,4,2,6,5,3,6,6,1,6,10,10,10,10
63,52,131,3,161,109,1,4,218,0,1,0,0,3,683,0,5,688,0,Puthiamputhur,"T.N.D.T.A.  Primary  School  ,New  Building, West  Block  North  Portion,  Ist  Room, Puthiamputhur","1.Puthiamputhur  (R.V)  And  (P)  Puthiamputhur  East  street  Block  2, 2.Puthiampuththur  (R.V)  And  (P)  Vallinayakepuram  Block  7, 3.Puthiampuththur  (R.V)  And  (P)  Kalukasapuram  Block  8, 999.OVERSEAS  ELECTORS",All  Voters,7.613469985358712,19.1800878477306,0.4392386530014641,23.57247437774524,15.95900439238653,0.1464128843338214,0.5856515373352855,31.91800878477306,0.7320644216691069,4,0.5856515373352855,Tamilaga Vettri Kazhagam,218,161,57,5,3,7,2,4,9,6,1,11,9,11,11,7,8.345534407027818,Puthiya Tamilagam,5,3,7,2,4,9,6,1,11,9,11,11,7
64,107,167,3,47,102,0,3,235,0,1,0,1,3,669,0,3,672,0,Saminattham,"Hindu  Middle  School,  Main  Hall,West Portion,  Saminattham","1.Samynatham  (R.V)  And  (P)  Samynatham  Block  1, 2.Samynatham  (R.V)  And  (P)  Samynatham  Block  3, 999.OVERSEAS  ELECTORS",All  Voters,15.99402092675635,24.96263079222721,0.4484304932735426,7.025411061285501,15.24663677130045,0.0,0.4484304932735426,35.1270553064275,0.4484304932735426,5,0.7473841554559043,Tamilaga Vettri Kazhagam,235,167,68,3,2,6,5,4,11,6,1,11,9,11,9,6,10.1644245142003,Dravida Munnetra Kazhagam,3,2,6,5,4,11,6,1,11,9,11,9,6
65,64,240,3,13,94,1,0,188,0,0,0,1,2,606,0,4,610,0,Rajavin  Kovil,"T.N.D.T.A.Primary  School,  Rajavin  Kovil.","1.Rajavin  Kovil  (R.V)  And  (P)  Rajavin  Kovil  Block  1,
2.Rajavin  Kovil  (R.V)  And  (P)  Rajavin  Kovil  Block  2, 999.OVERSEAS  ELECTORS",All  Voters,10.56105610561056,39.6039603960396,0.495049504950495,2.145214521452145,15.51155115511551,0.165016501650165,0.0,31.02310231023102,0.6600660066006601,3,0.495049504950495,Dravida Munnetra Kazhagam,240,188,52,4,1,6,5,3,8,10,2,10,10,10,8,7,8.58085808580858,Tamilaga Vettri Kazhagam,4,1,6,5,3,8,10,2,10,10,10,8,7
66,67,138,6,187,82,1,2,188,2,0,1,0,1,675,0,3,678,0,Saminattham,"Hindu  Middle  School,  Main  Building,  North Portion,  Saminattham","1.Samynatham  (R.V)  And  (P)  Samynatham  Block  2, 999.OVERSEAS  ELECTORS",All  Voters,9.925925925925926,20.44444444444445,0.8888888888888888,27.7037037037037,12.14814814814815,0.1481481481481481,0.2962962962962963,27.85185185185185,0.4444444444444444,4,0.5925925925925926,Tamilaga Vettri Kazhagam,188,187,1,5,3,6,2,4,9,7,1,7,12,9,12,9,0.1481481481481481,Puthiya Tamilagam,5,3,6,2,4,9,7,1,7,12,9,12,9
67,77,83,3,188,39,1,1,141,0,1,0,0,0,534,0,1,535,0,Puthiyamputhur,"T.N.D.T.A.  Primary  School,  South  side Building,  west  1st  Room,  Puthiyamputhur","1.Samynatham  (R.V)  And  (P)  Naduvakurichi  Block  4, 999.OVERSEAS  ELECTORS",All  Voters,14.41947565543071,15.54307116104869,0.5617977528089888,35.2059925093633,7.303370786516854,0.1872659176029963,0.1872659176029963,26.40449438202247,0.1872659176029963,1,0.1872659176029963,Puthiya Tamilagam,188,141,47,4,3,6,1,5,7,7,2,10,7,10,10,10,8.801498127340825,Tamilaga Vettri Kazhagam,4,3,6,1,5,7,7,2,10,7,10,10,10
68,13,140,2,28,67,1,0,176,0,0,0,0,0,427,0,2,429,0,Therku Veerapandiapuram,"Panchayat  Union  Middle  School,  North Facing  Building,  South  Portion,Therku Veerapandiapuram","1.Therkuveerapandiapuram  (R.V)  And  (P)  Therkuveerapandiapuram  Block 1,  2.Therkuveerapandiapuram  (R.V)  And  (P)  TherkuVeerapandiapuram Block  2,
999.OVERSEAS  ELECTORS",All  Voters,3.044496487119438,32.78688524590164,0.468384074941452,6.557377049180328,15.69086651053864,0.234192037470726,0.0,41.21779859484778,0.468384074941452,0,0.0,Tamilaga Vettri Kazhagam,176,140,36,5,2,6,4,3,7,8,1,8,8,8,8,8,8.430913348946136,Dravida Munnetra Kazhagam,5,2,6,4,3,7,8,1,8,8,8,8,8
69,31,131,1,14,167,0,4,231,3,2,0,0,0,584,0,1,585,0,Therku Veerapandiapuram,"Panchayat  Union  Middle  School,South Facing  Building,North  Portion,Therku Veerapandiapuram.","1.TherkuVeerapandiapuram  (R.V)  And  (P)  A,  Kumareddeyapuram  Block  3, 2.TherkuVeerapandiapuram  (R.V)  And  (P)  Kumaragri  Block  4,
999.OVERSEAS  ELECTORS",All  Voters,5.308219178082192,22.43150684931507,0.1712328767123288,2.397260273972603,28.5958904109589,0.0,0.684931506849315,39.55479452054795,0.1712328767123288,5,0.8561643835616438,Tamilaga Vettri Kazhagam,231,167,64,4,3,9,5,2,10,6,1,7,8,10,10,10,10.95890410958904,Amma Makkal Munnettra Kazagam,4,3,9,5,2,10,6,1,7,8,10,10,10
70,35,120,5,2,101,1,1,293,2,2,0,1,0,563,0,1,564,0,Sillanatham,"Panchayat  Union  Primary  School  ,South  New Building,  Sillanatham","1.Sillanatham  (R.V)  And  (P)  Sillanatham  Block  1, 2.Sillanatham  (R.V)  And  (P)  Sillanatham  Block  2, 999.OVERSEAS  ELECTORS",All  Voters,6.216696269982238,21.31438721136767,0.8880994671403196,0.3552397868561279,17.93960923623446,0.1776198934280639,0.1776198934280639,52.04262877442274,0.1776198934280639,5,0.8880994671403196,Tamilaga Vettri Kazhagam,293,120,173,4,2,5,6,3,9,9,1,6,6,12,9,12,30.72824156305506,Dravida Munnetra Kazhagam,4,2,5,6,3,9,9,1,6,6,12,9,12
71,35,143,1,14,145,2,1,194,0,3,0,1,1,540,0,1,541,0,Nainarpuram,"T.N.D.T.A.  Primary  School,  Nainarpuram","1.Sillanatham  (R.V)  And  (P)  Nainarpuram  Block  3, 2.Sillanatham  (R.V)  And  (P)  Nainarpuram  Block  4, 999.OVERSEAS  ELECTORS",All  Voters,6.481481481481481,26.48148148148148,0.1851851851851852,2.592592592592593,26.85185185185185,0.3703703703703704,0.1851851851851852,35.92592592592593,0.1851851851851852,5,0.9259259259259258,Tamilaga Vettri Kazhagam,194,145,49,4,3,8,5,2,7,8,1,12,6,12,8,8,9.074074074074074,Amma Makkal Munnettra Kazagam,4,3,8,5,2,7,8,1,12,6,12,8,8
72,5,55,1,0,73,2,0,111,1,1,0,0,0,249,0,3,252,0,Valasamuthiram,Hindu  primary  school  Valasamuthiram,"1.Valasamuthiram  ((R.V)  And  (P)  Valasamuthiram  Block  1, 2.Valasamuthiram  (R.V)  And  (P)  Venkataeswarapuram  Block  2, 999.OVERSEAS  ELECTORS",All  Voters,2.008032128514056,22.08835341365462,0.4016064257028112,0.0,29.31726907630522,0.8032128514056224,0.0,44.57831325301205,1.204819277108434,2,0.8032128514056224,Tamilaga Vettri Kazhagam,111,73,38,4,3,6,9,2,5,9,1,6,6,9,9,9,15.26104417670683,Amma Makkal Munnettra Kazagam,4,3,6,9,2,5,9,1,6,6,9,9,9
73,24,72,3,3,84,0,1,250,2,0,0,0,1,440,0,1,441,0,Mela  Arasadi,"Panchayat  Union  Primary  School  ,New Building  East  Side  Mela  Arasadi","1.Melaarasadi  (R.V)  And  (P)  Melaarasadi  Block  4, 999.OVERSEAS  ELECTORS",All  Voters,5.454545454545454,16.36363636363636,0.6818181818181818,0.6818181818181818,19.09090909090909,0.0,0.2272727272727273,56.81818181818182,0.2272727272727273,3,0.6818181818181818,Tamilaga Vettri Kazhagam,250,84,166,4,3,5,5,2,10,8,1,7,10,10,10,8,37.72727272727273,Amma Makkal Munnettra Kazagam,4,3,5,5,2,10,8,1,7,10,10,10,8
74,51,121,8,63,87,1,2,260,1,0,3,2,1,600,0,1,601,0,A  Velayuthapuram,"Panchayat  Union  Primary  School,  Main Building  Facing  West,  A  Velayuthapuram","1.Pudur  pandyapuram  (R.V)  And  Melaarasadi  (P),  Velayuthapuram  Block 5,
999.OVERSEAS  ELECTORS",All  Voters,8.5,20.16666666666666,1.333333333333333,10.5,14.5,0.1666666666666667,0.3333333333333334,43.33333333333334,0.1666666666666667,7,1.166666666666667,Tamilaga Vettri Kazhagam,260,121,139,5,2,6,4,3,10,8,1,10,13,7,8,10,23.16666666666666,Dravida Munnetra Kazhagam,5,2,6,4,3,10,8,1,10,13,7,8,10
75,110,222,6,125,118,0,3,336,0,1,0,3,3,927,0,5,932,0,Puliyamarthu Arasadi,"Panchayat  Union  middle  School,  North  East Building,  puliyamarathu  Arasadi","1.Melaarasadi  (R.V)  And  (P)  Panaiur  Block  6,
2.Melaarasadi  (R.V)  And  (P)  Puliamarathuarasadi  Block  7, 999.OVERSEAS  ELECTORS",All  Voters,11.86623516720604,23.94822006472492,0.6472491909385114,13.48435814455232,12.72923408845739,0.0,0.3236245954692557,36.24595469255664,0.5393743257820928,7,0.7551240560949299,Tamilaga Vettri Kazhagam,336,222,114,5,2,6,3,4,11,7,1,11,10,11,7,7,12.29773462783172,Dravida Munnetra Kazhagam,5,2,6,3,4,11,7,1,11,10,11,7,7
76,59,139,6,128,94,0,6,271,2,4,0,0,6,715,0,4,719,0,A.Kumarapuram,"Hindu  Primary  School,  A.Kumarapuram Mela  Arasadi","1.K.  Shunmugapuram  (R.V)  And  (P)  Melamaruthur  Block  1, 2.Melarasaradi  (R.V)  And  (P)  Kumarapuram  Block  2,
3.Melarasaradi  (R.V)  And  (P)  Kumarampuram  Block  3,
999.OVERSEAS  ELECTORS",All  Voters,8.251748251748252,19.44055944055944,0.8391608391608392,17.9020979020979,13.14685314685315,0.0,0.8391608391608392,37.9020979020979,0.5594405594405595,12,1.678321678321678,Tamilaga Vettri Kazhagam,271,139,132,5,2,6,3,4,11,6,1,10,9,11,11,6,18.46153846153846,Dravida Munnetra Kazhagam,5,2,6,3,4,11,6,1,10,9,11,11,6
77,146,89,0,0,16,0,0,373,1,0,0,0,1,626,0,2,628,0,Tharuvaikulam,"Punitha  Michal  R.  C.  Primary  School,  South Side  Tharuvaikulam","1.Tharuvaikulam  (R.V)  And  (P)  Tharuvaikulam  Keelur  Block  1,  (Door  No. 1  to  2/573)  999.OVERSEAS  ELECTORS",All  Voters,23.32268370607029,14.21725239616613,0.0,0.0,2.55591054313099,0.0,0.0,59.58466453674122,0.3194888178913738,2,0.3194888178913738,Tamilaga Vettri Kazhagam,373,146,227,2,3,7,7,4,7,7,1,5,7,7,7,5,36.26198083067093,Naam Tamilar Katchi,2,3,7,7,4,7,7,1,5,7,7,7,5
78,76,131,4,3,22,0,2,254,0,0,0,0,1,493,0,1,494,0,Tharuvaikulam,"Punitha  Cathrine  Primary  School,  North  New Building,  1st  room  from  West, Tharuvaikulam.","1.Tharuvaikulam  (R.V)  And  (P)  Tharuvaikulam  Keelur  Block  1,  (Door  No. 2/573  Above)  999.OVERSEAS  ELECTORS",All  Voters,15.4158215010142,26.57200811359026,0.8113590263691683,0.6085192697768762,4.462474645030426,0.0,0.4056795131845842,51.52129817444219,0.2028397565922921,1,0.2028397565922921,Tamilaga Vettri Kazhagam,254,131,123,3,2,5,6,4,9,7,1,9,9,9,9,8,24.94929006085193,Dravida Munnetra Kazhagam,3,2,5,6,4,9,7,1,9,9,9,9,8
79,166,171,0,2,33,0,2,638,2,0,0,1,0,1015,0,3,1018,0,Tharuvaikulam,"Punitha  Michal  R.  C.  Primary  School,  South Side  2nd  Room,  Tharuvaikulam","1.Tharuvaikulam  (R.V)  And  (P)  Tharuvaikulam  Block  1/1  to  57/33 SOOSAIMARIYAN  NAGAR,
999.OVERSEAS  ELECTORS",All  Voters,16.35467980295567,16.84729064039409,0.0,0.1970443349753694,3.251231527093596,0.0,0.1970443349753694,62.85714285714285,0.2955665024630542,3,0.2955665024630542,Tamilaga Vettri Kazhagam,638,171,467,3,2,9,5,4,9,5,1,5,9,9,8,9,46.00985221674877,Dravida Munnetra Kazhagam,3,2,9,5,4,9,5,1,5,9,9,8,9
80,99,189,2,1,30,0,1,383,0,0,1,0,2,708,0,1,709,0,Tharuvaikulam,"Punitha  Michal  R.  C.  Primary  School,  South Side  3rd  Room,  Tharuvaikulam","1.Tharuvaikulam  (R.V)  And  (P)  Tharuvaikulam  Block  -  1,  58/34  to  57/34
-  394/394,
999.OVERSEAS  ELECTORS",All  Voters,13.98305084745763,26.69491525423729,0.2824858757062147,0.1412429378531073,4.23728813559322,0.0,0.1412429378531073,54.09604519774012,0.1412429378531073,3,0.423728813559322,Tamilaga Vettri Kazhagam,383,189,194,3,2,5,7,4,10,7,1,10,10,7,10,5,27.40112994350282,Dravida Munnetra Kazhagam,3,2,5,7,4,10,7,1,10,10,7,10,5
81,131,222,1,0,26,1,2,462,1,0,0,0,1,847,0,3,850,0,Tharuvaikulam,"Punitha  Michal  R.  C  Primary  School,  Main Building,  Tharuvaikulam","1.Tharuvaikulam  (R.V)  And  (P)  Tharuvaikulam  Block  3, 999.OVERSEAS  ELECTORS",All  Voters,15.46635182998819,26.21015348288076,0.1180637544273908,0.0,3.069657615112161,0.1180637544273908,0.2361275088547816,54.54545454545454,0.3541912632821724,2,0.2361275088547816,Tamilaga Vettri Kazhagam,462,222,240,3,2,6,10,4,6,5,1,6,10,10,10,6,28.33530106257379,Dravida Munnetra Kazhagam,3,2,6,10,4,6,5,1,6,10,10,10,6
82,140,245,2,3,82,0,2,483,0,1,0,0,4,962,0,0,962,0,Tharuvaikulam,"Punitha  Michal  R.  C  Primary  School,  Main Building  North  Side,  Tharuvaikulam","1.Tharuvaikulam  (R.V)  And  (P)  Tharuvaikulam  BLock  4, 2.Tharuvaikulam  (R.V)  And  (P)  Tharuvaikulam  Block  5, 999.OVERSEAS  ELECTORS",All  Voters,14.55301455301455,25.46777546777547,0.2079002079002079,0.3118503118503119,8.523908523908524,0.0,0.2079002079002079,50.2079002079002,0.0,5,0.5197505197505198,Tamilaga Vettri Kazhagam,483,245,238,3,2,7,6,4,10,7,1,10,9,10,10,5,24.74012474012474,Dravida Munnetra Kazhagam,3,2,7,6,4,10,7,1,10,9,10,10,5
83,20,111,2,8,89,0,0,111,1,0,0,0,0,342,0,0,342,0,Tharuvaikulam,Punitha  Catherin  Primary  School  New Building  West  Portion  Tharuvaikulam,"1.Tharuvaikulam  (R.V)  And  (P),Sundan  pachichery  block  6  , 999.OVERSEAS  ELECTORS",All  Voters,5.847953216374268,32.45614035087719,0.5847953216374269,2.339181286549707,26.0233918128655,0.0,0.0,32.45614035087719,0.0,1,0.2923976608187134,Dravida Munnetra Kazhagam,111,111,0,4,1,6,5,3,8,8,1,7,8,8,8,8,0.0,Dravida Munnetra Kazhagam,4,1,6,5,3,8,8,1,7,8,8,8,8
84,125,184,3,253,67,0,3,258,4,5,2,0,1,905,0,5,910,0,AnanthamadanPach ery,"Panchayat  Union  Middle  School  Main Building,  AnanthamadanPachery","1.Tharuvaikulam  (R.V)  And  (P)  And  (P)  Ananthamadan  pachery  Block  7  , 999.OVERSEAS  ELECTORS",All  Voters,13.8121546961326,20.33149171270718,0.3314917127071823,27.95580110497238,7.403314917127071,0.0,0.3314917127071823,28.50828729281768,0.5524861878453038,12,1.325966850828729,Tamilaga Vettri Kazhagam,258,253,5,4,3,8,2,5,12,8,1,7,6,10,12,11,0.5524861878453038,Puthiya Tamilagam,4,3,8,2,5,12,8,1,7,6,10,12,11
85,80,109,4,2,30,1,4,343,2,0,0,0,0,575,0,2,577,0,Vellapatti,"R.C.  Primary  School  ,  South  Facing  Building, East  Portion  from  1st  Room  ,Vellapatti  .","1.Keelaarasaradi  (R.V)  And  (P)  Vellapatti  Block  3,  (Door  1  to  3/240) 999.OVERSEAS  ELECTORS",All  Voters,13.91304347826087,18.95652173913044,0.6956521739130435,0.3478260869565217,5.217391304347826,0.1739130434782609,0.6956521739130435,59.65217391304348,0.3478260869565217,2,0.3478260869565217,Tamilaga Vettri Kazhagam,343,109,234,3,2,5,7,4,9,5,1,7,10,10,10,10,40.69565217391305,Dravida Munnetra Kazhagam,3,2,5,7,4,9,5,1,7,10,10,10,10
86,62,167,1,3,35,0,0,281,1,0,0,0,0,550,0,0,550,0,Vellapatti,"R.C.  Primary  School  ,  South  facing  building, West  Portion  from  1st  Room  Vellapatti  .",1.Keelaarasaradi  (R.V)  And  (P)  Vellapatti  Block  3  (Door  3/240  Above) 999.OVERSEAS  ELECTORS,All  Voters,11.27272727272727,30.36363636363636,0.1818181818181818,0.5454545454545455,6.363636363636363,0.0,0.0,51.09090909090909,0.0,1,0.1818181818181818,Tamilaga Vettri Kazhagam,281,167,114,3,2,6,5,4,8,8,1,6,8,8,8,8,20.72727272727273,Dravida Munnetra Kazhagam,3,2,6,5,4,8,8,1,6,8,8,8,8
87,34,130,5,77,89,2,1,261,2,0,0,0,4,605,0,4,609,0,Thuppaspatti,"Panchayat  Union  Primary  School, Thuppaspatti","1.Keelaarasaradi  (R.V)  And  (P)  Keelaarasaradi  Block  1, 2.Keelaarasaradi  (R.V)  And  (P)  Ayyanarpuram  Block  2, 3.Keelaarasaradi  (R.V)  And  (P)  Thuppachipatti  Block  4, 4.Keelaarasaradi  (R.V)  And  (P)  Thuppachipatti  Block  5, 999.OVERSEAS  ELECTORS",All  Voters,5.619834710743802,21.48760330578513,0.8264462809917356,12.72727272727273,14.71074380165289,0.3305785123966942,0.1652892561983471,43.1404958677686,0.6611570247933884,6,0.9917355371900827,Tamilaga Vettri Kazhagam,261,130,131,5,2,6,4,3,8,10,1,8,11,11,11,7,21.65289256198347,Dravida Munnetra Kazhagam,5,2,6,4,3,8,10,1,8,11,11,11,7
88,47,99,2,117,82,0,5,248,1,2,1,0,0,604,0,6,610,0,Pudur Pandiyapuram,"T.N.D.A  Middle  School,  North  Building, Pudur  pandiapuram","1.Pudur  pandyapuram  (R.V)  And  (P)  Pudur  pandyapuram  Block  1,
2.Pudur  Pandyapuram  (R.V)  And  (P)  Pudur  Pandyapuram  Block  2, 999.OVERSEAS  ELECTORS",All  Voters,7.781456953642383,16.39072847682119,0.3311258278145696,19.37086092715232,13.57615894039735,0.0,0.8278145695364238,41.05960264900662,0.9933774834437087,4,0.6622516556291391,Tamilaga Vettri Kazhagam,248,117,131,5,3,7,2,4,11,6,1,9,7,9,11,11,21.6887417218543,Puthiya Tamilagam,5,3,7,2,4,11,6,1,9,7,9,11,11
89,46,243,25,49,43,1,0,237,2,1,1,1,2,651,0,4,655,0,Pandarampatti,"T.N.D.T.A.Primary  School  ,(East  Portion) Pandarampatti","1.(Thoothukudi  Corporation)  Pandarampatti  keela  street  block  2, 2.(Thoothukudi  Corporation)  Pandarampatti,
3.(Thoothukudi  Corporation)  J.J.Nagar  Pandarampatti, 4.(Thoothukudi  Corporation)  Reethammalpuram,
5.(Thoothukudi  Corporation)  Pandaram  Patti  Vadakku  Street  Block  2, 6.(Thoothukudi  Corporation)  Pandarampatti  South  Street  Block  2,
999.OVERSEAS  ELECTORS",All  Voters,7.066052227342549,37.32718894009216,3.840245775729647,7.526881720430108,6.605222734254992,0.1536098310291859,0.0,36.40552995391705,0.6144393241167435,7,1.075268817204301,Dravida Munnetra Kazhagam,243,237,6,4,1,6,3,5,9,13,2,7,9,9,9,7,0.9216589861751152,Tamilaga Vettri Kazhagam,4,1,6,3,5,9,13,2,7,9,9,9,7
90,93,399,32,94,34,1,0,369,0,1,1,0,4,1028,0,5,1033,0,Pandarampatti,"T.N.D.T.A.  Primary  School  ,West  Wing Pandarampatti","1.(Thoothukudi  Corporation)  Pandarampatti  west  street  block
3,2.(Thoothukudi  Corporation)  Pandarampatti  West  Street  Block  4, 999.OVERSEAS  ELECTORS",All  Voters,9.04669260700389,38.81322957198444,3.11284046692607,9.14396887159533,3.30739299610895,0.09727626459143969,0.0,35.89494163424124,0.4863813229571984,6,0.5836575875486382,Dravida Munnetra Kazhagam,399,369,30,4,1,6,3,5,8,11,2,11,8,8,11,7,2.918287937743191,Tamilaga Vettri Kazhagam,4,1,6,3,5,8,11,2,11,8,8,11,7
91,43,164,5,1,72,0,0,393,1,0,0,0,0,679,0,3,682,0,Muthammal  colony,"Thoothukudi  Corporation  Middle  school
Muthammal  colony  Extn  Ayyasamy  Colony sankaraperi","1.(Thoothukudi  Corporation)  Nedhaji  Nagar  block5  , 999.OVERSEAS  ELECTORS",All  Voters,6.332842415316642,24.15316642120766,0.7363770250368188,0.1472754050073638,10.60382916053019,0.0,0.0,57.87923416789397,0.4418262150220913,1,0.1472754050073638,Tamilaga Vettri Kazhagam,393,164,229,4,2,5,6,3,8,8,1,6,8,8,8,8,33.7260677466863,Dravida Munnetra Kazhagam,4,2,5,6,3,8,8,1,6,8,8,8,8
92,43,149,5,6,90,0,2,433,1,1,0,3,0,733,0,2,735,0,Muthammal  colony,Thoothukudi  Corporation  Middle  school  East Portion  Ayyasamy  Colony  Muthammal  colony Extn,"1.(Thoothukudi  Corporation)  Nedhaji  Nagar  2nd  Street  Block  5, 2.(Thoothukudi  Corporation)  Nedhaji  Nagar  3rd  Street  Block 5,999.OVERSEAS  ELECTORS",All  Voters,5.866302864938609,20.32742155525239,0.6821282401091405,0.8185538881309686,12.27830832196453,0.0,0.2728512960436562,59.07230559345157,0.2728512960436562,5,0.6821282401091405,Tamilaga Vettri Kazhagam,433,149,284,4,2,6,5,3,11,8,1,9,9,11,7,11,38.74488403819918,Dravida Munnetra Kazhagam,4,2,6,5,3,11,8,1,9,9,11,7,11
93,41,130,2,2,153,1,2,368,0,1,0,1,0,701,0,3,704,0,Sankaraperi,"Government  Basic  Primary  School,  South Building  Facing  North,  Sangaraperi","1.(Thoothukudi  Corporation)  Sankaraperi  block1,  (Door  No:  1  to  1/130) 2.(Thoothukudi  Corporation)  Thalavaipuram  Block  4,
999.OVERSEAS  ELECTORS",All  Voters,5.848787446504993,18.54493580599144,0.2853067047075606,0.2853067047075606,21.82596291012839,0.1426533523537803,0.2853067047075606,52.49643366619116,0.4279600570613409,2,0.2853067047075606,Tamilaga Vettri Kazhagam,368,153,215,4,3,5,5,2,8,5,1,11,8,11,8,11,30.67047075606277,Amma Makkal Munnettra Kazagam,4,3,5,5,2,8,5,1,11,8,11,8,11
94,35,148,3,3,109,1,1,275,0,2,0,3,0,580,0,6,586,0,Sankaraperi,"St.Antony's  Matriculation  Hr.  Sec.School, Sangaraperi.","1.(Thoothukudi  Corporation)  Sankaraperi  block1,  (Door  No:  Above  1/130)",All  Voters,6.03448275862069,25.51724137931035,0.5172413793103449,0.5172413793103449,18.79310344827586,0.1724137931034483,0.1724137931034483,47.41379310344828,1.03448275862069,5,0.8620689655172413,Tamilaga Vettri Kazhagam,275,148,127,4,2,5,5,3,9,9,1,11,8,11,5,11,21.89655172413793,Dravida Munnetra Kazhagam,4,2,5,5,3,9,9,1,11,8,11,5,11
95,36,130,2,6,66,1,2,341,2,0,0,0,2,588,0,1,589,0,Muthammal  colony,"Thoothukudi  Corporation  Middle  School, South  Building,East  side,Thevar  colony Muthammal  colony  extn(  Ayyasamy colony)Natarajanagar","1.(Thoothukudi  Corporation)  Yogeeswarar  colony, 2.(Thoothukudi  Corporation)  Ayyappan  Nagar, 999.OVERSEAS  ELECTORS",All  Voters,6.122448979591836,22.10884353741497,0.3401360544217687,1.020408163265306,11.22448979591837,0.1700680272108843,0.3401360544217687,57.99319727891157,0.1700680272108843,4,0.6802721088435374,Tamilaga Vettri Kazhagam,341,130,211,4,2,6,5,3,10,6,1,6,11,11,11,6,35.8843537414966,Dravida Munnetra Kazhagam,4,2,6,5,3,10,6,1,6,11,11,11,6
96,36,114,2,3,137,2,2,420,0,0,0,1,1,718,0,3,721,0,Muthammal  colony,"Thoothukudi  Corporation  Middle  School,
Western  Facing  building,Thevar
colony,Muthammal  colony  extn,(ayyasamy colony)Natarajanagar",1.(Thoothukudi  Corporation)  Thevar  colony 999.OVERSEAS  ELECTORS,All  Voters,5.013927576601671,15.87743732590529,0.2785515320334262,0.4178272980501393,19.0807799442897,0.2785515320334262,0.2785515320334262,58.4958217270195,0.4178272980501393,2,0.2785515320334262,Tamilaga Vettri Kazhagam,420,137,283,4,3,6,5,2,6,6,1,11,11,11,9,9,39.4150417827298,Amma Makkal Munnettra Kazagam,4,3,6,5,2,6,6,1,11,11,11,9,9
97,25,93,0,2,38,2,0,263,3,0,0,0,0,426,0,3,429,0,Muthammal  colony,"Thoothukudi  Corporation  Middle  School, Additional  building  2nd  Room  From  West, Thevar  colony,Ayyasamy  colony  , Natarajanagar","1.(Thoothukudi  Corporation)  Vishvapuram, 999.OVERSEAS  ELECTORS",All  Voters,5.868544600938967,21.83098591549296,0.0,0.4694835680751174,8.92018779342723,0.4694835680751174,0.0,61.73708920187794,0.7042253521126761,3,0.7042253521126761,Tamilaga Vettri Kazhagam,263,93,170,4,2,8,6,3,6,8,1,5,8,8,8,8,39.90610328638498,Dravida Munnetra Kazhagam,4,2,8,6,3,6,8,1,5,8,8,8,8
98,42,165,0,4,79,0,1,352,2,4,1,0,0,650,0,4,654,0,Muthammal  colony,"Thoothukudi  Corporation  Middle  School, Additional  building  3rd  Room  From West,Thevar  colony,  Ayyasamy  Colony, Natarajanagar","1(Thoothukudi  Corporation)  Annai  Indira  Nagar, 999.OVERSEAS  ELECTORS",All  Voters,6.461538461538462,25.38461538461538,0.0,0.6153846153846154,12.15384615384615,0.0,0.1538461538461539,54.15384615384615,0.6153846153846154,7,1.076923076923077,Tamilaga Vettri Kazhagam,352,165,187,4,2,10,5,3,10,8,1,7,5,8,10,10,28.76923076923077,Dravida Munnetra Kazhagam,4,2,10,5,3,10,8,1,7,5,8,10,10
99,44,161,2,8,63,0,2,355,2,0,0,0,0,637,0,8,645,0,State  Bank  Colony,"S.D.A.  Matricultion  School  ,West  Wing  2nd Room,  Natarajan  Nagar  State  Bank  colony",1.(Thoothukudi  Corporation)  Tamilnadu  Housing  Board  (Door  No:  1  to 4/600)  999.OVERSEAS  ELECTORS,All  Voters,6.907378335949764,25.27472527472527,0.3139717425431711,1.255886970172684,9.89010989010989,0.0,0.3139717425431711,55.72998430141287,1.255886970172684,2,0.3139717425431711,Tamilaga Vettri Kazhagam,355,161,194,4,2,6,5,3,9,6,1,6,9,9,9,9,30.4552590266876,Dravida Munnetra Kazhagam,4,2,6,5,3,9,6,1,6,9,9,9,9
100,36,176,3,1,76,0,1,309,0,0,0,0,2,604,0,0,604,0,State  Bank  Colony,"S.D.A.  Matricultion  School  ,West  Wing  1st Room,  Natarajan  Nagar  State  Bank  colony",1.(Thoothukudi  Corporation)  Tamilnadu  Housing  Board  (Door  No:  4/600 Above  )  999.OVERSEAS  ELECTORS,All  Voters,5.960264900662252,29.13907284768212,0.4966887417218543,0.1655629139072848,12.58278145695364,0.0,0.1655629139072848,51.158940397351,0.0,2,0.3311258278145696,Tamilaga Vettri Kazhagam,309,176,133,4,2,5,7,3,9,7,1,9,9,9,9,6,22.01986754966887,Dravida Munnetra Kazhagam,4,2,5,7,3,9,7,1,9,9,9,9,6
101,54,217,2,7,103,0,0,345,1,0,0,0,2,731,0,7,738,0,State  Bank  Colony,"S.D.A.  Matricultion  School  ,West  Wing  3nd Room,  from  West,  Natarajan  Nagar  State Bank  colony","1.(Thoothukudi  Corporation)  Tamilnadu  Housing  Board  (Door  No:  -  4-886
-  4/1041)
999.OVERSEAS  ELECTORS",All  Voters,7.387140902872777,29.68536251709986,0.2735978112175103,0.957592339261286,14.09028727770178,0.0,0.0,47.19562243502052,0.957592339261286,3,0.4103967168262654,Tamilaga Vettri Kazhagam,345,217,128,4,2,6,5,3,9,9,1,8,9,9,9,6,17.51025991792066,Dravida Munnetra Kazhagam,4,2,6,5,3,9,9,1,8,9,9,9,6
102,56,243,4,11,85,0,0,383,3,0,1,1,1,788,0,6,794,0,State  Bank  Colony,"S.D.A.  Matricultion  School  New  Building Middle  portion  Natarajan  Nagar  ,  State  Bank Colony","1.(Thoothukudi  Corporation)  Tamil  Nadu  Housing  Board  A  Block, 2.(Thoothukudi  Corporation)  Tamilnadu  Housing  Board  B  Block, 3.(Thoothukudi  Corporation)  Tamilnadu  Housing  Board  C  Block, 4.(Thoothukudi  Corporation)  Tamilnadu  Housing  Board  D  Block, 5.(Thoothukudi  Corporation)  Tamilnadu  Housing  Board  E  Block,
6.(Thoothukudi  Corporation)  Tamil  Nadu  Housing  Board  HIG  Block, 7.(Thoothukudi  Corporation)  Tamilnadu  Housing  Board  MIG  Block,
999.OVERSEAS  ELECTORS",All  Voters,7.106598984771574,30.83756345177665,0.5076142131979695,1.395939086294416,10.78680203045685,0.0,0.0,48.60406091370558,0.7614213197969544,6,0.7614213197969544,Tamilaga Vettri Kazhagam,383,243,140,4,2,6,5,3,11,11,1,7,11,8,8,8,17.76649746192894,Dravida Munnetra Kazhagam,4,2,6,5,3,11,11,1,7,11,8,8,8
103,44,202,1,3,60,0,1,272,1,1,0,0,0,585,0,4,589,0,Muthammal  Colony,"Alagar  Public  School,  Main  Block  South Facing  Building  West  From  1st  room,  Main Gate  3rd  Street,  Muthammal  Colony,
Thoothukudi","1.(Thoothukudi  Corporation)  Muthammal  Colony  Street  1  Block  4  (Door  1 to  4/270)  ,
2.(Thoothukudi  Corporation)  Dhanasekara  Nagar
999.OVERSEAS  ELECTORS",All  Voters,7.521367521367521,34.52991452991453,0.1709401709401709,0.5128205128205128,10.25641025641026,0.0,0.1709401709401709,46.49572649572649,0.6837606837606838,2,0.3418803418803419,Tamilaga Vettri Kazhagam,272,202,70,4,2,6,5,3,10,6,1,6,6,10,10,10,11.96581196581197,Dravida Munnetra Kazhagam,4,2,6,5,3,10,6,1,6,6,10,10,10
104,26,162,2,0,79,0,2,200,1,0,0,1,1,474,0,1,475,0,Muthammal  Colony,"Alagar  Public  School,  Main  Block  North Facing  Building  West  From  1st  room,  Main Gate  3rd  Street,  Muthammal  Colony,
Thoothukudi","1.(Thoothukudi  Corporation)  Muthammal  Colony  Street  1  Block  4,(Door No:  Above  4/270)
999.OVERSEAS  ELECTORS",All  Voters,5.485232067510549,34.17721518987342,0.4219409282700421,0.0,16.66666666666666,0.0,0.4219409282700421,42.19409282700422,0.2109704641350211,3,0.6329113924050633,Tamilaga Vettri Kazhagam,200,162,38,4,2,5,10,3,10,5,1,7,10,10,7,7,8.016877637130802,Dravida Munnetra Kazhagam,4,2,5,10,3,10,5,1,7,10,10,7,7
105,41,191,1,14,88,0,0,244,0,0,0,0,0,579,0,3,582,0,Muthammal  colony,"Alagar  Public  School,  Main  Block  West Facing  Building  Opposite  to  Canteen,  Main Gate  3rd  Street,  Muthammal  Colony,
Thoothukudi","1.(Thoothukudi  Corporation)  Muthammal  Colony  Street  3  Block  4, 999.OVERSEAS  ELECTORS",All  Voters,7.081174438687392,32.98791018998273,0.1727115716753022,2.417962003454232,15.1986183074266,0.0,0.0,42.14162348877375,0.5181347150259068,0,0.0,Tamilaga Vettri Kazhagam,244,191,53,4,2,6,5,3,7,7,1,7,7,7,7,7,9.153713298791018,Dravida Munnetra Kazhagam,4,2,6,5,3,7,7,1,7,7,7,7,7
106,30,89,1,7,41,0,1,159,0,0,1,0,1,330,0,0,330,0,Muthammal  colony,"Alagar  Public  School,  Main  Block  East Facing  Building  Opposite  to  Canteen,  Main Gate  3rd  Street,  Muthammal  Colony,
Thoothukudi","1.(Thoothukudi  Corporation)  Muthammal  Colony  Street  4  Block  4, 999.OVERSEAS  ELECTORS",All  Voters,9.090909090909092,26.96969696969697,0.303030303030303,2.121212121212122,12.42424242424242,0.0,0.303030303030303,48.18181818181818,0.0,2,0.6060606060606061,Tamilaga Vettri Kazhagam,159,89,70,4,2,6,5,3,10,6,1,10,10,6,10,6,21.21212121212121,Dravida Munnetra Kazhagam,4,2,6,5,3,10,6,1,10,10,6,10,6
107,62,271,3,13,85,1,2,342,1,0,0,0,0,780,0,8,788,0,Muthammal  colony,"Alagar  Public  School,  Primary  Block  South Facing  Building  East  from  2nd  room,  Main Gate  3rd  Street,  Muthammal  Colony,
Thoothukudi","1.(Thoothukudi  Corporation)  Muthammal  Colony  Street  5  Block
4,2.(Thoothukudi  Corporation)  Muthammal  Colony  Street  6  Block  4, 3.(Thoothukudi  Corporation)  Muthammal  Colony  Street  7  Block  4,
4.(Thoothukudi  Corporation)  Muthammal  Colony  Street  8  Block  4, 5.(Thoothukudi  Corporation)  Muthammal  Colony  Street  9  Block  4,
6.(Thoothukudi  Corporation)  Muthammal  Colony  Street  10  Block  4,
999.OVERSEAS  ELECTORS",All  Voters,7.948717948717948,34.74358974358974,0.3846153846153846,1.666666666666667,10.8974358974359,0.1282051282051282,0.2564102564102564,43.84615384615385,1.025641025641026,1,0.1282051282051282,Tamilaga Vettri Kazhagam,342,271,71,4,2,6,5,3,8,7,1,8,10,10,10,10,9.102564102564102,Dravida Munnetra Kazhagam,4,2,6,5,3,8,7,1,8,10,10,10,10
108,35,154,0,6,113,0,2,321,1,0,0,1,0,633,0,2,635,0,Muthammal  colony,"Alagar  Public  School,  Primary  Block  South Facing  Building  East  from  5th  room,  Main Gate  3rd  Street,  Muthammal  Colony,
Thoothukudi","1.(Thoothukudi  Corporation)  Athiparasakthi  Nagar, 999.OVERSEAS  ELECTORS",All  Voters,5.529225908372828,24.32859399684044,0.0,0.9478672985781991,17.85150078988941,0.0,0.315955766192733,50.71090047393365,0.315955766192733,2,0.315955766192733,Tamilaga Vettri Kazhagam,321,154,167,4,2,9,5,3,9,6,1,7,9,9,7,9,26.38230647709321,Dravida Munnetra Kazhagam,4,2,9,5,3,9,6,1,7,9,9,7,9
109,15,75,0,0,31,0,1,181,0,0,0,0,0,303,0,3,306,0,Muthammal  colony,"Alagar  Public  School,  Primary  Block  South Facing  Building  East  from  7th  room,  Main Gate  3rd  Street,  Muthammal  Colony,
Thoothukudi","1.(Thoothukudi  Corporation)  Om  Santhi  Nagar,  KTC  Nagar,  Ram  nagar, 999.OVERSEAS  ELECTORS",All  Voters,4.95049504950495,24.75247524752475,0.0,0.0,10.23102310231023,0.0,0.33003300330033,59.73597359735974,0.9900990099009901,0,0.0,Tamilaga Vettri Kazhagam,181,75,106,4,2,6,6,3,6,5,1,6,6,6,6,6,34.98349834983499,Dravida Munnetra Kazhagam,4,2,6,6,3,6,5,1,6,6,6,6,6
110,46,179,2,6,78,2,1,348,0,1,0,0,1,664,0,6,670,0,Muthammal  colony,"Alagar  Public  School,  Primary  Block  South Facing  Building  East  from  6th  room,  Main Gate  3rd  Street,  Muthammal  Colony,
Thoothukudi","1.(Thoothukudi  Corporation)  Ayyappan  Nagar  Block  5,  2.(Thoothukudi Corporation)Kamaraj  Nagar,  999.OVERSEAS  ELECTORS",All  Voters,6.927710843373494,26.95783132530121,0.3012048192771085,0.9036144578313252,11.74698795180723,0.3012048192771085,0.1506024096385542,52.40963855421686,0.9036144578313252,2,0.3012048192771085,Tamilaga Vettri Kazhagam,348,179,169,4,2,6,5,3,6,8,1,11,8,11,11,8,25.45180722891566,Dravida Munnetra Kazhagam,4,2,6,5,3,6,8,1,11,8,11,11,8
111,32,166,0,3,48,0,0,239,0,1,1,1,0,491,0,4,495,0,State  Bank  colony,"St.Thomas  Matriculation  School,  Eon Ambores  Block  South  Portion  West  side  1st Room  North  Facing  Building,  State  bank colony.  Nadarajan  Nagar","1.(Thoothukudi  Corporation)  State  Bank  Colony  (Door  No:4/1  -  4/167F), 999.OVERSEAS  ELECTORS",All  Voters,6.517311608961303,33.80855397148676,0.0,0.6109979633401221,9.775967413441954,0.0,0.0,48.67617107942974,0.8146639511201629,3,0.6109979633401221,Tamilaga Vettri Kazhagam,239,166,73,4,2,9,5,3,9,9,1,9,6,6,6,9,14.86761710794297,Dravida Munnetra Kazhagam,4,2,9,5,3,9,9,1,9,6,6,6,9
112,39,160,1,5,67,1,1,284,1,1,0,0,0,560,0,3,563,0,State  Bank  colony,"St.Thomas  Matriculation  School,  Eon Ambores  Block  South  Portion  West  side  2nd Room  North  Facing  Building,  State  bank colony.  Nadarajan  Nagar","1.(Thoothukudi  Corporation)  State  Bank  Colony, 999.OVERSEAS  ELECTORS",All  Voters,6.964285714285714,28.57142857142857,0.1785714285714286,0.8928571428571428,11.96428571428572,0.1785714285714286,0.1785714285714286,50.71428571428571,0.5357142857142857,2,0.3571428571428572,Tamilaga Vettri Kazhagam,284,160,124,4,2,6,5,3,6,6,1,6,6,11,11,11,22.14285714285714,Dravida Munnetra Kazhagam,4,2,6,5,3,6,6,1,6,6,11,11,11
113,45,160,2,2,47,0,0,209,0,0,0,0,0,465,0,1,466,0,State  Bank  colony,"St.Thomas  Matriculation  School,  Eon Ambores  Block  West  side  Room  1,  State bank  colony.  Nadarajan  Nagar","1.(Thoothukudi  Corporation)  State  Bank  Colony  (Door  No:4/168  to  - 4/196),  Mullai  nagar
999.OVERSEAS  ELECTORS",All  Voters,9.67741935483871,34.40860215053764,0.4301075268817204,0.4301075268817204,10.10752688172043,0.0,0.0,44.94623655913978,0.2150537634408602,0,0.0,Tamilaga Vettri Kazhagam,209,160,49,4,2,5,5,3,7,7,1,7,7,7,7,7,10.53763440860215,Dravida Munnetra Kazhagam,4,2,5,5,3,7,7,1,7,7,7,7,7
114,88,185,5,3,141,2,2,402,0,0,1,0,1,830,0,2,832,0,Mappillaiurani,"Pathirakaliamman  Nadar  Middle  School
,South  Building  Mappillaiurani","1.Mappillaiurani  (R.V)  And  (P)  Mappillaiurani  Block  1, 2.Mappillaiurani  (R.V)  And  (P)  Mappillaiurani  Block  2, 3.Mappillaiurani  (R.V)  And  (P)  Jothi  Basu  Nagar, 999.OVERSEAS  ELECTORS",All  Voters,10.60240963855422,22.28915662650602,0.6024096385542169,0.3614457831325301,16.98795180722891,0.2409638554216868,0.2409638554216868,48.43373493975903,0.2409638554216868,2,0.2409638554216868,Tamilaga Vettri Kazhagam,402,185,217,4,2,5,6,3,7,7,1,11,11,9,11,9,26.14457831325301,Dravida Munnetra Kazhagam,4,2,5,6,3,7,7,1,11,11,9,11,9
115,62,133,0,2,73,2,1,193,0,0,0,0,0,466,0,2,468,0,Mappillaiurani,"Pathirakaliamman  Nadar  Middle  School  ,New Building  west  side  Mappillaiurani","1.Mappillaiurani  (R.V)  And  (P)  Mappillaiurani  Block  3, 999.OVERSEAS  ELECTORS",All  Voters,13.30472103004292,28.54077253218884,0.0,0.4291845493562232,15.66523605150215,0.4291845493562232,0.2145922746781116,41.41630901287554,0.4291845493562232,0,0.0,Tamilaga Vettri Kazhagam,193,133,60,4,2,8,5,3,5,7,1,8,8,8,8,8,12.87553648068669,Dravida Munnetra Kazhagam,4,2,8,5,3,5,7,1,8,8,8,8,8
116,79,132,2,2,55,2,2,239,0,1,0,1,1,516,0,1,517,0,Mappillaiurani,"Pathirakaliamman  Nadar  Middle  School
,South  Building  East  Portion  Mappillaiurani","1.Mappillaiurani  (R.V)  And  (P)  K.V.K.  Sami  Nagar, 999.OVERSEAS  ELECTORS",All  Voters,15.31007751937984,25.58139534883721,0.3875968992248062,0.3875968992248062,10.65891472868217,0.3875968992248062,0.3875968992248062,46.31782945736434,0.1937984496124031,3,0.5813953488372093,Tamilaga Vettri Kazhagam,239,132,107,3,2,5,5,4,5,5,1,12,9,12,9,9,20.73643410852713,Dravida Munnetra Kazhagam,3,2,5,5,4,5,5,1,12,9,12,9,9
117,69,146,4,9,43,0,7,557,2,2,1,0,0,840,0,0,840,1,Siluvaipatti,"R.  C.  High  School,  South  Building,  west portion,  Siluvaipatti","1.Mappillaiurani  (R.V)  And  (P)  Ganapathi  Nagar  Block  6, 2.Mappillaiurani  (R.V)  And  (P)  Siluvaipatti  Block  7,
Sunami  Colony  Siluvaipatti,  Sunami  Kudiyiruppu, Siluvaipatti,  ANTHONIYAR  KOVIL  STREET,
999.OVERSEAS  ELECTORS",All  Voters,8.214285714285714,17.38095238095238,0.4761904761904762,1.071428571428571,5.119047619047619,0.0,0.8333333333333334,66.30952380952381,0.0,5,0.5952380952380952,Tamilaga Vettri Kazhagam,557,146,411,3,2,7,5,4,11,6,1,8,8,10,11,11,48.92857142857142,Dravida Munnetra Kazhagam,3,2,7,5,4,11,6,1,8,8,10,11,11
118,67,148,0,1,27,0,3,392,1,0,0,0,0,639,0,4,643,0,Siluvaipatti,"R.  C.  High  School  New  Building,  South  west portion  Siluvaipatti","1.Mappillaiurani  (R.V)  And  (P)  Siluvaipatti  Block  5,
2.Mappillaiurani  (R.V)  And  (P)  Kothanar  Colony,  Davispuram  Block  4,
3.Mappillaiurani  (R.V)  And  (P)  Siluvaipatti,  Davispuram  Main  Road  Block 4,
ANNAI  VELANGKANNI  KOIL  STREET,
999.OVERSEAS  ELECTORS",All  Voters,10.48513302034429,23.16118935837246,0.0,0.1564945226917058,4.225352112676056,0.0,0.4694835680751174,61.34585289514867,0.6259780907668232,1,0.1564945226917058,Tamilaga Vettri Kazhagam,392,148,244,3,2,8,6,4,8,5,1,6,8,8,8,8,38.18466353677621,Dravida Munnetra Kazhagam,3,2,8,6,4,8,5,1,6,8,8,8,8
119,77,111,2,15,29,1,2,340,4,2,0,0,0,583,0,0,583,0,Siluvaipatti,"R.  C.  High  School  ,West  Building  North Portion,  Siluvaipatti","1.Mappillaiurani  (R.V)  And  (P)  Asaithambi  Nagar  Block  7A,
2.Mappillaiurani  (R.V)  And  (P)  Siluvaipatti  Block  6,  (Door  1  to  6/130) 999.OVERSEAS  ELECTORS",All  Voters,13.20754716981132,19.03945111492281,0.3430531732418525,2.572898799313894,4.974271012006861,0.1715265866209262,0.3430531732418525,58.31903945111492,0.0,6,1.029159519725558,Tamilaga Vettri Kazhagam,340,111,229,3,2,7,5,4,10,7,1,6,7,11,11,11,39.27958833619211,Dravida Munnetra Kazhagam,3,2,7,5,4,10,7,1,6,7,11,11,11
120,64,121,1,33,37,0,0,292,0,0,0,1,0,549,0,1,550,0,Siluvaipatti,"R.  C.  High  School  ,  West  Building  South Portion,  Siluvaipatti","1.Mappillaiurani  (R.V)  And  (P)  Siluvaipatti  Block  6  (Door  No:  6/130  Above
)  ,  999.OVERSEAS  ELECTORS",All  Voters,11.6575591985428,22.04007285974499,0.1821493624772313,6.010928961748633,6.739526411657559,0.0,0.0,53.18761384335154,0.1821493624772313,1,0.1821493624772313,Tamilaga Vettri Kazhagam,292,121,171,3,2,6,5,4,8,8,1,8,8,8,6,8,31.14754098360656,Dravida Munnetra Kazhagam,3,2,6,5,4,8,8,1,8,8,8,6,8
121,93,215,1,40,45,1,1,452,2,0,0,0,1,851,0,4,855,0,T.  Saveriyarpuram,"R.C.  St.Xavier  High  School,West  Building from  West  1st  room,  T.Saveriyarpuram","1.Mappillaiurani  (R.V)  And  (P)  Mala  Alagapurai  Block  7A, 2.Mappillaiurani  (R.V)  And  (P)  Ganesapuram  Block  4A, 3.Mappillaiurani  (R.V)  And  (P)  Rajapalayam  Block  8,
4.Mappillaiurani  (R.V)  And  (P)  Rajapalayam  Block  12A, 5.Mappillaiurani  (R.V)  And  (P)  Mela  Alagapuri  Block  7, 6.Mappillaiurani  (R.V)  And  (P)  Ganesapuram  Block  7,
999.OVERSEAS  ELECTORS",All  Voters,10.9283196239718,25.26439482961222,0.1175088131609871,4.700352526439483,5.287896592244419,0.1175088131609871,0.1175088131609871,53.11398354876615,0.4700352526439483,3,0.3525264394829613,Tamilaga Vettri Kazhagam,452,215,237,3,2,7,5,4,7,7,1,6,11,11,11,7,27.84958871915394,Dravida Munnetra Kazhagam,3,2,7,5,4,7,7,1,6,11,11,11,7
122,112,249,1,1,62,0,3,464,1,1,0,0,0,894,0,6,900,0,T.  Saveriyarpuram,"R.C.St.Xavier  High  School,  west  Building from  west  2nd  room  ,T.Saveriyarpuram","1.Mappillaiurani  (R.V)  And  (P)  Rajapalayam  Block  7, 2.Mappillaiurani  (R.V)  And  (P)  Arokiapuram  Block  8, 999.OVERSEAS  ELECTORS",All  Voters,12.52796420581656,27.85234899328859,0.1118568232662192,0.1118568232662192,6.935123042505594,0.0,0.3355704697986577,51.90156599552572,0.6711409395973155,2,0.2237136465324385,Tamilaga Vettri Kazhagam,464,249,215,3,2,6,6,4,10,5,1,6,6,10,10,10,24.04921700223714,Dravida Munnetra Kazhagam,3,2,6,6,4,10,5,1,6,6,10,10,10
123,51,207,1,7,50,0,1,358,1,0,0,1,0,677,0,2,679,0,T.  Saveriyarpuram,"R.C.Primary  School  ,New  Building  East  from 1st  room,T.Savariarpuram","1.Mappillaiurani  (R.V)  And  (P)  Vadakku  Sottaiyan  Thoppu  Block  10, 2.Mappillaiurani  (R.V)  And  (P)  Sottaiyanthoppu  Mel  Side  Block  10, THIRESS  NAGAR,  999.OVERSEAS  ELECTORS",All  Voters,7.533234859675036,30.57607090103398,0.1477104874446086,1.03397341211226,7.385524372230429,0.0,0.1477104874446086,52.88035450516987,0.2954209748892171,2,0.2954209748892171,Tamilaga Vettri Kazhagam,358,207,151,3,2,6,5,4,10,6,1,6,10,10,6,10,22.30428360413589,Dravida Munnetra Kazhagam,3,2,6,5,4,10,6,1,6,10,10,6,10
124,113,195,4,3,34,1,1,387,0,0,0,0,0,738,0,4,742,0,T.  Saveriyarpuram,"R.C.  Primary  School  ,St.Xaviers  Block  North New  Building,  West  side  1st  Room, T.Savariarpuram","1.Mappillaiurani  (R.V)  And  (P)  Savariarpuram  Block  10, 999.OVERSEAS  ELECTORS",All  Voters,15.31165311653116,26.42276422764228,0.5420054200542005,0.4065040650406505,4.607046070460704,0.1355013550135501,0.1355013550135501,52.4390243902439,0.5420054200542005,0,0.0,Tamilaga Vettri Kazhagam,387,195,192,3,2,5,6,4,7,7,1,9,9,9,9,9,26.01626016260163,Dravida Munnetra Kazhagam,3,2,5,6,4,7,7,1,9,9,9,9,9
125,60,155,1,2,45,2,1,357,0,3,0,2,1,629,0,2,631,0,T.  Saveriyarpuram,"R.C.  Primary  School  St  Xaver  s  Block  New Building,  East  from  2nd  room, T.Savariarpuram","1.Mappillaiurani  (R.V)  And  (P)  Balathandautham  Nagar  Block  8, 2.Mappillaiurani  (R.V)  And  (P)  Thommaiar  Street  Block  10,
3.Mappillaiurani  (R.V)  And  (P)  Antoniarkebi  Street  Block  10,
999.OVERSEAS  ELECTORS",All  Voters,9.538950715421304,24.6422893481717,0.1589825119236884,0.3179650238473768,7.154213036565977,0.3179650238473768,0.1589825119236884,56.75675675675676,0.3179650238473768,6,0.9538950715421303,Tamilaga Vettri Kazhagam,357,155,202,3,2,9,6,4,6,9,1,12,5,12,6,9,32.11446740858506,Dravida Munnetra Kazhagam,3,2,9,6,4,6,9,1,12,5,12,6,9
126,59,178,1,4,35,1,9,498,1,0,0,1,0,787,0,6,793,0,T.  Saveriyarpuram,Kamaraj  Martriculation  school  1st  Room from  west  mappillaiurani  T.  Savariarpuram,"1.Mappillaiurani  (R.V)  And  (P)  Ilangai  Agadhigal  Colony  (Ramadas  Nagar) Block  11  ,  999.OVERSEAS  ELECTORS",All  Voters,7.496823379923762,22.61753494282084,0.1270648030495553,0.5082592121982211,4.447268106734435,0.1270648030495553,1.143583227445997,63.27827191867853,0.7623888182973316,2,0.2541296060991106,Tamilaga Vettri Kazhagam,498,178,320,3,2,7,6,4,7,5,1,7,11,11,7,11,40.66073697585769,Dravida Munnetra Kazhagam,3,2,7,6,4,7,5,1,7,11,11,7,11
127,44,88,0,0,42,2,1,325,1,1,0,0,1,505,0,3,508,0,T.  Saveriyarpuram,Kamaraj  Martriculation  school  2nd  Room from  west  mappillaiurani  T.  Savariarpuram,"1.Mappillaiurani  (R.V)  And  (P)  Kumaran  Nagar  3A, 999.OVERSEAS  ELECTORS",All  Voters,8.712871287128712,17.42574257425742,0.0,0.0,8.316831683168317,0.3960396039603961,0.198019801980198,64.35643564356435,0.594059405940594,3,0.594059405940594,Tamilaga Vettri Kazhagam,325,88,237,3,2,10,10,4,5,6,1,6,6,10,10,6,46.93069306930693,Dravida Munnetra Kazhagam,3,2,10,10,4,5,6,1,6,6,10,10,6
128,56,158,2,3,34,0,1,344,1,4,1,0,1,605,0,2,607,0,T.  Saveriyarpuram,"Kamaraj  Martriculation  school  4th  Room from  west  mappillaiurani,T.  Savariarpuram","1.Mappillaiurani  (R.V)  And  (P)  Kamaraj  Nagar  Block  3A,  (Door  No:  1  to 9/800  ),  999.OVERSEAS  ELECTORS",All  Voters,9.256198347107437,26.11570247933884,0.3305785123966942,0.4958677685950413,5.619834710743802,0.0,0.1652892561983471,56.85950413223141,0.3305785123966942,7,1.15702479338843,Tamilaga Vettri Kazhagam,344,158,186,3,2,7,6,4,12,8,1,8,5,8,12,8,30.74380165289256,Dravida Munnetra Kazhagam,3,2,7,6,4,12,8,1,8,5,8,12,8
129,45,116,1,6,27,0,4,266,0,1,0,0,0,466,0,2,468,0,T.  Saveriyarpuram,"Kamaraj  Martriculation  school  ,  West  side 1st  Room  mappillaiurani,T.  Savariarpuram","1.Mappillaiurani  (R.V)  And  (P)  Kamaraj  Nagar  Block  3A,  (Door  No:  9/800 Above)  ,  999.OVERSEAS  ELECTORS",All  Voters,9.656652360515022,24.89270386266094,0.2145922746781116,1.28755364806867,5.793991416309012,0.0,0.8583690987124464,57.08154506437768,0.4291845493562232,1,0.2145922746781116,Tamilaga Vettri Kazhagam,266,116,150,3,2,7,5,4,9,6,1,9,7,9,9,9,32.18884120171674,Dravida Munnetra Kazhagam,3,2,7,5,4,9,6,1,9,7,9,9,9
130,34,182,3,2,39,0,1,413,0,0,0,2,2,678,0,2,680,0,T.  Saveriyarpuram,"Kamaraj  Martriculation  school  3rd  Room from  west  mappillaiurani  ,T.  Savariarpuram","1.Mappillaiurani  (R.V)  And  (P)  Bharathi  Nagar  Block  3A, 999.OVERSEAS  ELECTORS",All  Voters,5.014749262536873,26.84365781710915,0.4424778761061947,0.2949852507374631,5.752212389380531,0.0,0.1474926253687316,60.91445427728613,0.2949852507374631,4,0.5899705014749262,Tamilaga Vettri Kazhagam,413,182,231,4,2,5,6,3,10,9,1,10,10,10,6,6,34.07079646017699,Dravida Munnetra Kazhagam,4,2,5,6,3,10,9,1,10,10,10,6,6
131,35,115,1,1,26,0,1,251,1,0,0,0,0,431,0,3,434,0,T.  Saveriyarpuram,"R.C.  St.Xavier  High  School,  East  Building West  2nd  Room,  T.  Saveriyarpuram","1.Mappillaiurani  (R.V)  And  (P)  Maruthuvar  Nagar  Block  3A, 999.OVERSEAS  ELECTORS",All  Voters,8.120649651972158,26.68213457076566,0.2320185614849188,0.2320185614849188,6.032482598607888,0.0,0.2320185614849188,58.23665893271461,0.6960556844547563,1,0.2320185614849188,Tamilaga Vettri Kazhagam,251,115,136,3,2,5,5,4,9,5,1,5,9,9,9,9,31.55452436194895,Dravida Munnetra Kazhagam,3,2,5,5,4,9,5,1,5,9,9,9,9
132,57,170,3,9,25,0,0,274,0,1,0,0,1,540,0,0,540,0,T.  Saveriyarpuram,"Anganwadi  Center,  T.Saveriyarpuram","1.Mappillaiurani  (R.V)  And  (P)  Sudalaiyapuram  Block  12,  999.OVERSEAS ELECTORS",All  Voters,10.55555555555556,31.48148148148148,0.5555555555555556,1.666666666666667,4.62962962962963,0.0,0.0,50.74074074074074,0.0,2,0.3703703703703704,Tamilaga Vettri Kazhagam,274,170,104,3,2,6,5,4,9,9,1,9,7,9,9,7,19.25925925925926,Dravida Munnetra Kazhagam,3,2,6,5,4,9,9,1,9,7,9,9,7
133,112,157,1,13,41,0,1,484,1,1,0,0,0,811,0,3,814,0,Rajapalayam,"Sacred  Heart  Matriculation  school,  1st  Room from  south  ,Rajapalayam,  Thalamuthu Nagar,  Mappillaiyoorani.","1.Mappillaiurani  (R.V)  And  (P)  Sameerviyas  Nagar  Block  -  12B  (Door No:12B/1  to  980)  PERIYA  SELVAM  NAGAR,
999.OVERSEAS  ELECTORS",All  Voters,13.81011097410604,19.35881627620222,0.1233045622688039,1.602959309494451,5.055487053020962,0.0,0.1233045622688039,59.67940813810111,0.3699136868064118,2,0.2466091245376079,Tamilaga Vettri Kazhagam,484,157,327,3,2,6,5,4,10,6,1,6,6,10,10,10,40.32059186189889,Dravida Munnetra Kazhagam,3,2,6,5,4,10,6,1,6,6,10,10,10
134,85,184,1,14,52,1,0,444,1,6,1,2,3,794,0,4,798,0,Rajapalayam,"Sacred  Heart  Matriculation  school,  2nd Room  from  South,  Rajapalayam,
Thalamuthu  Nagar  Mappillaiyoorani","1.Mappillaiurani  (R.V)  And  (P)  Sameerviyas  Nagar  Block  -  12B  (Door No:12C/1  to  986),
999.OVERSEAS  ELECTORS",All  Voters,10.70528967254408,23.17380352644836,0.1259445843828715,1.763224181360202,6.54911838790932,0.1259445843828715,0.0,55.91939546599496,0.5037783375314862,13,1.63727959697733,Tamilaga Vettri Kazhagam,444,184,260,3,2,9,5,4,9,13,1,9,6,9,8,7,32.7455919395466,Dravida Munnetra Kazhagam,3,2,9,5,4,9,13,1,9,6,9,8,7
135,48,56,0,5,16,0,0,294,1,1,0,0,0,421,0,1,422,0,Rajapalayam,"Sacred  Heart  Matriculation  school,  3rd  Room from  South,  Rajapalayam,  Thalamuthu Nagar","1.Mappillaiurani  (R.V)  And  (P)  Sesu  Nagar,  East  Kamaraj  Colony 12C,(Door  No:  1  to  12/300)
999.OVERSEAS  ELECTORS",All  Voters,11.40142517814727,13.30166270783848,0.0,1.187648456057007,3.800475059382423,0.0,0.0,69.83372921615202,0.2375296912114014,2,0.4750593824228029,Tamilaga Vettri Kazhagam,294,56,238,3,2,8,5,4,8,8,1,6,6,8,8,8,56.53206650831354,Dravida Munnetra Kazhagam,3,2,8,5,4,8,8,1,6,6,8,8,8
136,54,137,1,1,25,2,1,410,1,1,0,2,0,635,0,0,635,0,Sameerviyas  Nagar,"E-sevai  center,  Sameerviyas  Nagar","1.Mappillaiurani  (R.V)  And  (P)  Sesu  Nagar,  East  Kamaraj  Colony 12C,(Door  No:  12/300  Above),  2.Mappillaiurani  (R.V)  And  (P)  Nehru Colony  12B,
999.OVERSEAS  ELECTORS",All  Voters,8.503937007874015,21.5748031496063,0.1574803149606299,0.1574803149606299,3.937007874015748,0.3149606299212598,0.1574803149606299,64.56692913385827,0.0,4,0.6299212598425197,Tamilaga Vettri Kazhagam,410,137,273,3,2,7,7,4,5,7,1,7,7,12,5,12,42.99212598425196,Dravida Munnetra Kazhagam,3,2,7,7,4,5,7,1,7,7,12,5,12
137,100,221,3,2,44,0,0,471,2,0,2,1,2,848,0,4,852,0,T.  Saveriyarpuram,"R.C.  Primary  School,  Holy  Childhood  Block, North  Portion  T.  Savariarpuram","1.Mappillaiurani  (R.V)  And  (P)  T.Saveriyarpuram  (Door  No:1  -  1  to  11B  - 54),
999.OVERSEAS  ELECTORS",All  Voters,11.79245283018868,26.06132075471698,0.3537735849056604,0.2358490566037736,5.188679245283019,0.0,0.0,55.54245283018868,0.4716981132075472,7,0.8254716981132075,Tamilaga Vettri Kazhagam,471,221,250,3,2,5,6,4,11,11,1,6,11,6,10,6,29.4811320754717,Dravida Munnetra Kazhagam,3,2,5,6,4,11,11,1,6,11,6,10,6
138,55,152,1,0,30,0,0,215,0,0,0,0,0,453,0,0,453,0,T.  Saveriyarpuram,"R.C.  Primary  School,  Holy  Childhood  Block, South  Portion  T.  Savariarpuram","1.Mappillaiurani  (R.V)  And  (P)  T.Saveriyarpuram  Kodimaram  Street (Door  No:12  -  17  to  1138  -  55  11/55  to  11/273),  Thres  Nagar",All  Voters,12.14128035320088,33.55408388520971,0.2207505518763797,0.0,6.622516556291391,0.0,0.0,47.46136865342163,0.0,0,0.0,Tamilaga Vettri Kazhagam,215,152,63,3,2,5,6,4,6,6,1,6,6,6,6,6,13.90728476821192,Dravida Munnetra Kazhagam,3,2,5,6,4,6,6,1,6,6,6,6,6
139,49,100,2,2,41,0,0,263,3,1,0,0,0,461,0,2,463,0,T.  Saveriyarpuram,"R.C.Primary  School,  St.ignitius  Building from  West,  2nd  Room,  South  portion, T.Savariarpuram","1.Mappillaiurani  (R.V)  And  (P)  Sahayamathapattinam, 999.OVERSEAS  ELECTORS",All  Voters,10.62906724511931,21.69197396963124,0.4338394793926247,0.4338394793926247,8.893709327548807,0.0,0.0,57.04989154013015,0.4338394793926247,4,0.8676789587852495,Tamilaga Vettri Kazhagam,263,100,163,3,2,6,6,4,9,9,1,5,8,9,9,9,35.35791757049891,Dravida Munnetra Kazhagam,3,2,6,6,4,9,9,1,5,8,9,9,9
140,35,94,4,1,34,0,0,188,0,2,0,1,3,362,0,0,362,0,T.  Saveriyarpuram,"R.C.  St.Xavier  High  School,  West  Building. West  3rd  Room,  T.Saveriyarpuram","1.Mappillaiurani  (R.V)  And  (P)  Pudia  Muniasamypuram, 999.OVERSEAS  ELECTORS",All  Voters,9.668508287292818,25.96685082872928,1.104972375690608,0.2762430939226519,9.392265193370166,0.0,0.0,51.93370165745856,0.0,6,1.657458563535912,Tamilaga Vettri Kazhagam,188,94,94,3,2,5,8,4,10,10,1,10,7,10,8,6,25.96685082872928,Dravida Munnetra Kazhagam,3,2,5,8,4,10,10,1,10,7,10,8,6
141,72,135,0,1,34,0,1,505,2,0,0,0,1,751,0,1,752,0,T.  Saveriyarpuram,"R.C.St.Xavier  Hr  Sec  School  ,  West  Building, From  West  6th  room,T.Savariarpuram","1.Mappillaiurani  (R.V)  And  (P)  MGR  Nagar  (Door  No:9A-1  to  9A  -  320)
V.O.C  NAGAR 999.OVERSEAS  ELECTORS",All  Voters,9.587217043941411,17.97603195739014,0.0,0.1331557922769641,4.527296937416778,0.0,0.1331557922769641,67.24367509986683,0.1331557922769641,3,0.3994673768308922,Tamilaga Vettri Kazhagam,505,135,370,3,2,9,6,4,9,6,1,5,9,9,9,6,49.2676431424767,Dravida Munnetra Kazhagam,3,2,9,6,4,9,6,1,5,9,9,9,6
142,78,128,2,1,24,0,3,458,3,0,0,0,1,698,0,0,698,0,T.  Saveriyarpuram,"R.C.St.Xavier  Hr  Sec  School  ,  West  Building, From  West  7th  room,T.Savariarpuram","1.Mappillaiurani  (R.V)  And  (P)  M.G.R.Nagar  Pooppandiapuram  (Door No:9A-321  to  910/216)
999.OVERSEAS  ELECTORS",All  Voters,11.17478510028653,18.33810888252149,0.2865329512893983,0.1432664756446991,3.43839541547278,0.0,0.4297994269340975,65.61604584527221,0.0,4,0.5730659025787965,Tamilaga Vettri Kazhagam,458,128,330,3,2,7,8,4,10,5,1,5,10,10,10,8,47.27793696275072,Dravida Munnetra Kazhagam,3,2,7,8,4,10,5,1,5,10,10,10,8
143,53,130,1,21,22,3,2,344,1,2,0,0,2,581,0,1,582,0,Rajapalayam,"Sacred  Heart  Matriculation  school,4th  Room from  south,Rajapalayam  Thalamuthu  Nagar","1.Mappillaiurani  (R.V)  And  (P)  Thalamuthu  Nagar  Block  (Door  No:12-1/1 to  12B  -  389B)
999.OVERSEAS  ELECTORS",All  Voters,9.122203098106713,22.37521514629949,0.1721170395869191,3.614457831325301,3.78657487091222,0.5163511187607573,0.3442340791738382,59.20826161790017,0.1721170395869191,5,0.8605851979345954,Tamilaga Vettri Kazhagam,344,130,214,3,2,10,5,4,6,7,1,10,7,12,12,7,36.83304647160069,Dravida Munnetra Kazhagam,3,2,10,5,4,6,7,1,10,7,12,12,7
144,33,143,1,20,45,0,1,236,0,0,0,0,1,480,0,0,480,0,Rajapalayam,"Sacred  Heart  Matriculation  school,  5th  Room from  south,  Rajapalayam  Thalamuthu  Nagar","1.Mappillaiurani  (R.V)  And  (P)  Thalamuthu  Nagar  Block  -12  (Door No:B390  -  477)
999.OVERSEAS  ELECTORS",All  Voters,6.875000000000001,29.79166666666667,0.2083333333333333,4.166666666666666,9.375,0.0,0.2083333333333333,49.16666666666666,0.0,1,0.2083333333333333,Tamilaga Vettri Kazhagam,236,143,93,4,2,6,5,3,9,6,1,9,9,9,9,6,19.375,Dravida Munnetra Kazhagam,4,2,6,5,3,9,6,1,9,9,9,9,6
145,33,123,3,0,40,1,0,333,1,1,1,0,1,537,0,0,537,0,T.  Saveriyarpuram,"R.C.  St.Xavier  High  School,  East  Building From  West  1st  Room,  T.Savariarpuram","1.Mappillaiurani  (R.V)  And  (P)  Vivekanandhar  Nagar,  Slum  Clearance Board  Block  10  ,  IRUTHAYAMMAL  NAGAR,  999.OVERSEAS  ELECTORS",All  Voters,6.145251396648044,22.90502793296089,0.5586592178770949,0.0,7.4487895716946,0.186219739292365,0.0,62.01117318435754,0.0,4,0.74487895716946,Tamilaga Vettri Kazhagam,333,123,210,4,2,5,11,3,6,11,1,6,6,6,11,6,39.10614525139665,Dravida Munnetra Kazhagam,4,2,5,11,3,6,11,1,6,6,6,11,6
146,53,137,2,7,99,2,1,370,1,2,0,0,0,674,0,1,675,0,Siluvaipatti,"R.C.Primary  School,  New  Building,  South Facing,  West  from  1st  Hall,  West  Portion, Siluvaipatti","1.Mappillaiurani  (R.V)  And  (P)  Davispuram  Block  4, 999.OVERSEAS  ELECTORS",All  Voters,7.863501483679524,20.32640949554896,0.2967359050445104,1.038575667655786,14.68842729970326,0.2967359050445104,0.1483679525222552,54.89614243323442,0.1483679525222552,3,0.4451038575667656,Tamilaga Vettri Kazhagam,370,137,233,4,2,6,5,3,6,9,1,9,6,11,11,11,34.56973293768546,Dravida Munnetra Kazhagam,4,2,6,5,3,6,9,1,9,6,11,11,11
147,41,168,1,17,43,0,1,253,1,0,0,0,0,525,0,4,529,0,Siluvaipatti,"R.  C.  High  School  New  Building,  South  East portion  Siluvaipatti","1.Mappilllaiurani  (R.V)  And  (P)  Komaspuram,
2.Mappilllaiurani  (R.V)  And  (P)  Karuppasami  Nagar  Block  4,
3.Mappilllaiurani  (R.V)  And  (P)  Maruthuvar  Colony  Block  4,GEETHA JEEVAN  NAGAR,  999.OVERSEAS  ELECTORS",All  Voters,7.809523809523809,32.0,0.1904761904761905,3.238095238095238,8.190476190476192,0.0,0.1904761904761905,48.19047619047619,0.7619047619047619,1,0.1904761904761905,Tamilaga Vettri Kazhagam,253,168,85,4,2,6,5,3,9,6,1,6,9,9,9,9,16.19047619047619,Dravida Munnetra Kazhagam,4,2,6,5,3,9,6,1,6,9,9,9,9
148,30,112,2,4,45,0,2,380,2,3,0,0,1,581,0,0,581,0,Siluvaipatti,"R.C.Primary  School,  New  Building,  South Facing,  West  from  1st  Hall,  Middle  Portion, Siluvaipatti","1.Mappillaiurani  (R.V)  And  (P)  Duraisingh  Nagar  Block 2.Mappillaiurani  (R.V)  And  (P)  Thai  Nagar  Block, 999.OVERSEAS  ELECTORS",All  Voters,5.163511187607573,19.27710843373494,0.3442340791738382,0.6884681583476765,7.74526678141136,0.0,0.3442340791738382,65.40447504302927,0.0,6,1.032702237521515,Tamilaga Vettri Kazhagam,380,112,268,4,2,7,5,3,11,7,1,7,6,11,11,10,46.12736660929432,Dravida Munnetra Kazhagam,4,2,7,5,3,11,7,1,7,6,11,11,10
149,38,151,0,6,27,0,2,346,1,1,1,0,0,573,0,2,575,0,Siluvaipatti,"R.C.Primary  School,  New  Building,  South Facing,  West  from  1st  Hall,  East  Portion, Siluvaipatti","1.Mappillaiurani  (P)  Dhanisilas  Nagar  Block
2.Mappillaiurani(R.V)  And  (P)  Om  Sakthi  Nagar  Siluvaipatti  Block
3.Mappillaiurani(R.V)  And  (P)  Siluvaipatti  Thai  nagar  Tsunami  Block 999.OVERSEAS  ELECTORS",All  Voters,6.631762652705062,26.35253054101221,0.0,1.047120418848168,4.712041884816754,0.0,0.3490401396160558,60.38394415357766,0.3490401396160558,3,0.5235602094240838,Tamilaga Vettri Kazhagam,346,151,195,3,2,10,5,4,10,6,1,7,7,7,10,10,34.03141361256544,Dravida Munnetra Kazhagam,3,2,10,5,4,10,6,1,7,7,7,10,10
150,69,121,3,5,72,1,2,427,1,0,1,2,3,707,0,1,708,0,Siluvaipatti,"R.C.Primary  School,  New  Building,  South Facing,  West  from  2nd  Hall,  West  Portion, Siluvaipatti","1.Mappillaiurani  (R.V)  And  (P)  Alagumuthu  Nagar  Block  6,
2.Mappillaiurani  (R.V)  And  (P)  J.J  Nagar  Davispuram  Block  4X, 3.Mappillaiurani  (R.V)  And  (P)  Kalaignar  Nagar  Block  6X, 999.OVERSEAS  ELECTORS",All  Voters,9.759547383309759,17.11456859971711,0.4243281471004243,0.7072135785007072,10.18387553041018,0.1414427157001414,0.2828854314002829,60.3960396039604,0.1414427157001414,7,0.9900990099009901,Tamilaga Vettri Kazhagam,427,121,306,4,2,6,5,3,10,8,1,10,13,10,8,6,43.28147100424328,Dravida Munnetra Kazhagam,4,2,6,5,3,10,8,1,10,13,10,8,6
151,2,31,0,0,2,0,0,16,0,0,0,0,0,51,0,0,51,0,Arockiapuram,"St.Joseph  Leprosy  Hospital,  Office  Building, Arockiapuram.","1.Mappillaiurani  (R.V)  And  (P)  St.Soosaiapper  Leprasey  Hospital  Block  9,
M.G.R  Nagar  999.OVERSEAS  ELECTORS",All  Voters,3.92156862745098,60.78431372549019,0.0,0.0,3.92156862745098,0.0,0.0,31.37254901960784,0.0,0,0.0,Dravida Munnetra Kazhagam,31,16,15,3,1,5,5,3,5,5,2,5,5,5,5,5,29.41176470588236,Tamilaga Vettri Kazhagam,3,1,5,5,3,5,5,2,5,5,5,5,5
152,93,177,3,1,76,1,1,442,0,1,1,1,0,797,0,3,800,0,Thalamuthu  Nagar,"R.C.  Middle  School  ,  East  Building  South Side  1st  Room  ,Thalamuthu  Nagar","1.Mappillaiurani  (R.V)  And  (P)  Shunmugapuram  (Arockiapuram  West) Block  9A,
999.OVERSEAS  ELECTORS",All  Voters,11.66875784190715,22.20828105395232,0.3764115432873275,0.1254705144291091,9.535759096612297,0.1254705144291091,0.1254705144291091,55.45796737766625,0.3764115432873275,3,0.3764115432873275,Tamilaga Vettri Kazhagam,442,177,265,3,2,5,6,4,6,6,1,12,6,6,6,12,33.24968632371393,Dravida Munnetra Kazhagam,3,2,5,6,4,6,6,1,12,6,6,6,12
153,41,297,0,1,16,1,1,320,1,2,1,0,0,681,0,1,682,0,Thalamuthu  Nagar,"R.C.  Middle  School  ,East  Building  South Side  2nd  Room  Thalamuthu  Nagar","1.Mappillaiurani  (R.V)  And  (P)  Jaheerusain  Nagar  Block  4A, 999.OVERSEAS  ELECTORS",All  Voters,6.020558002936858,43.61233480176212,0.0,0.1468428781204112,2.349486049926579,0.1468428781204112,0.1468428781204112,46.98972099853157,0.1468428781204112,4,0.5873715124816447,Tamilaga Vettri Kazhagam,320,297,23,3,2,11,6,4,6,6,1,6,5,6,11,11,3.377386196769457,Dravida Munnetra Kazhagam,3,2,11,6,4,6,6,1,6,5,6,11,11
154,63,119,1,35,50,1,0,330,0,1,1,1,0,602,0,2,604,0,Thalamuthu  Nagar,"R.C.  Middle  School  ,  East  Building  North Side  1st  RoomThalamuthunagar","1.Mappillaiurani  (R.V)  And  (P)  Vannarapettai  Block  7A  (Door  No:-1-1  to 1/100),
999.OVERSEAS  ELECTORS",All  Voters,10.46511627906977,19.76744186046512,0.1661129568106312,5.813953488372093,8.305647840531561,0.1661129568106312,0.0,54.81727574750831,0.3322259136212625,3,0.4983388704318937,Tamilaga Vettri Kazhagam,330,119,211,3,2,6,5,4,6,11,1,11,6,6,6,11,35.04983388704319,Dravida Munnetra Kazhagam,3,2,6,5,4,6,11,1,11,6,6,6,11
155,94,213,5,40,60,1,4,475,4,2,1,1,1,901,0,3,904,0,Thalamuthu  Nagar,"R.C.  Middle  School  ,East  Building  North  Side 2nd  Room  Thalamuthunagar","1.Mappillaiurani  (R.V)  And  (P)  Vannarapettai  Block  7A  (Door  No:-1-101  to 571),
2.Arockiapuram  West  Street  Block  9  (Door  No:3-134)
999.OVERSEAS  ELECTORS",All  Voters,10.43285238623751,23.64039955604883,0.5549389567147613,4.439511653718091,6.659267480577137,0.1109877913429523,0.4439511653718091,52.71920088790233,0.3329633740288568,9,0.9988901220865706,Tamilaga Vettri Kazhagam,475,213,262,3,2,6,5,4,10,7,1,7,9,10,10,10,29.0788013318535,Dravida Munnetra Kazhagam,3,2,6,5,4,10,7,1,7,9,10,10,10
156,55,188,2,5,45,1,0,364,1,1,0,0,1,663,0,3,666,0,Thalamuthu  Nagar,"R..C  Middle  School  ,North BuildingThalamuthunagar","1.Mappillaiurani  (R.V)  And  (P)  Matha  Nagar  Block  -  1  (Door  No:1-1  to  80), 999.OVERSEAS  ELECTORS",All  Voters,8.295625942684765,28.35595776772247,0.301659125188537,0.7541478129713424,6.787330316742081,0.1508295625942685,0.0,54.90196078431373,0.4524886877828055,3,0.4524886877828055,Tamilaga Vettri Kazhagam,364,188,176,3,2,6,5,4,7,11,1,7,7,11,11,7,26.54600301659125,Dravida Munnetra Kazhagam,3,2,6,5,4,7,11,1,7,7,11,11,7
157,51,172,2,4,48,0,0,332,0,1,0,0,0,610,0,1,611,0,Thalamuthu  Nagar,"R..C  Middle  School  ,  East  Building  4th  Room from  North,  Thalamuthunagar","1.Mappillaiurani  (R.V)  And  (P)  Matha  Nagar  Block  -  1  (Door  No:1-81  to 650),
999.OVERSEAS  ELECTORS",All  Voters,8.360655737704919,28.19672131147541,0.3278688524590164,0.6557377049180327,7.868852459016394,0.0,0.0,54.42622950819672,0.1639344262295082,1,0.1639344262295082,Tamilaga Vettri Kazhagam,332,172,160,3,2,6,5,4,8,8,1,8,7,8,8,8,26.22950819672131,Dravida Munnetra Kazhagam,3,2,6,5,4,8,8,1,8,7,8,8,8
158,51,86,2,5,28,0,1,260,0,0,0,0,0,433,0,1,434,0,T.Saveriyarpuram,"R.C.St.Xaviers  High  School  ,East Building,From  East  1st  Room T.Saveriyarpuram","1.Mappillaiurani  (R.V)  And  (P)  Sameerviyas  Nagar  Block  -  12B  (Door  No:1 to  330),
999.OVERSEAS  ELECTORS",All  Voters,11.77829099307159,19.86143187066975,0.4618937644341801,1.15473441108545,6.466512702078522,0.0,0.2309468822170901,60.04618937644342,0.2309468822170901,0,0.0,Tamilaga Vettri Kazhagam,260,86,174,3,2,6,5,4,8,7,1,8,8,8,8,8,40.18475750577367,Dravida Munnetra Kazhagam,3,2,6,5,4,8,7,1,8,8,8,8,8
159,50,142,1,6,27,0,2,199,0,0,0,0,0,427,0,2,429,0,T.Saveriyarpuram,"St.Xaviers  High  School  ,clra  block  wester side  3rd  RoomT.Saveriyarpuram","1.Mappillaiurani  (R.V)  And  (P)  Sameerviyas  Nagar  Block  -  12B  (Door No:331  to  961),
999.OVERSEAS  ELECTORS",All  Voters,11.7096018735363,33.25526932084309,0.234192037470726,1.405152224824356,6.323185011709602,0.0,0.468384074941452,46.60421545667447,0.468384074941452,0,0.0,Tamilaga Vettri Kazhagam,199,142,57,3,2,7,5,4,8,6,1,8,8,8,8,8,13.34894613583138,Dravida Munnetra Kazhagam,3,2,7,5,4,8,6,1,8,8,8,8,8
160,68,104,1,3,22,1,0,462,0,0,0,1,1,663,0,5,668,0,T.Saveriyarpuram,"R.C.St.Xaviers  High  School,east Building,From  East  2nd  Room, Mappillaiyurani.","1.Mappillaiurani  (R.V)  And  (P)  Nehru  Colony  Block  12B,
2.Mappillaiurani  (P)  Sesu  Nagar,  Kamaraj  Nagar  Block  12C,
3.Mappillaiurani  (R.V)  And  (P)  Jesu  Nagar,  Kamaraj  Nagar  Block  12B, 999.OVERSEAS  ELECTORS",All  Voters,10.25641025641026,15.68627450980392,0.1508295625942685,0.4524886877828055,3.318250377073907,0.1508295625942685,0.0,69.68325791855203,0.7541478129713424,2,0.301659125188537,Tamilaga Vettri Kazhagam,462,104,358,3,2,6,5,4,6,10,1,10,10,10,6,6,53.99698340874811,Dravida Munnetra Kazhagam,3,2,6,5,4,6,10,1,10,10,10,6,6
161,47,133,2,439,39,0,2,174,1,1,0,0,1,839,0,5,844,0,Savalaperi,"Panchayat  Union  Primary  School  ,West  Side Savalaperi","1.Alantha  (R.V)  And  (P)  Savalaperi  South  Street  Block  3,
2.Alantha  (R.V)  And  (P)  Savalaperi  Harijan  Street  Block  4,
3.Alantha  (R.V)  And  (P)  Savalaperi  Harijan  North  Street  Block  5,
4.Alantha  (R.V)  And  (P)  Savalaperi  Harijan  Keelastreet  Harijancolony Block,  999.OVERSEAS  ELECTORS",All  Voters,5.601907032181168,15.85220500595947,0.2383790226460071,52.32419547079857,4.648390941597139,0.0,0.2383790226460071,20.73897497020262,0.5959475566150179,3,0.3575685339690107,Puthiya Tamilagam,439,174,265,4,3,6,1,5,11,6,2,8,8,11,11,8,31.58522050059594,Tamilaga Vettri Kazhagam,4,3,6,1,5,11,6,2,8,8,11,11,8
162,30,162,6,235,43,1,2,104,0,3,2,2,1,591,0,3,594,0,MelaPoovani,"T.N.D.T.A.  Primary  School,  North  Side  Mela poovani,","1.Poovani  (R.V)  And  (P)  South  Street  Block  1,
2.Poovani  (R.V)  And  (P)  West  Street  Block  1,
3.Poovani  (R.V)  And  (P)  Middle  Street  Block  1,
4.Poovani  (R.V)  And  (P)  East  Street  Block  1,
5.Poovani  (R.V)  And  (P)  Colony  Block  1, 999.OVERSEAS  ELECTORS",All  Voters,5.076142131979696,27.41116751269035,1.015228426395939,39.76311336717428,7.27580372250423,0.1692047377326565,0.338409475465313,17.59729272419628,0.5076142131979695,8,1.353637901861252,Puthiya Tamilagam,235,162,73,5,2,6,1,4,11,8,3,13,7,8,8,11,12.35194585448393,Dravida Munnetra Kazhagam,5,2,6,1,4,11,8,3,13,7,8,8,11
163,21,161,1,171,65,0,1,79,0,1,0,0,0,500,0,4,504,0,Lakshmi  puram,Panchayat  union  primary  school  North Building  Lakshmi  puram,"1.Poovani  (R.V)  And  (P)  Middle  Street  Block  2,
2.Poovani  (R.V)  And  (P)  East  Street  Block  2,
3.Poovani  (R.V)  And  (P)  South  Street  Block  2,
4.Poovani  (R.V)  And  (P)  West  Street  Block  2,
5.Poovani  (R.V)  And  (P)  North  Street  Block  2,
6.Poovani  (R.V)  And  (P)  North  Street  Colony  Block  2, 999.OVERSEAS  ELECTORS",All  Voters,4.2,32.2,0.2,34.2,13.0,0.0,0.2,15.8,0.8,1,0.2,Puthiya Tamilagam,171,161,10,5,2,6,1,4,9,6,3,9,6,9,9,9,2.0,Dravida Munnetra Kazhagam,5,2,6,1,4,9,6,3,9,6,9,9,9
164,16,161,2,23,229,0,2,162,0,3,1,0,0,599,0,1,600,0,Keela  Poovani,"Government  Higher  Secondary  School,  North Building,  West  Side,  1st  Room,  Keela  Poovani","1.Poovani  (R.V)  And  (P)  Keelapoovani  Block  3,
2.Poovani  (R.V)  And  (P)  Keelapoovani  Block  4,
3.Poovani  (R.V)  And  (P)  Keelapoovani  Block  5,
4.Poovani  (R.V)  And  (P)  Keelapoovani  Sethuramalingapuram  Block  6, 999.OVERSEAS  ELECTORS",All  Voters,2.671118530884808,26.87813021702838,0.333889816360601,3.839732888146911,38.23038397328882,0.0,0.333889816360601,27.04507512520868,0.1669449081803005,4,0.667779632721202,Amma Makkal Munnettra Kazagam,229,162,67,5,3,7,4,1,10,7,2,10,6,9,10,10,11.18530884808013,Tamilaga Vettri Kazhagam,5,3,7,4,1,10,7,2,10,6,9,10,10
165,55,143,1,13,75,1,3,81,1,0,0,0,1,374,0,1,375,0,Melasekkarakudi,"Panchayat  Union  Primary  School, Melasekkarakudi.","1.Sekkarakudi  2  (R.V)  Sekkarakudi  (P)  West  Street  (Sathiram  Street  ) Block  1,  2.Sekkarakudi  2  (R.V)  Sekkarakudi  (P)  Middle  street  Block  1,
3.Sekkarakudi  2  (R.V)  Sekkarakudi  (P)  East  Street  (Colony  Houses)  Block
1,  4.Sekkarakudi  2  (R.V)  Sekkarakudi  (P)  Meenachipuram  Block  2, 999.OVERSEAS  ELECTORS",All  Voters,14.70588235294118,38.23529411764706,0.267379679144385,3.475935828877005,20.05347593582888,0.267379679144385,0.8021390374331552,21.65775401069519,0.267379679144385,2,0.53475935828877,Dravida Munnetra Kazhagam,143,81,62,4,1,7,5,3,7,6,2,7,11,11,11,7,16.57754010695187,Tamilaga Vettri Kazhagam,4,1,7,5,3,7,6,2,7,11,11,11,7
166,47,199,3,3,203,0,2,372,3,3,0,0,0,835,0,4,839,0,Chockkalingapuram,"Hindu  Primary  School  South  Portion, Chockkalingapuram","1.Sekkarakudi  2  (R.V)  Sekkarakudi  (P)  Middle  Street,  East  Street  Block  4, 2.Sekkarakudi  2  (R.V)  Sekkarakudi  (P)  West  Street  Block  5,
3.Sekkarakudi  2  (R.V)  Sekkarakudi  (P)  North  Street  Block  6,
4.Sekkarakudi  2  (R.V)  Sekkarakudi  (P)  Chokalingapuram  Ammankovil East  Stret  Block  3,  999.OVERSEAS  ELECTORS",All  Voters,5.62874251497006,23.83233532934132,0.3592814371257485,0.3592814371257485,24.31137724550898,0.0,0.2395209580838323,44.55089820359282,0.4790419161676647,6,0.718562874251497,Tamilaga Vettri Kazhagam,372,203,169,4,3,5,5,2,10,9,1,5,5,10,10,10,20.23952095808383,Amma Makkal Munnettra Kazagam,4,3,5,5,2,10,9,1,5,5,10,10,10
167,79,100,4,2,181,0,2,206,1,0,0,1,0,576,0,6,582,0,Sekkarakudi  1,"Govt  Higher  secondary  School,  Teacher  Staff Room,  North  Building  ,  East  Side  from  2nd room  Sekkarakudi","1.Sekkarakudi  1  (R.V)  Sekkarakudi  (P)  Middle  Street  Block  7, 2.Sekkarakudi  1  (R.V)  Sekkarakudi  (P)  East  Street  Block  7,
3.Sekkarakudi  1  (R.V)  Sekkarakudi  (P)  Sekarakudi  Block  9, 4.Sekkarakudi  1  (R.V)  Sekkarakudi  (P)  East  Street  Block  8,
999.OVERSEAS  ELECTORS",All  Voters,13.71527777777778,17.36111111111111,0.6944444444444444,0.3472222222222222,31.42361111111111,0.0,0.3472222222222222,35.76388888888889,1.041666666666667,2,0.3472222222222222,Tamilaga Vettri Kazhagam,206,181,25,4,3,5,6,2,10,6,1,8,10,10,8,10,4.340277777777778,Amma Makkal Munnettra Kazagam,4,3,5,6,2,10,6,1,8,10,10,8,10
168,50,56,2,2,177,1,1,148,1,0,1,0,1,440,0,1,441,0,Sekkarakudi  1,"Govt  Higher  secondary  School,  Teacher  Staff Room,  North  Building  ,  west  side  from  2nd room  Sekkarakudi","1.Sekkarakudi  1  (R.V)  Sekkarakudi  (P)  South  Street  Block  8, 2.Sekkarakudi  1  (R.V)  Sekkarakudi  (P)  West  Street  Block  8, 3.Sekkarakudi  1  (R.V)  Sekkarakudi  (P)  East  Street  Block  9,
4.Sekkarakudi  1  (R.V)  Sekkarakudi  (P)  Indaian  Bank  Street  Block  9, 5.Sekkarakudi  1  (R.V)  Sekkarakudi  (P)  West  Street  Block  9,
999.OVERSEAS  ELECTORS",All  Voters,11.36363636363636,12.72727272727273,0.4545454545454545,0.4545454545454545,40.22727272727273,0.2272727272727273,0.2272727272727273,33.63636363636363,0.2272727272727273,3,0.6818181818181818,Amma Makkal Munnettra Kazagam,177,148,29,4,3,5,5,1,7,7,2,7,12,7,12,7,6.59090909090909,Tamilaga Vettri Kazhagam,4,3,5,5,1,7,7,2,7,12,7,12,7
169,68,169,3,9,256,1,3,327,3,1,0,2,5,847,0,5,852,0,Sekkarakudi  1,"Govt  Higher  secondary  School,  south Building  1st  Room  from  East,  Sekkarakudi","1.Sekkarakudi  1  (R.V)  Sekkarakudi  (P)  East  Street  Block  13, 2.Sekkarakudi  1  (R.V)  Sekkarakudi  (P)  West  Street  Block  13, 3.Sekkarakudi  1  (R.V)  Sekkarakudi  (P)  South  Street  Block  13, 4.Sekkarakudi  1  (R.V)  Sekkarakudi  (P)  East  Street  Block
14,5.Sekkarakudi  1  (R.V)  Sekkarakudi  (P)  West  Street  Block  14, 6.Sekkarakudi  1  (R.V)  Sekkarakudi  (P)  Middle  Street  Block  14,
7.Sekkarakudi  1  (R.V)  Sekkarakudi  (P)  Nadusekkarakudi,  South  Street
Block  15,  999.OVERSEAS  ELECTORS",All  Voters,8.028335301062574,19.95277449822904,0.3541912632821724,1.062573789846517,30.22432113341204,0.1180637544273908,0.3541912632821724,38.60684769775679,0.5903187721369539,11,1.298701298701299,Tamilaga Vettri Kazhagam,327,256,71,4,3,7,5,2,11,7,1,7,11,13,10,6,8.382526564344746,Amma Makkal Munnettra Kazagam,4,3,7,5,2,11,7,1,7,11,13,10,6
170,62,125,2,8,220,1,2,247,4,1,1,1,4,678,0,2,680,0,Sekkarakudi  1,"Govt  Higher  secondary  School,  ,Eastern Wing  Sekkarakudi","1.Sekkarakudi  1  (R.V)  Sekkarakudi  (P)  Mela  Street  Block  10,
2.Sekkarakudi  1  (R.V)  Sekkarakudi  (P)  Middle  Street  Block  10, 3.Sekkarakudi  1  (R.V)  Sekkarakudi  (P)  Keela  Street  Block  10, 4.Sekkarakudi  1  (R.V)  Sekkarakudi  (P)  North  street  Block  12, 999.OVERSEAS  ELECTORS",All  Voters,9.144542772861357,18.43657817109144,0.2949852507374631,1.179941002949852,32.44837758112094,0.1474926253687316,0.2949852507374631,36.43067846607669,0.2949852507374631,11,1.622418879056047,Tamilaga Vettri Kazhagam,247,220,27,4,3,8,5,2,10,8,1,6,10,10,10,6,3.982300884955752,Amma Makkal Munnettra Kazagam,4,3,8,5,2,10,8,1,6,10,10,10,6
171,69,71,3,3,297,4,2,235,2,0,0,2,1,689,0,1,690,0,Sekkarakudi  1,"Govt  Higher  secondary  School,  Center building  Middle  Portion,  Sekkarakudi","1.Sekkarakudi  1  (R.V)  Sekkarakudi  (P)  Main  street  Block  11, 2.Sekkarakudi  1  (R.V)  Sekkarakudi  (P)  North  street  Block  11,
3.Sekkarakudi  1  (R.V)  Sekkarakudi  (P)  Middle  Street  Block  12,
4.Sekkarakudi  1  (R.V)  Sekkarakudi  (P)  South  Street  Block  12, 999.OVERSEAS  ELECTORS",All  Voters,10.01451378809869,10.30478955007257,0.4354136429608128,0.4354136429608128,43.10595065312046,0.5805515239477503,0.2902757619738752,34.10740203193033,0.1451378809869376,5,0.7256894049346879,Amma Makkal Munnettra Kazagam,297,235,62,4,3,6,6,1,5,8,2,8,12,12,8,11,8.99854862119013,Tamilaga Vettri Kazhagam,4,3,6,6,1,5,8,2,8,12,12,8,11
172,25,157,1,37,164,1,1,170,3,1,1,2,0,563,0,4,567,0,Umerikottai,"Panchayat  Union  Primary  School  ,East Building,Umerikottai","1.Umarikottai  (R.V)  And  (P)  Complete  Umarikottai  Block  1,  2.Umarikottai (R.V)  And  (P)  Complete  Umarikottai  Block  2,  3.Umarikottai  (R.V)  And  (P) Complete  Varatharajapuram  Block  4,999.OVERSEAS  ELECTORS",All  Voters,4.440497335701599,27.88632326820604,0.1776198934280639,6.571936056838366,29.12966252220249,0.1776198934280639,0.1776198934280639,30.19538188277087,0.7104795737122558,7,1.243339253996448,Tamilaga Vettri Kazhagam,170,164,6,5,3,8,4,2,8,8,1,6,8,8,7,13,1.065719360568384,Amma Makkal Munnettra Kazagam,5,3,8,4,2,8,8,1,6,8,8,7,13
173,58,164,4,46,100,0,7,169,1,0,0,0,3,552,0,0,552,0,Umerikottai,"Panchayat  Union  Primary  School  ,South Building,  West  Side,  Umerikottai","1.Umarikottai  (R.V)  And  (P)  Complete  Chettiurani  Block  3,  2.Umarikottai (R.V)  And  (P)  Complete  Kallanparampu  Block  4,  999.OVERSEAS ELECTORS",All  Voters,10.50724637681159,29.71014492753623,0.7246376811594203,8.333333333333332,18.11594202898551,0.0,1.268115942028986,30.61594202898551,0.0,4,0.7246376811594203,Tamilaga Vettri Kazhagam,169,164,5,4,2,7,5,3,10,6,1,9,10,10,10,8,0.9057971014492754,Dravida Munnetra Kazhagam,4,2,7,5,3,10,6,1,9,10,10,10,8
174,83,248,2,91,115,0,0,310,1,1,0,1,5,857,0,2,859,0,K.P  .Thalavaipuram,"Hindu  Primary  School,  KP  Thalavaipuram","1.Thalavaipuram  (R.V)  And  (P)  Thalavaipuram  Block  1, 2.Thalavaipuram  (R.V)  And  (P)  Thalavaipuram  Block  2, 3.Thalaivaipuram  (P)  Mahilapuram  Block  3, 999.OVERSEAS  ELECTORS",All  Voters,9.684947491248542,28.93815635939323,0.2333722287047841,10.61843640606768,13.41890315052509,0.0,0.0,36.17269544924154,0.2333722287047841,8,0.9334889148191364,Tamilaga Vettri Kazhagam,310,248,62,5,2,7,4,3,11,11,1,8,8,11,8,6,7.234539089848307,Dravida Munnetra Kazhagam,5,2,7,4,3,11,11,1,8,8,11,8,6
175,72,279,4,22,182,2,4,269,0,4,2,2,4,846,0,3,849,0,Melathattapparai,"Panchayat  Union  Primary  School  ,  North Building,  Campthattapparai","1.Melathattaparai  (R.V)  And  (P)  Melathattaparai  Kasbha  Block  1, 2.Melathattaparai  (R.V)  And  (P)  Melathattaparai  Kasbha  Block  2, 999.OVERSEAS  ELECTORS",All  Voters,8.51063829787234,32.97872340425532,0.4728132387706856,2.60047281323877,21.5130023640662,0.2364066193853428,0.4728132387706856,31.79669030732861,0.3546099290780142,12,1.418439716312057,Dravida Munnetra Kazhagam,279,269,10,4,1,6,5,3,10,6,2,13,6,10,10,6,1.182033096926714,Tamilaga Vettri Kazhagam,4,1,6,5,3,10,6,2,13,6,10,10,6
176,30,246,1,3,108,0,4,260,0,0,0,0,2,654,0,4,658,0,Melathattapparai,"T.N.D.T.A.  Primary  School,  East  Facing Building,  MelaThattaparai","1.Melathattaparai  (R.V)  And  (P)  Melathattaparai  Kasbha  Block
3,2.Melathattaparai  (R.V)  And  (P)  Melathattaparai  Kasbha  Block  4, 3.Melathattaparai  (R.V)  And  (P)  Melathattaparai  Kasbha  Block  5,
4.Melathattaparai  (R.V)  And  (P)  Part  Govt  PG  youth  welfare  School  Block 6,
5.Melathattaparai  (R.V)  And  (P)  Part  ThattaparaiRailway  Station  Police
Station  Street  P  ,  999.OVERSEAS  ELECTORS",All  Voters,4.587155963302752,37.61467889908257,0.1529051987767584,0.4587155963302753,16.51376146788991,0.0,0.6116207951070336,39.75535168195719,0.6116207951070336,2,0.3058103975535168,Tamilaga Vettri Kazhagam,260,246,14,4,2,8,6,3,9,5,1,9,9,9,9,7,2.140672782874617,Dravida Munnetra Kazhagam,4,2,8,6,3,9,5,1,9,9,9,9,7
177,28,207,1,26,94,1,0,175,0,1,0,0,1,534,0,4,538,0,Vadakkusilukkanpa tti,R.C  Primary  School  Vadakkusilukkanpatti,"1.Vadakusilukkanpatti  (R.V)  And  (P)  Vadakusilukkanpatti  Block  1, 2.Vadakusilukkanpatti  (R.V)  And  (P)  Muthusamypuram, Chokalingapuram  Block  2,
999.OVERSEAS  ELECTORS",All  Voters,5.243445692883896,38.76404494382022,0.1872659176029963,4.868913857677903,17.60299625468165,0.1872659176029963,0.0,32.77153558052434,0.7490636704119851,2,0.3745318352059925,Dravida Munnetra Kazhagam,207,175,32,4,1,6,5,3,6,10,2,10,6,10,10,6,5.992509363295881,Tamilaga Vettri Kazhagam,4,1,6,5,3,6,10,2,10,6,10,10,6
178,33,157,4,31,112,0,0,216,2,1,0,1,0,557,0,0,557,0,Therkusilukkanpatt i,"Panchayat  Union  Primary  School  ,  East Block  Therkusilukkanpatti","1.Therkusilukanpatti  (R.V)  And  (P)  Middle  Street  Block  1, 2.Therkusilukanpatti  (R.V)  And  (P)  Thoppu  Street  Block  2, 3.Therkusilukanpatti  (R.V)  And  (P)  West  Street  Block  2,
4.Therkusilukanpatti  (R.V)  And  (P)  Adidravider  Street  Block  2,
5.Therkusilukanpatti  (R.V)  And  (P)  East  Street  Block  5,  999.OVERSEAS ELECTORS",All  Voters,5.9245960502693,28.18671454219031,0.718132854578097,5.565529622980251,20.10771992818671,0.0,0.0,38.77917414721723,0.0,4,0.718132854578097,Tamilaga Vettri Kazhagam,216,157,59,4,2,6,5,3,10,10,1,7,8,10,8,10,10.59245960502693,Dravida Munnetra Kazhagam,4,2,6,5,3,10,10,1,7,8,10,8,10
179,74,240,3,47,74,4,3,414,3,2,0,0,1,865,0,3,868,0,Soreespuram,"Govt  Higher  secondary  School,  New  Building West  Portion  Soreespuram  Ayyanadaippu","1.Ayyanadaippu  (R.V)  And  (P)  Soreespuram, 2.Ayyanadaippu  (R.V)  And  (P)  Indira  Nagar,
3.Ayyanadaippu  (R.V)  And  (P)  Tamil  Nadu  Housing  Board  Quarters, 4.Ayyanadaippu  (R.V)  And  (P)  Sivasakthi  Nagar,
999.OVERSEAS  ELECTORS",All  Voters,8.554913294797688,27.74566473988439,0.3468208092485549,5.433526011560693,8.554913294797688,0.4624277456647399,0.3468208092485549,47.86127167630057,0.3468208092485549,6,0.6936416184971098,Tamilaga Vettri Kazhagam,414,240,174,3,2,7,5,3,6,7,1,7,10,12,12,11,20.11560693641619,Dravida Munnetra Kazhagam,3,2,7,5,3,6,7,1,7,10,12,12,11
180,39,158,5,34,27,0,1,236,1,2,1,0,2,506,0,4,510,0,Soreespuram,"Govt  Higher  secondary  School,  New Building,from  west  2nd  Room,  Soreespuram, Ayyanadaippu","1.Ayyanadaippu  (R.V)  And  (P)  Mathavan  Nagar  West, 999.OVERSEAS  ELECTORS",All  Voters,7.707509881422925,31.22529644268774,0.9881422924901186,6.719367588932807,5.33596837944664,0.0,0.1976284584980237,46.6403162055336,0.7905138339920948,6,1.185770750988142,Tamilaga Vettri Kazhagam,236,158,78,3,2,6,4,5,12,9,1,9,7,9,12,7,15.41501976284585,Dravida Munnetra Kazhagam,3,2,6,4,5,12,9,1,9,7,9,12,7
181,19,127,1,15,24,0,1,165,0,0,0,1,1,354,0,2,356,0,Soreespuram,"Govt  Higher  secondary  School,  New Building,from  west  1st  Room,  Soreespuram, Ayyanadaippu","1.Ayyanadaippu  (R.V)  And  (P)  Mathavan  Nagar  East, 999.OVERSEAS  ELECTORS",All  Voters,5.367231638418079,35.87570621468927,0.2824858757062147,4.23728813559322,6.779661016949152,0.0,0.2824858757062147,46.61016949152542,0.5649717514124294,2,0.5649717514124294,Tamilaga Vettri Kazhagam,165,127,38,4,2,6,5,3,10,6,1,10,10,10,6,6,10.73446327683616,Dravida Munnetra Kazhagam,4,2,6,5,3,10,6,1,10,10,10,6,6
182,77,147,1,28,77,3,0,360,3,1,1,3,0,701,0,3,704,0,Soreespuram,"Govt  Higher  secondary  School,  New  Building, North  Portion,  Soreespuram,Ayyanadaippu","1.Ayyanadaippu  (R.V)  And  (P)  Periyanayagapuram,
2.Ayyanadaippu  (R.V)  And  (P)  Ayyanadaippu  Main  Road,  3.Ayyanadaippu (R.V)  And  (P)  Ayyanadaippu  Block  3,
999.OVERSEAS  ELECTORS",All  Voters,10.98430813124108,20.97004279600571,0.1426533523537803,3.994293865905849,10.98430813124108,0.4279600570613409,0.0,51.35520684736091,0.4279600570613409,8,1.141226818830243,Tamilaga Vettri Kazhagam,360,147,213,3,2,9,5,3,6,12,1,6,9,9,6,12,30.38516405135521,Dravida Munnetra Kazhagam,3,2,9,5,3,6,12,1,6,9,9,6,12
183,63,188,1,18,60,1,2,242,0,1,1,0,2,579,0,5,584,0,Soreespuram,"Govt  Primary  School,  Main  Building, South  Facing,
Soreespuram, Ayyanadaippu","1.Ayyanadaippu  (R.V)  And  (P)  Ponnagaram,
2.Ayyanadaippu  (R.V)  And  (P)  Bharathi  Nagar, 3.Ayyanadaippu  (R.V)  And  (P)  Bharathi  Colony, 4.Ayyanadaippu  (R.V)  And  (P)  Kailasapuram, 999.OVERSEAS  ELECTORS",All  Voters,10.88082901554404,32.46977547495683,0.1727115716753022,3.10880829015544,10.36269430051813,0.1727115716753022,0.3454231433506045,41.79620034542314,0.8635578583765112,4,0.690846286701209,Tamilaga Vettri Kazhagam,242,188,54,3,2,8,5,4,8,6,1,12,8,8,12,6,9.32642487046632,Dravida Munnetra Kazhagam,3,2,8,5,4,8,6,1,12,8,8,12,6
184,75,117,1,8,18,0,3,158,0,0,0,1,2,383,0,0,383,0,Maravanmadam,"T.N.D.T.A.  Primary  School  ,  New  Building, West  Block  Maravanmadam","1.Maravanmadam  (R.V)  And  (P)  Indira  Nagar  Block  3, 2.Maravanmadam  (R.V)  And  (P)  Nallamalai  Block  4, 3.Maravanmadam  (R.V)  And  (P)  Ramanachiyarpuram  Block  5, 999.OVERSEAS  ELECTORS",All  Voters,19.5822454308094,30.54830287206267,0.2610966057441254,2.088772845953003,4.699738903394255,0.0,0.7832898172323759,41.2532637075718,0.0,3,0.7832898172323759,Tamilaga Vettri Kazhagam,158,117,41,3,2,8,5,4,10,6,1,10,10,10,8,7,10.70496083550914,Dravida Munnetra Kazhagam,3,2,8,5,4,10,6,1,10,10,10,8,7
185,125,211,1,22,37,2,1,373,1,0,0,1,1,775,0,0,775,0,M.Dhiraviapuram,"R.C.  Primary  School,  South  Building, M.Dhiraviapuram.","1.Maravanmadam  (R.V)  And  (P)  M.Dhiraviapuram  Block  3, 2.Maravanmadam  (R.V)  And  (P)  Thambikaimeendan  Block  4, 999.OVERSEAS  ELECTORS",All  Voters,16.12903225806452,27.2258064516129,0.1290322580645161,2.838709677419355,4.774193548387097,0.2580645161290323,0.1290322580645161,48.12903225806451,0.0,3,0.3870967741935484,Tamilaga Vettri Kazhagam,373,211,162,3,2,7,5,4,6,7,1,7,12,12,7,7,20.90322580645162,Dravida Munnetra Kazhagam,3,2,7,5,4,6,7,1,7,12,12,7,7
186,63,243,3,3,37,0,0,314,1,0,0,0,1,665,0,2,667,0,Maravanmadam,"T.N.D.T.A.Primary  School  ,  New  Building (East  side)  Maravanmadam","1.Maravanmadam  (R.V)  And  (P)  Saron  Nagar  Block  1, 2.Maravanmadam  (R.V)  And  (P)  M.G.R  Nagar  Block  1, 3.Maravanmadam  (R.V)  And  (P)  East  Street  Block  1, 4.Maravanmadam  (R.V)  And  (P)  St.Pauls  Church  Street  Block  1, 5.Maravanmadam  (R.V)  And  (P)  Eswari  Amman  Kovil  Street  Block  1, 6.Maravanmadam  (R.V)  And  (P)  West  Street  Block  1, 7.Maravanmadam  (R.V)  And  (P)  Middle  Street  Block  1, 8.Maravanmadam  (R.V)  And  (P)  Old  Kovil  Street  Block  2, 999.OVERSEAS  ELECTORS",All  Voters,9.473684210526317,36.54135338345865,0.4511278195488722,0.4511278195488722,5.56390977443609,0.0,0.0,47.21804511278195,0.3007518796992482,2,0.3007518796992482,Tamilaga Vettri Kazhagam,314,243,71,3,2,5,5,4,9,9,1,7,9,9,9,7,10.67669172932331,Dravida Munnetra Kazhagam,3,2,5,5,4,9,9,1,7,9,9,9,7
187,145,295,1,2,36,2,2,403,3,1,1,0,2,893,0,5,898,0,Thiraviapuram,"R.C  Middle  school, Anthoniyarpuram,Maravanmadam","1.Maravanmadam  (R.V)  And  (P)  North  Street  Block  2, 2.Maravanmadam  (R.V)  And  (P)  Michael  Sammanasu  Street  Block  2, 3.Maravanmadam  (R.V)  And  (P)  Katharinammal  Street  Block  2, 4.Maravanmadam  (R.V)  And  (P)  Annai  Velankanni  Street  Block  2, 5.Maravanmadam  (R.V)  And  (P)  West  Street  Block  2, 6.Maravanmadam  (R.V)  And  (P)  Alagupandiyapuram  Block  2, 999.OVERSEAS  ELECTORS",All  Voters,16.23740201567749,33.03471444568869,0.1119820828667413,0.2239641657334827,4.031354983202688,0.2239641657334827,0.2239641657334827,45.12877939529675,0.5599104143337066,7,0.7838745800671892,Tamilaga Vettri Kazhagam,403,295,108,3,2,10,6,4,6,6,1,5,10,10,13,6,12.09406494960806,Dravida Munnetra Kazhagam,3,2,10,6,4,6,6,1,5,10,10,13,6
188,45,127,4,6,60,0,1,350,0,0,0,1,1,595,0,4,599,0,Koottudenkadu,"St.  Joseph  Matriculation  Higher  Secondary School,  East  middle  Building  ,  Ist  Room, from  East  Mangalagiri.Koottudenkadu","1.Kootudankadu  (R.V)  And  (P)  MelaKuttudankadu  Block  3, 999.OVERSEAS  ELECTORS",All  Voters,7.563025210084033,21.34453781512605,0.6722689075630253,1.008403361344538,10.08403361344538,0.0,0.1680672268907563,58.82352941176471,0.6722689075630253,2,0.3361344537815126,Tamilaga Vettri Kazhagam,350,127,223,4,2,6,5,3,10,7,1,10,10,10,7,7,37.47899159663866,Dravida Munnetra Kazhagam,4,2,6,5,3,10,7,1,10,10,10,7,7
189,32,128,1,27,30,0,0,173,0,0,0,0,2,393,0,1,394,0,Koottudenkadu,"St.  Joseph  Matriculation  Higher  Secondary School,  North  Building  ,  South  facing  ,1st Room,  Mangalagiri.  Koottudenkadu","1.Kootudankadu  (R.V)  And  (P)  NatuKuttudankadu  Block  5, 999.OVERSEAS  ELECTORS",All  Voters,8.142493638676845,32.56997455470738,0.2544529262086514,6.870229007633588,7.633587786259542,0.0,0.0,44.02035623409669,0.2544529262086514,2,0.5089058524173028,Tamilaga Vettri Kazhagam,173,128,45,3,2,7,5,4,8,8,1,8,8,8,8,6,11.45038167938931,Dravida Munnetra Kazhagam,3,2,7,5,4,8,8,1,8,8,8,8,6
190,38,100,1,7,56,1,1,332,0,0,0,0,0,536,0,3,539,0,Koottudenkadu,"St.  Joseph  Matriculation  Higher  Secondary School,  East  Middle  Building,  IInd  Room from  East,  Mangalagiri,Kootudankadu",1.Kootudankodu  (R.V)  And  (P)  Mangalakeri  Block  1  (Door  No:1  to  1/170) 999.OVERSEAS  ELECTORS,All  Voters,7.08955223880597,18.65671641791045,0.1865671641791045,1.305970149253731,10.44776119402985,0.1865671641791045,0.1865671641791045,61.94029850746269,0.5597014925373134,0,0.0,Tamilaga Vettri Kazhagam,332,100,232,4,2,6,5,3,6,6,1,9,9,9,9,9,43.28358208955223,Dravida Munnetra Kazhagam,4,2,6,5,3,6,6,1,9,9,9,9,9
191,32,122,1,16,43,0,0,252,1,0,1,0,0,468,0,3,471,0,Koottudenkadu,"St.  Joseph  Matriculation  Higher  Secondary School,  North  Building  ,  South  facing  ,II  nd Room,  Mangalagiri.Koottudenkadu","1.Kootudankodu  (R.V)  And  (P)  Mangalakeri  Block  1  (Door  No:  1/170 Above)
999.OVERSEAS  ELECTORS",All  Voters,6.837606837606838,26.06837606837607,0.2136752136752137,3.418803418803419,9.18803418803419,0.0,0.0,53.84615384615385,0.641025641025641,2,0.4273504273504274,Tamilaga Vettri Kazhagam,252,122,130,4,2,6,5,3,9,9,1,6,9,6,9,9,27.77777777777778,Dravida Munnetra Kazhagam,4,2,6,5,3,9,9,1,6,9,6,9,9
192,55,231,2,31,65,1,0,428,4,0,0,1,1,819,0,5,824,0,Koottudenkadu,"St.  Joseph  Matriculation  Higher  Secondary School,  East  Middle  Building,  3rd  Room  from East,  Mangalagiri,Kootudankadu","1..Kootudankodu  (R.V)  And  (P)  Mangalakeri  Block  1  (Door  No:51  -  46A  to 610)
999.OVERSEAS  ELECTORS",All  Voters,6.715506715506716,28.2051282051282,0.2442002442002442,3.785103785103785,7.936507936507936,0.1221001221001221,0.0,52.25885225885227,0.6105006105006106,6,0.7326007326007326,Tamilaga Vettri Kazhagam,428,231,197,4,2,7,5,3,8,11,1,6,11,11,8,8,24.05372405372405,Dravida Munnetra Kazhagam,4,2,7,5,3,8,11,1,6,11,11,8,8
193,32,141,4,5,73,3,2,385,0,1,0,1,0,647,0,6,653,0,Koottudenkadu,"St.  Joseph  Matriculation  Higher  Secondary School,  East  Middle  Building,  4th  Roomfrom East,  Mangalagiri.  Koottudenkadu","1.Kootudankadu  (R.V)  And  (P)  MelaKuttudankadu  Block  2, 2.Kootudankadu  (R.V)  And  (P)  MelaKuttudankadu  Block  4, Seran  Nagar
999.OVERSEAS  ELECTORS",All  Voters,4.945904173106646,21.79289026275116,0.6182380216383307,0.7727975270479135,11.28284389489954,0.4636785162287481,0.3091190108191654,59.50540958268934,0.9273570324574961,2,0.3091190108191654,Tamilaga Vettri Kazhagam,385,141,244,4,2,6,5,3,7,8,1,11,9,11,9,11,37.71251931993817,Dravida Munnetra Kazhagam,4,2,6,5,3,7,8,1,11,9,11,9,11
194,84,172,0,20,43,1,0,292,5,1,0,0,1,619,0,1,620,0,Allikulam,"Anganwadi  Centre,  Allikulam","1.Allikulam  (R.V)  And  (P)  Alikulam  Block  1,  2.Allikulam  (R.V)  And  (P) Murugan  Nagar  Block  1,  999.OVERSEAS  ELECTORS",All  Voters,13.5702746365105,27.78675282714055,0.0,3.231017770597738,6.946688206785137,0.1615508885298869,0.0,47.17285945072697,0.1615508885298869,7,1.130856219709208,Tamilaga Vettri Kazhagam,292,172,120,3,2,10,5,4,7,10,1,6,7,10,10,7,19.38610662358643,Dravida Munnetra Kazhagam,3,2,10,5,4,7,10,1,6,7,10,10,7
195,40,206,4,18,58,0,0,155,0,0,0,0,0,481,0,4,485,0,Thiruvananthapura m,"Panchayat  Union  Middle  School  ,  East Facing  Building,  Thiruvananthapuram.","1.Allikulam  (R.V)  And  (P)  Aandanpachiary  Block  2, 2.Allikulam  (R.V)  And  (P)  Thiruvananthapuram  Block  2, 999.OVERSEAS  ELECTORS",All  Voters,8.316008316008316,42.82744282744283,0.8316008316008316,3.742203742203742,12.05821205821206,0.0,0.0,32.22453222453223,0.8316008316008316,0,0.0,Dravida Munnetra Kazhagam,206,155,51,4,1,6,5,3,7,7,2,7,7,7,7,7,10.6029106029106,Tamilaga Vettri Kazhagam,4,1,6,5,3,7,7,2,7,7,7,7,7
196,94,298,6,50,49,1,7,371,2,1,1,3,11,894,0,10,904,0,Keelathattapparai,"Panchayat  Union  Primary  School  ,North Block  Keelathattapparai","1.Keelathattaparai  (R.V)  And  (P)  Part  Keelathattaparai  Block  1, 2.Keelathattaparai  (R.V)  And  (P)  Part  Keelathattaparai  Block  2, 3.Keelathattaparai  (R.V)  And  (P)  Part  Keelathattaparai  Block  3, 4.Keelathattaparai  (R.V)  And  (P)  Part  NorthmStreet  Block  4,
5.Keelathattaparai  (R.V)  And  (P)  South  Street  Block  4,
999.OVERSEAS  ELECTORS",All  Voters,10.51454138702461,33.33333333333333,0.6711409395973155,5.592841163310962,5.480984340044743,0.1118568232662192,0.7829977628635347,41.49888143176734,1.118568232662192,18,2.013422818791946,Tamilaga Vettri Kazhagam,371,298,73,3,2,8,4,5,11,7,1,10,11,11,9,6,8.165548098434003,Dravida Munnetra Kazhagam,3,2,8,4,5,11,7,1,10,11,11,9,6
197,65,298,1,24,54,1,4,273,1,0,1,3,6,731,0,6,737,0,Thimmarajapuram,"T.N.D.T.A.  Primary School,Thimmarajapuram","1.Thimmarajapuram  (R.V)  And  (P)  Thimarajapuram  Block  4, 2.Thimmarajapuram  (R.V)  And  (P)  Thimarajapuram  Block  5, 999.OVERSEAS  ELECTORS",All  Voters,8.891928864569083,40.76607387140903,0.1367989056087551,3.283173734610123,7.387140902872777,0.1367989056087551,0.5471956224350205,37.34610123119015,0.8207934336525308,11,1.504787961696306,Dravida Munnetra Kazhagam,298,273,25,3,1,9,5,4,9,7,2,9,13,9,8,6,3.419972640218878,Tamilaga Vettri Kazhagam,3,1,9,5,4,9,7,2,9,13,9,8,6
198,85,199,3,46,86,6,2,288,0,1,0,1,0,717,0,2,719,0,Peroorani,Panchayat  Union  Primary  School  Peroorani,"1.Peroorani  (R.V),  Thimmarajapuram  (P)  Ramasamypuram  Block  1, 2.Peroorani  (R.V),  Thimmarajapuram  (P)  Peruorani  Block  1, 999.OVERSEAS  ELECTORS",All  Voters,11.85495118549512,27.75453277545328,0.4184100418410042,6.415620641562064,11.99442119944212,0.8368200836820083,0.2789400278940028,40.1673640167364,0.2789400278940028,2,0.2789400278940028,Tamilaga Vettri Kazhagam,288,199,89,4,2,7,5,3,6,8,1,11,9,11,9,11,12.41283124128312,Dravida Munnetra Kazhagam,4,2,7,5,3,6,8,1,11,9,11,9,11
199,41,175,4,7,64,0,1,251,0,1,0,0,1,545,0,2,547,0,Peroorani,"Panchayat  Union  Primary  School,  SSA Building,  Peroorani","1.Peroorani  (R.V),  Thimmarajapuram  (P)  Peruoorani  Block  3, RAJARAMAN  NAGAR,  999.OVERSEAS  ELECTORS",All  Voters,7.522935779816514,32.11009174311927,0.7339449541284404,1.284403669724771,11.74311926605505,0.0,0.1834862385321101,46.05504587155963,0.3669724770642202,2,0.3669724770642202,Tamilaga Vettri Kazhagam,251,175,76,4,2,6,5,3,10,7,1,10,7,10,10,7,13.94495412844037,Dravida Munnetra Kazhagam,4,2,6,5,3,10,7,1,10,7,10,10,7
200,78,206,1,38,50,1,3,333,2,0,0,2,0,714,0,1,715,0,Vartthagarettipatti,"Somasundram  Middle  School,  Centre  Hall East  Portion,  Vartthagarettipatti","1.Varthagarettipatti  (R.V)  And  (P)  Part  Varthagarettipatti  block  1, 2.Varthagarettipatti  (R.V)  And  (P)  Part  Pandiapuram  Block  4, 999.OVERSEAS  ELECTORS",All  Voters,10.92436974789916,28.8515406162465,0.1400560224089636,5.322128851540616,7.002801120448179,0.1400560224089636,0.4201680672268908,46.63865546218487,0.1400560224089636,4,0.5602240896358543,Tamilaga Vettri Kazhagam,333,206,127,3,2,9,5,4,9,6,1,7,11,11,7,11,17.78711484593838,Dravida Munnetra Kazhagam,3,2,9,5,4,9,6,1,7,11,11,7,11
201,51,211,3,3,89,2,3,326,2,2,0,1,1,694,0,4,698,0,Vartthagarettipatti,"Somasundram  Middle  School,  East  Portion, Vartthagarettipatti","1.Varthagarettipatti  (R.V)  And  (P)  Part  Varthagarettipatti  Block  2, 2.Varthagarettipatti  (R.V)  And  (P)  Part  Varthagarettipatti  Block  3, 999.OVERSEAS  ELECTORS",All  Voters,7.348703170028818,30.40345821325649,0.4322766570605188,0.4322766570605188,12.82420749279539,0.2881844380403458,0.4322766570605188,46.97406340057637,0.5763688760806917,6,0.8645533141210375,Tamilaga Vettri Kazhagam,326,211,115,4,2,5,5,3,8,5,1,8,8,13,11,11,16.57060518731988,Dravida Munnetra Kazhagam,4,2,5,5,3,8,5,1,8,8,13,11,11
202,36,107,2,61,38,1,1,149,0,1,1,0,1,398,0,3,401,0,Vallakulam,"Panchayat  Union  Primary  School, Vallakulam","1.Keelavallanadu  (R.V)  And  (P)  Murugan  puram  Block  1, 2.Keelavallanadu  (R.V)  And  (P)  Vallakkulam  Block  1,
3.Keelavallanadu  (R.V)  And  (P)  Edamaruthanpuliyankulam  Block  1, 4.Keelavallanadu  (R.V)  And  (P)  Silon  Colony  Block  1,
999.OVERSEAS  ELECTORS",All  Voters,9.045226130653267,26.88442211055276,0.5025125628140703,15.32663316582915,9.547738693467336,0.2512562814070352,0.2512562814070352,37.43718592964824,0.7537688442211055,3,0.7537688442211055,Tamilaga Vettri Kazhagam,149,107,42,5,2,6,3,4,7,7,1,12,7,7,12,7,10.55276381909548,Dravida Munnetra Kazhagam,5,2,6,3,4,7,7,1,12,7,7,12,7
203,88,228,8,37,125,1,1,300,2,1,0,0,4,795,0,9,804,0,Pudhupatti,"Veerabagu  Higher  Secondary  School,South Facing  from  East  portion,  Pudhupatti","1.Aniyaparanallur  (R.V)  And  (P)  Part  Pudupatti  Block  4, 2.Aniyaparanallur  (R.V)  And  (P)  Part  Pudupatti  Harijan  colony  Block  5,
3.Keelavallanadu  (R.V)  And  (P)  Krishnapuram  Colony  Block  2,
4.Settimallanpatti  (R.V),  Ellainayakkanpatti  (P)  Settimallanpatti  Block  3, 5.Keelavallanadu  (R.V)  And  (P)  Seethakulam  Block  2,
999.OVERSEAS  ELECTORS",All  Voters,11.06918238993711,28.67924528301887,1.006289308176101,4.654088050314465,15.72327044025157,0.1257861635220126,0.1257861635220126,37.73584905660378,1.132075471698113,7,0.8805031446540881,Tamilaga Vettri Kazhagam,300,228,72,4,2,6,5,3,9,9,1,8,9,12,12,7,9.056603773584905,Dravida Munnetra Kazhagam,4,2,6,5,3,9,9,1,8,9,12,12,7
204,14,95,1,22,9,0,1,54,0,0,0,0,0,196,0,1,197,0,Pottalurani,"Panchayat  Union  Middle  School  ,  Pottalurani","1.Ellainaickanpatti  (R.V)  And  (P)  part  Pottalurani  Block  5, 2.Ellainaickanpatti  (R.V)  And  (P)  part  Pottaluorani  Block  6, 3.Ellainaickanpatti  (R.V)  And  (P)  part  Pottaluorani  Block  7, 4.Ellainaickanpatti  (R.V)  And  (P)  part  Pottaluorani  Block  8, 999.OVERSEAS  ELECTORS",All  Voters,7.142857142857142,48.46938775510204,0.5102040816326531,11.22448979591837,4.591836734693878,0.0,0.5102040816326531,27.55102040816326,0.5102040816326531,0,0.0,Dravida Munnetra Kazhagam,95,54,41,4,1,6,3,5,8,6,2,8,8,8,8,8,20.91836734693878,Tamilaga Vettri Kazhagam,4,1,6,3,5,8,6,2,8,8,8,8,8
205,37,211,0,29,230,0,3,284,2,1,1,1,4,803,0,9,812,0,Deivaseyelpuram,"Panchayat  Union  Primary  School,  North Building,  Eastern  side,Deivaseyelpuram","1.Deivaseyalpuram  (R.V),Ellainayakkanpatti  (P)  Deivaseyalpuram  North Street  Block  1,  2.Deivaseyalpuram  (R.V),  Ellainayakkanpatti  (P) Deivaseyalpuram  Middle  Street  Block  1,  3.Deivaseyalpuram  (R.V),
Ellainayakkanpatti  (P)  Deivaseyalpuram  JothiStreet  Block  2, 4.Deivaseyalpuram  (R,V),  Ellainayakkanpatti  (P)  Deivaseyalpuram
SouthStreet  Block  2,  5.Deivaseyalpuram  (R.V)  Ellainayakkanpatti  (P) Deivaseyalpuram  East  Street  Block  2,
6.Keelavallanadu  (R.V)  And  (P)  Thoothukudi  Water  Works  Block  1, 7.Keelavallanadu  (R.V)  And  (P)  Thiruvenkadapuram,  Pandarapuram
Block  2,
8.Keelavallanadu  (R.V)  And  (P)  Piramiyarkulam  Block  2, 999.OVERSEAS  ELECTORS",All  Voters,4.60772104607721,26.27646326276463,0.0,3.61145703611457,28.6425902864259,0.0,0.37359900373599,35.36737235367372,1.12079701120797,9,1.12079701120797,Tamilaga Vettri Kazhagam,284,230,54,4,3,12,5,2,12,7,1,8,9,9,9,6,6.724782067247821,Amma Makkal Munnettra Kazagam,4,3,12,5,2,12,7,1,8,9,9,9,6
206,62,211,3,44,123,3,2,243,0,1,1,2,2,697,0,3,700,0,Ellainayakkanpatti,"Narayanan  Middle  School,  Main  Building, Ellainayakkanpatti.","1.Ellainayakkanpatti  (R.V)  And  (P)  Ellainayakkanpatti  West  Street  Block 3,
2.Ellainayakkanpatti  (R.V)  And  (P)  Ellainayakkanpatti  Middle  Street Block  3,
3.Ellainayakkanpatti  (R.V)  And  (P)  East  Street  Block  4,
4.Varthagarettipatti  (R.V)  And  (P)  Varthagarettipatti,  Ramanathapuram Block  5,
999.OVERSEAS  ELECTORS",All  Voters,8.895265423242469,30.2725968436155,0.430416068866571,6.312769010043041,17.64705882352941,0.430416068866571,0.2869440459110474,34.86370157819225,0.430416068866571,6,0.860832137733142,Tamilaga Vettri Kazhagam,243,211,32,4,2,6,5,3,6,8,1,13,11,11,8,8,4.591104734576758,Dravida Munnetra Kazhagam,4,2,6,5,3,6,8,1,13,11,11,8,8
207,35,298,3,118,123,2,1,282,0,1,1,2,1,867,0,2,869,0,Vadakku  karaseri,"Village  E-Sevai  Building,  Vadakku  Karaseri","1.Vadakkukaraseri  (R.V)  And  (P)  Vadaku  Karacherry  Block  1, 2.Vadakkukaraseri  (R.V)  And  (P)  Vadaku  Karacherry  Block  2,
3.Vadakkukaraseri  (R.V)  And  (P)  Vadaku  Karacherry  (P)  Block  3, 4.Vadakkukaraseri  (R.V)  And  (P)  Palltheru  colony  Block  4,
5.Vadakkukaraseri  (R.V)  And  (P)  Kambukaranatham,  Perumal  koil Street,  Block  5,
999.OVERSEAS  ELECTORS",All  Voters,4.036908881199539,34.37139561707036,0.3460207612456748,13.61014994232987,14.18685121107267,0.2306805074971165,0.1153402537485582,32.52595155709342,0.2306805074971165,5,0.5767012687427913,Dravida Munnetra Kazhagam,298,282,16,5,1,6,4,3,7,9,2,13,9,9,7,9,1.845444059976932,Tamilaga Vettri Kazhagam,5,1,6,4,3,7,9,2,13,9,9,7,9
208,43,157,5,293,161,3,3,256,2,2,3,2,4,934,0,1,935,0,Kasilingapuram,"Panchayat  Union  Primary  School  ,North Building  Facing  south,  Kasilingapuram","1.Singathakurichi  (R.V)  And  (P)  Kasilingapuram  Block  5, 2.Singathakurichi  (R.V)  And  (P)  Kasilingapuram  Block  6, 999.OVERSEAS  ELECTORS",All  Voters,4.603854389721628,16.80942184154176,0.5353319057815845,31.37044967880086,17.23768736616702,0.3211991434689507,0.3211991434689507,27.40899357601713,0.1070663811563169,13,1.39186295503212,Puthiya Tamilagam,293,256,37,5,4,6,1,3,8,8,2,11,11,8,11,7,3.961456102783726,Tamilaga Vettri Kazhagam,5,4,6,1,3,8,8,2,11,11,8,11,7
209,80,154,4,35,213,0,5,279,2,2,2,1,5,782,0,6,788,0,Singathakurichi,"Panchayat  Union  Primary  School,  New Building,  West  Facing,  Singatthakurichi","1.Singathakurichi  (R.V)  And  (P)  Singhathakurichi  kasbha  block  1, 2.Singathakurichi  (R.V)  And  (P)  Singhathakurichi  Kasbha  block  2, 3.Singathakurichi  (R.V)  And  (P)  Singhathakurichi  Kasbha  BLock  3, 4.Singathakurichi  (R.V)  And  (P)  Singhathakurichi  Block  4, 999.OVERSEAS  ELECTORS",All  Voters,10.23017902813299,19.69309462915601,0.5115089514066496,4.475703324808184,27.23785166240409,0.0,0.639386189258312,35.67774936061381,0.7672634271099744,12,1.534526854219949,Tamilaga Vettri Kazhagam,279,213,66,4,3,8,5,2,13,6,1,9,9,9,12,6,8.439897698209718,Amma Makkal Munnettra Kazagam,4,3,8,5,2,13,6,1,9,9,9,12,6
210,53,77,1,343,141,1,8,141,2,5,1,1,1,775,0,3,778,0,Alantha,"Panchayat  Union  primary  school,  North Building  Facing  West,  Alantha","1.Alantha  (R.V)  And  (P)  South  Street  Block  1,
2.Alantha  (R.V)  And  (P)  West  Street  Block  2,
3.Alantha  (R.V)  And  (P)  Middle  Street  Block  2,
4.Alantha  (R.V)  And  (P)  East  Street  Block  2,
5.Alantha  (R.V)  And  (P)  North  Street  Block  2, 999.OVERSEAS  ELECTORS",All  Voters,6.838709677419355,9.935483870967742,0.1290322580645161,44.25806451612903,18.19354838709678,0.1290322580645161,1.032258064516129,18.19354838709678,0.3870967741935484,10,1.290322580645161,Puthiya Tamilagam,343,141,202,5,4,9,1,2,9,6,2,8,7,9,9,9,26.06451612903226,Tamilaga Vettri Kazhagam,5,4,9,1,2,9,6,2,8,7,9,9,9
211,32,105,0,255,119,0,2,62,0,0,1,0,0,576,0,3,579,0,Ulakkudi,"Govt.  Adi  Dravidar  Welfare  Primary  School, Ulakudi","1.Ulakkudi  (R.V),  Kaliyavoor  (P)  Ulakkudi  block  8, 999.OVERSEAS  ELECTORS",All  Voters,5.555555555555555,18.22916666666666,0.0,44.27083333333333,20.65972222222222,0.0,0.3472222222222222,10.76388888888889,0.5208333333333333,1,0.1736111111111111,Puthiya Tamilagam,255,119,136,5,3,8,1,2,8,6,4,8,8,7,8,8,23.61111111111111,Amma Makkal Munnettra Kazagam,5,3,8,1,2,8,6,4,8,8,7,8,8
212,17,202,0,1,21,0,2,71,1,0,0,0,2,317,0,0,317,0,Kaliyavur,"R.C.  Middle  School,North  Facing  New Building,  East  Portion,  Kaliyavoor","1.Kaliyavoor  (R.V)  And  (P)  Kaliyavoor  North  Street,  Paraistreet  Pallivasal Street  Block  1,
2.Kaliyavoor  (R.V)  And  (P)  MelaStreet,  Center  Street  Block  2,
999.OVERSEAS  ELECTORS",All  Voters,5.362776025236593,63.7223974763407,0.0,0.3154574132492113,6.624605678233439,0.0,0.6309148264984227,22.39747634069401,0.0,3,0.9463722397476341,Dravida Munnetra Kazhagam,202,71,131,4,1,9,7,3,9,5,2,7,9,9,9,5,41.32492113564668,Tamilaga Vettri Kazhagam,4,1,9,7,3,9,5,2,7,9,9,9,5
213,33,247,1,2,121,0,3,176,1,0,0,0,4,588,0,0,588,0,Kaliyavur,"R.C.  Middle  School,North  Facing  New Building,  West  Portion,  Kaliyavoor","1.Kaliyavoor  (R.V)  And  (P)  Third  No.Street,  Seventh  No.  Street  Block  3, 2.Kaliyavoor  (R.V)  And  (P)  Thevamar  Street,  AchiarymarStreet,  Block  4, 999.OVERSEAS  ELECTORS",All  Voters,5.612244897959184,42.00680272108844,0.1700680272108843,0.3401360544217687,20.57823129251701,0.0,0.5102040816326531,29.93197278911565,0.0,5,0.8503401360544218,Dravida Munnetra Kazhagam,247,176,71,4,1,8,7,3,10,6,2,8,10,10,10,5,12.07482993197279,Tamilaga Vettri Kazhagam,4,1,8,7,3,10,6,2,8,10,10,10,5
214,82,178,1,6,118,0,4,203,3,1,1,2,2,601,0,2,603,0,Kaliyavur,"Panchayat  Union  Primary  School,  New Building  South  Side,  Kaliavur","1.Kaliyavoor  (R.V)  And  (P)  Christen,  velalar,  harijanstreet  block  5, 2.Kaliyavoor  (R.V)  And  (P)  Harijancolony  CenterStreet  Block  6, 3.Kaliyavoor  (R.V)  And  (P)  Kalangarai  Block  7,
999.OVERSEAS  ELECTORS",All  Voters,13.64392678868552,29.61730449251248,0.1663893510815308,0.9983361064891847,19.63394342762063,0.0,0.6655574043261231,33.77703826955074,0.3327787021630615,9,1.497504159733777,Tamilaga Vettri Kazhagam,203,178,25,4,2,10,5,3,13,6,1,7,10,10,8,8,4.159733777038269,Dravida Munnetra Kazhagam,4,2,10,5,3,13,6,1,7,10,10,8,8
215,86,339,4,200,66,1,1,220,0,1,4,0,5,927,0,14,941,0,Konarkulam,"Anganwadi  Center,  Konarkulam","1.Vadavallanadu  (R.V)  And  (P)  Vadavallanadu  NanalkottanKulam Konarkulam  colony,
2.Vadavallanadu  (R.V)  And  (P)  Vilathikulamcolony,  Esathanodai  Block  4,
999.OVERSEAS  ELECTORS",All  Voters,9.277238403451996,36.56957928802589,0.4314994606256742,21.57497303128371,7.119741100323624,0.1078748651564185,0.1078748651564185,23.73247033441208,1.51024811218986,10,1.078748651564186,Dravida Munnetra Kazhagam,339,220,119,4,1,7,3,5,9,9,2,12,9,7,12,6,12.83710895361381,Tamilaga Vettri Kazhagam,4,1,7,3,5,9,9,2,12,9,7,12,6
216,85,237,1,4,140,1,4,320,1,1,3,4,9,810,0,1,811,0,Vallanadu,"Panchayat  Union  Primary  School  ,Main Building,West  sideVallanadu","1.Vadavallanadu  (R.V)  And  (P)  Vadavallanadu  (P)  Block  1, 2.Vadavallanadu  (R.V)  And  (P)  Vadavallanadu  (P)  Block  2, 3.Vadavallanadu  (R.V)  And  (P)  Thiruvenkadam  Block  3,
Paraikadu  999.OVERSEAS  ELECTORS",All  Voters,10.49382716049383,29.25925925925926,0.1234567901234568,0.4938271604938271,17.28395061728395,0.1234567901234568,0.4938271604938271,39.50617283950617,0.1234567901234568,18,2.222222222222222,Tamilaga Vettri Kazhagam,320,237,83,4,2,10,6,3,10,6,1,10,10,9,6,5,10.24691358024691,Dravida Munnetra Kazhagam,4,2,10,6,3,10,6,1,10,10,9,6,5
217,21,143,2,0,59,0,0,122,0,0,0,1,2,350,0,1,351,0,Vallanadukasba,"Panchayat  Union  Primary  School  South Building  East  Portion  Facing  North
Vallanadu","1.Vallanadukasba  (R.V)  And  (P)  Vadavallanadu  kasbha  (p)  block  1, 999.OVERSEAS  ELECTORS",All  Voters,6.0,40.85714285714286,0.5714285714285714,0.0,16.85714285714286,0.0,0.0,34.85714285714286,0.2857142857142857,3,0.8571428571428572,Dravida Munnetra Kazhagam,143,122,21,4,1,5,8,3,8,8,2,8,8,8,7,5,6.0,Tamilaga Vettri Kazhagam,4,1,5,8,3,8,8,2,8,8,8,7,5
218,22,128,1,2,105,0,2,131,1,0,2,0,0,394,0,2,396,0,Vallanadukasba,Panchayat  Union  Primary  School  East Building  North  Portion  Facing  North Vallanadu,"1.Vallanadukasba  (R.V)  And  (P)  Vadavallanadu  Kasbha  Block  2, 2.Vallanadukasba  (R.V)  And  (P)  Vadavallanadu  Kasbha  Block  3, 999.OVERSEAS  ELECTORS",All  Voters,5.583756345177665,32.48730964467005,0.2538071065989848,0.5076142131979695,26.6497461928934,0.0,0.5076142131979695,33.24873096446701,0.5076142131979695,3,0.7614213197969544,Tamilaga Vettri Kazhagam,131,128,3,4,2,8,5,3,10,5,1,8,10,5,10,10,0.7614213197969544,Dravida Munnetra Kazhagam,4,2,8,5,3,10,5,1,8,10,5,10,10
219,55,252,6,5,96,0,1,249,3,1,1,1,7,677,0,5,682,0,Vallanadukasba,"Desapandu  V.D.V  Deivanayagampillai  Govt Hr  Sec  School  ,  North  Building,  East  Portion, Vallandu  kusba","1.Vallanadukasba  (R.V)  And  (P)  North  muthuramamman  kovil  street block  6,
2.Vallanadukasba  (R.V)  And  (P)  MayandiKovil  Street  Block  7, 3.Vallanadukasba  (R.V)  And  (P)  Kaniyar  Street  Block  6,
999.OVERSEAS  ELECTORS",All  Voters,8.124076809453472,37.22304283604136,0.8862629246676514,0.7385524372230428,14.18020679468242,0.0,0.1477104874446086,36.77991137370753,0.7385524372230428,13,1.920236336779911,Dravida Munnetra Kazhagam,252,249,3,4,1,6,7,3,13,9,2,8,9,9,9,5,0.4431314623338257,Tamilaga Vettri Kazhagam,4,1,6,7,3,13,9,2,8,9,9,9,5
220,21,259,3,1,94,0,0,261,1,0,0,0,2,642,0,1,643,0,Vallanadukasba,"Desapandu  V.D.V,  Deivanayagampillai  Govt Hr  Sec  School  (South  West  Building)  First Room  from  West  Side  Vallandu","1.Vallanadukasba  (R.V)  And  (P)  Vallanadukasba  Perumal  Street  Block  4, 2.Vallanadukasba  (R.V)  And  (P)  Kaliavoor  Main  Road  Block  4, 3.Vallanadukasba  (R.V)  And  (P)  Karpagha  Vinayagar  Kovil  Street  Block  5, 999.OVERSEAS  ELECTORS",All  Voters,3.271028037383177,40.34267912772586,0.4672897196261682,0.1557632398753894,14.6417445482866,0.0,0.0,40.65420560747663,0.1557632398753894,3,0.4672897196261682,Tamilaga Vettri Kazhagam,261,259,2,4,2,5,7,3,9,9,1,7,9,9,9,6,0.3115264797507788,Dravida Munnetra Kazhagam,4,2,5,7,3,9,9,1,7,9,9,9,6
221,47,299,1,20,91,0,2,313,0,2,0,0,2,777,0,2,779,0,Vallanadukasba,"Desapandu  V.D.V,  Deivanayagampillai  Govt Hr  Sec  School  (South  Side  West  Building) Second  Room  from  West  Side  Vallandu","1.Vallanadukasba  (R.V)  And  (P)  Perumal  Sannathy  Street  Block  8, 2.Vallanadukasba  (R.V)  And  (P)  Keela  Street  Block  9, 3.Vallanadukasba  (R.V)  And  (P)  Ganapathikovil  Street  Block  9, 999.OVERSEAS  ELECTORS",All  Voters,6.048906048906049,38.48133848133848,0.1287001287001287,2.574002574002574,11.71171171171171,0.0,0.2574002574002574,40.28314028314028,0.2574002574002574,4,0.5148005148005148,Tamilaga Vettri Kazhagam,313,299,14,4,2,9,5,3,10,6,1,10,6,10,10,6,1.801801801801802,Dravida Munnetra Kazhagam,4,2,9,5,3,10,6,1,10,6,10,10,6
222,24,252,3,50,55,0,0,173,2,0,0,1,1,561,0,5,566,0,Vallanadukasba,Desapandu  V.D.V  Deivanayagampillai  Govt Hr  Sec  School  South  Building  East  Corner Vallanadu  Kasbha,"1.Vallanadukasba  (R.V)  And  (P)  Hamedyanagar,  harijancolony, udaiyarkulam  block  1  ,
999.OVERSEAS  ELECTORS",All  Voters,4.27807486631016,44.91978609625669,0.53475935828877,8.9126559714795,9.803921568627452,0.0,0.0,30.83778966131907,0.8912655971479502,4,0.7130124777183601,Dravida Munnetra Kazhagam,252,173,79,5,1,6,4,3,10,10,2,7,10,10,8,8,14.08199643493761,Tamilaga Vettri Kazhagam,5,1,6,4,3,10,10,2,7,10,10,8,8
223,20,219,0,25,36,0,3,118,0,0,1,2,2,426,0,5,431,0,Vallanadukasba,Desapandu  V.D.V  Deivanayagampillai  Govt Hr  Sec  School  North  Building  East  Corner Vallanadu  Kasbha,"1.Vallanadukasba  (R.V)  And  (P)  Muthammalpuram  Block  11, 999.OVERSEAS  ELECTORS",All  Voters,4.694835680751173,51.40845070422535,0.0,5.868544600938967,8.450704225352112,0.0,0.7042253521126761,27.69953051643192,1.173708920187793,5,1.173708920187793,Dravida Munnetra Kazhagam,219,118,101,5,1,10,4,3,10,6,2,10,10,9,7,7,23.70892018779343,Tamilaga Vettri Kazhagam,5,1,10,4,3,10,6,2,10,10,9,7,7
224,72,187,2,11,167,1,2,263,2,1,0,2,2,712,0,5,717,0,Agaram,"Panchayat  Union  Primary  School,  Agaram","1.Vallanadukasba  (R.V)  And  (P)  Agaram  block  12, 2.Vallanadukasba  (R.V)  And  (P)  Agaram  Block  13, 999.OVERSEAS  ELECTORS",All  Voters,10.1123595505618,26.26404494382022,0.2808988764044944,1.544943820224719,23.45505617977528,0.1404494382022472,0.2808988764044944,36.93820224719101,0.7022471910112359,7,0.9831460674157303,Tamilaga Vettri Kazhagam,263,187,76,4,2,6,5,3,11,6,1,6,11,13,6,6,10.67415730337079,Dravida Munnetra Kazhagam,4,2,6,5,3,11,6,1,6,11,13,6,6
225,34,239,3,31,122,0,4,217,1,2,1,1,4,659,0,7,666,0,Murappanadu,"Panchayat  Union  Middle  School  ,Main Building,  South  Portion  Murappanadu","1.MurappanaduKovilpathu  (R.V)  And  (P)  Murappanadu  kasbha  Block  1, 2.MurappanaduKovilpathu  (R.V)  And  (P)  Puducolony  padukaiur  Block  2, 999.OVERSEAS  ELECTORS",All  Voters,5.159332321699544,36.26707132018209,0.4552352048558422,4.704097116843703,18.51289833080425,0.0,0.6069802731411229,32.92867981790592,1.062215477996965,9,1.365705614567527,Dravida Munnetra Kazhagam,239,217,22,4,1,8,5,3,13,6,2,10,9,10,10,6,3.338391502276176,Tamilaga Vettri Kazhagam,4,1,8,5,3,13,6,2,10,9,10,10,6
226,46,213,1,1,128,1,2,179,0,1,0,0,1,573,0,1,574,0,Sennelpatti,Panchayat  Union  Primary  School  South Portion  Sennalpatti,"1.MurappanaduKovilpathu  (R.V)  And  (P)  Senalpatti  Block  3, 999.OVERSEAS  ELECTORS",All  Voters,8.027923211169284,37.17277486910995,0.1745200698080279,0.1745200698080279,22.33856893542757,0.1745200698080279,0.3490401396160558,31.239092495637,0.1745200698080279,2,0.3490401396160558,Dravida Munnetra Kazhagam,213,179,34,4,1,6,6,3,6,5,2,11,6,11,11,6,5.93368237347295,Tamilaga Vettri Kazhagam,4,1,6,6,3,6,5,2,11,6,11,11,6
227,15,108,1,8,68,0,1,213,2,0,0,0,3,419,0,2,421,0,Keelaputhaneri,Panchayat  Union  Primary  School  South Building  West  portion  Keelaputthaneri,"1.Keelapudaneri  (R.V)  And  (p)  Murappanadu  kasbha  block  1, 999.OVERSEAS  ELECTORS",All  Voters,3.579952267303103,25.77565632458234,0.2386634844868735,1.909307875894988,16.2291169451074,0.0,0.2386634844868735,50.83532219570406,0.477326968973747,5,1.193317422434367,Tamilaga Vettri Kazhagam,213,108,105,4,2,8,5,3,10,8,1,7,10,10,10,6,25.05966587112172,Dravida Munnetra Kazhagam,4,2,8,5,3,10,8,1,7,10,10,10,6
228,46,170,3,22,67,1,1,216,1,1,0,1,0,529,0,3,532,0,Keelaputhaneri,"Library  New  Building,  East  portion, Keelaputthaneri","1.Keelapudaneri  (R.V)  And  (P)  Keelapudaneri  Kasbha  Kalladi  Colony  Block 2,
999.OVERSEAS  ELECTORS",All  Voters,8.695652173913043,32.13610586011342,0.5671077504725899,4.158790170132325,12.66540642722117,0.1890359168241966,0.1890359168241966,40.83175803402646,0.5671077504725899,3,0.5671077504725899,Tamilaga Vettri Kazhagam,216,170,46,4,2,6,5,3,7,7,1,7,7,12,7,12,8.695652173913043,Dravida Munnetra Kazhagam,4,2,6,5,3,7,7,1,7,7,12,7,12
229,78,274,2,41,80,0,2,311,0,0,3,0,1,792,0,4,796,0,Murappanadu,"Panchayat  Union  Middle  School  ,Main Building  ,North  Portion  Murappanadu","1.Murappanadukovilpathu  (R.V)  And  (P)  Perumal  Kovil  Street  Block  1, 2.Murappanadupudugramam  (R.V)  And  (P)  Veda  Kovil  Street  Block  2, 3.MurappanaduPudukiramam  (R.V)  And  (P)  Barathiyar  North  Street  Block 1,  4.MurappanaduPudukiramam  (R.V)  And  (P)  Barathiyar  South  Street Block  1,  5.MurappanaduPudukiramam  (R.V)  And  (P)  Nadar  Street  Block 1,  6.MurappanaduPudukiramam  (R.V)  And  (P)  Amman  Kovil  Street  Block 2,  7.MurappanaduPudukiramam  (R.V)  And  (P)  Murugan  Kovil  Street Block  2,  8.MurappanaduPudukiramam  (R.V)  And  (P)  South  Street  Block 2,  9.MurappanaduPudukiramam  (R.V)  And  (P)  North  Street  Block 2,10.MurappanaduPudukiramam  (R.V)  And  (P)  Thevar  Street  Block 1,11.MurappanaduPudukiramam  (R.V)  And  (P)  Pakkapatti  Perumal  Kovil Street  Block  1,
999.OVERSEAS  ELECTORS",All  Voters,9.848484848484848,34.5959595959596,0.2525252525252525,5.176767676767676,10.1010101010101,0.0,0.2525252525252525,39.26767676767677,0.5050505050505051,4,0.5050505050505051,Tamilaga Vettri Kazhagam,311,274,37,4,2,7,5,3,10,7,1,10,10,6,10,9,4.671717171717172,Dravida Munnetra Kazhagam,4,2,7,5,3,10,7,1,10,10,6,10,9
230,46,191,1,4,182,1,2,263,2,1,1,2,2,698,0,2,700,0,Anavarathanallur,"Govt  High  School  ,New  South  Building  from West  1st  Room,  Anavarathanallur","1.Vasavappuram  (R.V)  And  (P)  Anavarathanallur  Block  4, 2.Vasavappuram  (R.V)  And  (P)  Anavarathanallur  Block  5, 3.Vasavappuram  (R.V)  And  (P)  Anawarathanallur  Block  6, 4.Vasavappuram  (R.V)  And  (P)  Anavarathanallur  Block  7, 999.OVERSEAS  ELECTORS",All  Voters,6.59025787965616,27.36389684813754,0.1432664756446991,0.5730659025787965,26.07449856733524,0.1432664756446991,0.2865329512893983,37.67908309455588,0.2865329512893983,8,1.146131805157593,Tamilaga Vettri Kazhagam,263,191,72,4,2,10,5,3,10,6,1,6,10,10,6,6,10.31518624641834,Dravida Munnetra Kazhagam,4,2,10,5,3,10,6,1,6,10,10,6,6
231,38,300,2,53,57,1,2,310,1,1,0,0,2,767,0,4,771,0,Anavarathanallur,"Panchayat  Union  Primary  School,North building,  Anavarathanallur","1.Vasavappuram  (R.V)  And  (P)  Anawarathanallur  Block  8, 2.Vasavappuram  (R.V)  And  (P)  Anawarathanallur  Block  9, 3.Vasavappuram  (R.V)  And  (P)  Samathuwapuram  Block  10, 999.OVERSEAS  ELECTORS",All  Voters,4.954367666232073,39.11342894393741,0.2607561929595828,6.910039113428944,7.431551499348108,0.1303780964797914,0.2607561929595828,40.41720990873533,0.5215123859191656,4,0.5215123859191656,Tamilaga Vettri Kazhagam,310,300,10,5,2,6,4,3,9,6,1,9,9,12,12,6,1.303780964797914,Dravida Munnetra Kazhagam,5,2,6,4,3,9,6,1,9,9,12,12,6
232,48,210,1,8,145,0,2,233,3,0,0,2,2,654,0,2,656,0,Anavarathanallur,"Govt  High  School  west  Building  ,(South Portion)Anavarathanallur","1.Vasavappuram  (R.V)  And  (P)  Vasavappuram  Block  1, 2.Vasavappuram  (R.V)  And  (P)  Vasavappuram  Block  2, 999.OVERSEAS  ELECTORS",All  Voters,7.339449541284404,32.11009174311927,0.1529051987767584,1.223241590214067,22.17125382262997,0.0,0.3058103975535168,35.62691131498471,0.3058103975535168,7,1.070336391437309,Tamilaga Vettri Kazhagam,233,210,23,4,2,10,5,3,11,7,1,6,11,11,7,7,3.516819571865443,Dravida Munnetra Kazhagam,4,2,10,5,3,11,7,1,6,11,11,7,7
233,41,254,3,41,9,0,0,103,1,0,0,0,0,452,0,0,452,0,Anavarathanallur,"Panchayat  Union  Primary  School  New building,  North  Portion  Anavarathanallur.","1.Vasavappuram  (R.V)  And  (P)  Vasavappuram  Block  3, 999.OVERSEAS  ELECTORS",All  Voters,9.070796460176991,56.19469026548673,0.6637168141592921,9.070796460176991,1.991150442477876,0.0,0.0,22.78761061946902,0.0,1,0.2212389380530974,Dravida Munnetra Kazhagam,254,103,151,3,1,6,3,5,8,8,2,7,8,8,8,8,33.4070796460177,Tamilaga Vettri Kazhagam,3,1,6,3,5,8,8,2,7,8,8,8,8
234,26,112,1,201,15,0,2,165,0,1,1,1,3,528,0,1,529,0,Vittilapuram,"Panchayat  Union  Primary  School  North building  North  portion,  Vittilapuram","1.Vettilapuram  (R.V)  And  (P)  Gollikulam  Block  3, 999.OVERSEAS  ELECTORS",All  Voters,4.924242424242424,21.21212121212121,0.1893939393939394,38.06818181818182,2.840909090909091,0.0,0.3787878787878788,31.25,0.1893939393939394,6,1.136363636363636,Puthiya Tamilagam,201,165,36,4,3,8,1,5,12,7,2,12,8,8,8,6,6.818181818181817,Tamilaga Vettri Kazhagam,4,3,8,1,5,12,7,2,12,8,8,8,6
235,26,98,1,221,14,0,0,153,1,1,1,1,1,518,0,0,518,0,Nattarkulam,"R.C.  primary  School  ,  North  Building  1st Room,  Nattarkulam.","1.Vettilapuram  (R.V)  And  (P)  Nattar  Kulam  Block  4, 999.OVERSEAS  ELECTORS",All  Voters,5.019305019305019,18.91891891891892,0.1930501930501931,42.66409266409266,2.702702702702703,0.0,0.0,29.53667953667954,0.0,5,0.9652509652509652,Puthiya Tamilagam,221,153,68,4,3,6,1,5,12,12,2,6,6,6,6,6,13.12741312741313,Tamilaga Vettri Kazhagam,4,3,6,1,5,12,12,2,6,6,6,6,6
236,29,189,0,6,99,1,3,187,1,1,0,1,3,520,0,0,520,0,Vittilapuram,"Panchayat  Union  Primary  School  Main  Hall
,South  building  North  portion,  Vittilapuram","1.Vettilapuram  (R.V)  And  (P)  Vettilapuram  Kasbha  Block  1, 2.Vettilapuram  (R.V)  And  (P)  Vettilapuram  Kasbha  Block  2, 999.OVERSEAS  ELECTORS",All  Voters,5.576923076923078,36.34615384615385,0.0,1.153846153846154,19.03846153846154,0.1923076923076923,0.576923076923077,35.96153846153846,0.0,6,1.153846153846154,Dravida Munnetra Kazhagam,189,187,2,4,1,12,5,3,8,6,2,8,8,12,8,6,0.3846153846153846,Tamilaga Vettri Kazhagam,4,1,12,5,3,8,6,2,8,8,12,8,6
237,54,214,2,51,70,0,0,248,2,0,0,1,1,643,0,1,644,0,Vittilapuram,"Panchayat  Union  Primary  School,  Main  Hall
,South  Building,South  portion  ,  Vittilapuram","1.Vettilapuram  (R.V)  And  (P)  Maravannadar  Kudiiruppu  Block  3  , Rahmath  nagar  999.OVERSEAS  ELECTORS",All  Voters,8.398133748055987,33.28149300155521,0.3110419906687403,7.931570762052877,10.88646967340591,0.0,0.0,38.56920684292379,0.1555209953343701,4,0.6220839813374806,Tamilaga Vettri Kazhagam,248,214,34,4,2,6,5,3,10,10,1,6,10,10,8,8,5.287713841368585,Dravida Munnetra Kazhagam,4,2,6,5,3,10,10,1,6,10,10,8,8
238,81,167,1,37,83,0,3,172,0,4,1,0,5,554,0,0,554,0,Vittilapuram,"Panchayat  Union  Primary  School,  North Building,South  Portion,Vittilapuram","1.Aallikudi  (R.V)  And  (P)  Aallikudi  Block  1, 2.Aallikudi  (R.V)  And  (P)  Aallikudi  Block  2, 999.OVERSEAS  ELECTORS",All  Voters,14.62093862815884,30.14440433212997,0.1805054151624549,6.678700361010831,14.98194945848375,0.0,0.5415162454873645,31.04693140794224,0.0,10,1.805054151624549,Tamilaga Vettri Kazhagam,172,167,5,4,2,9,5,3,11,8,1,11,7,9,11,6,0.9025270758122743,Dravida Munnetra Kazhagam,4,2,9,5,3,11,8,1,11,7,9,11,6
239,90,245,4,32,90,1,4,274,1,0,2,0,4,747,0,2,749,0,Muthalangkurichi,"R.C.  primary  School,  North  facing  Main Building,  Muthalankuruchi","1.Muthalangkurichi  (R.V)  And  (P)  Pointhan  Moli  Block  1,
2.Muthalangkurichi  (R.V)  And  (P)  Pillaiyar  Kovil  Street  Block  2, 3.Muthalangkurichi  (R.V)  And  (P)  Pallikuda  Street  Block  3,
4.Muthalangkurichi  (R.V)  And  (P)  Therkkur  Block  4,  5.Muthalangkurichi (R.V)  And  (P)  Indhira  Nagar  Block1,  6.Muthalangkurichi  (R.V)  And  (P)
AmmanKovil  Street  Block  2,  7.Muthalangkurichi  (R.V)  And  (P)  Pallikuda Street  Block  2,  8.Muthalangkurichi  (R.V)  And  (P)  Kamarajar  Street  Block 3,9.Muthalangkurichi  (R.V)  And  (P)  Annamalaiyar  Chamber  Kudiyeruppu Block  3,
999.OVERSEAS  ELECTORS",All  Voters,12.04819277108434,32.79785809906292,0.535475234270415,4.28380187416332,12.04819277108434,0.1338688085676037,0.535475234270415,36.68005354752343,0.2677376171352075,7,0.9370816599732262,Tamilaga Vettri Kazhagam,274,245,29,3,2,6,5,3,10,6,1,10,12,9,12,6,3.882195448460509,Dravida Munnetra Kazhagam,3,2,6,5,3,10,6,1,10,12,9,12,6
240,25,187,0,18,108,1,0,222,0,0,0,0,0,561,0,2,563,0,Vittilapuram kovilpatthu,"Panchayat  Office  Building,  Vittilapuram, Kovilputhu","1.Vettilapuram  kovilpatthu  (R.V)  And  (p)  Vettilapuram  kovilpatthu  block 1,
999.OVERSEAS  ELECTORS",All  Voters,4.45632798573975,33.33333333333333,0.0,3.208556149732621,19.25133689839572,0.17825311942959,0.0,39.57219251336899,0.35650623885918,0,0.0,Tamilaga Vettri Kazhagam,222,187,35,4,2,7,5,3,6,7,1,7,7,7,7,7,6.23885918003565,Dravida Munnetra Kazhagam,4,2,7,5,3,6,7,1,7,7,7,7,7
241,20,89,1,36,24,0,0,113,0,0,0,0,1,284,0,1,285,0,Vittilapuram kovilpatthu,"Anganwadi  Center,  Vittilapuram  Kovilputhu.","1.Vettilapuram  Kovilpatthu  (R.V)  And  (P)  Vettilapuram  Kovilpatthu Kasbha  Block  2,
999.OVERSEAS  ELECTORS",All  Voters,7.042253521126761,31.33802816901409,0.3521126760563381,12.67605633802817,8.450704225352112,0.0,0.0,39.7887323943662,0.3521126760563381,1,0.3521126760563381,Tamilaga Vettri Kazhagam,113,89,24,5,2,6,3,4,8,8,1,8,8,8,8,6,8.450704225352112,Dravida Munnetra Kazhagam,5,2,6,3,4,8,8,1,8,8,8,8,6
242,58,279,1,10,110,1,1,283,1,0,1,2,3,750,0,3,753,0,Nanalkadu,"Panchayat  Union  Primary  School,  Nanalkadu","1.Nanalkadu  (R.V)  And  (P)  Nort  Street  Block  1, 2.Nanalkadu  (R.V)  And  (P)  Velar  Street  Block  1,
3.Nanalkadu  (R.V)  And  (P)  Yadavar  Street,  NaduPillaiyarkovil  Street Block  1,
4.Nanalkadu  (R.V)  And  (P)  Sasthankovil  Street  Block  3, 5.Nanalkadu  (R.V)  And  (P)  Ammankovil  Street  Block  3,
6.Nanalkadu  (R.V)  And  (P)  South  Pillaiyarkovil  Street  Block  3,
7.Nanalkadu  (R.V)  And  (P)  Vedakovil  Street  Block  3,  8.Nanalkadu  (R.V) And  (P)  Harisanacolony  Udaiyarkulam  Block  3,  9.Nanalkadu  (R.V)  And  (P) Miyakan  Palli  Block  3,  10.Nanalkadu  (R.V)  And  (P) Sivasubramaniyapuram  North  Block  4,  11.Nanalkadu  (R.V)  And  (P) Sivasubramaniyapuram  South  Block  4,  999.OVERSEAS  ELECTORS",All  Voters,7.733333333333333,37.2,0.1333333333333333,1.333333333333333,14.66666666666667,0.1333333333333333,0.1333333333333333,37.73333333333333,0.4,7,0.9333333333333335,Tamilaga Vettri Kazhagam,283,279,4,4,2,8,5,3,8,8,1,8,13,8,7,6,0.5333333333333333,Dravida Munnetra Kazhagam,4,2,8,5,3,8,8,1,8,13,8,7,6
243,17,227,1,7,108,0,3,208,2,0,1,2,5,581,0,3,584,0,Ananthanambi-kur uchi,"Panchayat  Union  Primary  School, Ananthanambikuruchi","1.Manakkarai  (R.V)  And  (P)  East  Street  Block  7,
2.Manakkarai  (R.V)  And  (P)  Pattamuthu  Street  Block  7, 3.Manakkarai  (R.V)  And  (P)  West  Street  Block  7,
4.Manakkarai  (R.V)  And  (P)  South  Street  Block  7, 5.Manakkarai  (R.V)  And  (P)  North  Street  Block  8, 6.Manakkarai  (R.V)  And  (P)  New  Colony  Block  8, 7.Manakkarai  (R.V)  And  (P)  Vadakkoor  Block  8,
8.Manakkarai  (R.V)  And  (P)  Killikulam  Howsing  Board  Block  8,
999.OVERSEAS  ELECTORS",All  Voters,2.925989672977625,39.07056798623064,0.1721170395869191,1.204819277108434,18.58864027538726,0.0,0.5163511187607573,35.80034423407918,0.5163511187607573,10,1.721170395869191,Dravida Munnetra Kazhagam,227,208,19,4,1,10,5,3,12,7,2,8,12,10,8,6,3.270223752151463,Tamilaga Vettri Kazhagam,4,1,10,5,3,12,7,2,8,12,10,8,6
244,52,267,1,6,156,1,4,322,1,1,1,1,2,815,0,1,816,0,Manakkarai,"T.N.D.T.A.  Middle  School,  West  Side, Manakkarai","1.Manakkarai  (R.V)  And  (P)  Agraharam  Street  Block  1, 2.Manakkarai  (R.V)  And  (P)  Naduvkurichi  Block  2,
3.Manakkarai  (R.V)  And  (P)  Pillaiar  Temple  Street  Block3, 4.Manakkarai  (R.V)  And  (P)  Yadhavar  Street  Block  3,
5.Manakkarai  (R.V)  And  (P)  Mettu  Street  Block  3, 6.Manakkarai  (R.V)  And  (P)  Mettu  Street  Block  4, 7.Manakkarai  (R.V)  And  (P)  Middle  Street  Block  4,
8.Manakkarai  (R.V)  And  (P)  Muppudathi  AmmanKovil  Street  Block  4, 9.Manakkarai  (R.V)  And  (P)  Bazaar  Street  Block  4,  10.Manakkarai  (R.V) And  (P)  Church  Street  Block  5,  11.Manakkarai  (R.V)  And  (P)  R.C.Street Block  5,
12.Manakkarai  (R.C)  And  (P)  Ricemill  Street  lock  5, 13.Manakkarai  (R.V)  And  (P)  Bazaar  Street  Block  5
14.Manakkarai  (R.V)  And  (P)  VaniyarChettiar  Street  Block  5,
999.OVERSEAS  ELECTORS",All  Voters,6.38036809815951,32.76073619631902,0.1226993865030675,0.7361963190184049,19.14110429447853,0.1226993865030675,0.49079754601227,39.50920245398773,0.1226993865030675,6,0.7361963190184049,Tamilaga Vettri Kazhagam,322,267,55,4,2,8,5,3,8,6,1,8,8,8,8,7,6.748466257668712,Dravida Munnetra Kazhagam,4,2,8,5,3,8,6,1,8,8,8,8,7
245,28,157,4,128,46,0,1,173,1,1,0,1,1,541,0,1,542,0,Manakkarai,"Panchayat  Union  Primar  School  Main Building,  Manakkarai","1.Manakkarai  (R.V)  And  (P)  North  Street  Block  5,
2.Manakkarai  (R.V)  And  (P)  Manakkarai  Keelur  Block  6, 3.Manakkarai  (R.V)  And  (P)  Manakkarai  Therhur  Block  6,
4.Manakkarai  (R.V)  And  (P)  Manakkarai  Vadakkur  Block  6,
999.OVERSEAS  ELECTORS",All  Voters,5.175600739371535,29.02033271719039,0.7393715341959335,23.65988909426987,8.502772643253234,0.0,0.1848428835489834,31.97781885397412,0.1848428835489834,4,0.7393715341959335,Tamilaga Vettri Kazhagam,173,157,16,5,2,6,3,4,12,7,1,7,7,12,7,7,2.957486136783734,Dravida Munnetra Kazhagam,5,2,6,3,4,12,7,1,7,7,12,7,7
246,45,101,4,2,83,1,1,160,0,0,0,0,2,399,0,2,401,0,Aniyaparanallur,"T.N.D.T.A.  Middle  School  ,Main  Building North  Side,  Aniyaparanallur","1.Aniyaparanallur  (R.V)  And  (P)  Aniyaparanallur  Block  1,  999.OVERSEAS ELECTORS",All  Voters,11.2781954887218,25.31328320802005,1.00250626566416,0.5012531328320802,20.80200501253133,0.2506265664160401,0.2506265664160401,40.10025062656641,0.5012531328320802,2,0.5012531328320802,Tamilaga Vettri Kazhagam,160,101,59,4,2,5,6,3,8,8,1,10,10,10,10,6,14.78696741854636,Dravida Munnetra Kazhagam,4,2,5,6,3,8,8,1,10,10,10,10,6
247,82,215,0,28,84,1,1,141,1,0,0,1,1,555,0,0,555,0,Aniyaparanallur,"T.N.D.T.A.  Middle  School  ,  Main  Building South  Side,  Aniaparanallur","1.Aniyaparanallur  (R.V)  And  (P)  Part  Aniyaparanallur  Block  2, 2.Aniyaparanallur  (R.V)  And  (P)  Aniyaparanallur  Block  3,  999.OVERSEAS ELECTORS",All  Voters,14.77477477477477,38.73873873873874,0.0,5.045045045045045,15.13513513513514,0.1801801801801802,0.1801801801801802,25.40540540540541,0.0,3,0.5405405405405406,Dravida Munnetra Kazhagam,215,141,74,4,1,11,5,3,6,6,2,6,11,11,6,6,13.33333333333333,Tamilaga Vettri Kazhagam,4,1,11,5,3,6,6,2,6,11,11,6,6
248,39,223,1,62,40,0,1,255,0,0,1,0,3,625,0,2,627,0,Meenachipatti,"Panchayat  Union  Middle  School,  South Building  West  Block,  Meenachipatti","1.Aneyaparanallur  (R.V)  And  (P)  Part  Meenachipatti  Block  6, 2.Aneyaparanallur  (R.V)  (P)  Part  Harijancolony  Meenachipaatti  Block  7, 999.OVERSEAS  ELECTORS",All  Voters,6.239999999999999,35.68,0.16,9.92,6.4,0.0,0.16,40.8,0.32,4,0.64,Tamilaga Vettri Kazhagam,255,223,32,5,2,7,3,4,10,7,1,10,10,7,10,6,5.12,Dravida Munnetra Kazhagam,5,2,7,3,4,10,7,1,10,10,7,10,6
249,42,213,2,105,88,0,2,255,1,0,0,0,1,709,0,0,709,0,Meenachipatti,"Panchayat  Union  Middle  School,  South Building  East  Block,  Meenachipatti","1.SriMoolakkarai  (R.V)  And  (P)  Adaikalapuram  Sakelier  colony Pothankulam  Puliankulam  Block  6,  2.Thannuthu  (R.V)  Moolakkarai(P) EnnamThannuthu  Block  7,
999.OVERSEAS  ELECTORS",All  Voters,5.923836389280677,30.04231311706629,0.2820874471086037,14.80959097320169,12.41184767277856,0.0,0.2820874471086037,35.96614950634697,0.0,2,0.2820874471086037,Tamilaga Vettri Kazhagam,255,213,42,5,2,6,3,4,10,6,1,8,10,10,10,8,5.923836389280677,Dravida Munnetra Kazhagam,5,2,6,3,4,10,6,1,8,10,10,10,8
250,66,235,10,20,66,0,2,441,1,0,2,3,0,846,0,4,850,0,Mudivaithanandal,"Govt  Hr  Sec  School,  East  Building,  2nd Room  from  South  Portion,Mudivaithanandal","1.Mudivaithanendal  (R.V)  And  (P)  Part  Vagaikulam  block  1,
2.Mudivaithanendal  (R.V)  And  (P)  Part  Mudivaithanendal  Pudur  Block  2, 999.OVERSEAS  ELECTORS",All  Voters,7.801418439716312,27.77777777777778,1.182033096926714,2.364066193853428,7.801418439716312,0.0,0.2364066193853428,52.12765957446809,0.4728132387706856,6,0.7092198581560284,Tamilaga Vettri Kazhagam,441,235,206,3,2,6,5,3,11,8,1,10,11,8,7,11,24.3498817966903,Dravida Munnetra Kazhagam,3,2,6,5,3,11,8,1,10,11,8,7,11
251,53,194,4,6,91,2,0,413,4,3,1,2,1,774,0,6,780,0,Mudivaithanandal,"Govt  Hr  Sec  School  ,  East  Building,  3rd Room  from  South,  Mudivaithanandal","1.Mudivaithanendal  (R.V)  And  (P)  Part  Mudivaithanendal  Pudur  Block  3, 2.Mudivaithanendal  (R.V)  And  (P)  Part  Velauthampillai  Street  Block
7,3.Mudivaithanendal  (R.V)  And  (P)  Part  South  Street  Block  9,
999.OVERSEAS  ELECTORS",All  Voters,6.847545219638243,25.06459948320414,0.516795865633075,0.7751937984496124,11.75710594315245,0.2583979328165375,0.0,53.35917312661499,0.7751937984496124,11,1.421188630490956,Tamilaga Vettri Kazhagam,413,194,219,4,2,6,5,3,9,13,1,6,8,11,9,11,28.29457364341085,Dravida Munnetra Kazhagam,4,2,6,5,3,9,13,1,6,8,11,9,11
252,70,181,9,6,90,2,1,267,2,0,2,2,3,635,0,9,644,0,Mudivaithanandal,"Govt  Hr  Sec,  School  ,  North  West  Building, South  Portion,  Mudivaithanenthal","1.Mudivaithanendal  (R.V)  And  (P)  Mudivaithanendal  yadavar  street  block 4,
2.Mudivaithanendal  (R.V)  And  (P)  Keelastreet  Block  5,
999.OVERSEAS  ELECTORS",All  Voters,11.02362204724409,28.50393700787401,1.417322834645669,0.9448818897637795,14.17322834645669,0.3149606299212598,0.1574803149606299,42.04724409448819,1.417322834645669,9,1.417322834645669,Tamilaga Vettri Kazhagam,267,181,86,4,2,5,6,3,8,12,1,8,13,8,8,7,13.54330708661417,Dravida Munnetra Kazhagam,4,2,5,6,3,8,12,1,8,13,8,8,7
253,53,139,2,8,49,0,2,241,3,0,0,1,0,498,0,7,505,0,Mudivaithanandal,"Govt  Hr  Sec,  School  ,  North  West  Building, North  Portion,  Mudivaithanenthal","1.Mudivaithanendal  (R.V)  And  (P)  East  Aasarimar  Street  Block  6, 2.Mudivaithanendal  (R.V)  And  (P)  Kutalingampillai,
VelauthampillaiStreetb  Block  6  ,  3.Mudivaithanendal  (R.V)  And  (P)  Main
Road,  Old  Kanakkapillai  Street  Block  8,  999.OVERSEAS  ELECTORS",All  Voters,10.6425702811245,27.91164658634538,0.4016064257028112,1.606425702811245,9.839357429718875,0.0,0.4016064257028112,48.39357429718876,1.405622489959839,4,0.8032128514056224,Tamilaga Vettri Kazhagam,241,139,102,3,2,7,5,4,10,7,1,6,10,10,9,10,20.48192771084337,Dravida Munnetra Kazhagam,3,2,7,5,4,10,7,1,6,10,10,9,10
254,48,122,7,12,66,5,4,263,4,4,3,4,3,545,0,7,552,0,Mudivaithanandal,"Hindu  Middle  School  ,North  Building  ,Noth Room,Mudivaithanandal","1.Mudivaithanendal  (R.V)  And  (P)  Part  Melastreet  block  10, 2.Mudivaithanendal  (R.V)  And  (P)  Part  MelaStreet  Block  11, 999.OVERSEAS  ELECTORS",All  Voters,8.807339449541285,22.38532110091743,1.284403669724771,2.201834862385321,12.11009174311927,0.9174311926605505,0.7339449541284404,48.25688073394495,1.284403669724771,18,3.302752293577982,Tamilaga Vettri Kazhagam,263,122,141,4,2,6,5,3,7,8,1,8,8,12,8,12,25.87155963302752,Dravida Munnetra Kazhagam,4,2,6,5,3,7,8,1,8,8,12,8,12
255,87,243,3,133,28,2,2,270,1,0,0,2,5,776,0,7,783,0,Mudivaithanandal,"Hindu  Middle  School  ,North  Building,  south Room,  Mudivaithanandal","1.Mudivaithanendal  (R.V)  And  (P)  Part  ColonyStreet  Block  12, 2.Mudivaithanendal  (R.V)  And  (P)  Part  ColonyStreet  Block  13, 999.OVERSEAS  ELECTORS",All  Voters,11.21134020618557,31.31443298969072,0.3865979381443299,17.13917525773196,3.608247422680412,0.2577319587628866,0.2577319587628866,34.79381443298969,0.902061855670103,8,1.030927835051546,Tamilaga Vettri Kazhagam,270,243,27,4,2,7,3,5,8,8,1,11,12,12,8,6,3.479381443298969,Dravida Munnetra Kazhagam,4,2,7,3,5,8,8,1,11,12,12,8,6
256,85,320,3,36,81,0,0,318,0,1,1,0,2,847,0,4,851,0,Kattalenkulam,"T.N.D.T.A.  Primary  School,  South  Building Kattalenkulam","1.Kattalangulam  (R.V)  And  (P)  Kattalangulam  block  1, 2.Kattalangulam  (R.V)  And  (P)  Kattalangulam  Pudur  Block  2, 3.Kattalangulam  (R.V)  And  (P)  Kumarapommaiyapuram  Block  2, 999.OVERSEAS  ELECTORS",All  Voters,10.03541912632822,37.78040141676505,0.3541912632821724,4.250295159386068,9.563164108618654,0.0,0.0,37.54427390791027,0.4722550177095631,4,0.4722550177095631,Dravida Munnetra Kazhagam,320,318,2,3,1,6,5,4,10,10,2,10,8,8,10,7,0.2361275088547816,Tamilaga Vettri Kazhagam,3,1,6,5,4,10,10,2,10,8,8,10,7
257,56,284,2,10,29,0,2,163,0,1,0,0,2,549,0,2,551,0,Mullanvillai,"T.N.D.T.A  Primary  School,  North  Building, Mullanvillai","1.Kattalangulam  (R.V)  And  (P)  Sethupuri,  senthiumpalam  block  3, 999.OVERSEAS  ELECTORS",All  Voters,10.20036429872495,51.73041894353369,0.3642987249544626,1.821493624772313,5.282331511839709,0.0,0.3642987249544626,29.6903460837887,0.3642987249544626,3,0.546448087431694,Dravida Munnetra Kazhagam,284,163,121,3,1,6,5,4,10,6,2,10,9,10,10,6,22.04007285974499,Tamilaga Vettri Kazhagam,3,1,6,5,4,10,6,2,10,9,10,10,6
258,39,209,1,33,42,1,1,147,0,0,1,0,1,475,0,0,475,0,Mayakoothapuram,"Anganwadi  Center,Mayakoothapuram.","1.Kattalangulam  (R.V)  And  (P)  Kattalangulam  Block  4, 999.OVERSEAS  ELECTORS",All  Voters,8.210526315789474,44.0,0.2105263157894737,6.947368421052631,8.842105263157894,0.2105263157894737,0.2105263157894737,30.94736842105263,0.0,2,0.4210526315789473,Dravida Munnetra Kazhagam,209,147,62,4,1,6,5,3,6,6,2,11,11,6,11,6,13.05263157894737,Tamilaga Vettri Kazhagam,4,1,6,5,3,6,6,2,11,11,6,11,6
259,54,147,2,1,88,1,0,190,0,1,0,0,0,484,0,1,485,0,Sivagnanapuram,"T.N.D.T.A.  Primary  School,  1st  room  from south  Portion  Sivagnanapuram","1.Servaikaranmadam  (R.V)  And  (P)  Sivagnnapuram  Block  1, 2.Servaikaranmadam  (R.V)  And  (P)  Sivagnnapuram  Block  2, 999.OVERSEAS  ELECTORS",All  Voters,11.15702479338843,30.37190082644628,0.4132231404958678,0.2066115702479339,18.18181818181818,0.2066115702479339,0.0,39.25619834710744,0.2066115702479339,1,0.2066115702479339,Tamilaga Vettri Kazhagam,190,147,43,4,2,5,6,3,6,9,1,9,6,9,9,9,8.884297520661157,Dravida Munnetra Kazhagam,4,2,5,6,3,6,9,1,9,6,9,9,9
260,66,170,1,3,83,0,1,185,0,0,0,0,1,510,0,1,511,0,Sivagnanapuram,"T.N.D.T.A.  Primary  School,  2nd  room  from south  Portion  Sivagnanapuram.","1.Servaikaranmadam  (R.V)  And  (P)  Thangammalpuram  Block  3, 2.Servaikaranmadam  (R.V)  And  (P)  Thangammalpuram  Block  4, 999.OVERSEAS  ELECTORS",All  Voters,12.94117647058824,33.33333333333333,0.196078431372549,0.5882352941176471,16.27450980392157,0.0,0.196078431372549,36.27450980392157,0.196078431372549,1,0.196078431372549,Tamilaga Vettri Kazhagam,185,170,15,4,2,6,5,3,9,6,1,9,9,9,9,6,2.941176470588235,Dravida Munnetra Kazhagam,4,2,6,5,3,9,6,1,9,9,9,9,6
261,54,231,2,3,130,0,1,319,2,2,0,0,1,745,0,2,747,0,Servaikaranmadam,"T.N.D.T.A.  Middle  School  ,West  Portion Servaikaranmadam","1.Servaikaranmadam  (R.V)  And  (P)  Servaikaranmadam  Block  5, 2.Servaikaranmadam  (R.V)  And  (P)  Servaikaranmadam  Block  6, 999.OVERSEAS  ELECTORS",All  Voters,7.248322147651007,31.00671140939597,0.2684563758389262,0.4026845637583893,17.4496644295302,0.0,0.1342281879194631,42.81879194630873,0.2684563758389262,5,0.6711409395973155,Tamilaga Vettri Kazhagam,319,231,88,4,2,6,5,3,11,9,1,6,6,11,11,9,11.81208053691275,Dravida Munnetra Kazhagam,4,2,6,5,3,11,9,1,6,6,11,11,9
262,66,174,3,3,89,0,0,226,0,0,0,2,0,563,0,1,564,0,Sakkammalpuram,"Panchayat  Union  Primary  School  ,East Building  ,Sakkammalpuram","1.Servaikaranmadam  (R.V)  And  (P)  Block  7  Sakkammalpuram, Sentiambalam,
999.OVERSEAS  ELECTORS",All  Voters,11.72291296625222,30.90586145648312,0.5328596802841918,0.5328596802841918,15.80817051509769,0.0,0.0,40.14209591474246,0.1776198934280639,2,0.3552397868561279,Tamilaga Vettri Kazhagam,226,174,52,4,2,5,5,3,8,8,1,8,8,8,7,8,9.236234458259325,Dravida Munnetra Kazhagam,4,2,5,5,3,8,8,1,8,8,8,7,8
263,35,413,2,3,29,0,0,271,0,0,0,0,0,753,0,1,754,0,Senthiampalam,"T.N.D.T.A.  Primary  School  ,North  Building
,Senthiampalam","1.Servaikaranmadam  (R.V)  And  (P)  Senthiampalam,  Sakkammalpuram Block  7,
999.OVERSEAS  ELECTORS",All  Voters,4.648074369189907,54.8472775564409,0.2656042496679947,0.398406374501992,3.851261620185923,0.0,0.0,35.98937583001328,0.1328021248339973,0,0.0,Dravida Munnetra Kazhagam,413,271,142,3,1,6,5,4,7,7,2,7,7,7,7,7,18.85790172642762,Tamilaga Vettri Kazhagam,3,1,6,5,4,7,7,2,7,7,7,7,7
264,92,221,3,1,136,0,0,346,0,0,1,1,0,801,0,4,805,0,Koottampuli,"T.N.D.T.A  Middle  School,  West  Building, from  North  1st  Room,  Kootampuli","1.Kumaragiri  (R.V)  And  (P)  Kootampuli  liberary  street  block  8,
2.Kumaragiri  (R.V)  And  (P)  Ramasamypuram  North  Street  Block  8,
3.Kumaragiri  (R.V)  And  (P)  MainRoad  Block  8,  4.Kumaragiri  (R.V)  And  (P) SiyanNagar  Block8,  5.Kumaragiri  (R.V)  And  (P)  Ramasamypuram  South Street  Block  8,  6.Kumaragiri  (R.V)  And  (P)  Garneason  North  Street Block9,  999.OVERSEAS  ELECTORS",All  Voters,11.4856429463171,27.59051186017478,0.3745318352059925,0.1248439450686642,16.97877652933833,0.0,0.0,43.1960049937578,0.4993757802746567,2,0.2496878901373283,Tamilaga Vettri Kazhagam,346,221,125,4,2,5,6,3,9,9,1,9,9,6,6,9,15.60549313358302,Dravida Munnetra Kazhagam,4,2,5,6,3,9,9,1,9,9,6,6,9
265,60,131,2,0,54,2,2,255,0,0,0,0,0,506,0,2,508,0,Koottampuli,"T.N.D.T.A  Middle  School,  West  Building, from  North  2nd  Room,  Kootampuli","1.Kumaragri  (P)  Garneason  South  Street  Block9,
2.Kumaragiri  (R.V)  And  (P)  Anbu  UllangalStreet  Block9, 999.OVERSEAS  ELECTORS",All  Voters,11.85770750988142,25.88932806324111,0.3952569169960474,0.0,10.67193675889328,0.3952569169960474,0.3952569169960474,50.39525691699605,0.3952569169960474,0,0.0,Tamilaga Vettri Kazhagam,255,131,124,3,2,5,8,4,5,5,1,8,8,8,8,8,24.50592885375494,Dravida Munnetra Kazhagam,3,2,5,8,4,5,5,1,8,8,8,8,8
266,69,137,2,0,93,0,2,227,2,0,0,0,1,533,0,5,538,0,Koottampuli,"T.N.D.T.A  Middle  School,  North  Building from  West  Portion  1st  Room,  Kootampuli.","1.Kumaragiri  (R.V)  And  (P)  Main  Road  NaduStreet  Block9,  2.Kumaragiri (R.V)  And  (P)  Main  Road  South  Street  Block9,  3.Kumaragiri  (R.V)  And  (P) Main  Road  Bus  Stop  Street  Block9,  4.Kumaragiri  (R.V)  And  (P) Thirumalaiyapuram  Block9,  999.OVERSEAS  ELECTORS",All  Voters,12.94559099437148,25.70356472795497,0.375234521575985,0.0,17.4484052532833,0.0,0.375234521575985,42.5891181988743,0.9380863039399625,3,0.5628517823639775,Tamilaga Vettri Kazhagam,227,137,90,4,2,5,9,3,9,5,1,5,9,9,9,8,16.88555347091932,Dravida Munnetra Kazhagam,4,2,5,9,3,9,5,1,5,9,9,9,8
267,70,150,3,2,48,5,0,176,1,0,0,0,0,455,0,0,455,0,Soosaipandiapuram,"R,C.  Primary  School  ,  North  Building, Soosaipandiapuram","1.Kumaragiri  (R.V)  And  (P)  Soosaipandiyapuram  Block  10, 999.OVERSEAS  ELECTORS",All  Voters,15.38461538461539,32.96703296703296,0.6593406593406593,0.4395604395604396,10.54945054945055,1.098901098901099,0.0,38.68131868131869,0.0,1,0.2197802197802198,Tamilaga Vettri Kazhagam,176,150,26,3,2,6,7,4,5,9,1,8,9,9,9,9,5.714285714285714,Dravida Munnetra Kazhagam,3,2,6,7,4,5,9,1,8,9,9,9,9
268,39,171,1,4,78,0,1,259,0,0,0,0,0,553,0,3,556,0,Ramachandrapura m,"Panchayat  Union  Primary  School,  North Building  1st  Room,  Ramachandrapuram.","1.Kumaragiri  (R.V)  And  (P)  Ramchandrapuram,  block  10,  999.OVERSEAS ELECTORS",All  Voters,7.05244122965642,30.92224231464738,0.1808318264014467,0.7233273056057866,14.10488245931284,0.0,0.1808318264014467,46.83544303797468,0.5424954792043399,0,0.0,Tamilaga Vettri Kazhagam,259,171,88,4,2,6,5,3,8,6,1,8,8,8,8,8,15.91320072332731,Dravida Munnetra Kazhagam,4,2,6,5,3,8,6,1,8,8,8,8,8
269,44,192,1,2,45,0,1,242,1,0,1,1,0,530,0,2,532,0,Pudukottai,"TDTA  P.S.Periyanayagam  Hr.Sec.School  Rev. T.P.Adolphus  Block,  1st  room  From  East, Class  -  10B,  Pudukottai.","1.Kumaragiri  (R.V)  And  (P)  North  street  block  1,
2.Kumaragiri  (R.V)  And  (P)  Arunthathiyar  Street  Block  1,  999.OVERSEAS ELECTORS",All  Voters,8.30188679245283,36.22641509433962,0.1886792452830189,0.3773584905660378,8.49056603773585,0.0,0.1886792452830189,45.66037735849056,0.3773584905660378,3,0.5660377358490566,Tamilaga Vettri Kazhagam,242,192,50,4,2,6,5,3,11,6,1,6,11,6,6,11,9.433962264150944,Dravida Munnetra Kazhagam,4,2,6,5,3,11,6,1,6,11,6,6,11
270,58,172,2,2,72,0,1,196,1,0,0,0,0,504,0,2,506,0,Pudukottai,"TDTA  P.S.Periyanayagam  Hr.Sec.School  Rev. T.P.Adolphus  Block,  2nd  room  From  East, Class  -  10C,  Pudukottai.","1.Kumaragiri  (R.V)  And  (P)  Samuel  Nagar  Street  North  Block  1,
2.Kumaragiri  (R.V)  And  (P)  Middle  Street  Block  1,  3.Kumaragiri  (R.V)  And
(P)  South  Street  Block  1,  4.Kumaragiri  (R.V)  And  (P)  Hospital  East  Block 1,
999.OVERSEAS  ELECTORS",All  Voters,11.50793650793651,34.12698412698413,0.3968253968253968,0.3968253968253968,14.28571428571428,0.0,0.1984126984126984,38.88888888888889,0.3968253968253968,1,0.1984126984126984,Tamilaga Vettri Kazhagam,196,172,24,4,2,5,5,3,9,7,1,7,9,9,9,9,4.761904761904762,Dravida Munnetra Kazhagam,4,2,5,5,3,9,7,1,7,9,9,9,9
271,30,143,0,2,63,0,6,285,0,1,0,0,0,530,0,1,531,0,Pudukottai,"TDTA  P.S.Periyanayagam  Hr.Sec  School,
D.S.B  Wiiliam  Block,  2nd  Room  From  East, Class-10G,  Pudukottai","1.Kumaragiri  (R.V)  And  (P)  Yadavar  street  block  3,  2.Kumaragiri  (R.V)  And
(P)  Sangam  East  Street  Block  3,
3.Kumaragiri  (R.V)  And  (P)  Flovar  Mill  South  Street  Block3,  Indhira  Nagar Block  3
999.OVERSEAS  ELECTORS",All  Voters,5.660377358490567,26.9811320754717,0.0,0.3773584905660378,11.88679245283019,0.0,1.132075471698113,53.77358490566038,0.1886792452830189,1,0.1886792452830189,Tamilaga Vettri Kazhagam,285,143,142,4,2,8,6,3,8,5,1,8,7,8,8,8,26.79245283018868,Dravida Munnetra Kazhagam,4,2,8,6,3,8,5,1,8,7,8,8,8
272,51,179,2,10,73,0,2,333,0,1,1,1,0,653,0,4,657,0,Pudukottai,"TDTA  P.S.Periyanayagam  Hr.Sec  School,
D.S.B  Wiiliam  Block,  3rd  Room  From  East, Class-10F  ,  Pudukottai","1.Kumaragiri  (R.V)  And  (P)  R.C  Middle  Street  Block  3,  2.Kumaragiri  (R.V) And  (P)  Indra  Nagar  Block  3  (Door  No:1  to  3/400)  ,  999.OVERSEAS ELECTORS",All  Voters,7.810107197549771,27.41194486983154,0.3062787136294028,1.531393568147014,11.1791730474732,0.0,0.3062787136294028,50.99540581929556,0.6125574272588056,3,0.4594180704441042,Tamilaga Vettri Kazhagam,333,179,154,4,2,6,5,3,11,6,1,11,8,8,8,11,23.58346094946401,Dravida Munnetra Kazhagam,4,2,6,5,3,11,6,1,11,8,8,8,11
273,59,147,0,13,58,0,0,266,0,1,0,0,0,544,0,3,547,0,Pudukottai,"TDTA  P.S.Periyanayagam  Hr.Sec  School,
D.S.B  Wiiliam  Block,  1st  Room  From  East, Class  -6D,  Pudukottai","1.Kumaragiri  (R.V)  And  (P)  Indra  Nagar  Block  3  (Door  No:3/400  above)  , 999.OVERSEAS  ELECTORS",All  Voters,10.84558823529412,27.02205882352941,0.0,2.389705882352941,10.66176470588235,0.0,0.0,48.89705882352941,0.5514705882352942,1,0.1838235294117647,Tamilaga Vettri Kazhagam,266,147,119,3,2,7,5,4,7,7,1,7,6,7,7,7,21.875,Dravida Munnetra Kazhagam,3,2,7,5,4,7,7,1,7,6,7,7,7
274,49,154,1,4,42,0,0,182,0,2,0,0,0,434,0,1,435,0,Pudukottai,"TDTA  P.S.Periyanayagam  Hr.Sec  School,
D.S.B  Wiiliam  Block,  4th  Room  From  East, Class-10E,  Pudukottai","1.Kumaragiri  (R.V)  And  (P)  North  street  main  road  street  block  4,
2.Kumaragiri  (R.V)  And  (P)  Rajan  Hospital  Street  Block  4,  3.Kumaragiri
(R.V)  And  (P)  Jaykap  Hospital  Street  Block  4,  999.OVERSEAS  ELECTORS",All  Voters,11.29032258064516,35.48387096774194,0.2304147465437788,0.9216589861751152,9.67741935483871,0.0,0.0,41.93548387096774,0.2304147465437788,2,0.4608294930875576,Tamilaga Vettri Kazhagam,182,154,28,3,2,7,5,4,8,8,1,8,6,8,8,8,6.451612903225806,Dravida Munnetra Kazhagam,3,2,7,5,4,8,8,1,8,6,8,8,8
275,43,91,1,4,60,2,2,207,1,0,0,0,1,412,0,2,414,0,Pudukottai,"TDTA  P.S.Periyanayagam  Hr.Sec  School,
D.S.B  Wiiliam  Block,  6th  Room  From  East, Class-  11G,H(Boys),  Pudukottai","1.Kumaragiri  (R.V)  And  (P)  Pillaiyarkovil  Street  Block  4,
2.Kumaragiri  (R.V)  And  (P)  Rajeev  Nagar  Street  Block  4,999.OVERSEAS ELECTORS",All  Voters,10.43689320388349,22.0873786407767,0.2427184466019417,0.9708737864077669,14.5631067961165,0.4854368932038834,0.4854368932038834,50.24271844660194,0.4854368932038834,2,0.4854368932038834,Tamilaga Vettri Kazhagam,207,91,116,4,2,8,5,3,6,6,1,8,11,11,11,8,28.15533980582524,Dravida Munnetra Kazhagam,4,2,8,5,3,6,6,1,8,11,11,11,8
276,41,83,1,7,49,0,2,176,1,0,1,0,0,361,0,0,361,0,Pudukottai,"TDTA  P.S.Periyanayagam  Hr.Sec School,D.S.B  Wiiliam  Block,  5th  Room  From East,  Class-  12D,E(Boys),  Pudukottai","1.Kumaragiri  (R.V)  And  (P)  Sathiram  Shop  Street  Block  4,  2.Kumaragiri (R.V)  And  (P)  Hospital  Street  Block  4,
999.OVERSEAS  ELECTORS",All  Voters,11.35734072022161,22.99168975069252,0.2770083102493075,1.939058171745152,13.57340720221607,0.0,0.554016620498615,48.75346260387812,0.0,2,0.554016620498615,Tamilaga Vettri Kazhagam,176,83,93,4,2,7,5,3,10,6,1,7,10,7,10,10,25.76177285318559,Dravida Munnetra Kazhagam,4,2,7,5,3,10,6,1,7,10,7,10,10
277,83,144,1,10,70,0,3,254,0,0,1,0,1,567,0,1,568,0,Pudukottai,"TDTA  P.S.Periyanayagam  Hr.Sec  School, Communitty  Hall,  2nd  Room  From  East, Class-  11G,H(Girls),  Pudukottai","1.Kumaragiri  (R.V)  And  (P)  Ganapathy  Nagar,  Santhi  Nagar  Block  4,
2.Kumaragiri  (R.V)  And  (P)  Packiyalakshmi  Nagar  Block  4,  3.Kumaragiri (R.V)  And  (P)  Ammankovil  Street  Block  4,  999.OVERSEAS  ELECTORS",All  Voters,14.6384479717813,25.3968253968254,0.1763668430335097,1.763668430335097,12.34567901234568,0.0,0.5291005291005291,44.79717813051146,0.1763668430335097,2,0.3527336860670194,Tamilaga Vettri Kazhagam,254,144,110,3,2,7,5,4,10,6,1,10,10,7,10,7,19.40035273368607,Dravida Munnetra Kazhagam,3,2,7,5,4,10,6,1,10,10,7,10,7
278,54,211,2,5,92,1,0,254,0,0,3,0,0,622,0,2,624,0,Pudukottai,"TDTA  P.S.Periyanayagam  Hr.Sec.School  Rev. T.P.Adolphus  Block,  3rd  room  From  East, Class  -  10D,  Pudukottai.","1.Kumaragiri  (R.V)  And  (P)  Teachers  colony  block  2, 999.OVERSEAS  ELECTORS",All  Voters,8.681672025723474,33.92282958199357,0.3215434083601286,0.8038585209003215,14.79099678456592,0.1607717041800643,0.0,40.83601286173634,0.3215434083601286,3,0.482315112540193,Tamilaga Vettri Kazhagam,254,211,43,4,2,7,5,3,8,9,1,9,9,6,9,9,6.913183279742766,Dravida Munnetra Kazhagam,4,2,7,5,3,8,9,1,9,9,6,9,9
279,151,248,3,28,37,0,2,288,1,1,1,0,4,764,0,6,770,0,Pudukottai,"TDTA  P.S.Periyanayagam  Hr.Sec.School  Rev. T.P.Adolphus  Block,  4th  room  From  East, Class  -  9D,  Pudukottai.","1.Kumaragiri  (R.V)  And  (P)  Siruppadu  Block  5,
2.Kumaragiri  (R.V)  And  (P)  Saveriyarpuram  Block  5, 999.OVERSEAS  ELECTORS",All  Voters,19.76439790575916,32.46073298429319,0.3926701570680628,3.664921465968586,4.842931937172775,0.0,0.2617801047120419,37.69633507853403,0.7853403141361256,7,0.9162303664921465,Tamilaga Vettri Kazhagam,288,248,40,3,2,7,5,4,12,8,1,9,9,9,12,6,5.235602094240837,Dravida Munnetra Kazhagam,3,2,7,5,4,12,8,1,9,9,9,12,6
280,75,146,4,2,111,0,0,328,2,1,0,0,0,669,0,1,670,0,Kootampuli,"T.N.D.T.A  Middle  School,  West  Building, from  North  3rd  Room,  Kootampuli","1.Kumaragiri  (R.V)  And  (P)  Siluvaipuram  block  6,  2.Kumaragiri  (R.V)  And
(P)  East  Street  Block  6,  3.Kumaragiri  (R.V)  And  (P)  Arunthathiyar  Street Block  6,  999.OVERSEAS  ELECTORS",All  Voters,11.21076233183857,21.82361733931241,0.5979073243647235,0.2989536621823617,16.59192825112108,0.0,0.0,49.02840059790732,0.1494768310911809,3,0.4484304932735426,Tamilaga Vettri Kazhagam,328,146,182,4,2,5,6,3,9,9,1,6,8,9,9,9,27.20478325859492,Dravida Munnetra Kazhagam,4,2,5,6,3,9,9,1,6,8,9,9,9
281,21,116,1,0,140,0,1,145,0,0,0,0,0,424,0,3,427,0,Kootampuli,"T.N.D.T.A  Middle  School,  North  Building from  East  Portion  1'st  Room,  Kootampuli","1.Kumaragiri  (R.V)  And  (P)  North  Street  Block  7,  2.Kumaragiri  (R.V)  And
(P)  Ramasamyapuram  North  Street  Block  7,  3.Kumaragiri  (R.V)  And  (P) School  Street  Block  7,  999.OVERSEAS  ELECTORS",All  Voters,4.952830188679245,27.35849056603773,0.2358490566037736,0.0,33.0188679245283,0.0,0.2358490566037736,34.19811320754717,0.7075471698113208,0,0.0,Tamilaga Vettri Kazhagam,145,140,5,4,3,5,7,2,7,5,1,7,7,7,7,7,1.179245283018868,Amma Makkal Munnettra Kazagam,4,3,5,7,2,7,5,1,7,7,7,7,7
282,36,223,2,64,26,0,1,168,1,1,0,0,4,526,0,2,528,0,Vadakku  kalankarai,"Panchayat  Union  Primary  School  ,  North Building  ,North  portion,Vadakku  kalankarai","1.Korampallam  Part  1  (R.V)  And  (P)  South  Street  Block  5,2.Korampalam Part  1  (R.V)  And  (P)  Middle  Street  Block  5,  3.Korampallam  Part  1  (R.V) And  (P)  North  Street  Block  5,  4.Korampallam  Part  1  (R.V)  And  (P)  Main Street  Block  5,  5.Maravanmadam  (R.V)  And  (P)  South  Kalangkarai  Block 4  ,  999.OVERSEAS  ELECTORS",All  Voters,6.844106463878327,42.39543726235742,0.3802281368821293,12.16730038022814,4.942965779467681,0.0,0.1901140684410646,31.93916349809886,0.3802281368821293,6,1.140684410646388,Dravida Munnetra Kazhagam,223,168,55,4,1,7,3,5,11,8,2,8,8,11,11,6,10.45627376425856,Tamilaga Vettri Kazhagam,4,1,7,3,5,11,8,2,8,8,11,11,6
283,63,131,1,10,108,0,2,211,2,0,2,0,1,531,0,1,532,0,Atthimarapatti,"T.N.D.T.A.  Primary  School  ,  North  Building East  Side  Atthimarapatti","1.(Thoothukudi  Corporation)  Athimarappatti  Block  4, 999.OVERSEAS  ELECTORS",All  Voters,11.86440677966102,24.67043314500942,0.1883239171374765,1.883239171374764,20.33898305084746,0.0,0.3766478342749529,39.73634651600753,0.1883239171374765,5,0.9416195856873822,Tamilaga Vettri Kazhagam,211,131,80,4,2,9,5,3,11,6,1,6,11,6,11,9,15.06591337099812,Dravida Munnetra Kazhagam,4,2,9,5,3,11,6,1,6,11,6,11,9
284,67,167,2,28,98,0,2,293,3,1,1,0,0,662,0,5,667,0,Atthimarapatti,"T.N.D.T.A.  Primary  School  ,  North  Building West  Side  Atthimarapatti","1.(Thoothukudi  Corporation)  Shunmugapuram  Block  3, 2.(Thoothukudi  Corporation)  East  Street  Block  3,
3.(Thoothukudi  Corporation)  West  Street  Block  2, 4.(Thoothukudi  Corporation)  South  Street  Block  4,
5.(Thoothukudi  Corporation)  Amman  Kovil  Street  Block  1,
999.OVERSEAS  ELECTORS",All  Voters,10.12084592145015,25.22658610271903,0.3021148036253776,4.229607250755287,14.8036253776435,0.0,0.3021148036253776,44.25981873111783,0.7552870090634441,5,0.7552870090634441,Tamilaga Vettri Kazhagam,293,167,126,4,2,7,5,3,11,7,1,6,9,9,11,11,19.03323262839879,Dravida Munnetra Kazhagam,4,2,7,5,3,11,7,1,6,9,9,11,11
285,75,128,4,11,46,0,0,322,2,1,0,0,0,589,0,3,592,0,Atthimarapatti,"Corporation  Middle  School,  North  Building, East  Side  Athimarappati.","1.(Thoothukudi  Corporation)  Atthimarappatti,  (Door  No  :1  to  4/130  ) 999.OVERSEAS  ELECTORS",All  Voters,12.73344651952462,21.73174872665535,0.6791171477079796,1.867572156196944,7.809847198641766,0.0,0.0,54.66893039049236,0.5093378607809848,3,0.5093378607809848,Tamilaga Vettri Kazhagam,322,128,194,3,2,6,5,4,9,9,1,7,8,9,9,9,32.93718166383701,Dravida Munnetra Kazhagam,3,2,6,5,4,9,9,1,7,8,9,9,9
286,21,184,1,8,89,0,0,146,2,1,0,1,0,453,0,0,453,0,Atthimarapatti,"Corporation  Middle  School,  North  Building, From  West  side  Athimarappati.","1.(Thoothukudi  Corporation)  Atthimarappatti,  (Door  No  :  4/130  Above  ) 999.OVERSEAS  ELECTORS",All  Voters,4.635761589403973,40.61810154525386,0.2207505518763797,1.766004415011037,19.64679911699779,0.0,0.0,32.22958057395143,0.0,4,0.8830022075055187,Dravida Munnetra Kazhagam,184,146,38,4,1,7,5,3,10,10,2,6,7,10,7,10,8.388520971302428,Tamilaga Vettri Kazhagam,4,1,7,5,3,10,10,2,6,7,10,7,10
287,52,253,2,0,32,1,0,187,2,0,1,1,0,531,0,3,534,0,Korampallam,"T.N.D.T.A.  Perinimbam  ammal  Middle  School
,East  Building  North  Portion,  Korampallam","1.Korampallam  Part  1  (R.V)  And  (P)  Kulankarai  Street, 2.Korampallam  Part  1  (R.V)  And  (P)  South  Street, 3.Korampallam  Part  1  (R.V)  And  (P)  Kovil  Street, 999.OVERSEAS  ELECTORS",All  Voters,9.792843691148775,47.64595103578154,0.3766478342749529,0.0,6.026365348399247,0.1883239171374765,0.0,35.2165725047081,0.5649717514124294,4,0.7532956685499058,Dravida Munnetra Kazhagam,253,187,66,3,1,5,10,4,7,10,2,5,10,7,7,10,12.42937853107345,Tamilaga Vettri Kazhagam,3,1,5,10,4,7,10,2,5,10,7,7,10
288,58,189,0,2,41,1,0,287,1,0,0,1,2,582,0,1,583,0,Korampallam,"T.N.D.T.A.  Perinimbam  ammal  Middle  School
,East  Building,  South  portion,  Korampallam","1.Korampallam  Part  1  (R.V)  And  (P)  Bank  Street, 2.Korampallam  Part  1  (R.V)  And  (P)  Main  Street, 3.Korampallam  Part  1  (R.V)  And  (P)  Paripooranam  Colony, 4.Korampallam  Part  1  (R.V)  And  (P)  P.S.P.Nagar  1st  Street, 5.Korampallam  Part  1  (R.V)  And  (P)  P.S.P.  Nagar  2nd  Street, 6.Korampallam  Part  1  (R.V)  And  (P)  P.S.P.  Nagar  3rd  Street, 999.OVERSEAS  ELECTORS",All  Voters,9.965635738831615,32.47422680412371,0.0,0.3436426116838488,7.0446735395189,0.1718213058419244,0.0,49.3127147766323,0.1718213058419244,4,0.6872852233676976,Tamilaga Vettri Kazhagam,287,189,98,3,2,10,5,4,7,10,1,7,10,10,7,5,16.83848797250859,Dravida Munnetra Kazhagam,3,2,10,5,4,7,10,1,7,10,10,7,5
289,51,122,3,10,14,0,0,218,0,2,0,1,0,421,0,1,422,0,Korampallam,"T.N.D.T.A.  Perinimbam  ammal  Middle  School
,West  Building,  South  Portion,  Korampallam","1.Korampallam  Part  1  (R.V)  And  (P)  Ponseenivasa  Nagar  Block  1, 2.Korampallam  Part  1  (R.V)  And  (P)  Rajapandi  Nagar  Block  1, 3.Korampallam  Part  1  (R.V)  And  (P)  Prince  Nagar  Block  1,  4.Korampallam Part  1  (R.V)  And  (P)  Karmel  Nagar  Block  1,  5.Korampallam  Part  1  (R.V) And  (P)  Kurinji  Nagar  Block  1,  999.OVERSEAS  ELECTORS",All  Voters,12.11401425178147,28.97862232779098,0.7125890736342043,2.375296912114014,3.32541567695962,0.0,0.0,51.78147268408551,0.2375296912114014,3,0.7125890736342043,Tamilaga Vettri Kazhagam,218,122,96,3,2,6,5,4,9,9,1,9,7,9,8,9,22.80285035629454,Dravida Munnetra Kazhagam,3,2,6,5,4,9,9,1,9,7,9,8,9
290,75,176,4,13,30,3,1,326,1,0,0,0,1,630,0,3,633,0,Korampallam,"T.N.D.T.A.  Perinimbam  ammal  Middle  School
,West  Building,  North  Portion,  Korampallam.","1.Korampallam  Part  1  (R.V)  And  (P)  Subramaniapuram  Block  1, 2.Korampallam  Part  1  (R.V)  And  (P)  K.  Anthonyarpuram  Block  1, 3.Korampallam  Part  1  (R.V)  And  (P)  Srini  Nagar  Block1,  999.OVERSEAS ELECTORS",All  Voters,11.9047619047619,27.93650793650794,0.6349206349206349,2.063492063492063,4.761904761904762,0.4761904761904762,0.1587301587301587,51.74603174603175,0.4761904761904762,2,0.3174603174603174,Tamilaga Vettri Kazhagam,326,176,150,3,2,6,5,4,7,8,1,8,11,11,11,8,23.80952380952381,Dravida Munnetra Kazhagam,3,2,6,5,4,7,8,1,8,11,11,11,8
291,57,186,2,22,36,0,0,205,0,0,0,0,1,509,0,0,509,0,Periyanayagapuram,"T.N.D.T.A.  Primary  School,  South  Facing Building  Periyanayagapuram","1.Korampallam  Part  1  (R.V)  And  (P)  Main  Street  Block  3, 2.Korampallam  Part  1  (R.V)  And  (P)  Veda  Kovil  Street  Block  3,
3.Korampallam  Part  1  (R.V)  And  (P)  Middle  Street  Block  3,
999.OVERSEAS  ELECTORS",All  Voters,11.19842829076621,36.54223968565815,0.3929273084479371,4.322200392927308,7.072691552062868,0.0,0.0,40.27504911591356,0.0,1,0.1964636542239686,Tamilaga Vettri Kazhagam,205,186,19,3,2,6,5,4,8,8,1,8,8,8,8,7,3.732809430255403,Dravida Munnetra Kazhagam,3,2,6,5,4,8,8,1,8,8,8,8,7
292,25,157,1,30,57,0,2,160,0,0,0,0,1,433,0,2,435,0,Periyanayagapuram,"Anganwadi  Center,  Periyanayagapuram.","1.Korampallam  Part  1  (R.V)  And  (P)  East  Street  Block  3, 2.Korampallam  Part  1  (R.V)  And  (P)  South  Street  Block  4,
3.Korampallam  Part  1  (R.V)  And  (P)  Kalavasal  Street  Block  4, 4.Korampallam  Part  1  (R.V)  And  (P)  North  Street  Block  3,  999.OVERSEAS
ELECTORS",All  Voters,5.773672055427252,36.25866050808314,0.2309468822170901,6.928406466512701,13.16397228637413,0.0,0.4618937644341801,36.95150115473441,0.4618937644341801,1,0.2309468822170901,Tamilaga Vettri Kazhagam,160,157,3,5,2,7,4,3,9,6,1,9,9,9,9,7,0.6928406466512702,Dravida Munnetra Kazhagam,5,2,7,4,3,9,6,1,9,9,9,9,7
293,54,113,2,18,133,1,0,134,0,1,0,0,1,457,0,0,457,0,Podammalpuram,Hindu  Primary  School  Podammalpuram,"1.Kulaiyankarisal  (R.V)  And  (P)  Diraviapuram  South  Street  Block  10,
2.Kulaiyankarisal  (R.V)  And  (P)  Podammalpuram  South  Street  Block  10, 3.Kulaiankarisal  (R.V)  And  (P)  Podammalpuram  North  Street  Block 11,999.OVERSEAS  ELECTORS",All  Voters,11.81619256017506,24.72647702407002,0.437636761487965,3.938730853391685,29.10284463894967,0.2188183807439825,0.0,29.32166301969366,0.0,2,0.437636761487965,Tamilaga Vettri Kazhagam,134,133,1,4,3,6,5,2,7,10,1,10,7,10,10,7,0.2188183807439825,Amma Makkal Munnettra Kazagam,4,3,6,5,2,7,10,1,10,7,10,10,7
294,82,196,1,1,148,1,2,235,1,1,0,0,0,668,0,2,670,0,Kulaiyankarisal,"T.N.D.T.A.Abiseganathar  Hr.  Sec  School
,New  Building  from  South  Side  2nd  Room
,Kulaiankarisel","1.Kulaiyankarisal  (R.V)  And  (P)  East  Street, 2.Kulaiyankarisal  (R.V)  And  (P)  West  Street, 3.Kulaiyankarisal  (R.V)  And  (P)  North  Street, 999.OVERSEAS  ELECTORS",All  Voters,12.27544910179641,29.34131736526946,0.1497005988023952,0.1497005988023952,22.15568862275449,0.1497005988023952,0.2994011976047904,35.17964071856288,0.2994011976047904,2,0.2994011976047904,Tamilaga Vettri Kazhagam,235,196,39,4,2,6,6,3,6,5,1,6,6,11,11,11,5.838323353293413,Dravida Munnetra Kazhagam,4,2,6,6,3,6,5,1,6,6,11,11,11
295,71,136,4,1,104,2,1,195,1,0,0,0,0,515,0,1,516,0,Kulaiyankarisal,"T.N.D.T.A.  Abiseganathar  Hr.  Sec.  School, New  Building  North  Side,3  rd  Room  ,
Kulaiyankarisal","1.Kulaiyankarisal  (R.V)  And  (P)  Matha  Kovil  Street, 2.Kulaiyankarisal  (R.V)  And  (P)  Middle  Street, 999.OVERSEAS  ELECTORS",All  Voters,13.78640776699029,26.40776699029126,0.7766990291262136,0.1941747572815534,20.19417475728155,0.3883495145631068,0.1941747572815534,37.86407766990291,0.1941747572815534,1,0.1941747572815534,Tamilaga Vettri Kazhagam,195,136,59,4,2,5,7,3,6,7,1,7,10,10,10,10,11.45631067961165,Dravida Munnetra Kazhagam,4,2,5,7,3,6,7,1,7,10,10,10,10
296,52,120,0,2,108,0,1,211,3,0,0,1,0,498,0,2,500,0,Kulaiyankarisal,"T.N.D.T.A.  Abiseganathar  Hr.  Sec  School  , New  Building  South  Room-1  Kulaiankarisel","1.Kulaiyankarisal  (R.V)  And  (P)  East  Street  Block  7,
2.Kulaiyankarisal  (R.V)  And  (P)  East  Street  Continues  West  Block  7, 999.OVERSEAS  ELECTORS",All  Voters,10.44176706827309,24.09638554216868,0.0,0.4016064257028112,21.68674698795181,0.0,0.2008032128514056,42.36947791164658,0.4016064257028112,4,0.8032128514056224,Tamilaga Vettri Kazhagam,211,120,91,4,2,9,6,3,9,7,1,5,9,9,7,9,18.27309236947791,Dravida Munnetra Kazhagam,4,2,9,6,3,9,7,1,5,9,9,7,9
297,35,181,3,3,98,3,2,208,1,0,0,0,0,534,0,2,536,0,Kulaiyankarisal,"T.N.D.T.A.  Abiseganathar  Hr.  Sec  School  , New  Building  North  Room-3rd  Kulaiankarisel","1.Kulaiyankarisal  (R.V)  And  (P)  Vinayagapuram  Block  9,
2.Kulaiyankarisal  (R.V)  And  (P)  Rathnapuri  Block  9,  3.Kulaiyankarisal (R.V)  And  (P)  Keela  Vadakku  Street  Block  9,  4.Kulaiyankarisal  (R.V)  And
(P)  Middle  Street  East  Block  6,  5.Kulaiyankarisal  (R.V)  And  (P)
Pandiyapuram  Block  9,  999.OVERSEAS  ELECTORS",All  Voters,6.554307116104868,33.89513108614232,0.5617977528089888,0.5617977528089888,18.35205992509363,0.5617977528089888,0.3745318352059925,38.95131086142322,0.3745318352059925,1,0.1872659176029963,Tamilaga Vettri Kazhagam,208,181,27,4,2,5,5,3,5,8,1,9,10,10,10,10,5.056179775280898,Dravida Munnetra Kazhagam,4,2,5,5,3,5,8,1,9,10,10,10,10
298,48,153,4,3,57,1,3,309,1,1,0,0,0,580,0,3,583,0,M.  Savariarpuram,"R.C.  Primary  School  ,  South  Building,  from East  2  nd  Room,  M.  Savariarpuram","1.(Thoothukudi  Corporation)  Bharathi  Nagar, 999.OVERSEAS  ELECTORS",All  Voters,8.275862068965518,26.37931034482759,0.6896551724137931,0.5172413793103449,9.827586206896552,0.1724137931034483,0.5172413793103449,53.27586206896552,0.5172413793103449,2,0.3448275862068966,Tamilaga Vettri Kazhagam,309,153,156,4,2,5,6,3,8,6,1,8,8,11,11,11,26.89655172413793,Dravida Munnetra Kazhagam,4,2,5,6,3,8,6,1,8,8,11,11,11
299,66,168,5,4,77,0,1,311,1,0,2,0,1,636,0,2,638,0,M.  Savariarpuram,"R.C.  Primary  School  ,  East  Building  South Portion,  M.  Savariarpuram","1.(Thoothukudi  Corporation)  Subash  Nagar,
2.(Thoothukudi  Corporation)  Kamarajar  Road,
3.(Thoothukudi  Corporation)  Thavasi  Perumal  Road, 4.(Thoothukudi  Corporation)  Saveriarpuram, 999.OVERSEAS  ELECTORS",All  Voters,10.37735849056604,26.41509433962264,0.7861635220125787,0.628930817610063,12.10691823899371,0.0,0.1572327044025157,48.89937106918239,0.3144654088050315,4,0.628930817610063,Tamilaga Vettri Kazhagam,311,168,143,4,2,5,6,3,11,8,1,8,11,7,11,8,22.48427672955975,Dravida Munnetra Kazhagam,4,2,5,6,3,11,8,1,8,11,7,11,8
300,40,204,3,5,82,1,0,241,2,0,0,1,0,579,0,3,582,0,M.  Savariarpuram,"R..C.  Primary  School,  South  Building  from East  3  rd  Room,  M.  Savariarpuram","1.(Thoothukudi  Corporation)  Annai  Therasa  Nagar, 2.(Thoothukudi  Corporation)  Ambedkar  Nagar, 999.OVERSEAS  ELECTORS",All  Voters,6.90846286701209,35.23316062176166,0.5181347150259068,0.8635578583765112,14.16234887737478,0.1727115716753022,0.0,41.62348877374784,0.5181347150259068,3,0.5181347150259068,Tamilaga Vettri Kazhagam,241,204,37,4,2,6,5,3,8,10,1,7,10,10,8,10,6.390328151986183,Dravida Munnetra Kazhagam,4,2,6,5,3,8,10,1,7,10,10,8,10
301,52,217,1,8,64,0,1,349,0,0,0,1,0,693,0,4,697,0,M.  Savariarpuram,"R.C.  Primary  School,  south  Building,  from East  4th  Room  M.  Savariarpuram","1.(Thoothukudi  Corporation)  Kumarasamy  Nagar,
2.(Thoothukudi  Corporation)  Thavasi  Perumal  Road, 999.OVERSEAS  ELECTORS",All  Voters,7.503607503607504,31.31313131313131,0.1443001443001443,1.154401154401154,9.235209235209235,0.0,0.1443001443001443,50.36075036075036,0.5772005772005772,1,0.1443001443001443,Tamilaga Vettri Kazhagam,349,217,132,4,2,6,5,3,9,6,1,9,9,9,6,9,19.04761904761905,Dravida Munnetra Kazhagam,4,2,6,5,3,9,6,1,9,9,9,6,9
302,40,134,1,7,52,0,0,320,4,2,1,0,0,561,0,0,561,0,M.  Savariarpuram,"R.C.Primary  School,  West  portion  tiled building  M.  Savariarpuram","1.(Thoothukudi  Corporation)  Ezhil  Nagar,
2.(Thoothukudi  Corporation)  Subash  Nagar,
3.(Thoothukudi  Corporation)  Bharathi  Nagar  4th  Street,
4.(Thoothukudi  Corporation)  Bharathi  Nagar  Spic  Opposite  Side,
5.(Thoothukudi  Corporation)  Thendral  Nagar,  999.OVERSEAS  ELECTORS",All  Voters,7.130124777183601,23.88591800356506,0.17825311942959,1.24777183600713,9.269162210338681,0.0,0.0,57.04099821746881,0.0,7,1.24777183600713,Tamilaga Vettri Kazhagam,320,134,186,4,2,8,5,3,10,10,1,6,7,8,10,10,33.15508021390374,Dravida Munnetra Kazhagam,4,2,8,5,3,10,10,1,6,7,8,10,10
303,33,78,1,4,12,0,1,98,0,0,1,0,1,229,0,3,232,0,Spic  Nagar,Spic  Nagar  Nursery  and  primary  school  room No  57  East  portion  Spic  Nagar,"1.(Thoothukudi  Corporation)  Spic  Nagar  A  Sector,
2.(Thoothukudi  Corporation)  Heavy  Water  Plant  colony  B1  Sector, 3.(Thoothukudi  Corporation)  Heavy  Water  Plant  Colony  A  Sector, 4.(Thoothukudi  Corporation)  Heavy  Water  Plant  Colony  B2  Sector, 5.(Thoothukudi  Corporation)  Heavy  Water  Plant  Colony  C  Sector, 6.(Thoothukudi  Corporation)  Heavy  Water  Plant  Colony  D  Sector,
7.(Thoothukudi  Corporation)  Heavy  Water  Pland  Quarters  A1  Sector,
8.(Thoothukudi  Corporation)  Heavy  Water  Pland  Quarters  A2  Sector, 999.OVERSEAS  ELECTORS",All  Voters,14.41048034934498,34.06113537117904,0.4366812227074235,1.746724890829694,5.240174672489083,0.0,0.4366812227074235,42.79475982532751,1.310043668122271,2,0.8733624454148471,Tamilaga Vettri Kazhagam,98,78,20,3,2,6,5,4,10,6,1,10,10,6,10,6,8.73362445414847,Dravida Munnetra Kazhagam,3,2,6,5,4,10,6,1,10,10,6,10,6
304,89,113,1,2,90,0,1,239,0,0,0,1,2,538,0,3,541,0,M.  Savariarpuram,"St.  Antonyar  High  School,  North  Building
,East  from  1st  room,  M.  Savariarpuram","1.(Thoothukudi  Corporation)
M  Saveriarpuram  (Sl.No.1  to  800  Electoroll  Roll)  999.OVERSEAS ELECTORS",All  Voters,16.54275092936803,21.00371747211896,0.1858736059479554,0.3717472118959108,16.72862453531599,0.0,0.1858736059479554,44.42379182156134,0.5576208178438662,3,0.5576208178438662,Tamilaga Vettri Kazhagam,239,113,126,4,2,7,5,3,10,7,1,10,10,10,7,5,23.42007434944238,Dravida Munnetra Kazhagam,4,2,7,5,3,10,7,1,10,10,10,7,5
305,81,121,1,3,52,0,1,314,2,0,0,1,0,576,0,1,577,0,M.  Savariarpuram,"R.C.Primary  school,  South  Building,  M. Savariarpuram","1.(Thoothukudi  Corporation)
M  Saveriarpuram  (Sl.No.801  to  1559  Electoroll  Roll)  999.OVERSEAS ELECTORS",All  Voters,14.0625,21.00694444444445,0.1736111111111111,0.5208333333333333,9.027777777777777,0.0,0.1736111111111111,54.51388888888889,0.1736111111111111,3,0.5208333333333333,Tamilaga Vettri Kazhagam,314,121,193,3,2,7,5,4,10,7,1,6,10,10,7,10,33.50694444444444,Dravida Munnetra Kazhagam,3,2,7,5,4,10,7,1,6,10,10,7,10
306,51,148,1,1,46,0,1,229,4,0,0,0,1,482,0,3,485,0,M.  Savariarpuram,"St.  Antonyar  High  School,  New  North Building  East  from  2nd  room,  M. Savariarpuram","1.(Thoothukudi  Corporation)  Santhosh  Nagar, 2.(Thoothukudi  Corporation)  Geetha  Nagar,
3.(Thoothukudi  Corporation)  Kakkanji  Nagar,  Maha  Nagar,
999.OVERSEAS  ELECTORS",All  Voters,10.58091286307054,30.70539419087137,0.2074688796680498,0.2074688796680498,9.54356846473029,0.0,0.2074688796680498,47.5103734439834,0.6224066390041494,5,1.037344398340249,Tamilaga Vettri Kazhagam,229,148,81,3,2,6,6,4,10,6,1,5,10,10,10,6,16.80497925311203,Dravida Munnetra Kazhagam,3,2,6,6,4,10,6,1,5,10,10,10,6
307,68,156,2,1,98,0,2,267,0,1,0,0,2,597,0,3,600,0,Mullakadu,"Corporation  Multipurpose  Project  Building, Tiruchendur  Main  Road,  Mullakadu","1.(Thoothukudi  Corporation)  Gandhi  nagar, 999.OVERSEAS  ELECTORS",All  Voters,11.39028475711893,26.13065326633166,0.3350083752093803,0.1675041876046901,16.41541038525963,0.0,0.3350083752093803,44.72361809045226,0.5025125628140703,3,0.5025125628140703,Tamilaga Vettri Kazhagam,267,156,111,4,2,5,8,3,10,5,1,10,8,10,10,5,18.5929648241206,Dravida Munnetra Kazhagam,4,2,5,8,3,10,5,1,10,8,10,10,5
308,60,210,2,2,116,0,2,423,3,0,0,0,1,819,0,5,824,0,Mullakadu,"Anganwadi  Center,  Mullakadu  Main  Road, Mullakadu","1.(Thoothukudi  Corporation)  Kovalam  Road,
2.(Thoothukudi  Corporation)  Kamarajar  Nagar, 3(Thoothukudi  Corporation)  Nesamani  Nagar, 4.(Thoothukudi  Corporation)  Indira  Nagar,
5.(Thoothukudi  Corporation)  Balaji  Nagar,
999.OVERSEAS  ELECTORS",All  Voters,7.326007326007327,25.64102564102564,0.2442002442002442,0.2442002442002442,14.16361416361416,0.0,0.2442002442002442,51.64835164835166,0.6105006105006106,4,0.4884004884004884,Tamilaga Vettri Kazhagam,423,210,213,4,2,6,6,3,10,6,1,5,10,10,10,9,26.00732600732601,Dravida Munnetra Kazhagam,4,2,6,6,3,10,6,1,5,10,10,10,9
309,79,192,4,4,68,0,0,254,2,0,0,0,1,604,0,3,607,0,M.  Savariarpuram,"St.Antony  High  School  ,North  Building,  from 3rd  Room  East,  M.  Savariarpuram","1.(Thoothukudi  Corporation)  Abirami  Nagar, 2.(Thoothukudi  Corporation)  Santhi  Nagar, 999.OVERSEAS  ELECTORS",All  Voters,13.0794701986755,31.78807947019868,0.6622516556291391,0.6622516556291391,11.25827814569536,0.0,0.0,42.05298013245033,0.4966887417218543,3,0.4966887417218543,Tamilaga Vettri Kazhagam,254,192,62,3,2,5,5,4,9,9,1,7,9,9,9,8,10.26490066225166,Dravida Munnetra Kazhagam,3,2,5,5,4,9,9,1,7,9,9,9,8
310,77,176,5,6,73,3,2,409,8,2,0,1,2,764,0,3,767,0,M.  Savariarpuram,"St.Antony  High  School  ,North  Building,  from East  6th  Room,  M.  Savariarpuram","1.(Thoothukudi  Corporation)  Corporation)  Rajeev  Nagar  (Door  No:5/1  - 6/959)
999.OVERSEAS  ELECTORS",All  Voters,10.07853403141361,23.03664921465969,0.6544502617801047,0.7853403141361256,9.55497382198953,0.3926701570680628,0.2617801047120419,53.53403141361257,0.3926701570680628,13,1.701570680628272,Tamilaga Vettri Kazhagam,409,176,233,3,2,7,6,4,8,9,1,5,9,13,12,9,30.49738219895288,Dravida Munnetra Kazhagam,3,2,7,6,4,8,9,1,5,9,13,12,9
311,69,136,3,7,75,2,1,358,7,2,0,0,1,661,0,5,666,0,M.  Savariarpuram,"St.Antony  High  School  ,North  Building,  from East  7th  Room,  M.  Savariarpuram",1.(Thoothukudi  Corporation)  Rajeev  Nagar  (Door  No:6/960  -  1186) 999.OVERSEAS  ELECTORS,All  Voters,10.43872919818457,20.5748865355522,0.453857791225416,1.059001512859304,11.3464447806354,0.302571860816944,0.151285930408472,54.16036308623298,0.7564296520423601,10,1.51285930408472,Tamilaga Vettri Kazhagam,358,136,222,4,2,7,5,3,8,10,1,5,8,12,12,10,33.58547655068079,Dravida Munnetra Kazhagam,4,2,7,5,3,8,10,1,5,8,12,12,10
312,27,127,1,1,49,0,0,190,1,0,0,1,0,397,0,3,400,0,M.  Savariarpuram,"R.C.Primary  School,  Church  back  side,  left side  building  middle  room","1.(Thoothukudi  Corporation)  Athiparasakthi  Nagar, 2.(Thoothukudi  Corporation)  Sakthi  Nagar, 999.OVERSEAS  ELECTORS",All  Voters,6.801007556675064,31.98992443324937,0.2518891687657431,0.2518891687657431,12.34256926952141,0.0,0.0,47.85894206549118,0.7556675062972292,2,0.5037783375314862,Tamilaga Vettri Kazhagam,190,127,63,4,2,5,5,3,9,9,1,5,9,9,5,9,15.86901763224181,Dravida Munnetra Kazhagam,4,2,5,5,3,9,9,1,5,9,9,5,9
313,55,144,0,2,71,0,1,372,2,1,1,2,1,652,0,3,655,0,M.  Savariarpuram,"R.C.Primary  School,  Church  back  side,  left side  building  right  last  room","1.(Thoothukudi  Corporation)  Kumarasamy  Nagar,
2.(Thoothukudi  Corporation)  Saveriarpuram  South, 3.(Thoothukudi  Corporation)  Ambedkar  Nagar,
4.(Thoothukudi  Corporation)  Nesamani  Nagar,  Ganesapuram,
999.OVERSEAS  ELECTORS",All  Voters,8.43558282208589,22.08588957055215,0.0,0.3067484662576687,10.88957055214724,0.0,0.1533742331288344,57.05521472392638,0.4601226993865031,7,1.073619631901841,Tamilaga Vettri Kazhagam,372,144,228,4,2,12,5,3,12,8,1,5,8,8,5,8,34.96932515337423,Dravida Munnetra Kazhagam,4,2,12,5,3,12,8,1,5,8,8,5,8
314,65,157,2,5,70,0,2,409,3,0,0,2,0,715,0,2,717,0,M.  Savariarpuram,"St.  Antony  High  School,  North  Building,from East  8th  Room  M.  Savariarpuram","1.(Thoothukudi  Corporation)  Nehruji  Nagar, 2.(Thoothukudi  Corporation)  Swami  Nagar, 3.(Thoothukudi  Corporation)  V.O.C.  Nagar, 999.OVERSEAS  ELECTORS",All  Voters,9.090909090909092,21.95804195804196,0.2797202797202797,0.6993006993006993,9.79020979020979,0.0,0.2797202797202797,57.20279720279721,0.2797202797202797,5,0.6993006993006993,Tamilaga Vettri Kazhagam,409,157,252,4,2,7,5,3,10,7,1,6,10,10,7,10,35.24475524475525,Dravida Munnetra Kazhagam,4,2,7,5,3,10,7,1,6,10,10,7,10
315,54,207,3,14,56,0,1,423,3,2,0,1,1,765,0,8,773,0,M.  Savariarpuram,"St.  Antony  High  School,  North  Building,  East 9th  Room,  M.  Savariarpuram","1.(Thoothukudi  Corporation)  Thangamani  Nagar, 2.(Thoothukudi  Corporation)  Santhi  Nagar, 999.OVERSEAS  ELECTORS",All  Voters,7.058823529411764,27.05882352941176,0.392156862745098,1.830065359477124,7.320261437908497,0.0,0.130718954248366,55.29411764705883,1.045751633986928,7,0.9150326797385622,Tamilaga Vettri Kazhagam,423,207,216,4,2,6,5,3,12,9,1,6,8,12,9,9,28.23529411764706,Dravida Munnetra Kazhagam,4,2,6,5,3,12,9,1,6,8,12,9,9
