serial no. of polling station,all india anna dravida munnetra kazhagam,dravida munnetra kazhagam,naam tamilar katchi,tamilaga vettri kazhagam,tamizhaga vaazhvurimai katchi,vishwa tamil kazhagam,independent,independent.1,independent.2,independent.3,independent.4,independent.5,independent.6,independent.7,total of valid votes,no. of rejected votes,nota,total,no. of tendered votes,polling station number,building in which it will be located,polling areas,whether for all voters or men only or women only,building_clean,location_clean,Winner_Party,Winner_Votes,Runner_Up_Votes,Margin_Of_Victory,Runner_Up_Party,AIADMK_Rank,DMK_Rank,NTK_Rank,TVK_Rank,TAVAK_Rank,VTK_Rank,NOTA_Rank,IND1_Rank,IND2_Rank,IND3_Rank,IND4_Rank,IND5_Rank,IND6_Rank,IND7_Rank,IND8_Rank,Margin_Percentage,Total_Independent_Votes
1,191,378,69,277,1,0,0,0,0,0,0,0,1,1,918,0,0,918,0,1,"Government Higher Secondary School, Paravai, North Western side, Corner Building 1st class room towards north to south - East Facing, Paravai - 625402","1.Paravai (TP) Amman Kovil Street Ward 1 ,
2.Paravai (TP) Mela Veli Street Ward 1
3.Paravai (TP) Mela Veli Street 1st Cross Lane Ward 1 ,
4.Paravai (TP) Mela Veli Street 2nd Cross Lane Ward 1 ,
5.Paravai (TP) Mela Veli Street 3rd Cross Lane Ward 1 ,",All Voter,"Government Higher Secondary School, Paravai, North Western side, Corner Building 1st class room towards north to south - East Facing",Paravai - 625402,dravida munnetra kazhagam,378,277,101,tamilaga vettri kazhagam,3,1,4,2,5,8,8,8,8,8,8,8,8,5,5,11.00217864923747,2
2,154,384,49,279,0,0,0,2,0,0,0,0,0,2,870,0,2,872,0,2,"Government Higher Secondary School, Paravai, North Western side,  Building  2nd class room towards north to south - East Facing, Paravai - 625402","1.Paravai (TP) Mela Veli Street 4th Cross Lane Ward 1 ,
2.Paravai (TP) Sarojini Street Ward 1 ,
3.Paravai (TP) Thiruvalluvar Street Ward 1 ,
4.Paravai (TP) Bharathi Ground Ward 1 ,
5.Paravai (TP) Vivekanandar Street Ward 5 ,
6.Paravai (TP) Karuppanasamy Koil Street Ward 5 ,
7.Paravai (TP) Sithambaranar Street Ward 5
8.Paravai (TP) THADCO Colony Ward 4 and 3 ,",All Voter,"Government Higher Secondary School, Paravai, North Western side,  Building  2nd class room towards north to south - East Facing",Paravai - 625402,dravida munnetra kazhagam,384,279,105,tamilaga vettri kazhagam,3,1,4,2,8,8,5,8,5,8,8,8,8,8,5,12.06896551724138,4
3,132,396,64,314,0,0,0,0,0,0,0,0,0,0,906,0,2,908,0,3,"Government Panchayat Primary School , Paravai, North Western side, Corner Building 1st Class room, towards North to South East Facing., Paravai-  625402","1.Paravai (TP) Kumaran Street Ward 1 ,
2.Paravai (TP) South Kottai Street Ward 1 ,
3.Paravai (TP) West Kottai 1st Cross Lane Ward 2 ,
4.Paravai (TP) West Kottai 2nd Cross Lane Ward 2 ,
5.Paravai (TP) West Kottai 3rd Cross Lane Ward 2 ,
6.Paravai (TP) West Kottai 4th Cross Lane Ward 2 ,
7.Paravai (TP) West Kottai Street Ward 2 ,
8.Paravai (TP) North Veli Veethi Ward 2 ,
9.Paravai (TP) Maarnadu Nagar Ward 2  ,
10.Paravai (TP) North Kottai Street Ward 2  ,
11.Paravai (TP) Kavirayar Street Ward 2 ,
12.Paravai (TP) Thatchan Kovil Street Ward 2 ,
13.Paravai (TP) East Kottai Street Ward 2 ,",All Voter,"Government Panchayat Primary School , Paravai, North Western side, Corner Building 1st Class room, towards North to South East Facing.",Paravai-  625402,dravida munnetra kazhagam,396,314,82,tamilaga vettri kazhagam,3,1,4,2,6,6,5,6,6,6,6,6,6,6,6,9.050772626931568,0
4,212,402,61,298,0,0,0,1,1,1,0,0,2,0,978,0,1,979,0,4,"Government Hr.Sec.School   ,New West Building South Middle Side Paravai-625402","1.Paravai (TP) Nanthanar Street Ward 3 ,
2.Paravai (TP) Manthaiyan Street Ward 3 ,
3.Paravai (TP) Adaikan Kovil Street Ward 3 ,
4.Paravai (TP) Muniyandi Kovil Street Ward 3 ,
5.Paravai (TP) Kottai Vasal Street Ward 3",All Voter,Government Hr.Sec.School,New West Building South Middle Side Paravai-625402,dravida munnetra kazhagam,402,298,104,tamilaga vettri kazhagam,3,1,4,2,10,10,6,10,6,6,6,10,10,5,10,10.63394683026585,5
5,171,389,64,287,2,0,0,0,0,0,0,1,1,2,917,0,1,918,0,5,"Government Hr.Sec.School   ,New West Building North Middle
Side Paravai-625402","1.Paravai (TP) Jawahar Street Ward 4 ,
2.Paravai (TP) Kamban Street Ward 4",All Voter,Government Hr.Sec.School,"New West Building North Middle
Side Paravai-625402",dravida munnetra kazhagam,389,287,102,tamilaga vettri kazhagam,3,1,4,2,5,10,7,10,10,10,10,10,7,7,5,11.12322791712105,4
6,168,361,51,345,0,2,1,0,0,1,2,0,2,1,934,0,5,939,0,6,"Panchayat Union Primary School ,Paravai Northern Easten side Corner Building, 1st class room, towards  north to south - west facing, Paravai-  625402","1.Paravai (TP) Holikiras Nagar Ward 8  ,
2.Paravai (TP) Meenakshi Mill Colony 1st Street Ward 8 ,
3.Paravai (TP) Meenakshi Mill Colony 2nd Street Ward 8 ,
4.Paravai (TP) Meenakshi Mill Colony 3rd Street Ward 8 ,
5.Paravai (TP) Meenakshi Mill Colony 4th Street Ward 8 ,
6.Paravai (TP) Meenakshi Mill Colony 5th Street Ward 8 ,
7.Paravai (TP) Meenakshi Mill Colony 6th Street Ward 8 ,
8.Paravai (TP) Meenakshi Mill Colony 7th Street Ward 8 ,
9.Paravai (TP) Muthuramalingapuram Ward 4 ,
10.Paravai (TP) Valavan Nagar Ward 4",All Voter,"Panchayat Union Primary School ,Paravai Northern Easten side Corner Building, 1st class room, towards  north to south - west facing",Paravai-  625402,dravida munnetra kazhagam,361,345,16,tamilaga vettri kazhagam,3,1,4,2,12,6,5,9,12,12,9,6,12,6,9,1.713062098501071,7
7,178,248,32,167,1,0,0,0,0,1,0,0,1,1,629,0,1,630,0,7,"Government Higher Secondary School, Paravai, North Western side, Building 3rd Class room towards north to south - East
Facing, Paravai - 625402","1.Paravai (TP) Perumal Kovil Street Ward 6 ,",All Voter,"Government Higher Secondary School, Paravai, North Western side, Building 3rd Class room towards north to south - East
Facing",Paravai - 625402,dravida munnetra kazhagam,248,178,70,all india anna dravida munnetra kazhagam,2,1,4,3,5,10,5,10,10,10,5,10,10,5,5,11.12877583465819,3
8,141,190,42,163,0,0,0,1,0,0,0,0,0,1,538,0,1,539,0,8,"Government Higher Secondary School, Paravai, North Western side, Building 4th Class room towards north to south - East Facing, Paravai - 625402","1.Paravai (TP) Elango Street Ward 6 ,
2.Paravai (TP) Sangan Kottai Street Ward 6 ,
3.Paravai (TP) Gandhiji Street Ward 5 ,
4.Paravai (TP) Bharathi Ground Ward 5 ,
5.Paravai (TP) E S I Quarters Ward 6",All Voter,"Government Higher Secondary School, Paravai, North Western side, Building 4th Class room towards north to south - East Facing",Paravai - 625402,dravida munnetra kazhagam,190,163,27,tamilaga vettri kazhagam,3,1,4,2,8,8,5,8,5,8,8,8,8,8,5,5.018587360594796,2
9,247,240,63,411,1,0,0,0,1,1,0,0,2,0,966,0,7,973,0,9,"Government Hr.Sec.School,Paravai, Northern East Side,Corner Entrance Building, 1st Class Room, towards North to South -
west facing, Paravai-  625402","1.Paravai (TP) Main Road Ward 7 ,",All Voter,"Government Hr.Sec.School,Paravai, Northern East Side,Corner Entrance Building, 1st Class Room, towards North to South -
west facing",Paravai-  625402,tamilaga vettri kazhagam,411,247,164,all india anna dravida munnetra kazhagam,2,3,4,1,7,10,5,10,10,7,7,10,10,6,10,16.97722567287785,4
10,168,303,63,377,0,0,0,0,0,1,0,0,0,1,913,0,6,919,0,10,"Government Hr.Sec.School,Paravai, Northern East Side,Corner Entrance Building, 2nd Class Room, towards North to South - west facing., Paravai-  625402","1.Paravai (TP) A I B E A A Colony Ward 7 ,
2.Paravai (TP) Kamaraj Nagar Ward 7 ,
3.Paravai (TP) Nethaji Street Ward 5
4.Paravai (TP) Nethaji Street Ward 5
5.Paravai (TP) A I B E A B Colony Ward 7 ,",All Voter,"Government Hr.Sec.School,Paravai, Northern East Side,Corner Entrance Building, 2nd Class Room, towards North to South - west facing.",Paravai-  625402,tamilaga vettri kazhagam,377,303,74,dravida munnetra kazhagam,3,2,4,1,8,8,5,8,8,8,6,8,8,8,6,8.105147864184008,2
11,90,233,20,165,0,0,0,1,0,0,0,1,0,0,510,0,0,510,0,11,"M.T.S Primary School,Paravai Eastern Side building 3rd Class room towards North to South - West Facing, Paravai-  625402","1.Paravai (TP) Saminathan Nagar Ward 9 ,
2.Paravai (TP) Sathyamoorthy Nagar Main Road Ward 9,
3.Paravai (TP) Thermal Station Ward 9  ,",All Voter,"M.T.S Primary School,Paravai Eastern Side building 3rd Class room towards North to South - West Facing",Paravai-  625402,dravida munnetra kazhagam,233,165,68,tamilaga vettri kazhagam,3,1,4,2,7,7,7,7,5,7,7,7,5,7,7,13.33333333333333,2
12,94,248,29,248,1,1,1,0,0,0,0,0,0,1,623,0,5,628,0,12,"M.T.S Primary School,Paravai Eastern Side building 4th  Class room towards North to South - West Facing, Paravai-  625402","1.Paravai (TP) Sri Mahaganapathy Nagar Ward 9 ,
2.Paravai (TP) Minsarakudiiruppu Ward 9 ,
3.Paravai (TP) Jeeva Nagar Ward 9 ,",All Voter,"M.T.S Primary School,Paravai Eastern Side building 4th  Class room towards North to South - West Facing",Paravai-  625402,dravida munnetra kazhagam,248,248,0,dravida munnetra kazhagam,3,1,4,1,6,6,5,6,10,10,10,10,10,10,6,0.0,2
13,144,319,35,341,1,0,0,0,0,0,0,0,7,1,848,0,3,851,0,13,"Panchayat Union Middle School   , West Portion R.C Building Sathyamoorthi Nagar, Strong Building, Paravai-625402","1.Paravai (TP) Sathyamoorth Nagar Main Street Ward 14 ,
2.Paravai (TP) Sathyamoorthy Nagar Ward 14 ,
3.Paravai (TP) Mariyamman Street Ward 14 ,
4.Paravai (TP) Kattunayakkan 1st Street Ward 14 ,
5.Paravai (TP) Karuppaiah Compound Ward 14 ,
6.Paravai (TP) Kattunayakkan 3rd  Street Ward 14 ,
7.Paravai (TP) Kattunayakkan 4th  Street Ward 14 ,
8.Paravai (TP) Muthuramalinga Street Ward 14 ,
9.Paravai (TP) Meenpannai Street Ward 14",All Voter,"Panchayat Union Middle School   , West Portion R.C Building Sathyamoorthi Nagar, Strong Building",Paravai-625402,tamilaga vettri kazhagam,341,319,22,dravida munnetra kazhagam,3,2,4,1,7,9,6,9,9,9,9,9,9,5,7,2.59433962264151,8
14,160,308,27,524,0,0,2,0,0,1,1,0,0,2,1025,0,1,1026,0,14,"Panchayat Union Middle School   ,East Portion , R.C Building Sathyamoorthi Nagar Strong Building East Side, Paravai-625402","1.Paravai (TP) Sathyamoorthy Nagar Ward 15 ,
2.Paravai (S.P) Kattunayakkan 1st Street Ward 15 ,
3.Paravai (S.P) Kattunayakkan 2nd Street Ward 15 ,
4.Paravai (S.P) Kattunayakkan 3rd  Street Ward 15",All Voter,"Panchayat Union Middle School   ,East Portion , R.C Building Sathyamoorthi Nagar Strong Building East Side",Paravai-625402,tamilaga vettri kazhagam,524,308,216,dravida munnetra kazhagam,3,2,4,1,10,10,7,5,10,10,7,7,10,10,5,21.07317073170732,6
15,129,351,26,430,0,0,1,2,0,0,0,2,0,1,942,0,3,945,0,15,"Panchayat Union Middle School   ,West Portion R.C Building Sathyamoorthi Nagar, Strong Building East Side, Paravai-625402","1.Paravai (S.P) Kattunayakkan 4th  Street Ward 15 ,
2.Paravai (S.P) Arunthathiyar Street Ward 15 ,
3.Paravai (S.P) Sathyamoorthy Nagar North Street Ward 14
4.Paravai (S.P) Sathymoorthy Nagar North Main Street Ward 14 ,
5.Paravai (S.P) Kattunayakkan 5th  Street Ward 14 ,
6.Paravai (S.P) Annai Meenakshi Nagar",All Voter,"Panchayat Union Middle School   ,West Portion R.C Building Sathyamoorthi Nagar, Strong Building East Side",Paravai-625402,tamilaga vettri kazhagam,430,351,79,dravida munnetra kazhagam,3,2,4,1,10,10,5,8,6,10,10,10,6,10,8,8.386411889596603,6
16,254,290,33,248,2,0,1,0,0,0,0,0,0,1,829,0,4,833,0,16,"Panchayat Union Middle School , East Side North Corner Building- West Facing, Oormechikulam Paravai II bit -625402","1.Paravai (TP) Kaliyamman Kovil Street Ward 12 ,
2.Paravai (TP) Amman Kovil Street 12 ,
3.Paravai (TP) Pillaiyar Kovil Street Ward 12",All Voter,"Panchayat Union Middle School , East Side North Corner Building- West Facing",Oormechikulam Paravai II bit -625402,dravida munnetra kazhagam,290,254,36,all india anna dravida munnetra kazhagam,2,1,4,3,6,9,5,7,9,9,9,9,9,9,7,4.342581423401689,2
17,130,245,49,246,0,0,0,0,1,0,0,1,0,1,673,0,2,675,0,17,"Panchayat Union Middle School   ,East Side Middle Biulding West Facing, Oormechikulam Paravai II Bit -625402","1.Paravai (P) Oormetchikulam Veeraiah Kovil Street Ward 11 ,
2.Paravai (P) Kattabomman Street Ward 11 ,
3.Paravai (P) Bharathi Street Ward 11
4.Paravai (S.P) Kumaran Street",All Voter,"Panchayat Union Middle School   ,East Side Middle Biulding West Facing",Oormechikulam Paravai II Bit -625402,tamilaga vettri kazhagam,246,245,1,dravida munnetra kazhagam,3,2,4,1,9,9,5,9,9,6,9,9,6,9,6,0.1485884101040119,3
18,137,241,37,227,0,0,0,0,0,0,0,0,0,0,642,0,1,643,0,18,"Panchayat Union Middle School , South East Corner Building- West Facing, Oormechikulam Paravai II bit -625402","1.Paravai (C.NI.P) Mathakottai Street Oormechikulam Ward13 ,
2.Paravai (C.NI.P) Gandhimaidhanam East Street Oormechikulam Ward 13 ,
3.Paravai (S.P) Ghandhi Maidhanam Street Ward 13  ,
4.Paravai Gandhi Maidhanam Street Ward 10  ,
5.Paravai (C.NI.P) M G R Nagar Oormechikulam 13",All Voter,"Panchayat Union Middle School , South East Corner Building- West Facing",Oormechikulam Paravai II bit -625402,dravida munnetra kazhagam,241,227,14,tamilaga vettri kazhagam,3,1,4,2,6,6,5,6,6,6,6,6,6,6,6,2.180685358255452,0
19,232,290,25,294,0,0,0,1,0,1,0,0,2,0,845,0,3,848,0,19,"Panchayat Union Middle School , South West Corner Building- West Facing, Oormechikulam Paravai II bit -625402","1.Paravai (C.NI.P) Kalikudi Road Oormechikulam Ward 13
2.Paravai (C.NI.P) Kallikudi Road Unnamalai Colony oormetchikulam  Ward 13 ,
3.Paravai (C.NI.P) Kalikudi Road  Palpanai Colony oormetchikulam Ward13 ,
4.Paravai (C.NI.P) Chinnaiya Kovil Street oormetchikulam Ward 13 ,
5.Paravai (C.NI.P) Gandhi Nagar Oormechikulam Ward 13",All Voter,"Panchayat Union Middle School , South West Corner Building- West Facing",Oormechikulam Paravai II bit -625402,tamilaga vettri kazhagam,294,290,4,dravida munnetra kazhagam,3,2,4,1,9,9,5,9,7,9,7,9,9,6,9,0.4733727810650888,4
20,246,184,36,219,2,0,0,1,0,0,0,0,0,0,688,0,3,691,0,20,"Panchayat Union Middle School , West Side South  Corner Building Left Side Class room - East Facing, Oormechikulam Paravai II bit -625402","1.Paravai (S.P) Thirumagal Talkies Road Ward 10 ,
2.Paravai (S.P) Thirumagal Talkies Backside ( Poonga Nagar)
3.Paravai (TP) Vaigai Road Ward 10 ,
4.Paravai (TP) Poonga Nagar Ward 10",All Voter,"Panchayat Union Middle School , West Side South  Corner Building Left Side Class room - East Facing",Oormechikulam Paravai II bit -625402,all india anna dravida munnetra kazhagam,246,219,27,tamilaga vettri kazhagam,1,3,4,2,6,8,5,8,7,8,8,8,8,8,8,3.924418604651163,1
21,199,336,46,252,0,0,0,0,1,0,0,1,0,2,837,0,3,840,0,21,"Paravai Special Grade Town Panchayat Community Hall   ,West
Side, Oormechikulam II Bit-625402","1.Paravai (S.P) Anna Nagar Ward 10 ,
2.Paravai (S.P) Ormetchikulam Main Road Ward 10",All Voter,"Paravai Special Grade Town Panchayat Community Hall   ,West
Side",Oormechikulam II Bit-625402,dravida munnetra kazhagam,336,252,84,tamilaga vettri kazhagam,3,1,4,2,9,9,5,9,9,7,9,9,7,9,6,10.03584229390681,4
22,186,307,47,453,1,0,0,0,0,2,0,0,0,1,997,0,6,1003,0,22,"Panchayat Union middle school, North east corner separate, building (towards west facing), 1st room Kovilpappakudi - 625018","1.Koil Pappakudi (R V), Koil Pappakudi (P) Muthaiya Nagar Ward 1
2.Koil Pappakudi (R V), Koil Pappakudi (P) Indra Nagar Ward 1
3.Koil Pappakudi (R V), Koil Pappakudi (P) Colony Street Ward 2 ,
4.Koil Pappakudi (R V), Koil Pappakudi (P) Sathya Nagar Ward 1",All Voter,"Panchayat Union middle school, North east corner separate, building (towards west facing)",1st room Kovilpappakudi - 625018,tamilaga vettri kazhagam,453,307,146,dravida munnetra kazhagam,3,2,4,1,7,9,5,9,9,9,6,9,9,9,7,14.64393179538616,3
23,282,382,43,297,2,0,0,2,0,0,0,0,0,1,1009,0,1,1010,0,23,"Panchayat Union middle school, North east corner separate,building (towards North facing)-2nd room,
Kovilpappakudi- 625018","1.Koil Pappakudi (R V), Koil Pappakudi (P) North Street Ward 1
2.Koil Pappakudi (R V), Koil Pappakudi (P) East Street Ward 1",All Voter,"Panchayat Union middle school, North east corner separate,building (towards North facing)-2nd room",Kovilpappakudi- 625018,dravida munnetra kazhagam,382,297,85,tamilaga vettri kazhagam,3,1,4,2,5,9,7,9,5,9,9,9,9,9,7,8.424182358771061,3
24,229,350,43,276,0,0,1,0,0,0,0,0,2,3,904,0,2,906,0,24,"Panchayat Union middle school, North east corner separate, building (towards east facing), Kovilpapakudi -625018","1.Koil Pappakudi (R V), Koil Pappakudi (P) West Street Ward 2",All Voter,"Panchayat Union middle school, North east corner separate, building (towards east facing)",Kovilpapakudi -625018,dravida munnetra kazhagam,350,276,74,tamilaga vettri kazhagam,3,1,4,2,9,9,6,8,9,9,9,9,9,6,5,8.185840707964601,6
25,179,265,51,408,0,0,0,0,1,1,0,0,1,1,907,0,1,908,0,25,"Panchayat Union middle school,  east west corner separate,
building (towards North facing), SVD Nagar Kovilpapakudi - 625018","1.Koil Pappakudi (R V), Koil Pappakudi (P) S V D Nagar Ward 2 , (From Door no. 27 to last)",All Voter,"Panchayat Union middle school,  east west corner separate,
building (towards North facing)",SVD Nagar Kovilpapakudi - 625018,tamilaga vettri kazhagam,408,265,143,dravida munnetra kazhagam,3,2,4,1,10,10,5,10,10,5,5,10,10,5,5,15.76626240352811,4
26,126,198,26,288,0,0,1,1,0,1,1,0,1,0,643,0,2,645,0,26,"Panchayat Union middle school, North south corner separate, building (towards East facing), 1st room (near office room), SVD
Nagar  Kovilpapakudi-625018","1.Koil Pappakudi (R V), Koil Pappakudi (P) P R C Nagar Ward 2
2.Koil Pappakudi (R V), Koil Pappakudi (P) S V D Nagar Ward 2  (From Door no. 1 to 27)",All Voter,"Panchayat Union middle school, North south corner separate, building (towards East facing), 1st room (near office room)","SVD
Nagar  Kovilpapakudi-625018",tamilaga vettri kazhagam,288,198,90,dravida munnetra kazhagam,3,2,4,1,11,11,5,6,6,11,6,6,11,6,11,13.99688958009331,5
27,127,376,25,345,1,0,0,0,1,2,0,0,1,1,879,0,3,882,0,27,"Panchayat Union Middle School  Middle School ICDS room
(Towars North to south west facing) SVD Nagar  Sikkandar Chavadi-625018","1 - Kovilpappakudi (R V),Kovilpappakudi (P), Sikkandhar Chavadi Ward 3 (from door no. 1 to door no. 3-271)",All Voter,"Panchayat Union Middle School  Middle School ICDS room
(Towars North to south west facing) SVD Nagar  Sikkandar Chavadi-625018","Panchayat Union Middle School  Middle School ICDS room
(Towars North to south west facing) SVD Nagar  Sikkandar Chavadi-625018",dravida munnetra kazhagam,376,345,31,tamilaga vettri kazhagam,3,1,4,2,7,11,5,11,11,7,6,11,11,7,7,3.526734926052332,5
28,189,275,49,351,1,1,0,0,0,0,0,0,0,1,867,0,5,872,0,28,"Panchayat Union Middle School   ,East Side, Sikkandar Chavadi-
625018","1.Kovilpappakudi (R V),Kovilpappakudi (P) Sikkandhar Chavadi Ward 3",All Voter,"Panchayat Union Middle School   ,East Side","Sikkandar Chavadi-
625018",tamilaga vettri kazhagam,351,275,76,dravida munnetra kazhagam,3,2,4,1,6,6,5,9,9,9,9,9,9,9,6,8.765859284890427,1
29,114,195,35,388,1,0,1,0,0,0,0,0,0,0,734,0,4,738,0,29,Panchayat Union Middle School  North East Corner Building ICDS (Towars North to south west facing) SVD Nagar  Sikkandar Chavadi-625018,"1.Kovilpappakudi (R V),Kovilpappakudi (P) Dhinamani Nagar Ward 3( From door no. 3/501a to last)
2.Kovilpappakudi (R V),Kovilpappakudi (P), Sikkandhar Chavadi Ward 3 (from door no. 3-
275 till last)",All Voter,Panchayat Union Middle School  North East Corner Building ICDS (Towars North to south west facing) SVD Nagar  Sikkandar Chavadi-625018,Panchayat Union Middle School  North East Corner Building ICDS (Towars North to south west facing) SVD Nagar  Sikkandar Chavadi-625018,tamilaga vettri kazhagam,388,195,193,dravida munnetra kazhagam,3,2,4,1,6,8,5,6,8,8,8,8,8,8,8,26.29427792915531,1
30,108,213,43,320,0,0,1,0,0,0,0,0,1,1,687,0,4,691,0,30,"Panchayat union Middle school, sikkanthar chavadi(Jeeva theatre), Eastern side corner building 1ST classroom(East to
west/North facing)","1.Kovilpappakudi (R V),Kovilpappakudi (P) Dhinamani Nagar Ward 3( From door no. 1 to 3/424C)",All Voter,"Panchayat union Middle school, sikkanthar chavadi(Jeeva theatre)","Eastern side corner building 1ST classroom(East to
west/North facing)",tamilaga vettri kazhagam,320,213,107,dravida munnetra kazhagam,3,2,4,1,9,9,5,6,9,9,9,9,9,6,6,15.57496360989811,3
31,116,250,39,414,1,0,0,0,0,0,0,0,1,0,821,0,4,825,0,31,"Madurai West Panchayat union Middle school, SVD Nagar, sikkanthar chavadi, Kovilpapakudi Panchayath Eastern side
corner building 2nd classroom (East to west/North facing)","1.Kovilpappakudi (R V),Kovilpappakudi (P) Dhinamani Nagar Ward 3( From door no. 3/425a to 3-493F)",All Voter,"Madurai West Panchayat union Middle school, SVD Nagar, sikkanthar chavadi","Kovilpapakudi Panchayath Eastern side
corner building 2nd classroom (East to west/North facing)",tamilaga vettri kazhagam,414,250,164,dravida munnetra kazhagam,3,2,4,1,6,8,5,8,8,8,8,8,8,6,8,19.97563946406821,1
32,106,293,35,317,0,0,1,0,0,0,0,0,1,0,753,0,2,755,0,32,"Corporation Building , Sanitary Inspector Room, East facing Building, Karisalkulam-625018","1.Madurai(C) Vilangudi I.O.C.Nagar Manoranjitham Veethi Ward 1 , 2.Madurai(C)Vilangudi I.O.C Nagar Kurunji Veethi Ward 1 3.Madurai(C)Vilangudi I.O.C Nagar Thamarai Veethi Ward 1 4.Madurai(C) Vilangudi I.O.C Nagar Roja Veethi  Ward 1 , 5.Madurai(C) Vilangudi I.O.C Nagar Mullai Veethi Ward 1 , 6..Madurai(C)Vilangudi I.O.C Nagar Malligai Veethi Ward 1 7.Madurai(C) Vilangudi Ramuni Nagar 1st Street Ward 1 , 8.Madurai(C) Vilangudi Ramuni Nagar 2nd Street Ward 1, 9.Madurai(C) Vilangudi Ramuni Nagar 3rd Street Ward 1,",All Voter,"Corporation Building , Sanitary Inspector Room, East facing Building",Karisalkulam-625018,tamilaga vettri kazhagam,317,293,24,dravida munnetra kazhagam,3,2,4,1,8,8,5,6,8,8,8,8,8,6,8,3.187250996015936,2
33,92,227,18,213,0,0,1,0,0,5,1,1,0,2,560,0,1,561,0,33,"Corporation Building , AE office - Zone2, East facing Building, Karisalkulam-625018","1.Madurai(C) Vilangudi Karisalkulam 1st Street Ward 1, 2.Madurai(C) Vilangudi Karisalkulam 2nd Street Ward 1, 3.Madurai(C) Vilangudi Karisalkulam 3rd Street Ward 1, 4.Madurai(C) Vilangudi Karisalkulam 4th Street Ward 1 , 5.Madurai(C) Vilangudi Karisalkulam 5th Street Ward 1 , 6.Madurai(C) Vilangudi Karisalkulam 6th Street Ward 1 , 7.Madurai(C) Vilangudi Karisalkulam 7th Street Ward 1 ,",All Voter,"Corporation Building , AE office - Zone2, East facing Building",Karisalkulam-625018,dravida munnetra kazhagam,227,213,14,tamilaga vettri kazhagam,3,1,4,2,11,11,7,7,11,11,5,7,7,11,6,2.5,10
34,117,225,19,255,0,0,0,0,0,2,0,1,0,0,619,0,1,620,0,34,"Corporation Building , Pandiyan Co-operative Ration Shop, (AB031) East facing Building, Karisalkulam-625018","1.Madurai(C) Vilangudi Karisalkulam 8th Street Ward 1 , 2.Madurai(C) Vilangudi Karisalkulam 9th Street Ward 1 , 3.Madurai(C) Vilangudi Karisalkulam 10th Street Ward 2 , 4.Madurai(C) Vilangudi Karisalkulam 11th Street Ward 2 , 5.Madurai(C) Vilangudi Karisalkulam 12th Street Ward 2  , 6.Madurai(C) Vilangudi Karisalkulam 13th Street Ward 2 , 7.Madurai(C) Vilangudi Karisalkulam 14th Street Ward 2, 8.Madurai(C) Vilangudi Karisalkulam 15th Street Ward 2 , 9.Madurai(C) Vilangudi Karisalkulam 16th Street Ward 2 , 10.Madurai(C) Vilangudi Karisalkulam Adaimandhai Pottal Ward 2 , 11.Madurai(C) Vilangudi Karisalkulam Indra Nagar Ward 2",All Voter,"Corporation Building , Pandiyan Co-operative Ration Shop, (AB031) East facing Building",Karisalkulam-625018,tamilaga vettri kazhagam,255,225,30,dravida munnetra kazhagam,3,2,4,1,8,8,6,8,8,8,5,8,6,8,8,4.846526655896607,3
35,104,263,32,316,0,0,0,0,0,1,0,0,0,0,716,0,3,719,0,35,"ICDS Building , Periyar Nagar, North Facing Building, East Side Room, Karisalkulam-625018","1.Madurai(C) Vilangudi Pandian Nagar 1st Street Ward 2 , 2.Madurai(C) Vilangudi Pandian Nagar 2nd Street Ward 2 , 3.Madurai(C) Vilangudi Pandian Nagar 3rd Street Ward 2 , 4.Madurai(C) Vilangudi Pandian Nagar 3rd Cross Street Ward 2 , 5.Madurai(C) Vilangudi Pandian Nagar 4th Street Ward 2 , 6.Madurai(C) Vilangudi Thirumal Nagar 1st Street Ward 2 , 7.Madurai(C) Vilangudi Thirumal Nagar 2nd Street Ward 2",All Voter,"ICDS Building , Periyar Nagar, North Facing Building, East Side Room",Karisalkulam-625018,tamilaga vettri kazhagam,316,263,53,dravida munnetra kazhagam,3,2,4,1,7,7,5,7,7,7,6,7,7,7,7,7.402234636871509,1
36,97,330,48,345,0,1,1,0,0,1,2,0,1,1,827,0,1,828,0,36,"ICDS Building , Periyar Nagar, North Facing Building, West Side Room, Karisalkulam-625018","1.Madurai(C) Vilangudi Booman Nagar Ward 2 2.Madurai(C) Vilangudi Periyar Nagar 1st Street Ward 2 3.Madurai(C) Vilangudi Periyar Nagar 2nd Street Ward 2 , 4.Madurai(C) Vilangudi Periyar Nagar 3rd Street Ward 2 , 5.Madurai(C) Vilangudi Periyar Nagar 4th Street Ward 2 , 6.Madurai(C) Vilangudi Periyar Nagar 5th Street Ward 2 , 7.Madurai(C) Vilangudi Periyar Nagar 6th Street Ward 2 , 8.Madurai(C) Vilangudi Periyar Nagar 7th Street Ward 2 ,
9.Madurai(C) Vilangudi Thiruvalluvar Nagar 1st Street Ward 2 , 10.Madurai(C) Vilangudi Thiruvalluvar Nagar 2nd Street Ward 2 , 11.Madurai(C) Vilangudi Thiruvalluvar Nagar 3rd Street Ward 2",All Voter,"ICDS Building , Periyar Nagar, North Facing Building, West Side Room",Karisalkulam-625018,tamilaga vettri kazhagam,345,330,15,dravida munnetra kazhagam,3,2,4,1,12,6,6,6,12,12,6,5,12,6,6,1.813784764207981,6
37,72,228,20,184,1,0,0,0,0,0,0,0,0,0,505,0,6,511,0,37,"Saint Antony Middle School   ,South Terraced Building West Side, Vilangudi Koodalnagar-625018","1.Madurai(C) Vilangudi (P) Anjal Nagar 1st Street Ward 2 ,
2.Madurai (C) Vilangudi (TP) Anjal Nagar 2nd Street Ward 2
3.Madurai (C) Vilangudi (TP) Anjal Nagar 3rd Street Ward 2
4.Madurai (C) Vilangudi (TP) Anjal Nagar 1St Cross Street Ward 2,
5.Madurai (C) Vilangudi (TP) Anjal Nagar 2nd Cross Street Ward 2,
6.Madurai (C) Vilangudi (TP) Anjal Nagar 3rd Cross Street Ward 2,
7.Madurai (C) Vilangudi (TP) Anjal Nagar 4th Cross Street Ward 2 ,
8.Madurai (C) Vilangudi (TP) Malligai Street Shanthi Nagar LIC Colony Ward 2 ,
9.Madurai (C) Vilangudi (TP) Mullai Street Shanthi Nagar LIC Colony Ward 2 ,
10.Madurai (C) Vilangudi (TP) Kurunji Street 3rd Street Shanthi Nagar Ward 2 ,
11.Madurai (C) Vilangudi (TP) Balaji Street 4th Street Ward 2
12.Madurai (C)Vilangudi (TP)Ilango Street 5th Street Ward 2",All Voter,"Saint Antony Middle School   ,South Terraced Building West Side",Vilangudi Koodalnagar-625018,dravida munnetra kazhagam,228,184,44,tamilaga vettri kazhagam,3,1,4,2,6,7,5,7,7,7,7,7,7,7,7,8.712871287128712,0
38,53,220,27,187,0,0,1,0,0,1,0,0,0,0,489,0,2,491,0,38,"Saint Antony Middle School   ,North Buliding East Side 2nd "" A"" Class, Koodalnagar-625018","1.Madurai (C) Vilangudi (TP) Shenthamarai 6th Street Ward 2
2.Madurai (C) Vilangudi (TP) R M S Colony 1st Street Ward 2
3.Madurai (C) Vilangudi (TP) R M S Colony 2nd Street Ward 2
4.Madurai (C) Vilangudi (TP) R M S Colony 3rd Street Ward 2
5.Madurai (C) Vilangudi (TP) R M S Colony New Colony 4th Street Ward 2 ,
6.Madurai (C) Vilangudi (TP) Palamedu Main Road Ward 2
7.Madurai (C) Vilangudi (TP) Raj Nagar 1st Street Ward 2 ,
8.Madurai (C) Vilangudi (TP) Raj Nagar 2nd Street Ward 2 ,
9.Madurai (C) Vilangudi (TP) Raj Nagar 3rd Street Ward 2 ,
10.Madurai (C) Vilangudi (TP) Raj Nagar 4th Street Ward 2",All Voter,"Saint Antony Middle School   ,North Buliding East Side 2nd "" A"" Class",Koodalnagar-625018,dravida munnetra kazhagam,220,187,33,tamilaga vettri kazhagam,3,1,4,2,8,8,5,6,8,8,6,8,8,8,8,6.748466257668712,2
39,134,257,58,307,0,0,0,0,0,0,0,1,1,0,758,0,5,763,0,39,"Saint Antony Middle School   ,South Terraced Building West Wing, Vilankudi, Koodalnagar-625018","1.Madurai (C) Vilangudi (TP) Chokkalinga Nagar 1st Street Ward 2 ,
2.Madurai (C) Vilangudi (TP) Chokkalinga Nagar 2nd Street Ward 2 ,
3.Madurai (C) Vilangudi (TP) Chokkalinga Nagar 3rd Street Ward 2 ,
4.Madurai (C) Vilangudi (TP) Chokkalinga Nagar 4th Street Ward 2",All Voter,"Saint Antony Middle School   ,South Terraced Building West Wing, Vilankudi",Koodalnagar-625018,tamilaga vettri kazhagam,307,257,50,dravida munnetra kazhagam,3,2,4,1,8,8,5,8,8,8,8,8,6,6,8,6.596306068601583,2
40,99,258,36,276,0,0,0,0,0,0,0,0,1,0,670,0,1,671,0,40,"Saint Antony Middle School   ,Front Building Facing South, Class -II B Room, Vilangudi Koodalnagar-625018","1.Madurai (C) Vilangudi (TP) Chokkalinga Nagar 5th Street Ward 2 ,
2.Madurai (C) Vilangudi (TP) Chokkalinga Nagar 5th Street 1st Cross Street Ward 2 ,
3.Madurai (C) Vilangudi (TP) Chokkalinga Nagar 5th Street 2nd Cross Street  Ward 2 ,
4.Madurai (C) Vilangudi (TP) Chokkalinga Nagar 5th Street 3rd Cross Street Ward 2 ,
5.Madurai (C) Vilangudi (TP) Chokkalinga Nagar 5th Street 4th Cross Street Ward 2 ,
6.Madurai (C) Vilangudi (TP) Chokkalinga Nagar 5th Street 5th Cross Street  Ward 2 ,
7.Madurai (C) Vilangudi (TP) Chokkalinga Nagar 6th Street Ward 2 ,
8.Madurai (C) Vilangudi (TP) Chokkalinga Nagar 7th Street Ward 2 ,
9.Madurai (C) Vilangudi (TP) Chokkalinga Nagar Main Road Ward 2 ,
10.Madurai (C) Vilangudi (TP) Chokkalinga Nagar Krishnasamy Nagar Ward 2",All Voter,"Saint Antony Middle School   ,Front Building Facing South, Class -II B Room",Vilangudi Koodalnagar-625018,tamilaga vettri kazhagam,276,258,18,dravida munnetra kazhagam,3,2,4,1,7,7,5,7,7,7,7,7,7,5,7,2.686567164179104,1
41,89,265,38,258,0,0,0,0,0,0,0,0,1,0,651,0,2,653,0,41,"Saint Antony Middle School   ,South Terreced Building No-4, West Wing, Vilangudi Koodalnagar-625018","1.Madurai (C) Vilangudi (TP) Pillaiyar Kovil Koodal Nagar 1st Street Ward 2 ,
2.Madurai (C) Vilangudi (TP) Koodal Nagar 2nd Street Ward 2 ,
3.Madurai (C) Vilangudi (TP) Koodal Nagar 3rd Street Ward 2
4 - Madurai (C) Vilangudi (TP), Koodal Nagar 4th Street  Kamarajar Street Ward 2",All Voter,"Saint Antony Middle School   ,South Terreced Building No-4, West Wing",Vilangudi Koodalnagar-625018,dravida munnetra kazhagam,265,258,7,tamilaga vettri kazhagam,3,1,4,2,7,7,5,7,7,7,7,7,7,6,7,1.075268817204301,1
42,80,161,23,234,0,0,0,2,0,0,2,1,0,1,504,0,5,509,0,42,"Saint Antony Middle School   ,Front Building Facing South, Class II C-Room, Vilankudi Koodalnagar-625018","1.Madurai (C) Vilangudi (TP) Koodal Nagar 5th Street Chinnaiah Raj Compound Ward 2 ,
2.Madurai (C) Vilangudi (TP) Koodal Nagar 5th Street Kaveri Street Ward 2 ,
3.Madurai (C) Vilangudi (TP) Koodal Nagar 6th Street Vaigai Veedhi Ward 2 ,
4.Madurai (C) Vilangudi (TP) Koodal Nagar 7th Street Pattel Street Ward 2
5.Madurai (C) Vilangudi (TP) Koodal Nagar 8th Street Kamaraj Nagar Ward 2 ,
6.Madurai (C) Vilangudi (TP) Koodal Nagar 9th Street Kalaivanan Street Ward 2 ,
7.Madurai (C) Vilangudi (TP) Koodal Nagar 10th Street Ravindranath Tagore Ward 2
8.Madurai (C) Vilangudi (TP) Koodal Nagar 11th Street Jahir Ussain Street Ward 2 ,
9.Madurai (C) Vilangudi (TP) Annaisaratha Street Ward 2 ,
10.Madurai (C) Vilangudi (TP) Koodal Nagar 12th Street Thiru Vi Ka Street Ward 2 ,
11.Madurai (C) Vilangudi (TP) Koodal Nagar 13th Street Azad Street Ward 2 ,",All Voter,"Saint Antony Middle School   ,Front Building Facing South, Class II C-Room",Vilankudi Koodalnagar-625018,tamilaga vettri kazhagam,234,161,73,dravida munnetra kazhagam,3,2,4,1,10,10,5,10,6,10,10,6,8,10,8,14.48412698412699,6
43,56,221,32,215,0,0,1,0,1,0,0,2,0,0,528,0,1,529,0,43,Saint Antony Middle School Koodal NagarSouthern East Building 8th Room - NorthFacing (Towards East to west),"1.Madurai (C) Vilangudi (TP) Chellaiah Nagar 1st Street Ward 2 ,
2.Madurai (C) Vilangudi (TP) Chellaiah Nagar 2nd Street Ward 2 ,
3.Madurai (C) Vilangudi (TP) Chellaiah Nagar 3rd Street Ward 2 ,
4.Madurai (C) Vilangudi (TP) Jesudoss Nagar 1st Street Ward 2 ,
5.Madurai (C) Vilangudi (TP) Jesudoss Nagar 2nd Street Ward 2 ,
6.Madurai (C) Vilangudi (TP) Appadurai Nagar 1st Street Ward 2,
7.Madurai (C) Vilangudi (TP) Appadurai Nagar 2nd Cross Street Ward 2
8.Madurai (C) Vilangudi (TP) Appadurai Nagar 3rd Cross Street Ward 2
9.Madurai (C) Vilangudi (TP) Appadurai Nagar 4th Street Ward 2,
10.Madurai (C)Vilangudi (TP) Appadurai Nagar 5th Street Ward 2",All Voter,Saint Antony Middle School Koodal NagarSouthern East Building 8th Room - NorthFacing (Towards East to west),Saint Antony Middle School Koodal NagarSouthern East Building 8th Room - NorthFacing (Towards East to west),dravida munnetra kazhagam,221,215,6,tamilaga vettri kazhagam,3,1,4,2,9,9,6,6,9,6,9,9,5,9,9,1.136363636363636,4
44,79,201,31,198,0,0,0,1,0,0,1,1,1,1,514,0,4,518,0,44,"Saint Antony Middle School   ,South Terreced Builiding East Wing Middle Portion Vilangudi Koodal Nagar -625018","1.Madurai (C) Vilangudi (SP) Ashok Nagar 1st Street Ward 2 2.Madurai(C) Vilangudi (P) Ashok Nagar 2nd Street Ward 2
3.Madurai (C) Vilangudi (SP) Ashok Nagar 3rd Street Ward 2 ,
4.Madurai (C) Vilangudi (SP) Ashok Nagar 4th Street Ward 2
5.Madurai (C) Vilangudi (SP) L.I.C. Colony Thamarai Veethi Ward 2 ,
6.Madurai (C) Vilangudi (TP) TNHB H TYPE Ward 2 ,
7.Madurai (C) Vilangudi (TP) TNHB M1 Quarters Ward 2,
8.Madurai (C) Vilangudi (TP) TNHB M2 Quarters Ward 2",All Voter,Saint Antony Middle School,South Terreced Builiding East Wing Middle Portion Vilangudi Koodal Nagar -625018,dravida munnetra kazhagam,201,198,3,tamilaga vettri kazhagam,3,1,4,2,11,11,5,11,6,11,11,6,6,6,6,0.5836575875486382,5
45,106,309,34,233,1,0,0,1,0,0,0,0,1,0,685,0,8,693,0,45,Saint Antony Middle School Koodal NagarWestern Side Building 3rd Room - EastFacing (Towards South to North),"1.Madurai (C) Vilangudi (SP) Rayilar Nagar 1st Street Ward 2
2.Madurai (C) Vilangudi (SP) Rayilar Nagar 2nd Street Ward 2
3.Madurai (C) Vilangudi (SP) Rayilar Nagar 3rd Street Ward 2
4.Madurai (C) Vilangudi (SP) Rayilar Nagar 4th Street Ward 2
5.Madurai (C) Vilangudi (SP) Rayilar Nagar 5th Street Ward 2
6.Madurai (C) Vilangudi (SP) Rayilar Nagar 6th Street Ward 2
7.Madurai (C) Vilangudi (SP) Rayilar Nagar 6th 1st Cross Street Ward 2",All Voter,Saint Antony Middle School Koodal NagarWestern Side Building 3rd Room - EastFacing (Towards South to North),Saint Antony Middle School Koodal NagarWestern Side Building 3rd Room - EastFacing (Towards South to North),dravida munnetra kazhagam,309,233,76,tamilaga vettri kazhagam,3,1,4,2,6,9,5,9,6,9,9,9,9,6,9,11.09489051094891,2
46,89,224,32,240,1,0,0,0,0,0,0,0,1,0,587,0,0,587,0,46,"Panchayat Union Middle School  , East Side, ICDS Center, Vilankudi-625018","1.Madurai (C) Vilangudi (SP) Income Tax 1st Colony Ward 20 ,
2.Madurai (C) Vilangudi (SP) Income Tax Colony 2nd Street Ward 20 ,
3.Madurai (C) Vilangudi (SP) Income Tax Colony 3rd Street Ward 20 ,
4.Madurai (C) Vilangudi (SP) Income Tax Colony 4th Street Ward 20 ,
5.Madurai (C) Vilangudi (SP) Income Tax Colony 5th Street Ward 20 ,
6.Madurai (C) Vilangudi (SP) Income Tax Colony Church Veethi Ward 20 ,
7.Madurai (C) Vilangudi (SP) Karpaga Vinayagar Kovil Street Ward 20,
8 - Madurai (C) Vilangudi (SP), Income Tax Colony Thamarai Veethi Ward 20",All Voter,"Panchayat Union Middle School  , East Side, ICDS Center",Vilankudi-625018,tamilaga vettri kazhagam,240,224,16,dravida munnetra kazhagam,3,2,4,1,5,7,7,7,7,7,7,7,7,5,7,2.72572402044293,1
47,114,224,37,266,0,0,0,0,0,0,0,0,0,0,641,0,2,643,0,47,"Panchayat Union Middle School , East Building South Portion , Vilankudi-625018","1.Madurai (C) Vilangudi (S.P) Bharathiyar Main Veethi Ward 20 ,
2.Madurai (C) Vilangudi (S.P) Bharathiyar Main 2nd Street Ward 20
3.Madurai (C) Vilangudi (S.P) Bharathiyar Main 3rd Street Ward 20 ,
4.Madurai (C) Vilangudi (S.P)   Bharathiyar Nagar 2nd Street  Mullai Veedhi Ward 20 ,
5.Madurai (C) Vilangudi (S.P)   Bharathiyar Nagar 3rd Street Kurunji Veedhi Ward 20 ,
6.Madurai (C) Vilangudi   (S.P) Bharathiyar Nagar 4th Street Suriya Gandhi Veedhi Ward 20,
7.Madurai (C)   Vilangudi   (S.P)   Bharathiyar Nagar 5th Street Thalambu Veedhi       Ward 20
,
8.Madurai (C)   Vilangudi (S.P)     Bharathiyar   Nagar 6th Street V  adamalli Veedhi     Ward 20 ,
9.Madurai (C)   Vilangudi (S.P)     Bharathiyar   Nagar   7th   Street Parijatha   Veedhi   Ward 20 ,
10.Madurai (C)   Vilangudi (S.P) Bharathiyar Nagar 8th  Street Thamarai   Veethi   Ward 20 ,
11.Madurai (C) Vilangudi (S.P) Bharathiyar   Nagar 8th Street Malligai Veethi Ward 20 ,
12.Madurai (C) Vilangudi (S.P) Bharathiyar   Nagar 9th Street  Kanagambara Veedhi Ward  20
,
13.Madurai (C) Vilangudi (S.P)  Bharathiyar   Nagar  10th  Street  Thulasi  Veethi  Ward 20 ,
14.Madurai (C) Vilangudi (S.P)   Bharathiyar    Nagar 11th  Street Pichipoo  Veedhi Ward 20 ,
15.Madurai (C) Vilangudi   (S.P)   Bharathiyar Nagar   12th Street Manoranjitham Veedhi Ward 20 ,
16.Madurai   (C)   Vilangudi (S.P)   Bharathiar   Nagar   Karalmarks  Nagar  Ward 20",All Voter,"Panchayat Union Middle School , East Building South Portion",Vilankudi-625018,tamilaga vettri kazhagam,266,224,42,dravida munnetra kazhagam,3,2,4,1,6,6,5,6,6,6,6,6,6,6,6,6.55226209048362,0
48,120,226,30,332,0,2,1,1,0,1,0,0,2,0,715,0,0,715,0,48,"Panchayat Union Middle School , North West  Building South Portion , Vilankudi-625018","1.Madurai(C) Vilangudi (P) Sengol Nagar 3rd Street Ward 20 , 2.Madurai(C) Vilangudi (P) Sengol Nagar 4th Street Ward 20 , 3.Madurai(C) Vilangudi (P) Sengol Nagar 5th Street Ward 20, 4.Madurai(C) Vilangudi (P) Sengol Nagar 6th Street Ward 20, 5.Madurai(C) Vilangudi (P) Sengol Nagar 7th Street Ward 20, 6.Madurai(C) Vilangudi (P) Sengol Nagar Main Road Ward 20,
7.Madurai (C) Vilangudi (TP) SaMathana Nagar Ward 20 , 6.Madurai(C) Vilangudi (P) Ayyanarpuram (Gandhi Nagar) Ward 20",All Voter,"Panchayat Union Middle School , North West  Building South Portion",Vilankudi-625018,tamilaga vettri kazhagam,332,226,106,dravida munnetra kazhagam,3,2,4,1,10,5,10,7,7,10,7,10,10,5,10,14.82517482517482,5
49,170,270,51,312,0,1,0,0,0,0,0,0,1,0,805,0,2,807,0,49,"Panchayat Union Middle School  , West Side Middle Building , Middle Portion, Vilankudi-625018","1.Madurai (C) Vilangudi (TP) Balamurugan Nagar Ward 20 2.Madurai(C) Vilangudi (P) Temsi Colony 1st Street Ward 20, 3.Madurai(C) Vilangudi (P) Temsi Colony Cross Street Ward 20, 4.Madurai(C) Vilangudi (P) Temsi Colony 2nd Street Ward 20 5.Madurai(C) Vilangudi (P) Temsi Colony 2nd Cross Street Ward 20 , 6.Madurai(C) Vilangudi (P) Temsi Colony 3rd Street Ward 20",All Voter,"Panchayat Union Middle School  , West Side Middle Building , Middle Portion",Vilankudi-625018,tamilaga vettri kazhagam,312,270,42,dravida munnetra kazhagam,3,2,4,1,8,6,5,8,8,8,8,8,8,6,8,5.217391304347826,1
50,132,314,46,378,1,0,0,2,1,0,2,0,1,1,878,0,3,881,0,50,"Panchayat Union Middle School  , West Side Middle Building , North Portion, Vilankudi-625018","1.Madurai (C) Vilangudi (TP) Kamatchi Nagar Part 1 Section 1 Ward 20 ,
2.Madurai (C) Vilangudi (TP) Kamatchi Nagar Part 1 Section 2 Ward 20 ,
3.Madurai (C) Vilangudi (TP) Kamatchi Nagar Part 2 Ward 20
4.Madurai (C) Vilangudi (TP) Kamatchi Nagar Part 2 Section 1 Ward 20 ,
5.Madurai (C) Vilangudi (TP) Kamatchi Nagar Part 2 Section B Ward 20 ,
6.Madurai (C) Vilangudi (TP) Kamatchi Nagar Part 2 Section C Ward 20 ,
7.Madurai (C) Vilangudi (TP) Kamatchi Nagar Part 2 Section D Ward 20 ,
8.Madurai (C) Vilangudi (TP) Kamatchi Nagar Part 2 Section E Ward 20 ,",All Voter,"Panchayat Union Middle School  , West Side Middle Building , North Portion",Vilankudi-625018,tamilaga vettri kazhagam,378,314,64,dravida munnetra kazhagam,3,2,4,1,8,12,5,12,6,8,12,6,12,8,8,7.289293849658314,7
51,130,263,40,311,2,0,2,0,0,0,0,0,0,0,748,0,5,753,0,51,"Panchayat Union Middle School  , North Building West Portion, Vilankudi-625018","1.Madurai (C) Vilangudi (TP) Ramamoorthy Nagar Periyar Street Ward 20 ,
2.Madurai (C) Vilangudi (TP) Ramamoorthy Nagar Tholarbalu Street Ward 20 ,
3.Madurai (C) Vilangudi (TP) Ramamoorthy Nagar Main Road Ward 20 ,
4.Madurai (C) Vilangudi (TP) Ramamoorthy Nagar Thiruvalluvar Street Ward 20 ,
5.Madurai (C) Vilangudi (TP) Ramamoorthy Nagar Krishna Street Ward 20 ,
6.Madurai (C) Vilangudi (TP) Ramamoorthy Nagar Gandhi Street Ward 20 ,
7.Madurai (C) Vilangudi (TP) Ramamoorthy Nagar Nethaji Street Ward 20 ,
8.Madurai (C) Vilangudi (TP) Ramamoorthy Nagar Bharathiyar Street 1,2 Ward 20 ,
9.Madurai (C) Vilangudi (TP) Ramamoorthy Nagar Bharathithasan Street Ward 20 ,
10.Madurai (C) Vilangudi (TP) Ramamoorthy Nagar Palanisami Street Ward 20 ,
11.Madurai (C) Vilangudi (TP) Ramamoorthy Nagar Balasubramanian Street Ward 20",All Voter,"Panchayat Union Middle School  , North Building West Portion",Vilankudi-625018,tamilaga vettri kazhagam,311,263,48,dravida munnetra kazhagam,3,2,4,1,6,8,5,6,8,8,8,8,8,8,8,6.417112299465241,2
52,216,287,22,254,0,1,0,0,0,0,0,0,2,0,782,0,1,783,0,52,"Panchayat Union Middle School   ,Terraced Building West Building 2nd Section North Side, Vilankudi-625018","1.Madurai (C) Vilangudi (SP) Rajaji Street Ward 20 ,
2.Madurai (C) Vilangudi (SP) V.O.C Street Ward 20 ,
3.Madurai (C) Vilangudi (SP) Muthumariamman Kovil Street Ward 20 ,
4.Madurai (C) Vilangudi (SP) M.G.R Street Ward 20 ,
5.Madurai (C) Vilangudi (S.P)  Anna Street Ward 20 ,
6.Madurai (C) Vilangudi (S.P) E.B Colony Ward 20 ,
7.Madurai (C) Vilangudi (S.P) Muthuramalinga Thevar Street Ward 20 ,
8.Madurai (C) Vilangudi (S.P) Rathinam Compound Ward 20 ,
9.Madurai (C) Vilangudi (S.P) Jeevanandham Street Ward 20 ,
10.Madurai (C) Vilangudi (S.P) Ayyanarpuram Ward 20",All Voter,"Panchayat Union Middle School   ,Terraced Building West Building 2nd Section North Side",Vilankudi-625018,dravida munnetra kazhagam,287,254,33,tamilaga vettri kazhagam,3,1,4,2,8,6,6,8,8,8,8,8,8,5,8,4.219948849104859,2
53,179,261,34,307,1,0,0,0,0,0,0,0,1,1,784,0,6,790,0,53,"Panchayat Union Middle School   ,East Terraced Buliding East
Side, Vilangudi-625018.","1.Madurai (C) Vilangudi (TP) Chokkanathapuram 1st Street Ward 20 ,
2.Madurai (C) Vilangudi (TP) Chokkanathapuram 1st Street Ward 20",All Voter,"Panchayat Union Middle School   ,East Terraced Buliding East
Side",Vilangudi-625018.,tamilaga vettri kazhagam,307,261,46,dravida munnetra kazhagam,3,2,4,1,6,9,5,9,9,9,9,9,9,6,6,5.86734693877551,2
54,115,294,46,311,1,0,0,1,0,0,0,0,0,0,768,0,1,769,0,54,"Panchayat Union Middle School   ,West Building Middle Portion, Vilankudi","1.Madurai (C) Vilangudi Chokkanathapuram 2nd Street Ward 20 ,
2.Madurai (C) Vilangudi Chokkanathapuram 3rd Street 1st Cross Street Ward 20 ,
3.Madurai (C) Vilangudi Chokkanathapuram 3rd Street 2nd Cross Street Ward 20 ,
4.Madurai (C) Vilangudi Chokkanathapuram 3rd Street 3rd Cross Street Ward 20 ,
5.Madurai (C) Vilangudi Chokkanathapuram 3rd Street 4th Cross Street Ward 20 ,
6.Madurai (C) Vilangudi Chokkanathapuram 3rd Street 5th Cross Street Ward 20 ,
7.Madurai (C) Vilangudi Chokkanathapuram 3rd Street 6th Cross Street Ward 20 ,
8.Madurai (C) Vilangudi Chokkanathapuram 3rd Street 7th Cross Street Ward 20 ,
9.Madurai (C) Vilangudi Chokkanathapuram 3rd Street Bharathiyar Main Road Ward 20",All Voter,"Panchayat Union Middle School   ,West Building Middle Portion",Vilankudi,tamilaga vettri kazhagam,311,294,17,dravida munnetra kazhagam,3,2,4,1,5,8,5,8,5,8,8,8,8,8,8,2.213541666666667,1
55,49,239,38,214,0,0,0,0,0,0,0,0,0,1,541,0,1,542,0,55,"Panchayat Union Middle School   ,West Terraced Building South Building East Side, Vilankudi-625018","1.Madurai (C) Vilangudi (TP) Teacher Colony 1st Street Ward 1 ,
2.Madurai (C) Vilangudi (TP) Teachers Colony 2nd Street Ward 1 ,
3.Madurai (C) Vilangudi (TP) Ponn Nagar Ward 1 ,
4.Madurai (C) Vilangudi (TP) Ambethkar Street Ward 1 ,
5.Madurai (C) Vilangudi (TP) Gandhiji Street Ward 1",All Voter,"Panchayat Union Middle School   ,West Terraced Building South Building East Side",Vilankudi-625018,dravida munnetra kazhagam,239,214,25,tamilaga vettri kazhagam,3,1,4,2,7,7,5,7,7,7,7,7,7,7,5,4.621072088724584,1
56,138,280,41,284,1,0,0,0,1,1,0,1,1,1,749,0,0,749,0,56,"Visalakshi Elementary School, South Facing 1st room, Mill Colony, Dindigul Main Road, Vilangudi - 625018","1.Madurai (C) Vilangudi (TP) Dindugul Main Road Ward 1 ,
2.Madurai (C) Vilangudi (TP) Union Bank Colony 4th Street Ward 1 ,
3.Madurai (C) Vilangudi (TP) Union Bank Colony 5th Street Ward 1 ,
4.Madurai (C) Vilangudi (TP) Chockanathapuram Street Ward 20 ,
5.Madurai (C) Vilangudi (TP) Chockanathapuram 2nd Street Ward 20
6.Madurai (C) Vilangudi (TP) Nedunchelian Street Ward 1  ,",All Voter,"Visalakshi Elementary School, South Facing 1st room, Mill Colony, Dindigul Main Road",Vilangudi - 625018,tamilaga vettri kazhagam,284,280,4,dravida munnetra kazhagam,3,2,4,1,5,11,11,11,11,5,5,11,5,5,5,0.5340453938584779,5
57,164,300,36,323,0,0,0,0,0,0,0,1,1,1,826,0,2,828,0,57,"Panchayat Union Middle School   ,Office Building, West Portion, Vilankudi-625018","1.Madurai (C) Vilangudi (S.P) Nehruji Main Road Ward 1 ,
2.Madurai (C) Vilangudi (S.P) Nethaji Main Road Ward 1 ,
3.Madurai (C) Vilangudi (S.P) Rajaji Street Ward 1 ,
4.Madurai (C) Vilangudi (S.P) Kaliyamman Kovil Street Ward 1 ,
5.Madurai (C) Vilangudi (S.P) Muthuramalinga Thevar Street Ward 1,
6.Madurai (C) Vilangudi (S.P) Manikavasagar Street Ward 1 ,
7.Madurai (C) Vilangudi (S.P) Panner Selvam Street Ward 1 ,
8.Madurai (C) Vilangudi (S.P) V.O.C Street Ward 1 ,
9.Madurai (C) Vilangudi (S.P) Bharathi Street Ward 1 ,
10.Madurai (C) Vilangudi (S.P) Thiruvalluvar Street Ward 1 ,
11.Madurai (C) Vilangudi (S.P) Sathyamoorthy Street Ward 1 ,
12.Madurai (C) Vilangudi (S.P) Jeevanandham Street Ward 1 ,
13.Madurai (C) Vilangudi (S.P) Union Bank Colony 1st Street Ward 1 ,
14.Madurai (C) Vilangudi (S.P) Union Bank Colony 2nd Street Ward 1 ,
15.Madurai (C) Vilangudi (S.P) Union Bank Colony 3rd Street Ward 1 ,
16.Madurai (C) Vilangudi (S.P) Dindugul Main Road Ward 1",All Voter,"Panchayat Union Middle School   ,Office Building, West Portion",Vilankudi-625018,tamilaga vettri kazhagam,323,300,23,dravida munnetra kazhagam,3,2,4,1,9,9,5,9,9,9,9,9,6,6,6,2.784503631961259,3
58,150,264,44,315,0,1,0,1,0,3,0,1,0,1,780,0,2,782,0,58,"Visalakshi Elementary School, West Side Room, Dindigul Main Road, Vilangudi - 625018","1.Madurai (C) Vilangudi (TP) Anna Street Ward 1 ,
2.Madurai (C) Vilangudi (TP) Moovendar Street Ward 1 ,
3.Madurai (C) Vilangudi (TP) Vivekanandhar Street Ward 1 ,
4.Madurai (C) Vilangudi (TP) Kaliamman Kovil Street Ward 1
5.Madurai (C) Vilangudi (TP) Abirami Nagar Ward 1 ,
6.Madurai (C) Vilangudi (TP) Nehruji Main Road Ward 1",All Voter,"Visalakshi Elementary School, West Side Room, Dindigul Main Road",Vilangudi - 625018,tamilaga vettri kazhagam,315,264,51,dravida munnetra kazhagam,3,2,4,1,11,7,6,11,7,11,5,11,7,11,7,6.538461538461539,6
59,124,304,40,279,1,1,1,1,0,1,0,1,1,1,755,0,6,761,0,59,"Visalakshi Mill colony High School, West Biulding Middle Portion, Dindigul Main Road, Vilangudi - 625018","1.Madurai (C) Vilangudi (TP) Thamarai Veethi Ward 1 ,
2.Madurai (C) Vilangudi (TP) Shenbaga Veethi Ward 1 ,
3.Madurai (C) Vilangudi (TP) Surya Gandhi Veethi Ward 1
4.Madurai (C) Vilangudi (TP) Mullai Street Ward 1 ,
5.Madurai (C) Vilangudi (TP) Kurunji Veethi Ward 1 ,
6.Madurai (C) Vilangudi (TP) Parijadha Veethi Ward 1 ,
7.Madurai (C) Vilangudi (TP) Raja Veethi Ward 1 ,
8.Madurai (C) Vilangudi (TP) Sampangi Veethi Ward 1 ,
9.Madurai (C) Vilangudi (TP) Nandhavana Veethi Ward 1 ,
10.Madurai (C) Vilangudi (TP) Manoranjitha Veethi Ward 1
11.Madurai (C) Vilangudi (TP) Brindhavana Veethi Ward 1
12.Madurai (C) Vilangudi (TP) Alli Veethi Ward 1 ,
13.Madurai (C) Vilangudi (TP) Podhigai Thulasi Veethi Ward 1 ,
14.Madurai (C) Vilangudi (TP) Kumudham Veethi Ward 1 ,
15.Madurai (C) Vilangudi (TP) Malligai Veethi Ward 1 ,
16.Madurai (C) Vilangudi (TP) Thendral Nagar Ward 1",All Voter,"Visalakshi Mill colony High School, West Biulding Middle Portion, Dindigul Main Road",Vilangudi - 625018,dravida munnetra kazhagam,304,279,25,tamilaga vettri kazhagam,3,1,4,2,6,6,5,6,6,14,6,14,6,6,6,3.311258278145695,6
60,110,335,59,350,0,0,3,0,0,1,0,1,3,1,863,0,4,867,0,60,"Visalakshi Mill colony High School, West Biulding South Side, Dindigul Main Road, Vilangudi - 625018","1.Madurai (C) Vilangudi (TP) Visalatchi Nagar 1st Street Ward 1
2.Madurai (C) Vilangudi (TP) Visalatchi Nagar 2nd Street Ward 1
3.Madurai (C) Vilangudi (TP) Visalatchi Nagar 3rd Street Ward 1
4.Madurai (C) Vilangudi (TP) Visalatchi Nagar 4th Street Ward 1
5.Madurai (C) Vilangudi (TP) Kondamari Ward 1 ,
6.Madurai (C) Vilangudi (TP) Sembaruthi Nagar Ward 1
7. Madurai (C) Vilangudi (TP), Senthamarai Veethi Ward 1",All Voter,"Visalakshi Mill colony High School, West Biulding South Side, Dindigul Main Road",Vilangudi - 625018,tamilaga vettri kazhagam,350,335,15,dravida munnetra kazhagam,3,2,4,1,11,11,5,6,11,11,8,11,8,6,8,1.738122827346466,9
61,158,200,42,266,0,0,0,0,0,0,2,0,0,1,669,0,2,671,0,61,"Visalakshi Mill colony High School, South Biulding Middle
Portion , Dindigul Main Road, Vilangudi - 625018","1.Madurai (C) Vilangudi (TP) Dindugul Main Road Ward 1
2.Madurai (C) Vilangudi (TP) Valavandhan Veethi Ward 1",All Voter,"Visalakshi Mill colony High School, South Biulding Middle
Portion , Dindigul Main Road",Vilangudi - 625018,tamilaga vettri kazhagam,266,200,66,dravida munnetra kazhagam,3,2,4,1,8,8,5,8,8,8,8,5,8,8,7,9.865470852017937,3
62,109,243,53,312,0,0,0,1,0,0,0,2,1,0,721,0,5,726,0,62,"Visalakshi Mill colony High School, South Biulding East  Portion
, Dindigul Main Road, Vilangudi - 625018","1.Madurai (C) Vilangudi (TP) Venkatajalapathi Nagar Ward 1
2.Madurai (C) Vilangudi (TP) Ganapathi Nagar 1st Main Road Ward 1
3.Madurai (C) Vilangudi (TP) Ganapathi Nagar 2nd Main Road Ward 1",All Voter,"Visalakshi Mill colony High School, South Biulding East  Portion
, Dindigul Main Road",Vilangudi - 625018,tamilaga vettri kazhagam,312,243,69,dravida munnetra kazhagam,3,2,4,1,9,9,5,9,7,9,9,9,6,7,9,9.57004160887656,4
63,107,173,39,288,0,0,1,0,0,3,2,0,1,0,614,0,4,618,0,63,"Corporation Elementary School   ,West Side Building, 1st room,
East facing,Pethaniyapuram-625016","1 - Madurai (C), Pandiarajapuram Mettu Street Main Veethi Pethaniyapuram Ward 64 (from
door no. 1 to door no. 189)",All Voter,"Corporation Elementary School   ,West Side Building, 1st room,
East facing",Pethaniyapuram-625016,tamilaga vettri kazhagam,288,173,115,dravida munnetra kazhagam,3,2,4,1,10,10,5,8,10,10,6,7,10,8,10,18.72964169381108,7
64,123,210,25,294,0,0,0,0,0,0,0,0,0,0,652,0,0,652,0,64,"Corporation Elementary School   ,West Side Building, 3rd room, East facing, Pethaniyapuram-625016","1.Madurai (C) Pillaiyar Kovil Street Ward 64 ,
2.Madurai (C) Kalaimathi Street Ward 64 ,",All Voter,"Corporation Elementary School   ,West Side Building, 3rd room, East facing",Pethaniyapuram-625016,tamilaga vettri kazhagam,294,210,84,dravida munnetra kazhagam,3,2,4,1,5,5,5,5,5,5,5,5,5,5,5,12.88343558282209,0
65,97,253,30,231,0,0,0,0,0,1,0,0,0,0,612,0,2,614,0,65,"Corporation Elementary School ,(ICDSBuilding) East side building , 1st  room, West  facing, Pethaniyapuram-625016","1.Madurai (C) Thomas Veethi Ward 64 ,
2.Madurai (C) Kambar Street Ward 64 ,
3.Madurai (C) Agathiyar Street Ward 64 ,
4.Madurai (C) Jeeva Street Ward 64 ,
5.Madurai (C) Nethaji Street Ward 64",All Voter,"Corporation Elementary School ,(ICDSBuilding) East side building , 1st  room, West  facing",Pethaniyapuram-625016,dravida munnetra kazhagam,253,231,22,tamilaga vettri kazhagam,3,1,4,2,7,7,5,7,7,7,6,7,7,7,7,3.594771241830065,1
66,147,242,34,282,1,0,2,1,2,0,0,1,1,0,713,0,1,714,0,66,"Corporation Elementary School ,(ICDSBuilding) East side building , 4th  room, West  facing,Pethaniyapuram-625016","1.Madurai (C) Samuvel Street Ward 64 ,
2.Madurai (C) Roja Veethi Ward 64 ,
3.Madurai (C) Mullai Veethi Ward 64 ,
4.Madurai (C) Malligai Veethi 21 ,
5.Madurai (C) Tamarai Veethi Ward 64",All Voter,"Corporation Elementary School ,(ICDSBuilding) East side building , 4th  room, West  facing",Pethaniyapuram-625016,tamilaga vettri kazhagam,282,242,40,dravida munnetra kazhagam,3,2,4,1,7,12,7,5,7,5,12,12,7,7,12,5.610098176718092,7
67,106,165,31,177,1,0,1,0,0,1,0,0,1,0,483,0,3,486,0,67,"Corporation Elementary School , East Side Building, 3rd room, West facing, Pethaniyapuram-625016","1.Madurai (C) Lasaras Street Ward 63 ,
2 - Madurai (C), Pandiarajapuram Mettu Street Main Veethi Pethaniyapuram Ward 64 (from door no. 191 till last)
3.Madurai (C) Mothilal Street Ward 64",All Voter,"Corporation Elementary School , East Side Building, 3rd room, West facing",Pethaniyapuram-625016,tamilaga vettri kazhagam,177,165,12,dravida munnetra kazhagam,3,2,4,1,6,10,5,6,10,10,6,10,10,6,10,2.484472049689441,3
68,72,239,20,227,1,0,0,1,0,2,0,1,2,0,565,0,1,566,0,68,"Fatima Middle School Arappalayam, North Side building, 1st
room South Facing Arappalayam-625016","1.Madurai (C) Nagu Nagar 1st Street Pethaniapuram Ward 63 ,",All Voter,"Fatima Middle School Arappalayam, North Side building","1st
room South Facing Arappalayam-625016",dravida munnetra kazhagam,239,227,12,tamilaga vettri kazhagam,3,1,4,2,7,11,7,11,7,11,5,11,7,5,11,2.123893805309734,6
69,68,138,25,160,0,0,1,0,0,0,0,0,0,1,393,0,1,394,0,69,"O.P.Reddy Elementary School, East side Building, West Facing 4th room, Pethaniyapuram, madurai-625016","1.Madurai (C) Yagappan Kalavasal Compound Pethaniapuram Ward 63 ,
2.Madurai (C) Maravar Kottam Nagu Nagar 1st Street Pethaniyapuram Ward 63 ,
3.Madurai (C) Samikannu Veethi Ward 63
4.Madurai (C) Rajangam Street Ward 63 ,
5.Madurai (C) Samuvel Street Nagunagar Ward 64 ,
6.Madurai (C) Indira Street Ward 63 ,",All Voter,"O.P.Reddy Elementary School, East side Building, West Facing 4th room, Pethaniyapuram",madurai-625016,tamilaga vettri kazhagam,160,138,22,dravida munnetra kazhagam,3,2,4,1,8,8,5,5,8,8,8,8,8,8,5,5.597964376590331,2
70,80,217,19,273,0,0,0,1,0,0,0,0,2,0,592,0,1,593,0,70,"Fatima Middle School Arappalayam, North Side building, 3rd room South Facing Arappalayam-625016","1.Madurai(C) D D  Road Aarapalayam Kanmaikarai Ward 62 ,
2.Madurai (C) Bye Pass Road Ward 62 ,
3.Madurai(C) Valarmathi Street Aarapaayam Kanmaikarai  Ward 62 ,
4.Madurai (C) Nehru Street Aarapalayam Kanmaikarai Ward 62 , 5.Madurai(C) Vijayasekaran Street Aarapalayam Kanmaikarai,Ward 62,
6.Madurai (C) Raja Street Aarapalayam kanmaikarai Ward 62 , 7.Madurai(C) A K  Gopalan 1st Street Aarapalayam Ward 62 , 8.Madurai(C) A K Gopalan 2nd Street kanmaikarai Ward 62",All Voter,"Fatima Middle School Arappalayam, North Side building",3rd room South Facing Arappalayam-625016,tamilaga vettri kazhagam,273,217,56,dravida munnetra kazhagam,3,2,4,1,8,8,6,8,6,8,8,8,8,5,8,9.45945945945946,3
71,99,190,35,287,1,1,1,0,0,1,0,0,0,1,616,0,2,618,0,71,"Fatima Middle School Arappalayam, south Side building,  1st room North Facing Arappalayam-625017","1.Madurai (C) Pallikuda Cross Street Ward 63 ,
2.Madurai (C) Jeeva Street Ward 64 ,
3.Madurai (C) Gandhi Veedhi Ward 64",All Voter,"Fatima Middle School Arappalayam, south Side building",1st room North Facing Arappalayam-625017,tamilaga vettri kazhagam,287,190,97,dravida munnetra kazhagam,3,2,4,1,6,6,5,6,11,11,6,11,11,11,6,15.74675324675325,3
72,116,210,30,240,0,0,0,0,1,1,0,0,1,1,600,0,3,603,0,72,"Fatima Middle School Arappalayam, south Side building,  3rd
room North Facing Arappalayam-625018","1.Madurai (C) Nagu Nagar 2nd Street Ward 63 ,
2.Madurai (C) Chinnachami Pillai Street Ward 63",All Voter,"Fatima Middle School Arappalayam, south Side building","3rd
room North Facing Arappalayam-625018",tamilaga vettri kazhagam,240,210,30,dravida munnetra kazhagam,3,2,4,1,10,10,5,10,10,6,6,10,10,6,6,5.0,4
73,101,225,28,325,1,0,0,0,0,0,0,1,0,0,681,0,4,685,0,73,"O.P.Reddy Elementary School, East side Building, West Facing
1st room, Pethaniyapuram, madurai-625016","1.Madurai (C) Anna Main Street Ward 64 ,
2.Madurai (C) Pastin Nagar 1st Street Pethaniyapuram Ward 65",All Voter,"O.P.Reddy Elementary School, East side Building, West Facing
1st room, Pethaniyapuram",madurai-625016,tamilaga vettri kazhagam,325,225,100,dravida munnetra kazhagam,3,2,4,1,6,8,5,8,8,8,8,8,6,8,8,14.68428781204112,1
74,108,233,31,284,1,1,1,0,0,1,0,0,1,0,661,0,3,664,0,74,"St.Mary of Lucca Matric Higher Secondary School,East side Building 10th Room, Pethaniyapuram-625016","1.Madurai (C) Pastian Nagar 2nd Street Pethaniyapuram Ward 65 , 2.Madurai(C) Pastin Nagar 3rd Street Pethaniyapuram Ward 65 ,
3.Madurai (C) Pastin Nagar 4th Street Pethaniyapuram Ward 65 ,
4.Madurai (C) Pastin Nagar 6th Street Pethaniyapuram Ward 65 ,
5.Madurai (C) Veeramamunivar Street Ward 66
6.Madurai (C) Pastian Nagar 3rd Street Ward 65",All Voter,"St.Mary of Lucca Matric Higher Secondary School,East side Building 10th Room",Pethaniyapuram-625016,tamilaga vettri kazhagam,284,233,51,dravida munnetra kazhagam,3,2,4,1,6,6,5,6,11,11,6,11,11,6,11,7.715582450832073,3
75,82,326,24,246,1,0,0,0,1,2,0,2,0,0,684,0,4,688,0,75,"St.Mary of Lucca Matric Higher Secondary School,East side Building 8th Room, Pethaniyapuram-625016","1.Madurai(C) Matha Kovil South Street Ward 66 , 2.Madurai(C) Matha Kovil North Street Ward 66 , 3.Madurai(C) Matha Kovil Mukiy Street Ward 65 , 4.Madurai(C) Anbu Street Ward 65 ,
5.Madurai(C) Valar Street Ward 65 ,
6.Madurai(C) Pastin  Nagar 7th Street Ward 65",All Voter,"St.Mary of Lucca Matric Higher Secondary School,East side Building 8th Room",Pethaniyapuram-625016,dravida munnetra kazhagam,326,246,80,tamilaga vettri kazhagam,3,1,4,2,8,10,5,10,10,8,6,10,6,10,10,11.69590643274854,5
76,130,242,50,344,0,2,0,1,1,0,0,0,1,1,772,0,2,774,0,76,"St.Mary of Lucca Matric Higher Secondary School,East side Building 6th Room, Pethaniyapuram-625016","1.Madurai (C) Indirani Nagar Mudakusalai Ward 65 ,
2.Madurai (C) Thiruvalluvar Street 64 ,
3.Madurai (C) Kamachi Amman 1st Street Ward 63 ,
4.Madurai (C) Kamatchi Amman 2nd Street 63",All Voter,"St.Mary of Lucca Matric Higher Secondary School,East side Building 6th Room",Pethaniyapuram-625016,tamilaga vettri kazhagam,344,242,102,dravida munnetra kazhagam,3,2,4,1,11,5,5,11,7,7,11,11,11,7,7,13.21243523316062,4
77,94,204,48,188,0,0,0,1,0,1,0,0,1,0,537,0,2,539,0,77,"St.Mary of Lucca Matric Higher Secondary School,East side
Building 4th Room, Pethaniyapuram-625016","1.Madurai (C) INTUC Colony Ward 65 ,",All Voter,"St.Mary of Lucca Matric Higher Secondary School,East side
Building 4th Room",Pethaniyapuram-625016,dravida munnetra kazhagam,204,188,16,tamilaga vettri kazhagam,3,1,4,2,9,9,5,9,6,9,6,9,9,6,9,2.97951582867784,3
78,73,190,31,223,1,0,0,1,0,3,0,0,0,0,522,0,1,523,0,78,"St.Mary of Lucca Matric Higher Secondary School,East side Building 2nd  Room, Pethaniyapuram-625016","1.Madurai (C) Pallavan Nagar 2nd Street Ward 63 ,
2.Madurai (C) Pallavan Nagar 3rd Street 63 ,
3.Madurai (C) Pallavan Nagar(Kamarajar Street) Ward 63,
4.Madurai (C) Pallavan Nagar Main Road Ward 63 ,
5.Madurai (C) Pallavan Nagar 5th Street Ward 63 ,
6.Madurai (C) Pallavan Nagar 6th Street Ward 63",All Voter,"St.Mary of Lucca Matric Higher Secondary School,East side Building 2nd  Room",Pethaniyapuram-625016,tamilaga vettri kazhagam,223,190,33,dravida munnetra kazhagam,3,2,4,1,6,9,6,9,6,9,5,9,9,9,9,6.321839080459771,4
79,86,187,26,262,1,0,0,0,0,0,1,0,2,2,567,0,5,572,0,79,"O.P.Reddy Elementary School, East side Building, West Facing 3rd room, Pethaniyapuram, madurai-625016","1.Madurai (C) E B Colony Ward 63 ,
2.Madurai (C) Devi Karumari Amman Kovil Street Ward 65 ,
3.Madurai (C) Ayyanar Kovil Street Ward 63 ,
4.Madurai (C) Adisan Street Pethaniyapuram Ward 66 ,",All Voter,"O.P.Reddy Elementary School, East side Building, West Facing 3rd room, Pethaniyapuram",madurai-625016,tamilaga vettri kazhagam,262,187,75,dravida munnetra kazhagam,3,2,4,1,8,10,5,10,10,10,10,8,10,6,6,13.22751322751323,5
80,98,303,38,255,0,0,0,0,0,0,0,1,0,1,696,0,3,699,0,80,"St.Mary of Lueca Matric Hr. Sec. School    ,R C C Building North Portion, Pethaniyapuram Madurai-16","1.Madurai (C) Aasaithambi Street Ward 63 ,
2.Madurai (C) Pastin Nagar 5th Street 63 ,
3.Madurai (C) Pallavan Nagar 4th Street Ward 63",All Voter,"St.Mary of Lueca Matric Hr. Sec. School    ,R C C Building North Portion",Pethaniyapuram Madurai-16,dravida munnetra kazhagam,303,255,48,tamilaga vettri kazhagam,3,1,4,2,8,8,5,8,8,8,8,8,6,8,6,6.896551724137931,2
81,89,201,34,263,1,0,0,0,0,0,0,0,0,0,588,0,2,590,0,81,"St.Mary of Lueca Matric Hr. Sec. School   ,Western Side Class- XII-B Room","1.Madurai (C) Kamarajar 1st Street Ward 63 ,
2.Madurai (C) Kal Santhu Street Ward 63
3.Madurai (C) A K Gopalan Cross Street Ward 63",All Voter,St.Mary of Lueca Matric Hr. Sec. School,Western Side Class- XII-B Room,tamilaga vettri kazhagam,263,201,62,dravida munnetra kazhagam,3,2,4,1,6,7,5,7,7,7,7,7,7,7,7,10.54421768707483,0
82,77,148,23,170,1,0,0,0,0,0,0,0,0,0,419,0,2,421,0,82,"St.Mary of Lueca Matric Hr. Sec. School   ,R C C Building North Portion, Bastin Nagar-625016","1.Madurai (C) Mumoorthi Nagar Ward 63 , 2.Madurai(C) V.O.C.Nagar Main Street Ward 63 ,
3.Madurai (C) V.O.C Nagar 1st Street 63 ,
4.Madurai (C) V.O.C Nagar North Street Ward 63 ,
5.Madurai (C) V.O.C Nagar South Street Ward 63 ,
6.Madurai (C) V.O.C Nagar 3rd Street 63",All Voter,"St.Mary of Lueca Matric Hr. Sec. School   ,R C C Building North Portion",Bastin Nagar-625016,tamilaga vettri kazhagam,170,148,22,dravida munnetra kazhagam,3,2,4,1,6,7,5,7,7,7,7,7,7,7,7,5.250596658711217,0
83,116,127,38,254,0,0,0,0,0,0,0,1,1,1,538,0,3,541,0,83,"St.Mary of Lueca Matric Hr. Sec. School   ,East Building 5th Room South Side, Bastin Nagar Madurai-625016","1.Madurai (C) V.O.C. Nagar 4th Street Ward 63 ,
2.Madurai (C) V.O.C Nagar 5th Street Ward 63 ,
3.Madurai (C) V.O.C. Nagar 6th Street Ward 63 ,
4.Madurai (C) Theni Main Road Ward 63 ,
5.Madurai (C) P P Chavadi Ward 63 ,
6.Madurai(C) Kaliamman Kovil Pallavan Nagar Ward 64 ,
7.Madurai (C) Ponnaiah Nagar Ward 66 ,
8.Madurai (C) Ganeshapuram Ward 66",All Voter,"St.Mary of Lueca Matric Hr. Sec. School   ,East Building 5th Room South Side",Bastin Nagar Madurai-625016,tamilaga vettri kazhagam,254,127,127,dravida munnetra kazhagam,3,2,4,1,9,9,5,9,9,9,9,9,6,6,6,23.60594795539033,3
84,69,171,23,127,1,0,0,0,0,0,0,0,0,0,391,0,0,391,0,84,"St. John Matric School   ,R C C Building West Side(room 5)
Melakkal Road Kochadai, Madurai-10",1.Madurai (C) Indirani Nagar Building  (Right Side ) Ward 65,All Voter,"St. John Matric School   ,R C C Building West Side(room 5)
Melakkal Road Kochadai",Madurai-10,dravida munnetra kazhagam,171,127,44,tamilaga vettri kazhagam,3,1,4,2,5,6,6,6,6,6,6,6,6,6,6,11.25319693094629,0
85,92,170,25,148,1,0,0,1,0,0,0,0,0,1,438,0,2,440,0,85,"St. John Matric School   ,East Side Building First Room North
Side, Kochadai",1.Madurai (C) Indirani Nagar (Right Side) Ward 65,All Voter,"St. John Matric School   ,East Side Building First Room North
Side",Kochadai,dravida munnetra kazhagam,170,148,22,tamilaga vettri kazhagam,3,1,4,2,6,9,5,9,6,9,9,9,9,9,6,5.02283105022831,2
86,89,176,25,182,1,0,0,0,0,1,0,0,0,2,476,0,0,476,0,86,"St.John Matric School    ,West Side(room 6), Melakkal Road
Madurai-10",1.Madurai (C) Indirani Nagar (Left Side) Ward 66,All Voter,"St.John Matric School    ,West Side(room 6)","Melakkal Road
Madurai-10",tamilaga vettri kazhagam,182,176,6,dravida munnetra kazhagam,3,2,4,1,6,8,8,8,8,8,6,8,8,8,5,1.260504201680672,3
87,106,318,38,263,2,0,1,1,0,3,0,1,2,2,737,0,4,741,0,87,"K.G.V.Sala High School   ,R C C Building North Side, Virattipathu.","1.Madurai (C) Pandi Kovil 2nd Street Ponnakaram Ward 68
2.Madurai (C) Pandi Kovil 3rd Street Ponnagaram Ward 68
3.Madurai (C) Pandi Kovil 4th Street Ponnagaram Ward 68
4.Madurai (C) Pandi Kovil 5th Street Ponnagaram Ward 68
5.Madurai (C) Virattipathu (P) Harijan Colony Ward 67 ,",All Voter,"K.G.V.Sala High School   ,R C C Building North Side",Virattipathu.,dravida munnetra kazhagam,318,263,55,tamilaga vettri kazhagam,3,1,4,2,7,13,5,10,10,13,6,13,10,7,7,7.462686567164178,10
88,120,318,62,287,1,0,1,0,0,6,0,0,0,0,795,0,1,796,0,88,"K.G.V.Sala High School   ,R C C Building, North Side Block-2, Virattipathu.","1.Madurai(C) Kokulappi Ponnakaram  Ward 67 ,
2.Madurai (C) T.P.M Nagar Ponnagaram Ward 67",All Voter,"K.G.V.Sala High School   ,R C C Building, North Side Block-2",Virattipathu.,dravida munnetra kazhagam,318,287,31,tamilaga vettri kazhagam,3,1,4,2,6,9,6,6,9,9,5,9,9,9,9,3.89937106918239,7
89,113,143,45,199,3,3,4,4,3,3,3,3,3,4,533,0,7,540,0,89,"St. john Matric school, north side building IV-B Class Room,
South facing, Kochadai, Madurai - 625016","1 - Madurai (C), Melakal Main Road Ward 66 (from door no. 1 to door no.342)",All Voter,"St. john Matric school, north side building IV-B Class Room,
South facing, Kochadai",Madurai - 625016,tamilaga vettri kazhagam,199,143,56,dravida munnetra kazhagam,3,2,4,1,9,9,5,6,6,9,9,9,9,9,6,10.50656660412758,27
90,110,173,22,165,0,0,0,0,0,0,0,1,1,0,472,0,2,474,0,90,"Govt. High School   ,Additional Building West Side Thuvariman- 625010","1.Thuvariman (R.V) Thuvariman (P) Ganesapuram Ward 4 2.Thuvariman (R.V) Thuvariman (P) Society Chambar Ward 4 ,
3.Thuvariman (R.V) Thuvariman (P) Pulvaikarai Ward 4",All Voter,Govt. High School,Additional Building West Side Thuvariman- 625010,dravida munnetra kazhagam,173,165,8,tamilaga vettri kazhagam,3,1,4,2,8,8,5,8,8,8,8,8,6,6,8,1.694915254237288,2
91,91,258,17,147,0,1,0,0,0,0,1,0,0,1,516,0,2,518,0,91,"C.S.I Elementary School   ,North Building, 1st room, south
facing, Atchampathu","1 - Thuvariman (R.V) Thuvariman (P), T.Pudukudi ward 5 (from door no. 1 to door no. 5-159)",All Voter,"C.S.I Elementary School   ,North Building, 1st room, south
facing",Atchampathu,dravida munnetra kazhagam,258,147,111,tamilaga vettri kazhagam,3,1,4,2,9,6,5,9,9,9,9,6,9,9,6,21.51162790697675,2
92,95,200,24,200,0,0,0,1,0,0,0,0,1,0,521,0,5,526,0,92,"C.S.I Elementary School ,North Building, 2nd  room, south
facing, Atchampathu","1 - Thuvariman (R.V) Thuvariman (P), T.Pudukudi ward 5 (from door no. 5-160 till last)",All Voter,"C.S.I Elementary School ,North Building, 2nd  room, south
facing",Atchampathu,dravida munnetra kazhagam,200,200,0,dravida munnetra kazhagam,3,1,4,1,8,8,5,8,6,8,8,8,8,6,8,0.0,2
93,214,184,29,168,0,0,0,0,0,1,0,0,0,0,596,0,0,596,0,93,"Govt. High School   ,Additional Building West Zone , east side, Thuvariman 625010","1.Duvariman (R.V) Duvariman(p) East Street Ward 2 , 2.Duvariman (R.V) Duvariman (P) Kalathu Street Ward 2 ,
3.Duvariman (R.V) Duvariman (P) Kalathu Street Agraharam Ward 2",All Voter,"Govt. High School   ,Additional Building West Zone , east side",Thuvariman 625010,all india anna dravida munnetra kazhagam,214,184,30,dravida munnetra kazhagam,1,2,4,3,6,6,6,6,6,6,5,6,6,6,6,5.033557046979865,1
94,200,337,28,197,2,0,0,1,0,0,0,0,0,0,765,0,1,766,0,94,"Govt. High School ,North side Building, South - Facing, 3rd
Room,Thuvariman-625010.","1.Duvariman (R.V) Duvariman (P) West Street Agraharam Ward 2,
2.Duvariman (R.V) Duvariman (P) Ganeshapuram Ward 4",All Voter,"Govt. High School ,North side Building, South - Facing, 3rd
Room",Thuvariman-625010.,dravida munnetra kazhagam,337,200,137,all india anna dravida munnetra kazhagam,2,1,4,3,5,8,6,8,6,8,8,8,8,8,8,17.90849673202614,1
95,108,237,27,165,0,0,0,1,0,1,0,0,0,0,539,0,0,539,0,95,"Govt. High School ,North side Building, South - Facing, 1st Room, Thuvariman-625010.","1.Duvariman (R.V) Duvariman(p) Venkatachalapathy Nagar Ward 1 , 2.Duvariman (R.V) Duvariman (P) Indira colony Ward 1 ,",All Voter,"Govt. High School ,North side Building, South - Facing, 1st Room",Thuvariman-625010.,dravida munnetra kazhagam,237,165,72,tamilaga vettri kazhagam,3,1,4,2,7,7,7,7,5,7,5,7,7,7,7,13.35807050092764,2
96,206,232,17,119,0,0,0,0,0,0,0,0,0,0,574,0,1,575,0,96,"Govt. High School , North side Building, South - Facing, 2nd
Room, Thuvariman-625010.",1.Duvariman (R.V) Duvariman (P) East Street Ward 1,All Voter,"Govt. High School , North side Building, South - Facing, 2nd
Room",Thuvariman-625010.,dravida munnetra kazhagam,232,206,26,all india anna dravida munnetra kazhagam,2,1,4,3,6,6,5,6,6,6,6,6,6,6,6,4.529616724738676,0
97,202,428,45,176,0,0,0,0,0,1,0,0,1,0,853,0,5,858,0,97,"C.S.I Elementary School , 5th Std North Face,  Keelamathur- 625010","1.Keelamathur (R.V) Keelamathur(p) East Street Ward 1 , 2.Keelamathur (R.V) Keelamathur (P) East Street Ward 2 ,
3.Keelamathur (R.V) Keelamathur (SP) Keelamathur Mela Street Ward 1 , 4.Keelamathur (R.V) Keelamathur (P) West Street Ward 2 , 5.Keelamathur (R.V) Keelamathur (P) Nadu Theru Ward 1 , 6.Keelamathur (R.V) Keelamathur (P) North Street Ward 1 , 7.Keelamathur (R.V) Keelamathur (P) North Street Ward 3 , 8.Keelamathur (R.V) Keelamathur (P) Melakkal Main road Ward 1",All Voter,"C.S.I Elementary School , 5th Std North Face",Keelamathur- 625010,dravida munnetra kazhagam,428,202,226,all india anna dravida munnetra kazhagam,2,1,4,3,8,8,5,8,8,8,6,8,8,6,8,26.4947245017585,2
98,201,300,26,304,2,0,0,0,0,0,1,0,1,0,835,0,3,838,0,98,"C.S.I Elementary School , 4th Std East Facing Building, Keelamathur-625010","1.Keelamathur (R.V) Keelamathur (P) Harijan colony Ward 2 2.Keelamathur (R.V) Keelamathur (P) Harijan colony Keelamathur Ward 3 , 3.Keelamathur (R.V) Keelamathur (P) R.C.Street Ward 2
4.Keelamathur (R.V) Keelamathur (P) R.C.Street Ward 3 , 5.Keelamathur (R.V) Keelamathur (P) Valaiyar Street Ward 3
6.Keelamathur (R.V) Keelamathur (P) Kaliamman koil Street Ward 3",All Voter,"C.S.I Elementary School , 4th Std East Facing Building",Keelamathur-625010,tamilaga vettri kazhagam,304,300,4,dravida munnetra kazhagam,3,2,4,1,6,9,5,9,9,9,9,7,9,7,9,0.4790419161676647,2
99,98,199,32,166,0,0,1,0,0,0,1,0,0,0,497,0,4,501,0,99,"Pt.Union Ele.School   ,Room No-1, Kamatchipuram-625010","1.Melamathur (R.V) Melamathur(p) Melamathur Ward 1 2.Melamathur (R.V) Melamathur (P) Puluthu Ward 2 ,
3.Keelmathikatinan (R.V) Melamathur (P) Keelmathikatinan Ward 2",All Voter,"Pt.Union Ele.School   ,Room No-1",Kamatchipuram-625010,dravida munnetra kazhagam,199,166,33,tamilaga vettri kazhagam,3,1,4,2,8,8,5,6,8,8,8,6,8,8,8,6.639839034205232,2
100,197,279,34,206,1,1,0,1,0,0,0,0,1,2,722,0,2,724,0,100,"Pt.Union Ele.School   ,Room-2, Kamatchipuram-625010",1.Melamathur (R.V) Melamathur (P) Kamatchipuram Ward 2,All Voter,"Pt.Union Ele.School   ,Room-2",Kamatchipuram-625010,dravida munnetra kazhagam,279,206,73,tamilaga vettri kazhagam,3,1,4,2,7,7,5,11,7,11,11,11,11,7,5,10.11080332409972,4
101,217,251,30,197,0,0,0,0,0,0,0,0,0,0,695,0,3,698,0,101,"Govt. High School   ,North Zone, Kodimangalam-625010","1.Kodimangalam (R.V) Kodimangalam (P) KilakuStreet ,kotimangulam Ward 1 , 2.Kodimangalam (R.V) Kodimangalam (P) Nadu Street Ward 2 , 3.Kodimangalam(P) Theyrku Street Ward 2 ,
4.Kodimangalam (R.V)Kodimangala (P)Agraharam Ward 2
5.Kodimangalam (R.V) Kodimangalam (P) Mela Street Ward 2",All Voter,"Govt. High School   ,North Zone",Kodimangalam-625010,dravida munnetra kazhagam,251,217,34,all india anna dravida munnetra kazhagam,2,1,4,3,6,6,5,6,6,6,6,6,6,6,6,4.892086330935252,0
102,180,500,37,187,0,0,1,0,0,0,0,0,0,2,907,0,2,909,0,102,"Kallar Elementary School , North Side Building, South Facing - Tharapatty","1.Kodimangalam (R.V) Kodimangalam (P)Melakkalmain  road,  nagartheertham Ward 3 , 2.Kodimangalam (R.V) Thiruparankundram (TP) East Street Tharapatti Ward 3 , 3.Kodimangalam (R.V) Thiruparankundram (TP) Harijanacolony Tharapatti Ward 3 , 4.Kodimangalam (R.V) Thiruparankundram (TP) Mela Street tharapatti Ward 4 , 5.Kodimangalam (R.V) Thiruparankundram (TP) North Street Tharapatti Ward 3 , 6.Kodimangalam (R.V) Thiruparankundram (TP) Kodimangalam Pudur Ward 4",All Voter,"Kallar Elementary School , North Side Building",South Facing - Tharapatty,dravida munnetra kazhagam,500,187,313,tamilaga vettri kazhagam,3,1,4,2,8,8,5,7,8,8,8,8,8,8,5,34.50937155457552,3
103,120,245,13,98,0,0,0,0,0,0,0,0,0,0,476,0,1,477,0,103,"Pt. Union Ele.School   , East Facing Room, Building,
Kodimangalam-625010",1.Kodimangalam (R.V) Kodimangalam (P) East Street Kodimangalam 1st Ward 1,All Voter,"Pt. Union Ele.School   , East Facing Room, Building",Kodimangalam-625010,dravida munnetra kazhagam,245,120,125,all india anna dravida munnetra kazhagam,2,1,4,3,6,6,5,6,6,6,6,6,6,6,6,26.26050420168067,0
104,184,301,24,277,1,0,0,0,0,1,1,0,1,1,791,0,3,794,0,104,"C.S.I Primary School, North Facing building, Achampathu-
625019","1.Erkudi Achampathu (R.V) Madurai(c) Sivapuram,achampathu Ward 2",All Voter,"C.S.I Primary School, North Facing building","Achampathu-
625019",dravida munnetra kazhagam,301,277,24,tamilaga vettri kazhagam,3,1,4,2,6,11,5,11,11,11,6,6,11,6,6,3.034134007585335,4
105,119,235,19,155,1,0,0,0,0,0,0,0,0,1,530,0,1,531,0,105,"Panchayat union elementary school, west side building, East -
Facing, 1st room,atchampathu.","1.Erkudi Achampathu (R.V) Madurai (C) Achampathu (Pajanaimadatheru) Ward 3 ,",All Voter,"Panchayat union elementary school, west side building, East -
Facing, 1st room",atchampathu.,dravida munnetra kazhagam,235,155,80,tamilaga vettri kazhagam,3,1,4,2,5,8,5,8,8,8,8,8,8,8,5,15.09433962264151,1
106,156,370,51,327,0,2,1,1,0,0,0,0,1,2,911,0,4,915,0,106,"Panchayat union elementary  school, (lane) atchampathu, East side building, West -Facing, 1st room,atchampathu.","1.Erkudi Achampathu (R.V) Erkudi Achampathu (P) Lalachathiracolony Achampathu Madurai 19 Ward 4 ,
2.Erkudi Achampathu (R.V) Erkudi Achampathu (P) Erattai Vaykkal Kalavasal Melakkal Main road ,
3.Erkudi Achampathu (R.V) Erkudi Achampathu (P) V.O.C. Street Erkudi Ward 1 ,
4.Erkudi Achampathu (R.V) Erkudi Achampathu (P) Theni Mani Road Erkudi Madurai 19 Ward 5 ,",All Voter,"Panchayat union elementary  school, (lane) atchampathu, East side building, West -Facing, 1st room",atchampathu.,dravida munnetra kazhagam,370,327,43,tamilaga vettri kazhagam,3,1,4,2,11,6,5,8,8,11,11,11,11,8,6,4.720087815587267,5
107,143,411,38,258,1,1,0,0,0,0,0,0,0,0,852,0,2,854,0,107,"Panchayat union elementary school, (lane) atchampathu, East side building, West -Facing, 2nd room,atchampathu.","1.Erkudi Achampathu (R.V) Erkudi Achampathu (P) Theni main road Erkudi Achampathu Ward 5
2.Erkudi Achampathu (R.V) Erkudi Achampathu (P) Gandhi nagar Achampathu Madurai 19 Ward 4",All Voter,"Panchayat union elementary school, (lane) atchampathu, East side building, West -Facing, 2nd room",atchampathu.,dravida munnetra kazhagam,411,258,153,tamilaga vettri kazhagam,3,1,4,2,6,6,5,8,8,8,8,8,8,8,8,17.95774647887324,0
108,142,132,28,131,1,0,0,0,0,1,0,2,0,2,439,0,3,442,0,108,"Panchayat union Elementary school,South building, North -
Facing, 1st room,1ST Portion, Puthukulam Ist Bit -Madurai.","1.Pudukulam Bit 1 (R.V) Pudukulam (p) Pudukulam Bit1 Ward 1 & Ward 2 ,",All Voter,"Panchayat union Elementary school,South building, North -
Facing, 1st room,1ST Portion",Puthukulam Ist Bit -Madurai.,all india anna dravida munnetra kazhagam,142,132,10,dravida munnetra kazhagam,1,2,4,3,8,10,5,10,10,10,8,10,6,10,6,2.277904328018223,5
109,157,261,22,208,0,0,0,0,0,2,0,0,0,1,651,0,1,652,0,109,"Panchayat union Elementary school,South building, North - Facing, 2nd room,1ST Portion, Puthukulam Ist Bit -Madurai.","1.Pudukulam Bit 1 (R.V) Pudukulam (p) South Street Ward 2 ,
2.Sampakudi  (R.V) Pudukulam (P) Sampakudi Ward 3 , 3.Sambakudi  (R.V) Pudukulam (P) Veluchamy nagar Ward 3",All Voter,"Panchayat union Elementary school,South building, North - Facing, 2nd room,1ST Portion",Puthukulam Ist Bit -Madurai.,dravida munnetra kazhagam,261,208,53,tamilaga vettri kazhagam,3,1,4,2,8,8,6,8,8,8,5,8,8,8,6,8.141321044546851,3
110,119,265,33,268,1,2,1,1,0,1,0,0,2,0,693,0,3,696,0,110,"Pillaimar Hr.Sec.School   ,North Wing West Side Room P P Chavadi-625016","1.Madurai (C) Pichaipillai Chavadi Ward 65 ,
2.Madurai (C) Thillai Nagar P P Chavadi Ward 65 ,
3.Madurai (C) Thirumalai Colony 1st Street Ward 65 ,
4.Madurai (C) Thirumalai Colony 2nd Street Ward 65 , 5.Madurai(C) Thirumalai Colony 3rd Street Ward 65 ,
6.Madurai (C) Thirumalai Colony 4th Street Ward 65
7.Madurai (C), Bharathiyar 1st Street Ward 64",All Voter,Pillaimar Hr.Sec.School,North Wing West Side Room P P Chavadi-625016,tamilaga vettri kazhagam,268,265,3,dravida munnetra kazhagam,3,2,4,1,8,6,5,8,8,12,8,12,12,6,12,0.4329004329004329,5
111,99,241,21,180,0,0,2,0,0,0,0,0,1,0,544,0,2,546,0,111,"Pillaimar Hr.Sec.School   ,Western Side Middle Class Building P P Chavadi-625016","1.Madurai (C) Thirumalai Colony 5th Street Ward 65 ,
2.Madurai (C) Thirumalai Colony 6th Street Ward 65 ,
3.Madurai (C) Thirumalai Colony 7th Street Ward 65 ,
4.Madurai (C) Thirumalai Colony 8th Street Ward 65 , 5.Madurai(C) Thirumalai Colony 9th Street Ward 65 ,
6.Madurai (C) Thirumalai Colony Ward 65 ,
7.Madurai (C) Ashok Nagar 1st Street Ward 66 , 8.Madurai(C) Ashok Nagar 2nd Street Ward 66 ,
9.Madurai (C) Malligai Veethi Ward 66",All Voter,Pillaimar Hr.Sec.School,Western Side Middle Class Building P P Chavadi-625016,dravida munnetra kazhagam,241,180,61,tamilaga vettri kazhagam,3,1,4,2,8,8,5,5,8,8,8,8,8,7,8,11.21323529411765,3
112,126,237,35,187,1,0,0,0,0,0,0,0,1,0,587,0,3,590,0,112,"Pillaimar Hr.School   ,South Wing South Side (8A) P.P.Chavadi - 625016","1.Madurai (C), Ramaiyadevar Street Natraj Nagar Ward 66
2.Madurai (C) Suresh Veethi  Nataraj Nagar Ward 66  ,
3.Madurai (C) Erulandi Street Natraj Nagar Ward 66  ,
4.Madurai (C) Pandiammal Veethi  Natraj Nagar Ward 66 ,
5.Madurai (C) Virudhachalam Street Natraj Nagar Ward 66 ,
6.Madurai (C) Chokkalingam Pillai Street Natraj Nagar Ward 66 ,
7.Madurai (C) Seethaiyammal Street Natraj Nagar Ward 66 ,
8.Madurai (C) Karupaiya Devar Veethi  Ward 66 ,
9.Madurai (C) Jayaseelan Street Natraj Nagar Ward 66",All Voter,Pillaimar Hr.School,South Wing South Side (8A) P.P.Chavadi - 625016,dravida munnetra kazhagam,237,187,50,tamilaga vettri kazhagam,3,1,4,2,6,8,5,8,8,8,8,8,8,6,8,8.517887563884157,1
113,108,238,46,270,0,0,0,0,0,0,0,0,2,1,665,0,5,670,0,113,"K.N.P.M.Madurai Pillamar Sangam  Higher Seconday School MiddleBuilding - West Facing (2nd Classroom)from North to South Side, Samatipuram","1.Madurai (C) Johnson Street Natraj Nagar Ward 66 ,
2.Madurai (C) Madha Kovil West Street Ward 66 ,
3.Madurai (C) Kandhasamy Street Natraj Nagar Ward 66 ,
4.Madurai (C) Nethaji Street Ward 66 ,
5.Madurai (C) Parvathi Veethi Natraj Nagar Ward 66 ,
6.Madurai (C) Vivekanandhar Street Natraj  Nagar Ward 66
7.Madurai (C) Thamarai Veethi Natraj Nagar Ward 66 ,
8.Madurai (C) Prakash Veethi Natraj Nagar Ward 66 ,
9.Madurai (C) Krishna Street Natraj Nagar Ward 66 ,
10.Madurai (C) Meenakshi Street Natraj Nagar Ward 66 ,
11.Madurai (C) Mullai Veethi Natraj Nagar Ward 66 ,
12.Madurai (C) Murugan Street Natraj Nagar Ward 66 ,
13.Madurai (C) Officers Town Natraj Nagar Ward 66 ,
14.Madurai (C) Ayyanar Street Natraj Nagar Ward 66",All Voter,K.N.P.M.Madurai Pillamar Sangam  Higher Seconday School MiddleBuilding - West Facing (2nd Classroom)from North to South Side,Samatipuram,tamilaga vettri kazhagam,270,238,32,dravida munnetra kazhagam,3,2,4,1,8,8,5,8,8,8,8,8,8,6,7,4.812030075187971,3
114,83,283,34,317,0,0,0,0,0,1,0,1,1,1,721,0,6,727,0,114,"St. john matric school, East side building III-A Class Room, West
facing, Kochadai, Madurai - 625016","1 - Madurai (C), Irulandi Devar Colony Ward 67( till door no. 116)",All Voter,"St. john matric school, East side building III-A Class Room, West
facing, Kochadai",Madurai - 625016,tamilaga vettri kazhagam,317,283,34,dravida munnetra kazhagam,3,2,4,1,10,10,5,10,10,10,6,10,6,6,6,4.715672676837725,4
115,122,164,29,196,0,0,0,0,0,3,0,0,1,1,516,0,4,520,0,115,"St. john matric seconday school, East side building III-C Class Room, West facing, Kochadai, Madurai - 625016","1.Madurai(C) P P Chavadi V  O C StreetWard 63 , 2.Madurai(C) V O C StreetWard 63 ,
3.Madurai(C) P P Chavadi V O C 2ND Street Main Road Ward 63 4.Madurai(C) P P Chavadi V O C Street South Street Ward  63 5.Madurai(C) Doak Nagar Main Road Ward 66 ,
6.Madurai(C) Doak Nagar 7th Cross Street Ward 66 , 7.Madurai(C) Doak Nagar 8th Cross Street Ward 66 , 8.Madurai(C) Doak Nagar  9th Cross Street Ward 66 , 9.Madurai(C) Doak Nagar 10TH Cross StreetWard 66 , 10.Madurai(C) Doak Nagar 11TH Cross StreetWard 66
11.Madurai (C) Muthuramalinga Devar Street Ward 66",All Voter,"St. john matric seconday school, East side building III-C Class Room, West facing, Kochadai",Madurai - 625016,tamilaga vettri kazhagam,196,164,32,dravida munnetra kazhagam,3,2,4,1,9,9,5,9,9,9,6,9,9,7,7,6.2015503875969,5
116,116,209,41,211,0,1,0,0,0,0,1,0,1,0,580,0,6,586,0,116,"St. john matric  school, East side building UKG-E Class Room, West facing, Kochadai, Madurai - 625016","1.Madurai (C) Doak Nagar Main Visalam 12th Cross Street Ward 66  ,
2.Madurai (C) Doak Nagar 13th Cross Street Ward 66 ,
3.Madurai (C) Doak Nagar Visalam 14th Cross Street Ward 66  ,
4.Madurai (C) S B O Colony Ward 66,
5.Madurai (C) Ashok Nagar 3rd Street Ward 66 ,
6.Madurai (C) Ashok Nagar 4th Street Ward 66  ,
7.Madurai (C) Subaiah Devar Street Ward 66  ,
8.Madurai (C) Durairaj Devar Street Ward 66",All Voter,"St. john matric  school, East side building UKG-E Class Room, West facing, Kochadai",Madurai - 625016,tamilaga vettri kazhagam,211,209,2,dravida munnetra kazhagam,3,2,4,1,9,6,5,9,9,9,9,6,9,6,9,0.3448275862068966,2
117,87,254,30,310,2,0,0,1,0,0,0,0,0,0,684,0,2,686,0,117,"St. John Matric School   ,East Side Building 3rd Room From North Side, Kochadai-625016","1.Madurai (C) Bharathiyar Nagar 1st Street Ward 65  ,
2.Madurai (C) Bharthiyar Nagar 2nd Street Ward 65
3 - Madurai (C), P P Chavadi Theni Main Road Ward 65",All Voter,"St. John Matric School   ,East Side Building 3rd Room From North Side",Kochadai-625016,tamilaga vettri kazhagam,310,254,56,dravida munnetra kazhagam,3,2,4,1,5,8,5,8,7,8,8,8,8,8,8,8.187134502923977,1
118,145,218,67,374,0,0,2,1,1,0,0,0,0,1,809,0,0,809,0,118,"St. john matric school, East side building UKG-C Class Room,
West facing, Kochadai, Madurai - 625016","1.Madurai (c) Muthaiah Kovil 1st Street Ward 66 ,
2.Madurai (C) Muthaiah Kovil 2nd Street Ward 66",All Voter,"St. john matric school, East side building UKG-C Class Room,
West facing, Kochadai",Madurai - 625016,tamilaga vettri kazhagam,374,218,156,dravida munnetra kazhagam,3,2,4,1,9,9,9,5,6,6,9,9,9,9,6,19.28306551297899,5
119,134,251,52,245,0,0,0,0,0,0,0,0,1,0,683,0,3,686,0,119,"St. john matric school, East side building UKG-A Class Room,
West facing, Kochadai, Madurai - 625016","1.Madurai (C) Ramasamy Muthaliar Street  Ward 66 ,
2.Madurai (C) Kalai Ambalagarar Street Ward 66",All Voter,"St. john matric school, East side building UKG-A Class Room,
West facing, Kochadai",Madurai - 625016,dravida munnetra kazhagam,251,245,6,tamilaga vettri kazhagam,3,1,4,2,7,7,5,7,7,7,7,7,7,6,7,0.8784773060029283,1
120,195,162,38,200,2,0,0,0,0,0,0,0,1,1,599,0,8,607,0,120,"Shanthi Sadan apartment, Association meeting hall, kochadai-
625016",1.Madurai (C) Shanthisathan Apartments Kochadai  Ward 66,All Voter,"Shanthi Sadan apartment, Association meeting hall","kochadai-
625016",tamilaga vettri kazhagam,200,195,5,all india anna dravida munnetra kazhagam,2,3,4,1,6,9,5,9,9,9,9,9,9,7,7,0.8347245409015025,2
121,158,222,56,315,1,4,0,1,0,1,1,0,1,1,761,0,4,765,0,121,"Saint John Matric Hr. Sec. School   , South Face Building, UKG 'C' Section, Kochadai-625016","1.Madurai (c) Paul Vanna Devar Street Ward 66 ,
2.Madurai (C) Irulandi Thevar Street Ward 66  ,
3.Madurai (C) Muthaiah Thevar Street Ward 66 ,
4.Madurai (C) Periyakaruppa Thevar Street Ward 66 ,
5.Madurai (C) Ammachiatha Kovil Street Ward 66
6.Madurai (C), Irulandi Devar Colony Ward 67 (from door no. 117 till last)",All Voter,"Saint John Matric Hr. Sec. School   , South Face Building, UKG 'C' Section",Kochadai-625016,tamilaga vettri kazhagam,315,222,93,dravida munnetra kazhagam,3,2,4,1,7,5,5,13,7,13,7,7,13,7,7,12.22076215505913,5
122,163,271,47,333,0,1,1,0,0,1,1,2,3,1,824,0,5,829,0,122,"Saint John Matric  Hr.Sec.School   ,East Side Building First Room From South Side, Kochadai-625016","1 - Madurai (C), Vellanmaidurai Kudiyirupu Ward 66
2.Madurai (C) Doak Nagar Main Road Ward 66 ,
3.Madurai (C) Harijan Colony Ward 66 ,
4.Madurai (C) Kalan Kovil Street Ward 66 ,
5.Madurai (C) Mariamman Kovil Street Ward 66",All Voter,"Saint John Matric  Hr.Sec.School   ,East Side Building First Room From South Side",Kochadai-625016,tamilaga vettri kazhagam,333,271,62,dravida munnetra kazhagam,3,2,4,1,13,8,5,8,13,13,8,8,7,6,8,7.524271844660194,9
123,136,197,36,300,1,0,0,1,0,0,0,1,1,0,673,0,4,677,0,123,"St. john Matric school, north side building IV-A Class Room,
South facing, Kochadai, Madurai - 625016",1.Madurai (C) Melakkal Main Road R.P.B.Thottam Ward 66 2.Madurai (C) Melakkal Main Roa,All Voter,"St. john Matric school, north side building IV-A Class Room,
South facing, Kochadai",Madurai - 625016,tamilaga vettri kazhagam,300,197,103,dravida munnetra kazhagam,3,2,4,1,6,10,5,10,6,10,10,10,6,6,10,15.30460624071323,3
124,128,282,37,242,0,0,0,0,0,0,0,0,0,1,690,0,0,690,0,124,"KGV Sala Middle School,West side building, East-Facing, 1st room, Virattipathu -625016","1.Madurai (C) Virattipathu (P) Pillaiyar Kovil Street Ward 67
2.Madurai (C) Virattipathu (P) Muthallamman Kovil Street Ward 67
3.Madurai (C) Virattipathu(P) Ayyanar Kovil Street Ward 67  ,",All Voter,"KGV Sala Middle School,West side building, East-Facing, 1st room",Virattipathu -625016,dravida munnetra kazhagam,282,242,40,tamilaga vettri kazhagam,3,1,4,2,6,6,6,6,6,6,6,6,6,6,5,5.797101449275362,1
125,141,275,46,293,0,0,0,0,0,1,1,0,1,2,760,0,2,762,0,125,"KGV Sala Middle School,North side building, 1st room,South -
facing - Virattipathu -625016","1..Madurai (C) Virattipathu (P) Muthu Devar Colony 1st Street Ward 67 ,",All Voter,"KGV Sala Middle School,North side building, 1st room","South -
facing - Virattipathu -625016",tamilaga vettri kazhagam,293,275,18,dravida munnetra kazhagam,3,2,4,1,10,10,5,10,10,10,7,7,10,7,5,2.368421052631579,5
126,145,262,51,325,2,0,1,0,0,2,1,0,3,0,792,0,7,799,0,126,"KGV Sala Middle School, East side building, 2nd  room,West - facing - Virattipathu -625016","1.Madurai (C) Virattipathu(P) H.M.S.Colony Ramalinga Nagar Ward 67 ,
2.Madurai (C) Virattipathu(P) H.M.S Colony R.K.P. Konnar Nagar Ward 67  ,
3.Madurai (C) Virattipathu (P) H.M.S Colony R.K.P. Nagar Pudhuvalvu Nagar Ward 67 4 - Madurai (C) Virattipathu (P), Poonga Nagar 1st Street Ward 67",All Voter,"KGV Sala Middle School, East side building, 2nd  room",West - facing - Virattipathu -625016,tamilaga vettri kazhagam,325,262,63,dravida munnetra kazhagam,3,2,4,1,7,11,5,9,11,11,7,9,11,6,11,7.954545454545454,7
127,198,275,40,379,1,0,0,0,0,0,1,1,0,0,895,0,5,900,0,127,"KGV Sala Middle School, West side building, 1st  room,East - facing (Backside) Virattipathu -625016","1.Madurai (C) Virattipathu (P) H.M.S. Colony Anandha Nagar Ward 67 ,
2.Madurai (C) Virattipathu(P) H.M.S.Colony Ponnar Nagar Main Street Ward 67 ,
3.Madurai (C) Virattipathu(P) H.M.S.Colony Ponnar Nagar 1st Street Ward 67 ,
4.Madurai (C) Virattipathu(P) H.M.S.Colony Ponnar Nagar 2nd Street Ward 67 ,
5.Madurai (C) Virattipathu(P) H.M.S.Colony Ponnar Nagar 3rd Street Ward 67 ,
6.Madurai (C) Virattipathu(P) Puthuvalvu Nagar Indu Kudiyiruppu Ward 67",All Voter,"KGV Sala Middle School, West side building, 1st  room",East - facing (Backside) Virattipathu -625016,tamilaga vettri kazhagam,379,275,104,dravida munnetra kazhagam,3,2,4,1,6,9,5,9,9,9,9,6,6,9,9,11.62011173184358,2
128,94,226,45,260,0,0,0,1,0,2,0,0,0,2,630,0,3,633,0,128,"Om Sadhana School, East side Building, 1st Room, West- Facing, Virattipathu-625016","1.Madurai (C) Virattipathu(P) Ponnar Colony Ward 67 ,
2.Madurai (C) Virattipathu (P), P.T.R Nagar Ward 67
3.Madurai (C) Virattipathu (P) Muthu Devar Colony 2nd Street Ward 67 ,
4.Madurai (C) Virattipathu (P), Jai Nagar Ward 67",All Voter,"Om Sadhana School, East side Building, 1st Room, West- Facing",Virattipathu-625016,tamilaga vettri kazhagam,260,226,34,dravida munnetra kazhagam,3,2,4,1,9,9,5,9,8,9,6,9,9,9,6,5.396825396825397,5
129,145,232,51,319,0,1,0,0,0,2,0,0,0,0,750,0,6,756,0,129,"Om Sadhana School, East side Building, 2nd Room, West-
Facing, Virattipathu-625016","1. Madurai (C) Virattipathu (P), H.M.S.Colony Ward 67 (from door no.170 till last)",All Voter,"Om Sadhana School, East side Building, 2nd Room, West-
Facing",Virattipathu-625016,tamilaga vettri kazhagam,319,232,87,dravida munnetra kazhagam,3,2,4,1,8,7,5,8,8,8,6,8,8,8,8,11.6,2
130,153,274,41,288,0,0,1,1,0,0,0,0,0,0,758,0,7,765,0,130,"Om Sadhana School, South side Building, 2nd Room, North- Facing, Virattipathu-625016","1.Madurai (C) Virattipathu(P) Virattipathu Melatheru 1 Ward 67 ,
2.Madurai (C) Virattipathu (P) Virattipathu Melatheru 2  Ward 67 ,
3.Madurai (C) Virattipathu(P) H.M.S Colony Ward 67 ,
4.Madurai (C) Virattipathu(P) Kamatchi Amman Kovil Street Ward 67,
5 Madurai (C) Virattipathu (P), H.M.S.Colony Ward 67 (from door no.170 till last),",All Voter,"Om Sadhana School, South side Building, 2nd Room, North- Facing",Virattipathu-625016,tamilaga vettri kazhagam,288,274,14,dravida munnetra kazhagam,3,2,4,1,8,8,5,6,6,8,8,8,8,8,8,1.846965699208443,2
131,159,286,55,284,1,0,0,1,1,1,0,0,0,1,789,0,3,792,0,131,"Om Sadhana School, South side Building, 1st Room, North- Facing, Virattipathu-625016","1.Madurai (C) Virattipathu(P) Co.Opptex Colony  Ward 67,
2.Madurai (C) Virattipathu(P) Theni Main Road Ward 67 ,
3.Madurai (C) Virattipathu(P) Theni Road 2nd Street Ward 67 ,",All Voter,"Om Sadhana School, South side Building, 1st Room, North- Facing",Virattipathu-625016,dravida munnetra kazhagam,286,284,2,tamilaga vettri kazhagam,3,1,4,2,6,11,5,11,6,6,6,11,11,11,6,0.2534854245880862,4
132,101,161,25,217,1,0,0,1,0,1,0,0,0,0,507,0,0,507,0,132,"Royal Public Matric School   ,North Portion  West Side Pethaniyapuram-625016","1.Madurai (C) Muniyandi Kovil Street Ward 64 ,
2.Madurai (C) Bhagavath Singh Street Ward 64 ,
3.Madurai (C) Ezhil Veethi Ward 64 ,
4.Madurai (C) Boomariyamman Kovil Street  Ward 64",All Voter,Royal Public Matric School,North Portion  West Side Pethaniyapuram-625016,tamilaga vettri kazhagam,217,161,56,dravida munnetra kazhagam,3,2,4,1,5,8,8,8,5,8,5,8,8,8,8,11.04536489151874,2
133,136,217,32,266,1,1,1,0,0,1,0,0,2,1,658,0,0,658,0,133,"Royal Public Matric School   ,South Side Building West Room Pethaniyapuram-625016","1.Madurai (C) Dhileepan Street Ward 64 ,
2.Madurai (C) Sathya Veethi Ward 64 ,
3.Madurai (C) Vivekananthapuri 1st Street Ward 64 ,
4.Madurai (C) Mukkaiya Devar Street Ward 64",All Voter,Royal Public Matric School,South Side Building West Room Pethaniyapuram-625016,tamilaga vettri kazhagam,266,217,49,dravida munnetra kazhagam,3,2,4,1,6,6,11,6,11,11,6,11,11,5,6,7.446808510638298,5
134,91,170,22,253,1,2,0,0,0,0,1,1,1,0,542,0,4,546,0,134,"Corporation ICDS Building, East Building West Facing,
Bethaniyapuram , Pallikuda Street,  625016","1.Madurai (C) V P Chinthan Street Ward 64 ,
2.Madurai (C) N.S.K. Main Veethi Ward 64",All Voter,"Corporation ICDS Building, East Building West Facing,
Bethaniyapuram , Pallikuda Street",625016,tamilaga vettri kazhagam,253,170,83,dravida munnetra kazhagam,3,2,4,1,7,6,5,11,11,11,11,7,7,7,11,15.31365313653137,3
135,81,172,27,256,1,1,0,0,0,1,1,0,0,0,540,0,0,540,0,135,"Royal Public Matric School   ,Northern Portion West Side,
L.K.G. A Section, Pethaniyapuram-625016","1.Madurai (C) N S K 1st Cross Street Ward 64 ,
2.Madurai (C) N S K 2nd Cross Street Ward 64 ,
3.Madurai (C) N.S.K. 3rd Cross Street Ward 64  ,
4.Madurai (C) N.S.K.4th Cross Street Ward 64",All Voter,"Royal Public Matric School   ,Northern Portion West Side,
L.K.G. A Section",Pethaniyapuram-625016,tamilaga vettri kazhagam,256,172,84,dravida munnetra kazhagam,3,2,4,1,5,5,9,9,9,9,5,5,9,9,9,15.55555555555556,2
136,127,235,39,318,2,1,1,1,0,2,1,1,2,3,733,0,1,734,0,136,"Royal Public Matric School , North Side Building, South Facing 3rd Room, Bethaniyapuram-625016","1.Madurai (C) N.S.K. 5th Cross Street Ward 64 ,
2.Madurai (C) N.S.K. 6th Cross Street Ward 64 ,
3.Madurai (C) N.S.K.7th Cross Street  Ward 64 ,
4.Madurai (C) N.S.K. 8th Cross Street Ward 64 ,
5.Madurai (C) N.S.K Last Street Ward 64 ,
6.Madurai (C) Sundaraiyyar Street Ward 64  ,
7.Madurai (C) Vivekanandhapuri 2nd Street Ward 64 ,
8.Madurai (C) Agathiyar 2nd Street Ward 64 ,
9.Madurai (C) Anbu Veethi Pethaniyapuram Ward 64",All Voter,"Royal Public Matric School , North Side Building, South Facing 3rd Room",Bethaniyapuram-625016,tamilaga vettri kazhagam,318,235,83,dravida munnetra kazhagam,3,2,4,1,6,9,9,9,9,15,6,9,9,6,5,11.32332878581173,11
137,124,239,27,381,0,2,1,0,0,0,2,0,0,0,776,0,0,776,0,137,"ALM Matriculation School, Vellaikan Theatre Main Road, Ottakadai,  Room No. : 1, North Side building","1.Madurai (C) N.S.K. Veethi Fathima Nagar 2nd Street  Ward 63 ,
2.Madurai (C) Bye Pass Road Fathima Nagar Ward 63 ,
3.Madurai (C) Matha Kovil Street Ward 63 ,
4.Madurai (C) Komas Street Ward 63 ,
5.Madurai (C) Britto Street Ward 63
6.Madurai (C), Fathima Nagar 2nd Street Ward 63",All Voter,"ALM Matriculation School, Vellaikan Theatre Main Road, Ottakadai,  Room No. : 1",North Side building,tamilaga vettri kazhagam,381,239,142,dravida munnetra kazhagam,3,2,4,1,8,5,8,7,8,8,8,5,8,8,8,18.29896907216495,3
138,88,251,47,297,1,1,2,1,0,1,0,2,0,3,694,0,0,694,0,138,"ALM Matriculation School, Vellaikan Theatre Main Road, Ottakadai,  Room No. : 2, North Side building","1.Madurai (C) Sirumalar Veethi Ward 63 ,
2.Madurai (C) Rayappar Veethi Ward 63 , 3.Madurai(C) A V P Asaithambi Street Ward 63 ,
4.Madurai (C) Arapalayam Kanmaikarai (ArokiyaMatha South Street) Ward 62",All Voter,"ALM Matriculation School, Vellaikan Theatre Main Road, Ottakadai,  Room No. : 2",North Side building,tamilaga vettri kazhagam,297,251,46,dravida munnetra kazhagam,3,2,4,1,8,8,12,6,8,12,8,12,6,12,5,6.628242074927954,9
139,61,205,23,304,0,0,0,0,0,1,0,0,1,1,596,0,3,599,0,139,"ALM Matriculation School, North Side Building towards, W-E- East side 3rd Room,","1.Madurai (C) Fathima Nagar 1st Street Ward 63 ,
2.Madurai (C) Lakshmanapuram Arappalayam Kanmaikarai Ward 62 ,
3.Madurai (C) Malar Ezhil Veethi Arapalayam Kanmaikarai Ward 62 ,
4.Madurai (C) ArokyaMatha First Street Arapalayam Kanmayaikarai Ward 62 ,
5.Madurai (C) Arokiya Madha 2nd Street Ward 62 ,
6.Madurai (C) Arokiya Madha North Street Ward 62",All Voter,"ALM Matriculation School, North Side Building towards, W-E- East side 3rd Room",,tamilaga vettri kazhagam,304,205,99,dravida munnetra kazhagam,3,2,4,1,9,9,5,9,9,9,6,9,9,6,6,16.61073825503356,3
140,86,201,25,293,0,0,0,0,1,1,1,1,0,0,609,0,2,611,0,140,"ALM Matriculation School, Vellaikan Theatre Main Road, Ottakadai,  Room No. : 4, North Side building","1.Madurai (C) Kaliamman Kovil Street Ward 67 ,
2.Madurai (C) Sammattipuram (Malairaman Nagar) Ward 65
3.Madurai (C) Sammattipuram Ward 65 ,
4.Madurai (C) Sammattipuram (Nazrudin Colony) Ward 68 ,
5.Madurai (C) Korimahdoom Nagar Sammatipuram Ward 68
6.Madurai (C) Kannan Colony 1st Street Ward 68 ,
7.Madurai (C) Janaki Nagar Ward 67 ,
8.Madurai (C) Fathima Nagar Bye Pass Road Ward 63",All Voter,"ALM Matriculation School, Vellaikan Theatre Main Road, Ottakadai,  Room No. : 4",North Side building,tamilaga vettri kazhagam,293,201,92,dravida munnetra kazhagam,3,2,4,1,10,10,5,10,10,6,6,6,6,10,10,15.10673234811166,4
141,124,293,37,347,2,1,1,0,0,0,1,0,0,0,806,0,5,811,0,141,"ALM Matriculation School, North Side Building towards, W-E- East side 5th Room,","1.Madurai (C) Ponmeni Main Veethi Ward 69 ,
2.Madurai (C) Pandiyan Nagar Byepass Road Ward 62 ,
3.Madurai (C) Meenakshi Nagar Extension Ward 69",All Voter,"ALM Matriculation School, North Side Building towards, W-E- East side 5th Room",,tamilaga vettri kazhagam,347,293,54,dravida munnetra kazhagam,3,2,4,1,6,7,5,7,10,10,10,7,10,10,10,6.699751861042183,2
142,97,207,29,226,0,0,1,0,0,0,0,0,0,1,561,0,0,561,0,142,"ALM Matriculation School, Vellaikan Theatre Main Road,
Ottakadai,  Room No. : 6, North Side building","1.Madurai (C) Kanmaikarai Main Veethi Ward 62 ,
2.Madurai (C) Raju Pillai Street Ward 62",All Voter,"ALM Matriculation School, Vellaikan Theatre Main Road,
Ottakadai,  Room No. : 6",North Side building,tamilaga vettri kazhagam,226,207,19,dravida munnetra kazhagam,3,2,4,1,7,7,7,5,7,7,7,7,7,7,5,3.38680926916221,2
143,135,322,30,288,1,1,0,0,0,0,0,0,1,0,778,0,0,778,0,143,"ALM Matriculation School, South side Building, towards W-
E,East side 2nd Room","1.Madurai (C) Sammattipuram Main Road Ward 65,
2.Madurai (C) Othakkadai West Ward 62",All Voter,"ALM Matriculation School, South side Building, towards W-
E",East side 2nd Room,dravida munnetra kazhagam,322,288,34,tamilaga vettri kazhagam,3,1,4,2,5,5,8,8,8,8,8,8,8,5,8,4.370179948586118,1
144,149,214,28,311,0,1,0,0,0,0,0,0,0,2,705,0,3,708,0,144,"Rathna Ele.School   ,Main Building West Portion Arasaradi- 625010","1.Madurai (C) Muthuramalinga Devar Street Ward 62 ,
2.Madurai (C) Ponmeni Pudur 1st Cross Street Ward 62 ,
3.Madurai (C) Othakkadai East Ward 62 ,
4.Madurai (C) Paterline Cross Street Othakadai Ward 62",All Voter,Rathna Ele.School,Main Building West Portion Arasaradi- 625010,tamilaga vettri kazhagam,311,214,97,dravida munnetra kazhagam,3,2,4,1,8,7,5,8,8,8,8,8,8,8,6,13.75886524822695,2
145,73,158,27,274,0,0,0,0,0,1,0,0,1,2,536,0,0,536,0,145,"Rathna Ele.School    ,Extension Building, Main Building
Ponmeni Pudur-625016","1.Madurai (C) Theni Main Road Ward 62 ,
2.Madurai (C) Ponmeni Pudhur 1st Street Ward 62",All Voter,"Rathna Ele.School    ,Extension Building","Main Building
Ponmeni Pudur-625016",tamilaga vettri kazhagam,274,158,116,dravida munnetra kazhagam,3,2,4,1,8,8,8,8,8,8,6,8,8,6,5,21.64179104477612,4
146,106,168,26,212,0,0,1,0,0,0,0,0,0,0,513,0,4,517,0,146,"ALM Matriculation School, Vellaikan Theatre Main Road, Ottakadai,  Room No. : 9, South Side building","1.Madurai (C) Ponmeni Pudhur 2nd Main Cross Street ( Alamelu Street) Ward 62 ,
2.Madurai (C) Pudhur New Colony Kambar Street Ward 62
3.Madurai (C) Pudhur New Colony (Arunachalam Street) Ward 62",All Voter,"ALM Matriculation School, Vellaikan Theatre Main Road, Ottakadai,  Room No. : 9",South Side building,tamilaga vettri kazhagam,212,168,44,dravida munnetra kazhagam,3,2,4,1,7,7,5,6,7,7,7,7,7,7,7,8.57699805068226,1
147,85,162,26,209,1,0,0,0,0,0,0,0,0,0,483,0,2,485,0,147,"Madurai Pillaimar Sangam Hr.Sec.School   ,West Side Eastern Portion P P Chavadi Sammattipuram-625010","1.Madurai (C) Keela Ponni Nagar Ward 62 ,
2.Madurai (C) Ponmeni Pudhur Ward 62 ,
3.Madurai (C) Ponmeni Pudhur 2nd Street Ward 62",All Voter,Madurai Pillaimar Sangam Hr.Sec.School,West Side Eastern Portion P P Chavadi Sammattipuram-625010,tamilaga vettri kazhagam,209,162,47,dravida munnetra kazhagam,3,2,4,1,6,7,5,7,7,7,7,7,7,7,7,9.730848861283643,0
148,100,200,19,215,0,1,1,0,0,0,1,0,1,1,539,0,0,539,0,148,"Madurai Pillaimar Sangam Hr.Sec.School   ,East Building North
Side Room P P Chavadi Sammattipuram-625010","1.Madurai (C) Chokkalinga Nagar Main Veethi Ward 69 ,
2.Madurai (C) Chokkalinga Nagar 1st Street Ward 69",All Voter,Madurai Pillaimar Sangam Hr.Sec.School,"East Building North
Side Room P P Chavadi Sammattipuram-625010",tamilaga vettri kazhagam,215,200,15,dravida munnetra kazhagam,3,2,4,1,10,5,10,5,10,10,10,5,10,5,5,2.782931354359926,4
149,109,220,34,270,1,0,1,0,0,0,0,0,0,0,635,0,3,638,0,149,"K.N.P.M.Madurai Pillamar Sangam  Higher Seconday School Southern SideCorner Building - North Facing(3rd Classroom) from East to West Side, Sammattipuram-625010","1.Madurai (C) Chokkalinga Nagar 1st Street Ward 69 ,
2.Madurai (C) Chokkalinga Nagar 2nd Street Ward 69 ,
3.Madurai (C) Chokkalinga Nagar 5th Street Ward 69 ,
4.Madurai (C) Chokkalinga Nagar 8th Street Ward 69 ,
5.Madurai (C) Chokkalinga  Nagar 9th Street Ward 69 ,",All Voter,K.N.P.M.Madurai Pillamar Sangam  Higher Seconday School Southern SideCorner Building - North Facing(3rd Classroom) from East to West Side,Sammattipuram-625010,tamilaga vettri kazhagam,270,220,50,dravida munnetra kazhagam,3,2,4,1,6,8,5,6,8,8,8,8,8,8,8,7.874015748031496,1
150,142,122,30,150,0,1,0,0,1,1,0,0,4,1,452,0,11,463,0,150,"K.N.P.M.Madurai Pillamar Sangam   Higher Seconday  School MiddleBuilding - West Facing (3rd Classroom)from North to South Side, Samatipuram","1.Madurai (C) Chandra Gandhi Nagar Ward 69 ,
2.Madurai (C) Bye Pass Road Ward 69 ,
3.Madurai (C) Rams Apartment Ward 69 ,
4.Madurai (C) Vajra Apartment Ward 69",All Voter,K.N.P.M.Madurai Pillamar Sangam   Higher Seconday  School MiddleBuilding - West Facing (3rd Classroom)from North to South Side,Samatipuram,tamilaga vettri kazhagam,150,142,8,all india anna dravida munnetra kazhagam,2,3,4,1,11,7,5,11,11,7,7,11,11,6,7,1.769911504424779,7
151,123,210,24,267,0,0,1,0,0,1,0,0,1,1,628,0,2,630,0,151,"K.N.P.M.Madurai Pillamar Sangam Elementary School,  ,West Zone North  Wing North Side East Portion, Sammattipuram -
625010","1.Madurai (C) Chokkalinga Nagar 4th Street Ward 69 ,",All Voter,"K.N.P.M.Madurai Pillamar Sangam Elementary School,  ,West Zone North  Wing North Side East Portion","Sammattipuram -
625010",tamilaga vettri kazhagam,267,210,57,dravida munnetra kazhagam,3,2,4,1,10,10,5,6,10,10,6,10,10,6,6,9.076433121019107,4
152,99,258,34,273,1,0,0,0,0,0,0,0,0,0,665,0,6,671,0,152,K.N.P.M.Madurai Pillamar Sangam Hr.Sec.Samatipuram South Side Building fromEast to West (1st Classroom) - North Facing,"1.Madurai (C) Chokkalinga Nagar 6th Street Ward 69 , 2 - Madurai (C), Chockalinga Nagar 3rd Street Ward 69",All Voter,K.N.P.M.Madurai Pillamar Sangam Hr.Sec.Samatipuram South Side Building fromEast to West (1st Classroom) - North Facing,K.N.P.M.Madurai Pillamar Sangam Hr.Sec.Samatipuram South Side Building fromEast to West (1st Classroom) - North Facing,tamilaga vettri kazhagam,273,258,15,dravida munnetra kazhagam,3,2,4,1,6,7,5,7,7,7,7,7,7,7,7,2.255639097744361,0
153,75,171,16,213,0,1,2,0,1,0,0,0,0,0,479,0,0,479,0,153,"K.N.P.M.Madurai Pillamar Sangam Elementary School,  South Eastern Side CornerBuilding (1st Classroom) - West Facing, Sammattipuram - 625010","1.Madurai (C) D S P Nagar 3rd Street Ward 69 ,
2.Madurai (C) D S P Nagar 4th Street Ward 69 ,
3.Madurai (C) D S P Nagar 5th Street Ward 69 ,
4.Madurai (C) D S P Nagar 6th Street Ward 69
5.Madurai (C), Ponmeni Pottakulam Ward 68
6.Madurai (C) D S P Nagar Main Road Ward 69 ,
7.Madurai (C) D S P Nagar 1st Street Ward 69 ,
8.Madurai (C) D S P Nagar 2nd Street Ward 69",All Voter,"K.N.P.M.Madurai Pillamar Sangam Elementary School,  South Eastern Side CornerBuilding (1st Classroom) - West Facing",Sammattipuram - 625010,tamilaga vettri kazhagam,213,171,42,dravida munnetra kazhagam,3,2,4,1,8,6,8,5,8,6,8,8,8,8,8,8.768267223382047,3
154,79,227,33,271,0,0,1,0,0,0,0,0,0,1,612,0,1,613,0,154,"K.N.P.M.Madurai Pillamar Sangam Ele.School  , Entrance East Side Northern, Building 1st Classroom - South Facing, Samatipuram-625010","1.Madurai (C) Chokkalinga Nagar 7th Street Ward 69 ,
2.Madurai (C) Chokkalinga Nagar 7th Cross Street Ward 69 ,
3.Madurai (C) Chokkalinga Nagar 7thl 1st Cross Street Ward 69,
4.Madurai (C) Chokkalinga Nagar 7thl 2nd Cross Street Ward 69",All Voter,"K.N.P.M.Madurai Pillamar Sangam Ele.School  , Entrance East Side Northern, Building 1st Classroom - South Facing",Samatipuram-625010,tamilaga vettri kazhagam,271,227,44,dravida munnetra kazhagam,3,2,4,1,8,8,5,5,8,8,8,8,8,8,5,7.18954248366013,2
155,131,344,48,332,1,2,0,1,1,0,0,0,4,2,866,0,2,868,0,155,"K.N.P.M.Madurai Pillamar Sangam Ele.School  , Entrance East Side Northern, Building 3rd Classroom - South Facing, Samatipuram-625010","1.Madurai(C) Sammattipuram 1st Street Ward 65 , 2.Madurai(C) Sammattipuram 2nd Street Ward 65,
3.Madurai(C) Sammattipuram 3rd Street (Gandhiji Street) Ward 65, 4.Madurai(C) Ponmeni Main Road Pudhuvasantham 1st Street Ward 68 , 5.Madurai(C) Ponmeni Main Road Pudhuvasantham 2nd Street Ward 68 6.Madurai(C) Ponmeni Main Road Muthu Nagar 1st Street Ward 68 ,
7.Madurai(C) Ponmeni Main Road Muthu Nagar 2nd Street Ward 68 ,",All Voter,"K.N.P.M.Madurai Pillamar Sangam Ele.School  , Entrance East Side Northern, Building 3rd Classroom - South Facing",Samatipuram-625010,dravida munnetra kazhagam,344,332,12,tamilaga vettri kazhagam,3,1,4,2,9,6,6,12,9,9,12,12,12,5,6,1.38568129330254,8
156,94,202,22,279,0,0,0,0,0,0,0,0,1,0,598,0,3,601,0,156,"K.N.P.M.Madurai Pillamar Sangam Elementary School, North Eastern Side Corner Building (1st Classroom) - West Facing,
Samatipuram -625010","1.Madurai (C) Bhagavath Singh Street Ward 68 ,
2.Madurai (C) Mahalakshmi Street Ward 68 ,",All Voter,"K.N.P.M.Madurai Pillamar Sangam Elementary School, North Eastern Side Corner Building (1st Classroom) - West Facing",Samatipuram -625010,tamilaga vettri kazhagam,279,202,77,dravida munnetra kazhagam,3,2,4,1,7,7,5,7,7,7,7,7,7,6,7,12.87625418060201,1
157,94,204,40,304,1,1,0,1,0,0,1,0,1,0,647,0,2,649,0,157,"K.N.P.M.Madurai Pillamar Sangam Elementary School, North Eastern Side Corner Building (3rd Classroom) - West Facing,
Samatipuram -625010","1.Madurai (C) Gandhiji Street Ward 68 ,",All Voter,"K.N.P.M.Madurai Pillamar Sangam Elementary School, North Eastern Side Corner Building (3rd Classroom) - West Facing",Samatipuram -625010,tamilaga vettri kazhagam,304,204,100,dravida munnetra kazhagam,3,2,4,1,6,6,5,11,6,11,11,6,11,6,11,15.45595054095827,3
158,72,179,17,259,0,0,0,0,0,0,0,0,3,0,530,0,1,531,0,158,"K.N.P.M.Madurai Pillamar Sangam Elementary School, North Eastern Side Corner Building (2nd Classroom) - West Facing,
Samatipuram -625010","1.Madurai(C) Gandhiji Street Extension side Ward 68.
2. Madurai (C), Muthuramalinga Devar Street Ward 68
3. Madurai (C), Nethaji Street Ward 68",All Voter,"K.N.P.M.Madurai Pillamar Sangam Elementary School, North Eastern Side Corner Building (2nd Classroom) - West Facing",Samatipuram -625010,tamilaga vettri kazhagam,259,179,80,dravida munnetra kazhagam,3,2,4,1,7,7,6,7,7,7,7,7,7,5,7,15.09433962264151,3
159,95,285,18,246,0,0,1,0,0,0,0,0,3,1,649,0,2,651,0,159,"Sourastra College For Women, North Enterance, South facing 1st
room, Vilachery Main Road","1.Madurai (C) Gopalipuram Madakkulam Main Road Ward 93 ,",All Voter,"Sourastra College For Women, North Enterance, South facing 1st
room",Vilachery Main Road,dravida munnetra kazhagam,285,246,39,tamilaga vettri kazhagam,3,1,4,2,9,9,6,7,9,9,9,9,9,5,7,6.00924499229584,5
160,67,201,27,159,0,0,0,2,0,2,2,0,1,1,462,0,4,466,0,160,"Sourastra College For Women, North Enterance, South facing
2nd room, Vilachery Main Road","1.Madurai (C) Pethani Nagar Ward 93 ,
2.Madurai (C) Anna Nagar Pasumalai Area Ward 93",All Voter,"Sourastra College For Women, North Enterance, South facing
2nd room",Vilachery Main Road,dravida munnetra kazhagam,201,159,42,tamilaga vettri kazhagam,3,1,4,2,11,11,5,11,6,11,6,6,11,9,9,9.090909090909092,8
161,159,254,26,306,2,1,0,0,0,1,0,3,1,0,753,0,7,760,0,161,"Noon Meal Center and Samuthayakudam ,Eastern Side,
Muniyandipuram -625004",1.Madurai (C) Muniyandi Madakkulam Main Road 1 Ward 93,All Voter,"Noon Meal Center and Samuthayakudam ,Eastern Side",Muniyandipuram -625004,tamilaga vettri kazhagam,306,254,52,dravida munnetra kazhagam,3,2,4,1,7,8,5,11,11,11,8,11,6,8,11,6.905710491367861,5
162,143,295,44,373,1,1,0,2,0,2,0,0,1,1,863,0,4,867,0,162,"Noon Meal Center ,  Community Hall,  Muniyandipuram-625004",1.Madurai (C) Muniyandipuram Madakkulam Main Road 2 Ward 93,All Voter,"Noon Meal Center ,  Community Hall",Muniyandipuram-625004,tamilaga vettri kazhagam,373,295,78,dravida munnetra kazhagam,3,2,4,1,8,8,5,12,6,12,6,12,12,8,8,9.038238702201621,6
163,61,170,24,237,1,2,0,2,0,1,0,0,1,1,500,0,0,500,0,163,"Ankanvadi Maiyam   ,Ponmeni Main Road-625010","1.Madurai (C) Ponmeni Kudiyanavar 1st Street Ward 68 ,
2.Madurai (C) Ponmeni Kudiyanavar 2nd Street War 68 ,
3.Madurai (C) Ponmeni Kudiyanavar 3rd Lane Ward 68 ,
4.Madurai (C) Ponmeni Kudiyanavar 4th Lane Ward 68",All Voter,Ankanvadi Maiyam,Ponmeni Main Road-625010,tamilaga vettri kazhagam,237,170,67,dravida munnetra kazhagam,3,2,4,1,7,5,11,11,5,11,7,11,11,7,7,13.4,5
164,71,178,26,197,0,1,1,0,0,0,1,0,1,0,476,0,3,479,1,164,"Corporation Ele.School   ,Old Building North Side West Zone
North Wing Eastern Class Room, Ponmeni-625010",1.Madurai (C) Surenthira Nagar Ward 69,All Voter,"Corporation Ele.School   ,Old Building North Side West Zone
North Wing Eastern Class Room",Ponmeni-625010,tamilaga vettri kazhagam,197,178,19,dravida munnetra kazhagam,3,2,4,1,10,6,5,6,10,10,10,6,10,6,10,3.991596638655462,3
165,69,200,22,176,0,0,2,0,0,1,0,0,0,1,471,0,1,472,0,165,"Coporation Primary School, North Side building South Facing,
2nd Room, Ponmeni, Madurai - 625010",1.Madurai (C) Muniyandi Kovil Street Ward 69,All Voter,"Coporation Primary School, North Side building South Facing,
2nd Room, Ponmeni",Madurai - 625010,dravida munnetra kazhagam,200,176,24,tamilaga vettri kazhagam,3,1,4,2,9,9,6,5,9,9,6,9,9,9,6,5.095541401273886,4
166,80,247,24,281,0,1,1,0,0,3,0,1,0,0,638,0,11,649,0,166,"Corporation Elemenatry Old North Side Building, 1st  Room, South Facing, Ponmeni - 625010","1.Madurai (C) Thanathuvam Main Road Ponmeni Ward 68,
2.Madurai (C) Kudiyanavar 2nd Street  Arijan Melatheru Ward 68 ,
3.Madurai (C) Kudiyanavar 2nd Street  Kaliamman Kovil Street Ward 68 ,
4.Madurai (C) Kudiyanavar 2nd Street Extension Kumaran Street Ward 68 ,
5.Madurai (C) Ponmeni Main Road Ponpandian Street Ward 68",All Voter,"Corporation Elemenatry Old North Side Building, 1st  Room, South Facing",Ponmeni - 625010,tamilaga vettri kazhagam,281,247,34,dravida munnetra kazhagam,3,2,4,1,10,7,5,7,10,10,6,10,7,10,10,5.329153605015674,5
167,102,319,32,336,0,0,1,0,0,2,0,1,0,1,794,0,3,797,2,167,"Corporation Elementary  School, South Side Building, North Facing , Ponmeni - 625010","1.Madurai (C) Harijan 1st Street Ponmeni Ward 68 ,
2.Madurai (C) Harijan 2nd Street Ward 68 ,
3.Madurai (C) Arijan 3rd Street Ward 68 ,
4.Madurai (C) Ramaiaya Aasari Street Ponmeni Ward 68 ,
5.Madurai (C) Arijan East Street Ponmeni Ward 68 ,
6.Madurai (C) Thanathuvam Street Ponmeni Ward 68",All Voter,"Corporation Elementary  School, South Side Building, North Facing",Ponmeni - 625010,tamilaga vettri kazhagam,336,319,17,dravida munnetra kazhagam,3,2,4,1,10,10,5,7,10,10,6,10,7,10,7,2.141057934508816,5
168,127,179,30,208,0,2,0,0,0,0,0,0,0,0,546,0,6,552,0,168,"Corporation Elemenatry Old North Side Building, 2nd Room, South Facing, Ponmeni - 625010","1.Madurai (C) State Bank Colony Ward 69 ,
2.Madurai (C) Rajam Nagar Ponmeni Ward 69 ,
3.Madurai (C) Jeyanthi 1st Street Ponmeni Ward 69 ,
4.Madurai (C) Jeyanthi 2nd Street Ponmeni Ward 69 ,
5.Madurai (C) Jai Nagar 1st Street Ponmeni Ward 69 , 6.Madurai(C) Jai Nagar 1st Cross Street Ward 69 ,
7.Madurai (C) Jai Nagar 2nd Street Ward 69 ,
8.Madurai (C) Jai Nagar 2nd Cross Street Ward 69 ,
9.Madurai (C) Jai Nagar 3rd Street Ward 69 ,
10.Madurai (C) Jai Nagar 3rd Cross Street Ward 69 ,",All Voter,"Corporation Elemenatry Old North Side Building, 2nd Room, South Facing",Ponmeni - 625010,tamilaga vettri kazhagam,208,179,29,dravida munnetra kazhagam,3,2,4,1,7,6,5,7,7,7,7,7,7,7,7,5.311355311355311,0
169,115,170,21,162,0,0,0,0,0,0,0,0,1,1,470,0,3,473,0,169,"Corporation Ele.School, Old Building North Side East Zone Southwest Corner Room, Ponmeni-625010","1.Madurai (C) North Main Veethi Ward 69 ,
2.Madurai (C) Thiruvalluvar Street Ponmeni Ward 69 ,
3.Madurai (C) Thiruvalluvar 2nd Street Ward 69 ,
4.Madurai (C) Aadavan Street Ponmeni Ward 69 ,
5.Madurai (C) Ragavendra Street Ponmeni Ward 69 ,
6.Madurai (C) Santhana Nagar Ward 69 ,
7.Madurai (C) Karpaga Vinayagar Street Ward 69 ,
8.Madurai (C) Sivasakthi Nagar Ponmeni Ward 69",All Voter,"Corporation Ele.School, Old Building North Side East Zone Southwest Corner Room",Ponmeni-625010,dravida munnetra kazhagam,170,162,8,tamilaga vettri kazhagam,3,1,4,2,8,8,5,8,8,8,8,8,8,6,6,1.702127659574468,2
170,87,280,35,287,0,0,0,0,0,0,0,0,1,3,693,0,7,700,0,170,K.N.P.M.Madurai Pillamar Sangam Hr.Sec.Samatipuram South Eastern Side CornerBuilding (2nd Classroom) - West Facing,"1.Madurai (C) First Mettu Street Ward 68 ,
2.Madurai (C) Second Mettu Street Ward 68 ,
3.Madurai (C) 3rd Mettu Street Ward 68 ,
4.Madurai (C) 4th Mettu Street Ward 68 ,
5.Madurai (C) Balamurugan Street Ward 68 ,
6.Madurai (C) Asuvathi Street Ward 68 ,
7.Madurai (C) Vallalar Street Ward 68 ,
8.Madurai (C) Nethaji Street Ward 68 ,
9.Madurai (C) Nethaji 4th Cross Street Ward 68 , 10.Madurai(C) Nethaji Street Main Ward 68",All Voter,K.N.P.M.Madurai Pillamar Sangam Hr.Sec.Samatipuram South Eastern Side CornerBuilding (2nd Classroom) - West Facing,K.N.P.M.Madurai Pillamar Sangam Hr.Sec.Samatipuram South Eastern Side CornerBuilding (2nd Classroom) - West Facing,tamilaga vettri kazhagam,287,280,7,dravida munnetra kazhagam,3,2,4,1,8,8,5,8,8,8,8,8,8,7,6,1.01010101010101,4
171,85,230,32,299,0,0,0,0,1,0,1,0,1,0,649,0,1,650,0,171,"K.N.P.M.Madurai Pillamar Sangam Hr.Sec. South Side Building from East to West (2nd Classroom) - NorthFacing, Samatipuram- 625010","1.Madurai (C) Nethaji 2nd Cross Street Ward 68 ,
2.Madurai (C) Nethaji 3rd Cross Street Ward 68 ,
3.Madurai (C) Shenbaga Nagar Ward 68 ,
4.Madurai (C) Muthu Nagar 4th Street Ward 68 ,
5.Madurai (C) Muthu Nagar 3rd Street Ward 68 ,
6.Madurai (C) Ganapathi Street Ward 68 ,
7.Madurai (C) Thiruvalluvar Street Ward 68 ,
8.Madurai (C) Ponmeni Main Road Ward 68",All Voter,K.N.P.M.Madurai Pillamar Sangam Hr.Sec. South Side Building from East to West (2nd Classroom) - NorthFacing,Samatipuram- 625010,tamilaga vettri kazhagam,299,230,69,dravida munnetra kazhagam,3,2,4,1,9,9,5,9,9,5,9,5,9,5,9,10.63174114021572,3
172,89,304,29,296,0,1,1,0,0,2,0,1,1,1,725,0,2,727,0,172,"K.N.P.M.Madurai Pillamar Sangam Hr.Sec. Middle Building - SouthFacing - (Adjuscent Side of Office Building)From East to West 1st Classroom,  Samatipuram-625010","1.Madurai (C) Krishna Street Ward 67 ,
2.Madurai (C) Raj Nagar Main Road Ward 68 ,
3.Madurai (C) Raj Nagar Cross Street Ward 68 ,
4.Madurai (C) Raj Nagar 1st Cross Street Ward 68 ,
5.Madurai (C) Raj Nagar 2nd Cross Street Ward 68 ,
6.Madurai (C) Raj Nagar 3rd Street Ward 68 ,
7.Madurai (C) Soundharam Street Ward 68 ,",All Voter,K.N.P.M.Madurai Pillamar Sangam Hr.Sec. Middle Building - SouthFacing - (Adjuscent Side of Office Building)From East to West 1st Classroom,Samatipuram-625010,dravida munnetra kazhagam,304,296,8,tamilaga vettri kazhagam,3,1,4,2,12,7,5,7,12,12,5,12,7,7,7,1.103448275862069,6
173,85,247,34,309,0,1,0,0,0,2,0,0,1,0,679,0,2,681,0,173,"K.N.P.M.Madurai Pillamar Sangam Hr.Sec. Samatipuram Middle Building, South, Facing (Adjuscent side of office building) From East to West 3rd  Classroom","1.Madurai (C) Kanagabara Street  Sriram Nagar Ward 68 ,
2.Madurai (C) Mullai Street Sriram Nagar Ward 68 ,
3.Madurai (C) Mullai 2nd Street Sriram Nagar Ward 68 ,
4.Madurai (C) Kurunji Street Sriram Nagar Ward 68 ,
5.Madurai (C) Vadamalli Street Sriram Nagar Ward 68 ,
6.Madurai (C) Thamarai Street Sriram Nagar Ward 68 , 7.Madurai(C) Thalambu Street Sriram Nagar Ward 68 ,
8.Madurai (C) Manoranjitham Street  Sriram Nagar Ward 68 ,
9.Madurai (C) Sembaruthi Street Ward 68 ,",All Voter,"K.N.P.M.Madurai Pillamar Sangam Hr.Sec. Samatipuram Middle Building, South",Facing (Adjuscent side of office building) From East to West 3rd  Classroom,tamilaga vettri kazhagam,309,247,62,dravida munnetra kazhagam,3,2,4,1,9,7,5,9,9,9,5,9,9,7,9,9.131075110456553,3
174,107,284,35,330,0,0,1,0,0,0,0,1,4,0,762,0,1,763,0,174,"K.N.P.M.Madurai Pillamar Sangam Hr.Sec.  Main Entrance, Rightern Side New Building - South, Facing From East to West 1st Classroom,  Samatipuram-625010","1.Madurai (C) Roja Street Ward 68 ,
2.Madurai (C) Malligai 1st Street Ward 68 ,
3.Madurai (C) Magilampu Street Ward 68 ,
4.Madurai (C) Shenpagampoo 2nd Street Ward 68 ,
5.Madurai (C) Sevanthipoo Street Ward 68 ,
6.Madurai (C) Sammangi Poo Street Ward 68 ,
7.Madurai (C) Pandi Kovil 1st Street Ward 68 ,
8.Madurai (C) Kannan Colony 3rd Street Ward 68 ,
9.Madurai (C) Malligai 2nd Street Ward 68",All Voter,"K.N.P.M.Madurai Pillamar Sangam Hr.Sec.  Main Entrance, Rightern Side New Building - South, Facing From East to West 1st Classroom",Samatipuram-625010,tamilaga vettri kazhagam,330,284,46,dravida munnetra kazhagam,3,2,4,1,9,9,6,6,9,9,9,9,6,5,9,6.036745406824147,6
175,49,202,23,215,0,0,0,0,0,0,0,0,2,1,492,0,2,494,0,175,"K.N.P.M.Madurai Pillamar Sangam Hr.Sec.  Main Entrance, Rightern Side New Building - South, Facing From East to West 2nd  Classroom,  Samatipuram-625010","1 - Madurai (C), Sri Ram Nagar (Main Road) Ward 68
2- Madurai (C), Meenachipuram Theni Main Road Ward 67
3- Madurai (C), Sammattipuram Main Road Ward 68",All Voter,"K.N.P.M.Madurai Pillamar Sangam Hr.Sec.  Main Entrance, Rightern Side New Building - South, Facing From East to West 2nd  Classroom",Samatipuram-625010,tamilaga vettri kazhagam,215,202,13,dravida munnetra kazhagam,3,2,4,1,8,8,5,8,8,8,8,8,8,5,7,2.642276422764228,3
176,196,301,69,300,0,0,0,1,1,0,0,1,1,0,870,0,5,875,0,176,"Corporation Middle School, Madakulam, South side 1st RCC
Biulding, Madakulam - 625003","1 - Madurai (C), Madakulam Main Road Ward 71(from door no. 1 to door no.123/B)",All Voter,"Corporation Middle School, Madakulam, South side 1st RCC
Biulding",Madakulam - 625003,dravida munnetra kazhagam,301,300,1,tamilaga vettri kazhagam,3,1,4,2,10,10,5,10,6,6,10,10,6,6,10,0.1149425287356322,4
177,129,275,33,311,0,1,0,0,0,4,0,0,0,0,753,0,5,758,0,177,"Corporation Middle School , Center Block 1st RCC Building, Madakulam-625003","1.Madurai (C) Sathyamoorthy Street Ward 71 ,
2.Madurai (C) Thirupathi Nagar Ward 71,
3.Madurai (C) Periyar Nagar Ward 71 ,",All Voter,"Corporation Middle School , Center Block 1st RCC Building",Madakulam-625003,tamilaga vettri kazhagam,311,275,36,dravida munnetra kazhagam,3,2,4,1,8,7,5,8,8,8,6,8,8,8,8,4.780876494023905,4
178,118,299,26,167,1,0,0,2,0,0,0,0,1,2,616,0,2,618,0,178,"Corporation Middle School , North Block 1st RCC Building, Madakulam-625003","1.Madurai (C) Karattu Konar Street Ward 71 ,
2.Madurai (C) Madakulam Nadu Main Road Ward 71 ,
3.Madurai (C) Andi Ambalam Street Ward 71 ,
4.Madurai (C) Sokkupillai Street Ward 71 ,",All Voter,"Corporation Middle School , North Block 1st RCC Building",Madakulam-625003,dravida munnetra kazhagam,299,167,132,tamilaga vettri kazhagam,3,1,4,2,8,10,5,10,5,10,10,10,10,8,5,21.42857142857143,5
179,173,305,50,270,1,0,0,1,1,1,1,0,0,0,803,0,3,806,0,179,"Corporation Middle School , North Block 2nd RCC Building, Madakulam-625003","1.Madurai (C) Kalinga Nayakkar Street Ward 71 ,
2.Madurai (C) Manickam Pillai Street Ward 71 ,
3.Madurai (C) Muthaiah Naickar Street Ward 71 ,
4.Madurai (C) Chokkalinga Nayakkar Street Ward 71 ,
5.Madurai (C) Devendra Kulachavadi Madakulam Ward 71 ,
6.Madurai (C) Rahavendra Nagar Madakulam Ward 71
7.Madurai (C) Erulandi Velalar Street Ward 71 ,
8. Madurai (C), Madakulam Main Road Ward 71(from door no.124)
9.Madurai (C) Kabaleeswarar Nagar Ward 71 ,
10.Madurai (C) Samiyadi Periyakaruppan Street Ward 71 ,
11.Madurai (C) Sonai Kovil Street Ward 71 ,
12.Madurai (C) Gandhiji Vasaga Salai Street Ward 71 ,
13.Madurai (C) Sonai Muthupillai Street Ward 71 ,",All Voter,"Corporation Middle School , North Block 2nd RCC Building",Madakulam-625003,dravida munnetra kazhagam,305,270,35,tamilaga vettri kazhagam,3,1,4,2,6,11,5,11,6,6,6,6,11,11,11,4.35865504358655,4
180,135,256,41,269,1,0,2,1,0,0,0,0,2,0,707,0,3,710,0,180,"Corporation Middle School , west Block room no.5, RCC Building, Madakulam-625003","1.Madurai (C) Madakkulam Main Road Ward 71 , (From Door no. 106-1 till last)
2.Madurai (C) Madakulam Main Road 2nd Kurukku Theru Ward 71 ,
3.Madurai (C) Madakulam Cross Street Ward 71
4.Madurai (C) Madakkulam Main Road 1st Kurukku Theru Ward 71
5.Madurai (C) Madakulam Nadu Main Street Ext. Roja Nagar Ward 71",All Voter,"Corporation Middle School , west Block room no.5, RCC Building",Madakulam-625003,tamilaga vettri kazhagam,269,256,13,dravida munnetra kazhagam,3,2,4,1,8,10,5,6,8,10,10,10,10,6,10,1.838755304101839,5
181,152,271,35,352,0,1,0,1,1,0,0,0,3,0,816,0,2,818,0,181,"R.C Ele. School, East Side Building st 1st Room, West Facing, Palanganatham - 625003","1.Madurai (C) Marthu Pandiyar Nagar 1st Street Ward 70 ,
2.Madurai (C) Maruthupandiyar Nagar 4th Street Ward 70
3.Madurai (C) Maruthupandiyar Nagar Main Road Ward 70",All Voter,"R.C Ele. School, East Side Building st 1st Room, West Facing",Palanganatham - 625003,tamilaga vettri kazhagam,352,271,81,dravida munnetra kazhagam,3,2,4,1,10,7,6,10,7,7,10,10,10,5,10,9.926470588235293,5
182,134,285,58,384,2,0,0,0,1,1,0,0,0,0,865,0,2,867,0,182,"R.C Ele. School, East Side Building st 3rd   Room, West Facing,
Palanganatham - 625003","1.Madurai (C) Keezhatheru Pasumpon Nagar Palanganatham Ward 74,
2 - Madurai (C), Madakkulam Main Road Ward 74",All Voter,"R.C Ele. School, East Side Building st 3rd   Room, West Facing",Palanganatham - 625003,tamilaga vettri kazhagam,384,285,99,dravida munnetra kazhagam,3,2,4,1,5,9,5,9,9,7,7,9,9,9,9,11.44508670520231,2
183,128,170,50,335,1,0,1,0,0,1,0,0,1,1,688,0,1,689,0,183,"R.C Ele. School, North  Side Building st 2nd Room, West Facing,
Palanganatham - 625003",1.Madurai (C) V.K.P Nagar Ward 71,All Voter,"R.C Ele. School, North  Side Building st 2nd Room, West Facing",Palanganatham - 625003,tamilaga vettri kazhagam,335,170,165,dravida munnetra kazhagam,3,2,4,1,5,11,5,5,11,11,5,11,11,5,5,23.98255813953488,4
184,180,151,24,244,1,1,0,1,0,0,2,0,0,1,605,0,1,606,0,184,"Aurobindo Meera Matric School,(D6) Room, Towards west to east 1st  room,  Nehru Nagar, Byepass Road, Madurai.-625003","1.Madurai (C) Agrahara Veethi Ward 74 ,
2.Madurai (C) Agrahara New Colony Ward 74 ,
3.Madurai (C) Agrahara Street Madakulam Main Street Ward 74 ,",All Voter,"Aurobindo Meera Matric School,(D6) Room, Towards west to east 1st  room,  Nehru Nagar, Byepass Road",Madurai.-625003,tamilaga vettri kazhagam,244,180,64,all india anna dravida munnetra kazhagam,2,3,4,1,6,6,6,11,6,11,11,5,11,11,6,10.57851239669422,4
185,121,149,33,249,1,0,0,0,0,1,0,0,0,0,554,0,0,554,0,185,"Aurobindo Meera Matric School,(D4) Room, Towards west to east) Nehru Nagar, Byepass Road, Madurai.-625003","1.Madurai (C) Kalaimagal 1st Street Ward 70 ,
2.Madurai (C) Kalaimagal 2nd Street Ward 70 ,
3.Madurai (C) Agasthiyar Street Ward 70 ,
4.Madurai (C) Malaimagal Street Nehru Nagar Ward 70 ,
5.Madurai (C) Vasugi Street Nehru Nagar Ward 70 ,
6.Madurai (C) Kavimani Street Nehru Nagar Ward 70 ,
7.Madurai (C) Sastha Street Nehru Nagar Ward 70 ,",All Voter,"Aurobindo Meera Matric School,(D4) Room, Towards west to east) Nehru Nagar, Byepass Road",Madurai.-625003,tamilaga vettri kazhagam,249,149,100,dravida munnetra kazhagam,3,2,4,1,5,7,7,7,7,7,5,7,7,7,7,18.05054151624549,1
186,117,196,39,317,0,1,0,1,0,0,0,0,0,0,671,0,6,677,0,186,"Aurobindo Meera Matric School, UKG (D3) Room, Towards west to east 1st Room,  Nehru Nagar, Byepass Road, Madurai.- 625003","1.Madurai (C) Nethaji Road Nehru Nagar Ward 70 ,
2.Madurai (C) Salaimuthu Street Nehru Nagar Ward 70 ,
3.Madurai (C) Krishna Street Nehru Nagar Ward 70 ,
4.Madurai (C) Thiruvalluvar Nagar Main Road Ward 70
5.Madurai (C) Vivekanandhar Street Nehru Nagar Ward 70",All Voter,"Aurobindo Meera Matric School, UKG (D3) Room, Towards west to east 1st Room,  Nehru Nagar, Byepass Road",Madurai.- 625003,tamilaga vettri kazhagam,317,196,121,dravida munnetra kazhagam,3,2,4,1,8,6,5,8,6,8,8,8,8,8,8,18.0327868852459,1
187,148,205,27,367,0,0,0,1,0,0,0,0,0,0,748,0,4,752,0,187,"Aurobindo Meera Matric School, D- Class Room, Nehru Nagar Byepass Road, Madurai - 625003","1.Madurai (C) Chokkar Street Ward 70 ,
2.Madurai (C) Gandhi Street Ward 70 ,
3.Madurai (C) Sekkilar Street Ward 70 ,
4.Madurai (C) Kambar Street Ward 70 ,
5.Madurai (C) Kambar Cross Street Ward 70 ,
6.Madurai (C) Meenakshi Street Ward 70 ,
7.Madurai (C) Solaialagu Street Ward 70 ,
8.Madurai (C) Vinayagar Street Ward 70 ,
9.Madurai (C) Kumaran Street Ward 70 ,
10.Madurai (C) Kumaran Cross Street Ward 70 ,
11.Madurai (C) Bharathi Street  Ward 70 ,
12.Madurai (C) Indra Street Ward 70 ,
13.Madurai (C) Avvaiyar Street  Ward 70 ,
14.Madurai (C) Sethupathi Street Ward 70 ,
15.Madurai (C) Kabilar Street  Ward 70",All Voter,"Aurobindo Meera Matric School, D- Class Room, Nehru Nagar Byepass Road",Madurai - 625003,tamilaga vettri kazhagam,367,205,162,dravida munnetra kazhagam,3,2,4,1,7,7,5,7,6,7,7,7,7,7,7,21.65775401069519,1
188,137,259,28,268,0,0,0,0,0,0,0,0,0,0,692,0,5,697,0,188,"Aurobindo Meera Matric School, L- C3 Room, Nehru Nagar Byepass Road, Madurai 625003","1.Madurai (C) Aringar Anna Street Ward 70  ,
2.Madurai (C) Manickavasagar Street Ward 70 ,
3.Madurai (C) Subramania Siva Street Ward 70 ,
4.Madurai (C) Kandhasamy Street Ward 70 ,
5.Madurai (C) Lakshmanan Street Ward 70  ,
6.Madurai (C) Ramakrishna Street Ward 70 ,
7.Madurai (C) VOC Street Ward 70 ,
8.Madurai (C) Santhanam Street Ward 70 ,
9.Madurai (C) Sundararajan Street Ward 70 ,
10.Madurai (C) Kalaingar Street Ward 70  ,
11.Madurai (C) Vanjinathan Street Ward 70 ,
12.Madurai (C) Annai Therasa Street Ward 70 ,
13.Madurai (C) N.S.K Street Ward 70 ,
14.Madurai (C) Vallalar Street Ward 70  ,
15.Madurai (C) Seyon Street Nehru Nagar Ward 70,",All Voter,"Aurobindo Meera Matric School, L- C3 Room, Nehru Nagar Byepass Road",Madurai 625003,tamilaga vettri kazhagam,268,259,9,dravida munnetra kazhagam,3,2,4,1,6,6,5,6,6,6,6,6,6,6,6,1.300578034682081,0
189,154,273,40,397,1,0,1,0,0,1,0,1,0,1,869,0,5,874,0,189,"R.C  Ele.  School, East Side Building st 4th Room, West Facing, Palanganatham - 625003","1.Madurai (C), Maruthupandiyar Nagar 3rd Street Ward 70
2.Madurai (C) Maruthupandiyar Nagar 5th Street Ward 70
3.Madurai (C) Maruthu Pandiyar Nagar 2nd Street Ward 70
4.Madurai (C) Maruthupandiyar Nagar Ward 70 ,",All Voter,"R.C  Ele.  School, East Side Building st 4th Room, West Facing",Palanganatham - 625003,tamilaga vettri kazhagam,397,273,124,dravida munnetra kazhagam,3,2,4,1,6,11,5,6,11,11,6,11,6,11,6,14.2692750287687,4
190,227,316,28,319,2,1,0,0,0,1,1,1,1,2,899,0,4,903,0,190,"R.C  Ele. School, South  Side Building st 1st Room, North
Facing, Palanganatham - 625003",1.Madurai (c) Therkutheru ward 71,All Voter,"R.C  Ele. School, South  Side Building st 1st Room, North
Facing",Palanganatham - 625003,tamilaga vettri kazhagam,319,316,3,dravida munnetra kazhagam,3,2,4,1,6,8,5,13,13,13,8,8,8,8,6,0.3337041156840935,6
191,176,239,37,349,0,0,0,1,0,0,0,1,0,0,803,0,3,806,0,191,"R.C Higher Secondar School, South  Side Building st 2nd Room, North Facing, Palanganatham - 625003","1.Madurai (C) Ganapathy Nagar Ward 71 ,
2.Madurai (C) Mainar Thoppu Ward 71,
3.Madurai (C) Potturani Veethi Ward 71",All Voter,"R.C Higher Secondar School, South  Side Building st 2nd Room, North Facing",Palanganatham - 625003,tamilaga vettri kazhagam,349,239,110,dravida munnetra kazhagam,3,2,4,1,8,8,5,8,6,8,8,8,6,8,8,13.6986301369863,2
192,126,194,27,253,0,0,0,0,0,1,0,0,0,0,601,0,1,602,0,192,"Somasundara Bharathiyar Corporation Higher Sec School   ,North Side, 1st Building , Palanganatham Main Road-625003","1 - Madurai  (C), Palaganaththam North Street Ward 74 ( till door no.123-9)",All Voter,"Somasundara Bharathiyar Corporation Higher Sec School   ,North Side, 1st Building",Palanganatham Main Road-625003,tamilaga vettri kazhagam,253,194,59,dravida munnetra kazhagam,3,2,4,1,7,7,5,7,7,7,5,7,7,7,7,9.816971713810316,1
193,114,156,24,259,0,0,0,0,0,0,0,0,0,0,553,0,2,555,0,193,"Somasundara Bharathiyar Corporation Higher Sec School
,Center Block 3rd Building, Palanganatham Main Road-625003","1.Madurai (C) Manikandan Street Neelakandan Kovil Street  Ward 74 ,
2.Madurai (C) Kavibharathi Street Pasumpon Nagar Ward 74 ,
3.Madurai (C) Pulithevan Street Pasumpon Nagar Ward 74 ,
4.Madurai (C) Subash Chandra Bose Street Pasumpon Nagar Ward 74 ,
5.Madurai (C) Agraharam Street Ramar Kovil Street Ward 74 ,
6.Madurai (C) Palanganatham Main Road Ward 74",All Voter,"Somasundara Bharathiyar Corporation Higher Sec School
,Center Block 3rd Building",Palanganatham Main Road-625003,tamilaga vettri kazhagam,259,156,103,dravida munnetra kazhagam,3,2,4,1,6,6,5,6,6,6,6,6,6,6,6,18.62567811934901,0
194,80,166,22,180,3,1,0,0,0,0,0,0,0,1,453,0,0,453,0,194,"Somasundara Bharathiyar Corporation Higher Sec School   , North Block 2nd Building , Palanganatham Main Road-625003","1.Madurai (C) Kambar Cross Street Ward 74 ,
2.Madurai (C) Kaliamman Kovil Street Ward 74",All Voter,"Somasundara Bharathiyar Corporation Higher Sec School   , North Block 2nd Building",Palanganatham Main Road-625003,tamilaga vettri kazhagam,180,166,14,dravida munnetra kazhagam,3,2,4,1,5,6,8,8,8,8,8,8,8,8,6,3.090507726269316,1
195,114,181,20,191,0,0,0,1,0,0,0,0,0,0,507,0,0,507,0,195,"Somasundara Bharathiyar Corporation Higher Sec School   , Center Block 2nd Building , Palanganatham Main Road-625003","1.Madurai (C) Manicka Vasakam Pillai Street Ward 74 ,
2.Madurai (C) Raja Sethupathy Street Ward 74 ,
3.Madurai (C) Vellaisamy Servai Street Ward 74 ,
4 - Madurai  (C), Palaganaththam North Street Ward 74 ( from door no.124)",All Voter,"Somasundara Bharathiyar Corporation Higher Sec School   , Center Block 2nd Building",Palanganatham Main Road-625003,tamilaga vettri kazhagam,191,181,10,dravida munnetra kazhagam,3,2,4,1,6,6,6,6,5,6,6,6,6,6,6,1.972386587771203,1
196,138,184,25,277,0,0,1,0,0,0,0,0,1,0,626,0,2,628,0,196,"Somasundara Bharathiyar Corporation Higher Sec School
,Center Block 4th Building, Palanganatham Main Road-625003","1.Madurai (C) Palanganatham North Street Ward 74 ,
2.Madurai (C) Natchiyarpuram Ward 74  ,
3.Madurai (C) Elumalaiyan Street Ward 74 ,
4.Madurai (C) Suruliyandi Konar Street Ward 74",All Voter,"Somasundara Bharathiyar Corporation Higher Sec School
,Center Block 4th Building",Palanganatham Main Road-625003,tamilaga vettri kazhagam,277,184,93,dravida munnetra kazhagam,3,2,4,1,8,8,5,6,8,8,8,8,8,6,8,14.85623003194888,2
197,128,203,29,264,0,2,1,0,1,4,1,1,2,0,636,0,3,639,0,197,"Somasundara Bharathiyar Higher Sec School   ,South Side 1st Building, Palanganatham Main Road-625003","1.Madurai (C) V O C Street Ward 74 ,
2.Madurai (C) Rajathi Amman Street Ward 74 ,
3.Madurai (C) Dr. Radhakrishnan Street Ward 74 ,
4.Madurai (C) Gurusamy Lane Ward 74 ,
5.Madurai (C) Maruthu Pandiyan 2nd Street Ward 74",All Voter,"Somasundara Bharathiyar Higher Sec School   ,South Side 1st Building",Palanganatham Main Road-625003,tamilaga vettri kazhagam,264,203,61,dravida munnetra kazhagam,3,2,4,1,13,7,6,9,13,9,5,9,9,7,13,9.59119496855346,10
198,96,153,23,167,0,0,0,0,0,0,0,0,1,0,440,0,5,445,0,198,"Aurobindo Meera Matric Hr Sec School   ,North Building, LKG 'B' Section, Nehru Nagar Bye Pass Road-625003","1.Madurai (C) Duraisamy Nagar 1st Cross Street  Ward 70 ,
2.Madurai (C) Duraisamy Nagar 2nd Cross Street Ward 70 ,
3.Madurai (C) Duraisamy Nagar 3rd Cross Street  Ward 70 ,
4.Madurai (C) Duraisamy Nagar Vivek Street  Extension Ward 70 ,
5.Madurai (C) Duraisamy Nagar Santhiya Street  Ward 70 ,
6.Madurai (C) Duraisamy Nagar Pretham Street  Ward 70",All Voter,"Aurobindo Meera Matric Hr Sec School   ,North Building, LKG 'B' Section",Nehru Nagar Bye Pass Road-625003,tamilaga vettri kazhagam,167,153,14,dravida munnetra kazhagam,3,2,4,1,7,7,5,7,7,7,7,7,7,6,7,3.181818181818182,1
199,124,247,25,254,1,0,0,1,1,1,0,0,1,0,655,0,4,659,0,199,"Aurobindo Meera Matric Hr Sec School   ,North Building, LKG 'A' Section, Nehru Nagar Bye Pass Road-625003","1.Madurai (C) Duraisamy Nagar Main Road  Ward 70 ,
2.Madurai (C) Swarupvihar Duraisamy Nagar Main Road Ward 70
3.Madurai (C) Duraisamy Nagar Aswini Street Ward 70 ,
4.Madurai (C) Duraisamy Nagar Shalini Street  Ward 70 ,
5.Madurai (C) Duraisamy Nagar Jawahar Cross Street Ward 70,",All Voter,"Aurobindo Meera Matric Hr Sec School   ,North Building, LKG 'A' Section",Nehru Nagar Bye Pass Road-625003,tamilaga vettri kazhagam,254,247,7,dravida munnetra kazhagam,3,2,4,1,6,11,5,11,6,6,6,11,11,6,11,1.068702290076336,4
200,144,277,26,255,0,0,0,1,0,0,0,0,0,0,703,0,8,711,0,200,"Swathi Matric School, South side Building, 1st Class Room, Byepass Road-625003","1.Madurai (C) Jegan Apartment Thai Mookambikai Nagar Ward 70 ,
2.Madurai (C) Bagavathi Street Duraisamy Nagar Ward 70 ,
3.Madurai (C) Velmurugan Nagar Vaigai Veethi Ward 70 ,
4.Madurai (C) Velmurugan Nagar Gangai Veethi Ward 70 ,
5.Madurai (C) Velmurugan Nagar Kaveri Veethi Ward 70 ,
6.Madurai (C) Narmadha Veethi Ward 70 ,
7.Madurai (C) Thamiraparani Veethi  Ward 70 ,
8.Madurai (C) Aparna Enclavement Ward 70 ,
9.Madurai (C) Velmurugan Nagar Nandhini Street Ward 70
10.Madurai (C) Srinivas Apartment Velmurugan Nagar Ward 70 ,
11.Madurai (C) Abarna Garden Nandhini Street Velmurugan Nagar Ward 70",All Voter,"Swathi Matric School, South side Building, 1st Class Room",Byepass Road-625003,dravida munnetra kazhagam,277,255,22,tamilaga vettri kazhagam,3,1,4,2,7,7,5,7,6,7,7,7,7,7,7,3.129445234708392,1
201,83,155,30,176,0,0,0,1,0,0,0,0,0,0,445,0,2,447,0,201,"AVM -Nursary School, West side Building, Pasumpon Nagar, Palangantham-625003","1.Madurai (C) Sirungeri Nagar Ward 70 ,
2.Madurai (C) Muthupandi Nagar Ward 70 ,
3.Madurai (C) Vanamamalai Nagar Main Road Ward 70 ,
4.Madurai (C) Vanamamalai Nagar 1st Main Road Ward 70
5.Madurai (C) Vanamamalai Nagar 2nd Main Road Ward 70
6.Madurai (C) Vanamamalai Nagar 1st Cross Street Ward 70
7.Madurai (C) Vanamamalai 2nd Cross Street Ward 70 ,
8.Madurai (C) Vanamamalai Nagar 3rd Cross Street Ward 70
9.Madurai (C) Vanamamalai Nagar 4th Cross Street Ward 70
10.Madurai (C) Vanamamalai 5th Cross Street Ward 70 ,
11.Madurai (C) Pattukottai Kalyana Sundaranar Street Ward 70",All Voter,"AVM -Nursary School, West side Building, Pasumpon Nagar",Palangantham-625003,tamilaga vettri kazhagam,176,155,21,dravida munnetra kazhagam,3,2,4,1,7,7,5,7,6,7,7,7,7,7,7,4.719101123595506,1
202,105,146,23,244,0,0,0,1,0,0,0,0,0,0,519,0,2,521,0,202,"AVM -Nursary School, North  Building Towards East to West 2nd Room, Pasumpon Nagar, Palangantham-625003","1.Madurai (C) Sathiyamoorthi Nagar Nehru Street Ward 70 ,
2.Madurai (C) Sathiyamoorthi Nagar Thiru Vi Ka Street Ward 70 ,
3.Madurai (C) Raja Sir Muthaiah Nagar Tharmar Road Ward 70 ,
4.Madurai (C) Raja Sir Muthaiah Nagar Thomas Road 2 Ward 70 ,
5.Madurai (C) Raja Sir Muthaiah Nagar Mani kothanar Street Ward 70,
6.Madurai (C) Raja Sir Muthaiah Nagar Bye Pass Road Ward 70,",All Voter,"AVM -Nursary School, North  Building Towards East to West 2nd Room, Pasumpon Nagar",Palangantham-625003,tamilaga vettri kazhagam,244,146,98,dravida munnetra kazhagam,3,2,4,1,7,7,5,7,6,7,7,7,7,7,7,18.88246628131021,1
203,86,133,37,165,0,1,0,0,1,1,0,1,0,0,425,0,2,427,0,203,"Aurobindo Meera Matric School, UKG (D5) Room, Towards west to east 2nd Room,  Nehru Nagar, Byepass Road, Madurai.- 625003","1.Madurai (C) Nehru Nagar Bye Pass Road Ward 70 ,
2.Madurai (C) Arul Nagar V.O.C Street Ward 70 ,
3.Madurai (C) Arul Nagar Santhana Raj Compound Ward 70 ,
4.Madurai (C) Arul Nagar Bye Pass Road Ward 70,
5.Madurai (C) Duraisamy Nagar Kayathiri Street  Ward 70",All Voter,"Aurobindo Meera Matric School, UKG (D5) Room, Towards west to east 2nd Room,  Nehru Nagar, Byepass Road",Madurai.- 625003,tamilaga vettri kazhagam,165,133,32,dravida munnetra kazhagam,3,2,4,1,10,6,5,10,10,6,6,10,6,10,10,7.529411764705881,3
204,135,201,33,299,1,0,2,0,0,1,0,0,2,0,674,0,3,677,0,204,"Corporation Ele.School, North building, Towards east to west 1st
room, Palanganatham-625003","1.Madurai (C) Jeeva Street Ward 74 ,",All Voter,"Corporation Ele.School, North building, Towards east to west 1st
room",Palanganatham-625003,tamilaga vettri kazhagam,299,201,98,dravida munnetra kazhagam,3,2,4,1,8,10,5,6,10,10,8,10,10,6,10,14.54005934718101,5
205,108,176,24,222,0,0,0,0,0,2,0,0,0,0,532,0,2,534,0,205,"Swathi Matric School    ,R C C Main Building Nehru Nagar Byepass Road Madurai -16","1.Madurai (C) Indragandhi Street Ward 74 ,
2.Madurai (C) Bodi Line Ward 70 ,
3.Madurai (C) Thiruvalluvar Nagar Ward 70",All Voter,Swathi Matric School,R C C Main Building Nehru Nagar Byepass Road Madurai -16,tamilaga vettri kazhagam,222,176,46,dravida munnetra kazhagam,3,2,4,1,7,7,5,7,7,7,5,7,7,7,7,8.646616541353383,2
206,66,175,16,170,0,0,1,0,0,1,0,0,0,0,429,0,2,431,0,206,"Swathi Matric School   ,East Building 3rd Room From North Side Byepass Road","1.Madurai (C) Neethi Nagar Ward 70 ,
2.Madurai (C) North Street Ward 74 ,
3.Madurai (C) Bye Pass Road Ward 74
4.Madurai (C) Erikarai Street Ward 70  ,
5.Madurai (C) Navarathina Veethi Ward 70 ,
6.Madurai (C) Vallalar Street Ward 70 ,
7.Madurai (C) Seenivasa Street Ward 70 ,",All Voter,Swathi Matric School,East Building 3rd Room From North Side Byepass Road,dravida munnetra kazhagam,175,170,5,tamilaga vettri kazhagam,3,1,4,2,8,8,5,6,8,8,6,8,8,8,8,1.165501165501166,2
207,104,209,33,239,0,0,1,0,0,0,0,0,0,0,586,0,2,588,0,207,"Corporation Ele.School  ,New Kalyana Mandabam South Side 1st
Building , Palanganatham-625003","1.Madurai (c) Kaliyamman Kovil Main Veethi Pasumpon Nagar Ward 74 ,
2.Madurai (C) Pasumpon Thevar Street Ward 74 ,",All Voter,"Corporation Ele.School  ,New Kalyana Mandabam South Side 1st
Building",Palanganatham-625003,tamilaga vettri kazhagam,239,209,30,dravida munnetra kazhagam,3,2,4,1,7,7,5,6,7,7,7,7,7,7,7,5.119453924914676,1
208,88,172,25,195,1,0,0,0,2,2,1,1,1,0,488,0,4,492,0,208,"Corporation Ele.School, North building, Towards east to west 3rd room, Palanganatham-625003","4.Madurai (C) Vivekanandhar Street Ward 74 ,
5.Madurai (C) Rajaji Street Ward 74 ,
1.Madurai (C) Avvaiyar Street Ward 74 ,
2.Madurai (C) Valliammai Street Ward 74 ,
3.Madurai (C) Salai Nagar Ward 70
6.Madurai (C) Thiruvalluvar Street Ward 74",All Voter,"Corporation Ele.School, North building, Towards east to west 3rd room",Palanganatham-625003,tamilaga vettri kazhagam,195,172,23,dravida munnetra kazhagam,3,2,4,1,8,12,5,12,12,6,6,8,8,8,12,4.713114754098361,7
209,77,211,29,230,0,0,1,1,1,2,0,0,1,0,553,0,1,554,0,209,"Corporation Ele.School  ,North Side, Palanganatham-625003","1.Madurai (C) Nehruji Street Ward 74 ,
2.Madurai (C) Maruthupandiyar 1st Street Ward 74 ,
3.Madurai (C) Balakrishnan Mudaliar Street Ward 74 ,
4.Madurai (C) Ponnandi Street Ward 71 ,
5.Madurai (C) Yogiyar Nagar Ward 72",All Voter,"Corporation Ele.School  ,North Side",Palanganatham-625003,tamilaga vettri kazhagam,230,211,19,dravida munnetra kazhagam,3,2,4,1,11,11,6,6,6,6,5,11,11,6,11,3.435804701627486,6
210,105,252,19,309,1,1,0,1,0,0,0,1,2,0,691,0,2,693,0,210,"Somasundara Bharathiyar Higher Sec School   ,South Building,
Palanganatham Main Road-625003",1.Madurai (C) Neelakandan Kovil Street Ward 74,All Voter,"Somasundara Bharathiyar Higher Sec School   ,South Building",Palanganatham Main Road-625003,tamilaga vettri kazhagam,309,252,57,dravida munnetra kazhagam,3,2,4,1,7,7,5,11,7,11,11,11,7,5,11,8.24891461649783,4
211,149,260,30,313,1,0,1,0,0,0,0,1,0,1,756,0,5,761,0,211,"R.C Ele School, West Side Building st 1st Room, East Facing, Palanganatham - 625003","1.Madurai (C) Thandakaranpatti Main Veethi Ward 71 ,
2.Madurai (C) Thandakaranpatti 1st Cross Street Ward 71 ,
3.Madurai (C) Kaliyamman Kovil Street  Ward 71",All Voter,"R.C Ele School, West Side Building st 1st Room, East Facing",Palanganatham - 625003,tamilaga vettri kazhagam,313,260,53,dravida munnetra kazhagam,3,2,4,1,6,10,5,6,10,10,10,10,6,10,6,7.01058201058201,3
212,155,239,37,380,1,0,0,0,0,0,0,0,2,0,814,0,2,816,0,212,"R.C Ele School, West Side Building st 3rd  Room, East Facing,
Palanganatham - 625003","1.Madurai (C) Thandakaranpatti 2nd Cross Street Ward 71 ,
2.Madurai (C) Nethaji Nagar Ward 71 ,",All Voter,"R.C Ele School, West Side Building st 3rd  Room, East Facing",Palanganatham - 625003,tamilaga vettri kazhagam,380,239,141,dravida munnetra kazhagam,3,2,4,1,7,8,5,8,8,8,8,8,8,5,8,17.32186732186732,2
213,78,310,16,269,0,1,0,0,0,0,0,0,0,0,674,0,3,677,0,213,"Ruby Higher Seconday School , West Side Building 1st Room,
East Facing , Palanganatham, Madurai- 625003","1.Madurai (C) R.C Kovil Main Veethi Ward 71 ,
2.Madurai (C) Thiruvalluvar Nagar 6th Cross Street Ward 72",All Voter,"Ruby Higher Seconday School , West Side Building 1st Room,
East Facing , Palanganatham",Madurai- 625003,dravida munnetra kazhagam,310,269,41,tamilaga vettri kazhagam,3,1,4,2,7,6,5,7,7,7,7,7,7,7,7,6.083086053412463,0
214,116,257,38,301,1,0,0,3,0,0,0,1,0,0,717,0,3,720,0,214,"Ruby Higher Seconday School , West Side Building 2nd Room, East Facing , Palanganatham, Madurai- 625003","1.Madurai (C) Kaliyappa Nadar Veethi Ward 72 ,
2.Madurai (C) Thiruvalluvar Nagar 7th Cross Street Ward 72
3.Madurai (C) Thiruvalluvar Nagar 8th Cross Street Ward 72
4.Madurai (C) Thiruvalluvar Nagar 9th Cross Street Ward 72",All Voter,"Ruby Higher Seconday School , West Side Building 2nd Room, East Facing , Palanganatham",Madurai- 625003,tamilaga vettri kazhagam,301,257,44,dravida munnetra kazhagam,3,2,4,1,7,9,5,9,5,9,9,9,7,9,9,6.136680613668061,4
215,93,225,46,261,0,0,0,2,0,3,0,0,0,0,630,0,5,635,0,215,"Ruby Higher Seconday School , West Side Building 4th Room, North  Facing , Palanganatham, Madurai- 625003","1.Madurai (C) Thiruvalluvar Nagar 1st Cross Street Ward 72
2.Madurai (C) Thiruvalluvar Nagar 2nd Cross Street Ward 72
3.Madurai (C) Thiruvalluvar Nagar 3rd Cross Street Ward 72
4.Madurai (C) Bharathithasan Street Ward 72
5.Madurai (C) Thiruvalluvar Nagar 2nd Main Veethi Ward 72
6.Madurai (C) Thiruvalluvar Nagar 4th Cross Street Ward 72
7.Madurai (C) Thiruvalluvar Nagar 5th Cross Street Ward 72",All Voter,"Ruby Higher Seconday School , West Side Building 4th Room, North  Facing , Palanganatham",Madurai- 625003,tamilaga vettri kazhagam,261,225,36,dravida munnetra kazhagam,3,2,4,1,8,8,5,8,7,8,6,8,8,8,8,5.714285714285714,5
216,152,217,34,274,1,0,0,3,0,0,1,0,0,0,682,0,2,684,0,216,"Ruby Higher Seconday School , West Side Building  3rd  Room, North  Facing , Palanganatham, Madurai- 625003","1.Madurai (C) Old Murugan Talkies 1st Street Ward 72 ,
2.Madurai (C) Thiruvalluvar Nagar 10th Cross Street Ward 72
3.Madurai (C) Thiruvalluvar Nagar Main Veethi Ward 72 ,",All Voter,"Ruby Higher Seconday School , West Side Building  3rd  Room, North  Facing , Palanganatham",Madurai- 625003,tamilaga vettri kazhagam,274,217,57,dravida munnetra kazhagam,3,2,4,1,7,9,6,9,5,9,9,7,9,9,9,8.357771260997067,4
217,104,305,28,247,1,0,0,1,0,2,0,0,0,1,689,0,5,694,0,217,"Ruby Higher Seconday School , South Side Building, 2nd  Room
, North  Facing , Palanganatham, Madurai- 625003","1.Madurai (C) Old Murugan Theatre Street Ward 72
2.Madurai (C) Erulappa Samy Kovil Street Ward 71 ,
3.Madurai (C) Kasthuri Urani Street Ward 71 ,
4.Madurai (C) Erulappasamy Kovil Street Kinatru Veethi Ward 71",All Voter,"Ruby Higher Seconday School , South Side Building, 2nd  Room
, North  Facing , Palanganatham",Madurai- 625003,dravida munnetra kazhagam,305,247,58,tamilaga vettri kazhagam,3,1,4,2,7,10,5,10,7,10,6,10,10,10,7,8.417997097242381,4
218,91,252,37,212,1,0,0,2,0,0,0,0,0,1,596,0,3,599,0,218,"Ruby Higher Seconday School , South Side Building, 1st  Room , North  Facing , Palanganatham, Madurai- 625003","1.Madurai (C) Tamil Aarasi Touring Theatre Street Ward 72
2.Madurai (C) Erulappa Samy Kovil Colony Street Ward 71
3.Madurai (C) Old Murugan Talkies 2nd Street Ward 72
4.Madurai (C) Bharathithasan Street Ward 72
5.Madurai (C) Meenakshi Street Ward 72
6.Madurai (C) Salvasan Anme Palli Street Ward 72",All Voter,"Ruby Higher Seconday School , South Side Building, 1st  Room , North  Facing , Palanganatham",Madurai- 625003,dravida munnetra kazhagam,252,212,40,tamilaga vettri kazhagam,3,1,4,2,7,9,5,9,6,9,9,9,9,9,7,6.711409395973154,3
219,114,185,52,358,0,0,0,1,0,2,0,0,0,1,713,0,5,718,0,219,"Corporation Middle School , East Side Building,, West  Facing
Veeramudayan, Muthupatti-625003","1.Madurai (C) Veeramudaiyan Main Ward 73 ,",All Voter,"Corporation Middle School , East Side Building,, West  Facing
Veeramudayan",Muthupatti-625003,tamilaga vettri kazhagam,358,185,173,dravida munnetra kazhagam,3,2,4,1,9,9,5,9,7,9,6,9,9,9,7,24.26367461430575,4
220,111,198,30,300,1,0,0,1,0,0,1,0,0,3,645,0,2,647,0,220,"Corporation Middle School   , East Side Building, , East  Facing,
Veeramudayan, Muthupatti-625003",1.Madurai (C) Veeramudiayan 1st Street Ward 73,All Voter,"Corporation Middle School   , East Side Building, , East  Facing,
Veeramudayan",Muthupatti-625003,tamilaga vettri kazhagam,300,198,102,dravida munnetra kazhagam,3,2,4,1,7,10,6,10,7,10,10,7,10,10,5,15.81395348837209,5
221,124,142,24,219,0,0,2,0,0,2,0,0,5,0,518,0,8,526,0,221,"T.V.S Lakshmi Matric. School   , West Side Block, West Facing,
T.V.S Nagar-625003","1.Madurai (C) Sathyasai Nagar Ward 78 ,",All Voter,"T.V.S Lakshmi Matric. School   , West Side Block, West Facing",T.V.S Nagar-625003,tamilaga vettri kazhagam,219,142,77,dravida munnetra kazhagam,3,2,4,1,9,9,5,7,9,9,7,9,9,6,9,14.86486486486486,9
222,171,179,42,202,0,0,0,2,0,1,0,0,0,0,597,0,4,601,0,222,"T.V.S Lakshmi Matric. School   , West Side Block, West Facing,Training Hall, TVS Nagar-625003","1.Madurai (C) Nehru Nagar 1st Street Ward 73 ,
2.Madurai (C) Nehru Nagar 2nd Street Ward 73 ,
3.Madurai (C) Nehru Nagar 3rd Street Ward 73 ,
4.Madurai (C) Nehru Nagar 4th Street Ward 73 ,
5.Madurai (C) Nehru Nagar 5th Street Ward 73 ,
6.Madurai (C) Nehru Nagar 6th Street Ward 73 ,
7.Madurai (C) Sundarar Street Ward 73",All Voter,"T.V.S Lakshmi Matric. School   , West Side Block, West Facing,Training Hall",TVS Nagar-625003,tamilaga vettri kazhagam,202,179,23,dravida munnetra kazhagam,3,2,4,1,8,8,5,8,6,8,7,8,8,8,8,3.852596314907872,3
223,90,300,32,284,1,0,0,0,0,0,1,0,3,1,712,0,3,715,0,223,"Corporation Middle School   ,New Building  South Side -5th Std ,
Pykara-625004","1 - Madurai (C), E. B. Main Road Ward 72 (from door no. 1 to door no. 99)",All Voter,"Corporation Middle School   ,New Building  South Side -5th Std",Pykara-625004,dravida munnetra kazhagam,300,284,16,tamilaga vettri kazhagam,3,1,4,2,7,10,5,10,10,10,10,7,10,5,7,2.247191011235955,5
224,123,282,31,249,0,0,0,1,0,2,0,0,0,0,688,0,2,690,0,224,"Corporation Middle School   ,ICDS Room , Pykara-625004","1.Madurai (C) Rotary Village Ward 72 ,
2.Madurai (C) Nagendirapuram Ward 72 ,
3.Madurai (C) Vivekanandhar Street Ward 72",All Voter,"Corporation Middle School   ,ICDS Room",Pykara-625004,dravida munnetra kazhagam,282,249,33,tamilaga vettri kazhagam,3,1,4,2,8,8,5,8,7,8,5,8,8,8,8,4.796511627906977,3
225,84,286,15,213,0,0,0,0,3,0,0,0,0,0,601,0,1,602,0,225,"Corporation Middle School   ,New Building  South Side -8th Std ,
Pykara-625004",1.Madurai(c) Govt.Colony Pykara Ward 72,All Voter,"Corporation Middle School   ,New Building  South Side -8th Std",Pykara-625004,dravida munnetra kazhagam,286,213,73,tamilaga vettri kazhagam,3,1,4,2,7,7,6,7,7,5,7,7,7,7,7,12.14642262895175,3
226,87,170,27,173,0,0,0,0,0,0,0,0,0,0,457,0,2,459,0,226,"Corporation Middle School   ,New Building  South Side -7th  Std
, Pykara-625004","1.Madurai (C) Govt. Colony Pykara Ward 72 ,
2.Madurai (C) Alagusundaram  Nagar 1st Street Ward 73 , 3Madurai (C) Alagu Sundaram Nagar 2nd Street Ward 73  ,
4.Madurai (C) Alagu Sundaram Nagar 3rd Street Ward 73 ,
5.Madurai (C) Alagu Sundaram Nagar 4th Street Ward 73",All Voter,"Corporation Middle School   ,New Building  South Side -7th  Std",Pykara-625004,tamilaga vettri kazhagam,173,170,3,dravida munnetra kazhagam,3,2,4,1,6,6,5,6,6,6,6,6,6,6,6,0.6564551422319475,0
227,101,288,34,218,1,0,0,0,1,1,0,0,0,0,644,0,4,648,0,227,"Kallar High School   , South Facing, 4th Std Room, Pudhukulam II Bit -625004","1.Madurai (C) Nayakkamar Street 100 ,
2.Madurai (C) Ootrukinaru Ward 72 ,
3.Madurai (C) Bala Nagammal Kovil Mettu Street Ward 72
4 - Madurai (C), E. B. Main Road Ward 72 (from door no. 100 till last",All Voter,"Kallar High School   , South Facing, 4th Std Room",Pudhukulam II Bit -625004,dravida munnetra kazhagam,288,218,70,tamilaga vettri kazhagam,3,1,4,2,6,9,5,9,9,6,6,9,9,9,9,10.8695652173913,2
228,109,286,34,233,0,0,0,0,0,0,0,0,1,0,663,0,3,666,0,228,"Corporation Middle School, New Building  South Side -3rd & 4th
Std , Pykara-625004","1.Madurai (c) 7th New Mettu Street Muthuramalingapuram Ward 72 ,",All Voter,"Corporation Middle School, New Building  South Side -3rd & 4th
Std",Pykara-625004,dravida munnetra kazhagam,286,233,53,tamilaga vettri kazhagam,3,1,4,2,7,7,5,7,7,7,7,7,7,6,7,7.993966817496228,1
229,115,255,28,304,0,0,0,0,1,0,0,0,0,0,703,0,0,703,0,229,"Kallar High School   ,Western Side New Building 10th  Std
Room, Pudhukulam II Bit -625004","1.Madurai (C) Muthuramalingapuram 1st Street Ward 72 ,
2.Madurai (C) Muthuramalingapuram 2nd Street Ward 72",All Voter,"Kallar High School   ,Western Side New Building 10th  Std
Room",Pudhukulam II Bit -625004,tamilaga vettri kazhagam,304,255,49,dravida munnetra kazhagam,3,2,4,1,6,6,6,6,6,5,6,6,6,6,6,6.970128022759601,1
230,113,342,43,271,0,0,0,1,0,0,0,0,1,0,771,0,1,772,0,230,"Kallar High School   ,Westernside New Building 6th Std, Room
Pudhukulam II Bit -625004",1.Madurai (C) Muthuramalingapuram Main Veethi Ward 72,All Voter,"Kallar High School   ,Westernside New Building 6th Std","Room
Pudhukulam II Bit -625004",dravida munnetra kazhagam,342,271,71,tamilaga vettri kazhagam,3,1,4,2,8,8,5,8,5,8,8,8,8,5,8,9.208819714656292,2
231,106,257,32,236,0,1,0,1,0,0,0,0,0,0,633,0,2,635,0,231,"Corporation Middle School   ,South Portio 1st Std,  Pasumalai Main Road, Pykara-625004","1.Madurai (C) Muthuramalingapuram 3rd Street Ward 72 ,
2.Madurai (C) Muthuramalingapuram 4th Street Ward 72  ,
3.Madurai (C) Muthuramalingapuram 5th Street Ward 72 ,
4.Madurai (C) Mettu 1st Street Ward 72 ,
5.Madurai (C) Muthuramalingapuram 6th Street Ward 72",All Voter,"Corporation Middle School   ,South Portio 1st Std,  Pasumalai Main Road",Pykara-625004,dravida munnetra kazhagam,257,236,21,tamilaga vettri kazhagam,3,1,4,2,8,6,5,8,6,8,8,8,8,8,8,3.317535545023697,1
232,98,302,35,247,0,1,1,0,0,2,0,0,1,0,687,0,4,691,0,232,"Corporation Middle School   ,South Portio 2nd  Std,  Pasumalai Main Road, Pykara-625004","1.Madurai (C) Mettu 2nd Street Ward 72 ,
2.Madurai (C) Muthuramalingapuram 7th Street Ward 72 ,
3.Madurai (C) Electricity Board  Quarters Ward 72",All Voter,"Corporation Middle School   ,South Portio 2nd  Std,  Pasumalai Main Road",Pykara-625004,dravida munnetra kazhagam,302,247,55,tamilaga vettri kazhagam,3,1,4,2,10,7,5,7,10,10,6,10,10,7,10,8.005822416302767,4
233,138,247,39,348,1,0,0,0,0,0,0,0,2,0,775,0,5,780,0,233,"T V S Elementary School   ,West Portion Room No: 81, Jaihindpuram -625003","1.Madurai (C) Gurunathapuram Kovalan Nagar Main Road Ward 78 ,
2.Madurai (C) Gurunathapuram Kovalan Nagar Manimegalai Street Ward 78  ,
3.Madurai (C) Gurunathapuram Kovalan Nagar Rajam Nagar Ward 78",All Voter,"T V S Elementary School   ,West Portion Room No: 81",Jaihindpuram -625003,tamilaga vettri kazhagam,348,247,101,dravida munnetra kazhagam,3,2,4,1,7,8,5,8,8,8,8,8,8,6,8,13.03225806451613,2
234,136,198,27,197,0,0,0,0,0,0,0,0,1,1,560,0,4,564,0,234,"T V S Elementary School,North Block, South Facing, (Room.No.8) T.V.S.Nagar-625003","1.Madurai (C) Gurunathapuram  Kovalan Nagar Roja Street Ward 78  ,
2.Madurai (C) Gurunathapuram Kovalan Nagar Kurunji Street Ward 78 ,
3.Madurai (C) Gurunathapuram Kovalan Nagar 7th Street Ward 78 ,
4.Madurai (C) Gurunathapuram Kovalan Nagar 8th Street Ward 78 ,
5.Madurai (C) Gurunathapuram Kovalan Nagar TVS Lakshmi Nagar Ward 78 ,
6.Madurai (C) Gurunathapuram Kovalan Nagar Muniyandi Nagar Samathuvapuram Ward 78 ,
7.Madurai (C) Gurunathapuram Kovalan Nagar Sathyasai Nagar Ward 78",All Voter,"T V S Elementary School,North Block, South Facing",(Room.No.8) T.V.S.Nagar-625003,dravida munnetra kazhagam,198,197,1,tamilaga vettri kazhagam,3,1,4,2,8,8,5,8,8,8,8,8,8,6,6,0.1785714285714286,2
235,143,245,42,271,1,2,1,0,0,0,0,0,0,0,705,0,1,706,0,235,"T V S Elementary School,North Block, South Facing, (Room.No.6) T.V.S.Nagar-625003","1.Madurai (C) Kovalan Nagar 1st Street Ward 78 ,
2.Madurai (C) Kovalan Nagar 2nd Street Ward 78 ,
3.Madurai (C) Kovalan Nagar 3rd Street Ward 78 ,",All Voter,"T V S Elementary School,North Block, South Facing",(Room.No.6) T.V.S.Nagar-625003,tamilaga vettri kazhagam,271,245,26,dravida munnetra kazhagam,3,2,4,1,6,5,6,6,9,9,9,9,9,9,9,3.687943262411348,1
236,139,216,34,237,0,1,0,0,0,1,0,0,1,0,629,0,3,632,0,236,"T.V.S Lakshmi Matric Hr. Sec. School   ,North Side Shed, Eastern Portiion, TVS Nagar -625003","1.Madurai (C) Kovalan Nagar 5th Street Ward 78 ,
2.Madurai (C) Santhanam Nagar Ward 78 ,
3.Madurai (C) Gandhiji Street Ward 73",All Voter,"T.V.S Lakshmi Matric Hr. Sec. School   ,North Side Shed, Eastern Portiion",TVS Nagar -625003,tamilaga vettri kazhagam,237,216,21,dravida munnetra kazhagam,3,2,4,1,9,6,5,9,9,9,6,9,9,6,9,3.338632750397456,2
237,124,177,37,237,0,0,0,0,0,0,0,0,3,0,578,0,9,587,0,237,"TVS Lakshmi Matric Hr.Sec.School, West side Block, West facing (Room.No.-3)I-C/G,Tvs Nagar,","1.Madurai (C) Kovalan Nagar Main Road Ward 78 ,
2.Madurai (C) Balaji Street Extension Ward 73 ,
3.Madurai (C) Thilagavathi Street Ward 73 ,
4.Madurai (C) Kumarar Street Ward 73 ,
5.Madurai (C) Ganapathi Street Ward 73 ,
6.Madurai (C) Santhanam Street Ward 73 ,
7.Madurai (C) Ramakrishna Nagar Ward 73
8.Madurai (C) Kovalan Nagar 4th Street Ward 78
9.Madurai (C) Lakshmi Road Ward 73 ,",All Voter,"TVS Lakshmi Matric Hr.Sec.School, West side Block, West facing (Room.No.-3)I-C/G,Tvs Nagar",,tamilaga vettri kazhagam,237,177,60,dravida munnetra kazhagam,3,2,4,1,7,7,5,7,7,7,7,7,7,6,7,10.38062283737024,3
238,54,126,17,126,0,1,0,1,0,0,0,0,0,0,325,0,2,327,0,238,"Kallar High School   , South Facing, 1st  Std Room, Pudhukulam
II Bit -625004","1.Madurai (C) TPK Main Road Ward 72 ,",All Voter,"Kallar High School   , South Facing, 1st  Std Room","Pudhukulam
II Bit -625004",dravida munnetra kazhagam,126,126,0,dravida munnetra kazhagam,3,1,4,1,8,6,5,8,6,8,8,8,8,8,8,0.0,1
239,142,166,31,254,0,0,0,3,0,1,1,0,0,0,598,0,6,604,0,239,"TVS Lakshmi Matric Hr.Sec.School, Centre  Block, North  facing (Room.No.-1)I-A/E,Tvs Nagar,","1.Madurai (C) Thirupparankundram (P) Thiruvalluvar Street Alagappan Nagar 10th Street Ward 73 ,
2.MaduraiI (C) Thirupparankundram (P) Suseela Renganathan Avenue Muthupatti Main Road Ward 73 ,
3.Madurai (C) Thirupparankundram (P) Balaji Street Alagappan Nagar Ward 73 ,
4.Madurai (C)Thirupparankundram(P) Sambanthar Street Alagappan Nagar Ward 73",All Voter,"TVS Lakshmi Matric Hr.Sec.School, Centre  Block, North  facing (Room.No.-1)I-A/E,Tvs Nagar",,tamilaga vettri kazhagam,254,166,88,dravida munnetra kazhagam,3,2,4,1,9,9,5,9,6,9,7,7,9,9,9,14.71571906354515,5
240,129,186,22,257,0,0,0,0,0,0,0,1,1,0,596,0,3,599,0,240,"TVS Lakshmi Matric Hr.Sec.School, Centre  Block, North  facing
(Room.No.-2)I-B/F,Tvs Nagar,","1.Madurai (C) Thirupparankundram (P) Veeramudayan Water Tank Lane Ward 73
2.Madurai (C) Senthil Nagar E B Colony Ward 78 ,",All Voter,"TVS Lakshmi Matric Hr.Sec.School, Centre  Block, North  facing
(Room.No.-2)I-B/F,Tvs Nagar",,tamilaga vettri kazhagam,257,186,71,dravida munnetra kazhagam,3,2,4,1,8,8,5,8,8,8,8,8,6,6,8,11.91275167785235,2
241,176,114,26,206,0,0,3,0,0,0,1,0,0,0,526,0,7,533,0,241,"TVS Lakshmi Matric Hr.Sec.School, South  Block, South  facing (Room.No.-14)III-B/F,Tvs Nagar,","1.Madurai (C) Rajam Road Ward 73 ,
2.Madurai (C) Krishna Road Ward 73 ,
3.Madurai (C) Thirunavukarasar Street Ward 73 ,
4.Madurai (C) Kannan Street Ward 73 ,",All Voter,"TVS Lakshmi Matric Hr.Sec.School, South  Block, South  facing (Room.No.-14)III-B/F,Tvs Nagar",,tamilaga vettri kazhagam,206,176,30,all india anna dravida munnetra kazhagam,2,3,4,1,8,8,5,6,8,8,8,7,8,8,8,5.70342205323194,4
242,164,122,21,186,0,0,1,1,0,0,0,1,0,0,496,0,8,504,0,242,"T V S Elementary School,North Block, South Facing, (Room.No.3) T.V.S.Nagar-625003","1.Madurai (C) Meenakshi Road TVS Nagar Ward 73 ,
2.Madurai (C) Duraisamy Road TVS Nagar Ward 73",All Voter,"T V S Elementary School,North Block, South Facing",(Room.No.3) T.V.S.Nagar-625003,tamilaga vettri kazhagam,186,164,22,all india anna dravida munnetra kazhagam,2,3,4,1,9,9,5,6,6,9,9,9,6,9,9,4.435483870967742,3
243,151,149,25,230,1,0,1,0,0,0,0,0,0,0,557,0,2,559,0,243,"T V S Elementary School,North Block, South Facing, (Room.No.2) T.V.S.Nagar-625003","1.Madurai (C) Santhanam Road Ward 73 ,
2.Madurai (C) Srinivasa Road TVS Nagar Ward 73
3.Madurai (C) Thirupparankundram (P) Veeramudayan 3rd Street Ward 73",All Voter,"T V S Elementary School,North Block, South Facing",(Room.No.2) T.V.S.Nagar-625003,tamilaga vettri kazhagam,230,151,79,all india anna dravida munnetra kazhagam,2,3,4,1,6,8,5,6,8,8,8,8,8,8,8,14.18312387791741,1
244,124,229,23,309,0,0,0,1,0,1,1,1,2,1,692,0,5,697,0,244,"Corporation Middle School   , West Side Building, , East Facing, Veeramudayan, Muthupatti-625003","1.Madurai (C) Pandiyan Nagar Ward 73 ,
2.Madurai (C) Sivasiva Street Ward 73
3.Madurai (C) Pandiyan Nagar Ward 73",All Voter,"Corporation Middle School   , West Side Building, , East Facing, Veeramudayan",Muthupatti-625003,tamilaga vettri kazhagam,309,229,80,dravida munnetra kazhagam,3,2,4,1,12,12,5,12,7,12,7,7,7,6,7,11.5606936416185,7
245,135,180,21,276,0,0,0,0,0,0,0,0,1,0,613,0,2,615,0,245,"Y.M.C.A Nursery School, West Side Building, South Facing, Muthupatti Main  Road-625003","1.Madurai (C) Veeramudaian Bharathiar Nagar Ward 73 ,
2.Madurai (C) Veeramudaiyan Bharathiyar Nagar Extension Ward 73 ,
3.Madurai (C) Veeramudaiyan Main Road  Ramakrishna Nagar Ward 73 ,
4.Madurai (C) Veeramudaiyan Main Road V.O.C. Street Ward 73 ,
5.Madurai (C) Fund Office Colony Ward 73,",All Voter,"Y.M.C.A Nursery School, West Side Building, South Facing",Muthupatti Main  Road-625003,tamilaga vettri kazhagam,276,180,96,dravida munnetra kazhagam,3,2,4,1,7,7,5,7,7,7,7,7,7,6,7,15.66068515497553,1
246,124,306,36,394,1,4,0,0,0,1,0,0,0,2,868,0,1,869,0,246,"Y.M.C.A Nursery School, East Side Building, South Facing, Muthupatti Main  Road-625003","1.Madurai (C) Veeramudiyan 4th Street Ward 73
2.Madurai (C) Veeramudaiyan 2nd Street Ward 73
3.Madurai (C) Veermudiyan 2nd Street Ward 73 ,",All Voter,"Y.M.C.A Nursery School, East Side Building, South Facing",Muthupatti Main  Road-625003,tamilaga vettri kazhagam,394,306,88,dravida munnetra kazhagam,3,2,4,1,7,5,7,10,10,10,7,10,10,10,6,10.13824884792627,3
247,132,233,40,291,1,3,1,0,0,0,2,0,0,1,704,0,2,706,0,247,"Champak Nursery School, West Side Building, West facing, RMS Colony 2nd street, Muthupatti - 625003","1.Madurai (C) Ayyanarpuram 1st Cross Street Ward 73 ,
2.Madurai (C) Ayyanarpuram 2nd Cross Street Ward 73 ,
3.Madurai (C) R.M Colony Ward 73 ,",All Voter,"Champak Nursery School, West Side Building, West facing, RMS Colony 2nd street",Muthupatti - 625003,tamilaga vettri kazhagam,291,233,58,dravida munnetra kazhagam,3,2,4,1,8,5,6,8,11,11,11,6,11,11,8,8.238636363636363,4
248,118,244,43,356,0,0,0,0,0,1,2,1,0,2,767,0,1,768,0,248,"Anganwadi Center, North facing building, Muthupatti-625003","1.Madurai (C) Ayyanarpuram Main Veedhi Ward 73 ,
2.Madurai (C) Ayyanarpuram Ward 73
3.Madurai (C) Ayyanarpuram 2nd Street Ward 73 ,",All Voter,"Anganwadi Center, North facing building",Muthupatti-625003,tamilaga vettri kazhagam,356,244,112,dravida munnetra kazhagam,3,2,4,1,10,10,7,10,10,10,7,5,7,10,5,14.60234680573664,6
249,82,189,28,228,1,0,0,0,0,1,1,0,0,1,531,0,1,532,0,249,"T.V.S.Hr.Sec.School,South Block, North Facing -   Smart Class -
2,  T.V.S.Nagar-625003","1.Madurai (C), Meenambeekai  Nagar 1st Street Ward 78 (from door no. 1 to door no. 114/a6)",All Voter,"T.V.S.Hr.Sec.School,South Block, North Facing -   Smart Class -
2",T.V.S.Nagar-625003,tamilaga vettri kazhagam,228,189,39,dravida munnetra kazhagam,3,2,4,1,5,10,5,10,10,10,5,5,10,10,5,7.344632768361582,3
250,125,249,40,372,1,0,1,0,0,1,1,1,1,0,792,0,2,794,0,250,"T.V.S.Hr.Sec.School,South Block, North Facing - LKG-3 , T.V.S.Nagar-625003","1.Madurai (C) Avvaiyar Street Ward 78 ,
2.Madurai (C) Angayarkanni 1st Street Ward 78  ,
3.Madurai (C) Angayarkanni 2nd Street Ward 78 ,
4.Madurai (C) Pasumpon Nagar Ward 78",All Voter,"T.V.S.Hr.Sec.School,South Block, North Facing - LKG-3",T.V.S.Nagar-625003,tamilaga vettri kazhagam,372,249,123,dravida munnetra kazhagam,3,2,4,1,6,12,5,6,12,12,6,6,6,6,12,15.53030303030303,5
251,137,253,32,258,0,1,1,0,1,1,0,0,1,0,685,0,3,688,0,251,"T.V.S.Hr.Sec.School,South Block, North Facing - UKG-2,
T.V.S.Nagar-625003","1.Madurai (C) Meenambigai Nagar 3rd Street Ward 78 ,
2.Madurai (C) Meenambigai Nagar 5th Cross Street Ward 78",All Voter,"T.V.S.Hr.Sec.School,South Block, North Facing - UKG-2",T.V.S.Nagar-625003,tamilaga vettri kazhagam,258,253,5,dravida munnetra kazhagam,3,2,4,1,11,6,5,6,11,6,6,11,11,6,11,0.7299270072992701,4
252,126,232,41,275,0,0,0,1,0,0,0,0,0,1,676,0,3,679,0,252,"T.V.S.Hr.Sec.School,North Block, SouthFacing - (G-14) , T.V.S.Nagar-625003","1.Madurai (C) Meenambigai Nagar 5th Street Ward 78 ,
2.Madurai (C) Ramana Sri Garden Ward 78 ,",All Voter,"T.V.S.Hr.Sec.School,North Block, SouthFacing - (G-14)",T.V.S.Nagar-625003,tamilaga vettri kazhagam,275,232,43,dravida munnetra kazhagam,3,2,4,1,8,8,5,8,6,8,8,8,8,8,6,6.36094674556213,2
253,78,209,46,308,2,0,0,1,0,0,0,0,1,1,646,0,5,651,0,253,"T.V.S.Hr.Sec.School,South Block, North Facing -   Smart Class - 1,  T.V.S Nagar- 625003","1.Madurai (C) Meenambigai Nagar Main Road Ward 78
2.Madurai (C) Meenambigai Nagar 8th Street Ward 78 ,
3- Madurai (C), Meenambeekai  Nagar 1st Street Ward 78 (from  door no. 115 till last)",All Voter,"T.V.S.Hr.Sec.School,South Block, North Facing -   Smart Class - 1",T.V.S Nagar- 625003,tamilaga vettri kazhagam,308,209,99,dravida munnetra kazhagam,3,2,4,1,6,10,5,10,7,10,10,10,10,7,7,15.3250773993808,3
254,76,212,26,311,1,0,1,0,2,0,0,0,0,0,629,0,2,631,0,254,"T.V.S.Hr.Sec.School,North Block, SouthFacing - (G-12) -  T.V.S
Nagar-625003","1.Madurai (C) Indra Nagar Jeeva Nagar 2nd Street Ward 78 ,
2.Madurai (C) Angayarkanni 5th Street (Jeeva Nagar 2nd Street)  Ward 78",All Voter,"T.V.S.Hr.Sec.School,North Block","SouthFacing - (G-12) -  T.V.S
Nagar-625003",tamilaga vettri kazhagam,311,212,99,dravida munnetra kazhagam,3,2,4,1,7,9,5,7,9,5,9,9,9,9,9,15.73926868044515,3
255,110,294,37,355,3,0,0,1,0,0,0,1,1,1,803,0,2,805,0,255,"T.V.S.Hr.Sec.School,North Block, SouthFacing - (G-10),  T.V.S Nagar-625003","1.Madurai (C) Indra Nagar Pallivasa Backside Ward 78  ,
2.Madurai (C) Angayarkanni 4th Street Ward 78  ,
3.Madurai (C) P M Devar Nagar Jeeva Nagar 2nd Street Ward 78,
4.Madurai (C) Angayarkanni Street (Jeeva Nagar 2nd Street) Ward 78",All Voter,"T.V.S.Hr.Sec.School,North Block, SouthFacing - (G-10)",T.V.S Nagar-625003,tamilaga vettri kazhagam,355,294,61,dravida munnetra kazhagam,3,2,4,1,5,11,6,11,7,11,11,11,7,7,7,7.596513075965131,4
256,101,266,32,285,0,1,1,0,0,0,0,0,2,2,690,0,1,691,0,256,"T.V.S.Hr.Sec.School,North Block, SouthFacing -  (G-4) ,  T.V.S
Nagar-625003","1 - Madurai (C), Jeeva Nagar 2nd Street-1 Ward 78 (door no, 1 to 110)",All Voter,"T.V.S.Hr.Sec.School,North Block, SouthFacing -  (G-4)","T.V.S
Nagar-625003",tamilaga vettri kazhagam,285,266,19,dravida munnetra kazhagam,3,2,4,1,10,7,7,7,10,10,10,10,10,5,5,2.753623188405797,5
257,93,173,17,307,2,2,0,0,0,0,2,0,0,0,596,0,0,596,0,257,"T V S High School   ,West Side North Block Class Room No.15 Jaihindpuram",1.Madurai (C) Jeeva Nagar 2nd Street-2 Ward 78 (Door No. 1E/88  to 167-3),All Voter,T V S High School,West Side North Block Class Room No.15 Jaihindpuram,tamilaga vettri kazhagam,307,173,134,dravida munnetra kazhagam,3,2,4,1,5,5,8,8,8,8,8,5,8,8,8,22.48322147651007,2
258,96,280,29,338,2,1,2,1,0,0,0,0,3,0,752,0,1,753,0,258,"T V S High School   ,East Side North Block Class Room No.14 Jaihindpuram","1.Madurai (C) Jeeva Nagar 2nd Street-2 Ward 78 (Door No. 167-4 to 2287)
2 - Madurai (C), Jeeva Nagar 2nd Street-1 Ward 78 (door no. 111 to last )",All Voter,T V S High School,East Side North Block Class Room No.14 Jaihindpuram,tamilaga vettri kazhagam,338,280,58,dravida munnetra kazhagam,3,2,4,1,6,8,8,6,8,11,11,11,11,5,11,7.712765957446808,6
259,91,210,22,280,1,1,1,2,1,0,0,0,1,2,612,0,1,613,0,259,"Pandiyan Middle School  , East Facing Jeeva Nagar, Thirumalai Street, Madurai- 625011","1.Madurai (C) Sonaiya Kovil Street Ward 78 ,
2.Madurai (C) Prema School Street Ward 79 ,
3.Madurai (C) Kalaivanar N.S.K. Street Ward 79 ,
4.Madurai (C) Sonaiyar Nagar Ward 78",All Voter,"Pandiyan Middle School  , East Facing Jeeva Nagar, Thirumalai Street",Madurai- 625011,tamilaga vettri kazhagam,280,210,70,dravida munnetra kazhagam,3,2,4,1,7,7,7,7,5,7,13,13,13,7,5,11.43790849673203,7
260,51,112,18,177,0,0,1,0,0,0,1,0,1,0,361,0,3,364,0,260,"Pandiyan Middle School  , South Facing ,Room.No.2, Jeeva
Nagar, Thirumalai Street, Madurai- 625011","1 - Madurai (C), Jeeva Nagar 1st Street Ward 79 (From door no. 1 to 73)",All Voter,"Pandiyan Middle School  , South Facing ,Room.No.2, Jeeva
Nagar, Thirumalai Street",Madurai- 625011,tamilaga vettri kazhagam,177,112,65,dravida munnetra kazhagam,3,2,4,1,9,9,5,6,9,9,9,6,9,6,9,18.00554016620499,3
261,47,145,28,226,1,0,0,0,0,0,0,0,0,0,447,0,2,449,0,261,"Pandiyan Middle School, South Facing , Room.No.3, Jeeva
Nagar, Thirumalai Street, Madurai- 625011","1 - Madurai (C), Jeeva Nagar 1st Street Ward 79 (from door no. 74 till last)",All Voter,"Pandiyan Middle School, South Facing , Room.No.3, Jeeva
Nagar, Thirumalai Street",Madurai- 625011,tamilaga vettri kazhagam,226,145,81,dravida munnetra kazhagam,3,2,4,1,6,7,5,7,7,7,7,7,7,7,7,18.12080536912752,0
262,97,228,21,358,0,0,0,0,0,1,0,1,1,0,707,0,2,709,0,262,"ICDS Building, Jeeva Nagar 1st Main Road, Jaihindpuram-
625011",1.Madurai (C) Jeeva Nagar 1st Street Ward 79,All Voter,"ICDS Building, Jeeva Nagar 1st Main Road","Jaihindpuram-
625011",tamilaga vettri kazhagam,358,228,130,dravida munnetra kazhagam,3,2,4,1,9,9,5,9,9,9,6,9,6,6,9,18.38755304101839,3
263,97,170,23,298,0,2,1,0,0,0,4,0,2,0,597,0,2,599,0,263,"Sri Murugan Middle School  , West Facing, Room.No.1,Jeeva
Nagar 1st street,  Jaihindpuram-625011","1.Madurai (C) Valluvar South Street Ward 79  ,",All Voter,"Sri Murugan Middle School  , West Facing, Room.No.1,Jeeva
Nagar 1st street",Jaihindpuram-625011,tamilaga vettri kazhagam,298,170,128,dravida munnetra kazhagam,3,2,4,1,10,6,6,9,10,10,10,5,10,6,10,21.44053601340034,7
264,101,213,26,221,0,0,1,0,0,0,0,0,0,0,562,0,3,565,0,264,"Sri Murugan Middle School  , West Facing, Room.No.3,Jeeva
Nagar 1st street,  Jaihindpuram-625011","1.Madurai (C) Prema School Street Ward 79 ,",All Voter,"Sri Murugan Middle School  , West Facing, Room.No.3,Jeeva
Nagar 1st street",Jaihindpuram-625011,tamilaga vettri kazhagam,221,213,8,dravida munnetra kazhagam,3,2,4,1,7,7,5,6,7,7,7,7,7,7,7,1.423487544483986,1
265,53,135,22,216,0,0,0,0,0,0,1,0,1,0,428,0,0,428,0,265,"Sri Murugan Middle School  , West Facing, Room.No.2,Jeeva Nagar 1st street,  Jaihindpuram-625011","1.Madurai (C) Pulipandian Street Ward 79
2.Madurai (C) Jeeva Nagar Cross Street Ward 79 ,
3.Madurai (C) V.O.C. Street Ward 79 ,
4.Madurai (C) Pulipandian Veethi Ravi School Back Side Ward 79",All Voter,"Sri Murugan Middle School  , West Facing, Room.No.2,Jeeva Nagar 1st street",Jaihindpuram-625011,tamilaga vettri kazhagam,216,135,81,dravida munnetra kazhagam,3,2,4,1,7,7,7,7,7,7,7,5,7,5,7,18.92523364485981,2
266,128,234,34,342,0,0,2,1,0,2,0,0,3,0,746,0,2,748,0,266,"Sethu Rajan Padma Matriculation Higher Sec School   ,West Block, East Facing (Kambar Room ) Building,  Jaihindpuram
Main Road Madurai",1.Madurai (C) Pulipandian Street Ward 79,All Voter,"Sethu Rajan Padma Matriculation Higher Sec School   ,West Block, East Facing (Kambar Room ) Building","Jaihindpuram
Main Road Madurai",tamilaga vettri kazhagam,342,234,108,dravida munnetra kazhagam,3,2,4,1,10,10,6,6,9,10,6,10,10,5,10,14.47721179624665,8
267,136,242,34,378,0,1,1,0,0,1,0,0,0,3,796,0,3,799,0,267,"Sethu Rajan Padma Matriculation Higher Sec School , South Block, North Facing , 2nd Std , Jaihindpuram Main Road
Madurai",1.Madurai (C) Pulipandian Street Ward 79,All Voter,"Sethu Rajan Padma Matriculation Higher Sec School , South Block, North Facing , 2nd Std","Jaihindpuram Main Road
Madurai",tamilaga vettri kazhagam,378,242,136,dravida munnetra kazhagam,3,2,4,1,10,7,5,7,10,10,7,10,10,10,5,17.08542713567839,5
268,78,164,17,269,1,1,0,0,0,0,0,0,0,0,530,0,2,532,0,268,"K.A.C.A Arunachallam Hr.Sec.School   ,Class Room 8c, Jaihindpuram-625011","1.Madurai (C) Kamarajar Colony Ward 79 ,
2.Madurai (C) Muniyandi Kovil Street Ward 79 ,
3.Madurai (C) Ramaiah Street Last Oviyar Street Ward 79",All Voter,"K.A.C.A Arunachallam Hr.Sec.School   ,Class Room 8c",Jaihindpuram-625011,tamilaga vettri kazhagam,269,164,105,dravida munnetra kazhagam,3,2,4,1,6,6,5,8,8,8,8,8,8,8,8,19.81132075471698,0
269,105,169,15,224,1,2,0,0,0,1,1,0,0,0,518,0,1,519,0,269,"K.A.C.A Arunachallam Hr.Sec.School   ,Class Room 8d,
Jaihindpuram-625011",1.Madurai (C) Thennagaram Piradhana Veethi Ward 79,All Voter,"K.A.C.A Arunachallam Hr.Sec.School   ,Class Room 8d",Jaihindpuram-625011,tamilaga vettri kazhagam,224,169,55,dravida munnetra kazhagam,3,2,4,1,6,5,6,10,10,10,6,6,10,10,10,10.61776061776062,2
270,78,209,25,330,1,0,0,1,0,0,0,0,0,0,644,0,4,648,0,270,"K.A.C.A Arunachallam Hr.Sec.School   ,Class Room 10std, North
Wing North Portion Jaihindpuram-625011",1.Madurai (C) Ramaiah Main Street,All Voter,"K.A.C.A Arunachallam Hr.Sec.School   ,Class Room 10std","North
Wing North Portion Jaihindpuram-625011",tamilaga vettri kazhagam,330,209,121,dravida munnetra kazhagam,3,2,4,1,6,8,5,8,6,8,8,8,8,8,8,18.7888198757764,1
271,86,178,22,263,1,3,0,0,0,0,0,0,1,0,554,0,3,557,0,271,"K.A.C.A Arunachallam Hr.Sec.School   ,East Side 2nd Room
Jaihindpuram-625011",1.Madurai (C) Ramaiah Main Street Ward 79,All Voter,K.A.C.A Arunachallam Hr.Sec.School,"East Side 2nd Room
Jaihindpuram-625011",tamilaga vettri kazhagam,263,178,85,dravida munnetra kazhagam,3,2,4,1,7,5,5,9,9,9,9,9,9,7,9,15.34296028880866,1
272,84,133,18,228,0,0,0,0,0,0,0,0,3,0,466,0,1,467,0,272,"K.A.C.A Arunachallam Hr.Sec.School   ,Class Room 6b North
Wing South Portion Jaihindpuram-625011","1.Madurai (C) Ramaiah 6th Cross Street (Vallalar Street) Ward 79  ,
2.Madurai (C) Ramaiah 7th Cross Street (Balaji Street) Ward 79",All Voter,K.A.C.A Arunachallam Hr.Sec.School,"Class Room 6b North
Wing South Portion Jaihindpuram-625011",tamilaga vettri kazhagam,228,133,95,dravida munnetra kazhagam,3,2,4,1,7,7,6,7,7,7,7,7,7,5,7,20.3862660944206,3
273,79,227,21,261,0,0,0,0,0,0,0,1,5,0,594,0,2,596,0,273,"K.A.C.A Arunachallam Hr.Sec.School   ,Class Room-7c
Jaihindpuram-625011","1.Madurai (C) Periyar Street Ramaiah 1st Cross Street Ward 79 ,
2.Madurai (C) Thilakar Street Ward 79",All Voter,K.A.C.A Arunachallam Hr.Sec.School,"Class Room-7c
Jaihindpuram-625011",tamilaga vettri kazhagam,261,227,34,dravida munnetra kazhagam,3,2,4,1,8,8,6,8,8,8,8,8,7,5,8,5.723905723905724,6
274,51,162,24,264,1,0,1,0,0,0,0,0,0,0,503,0,2,505,0,274,"K.A.C.A Arunachallam Hr.Sec.School   ,East Side 3rd Room Jaihindpuram-625011","1.Madurai (C) Vanjinathan Street Ward 79
2.Madurai (C) Ramaiah 4th Street Ward 79
3.Madurai (C) Ramaiah 5th Street Ward 79",All Voter,K.A.C.A Arunachallam Hr.Sec.School,East Side 3rd Room Jaihindpuram-625011,tamilaga vettri kazhagam,264,162,102,dravida munnetra kazhagam,3,2,4,1,6,8,5,6,8,8,8,8,8,8,8,20.27833001988072,1
275,157,246,49,423,0,1,0,0,0,1,0,0,1,0,878,0,2,880,0,275,"Sethu Rajan Padma Matriculation Higher Sec School   ,West Block, East Facing (Prammagupthar Room) Jaihindpuram Main
Road Madurai","1 - Madurai (C), Veerakaliamman Kovil Street-1 Ward 80 (from door no. 1 to door no. 172)",All Voter,"Sethu Rajan Padma Matriculation Higher Sec School   ,West Block","East Facing (Prammagupthar Room) Jaihindpuram Main
Road Madurai",tamilaga vettri kazhagam,423,246,177,dravida munnetra kazhagam,3,2,4,1,9,6,5,9,9,9,6,9,9,6,9,20.15945330296127,2
276,112,200,36,309,2,0,0,0,0,0,0,0,2,1,662,0,3,665,0,276,"Sethu Rajan Padma Matriculation Higher Sec School , South Block, North Facing , UKG, Jaihindpuram Main Road Madurai","1.Madurai(c) Veerakaliamman Kovil Street-2 Ward 80
2.Madurai (C) Veerakaliamman Kovil Street Ward 80",All Voter,"Sethu Rajan Padma Matriculation Higher Sec School , South Block, North Facing , UKG",Jaihindpuram Main Road Madurai,tamilaga vettri kazhagam,309,200,109,dravida munnetra kazhagam,3,2,4,1,6,9,5,9,9,9,9,9,9,6,8,16.46525679758308,3
277,85,173,18,242,0,1,0,0,0,0,0,0,0,0,519,0,3,522,0,277,"Sethu Rajan Padma Matriculation Higher Sec School , South Block, North Facing , UKG, Jaihindpuram Main Road Madurai","1.Madurai (C) Pulipandiyan Cross Street Ward 79
2.Madurai (C) Nethaji 3rd Cross Street Ward 80
3.Madurai (C) Ramaiah Veethi 5th Cross Street Ward 79
4.Madurai (C) Sasthiri Nagar Jaihindpuram Ward 80,",All Voter,"Sethu Rajan Padma Matriculation Higher Sec School , South Block, North Facing , UKG",Jaihindpuram Main Road Madurai,tamilaga vettri kazhagam,242,173,69,dravida munnetra kazhagam,3,2,4,1,7,6,5,7,7,7,7,7,7,7,7,13.29479768786127,0
278,133,186,21,350,0,0,1,0,0,0,0,0,2,0,693,0,2,695,0,278,"Sethu Rajan Padma Matriculation Higher Sec School   ,2nd Main
West Side 1st Room Building Jaihindpuram-625011","1.Madurai (C) Veerakaliamman Kovil Street Ward 80 ,
2.Madurai (C), Veerakaliamman Kovil Street-1 Ward 80 (from door no. 173 till last)",All Voter,Sethu Rajan Padma Matriculation Higher Sec School,"2nd Main
West Side 1st Room Building Jaihindpuram-625011",tamilaga vettri kazhagam,350,186,164,dravida munnetra kazhagam,3,2,4,1,8,8,5,7,8,8,8,8,8,5,8,23.66522366522366,3
279,81,143,13,301,0,0,0,0,0,0,0,0,0,1,539,0,0,539,0,279,"Sri Ayyanar Middle School, Main Block,
Room.No.3,,Jaihindpuram-625011","1.Madurai (C), Nethaji Street Ward 80 (from door no.1 to 280)",All Voter,"Sri Ayyanar Middle School, Main Block,
Room.No.3,",Jaihindpuram-625011,tamilaga vettri kazhagam,301,143,158,dravida munnetra kazhagam,3,2,4,1,6,6,6,6,6,6,6,6,6,6,5,29.31354359925788,1
280,83,151,31,222,0,0,0,0,0,0,0,1,0,0,488,0,4,492,0,280,"Sri Ayyanar Middle School, Main Block, Room.No.2,
Jaihindpuram-625011","1.Madurai (C), Nethaji Street Ward 80 (from door no.281 till last)",All Voter,"Sri Ayyanar Middle School, Main Block, Room.No.2",Jaihindpuram-625011,tamilaga vettri kazhagam,222,151,71,dravida munnetra kazhagam,3,2,4,1,7,7,5,7,7,7,7,7,6,7,7,14.54918032786885,1
281,75,221,26,300,0,1,0,1,0,0,0,1,0,0,625,0,5,630,0,281,"Sri Ayyanar Middle School  , 4th std 'A' Section, East Side,
Jaihindupuram-625011",1.Madurai (C) Nethaji Cross Street-1 Ward 80,All Voter,"Sri Ayyanar Middle School  , 4th std 'A' Section, East Side",Jaihindupuram-625011,tamilaga vettri kazhagam,300,221,79,dravida munnetra kazhagam,3,2,4,1,9,6,5,9,6,9,9,9,6,9,9,12.64,2
282,87,158,30,208,1,0,0,1,0,0,0,1,0,1,487,0,1,488,0,282,"Grace Matriculation School   ,West Side New Building 1st Room
Bharathiyar Road-625011","1.Madurai (C) Nethaji Cross Street-2 Ward 80 ,
2.Madurai (C) Gandhiji Street Ward 80",All Voter,Grace Matriculation School,"West Side New Building 1st Room
Bharathiyar Road-625011",tamilaga vettri kazhagam,208,158,50,dravida munnetra kazhagam,3,2,4,1,5,10,5,10,5,10,10,10,5,10,5,10.26694045174538,3
283,119,180,29,351,0,1,2,0,0,0,0,2,0,1,685,0,7,692,0,283,"K.A.C.A Arunachallam Hr.Sec.School   ,West Side, Officers
Room West Side Jaihindpuram -625011",1.Madurai (C) Nethaji Street Jaihindpuram,All Voter,"K.A.C.A Arunachallam Hr.Sec.School   ,West Side","Officers
Room West Side Jaihindpuram -625011",tamilaga vettri kazhagam,351,180,171,dravida munnetra kazhagam,3,2,4,1,10,8,5,6,10,10,10,10,6,10,8,24.96350364963504,5
284,115,208,30,342,0,0,0,1,0,0,1,0,2,1,700,0,5,705,0,284,"K.A.C.A Arunachallam Hr.Sec.School   ,West Side, 2nd Officers
Room West Side Jaihindpuram -625011",1.Madurai (C) Nethaji Street Jaihindpuram Ward 80,All Voter,"K.A.C.A Arunachallam Hr.Sec.School   ,West Side","2nd Officers
Room West Side Jaihindpuram -625011",tamilaga vettri kazhagam,342,208,134,dravida munnetra kazhagam,3,2,4,1,10,10,5,10,7,10,10,7,10,6,7,19.14285714285714,5
285,128,196,30,273,0,1,0,0,0,1,0,0,0,1,630,0,0,630,0,285,"K.A.C.A Arunachallam Hr.Sec.School   ,West Side Officers Room West Side North East Building, Jaihindpuram-625011",1.Madurai (C) Anna Main Veethi Jaihindpuram Ward 80,All Voter,"K.A.C.A Arunachallam Hr.Sec.School   ,West Side Officers Room West Side North East Building",Jaihindpuram-625011,tamilaga vettri kazhagam,273,196,77,dravida munnetra kazhagam,3,2,4,1,8,5,8,8,8,8,5,8,8,8,5,12.22222222222222,2
286,116,245,24,353,2,4,0,0,0,0,0,0,2,1,747,0,0,747,0,286,"K.A.C.A Arunachallam Hr.Sec.School   ,Guard Room,Temporary Polling Station Tiled Building Notrtheast Side, Jaihindpuram-
625011",1.Madurai (c) Nehru Street-1 Ward 80,All Voter,"K.A.C.A Arunachallam Hr.Sec.School   ,Guard Room,Temporary Polling Station Tiled Building Notrtheast Side","Jaihindpuram-
625011",tamilaga vettri kazhagam,353,245,108,dravida munnetra kazhagam,3,2,4,1,6,5,9,9,9,9,9,9,9,6,8,14.4578313253012,3
287,92,125,24,189,0,0,0,0,0,1,0,0,0,0,431,0,1,432,0,287,"Grace Matriculation School   ,West Side New Building 3rd Room
Bharathiyar Road","1.Madurai (C) Nehru Street-2 Ward 80 ,
2.Madurai (C) Anna Main Veethi Ward 80",All Voter,Grace Matriculation School,"West Side New Building 3rd Room
Bharathiyar Road",tamilaga vettri kazhagam,189,125,64,dravida munnetra kazhagam,3,2,4,1,7,7,5,7,7,7,5,7,7,7,7,14.8491879350348,1
288,80,199,15,223,0,0,0,0,0,0,0,0,0,2,519,0,5,524,0,288,"Grace Matriculation Higher Seconday School , Ist Std 'A' Section,
East Face,   Jaihindupuram-625011",1.Madurai (C) Jaihindpuram Main Veethi Ward 80,All Voter,"Grace Matriculation Higher Seconday School , Ist Std 'A' Section,
East Face",Jaihindupuram-625011,tamilaga vettri kazhagam,223,199,24,dravida munnetra kazhagam,3,2,4,1,7,7,5,7,7,7,7,7,7,7,6,4.624277456647398,2
289,106,233,20,296,0,1,0,0,0,1,1,0,2,0,660,0,2,662,0,289,"Grace Matriculation Higher Seconday School , East Block, South
Facing, Room.No.5, Jaihindpuram","1.Madurai (C) Bharathiyar Street Ward 81 ,
2.Madurai (C) N.S.Konar Street Ward 81",All Voter,"Grace Matriculation Higher Seconday School , East Block, South
Facing, Room.No.5",Jaihindpuram,tamilaga vettri kazhagam,296,233,63,dravida munnetra kazhagam,3,2,4,1,10,7,5,10,10,10,7,7,10,5,10,9.545454545454547,4
290,86,171,19,223,1,1,1,0,0,1,0,0,2,0,505,0,2,507,0,290,"Nethaji Middle School   ,East Zone North Side Class 2 'A'
Section,  Nehru Street Jaihindupuram-625011",1.Madurai (C) Bharathiyar Street,All Voter,"Nethaji Middle School   ,East Zone North Side Class 2 'A'
Section",Nehru Street Jaihindupuram-625011,tamilaga vettri kazhagam,223,171,52,dravida munnetra kazhagam,3,2,4,1,7,7,5,7,11,11,7,11,11,5,11,10.2970297029703,4
291,102,162,18,235,0,1,1,2,1,1,0,0,1,0,524,0,6,530,0,291,"Nethaji Middle School   ,East Side  North Side Class 2B Nehru
Street Jaihindupuram-625011",1.Madurai (C) Bharathiyar Street Ward 81,All Voter,Nethaji Middle School,"East Side  North Side Class 2B Nehru
Street Jaihindupuram-625011",tamilaga vettri kazhagam,235,162,73,dravida munnetra kazhagam,3,2,4,1,12,7,5,7,6,7,7,12,12,7,12,13.93129770992367,6
292,110,247,44,406,0,1,2,2,0,0,1,1,0,1,815,0,5,820,0,292,"Nethaji Middle School,East side Building, East Facing - Room No.2, Jaihindpuram","1.Madurai (C) Bharathiyar Road Last Ward 81 ,
2.Madurai (C) Bharathiyar Road Nethaji Nagar 1st Street Ward 81 ,
3.Madurai (C) Bharathiyar Road Nethaji Nagar 2nd Street Ward 81",All Voter,"Nethaji Middle School,East side Building, East Facing - Room No.2",Jaihindpuram,tamilaga vettri kazhagam,406,247,159,dravida munnetra kazhagam,3,2,4,1,12,8,5,6,6,12,12,8,8,12,8,19.50920245398773,7
293,96,195,14,297,1,1,2,0,0,0,1,0,2,3,612,0,0,612,0,293,"M.G.R ICDS Building, South facing Building, Near Kitchen
room, Nethaji Street, Jaihindpuram - 625011","1.Madurai (C) Devar Nagar Ward 81 ,
2.Madurai (C) N.S.Konar Street Ward 81",All Voter,"M.G.R ICDS Building, South facing Building, Near Kitchen
room, Nethaji Street",Jaihindpuram - 625011,tamilaga vettri kazhagam,297,195,102,dravida munnetra kazhagam,3,2,4,1,8,8,11,6,11,11,11,8,11,6,5,16.66666666666666,8
294,109,158,20,249,2,0,0,0,1,1,4,0,0,0,544,0,0,544,0,294,"Noon Meals Centre, Nethaji Road, Madurai",1.Madurai (C) Bharathiyar Road Last Ward 81,All Voter,"Noon Meals Centre, Nethaji Road",Madurai,tamilaga vettri kazhagam,249,158,91,dravida munnetra kazhagam,3,2,4,1,6,9,9,9,9,7,7,5,9,9,9,16.72794117647059,6
295,50,336,12,164,1,0,0,1,0,1,1,0,0,1,567,0,1,568,0,295,"Neethirajan Bharathi Middle School   ,Last Building Room No.17 Jaihindipuram","1.Madurai (C) Visalabagam 3rd Street Ward 82 ,
2.Madurai (C) Salim Compound Ward 82 ,
3.Madurai (C) Visalabagam 2nd Street Ward 82 ,
4.Madurai (C) Perumal Konar Compound Ward 81",All Voter,Neethirajan Bharathi Middle School,Last Building Room No.17 Jaihindipuram,dravida munnetra kazhagam,336,164,172,tamilaga vettri kazhagam,3,1,4,2,5,11,5,11,5,11,5,5,11,11,5,30.33509700176367,4
296,84,170,16,234,0,1,0,0,0,0,2,0,7,0,514,0,1,515,0,296,"Neethirajan Bharathi Middle School, South Block, North facing-
Jaihindpuram, Room.No.2","1 - Madurai (C), Bharathiyar Road Jaihindpuram Ward 81 (from door no. 1 to door no.99)",All Voter,"Neethirajan Bharathi Middle School, South Block, North facing-
Jaihindpuram",Room.No.2,tamilaga vettri kazhagam,234,170,64,dravida munnetra kazhagam,3,2,4,1,9,7,7,9,9,9,9,6,9,5,9,12.45136186770428,9
297,47,157,29,273,2,0,0,0,0,2,1,0,2,0,513,0,2,515,0,297,"Neethirajan Bharathi Middle School, South Block, North facing-
Jaihindpuram, Room.No.2","1 - Madurai (C), Bharathiyar Road Jaihindpuram Ward 81 (door no. 100 to last)",All Voter,"Neethirajan Bharathi Middle School, South Block, North facing-
Jaihindpuram",Room.No.2,tamilaga vettri kazhagam,273,157,116,dravida munnetra kazhagam,3,2,4,1,5,10,5,10,10,10,5,9,10,5,10,22.61208576998051,5
298,79,196,32,294,1,0,1,1,0,0,1,1,3,1,610,0,2,612,0,298,"Grace Matriculation Hr.Sec.School, North Block, South Facing,
Room.No.1, Jaihindpuram - 625011","1 - Madurai (C), Bharathiyar Road Jaihindpuram Ward 81 (from door no. 1 to door no.250)",All Voter,"Grace Matriculation Hr.Sec.School, North Block, South Facing,
Room.No.1",Jaihindpuram - 625011,tamilaga vettri kazhagam,294,196,98,dravida munnetra kazhagam,3,2,4,1,7,13,6,7,7,13,13,7,7,5,7,16.0655737704918,8
299,149,272,28,319,4,0,0,0,0,0,0,1,0,2,775,0,1,776,0,299,"Yadhava Matric Higher School , North Side Block, South Facing
(Room No. 6), Subramaniyapuram - 625011","1.Madurai (C) Mahalakshmi Kovil 1st Street Ward 83 ,
2.Madurai (C) Mahalakshmi Kovil 2nd Street Ward 83",All Voter,"Yadhava Matric Higher School , North Side Block, South Facing
(Room No. 6)",Subramaniyapuram - 625011,tamilaga vettri kazhagam,319,272,47,dravida munnetra kazhagam,3,2,4,1,5,9,7,9,9,9,9,9,7,9,6,6.064516129032258,3
300,102,205,21,244,2,1,2,0,1,2,0,1,1,2,584,0,1,585,0,300,"Grace Matriculation Hr.Sec.School, south Block, North Facing, Room.No.15, Jaihindpuram-625011","1.Madurai (C) Mahalakshmi Kovil 3rd Street Ward 83
2.Madurai (C) Mahalakshmi Kovil 4th Street Ward 83 ,",All Voter,"Grace Matriculation Hr.Sec.School, south Block, North Facing, Room.No.15",Jaihindpuram-625011,tamilaga vettri kazhagam,244,205,39,dravida munnetra kazhagam,3,2,4,1,5,9,9,5,14,9,5,14,9,9,5,6.678082191780822,9
301,96,210,28,311,0,0,0,0,1,0,0,0,0,2,648,0,1,649,0,301,"Neethirajan Bharathi Middle School , South Block,  North facing
Room No.5 - jaihindpuram","1 - Madurai (C), V.O.C.Street Ward 82",All Voter,"Neethirajan Bharathi Middle School , South Block","North facing
Room No.5 - jaihindpuram",tamilaga vettri kazhagam,311,210,101,dravida munnetra kazhagam,3,2,4,1,8,8,6,8,8,6,8,8,8,8,5,15.58641975308642,3
302,112,258,32,225,0,0,0,1,0,2,0,0,0,2,632,0,4,636,0,302,"Grace Matriculation Hr.Sec.School, south Block, North Facing,
Room.No.14, Jaihindpuram-625011","1.Madurai (C) Mahalakshmi Kovil 5th Street Ward 83 ,
2.Madurai (C) Ramamoorthy Nagar 1st Street Ward 83",All Voter,"Grace Matriculation Hr.Sec.School, south Block, North Facing,
Room.No.14",Jaihindpuram-625011,dravida munnetra kazhagam,258,225,33,tamilaga vettri kazhagam,3,1,4,2,9,9,5,9,8,9,6,9,9,9,6,5.221518987341772,5
303,125,199,31,345,2,0,0,0,0,0,1,2,4,2,711,0,2,713,0,303,"Grace Matriculation Hr.Sec.School, Class Room No.9A,
Jaihindupuram-625011","1.Madurai (C) Solaialagupuram 1st Cross Street Ward 83 ,
2.Madurai (C) Indra Nagar Solaialagupuram 3rd Street Ward 82",All Voter,"Grace Matriculation Hr.Sec.School, Class Room No.9A",Jaihindupuram-625011,tamilaga vettri kazhagam,345,199,146,dravida munnetra kazhagam,3,2,4,1,6,11,6,11,11,11,11,10,6,5,6,20.53445850914205,9
304,93,207,27,243,0,0,1,1,0,1,1,0,0,0,574,0,4,578,0,304,"Radasamy  Ele.School , North Block, South Facing- Room.No.1,
Subramaniyapuram.-625011","1.Madurai (C) M.K Puram Main Veethi Ward 83 ,
2.Madurai (C) M.K Puram Main Veethi Muthudevar Veethi Ward 83",All Voter,"Radasamy  Ele.School , North Block, South Facing- Room.No.1",Subramaniyapuram.-625011,tamilaga vettri kazhagam,243,207,36,dravida munnetra kazhagam,3,2,4,1,10,10,5,6,6,10,6,6,10,10,10,6.271777003484321,4
305,177,231,26,281,1,0,1,0,0,0,0,1,2,1,721,0,1,722,0,305,"ICDS Building , East facing building, Room no.1,
Solaialagupuram 1st street - 625011","1.Madurai (C) Indra Nagar 1st Street Ward 83 ,
2.Madurai (C) Ramamoorthy Nagar Ward 83",All Voter,"ICDS Building , East facing building, Room no.1",Solaialagupuram 1st street - 625011,tamilaga vettri kazhagam,281,231,50,dravida munnetra kazhagam,3,2,4,1,6,11,6,6,11,11,11,11,6,5,6,6.934812760055478,5
306,72,188,10,203,1,0,0,0,0,0,0,0,2,0,476,0,1,477,0,306,"Sethu Rajan Padma Matriculation Higher Sec School , East Block, West Facing , LKG Room, Jaihindpuram Main Road
Madurai",1.Madurai (C) Jaihindpuram 1st Street Ward 81,All Voter,"Sethu Rajan Padma Matriculation Higher Sec School , East Block, West Facing , LKG Room","Jaihindpuram Main Road
Madurai",tamilaga vettri kazhagam,203,188,15,dravida munnetra kazhagam,3,2,4,1,6,8,6,8,8,8,8,8,8,5,8,3.151260504201681,2
307,79,158,26,241,0,0,1,0,0,0,0,0,0,1,506,0,1,507,0,307,"Sethu Rajan Padma Matriculation Higher Sec School , East Block, West Facing , Tholkapiyar  Room, Jaihindpuram Main
Road Madurai","1.Madurai (C) Jaihindpuram 1st Street Ward 81 ,
2.Madurai (C) Jaihindpuram Main Road Ward 81",All Voter,"Sethu Rajan Padma Matriculation Higher Sec School , East Block, West Facing , Tholkapiyar  Room","Jaihindpuram Main
Road Madurai",tamilaga vettri kazhagam,241,158,83,dravida munnetra kazhagam,3,2,4,1,8,8,5,5,8,8,8,8,8,8,5,16.40316205533597,2
308,67,163,10,200,0,0,2,0,0,0,0,0,0,0,442,0,3,445,0,308,"Corporation Middle School, South Side Building, West Facing-
Room.No.1,Jaihindpuram","1.Madurai (C), Thiyaki Sankaralinganar Street Ward 80 (from door no. 1 to door no. 49-8)",All Voter,"Corporation Middle School, South Side Building, West Facing-
Room.No.1",Jaihindpuram,tamilaga vettri kazhagam,200,163,37,dravida munnetra kazhagam,3,2,4,1,7,7,5,6,7,7,7,7,7,7,7,8.3710407239819,2
309,54,118,12,213,0,0,0,0,0,0,0,0,2,0,399,0,1,400,0,309,"Corporation Middle School, South Side Building, West Facing-
Room.No.2, Jaihindpuram","1.Madurai (C), Thiyaki Sankaralinganar Street Ward 80 (from door no. 50 till last)",All Voter,"Corporation Middle School, South Side Building, West Facing-
Room.No.2",Jaihindpuram,tamilaga vettri kazhagam,213,118,95,dravida munnetra kazhagam,3,2,4,1,7,7,6,7,7,7,7,7,7,5,7,23.80952380952381,2
310,92,231,21,270,0,0,0,0,0,1,0,0,1,0,616,0,3,619,0,310,"Sethu Rajan Padma Matriculation Higher Sec School , South Block, North Facing , 4th  Std , Jaihindpuram Main Road Madurai","1.Madurai (C) Jaihindpuram 1st Street Ward 81 ,
2.Madurai (C) Jaihindpuram Main Road Ward 81 ,
3.Madurai (C) Visalabagam 1st Street Ward 82 ,
4.Madurai (C) Vanjinathan Padipaga Veethi Ward 82",All Voter,"Sethu Rajan Padma Matriculation Higher Sec School , South Block, North Facing , 4th  Std",Jaihindpuram Main Road Madurai,tamilaga vettri kazhagam,270,231,39,dravida munnetra kazhagam,3,2,4,1,8,8,5,8,8,8,6,8,8,6,8,6.331168831168831,2
311,41,130,14,159,0,0,0,0,0,1,0,0,0,0,345,0,1,346,0,311,"ICDS Building No. 215, East facing building, Room No. 2,
Solaialagupuram 1st street- 625011",1.Madurai (C) M K Puram Main Road Ward 83,All Voter,"ICDS Building No. 215, East facing building, Room No. 2",Solaialagupuram 1st street- 625011,tamilaga vettri kazhagam,159,130,29,dravida munnetra kazhagam,3,2,4,1,7,7,5,7,7,7,5,7,7,7,7,8.405797101449275,1
312,92,150,19,297,1,0,1,0,0,0,0,1,1,1,563,0,0,563,0,312,"Radasamy Primary School ,South Block, North Facing,
Room.No.6,Subramaniyapuram,",1.Madurai (C) Solai Alagupuram 1st Street Ward 83,All Voter,"Radasamy Primary School ,South Block, North Facing,
Room.No.6,Subramaniyapuram",,tamilaga vettri kazhagam,297,150,147,dravida munnetra kazhagam,3,2,4,1,5,10,10,5,10,10,10,10,5,5,5,26.1101243339254,4
313,117,198,35,282,0,0,0,0,0,5,0,0,1,0,638,0,1,639,0,313,"Sahaya Matha middle School, west side Room East facing- Room
No.2, Solaialagupuram 1st street","1.Madurai (C) Indra Nagar Solai Alagupuram 1st Street Ward 82 ,
2.Madurai (C) Iyyappan Nagar Solai Alagupuram 1st Street Ward 82",All Voter,"Sahaya Matha middle School, west side Room East facing- Room
No.2",Solaialagupuram 1st street,tamilaga vettri kazhagam,282,198,84,dravida munnetra kazhagam,3,2,4,1,8,8,6,8,8,8,5,8,8,6,8,13.16614420062696,6
314,63,187,20,262,0,1,1,0,0,0,0,0,0,0,534,0,1,535,0,314,"Yadava Matric Hr. Sec. School , West side Block, East facing-
Room No.2, subramaniyapuram","1.Madurai (C) Ramamoorthy Nagar Solai Alagupuram 1st Street Ward 83 ,",All Voter,"Yadava Matric Hr. Sec. School , West side Block, East facing-
Room No.2",subramaniyapuram,tamilaga vettri kazhagam,262,187,75,dravida munnetra kazhagam,3,2,4,1,8,5,5,5,8,8,8,8,8,8,8,14.04494382022472,1
315,112,280,44,329,1,0,2,1,0,1,1,1,0,0,772,0,3,775,0,315,"Sagayamatha Middle School, Eastern side, (near H.M Room),
Solaialagupuram 1st street","1.Madurai (C) Thirupathy Nagar Solai Alagupuram 1st Street Ward 83
2.Madurai (C) Solai Alagupuram 1st Street Sathunavu kooda Lane Ward 83 ,",All Voter,"Sagayamatha Middle School, Eastern side, (near H.M Room)",Solaialagupuram 1st street,tamilaga vettri kazhagam,329,280,49,dravida munnetra kazhagam,3,2,4,1,7,12,5,6,7,12,7,7,7,12,12,6.347150259067358,6
316,102,151,18,294,0,0,0,0,0,0,0,0,1,0,566,0,0,566,0,316,"Yadava Matric Hr. Sec. School , West side Block, East facing-
Room No.4, subramaniyapuram","1.Madurai (C) Solaialagupuram 2nd Street Ward 83 ,",All Voter,"Yadava Matric Hr. Sec. School , West side Block, East facing-
Room No.4",subramaniyapuram,tamilaga vettri kazhagam,294,151,143,dravida munnetra kazhagam,3,2,4,1,6,6,6,6,6,6,6,6,6,5,6,25.26501766784452,1
317,136,337,39,225,0,0,0,2,1,1,0,0,3,2,746,0,4,750,0,317,"Yadhava Matric School , South Zone, UKG room, Subramaniyapuram- 625011","1.Madurai (C) Janagi Nagar 2nd Street Ward 83 ,
2.Madurai (C) Janaki Nagar (M.K Puram) Ward 83 ,
3.Madurai (C) Janaki Nagar Cross Street Ward 83
4.Madurai (C) Janagi Nagar 1st Street Ward 83",All Voter,"Yadhava Matric School , South Zone, UKG room",Subramaniyapuram- 625011,dravida munnetra kazhagam,337,225,112,tamilaga vettri kazhagam,3,1,4,2,11,11,5,11,7,9,9,11,11,6,7,15.01340482573726,9
318,107,309,40,329,1,0,1,0,1,0,0,1,0,0,789,0,0,789,0,318,"Radasamy Primary School ,North Block, South Facing,
Room.No.4, Subramaniyapuram,","1.Madurai (C) Thiruppathi Nagar Solaialagupuram 1st Street  Ward 83,
2.Madurai (C) Solaialagupuram Main Road Ward 82",All Voter,"Radasamy Primary School ,North Block, South Facing,
Room.No.4, Subramaniyapuram",,tamilaga vettri kazhagam,329,309,20,dravida munnetra kazhagam,3,2,4,1,5,9,9,5,9,5,9,9,5,9,9,2.534854245880862,3
319,137,184,21,288,0,0,0,1,0,1,0,0,0,1,633,0,2,635,0,319,"Grace Matriculation Hr.Sec.School, North  Block, South Facing,
Room.No.3,Jaihindpuram-625011","1.Madurai (C), Solaialagupuram 3rd Street-1 Ward 82 (from door no. 1 to door no. 140)",All Voter,"Grace Matriculation Hr.Sec.School, North  Block, South Facing,
Room.No.3",Jaihindpuram-625011,tamilaga vettri kazhagam,288,184,104,dravida munnetra kazhagam,3,2,4,1,9,9,5,9,6,9,6,9,9,9,6,16.42969984202212,3
320,55,131,17,246,0,0,0,1,0,0,0,0,1,1,452,0,2,454,0,320,"Grace Matriculation Hr.Sec.School, North  Block, South Facing, Room.No.4, Jaihindpuram-625011","1.Madurai (C), Solaialagupuram 3rd Street-1 Ward 82 (from door no.141 till last.)""
2.Madurai (C) Ramamoorthy Nagar Solai Alagupuram 3rd Street Ward 82",All Voter,"Grace Matriculation Hr.Sec.School, North  Block, South Facing, Room.No.4",Jaihindpuram-625011,tamilaga vettri kazhagam,246,131,115,dravida munnetra kazhagam,3,2,4,1,9,9,5,9,6,9,9,9,9,6,6,25.4424778761062,3
321,128,167,19,328,1,0,0,1,0,0,1,0,0,0,645,0,1,646,0,321,"Grace Matriculation Hr.Sec.School, Middle Block Room.No. 13
,Jaihindpuram - 625011",1.Madurai (C) Sholaialagupuram 3rd Street-2 Ward 82,All Voter,"Grace Matriculation Hr.Sec.School, Middle Block Room.No. 13",Jaihindpuram - 625011,tamilaga vettri kazhagam,328,167,161,dravida munnetra kazhagam,3,2,4,1,5,9,5,9,5,9,9,5,9,9,9,24.96124031007752,2
322,105,240,24,342,0,0,0,0,2,0,0,1,0,3,717,0,2,719,0,322,"Neethirajan Bharathi Ele. School   , Kalai Arangam, Jaihindupuram-625011","1.Madurai (C) Aasari Street Ward 82 ,
2.Madurai (C) 3rd Cross Street Solaialagupuram Ward 82
3.Madurai (C) Solaialagupuram Mettu Cross Street Ward 82",All Voter,"Neethirajan Bharathi Ele. School   , Kalai Arangam",Jaihindupuram-625011,tamilaga vettri kazhagam,342,240,102,dravida munnetra kazhagam,3,2,4,1,9,9,6,9,9,6,9,9,8,9,5,14.22594142259414,6
323,95,218,30,285,1,0,0,0,0,0,1,0,0,1,631,0,2,633,0,323,"Neethirajan Bharathi Ele. School   ,U.K.G. Room, Jaihindupuram-
625011",1.Madurai (C) Bharathiyar Cross Street Ward 82,All Voter,"Neethirajan Bharathi Ele. School   ,U.K.G. Room","Jaihindupuram-
625011",tamilaga vettri kazhagam,285,218,67,dravida munnetra kazhagam,3,2,4,1,6,9,5,9,9,9,9,6,9,9,6,10.61806656101426,2
324,129,235,31,317,0,0,1,1,0,2,0,0,1,0,717,0,2,719,0,324,"Neethirajan Bharathi Middle School , East Block, (Stage ) West
facing - jaihindpuram","1.Madurai (C) Bharathiyar Street Muniyandi Kovil Street Ward 82 ,",All Voter,"Neethirajan Bharathi Middle School , East Block","(Stage ) West
facing - jaihindpuram",tamilaga vettri kazhagam,317,235,82,dravida munnetra kazhagam,3,2,4,1,10,10,5,7,7,10,5,10,10,7,10,11.43654114365411,5
325,74,268,33,335,1,0,1,0,0,1,0,0,1,1,715,0,2,717,0,325,"Noon Meals Centre   ,Nethaji Road, Madurai","1.Madurai (C) Bharathiyar Road Last N.S.K. Nagar 1st Street Ward 81,
2.Madurai (C) Bharathiyar Road Last N.S.K. Nagar 2nd Street Ward 81,
3.Madurai (C) Bharathiyar Road Last N.S.K Nagar 3rd Street Ward 81,
4.Madurai (C) Bharathiyar Road Last N.S.K. Nagar 4th Street Ward 81,
5.Madurai (C) Vivekanandhar Street Ward 81",All Voter,"Noon Meals Centre   ,Nethaji Road",Madurai,tamilaga vettri kazhagam,335,268,67,dravida munnetra kazhagam,3,2,4,1,6,11,5,6,11,11,6,11,11,6,6,9.37062937062937,4
326,75,112,21,228,1,1,1,0,0,0,0,0,0,2,441,0,3,444,0,326,"Neethirajan Bharathi Middle School , East Block, West facing -
Waiting Hall -2, jaihindpuram","1.Madurai (C) Rajapavana Veethi Ward 82 ,
2.Madurai (C) Jawahar Street Ward 82 ,",All Voter,"Neethirajan Bharathi Middle School , East Block, West facing -
Waiting Hall -2",jaihindpuram,tamilaga vettri kazhagam,228,112,116,dravida munnetra kazhagam,3,2,4,1,7,7,5,7,10,10,10,10,10,10,6,26.30385487528345,3
327,54,121,16,211,0,0,0,0,0,0,0,0,0,1,403,0,2,405,0,327,"Neethirajan Bharathi Middle School , East Block, West facing -
Waiting Hall -2, jaihindpuram",1.Madurai (C) Solaialagupuram 4th Street Ward 82,All Voter,"Neethirajan Bharathi Middle School , East Block, West facing -
Waiting Hall -2",jaihindpuram,tamilaga vettri kazhagam,211,121,90,dravida munnetra kazhagam,3,2,4,1,7,7,5,7,7,7,7,7,7,7,6,22.33250620347394,1
