SL. NO.,Polling Station No.,Naam Tamilar Katchi,Dravida Munnetra Kazhagam,All India Anna Dravida Munnetra Kazhagam,All India Puratchi Thalaivar Makkal Munnettra,Puthiya Tamilagam,Veerath Thiyagi Viswanathados s Thozhilalarkal,Tamilaga Vettri Kazhagam,Independent,Independent.1,Independent.2,Independent.3,Independent.4,Independent.5,Independent.6,Independent.7,Independent.8,Independent.9,Independent.10,Independent.11,Independent.12,Independent.13,Independent.14,Independent.15,Independent.16,Independent.17,Independent.18,Total of valid votes,No. of Rejected Votes,NOTA,Total,No. of Tendered votes,Part No,Location and Name of Building in Which Polling Station Located,Polling Areas*,Whether for all voters or men only or Women only,Winner_Party,Winner_Votes,Runner_Up_Votes,Margin_Of_Victory,Runner_Up_Party,Dravida Munnetra Kazhagam_Rank,All India Anna Dravida Munnetra Kazhagam_Rank,Tamilaga Vettri Kazhagam_Rank,Naam Tamilar Katchi_Rank,Puthiya Tamilagam_Rank,All India Puratchi Thalaivar Makkal Munnettra_Rank,Veerath Thiyagi Viswanathados s Thozhilalarkal_Rank,Margin_Percentage,Total_Independent_Votes
1,1,23,148,258,0,0,0,188,0,0,0,0,0,0,2,0,0,4,2,1,0,2,0,0,2,0,0,630,0,4,634,0,1,"Panchayat Union Elementary  School, New Building,  North  Facing, E.Mettupatti-621316","1.Boothakudi (R.V) Boothakudi (P) Ward-8 Erasanayakkanpatti
2.Boothakudi (R.V) Boothakudi (P)   Ward-9 Thanneerpanthalpatti 999.OVERSEAS  ELECTORS",All Voters,All India Anna Dravida Munnetra Kazhagam,258,188,70,Tamilaga Vettri Kazhagam,3,1,2,4,5,5,5,11.11111111111111,13
2,2,35,133,338,2,0,2,242,0,1,0,0,2,1,0,1,0,0,1,0,0,0,0,0,0,0,1,759,0,0,759,0,2,"Panchayat Union Elementary  School, New Terraced Building,Computer  hall, East Facing,E.Mettupatti-621316","1.Boothakudi (R.V) Boothakudi (P) Ward-7   Mettuppatti
2.Boothakudi (R.V) Boothakudi(P) Ward-4 Thathanayakkanpatti
3.Boothakudi (R.V) Boothakudi (P)   Ward-7 Boomatha nagar 999.OVERSEAS  ELECTORS",All Voters,All India Anna Dravida Munnetra Kazhagam,338,242,96,Tamilaga Vettri Kazhagam,3,1,2,4,7,5,5,12.64822134387352,7
3,3,21,94,307,3,1,2,138,0,0,0,0,0,1,0,1,1,0,0,2,2,0,0,0,0,0,0,573,0,0,573,0,3,"Government Elementary  School, West Facing,  East  Terraced Building, Kalkudi-621316","1.Vittamapatti (R.V) Kalkudi (P) Ward-2 Vittamapatti
2.Vittamapatti (R.V) Kalkudi (P) Ward-2 Paraipatti 999.OVERSEAS  ELECTORS",All Voters,All India Anna Dravida Munnetra Kazhagam,307,138,169,Tamilaga Vettri Kazhagam,3,1,2,4,7,5,6,29.49389179755672,7
4,4,28,134,407,4,1,1,158,0,1,0,0,0,0,0,1,1,2,3,5,0,1,0,0,1,0,0,748,0,2,750,0,4,"Government Elementary  School, East Facing,  Dinning  Hall Kalkudi-621316","1.Vittamapatti (R.V) Kalkudi (P) Ward-3 Krishnapuram
2.Vittamapatti (R.V) Kalkudi (P) Ward-1 Kadapatti
3.Vittamapatti (R.V) Kalkudi (P) Ward-1 Ariyakudi
4.Vittamapatti (R.V) Kalkudi (P) Ward-1 Nallankattupatti
5.Kalkudi (R.V) Kalkudi (P)   Ward-4  Melathalapatti
6.Kalkudi (R.V) Kalkudi (P) Ward-5,  9 Vadakki Kovilkattupatti 999.OVERSEAS  ELECTORS",All Voters,All India Anna Dravida Munnetra Kazhagam,407,158,249,Tamilaga Vettri Kazhagam,3,1,2,4,6,5,6,33.28877005347594,15
5,5,30,114,470,0,0,0,216,0,0,0,1,0,2,1,1,0,0,0,3,2,2,0,0,1,1,1,845,0,2,847,0,5,"Government Elementary  School, South Facing, North  Building, Kalkudi-621316","1.Kalkudi (R.V) Kalkudi (P) Ward-5 Keelathalapatti
2.Kalkudi (R.V) Kalkudi (P) Ward- 5,9  Vadakku Kovilkattupatti
3.Kalkudi (R.V) Kalkudi (P) Ward-9 Therku Kovilkattupatti
4.Kalkudi (R.V) Kalkudi (P) Ward-8 Kodian  kattupatti 999.OVERSEAS  ELECTORS",All Voters,All India Anna Dravida Munnetra Kazhagam,470,216,254,Tamilaga Vettri Kazhagam,3,1,2,4,5,5,5,30.05917159763314,15
6,6,39,252,469,10,2,0,214,0,0,0,1,0,0,2,0,0,3,1,1,1,0,0,0,0,0,0,995,0,1,996,0,6,"Government Elemantary  School, North Facing,  South Building, Old Terraced Building,  Kalkudi-621316","1.Kalkudi (R.V) Kalkudi (P) Ward-6,7,8 Kalkudi 999.OVERSEAS  ELECTORS",All Voters,All India Anna Dravida Munnetra Kazhagam,469,252,217,Dravida Munnetra Kazhagam,2,1,3,4,6,5,7,21.80904522613065,9
7,7,34,145,569,3,1,6,277,0,0,0,0,0,2,5,1,1,1,3,6,3,9,1,1,1,0,2,1071,0,2,1073,0,7,"Panchayat Union Elementary  School, New Terraced Building,  North  Facing, West Building, Boothakudi-621316","1.Boothakudi(R.V) Boothakudi(P) Ward-5 Kallupatti
2.Boothakudi(R.V) Boothakudi(P) Ward-6 Vadakkiyur
3.Boothakudi(R.V) Boothakudi(P) Ward-6 Boothakudi,
4.Boothakudi(R.V) Boothakudi(P) Ward-3 Pillayar  kulathupatti 999.OVERSEAS  ELECTORS",All Voters,All India Anna Dravida Munnetra Kazhagam,569,277,292,Tamilaga Vettri Kazhagam,3,1,2,4,7,6,5,27.26423902894491,36
8,8,25,90,365,6,0,0,178,0,0,0,0,0,0,1,1,3,3,0,2,2,0,0,2,2,0,1,681,0,1,682,0,8,"Panchayat Union Elementary  School, North Facing,  New Terraced Building, Saranakudi-621316","1.Poruvai(R.V) Boothakudi(P) Ward-1 Mettupatti
2.Poruvai(R.V) Boothakudi(P) Ward-1 Ariyakudi Kovilkattupatti
3.Poruvai(R.V) Boothakudi(P) Ward-1 Saranakudi
4.Poruvai(R.V) Boothakudi(P) Ward-1 Bommanayakanpatti
5.Poruvai(R.V) Boothakudi(P) Ward-2 Sukkampatti
6.Poruvai(R.V) Boothakudi(P) Ward-2 Chandramanayakkanpatti
7.Poruvai(R.V) Boothakudi(P) Ward-2 Pungankattupatti 999.OVERSEAS  ELECTORS",All Voters,All India Anna Dravida Munnetra Kazhagam,365,178,187,Tamilaga Vettri Kazhagam,3,1,2,4,6,5,6,27.45961820851689,17
9,9,50,134,508,5,0,0,243,0,0,1,0,0,1,2,1,0,1,2,5,2,1,0,0,0,2,0,958,0,4,962,0,9,"Panchayat Union   Middle  School, Middle Terraced Building,  South Fcaing, Poruvai-621316","1.Poruvai(R.V) Boothakudi(P) Ward-2 Kalthachampatti,
2.Poruvai(R.V) Boothakudi(P) Ward-4 Kovil kattupatti,
3.Poruvai(R.V) Boothakudi(P) Ward-4 Keelaporuvai,
4.Poruvai(R.V) Boothakudi(P) Ward-3 Poruvai,
5.Poruvai(R.V) Boothakudi(P) Ward-3 Kalakiripatti 999.OVERSEAS  ELECTORS",All Voters,All India Anna Dravida Munnetra Kazhagam,508,243,265,Tamilaga Vettri Kazhagam,3,1,2,4,6,5,6,27.66179540709812,18
10,10,33,215,393,3,1,0,282,0,0,0,0,0,0,0,2,1,1,0,0,3,0,0,0,0,2,1,937,0,1,938,0,10,"Panchayath Union Elemantary  School, Additional Building,  South Facing, West Portion,  Kullampatti-621316","1.Melapatchakudi (R.V) Melapatchakudi (P) Ward-1  Fathima nagar
2.Melapatchakudi (R.V) Melapatchakudi (P) Ward-3  Ubahara Annai Nagar
3.Melapatchakudi (R.V) Melapatchakudi (P) Ward-3  Thirukurumba Nagar
4.Melapatchakudi (R.V) Melapatchakudi (P) Ward-4  Ayyanar  Theru
5.Melapatchakudi (R.V)Melapatchakudi (P) Ward-2 Odakulathupatti
6.Melapatchakudi (R.V) Melapatchakudi (P) Ward-2  Saralapatti,
7.Melapatchakudi (R.V) Melapatchakudi (P) Ward-1  Kullampatti 999.OVERSEAS  ELECTORS",All Voters,All India Anna Dravida Munnetra Kazhagam,393,282,111,Tamilaga Vettri Kazhagam,3,1,2,4,6,5,7,11.84631803628602,10
11,11,24,65,449,1,0,0,187,0,0,0,0,0,2,1,0,0,1,2,1,0,0,0,0,0,1,0,734,0,2,736,0,11,"Panchayat Union Elementary  School, South Facing  ,  Terraced Building, Melapatchakudi-621316","1.Melapatchakudi (R.V) Melapatchakudi (P) Ward-6  Idayapatti
2.Melapatchakudi (R.V)Melapatchakudi (P) Ward-5 Melapatchakudi 999.OVERSEAS  ELECTORS",All Voters,All India Anna Dravida Munnetra Kazhagam,449,187,262,Tamilaga Vettri Kazhagam,3,1,2,4,6,5,6,35.69482288828338,8
12,12,22,115,266,4,0,0,131,0,0,0,0,0,4,1,1,1,0,1,0,0,0,0,0,0,0,0,546,0,2,548,0,12,"Panchayat Union Elementary  School, North Facing,  Terraced Building, Kumarapatti-621316","1.Kumarapatti(R.V) Kumarapatti(P) Ward-7 Kumarapatti,
2.Kumarapatti(R.V) Kumarapatti(P) Ward-9 Ayyanthoppu
3.Kumarapatti(R.V) Kumarapatti(P) Ward-9 Thennilaipatti
4.Kumarapatti(R.V) Kumarapatti(P) Ward-9 Kurunathanpatti
5.Kumarapatti(R.V) Kumarapatti(P) Ward-9 Keelapatchakudi 999.OVERSEAS  ELECTORS",All Voters,All India Anna Dravida Munnetra Kazhagam,266,131,135,Tamilaga Vettri Kazhagam,3,1,2,4,6,5,6,24.72527472527473,8
13,13,67,163,505,2,0,0,243,0,1,0,0,1,2,0,3,3,1,0,2,0,0,0,0,0,0,0,993,0,2,995,0,13,"Saint  Thomaiyar Primary  School,  West Facing,  South Portion,  Nazarath-621316","1.Kunnathur(R.V) Kunnathur(P) Ward-6 Gurunathanpatti
2.Kunnathur(R.V) Kunnathur(P) Ward-4 Pudunagar  Therkku
3.Kunnathur(R.V) Kunnathur(P) Ward-3 Pudunagar  Vadakku
4.Kunnathur(R.V) Kunnathur(P) Ward-7 Kalimangalam Therkku
5.Kunnathur(R.V) Kunnathur(P) Ward-8 Kalimangalam Vadakku
6.Kunnathur(R.V) Kunnathur(P) Ward-9 Duraikudi
7.Kunnathur(R.V) Kunnathur(P) Ward-6,7 Nazereth
8.Kunnathur(R.V) Kunnathur(P) Ward-4 Velankadu
9.Kunnathur(R.V) Kunnathur(P) Ward-5 Santhanathan kurichi
10.Kunnathur(R.V) Kunnathur(P) Ward-5 Soorakudipatti, 999.OVERSEAS  ELECTORS",All Voters,All India Anna Dravida Munnetra Kazhagam,505,243,262,Tamilaga Vettri Kazhagam,3,1,2,4,6,5,6,26.38469284994965,13
14,14,36,104,335,2,0,0,162,0,0,0,0,0,3,0,1,0,0,1,0,1,0,0,0,0,1,0,646,0,2,648,0,14,"Panchayat Union Middle  School, New Terraced Building,West  Facing, South Portion,  Kunnathur-621316","1.Kunnathur  (R.V) Kunnathur (P) Ward-1 Kunnathur
2.Kunnathur  (R.V) Kunnathur (P) Ward-4 Sunaimalai
3.Kunnathur  (R.V) Kunnathur (P) Ward-3 Keelapannai 999.OVERSEAS  ELECTORS",All Voters,All India Anna Dravida Munnetra Kazhagam,335,162,173,Tamilaga Vettri Kazhagam,3,1,2,4,6,5,6,26.78018575851393,7
15,15,29,81,351,1,0,2,138,0,0,0,1,0,0,0,0,1,1,1,2,1,1,1,0,0,0,0,611,0,1,612,0,15,"Panchayat Union Middle  School,  South East Building, North  Facing, Kunnathur-621316","1.Kunnathur  (R.V) Kunnathur (P) Ward-2 Silambudayanpatti
2.Kunnathur  (R.V) Kunnathur (P) Ward-2 Alampatti
3.Kunnathur  (R.V) Kunnathur (P) Ward-3 Kolarpatti
4.Kunnathur  (R.V) Kunnathur (P) Ward-3 Pidarampatti Pudu Colony
5.Kunnathur  (R.V) Kunnathur (P) Ward-4Pidarampatti Palaya Colony
6.Kunnathur  (R.V) Kunnathur (P) Ward-3,4,5,Pidarampatti 999.OVERSEAS  ELECTORS",All Voters,All India Anna Dravida Munnetra Kazhagam,351,138,213,Tamilaga Vettri Kazhagam,3,1,2,4,7,6,5,34.86088379705401,9
16,16,56,88,405,2,0,0,198,0,0,1,1,0,1,2,2,2,0,1,2,0,0,1,1,0,0,0,763,0,0,763,0,16,"Panchayat Union Elementary  School, New RCC Building,  North Facing, East Portion,  Amburpatti-622515","1.Amburpatti(R.V) Avoor(P) Ward-7 Amburpatti
2.Amburpatti(R.V) Avoor(P) Ward-8 Amburpatti Nal Road
3.Amburpatti(R.V) Avoor(P) Ward-7 Othaveedu
4.Amburpatti(R.V) Avoor(P) Ward-8 Therkkupudupatti,
5.Amburpatti(R.V) Avoor(P) Ward-6 Vadakku Pudupatti, 999.OVERSEAS  ELECTORS",All Voters,All India Anna Dravida Munnetra Kazhagam,405,198,207,Tamilaga Vettri Kazhagam,3,1,2,4,6,5,6,27.12975098296199,14
17,17,45,116,377,1,1,0,116,0,1,0,0,0,0,0,0,0,0,3,0,0,0,0,0,0,0,0,660,0,2,662,0,17,"Panchayat Union Elementary  School, Terraced Building,  East Facing,  West Building,  Mathayanapatti-622515","1.Mathayanapatti(R.V) Mathayanapatti(P) Ward-1,2,3,4 Mathayanapatti 999.OVERSEAS  ELECTORS",All Voters,All India Anna Dravida Munnetra Kazhagam,377,116,261,Tamilaga Vettri Kazhagam,2,1,2,4,5,5,7,39.54545454545455,4
18,18,28,230,357,5,0,0,170,0,0,0,0,0,0,0,1,0,0,0,1,0,0,0,0,0,0,0,792,0,4,796,0,18,"Government Higher Secandary  School, North Side  Building,  South Facing,  West Portion,  Avoor-622515","1.Amburpatti(R.V) Avoor(P) Ward-5 Sami Ooranipatti
2.Amburpatti(R.V) Avoor(P) Ward-3 Avoor
3.Amburpatti(R.V) Avoor(P) Ward-5 Melapatti 999.OVERSEAS  ELECTORS",All Voters,All India Anna Dravida Munnetra Kazhagam,357,230,127,Dravida Munnetra Kazhagam,2,1,3,4,6,5,6,16.03535353535354,2
19,19,9,66,187,0,0,0,69,0,0,0,1,1,2,2,0,1,1,1,3,0,0,0,0,2,2,0,347,0,1,348,0,19,"Government Higher Secandary  School, North Side  Building,  South Facing,  East Portion,  Avoor-622515","1.Sengalakudi (R.V) Avoor (P) Ward-2 S.Seethapatti
2.Sengalakudi (R.V) Avoor (P) Ward-2 S.  Melakadu
3.Sengalakudi (R.V) Avoor (P) Ward-6 S.  Melapatti 999.OVERSEAS  ELECTORS",All Voters,All India Anna Dravida Munnetra Kazhagam,187,69,118,Tamilaga Vettri Kazhagam,3,1,2,4,5,5,5,34.00576368876081,16
20,20,25,96,381,2,0,0,101,0,0,0,0,0,2,5,0,3,0,0,2,0,0,0,0,0,0,0,617,0,0,617,0,20,"Government Higher Secandary  School, North west  Building,  South Facing,  East Portion,  Avoor-622515","1.Sengalakudi (R.V) Avoor (P) Ward-2 Sengalakkudi
2.Sengalakudi (R.V) Avoor (P) Ward-9 Orandakudi 999.OVERSEAS  ELECTORS",All Voters,All India Anna Dravida Munnetra Kazhagam,381,101,280,Tamilaga Vettri Kazhagam,3,1,2,4,6,5,6,45.38087520259319,12
21,21,45,128,406,1,0,1,265,1,2,0,0,0,0,2,0,2,0,0,1,0,1,0,2,0,0,0,857,0,3,860,0,21,"Panchayat Union Elementary  School, New   R.C.C.Building, Singathakurichi-622515","1.Singathakurichi (R.V) Mandaiyur (P) Ward-2 Singathakurichi
2.Singathakurichi (R.V) Mandaiyur (P) Ward-1 Vadakku Vankarampatti
3.Singathakurichi (R.V) Mandaiyur (P) Ward-1 Pidarampatti,
4.Singathakurichi(R.V)Mandaiyur  (P) Ward-1 Pidarampatti Adidravidar  street
5.Singathakurichi (R.V) Mandaiyur (P) Ward-1 Therku Vankarampatti,
6.Singathakurichi (R.V) Mandaiyur (P) Ward-1 Sanjeevi Rayarkoil Theru,
7.Singathakurichi (R.V) Mandaiyur (P) Ward-2 Attukkaranpatti 999.OVERSEAS  ELECTORS",All Voters,All India Anna Dravida Munnetra Kazhagam,406,265,141,Tamilaga Vettri Kazhagam,3,1,2,4,7,5,5,16.45274212368728,11
22,22,41,179,355,3,2,2,349,1,1,0,1,0,1,1,3,0,0,0,2,0,0,2,1,0,0,0,944,0,3,947,0,22,"Panchayat Union Elementary  School, Tiled Building,  South Side,  North Facing,   Kumaramangalam-622515","1.Kumaramangalam (R.V)   Kumaramangalam (P) Ward-1 Thevali
2.Kumaramangalam (R.V)   Kumaramangalam (P) Ward-2 Pudur
3.Kumaramangalam (R.V)   Kumaramangalam (P) Ward-3 Kumaramangalam 999.OVERSEAS  ELECTORS",All Voters,All India Anna Dravida Munnetra Kazhagam,355,349,6,Tamilaga Vettri Kazhagam,3,1,2,4,6,5,6,0.6355932203389831,13
23,23,24,129,320,0,0,0,271,0,0,0,0,0,0,0,0,0,0,0,1,0,0,0,0,0,0,0,745,0,4,749,0,23,"Panchayat Union Elementary  School, North Side,  South Facing,  East Portion, Kumaramangalam-622515","1.Kumaramangalam (R.V)   Kumaramangalam (P) Ward-2 Vadugapatti,
2.Kumaramangalam (R.V)   Kumaramangalam (P) Ward-3 Nanjilar Nagar,",All Voters,All India Anna Dravida Munnetra Kazhagam,320,271,49,Tamilaga Vettri Kazhagam,3,1,2,4,5,5,5,6.577181208053691,1
24,24,27,92,186,4,0,0,177,0,0,0,0,0,1,0,1,0,1,0,1,0,0,0,0,0,0,0,490,0,1,491,0,24,"Panchayat   Union   Elementary   School , West Portion, South  Facing, Ichikamalaippatti.  622515","1.Kumaramangalam (R.V)   Kumaramangalam (P),Ward-1   Itchikamalaipatti,",All Voters,All India Anna Dravida Munnetra Kazhagam,186,177,9,Tamilaga Vettri Kazhagam,3,1,2,4,6,5,6,1.836734693877551,4
25,25,44,158,251,3,1,0,305,0,0,0,0,1,0,0,0,1,1,1,0,1,0,1,0,0,1,0,769,0,4,773,0,25,"Panchayat Union Elementary  School, North Side,  South Facing,  West Portion, Kumaramangalam-622515","1.Kumaramangalam (R.V) Kumaramangalam  (P) Ward-6 Sakthi Nagar
2.Kumaramangalam (R.V) Kumaramangalam  (P) Ward-6 Anna Nagar Merkku
3.Kumaramangalam (R.V) Kumaramangalam  (P) Ward-9 Pakkudi Salai,
4.Kumaramangalam (R.V) Kumaramangalam  (P) Ward-9 V.K.  Nagar 999.OVERSEAS  ELECTORS",All Voters,Tamilaga Vettri Kazhagam,305,251,54,All India Anna Dravida Munnetra Kazhagam,3,2,1,4,6,5,7,7.022106631989597,7
26,26,32,163,230,0,1,0,261,2,0,0,0,0,0,0,0,1,1,1,1,0,0,0,0,0,1,0,694,0,4,698,0,26,"St.Narbet  R.C.AidedMiddle  School, Mathur-622515",1.Mathur (R.V) Mathur  (P) Ward-1 Anna Nagar 999.OVERSEAS  ELECTORS,All Voters,Tamilaga Vettri Kazhagam,261,230,31,All India Anna Dravida Munnetra Kazhagam,3,2,1,4,5,6,6,4.46685878962536,7
27,27,24,118,199,0,0,0,256,2,1,0,0,0,0,1,1,0,0,0,0,0,1,0,0,0,0,0,603,0,0,603,0,27,"St.NarbetR.C.AidedMiddle  School, South Facing,East Portion,Mathur-622515","1.Mathur (R.V) Mathur  (P) Ward-2 Dharmu  Nagar
2.Mathur (R.V) Mathur  (P) Ward-2 Chokkalingapuram 999.OVERSEAS  ELECTORS",All Voters,Tamilaga Vettri Kazhagam,256,199,57,All India Anna Dravida Munnetra Kazhagam,3,2,1,4,5,5,5,9.45273631840796,6
28,28,32,96,174,0,0,0,253,0,1,0,0,0,2,0,0,2,1,1,1,2,1,0,0,0,1,0,567,0,2,569,0,28,"Panchayat Union Elementary  School, Old Building,  West  Side,  FacingNorth Mathur-622515","1.Mathur (R.V) Mathur  (P) Ward-2 Chokkalingapuram  20 Veedu
2.Mathur (R.V) Mathur  (P) Ward-2 Sundar Nagar
3.Mathur (R.V) Mathur  (P) Ward-5 K.K.  Nagar 999.OVERSEAS  ELECTORS",All Voters,Tamilaga Vettri Kazhagam,253,174,79,All India Anna Dravida Munnetra Kazhagam,3,2,1,4,5,5,5,13.93298059964727,12
29,29,21,138,202,1,0,1,217,0,1,0,0,0,2,0,0,1,1,0,1,0,0,0,0,0,1,0,587,0,2,589,0,29,"Panchayat Union Elementary  School, East Side, Mathur-622515","1.Mathur (R.V) Mathur  (P) Ward-6 Chithambara Nagar
2.Mathur (R.V) Mathur  (P) Ward-2 Avoor  Salai 999.OVERSEAS  ELECTORS",All Voters,Tamilaga Vettri Kazhagam,217,202,15,All India Anna Dravida Munnetra Kazhagam,3,2,1,4,7,5,5,2.555366269165247,7
30,30,36,154,313,1,0,2,292,1,1,0,0,0,0,1,0,0,0,0,0,0,0,0,0,0,0,1,802,0,0,802,0,30,"Panchayat Union Elementary  School, West Side, North  Facing, East Portion,Mathur-622515","1.Mathur (R.V) Mathur  (P) Ward-2 Mathur
2.Mathur (R.V) Mathur  (P) Ward-8 Rasipuram  Salai
3.Mathur (R.V) Mathur  (P) Ward-3 Veenas Nagar 999.OVERSEAS  ELECTORS",All Voters,All India Anna Dravida Munnetra Kazhagam,313,292,21,Tamilaga Vettri Kazhagam,3,1,2,4,7,6,5,2.618453865336658,4
31,31,31,216,442,3,0,0,254,2,0,0,0,0,1,1,0,2,1,1,1,1,1,0,2,0,0,0,959,0,1,960,0,31,"Panchayat Union Elementary  School, Additional New Building,  East Mathur-622515","1.Mathur (R.V) Mathur  (P) Ward-9 Rasipuram
2.Mathur (R.V) Mathur  (P) Ward-7 Mathur Kainankarai, 999.OVERSEAS  ELECTORS",All Voters,All India Anna Dravida Munnetra Kazhagam,442,254,188,Tamilaga Vettri Kazhagam,3,1,2,4,6,5,6,19.60375391032326,13
32,32,24,140,308,1,0,1,161,0,0,0,0,1,1,0,0,0,1,0,4,0,0,0,0,0,2,0,644,0,1,645,0,32,"Government   Higher Secondary  School, West Side, East  Portion,  North  Facing, Mandaiyur.","1.Mandaiyur  (R.V) Mandaiyur (P) Ward-6,7,8 Mandaiyur,
2.Mandaiyur  (R.V) Mandaiyur (P) Ward-5 Keelamedu 999.OVERSEAS  ELECTORS",All Voters,All India Anna Dravida Munnetra Kazhagam,308,161,147,Tamilaga Vettri Kazhagam,3,1,2,4,7,5,5,22.82608695652174,9
33,33,46,97,397,5,2,0,108,1,2,0,0,0,1,4,1,1,0,0,0,1,0,1,0,0,3,0,670,0,1,671,0,33,"Government   Higher Secondary  School, West Side, Center Portion,  North Facing,  Mandaiyur.","1.Mandaiyur  (R.V) Mandaiyur (P) Ward-5 Nathankadu
2.Mandaiyur  (R.V) Mandaiyur (P) Ward-9 Kottadikadu
3.Mandaiyur  (R.V) Mandaiyur (P) Ward-3 Nattirayankadu
4.Mandaiyur  (R.V) Mandaiyur (P) Ward-3 Navilangikadu,
5.Mandaiyur  (R.V) Mandaiyur (P) Ward-3 Kummanchettikadu 999.OVERSEAS  ELECTORS",All Voters,All India Anna Dravida Munnetra Kazhagam,397,108,289,Tamilaga Vettri Kazhagam,3,1,2,4,6,5,7,43.13432835820895,15
34,34,14,105,339,2,1,1,194,0,0,1,0,0,0,0,0,3,2,0,0,0,0,0,0,0,0,0,662,0,1,663,0,34,"Government   Higher Secondary  School, East Side, South  Portion,  West  Facing, Mandaiyur.","1.Mandaiyur  (R.V) Mandaiyur(P) Ward-5 Vathiranmedu
2.Mandaiyur  (R.V) Mandaiyur(P) Ward-4 Vadakadu
3.Mandaiyur  (R.V) Mandaiyur(P) Ward-4 Kandiyankadu,
4.Mandaiyur  (R.V) Mandaiyur(P) Ward-4 Thirumayathankadu
5.Mandaiyur  (R.V) Mandaiyur(P) Ward-2 Arisikadu
6.Mandaiyur  (R.V) Mandaiyur(P) Ward-4 Ooranimedu 999.OVERSEAS  ELECTORS",All Voters,All India Anna Dravida Munnetra Kazhagam,339,194,145,Tamilaga Vettri Kazhagam,3,1,2,4,6,5,6,21.90332326283988,6
35,35,14,99,262,2,1,0,131,0,0,0,0,0,1,0,0,0,0,0,1,1,0,0,0,0,0,1,513,0,1,514,0,35,"Government   Higher Secondary  School, East Side, North  Portion,  West  Facing, Mandaiyur.","1.Mandaiyur  (R.V) Mandaiyur(P) Ward-6 Mandaiyur
2.Mandaiyur  (R.V) Mandaiyur(P) Ward-7 Mandaiyur  Salai 999.OVERSEAS  ELECTORS",All Voters,All India Anna Dravida Munnetra Kazhagam,262,131,131,Tamilaga Vettri Kazhagam,3,1,2,4,6,5,7,25.53606237816764,4
36,36,21,131,392,2,0,1,238,0,0,1,1,0,1,3,0,1,0,0,2,0,1,0,1,0,2,0,798,0,0,798,0,36,"Panchayat Union Middle  School, North Facing,  East Portion, ThondamanNallur-622515","1.Lakshmanapatti(R.V) Thondaimanallur (P) Ward-1,2 E.B.  Colony
2.Lakshmanapatti(R.V) Thondaimanallur (P) Ward-1,2 Vadakku Theru
3.Lakshmanapatti(R.V) Thondaimanallur (P) Ward-1,2 Therkku Theru
4.Lakshmanapatti(R.V) Thondaimanallur (P) Ward-1,2 Adidravidar  Theru
5.Lakshmanapatti(R.V) Thondaimanallur (P) Ward-1,2 Therkku medu 999.OVERSEAS  ELECTORS",All Voters,All India Anna Dravida Munnetra Kazhagam,392,238,154,Tamilaga Vettri Kazhagam,3,1,2,4,7,5,6,19.29824561403509,13
37,37,34,208,452,4,3,1,214,1,0,0,1,0,0,2,0,1,1,1,1,1,2,3,1,0,1,3,935,0,7,942,0,37,"Panchayat Union Middle  School, North Facing,  West Portion, ThondamanNallur-622515","1.Lakshmanapatti(R.V) Thondaimanallur (P) Ward-1  Seppilanthoppu
2.Lakshmanapatti(R.V) Thondaimanallur (P) Ward-1,2 Nadutheru
3.Lakshmanapatti(R.V) Thondaimanallur (P) Ward-1,2 Melathoppu
4.Lakshmanapatti(R.V) Thondaimanallur (P) Ward-1,2Vadakku Udayatheru
5.Lakshmanapatti(R.V) Thondaimanallur (P) Ward-1,2 Muthuraja Theru
6.Lakshmanapatti(R.V) Thondaimanallur (P) Ward-1,2 Kallar Theru
7.Lakshmanapatti(R.V)Thondaimanallur  (P) Ward-3 Keelapatti Adidravidartheru
8.Lakshmanapatti(R.V) Thondaimanallur (P) Ward-9  Kammakurichivayal
9.Lakshmanapatti(R.V) Thondaimanallur (P) Ward-9  Kalluvayal 10.Lakshmanapatti(R.V) Thondaimanallur (P) Ward-9 Porkudivayal 11.Lakshmanapatti(R.V) Thondaimanallur (P) Ward-9 Manakudipatti 999.OVERSEAS  ELECTORS",All Voters,All India Anna Dravida Munnetra Kazhagam,452,214,238,Tamilaga Vettri Kazhagam,3,1,2,4,6,5,7,25.45454545454545,19
38,38,20,140,396,4,0,1,145,1,0,0,1,0,1,1,0,1,0,0,3,1,0,0,1,0,0,1,717,0,1,718,0,38,"Panchayat Union Elementary  School, North Facing,  West Side, Chinnapandurarpatti-622502","1.Lakshmanapatti (R.V) Lakshmanapatti (P) Ward-1 Therkku Veerampatti
2.Lakshmanapatti (R.V) Lakshmanapatti (P) Ward-1 Chithupandurarpatti
3.Lakshmanapatti (R.V) Lakshmanapatti (P) Ward-2 Panditharkudivayal
4.Lakshmanapatti (R.V) Lakshmanapatti (P) Ward-2,3 Chinnapandurararpatti
5.Lakshmanapatti (R.V) Lakshmanapatti (P) Ward-6 Thatchukarampatti 999.OVERSEAS  ELECTORS",All Voters,All India Anna Dravida Munnetra Kazhagam,396,145,251,Tamilaga Vettri Kazhagam,3,1,2,4,7,5,6,35.00697350069736,11
39,39,16,183,290,1,0,0,116,0,0,0,1,0,0,2,0,0,0,1,1,0,0,0,0,0,0,0,611,0,2,613,0,39,"Panchayat Union Elementary  School, New R.C.C.  Building,  East  Portion, Chinnapandurarpatti-622502","1.Lakshmanapatti (R.V) Lakshmanapatti (P) Ward-2 Manamettukalam
2.Lakshmanapatti (R.V) Lakshmanapatti (P) Ward-2 Indra Nagar
3.Lakshmanapatti (R.V) Lakshmanapatti (P) Ward-2 Poosaritheru
4.Lakshmanapatti (R.V) Lakshmanapatti (P) Ward-4,5,6  Lakshmanapatti
5.Lakshmanapatti (R.V) Lakshmanapatti (P) Ward-2 Adidravidar Theru
6.Lakshmanapatti (R.V) Lakshmanapatti (P) Ward-2 Car  Colony 999.OVERSEAS  ELECTORS",All Voters,All India Anna Dravida Munnetra Kazhagam,290,183,107,Dravida Munnetra Kazhagam,2,1,3,4,6,5,6,17.51227495908347,5
40,40,65,150,459,0,1,0,222,0,0,0,0,0,1,1,0,0,2,0,1,0,0,0,0,0,0,0,902,0,1,903,0,40,"Panchayat Union Elementary  School, East Side  North  Facing, Thennathiraiyanpatti-622502","1.Thennathirayanpatti (R.V) Thennathirayanpatti (P) Ward-1,2,3 Alangudipatti
2.Thennathirayanpatti (R.V) Thennathirayanpatti (P) Ward-6,7,8 Thennathirayanpatti 999.OVERSEAS  ELECTORS",All Voters,All India Anna Dravida Munnetra Kazhagam,459,222,237,Tamilaga Vettri Kazhagam,3,1,2,4,5,6,6,26.2749445676275,5
41,41,40,105,443,6,2,0,210,0,0,0,0,0,1,0,0,1,0,0,3,0,0,0,0,0,0,0,811,0,2,813,0,41,"Panchayat Union Elementary  School, West Side, North  Facing, Thennathirayanpatti-622502","1.Thennathirayanpatti (R.V) Thennathirayanpatti (P) Ward-2,3,4 Sappanipatti
2.Thennathirayanpatti (R.V) Thennathirayanpatti (P) Ward-8 Ettukkalpatti
3.Thennathirayanpatti (R.V) Thennathirayanpatti (P) Ward-5 Marungippatti
4.Thennathirayanpatti (R.V) Thennathirayanpatti (P) Ward-5 Nedunthanpatti
5.Sivakamipuram(R.V) Thennathirayanpatti (P) Ward-1  Sivakamipuram
6.Mettupatti(R.V) Thennathirayanpatti (P) Ward-1 Valayanvayal 999.OVERSEAS  ELECTORS",All Voters,All India Anna Dravida Munnetra Kazhagam,443,210,233,Tamilaga Vettri Kazhagam,3,1,2,4,6,5,7,28.72996300863132,5
42,42,67,65,444,2,0,1,191,1,0,1,0,0,0,0,0,0,2,1,6,0,0,1,0,0,0,0,782,0,0,782,0,42,"Panchayat Union Elementary  School, North Side,  Tiled Building, Palandanpatti-622502","1.Palandanpatti (R.V) Palandanpatti (P) Ward-1 Marungipatti
2.Palandanpatti (R.V) Palandanpatti (P) Ward-4 Palayakurukkathanpatti
3.Palandanpatti (R.V) Palandanpatti (P) Ward-9 Ettukkalpatti
4.Palandanpatti (R.V) Palandanpatti (P) Ward-9 Kadapillaiyarpatti 999.OVERSEAS  ELECTORS",All Voters,All India Anna Dravida Munnetra Kazhagam,444,191,253,Tamilaga Vettri Kazhagam,4,1,2,3,7,5,6,32.35294117647059,12
43,43,36,143,496,8,2,1,193,0,0,0,1,0,0,3,1,2,1,0,1,2,0,0,0,0,3,0,893,0,1,894,0,43,"Panchayat Union Elementary  School, South Side, New Building, Palandanpatti-622502","1.Palandanpatti (R.V) Palandanpatti (P) Ward-1,2,  Karuppudayanpatti
2.Palandanpatti (R.V) Palandanpatti (P) Ward-3 Adidravidar Theru
3.Palandanpatti (R.V) Palandanpatti (P) Ward-5,6,7 Palandanpatti
4.Palandanpatti (R.V) Palandanpatti (P) Ward-3 Mathiyathuvayal 999.OVERSEAS  ELECTORS",All Voters,All India Anna Dravida Munnetra Kazhagam,496,193,303,Tamilaga Vettri Kazhagam,3,1,2,4,6,5,7,33.93057110862262,14
44,44,31,107,409,3,0,0,187,0,0,0,0,1,0,2,2,1,0,0,2,1,0,0,0,0,0,0,746,0,1,747,0,44,"Anganvadi   New  Terraced Building,  East Facing,  Kalamavur-622502","1.Kalamavur  (R.V) Kalamavur  (P) Ward-4 Kalamavur Kallar Theru
2.Kalamavur  (R.V) Kalamavur  (P) Ward-5 Malavarar Theru
3.Kalamavur  (R.V) Kalamavur  (P) Ward-5 Gandhi Nagar,
4.Kalamavur  (R.V) Kalamavur  (P) Ward-3   Anthoniar Kovil Street 999.OVERSEAS  ELECTORS",All Voters,All India Anna Dravida Munnetra Kazhagam,409,187,222,Tamilaga Vettri Kazhagam,3,1,2,4,6,5,6,29.75871313672922,9
45,45,26,96,420,3,1,1,108,1,0,0,0,0,0,2,0,0,1,0,4,1,0,0,0,0,2,0,666,0,0,666,0,45,"Panchayat Union Elementary  School, New RCC Building,  East  Side, South Portion,  West Facing, NamanarayaChatram,  Kalamavur-622502","1.Kalamavur  (R.V) Kalamavur  (P) Ward-9 Anna Nagar
2.Kalamavur  (R.V) Kalamavur  (P) Ward-9 Thavalaimedu
3.Kalamavur  (R.V) Kalamavur  (P) Ward-8 Porkudivayal,
4.Kalamavur  (R.V) Kalamavur  (P) Ward-2 Seethapatti,
5.Kalamavur  (R.V) Kalamavur  (P) Ward-3 Namanarayasathiram
6.Kalamavur  (R.V) Kalamavur  (P) Ward-1 Kannakkonpatti
7.Kalamavur  (R.V) Kalamavur  (P) Ward-3 Mettukalam 999.OVERSEAS  ELECTORS",All Voters,All India Anna Dravida Munnetra Kazhagam,420,108,312,Tamilaga Vettri Kazhagam,3,1,2,4,6,5,6,46.84684684684684,11
46,46,42,84,389,1,1,3,164,0,0,3,0,0,0,3,1,2,1,0,2,0,0,0,0,1,0,0,697,0,0,697,0,46,"Panchayat Union Middle  School,
R.C.C.  Building, Nadupatti-622502","1.Kalamavur(R.V) Naduppatti (P) Ward-5 Malampatti Konar Theru
2.Kalamavur(R.V) Naduppatti (P) Ward-5 Mallampatti kallar Theru
3.Kalamavur(R.V) Naduppatti (P) Ward-5 Kummathankadu
4.Kalamavur(R.V) Naduppatti (P) Ward-5,6 Therkupatti,
5.Kalamavur(R.V) Naduppatti (P) Ward-4 Naduppatti 999.OVERSEAS  ELECTORS",All Voters,All India Anna Dravida Munnetra Kazhagam,389,164,225,Tamilaga Vettri Kazhagam,3,1,2,4,6,6,5,32.28120516499283,13
47,47,16,74,211,1,0,1,100,0,0,0,0,0,2,2,0,1,0,1,2,1,0,0,1,0,0,0,413,0,0,413,0,47,"Panchayat Union Middle  School,
S.S.A.  Building, West  Portion   North Facing Nadupatti-622502","1.Kalamavur(R.V) Naduppatti (P) Ward-1 Vadakkupatti
2.Kalamavur(R.V) Naduppatti (P) Ward-2 Seethapatti Colony 999.OVERSEAS  ELECTORS",All Voters,All India Anna Dravida Munnetra Kazhagam,211,100,111,Tamilaga Vettri Kazhagam,3,1,2,4,7,5,5,26.87651331719128,10
48,48,36,90,279,3,1,0,89,0,0,0,0,1,0,1,0,0,1,1,1,0,0,0,0,1,0,0,504,0,0,504,0,48,"Panchayat Union Elementary  School, New Terraced Building,  North  Facing, East Portion, Neerpalani-622515","1.Neerpalani (R.V) Neerpalani (P) Ward-8 Karuthangippatti
2.Neerpalani (R.V) Neerpalani (P) Ward-1,2,3  Konarkadu
3.Neerpalani (R.V) Neerpalani (P) Ward-3,4,5,7 Neerpalani
4.Neerpalani (R.V) Neerpalani (P) Ward-2 Neerpalani Adidravidar Kilakku Colony
999.OVERSEAS  ELECTORS",All Voters,All India Anna Dravida Munnetra Kazhagam,279,90,189,Dravida Munnetra Kazhagam,2,1,3,4,6,5,7,37.5,6
49,49,18,83,318,2,2,0,103,0,0,0,0,0,0,1,0,0,0,0,3,1,0,0,0,0,0,1,532,0,0,532,0,49,"Panchayat Union Elementary  School, New Terraced Building,  North  Portion East Facing,  Avvayarpatti -622515","1.Neerpalani (R.V) Neerpalani (P) Ward-1 Avvayarpatti
2.Neerpalani (R.V) Neerpalani (P) Ward-8 Kalathu veedu 999.OVERSEAS  ELECTORS",All Voters,All India Anna Dravida Munnetra Kazhagam,318,103,215,Tamilaga Vettri Kazhagam,3,1,2,4,5,5,7,40.41353383458647,6
50,50,61,126,481,7,0,0,189,1,1,0,0,0,1,1,0,0,0,2,9,2,0,1,1,0,0,0,883,0,1,884,0,50,"Panchayat Union Elememantary  School, New Terraced Building,  North Facing,West  Portion,  Neerpalani-622515.","1.Neerpalani(R.V)Neerpalani(P) Ward-2 Neerpalani Perumalkovil Theru
2.Neerpalani (R.V) Neerpalani (P) Ward-2 Neerpalani
3.Neerpalani (R.V)Neerpalani (P)   Ward-5.7 Karapatti,kallukolaicolony 999.OVERSEAS  ELECTORS",All Voters,All India Anna Dravida Munnetra Kazhagam,481,189,292,Tamilaga Vettri Kazhagam,3,1,2,4,6,5,6,33.06908267270668,19
51,51,65,115,432,4,1,0,200,0,1,1,1,0,0,2,0,3,0,1,1,0,0,1,0,0,0,0,828,0,1,829,0,51,"T.E.L.C.  Aided Elementary  School, OlDTiled Building,  West  Side, Kottaiakaranpatti-622515","1.Alangudi (R.V) Alangudi (P) Ward-7 Veppalampatti
2.Alangudi (R.V) Alangudi (P) Ward-7 Kalathupatti
3.Alangudi (R.V) Alangudi (P) Ward-7Alangudi
4.Alangudi (R.V) Alangudi (P) Ward-1 Kottaikaranpatti
5.Alangudi(R.V)Alangudi (P) Ward-   6 Kottaikaranpatti Harijan  theru
6.Alangudi (R.V)Alangudi (P) Ward- 6 Kottaikaranpatti Harijan colony
7.Alangudi (R.V) Alangudi (P) Ward-3 Kottaikaranpatti Konar Theru
8.Alangudi (R.V) Alangudi (P) Ward-1,2 Chithambur Therkku Theru
9.Alangudi (R.V) Alangudi (P) Ward-1,2 Chithambur Harijan  Theru 999.OVERSEAS  ELECTORS",All Voters,All India Anna Dravida Munnetra Kazhagam,432,200,232,Tamilaga Vettri Kazhagam,3,1,2,4,6,5,7,28.01932367149759,11
52,52,57,153,547,1,2,0,165,0,0,0,1,0,1,1,0,0,0,2,0,2,0,0,0,0,0,0,932,0,1,933,0,52,"T.E.L.C.  Aided Elementary  School,  New Terraced Building,  East Facing,  West Building,  Kottaiakaranpatti-622515","1.Alangudi (R.V) Alangudi (P) Ward-1,2 Sithambur  Vadakku Theru
2.Alangudi (R.V) Alangudi (P) Ward-4 Kaikudipatti
3.Alangudi (R.V) Alangudi (P) Ward-8,9 Velrampatti
4.Alangudi (R.V) Alangudi (P) Ward-8 Velapudayanpatti, 999.OVERSEAS  ELECTORS",All Voters,All India Anna Dravida Munnetra Kazhagam,547,165,382,Tamilaga Vettri Kazhagam,3,1,2,4,5,6,7,40.98712446351932,7
53,53,73,127,334,3,1,1,131,0,0,0,0,0,0,2,0,0,1,0,0,0,0,0,0,0,0,0,673,0,0,673,0,53,"Government High School,
West Facing,  Norh Portion, East Terraced Bilding, Malampatti-622515","1.Perambur  (R.V) Perambur  (P) Ward-5   Malampatti
2.Perambur  (R.V) Perambur  (P) Ward-8 Meyyanampatti, 999.OVERSEAS  ELECTORS",All Voters,All India Anna Dravida Munnetra Kazhagam,334,131,203,Tamilaga Vettri Kazhagam,3,1,2,4,6,5,6,30.16344725111441,3
54,54,63,139,316,2,0,1,133,0,0,1,0,0,1,5,0,1,0,2,3,0,0,0,0,0,1,0,668,0,1,669,0,54,"Government High School,
West Facing,  South  Portion,  East Terraced Bilding, Malampatti-622515","1.Perambur  (R.V) Perambur  (P) Ward-9 Therku Malampatti
2.Perambur  (R.V) Perambur  (P) Ward-8 Melakkadu
3.Perambur  (R.V) Perambur  (P) Ward-6 kallupatti 999.OVERSEAS  ELECTORS",All Voters,All India Anna Dravida Munnetra Kazhagam,316,139,177,Dravida Munnetra Kazhagam,2,1,3,4,7,5,6,26.49700598802395,14
55,55,17,72,312,1,0,0,112,1,0,0,0,0,0,3,0,1,0,0,4,1,0,0,0,1,0,0,525,0,1,526,0,55,"Panchayat Union Elementary  School, North Terraced Building,  South  Facing, West Portion, Perambur-621316","1.Perambur  (R.V) Perambur  (P) Ward-2 Perambur
2.Perambur  (R.V) Perambur  (P) Ward-1 Sathivayal 999.OVERSEAS  ELECTORS",All Voters,All India Anna Dravida Munnetra Kazhagam,312,112,200,Tamilaga Vettri Kazhagam,3,1,2,4,6,5,6,38.09523809523809,11
56,56,53,72,232,4,2,0,92,2,0,0,0,1,1,2,1,3,0,2,0,0,0,0,1,0,0,0,468,0,1,469,0,56,"Panchayat Union Elementary  School, West Tiled Building, North  Side,   East Facing,  Perambur-621316","1.Perambur  (R.V) Perambur  (P) Ward-3,4 Perambur 999.OVERSEAS  ELECTORS",All Voters,All India Anna Dravida Munnetra Kazhagam,232,92,140,Tamilaga Vettri Kazhagam,3,1,2,4,6,5,7,29.91452991452991,13
57,57,52,161,549,0,2,1,264,0,1,0,0,1,1,2,0,0,0,0,0,0,0,0,0,1,0,0,1035,0,0,1035,0,57,"Panchayat Union Elementary  School, Terraced Building,  West Facing,  South Portion  South  side  Building, Akkalnayakkanpatti-621316","1.Kathalur (R.V)Kathalur(P) Ward-1Idayapatti,keelapachakudi,Veerampatti
2.Kathalur (R.V) Kathalur  (P) Ward-1 Vedampatti
3.Kathalur (R.V) Kathalur  (P) Ward-1 Kurumbar  theru,  Sevanthiandipatti
4.Kathalur (R.V) Kathalur  (P) Ward-2 Kathalur
5.Kathalur (R.V) Kathalur  (P) Ward-5,6 Koundanpatti
6.Kathalur (R.V) Kathalur  (P) Ward-6 Vadakku Athupatti 999.OVERSEAS  ELECTORS",All Voters,All India Anna Dravida Munnetra Kazhagam,549,264,285,Tamilaga Vettri Kazhagam,3,1,2,4,5,7,6,27.53623188405797,6
58,58,39,165,512,2,0,2,188,1,0,0,0,0,1,2,0,0,0,0,1,0,0,0,2,0,0,1,916,0,1,917,0,58,"Panchayat Union Elementary  School, Terraced Building,  West Facing, Akkalnayakkanpatti-621316","1.Kathalur (R.V) Kathalur  (P) Ward-5,6 Kavundanpatti
2.Akkalnayakkanpatti(R.V) Kathalur (P) Ward-6 Palapatti
3.Akkalnayakkanpatti(R.V) Kathalur (P) Ward-7 Kidavankudi
4.Akkalnayakkanpatti(R.V) Kathalur (P) Ward-3 Idayapatti
5.Akkalnayakkanpatti(R.V) Kathalur (P) Ward-4 Akkalnayakkanpatti
6.Akkalnayakkanpatti(R.V) Kathalur (P) Ward-3 Seethakattupatti
7.Akkalnayakkanpatti(R.V) Kathalur (P) Ward-3 Puthupatti 999.OVERSEAS  ELECTORS",All Voters,All India Anna Dravida Munnetra Kazhagam,512,188,324,Tamilaga Vettri Kazhagam,3,1,2,4,7,5,5,35.37117903930131,8
59,59,42,163,573,2,0,0,150,0,0,0,0,2,1,4,2,1,1,0,5,2,0,0,0,0,2,0,950,0,3,953,0,59,"Panchayat Union Elementary  School, New Building,  West  Facing,  Mullaiyur-621316","1.Akkalnayakkanpatti(R.V) Kathalur (P) Ward-6 kidavankudi
2.Mullaiyur(R.V) Kathalur (P) Ward-7 Therkku Athupatti
3.Mullaiyur(R.V) Kathalur (P) Ward-7 Mullaiyur
4.Mullaiyur(R.V) Kathalur (P) Ward-8,9 Kulathathupatti,
5.Mullaiyur(R.V) Kathalur (P) Ward-8,9 Rottathupatti
6.Mullaiyur(R.V) Kathalur (P) Ward-9 Thulukkampatti 999.OVERSEAS  ELECTORS",All Voters,All India Anna Dravida Munnetra Kazhagam,573,163,410,Dravida Munnetra Kazhagam,2,1,3,4,6,5,6,43.15789473684211,20
60,60,38,168,376,4,0,2,276,1,0,0,0,1,1,5,0,0,0,0,1,0,1,0,2,0,0,1,877,0,0,877,0,60,"Panchayat Union Middle  School, East Portion, North  Facing,  Tiled Building,  Velur-621316","1.Velur  (R.V) Velur  (P) Ward-3,4,5,6 Velur 999.OVERSEAS  ELECTORS",All Voters,All India Anna Dravida Munnetra Kazhagam,376,276,100,Tamilaga Vettri Kazhagam,3,1,2,4,7,5,6,11.40250855188141,13
61,61,20,83,273,1,6,1,146,0,0,0,0,0,1,4,1,1,0,0,1,1,0,0,0,0,1,0,540,0,2,542,0,61,"Panchayat Union Middle  School,
New Terraced Building,  North Facing, East Portion, Velur-621316","1.Velur  (R.V) Velur  (P) Ward-1 Kathalampatti
2.Velur  (R.V) Velur  (P) Ward-6 Boomakonpatti
3.Velur  (R.V) Velur  (P) Ward-8 Keelachinnapalanipatti
4.Velur  (R.V) Velur  (P) Ward-8 Melachinnapalanipatti 999.OVERSEAS  ELECTORS",All Voters,All India Anna Dravida Munnetra Kazhagam,273,146,127,Tamilaga Vettri Kazhagam,3,1,2,4,5,6,6,23.51851851851852,10
62,62,40,181,498,0,0,0,266,1,1,1,0,0,2,3,0,2,0,1,2,1,0,0,1,0,1,0,1001,0,1,1002,0,62,"Panchayat Union Middle  School, West Portion, North  Facing,Tiled Building,  Velur-621316","1.Velur  (R.V) Velur  (P) Ward-2 Puduppatti
2.Velur  (R.V) Velur  (P) Ward-1 Konnakattupatti
3.Velur  (R.V) Velur  (P) Ward-1 Poosaripannai
4.Velur  (R.V) Velur  (P) Ward-9 Vallakonpatti
5.Velur  (R.V) Velur  (P) Ward-7 Keezhathottiapatti
6.Velur  (R.V) Velur  (P) Ward-6 Melathottiapatti 999.OVERSEAS  ELECTORS",All Voters,All India Anna Dravida Munnetra Kazhagam,498,266,232,Tamilaga Vettri Kazhagam,3,1,2,4,5,5,5,23.17682317682318,16
63,63,41,177,380,1,2,0,274,1,0,0,2,1,0,0,1,0,0,0,0,0,0,0,0,0,0,0,880,0,5,885,0,63,"Government Boys Higher  Secondary School,  North  Side  Building,  East Portion,  South Facing,  Viralimalai-621316","1.Viralimalai (R.V) Viralimalai (P) Ward-3 Eswari nagar
2.Viralimalai (R.V) Viralimalai (P) Ward-1 Periyar Nagar, 999.OVERSEAS  ELECTORS",All Voters,All India Anna Dravida Munnetra Kazhagam,380,274,106,Tamilaga Vettri Kazhagam,3,1,2,4,5,6,7,12.04545454545454,5
64,64,26,143,330,0,0,0,201,0,1,0,0,0,1,0,0,0,0,0,0,0,0,0,2,0,0,0,704,0,4,708,0,64,"Government Boys Higher  Secondary School,   North  Building,  South Facing, Middle  Portion,  Viralimalai-621316","1.Viralimalai (R.V) Viralimalai (P) Ward-2 Kamaraj Nagar
2.Viralimalai (R.V) Viralimalai (P) Ward-1 Sandaikku vadakku paguthi 999.OVERSEAS  ELECTORS",All Voters,All India Anna Dravida Munnetra Kazhagam,330,201,129,Tamilaga Vettri Kazhagam,3,1,2,4,5,5,5,18.32386363636364,4
65,65,15,175,209,0,0,0,144,0,0,0,0,0,0,0,2,0,0,1,0,0,0,0,0,0,0,0,546,0,0,546,0,65,"Government Boys Higher  Secondary School,  North  Building,  South  Facing, West Portion, Viralimalai-621316","1.Viralimalai (R.V) Viralimalai (P) Ward-1 Malankulam
2.Viralimalai (R.V) Viralimalai (P) Ward-9 Ammankovil Theru 999.OVERSEAS  ELECTORS",All Voters,All India Anna Dravida Munnetra Kazhagam,209,175,34,Dravida Munnetra Kazhagam,2,1,3,4,5,5,5,6.227106227106227,3
66,66,35,244,395,3,0,1,203,1,0,0,0,1,0,1,0,0,0,0,1,0,0,0,0,0,0,0,885,0,3,888,0,66,"Government Boys Higher  Secondary School,  West  Building,  East  Facing, North Portion, Viralimalai-621316","1.Viralimalai(R.V)Viralimalai (P) Ward-5 Annanagar,Pichaikonar  Theru Vadatheru
2.Viralimalai(R.V)Viralimalai(P) Ward-6  Manaparai Salai,(MGR Nagar) 999.OVERSEAS  ELECTORS",All Voters,All India Anna Dravida Munnetra Kazhagam,395,244,151,Dravida Munnetra Kazhagam,2,1,3,4,7,5,6,17.06214689265537,4
67,67,3,116,104,0,0,0,63,0,0,0,0,0,0,0,0,0,0,0,0,0,0,0,0,0,0,0,286,0,0,286,0,67,"Government Boys Higher  Secondary School,  West  Building,  East  Facing, Middle  Portion,  Viralimalai-621316",1.Viralimalai (R.V) Viralimalai (P) Ward-5 Vadakku Theru 999.OVERSEAS  ELECTORS,All Voters,Dravida Munnetra Kazhagam,116,104,12,All India Anna Dravida Munnetra Kazhagam,1,2,3,4,5,5,5,4.195804195804196,0
68,68,24,216,353,1,1,1,181,1,0,1,0,0,1,0,0,1,0,1,2,0,2,1,0,0,0,1,788,0,3,791,0,68,"Government Boys Higher  Secondary School,  West  Building,  East  Facing, South Portion,  Viralimalai-621316","1.Viralimalai (R.V) Viralimalai (P) Ward-7 Sannadhi Theru Keela,  Therkkuratha Veethi
2.Viralimalai (R.V) Viralimalai (P) Ward-8 Theradi Theru,  BPL Tower 999.OVERSEAS  ELECTORS",All Voters,All India Anna Dravida Munnetra Kazhagam,353,216,137,Dravida Munnetra Kazhagam,2,1,3,4,5,5,5,17.38578680203046,11
69,69,9,140,287,1,0,0,197,0,0,0,0,0,0,0,0,0,0,1,0,0,0,0,2,1,1,0,639,0,0,639,0,69,"Panchayat Union Elementary  School, West Southern  side  Terraced Building, West Portion, North  Facing,  Viralimalai-621316","1.Viralimalai (R.V) Viralimalai (P) Ward-10 Therkku Theru
2.Viralimalai (R.V)Viralimalai (P) Ward-11 Therkku Theru MelPaguthi 999.OVERSEAS  ELECTORS",All Voters,All India Anna Dravida Munnetra Kazhagam,287,197,90,Tamilaga Vettri Kazhagam,3,1,2,4,6,5,6,14.08450704225352,5
70,70,19,140,251,1,1,0,116,0,0,0,1,0,0,0,0,0,0,1,1,0,0,0,0,1,0,0,532,0,1,533,0,70,"Panchayat Union Elementary  School, West Southern  side  Terraced Building, East Portion, North  Facing,  Viralimalai-621316",1.Viralimalai (R.V) Viralimalai (P) Ward-12 Madurai road 999.OVERSEAS  ELECTORS,All Voters,All India Anna Dravida Munnetra Kazhagam,251,140,111,Dravida Munnetra Kazhagam,2,1,3,4,5,5,7,20.86466165413534,4
71,71,30,129,238,2,1,0,163,0,1,0,0,0,2,0,0,1,1,0,2,0,0,0,1,0,1,0,572,0,2,574,0,71,"Panchayat Union Elementary  School, East Facing,  North  Portion,  West  Side Building,  (OldAEEOOffice),  Viralimalai-621316","1.Viralimalai (R.V) Viralimalai (P) Ward-6 kattupatti salai
2.Viralimalai (R.V) Viralimalai (P) Ward-12 Pudukkottai salai
3.Viralimalai (R.V) Viralimalai (P) Ward-5 Vadakku Theru
4.Viralimalai (R.V) Viralimalai (P) Ward-3 Trichy  Main  Road 999.OVERSEAS  ELECTORS",All Voters,All India Anna Dravida Munnetra Kazhagam,238,163,75,Tamilaga Vettri Kazhagam,3,1,2,4,6,5,7,13.11188811188811,9
72,72,44,151,478,4,0,1,209,1,0,0,0,2,0,1,0,0,1,1,5,0,0,0,0,0,1,0,899,0,5,904,0,72,"Panchayat Union Elementary  School, New R.C.C Building, South  Facing, North Building,  Viralimalai-621316","1.Viralimalai (R.V) Viralimalai (P) Ward-12 Madurai Salai
2.Viralimalai (R.V) Viralimalai (P) Ward-6 Kattupatti
3.Viralimalai (R.V) Viralimalai (P) Ward-1 EB office  road
4.Viralimalai (R.V) Viralimalai (P) Ward-1 Manamettupatti 999.OVERSEAS  ELECTORS",All Voters,All India Anna Dravida Munnetra Kazhagam,478,209,269,Tamilaga Vettri Kazhagam,3,1,2,4,7,5,6,29.92213570634038,12
73,73,32,86,350,2,2,1,230,1,0,0,0,0,0,0,0,1,1,0,2,2,0,0,1,0,0,0,711,0,0,711,0,73,"Panchayat Union Elementary  School, East Building, North  Facing,  East Portion,  Viralimalai-621316","1.Viralimalai (R.V) Viralimalai (P) Ward-9 Mathiripatti
2.Viralimalai (R.V) Viralimalai (P) Ward-9 Kalingapatti
3.Viralimalai (R.V) Viralimalai (P) Ward-12 Saralaipallam 999.OVERSEAS  ELECTORS",All Voters,All India Anna Dravida Munnetra Kazhagam,350,230,120,Tamilaga Vettri Kazhagam,3,1,2,4,5,5,7,16.87763713080169,8
74,74,27,113,255,0,0,0,190,0,0,0,0,1,0,1,0,1,0,1,1,1,0,1,0,0,1,0,593,0,5,598,0,74,"Government GirlsHigher  Secondary School,North  Terraced Building, West Portion,  South Facing, Vadugapatti-621316",1.Vadugapatti(R.V) Viralimalai (P) Ward-4 Vadugapatti 999.OVERSEAS  ELECTORS,All Voters,All India Anna Dravida Munnetra Kazhagam,255,190,65,Tamilaga Vettri Kazhagam,3,1,2,4,5,5,5,10.96121416526138,8
75,75,24,110,155,1,0,0,179,0,0,0,0,0,0,0,0,0,0,3,0,0,0,1,0,0,1,0,474,0,3,477,0,75,"Government Girls Higher Secondary School,  Middle   Terraced Building,
South Portion,  East  Facing,  Vadugapatti-621316","1.Vadugapatti(R.V) Viralimalai (P) Ward-4 Vadugapatti
2.Vadugapatti(R.V) Viralimalai (P) Ward-1 Ramakrishnan Nagar",All Voters,Tamilaga Vettri Kazhagam,179,155,24,All India Anna Dravida Munnetra Kazhagam,3,2,1,4,6,5,6,5.063291139240507,5
76,76,38,229,368,1,1,1,249,0,0,0,0,0,0,0,0,1,0,0,0,0,0,2,2,0,0,0,892,0,3,895,0,76,"Government Girls Higher Secondary School,New Terraced West  Building, North Portion,   East  Facing, Vadugapatti-621316","1.Vadugapatti(R.V) Viralimalai (P) Ward-1 Thethampatti
2.Vadugapatti(R.V) Viralimalai (P) Ward-3 Kondamanayakanpatti
3.Vadugapatti(R.V) Viralimalai (P) Ward-6 Kurichipatti 999.OVERSEAS  ELECTORS",All Voters,All India Anna Dravida Munnetra Kazhagam,368,249,119,Tamilaga Vettri Kazhagam,3,1,2,4,5,5,5,13.34080717488789,5
77,77,46,127,407,3,1,0,171,0,0,0,0,0,0,1,0,0,2,0,2,1,0,0,1,0,0,0,762,0,2,764,0,77,"Panchayat Union Middle  School, North Building,  North Facing, Middle Portion,  Meboothakudi-621316","1.Meboothakudi (R.V) Meboothakudi (P) Ward-1,2,3,4 Meboothakudi 999.OVERSEAS  ELECTORS",All Voters,All India Anna Dravida Munnetra Kazhagam,407,171,236,Tamilaga Vettri Kazhagam,3,1,2,4,6,5,7,30.97112860892389,7
78,78,14,80,247,1,0,1,69,0,0,0,0,0,0,2,1,1,0,0,1,0,0,0,0,0,0,0,417,0,0,417,0,78,"Panchayat Union Middle  School,
North Building,South Facing,  East Side Meboothakudi-621316","1.Meboothakudi (R.V) Meboothakudi (P) Ward-7 Andiyapillai patti
2.Meboothakudi (R.V) Meboothakudi (P) Ward-7 Alangampatti
3.Meboothakudi (R.V) Meboothakudi (P) Ward-1 Chithakudipatti 999.OVERSEAS  ELECTORS",All Voters,All India Anna Dravida Munnetra Kazhagam,247,80,167,Dravida Munnetra Kazhagam,2,1,3,4,7,5,5,40.04796163069545,5
79,79,20,55,358,1,0,2,113,0,0,0,1,0,0,2,2,0,0,2,0,0,0,0,0,0,0,1,557,0,0,557,0,79,"Panchayat Union   Primary  School, North Facing,  East Portion, Manamettupatti-621316","1.Meboothakudi (R.V) Meboothakudi (P) Ward-8 Puravipannai
2.Meboothakudi (R.V) Meboothakudi (P) Ward-8 Manamettupatti",All Voters,All India Anna Dravida Munnetra Kazhagam,358,113,245,Tamilaga Vettri Kazhagam,3,1,2,4,7,6,5,43.98563734290844,8
80,80,21,74,402,4,0,1,94,0,0,0,1,0,0,0,0,0,0,0,3,0,0,1,1,0,0,0,602,0,1,603,0,80,"Panchayat Union Middle  School, West Building, East  Facing,  South Portion,  Meboothakudi-621316","1.Meboothakudi (R.V) Meboothakudi (P) Ward-5,6 Kulavaipatti 999.OVERSEAS  ELECTORS",All Voters,All India Anna Dravida Munnetra Kazhagam,402,94,308,Tamilaga Vettri Kazhagam,3,1,2,4,7,5,6,51.16279069767442,6
81,81,51,156,414,2,0,0,175,0,0,0,1,1,1,0,3,3,1,2,1,1,0,0,0,0,1,1,814,0,1,815,0,81,"Panchayat Union Elementary  School, East Building, West  Facing,  Tiled Building,  Athipallam-621316","1.Vanathirayanpatti (R.V) Vanathirayanpatti (P)Ward-2 Poosarinayakkanpatti
2.Vanathirayanpatti (R.V)Vanathirayanpatti (P)Ward-2,3 Puthukudiyanpatti Colony
3.Vanathirayanpatti (R.V) Vanathirayanpatti (P) Ward-3  Sevakattupatti
4.Vanathirayanpatti (R.V) Vanathirayanpatti (P) Ward-3  Saveriarpuram
5.Vanathirayanpatti (R.V) Vanathirayanpatti (P) Ward-2,3 Pudhukudiyanpatti
6.Vanathirayanpatti (R.V) Vanathirayanpatti (P) Ward-2  Pallikodathanpatti
7.Vanathirayanpatti (R.V) Vanathirayanpatti (P) Ward-1  Uppiliapatti
8.Vanathirayanpatti (R.V) Vanathirayanpatti (P) Ward-1  Jayamangalam 999.OVERSEAS  ELECTORS",All Voters,All India Anna Dravida Munnetra Kazhagam,414,175,239,Tamilaga Vettri Kazhagam,3,1,2,4,6,5,6,29.36117936117936,16
82,82,23,171,319,2,0,2,117,0,0,0,0,0,0,0,1,1,0,2,5,1,1,1,0,0,2,2,650,0,2,652,0,82,"Government High School,
West Terraced Building, East  Facing, Athippallam-621316","1.Vanathirayanpatti (R.V) Vanathirayanpatti (P) Ward-1  Seelnayakkanpatti
2.Vanathirayanpatti (R.V) Vanathirayanpatti (P) Ward-1  Jayamangalam colony
3.Vanathirayanpatti (R.V) Vanathirayanpatti (P) Ward-4  Kodanginayakanpatti
4.Vanathirayanpatti (R.V) Vanathirayanpatti (P) Ward-5 Alangampatti
5.Vanathirayanpatti (R.V) Vanathirayanpatti (P) Ward-3 Vellalar  Theru
6.Vanathirayanpatti (R.V) Vanathirayanpatti (P) Ward-6,7 Sevanampatti 999.OVERSEAS  ELECTORS",All Voters,All India Anna Dravida Munnetra Kazhagam,319,171,148,Dravida Munnetra Kazhagam,2,1,3,4,7,5,5,22.76923076923077,16
83,83,52,247,533,4,0,0,184,0,1,0,0,0,1,2,2,0,1,2,3,1,0,0,0,0,3,0,1036,0,4,1040,0,83,"Government High School,
New Terraced Building,North Facing, East Portion, Athippallam-621316","1.Vanathirayanpatti (R.V) Vanathirayanpatti (P) Ward-4,5 Athippallam
2.Vanathirayanpatti (R.V) Vanathirayanpatti (P) Ward-6  Manavai Salai
3.Vanathirayanpatti (R.V) Vanathirayanpatti (P) Ward-7  Nariyadikonpatti
4.Vanathirayanpatti (R.V) Vanathirayanpatti (P) Ward-7  Nadupatti 999.OVERSEAS  ELECTORS",All Voters,All India Anna Dravida Munnetra Kazhagam,533,247,286,Dravida Munnetra Kazhagam,2,1,3,4,6,5,6,27.60617760617761,16
84,84,37,121,587,7,0,0,183,0,0,0,0,0,1,0,1,2,1,1,3,1,2,0,1,0,1,1,950,0,0,950,0,84,"Panchayat Union   Primary  School,East Terraced Building,  West Facing, Vanathirayanpatti-621316","1.Vanathirayanpatti (R.V) Vanathirayanpatti (P) Ward-9  Maruthankulam
2.Vanathirayanpatti (R.V) Vanathirayanpatti (P) Ward-3  Vanathirayanpatti
3.Vanathirayanpatti(R.V)Vanathirayanpatti (P) Ward-9 Vanathirayanpatti colony
4.Vanathirayanpatti (R.V) Vanathirayanpatti (P) Ward-8  Therkkupatti
5.Vanathirayanpatti (R.V) Vanathirayanpatti (P) Ward-8  Medukattupatti
6.Vanathirayanpatti (R.V) Vanathirayanpatti (P) Ward-8  Kallukattupatti
7.Vanathirayanpatti (R.V) Vanathirayanpatti (P) Ward-7  Manamettupatti 999.OVERSEAS  ELECTORS",All Voters,All India Anna Dravida Munnetra Kazhagam,587,183,404,Tamilaga Vettri Kazhagam,3,1,2,4,6,5,6,42.52631578947368,15
85,85,60,198,576,4,0,3,153,4,1,0,0,0,1,0,1,0,2,1,0,0,0,0,1,1,2,0,1008,0,1,1009,0,85,"Panchayat Union Middle  School, West Terraced Building, East  Facing, Middle  Portion,  Nambanpatti-621312","1.Nambanpatti (R.V) Nambanpatti (P) Ward-2, 3 Nambanpatti
2.Nambanpatti (R.V) Nambanpatti (P) Ward-8 Kavarapatti 999.OVERSEAS  ELECTORS",All Voters,All India Anna Dravida Munnetra Kazhagam,576,198,378,Dravida Munnetra Kazhagam,2,1,3,4,7,5,6,37.5,14
86,86,23,93,376,0,0,0,78,1,0,2,1,0,0,4,0,0,0,0,0,1,0,0,1,0,1,1,582,0,1,583,0,86,"Panchayat Union Middle  School, Terraced Building,  West Side,  South Portion,  East Facing, Nambanpatti-621312","1.Nambanpatti (R.V) Nambanpatti (P) Ward-7 Bagavanpatti
2.Nambanpatti (R.V) Nambanpatti (P) Ward-8 Kavarpatti paraval
3.Nambanpatti (R.V) Nambanpatti (P) Ward-8 Manthinipatti
4.Nambanpatti (R.V) Nambanpatti (P) Ward-9 Poochipatti 999.OVERSEAS  ELECTORS",All Voters,All India Anna Dravida Munnetra Kazhagam,376,93,283,Dravida Munnetra Kazhagam,2,1,3,4,5,5,5,48.6254295532646,12
87,87,39,241,311,0,1,0,96,0,0,0,0,0,1,1,0,2,0,0,0,1,0,0,0,0,0,0,693,0,1,694,0,87,"Panchayat Union Middle  School, East Terraced Building, West  Facing, Nambanpatti-621312","1.Nambanpatti (R.V) Nambanpatti (P) Ward-1 Pudukkattupatti
2.Nambanpatti (R.V) Nambanpatti (P) Ward-1 Kollumettupatti
3.Nambanpatti (R.V) Nambanpatti (P) Ward-1 Uppiliyapatti
4.Nambanpatti (R.V) Nambanpatti (P) Ward-2 Purasampatti
5.Nambanpatti (R.V) Nambanpatti (P) Ward-4 Vellaimadaipatti 999.OVERSEAS  ELECTORS",All Voters,All India Anna Dravida Munnetra Kazhagam,311,241,70,Dravida Munnetra Kazhagam,2,1,3,4,5,6,6,10.1010101010101,5
88,88,49,127,575,4,0,1,186,2,0,0,0,0,0,1,0,1,0,0,3,0,0,0,0,0,1,2,952,0,1,953,0,88,"Panchayat Union Middle  School,
West Side  Building,  North Portion,  East Facing,  Terraced Building,  Nambanpatti-621312","1.Nambanpatti (R.V) Nambanpatti (P) Ward-5,6 Kodalikudi
2.Nambanpatti (R.V) Nambanpatti (P) Ward-6 Kottaikaranpatti 999.OVERSEAS  ELECTORS",All Voters,All India Anna Dravida Munnetra Kazhagam,575,186,389,Tamilaga Vettri Kazhagam,3,1,2,4,7,5,6,40.86134453781513,10
89,89,36,266,437,1,0,0,97,0,0,0,0,1,3,1,2,2,1,5,8,0,0,0,0,0,0,1,861,0,3,864,0,89,"Panchayat Union Elementary  School, South Facing, New Tiled Building, Rajalipatti-621312","1.Rajalipatti (R.V) Rajalipatti (P) Ward-3 Ellaikkalpatti
2.Rajalipatti (R.V) Rajalipatti (P) Ward-7 Kadaikonpatti
3.Rajalipatti (R.V) Rajalipatti (P) Ward-3 Pillankulathupatti
4.Rajalipatti (R.V) Rajalipatti (P) Ward-3 Muthukavundanpatti
5.Rajalipatti (R.V) Rajalipatti (P) Ward-2 Pappapatti
6.Rajalipatti (R.V) Rajalipatti (P) Ward-2 Karungkavalanpatti
7.Rajalipatti (R.V) Rajalipatti (P) Ward-2 Arunkavalanpatti
8.Rajalipatti (R.V) Rajalipatti (P) Ward-7 Karadaikkanpatti 999.OVERSEAS  ELECTORS",All Voters,All India Anna Dravida Munnetra Kazhagam,437,266,171,Dravida Munnetra Kazhagam,2,1,3,4,6,5,6,19.86062717770035,24
90,90,62,142,533,1,0,0,125,0,0,0,3,1,0,1,1,0,0,4,2,0,0,0,0,0,0,0,875,0,3,878,0,90,"Government High School, West Building, East  Facing Rajalipatti-621312","1.Rajalipatti (R.V) Rajalipatti (P) Ward-5 Kulavaipatti
2.Rajalipatti (R.V) Rajalipatti (P) Ward-5 Pasukaranpatti
3.Rajalipatti (R.V) Rajalipatti (P) Ward-5 Chithakalapatti
4.Rajalipatti (R.V) Rajalipatti (P) Ward-6 Andiyappatti
5.Rajalipatti (R.V) Rajalipatti (P) Ward-5 Supparayanpatti
6.Rajalipatti (R.V) Rajalipatti (P) Ward-2 Karakavundanpatti
7.Rajalipatti (R.V) Rajalipatti (P) Ward-8 Patnapatti
8.Rajalipatti (R.V) Rajalipatti (P) Ward-9 Kuttiyapatti 999.OVERSEAS  ELECTORS",All Voters,All India Anna Dravida Munnetra Kazhagam,533,142,391,Dravida Munnetra Kazhagam,2,1,3,4,6,5,6,44.68571428571428,12
91,91,57,189,492,4,0,0,126,0,0,0,0,0,0,1,1,1,1,0,3,0,0,0,0,0,0,1,876,0,2,878,0,91,"Government High School,
North Building,  East  Portion,  South Facing,  Rajalipatti-621312","1.Rajalipatti (R.V) Rajalipatti (P) Ward-1 Rajalipatti
2.Rajalipatti (R.V) Rajalipatti (P) Ward-7 Oonanmadai 999.OVERSEAS  ELECTORS",All Voters,All India Anna Dravida Munnetra Kazhagam,492,189,303,Dravida Munnetra Kazhagam,2,1,3,4,6,5,6,34.58904109589041,8
92,92,28,136,535,7,0,2,130,0,0,0,0,0,0,1,0,2,2,1,18,6,1,0,1,1,0,1,872,0,4,876,0,92,"Panchayat Union   Primary  School,  East Facing,  North  Building,  South Portion, Pattanapatti-621316","1.Rajalipatti (R.V) Rajalipatti (P) Ward-7 Kallukattupatti
2.Rajalipatti (R.V) Rajalipatti (P) Ward-8 Patnapatti
3.Rajalipatti (R.V) Rajalipatti (P) Ward-4 Poosaripatti
4.Rajalipatti (R.V) Rajalipatti (P) Ward-9 Kuttiyapatti 999.OVERSEAS  ELECTORS",All Voters,All India Anna Dravida Munnetra Kazhagam,535,136,399,Dravida Munnetra Kazhagam,2,1,3,4,7,5,6,45.75688073394495,34
93,93,43,96,351,2,0,0,133,0,1,0,0,0,0,0,0,0,0,0,5,0,0,0,0,1,0,0,632,0,2,634,0,93,"Panchayat Union Elementary  School, New Terraced West  Building,  North Facing,  Viruthapatti-621316","1.Viruthapatti (R.V) Viruthapatti (P) Ward-3 Pasumekkipatti
2.Viruthapatti (R.V) Viruthapatti (P) Ward-8 Pallakalapatti
3.Viruthapatti (R.V) Viruthapatti (P) Ward-3 Viruthapatti 999.OVERSEAS  ELECTORS",All Voters,All India Anna Dravida Munnetra Kazhagam,351,133,218,Tamilaga Vettri Kazhagam,3,1,2,4,6,5,6,34.49367088607595,7
94,94,23,79,364,4,1,0,82,0,0,0,0,1,1,0,0,2,0,1,6,2,1,0,0,0,1,0,568,0,1,569,0,94,"Panchayat Union Elementary  School, New East  Tiled Building,  North  Facing, Viruthapatti-621316","1.Viruthapatti (R.V) Viruthapatti (P) Ward-2 Anankadu
2.Viruthapatti (R.V) Viruthapatti (P) Ward-1 Serampatti,
3.Viruthapatti (R.V) Viruthapatti (P) Ward-1 Angurakulathupatti
4.Viruthapatti (R.V) Viruthapatti (P) Ward-1 Mekattampatti
5.Viruthapatti (R.V) Viruthapatti (P) Ward-1 Thalayaripatti
6.Viruthapatti (R.V) Viruthapatti (P) Ward-8 Kadaikkampatti
7.Viruthapatti (R.V) Viruthapatti (P) Ward-8 Chettiyapatti Kilakku 999.OVERSEAS  ELECTORS",All Voters,All India Anna Dravida Munnetra Kazhagam,364,82,282,Tamilaga Vettri Kazhagam,3,1,2,4,6,5,7,49.64788732394366,15
95,95,43,235,628,0,0,1,143,0,0,0,1,0,1,1,1,1,1,1,3,0,0,0,0,0,0,0,1060,0,3,1063,0,95,"Panchayat Union Middle  School, West Building, North  Facing, Seralapaitti-621316","1.Viruthapatti (R.V) Viruthapatti (P) Ward-9 Chettiapatti Solai Pannai Theru
2.Viruthapatti (R.V) Viruthapatti (P) Ward-2 Chettiapatti Merkku
3.Viruthapatti (R.V) Viruthapatti (P) Ward-4 Manapatti Theru
4.Viruthapatti (R.V) Viruthapatti (P) Ward-4 Poosari Pannai Theru
5.Viruthapatti (R.V)Viruthapatti (P) Ward-4 Saralapatti Solai Pannaitheru
6.Viruthapatti (R.V) Viruthapatti (P) Ward-4 Erankadu
7.Viruthapatti (R.V) Viruthapatti (P) Ward-4 Kasthuri Theru
8.Viruthapatti (R.V) Viruthapatti (P) Ward-5,6 Saralapatti
9.Viruthapatti (R.V) Viruthapatti (P) Ward-7 Naduvalavu
10.Viruthapatti (R.V) Viruthapatti (P) Ward-7 Renganampatti 999.OVERSEAS  ELECTORS",All Voters,All India Anna Dravida Munnetra Kazhagam,628,235,393,Dravida Munnetra Kazhagam,2,1,3,4,6,6,5,37.0754716981132,10
96,96,38,214,551,3,1,0,200,1,1,0,0,2,1,1,1,0,0,3,2,1,1,1,0,1,0,0,1023,0,1,1024,0,96,"Panchayat Union Middle  School,  south Facing,  North  Terraced Building, Seethapatti-621316","1.Poyyamani (R.V) Poyyamani (P) Ward -1 Seethapatti Vadakku
2.Poyyamani (R.V) Poyyamani (P) Ward -2 Seethapatti Therkku
3.Poyyamani (R.V) Poyyamani (P) Ward -2 Mettukadai
4.Poyyamani (R.V) Poyyamani (P) Ward -6 Athikadu
5.Poyyamani (R.V) Poyyamani (P) Ward -2 Vellakalpatti
6.Poyyamani (R.V) Poyyamani (P) Ward -8 Pothapatti 999.OVERSEAS  ELECTORS",All Voters,All India Anna Dravida Munnetra Kazhagam,551,214,337,Dravida Munnetra Kazhagam,2,1,3,4,6,5,7,32.94232649071358,16
97,97,57,168,576,2,1,0,157,0,0,0,0,0,0,1,1,1,0,1,3,1,1,0,0,1,1,1,973,0,1,974,0,97,"Panchayat Union Elementary  School, West New Terraced Building,  East Facing,  Poyyamani-621316","1.Poyyamani (R.V) Poyyamani (P) Ward-1 Sevalpatti Vadakku
2.Poyyamani (R.V) Poyyamani (P) Ward-4 Kallankadu
3.Poyyamani (R.V) Poyyamani (P) Ward-4 Sevalpatti Therkku
4.Poyyamani (R.V) Poyyamani (P) Ward-4 Vadakki kalam
5.Poyyamani (R.V) Poyyamani (P) Ward-4,5 Poyyamani 999.OVERSEAS  ELECTORS",All Voters,All India Anna Dravida Munnetra Kazhagam,576,168,408,Dravida Munnetra Kazhagam,2,1,3,4,6,5,7,41.93216855087359,12
98,98,26,94,397,2,1,0,124,1,0,0,1,0,0,0,0,0,0,1,3,0,1,0,0,0,1,1,653,0,1,654,0,98,"Panchayat Union Elementary  School, Seniyapatti-621316","1.Kasavanur(R.V) Kasavanur(P) Ward-5 Kuruthankalapatti
2.Kasavanur(R.V) Kasavanur(P) Ward-5 Kakkamedu
3.Kasavanur(R.V) Kasavanur(P) Ward-6 Kandiranpatti
4.Kasavanur(R.V) Kasavanur(P) Ward-2 Manappattiyankalam
5.Kasavanur(R.V) Kasavanur(P) Ward-3,4 Seniyapatti
6.Kasavanur(R.V) Kasavanur(P) Ward-1 Navadipatti 999.OVERSEAS ELECTORS",All Voters,All India Anna Dravida Munnetra Kazhagam,397,124,273,Tamilaga Vettri Kazhagam,3,1,2,4,6,5,7,41.80704441041348,9
99,99,67,257,561,4,0,0,184,0,0,0,1,0,0,1,0,1,2,1,2,0,0,0,1,0,2,1,1085,0,2,1087,0,99,"Samuthayakkoodam,
North Facing,  Terraced Building, Idaiyappatti-621316","1.Thengaithinnipatti (R.V)Thengaithinnipatti (P) Ward-4 Idayapatti Kilakku
2.Thengaithinnipatti (R.V  Thengaithinnipatti (P)Ward-4 Idayapatti Merkku
3.Thengaithinnipatti (R.V) Thengaithinnipatti (P) Ward-9 Sevakkalpatti
4.Thengaithinnipatti (R.V) Thengaithinnipatti (P) Ward-9 Vadakku mothapatti
5.Thengaithinnipatti(R.V)Thengaithinnipatti (P) Ward-2 Othakadai Kilakku
6.Thengaithinnipatti (R.V) Thengaithinnipatti (P) Ward-2 Harijana Colony
7.Thengaithinnipatti (R.V) Thengaithinnipatti (P) Ward-2 Vellariyanpannai 999.OVERSEAS  ELECTORS",All Voters,All India Anna Dravida Munnetra Kazhagam,561,257,304,Dravida Munnetra Kazhagam,2,1,3,4,6,5,6,28.0184331797235,12
100,100,38,217,373,4,0,0,102,1,0,1,0,0,1,0,1,0,0,0,0,0,1,0,0,0,0,0,739,0,1,740,0,100,"Panchayat Union Middle  School, Additional Building  East  Side,  West Facing,  Thengaithinnipatti-621316","1.Thengaithinnipatti (R.V) Thengaithinnipatti (P) Ward-3 Moolipannai
2.Thengaithinnipatti (R.V) Thengaithinnipatti (P) Ward-3 Nambianpanai
3.Thengaithinnipatti (R.V) Thengaithinnipatti (P) Ward-3 Perichikavundanpatti
4.Thengaithinnipatti (R.V) Thengaithinnipatti (P) Ward-3 Valarpannai
5.Thengaithinnipatti (R.V) Thengaithinnipatti (P) Ward-2 S.C.  Coloni Thengaithinnipatti
6.Thengaithinnipatti (R.V) Thengaithinnipatti (P) Ward-7 Kounder Theru
7.Thengaithinnipatti (R.V) Thengaithinnipatti (P) Ward-4 Poosari patti
8.Thengaithinnipatti (R.V) Thengaithinnipatti (P) Ward-1 Kuppampatti 999.OVERSEAS  ELECTORS",All Voters,All India Anna Dravida Munnetra Kazhagam,373,217,156,Dravida Munnetra Kazhagam,2,1,3,4,6,5,6,21.10960757780785,5
101,101,46,101,320,2,1,1,102,0,0,1,0,0,1,0,0,0,0,0,1,0,0,0,0,0,0,0,576,0,4,580,0,101,"Panchayat Union Middle  School, North Building,  East  Portion,  South Facing,  Thengaithinnipatti-621316","1.Thengaithinnipatti (R.V)Thengaithinnipatti (P) Ward-2 Othakadai Merkku
2.Thengaithinnipatti (R.V)Thengaithinnipatti (P)Ward-8 Mothapati Vadakku
3.Thengaithinnipatti (R.V)Thengaithinnipatti (P) Ward-3 Varattukadu
4.Thengaithinnipatti (R.V) Thengaithinnipatti (P) Ward-2 Nadumothapatti
5.Thengaithinnipatti (R.V)Thengaithinnipatti (P) Ward-8Mothapatti therkku
6.Thengaithinnipatti(R.V)Thengaithinnipatti(P) Ward-4 Chettiarkadai Theru
7.Thengaithinnipatti (R.V) Thengaithinnipatti (P) Ward-1 Rasakadu
8.Thengaithinnipatti (R.V) Thengaithinnipatti (P) Ward-1 Karayampatti 999.OVERSEAS  ELECTORS",All Voters,All India Anna Dravida Munnetra Kazhagam,320,102,218,Tamilaga Vettri Kazhagam,3,1,2,4,6,5,6,37.84722222222222,3
102,102,62,159,428,1,0,1,231,0,1,1,0,1,1,3,1,1,1,1,2,1,1,0,4,0,1,0,902,0,1,903,0,102,"Panchayath Union Elemantary  School, Tiled Building,  North  Facing, Kalappanur-621316","1.Kodumbalur  (R.V) Kodumbalur (P) Ward-3 Kalappanur
2.Kodumbalur  (R.V) Kodumbalur (P) Ward-2 Pudukudipatti
3.Kodumbalur  (R.V) Kodumbalur (P) Ward-2 Arasakudipatti
4.Kodumbalur  (R.V) Kodumbalur (P) Ward-2 Keelapatti 999.OVERSEAS  ELECTORS",All Voters,All India Anna Dravida Munnetra Kazhagam,428,231,197,Tamilaga Vettri Kazhagam,3,1,2,4,7,5,5,21.84035476718404,20
103,103,39,143,480,3,0,1,146,0,0,1,1,0,1,1,1,1,1,0,1,0,0,0,0,0,0,0,820,0,0,820,0,103,"Panchayat Union Elementary  School, South Facing, East  Portion,  MoovarKovil Kodumbalur-621316","1.Kodumbalur  (R.V) Kodumbalur (P) Ward-9 Savukkukadu,
2.Kodumbalur  (R.V) Kodumbalur (P) Ward-9 Thalakadu
3.Kodumbalur  (R.V) Kodumbalur (P) Ward-9 Kodumbalur
4.Kodumbalur  (R.V) Kodumbalur (P) Ward-9 Kottakarai 999.OVERSEAS  ELECTORS",All Voters,All India Anna Dravida Munnetra Kazhagam,480,146,334,Tamilaga Vettri Kazhagam,3,1,2,4,7,5,6,40.73170731707317,8
104,104,54,93,342,2,0,0,121,0,0,0,0,0,0,2,0,1,1,0,3,0,0,0,0,1,0,0,620,0,2,622,0,104,"Panchayat Union Elementary  School, East Building, West  Facing, Poolankalam   Kodumbalur-621316","1.Kodumbalur  (R.V) Kodumbalur (P) Ward-8 Poolangalam,
2.Kodumbalur  (R.V) Kodumbalur (P) Ward-8 Kuruthikalam,
3.Kodumbalur  (R.V) Kodumbalur (P) Ward-7 Malayankalam
4.Kodumbalur  (R.V) Kodumbalur (P) Ward-7 Vadiankalam, 999.OVERSEAS  ELECTORS",All Voters,All India Anna Dravida Munnetra Kazhagam,342,121,221,Tamilaga Vettri Kazhagam,3,1,2,4,6,5,6,35.64516129032258,8
105,105,48,155,483,3,0,0,178,1,0,0,0,0,0,4,1,1,1,1,2,0,0,0,0,0,2,1,881,0,1,882,0,105,"Government Higher Secondary School, West Building, West  Portion,  North Facing,  Kodumbalur-621316","1.Kodumbalur  (R.V) Kodumbalur (P) Ward-2 Navakonpatti
2.Kodumbalur  (R.V) Kodumbalur (P) Ward-1 Vadakattupatti
3.Kodumbalur  (R.V) Kodumbalur (P) Ward-6 Sangipatti
4.Kasavanur(R.V) Kodumbalur (P) Ward-6 Kasavanur 999.OVERSEAS  ELECTORS",All Voters,All India Anna Dravida Munnetra Kazhagam,483,178,305,Tamilaga Vettri Kazhagam,3,1,2,4,6,5,6,34.61975028376845,14
106,106,53,173,464,1,0,0,178,0,0,0,1,0,0,0,1,1,1,0,4,0,1,0,0,1,1,0,880,0,1,881,0,106,"Government Higher Secondary School, North West Building,  South  Portion,East Facing
Kodumbalur-621316","1.Kodumbalur  (R.V) Kodumbalur (P) Ward-1 Kalugumedu
2.Kodumbalur  (R.V) Kodumbalur (P) Ward-8 Poosarikalam
3.Kodumbalur  (R.V) Kodumbalur (P) Ward-9 Karadikalam
4.Kodumbalur  (R.V) Kodumbalur (P) Ward-5 Kodumbalur sathiram
5.Kasavanur(R.V) Kodumbalur (P) Ward-6 Konadipatti 999.OVERSEAS  ELECTORS",All Voters,All India Anna Dravida Munnetra Kazhagam,464,178,286,Tamilaga Vettri Kazhagam,3,1,2,4,6,5,6,32.5,11
107,107,52,171,583,4,3,1,144,0,0,1,0,0,0,1,1,3,1,0,3,3,1,0,0,2,2,1,977,0,2,979,0,107,"Panchayat Union   Primary  School,  West Terraced Building,  North  Facing,  West Portion,  Sangampatti-621316","1.Viralur  (R.V) Viralur (P) Ward-9 Kodikalpatti
2.Viralur  (R.V) Viralur (P) Ward-8 Therkku kodikalpatti
3.Viralur  (R.V) Viralur (P) Ward-8 Sangampatti
4.Viralur  (R.V) Viralur (P) Ward-7 Narsanipatti 999.OVERSEAS  ELECTORS",All Voters,All India Anna Dravida Munnetra Kazhagam,583,171,412,Dravida Munnetra Kazhagam,2,1,3,4,6,5,7,42.16990788126919,19
108,108,25,117,316,4,1,0,149,0,0,0,0,1,1,0,0,2,0,2,1,0,1,0,0,0,0,0,620,0,0,620,0,108,"Panchayat Union Elementary  School, South Facing, North  Terraced Building, Bhagavanpatti-621316","1.Viralur  (R.V) Viralur (P) Ward-3 Parapatti
2.Viralur  (R.V) Viralur (P) Ward-3 Purasangalpatti
3.Viralur  (R.V) Viralur (P) Ward-3 Bhagavanpatti
4.Viralur  (R.V) Viralur (P) Ward-3 Ponni kulathupatti
5.Viralur  (R.V) Viralur (P) Ward-2 Pallar  natham 999.OVERSEAS  ELECTORS",All Voters,All India Anna Dravida Munnetra Kazhagam,316,149,167,Tamilaga Vettri Kazhagam,3,1,2,4,6,5,7,26.93548387096774,8
109,109,37,143,481,3,0,0,203,0,1,0,0,1,1,0,0,0,0,1,1,2,1,0,0,0,0,0,875,0,3,878,0,109,"Panchayat Union Elementary  School, North Facing,  West Portion, New Terraced Building,  Viralur-621316","1.Viralur  (R.V) Viralur (P) Ward-2 Pallarnatham
2.Viralur  (R.V) Viralur (P) Ward-4 Viralur
3.Viralur  (R.V) Viralur (P) Ward-5 Vadakkipatti
4.Viralur  (R.V) Viralur (P) Ward-2 Kaniyalampatti 999.OVERSEAS  ELECTORS",All Voters,All India Anna Dravida Munnetra Kazhagam,481,203,278,Tamilaga Vettri Kazhagam,3,1,2,4,6,5,6,31.77142857142857,8
110,110,42,110,415,5,0,0,161,0,0,0,0,0,0,1,0,0,0,2,2,1,0,0,0,0,1,0,740,0,1,741,0,110,"Panchayat Union Middle  School, West Facing,  North Portion,  South Building,  Ramakavundapatti 621316","1.Viralur  (R.V) Viralur (P) Ward-6 Ramakoundanpatti
2.Viralur  (R.V) Viralur (P) Ward-7 Pillampatti
3.Viralur  (R.V) Viralur (P) Ward-5 Thesiyakalapatti
4.Viralur  (R.V) Viralur (P) Ward-5 Nathakkadu
5.Viralur  (R.V) Viralur (P) Ward-5 Medukatanpatti 999.OVERSEAS  ELECTORS",All Voters,All India Anna Dravida Munnetra Kazhagam,415,161,254,Tamilaga Vettri Kazhagam,3,1,2,4,6,5,6,34.32432432432432,7
111,111,35,191,537,7,3,0,116,1,0,0,0,0,2,2,1,2,0,1,10,0,2,1,4,0,1,1,917,0,3,920,0,111,"Panchayat Union Middle  School,
New Terraced Building,  North  Facing, East Portion, Thennampadi-621316","1.Thennampadi (R.V) Thennampadi (P) Ward-4 Thappukattanpatti
2.Thennampadi (R.V) Thennampadi (P) Ward-3 Medukattanpatti
3.Thennampadi (R.V) Thennampadi (P) Ward-3 Therkku colony
4.Thennampadi (R.V) Thennampadi (P) Ward-3 Thennambadi 999.OVERSEAS  ELECTORS",All Voters,All India Anna Dravida Munnetra Kazhagam,537,191,346,Dravida Munnetra Kazhagam,2,1,3,4,6,5,7,37.73173391494002,28
112,112,46,224,407,2,0,2,166,0,0,0,1,0,3,7,0,0,0,0,0,0,0,0,0,1,0,0,859,0,2,861,0,112,"Panchayat Union Middle  School, SSA Building, South  Facing,  East Portion,  Thennambadi-621316","1.Thennampadi (R.V) Thennampadi (P) Ward-2 Vadakku colony
2.Thennampadi (R.V) Thennampadi (P) Ward-3 Sappani Theru
3.Thennampadi (R.V) Thennampadi (P) Ward-1 Sattikuppanpatti
4.Thennampadi (R.V) Thennampadi (P) Ward-1 Kalasangampatti
5.Thennampadi (R.V) Thennampadi (P) Ward-2 Therkkukodikalpatti
6.Thennampadi (R.V) Thennampadi (P) Ward- 2 Kalarangattupatti
7.Thennampadi (R.V) Thennampadi (P) Ward-6 Koothakudi 999.OVERSEAS  ELECTORS",All Voters,All India Anna Dravida Munnetra Kazhagam,407,224,183,Dravida Munnetra Kazhagam,2,1,3,4,7,5,5,21.30384167636787,12
113,113,11,62,328,2,0,0,49,0,0,1,0,0,0,0,0,0,1,1,1,0,0,0,0,0,0,0,456,0,0,456,0,113,"Panchayat Union Middle  School, North Facing,  West Portion,South Building,  Rajagiri-621316","1.Rajagiri (R.V) Rajagiri (P) Ward-2 Chinnapalanipatti
2.Rajagiri (R.V) Rajagiri (P) Ward-9 Kulakaranpatti
3.Rajagiri (R.V) Rajagiri (P) Ward-7 Athupatti 999.OVERSEAS  ELECTORS",All Voters,All India Anna Dravida Munnetra Kazhagam,328,62,266,Dravida Munnetra Kazhagam,2,1,3,4,6,5,6,58.33333333333334,4
114,114,26,124,346,2,2,1,183,0,0,1,1,0,1,1,1,1,1,2,1,1,0,0,0,0,0,0,695,0,1,696,0,114,"Panchayat Union Middle  School, East Facing,  West  Building,  Rajagiri kulavaippatti- 621316","1.Rajagiri (R.V) Rajagiri (P) Ward-4 Pothiyakonpatti
2.Rajagiri (R.V) Rajagiri (P) Ward-3 Kakkakudi
3.Rajagiri (R.V) Rajagiri (P) Ward-3 Kulavaipatti 999.OVERSEAS  ELECTORS",All Voters,All India Anna Dravida Munnetra Kazhagam,346,183,163,Tamilaga Vettri Kazhagam,3,1,2,4,5,5,7,23.45323741007194,11
115,115,27,91,469,2,2,0,125,0,0,0,0,0,1,2,0,1,1,1,2,2,0,0,0,0,0,2,728,0,0,728,0,115,"Panchayat Union Middle  School, South  Facing,  East  portion,East Building,  Rajagiri-621316","1.Rajagiri (R.V) Rajagiri (P) Ward-4 Koothandammankovil
2.Rajagiri (R.V) Rajagiri (P) Ward-7 Mamarathupatti
3.Rajagiri (R.V) Rajagiri (P) Ward-4 Karaimettupatti
4.Rajagiri (R.V) Rajagiri (P) Ward-1 Kalkuthanpatti 999.OVERSEAS  ELECTORS",All Voters,All India Anna Dravida Munnetra Kazhagam,469,125,344,Tamilaga Vettri Kazhagam,3,1,2,4,5,5,7,47.25274725274725,12
116,116,36,150,549,3,0,2,226,1,0,1,1,1,1,4,0,1,0,1,6,1,0,1,0,0,0,0,985,0,3,988,0,116,"Panchayat Union Middle  School, South  Facing,  West  Portion,  East Building,  Rajagiri-621316","1. Rajagiri (R.V) Rajagiri (P) Ward-8 Sukkampatti
2. Rajagiri (R.V) Rajagiri (P) Ward-8 Kumaravadi natham
3. Rajagiri (R.V) Rajagiri (P) Ward-5,6 Rajagiri
4. Rajagiri (R.V) Rajagiri (P) Ward-6 Chinnarajagiri 999.OVERSEAS  ELECTORS",All Voters,All India Anna Dravida Munnetra Kazhagam,549,226,323,Tamilaga Vettri Kazhagam,3,1,2,4,7,5,6,32.79187817258883,19
117,117,29,203,366,3,1,107,0,0,0,0,0,0,0,0,1,1,2,2,1,0,0,0,1,0,0,0,717,0,0,717,0,117,"Government High School,
East Side, South  Facing,  Terraced Building,  Thirunallur-622102","1.Thirunallur  (R.V) Thirunallur (P) Ward-1 Thirunallur
2.Thirunallur  (R.V) Thirunallur (P) Ward-2 Nachikurichi
3.Thirunallur  (R.V) Thirunallur (P) Ward-2 Arasampatti
4.Thirunallur  (R.V) Thirunallur (P) Ward-4 Mettukalam 999.OVERSEAS  ELECTORS",All Voters,All India Anna Dravida Munnetra Kazhagam,366,203,163,Dravida Munnetra Kazhagam,2,1,7,4,6,5,3,22.73361227336123,8
118,118,42,177,439,6,0,1,181,0,0,1,0,1,1,2,0,1,1,1,0,0,0,0,0,2,2,0,858,0,2,860,0,118,"Government High School,
West Side, South  Facing,Terraced Building,  Thirunallur-622102","1.Thirunallur  (R.V) Thirunallur (P) Ward-4 Sethurapatti
2.Thirunallur  (R.V) Thirunallur (P) Ward-5 Kalarpatti
3.Thirunallur  (R.V) Thirunallur (P) Ward-3 Melakalam
4.Thirunallur  (R.V) Thirunallur (P) Ward-6 Atchanayakanpatti
5.Thirunallur  (R.V) Thirunallur (P) Ward-6 Salaikalam 999.OVERSEAS  ELECTORS",All Voters,All India Anna Dravida Munnetra Kazhagam,439,181,258,Tamilaga Vettri Kazhagam,3,1,2,4,7,5,6,30.06993006993007,12
119,119,10,75,300,1,0,1,106,0,0,0,0,0,1,4,0,1,0,1,0,0,0,0,3,1,1,0,505,0,1,506,0,119,"Panchayat Union Middle  School, South Facing, East  Terraced Building, Kattakudi-622102","1.Kattakudi (R.V) Kattakudi (P) Ward-5 Kattakudi
2.Kattakudi (R.V) Kattakudi (P) Ward-7 Idai Theru 999.OVERSEAS  ELECTORS",All Voters,All India Anna Dravida Munnetra Kazhagam,300,106,194,Tamilaga Vettri Kazhagam,3,1,2,4,7,5,5,38.41584158415841,12
120,120,37,126,430,1,1,0,99,0,1,2,0,0,1,1,1,0,0,1,1,0,3,0,0,0,1,1,707,0,0,707,0,120,"Panchayat Union Middle  School,South Facing,  East Terraced Building,Middle Portion  Kattakudi-622102","1.Kattakudi (R.V) Kattakudi (P) Ward-6 Kalliadaikanpatti
2.Kattakudi (R.V) Kattakudi (P) Ward-1 Alikadu
3.Kattakudi (R.V) Kattakudi (P) Ward-1 Therkupannai
4.Kattakudi (R.V) Kattakudi (P) Ward-2 Atchanayakanpatti
5.Kattakudi (R.V) Kattakudi (P) Ward-2 Sukkankalam
6.Kattakudi (R.V) Kattakudi (P) Ward-2 Nagaram 999.OVERSEAS  ELECTORS",All Voters,All India Anna Dravida Munnetra Kazhagam,430,126,304,Dravida Munnetra Kazhagam,2,1,3,4,5,5,7,42.998585572843,13
121,121,39,113,544,7,0,2,154,1,0,0,2,0,1,1,0,1,0,1,2,0,0,0,0,0,0,1,869,0,4,873,0,121,"Panchayat Union Middle  School,  New Terraced   Building,   South  Facing, Middle  Portion,  Murugakonpatti-622102","1.Kattakudi (R.V) Kattakudi (P) Ward-3 Pappanvayal
2.Kattakudi (R.V) Kattakudi (P) Ward-3 Chinnakurumbapatti
3.Kattakudi (R.V) Kattakudi (P) Ward-3 Velankalpatti
4.Kattakudi (R.V) Kattakudi (P) Ward-4 Periyakurumbapatti
5.Kattakudi (R.V) Kattakudi (P) Ward-4,5 Murugakonpatti 999.OVERSEAS  ELECTORS",All Voters,All India Anna Dravida Munnetra Kazhagam,544,154,390,Tamilaga Vettri Kazhagam,3,1,2,4,7,5,6,44.87917146144994,10
122,122,24,73,246,0,0,0,94,0,1,0,0,0,0,1,0,0,0,0,1,1,0,0,0,0,1,0,442,0,1,443,0,122,"Government Higher Secondary School, Terraced Southern Building, West Portion,  North Facing,  Eluvampatti-622515","1.Suriyur  (R.V) Suriyur (P) Ward-4  Alangulam
2.Suriyur  (R.V) Suriyur (P) Ward-9  Valathadipatti
3.Suriyur  (R.V) Suriyur (P) Ward-9  Pichaithevanpatti
4.Suriyur  (R.V) Suriyur (P) Ward-9  Seethapatti
5.Suriyur  (R.V) Suriyur (P) Ward-9  Kathampatti
6.Suriyur  (R.V) Suriyur (P) Ward-9  Pichaithevanpatti Adidravidar Theru 999.OVERSEAS ELECTORS",All Voters,All India Anna Dravida Munnetra Kazhagam,246,94,152,Tamilaga Vettri Kazhagam,3,1,2,4,5,5,5,34.38914027149321,5
123,123,39,92,436,4,0,0,149,0,0,1,1,1,0,6,0,0,2,0,2,3,0,0,1,0,0,0,737,0,1,738,0,123,"Panchayat union  Primary  School,  East Tiled Building,  South Facing,  North Portion  Muthukrishnanpatti-622515","1.Suriyur  (R.V) Suriyur (P) Ward-1  Puduvayal
2.Suriyur  (R.V) Suriyur (P) Ward-1  Villarodai
3.Suriyur  (R.V) Suriyur (P) Ward-2  Villarodai Colony,
4.Suriyur  (R.V) Suriyur (P) Ward-2,3,4  Muthukrishnanpatti 999.OVERSEAS ELECTORS",All Voters,All India Anna Dravida Munnetra Kazhagam,436,149,287,Tamilaga Vettri Kazhagam,3,1,2,4,6,5,6,38.94165535956581,17
124,124,46,120,512,6,2,0,214,1,0,0,0,0,2,6,0,2,1,2,1,0,1,0,2,0,1,0,919,0,1,920,0,124,"Government Higher Secondary School, Terraced Southern Building, Middle Portion,  North Facing,  Eluvampatti-622515","1.Suriyur  (R.V) Suriyur (P) Ward-5  Suriyur
2.Suriyur  (R.V) Suriyur (P) Ward-4  Eluvampatti
3.Suriyur (R.V) Suriyur (P) Ward-4  Aruvankalpatti 999.OVERSEAS  ELECTORS",All Voters,All India Anna Dravida Munnetra Kazhagam,512,214,298,Tamilaga Vettri Kazhagam,3,1,2,4,6,5,7,32.4265505984766,19
125,125,11,94,294,2,2,1,84,0,0,1,0,1,0,1,1,1,0,1,0,0,0,0,1,1,0,0,496,0,1,497,0,125,"Panchayat Union Elementary  School, East Facing,  Tiled building, Kongudipatti-622515","1.Kongudipatti (R.V) Kongudipatti (P) Ward-1 Kongudipatti
2.Kongudipatti (R.V) Kongudipatti (P) Ward-2 Pannipatti
3.Kongudipatti (R.V) Kongudipatti (P) Ward-1 Chinnakurumbatti 999.OVERSEAS  ELECTORS",All Voters,All India Anna Dravida Munnetra Kazhagam,294,94,200,Dravida Munnetra Kazhagam,2,1,3,4,5,5,7,40.32258064516129,8
126,126,12,86,357,1,0,0,85,0,0,0,0,0,0,0,0,0,0,0,3,0,0,0,0,0,0,0,544,0,1,545,0,126,"Panchayat Union Middle  School,  West Facing,  Terraced Building,  Pilipatti-622102","1.Thannangudi(R.V) Kongudipatti (P) Ward-4 Pilipatti
2.Thannangudi(R.V) Kongudipatti (P) Ward-4,5 P.Mettupatti
3.Thannangudi(R.V) Kongudipatti (P) Ward-6 Thannangudi 999.OVERSEAS  ELECTORS",All Voters,All India Anna Dravida Munnetra Kazhagam,357,86,271,Dravida Munnetra Kazhagam,2,1,3,4,6,5,6,49.81617647058824,3
127,127,28,75,358,5,0,0,99,0,0,2,1,0,1,1,0,1,0,0,2,0,0,0,1,0,0,1,575,0,1,576,0,127,"Government High School,
South Facing, East  Portion,  Terraced Building,  Pakkudi-622102","1.Pakkudi (R.V) Pakkudi (P) Ward-2 Mangalapatti
2.Pakkudi (R.V) Pakkudi (P) Ward-3 Therkkukalam
3.Pakkudi (R.V) Pakkudi (P) Ward-5 Pakudi Harijana colony
4.Pakkudi (R.V) Pakkudi (P) Ward-5 Nedungalakudi
5.Pakkudi (R.V) Pakkudi (P) Ward-6 Idayankalam 999.OVERSEAS  ELECTORS",All Voters,All India Anna Dravida Munnetra Kazhagam,358,99,259,Tamilaga Vettri Kazhagam,3,1,2,4,6,5,6,45.04347826086956,10
128,128,30,62,310,5,1,1,102,1,0,0,0,1,1,2,0,0,1,3,4,1,0,0,0,1,1,0,527,0,0,527,0,128,"Panchayat Union Elementary School, North Facing, Additional New Building, Pakkudi-622102","1.Pakkudi (R.V) Pakkudi (P) Ward-3 Pakkudi
2.Pakkudi (R.V) Pakkudi (P) Ward-1 Valathadipatti
3.Pakkudi (R.V) Pakkudi (P) Ward-3 Arumbalipatti
4.Pakkudi (R.V) Pakkudi (P) Ward-1 Sukkankadu 999.OVERSEAS ELECTORS",All Voters,All India Anna Dravida Munnetra Kazhagam,310,102,208,Tamilaga Vettri Kazhagam,3,1,2,4,6,5,6,39.46869070208729,16
129,129,54,103,444,5,0,1,144,1,0,0,0,0,0,5,0,4,1,0,0,0,0,0,0,0,0,1,763,0,0,763,0,129,"Panchayat Union Elementary  School, South Facing, West  Portion,  Paiyur-622102","1.Pakkudi (R.V) Pakkudi (P) Ward-3 Paiyur Mangalapatti
2.Paiyur  (R.V) Pakkudi (P) Ward-6 Pappankalam
3.Paiyur  (R.V) Pakkudi (P) Ward-8,9 Vittanilaipatti
4.Paiyur  (R.V) Pakkudi (P) Ward-9 Marapatti 999.OVERSEAS  ELECTORS",All Voters,All India Anna Dravida Munnetra Kazhagam,444,144,300,Tamilaga Vettri Kazhagam,3,1,2,4,7,5,6,39.31847968545216,12
130,130,34,133,369,4,0,0,76,0,0,0,1,0,0,3,0,0,1,1,1,1,0,0,0,0,0,0,624,0,0,624,0,130,"Panchayat Union Middle  School, New R.C.C.  Building, South Facing, North Building,  Nariyapatti-622505","1.Vemmani(R.V) Vemmani(P) Ward-5 Periyamoolipatti
2.Vemmani(R.V) Vemmani(P) Ward-5 Chinnamoolipatti
3.Vemmani(R.V) Vemmani(P) Ward-4 Vemmani 999.OVERSEAS  ELECTORS",All Voters,All India Anna Dravida Munnetra Kazhagam,369,133,236,Dravida Munnetra Kazhagam,2,1,3,4,6,5,6,37.82051282051282,8
131,131,16,87,245,6,0,0,79,0,0,0,0,1,1,2,0,0,0,0,3,0,0,1,0,0,0,0,441,0,2,443,0,131,"Panchayat Union Middle  School, New R.C.C.  Building,  West  Portion North Facing  Nariyapatti-622505","1.Vemmani(R.V) Vemmani(P) Ward-6 Mallampatti
2.Vemmani(R.V) Vemmani(P) Ward-1,2,5 Nariapatti
3.Vemmani(R.V) Vemmani(P) Ward-6 Nariapatti colony 999.OVERSEAS  ELECTORS",All Voters,All India Anna Dravida Munnetra Kazhagam,245,87,158,Dravida Munnetra Kazhagam,2,1,3,4,6,5,6,35.82766439909297,8
132,132,25,109,308,7,0,0,76,0,0,0,0,0,0,1,1,0,2,2,4,1,0,0,0,0,1,0,537,0,0,537,0,132,"Panchayat Union Elementary  School, Terraced Building,  South Facing, Mangudi-622505","1.Nangupatti (R.V) Nangupatti (P) Ward-1 Mangudi
2.Nangupatti (R.V) Nangupatti (P) Ward-3 Kalathupatti
3.Nangupatti (R.V) Nangupatti (P) Ward-3 Mettukadai 999.OVERSEAS  ELECTORS",All Voters,All India Anna Dravida Munnetra Kazhagam,308,109,199,Dravida Munnetra Kazhagam,2,1,3,4,6,5,6,37.05772811918063,12
133,133,63,112,353,13,1,0,97,0,0,0,0,0,2,0,0,1,0,0,1,1,0,0,0,0,0,0,644,0,2,646,0,133,"Panchayat Union Elementary  School, Terraced Building,   North  Facing, Mangudi-622505","1.Nangupatti (R.V) Nangupatti (P) Ward-3 Arangudipatti
2.Nangupatti (R.V) Nangupatti (P) Ward-5 S.Nangupatti
3.Nangupatti (R.V) Nangupatti (P) Ward-4 K.Nangupatti
4.Nangupatti(R.V) Nangupatti (P) Ward-5.6 Melasithakudipatti
5.Nangupatti(R.V) Nangupatti (P) Ward-6 Keelasithakudipatti 999.OVERSEAS  ELECTORS",All Voters,All India Anna Dravida Munnetra Kazhagam,353,112,241,Dravida Munnetra Kazhagam,2,1,3,4,6,5,7,37.42236024844721,5
134,134,34,164,548,35,0,1,145,1,0,0,0,0,0,1,1,0,0,0,1,0,0,0,0,0,0,0,931,0,0,931,0,134,"Panchayat Union Elementary  School, New Terraced Building,  South  facing, East Portion, Maruthampatti-622505","1.Maruthampatti (R.V) Nangupatti (P) Ward-2  Kanakanpatti
2.Maruthampatti(R.V) Vilapatti (P) Ward-3 Karupparmalai
3.Maruthampatti(R.V) Vilapatti(P) Ward-3 Maruthampatti
4.Maruthampatti(R.V) Vilapatti(P) Ward-4 Athanampatti
5.Maruthampatti(R.V) Vilapatti(P) Ward-4,5 Mettupatti
6.Maruthampatti(R.V) Vilapatti(P) Ward-6 Pinnankudipatti 999.OVERSEAS  ELECTORS",All Voters,All India Anna Dravida Munnetra Kazhagam,548,164,384,Dravida Munnetra Kazhagam,2,1,3,5,7,4,6,41.24597207303974,4
135,135,46,197,488,5,0,2,212,0,0,0,0,0,2,4,2,0,0,1,5,2,0,0,0,0,0,1,967,0,3,970,0,135,"Panchayat Union Middle  School, West Facing,  North Portion, Vilappatti-622505","1.Vilapatti(R.V) Vilapatti(P) Ward1,2,3,4  Vilappati
2.Vilapatti (R.V) Nangupatti (P) Ward-5 Itchipatti
3.Vilapatti (R.V) Nangupatti (P) Ward-5,6Thulukampatti
4.Vilapatti (R.V) Nangupatti (P) Ward-6 Mettukalam 999.OVERSEAS  ELECTORS",All Voters,All India Anna Dravida Munnetra Kazhagam,488,212,276,Tamilaga Vettri Kazhagam,3,1,2,4,7,5,6,28.54188210961737,17
136,136,44,118,406,2,0,0,221,1,0,2,0,1,1,6,0,2,0,2,6,4,0,0,0,0,2,0,818,0,3,821,0,136,"Panchayat Union Elementary  School, South Facing, Middle  Portion, Lekkanappatti-622504","1.Lekkanapatti (R.V) Lekkanapatti (P) Ward-1 Lekkanapatti Mela theru
2.Lekkanapatti (R.V) Lekkanapatti (P) Ward-2 Lekkanapatti Asari theru
3.Lekkanapatti (R.V) Lekkanapatti (P) Ward-3 Lekkanapatti Muslim theru
4.Lekkanapatti (R.V) Lekkanapatti (P) Ward-4 Lekkanapatti Amabalakara theru Kilakku
5.Lekkanapatti (R.V) Lekkanapatti (P) Ward-2 Lekkanapatti Adidravidar  theru
6.Lekkanapatti (R.V) Lekkanapatti (P) Ward-2 Lekkanapatti Amabalakara theru Merkku
7.Lekkanapatti (R.V) Lekkanapatti (P) Ward-4 Lekkanapatti Keelatheru
8.Lekkanapatti (R.V) Lekkanapatti (P) Ward-1 Soonayankalam
9.Lekkanapatti (R.V) Lekkanapatti (P) Ward-5 Thandipatti
10.Lekkanapatti (R.V) Lekkanapatti (P) Ward-5 Keelakadu 999.OVERSEAS  ELECTORS",All Voters,All India Anna Dravida Munnetra Kazhagam,406,221,185,Tamilaga Vettri Kazhagam,3,1,2,4,6,5,6,22.6161369193154,27
137,137,37,171,357,3,0,3,223,1,0,0,1,0,3,3,2,1,1,1,0,0,0,0,0,0,0,0,807,0,1,808,0,137,"Panchayat Union Elementary  School, West Facing,  North Portion,  Pathipatti-622504","1.Pathipatti(R.V) Lekkanapatti (P) Ward-6 Therkkupatti
2.Pathipatti(R.V) Lekkanapatti (P) Ward-6 Pathipatti Therkku Theru
3.Pathipatti(R.V) Lekkanapatti (P) Ward-7 Pathipatti Melatheru
4.Pathipatti(R.V) Lekkanapatti (P) Ward-7 Pathipatti Vadakkutheru
5.Pathipatti(R.V) Lekkanapatti (P) Ward-4 Pathipatti Ambalakara Theru
6.Pathipatti(R.V) Lekkanapatti (P) Ward-4 Pathipatti Harijana Theru
7.Pathipatti(R.V) Lekkanapatti (P) Ward-8   Kurumbapatti
8.Pathipatti(R.V) Lekkanapatti (P) Ward-8 Beemampatti
9.Pathipatti(R.V) Lekkanapatti (P) Ward-8 Nadarajapuram
10.Pathipatti(R.V) Lekkanapatti (P) Ward-9 Avarangudipatti
11.Pathipatti(R.V) Lekkanapatti (P) Ward-9 Anthankudipatti 999.OVERSEAS  ELECTORS",All Voters,All India Anna Dravida Munnetra Kazhagam,357,223,134,Tamilaga Vettri Kazhagam,3,1,2,4,7,5,5,16.60470879801735,13
138,138,56,211,388,2,0,1,206,0,0,0,0,1,3,0,0,0,0,3,5,0,0,1,1,0,0,0,878,0,0,878,0,138,"Panchayat Union Elementary  School, Terraced Building,  West Portion, North Facing,  Melapuduvayal-622502","1.Melapuduvayal (R.V) Melapuduvayal (P) Ward-9 Ayangudi vayal
2.Melapuduvayal (R.V) Melapuduvayal (P) Ward-9 Veeradivayal
3.Melapuduvayal (R.V) Melapuduvayal (P) Ward-3 Therkkuthuvarayal
4.Melapuduvayal (R.V) Melapuduvayal (P) Ward-2 Poradikalam
5.Melapuduvayal (R.V) Melapuduvayal (P) Ward-4 Vadakku thuvaravayal 999.OVERSEAS  ELECTORS",All Voters,All India Anna Dravida Munnetra Kazhagam,388,211,177,Dravida Munnetra Kazhagam,2,1,3,4,7,5,6,20.15945330296127,14
139,139,49,146,451,1,1,11,170,0,0,0,1,1,0,2,0,1,0,1,3,0,0,1,1,0,0,1,841,0,0,841,0,139,"Panchayat Union Elementary  School, Terraced Building,Melapuduvayal-622502","1.Melapuduvayal (R.V) Melapuduvayal (P) Ward-5,6,7 Melapuduvayal
2.Melapuduvayal (R.V) Melapuduvayal (P) Ward-7 Sethuravayal
3.Melapuduvayal (R.V) Melapuduvayal (P) Ward-9 Seenivayal
4.Melapuduvayal (R.V) Melapuduvayal (P) Ward-8 Udavayal 999.OVERSEAS  ELECTORS",All Voters,All India Anna Dravida Munnetra Kazhagam,451,170,281,Tamilaga Vettri Kazhagam,3,1,2,4,6,6,5,33.41260404280618,12
140,140,30,124,227,4,0,1,110,1,0,0,0,0,0,0,0,0,0,1,0,0,0,0,0,0,0,0,498,0,1,499,0,140,"Panchayat Union Elementary  School, Terraced Building,  South
Kulathur-622504","1.Kulathur  (R.V) Kulathur (P) Ward-2 Gandhi Nagar
2.Kulathur  (R.V) Kulathur (P) Ward-1 Ayikudivayal Salai
3.Kulathur  (R.V) Kulathur (P) Ward-3,4 keelatheru
4.Kulathur (R.V) Kulathur (P) Ward-4 Nayakkar Theru 999.OVERSEAS  ELECTORS",All Voters,All India Anna Dravida Munnetra Kazhagam,227,124,103,Dravida Munnetra Kazhagam,2,1,3,4,7,5,6,20.68273092369478,2
141,141,46,145,379,1,0,1,235,0,0,0,0,1,1,1,1,0,0,1,2,0,0,0,0,0,2,0,816,0,1,817,0,141,"Panchayat Union Elementary  School, New Building,  East Portion, East Facing,  Kulathur-622504","1.Kulathur  (R.V) Kulathur (P) Ward-1 Melatheru
2.Kulathur (R.V) Kulathur (P) Ward-1 Sakkiliya theru
3.Kulathur  (R.V) Kulathur (P) Ward-6 Andi theru 999.OVERSEAS  ELECTORS",All Voters,All India Anna Dravida Munnetra Kazhagam,379,235,144,Tamilaga Vettri Kazhagam,3,1,2,4,7,5,5,17.64705882352941,9
142,142,50,104,265,2,1,1,176,0,0,0,0,0,0,0,0,0,0,1,0,0,0,0,1,0,0,0,601,0,1,602,0,142,"Panchayat Union Elementary  School, Tiled Building,  Kulathur-622504",1.Kulathur  (R.V) Kulathur (P) Ward-3 Keela theru 999.OVERSEAS  ELECTORS,All Voters,All India Anna Dravida Munnetra Kazhagam,265,176,89,Tamilaga Vettri Kazhagam,3,1,2,4,6,5,6,14.80865224625624,2
143,143,25,104,345,4,0,0,123,1,0,1,0,0,0,1,0,0,0,0,2,1,1,0,0,0,0,0,608,0,1,609,0,143,"Panchayat Union Elementary  School, North Side,South  Facing,  West  Portion, Kulathur-622504","1.Kulathur  (R.V) Kulathur (P) Ward-3 Velar Theru
2.Kulathur  (R.V) Kulathur (P) Ward-5 Perumal kovil Theru
3.Kulathur  (R.V) Kulathur (P) Ward-4 Nadupatti
4.Kulathur  (R.V) Kulathur (P) Ward-2 Paratheru 999.OVERSEAS  ELECTORS",All Voters,All India Anna Dravida Munnetra Kazhagam,345,123,222,Tamilaga Vettri Kazhagam,3,1,2,4,6,5,6,36.51315789473684,7
144,144,47,136,525,4,1,0,183,0,0,1,0,0,0,1,0,0,0,1,1,0,0,0,0,0,1,0,901,0,1,902,0,144,"Panchayat Union Middle  School, East Portion,Illaiyavayal-622504","1.Kulathur  (R.V) Kulathur (P) Ward-7 Kallukumiyalpatti
2.Kulathur  (R.V) Kulathur (P) Ward-7 Kovilkadu
3.Kulathur  (R.V) Kulathur (P) Ward-8 Ilayavayal Illaya Tamil Nagar
4.Kulathur  (R.V) Kulathur (P) Ward-8 Ilayavayal
5.Kulathur  (R.V) Kulathur (P) Ward-8 Ilayavayal Pallar  theru
6.Kulathur  (R.V) Kulathur (P) Ward-3 Chinnavandu Poosari theru 999.OVERSEAS  ELECTORS",All Voters,All India Anna Dravida Munnetra Kazhagam,525,183,342,Tamilaga Vettri Kazhagam,3,1,2,4,6,5,7,37.95782463928968,5
145,145,36,97,261,4,0,0,120,2,0,0,0,0,1,3,0,1,1,0,4,0,0,0,0,1,1,0,532,0,1,533,0,145,"Panchayat Union Elementary  School, East Facing,  North  Portion, Aththirivayal-622504","1.Kulathur  (R.V) Kulathur (P) Ward-9 Udaya Malavaranpatti
2.Kulathur  (R.V) Kulathur (P) Ward-3 Valankondar Theru
3.Kulathur  (R.V) Kulathur (P) Ward-9 Athirivayal
4.Kulathur  (R.V) Kulathur (P) Ward-9 Athiruvayal Car  Colony 999.OVERSEAS  ELECTORS",All Voters,All India Anna Dravida Munnetra Kazhagam,261,120,141,Tamilaga Vettri Kazhagam,3,1,2,4,6,5,6,26.50375939849624,14
146,146,65,113,467,8,0,1,183,2,0,1,0,3,1,4,1,1,0,0,3,0,0,0,0,0,0,0,853,0,0,853,0,146,"Panchayat Union Middle  School,
R.C.C.  Building, West  Portion, Odukkur-622504","1. Vadugapatti (R.V) Odukkur (P) Ward-2 Vadugapatti
2. Vadugapatti (R.V) Odukkur (P) Ward-2 Kambamedu
3. Vadugapatti (R.V) Odukkur (P) Ward-1 Kottapallam
4. Vadugapatti (R.V) Odukkur (P) Ward-1 Kullanaripatti
5.Odukkur (R.V) Odukkur (P) Ward-2 Veeradivayal
6.Odukkur (R.V) Odukkur (P) Ward-3 Soottukaranpatti
7.Odukkur (R.V) Odukkur (P) Ward-3 IIlandhavadi
8.Odukkur (R.V) Odukkur (P) Ward-5 Idayartheru 999.OVERSEAS  ELECTORS",All Voters,All India Anna Dravida Munnetra Kazhagam,467,183,284,Tamilaga Vettri Kazhagam,3,1,2,4,7,5,6,33.29425556858148,16
147,147,32,134,447,2,0,4,226,0,0,0,0,1,1,2,2,3,2,0,1,1,0,0,0,0,0,0,858,0,1,859,1,147,"Panchayat Union Middle  School,
R.C.C.  Building, North  Portion, Odukkur-622504","1.Odukkur (R.V) Odukkur (P) Ward-2 Odukkur
2.Odukkur (R.V) Odukkur (P) Ward-7,8 Adidravidar  Theru
3.Odukkur (R.V) Odukkur (P) Ward-9 Kannampatti 999.OVERSEAS  ELECTORS",All Voters,All India Anna Dravida Munnetra Kazhagam,447,226,221,Tamilaga Vettri Kazhagam,3,1,2,4,7,6,5,25.75757575757576,13
148,148,23,169,483,3,0,0,173,1,2,2,2,1,2,3,0,2,1,1,0,0,0,0,0,0,2,0,870,0,3,873,0,148,"Panchayat Union Elementary  School, South Facing, Additional New Building, Thayinipatti-622101","1.Thayinipatti (R.V) Thayinipatti (P) Ward-6 Thayinipatti
2.Thayinipatti(R.V) Thayinipatti(P) Ward-2 Iluppakudipatti Harijana colony
3.Thayinipatti (R.V) Thayinipatti (P) Ward-2 Iluppakudipatti Kilakku theru
4.Thayinipatti(R.V) Thayinipatti (P) Ward-1 Iluppakudipatti vadakku Theru
5.Thayinipatti (R.V) Thayinipatti (P) Ward-1 Puduvayal Paguthi
6.Perungudipatti (R.V) Thayinipatti (P) Ward-3 kattumaruthampatti Harijana colony
7.Perungudipatti (R.V) Thayinipatti (P) Ward-3 kattumaruthanpatti
8.Perungudipatti (R.V) Thayinipatti (P) Ward-4 Sirumangalaapatti
9.Perungudipatti (R.V) Thayinipatti (P) Ward-5 Perungudipatti 999.OVERSEAS  ELECTORS",All Voters,All India Anna Dravida Munnetra Kazhagam,483,173,310,Tamilaga Vettri Kazhagam,3,1,2,4,6,5,6,35.63218390804598,19
149,149,17,147,382,4,1,0,110,0,0,1,2,0,1,0,0,0,1,1,4,1,0,0,0,0,0,0,672,0,1,673,0,149,"Panchayat Union Elementary  School, East Facing,  Tiled Building, Sithupatti-622101","1.Vilathupatti (R.V) Vilathupatti (P) Ward-4 Sithupatti
2.Vilathupatti (R.V) Vilathupatti (P) Ward-4 Kallampatti
3.Vilathupatti (R.V) Vilathupatti (P) Ward-5 Kattayakonpatti 999.OVERSEAS  ELECTORS",All Voters,All India Anna Dravida Munnetra Kazhagam,382,147,235,Dravida Munnetra Kazhagam,2,1,3,4,6,5,7,34.97023809523809,11
150,150,21,141,264,4,0,2,110,1,1,0,1,1,1,1,0,1,1,0,0,0,0,0,1,0,0,1,552,0,1,553,0,150,"Panchayat Union Elementary  School, North Facing,  Tiled Building, Kalaikudippatti-622101","1.Vilathupatti (R.V) Vilathupatti (P) Ward-1 Kalaikudipatti
2.Vilathupatti (R.V) Vilathupatti (P) Ward-1 Soorakudipatti
3.Vilathupatti (R.V) Vilathupatti (P) Ward-1 Puramalai Pudur
4.Vilathupatti (R.V) Vilathupatti (P) Ward-4 Melakarupadipati
5.Vilathupatti (R.V) Vilathupatti (P) Ward-1 Vengaikurichi 999.OVERSEAS  ELECTORS",All Voters,All India Anna Dravida Munnetra Kazhagam,264,141,123,Dravida Munnetra Kazhagam,2,1,3,4,7,5,6,22.28260869565217,10
151,151,41,64,255,6,1,1,71,1,2,0,1,0,0,2,0,1,1,0,4,0,0,1,0,0,0,1,453,0,3,456,0,151,"Panchayat Union Elementary  School, South Facing, Tiled Building, Ethinipatti-622101","1.Vilathupatti (R.V) Vilathupatti (P) Ward-2 Ethinipatti
2.Vilathupatti (R.V) Vilathupatti (P) Ward-2 Sevathuppatti
3.Vilathupatti (R.V) Vilathupatti (P) Ward-2 Keelakarupadippatti 999.OVERSEAS  ELECTORS",All Voters,All India Anna Dravida Munnetra Kazhagam,255,71,184,Tamilaga Vettri Kazhagam,3,1,2,4,6,5,6,40.61810154525386,14
152,152,22,105,183,6,0,0,60,0,0,0,0,0,0,0,1,0,0,3,1,0,0,0,0,0,0,1,382,0,0,382,0,152,"Panchayat Union   Elementary School, South Facing, Tiled Building, Vilathupatti-622101",1.Vilathupatti(R.V) Vilathupatti(P) Ward-3 Vilathupatti,All Voters,All India Anna Dravida Munnetra Kazhagam,183,105,78,Dravida Munnetra Kazhagam,2,1,3,4,6,5,6,20.41884816753927,6
153,153,29,181,298,3,5,1,150,0,0,0,0,0,0,2,0,1,1,1,1,1,1,0,1,0,0,0,676,0,1,677,0,153,"Panchayat Union Middle  School, South Building,  East  Portion,  North Facing,  Oorapatti-622101","1.Vilathupatti(R.V) Vilathupatti(P) Ward-3 Vilathivayal
2.Vilathupatti(R.V) Vilathupatti(P) Ward-5 Paipatti
3.Vilathupatti(R.V) Vilathupatti(P) Ward-6 OOrapatti Merku
4.Vilathupatti(R.V) Vilathupatti(P) Ward-7 Oorapatti Kilakku
5.Vilathupatti(R.V) Vilathupatti(P) Ward-2 Oorapatti 999.OVERSEAS  ELECTORS",All Voters,All India Anna Dravida Munnetra Kazhagam,298,181,117,Dravida Munnetra Kazhagam,2,1,3,4,5,6,7,17.30769230769231,9
154,154,51,144,500,0,0,0,354,0,0,0,0,0,1,0,0,1,0,0,0,0,0,0,0,0,1,1,1053,0,7,1060,0,154,"Panchayath Union Elemantary  School, South Facing, Terraced Building, Meivazhisalai-622101","1.Vilathupatti(R.V) Vilathupatti(P) Ward-5 Pukkudipatti
2.Vilathupatti(R.V) Vilathupatti(P) Ward-7 Meivalisalai Kilakku
3.Vilathupatti(R.V) Vilathupatti(P) Ward-6 Meivalisalai Merku
4.Vilathupatti(R.V) Vilathupatti(P) Ward-8.9 Meivalisalai Vadakku 999.OVERSEAS  ELECTORS",All Voters,All India Anna Dravida Munnetra Kazhagam,500,354,146,Tamilaga Vettri Kazhagam,3,1,2,4,5,5,5,13.86514719848053,4
155,155,42,186,466,4,4,0,166,1,0,0,0,0,2,1,0,3,2,2,4,0,0,0,0,0,2,0,885,0,1,886,0,155,"Panchayat Union Elementary  School, South Facing, Tiled Building, Keelakuruchi-622101","1.Keelakurichi (R.V) Keelakurichi (P) Ward-1 Vadakku Theru
2.Keelakurichi (R.V) Keelakurichi (P) Ward-2 Adidiravidar  Theru-1
3.Keelakurichi (R.V) Keelakurichi (P) Ward-2 Therkkutheru
4.Keelakurichi (R.V) Keelakurichi (P) Ward-2 Ambalakarar  Theru
5.Keelakurichi (R.V) Keelakurichi (P) Ward-2 Adidiravidartheru -2 999.OVERSEAS  ELECTORS",All Voters,All India Anna Dravida Munnetra Kazhagam,466,186,280,Dravida Munnetra Kazhagam,2,1,3,4,5,5,7,31.63841807909605,17
156,156,39,135,464,9,0,0,138,0,0,0,0,1,1,2,0,1,0,0,3,0,0,0,0,0,0,0,793,0,1,794,0,156,"Panchayat Union Elementary  School, West Facing  Tiled Building, Keelakurichi-622101","1.Keelakurichi (R.V) Keelakurichi (P) Ward-6 Kallichivayal
2.Keelakurichi (R.V) Keelakurichi (P) Ward-3 Valangaiman
3.Keelakurichi (R.V) Keelakurichi (P) Ward-3 Pirampatti
4.Keelakurichi (R.V) Keelakurichi (P) Ward-5 Harijan  Theru
5.Keelakurichi (R.V) Keelakurichi (P) Ward-2 Kamabagampatti
6.Keelakurichi (R.V) Keelakurichi (P) Ward-2 Malampatti
7.Keelakurichi (R.V) Keelakurichi (P) Ward-2 Kayampatti 999.OVERSEAS  ELECTORS",All Voters,All India Anna Dravida Munnetra Kazhagam,464,138,326,Tamilaga Vettri Kazhagam,3,1,2,4,6,5,6,41.10970996216898,8
157,157,41,116,399,5,0,0,141,0,1,0,1,0,1,1,0,1,1,0,0,0,0,0,0,0,0,0,708,0,3,711,0,157,"Panchayat Union Elementary  School, North Terraced Building,west Facing, Rapoosal-622102","1.Rapposal (R.V) Rapposal (P) Ward-1 kashpa Rapposal
2.Rapposal (R.V) Rapposal (P) Ward-2 Karumaripannai
3.Rapposal (R.V) Rapposal (P) Ward-2 Appachipannai
4.Rapposal (R.V) Rapposal (P) Ward-2 Kokkayi Pannai
5.Rapposal (R.V) Rapposal (P) Ward-2 Paraikalam
6.Rapposal (R.V) Rapposal (P) Ward-2 Kunjayi Pannai
7.Rapposal (R.V) Rapposal (P) Ward-2 Panipatti 999.OVERSEAS  ELECTORS",All Voters,All India Anna Dravida Munnetra Kazhagam,399,141,258,Tamilaga Vettri Kazhagam,3,1,2,4,6,5,6,36.4406779661017,6
158,158,20,72,438,2,0,0,126,0,1,0,3,0,0,3,0,2,3,0,4,1,0,0,0,0,1,0,676,0,1,677,0,158,"Panchayat Union Elementary  School, South Terraced Building,West Facing, Rapoosal-622102","1.Rapposal (R.V) Rapposal (P) Ward-1 Merkathiyan pannai
2.Rapposal (R.V) Rapposal (P) Ward-1 Pathikaran Pannai
3.Rapposal (R.V) Rapposal (P) Ward-1 Marichukatti
4.Rapposal (R.V) Rapposal (P) Ward-1 KalingIpatti
5.Rapposal (R.V) Rapposal (P) Ward-1 Kurumpatti
6.Rapposal (R.V) Rapposal (P) Ward-1 Kallukkadu
7.Rapposal (R.V) Rapposal (P) Ward-2 Keelakalam
8.Rapposal (R.V) Rapposal (P) Ward-3 Ayingudipatti
9.Rapposal (R.V) Rapposal (P) Ward-3 Kovilmedu
10.Rapposal (R.V) Rapposal (P) Ward-3 Theethanpannai
11.Rapposal (R.V) Rapposal (P) Ward-3 Puliyampatti 999.OVERSEAS  ELECTORS",All Voters,All India Anna Dravida Munnetra Kazhagam,438,126,312,Tamilaga Vettri Kazhagam,3,1,2,4,6,5,6,46.15384615384615,18
159,159,24,64,183,4,0,0,78,0,0,0,0,0,0,2,0,0,0,1,5,0,0,0,0,0,1,0,362,0,5,367,0,159,"Panchayat Union Middle  School,  South Building,  Middle  Portion,  East Facing, Erukkumanipatti-622102","1.Rapposal (R.V) Rapposal (P) Ward-5 Sevakalam
2.Rapposal (R.V) Rapposal (P) Ward-5 Pariyari Theru
3.Rapposal (R.V) Rapposal (P) Ward-5 Kandanpannai
4.Rapposal (R.V) Rapposal (P) Ward-5 Pattaiyarkalam Vadatheru
5.Rapposal (R.V) Rapposal (P) Ward-5 Pattaiyarkalam Therkkutheru
6.Rapposal (R.V) Rapposal (P) Ward-3 Servarayankalam
7.Rapposal (R.V) Rapposal (P) Ward-5 Pollipannai
8.Rapposal (R.V) Rapposal (P) Ward-6 Kulavaipatti Thenpagam
9.Rapposal (R.V) Rapposal (P) Ward-6 Kulavaipatti Vadapagam 999.OVERSEAS  ELECTORS",All Voters,All India Anna Dravida Munnetra Kazhagam,183,78,105,Tamilaga Vettri Kazhagam,3,1,2,4,6,5,6,29.00552486187845,9
160,160,44,179,524,1,1,0,181,0,0,0,2,1,2,2,0,0,0,4,2,1,0,0,0,1,2,0,947,0,2,949,0,160,"Panchayat Union Middle  School,  North Building,   East  Facing,  South Portion, Erukkumanipatti-622102","1.Rapposal (R.V) Rapposal (P) Ward- 7 Erukkumanipatti Vadapagam
2.Rapposal (R.V) Rapposal (P) Ward-8 ErukkumaniPatti Thenpagam
3.Rapposal (R.V) Rapposal (P) Ward-9 Kuppathupatti 999.OVERSEAS  ELECTORS",All Voters,All India Anna Dravida Munnetra Kazhagam,524,181,343,Tamilaga Vettri Kazhagam,3,1,2,4,5,5,7,36.21964097148891,17
161,161,60,108,337,4,0,0,148,1,1,0,2,1,4,2,3,2,1,0,1,1,0,0,0,0,1,0,677,0,0,677,0,161,"Panchayat Union Middle  School,
New Terraced Building,  South  Facing, East Portion,Vettukadu-622102","1.Vettukadu (R.V) Vettukadu (P) Ward-4,5 Polampatti
2.Vettukadu (R.V) Vettukadu (P) Ward-6 Paraikalam
3.Vettukadu (R.V) Vettukadu (P) Ward-2 Vadugapatti 999.OVERSEAS  ELECTORS",All Voters,All India Anna Dravida Munnetra Kazhagam,337,148,189,Tamilaga Vettri Kazhagam,3,1,2,4,6,5,6,27.91728212703102,20
162,162,42,215,482,7,1,0,313,0,0,0,1,0,1,5,0,1,0,1,5,1,1,0,0,0,2,1,1079,0,1,1080,0,162,"Panchayat Union Elementary  School, New Terraced Building,  West Facing,V.Udaiyampatti-622102","1.Vettukadu (R.V) Vettukadu (P) Ward-9 Thottiyampatti
2.Vettukadu (R.V) Vettukadu (P) Ward-3 Udayampatti
3.Vettukadu (R.V) Vettukadu (P) Ward-1,  2,  3 Mahudupatti 999.OVERSEAS  ELECTORS",All Voters,All India Anna Dravida Munnetra Kazhagam,482,313,169,Tamilaga Vettri Kazhagam,3,1,2,4,6,5,7,15.66265060240964,19
163,163,19,128,438,2,4,0,129,0,0,0,0,0,1,1,0,0,0,1,3,0,0,0,0,0,0,0,726,0,2,728,0,163,"Government High School,
Terraced Building,  East Portion, North Facing,  Irundirapatti-622102","1.Irundirapatti (R.V) Irundirapatti (P) Ward-6 Irundirapatti
2.Irundirapatti (R.V) Irundirapatti (P) Ward-5 Mettupatti
3.Irundirapatti (R.V) Irundirapatti (P) Ward-4 Thannangudi 999.OVERSEAS  ELECTORS",All Voters,All India Anna Dravida Munnetra Kazhagam,438,129,309,Tamilaga Vettri Kazhagam,3,1,2,4,5,6,7,42.56198347107438,6
164,164,32,139,424,5,1,3,180,0,0,1,0,0,1,1,1,3,1,1,1,0,0,0,2,0,4,0,800,0,3,803,0,164,"Government High School,
New Building,  North  Facing,  Middle Portion,  Irundirapatti-622102","1.Irundirapatti (R.V) Irundirapatti (P) Ward-4 Karaimedu
2.Irundirapatti (R.V) Irundirapatti (P) Ward-8 Sathampatti
3.Irundirapatti (R.V) Irundirapatti (P) Ward-9 Panipatti
4.Irundirapatti (R.V) Irundirapatti (P) Ward-8 Thimmayampatti
5.Irundirapatti (R.V) Irundirapatti (P) Ward-8 Vagavayal 999.OVERSEAS  ELECTORS",All Voters,All India Anna Dravida Munnetra Kazhagam,424,180,244,Tamilaga Vettri Kazhagam,3,1,2,4,7,5,6,30.5,16
165,165,38,174,586,8,2,1,153,1,0,0,1,2,2,3,3,2,1,0,2,1,0,0,1,0,1,1,983,0,4,987,0,165,"Panchayat Union Elementary  School, Terraced Building,Kurumpatti-622102","1.Irundirapatti (R.V) Irundirapatti (P) Ward-2,3 kurumpatti
2.Irundirapatti (R.V) Irundirapatti (P) Ward-4 Othakadai
3.Irundirapatti (R.V) Irundirapatti (P) Ward-1 Idayarkalam
4.Irundirapatti (R.V) Irundirapatti (P) Ward-1 Karanthapatti
5.Irundirapatti (R.V) Irundirapatti (P) Ward-1 Marapatti
6.Irundirapatti (R.V) Irundirapatti (P) Ward-8 kallupatti 999.OVERSEAS  ELECTORS",All Voters,All India Anna Dravida Munnetra Kazhagam,586,174,412,Dravida Munnetra Kazhagam,2,1,3,4,6,5,7,41.91251271617497,21
166,166,43,231,547,6,0,3,144,0,0,0,0,0,1,2,2,3,0,1,2,1,0,0,0,0,0,1,987,0,1,988,0,166,"Panchayat Union Middle  School,   Old Terraced Building,  West Facing,  South Portion,  Eswarankovil-622102","1.Eswarankovil (R.V) Eswarankovil (P) Ward-5 Govindanayakkanpatti
2.Eswarankovil (R.V) Eswarankovil (P) Ward-6,  7,  8, 9  Vadakku Eruthupatti,  Therkku Eruthupatti
999.OVERSEAS  ELECTORS",All Voters,All India Anna Dravida Munnetra Kazhagam,547,231,316,Dravida Munnetra Kazhagam,2,1,3,4,7,5,6,32.016210739615,13
167,167,52,156,422,4,1,0,188,0,0,0,2,2,0,5,0,2,0,0,2,0,0,0,2,2,2,0,842,0,1,843,0,167,"Panchayat Union Middle  School,  East Portion,  South Facing, New Terraced Building,   Eswarankovil-622102","1.Eswarankovil (R.V) Eswarankovil (P) Ward-1 Seethapatti
2.Eswarankovil (R.V) Eswarankovil (P) Ward-1 Valluvar nagar
3.Eswarankovil (R.V) Eswarankovil (P) Ward-2 Sulukkipatti
4.Eswarankovil (R.V) Eswarankovil (P) Ward-4 kurichipatti
5.Eswarankovil (R.V) Eswarankovil (P) Ward-4 Seeganvayal 999.OVERSEAS  ELECTORS",All Voters,All India Anna Dravida Munnetra Kazhagam,422,188,234,Tamilaga Vettri Kazhagam,3,1,2,4,6,5,7,27.79097387173396,19
168,168,9,179,328,0,0,1,141,0,0,0,0,0,0,1,1,1,0,0,0,0,0,0,0,0,0,0,661,0,1,662,0,168,"Government Higher Secondary School, South Facing, South  East  Terraced Building,  West Portion,  Malaikudipatti-622102","1.Kothirappatti (R.V) Kothirappatti (P) Ward-5,6 Malaikudipatti 999.OVERSEAS  ELECTORS",All Voters,All India Anna Dravida Munnetra Kazhagam,328,179,149,Dravida Munnetra Kazhagam,2,1,3,4,6,6,5,22.54160363086233,3
169,169,27,162,556,3,3,0,178,0,0,1,0,0,4,2,2,0,1,1,1,0,0,0,1,0,1,0,943,0,2,945,0,169,"Panchayat Union Middle  School, North Facing,  Terraced Building, Kothirappatti-622102","1.Kothirappatti (R.V) Kothirappatti (P) Ward-7 Keelakothirapatti
2.Kothirappatti (R.V) Kothirappatti (P) Ward-8 Melakothirapatti
3.Kothirappatti (R.V) Kothirappatti (P) Ward-9 Therkupatti
4.Kothirappatti (R.V) Kothirappatti (P) Ward-9 Itchangudi
5.Kothirappatti (R.V) Kothirappatti (P) Ward-9 Saralapatti
6.Kothirappatti (R.V) Kothirappatti (P) Ward-8 Vadakkipatti
7.Kothirappatti (R.V) Kothirappatti (P) Ward-8 Sakkiliyakudi 999.OVERSEAS  ELECTORS",All Voters,All India Anna Dravida Munnetra Kazhagam,556,178,378,Tamilaga Vettri Kazhagam,3,1,2,4,5,5,7,40.084835630965,14
170,170,22,173,561,3,1,0,262,0,0,0,0,0,1,1,2,1,0,0,5,0,0,0,0,0,0,1,1033,0,3,1036,0,170,"Government Higher Secondary School, Middle  Portion,  East Facing, Malaikudipatti-622102","1.Kothirappatti (R.V) Kothirappatti (P) Ward-5,  6 Malaikudipatti 999.OVERSEAS ELECTORS",All Voters,All India Anna Dravida Munnetra Kazhagam,561,262,299,Tamilaga Vettri Kazhagam,3,1,2,4,6,5,7,28.94482090997096,11
171,171,8,32,183,0,1,0,70,0,0,0,0,0,0,0,1,0,0,0,0,0,1,0,0,1,3,0,300,0,1,301,0,171,"Government Higher Secondary School, Southern Side  East Facing, Malaikudipatti-622102","1.Kothirappatti (R.V) Kothirappatti (P) Ward-7 Seethamedu
2.Kothirappatti (R.V) Kothirappatti (P) Ward-1 Pulavanpatti 999.OVERSEAS  ELECTORS",All Voters,All India Anna Dravida Munnetra Kazhagam,183,70,113,Tamilaga Vettri Kazhagam,3,1,2,4,5,6,6,37.66666666666666,6
172,172,22,165,302,4,0,1,166,0,0,0,0,1,1,0,0,0,0,1,0,0,0,1,0,0,1,0,665,0,0,665,0,172,"AnganwadiCentre  North  Terraced Building,  South Facing  Mettupatti (Theravur)-621316","1.Theravur (R.V) Theravur (P) Ward-3 Theravur
2.Theravur (R.V) Theravur (P) Ward-3 Keelatheravur
3.Theravur (R.V) Theravur (P) Ward-4 Karuthangalpatti
4.Theravur (R.V) Theravur (P) Ward-9 Vellalapatti 999.OVERSEAS  ELECTORS",All Voters,All India Anna Dravida Munnetra Kazhagam,302,166,136,Tamilaga Vettri Kazhagam,3,1,2,4,7,5,6,20.45112781954887,5
173,173,18,111,426,3,0,0,105,1,2,0,0,0,1,1,0,0,0,1,2,1,0,0,1,1,0,0,674,0,1,675,0,173,"Panchayat Union Middle  School, Additional Building,   North  Facing, South Building,  Mettupatti (Theravur)-621316","1.Theravur (R.V) Theravur (P) Ward- 7 Kottamarathupunjai
2.Theravur (R.V) Theravur (P) Ward- 9 Annasamuthiram
3.Theravur (R.V) Theravur (P) Ward-8   Keelakadu
4.Theravur (R.V) Theravur (P) Ward-1 Mathirappatti
5.Theravur (R.V) Theravur (P) Ward-8 Annavikavundanpatti
6.Theravur (R.V) Theravur (P) Ward-8 Nedunkattupatti 999.OVERSEAS  ELECTORS",All Voters,All India Anna Dravida Munnetra Kazhagam,426,111,315,Dravida Munnetra Kazhagam,2,1,3,4,6,5,6,46.73590504451038,11
174,174,28,166,519,2,0,1,168,0,0,0,0,0,2,1,0,1,1,1,1,0,0,0,0,0,1,0,892,0,1,893,0,174,"Panchayat Union Middle  School, East Terraced Building, West  Facing, South Portion,  Mettuppatti Theravur-621316","1.Theravur (R.V) Theravur (P) Ward-7 Mettupatti
2.Theravur (R.V) Theravur (P) Ward-8 Annavikoundanpatti
3.Theravur (R.V) Theravur (P) Ward-8 Nedunkattupatti
4.Theravur (R.V) Theravur (P) Ward-8 Vannarapatti 999.OVERSEAS  ELECTORS",All Voters,All India Anna Dravida Munnetra Kazhagam,519,168,351,Tamilaga Vettri Kazhagam,3,1,2,4,7,5,6,39.34977578475337,8
175,175,20,79,461,3,1,0,126,0,0,0,0,0,1,2,1,2,1,0,1,0,0,0,0,0,2,2,702,0,0,702,0,175,"Panchayat Union   Primary  School,  West Terraced Building,  East Facing,  South Portion,   Melaimbampatti -621316","1.Agarapatti (R.V) Agarapatti (P) Ward-6  Keelaimbampatti
2.Agarapatti (R.V) Agarapatti (P) Ward-5  Melaimbampatti 999.OVERSEAS  ELECTORS",All Voters,All India Anna Dravida Munnetra Kazhagam,461,126,335,Tamilaga Vettri Kazhagam,3,1,2,4,6,5,7,47.72079772079772,12
176,176,22,114,282,5,0,1,135,0,0,0,0,0,1,2,0,0,0,1,0,2,0,0,0,0,0,0,565,0,0,565,0,176,"Panchayat Union Elementary  School, North Building,  East  Portion ,South Facing,  Agarapatti-621305","1.Agarapatti (R.V) Agarapatti (P) Ward-3  Adidravidarcolony
2.Agarapatti (R.V)Agarapatti (P) Ward-3 Keela Melakavunder Theru
3.Agarapatti (R.V) Agarapatti (P) Ward-4  Mela Agarapatti
4.Agarapatti(R.V) Agarapatti(P) Ward-4Agarapatti Therkku kavunder  Theru 999.OVERSEAS  ELECTORS",All Voters,All India Anna Dravida Munnetra Kazhagam,282,135,147,Tamilaga Vettri Kazhagam,3,1,2,4,7,5,6,26.01769911504424,6
177,177,25,90,389,2,0,0,123,2,0,0,1,0,2,1,0,1,0,0,1,0,0,0,0,0,0,0,637,0,1,638,0,177,"Panchayath Union Elementary  School, East Facing,  New Terraced Building, Chellampatti-622305","1.Agarapatti (R.V)Agarapatti (P) Ward-7,8Chellampatti Adidravidar Theru
2.Agarapatti (R.V) Agarapatti (P) Ward-7,8 Chellampatti kavunder  Theru
3.Agarapatti (R.V) Agarapatti (P) Ward-9  Kayampatti Adidravidar  Theru 999.OVERSEAS  ELECTORS",All Voters,All India Anna Dravida Munnetra Kazhagam,389,123,266,Tamilaga Vettri Kazhagam,3,1,2,4,6,5,6,41.75824175824176,8
178,178,34,90,372,0,0,2,158,2,0,0,0,0,3,1,1,0,1,0,2,2,0,0,0,0,0,0,668,0,1,669,0,178,"Panchayat Union Middle  School, East Building, South  Facing, Lanjamedu Agarapatti-621305","1.Agarapatti (R.V) Agarapatti (P) Ward-1  lanjamedu Adidravidar  Theru
2.Agarapatti (R.V) Agarapatti (P) Ward-2  lanjamedu kuravar Theru,  Kounder Theru 999.OVERSEAS  ELECTORS",All Voters,All India Anna Dravida Munnetra Kazhagam,372,158,214,Tamilaga Vettri Kazhagam,3,1,2,4,6,6,5,32.03592814371257,12
179,179,20,58,346,1,1,0,134,0,0,1,1,0,1,1,0,1,0,0,1,0,0,0,0,2,0,1,569,0,0,569,0,179,"Panchayat Union Primary  School, North Side,Terraced Building, South Facing,  Meenaveli-622305","1.Meenaveli (R.V) Meenaveli (P) Ward-1 Annathanapatti
2.Meenaveli (R.V) Meenaveli (P) Ward-9 Perichipatti 999.OVERSEAS  ELECTORS",All Voters,All India Anna Dravida Munnetra Kazhagam,346,134,212,Tamilaga Vettri Kazhagam,3,1,2,4,5,5,7,37.25834797891036,9
180,180,14,114,410,0,0,0,160,0,0,0,0,0,0,2,0,0,0,0,2,0,0,0,0,0,0,0,702,0,1,703,0,180,"Panchayat Union Primary  School, West Facing,  East  Terraced Building, Meenaveli-622305","1.Meenaveli (R.V) Meenaveli (P) Ward-2,  3,4 Chitirampatti 999.OVERSEAS  ELECTORS",All Voters,All India Anna Dravida Munnetra Kazhagam,410,160,250,Tamilaga Vettri Kazhagam,3,1,2,4,5,5,5,35.61253561253561,4
181,181,11,61,257,2,1,1,163,1,0,0,0,0,0,2,0,0,0,0,0,0,0,0,0,1,0,0,500,0,0,500,0,181,"Panchayat Union Primary  School, North Facing,  South Terraced Building, Meenaveli-622305","1.Meenaveli (R.V) Meenaveli (P) Ward-7,8  Meenaveli 999.OVERSEAS  ELECTORS",All Voters,All India Anna Dravida Munnetra Kazhagam,257,163,94,Tamilaga Vettri Kazhagam,3,1,2,4,6,5,6,18.8,4
182,182,12,132,397,1,1,0,115,0,0,0,0,0,0,0,0,0,0,0,1,0,0,0,1,0,0,0,660,0,0,660,0,182,"Panchayat Union   Elementary School, Terraced Building,  South Fcing,  West Portion,  Vellayakavundanpatti -621316","1.Meenaveli (R.V) Meenaveli (P) Ward-4,5,  Vellayakavundanpatti 999.OVERSEAS  ELECTORS",All Voters,All India Anna Dravida Munnetra Kazhagam,397,132,265,Dravida Munnetra Kazhagam,2,1,3,4,5,5,7,40.15151515151515,2
183,183,42,184,486,2,1,0,222,1,0,0,1,0,1,1,1,0,2,0,7,2,0,0,0,0,2,0,955,0,2,957,0,183,"Panchayat Union Elementary  School, South Facing, New Terraced Building, West Portion, M.Udaiyampatti-622102","1.Ennai (R.V) Ennai (P) Ward-1 Sankirapatti
2.Ennai (R.V) Ennai (P) Ward-2 Udayanpatti
3.Ennai (R.V) Ennai (P) Ward-3 Mathirampatti
4.Ennai (R.V) Ennai (P) Ward-2 U.  Pudu Nagar
5.Ennai (R.V) Ennai (P) Ward-7 Melapatti Anna Nagar 999.OVERSEAS  ELECTORS",All Voters,All India Anna Dravida Munnetra Kazhagam,486,222,264,Tamilaga Vettri Kazhagam,3,1,2,4,6,5,7,27.64397905759162,18
184,184,42,166,503,5,0,1,252,1,0,0,0,0,1,0,0,0,1,5,10,1,0,0,3,0,2,0,993,0,2,995,0,184,"Panchayat Union Middle  School, Terraced Building,  South Portion,  East Facing,  Melapatti-622102","1.Ennai (R.V) Ennai (P) Ward-4 Melapatti
2.Ennai (R.V) Ennai (P) Ward-4 Poonaikuthipatti 999.OVERSEAS  ELECTORS",All Voters,All India Anna Dravida Munnetra Kazhagam,503,252,251,Tamilaga Vettri Kazhagam,3,1,2,4,7,5,6,25.27693856998993,24
185,185,46,83,360,0,1,2,90,0,0,0,1,0,2,1,0,2,0,0,0,0,0,0,0,0,0,0,588,0,1,589,0,185,"Panchayat Union Middle  School, East Facing,  North  SSA Building, Melapatti-622102","1.Ennai (R.V) Ennai (P) Ward-6 Salaipatti
2.Ennai (R.V) Ennai (P) Ward-6 Valayapatti
3.Ennai (R.V) Ennai (P) Ward-6 M.kurumbapatti 999.OVERSEAS  ELECTORS",All Voters,All India Anna Dravida Munnetra Kazhagam,360,90,270,Tamilaga Vettri Kazhagam,3,1,2,4,6,7,5,45.91836734693878,6
186,186,44,129,626,3,2,0,143,1,0,0,0,0,0,4,0,1,0,0,1,0,0,0,0,0,0,0,954,0,0,954,0,186,"AdiDravidar  Welfare  Elemantary School, South Facing, Middle  Portion,  New Terraced Building,  Meyyakoundanpatti-622102","1.Ennai (R.V) Ennai (P) Ward-5 Meiyakavoundanpatti
2.Ennai (R.V) Ennai (P) Ward-5 Melapannai
3.Ennai (R.V) Ennai (P) Ward-5 Senakovil
4.Ennai (R.V) Ennai (P) Ward-5 Kalingikalam
5.Ennai (R.V) Ennai (P) Ward-8 Medu kattupatti
6.Ennai (R.V) Ennai (P) Ward-5 Mettukalam
7.Ennai (R.V) Ennai (P) Ward-5 Purasankalpatti 999.OVERSEAS ELECTORS",All Voters,All India Anna Dravida Munnetra Kazhagam,626,143,483,Tamilaga Vettri Kazhagam,3,1,2,4,6,5,7,50.62893081761006,7
187,187,38,145,293,1,0,0,186,1,0,1,0,0,0,3,1,0,0,1,0,0,0,0,0,0,1,0,671,0,2,673,0,187,"Panchayat Union Middle  School, North Building,  South  Facing, Ennai-622102","1.Ennai (R.V) Ennai (P) Ward-8 Thattangudi
2.Ennai (R.V) Ennai (P) Ward-9 Pattiyantheru
3.Ennai (R.V) Ennai (P) Ward-9 Keela Ennai
4.Ennai (R.V) Ennai (P) Ward-7 Santhanapuram
5.VEnnai (R.V) Ennai (P) Ward-7 Muslim  Theru 999.OVERSEAS  ELECTORS",All Voters,All India Anna Dravida Munnetra Kazhagam,293,186,107,Tamilaga Vettri Kazhagam,3,1,2,4,6,5,6,15.94634873323398,8
188,188,26,50,415,2,0,0,130,2,0,0,0,0,0,3,0,0,0,0,2,0,0,0,0,1,0,0,631,0,1,632,0,188,"Panchayat Union Middle  School,  South Building,  North Facing,  Middle  Portion, Ennai-622102","1.Ennai (R.V) Ennai (P) Ward-8 Veerankadu
2.Ennai (R.V) Ennai (P) Ward-9 Kavoundar  Theru
3.Ennai (R.V) Ennai (P) Ward-8 Ennai
4.Ennai (R.V) Ennai (P) Ward-8 Thiruvannakovilpatti 999.OVERSEAS  ELECTORS",All Voters,All India Anna Dravida Munnetra Kazhagam,415,130,285,Tamilaga Vettri Kazhagam,3,1,2,4,6,5,6,45.16640253565768,8
189,189,30,161,510,2,0,0,178,0,0,1,0,0,1,1,1,0,0,0,4,1,0,0,0,0,0,0,890,0,3,893,1,189,"Government Higher Secondary School, West Facing,  North Terraced Building,Middle  Portion,  Illuppur-622102","1.Illuppur  (R.V) Illuppur (SP) Ward-15 Navampatti
2.Illuppur  (R.V) Illuppur (SP) Ward-2 Poomaruthanpatti
3.Illuppur  (R.V) Illuppur (SP) Ward-12 Hospital Road
4.Illuppur  (R.V) Illuppur (SP) Ward-14 Vadugar  Theru -1
5.Illuppur  (R.V) Illuppur (SP) Ward-14 Vadugar  Theru -2
6.Illuppur  (R.V) Illuppur (SP) Ward-14 Vadugar  Theru -3
7.Illuppur  (R.V) Illuppur (SP) Ward-14 Vadugar  Theru -4 999.OVERSEAS  ELECTORS",All Voters,All India Anna Dravida Munnetra Kazhagam,510,178,332,Tamilaga Vettri Kazhagam,3,1,2,4,6,5,6,37.30337078651685,9
190,190,20,149,230,1,0,0,127,0,0,0,0,0,0,0,0,0,0,0,2,0,0,0,0,0,0,0,529,0,2,531,0,190,"Government Higher Secondary School, West Facing,  North Terraced Building,South  Portion,  Illuppur-622102","1.Illuppur  (R.V) Illuppur (SP) Ward-8 Sivan kovil Theru -1
2.Illuppur  (R.V) Illuppur (SP) Ward-8 Sivan kovil Theru-2 999.OVERSEAS  ELECTORS",All Voters,All India Anna Dravida Munnetra Kazhagam,230,149,81,Dravida Munnetra Kazhagam,2,1,3,4,6,5,6,15.31190926275992,2
191,191,22,191,480,2,1,0,119,0,1,0,0,0,2,2,0,0,1,2,1,0,0,0,0,0,0,0,824,0,1,825,0,191,"Government Higher Secondary School, Terraced Building,  South Facing,  East Portion,  West Building, Illuppur-622102","1.Illuppur(R.V) Illuppur(SP)Ward -15Navampatti 2-nd Veethi
2.Illuppur  (R.V) Illuppur (SP) Ward -2 Vilapatti
3.Illuppur  (R.V) Illuppur (SP) Ward -15 Navampatti 999.OVERSEAS  ELECTORS",All Voters,All India Anna Dravida Munnetra Kazhagam,480,191,289,Dravida Munnetra Kazhagam,2,1,3,4,6,5,7,35.07281553398058,9
192,192,17,134,402,0,0,0,145,1,0,0,0,0,0,0,1,1,1,0,2,0,0,0,1,0,0,0,705,0,1,706,0,192,"Government Higher Secondary School, Terraced Building,  South Facing,  West Portion,  West Building, Illuppur-622102","1.Illuppur  (R.V) Illuppur (SP) Ward -12 Kodikkal Theru
2.Illuppur  (R.V) Illuppur (SP) Ward -12 Vannaratheru
3.Illuppur  (R.V) Illuppur (SP) Ward -12 Kammalatheu
4.Illuppur  (R.V) Illuppur (SP)Ward -12 Chinnakadai Veethi -1
5.Illuppur  (R.V) Illuppur (SP) Ward-12 Chinnakadai Veethi -2
6.Illuppur  (R.V) Illuppur (SP) Ward-11 Harijana Colony
7.Illuppur  (R.V) Illuppur (SP) Ward-11 R.C.  High School Salai 999.OVERSEAS  ELECTORS",All Voters,All India Anna Dravida Munnetra Kazhagam,402,145,257,Tamilaga Vettri Kazhagam,3,1,2,4,5,5,5,36.45390070921986,7
193,193,36,356,356,1,0,0,193,0,0,0,0,0,0,0,0,1,0,0,0,0,0,0,0,0,0,0,943,0,2,945,0,193,"Government Higher Secondary School, Terraced Building,  North  Faching,  East Portion,  Last  Room,  Illuppur-622102","1.Illuppur  (R.V) Illuppur (SP) Ward-4 Anthoniyar kovil 1st Theru
2.Illuppur  (R.V) Illuppur (SP) Ward-4 Anthoniyar Kovil 2nd  Theru
3.Illuppur  (R.V) Illuppur (SP) Ward-4 Anthoniyar kovil 3rd Theru
4.Illuppur  (R.V) Illuppur (SP) Ward-4 Anthoniyar kovil Theu Karadikadu 999.OVERSEAS  ELECTORS",All Voters,Dravida Munnetra Kazhagam,356,356,0,Dravida Munnetra Kazhagam,1,1,3,4,6,5,6,0.0,1
194,194,42,162,452,3,1,1,242,0,0,0,0,0,2,2,0,0,0,0,3,0,0,0,0,0,0,0,910,0,1,911,0,194,"Government Higher Secondary School, Terraced Building,  North  Facing East Portion,  Illuppur-622102","1.Illuppur  (R.V) Illuppur(SP)Ward-5 Palaniyandavarkovil Theru
2.Illuppur  (R.V) Illuppur (SP) Ward-10 Adidiravidar 1st  Theru
3.Illuppur  (R.V) Illuppur (SP) Ward-10 Adidiravidar 2nd Theru
4.Illuppur  (R.V) Illuppur (SP) Ward-5 Jeeva Nagar
5.Illuppur  (R.V) Illuppur (SP) Ward-11 R.C.Road
6.Illuppur  (R.V) Illuppur (SP) Ward-2 Samathanapuram 999.OVERSEAS  ELECTORS",All Voters,All India Anna Dravida Munnetra Kazhagam,452,242,210,Tamilaga Vettri Kazhagam,3,1,2,4,6,5,6,23.07692307692308,7
195,195,21,192,368,1,0,1,193,0,0,1,1,0,0,0,0,0,0,0,0,0,0,0,1,0,0,0,779,0,1,780,0,195,"Government Girls Higher Secondary School,  Terraced Building, West  Facing, South Portion,  Illuppur-622102","1.Illuppur  (R.V) Illuppur (SP) Ward-7 kannara Theru 1-st  Theru
2.Illuppur  (R.V) Illuppur (SP) Ward-7 Kannara Theru   2 -nd Theru
3.Illuppur  (R.V) Illuppur (SP) Ward-7 Kannara Theru 3 -rd Theru
4.Illuppur  (R.V) Illuppur (SP) Ward-7 Palaya Sandaipettai1-stTheru
5.Illuppur  (R.V) Illuppur (SP) Ward-7 Palaya Sandaipettai 2 -nd Theru
6.Illuppur  (R.V) Illuppur (SP) Ward-7 Agraharam
7.Illuppur  (R.V) Illuppur (SP) Ward-7 Periyakadai Veethi
8.Illuppur  (R.V) Illuppur (SP) Ward-9 Chetti theru
9.Illuppur  (R.V) Illuppur (SP) Ward- 3 Sowrasthtra ul theru
10.Illuppur (R.V) Illuppur (SP) Ward-6 Kottai theru -1 999.OVERSEAS  ELECTORS",All Voters,All India Anna Dravida Munnetra Kazhagam,368,193,175,Tamilaga Vettri Kazhagam,3,1,2,4,7,5,5,22.46469833119384,3
196,196,15,102,291,2,0,0,158,0,0,0,0,1,0,0,0,0,1,0,0,0,0,0,0,1,0,0,571,0,0,571,0,196,"Government Girls Higher Secondary School,  Terraced Building, West  Facing, South Portion,  Last  Room,  Illuppur-622102","1.Illuppur  (R.V) Illuppur (SP) Ward-6 Kottai theru -1st  ul Theru
2.Illuppur  (R.V) Illuppur (SP) Ward-6 Kottai theru -12 -nd ul theru
3.Illuppur  (R.V) Illuppur (SP) Ward-6 Kottai theru -13 -rd u l theru
4.Illuppur  (R.V) Illuppur (SP) Ward-6 Kottai theru 2- nd  theru
5.Illuppur  (R.V) Illuppur (SP) Ward-6 Kottai theru -3 1-st  ul theru
6.Illuppur  (R.V) Illuppur (SP) Ward-6 Kottai theru -3 1-st  ul theru
7.Illuppur  (R.V) Illuppur (SP) Ward-6 Kottai theru -4,
8.Illuppur  (R.V) Illuppur (SP) Ward-6 4-th  Kottai theru1-st ul theru
9.Illuppur  (R.V) Illuppur (SP) Ward-6 4-th  Kottai theru 2- nd ul theru   10.Illuppur (R.V) Illuppur  (SP) Ward -10 Adidiravidar 2- nd  theru
11.Illuppur (R.V) Illuppur (SP) Ward -10 Adidiravidar  1-st ul theru
12.Illuppur (R.V) Illuppur (SP) Ward -4 Anthoniyar  3- rd theru 999.OVERSEAS  ELECTORS",All Voters,All India Anna Dravida Munnetra Kazhagam,291,158,133,Tamilaga Vettri Kazhagam,3,1,2,4,6,5,6,23.29246935201401,3
197,197,32,104,333,0,0,0,176,1,0,0,0,0,0,0,0,2,0,4,0,0,0,0,0,0,1,0,653,0,1,654,0,197,"Government Girls Higher Secondary School,  Terraced Building, West Faching,  North Portion,  Last  Room, Illuppur-622102","1.Illuppur  (R.V) Illuppur (SP) Ward-1 Sowrashtra Theru
2.Illuppur  (R.V) Illuppur (SP) Ward-3 Sowrashtratheru 1-st  ultheru
3.Illuppur  (R.V) Illuppur (SP) Ward-5 Sowrashtratheru 2-nd ultheru
4.Illuppur  (R.V) Illuppur (SP)Ward-5 Sowrashtratheru 3- rd ultheru
5.Illuppur  (R.V) Illuppur (SP) Ward-5 Sowrashtratheru 4-th  ultheru 999.OVERSEAS  ELECTORS",All Voters,All India Anna Dravida Munnetra Kazhagam,333,176,157,Tamilaga Vettri Kazhagam,3,1,2,4,5,5,5,24.04287901990812,8
198,198,21,130,382,6,0,0,114,0,0,0,0,0,0,2,2,1,0,0,3,0,0,0,0,0,0,0,661,0,4,665,0,198,"Government Girls Higher Secondary School,Terraced Building,West Facing,North  Portion,Illuppur-622102","1.Illuppur  (R.V) Illuppur (SP) Ward-5 Sowrashtratheru 5-th  ultheru
2.Illuppur  (R.V) Illuppur (SP) Ward-5 Sowrashtratheru 6-th  ultheru
3.Illuppur  (R.V) Illuppur (SP) Ward-5 Sowrashtratheru 7-th  ultheru
4.Illuppur  (R.V) Illuppur (SP) Ward-5 Sowrashtratheru 8-th  ultheru
5.Illuppur  (R.V) Illuppur (SP) Ward-5 Sowrashtratheru 9-th  ultheru
6.Illuppur  (R.V) Illuppur (SP)Ward-5 Sowrashtratheru10-th  ultheru
7.Illuppur  (R.V) Illuppur (SP) Ward-5 Sowrashtratheru 2-nd
8.Illuppur  (R.V) Illuppur (SP) Ward-5 Sowrashtratheru 3-rd
9.Illuppur  (R.V) Illuppur (SP) Ward-1 Pappankudi
10.Illuppur (R.V) Illuppur (SP) Ward-1 Pappankudi -1
11.Illuppur (R.V) Illuppur (SP) Ward-1 Pappankudi -2 999.OVERSEAS  ELECTORS",All Voters,All India Anna Dravida Munnetra Kazhagam,382,130,252,Dravida Munnetra Kazhagam,2,1,3,4,6,5,6,38.12405446293495,8
199,199,18,488,259,1,0,0,137,1,0,0,0,0,0,0,0,0,0,0,3,0,0,0,0,0,0,0,907,0,0,907,0,199,"Panchayat Union Elementary  School, New Asbestos Building,  West  Facing, South portion,  East  Building,  Kodikkal Street,  Illuppur-622102","1.Illuppur  (R.V) Illuppur (SP) Ward-8 Pallivasal kadu 1-st  Theru
2.Illuppur  (R.V) Illuppur (SP) Ward-8 Pallivasal kadu 2-nd Theru
3.Illuppur  (R.V) Illuppur (SP) Ward-13 Pallivasal kadu 3-rd Theru
4.Illuppur  (R.V) Illuppur (SP) Ward-13 Pallivasal kadu 4-th  Theru 999.OVERSEAS  ELECTORS",All Voters,Dravida Munnetra Kazhagam,488,259,229,All India Anna Dravida Munnetra Kazhagam,1,2,3,4,6,5,6,25.24807056229327,4
200,200,15,364,274,0,0,1,103,0,0,0,0,0,0,0,0,1,0,1,0,0,0,0,0,0,0,0,759,0,0,759,0,200,"Panchayat Union Elementary  School, New Asbestos Building,  West  Facing, North portion,  East Building,  Kodikkal Street,  Illuppur-622102","1.Illuppur  (R.V) Illuppur (SP) Ward-13 Pallivasal kadu 5th  Theru
2.Illuppur  (R.V) Illuppur (SP) Ward-13 Pallivasal kadu 6-th  Theru
3.Illuppur  (R.V) Illuppur (SP) Ward-13 Pallivasal kadu 7-th  Theru
4.Illuppur  (R.V) Illuppur (SP) Ward-8 Mohamathiyar 1-st  Melatheru
5.Illuppur  (R.V) Illuppur (SP) Ward-8 Mohamathiyar 2-nd Melatheru
6.Illuppur  (R.V) Illuppur (SP) Ward-8 Mohamathiyar 3-rd Melatheru
7.Illuppur  (R.V) Illuppur (SP) Ward-10 Kamaraj Nagar 999.OVERSEAS  ELECTORS",All Voters,Dravida Munnetra Kazhagam,364,274,90,All India Anna Dravida Munnetra Kazhagam,1,2,3,4,6,6,5,11.85770750988142,2
201,201,22,105,417,2,4,0,171,0,0,0,0,0,0,2,0,1,0,0,2,0,0,0,1,0,0,0,727,0,1,728,0,201,"Government Higher Secondary School, Terraced Building,  North  Facing West Portion,  Illuppur-622102","1.Illuppur  (R.V) Illuppur (SP) Ward-1 Mathirampatti
2.Illuppur  (R.V) Illuppur (SP) Ward-10 Veshakara theru
3.Illuppur  (R.V) Illuppur (SP) Ward-5 Sowrashtra 3- rd  theru
4.Illuppur  (R.V) Illuppur (SP) Ward-10 Kothanar  12 -nd theru
5.Illuppur  (R.V) Illuppur (SP) Ward-10Sayakkara 1st theru
6.Illuppur  (R.V) Illuppur (SP) Ward-10 Sayakkara 2-nd theru
7.Illuppur  (R.V) Illuppur (SP) Ward-10 Sayakkara 3-rd theru 999.OVERSEAS  ELECTORS",All Voters,All India Anna Dravida Munnetra Kazhagam,417,171,246,Tamilaga Vettri Kazhagam,3,1,2,4,5,6,7,33.83768913342504,6
202,202,19,370,178,0,1,0,88,1,0,0,0,0,0,1,0,0,0,0,0,0,0,0,0,0,0,0,658,0,1,659,0,202,"Panchayat Union Elementary  School, New Terraced Building,  North  Side Room,  South  Facing,  Kodikkal Street, Illuppur-622102","1.Illuppur  (R.V) Illuppur (SP) Ward-10 Sayakkara 4-th theru
2.Illuppur  (R.V) Illuppur (SP) Ward-10 Marutthuva theru
3.Illuppur  (R.V) Illuppur (SP) Ward-9 Mohamathiyar 1st  ul theu
4.Illuppur  (R.V) Illuppur (SP) Ward-9 Mohamathiyar 3-rd ul theu
5.Illuppur  (R.V) Illuppur (SP) Ward-9 Mohamathiyar 5-th ul theu
6.Illuppur  (R.V) Illuppur (SP) Ward-9 Mohamathiyar 4-th Melatheu
7.Illuppur  (R.V) Illuppur (SP) Ward-9 Mohamathiyar 5-th Melatheu
8.Illuppur  (R.V) Illuppur (SP) Ward-9 Uppukayichitheru 999.OVERSEAS  ELECTORS",All Voters,Dravida Munnetra Kazhagam,370,178,192,All India Anna Dravida Munnetra Kazhagam,1,2,3,4,5,6,6,29.17933130699088,2
203,203,43,163,327,3,0,1,176,0,1,0,0,0,2,2,0,1,0,0,0,4,1,0,2,0,0,0,726,0,5,731,0,203,"Panchayat Union Elementary  School, South Facing, Tiled Building, Punginipatti-622102","1.Punginipatti (R.V) Punginipatti (P) Ward-4 Anna nagar
2.Punginipatti (R.V) Punginipatti (P) Ward-4 Sathiyanathapuram  Colony  B.C.  Colony
3.Punginipatti (R.V)Punginipatti (P) Ward-1 Sathiyanathapuram  A.T Colony
4.Punginipatti (R.V) Punginipatti (P) Ward-5 Sathiyanathapuram  Asaritheru
5.Punginipatti (R.V) Punginipatti (P) Ward-5 Sathiyanathapuram  Melatheru
6.Punginipatti (R.V) Punginipatti (P) Ward-5 Sathiyanathapuram  Keelatheru
7.Punginipatti (R.V) Punginipatti (P) Ward-3 Punginipatti Ammavayal 999.OVERSEAS  ELECTORS",All Voters,All India Anna Dravida Munnetra Kazhagam,327,176,151,Tamilaga Vettri Kazhagam,3,1,2,4,7,5,6,20.79889807162535,13
204,204,38,169,462,10,0,1,183,0,0,1,0,0,1,1,0,0,1,0,0,2,0,0,2,0,3,0,874,0,1,875,0,204,"Panchayat Union Elementary  School, South Facing,Terraced Building, Punginipatti-622102","1.Punginipatti (R.V) Punginipatti (P) Ward-2 Punginipatti Melatheru
2.Punginipatti (R.V) Punginipatti (P) Ward-1 Jeeva Nagar
3.Punginipatti (R.V) Punginipatti (P) Ward-2 Punginipatti Vadakkutheru
4.Punginipatti (R.V) Punginipatti (P) Ward-3 Punginipatti Therkkutheru
5.Punginipatti (R.V) Punginipatti (P) Ward-6 Punginipatti Pappankalam
6.Punginipatti (R.V) Punginipatti (P) Ward-6 Mullipatti 999.OVERSEAS  ELECTORS",All Voters,All India Anna Dravida Munnetra Kazhagam,462,183,279,Tamilaga Vettri Kazhagam,3,1,2,4,7,5,6,31.92219679633867,11
205,205,45,183,373,1,0,1,149,0,0,1,0,0,0,3,0,0,0,0,0,1,0,0,0,0,1,0,758,0,0,758,0,205,"Panchayat Union Elementary  School, West New Building,  South  Facing, Vellanjar-622103","1.Vellanjar  (R.V) Vellanjar (P) Ward-2 Vadugapatti
2.Vellanjar  (R.V) Vellanjar (P) Ward-1 Vellanjar
3.Vellanjar  (R.V) Vellanjar (P) Ward-1 Keelapatti
4.Vellanjar  (R.V) Vellanjar (P) Ward-3 Rasampatti
5.Vellanjar  (R.V) Vellanjar (P) Ward-2 Puthiya Adidravidar Colony
6.Vellanjar  (R.V) Vellanjar (P) Ward-3 Palaya Harijan  Theru 999.OVERSEAS  ELECTORS",All Voters,All India Anna Dravida Munnetra Kazhagam,373,183,190,Dravida Munnetra Kazhagam,2,1,3,4,7,5,5,25.06596306068601,6
206,206,15,115,450,6,0,0,118,0,0,0,1,0,0,4,0,1,1,0,2,2,0,0,0,0,0,0,715,0,2,717,0,206,"Panchayat Union Elementary  School, Vathirippatti-622103","1.Vellanjar  (R.V) Vellanjar (P) Ward-4 Vathiripatti
2.Vellanjar  (R.V) Vellanjar (P) Ward-6 Malavarayanpatti
3.Vellanjar  (R.V) Vellanjar (P) Ward-6 Solayampatti
4.Vellanjar  (R.V) Vellanjar (P) Ward-6 OOranikulam
5.Vellanjar  (R.V) Vellanjar (P) Ward-6 Veppavayal
6.Vellanjar  (R.V) Vellanjar (P) Ward-6 Vadakki kalam 999.OVERSEAS  ELECTORS",All Voters,All India Anna Dravida Munnetra Kazhagam,450,118,332,Tamilaga Vettri Kazhagam,3,1,2,4,6,5,6,46.43356643356643,11
207,207,28,167,415,6,0,1,136,3,0,0,0,2,2,6,4,0,1,1,4,0,0,0,1,0,0,1,778,0,0,778,0,207,"Government Higher Secondary School,Main  Building,  West Portion, South Facing, Annavasal-622101","1.Annavasal (R.V) Annavasal (SP) Ward-1 1- st  Idayar Theru
2.Annavasal (R.V) Annavasal (SP) Ward-2 2- nd Idayar Theru
3.Annavasal (R.V) Annavasal (SP) Ward-2 3- rd Idayar  Theru
4.Annavasal (R.V) Annavasal (SP) Ward-1 Vadakadu
5.Annavasal (R.V) Annavasal (SP) Ward-3 Maruthuva Theru
6.Annavasal (R.V)Annavasal (SP)Ward-6Pattanamkattubava Ravuther  Theru 999.OVERSEAS  ELECTORS",All Voters,All India Anna Dravida Munnetra Kazhagam,415,167,248,Dravida Munnetra Kazhagam,2,1,3,4,7,5,6,31.87660668380462,25
208,208,25,287,243,0,0,0,166,0,0,0,0,0,0,0,0,2,0,1,1,0,0,0,0,0,0,1,726,0,3,729,0,208,"Government Higher Secondary School, East Building, West  Facing,  South Portion,  Annavasal-622101","1.Annavasal (R.V) Annavasal (SP) Ward-10 Thulukka Oorani
2.Annavasal (R.V) Annavasal (SP) Ward-15 Viralimalai Salai
3.Annavasal (R.V) Annavasal (SP) Ward-7 Pattani Pallivasal Theru
4.Annavasal (R.V) Annavasal (SP) Ward-7 Palaya kadai Theru
5.Annavasal (R.V) Annavasal (SP) Ward-7 Keeranur salai
6.Annavasal (R.V) Annavasal (SP) Ward-7 Pathima Colony
7.Annavasal (R.V) Annavasal (SP) Ward-7 Sekkadi
8.Annavasal (R.V) Annavasal (SP) Ward-7 Maithana Theru
9.Annavasal (R.V) Annavasal (SP) Ward-8 Mathakovil Theru
10.Annavasal (R.V) Annavasal (SP) Ward-10 Harijan  Theru 999.OVERSEAS  ELECTORS",All Voters,Dravida Munnetra Kazhagam,287,243,44,All India Anna Dravida Munnetra Kazhagam,1,2,3,4,5,5,5,6.060606060606061,5
209,209,40,306,315,1,5,0,205,1,0,1,0,0,0,1,0,3,0,0,0,0,0,0,0,0,0,0,878,0,0,878,0,209,"Government Higher Secondary School,East  Building,West  Facing, North Portion,  Annavasal-622101","1.Annavasal (R.V) Annavasal (SP) Ward-8 Nallammal Chatram Salai
2.Annavasal (R.V) Annavasal (SP) Ward-10 Pudu theru -1
3.Annavasal (R.V) Annavasal (SP) Ward-10 Harijana theru -  1
4.Annavasal (R.V) Annavasal (SP) Ward-12 Viralimalai road
5.Annavasal (R.V) Annavasal (SP) Ward-10 Bahavathi Amman Koviltheru.
6.Annavasal (R.V) Annavasal (SP) Ward-10 Harijana theru-2
7.Annavasal (R.V) Annavasal (SP) Ward-10 Thulukkan  Oorani Theru
8.Annavasal (R.V) Annavasal (SP) Ward-2 Keelaratha Veethi
9.Annavasal (R.V) Annavasal (SP) Ward-3 Sivankovil Therkku 999.OVERSEAS  ELECTORS",All Voters,All India Anna Dravida Munnetra Kazhagam,315,306,9,Dravida Munnetra Kazhagam,2,1,3,4,5,6,7,1.025056947608201,6
210,210,45,266,402,2,0,2,215,0,0,0,0,0,1,0,0,1,0,1,2,0,0,0,0,0,0,0,937,0,1,938,0,210,"Government High School,
East Building, West  Facing,  Middle Portion,  Annavasal-622101","1.Annavasal (R.V) Annavasal (SP) Ward-3 Sannathi Veethi
2.Annavasal (R.V) Annavasal (SP) Ward-3 Muthuraja Theru
3.Annavasal (R.V) Annavasal (SP) Ward-2 Keeranur Salai
4.Annavasal (R.V) Annavasal (SP) Ward-3 Kuyavar  Theru
5.Annavasal (R.V) Annavasal (SP) Ward-9 Golden  Nagar -1
6.Annavasal (R.V) Annavasal (SP) Ward-9 Golden  Nagar -2
7.Annavasal (R.V) Annavasal (SP) Ward-9 Golden  Nagar - 3
8.Annavasal (R.V) Annavasal (SP) Ward-9 Golden  Nagar -4
9.Annavasal (R.V) Annavasal (SP) Ward-9 Bazheer  Nagar
10.Annavasal (R.V) Annavasal (SP) Ward-10 Pudutheru -2 999.OVERSEAS  ELECTORS",All Voters,All India Anna Dravida Munnetra Kazhagam,402,266,136,Dravida Munnetra Kazhagam,2,1,3,4,7,5,5,14.51440768409818,5
211,211,62,279,391,1,16,0,179,1,1,0,0,0,1,2,1,0,0,2,2,0,0,0,0,0,1,1,940,0,1,941,0,211,"Panchayat Union Elementary  School, New Terraced Building,  West  Portion, North Facing,  Annavasal-622101","1.Annavasal (R.V) Annavasal (SP) Ward-10 Harijanatheru 3-rd Veethi
2.Annavasal (R.V) Annavasal (SP) Ward-13 Harijanatheru 4-th Veethi
3.Annavasal (R.V) Annavasal (SP) Ward-13 Harijanatheru 5-th Veethi
4.Annavasal (R.V) Annavasal (SP) Ward-11 Harijanatheru 6-th Veethi 999.OVERSEAS  ELECTORS",All Voters,All India Anna Dravida Munnetra Kazhagam,391,279,112,Dravida Munnetra Kazhagam,2,1,3,4,5,6,7,11.91489361702128,12
212,212,39,212,272,3,7,0,149,0,0,1,0,0,1,1,0,0,0,1,0,0,0,1,0,0,0,0,687,0,2,689,0,212,"Panchayat Union Elementary  School, New Terraced Building,  Middle  Portion, North Facing,  Annavasal-622101","1.Annavasal (R.V) Annavasal (SP) Ward-11 Colonytheru
2.Annavasal (R.V) Annavasal (SP) Ward-12 Kodikal Theru
3.Annavasal (R.V) Annavasal (SP) Ward-12 Viralimalai Road 999.OVERSEAS  ELECTORS",All Voters,All India Anna Dravida Munnetra Kazhagam,272,212,60,Dravida Munnetra Kazhagam,2,1,3,4,5,6,7,8.73362445414847,5
213,213,18,335,202,0,2,0,75,0,0,0,0,0,0,0,1,0,0,0,0,0,0,0,0,0,0,0,633,0,0,633,0,213,"Panchayat Union Elementary  School, New Terraced Building,  East  Portion, North Facing,  Annavasal-622101","1.Annavasal (R.V) Annavasal (SP) Ward-11 Harijantheru -3
2.Annavasal (R.V) Annavasal (SP) Ward-11 Harijantheru -2
3.Annavasal (R.V) Annavasal (SP) Ward-11 Bahavathi Amman Theru
4.Annavasal (R.V) Annavasal (SP) Ward-5 Palaya Hospital Road
5.Annavasal(R.V)Annavasal (SP) Ward-6 Pattanamkattubava Rawther Theru
6.Annavasal (R.V) Annavasal (SP) Ward-5 Sannathi Veethi
7.Annavasal (R.V) Annavasal (SP) Ward-6 Natharkan Veethi
8.Annavasal (R.V) Annavasal (SP) Ward-6 Viralimalai Salai
9.Annavasal (R.V) Annavasal (SP) Ward-6 Pattani Pallivasaltheru 999.OVERSEAS  ELECTORS",All Voters,Dravida Munnetra Kazhagam,335,202,133,All India Anna Dravida Munnetra Kazhagam,1,2,3,4,5,6,6,21.01105845181675,1
214,214,16,193,409,4,1,0,107,0,0,0,0,0,1,1,0,0,0,0,0,0,0,0,0,0,1,0,733,0,1,734,0,214,"Panchayat Union Elementary  School, New Terraced Building,  Eastern  Portion, Annavasal-622101","1.Annavasal (R.V) Annavasal (SP) Ward-5 Palayakadai Veethi
2.Annavasal (R.V) Annavasal (SP) Ward-5 Kasappukadai Veethi
3.Annavasal (R.V) Annavasal (SP) Ward-5 Palayaperumalkovil Theru
4.Annavasal (R.V) Annavasal (SP) Ward-3 Kammala Theru
5.Annavasal (R.V) Annavasal (SP) Ward-4 Kunjanvayal
6.Annavasal (R.V) Annavasal (SP) Ward-4 Chinnasengapatti
7.Annavasal (R.V) Annavasal (SP) Ward-4 Nallan vayal 999.OVERSEAS  ELECTORS",All Voters,All India Anna Dravida Munnetra Kazhagam,409,193,216,Dravida Munnetra Kazhagam,2,1,3,4,6,5,7,29.46793997271487,3
215,215,51,241,475,2,1,0,139,1,0,0,0,3,4,0,1,0,0,0,2,0,0,0,0,0,1,0,921,0,0,921,0,215,"Panchayat Union Middle  School,
D.P.E.P. Building, Eastern  Side,  North Facing,  Chittannavasal-622101","1.Chithannavasal (R.V) Chithannavasal (P) Ward-1,2 Chithannavasal Vadakku Paguthi
2.Chithannavasal (R.V) Chithannavasal (P) Ward-3,4 Chithannavasal Therkku Paguthi 999.OVERSEAS  ELECTORS",All Voters,All India Anna Dravida Munnetra Kazhagam,475,241,234,Dravida Munnetra Kazhagam,2,1,3,4,6,5,7,25.4071661237785,12
216,216,17,68,286,2,0,0,107,1,0,0,0,0,1,1,0,0,0,0,1,0,0,0,0,0,0,0,484,0,1,485,0,216,"Panchayat Union Middle  School, East Portion, North  Facing, Chittannavasal-622101","1.Chithannavasal (R.V) Chithannavasal (P) Ward-5,6 Nallammal Chatram 999.OVERSEAS  ELECTORS",All Voters,All India Anna Dravida Munnetra Kazhagam,286,107,179,Tamilaga Vettri Kazhagam,3,1,2,4,6,5,6,36.98347107438016,4
217,217,48,114,331,1,0,0,86,0,0,0,0,0,1,1,0,1,0,0,1,1,0,0,0,0,1,1,587,0,1,588,0,217,"Panchayat Union Primary  School, South Terraced Building, North Facing,Mathiyanallur-622101","1.Mathiyanallur  (R.V) Mathiyanallur  (P) Ward-5Adidravidar  (Pallar) Colony
2.Mathiyanallur  (R.V) Mathiyanallur(P) Ward-6Adidravidar(Parayar) Colony
3.Mathiyanallur  (R.V) Mathiyanallur  (P) Ward-2 Ellayapatti
4.Mathiyanallur  (R.V) Mathiyanallur  (P) Ward-2 Chokkanathanpatti
5.Mathiyanallur  (R.V) Mathiyanallur  (P) Ward-2 Kalaikurichivayal 999.OVERSEAS  ELECTORS",All Voters,All India Anna Dravida Munnetra Kazhagam,331,114,217,Dravida Munnetra Kazhagam,2,1,3,4,6,5,6,36.96763202725724,7
218,218,29,97,340,4,0,0,120,1,0,0,0,0,0,0,0,0,0,0,0,1,0,0,0,0,0,0,592,0,1,593,0,218,"Panchayat Union   Elementary School, North Tiled Bulding,  South Facing,-Mathiyanallur-622101","1.Mathiyanallur  (R.V) Mathiyanallur  (P) Ward-3 Mathiyanallur
2.Mathiyanallur  (R.V) Mathiyanallur  (P) Ward-2 Kallampatti 999.OVERSEAS  ELECTORS",All Voters,All India Anna Dravida Munnetra Kazhagam,340,120,220,Tamilaga Vettri Kazhagam,3,1,2,4,6,5,6,37.16216216216216,2
219,219,37,121,356,3,2,2,163,0,0,0,0,0,0,0,0,0,0,2,6,4,0,0,0,0,0,0,696,0,1,697,0,219,"Government Higher Secondary School,South  facing, West  Portion,  New Terraced Building,  Maruthandalai-622101","1.Panampatti (R.V) Panampatti (P) Ward-1 Panampatti
2.Panampatti (R.V) Panampatti (P) Ward-1 Karayanpatti
3.Panampatti (R.V) Panampatti (P) Ward-3 Manikkampatti
4.Panampatti (R.V) Panampatti (P) Ward-3 Katheripatti
5.Panampatti (R.V) Panampatti (P) Ward-3 Pidarampatti 999.OVERSEAS  ELECTORS",All Voters,All India Anna Dravida Munnetra Kazhagam,356,163,193,Tamilaga Vettri Kazhagam,3,1,2,4,6,5,6,27.72988505747126,12
220,220,46,186,415,3,2,1,198,0,1,0,0,0,4,4,0,0,0,0,2,1,0,0,0,0,0,0,863,0,1,864,0,220,"Government Higher Secondary School,South  facing, East  Portion,  New Terraced Building,  Maruthandalai-622101","1.Panampatti (R.V) Panampatti (P) Ward-2 Maruthanthalai
2.Panampatti (R.V) Panampatti (P) Ward-3 Vagaipatti 999.OVERSEAS  ELECTORS",All Voters,All India Anna Dravida Munnetra Kazhagam,415,198,217,Tamilaga Vettri Kazhagam,3,1,2,4,6,5,7,25.14484356894554,12
221,221,50,116,350,2,3,0,110,1,0,0,1,0,4,4,2,0,1,1,3,2,1,1,0,1,0,0,653,0,2,655,0,221,"Governement Adidravidar Welfare Elementary  School,  South Facing, Terraced Building,  Kurukkalaiyapatti-622002","1.Thiruvengaivasal(R.V) Thiruvengaivasal(P) Ward-5 Kurukkailayapatti
2.Thiruvengaivasal(R.V)Thiruvengaivasal(P)Ward-8 Sellukudi kovundar Theru 999.OVERSEAS  ELECTORS",All Voters,All India Anna Dravida Munnetra Kazhagam,350,116,234,Dravida Munnetra Kazhagam,2,1,3,4,5,6,7,35.83460949464013,22
222,222,43,94,476,4,0,1,131,0,1,1,0,0,0,8,0,0,0,2,0,2,0,0,0,0,1,0,764,0,0,764,0,222,"Panchayat Union Elementary  School, North Facing,  East Terraced Building, Sellukudi-622002","1.Thiruvengaivasal(R.V) Thiruvengaivasal(P) Ward-9 Sellukudi Vadakkutheru
2.Thiruvengaivasal(R.V) Thiruvengaivasal(P) Ward-9Sellukudi Adidiravidar Theru
3.Thiruvengaivasal(R.V) Thiruvengaivasal(P) Ward-8 Sellukudi Therkkutheru
4.Thiruvengaivasal(R.V) Thiruvengaivasal(P) Ward-8 Kilapatti
5.Thiruvengaivasal(R.V) Thiruvengaivasal(P) Ward-8 Konavayal
6.Thiruvengaivasal(R.V) Thiruvengaivasal(P) Ward-9 Sirunjunai Vadakkutheru
7.Thiruvengaivasal(R.V) Thiruvengaivasal(P) Ward-9 Sirunjunai AdidravidarTherkkutheru
999.OVERSEAS  ELECTORS",All Voters,All India Anna Dravida Munnetra Kazhagam,476,131,345,Tamilaga Vettri Kazhagam,3,1,2,4,7,5,6,45.15706806282723,15
223,223,48,131,329,2,2,0,109,0,0,0,0,0,0,0,0,1,0,0,0,0,0,0,0,0,0,0,622,0,1,623,0,223,"Panchayat Union Middle  School, West Terraced Building, East  Faching Perunjunai-622002","1.Perunjunai (R.V) Thiruvengaivasal(P) Ward-2 Perunjunai Adidravidar Kilakkutheru
2.Perunjunai (R.V) Thiruvengaivasal(P) Ward-1 Perunjunai Adidravidar Merkutheru
3.Perunjunai (R.V) Thiruvengaivasal(P) Ward-1 Perunjunai B.C.  Theru
4.Perunjunai (R.V) Thiruvengaivasal(P) Ward-1 Perunjunai B.C.  Kovundartheru
5.Thiruvengaivasal(R.V)Thiruvengaivasal(P)Ward-3ThiruvengaiVasalSC Theru 999.OVERSEAS  ELECTORS",All Voters,All India Anna Dravida Munnetra Kazhagam,329,131,198,Dravida Munnetra Kazhagam,2,1,3,4,5,5,7,31.83279742765273,1
224,224,43,88,491,4,1,0,169,0,0,0,0,0,2,1,1,0,1,0,4,1,0,0,0,0,1,0,807,0,2,809,0,224,"Panchayat Union Elementary  School, West Facing,  North Terraced Building, Annathurani,  Ayinkudi-622002","1.Thiruvengaivasal(R.V)Thiruvengaivasal(P) Ward-3 Thiruvengaivasal BC.Theru
2.Thiruvengaivasal(R.V) Thiruvengaivasal(P) Ward-3 Valayanvayal
3.Ayingudi (R.V) Thiruvengaivasal(P) Ward-4 Annathoorani
4.Ayingudi (R.V) Thiruvengaivasal(P) Ward-4 S.C Vadamalapur S.C.Theru
5.Ayingudi (R.V) Thiruvengaivasal(P) Ward-4 Vadamalappur  B.C .Theru
6.Ayingudi (R.V) Thiruvengaivasal(P) Ward-4 Nilayavayal
7.Ayingudi (R.V) Thiruvengaivasal(P) Ward-5 Kurukkalayapatti 999.OVERSEAS  ELECTORS",All Voters,All India Anna Dravida Munnetra Kazhagam,491,169,322,Tamilaga Vettri Kazhagam,3,1,2,4,6,5,7,39.90086741016109,11
225,225,35,69,298,2,2,0,126,0,0,0,0,0,0,1,2,0,1,0,6,1,0,0,0,0,1,3,547,0,0,547,0,225,"Panchayat Union Elementary  School, New Terraced Building,  North  Facing, Marayapatti-622104","1.Marayapatti(R.V) Thiruvengaivasal(P) Ward-7 Uyyakudipatti
2.Marayapatti(R.V) Thiruvengaivasal(P) Ward-7 Velankudipatti
3.Marayapatti(R.V) Thiruvengaivasal(P) Ward-7 Marayapatti 999.OVERSEAS  ELECTORS",All Voters,All India Anna Dravida Munnetra Kazhagam,298,126,172,Tamilaga Vettri Kazhagam,3,1,2,4,5,5,7,31.44424131627057,15
226,226,30,181,337,4,0,0,121,0,0,0,0,0,2,0,0,2,0,5,3,2,0,0,2,0,0,1,690,0,1,691,0,226,"Panchayat Union Middle  School, New Terraced Building, Mettupatti-622104","1.Marayapatti(R.V) Thiruvengaivasal(P) Ward-6 Mettupatti
2.Marayapatti(R.V) Thiruvengaivasal(P) Ward-1 Andipatti 999.OVERSEAS  ELECTORS",All Voters,All India Anna Dravida Munnetra Kazhagam,337,181,156,Dravida Munnetra Kazhagam,2,1,3,4,6,5,6,22.60869565217391,17
227,227,35,137,445,1,19,0,137,0,0,0,0,0,0,4,2,1,0,1,3,1,0,0,1,1,1,0,789,0,1,790,0,227,"Panchayat Union Elementary  School, New Terraced Building,  East  Facing, South Portion,  Ariyur-622101","1.Ariyur (R.V) Ariyur (P) Ward-1 Ariyur
2.Ariyur (R.V) Ariyur (P) Ward-1 Adidravidar  Kudiyeruppu
3.Ariyur (R.V) Ariyur (P) Ward-2 Alagapuri
4.Ariyur (R.V) Ariyur (P) Ward-1 Ambethkar  Nagar
5.Ariyur (R.V) Ariyur (P) Ward-6 Puduvayal 999.OVERSEAS  ELECTORS",All Voters,All India Anna Dravida Munnetra Kazhagam,445,137,308,Tamilaga Vettri Kazhagam,2,1,2,4,5,6,7,39.03675538656528,15
228,228,46,109,486,2,0,1,164,0,0,0,0,1,1,2,1,2,0,1,3,0,0,0,0,0,0,0,819,0,4,823,0,228,"Panchayat Union Elementary  School, North Facing,  West side, Mannavelampatti-622101","1.Panangudi(R.V) Mannavelampatti (P) Ward-1,2 Panangudi
2.Mangudi(R.V) Mannavelampatti (P) Ward -9 Mannavelampatti Kilakku
3.Mangudi(R.V) Mannavelampatti (P) Ward-8 Mannavelampatti Therkku 999.OVERSEAS  ELECTORS",All Voters,All India Anna Dravida Munnetra Kazhagam,486,164,322,Tamilaga Vettri Kazhagam,3,1,2,4,7,5,6,39.31623931623932,11
229,229,50,136,447,7,0,1,155,0,2,0,0,0,4,9,0,4,0,1,2,2,0,1,0,0,4,1,826,0,2,828,0,229,"Panchayat Union Elementary  School, North Facing,  East Side, SSA Building, Mannavelampatti-622101","1.Mangudi(R.V) Mannavelampatti (P) Ward-6 Mannavelampatti Vadakku
2.Mangudi(R.V) Mannavelampatti (P) Ward-3 Ayipatti Vadakku
3.Mangudi(R.V) Mannavelampatti (P) Ward-4 Ayipatti Therkku
4.Mangudi(R.V) Mannavelampatti (P) Ward-5 Keela Agarapatti 999.OVERSEAS  ELECTORS",All Voters,All India Anna Dravida Munnetra Kazhagam,447,155,292,Tamilaga Vettri Kazhagam,3,1,2,4,7,5,6,35.35108958837773,30
230,230,28,146,355,13,0,1,96,1,1,1,0,0,2,8,1,1,1,2,6,0,0,0,0,0,3,0,666,0,1,667,0,230,"Panchayat Union Elementary  School, East Facing,  South  Portion, Thachampatti-622101","1.Thachampatti (R.V) Thachampatti (P) Ward-1,2 Vadakkipatti
2.Thachampatti (R.V) Thachampatti (P) Ward-2 Thachampatti
3.Thachampatti (R.V) Thachampatti (P) Ward-5 Therkku Thachampatti
4.Thachampatti (R.V) Thachampatti (P) Ward-6 Nadupatti
5.Thachampatti (R.V) Thachampatti (P) Ward-6  Kambalakadu 999.OVERSEAS  ELECTORS",All Voters,All India Anna Dravida Munnetra Kazhagam,355,146,209,Dravida Munnetra Kazhagam,2,1,3,4,7,5,6,31.38138138138138,27
231,231,32,185,576,2,0,0,187,1,0,0,0,0,4,6,0,3,0,2,2,0,0,1,0,1,0,0,1002,0,1,1003,0,231,"Panchayat Union Elementary  School, North Facing,  Tiled Building,  Pudur-622103","1.Pudur (R.V) Pudur (P) Ward-4 Pudur
2.Pudur (R.V) Pudur (P) Ward-3 Athampatti
3.Pudur (R.V) Pudur (P) Ward-1,2,  Pudur Colony
4.Pudur (R.V) Pudur (P) Ward-9 Kattuppatti (Kilakku) 999.OVERSEAS  ELECTORS",All Voters,All India Anna Dravida Munnetra Kazhagam,576,187,389,Tamilaga Vettri Kazhagam,3,1,2,4,6,5,6,38.82235528942115,20
232,232,41,129,596,4,1,1,220,0,0,1,0,1,2,4,1,0,0,0,2,2,0,0,2,0,2,2,1011,0,1,1012,0,232,"Panchayat Union Elementary  School, New CSIDS  Building,  East Facing,  North Portion,  Pudur-622103","1.Pudur (R.V) Pudur (P) Ward-8 kattuppatti (Merku)
2.Pudur (R.V) Pudur (P) Ward-5,6,7 Kulavaippatti 999.OVERSEAS  ELECTORS",All Voters,All India Anna Dravida Munnetra Kazhagam,596,220,376,Tamilaga Vettri Kazhagam,3,1,2,4,6,5,6,37.19090009891197,19
233,233,19,220,213,0,0,0,120,0,0,0,0,0,1,0,0,0,0,1,0,0,0,0,0,0,0,0,574,0,1,575,0,233,"Government Higher Secondary School,Old Building, South  Side, West Portion,  Mukkannamalaipatti-622103","1.Veerapatti (R.V) Mukkanamalaipatti (P) Ward-1 Pulavanpatti
2.Veerapatti (R.V) Mukkanamalaipatti (P) Ward-4 Madakoil
3.Veerapatti (R.V) Mukkanamalaipatti (P) Ward-1 Velampatti
4.Veerapatti (R.V)Mukkanamalaipatti (P) Ward-9 Mukkanamalaipatti Kilakku 999.OVERSEAS  ELECTORS",All Voters,Dravida Munnetra Kazhagam,220,213,7,All India Anna Dravida Munnetra Kazhagam,1,2,3,4,5,5,5,1.219512195121951,2
234,234,10,403,132,0,0,0,77,0,0,0,0,0,1,0,0,0,1,0,0,0,0,0,0,0,0,0,624,0,0,624,0,234,"Government Higher Secondary School, Old Building,  South  Side,  East  Portion, Mukkannamalaipatti-622103",1.Veerapatti (R.V)Mukkanamalaipatti(P) Ward-2Mukkanamalaipatti Vadakku 999.OVERSEAS  ELECTORS,All Voters,Dravida Munnetra Kazhagam,403,132,271,All India Anna Dravida Munnetra Kazhagam,1,2,3,4,5,5,5,43.42948717948718,2
235,235,20,558,150,0,0,1,123,0,1,0,0,0,1,0,1,1,0,0,0,0,0,0,0,0,0,0,856,0,0,856,0,235,"Government Higher Secondary School, Old Building,  North  Side, East  Portion, Mukkannamalaipatti-622103","1.Veerapatti (R.V) Mukkanamalaipatti (P) Ward-3 Mukkanamalaipatti Nadutheru,Therkkutheru
999.OVERSEAS  ELECTORS",All Voters,Dravida Munnetra Kazhagam,558,150,408,All India Anna Dravida Munnetra Kazhagam,1,2,3,4,6,6,5,47.66355140186916,4
236,236,11,196,179,0,1,0,74,1,0,0,0,0,0,1,0,0,0,0,0,0,0,1,0,0,0,0,464,0,0,464,0,236,"Government Higher Secondary School, Old Building,  North  Side, West  Portion, Mukkannamalaipatti-622103","1.Veerapatti (R.V) Mukkanamalaipatti (P) Ward-4 Pallivasal    Theru Padayachi theru
2.Veerapatti (R.V) Mukkanamalaipatti (P) Ward-3 Mettupatti
3.Veerapatti (R.V) Mukkanamalaipatti (P) Ward-3 Velankulam 999.OVERSEAS  ELECTORS",All Voters,Dravida Munnetra Kazhagam,196,179,17,All India Anna Dravida Munnetra Kazhagam,1,2,3,4,5,6,6,3.663793103448275,3
237,237,37,69,294,1,1,0,95,0,0,0,0,0,0,2,0,0,0,0,2,0,1,0,0,1,1,0,504,0,0,504,0,237,"Panchayat Union Middle  School, North Facing,  West Portion, Veerapatti-622103","1.Veerapatti (R.V) Veerapatti (P) Ward-2,3 Veerapatti
2.Veerapatti (R.V) Veerapatti (P) Ward-3 Mettukalam 999.OVERSEAS  ELECTORS",All Voters,All India Anna Dravida Munnetra Kazhagam,294,95,199,Tamilaga Vettri Kazhagam,3,1,2,4,5,5,7,39.48412698412698,7
238,238,34,167,360,0,0,1,151,0,0,0,0,0,0,1,0,1,0,1,0,0,0,0,0,0,0,0,716,0,0,716,0,238,"Panchayat Union Middle  School, North Facing,  East Building, Veerapatti-622103","1.Veerapatti (R.V) Veerapatti (P) Ward-1 Sennappanayakkanpatti
2.Veerapatti (R.V) Veerapatti (P) Ward-7 Vavvaneri
3.Veerapatti (R.V) Veerapatti (P) Ward-7 Poikadipatti 999.OVERSEAS  ELECTORS",All Voters,All India Anna Dravida Munnetra Kazhagam,360,167,193,Dravida Munnetra Kazhagam,2,1,3,4,6,6,5,26.95530726256983,3
239,239,29,213,448,3,0,0,243,2,0,0,0,0,0,2,1,0,0,0,2,1,1,0,0,0,2,0,947,0,2,949,0,239,"Panchayat Union Middle  School,
North Facing  Terraced Building,  Middle Portion,  Kaladippatti-Veerapatti-622103","1.Veerapatti (R.V) Veerapatti (P) Ward-4,5 Kaladipatti
2.Veerapatti (R.V) Veerapatti (P) Ward-8 Therkukalam
3.Veerapatti (R.V) Veerapatti (P) Ward-6,  7 Kaladipatti chatram 999.OVERSEAS  ELECTORS",All Voters,All India Anna Dravida Munnetra Kazhagam,448,243,205,Tamilaga Vettri Kazhagam,3,1,2,4,6,5,6,21.64730728616684,11
240,240,29,136,452,4,2,2,141,0,1,0,0,1,2,3,0,3,1,1,2,0,0,1,0,2,1,0,784,0,2,786,0,240,"Panchayat Union Middle  School,  East Facing,  West  Building  , South  Portion-Idayapatti-622102","1.Idayapatti (R.V) Idayapatti (P) Ward-1 Veliyangudi
2.Idayapatti (R.V) Idayapatti (P) Ward-2 Pothaiyampatti
3.Idayapatti (R.V) Idayapatti (P) Ward-1 Kurumbatheru
4.VIdayapatti (R.V) Idayapatti (P) Ward-1 Kasiyapuram
5.VIdayapatti (R.V) Idayapatti (P) Ward-3 Idayapatti
6.Idayapatti (R.V) Idayapatti (P) Ward-4 Velankadu 999.OVERSEAS  ELECTORS",All Voters,All India Anna Dravida Munnetra Kazhagam,452,141,311,Tamilaga Vettri Kazhagam,3,1,2,4,6,5,6,39.66836734693878,18
241,241,16,108,323,3,1,0,100,0,0,0,0,0,0,2,0,1,0,1,3,0,0,0,0,0,0,0,558,0,3,561,0,241,"Panchayat Union Middle  School,  West Facing,  East Building  ,  South  Portion-Idayapatti-622102","1.Idayapatti (R.V) Idayapatti (P) Ward-4 Chinna Koovattupatti
2.Idayapatti (R.V) Idayapatti (P) Ward-6 Koovattupatti Harijantheru
3.Idayapatti (R.V) Idayapatti (P) Ward-4 Koovattupatti Kilakku
4.Idayapatti (R.V) Idayapatti (P) Ward-6 Koovattupatti Merku
5.Idayapatti (R.V) Idayapatti (P)Ward-5 KoovattupattiAmbalakarar Theru
6.Idayapatti (R.V) Idayapatti (P) Ward-6 karampatti 999.OVERSEAS  ELECTORS",All Voters,All India Anna Dravida Munnetra Kazhagam,323,108,215,Dravida Munnetra Kazhagam,2,1,3,4,6,5,7,38.53046594982079,7
242,242,45,117,442,4,3,0,134,0,0,0,0,1,0,1,1,0,0,0,5,0,0,0,0,0,0,2,755,0,1,756,0,242,"Panchayat Union Middle  School, North Facing,  Middle  portion, Alathur-622102","1.Alathur  (R.V) Alathur (P) Ward-1 kurichipatti Vadakku Theru
2.Alathur  (R.V) Alathur (P) Ward-4 Kurichipatti Therkkutheru
3.Alathur  (R.V) Alathur (P) Ward-1 Alathur Palaya Adidravidar Kudiyeruppu
4.Alathur  (R.V) Alathur (P) Ward-3 Alathur Merku 999.OVERSEAS  ELECTORS",All Voters,All India Anna Dravida Munnetra Kazhagam,442,134,308,Tamilaga Vettri Kazhagam,3,1,2,4,6,5,7,40.79470198675497,10
243,243,31,152,315,4,6,0,106,0,0,0,0,1,1,2,0,0,1,0,1,1,0,0,0,1,1,1,624,0,0,624,0,243,"Panchayat Union Middle  School, North Facing,  West Portion, Alathur-622102","1.Alathur  (R.V) Alathur (P) Ward-5 Alathur Kilakku
2.Alathur  (R.V) Alathur (P) Ward-5 Alathur Puthiya Adidravidar  Colony
3.Alathur  (R.V) Alathur (P) Ward-6 Kanchiranpatti
4.Alathur  (R.V) Alathur (P) Ward-6 Chokkanpatti 999.OVERSEAS  ELECTORS",All Voters,All India Anna Dravida Munnetra Kazhagam,315,152,163,Dravida Munnetra Kazhagam,2,1,3,4,5,6,7,26.12179487179487,10
244,244,36,114,472,8,1,1,176,0,0,0,0,0,0,0,0,1,0,1,1,1,0,1,0,0,0,0,813,0,3,816,0,244,"Panchayat Union Middle  School,
New Terraced Building,  North Portion, West Facing,  Kathavampatti-622102","1.Kathavampatti (R.v) Kathavampatti (p) Ward-4,5,6kadavampati
2.Kathavampatti (R.v) Kathavampatti (P) Ward-3 Soriyampatti
3.Kathavampatti (R.v) Kathavampatti (P) Ward-2,3 Neivaipatti
4.Kathavampatti (R.v) Kathavampatti (P) Ward-1 Thirunadu Kilakku
5.Thalinji (RV) Thalinji (P) Ward-6 Thirunadu Merku 999.OVERSEAS  ELECTORS",All Voters,All India Anna Dravida Munnetra Kazhagam,472,176,296,Tamilaga Vettri Kazhagam,3,1,2,4,6,5,6,36.40836408364084,5
245,245,28,125,494,3,0,0,127,0,0,0,0,0,0,1,2,0,0,1,2,0,0,0,2,0,0,0,785,0,0,785,0,245,"Panchayat Union Elementary  School, New Terraced Building,  South  Portion, East Facing,  Thalinji-622102","1.Thalinji (RV) Thalinji (P) Ward-4,5 Thalinji
2.Thalinji (RV) Thalinji(P) Ward-2 Keelapatti
3.Thalinji (RV) Thalinji (P) Ward-2 Melapatti
4.Thalinji (RV) Thalinji (P) Ward-1 Ariyakonpatti
5.Thalinji (RV) Thalinji (P) Ward-1 Solagampatti
6.Thalinji (RV) Thalinji (P) Ward-3 OOthukadu
7.Thalinji (RV) Thalinji (P) Ward-1 Itchangudi 999.OVERSEAS  ELECTORS",All Voters,All India Anna Dravida Munnetra Kazhagam,494,127,367,Tamilaga Vettri Kazhagam,3,1,2,4,6,5,6,46.7515923566879,8
246,246,53,93,368,3,1,0,132,0,0,0,1,0,1,4,1,0,0,1,2,0,0,0,1,0,1,0,662,0,0,662,0,246,"Government High School,
SSA Building, South  Facing,  West Portion,  Kilikudi-622102","1.Gudalur(R.V) Kilikudi (P) Ward-1 Ellaipatti
2.Gudalur(R.V) Kilikudi (P) Ward- 1 Perumalpatti
3.Gudalur(R.V) Kilikudi (P) Ward-2 Koodalur 999.OVERSEAS  ELECTORS",All Voters,All India Anna Dravida Munnetra Kazhagam,368,132,236,Tamilaga Vettri Kazhagam,3,1,2,4,6,5,7,35.64954682779456,12
247,247,39,144,307,2,1,0,106,0,0,1,0,0,0,3,0,0,1,0,0,0,0,0,0,0,0,0,604,0,2,606,0,247,"Panchayat Union Elementary  School, North Facing,  East Portion, Peyal-622102","1.Peyal(R.V) Kilikudi (P) Ward-8 Valayapatti
2.Peyal(R.V) Kilikudi (P) Ward- 7 Vairampatti
3.Peyal(R.V) Kilikudi (P) Ward- 7 Peyal 999.OVERSEAS  ELECTORS",All Voters,All India Anna Dravida Munnetra Kazhagam,307,144,163,Dravida Munnetra Kazhagam,2,1,3,4,6,5,7,26.98675496688742,5
248,248,47,121,372,18,2,0,154,0,0,1,1,0,0,2,0,1,1,0,2,1,1,0,0,0,1,0,725,0,0,725,0,248,"Panchayat Union Elemenrary  School, New Terraced Building,  North  Facing, East Portion, Mampatti-622102","1.Mampatti(R.V) Kilikudi (P) Ward-3 Chokkampatti
2.Mampatti(R.V) Kilikudi (P) Ward-3 Seethapatti
3.Mampatti(R.V) Kilikudi (P) Ward-3 Solaicheripartti
4.Mampatti(R.V) Kilikudi (P) Ward-4 Mampatti
5.Mampatti(R.V) Kilikudi (P) Ward-4 Konakurichipatti 999.OVERSEAS  ELECTORS",All Voters,All India Anna Dravida Munnetra Kazhagam,372,154,218,Tamilaga Vettri Kazhagam,3,1,2,4,6,5,7,30.06896551724138,11
249,249,61,176,477,11,0,2,217,0,0,1,0,0,2,5,1,2,4,2,1,0,0,0,1,1,2,1,967,0,3,970,0,249,"Government High School,
SSA Building, South  Facing,  East Portion,   Kilikudi-622102","1.Kilikudi (R.V) Kilikudi (P) Ward-5 Veppanganipatti
2.Kilikudi (R.V) Kilikudi (P) Ward-9 Vilavayal Colony
3.Kilikudi (R.V) Kilikudi (P) Ward-9 Villampatti
4.Kilikudi (R.V) Kilikudi (P) Ward-6 Kilikudi
5.Kilikudi (R.V) Kilikudi (P) Ward-1 Chettiyapatti 999.OVERSEAS  ELECTORS",All Voters,All India Anna Dravida Munnetra Kazhagam,477,217,260,Tamilaga Vettri Kazhagam,3,1,2,4,7,5,6,26.88728024819028,23
250,250,16,123,325,4,0,0,137,0,1,0,1,0,0,0,0,0,0,0,3,1,0,0,0,0,1,0,612,0,1,613,0,250,"Government Higher Secondary School, New Terraced Building,  West  Facing, North Portion,  Parambur-622102",1.Parambur (R.V) Parambur  (P) Ward-7 Parambur  Vadakku 999.OVERSEAS  ELECTORS,All Voters,All India Anna Dravida Munnetra Kazhagam,325,137,188,Tamilaga Vettri Kazhagam,3,1,2,4,6,5,6,30.71895424836601,7
251,251,27,191,387,3,1,1,190,0,0,0,0,1,1,3,0,0,1,1,2,1,0,0,0,0,1,0,811,0,0,811,0,251,"Government Higher Secondary School, New Terraced Building,  West  Facing, Middle  Portion,  Parambur-622102","1.Parambur (R.V) Parambur  (P) Ward-7 Parambur  Vadakku   -2
2.Parambur (R.V) Parambur  (P) Ward-9 Parambur  Keelpagam 999.OVERSEAS  ELECTORS",All Voters,All India Anna Dravida Munnetra Kazhagam,387,191,196,Dravida Munnetra Kazhagam,2,1,3,4,6,5,6,24.16769420468557,11
252,252,30,113,346,4,0,0,157,0,0,0,1,1,4,2,1,0,2,2,6,2,0,2,1,0,3,0,677,0,2,679,0,252,"Panchayat Union Elementary  School, South Facing  Terraced Building,  West Portion,  Karasoorampatti-622104","1.Oonaiyur  (P) Ward-2 Kappakudi
2.Vannarapatti (R.V) Parambur  (P) Ward-12 Vannarapatti
3.Vannarapatti (R.V) Parambur  (P) Ward- 12 Pudupatti
4.Vannarapatti (R.V) Parambur  (P) Ward-12 Karasooranpatti
5.Kavinaripatti(R.V) Oonaiyur (P) Ward-2 Kavinaripatti
6.Kavinaripatti(R.V) Oonaiyur (P) Ward-2 Perichikudipatti
7.Puthakudi(R.V) Oonaiyur  (P) Ward-12 Puthakudi 999.OVERSEAS  ELECTORS",All Voters,All India Anna Dravida Munnetra Kazhagam,346,157,189,Tamilaga Vettri Kazhagam,3,1,2,4,6,5,6,27.91728212703102,27
253,253,33,115,424,7,8,0,173,2,1,3,0,0,1,3,0,4,0,4,0,3,0,0,1,1,2,0,785,0,1,786,0,253,"Government Higher Secondary School, New Terraced South  Building,  North Facing,  East portion  Parambur-622104","1.Parambur (R.V) Parambur  (P) Ward-5 Mettupatti
2.Parambur (R.V) Parambur  (P) Ward-2 Kunniyapatti 3..Parambur  (R.V) Parambur  (P) Ward-10 Poolampatti
4.Parambur (R.V) Parambur  (P) Ward-10 Vettukadu
5.Parambur (R.V) Parambur  (P) Ward-6 Kallampatti Senthankarai
6.Parambur (R.V) Parambur  (P) Ward-5 Veeraperumalpatti 999.OVERSEAS  ELECTORS",All Voters,All India Anna Dravida Munnetra Kazhagam,424,173,251,Tamilaga Vettri Kazhagam,3,1,2,4,5,6,7,31.97452229299363,25
254,254,16,114,376,0,1,0,127,0,0,0,0,0,0,1,0,0,0,1,1,0,0,0,0,0,0,0,637,0,0,637,0,254,"Panchayath Union Elemantary  School, South Facing, North  Terraced Building, East Portion, Anaippatti-622104","1.Pinnangudi(R.V) Parambur  (P) Ward-11 Anaipatti 2.Pinnangudi(R.V) Parambur  (P) Ward-11 Seegampatti
3.Pinnangudi(R.V) Parambur  (P) Ward-11 Pinnangudi 999.OVERSEAS  ELECTORS",All Voters,All India Anna Dravida Munnetra Kazhagam,376,127,249,Tamilaga Vettri Kazhagam,3,1,2,4,5,6,6,39.0894819466248,3
255,255,27,224,304,4,1,0,226,2,0,0,1,0,0,1,0,0,0,0,1,0,0,0,0,0,0,0,791,0,1,792,0,255,"Panchayat Union Elementary  School, New Terraced Building,  East  Facing, South Portion,  Parambur-622104",1.Parambur (R.V) Parambur  (P) Ward-8 Parambur  Therkku 999.OVERSEAS  ELECTORS,All Voters,All India Anna Dravida Munnetra Kazhagam,304,226,78,Tamilaga Vettri Kazhagam,3,1,2,4,6,5,7,9.860935524652339,5
256,256,19,62,287,4,0,0,101,0,0,0,0,0,1,1,1,2,0,0,4,0,0,0,0,0,0,0,482,0,1,483,0,256,"Government Higher Secondary School, New Terraced Building,  West  Facing, South Portion,  Last  Room,  Parambur-622104","1.Parambur (R.V) Parambur  (P) Ward-2 Panampatti Therkku
2.Parambur (R.V) Parambur  (P) Ward-2 Panampatti Vadakku
3.Parambur (R.V) Parambur  (P) Ward-2 Puliyampatti",All Voters,All India Anna Dravida Munnetra Kazhagam,287,101,186,Tamilaga Vettri Kazhagam,3,1,2,4,6,5,6,38.58921161825727,9
257,257,59,132,498,7,2,0,221,0,1,0,1,0,2,1,3,2,3,2,13,5,1,1,1,0,1,1,957,0,0,957,0,257,"Panchayat Union Elementary  School, New SSA Building,  Western  Side Kadambarayanpatti-622103","1.Kadambarayanpatti (R.V)Parambur (P) Ward-3 Kadambarayanpatti Merku
2.Kadambarayanpatti(R.V)Parambur  (P) Ward-3 Kadambarayanpatti Kilakku
3.Kadambarayanpatti (R.V) Parambur  (P) Ward-1 Usilampatti
4.Kadambarayanpatti (R.V) Parambur  (P) Ward-1 Solaicheripatti
5.Kadambarayanpatti (R.V) Parambur  (P) Ward-1 Kanniyapatti
6.Kadambarayanpatti (R.V) Parambur  (P) Ward-3 Rayapatti (Thalampatti) 999.OVERSEAS  ELECTORS",All Voters,All India Anna Dravida Munnetra Kazhagam,498,221,277,Tamilaga Vettri Kazhagam,3,1,2,4,6,5,7,28.94461859979101,38
258,258,27,129,494,2,0,2,250,0,0,0,1,0,1,3,1,0,1,1,2,1,0,1,0,1,3,0,920,0,1,921,0,258,"Government High School,
North Facing  Terraced Building,  Middle Portion,  Kudumiyanmalai-622104","1.Kudumiyanmalai (R.V) Kudumiyanmalai (P) Ward-2 Aariyamuthupatti
2.Kudumiyanmalai (R.V) Kudumiyanmalai (P) Ward-2 Marungipatti
3.Kudumiyanmalai (R.V) Kudumiyanmalai (P) Ward-3 Keelaparaikalam
4.Kudumiyanmalai (R.V) Kudumiyanmalai (P) Ward-1,2 Urugampatti 999.OVERSEAS  ELECTORS",All Voters,All India Anna Dravida Munnetra Kazhagam,494,250,244,Tamilaga Vettri Kazhagam,3,1,2,4,7,5,5,26.52173913043478,16
259,259,51,99,275,0,0,0,139,0,0,1,0,0,0,1,1,0,0,1,1,0,0,0,0,1,0,0,570,0,1,571,0,259,"Panchayat Union Elementary  School, South Facing, West  Portion, Kudumiyanmalai-622104","1.Kudumiyanmalai (R.V) Kudumiyanmalai (P) Ward-5 Kudumiyanmalai Vadapagam
2.Kudumiyanmalai (R.V) Kudumiyanmalai (P) Ward-8 Anna Nagar
3.Kudumiyanmalai (R.V) Kudumiyanmalai (P) Ward-8 Visalikalam 999.OVERSEAS  ELECTORS",All Voters,All India Anna Dravida Munnetra Kazhagam,275,139,136,Tamilaga Vettri Kazhagam,3,1,2,4,5,5,5,23.85964912280702,6
260,260,41,109,376,4,1,1,174,0,0,0,0,0,0,0,2,1,0,0,2,1,0,0,0,1,2,0,715,0,0,715,0,260,"Panchayat Union Elementary  School, North Portion,  East Facing, Kudumiyanmalai-622104","1.Kudumiyanmalai (R.V) Kudumiyanmalai (P) Ward-6 Kudimiyanmalai Thenpagam
2.Kudumiyanmalai (R.V) Kudumiyanmalai (P) Ward-4 Ochapatti
3.Kudumiyanmalai (R.V) Kudumiyanmalai (P) Ward-4 Melaparaikalam
4.Kudumiyanmalai (R.V) Kudumiyanmalai (P) Ward-4 Puramalai
5.Kudumiyanmalai (R.V) Kudumiyanmalai (P) Ward-4 Uppuparai (Seegampatti) 999.OVERSEAS  ELECTORS",All Voters,All India Anna Dravida Munnetra Kazhagam,376,174,202,Tamilaga Vettri Kazhagam,3,1,2,4,6,5,6,28.25174825174825,9
261,261,43,79,305,2,0,0,85,0,0,0,0,0,0,1,0,0,0,1,6,0,0,0,0,0,1,0,523,0,0,523,0,261,"Panchayat Union Elemenrary  School, Terraced Building,  East Facing  South Portion,  Visalur-622104","1.Visalur (R.V) Kudumiyanmalai (P) Ward-9 Eluvichipatti
2.Visalur (R.V) Kudumiyanmalai (P) Ward-7   Visalur 999.OVERSEAS  ELECTORS",All Voters,All India Anna Dravida Munnetra Kazhagam,305,85,220,Tamilaga Vettri Kazhagam,3,1,2,4,6,5,6,42.06500956022944,9
262,262,41,145,386,6,0,0,132,0,0,0,0,0,0,0,0,0,1,1,9,2,0,0,0,0,0,1,724,0,2,726,0,262,"Government Higher Secondary School, North Facing,  East Portion, Terraced Building,  Vayalogam-622104","1.Vayalogam  (R.V) Vayalogam  (P) Ward-1 Panankadu
2.Vayalogam  (R.V) Vayalogam  (P) Ward-1 Keelakalam
3.Vayalogam  (R.V) Vayalogam  (P) Ward-1, 2 Agarapatti
4.Vayalogam  (R.V) Vayalogam  (P) Ward-1 Annapannai
5.Vayalogam  (R.V) Vayalogam  (P) Ward-3 Vayalogam  Therkku 999.OVERSEAS  ELECTORS",All Voters,All India Anna Dravida Munnetra Kazhagam,386,145,241,Dravida Munnetra Kazhagam,2,1,3,4,6,5,6,33.28729281767956,14
263,263,23,81,221,3,0,0,109,0,0,0,0,0,0,0,0,1,0,1,0,0,0,0,0,1,0,0,440,0,1,441,0,263,"Government Higher Secondary School, North Facing,  Middle  Portion,Terraced Building,  Vayalogam-622104","1.Vayalogam  (R.V) Vayalogam  (P) Ward-9 Kanattampatti
2.Vayalogam  (R.V) Vayalogam  (P) Ward-9 Velampatti
3.Vayalogam  (R.V) Vayalogam  (P) Ward-8 Muthalipatti 999.OVERSEAS  ELECTORS",All Voters,All India Anna Dravida Munnetra Kazhagam,221,109,112,Tamilaga Vettri Kazhagam,3,1,2,4,6,5,6,25.45454545454545,3
264,264,32,156,338,2,3,2,196,1,0,0,0,0,1,0,2,1,0,3,2,0,0,0,1,0,0,1,741,0,2,743,0,264,"Government Higher Secondary School, North Facing,  West Middle Portion,Terraced Building,  Vayalogam-622104","1.Vayalogam  (R.V) Vayalogam  (P) Ward-7 Vayalogam  Keelpagam
2.Vayalogam  (R.V) Vayalogam  (P) Ward-4 Vayalogam  Vadakkupaguthi 999.OVERSEAS  ELECTORS",All Voters,All India Anna Dravida Munnetra Kazhagam,338,196,142,Tamilaga Vettri Kazhagam,3,1,2,4,5,6,6,19.16329284750337,12
265,265,42,196,208,0,2,0,85,0,0,0,0,0,1,0,1,0,0,1,2,1,0,0,0,0,0,0,539,0,0,539,0,265,"Panchayat Union Elementary  School, South Facing,   Tiled building,   Mangudi-622101","1.Mangudi (R.V) Mangudi (P) Ward-1 Velar  Theru,  Muslim  theru
2.Mangudi (R.V) Mangudi (P) Ward-1 Adidravidar Theru",All Voters,All India Anna Dravida Munnetra Kazhagam,208,196,12,Dravida Munnetra Kazhagam,2,1,3,4,5,6,6,2.22634508348794,6
266,266,31,168,356,3,1,1,155,0,1,0,0,0,2,2,0,1,0,4,3,0,0,0,0,0,0,0,728,0,0,728,0,266,"Panchayat Union Elementary  School, West Facing,  North Portion,  Terraced Building,  Mangudi-622101","1.Mangudi (R.V) Mangudi (P) Ward-2 Mangudi Therkku
2.Mangudi (R.V) Mangudi (P) Ward-2 Mangudi Vadakku
3.Mangudi (R.V) Mangudi (P) Ward-1 Kannattampatti 999.OVERSEAS  ELECTORS",All Voters,All India Anna Dravida Munnetra Kazhagam,356,168,188,Dravida Munnetra Kazhagam,2,1,3,4,6,5,6,25.82417582417583,13
267,267,47,166,281,2,0,1,138,0,0,0,0,1,0,4,0,1,0,1,1,1,0,0,0,0,0,0,644,0,2,646,0,267,"Panchayat Union Elementary  School, North West Building,  East  Facing, Perumanadu-622104",1.Perumanadu (R.V) Perumanadu (P) Ward-13 Perumanadu 999.OVERSEAS  ELECTORS,All Voters,All India Anna Dravida Munnetra Kazhagam,281,166,115,Dravida Munnetra Kazhagam,2,1,3,4,7,5,6,17.85714285714286,9
268,268,21,120,356,2,0,0,109,0,0,0,0,0,0,1,0,0,0,1,2,0,0,0,0,1,0,0,613,0,0,613,0,268,"Panchayat Union Elementary  School, South Facing, West  Portion South Terraced Building,  Perumanadu-622104",1.Perumanadu (R.V) Perumanadu (P) Ward-13 Perumanadu 999.OVERSEAS  ELECTORS,All Voters,All India Anna Dravida Munnetra Kazhagam,356,120,236,Dravida Munnetra Kazhagam,2,1,3,4,6,5,6,38.49918433931484,5
269,269,15,91,320,2,0,0,110,0,0,1,0,0,0,1,0,1,0,2,2,1,0,1,1,0,0,0,548,0,1,549,0,269,"Panchayath Union Elementary School,South  Facing,  North  East Terraced Building,  East Portion, Perumanadu-622104","1.Perumanadu (R.V) Perumanadu (P) Ward-7 Pudukilapatti
2.Perumanadu (R.V) Perumanadu (P) Ward-3 Mailapatti
3.Perumanadu (R.V) Perumanadu (P) Ward- 4,  9 Melapaluvanji 999.OVERSEAS  ELECTORS",All Voters,All India Anna Dravida Munnetra Kazhagam,320,110,210,Tamilaga Vettri Kazhagam,3,1,2,4,6,5,6,38.32116788321168,10
270,270,48,80,243,6,4,1,106,0,0,0,0,0,1,1,0,0,0,0,1,0,0,0,0,0,0,1,492,0,0,492,0,270,"Government High School, Terracced Building, South  Facing, Pulvayal-622104","1.Pulvayal (R.V) Pulvayal (P) Ward-2 Kandupatti
2.Pulvayal (R.V) Pulvayal (P) Ward-2 Alavayal
3.Pulvayal (R.V) Pulvayal (P) Ward-2 Kollampatti
4.Pulvayal (R.V) Pulvayal (P) Ward-4 Sandapatti 999.OVERSEAS  ELECTORS",All Voters,All India Anna Dravida Munnetra Kazhagam,243,106,137,Tamilaga Vettri Kazhagam,3,1,2,4,6,5,7,27.84552845528455,4
271,271,35,203,396,4,17,0,142,1,0,0,1,0,0,2,0,0,0,0,3,0,0,0,0,0,0,1,805,0,1,806,0,271,"Panchayat Union Elementary  School, West Facing,East Portion,  Pulvayal-622104",1.Pulvayal (R.V) Pulvayal (P) Ward-2 Pulvayal 999.OVERSEAS  ELECTORS,All Voters,All India Anna Dravida Munnetra Kazhagam,396,203,193,Dravida Munnetra Kazhagam,2,1,3,4,5,6,7,23.97515527950311,8
272,272,47,154,436,5,0,0,197,0,0,0,0,1,1,1,0,0,0,2,2,1,1,0,0,0,1,1,850,0,2,852,0,272,"Panchayat Union Elementary  School, North Facing,  Terraced Building, Sundarapatti-622104","1.Sundarapatti(R.V) Pulvayal (P) Ward-6 Mappilaiapatti
2.Sundarapatti(R.V) Pulvayal (P) Ward-6 Thiruvalluvar Nagar
3.Sundarapatti(R.V) Pulvayal (P) Ward-5 Thethinapatti
4.Sundarapatti(R.V) Pulvayal (P) Ward-9 Nerigipatti
5.Sundarapatti(R.V) Pulvayal (P) Ward-9 Kamaraj Nagar
6.Sundarapatti(R.V) Pulvayal (P) Ward-9 Pillayapatti
7.Sundarapatti(R.V) Pulvayal (P) Ward-9 Sundarapatti
8.Sundarapatti(R.V) Pulvayal (P) Ward-8 Annai Nagar
9.Sundarapatti(R.V) Pulvayal (P) Ward-6 Kadayapatti 999.OVERSEAS  ELECTORS",All Voters,All India Anna Dravida Munnetra Kazhagam,436,197,239,Tamilaga Vettri Kazhagam,3,1,2,4,6,5,6,28.11764705882353,11
273,273,38,128,373,4,0,0,106,1,0,0,0,1,0,2,1,0,0,0,1,0,0,1,0,0,0,0,656,0,0,656,0,273,"Panchayat Union Elementary  School, North Facing,  East Portion, New Terraced Building,  Nilaiyapatti-622104","1.Pulvayal (R.V) Pulvayal (P) Ward-7 Pakkuruchipatti
2.Pulvayal (R.V) Pulvayal (P) Ward-1 Nilayapatti 999.OVERSEAS  ELECTORS",All Voters,All India Anna Dravida Munnetra Kazhagam,373,128,245,Dravida Munnetra Kazhagam,2,1,3,4,6,5,6,37.34756097560975,7
274,274,19,112,234,0,0,0,54,0,0,0,0,0,1,1,0,0,0,0,1,0,0,0,0,1,1,0,424,0,0,424,0,274,"Panchayat Union Elementary  School, East Facing,  North  Portion,  New Terraced Building,  Senthamangalam-622104",1.Gothandaramapuram  (R.V) Gothandaramapuram  (P) Ward-4 Senthamangalam 999.OVERSEAS  ELECTORS,All Voters,All India Anna Dravida Munnetra Kazhagam,234,112,122,Dravida Munnetra Kazhagam,2,1,3,4,5,5,5,28.77358490566038,5
275,275,21,60,286,2,0,1,147,0,1,0,0,1,1,3,0,0,1,1,0,0,0,0,0,0,0,0,525,0,0,525,0,275,"Government High School West  terreced Building,  North,  Facing, Keelapaluvanji - 622104",1.Gothandaramapuram  (R.V) Gothandaramapuram  (P) Ward-6 Keelapaluvanji 999.OVERSEAS  ELECTORS,All Voters,All India Anna Dravida Munnetra Kazhagam,286,147,139,Tamilaga Vettri Kazhagam,3,1,2,4,7,5,6,26.47619047619047,8
276,276,15,112,316,0,1,0,134,0,0,0,0,0,0,0,0,0,1,0,4,0,0,0,0,0,0,0,583,0,2,585,0,276,"Panchayat Union Elementary  School, East Facing,  Terraced Building, MurugarajNagar-622104","1.Gothandaramapuram  (R.V) Gothandaramapuram  (P) Ward-2 Kilapatti
2.Gothandaramapuram  (R.V) Gothandaramapuram  (P) Ward-1 Kunnakudipatti
3.Kurukkapatti(R.V) Gothandaramapuram (P) Ward-2 Kurukkapatti
4.Gothandaramapuram  (R.V) Gothandaramapuram  (P) Ward-1 Murugaraj Nagar 999.OVERSEAS  ELECTORS",All Voters,All India Anna Dravida Munnetra Kazhagam,316,134,182,Tamilaga Vettri Kazhagam,3,1,2,4,5,6,6,31.21783876500858,5
