Serial No.,Serial No. Of Polling Station,Naam Tamilar Katchi,All India Anna Dravida Munnetra Kazhagam,Dravida Munnetra Kazhagam,All India Puratchi Thalaivar Makkal Munnettra Kazhagam,Communist Party of India (Marxist-Leninist) (Liberation),Tamilaga Vettri Kazhagam,Vishwa Tamil Kazhagam,Independent,Independent.1,Independent.2,Independent.3,Independent.4,Independent.5,Independent.6,Independent.7,Total of Valid Votes,No. Of Rejected Votes,NOTA,Total,No. Of Tendered Votes,Location and Name of Building in which Polling Station located,Polling Area,Winner_Party,Winner_Votes,Runner_Up_Votes,Margin_Of_Victory,Runner_Up_Party,Naam Tamilar Katchi_Rank,All India Anna Dravida Munnetra Kazhagam_Rank,Dravida Munnetra Kazhagam_Rank,All India Puratchi Thalaivar Makkal Munnettra Kazhagam_Rank,Communist Party of India (Marxist-Leninist) (Liberation)_Rank,Tamilaga Vettri Kazhagam_Rank,Vishwa Tamil Kazhagam_Rank,Independent_Rank,Margin_Percentage,Total_Independent_Votes,NTK_share_pct,AIADMK_share_pct,DMK_share_pct,AIPTMK_share_pct,CPIML_share_pct,TVK_share_pct,VTK_share_pct,IND_share_pct,Cluster_ID
1,1,8,54,116,3,2,53,0,2,1,0,0,1,0,0,0,238,0,1,239,0,"Panchayat Union Ele. School, Kottakudi","1.Kottakudi (R.V) And (P), Ward-1 Kottakudi
999.OVERSEAS ELECTORS",Dravida Munnetra Kazhagam,116,54,62,All India Anna Dravida Munnetra Kazhagam,4,2,1,5,6,3,8,6,26.05042016806723,2,3.361344537815126,22.6890756302521,48.73949579831933,1.260504201680672,0.8403361344537815,22.26890756302521,0.0,0.8403361344537815,1
2,2,30,73,151,1,1,111,0,4,0,0,0,3,1,0,0,371,0,2,373,0,"Panchayat Union Middle School, Kurangani","1.Kottakudi (R.V) And (P), Ward-2 Kurngani
2.Kottakudi (R.V) And (P), Ward-2 Salaiparai
999.OVERSEAS ELECTORS",Dravida Munnetra Kazhagam,151,111,40,Tamilaga Vettri Kazhagam,4,3,1,6,6,2,8,5,10.78167115902965,4,8.086253369272237,19.67654986522911,40.70080862533693,0.2695417789757413,0.2695417789757413,29.91913746630728,0.0,1.078167115902965,3
3,3,1,4,52,0,1,20,0,0,0,0,0,0,0,0,0,78,0,2,80,0,"ICDS Centre, Karippatti","1.Kottakudi (R.V) And (P), Rasimalai
2.Kottakudi (R.V) And (P), Karipatti
999.OVERSEAS ELECTORS",Dravida Munnetra Kazhagam,52,20,32,Tamilaga Vettri Kazhagam,4,3,1,6,4,2,6,6,41.02564102564102,0,1.282051282051282,5.128205128205128,66.66666666666666,0.0,1.282051282051282,25.64102564102564,0.0,0.0,1
4,4,0,5,35,0,0,16,0,0,0,0,0,0,0,0,0,56,0,1,57,0,"Panchayat Union Ele. School, Kozhukkumalai","1.Kottakudi (R.V) And (P), Ward-4 Kozhukkumalai
999.OVERSEAS ELECTORS",Dravida Munnetra Kazhagam,35,16,19,Tamilaga Vettri Kazhagam,4,3,1,4,4,2,4,4,33.92857142857143,0,0.0,8.928571428571429,62.5,0.0,0.0,28.57142857142857,0.0,0.0,1
5,5,0,6,28,1,0,14,0,0,0,0,0,0,0,0,0,49,0,0,49,0,"Jesuva Memorial Ele. School, (Block -2) Central Station","1.Kottakudi (R.V) And (P), Ward-3 Central Station
999.OVERSEAS ELECTORS",Dravida Munnetra Kazhagam,28,14,14,Tamilaga Vettri Kazhagam,5,3,1,4,5,2,5,5,28.57142857142857,0,0.0,12.24489795918367,57.14285714285714,2.040816326530612,0.0,28.57142857142857,0.0,0.0,1
6,6,0,9,20,1,0,15,0,1,0,0,0,1,0,0,0,46,0,2,48,0,"Panchayat Union Ele. School, Muthuvarkudi","1.Kottakudi (R.V) And (P), Ward-3 Muttam
999.OVERSEAS ELECTORS",Dravida Munnetra Kazhagam,20,15,5,Tamilaga Vettri Kazhagam,6,3,1,4,6,2,6,4,10.8695652173913,1,0.0,19.56521739130435,43.47826086956522,2.173913043478261,0.0,32.60869565217391,0.0,2.173913043478261,0
7,7,1,14,35,2,1,60,0,2,0,0,0,1,0,0,0,115,0,0,115,0,"Veeravel Ele. School , (Block -3),Top Station","1.Kottakudi (R.V) And (P), Ward-4 Top Station
999.OVERSEAS ELECTORS",Tamilaga Vettri Kazhagam,60,35,25,Dravida Munnetra Kazhagam,6,3,2,4,6,1,8,4,21.73913043478261,2,0.8695652173913043,12.17391304347826,30.43478260869566,1.739130434782609,0.8695652173913043,52.17391304347826,0.0,1.739130434782609,0
8,8,39,120,340,7,1,444,1,10,2,1,2,2,1,1,1,962,0,2,964,0,"Govt. Kallar High School,Old Building, Eastern side, X Std.Room, B.Anaikaraipatti","1.B.Meenakshipuram (R.V), Anaikaraipatti (P), Ward-2 South Street
2.B.Meenakshipuram (R.V), Anaikaraipatti (P), Ward-2 1st East Street
3.B.Meenakshipuram (R.V), Anaikaraipatti (P), Ward-2 2nd East Street
4.B.Meenakshipuram (R.V), Anaikaraipatti (P), Ward-2 3rd EastStreet
5.B.Meenakshipuram (R.V), Anaikaraipatti (P), Ward-2 4th East Street
6.B.Meenakshipuram (R.V), Anaikaraipatti (P), Ward-2 1st West Street
7.B.Meenakshipuram (R.V), Anaikaraipatti (P), Ward-2 2nd West Street
8.B.Meenakshipuram (R.V), Anaikaraipatti (P), Ward-2 3rd  West Street
9.B.Meenakshipuram (R.V), Anaikaraipatti (P), Ward-2 Middle Street
10.B.Meenakshipuram (R.V), Anaikaraipatti (P), Ward-2 Main  Road
11.B.Meenakshipuram (R.V), Anaikaraipatti (P), Ward-2 Sannasipuram
999.OVERSEAS ELECTORS",Tamilaga Vettri Kazhagam,444,340,104,Dravida Munnetra Kazhagam,4,3,2,6,7,1,7,5,10.81081081081081,10,4.054054054054054,12.47401247401248,35.34303534303535,0.7276507276507277,0.103950103950104,46.15384615384615,0.103950103950104,1.03950103950104,0
9,9,25,115,342,6,5,332,1,6,1,1,0,2,1,1,0,832,0,3,835,0,"Govt.Kallar High School,West Side Building, B.Anaikaraipatti","1.B.Meenakshipuram (R.V), Anaikaraipatti (P), Ward-3 Main  Road
2.B.Meenakshipuram (R.V), Anaikaraipatti (P), Ward-3 S.K.P. Nagar
3.B.Meenakshipuram (R.V), Anaikaraipatti (P), Ward-3 North  Street
4.B.Meenakshipuram (R.V), Anaikaraipatti (P), Ward-3 Near Panchayat Building
5.B.Meenakshipuram (R.V), Anaikaraipatti (P), Ward-3 EastColony 1st Street
6.B.Meenakshipuram (R.V), Anaikaraipatti (P), Ward-3 East Colony 2nd Street
7.B.Meenakshipuram (R.V), Anaikaraipatti (P), Ward-3 East Colony 3rd Street
8.B.Meenakshipuram (R.V), Anaikaraipatti (P), Ward-3 Kummasalai
9.B.Meenakshipuram (R.V), Anaikaraipatti (P), Ward-3 Meena Velakku
999.OVERSEAS ELECTORS",Dravida Munnetra Kazhagam,342,332,10,Tamilaga Vettri Kazhagam,4,3,1,5,7,2,8,5,1.201923076923077,6,3.004807692307693,13.82211538461539,41.10576923076923,0.7211538461538461,0.6009615384615385,39.90384615384615,0.1201923076923077,0.7211538461538461,0
10,10,41,96,231,5,2,357,0,22,0,0,3,5,8,0,5,754,0,6,760,0,"Panchayat Union Middle School., South Side, Munthal","1.Bodinayakanur (R.V), Anaikaraipatti (P), Ward-1 Munthal Kurangani Main Road
999.OVERSEAS ELECTORS",Tamilaga Vettri Kazhagam,357,231,126,Dravida Munnetra Kazhagam,4,3,2,6,7,1,8,5,16.71087533156498,22,5.437665782493369,12.73209549071618,30.63660477453581,0.6631299734748011,0.2652519893899204,47.3474801061008,0.0,2.917771883289125,0
11,11,30,48,253,1,2,231,0,13,1,3,1,2,4,1,0,578,0,3,581,0,"Panchayat Union Middle School., North Side, Munthal","1.Bodinayakanur (R.V), Anaikaraipatti (P), Ward-1 Munthal  A.T. Colony
2.Bodinayakanur (R.V), Anaikaraipatti (P), Ward-1 Pitchangari
3.Bodinayakanur (R.V), Anaikaraipatti (P), Ward-1 Uralmethu
4.Bodinayakanur (R.V), Anaikaraipatti (P), Ward-1 Athiuthu Elangavarisai
5.Bodinayakanur (R.V), Anaikaraipatti (P), Ward-1 Kookthodu
6.Bodinayakanur (R.V), Anaikaraipatti (P), Ward-1 Uthamparai
7.Bodinayakanur (R.V), Anaikaraipatti (P), Ward-1 Solaiyur
999.OVERSEAS ELECTORS",Dravida Munnetra Kazhagam,253,231,22,Tamilaga Vettri Kazhagam,4,3,1,7,6,2,8,5,3.806228373702422,13,5.190311418685121,8.304498269896193,43.77162629757785,0.1730103806228374,0.3460207612456748,39.96539792387544,0.0,2.249134948096886,0
12,12,20,102,210,3,0,141,0,5,1,0,1,1,1,0,0,481,0,1,482,0,"Panchayat Union Middle School, Western Side, Agamalai","1.Agamalai (R.V) And (P), Ward-1 Agamalai
2.Agamalai (R.V) And (P), Ward-1 Kovilur
3.Agamalai (R.V) And (P), Ward-2 Annanagar
999.OVERSEAS ELECTORS",Dravida Munnetra Kazhagam,210,141,69,Tamilaga Vettri Kazhagam,4,3,1,6,7,2,7,5,14.34511434511435,5,4.158004158004158,21.20582120582121,43.65904365904366,0.6237006237006237,0.0,29.31392931392931,0.0,1.03950103950104,1
13,13,1,33,46,0,0,66,0,4,0,0,0,2,0,1,1,150,0,1,151,0,"Govt. Adidravidar Residential School, North Block Upstairs, Kannakarai","1.Agamalai (R.V) And (P), Ward-2 Alangaram-1
2.Agamalai (R.V) And (P), Ward-2 Chokkan Alai
999.OVERSEAS ELECTORS",Tamilaga Vettri Kazhagam,66,46,20,Dravida Munnetra Kazhagam,5,3,2,6,6,1,6,4,13.33333333333333,4,0.6666666666666667,22.0,30.66666666666666,0.0,0.0,44.0,0.0,2.666666666666667,0
14,14,3,52,52,1,2,100,0,11,0,1,1,4,3,1,0,221,0,1,222,0,"Panchayat Union Elementary School, Oothukadu","1.Agamalai (R.V) And (P), Ward-3 Uthukadu
2.Agamalai (R.V) And (P), Ward-3 Subramaniyapuram
3.Agamalai (R.V) And (P), Ward-3 Uradi
4.Agamalai (R.V) And (P), Ward-3 Periyamoongil
5.Agamalai (R.V) And (P), Ward-3 Petchiyamman Solai
6.Agamalai (R.V) And (P), Ward-3 Karumparai
999.OVERSEAS ELECTORS",Tamilaga Vettri Kazhagam,100,52,48,Dravida Munnetra Kazhagam,5,2,2,7,6,1,8,4,21.71945701357466,11,1.357466063348416,23.52941176470588,23.52941176470588,0.4524886877828055,0.904977375565611,45.24886877828055,0.0,4.97737556561086,0
15,15,40,154,215,4,3,346,0,7,0,1,1,3,0,1,1,769,0,5,774,0,"Govt. Hr.Sec. School,West Side,
Boothipuram","1.Boothipuram (R.V) And (T.P), Ward-15 Kottai Mettu Street
999.OVERSEAS ELECTORS",Tamilaga Vettri Kazhagam,346,215,131,Dravida Munnetra Kazhagam,4,3,2,6,7,1,8,5,17.03511053315995,7,5.201560468140442,20.0260078023407,27.95838751625488,0.5201560468140443,0.3901170351105332,44.99349804941482,0.0,0.9102730819245773,0
16,16,47,126,240,1,1,256,1,3,0,0,0,1,1,0,1,675,0,4,679,0,"Govt. Hr.sec. School, South East Building, East Side, Boothipuram","1.Boothipuram (R.V) And (T.P), Ward-15 West Main Road
2.Boothipuram (R.V) And (T.P), Ward-13 South Savadi Street
3.Boothipuram (R.V) And (T.P), Ward-13 Subramaniyan Kovil Street
999.OVERSEAS ELECTORS",Tamilaga Vettri Kazhagam,256,240,16,Dravida Munnetra Kazhagam,4,3,2,6,6,1,6,5,2.37037037037037,3,6.962962962962963,18.66666666666667,35.55555555555556,0.1481481481481481,0.1481481481481481,37.92592592592592,0.1481481481481481,0.4444444444444444,3
17,17,33,111,396,2,1,288,1,7,2,1,1,0,0,2,1,839,0,3,842,0,"Govt. Hr. Sec. School,  South East Building,West Side,  Boothipuram","1.Boothipuram (R.V) And (T.P), Ward-9 Kamatchi Nadar Street
2.Boothipuram (R.V) And (T.P), Ward-7 Periya Bazar Street
3.Boothipuram (R.V) And (T.P), Ward-13 Karuppalagu Nadar Street
4.Boothipuram (R.V) And (T.P), Ward-9 Nadar Kaliyamman Kovil Street
5.Boothipuram (R.V) And (T.P), Ward-9 Chambakkamar Street
6.Boothipuram (R.V) And (T.P), Ward-8 Mathari Perumal Kovil Street
999.OVERSEAS ELECTORS",Dravida Munnetra Kazhagam,396,288,108,Tamilaga Vettri Kazhagam,4,3,1,6,7,2,7,5,12.87246722288439,7,3.933253873659118,13.2300357568534,47.19904648390942,0.2383790226460071,0.1191895113230036,34.32657926102503,0.1191895113230036,0.834326579261025,3
18,18,43,160,378,2,2,450,0,5,1,0,0,4,0,0,0,1040,0,1,1041,0,"Panchayat Union Ele. School,North Side, West Block,  Boothipuram","1.Boothipuram (R.V) And (T.P), Ward-8 Ramakkaran Street
999.OVERSEAS ELECTORS",Tamilaga Vettri Kazhagam,450,378,72,Dravida Munnetra Kazhagam,4,3,2,6,6,1,8,5,6.923076923076923,5,4.134615384615384,15.38461538461539,36.34615384615385,0.1923076923076923,0.1923076923076923,43.26923076923077,0.0,0.4807692307692308,3
19,19,12,101,179,1,2,174,1,4,0,0,0,2,2,0,0,474,0,1,475,0,"Panchayat Union Ele. School, Eastern Side,East Block, Boothipuram","1.Boothipuram (R.V) And (T.P), Ward-8 Kamatchiyamman Kovil Street
2.Boothipuram (R.V) And (T.P), Ward-8 Velu Chettiar Street
3.Boothipuram (R.V) And (T.P), Ward-7 Moopar  Street
4.Boothipuram (R.V) And (T.P), Ward-7 kadambalingam Chettiar Street
5.Boothipuram (R.V) And (T.P), Ward-10 Theni Road
999.OVERSEAS ELECTORS",Dravida Munnetra Kazhagam,179,174,5,Tamilaga Vettri Kazhagam,4,3,1,7,6,2,7,5,1.054852320675105,4,2.531645569620253,21.30801687763713,37.76371308016878,0.2109704641350211,0.4219409282700421,36.70886075949367,0.2109704641350211,0.8438818565400843,0
20,20,21,138,179,0,1,157,0,4,1,1,0,1,0,0,1,500,0,2,502,0,"Govt. Hr. Sec. School, New Building, North Side South Room, Boothipuram","1.Boothipuram (R.V) And (T.P), Ward-10 Thelungu Chettiar Street
2.Boothipuram (R.V) And (T.P), Ward-10 Palanisamy Gowdar Street
3.Boothipuram (R.V) And (T.P), Ward-10 Nattanmaikarar Street
4.Boothipuram (R.V) And (T.P), Ward-11 Jakkammal Kovil Street
5.Boothipuram (R.V) And (T.P), Ward-11 Mookan Moopar Street
999.OVERSEAS ELECTORS",Dravida Munnetra Kazhagam,179,157,22,Tamilaga Vettri Kazhagam,4,3,1,7,6,2,7,5,4.399999999999999,4,4.2,27.6,35.8,0.0,0.2,31.4,0.0,0.8,2
21,21,38,80,196,2,0,181,0,4,0,0,1,0,2,1,0,501,0,3,504,0,"Govt. Hr. Sec. School, Outer Side Building, North Side, South Facing, Center Room, Boothipuram","1.Boothipuram (R.V) And (T.P), Ward-12 Moottathevar Lane
2.Boothipuram (R.V) And (T.P), Ward-12 S.V. Pillai Lane
3.Boothipuram (R.V) And (T.P), Ward-11 Silampayammal Street
4.Boothipuram (R.V) And (T.P), Ward-11 Pattani Chettiar Street
5.Boothipuram (R.V) And (T.P), Ward-11 Sourth Savadi Street
999.OVERSEAS ELECTORS",Dravida Munnetra Kazhagam,196,181,15,Tamilaga Vettri Kazhagam,4,3,1,6,7,2,7,5,2.994011976047904,4,7.584830339321358,15.96806387225549,39.12175648702595,0.3992015968063872,0.0,36.12774451097805,0.0,0.7984031936127743,3
22,22,55,214,325,1,0,235,0,7,1,1,0,3,1,1,0,837,0,0,837,0,"Govt. Kallar Ele. School , Additional Building, North Side, Valaiyathupatti","1.Boothipuram (R.V) And (T.P), Ward-5 Periya Bazar Street
2.Boothipuram (R.V) And (T.P), Ward-5 Okkaligar Street
999.OVERSEAS ELECTORS",Dravida Munnetra Kazhagam,325,235,90,Tamilaga Vettri Kazhagam,4,3,1,6,7,2,7,5,10.75268817204301,7,6.571087216248507,25.56750298685782,38.82915173237754,0.1194743130227001,0.0,28.07646356033453,0.0,0.8363201911589008,2
23,23,37,256,304,2,0,236,1,7,1,0,0,2,4,0,0,843,0,1,844,0,"Govt. Kallar Ele. School , South Side, Valaiyathupatti","1.Boothipuram (R.V) And (T.P), Ward-3 Thelungu Chettiar Street
2.Boothipuram (R.V) And (T.P), Ward-1 Mallaya Gowdar Street
3.Boothipuram (R.V) And (T.P), Ward-3 Orkalan Street
999.OVERSEAS ELECTORS",Dravida Munnetra Kazhagam,304,256,48,All India Anna Dravida Munnetra Kazhagam,4,2,1,6,8,3,7,5,5.693950177935942,7,4.389086595492289,30.36773428232503,36.06168446026097,0.2372479240806643,0.0,27.99525504151838,0.1186239620403322,0.8303677342823249,2
24,24,37,148,237,2,0,173,1,4,0,0,1,1,1,0,0,602,0,2,604,0,"Govt. Kallar Ele. School, Additional Building, South Side,  Valaiyathupatti","1.Boothipuram (R.V) And (T.P), Ward-1 Harijana Street
2.Boothipuram (R.V) And (T.P), Ward-1 Pootchi Mayandi Thevar Street
3.Boothipuram (R.V) And (T.P), Ward-1 Perumal Gowndar Street
4.Boothipuram (R.V) And (T.P), Ward-1 Kuttirasu Street
5.Boothipuram (R.V) And (T.P), Ward-5 Periya Bazar Street
6.Boothipuram (R.V) And (T.P), Ward-5 Sivanandi Thevar Street
999.OVERSEAS ELECTORS",Dravida Munnetra Kazhagam,237,173,64,Tamilaga Vettri Kazhagam,4,3,1,6,8,2,7,5,10.6312292358804,4,6.146179401993355,24.58471760797342,39.3687707641196,0.3322259136212625,0.0,28.7375415282392,0.1661129568106312,0.6644518272425249,2
25,25,41,173,186,4,2,249,1,4,0,0,0,0,2,1,1,660,0,4,664,0,"Govt. Kallar Ele. School, Additional Building, North Side,  Valaiyathupatti","1.Boothipuram (R.V) And (T.P), Ward-5 Valaiyathuppatti Periya Street
2.Boothipuram (R.V) And (T.P), Ward-7 Railway Station Street
3.Boothipuram (R.V) And (T.P), Ward-2 Moopar Street
999.OVERSEAS ELECTORS",Tamilaga Vettri Kazhagam,249,186,63,Dravida Munnetra Kazhagam,4,3,2,5,7,1,8,5,9.545454545454547,4,6.212121212121212,26.21212121212121,28.18181818181818,0.6060606060606061,0.303030303030303,37.72727272727273,0.1515151515151515,0.6060606060606061,3
26,26,35,189,393,1,0,203,0,3,0,0,0,1,0,2,0,824,0,3,827,0,"Panchayat Union Ele. School, New Building
Western Side, Athipatti","1.Boothipuram (R.V) And (T.P), Ward-6 Athipatti
999.OVERSEAS ELECTORS",Dravida Munnetra Kazhagam,393,203,190,Tamilaga Vettri Kazhagam,4,3,1,6,7,2,7,5,23.05825242718447,3,4.247572815533981,22.9368932038835,47.69417475728155,0.1213592233009709,0.0,24.63592233009709,0.0,0.3640776699029126,1
27,27,57,141,255,4,2,334,0,8,0,1,1,2,2,1,1,801,0,1,802,0,"Senthil Middle School,Additional Buliding, South Room, Keppurenganpatti, Manjinayakanpatti","1.Kodangipatti (R.V), Manjinayakanpatti (P), Ward-1 Kulalar Street
2.Kodangipatti (R.V), Manjinayakanpatti (P), Ward-1 Kaliyamman Kovil Main Street
3.Kodangipatti (R.V), Manjinayakanpatti (P), Ward-1 Chettiar Street
4.Kodangipatti (R.V), Manjinayakanpatti (P), Ward-1 Keppurenganpatti Main Road
5.Kodangipatti (R.V), Manjinayakanpatti (P), Ward-1 Thirupathi Chettiar Street
6.Kodangipatti (R.V), Manjinayakanpatti (P), Ward-1 Manjinayakkan Patti Main Street
7.Kodangipatti (R.V), Manjinayakanpatti (P), Ward-1 Vaniyar Street
8.Kodangipatti (R.V), Manjinayakanpatti (P), Ward-1 Boyar Street
9.Kodangipatti (R.V), Manjinayakanpatti (P), Ward-1 Nesavalar Street
10.Kodangipatti (R.V), Manjinayakanpatti (P), Ward-1 Harijana Street
11.Kodangipatti (R.V), Manjinayakanpatti (P), Ward-1 Kovilpatti Perumal Street
12.Kodangipatti (R.V), Manjinayakanpatti (P), Ward-1 Muthu Nagar
13.Kodangipatti (R.V), Manjinayakanpatti (P), Ward-1 Muthu Nagar Main Street
14.Kodangipatti (R.V), Manjinayakanpatti (P), Ward-1 Aasari Street
999.OVERSEAS ELECTORS",Tamilaga Vettri Kazhagam,334,255,79,Dravida Munnetra Kazhagam,4,3,2,6,7,1,8,5,9.86267166042447,8,7.116104868913857,17.60299625468165,31.83520599250936,0.4993757802746567,0.2496878901373283,41.69787765293383,0.0,0.9987515605493134,3
28,28,32,175,216,4,0,260,0,8,0,1,1,2,2,0,1,695,0,4,699,0,"Senthil Middle School,Additional Building,Middle Room, Keppurenganpatti, Manjinayakanpatti","1.Kodangipatti (R.V), Manjinayakanpatti (P), Ward-2 Keppurangan Patti Main Road
2.Kodangipatti (R.V), Manjinayakanpatti (P), Ward-2 Manimuthu Street
3.Kodangipatti (R.V), Manjinayakanpatti (P), Ward-2 Nayakkar West Street
4.Kodangipatti (R.V), Manjinayakanpatti (P), Ward-2 Panchayat Union Street
5.Kodangipatti (R.V), Manjinayakanpatti (P), Ward-2 Subbayan Street
6.Kodangipatti (R.V), Manjinayakanpatti (P), Ward-2 U.Ramasamy  Street
7.Kodangipatti (R.V), Manjinayakanpatti (P), Ward-2 Thirupathi House Street
8.Kodangipatti (R.V), Manjinayakanpatti (P), Ward-2 Manjinayakkanpatti Main Road
9.Kodangipatti (R.V), Manjinayakanpatti (P), Ward-2 Sangili Street
10.Kodangipatti (R.V), Manjinayakanpatti (P), Ward-2 Pandaram Street
11.Kodangipatti (R.V), Manjinayakanpatti (P), Ward-2 Vinayagar Kovil Street
999.OVERSEAS ELECTORS",Tamilaga Vettri Kazhagam,260,216,44,Dravida Munnetra Kazhagam,4,3,2,6,7,1,7,5,6.330935251798561,8,4.60431654676259,25.17985611510791,31.07913669064748,0.5755395683453237,0.0,37.41007194244605,0.0,1.151079136690647,2
29,29,33,228,245,1,0,198,1,3,0,0,0,1,0,0,1,709,0,0,709,0,"Senthil Middle School,Additional Buliding, North Room, Keppurenganpatti, Manjinayakanpatti","1.Kodangipatti (R.V), Manjinayakanpatti (P), Ward-2 Vinayagar Kovil Back Street
2.Kodangipatti (R.V), Manjinayakanpatti (P), Ward-2 South Street
3.Kodangipatti (R.V), Manjinayakanpatti (P), Ward-3 Chinnadurai  Street
4.Kodangipatti (R.V), Manjinayakanpatti (P), Ward-3 Main Street
5.Kodangipatti (R.V), Manjinayakanpatti (P), Ward-3 Aasari Street
6.Kodangipatti (R.V), Manjinayakanpatti (P), Ward-3 Old Milk Society Street
7.Kodangipatti (R.V), Manjinayakanpatti (P), Ward-3 Muthian Aasari Street
8.Kodangipatti (R.V), Manjinayakanpatti (P), Ward-3 Balakrishnan Street
9.Kodangipatti (R.V), Manjinayakanpatti (P), Ward-3 Ponram   Street
10.Kodangipatti (R.V), Manjinayakanpatti (P), Ward-3 Mayasalai
11.Kodangipatti (R.V), Manjinayakanpatti (P), Ward-3 Seerangan Street
12.Kodangipatti (R.V), Manjinayakanpatti (P), Ward-3 Valayapatti Road
999.OVERSEAS ELECTORS",Dravida Munnetra Kazhagam,245,228,17,All India Anna Dravida Munnetra Kazhagam,4,2,1,6,8,3,6,5,2.397743300423131,3,4.65444287729196,32.15796897038082,34.55571227080395,0.1410437235543018,0.0,27.92665726375176,0.1410437235543018,0.4231311706629055,2
30,30,32,152,244,0,0,150,0,2,0,0,0,0,1,1,0,580,0,2,582,0,"Panchayat Union Middle School, Old Building, North Side, South Facing Room, Valayapatti","1.Kodangipatti (R.V), Manjinayakanpatti (P), Ward-4 Valayapatti Oonippathai West
2.Kodangipatti (R.V), Manjinayakanpatti (P), Ward-4 West Street
3.Kodangipatti (R.V), Manjinayakanpatti (P), Ward-4 Savadi Street West
4.Kodangipatti (R.V), Manjinayakanpatti (P), Ward-4 Main Road
5.Kodangipatti (R.V), Manjinayakanpatti (P), Ward-4 Main Street
6.Kodangipatti (R.V), Manjinayakanpatti (P), Ward-4 Savadi Street
7.Kodangipatti (R.V), Manjinayakanpatti (P), Ward-4 Veeruchinnammal Kovil Street
8.Kodangipatti (R.V), Manjinayakanpatti (P), Ward-4 Thottathu Veedu North
999.OVERSEAS ELECTORS",Dravida Munnetra Kazhagam,244,152,92,All India Anna Dravida Munnetra Kazhagam,4,2,1,6,6,3,6,5,15.86206896551724,2,5.517241379310345,26.20689655172414,42.06896551724138,0.0,0.0,25.86206896551724,0.0,0.3448275862068966,2
31,31,21,95,276,1,1,136,1,7,0,0,1,2,1,2,0,538,0,2,540,0,"Panchayat Union Middle School, New Building,  North Facing, Center Room, Valayapatti","1.Kodangipatti (R.V), Manjinayakanpatti (P), Ward-4 Middle Street
2.Kodangipatti (R.V), Manjinayakanpatti (P), Ward-4 East Street
3.Kodangipatti (R.V), Manjinayakanpatti (P), Ward-4 Karupasami Kovil Street
4.Kodangipatti (R.V), Manjinayakanpatti (P), Ward-4 Church Street
5.Kodangipatti (R.V), Manjinayakanpatti (P), Ward-4 Harijana Street
6.Kodangipatti (R.V), Manjinayakanpatti (P), Main Road Kottakudi River
7.Kodangipatti (R.V), Manjinayakanpatti (P), Ward-4 Thottathu Veedu North Main Road
8.Kodangipatti (R.V), Manjinayakanpatti (P), Ward-4 New O.H.T. Street
999.OVERSEAS ELECTORS",Dravida Munnetra Kazhagam,276,136,140,Tamilaga Vettri Kazhagam,4,3,1,6,6,2,6,5,26.02230483271375,7,3.903345724907063,17.65799256505576,51.30111524163569,0.1858736059479554,0.1858736059479554,25.27881040892193,0.1858736059479554,1.301115241635688,1
32,32,29,143,309,2,3,178,0,2,0,0,0,1,1,0,0,666,0,2,668,0,"Adidravidar Welfare Ele.School, North Block, B.Meenakchipuram","1.B.Meenakshipuram (R.V) And (T.P), Ward-8 Suruli Street
2.B.Meenakshipuram (R.V) And (T.P), Ward-4 Pattalamman Kovil Street
3.B.Meenakshipuram (R.V) And (T.P), Ward-4 Mathari Kaliamman Kovil Street
4.B.Meenakshipuram (R.V) And (T.P), Ward-4 Chellaiamman Kovil Street
5.B.Meenakshipuram (R.V) And (T.P), Ward-3 Keerakadai Street
6.B.Meenakshipuram (R.V) And (T.P), Ward-3 Mottayan Street
999.OVERSEAS ELECTORS",Dravida Munnetra Kazhagam,309,178,131,Tamilaga Vettri Kazhagam,4,3,1,6,5,2,8,6,19.66966966966967,2,4.354354354354354,21.47147147147147,46.3963963963964,0.3003003003003003,0.4504504504504505,26.72672672672673,0.0,0.3003003003003003,1
33,33,53,96,317,1,0,135,0,3,0,0,0,2,0,1,0,605,0,1,606,0,"Ramapalanivelsamy Middle School, Part Building, B.Meenachipuram","1.B.Meenakshipuram (R.V) And (T.P), Ward-9 Dr.Ambethkar Street
2.B.Meenakshipuram (R.V) And (T.P), Ward-9 Emmanuvel Street
3.B.Meenakshipuram (R.V) And (T.P), Ward-9 Rangan Street
999.OVERSEAS ELECTORS",Dravida Munnetra Kazhagam,317,135,182,Tamilaga Vettri Kazhagam,4,3,1,6,7,2,7,5,30.08264462809917,3,8.760330578512397,15.86776859504132,52.39669421487604,0.1652892561983471,0.0,22.31404958677686,0.0,0.4958677685950413,1
34,34,83,94,305,0,0,155,0,4,0,0,0,1,0,2,0,641,0,0,641,0,"Adidravidar Welfare Ele. School,South Block, B.Meenatchipuram","1.B.Meenakshipuram (R.V) And (T.P), Ward-3 Gandhi Main Street
2.B.Meenakshipuram (R.V) And (T.P), Ward-3 Perumal Kovil Street
3.B.Meenakshipuram (R.V) And (T.P), Ward-3 Agni Mesthiri Veethi.
4.B.Meenakshipuram (R.V) And (T.P), Ward-3 Mandaiyan Street
5.B.Meenakshipuram (R.V) And (T.P), Ward-10 Selvaraj Street
999.OVERSEAS ELECTORS",Dravida Munnetra Kazhagam,305,155,150,Tamilaga Vettri Kazhagam,4,3,1,6,6,2,6,5,23.4009360374415,4,12.94851794071763,14.66458658346334,47.58190327613104,0.0,0.0,24.18096723868955,0.0,0.62402496099844,1
35,35,53,165,365,2,0,208,0,5,0,0,0,2,3,0,0,798,0,2,800,0,"Panchayat Union Primary School, North
Building, Pottalkalam","1.B.Meenakshipuram (R.V) And (T.P), Ward-7 Vinobaji Street
2.B.Meenakshipuram (R.V) And (T.P), Ward-7 Kaliamman Kovil Street
999.OVERSEAS ELECTORS",Dravida Munnetra Kazhagam,365,208,157,Tamilaga Vettri Kazhagam,4,3,1,6,7,2,7,5,19.67418546365915,5,6.641604010025063,20.67669172932331,45.73934837092732,0.2506265664160401,0.0,26.06516290726817,0.0,0.6265664160401002,1
36,36,38,130,238,6,0,220,0,10,1,1,0,0,1,2,1,642,0,0,642,0,"Govt. Kallar Middle School, North Block, B.Meenakchipuram","1.B.Meenakshipuram (R.V) And (T.P), Ward-1 Keerakadai  Street
2.B.Meenakshipuram (R.V) And (T.P), Ward-1 Lakali Street
3.B.Meenakshipuram (R.V) And (T.P), Ward-1 Maniyakar Street
4.B.Meenakshipuram (R.V) And (T.P), Ward-1 North Aasari Street
5.B.Meenakshipuram (R.V) And (T.P), Ward-2 North Pillaimar Street
6.B.Meenakshipuram (R.V) And (T.P), Ward-2 Chithi Makkal Street
7.B.Meenakshipuram (R.V) And (T.P), Ward-2 Palaniappan Aasari Street
8.B.Meenakshipuram (R.V) And (T.P), Ward-15 Vinayakar Kovil Street
9.B.Meenakshipuram (R.V) And (T.P), Ward-15 Nagalingam Pillai Street
10.B.Meenakshipuram (R.V) And (T.P), Ward-15 Sankaramoorthi Pillai Street
11.B.Meenakshipuram (R.V) And (T.P), Ward-15 Ramar Pillai Street
999.OVERSEAS ELECTORS",Dravida Munnetra Kazhagam,238,220,18,Tamilaga Vettri Kazhagam,4,3,1,6,7,2,7,5,2.803738317757009,10,5.919003115264798,20.24922118380062,37.07165109034268,0.9345794392523363,0.0,34.26791277258567,0.0,1.557632398753894,0
37,37,55,297,318,1,1,261,2,29,2,0,3,0,3,4,1,964,0,3,967,0,"Govt. Kallar Middle. School, Southern Side, B.meenakchipuram.","1.B.Meenakshipuram (R.V) And (T.P), Ward-15 Kandiamman Kovil Street
2.B.Meenakshipuram (R.V) And (T.P), Ward-15 Oorkalan Pillai Street
3.B.Meenakshipuram (R.V) And (T.P), Ward-14 Punnaivanam Pillai Street
4.B.Meenakshipuram (R.V) And (T.P), Ward-14 Sathuragiri Asari  Street
5.B.Meenakshipuram (R.V) And (T.P), Ward-14 Kannimar Kovil Street
6.B.Meenakshipuram (R.V) And (T.P), Ward-14 Pillaimar South  Street
7.B.Meenakshipuram (R.V) And (T.P), Ward-12 Asari South Street
8.B.Meenakshipuram (R.V) And (T.P), Ward-12 Subbyan Chettiar Street
999.OVERSEAS ELECTORS",Dravida Munnetra Kazhagam,318,297,21,All India Anna Dravida Munnetra Kazhagam,4,2,1,7,7,3,6,5,2.178423236514523,29,5.705394190871369,30.80912863070539,32.98755186721991,0.1037344398340249,0.1037344398340249,27.0746887966805,0.2074688796680498,3.008298755186722,2
38,38,40,171,184,3,0,203,2,15,0,0,3,2,0,2,0,618,0,0,618,0,"M.K Hindu Aided Ele.School, East Side Building, B.meenakchipuram","1.B.Meenakshipuram (R.V) And (T.P), Ward-11 Vinayakar Kovil Street
2.B.Meenakshipuram (R.V) And (T.P), Ward-11 Petchiyamman Kovil Street
3.B.Meenakshipuram (R.V) And (T.P), Ward-11 Gandhi Main Street
4.B.Meenakshipuram (R.V) And (T.P), Ward-11 Kannimar Kovil Street
5.B.Meenakshipuram (R.V) And (T.P), Ward-11 Karnam Street
6.B.Meenakshipuram (R.V) And (T.P), Ward-11 Mariyamman Kovil Street
7.B.Meenakshipuram (R.V) And (T.P), Ward-13 Perumal Kovil Street
8.B.Meenakshipuram (R.V) And (T.P), Ward-13 Sankara Moorthiya Pillai Street
999.OVERSEAS ELECTORS",Tamilaga Vettri Kazhagam,203,184,19,Dravida Munnetra Kazhagam,4,3,2,6,8,1,7,5,3.074433656957929,15,6.472491909385113,27.66990291262136,29.77346278317152,0.4854368932038834,0.0,32.84789644012945,0.3236245954692557,2.427184466019417,0
39,39,48,94,323,2,0,139,0,4,0,1,0,1,2,0,0,610,0,4,614,0,"Govt. Adidravidar Welfare Middle School,Centre New Building,
Dhurairajapuram Colony","1.B.Meenakshipuram (R.V) And (T.P), Ward-5&6 Durai Raja Puram Colony
999.OVERSEAS ELECTORS",Dravida Munnetra Kazhagam,323,139,184,Tamilaga Vettri Kazhagam,4,3,1,6,7,2,7,5,30.16393442622951,4,7.868852459016394,15.40983606557377,52.95081967213115,0.3278688524590164,0.0,22.78688524590164,0.0,0.6557377049180327,1
40,40,79,108,308,1,0,156,0,8,0,0,1,3,3,0,1,660,0,1,661,0,"Govt. Adidravidar Welfare Middle School,West Side, New Building, Dhurairajapuram Colony","1.B.Meenakshipuram (R.V) And (T.P), Ward-6 Durai Raja Puram Colony
999.OVERSEAS ELECTORS",Dravida Munnetra Kazhagam,308,156,152,Tamilaga Vettri Kazhagam,4,3,1,6,7,2,7,5,23.03030303030303,8,11.96969696969697,16.36363636363636,46.66666666666666,0.1515151515151515,0.0,23.63636363636364,0.0,1.212121212121212,1
41,41,17,50,205,0,1,187,1,3,0,0,0,1,1,1,0,464,0,1,465,0,"Kadiria Primary School,    ,  North Building, Boyan Thurai Road, Bodinayakanur","1.Bodinayakanur (R.V) And (M), Ward-1 Kurangani Road
2.Bodinayakanur (R.V) And (M), Ward-1 Railway Line Road
3.Bodinayakanur (R.V) And (M), Ward-1 Railway Station Street
999.OVERSEAS ELECTORS",Dravida Munnetra Kazhagam,205,187,18,Tamilaga Vettri Kazhagam,4,3,1,8,6,2,6,5,3.879310344827586,3,3.663793103448275,10.77586206896552,44.18103448275862,0.0,0.2155172413793103,40.30172413793103,0.2155172413793103,0.646551724137931,3
42,42,38,27,421,4,2,309,0,7,0,1,2,2,0,1,1,808,0,5,813,0,"ICDCS-integrated child development schme Office, Puthur west street bodinayakanur","1.Bodinayakanur (R.V) And (M), Ward-1 Soundhravel Nagar
2.Bodinayakanur (R.V) And (M), Ward-1 Boyanthurai Road
999.OVERSEAS ELECTORS",Dravida Munnetra Kazhagam,421,309,112,Tamilaga Vettri Kazhagam,3,4,1,6,7,2,8,5,13.86138613861386,7,4.702970297029703,3.341584158415842,52.1039603960396,0.495049504950495,0.2475247524752475,38.24257425742574,0.0,0.8663366336633664,1
43,43,20,29,207,4,4,233,0,11,0,0,3,3,2,1,2,508,0,2,510,0,"Maravar Munnettra Sangam, Sowendravel Nagar, Bodinayakanur","1.Bodinayakanur (R.V) And (M), Ward-1 Valasathurai Road Street-1
999.OVERSEAS ELECTORS",Tamilaga Vettri Kazhagam,233,207,26,Dravida Munnetra Kazhagam,4,3,2,6,6,1,8,5,5.118110236220472,11,3.937007874015748,5.708661417322835,40.74803149606299,0.7874015748031495,0.7874015748031495,45.86614173228347,0.0,2.165354330708662,0
44,44,17,45,243,1,0,223,2,5,0,0,0,2,2,0,1,536,0,2,538,0,"ICDS Center, Sowendravel Nagar Bodinayakanur","1.Bodinayakanur (R.V) And (M), Ward-1 Valasathurai Road Street-2
999.OVERSEAS ELECTORS",Dravida Munnetra Kazhagam,243,223,20,Tamilaga Vettri Kazhagam,4,3,1,7,8,2,6,5,3.731343283582089,5,3.171641791044776,8.395522388059701,45.33582089552239,0.1865671641791045,0.0,41.6044776119403,0.3731343283582089,0.9328358208955223,3
45,45,24,65,452,2,1,372,1,8,1,0,1,2,0,3,0,925,0,0,925,0,"Kadiria Primary School, South Building Boyan Thurai Road Bodinayakanur","1.Bodinayakanur (R.V) And (M), Ward-1 Puthur West Street
2.Bodinayakanur (R.V) And (M), Ward-1 Puthur North Street
3.Bodinayakanur (R.V) And (M), Ward-1 Puthur Middle Street (Sheikbeeranan Street)
4.Bodinayakanur (R.V) And (M), Ward-1 Puthur Middle Street (Rahamathulah Street)
5.Bodinayakanur (R.V) And (M), Ward-1 Puthur Middle Street (Kulasekarapandiyan Street)
6.Bodinayakanur (R.V) And (M), Ward-1 Puthur South Street
7.Bodinayakanur (R.V) And (M), Ward-1 Puthur Road
999.OVERSEAS ELECTORS",Dravida Munnetra Kazhagam,452,372,80,Tamilaga Vettri Kazhagam,4,3,1,6,7,2,7,5,8.64864864864865,8,2.594594594594594,7.027027027027027,48.86486486486486,0.2162162162162162,0.1081081081081081,40.21621621621622,0.1081081081081081,0.8648648648648649,3
46,46,28,104,350,2,1,283,0,3,0,1,1,1,0,0,0,771,0,6,777,0,"Anganwadi Centre No.22,North Side Building, West Room, TVKK Nagar, Bodinayakanur","1.Bodinayakanur (R.V) And (M), Ward-31 T.V.K.K. Road-4
2.Bodinayakanur (R.V) And (M), Ward-31 T.V.K.K. Road-5
3.Bodinayakanur (R.V) And (M), Ward-31 T.V.K.K. Road-6
4.Bodinayakanur (R.V) And (M), Ward-31 T.V.K.K. Road-7
5.Bodinayakanur (R.V) And (M), Ward-31 T.V.K.K. Road-8
999.OVERSEAS ELECTORS",Dravida Munnetra Kazhagam,350,283,67,Tamilaga Vettri Kazhagam,4,3,1,6,7,2,8,5,8.690012970168612,3,3.631647211413749,13.48897535667964,45.39559014267186,0.2594033722438391,0.1297016861219196,36.70557717250324,0.0,0.3891050583657588,3
47,47,27,81,251,0,1,204,1,7,1,0,0,4,0,2,0,572,0,0,572,0,"Anganwadi Centre No.18,North Side
Building, East Room,TVKK Nagar,
Bodinayakanur","1.Bodinayakanur (R.V) And (M), Ward-31 T.V.K.K. Road-9
2.Bodinayakanur (R.V) And (M), Ward-31 T.V.K.K. Road-10
3.Bodinayakanur (R.V) And (M), Ward-29 Aranmanai Street
999.OVERSEAS ELECTORS",Dravida Munnetra Kazhagam,251,204,47,Tamilaga Vettri Kazhagam,4,3,1,8,6,2,6,5,8.216783216783217,7,4.72027972027972,14.16083916083916,43.88111888111888,0.0,0.1748251748251748,35.66433566433567,0.1748251748251748,1.223776223776224,3
48,48,17,31,358,1,1,171,0,6,0,0,0,2,1,2,1,585,0,1,586,0,"Kongu Vellala Gounder Samuthaya Kudam,West Building,TVKK Nagar, Bodinayakanur","1.Bodinayakanur (R.V) And (M), Ward-29 Kathirvel Lane
2.Bodinayakanur (R.V) And (M), Ward-29 Melamachu Lane
3.Bodinayakanur (R.V) And (M), Ward-29 Ashenhussian Street
4.Bodinayakanur (R.V) And (M), Ward-2 Chellayamman Kovil Street
5.Bodinayakanur (R.V) And (M), Ward-3 West Raja Street
6.Bodinayakanur (R.V) And (M), Ward-3 North Raja Street
7.Bodinayakanur (R.V) And (M), Ward-3 Pallivasal Lane
999.OVERSEAS ELECTORS",Dravida Munnetra Kazhagam,358,171,187,Tamilaga Vettri Kazhagam,4,3,1,6,6,2,8,5,31.96581196581196,6,2.905982905982906,5.299145299145299,61.1965811965812,0.1709401709401709,0.1709401709401709,29.23076923076923,0.0,1.025641025641026,1
49,49,31,66,458,0,3,268,1,4,0,1,1,0,2,0,0,831,0,4,835,0,"Pitchandi Middle School , East Raja Street, Bodinayakanur","1.Bodinayakanur (R.V) And (M), Ward-2 Zameen Sathiram Road-1
2.Bodinayakanur (R.V) And (M), Ward-3 North Raja Street
3.Bodinayakanur (r.v) and (m), Ward-30 Ammakulam Street-1
4.Bodinayakanur (R.V) And (M), Ward-31 Suntharavanam Street
999.OVERSEAS ELECTORS",Dravida Munnetra Kazhagam,458,268,190,Tamilaga Vettri Kazhagam,4,3,1,8,6,2,7,5,22.86401925391095,4,3.730445246690734,7.942238267148015,55.11432009626955,0.0,0.3610108303249098,32.25030084235861,0.1203369434416366,0.4813477737665464,1
50,50,31,87,395,0,1,244,1,5,0,0,1,2,1,0,0,764,0,2,766,0,"Shanmugar Arulneri Primary School, North Veli Street Bodinayakanur","1.Bodinayakanur (R.V) And (M), Ward-30 Ammakulam Street2
2.Bodinayakanur (R.V) And (M), Ward-3 Kamaraja Pandiyan Road
3.Bodinayakanur (R.V) And (M), Ward-30 Ammakulam Street-3
4.Bodinayakanur (R.V) And (M), Ward-30 Ammakulam Street-4
5.Bodinayakanur (R.V) And (M), Ward-30 Ammakulam Street-5
6.Bodinayakanur (R.V) And (M), Ward-30 Ammakulam Street-6
999.OVERSEAS ELECTORS",Dravida Munnetra Kazhagam,395,244,151,Tamilaga Vettri Kazhagam,4,3,1,8,6,2,6,5,19.76439790575916,5,4.057591623036649,11.38743455497382,51.70157068062827,0.0,0.1308900523560209,31.93717277486911,0.1308900523560209,0.6544502617801047,1
51,51,24,121,117,1,3,171,0,1,0,0,0,1,0,0,0,438,0,2,440,0,"Resource Room and Day Care for Children with Disabilities,East Building, South Room, Bodinayakanur","1.Bodinayakanur (R.V) And (M), Ward-31 T.V.K.K.Nagar 1st Street
2.Bodinayakanur (R.V) And (M), Ward-2 Chellakaliyamman Kovil Street
999.OVERSEAS ELECTORS",Tamilaga Vettri Kazhagam,171,121,50,All India Anna Dravida Munnetra Kazhagam,4,2,3,6,5,1,8,6,11.41552511415525,1,5.47945205479452,27.62557077625571,26.71232876712329,0.228310502283105,0.684931506849315,39.04109589041096,0.0,0.228310502283105,3
52,52,17,100,193,4,1,150,0,6,0,0,0,3,1,1,1,471,0,4,475,0,"Resource Room and Day Care for Children with Disabilities,East Building, North Room, Bodinayakanur","1.Bodinayakanur (R.V) And (M), Ward-31 T.V.K.K.Nagar 2nd Street
2.Bodinayakanur (R.V) And (M), Ward-31 T.V.K.K.Nagar 3rd Street
999.OVERSEAS ELECTORS",Dravida Munnetra Kazhagam,193,150,43,Tamilaga Vettri Kazhagam,4,3,1,6,7,2,8,5,9.129511677282377,6,3.609341825902336,21.23142250530786,40.97664543524417,0.8492569002123143,0.2123142250530786,31.84713375796178,0.0,1.273885350318471,0
53,53,27,70,377,4,1,218,0,6,0,0,0,1,2,1,2,703,0,3,706,0,"Shanmuga Arulneri Primary School, Gurukalaiyar Street, Bodinayakanur","1.Bodinayakanur (R.V) And (M), Ward-3 North Raja Street
2.Bodinayakanur (R.V) And (M), Ward-3 Nattanmaikkarar Street
3.Bodinayakanur (R.V) And (M), Ward-3 Beernmeeralevai Lane
4.Bodinayakanur (R.V) And (M), Ward-3 Sankarappan Lane
5.Bodinayakanur (R.V) And (M), Ward-3 Sundharam Street
6.Bodinayakanur (R.V) And (M), Ward-3 Kurugukalayya Lane
7.Bodinayakanur (R.V) And (M), Ward-4 Kumarasamy Lane
8.Bodinayakanur (R.V) And (M), Ward-4 Chekkadi Lane
9.Bodinayakanur (R.V) And (M), Ward-5 East Raja Street
999.OVERSEAS ELECTORS",Dravida Munnetra Kazhagam,377,218,159,Tamilaga Vettri Kazhagam,4,3,1,6,7,2,8,5,22.61735419630157,6,3.840682788051209,9.95732574679943,53.62731152204836,0.5689900426742532,0.1422475106685633,31.0099573257468,0.0,0.8534850640113799,1
54,54,30,79,401,3,0,177,1,4,0,0,1,1,2,0,0,695,0,2,697,1,"Government Kallar middle school , south building, Periyakulam road bodinayakanur","1.Bodinayakanur (R.V) And (M), Ward-5 Subbu Street
2.Bodinayakanur (R.V) And (M), Ward-5 Chellamuthu Lane
3.Bodinayakanur (R.V) And (M), Ward-5 Anganan Lane
4.Bodinayakanur (R.V) And (M), Ward-5 Kuttaikamanan Lane
5.Bodinayakanur (R.V) And (M), Ward-5 Alagu Lane
6.Bodinayakanur (R.V) And (M), Ward-5 Chokkan Lane
7.Bodinayakanur (R.V) And (M), Ward-5 Sowndhravel Lane
8.Bodinayakanur (R.V) And (M), Ward-5 East Kaliyamman Kovil Lane
9.Bodinayakanur (R.V) And (M), Ward-5 Arasabban Street
10.Bodinayakanur (R.V) And (M), Ward-5 East Maravar Lane
999.OVERSEAS ELECTORS",Dravida Munnetra Kazhagam,401,177,224,Tamilaga Vettri Kazhagam,4,3,1,6,8,2,7,5,32.23021582733813,4,4.316546762589928,11.36690647482014,57.69784172661871,0.4316546762589928,0.0,25.46762589928058,0.1438848920863309,0.5755395683453237,1
55,55,48,95,332,7,2,364,0,7,1,1,1,1,1,0,1,855,0,4,859,0,"Shanmuga Arulneri Primary School, Western Building, Bodinayakanur.","1.Bodinayakanur (R.V) And (M), Ward-2 Mayanam Road
2.Bodinayakanur (R.V) And (M), Ward-2 Zameen Thoppu Road
3.Bodinayakanur (R.V) And (M), Ward-5 Kovalan Lane
4.Bodinayakanur (R.V) And (M), Ward-5 North Maravar Street
999.OVERSEAS ELECTORS",Tamilaga Vettri Kazhagam,364,332,32,Dravida Munnetra Kazhagam,4,3,2,5,7,1,8,5,3.742690058479532,7,5.614035087719298,11.11111111111111,38.83040935672515,0.8187134502923977,0.2339181286549708,42.57309941520468,0.0,0.8187134502923977,3
56,56,30,78,286,4,0,269,1,6,0,1,1,3,1,0,0,674,0,1,675,0,"Pitchandi Middle School,, Theradi Street,
North Side, East Part, Bodinayakanur.","1.Bodinayakanur (R.V) And (M), Ward-2 Theradi Street
2.Bodinayakanur (R.V) And (M), Ward-2 Periyakulam Road
3.Bodinayakanur (R.V) And (M), Ward-2 Chellayiamman Kovil Street
999.OVERSEAS ELECTORS",Dravida Munnetra Kazhagam,286,269,17,Tamilaga Vettri Kazhagam,4,3,1,6,8,2,7,5,2.522255192878338,6,4.451038575667656,11.5727002967359,42.43323442136499,0.5934718100890208,0.0,39.91097922848665,0.1483679525222552,0.8902077151335311,3
57,57,21,65,238,2,0,241,0,3,0,0,0,0,3,0,0,570,0,0,570,0,"Govt. Kallar Middle. School, New Building, North Room, Periyakulam Road, Bodinayakanur","1.Bodinayakanur (R.V) And (M), Ward-2 Periyakulam Road
2.Bodinayakanur (R.V) And (M), Ward-2 Perumal Kovil Street
3.Bodinayakanur (R.V) And (M), Ward-4 Perumal Kovil Kinatradi Lane
4.Bodinayakanur (R.V) And (M), Ward-6 Chinnasamy Street
5.Bodinayakanur (R.V) And (M), Ward-6 Sooriyamoorthy Lane
6.Bodinayakanur (R.V) And (M), Ward-6 Erumaikkaran Lane
7.Bodinayakanur (R.V) And (M), Ward-6 Atkondan Lane
8.Bodinayakanur (R.V) And (M), Ward-6 Sethupathi Lane
9.Bodinayakanur (R.V) And (M), Ward-6 Periyanan Lane
999.OVERSEAS ELECTORS",Tamilaga Vettri Kazhagam,241,238,3,Dravida Munnetra Kazhagam,4,3,2,6,7,1,7,5,0.5263157894736842,3,3.684210526315789,11.40350877192982,41.75438596491228,0.3508771929824561,0.0,42.28070175438597,0.0,0.5263157894736842,3
58,58,20,60,286,3,0,197,0,6,0,0,1,2,2,1,0,572,0,0,572,0,"Govt. Kallar Middle. School, New Building Center Room, Periyakulam Road, Bodinayakanur","1.Bodinayakanur (R.V) And (M), Ward-6 Thiyagi Karubbaiah Lane
2.Bodinayakanur (R.V) And (M), Ward-6 Murugan Lane
3.Bodinayakanur (R.V) And (M), Ward-6 Chokkan Lane
4.Bodinayakanur (R.V) And (M), Ward-6 Bharathithasan Lane
5.Bodinayakanur (R.V) And (M), Ward-6 West Veli Street
6.Bodinayakanur (R.V) And (M), Ward-6 Petchiyamman Kovil Street
7.Bodinayakanur (R.V) And (M), Ward-6 Sivankalai Lane
999.OVERSEAS ELECTORS",Dravida Munnetra Kazhagam,286,197,89,Tamilaga Vettri Kazhagam,4,3,1,6,7,2,7,5,15.55944055944056,6,3.496503496503497,10.48951048951049,50.0,0.5244755244755245,0.0,34.44055944055944,0.0,1.048951048951049,1
59,59,21,94,212,3,1,208,0,5,0,1,2,1,1,0,0,544,0,1,545,0,"Vaaniyar Uravinmurai Mandabam,
Northern Building, North Side, Keela Raja Veethi, Bodinayakanur","1.Bodinayakanur (R.V) And (M), Ward-3 Natanmaikarar Sreet
2.Bodinayakanur (R.V) And (M), Ward-4 Perumal Kovil North Street
3.Bodinayakanur (R.V) And (M), Ward-4 Kanavarisai Lane
4.Bodinayakanur (R.V) And (M), Ward-4 KattiyakaranKinartradi Lane
5.Bodinayakanur (R.V) And (M), Ward-4 Pettai Street
6.Bodinayakanur (R.V) And (M), Ward-4 Kamanan Street
999.OVERSEAS ELECTORS",Dravida Munnetra Kazhagam,212,208,4,Tamilaga Vettri Kazhagam,4,3,1,6,7,2,8,5,0.7352941176470588,5,3.860294117647059,17.27941176470588,38.97058823529412,0.5514705882352942,0.1838235294117647,38.23529411764706,0.0,0.9191176470588236,3
60,60,19,57,179,1,2,153,0,3,0,0,0,0,1,0,2,414,0,4,418,0,"Vaaniyar Uravinmurai Mandabam, Northern Building,South Side, Keela Raja Veethi, Bodinayakanur","1.Bodinayakanur (R.V) And (M), Ward-4 Perumal Kovil South Street
2.Bodinayakanur (R.V) And (M), Ward-4 Thiyaki Nithiyanatham Lane
3.Bodinayakanur (R.V) And (M), Ward-4 Kamachiyamman Kovil Street
4.Bodinayakanur (R.V) And (M), Ward-4 Perumal Kovil East Street
5.Bodinayakanur (R.V) And (M), Ward-4 Nambi Lane
6.Bodinayakanur (R.V) And (M), Ward-4 Pethanan Lane
7.Bodinayakanur (R.V) And (M), Ward-4 Dandeeswaran Lane
8.Bodinayakanur (R.V) And (M), Ward-4 Perumal Kovil Street
9.Bodinayakanur (R.V) And (M), Ward-4 East Raja Lane
10.Bodinayakanur (R.V) And (M), Ward-4 West Raja Lane
11.Bodinayakanur (R.V) And (M), Ward-4 Perumalkovil Kattiyakkaran Kinatradi  Street
999.OVERSEAS ELECTORS",Dravida Munnetra Kazhagam,179,153,26,Tamilaga Vettri Kazhagam,4,3,1,7,6,2,8,5,6.280193236714976,3,4.589371980676328,13.76811594202899,43.23671497584541,0.2415458937198068,0.4830917874396135,36.95652173913043,0.0,0.7246376811594203,3
61,61,21,41,200,1,0,175,0,2,0,0,0,1,1,0,0,440,0,0,440,0,"Municipal Ele. School   North Building Municipal  Travellers Bunglow Compound, ICDS Centre No.17, Bodinayakanur","1.Bodinayakanur (R.V) And (M), Ward-29 Sagathevan Street
2.Bodinayakanur (R.V) And (M), Ward-29 Thiruvalluvar Lane
3.Bodinayakanur (R.V) And (M), Ward-28 Thangamuthamman Kovil Street
4.Bodinayakanur (R.V) And (M), Ward-28 Paramasivankovil Street
8.Bodinayakanur (R.V) And (M), Ward-29 Kottathu Aranmanai East Street
999.OVERSEAS ELECTORS",Dravida Munnetra Kazhagam,200,175,25,Tamilaga Vettri Kazhagam,4,3,1,6,7,2,7,5,5.681818181818182,2,4.772727272727273,9.318181818181818,45.45454545454545,0.2272727272727273,0.0,39.77272727272727,0.0,0.4545454545454545,3
62,62,17,71,200,2,0,135,0,2,0,0,1,0,1,0,0,427,0,0,427,0,"Municipal Ele. School   North Building, ICDS Centre No.04, Bodinayakanur","1.Bodinayakanur (R.V) And (M), Ward-29 Sundharapandian Street
2.Bodinayakanur (R.V) And (M), Ward-29 Solai Lane
3.Bodinayakanur (R.V) And (M), Ward-29 Varakunan Lane
999.OVERSEAS ELECTORS",Dravida Munnetra Kazhagam,200,135,65,Tamilaga Vettri Kazhagam,4,3,1,5,7,2,7,5,15.22248243559719,2,3.981264637002342,16.62763466042155,46.8384074941452,0.468384074941452,0.0,31.61592505854801,0.0,0.468384074941452,1
63,63,18,54,362,1,1,136,0,1,0,0,0,1,0,0,0,573,0,0,573,0,"1st Ward Municipal Elementary School,
North Side New Building , Municipal Travellers Bunglow Compound, Bodinayakanur.","1.Bodinayakanur (R.V) And (M), Ward-29 Chinnaian Street
2.Bodinayakanur (R.V) And (M), Ward-29 Senthattikalai Lane
3.Bodinayakanur (R.V) And (M), Ward-29 Ayyanakaruppan Lane
4.Bodinayakanur (R.V) And (M), Ward-29 Kulammaitheen Lane
5.Bodinayakanur (R.V) And (M), Ward-29 Perumal Kovil West Lane
6.Bodinayakanur (R.V) And (M), Ward-29 Ashienhussain Street
7.Bodinayakanur (R.V) And (M), Ward-29 Lakshmanan Lane
8.Bodinayakanur (R.V) And (M), Ward-29 Perumal Kovil South Lane
9.Bodinayakanur (R.V) And (M), Ward-29 Keelamachu Aranmanai Vasal Lane
999.OVERSEAS ELECTORS",Dravida Munnetra Kazhagam,362,136,226,Tamilaga Vettri Kazhagam,4,3,1,5,5,2,8,5,39.44153577661431,1,3.141361256544502,9.424083769633508,63.17626527050611,0.1745200698080279,0.1745200698080279,23.7347294938918,0.0,0.1745200698080279,1
64,64,30,84,443,1,4,243,0,7,0,1,0,0,3,0,3,812,0,4,816,0,"SCISM Play School, North Block Western Side, Subburaj Nagar ,Bodinayakanur.","1.Bodinayakanur (R.V) And (M), Ward-30 Mangaiarkarasi Street
2.Bodinayakanur (R.V) And (M), Ward-30 Vennimalai Street
3.Bodinayakanur (R.V) And (M), Ward-30 Sub Register Abdul Kadhar Street
4.Bodinayakanur (R.V) And (M), Ward-30 Pulavar Khan Mohamed Street
5.Bodinayakanur (R.V) And (M), Ward-30 Karuppanan Street
6.Bodinayakanur (R.V) And (M), Ward-29 Kottai Karuppasamy Kovil Street
7.Bodinayakanur (R.V) And (M), Ward-28 Veeranan Street
8.Bodinayakanur (R.V) And (M), Ward-28 Bangaru Lane
9.Bodinayakanur (R.V) And (M), Ward-28 Ponnayamesthiri
10.Bodinayakanur (R.V) And (M), Ward-28 Sekkilar Lane
11.Bodinayakanur (R.V) And (M), Ward-28 Palani Lane
999.OVERSEAS ELECTORS",Dravida Munnetra Kazhagam,443,243,200,Tamilaga Vettri Kazhagam,4,3,1,7,6,2,8,5,24.63054187192118,7,3.694581280788177,10.3448275862069,54.55665024630542,0.1231527093596059,0.4926108374384237,29.92610837438423,0.0,0.8620689655172413,1
65,65,47,106,281,2,0,358,0,4,0,0,0,3,1,0,0,798,0,3,801,0,"SCISM Play School, North Block Center Building , Subburaj Nagar, Bodinayakanur.","1.Bodinayakanur (R.V) And (M), Ward-33 New Colony Street-3
2.Bodinayakanur (R.V) And (M), Ward-33 New Colony Street-4
999.OVERSEAS ELECTORS",Tamilaga Vettri Kazhagam,358,281,77,Dravida Munnetra Kazhagam,4,3,2,6,7,1,7,5,9.649122807017543,4,5.889724310776942,13.28320802005013,35.21303258145363,0.2506265664160401,0.0,44.86215538847117,0.0,0.5012531328320802,3
66,66,26,65,239,1,2,318,1,10,1,1,2,2,2,0,2,662,0,4,666,0,"SCISM Play School, North Block East Side, Subburaj Nagar, Bodinayakanur.","1.Bodinayakanur (R.V) And (M), Ward-33 New Colony Street-5
2.Bodinayakanur (R.V) And (M), Ward-33 New Colony Street-6
3.Bodinayakanur (R.V) And (M), Ward-33 New Colony Street-7
4.Bodinayakanur (R.V) And (M), Ward-33 New Colony Street-8
5.Bodinayakanur (R.V) And (M), Ward-33 New Colony Street-9
6.Bodinayakanur (R.V) And (M), Ward-33 New Colony Street-10
7.Bodinayakanur (R.V) And (M), Ward-30 Asainhusain Street
999.OVERSEAS ELECTORS",Tamilaga Vettri Kazhagam,318,239,79,Dravida Munnetra Kazhagam,4,3,2,7,6,1,7,5,11.93353474320242,10,3.927492447129909,9.818731117824774,36.10271903323262,0.1510574018126888,0.3021148036253776,48.03625377643505,0.1510574018126888,1.510574018126888,0
67,67,59,83,252,1,3,358,2,4,1,0,0,0,2,0,0,762,0,0,762,0,"Kamaraj Vidhyalayam Ele. South  West Side, Subburajnagar, Bodinayakanur","1.Bodinayakanur (R.V) And (M), Ward-33 New Colony Street-1
2.Bodinayakanur (R.V) And (M), Ward-1 Kurangani Road
3.Bodinayakanur (R.V) And (M), Ward-33 New Colony Street-2
4.Bodinayakanur (R.V) And (M), Ward-33 New Colony Street-5
999.OVERSEAS ELECTORS",Tamilaga Vettri Kazhagam,358,252,106,Dravida Munnetra Kazhagam,4,3,2,8,6,1,7,5,13.91076115485564,4,7.742782152230972,10.89238845144357,33.07086614173229,0.1312335958005249,0.3937007874015748,46.98162729658792,0.2624671916010499,0.5249343832020997,3
68,68,30,81,268,0,3,291,1,6,1,0,0,3,2,0,0,680,0,3,683,0,"Kamaraj Vidhyalayam Ele. School, Western Side, 6th Std Class Room, Subburajnagar, Bodinayakanur","1.Bodinayakanur (R.V) And (M), Ward-33 New Colony
2.Bodinayakanur (R.V) And (M), Ward-33 Subburajnagar Street-1
3.Bodinayakanur (R.V) And (M), Ward-33 Sivanagar
4.Bodinayakanur (R.V) And (M), Ward-32 Subburajnagar Street-2
5.Bodinayakanur (R.V) And (M), Ward-32 Subburajnagar Street-3
6.Bodinayakanur (R.V) And (M), Ward-32 Subburajnagar Street-4
7.Bodinayakanur (R.V) And (M), Ward-32 Subburajnagar Street-5
8.Bodinayakanur (R.V) And (M), Ward-32 Subburajnagar Street-6
9.Bodinayakanur (R.V) And (M), Ward-32 Subburajnagar Street-7
10.Bodinayakanur (R.V) And (M), Ward-32 Subburajnagar Street-8
999.OVERSEAS ELECTORS",Tamilaga Vettri Kazhagam,291,268,23,Dravida Munnetra Kazhagam,4,3,2,8,6,1,7,5,3.382352941176471,6,4.411764705882353,11.91176470588235,39.41176470588236,0.0,0.4411764705882353,42.79411764705882,0.1470588235294118,0.8823529411764706,3
69,69,32,51,185,1,0,237,0,2,0,0,0,1,1,0,0,508,0,2,510,0,"Kamaraj Vidhyalayam Ele. School , East Side Room, Subburaj Nagar, Bodinayakanur","1.Bodinayakanur (R.V) And (M), Ward-32 Subburajnagar Street-11
2.Bodinayakanur (R.V) And (M), Ward-32 Subburajnagar Street-13
3.Bodinayakanur (R.V) And (M), Ward-32 Subburajnagar Street-14
4.Bodinayakanur (R.V) And (M), Ward-32 Subburajnagar Street-15
999.OVERSEAS ELECTORS",Tamilaga Vettri Kazhagam,237,185,52,Dravida Munnetra Kazhagam,4,3,2,6,7,1,7,5,10.23622047244094,2,6.299212598425196,10.03937007874016,36.41732283464567,0.1968503937007874,0.0,46.65354330708661,0.0,0.3937007874015748,3
70,70,23,55,217,0,1,183,0,6,0,2,0,0,1,3,0,485,0,2,487,0,"Kamaraj Vidhyalayam Ele. School,East Side,South Room, Subburaj Nagar, Bodinayakanur","1.Bodinayakanur (R.V) And (M), Ward-32 Subburajnagar Street-9
2.Bodinayakanur (R.V) And (M), Ward-32 Subburajnagar Street-10
3.Bodinayakanur (R.V) And (M), Ward-32 Subburajnagar Street-12
4.Bodinayakanur (R.V) And (M), Ward-32 Subburajnagar Street-16
999.OVERSEAS ELECTORS",Dravida Munnetra Kazhagam,217,183,34,Tamilaga Vettri Kazhagam,4,3,1,7,6,2,7,5,7.010309278350515,6,4.742268041237113,11.34020618556701,44.74226804123712,0.0,0.2061855670103093,37.7319587628866,0.0,1.237113402061856,3
71,71,20,84,253,1,3,210,1,2,0,0,0,0,1,0,1,574,0,6,580,0,"7th Municipal Higher Secondary School, North Side, Additional Building, Paramasivan Kovil Street, Bodinayakanur","1.Bodinayakanur (R.V) And (M), Ward-30 EIlangovadikal Street
2.Bodinayakanur (R.V) And (M), Ward-30 Zameen Manager Lane
3.Bodinayakanur (R.V) And (M), Ward-30 Vennimalai Street
4.Bodinayakanur (R.V) And (M), Ward-30 Kulasekarapandian North Street
5.Bodinayakanur (R.V) And (M), Ward-30 Pasumpon Muthuramalingam Lane
6.Bodinayakanur (R.V) And (M), Ward-28 Sevuga Periyasami Lane
999.OVERSEAS ELECTORS",Dravida Munnetra Kazhagam,253,210,43,Tamilaga Vettri Kazhagam,4,3,1,7,5,2,7,6,7.491289198606271,2,3.484320557491289,14.63414634146341,44.0766550522648,0.1742160278745645,0.5226480836236934,36.58536585365854,0.1742160278745645,0.3484320557491289,3
72,72,23,73,176,0,1,228,0,1,0,0,0,0,1,0,0,502,0,5,507,0,"7th Municipal Higher Secondary School, Class Room 11th Std C Sec Western Side North Building  Paramasivan Kovil Street, Bodinayakanur","1.Bodinayakanur (R.V) And (M), Ward-30 Kulasekarapandiyan South Street
2.Bodinayakanur (R.V) And (M), Ward-30 Angalaeswari Lane
3.Bodinayakanur (R.V) And (M), Ward-28 Seenivasan Street
4.Bodinayakanur (R.V) And (M), Ward-33 Vellaiyappan Street
999.OVERSEAS ELECTORS",Tamilaga Vettri Kazhagam,228,176,52,Dravida Munnetra Kazhagam,4,3,2,7,5,1,7,5,10.35856573705179,1,4.581673306772909,14.54183266932271,35.0597609561753,0.0,0.199203187250996,45.41832669322709,0.0,0.199203187250996,3
73,73,18,56,142,0,1,165,0,0,0,0,0,0,0,0,0,382,0,6,388,0,"7th Municipal Higher Secondary School, East Side Building Paramasivan Kovil Street, Bodinayakanur.","1.Bodinayakanur (R.V) And (M), Ward-28 Thillai Ambalam Street
2.Bodinayakanur (R.V) And (M), Ward-1 Valasadurai Road
3.Bodinayakanur (R.V) And (M), Ward-27 Subramaniaswami Kovil North Street
999.OVERSEAS ELECTORS",Tamilaga Vettri Kazhagam,165,142,23,Dravida Munnetra Kazhagam,4,3,2,6,5,1,6,6,6.020942408376963,0,4.712041884816754,14.65968586387434,37.17277486910995,0.0,0.2617801047120419,43.19371727748691,0.0,0.0,3
74,74,36,62,238,0,1,285,1,12,2,0,0,4,3,1,1,635,0,3,638,0,"7th Municipal Higher Secondary School, South Side, East Building Paramasivan Kovil Street, Bodinayakanur.","1.Bodinayakanur (R.V) And (M), Ward-28 Thangamuthamman Kovil Street
2.Bodinayakanur (R.V) And (M), Ward-32 Railway Station Road
3.Bodinayakanur (R.V) And (M), Ward-30 Vanjiodai Street
999.OVERSEAS ELECTORS",Tamilaga Vettri Kazhagam,285,238,47,Dravida Munnetra Kazhagam,4,3,2,8,6,1,6,5,7.401574803149606,12,5.669291338582677,9.763779527559056,37.48031496062993,0.0,0.1574803149606299,44.88188976377953,0.1574803149606299,1.889763779527559,0
75,75,22,78,251,1,0,298,0,2,0,0,0,1,0,0,0,652,0,4,656,0,"Soudambikai Middle School, Main Block, North Side, Chinnasowdamman Kovil Street, Bodinayakanur.","1.Bodinayakanur (R.V) And (M), Ward-26 Appar Lane
2.Bodinayakanur (R.V) And (M), Ward-26 Rengasami Lane
3.Bodinayakanur (R.V) And (M), Ward-26 Thiyagi Muthuchamy Lane
4.Bodinayakanur (R.V) And (M), Ward-26 Kattapomman Lane
5.Bodinayakanur (R.V) And (M), Ward-26 Kalludaipor Lane
6.Bodinayakanur (R.V) And (M), Ward-26 Chinna Sowdamman Kovil Lane
7.Bodinayakanur (R.V) And (M), Ward-26 Karuppanan Street
8.Bodinayakanur (R.V) And (M), Ward-26 Rajaian Lane
9.Bodinayakanur (R.V) And (M), Ward-26 Sowdamman Kovil Street
10.Bodinayakanur (R.V) And (M), Ward-26 Gurusamy Lane
11.Bodinayakanur (R.V) And (M), Ward-26 Sundranayanar Lane
12.Bodinayakanur (R.V) And (M), Ward-26 Arunagirinathar Street
13.Bodinayakanur (R.V) And (M), Ward-29 Thiruvalluvar Lane
999.OVERSEAS ELECTORS",Tamilaga Vettri Kazhagam,298,251,47,Dravida Munnetra Kazhagam,4,3,2,6,7,1,7,5,7.208588957055214,2,3.374233128834356,11.96319018404908,38.49693251533742,0.1533742331288344,0.0,45.70552147239264,0.0,0.3067484662576687,3
76,76,34,130,271,3,1,347,0,4,0,0,2,1,1,0,0,790,0,7,797,0,"Soudambigai Middle School, South Side, Chinnasowdamman Kovil Street, Bodinayakanur.","1.Bodinayakanur (R.V) And (M), Ward-27 Nanthavanam Street-4
2.Bodinayakanur (R.V) And (M), Ward-27 Nanthavanam Street-1
3.Bodinayakanur (R.V) And (M), Ward-26 Karuppanan Street
4.Bodinayakanur (R.V) And (M), Ward-27 Nanthavanam Street-2
5.Bodinayakanur (R.V) And (M), Ward-27 Nanthavanam Street-3
6.Bodinayakanur (R.V) And (M), Ward-27 Nanthavanam Street-5
7.Bodinayakanur (R.V) And (M), Ward-27 Nanthavanam Street-6
8.Bodinayakanur (R.V) And (M), Ward-27 Nanthavanam Street-7
9.Bodinayakanur (R.V) And (M), Ward-27 Nanthavanam Street-8
999.OVERSEAS ELECTORS",Tamilaga Vettri Kazhagam,347,271,76,Dravida Munnetra Kazhagam,4,3,2,6,7,1,8,5,9.620253164556962,4,4.30379746835443,16.45569620253164,34.30379746835443,0.3797468354430379,0.1265822784810127,43.9240506329114,0.0,0.5063291139240507,3
77,77,16,67,133,0,0,193,1,2,0,1,0,0,1,0,0,412,0,1,413,0,"Zameintharani Kamulammal Memorial Ele.
School West Facing Room, Sundharapandian Street, Bodinayakanur","1.Bodinayakanur (R.V) And (M), Ward-25 Murugan Eakali Lane
2.Bodinayakanur (R.V) And (M), Ward-25 Paramasivan Kovil Street
3.Bodinayakanur (R.V) And (M), Ward-25 Sundhara Pandian Street
999.OVERSEAS ELECTORS",Tamilaga Vettri Kazhagam,193,133,60,Dravida Munnetra Kazhagam,4,3,2,7,7,1,6,5,14.5631067961165,2,3.883495145631068,16.2621359223301,32.28155339805826,0.0,0.0,46.84466019417476,0.2427184466019417,0.4854368932038834,3
78,78,26,70,123,0,0,157,2,2,0,0,1,1,0,0,0,380,0,2,382,0,"Zameintharani Kamulammal Memorial Ele.
School, North Facing Room, Sundharapandian  Street, Bodinayakanur","1.Bodinayakanur (R.V) And (M), Ward-29 Lakshmanan Lane
2.Bodinayakanur (R.V) And (M), Ward-8 Old Hospital Lane
3.Bodinayakanur (R.V) And (M), Ward-25 Ottakamuthan Lane
4.Bodinayakanur (R.V) And (M), Ward-25 Mariappan Lane
5.Bodinayakanur (R.V) And (M), Ward-25 Punnaivanam Street
6.Bodinayakanur (R.V) And (M), Ward-25 Paranjothi Vathiyar Lane
7.Bodinayakanur (R.V) And (M), Ward-25 Alagiri Lane
8.Bodinayakanur (R.V) And (M), Ward-25 Murugan Lane
9.Bodinayakanur (R.V) And (M), Ward-25 Veerapathiran Street
10.Bodinayakanur (R.V) And (M), Ward-25 Thirumalairaja Lane
11.Bodinayakanur (R.V) And (M), Ward-25 Pattinathar Lane
12.Bodinayakanur (R.V) And (M), Ward-25 Medaiyandi Lane
13.Bodinayakanur (R.V) And (M), Ward-25 Valli Nayagam Lane
14.Bodinayakanur (R.V) And (M), Ward-25 Subramaniya Samy Kovil Street
999.OVERSEAS ELECTORS",Tamilaga Vettri Kazhagam,157,123,34,Dravida Munnetra Kazhagam,4,3,2,7,7,1,5,5,8.947368421052632,2,6.842105263157896,18.42105263157895,32.36842105263158,0.0,0.0,41.31578947368421,0.5263157894736842,0.5263157894736842,3
79,79,50,115,245,2,2,377,1,8,2,0,1,3,2,0,0,800,0,8,808,0,"Zaminthrani Kamulammal Memorial Hr.  Sec. School, Centre Block, East Side, 11Std E Sec, Bodinayakanur.","1.Melachokkanathapuram (R.V), Bodinayakanur (M), Ward-23 Bodimettupathai
2.Melachokkanathapuram (R.V), Bodinayakanur (M), Ward-23 Manickavasakar Street
3.Melachokkanathapuram (R.V), Bodinayakanur (M), Ward-23 Ranimangammal Street
4.Melachokkanathapuram (R.V), Bodinayakanur (M), Ward-23 Nakkeerar Street
5.Melachokkanathapuram (R.V), Bodinayakanur (M), Ward-23 Thirumalaimannar Lane
6.Melachokkanathapuram (R.V), Bodinayakanur (M), Ward-25 Subiramaniya Swami Kovil Street
7.Melachokkanathapuram (R.V), Bodinayakanur (M), Ward-23 V.M. High School Lane
999.OVERSEAS ELECTORS",Tamilaga Vettri Kazhagam,377,245,132,Dravida Munnetra Kazhagam,4,3,2,6,6,1,8,5,16.5,8,6.25,14.375,30.625,0.25,0.25,47.125,0.125,1.0,3
80,80,28,94,218,4,2,335,0,8,0,2,0,1,3,1,1,689,0,6,695,0,"Zaminthrani Kamulammal Memorial Hr.Sec.
School, Centre Block, 11th Std G Sec, Bodinayakanur.","1.Melachokkanathapuram (R.V), Bodinayakanur (M), Ward-23 Pillaiyar Kovil Street
2.Melachokkanathapuram (R.V), Bodinayakanur (M), Ward-23 Maruthupandiyar Street
3.Melachokkanathapuram (R.V), Bodinayakanur (M), Ward-23 Kannappar Street
999.OVERSEAS ELECTORS",Tamilaga Vettri Kazhagam,335,218,117,Dravida Munnetra Kazhagam,4,3,2,6,7,1,8,5,16.9811320754717,8,4.063860667634253,13.64296081277213,31.64005805515239,0.5805515239477503,0.2902757619738752,48.62119013062409,0.0,1.161103047895501,0
81,81,39,125,202,0,3,323,1,8,0,0,1,5,0,2,0,701,0,2,703,0,"Zamintharani Kamulammal Memorial Hr.Sec. School, East Block, North Side, Staff Room (Gents), Bodinayakanur.","1.Melachokkanathapuram (R.V), Bodinayakanur (M), Ward-24- Sethuram Street
2.Melachokkanathapuram (R.V), Bodinayakanur (M), Ward-23- Periyandavar Kovil Street
3.Melachokkanathapuram (R.V), Bodinayakanur (M), Ward-23 Kamulammal Middle Street
4.Melachokkanathapuram (R.V), Bodinayakanur (M), Ward-23 Muthukaruppanan Street
5.Melachokkanathapuram (R.V), Bodinayakanur (M), Ward-23 Kaliyamman Kovil Street
999.OVERSEAS ELECTORS",Tamilaga Vettri Kazhagam,323,202,121,Dravida Munnetra Kazhagam,4,3,2,8,6,1,7,5,17.26105563480742,8,5.563480741797433,17.83166904422254,28.81597717546363,0.0,0.4279600570613409,46.07703281027104,0.1426533523537803,1.141226818830243,3
82,82,19,132,183,1,1,276,0,6,0,0,0,3,2,0,0,618,0,7,625,0,"Zamintharani Kamulammal Memorial Hr.Sec. School, East Block, Southern Side, Staff Room (Ladies), Bodinayakanur.","1.Melachokkanathapuram (R.V), Bodinayakanur (M), Ward-23 Umaithurai Street
2.Melachokkanathapuram (R.V), Bodinayakanur (M), Ward-23 V.M.High School West Lane
3.Melachokkanathapuram (R.V), Bodinayakanur (M), Ward-23 Narayanaguru Street
4.Melachokkanathapuram (R.V), Bodinayakanur (M), Ward-23 Periyandaverkuladhu Street
5.Melachokkanathapuram (R.V), Bodinayakanur (M), Ward-25 Subbramaniyasamy Kovil West Street
6.Melachokkanathapuram (R.V), Bodinayakanur (M), Ward-24 Ramasamy Lane
7.Melachokkanathapuram (R.V), Bodinayakanur (M), Ward-23 Madasamy Lane
8.Melachokkanathapuram (R.V), Bodinayakanur (M), Ward-22 Illathu Pillai Lane
9.Melachokkanathapuram (R.V), Bodinayakanur (M), Ward-24 Kuppinayakkanpatty Kaliyamman Kovil Street
999.OVERSEAS ELECTORS",Tamilaga Vettri Kazhagam,276,183,93,Dravida Munnetra Kazhagam,4,3,2,6,6,1,8,5,15.04854368932039,6,3.074433656957929,21.35922330097087,29.61165048543689,0.1618122977346279,0.1618122977346279,44.66019417475729,0.0,0.9708737864077669,3
83,83,24,62,134,1,2,226,0,3,0,1,0,1,0,1,0,452,0,4,456,0,"Sowendeeswari Middle School, Periyanda varpuram Near Head Post Office, Bodinayakanur.","1.Bodinayakanur (R.V) And (M), Ward-12 Periyandavarpuram East Lane1
2.Bodinayakanur (R.V) And (M), Ward-12 Periyandavarpuram Middle Lane1
3.Bodinayakanur (R.V) And (M), Ward-12 Father Vellai Lane
4.Bodinayakanur (R.V) And (M), Ward-12 Periyandavarpuram Street
5.Bodinayakanur (R.V) And (M), Ward-12 Station Lane
6.Bodinayakanur (R.V) And (M), Ward-12 Thirugnasambandhar Lane
7.Bodinayakanur (R.V) And (M), Ward-12 Kamarajar Bazzar
999.OVERSEAS ELECTORS",Tamilaga Vettri Kazhagam,226,134,92,Dravida Munnetra Kazhagam,4,3,2,7,6,1,8,5,20.35398230088496,3,5.309734513274337,13.71681415929203,29.64601769911505,0.2212389380530974,0.4424778761061947,50.0,0.0,0.6637168141592921,3
84,84,35,70,163,2,0,201,0,2,0,0,0,1,0,0,1,473,0,2,475,0,"ICDS Center, Santhai Pettai Street, Bodinayakanur","1.Bodinayakanur (R.V) And (M), Ward-12 Kamaiyasami Street
2.Bodinayakanur (R.V) And (M), Ward-12 Periyandavarpuram South Street
3.Bodinayakanur (R.V) And (M), Ward-12 Thirumoolar Lane
4.Bodinayakanur (R.V) And (M), Ward-12 Kamayasam North Lane
5.Bodinayakanur (R.V) And (M), Ward-12 Periyandavarpuram East Street
6.Bodinayakanur (R.V) And (M), Ward-12 Santhai Pettai Street
999.OVERSEAS ELECTORS",Tamilaga Vettri Kazhagam,201,163,38,Dravida Munnetra Kazhagam,4,3,2,5,7,1,7,5,8.0338266384778,2,7.399577167019028,14.79915433403806,34.46088794926004,0.4228329809725159,0.0,42.49471458773784,0.0,0.4228329809725159,3
85,85,19,73,183,4,3,266,0,3,0,0,1,1,1,0,0,551,0,7,558,0,"10th Ward Municipal High School, South Side, Bodinayakanur.","1.Bodinayakanur (R.V) And (M), Ward-8 Pookkarar Street
2.Bodinayakanur (R.V) And (M), Ward-8 Mallaiyan Street
3.Bodinayakanur (R.V) And (M), Ward-8 Sowdamman Kovil Street
4.Bodinayakanur (R.V) And (M), Ward-8 Thiyagi Bojan Street
5.Bodinayakanur (R.V) And (M), Ward-8 Sivasamy Lane
6.Bodinayakanur (R.V) And (M), Ward-8 Kasppa Maniyakarar Street
7.Bodinayakanur (R.V) And (M), Ward-8 Urumikkaran Lane
999.OVERSEAS ELECTORS",Tamilaga Vettri Kazhagam,266,183,83,Dravida Munnetra Kazhagam,4,3,2,5,6,1,8,6,15.06352087114338,3,3.448275862068965,13.2486388384755,33.21234119782214,0.7259528130671506,0.5444646098003629,48.27586206896552,0.0,0.5444646098003629,0
86,86,12,28,352,2,5,265,0,10,0,1,2,1,1,4,0,674,0,5,679,0,"10th Ward Municipal High School, East Side, Bodinayakanur","1.Bodinayakanur (R.V) And (M), Ward-9 Mathuraiveeran Street
999.OVERSEAS ELECTORS",Dravida Munnetra Kazhagam,352,265,87,Tamilaga Vettri Kazhagam,4,3,1,7,6,2,8,5,12.9080118694362,10,1.780415430267062,4.154302670623145,52.22551928783383,0.2967359050445104,0.741839762611276,39.31750741839762,0.0,1.483679525222552,0
87,87,21,48,200,2,6,221,0,5,0,1,0,1,2,0,0,503,0,2,505,0,"10th Ward Municipal Elementary School, Eastern side, Bodinayakanur.","1.Bodinayakanur (R.V) And (M), Ward-8 Ethiraji Street
2.Bodinayakanur (R.V) And (M), Ward-8 Thogaimalayar Street
3.Bodinayakanur (R.V) And (M), Ward-8 Thaliouvan Street
4.Bodinayakanur (R.V) And (M), Ward-9 Municipal Pettai Street
5.Bodinayakanur (R.V) And (M), Ward-25 Kamaraj Bazar
999.OVERSEAS ELECTORS",Tamilaga Vettri Kazhagam,221,200,21,Dravida Munnetra Kazhagam,4,3,2,7,5,1,8,6,4.174950298210735,5,4.174950298210735,9.542743538767395,39.76143141153081,0.3976143141153081,1.192842942345924,43.93638170974155,0.0,0.9940357852882704,0
88,88,21,53,257,0,1,275,1,4,0,0,1,1,2,0,0,612,0,4,616,0,"10th Ward Municipal Elementary School, Western side, Bodinayakanur.","1.Bodinayakanur (R.V) And (M), Ward-8 South Raja Street
2.Bodinayakanur (R.V) And (M), Ward-9 Thatcher Lane
3.Bodinayakanur (R.V) And (M), Ward-9 Alagiri Lane
4.Bodinayakanur (R.V) And (M), Ward-9 Agathiyar Lane
5.Bodinayakanur (R.V) And (M), Ward-9 Thauemanavar Lane
6.Bodinayakanur (R.V) And (M), Ward-9 Maduraiveeran East Lane
7.Bodinayakanur (R.V) And (M), Ward-8 Maduraiveeran North Street
999.OVERSEAS ELECTORS",Tamilaga Vettri Kazhagam,275,257,18,Dravida Munnetra Kazhagam,4,3,2,8,6,1,6,5,2.941176470588235,4,3.431372549019608,8.660130718954248,41.99346405228759,0.0,0.1633986928104575,44.93464052287582,0.1633986928104575,0.6535947712418301,3
89,89,21,51,186,2,0,179,0,2,0,1,0,1,0,0,0,441,0,0,441,0,"Ayiravysia Sozhia Chettiyar Uravinmurai Building, Church Road, Bodinayakanur","1.Bodinayakanur (R.V) And (M), Ward-8 Church Street Main Road
2.Bodinayakanur (R.V) And (M), Ward-8 Cuspamaniyakarar Lane
3.Bodinayakanur (R.V) And (M), Ward-8 Thogaimalayar Street
4.Bodinayakanur (R.V) And (M), Ward-8 Ponnu Lane
5.Bodinayakanur (R.V) And (M), Ward-8 Alaganan Lane
6.Bodinayakanur (R.V) And (M), Ward-7 Karuppanan lane
7.Bodinayakanur (R.V) And (M), Ward-7 Katholikkar Lane
8.Bodinayakanur (R.V) And (M), Ward-7 Isravel Lane
9.Bodinayakanur (R.V) And (M), Ward-7 Vethamuthu Lane
10.Bodinayakanur (R.V) And (M), Ward-7 Sundharasamuvel Lane
999.OVERSEAS ELECTORS",Dravida Munnetra Kazhagam,186,179,7,Tamilaga Vettri Kazhagam,4,3,1,5,7,2,7,5,1.587301587301587,2,4.761904761904762,11.56462585034014,42.17687074829932,0.453514739229025,0.0,40.58956916099773,0.0,0.453514739229025,3
90,90,9,47,316,1,1,153,0,1,0,0,0,0,1,0,0,528,0,0,528,0,"ICDS Center No.107,  V.O.C Nagar North Street, Bodinayakanur","1.Bodinayakanur (R.V) And (M), Ward-7 Thiyaki Visvanathan Street
2.Bodinayakanur (R.V) And (M), Ward-7 Sebasthiyar kovil Street
3.Bodinayakanur (R.V) And (M), Ward-7 Kaliyamman kovil South Street
999.OVERSEAS ELECTORS",Dravida Munnetra Kazhagam,316,153,163,Tamilaga Vettri Kazhagam,4,3,1,5,5,2,8,5,30.87121212121212,1,1.704545454545454,8.901515151515152,59.84848484848485,0.1893939393939394,0.1893939393939394,28.97727272727273,0.0,0.1893939393939394,1
91,91,29,63,233,1,1,258,0,6,1,0,1,2,1,1,0,591,0,3,594,0,"Anna Memorial Municipal Middle School,Additional New Building, South Side Room, Jakkamanayakkanpatti Bodinayakanur","1.Melechokkanathapuram (R.V), Bodinayakanur (M), Ward-12 Vengadasalabathi Kovil Street
2.Melechokkanathapuram (R.V), Bodinayakanur (M), Ward-10 V.O.C Lane
3.Melechokkanathapuram (R.V), Bodinayakanur (M), Ward-14 Muthupandian Street
4.Melechokkanathapuram (R.V), Bodinayakanur (M), Ward-14 Vellaiandi Street
999.OVERSEAS ELECTORS",Tamilaga Vettri Kazhagam,258,233,25,Dravida Munnetra Kazhagam,4,3,2,6,6,1,8,5,4.230118443316413,6,4.906937394247039,10.65989847715736,39.42470389170897,0.1692047377326565,0.1692047377326565,43.65482233502538,0.0,1.015228426395939,3
92,92,19,91,226,3,5,281,0,13,1,0,0,5,2,3,1,638,0,5,643,0,"Nadar Hr.Sec,School, West Block,North Side,Room No:13, Bodinayakanur","1.Melechokkanathapuram (R.V), Bodinayakanur (M), Ward-16 Ottagoothar Street
2.Melechokkanathapuram (R.V), Bodinayakanur (M), Ward-14 Bose Bazar
3.Melechokkanathapuram (R.V), Bodinayakanur (M), Ward-15 Ambigavathi Street
999.OVERSEAS ELECTORS",Tamilaga Vettri Kazhagam,281,226,55,Dravida Munnetra Kazhagam,4,3,2,7,6,1,8,5,8.620689655172415,13,2.978056426332288,14.26332288401254,35.42319749216301,0.4702194357366771,0.7836990595611284,44.04388714733543,0.0,2.037617554858934,0
93,93,19,54,239,1,0,241,0,3,0,0,0,1,1,0,0,557,0,4,561,0,"Buthar Memorial Middle School, West Side, Kaliyamman Kovil Street, Thirumalapuram, Bodinayakanur.","1.Melechokkanathapuram (R.V), Bodinayakanur (M), Ward-10 V.O.C.Nagar East Street-1
2.Melechokkanathapuram (R.V), Bodinayakanur (M), Ward-11 Sabarimalai Street-1
3.Melechokkanathapuram (R.V), Bodinayakanur (M), Ward-10 V.O.C.Nagar North Street
4.Melechokkanathapuram (R.V), Bodinayakanur (M), Ward-10 V.O.C. Nagar South Street
5.Melechokkanathapuram (R.V), Bodinayakanur (M), Ward-10 V.O.C. Nagar West Street
6.Melechokkanathapuram (R.V), Bodinayakanur (M), Ward-10 V.O.C. Nagar Street
999.OVERSEAS ELECTORS",Tamilaga Vettri Kazhagam,241,239,2,Dravida Munnetra Kazhagam,4,3,2,6,7,1,7,5,0.3590664272890485,3,3.411131059245961,9.694793536804308,42.90843806104129,0.1795332136445242,0.0,43.26750448833034,0.0,0.5385996409335727,3
94,94,44,96,258,1,0,362,1,5,1,0,1,0,2,0,1,767,0,5,772,0,"Buthar Memorial Middle School, East Side, Kaliyamman Kovil Street, Thirumalapuram, Bodinayakanur.","1.Melechokkanathapuram (R.V), Bodinayakanur (M), Ward-10 V.O.C. Nagar
2.Melechokkanathapuram (R.V), Bodinayakanur (M), Ward-10 V.O.C.Nagar Middle Street
3.Melechokkanathapuram (R.V), Bodinayakanur (M), Ward-11 Sabarimalai Street-2
4.Melechokkanathapuram (R.V), Bodinayakanur (M), Ward-11 Sabarimalai Street-3
5.Melechokkanathapuram (R.V), Bodinayakanur (M), Ward-10 V.O.C. Nagar East Street-2
6.Melechokkanathapuram (R.V), Bodinayakanur (M), Ward-10 V.O.C. Nagar East Street-3
7.Melechokkanathapuram (R.V), Bodinayakanur (M), Ward-10 V.O.C. Nagar East Street-4
8.Melechokkanathapuram (R.V), Bodinayakanur (M), Ward-10 V.O.C. Nagar East Street-5
9.Melechokkanathapuram (R.V), Bodinayakanur (M), Ward-10 V.O.C. Nagar Street-1
10.Melechokkanathapuram (R.V), Bodinayakanur (M), Ward-11 Sabarimalai Street
999.OVERSEAS ELECTORS",Tamilaga Vettri Kazhagam,362,258,104,Dravida Munnetra Kazhagam,4,3,2,6,8,1,6,5,13.5593220338983,5,5.736636245110821,12.51629726205998,33.63754889178618,0.1303780964797914,0.0,47.19687092568449,0.1303780964797914,0.651890482398957,3
95,95,22,53,183,2,0,197,0,0,0,0,0,0,0,0,0,457,0,2,459,0,"Anna Memorial Municipal Middle School,Additional New Building, North Side Room, Jakkamanayakkanpatti Bodinayakanur","1.Melechokkanathapuram (R.V), Bodinayakanur (M), Ward-10 Sanmugasundharapuram Lane
2.Melechokkanathapuram (R.V), Bodinayakanur (M), Ward-10 Pugaielai Arumugam Lane
3.Melechokkanathapuram (R.V), Bodinayakanur (M), Ward-13 Periyandavar Main Road
4.Melechokkanathapuram (R.V), Bodinayakanur (M), Ward-12 Periyandavar East Lane
5.Melechokkanathapuram (R.V), Bodinayakanur (M), Ward-10 Buthar School North Street
999.OVERSEAS ELECTORS",Tamilaga Vettri Kazhagam,197,183,14,Dravida Munnetra Kazhagam,4,3,2,5,6,1,6,6,3.063457330415755,0,4.814004376367615,11.59737417943107,40.0437636761488,0.437636761487965,0.0,43.10722100656455,0.0,0.0,3
96,96,42,76,290,1,2,314,0,7,0,1,0,0,2,0,1,732,0,4,736,0,"Senaithalaivar Nursery and Primary School, Priyandavar High Road, West Portion, Bodinayakanur","1.Melechokkanathapuram (R.V), Bodinayakanur (M), Ward-12 Buthar School Street
2.Melechokkanathapuram (R.V), Bodinayakanur (M), Ward-11 Olugalpathai
3.Melechokkanathapuram (R.V), Bodinayakanur (M), Ward-10 Buthar School East Street
999.OVERSEAS ELECTORS",Tamilaga Vettri Kazhagam,314,290,24,Dravida Munnetra Kazhagam,4,3,2,7,6,1,8,5,3.278688524590164,7,5.737704918032787,10.38251366120219,39.61748633879781,0.1366120218579235,0.273224043715847,42.89617486338798,0.0,0.9562841530054645,3
97,97,10,61,248,1,1,244,0,2,0,0,0,1,1,0,0,567,0,2,569,0,"Anna Memorial   Municipal Middle School, ICDS Centre No.32, North Side West Part, Bodinayakanur","1.Melachokkanathapuram (R.V), Bodinayakanur (M), Ward-10 Sanmugasundrapuram Lane-3
2.Melachokkanathapuram (R.V), Bodinayakanur (M), Ward-10 Sanmugasundrapuram Lane-2
3.Melachokkanathapuram (R.V), Bodinayakanur (M), Ward-11 Sadaiyandi Nagar
4.Melachokkanathapuram (R.V), Bodinayakanur (M), Ward-10 Surulilayout
999.OVERSEAS ELECTORS",Dravida Munnetra Kazhagam,248,244,4,Tamilaga Vettri Kazhagam,4,3,1,6,6,2,8,5,0.7054673721340388,2,1.763668430335097,10.75837742504409,43.7389770723104,0.1763668430335097,0.1763668430335097,43.03350970017637,0.0,0.3527336860670194,3
98,98,19,39,176,1,1,208,0,3,0,0,0,1,0,1,0,447,0,4,451,0,"ICDS Center No.31, Gandhi Nagar, Karuppasamy Kovil Street, Bodinayakanur","1.Melachokkanathapuram (R.V), Bodinayakanur (M), Ward-11 Olukalpathai Lane-3
2.Melachokkanathapuram (R.V), Bodinayakanur (M), Ward-11 Olukalpathai Lane-4
3.Melachokkanathapuram (R.V), Bodinayakanur (M), Ward-11 Olukalpathai Lane-5
4.Melachokkanathapuram (R.V), Bodinayakanur (M), Ward-10 S.S.Puram
5.Melachokkanathapuram (R.V), Bodinayakanur (M), Ward-12 Santhai Pettai Street
6.Melachokkanathapuram (R.V), Bodinayakanur (M), Ward-10 Sanmugasundrapuram Lane-2
7.Melachokkanathapuram (R.V), Bodinayakanur (M), Ward-11 Olukalpathai Lane-1
999.OVERSEAS ELECTORS",Tamilaga Vettri Kazhagam,208,176,32,Dravida Munnetra Kazhagam,4,3,2,6,6,1,8,5,7.158836689038031,3,4.250559284116331,8.724832214765101,39.37360178970917,0.2237136465324385,0.2237136465324385,46.5324384787472,0.0,0.6711409395973155,3
99,99,48,85,266,0,2,282,2,4,0,0,1,0,0,0,0,689,0,2,691,0,"Anna Memorial Municipal Middle School , ICDS Centre No 30, North Side East Part, Bodinayakanur.","1.Melachokkanathapuram (R.V), Bodinayakanur (M), Ward-12 Vengadasalabathi Kovil Street
2.Melachokkanathapuram (R.V), Bodinayakanur (M), Ward-12 Subbukothan Lane
3.Melachokkanathapuram (R.V), Bodinayakanur (M), Ward-10 Kamarajapandian Street
4.Melachokkanathapuram (R.V), Bodinayakanur (M), Ward-10 Sanmugasundhara Puram Road
5.Melachokkanathapuram (R.V), Bodinayakanur (M), Ward-12 Chrishthuva Lane
6.Melachokkanathapuram (R.V), Bodinayakanur (M), Ward-10 K.M.S.Layout-1
7.Melachokkanathapuram (R.V), Bodinayakanur (M), Ward-10 Pookkarar street
8.Melachokkanathapuram (R.V), Bodinayakanur (M), Ward-10 K.M.S.Layout-2
9.Melachokkanathapuram (R.V), Bodinayakanur (M), Ward-10 K.M.S.Layout-3
10.Melachokkanathapuram (R.V), Bodinayakanur (M), Ward-10 K.M.S.Layout-4
11.Melachokkanathapuram (R.V), Bodinayakanur (M), Ward-11 Puthar School West Street
12.Melachokkanathapuram (R.V), Bodinayakanur (M), Ward-12 Vengadasalabathi Kovil Street
13.Melachokkanathapuram (R.V), Bodinayakanur (M), Ward-10 V.O.C.Nagar North Street
14.Melachokkanathapuram (R.V), Bodinayakanur (M), Ward-11 Sadayandi Nagar
999.OVERSEAS ELECTORS",Tamilaga Vettri Kazhagam,282,266,16,Dravida Munnetra Kazhagam,4,3,2,8,6,1,6,5,2.322206095791001,4,6.966618287373004,12.33671988388969,38.6066763425254,0.0,0.2902757619738752,40.9288824383164,0.2902757619738752,0.5805515239477503,3
100,100,41,67,197,1,2,179,0,2,1,0,1,0,0,0,0,489,0,6,495,0,"Nadar Hr. Sec. School, West Block, North Side, Thirumalapuram, Bodinayakanur","1.Melechokkanathapuram (R.V), Bodinayakanur (M), Ward-16 Pattalamman Kovil Street
2.Melechokkanathapuram (R.V), Bodinayakanur (M), Ward-16 Asaithambi Lane
3.Melechokkanathapuram (R.V), Bodinayakanur (M), Ward-16 Nesamani Lane
4.Melechokkanathapuram (R.V), Bodinayakanur (M), Ward-16 Samiyar Lane
5.Melechokkanathapuram (R.V), Bodinayakanur (M), Ward-14 Periyandavar High Road
999.OVERSEAS ELECTORS",Dravida Munnetra Kazhagam,197,179,18,Tamilaga Vettri Kazhagam,4,3,1,7,5,2,8,5,3.680981595092025,2,8.384458077709612,13.70143149284254,40.28629856850716,0.2044989775051125,0.408997955010225,36.60531697341513,0.0,0.408997955010225,3
101,101,33,66,178,0,1,215,0,5,0,0,1,3,0,1,0,498,0,6,504,0,"Nadar Hr. Sec. School, West Block, South Side, Thirumalapuram Bodinayakanur","1.Melechokkanathapuram (R.V), Bodinayakanur (M), Ward-18 Middle Street
2.Melechokkanathapuram (R.V), Bodinayakanur (M), Ward-17&14 Bazar Street
3.Melechokkanathapuram (R.V), Bodinayakanur (M), Ward-14 Bose Bazar
999.OVERSEAS ELECTORS",Tamilaga Vettri Kazhagam,215,178,37,Dravida Munnetra Kazhagam,4,3,2,7,6,1,7,5,7.429718875502007,5,6.626506024096386,13.25301204819277,35.7429718875502,0.0,0.2008032128514056,43.17269076305221,0.0,1.004016064257028,3
102,102,33,87,158,2,1,221,0,6,1,0,1,1,2,1,0,508,0,4,512,0,"Nadar Hr. Sec. School ,West Block, West Side, Thirumalapuram, Bodinayakanur","1.Melachokkanathapuram (R.V), Bodinayakanur (M), Ward-16 Partition Lane
2.Melachokkanathapuram (R.V), Bodinayakanur (M), Ward-15 Velappar Street
3.Melachokkanathapuram (R.V), Bodinayakanur (M), Ward-17 Periyar Street
4.Melachokkanathapuram (R.V), Bodinayakanur (M), Ward-17 Muthuvel Lane
5.Melachokkanathapuram (R.V), Bodinayakanur (M), Ward-17 Aathisangarar Street
999.OVERSEAS ELECTORS",Tamilaga Vettri Kazhagam,221,158,63,Dravida Munnetra Kazhagam,4,3,2,6,7,1,8,5,12.40157480314961,6,6.496062992125983,17.1259842519685,31.10236220472441,0.3937007874015748,0.1968503937007874,43.50393700787401,0.0,1.181102362204724,3
103,103,23,76,215,3,0,265,3,10,1,1,0,3,2,1,1,595,0,1,596,0,"Nadar Hr. Sec. School ,South Block, West Side, Thirumalapuram, Bodinayakanur","1.Melachokkanathapuram (R.V), Bodinayakanur (M), Ward-16 Pakthaseva Street
2.Melachokkanathapuram (R.V), Bodinayakanur (M), Ward-18 Aringar Anna Lane
3.Melachokkanathapuram (R.V), Bodinayakanur (M), Ward-18 Pugalenthi Street
4.Melachokkanathapuram (R.V), Bodinayakanur (M), Ward-16 Kalaivanar Lane
999.OVERSEAS ELECTORS",Tamilaga Vettri Kazhagam,265,215,50,Dravida Munnetra Kazhagam,4,3,2,6,8,1,6,5,8.403361344537815,10,3.865546218487395,12.77310924369748,36.1344537815126,0.5042016806722689,0.0,44.53781512605043,0.5042016806722689,1.680672268907563,0
104,104,26,75,160,1,1,292,1,8,1,0,0,2,2,1,1,564,0,3,567,0,"Nadar Hr. Sec. School ,South Block, East Side, Thirumalapuram, Bodinayakanur","1.Melechokkanathapuram (R.V), Bodinayakanur (M), Ward-19 Muthalvar Colony
2.Melechokkanathapuram (R.V), Bodinayakanur (M), Ward-19 Colony Street-4
3.Melechokkanathapuram (R.V), Bodinayakanur (M), Ward-19 Colony Street-1
4.Melechokkanathapuram (R.V), Bodinayakanur (M), Ward-19 Muthalvar colony Street-1
5.Melechokkanathapuram (R.V), Bodinayakanur (M), Ward-19 Muthalvar colony Street-6
6.Melechokkanathapuram (R.V), Bodinayakanur (M), Ward-19 Colony Street-2
7.Melechokkanathapuram (R.V), Bodinayakanur (M), Ward-19 Colony Street-3
8.Melechokkanathapuram (R.V), Bodinayakanur (M), Ward-19 Colony Street-4
9.Melechokkanathapuram (R.V), Bodinayakanur (M), Ward-19 Colony Street-5
10.Melechokkanathapuram (R.V), Bodinayakanur (M), Ward-19 Colony Street-6
999.OVERSEAS ELECTORS",Tamilaga Vettri Kazhagam,292,160,132,Dravida Munnetra Kazhagam,4,3,2,6,6,1,6,5,23.40425531914894,8,4.609929078014184,13.29787234042553,28.36879432624114,0.1773049645390071,0.1773049645390071,51.77304964539007,0.1773049645390071,1.418439716312057,0
105,105,25,84,174,0,0,239,1,6,0,0,0,2,2,0,0,529,0,3,532,0,"Nadar Hr. Sec. School ,East Block, South Side,Thirumalapuram, Bodinayakanur","1.Melechokkanathapuram (R.V), Bodinayakanur (M), Ward-19 Colony Street-7
2.Melechokkanathapuram (R.V), Bodinayakanur (M), Ward-19 Colony Street-8
3.Melechokkanathapuram (R.V), Bodinayakanur (M), Ward-19 Colony Street-10
4.Melechokkanathapuram (R.V), Bodinayakanur (M), Ward-19 Colony Street-11
5.Melechokkanathapuram (R.V), Bodinayakanur (M), Ward-15 Kuruvu Lane
6.Melechokkanathapuram (R.V), Bodinayakanur (M), Ward-15 Pannier Selvam Lane
7.Melechokkanathapuram (R.V), Bodinayakanur (M), Ward-15 Ayyanan Street
999.OVERSEAS ELECTORS",Tamilaga Vettri Kazhagam,239,174,65,Dravida Munnetra Kazhagam,4,3,2,7,7,1,6,5,12.28733459357278,6,4.725897920604915,15.87901701323251,32.89224952741021,0.0,0.0,45.17958412098299,0.1890359168241966,1.13421550094518,3
106,106,44,133,242,1,0,286,0,5,0,0,0,3,1,0,1,711,0,4,715,0,"Nadar Hr. Sec. School ,East Block, North
Side,Thirumalapuram, Bodinayakanur","1.Melechokkanathapuram (R.V), Bodinayakanur (M), Ward-15 Kambar Street
2.Melechokkanathapuram (R.V), Bodinayakanur (M), Ward-19 Kuppalakirithottam Street-8
3.Melechokkanathapuram (R.V), Bodinayakanur (M), Ward-19 Kuppalakirithottam Street-6
4.Melechokkanathapuram (R.V), Bodinayakanur (M), Ward-19 Kuppalakirithottam Street-4
5.Melechokkanathapuram (R.V), Bodinayakanur (M), Ward-19 Kuppalakirithottam Street-3
6.Melechokkanathapuram (R.V), Bodinayakanur (M), Ward-19 Kuppalakirithottam Street-2
7.Melechokkanathapuram (R.V), Bodinayakanur (M), Ward-19 Kuppalakirithottam Street-1
8.Melechokkanathapuram (R.V), Bodinayakanur (M), Ward-17 Thirumalapuram Karuppasamy Kovil Street
999.OVERSEAS ELECTORS",Tamilaga Vettri Kazhagam,286,242,44,Dravida Munnetra Kazhagam,4,3,2,6,7,1,7,5,6.188466947960619,5,6.188466947960619,18.70604781997187,34.0365682137834,0.1406469760900141,0.0,40.22503516174402,0.0,0.7032348804500703,3
107,107,48,132,239,5,1,363,1,7,0,0,1,3,2,0,0,796,0,3,799,0,"Nadar Ele. School, ,West Block, North Side, Thirumalapuram, Bodinayakanur","1.Melechokkanathapuram (R.V), Bodinayakanur (M), Ward-19 Karuppasamy Kovil East Street
2.Melechokkanathapuram (R.V), Bodinayakanur (M), Ward-19 Kuppalakirithottam West Street-5
3.Melechokkanathapuram (R.V), Bodinayakanur (M), Ward-19 Kuppalakirithottam East Street
4.Melechokkanathapuram (R.V), Bodinayakanur (M), Ward-19 Karuppasamy Kovil South Street
5.Melechokkanathapuram (R.V), Bodinayakanur (M), Ward-15 Kambar Street
999.OVERSEAS ELECTORS",Tamilaga Vettri Kazhagam,363,239,124,Dravida Munnetra Kazhagam,4,3,2,6,7,1,7,5,15.57788944723618,7,6.030150753768844,16.58291457286432,30.0251256281407,0.628140703517588,0.1256281407035176,45.60301507537689,0.1256281407035176,0.8793969849246231,3
108,108,26,94,185,0,1,205,0,8,0,1,0,2,3,0,1,519,0,1,520,0,"Nadar Ele. School ,West Block, South Side, Thirumalapuram, Bodinayakanur","1.Melachokkanathapuram (R.V), Bodinayakanur (M), Ward-18 Shavadi Lane
2.Melachokkanathapuram (R.V), Bodinayakanur (M), Ward-17 Chokkanchettiar Street
3.Melachokkanathapuram (R.V), Bodinayakanur (M), Ward-17 Senthil Vinayagar Street
4.Melachokkanathapuram (R.V), Bodinayakanur (M), Ward-17 Madam Street
5.Melachokkanathapuram (R.V), Bodinayakanur (M), Ward-17 Nallathanner Kinatradi Lane
6.Melachokkanathapuram (R.V), Bodinayakanur (M), Ward-17 Madam Street
999.OVERSEAS ELECTORS",Tamilaga Vettri Kazhagam,205,185,20,Dravida Munnetra Kazhagam,4,3,2,7,6,1,7,5,3.853564547206165,8,5.009633911368015,18.11175337186898,35.64547206165704,0.0,0.1926782273603083,39.4990366088632,0.0,1.541425818882466,3
109,109,28,87,170,1,0,191,1,2,0,0,0,0,1,0,0,480,0,3,483,0,"Nadar Ele. School ,South Block, Middle Side, Thirumalapuram  Bodinayakanur","1.Melachokkanathapuram (R.V), Bodinayakanur (M), Ward-18 Veeralagamman Kovil Street
2.Melachokkanathapuram (R.V), Bodinayakanur (M), Ward-18 Soudamman Kovil Street
3.Melachokkanathapuram (R.V), Bodinayakanur (M), Ward-18 Perumal Kovil Lane
4.Melachokkanathapuram (R.V), Bodinayakanur (M), Ward-18 Erattai Pulavar Lane
5.Melachokkanathapuram (R.V), Bodinayakanur (M), Ward-18 Allagiri Lane
6.Melachokkanathapuram (R.V), Bodinayakanur (M), Ward-18 Soundhrapandian Lane
7.Melachokkanathapuram (R.V), Bodinayakanur (M), Ward-18 Mariyamman Kovil Street
999.OVERSEAS ELECTORS",Tamilaga Vettri Kazhagam,191,170,21,Dravida Munnetra Kazhagam,4,3,2,6,8,1,6,5,4.375,2,5.833333333333333,18.125,35.41666666666667,0.2083333333333333,0.0,39.79166666666666,0.2083333333333333,0.4166666666666667,3
110,110,17,119,185,1,1,340,2,6,0,0,1,2,0,0,3,671,0,0,671,0,"ICDS Centre ,Thendral Nagar, Near RCH, North Building, Bodinayakanur","1.Melechokkanathapuram (R.V), Bodinayakanur (M), Ward-20 Jeevanagar East Street
2.Melechokkanathapuram (R.V), Bodinayakanur (M), Ward-20 Jeevanagar South Street
3.Melechokkanathapuram (R.V), Bodinayakanur (M), Ward-20 Jeevanagar North Street
4.Melechokkanathapuram (R.V), Bodinayakanur (M), Ward-20 Jeevanagar Middle Street
5.Melechokkanathapuram (R.V), Bodinayakanur (M), Ward-20 Revenue Inspector Office Street
999.OVERSEAS ELECTORS",Tamilaga Vettri Kazhagam,340,185,155,Dravida Munnetra Kazhagam,4,3,2,7,7,1,6,5,23.09985096870343,6,2.533532041728763,17.73472429210134,27.57078986587183,0.1490312965722802,0.1490312965722802,50.67064083457527,0.2980625931445604,0.8941877794336811,0
111,111,26,85,174,1,1,226,1,0,0,0,0,0,0,0,0,514,0,1,515,0,"Moovendhar Middle School, Main Block, Eastern Side, Jakkamanayakkanpatti, Bodinayakanur","1.Melechokkanathapuram (R.V), Bodinayakanur (M), Ward-20 Jeevanagar South Street-2
2.Melechokkanathapuram (R.V), Bodinayakanur (M), Ward-20 Telephone Exchange North Street
3.Melechokkanathapuram (R.V), Bodinayakanur (M), Ward-20 Telephone Exchange South Street
4.Melechokkanathapuram (R.V), Bodinayakanur (M), Ward-13 Pangajam Press South Street
5.Melechokkanathapuram (R.V), Bodinayakanur (M), Ward-20 Thenral Nagar East Street
6.Melechokkanathapuram (R.V), Bodinayakanur (M), Ward-20 Municipal Depo Road
7.Melechokkanathapuram (R.V), Bodinayakanur (M), Ward-20 Thenral Nagar South Street
999.OVERSEAS ELECTORS",Tamilaga Vettri Kazhagam,226,174,52,Dravida Munnetra Kazhagam,4,3,2,5,5,1,5,8,10.11673151750973,0,5.058365758754864,16.53696498054475,33.85214007782101,0.1945525291828794,0.1945525291828794,43.96887159533074,0.1945525291828794,0.0,3
112,112,22,81,144,2,3,300,0,6,0,0,0,1,0,2,1,558,0,1,559,0,"Moovendhar Middle School, Main Block, South Side, Jakkamanayakkanpatti, Bodinayakanur","1.Melechokkanathapuram (R.V), Bodinayakanur (M), Ward-20 Thendral Nagar Middle Street
2.Melechokkanathapuram (R.V), Bodinayakanur (M), Ward-20 Solai Chokkalingam Nagar
3.Melechokkanathapuram (R.V), Bodinayakanur (M), Ward-20 Karuppasamy Kovil Street
4.Melechokkanathapuram (R.V), Bodinayakanur (M), Ward-20 Jeevanagar South Street-1
5.Melechokkanathapuram (R.V), Bodinayakanur (M), Ward-20 Jeevanagar South Street-3
6.Melechokkanathapuram (R.V), Bodinayakanur (M), Ward-20 Thenral Nagar West Street
999.OVERSEAS ELECTORS",Tamilaga Vettri Kazhagam,300,144,156,Dravida Munnetra Kazhagam,4,3,2,7,6,1,8,5,27.95698924731182,6,3.942652329749104,14.51612903225807,25.80645161290322,0.3584229390681004,0.5376344086021506,53.76344086021505,0.0,1.075268817204301,0
113,113,23,120,121,1,0,201,0,4,1,0,0,3,0,0,0,470,0,1,471,0,"Soweendeeswari Middle School, South Building Santhaipettai  Bodinayakanur","1.Melechokkanathapuram (R.V), Bodinayakanur (M), Ward-13 Pangajam Press East Street
2.Melechokkanathapuram (R.V), Bodinayakanur (M), Ward-13 Pangajam Press Middle Street
3.Melechokkanathapuram (R.V), Bodinayakanur (M), Ward-13 Karuppasamy Kovil Street
999.OVERSEAS ELECTORS",Tamilaga Vettri Kazhagam,201,121,80,Dravida Munnetra Kazhagam,4,3,2,6,7,1,7,5,17.02127659574468,4,4.893617021276595,25.53191489361702,25.74468085106383,0.2127659574468085,0.0,42.76595744680851,0.0,0.851063829787234,3
114,114,17,58,278,3,3,377,0,3,0,1,1,0,0,0,0,739,0,3,742,0,"Sri Ganesh Ele. School, Santhaipettai Bodinayakanur","1.Melechokkanathapuram (R.V), Bodinayakanur (M), Ward-13 Pangajam Press South Street-2
2.Melechokkanathapuram (R.V), Bodinayakanur (M), Ward-13 Municipal Quarters
3.Melechokkanathapuram (R.V), Bodinayakanur (M), Ward-13 Pangajam Press North Street-2
4.Melechokkanathapuram (R.V), Bodinayakanur (M), Ward-13 Pangajam Press West Street-2
5.Melechokkanathapuram (R.V), Bodinayakanur (M), Ward-13 Municipal Colony Street-2
999.OVERSEAS ELECTORS",Tamilaga Vettri Kazhagam,377,278,99,Dravida Munnetra Kazhagam,4,3,2,5,5,1,8,5,13.39648173207036,3,2.300405953991881,7.848443843031124,37.61840324763194,0.4059539918809201,0.4059539918809201,51.0148849797023,0.0,0.4059539918809201,3
115,115,19,57,183,4,2,251,1,2,0,0,0,2,0,0,0,519,0,1,520,0,"Senaithalaivar Nursery and Primary School, Priyandavar High Road North Building East Portion  Bodinayakanur","1.Melechokkanathapuram (R.V), Bodinayakanur (M), Ward-13 Municipal Colony Street-1
2.Melechokkanathapuram (R.V), Bodinayakanur (M), Ward-13 Gandhinagar Karuppasamy Kovil Street
3.Melechokkanathapuram (R.V), Bodinayakanur (M), Ward-13 Pangajam Press South Street-1
4.Melechokkanathapuram (R.V), Bodinayakanur (M), Ward-20 Alamarathupatti Street
5.Melechokkanathapuram (R.V), Bodinayakanur (M), Ward-13 Pangajam Press South Street
999.OVERSEAS ELECTORS",Tamilaga Vettri Kazhagam,251,183,68,Dravida Munnetra Kazhagam,4,3,2,5,6,1,8,6,13.10211946050096,2,3.660886319845857,10.98265895953757,35.26011560693642,0.7707129094412332,0.3853564547206166,48.36223506743738,0.1926782273603083,0.3853564547206166,0
116,116,17,49,154,3,2,228,0,6,0,0,0,2,1,1,1,459,0,7,466,1,"Telungu Chettiyar Mandabam, West Building, North Side, Bodinayakanur","1.Melechokkanathapuram (R.V), Bodinayakanur (M), Ward-14 Bharathinarayanasamy Street
2.Melechokkanathapuram (R.V), Bodinayakanur (M), Ward-14 Bharathinarayanasamy Street-1
3.Melechokkanathapuram (R.V), Bodinayakanur (M), Ward-14 Periyandavar Main Road
4.Melechokkanathapuram (R.V), Bodinayakanur (M), Ward-14 Palanimuthu Lane
5.Melechokkanathapuram (R.V), Bodinayakanur (M), Ward-14 Krishnathevarayar Street
999.OVERSEAS ELECTORS",Tamilaga Vettri Kazhagam,228,154,74,Dravida Munnetra Kazhagam,4,3,2,6,7,1,8,5,16.12200435729848,6,3.703703703703703,10.67538126361656,33.55119825708061,0.6535947712418301,0.4357298474945534,49.67320261437909,0.0,1.30718954248366,0
117,117,15,70,147,2,1,206,1,5,0,1,0,0,2,0,2,447,0,2,449,0,"Telungu Chettiyar Mandabam, West Building, South Side, Bodinayakanur","1.Melechokkanathapuram (R.V), Bodinayakanur (M), Ward-15 Panthi Vinayakar Street
2.Melechokkanathapuram (R.V), Bodinayakanur (M), Ward-17 Karuppasamy Kovil East Street
3.Melechokkanathapuram (R.V), Bodinayakanur (M), Ward-14 Bharathi Narayanasamy Street-2
4.Melechokkanathapuram (R.V), Bodinayakanur (M), Ward-14 Bharathi Narayanasamy Street-3
5.Melechokkanathapuram (R.V), Bodinayakanur (M), Ward-14 Bharathi Narayanasamy Street-4
6.Melechokkanathapuram (R.V), Bodinayakanur (M), Ward-14 Bharathi Narayanasamy Street-5
7.Melechokkanathapuram (R.V), Bodinayakanur (M), Ward-14 Bharathi Narayanasamy Street-6
8.Melechokkanathapuram (R.V), Bodinayakanur (M), Ward-14 Bharathi Narayanasamy Street-7
9.Melechokkanathapuram (R.V), Bodinayakanur (M), Ward-17 Karuppasamy Kovil  Street
10.Melechokkanathapuram (R.V), Bodinayakanur (M), Ward-15 Jakkamman Street
11.Melechokkanathapuram (R.V), Bodinayakanur (M), Ward-17 Karuppasamy Kovil  Street
999.OVERSEAS ELECTORS",Tamilaga Vettri Kazhagam,206,147,59,Dravida Munnetra Kazhagam,4,3,2,6,7,1,7,5,13.19910514541387,5,3.355704697986577,15.65995525727069,32.88590604026846,0.4474272930648769,0.2237136465324385,46.08501118568233,0.2237136465324385,1.118568232662192,0
118,118,22,84,150,3,2,216,1,6,0,0,2,0,3,1,0,484,0,2,486,0,"Pangajam  Middle School, East Block, North Side, Kulalar Palayam, Bodinayakanur","1.Melechokkanathapuram (R.V), Bodinayakanur (M), Ward-22 Nattanmaikarar Street
2.Melechokkanathapuram (R.V), Bodinayakanur (M), Ward-22 Vamanan Street
3.Melechokkanathapuram (R.V), Bodinayakanur (M), Ward-22 Kamarajar Lane
4.Melechokkanathapuram (R.V), Bodinayakanur (M), Ward-22 Veeranan Lane
5.Melechokkanathapuram (R.V), Bodinayakanur (M), Ward-22 V.K.C.Nadarajan Street
6.Melechokkanathapuram (R.V), Bodinayakanur (M), Ward-22 New Street-1
7.Melechokkanathapuram (R.V), Bodinayakanur (M), Ward-21 Narayanaraj Street
999.OVERSEAS ELECTORS",Tamilaga Vettri Kazhagam,216,150,66,Dravida Munnetra Kazhagam,4,3,2,6,7,1,8,5,13.63636363636363,6,4.545454545454546,17.35537190082645,30.99173553719008,0.6198347107438017,0.4132231404958678,44.62809917355372,0.2066115702479339,1.239669421487603,0
119,119,22,64,139,3,1,179,1,4,0,0,0,0,4,0,0,413,0,3,416,0,"Pangajam  Middle School, West Block, North Side, Kulalar Palayam, Bodinayakanur","1.Melechokkanathapuram (R.V), Bodinayakanur (M), Ward-21 Bojaraja Street
2.Melechokkanathapuram (R.V), Bodinayakanur (M), Ward-22 Ponnampalam Street
999.OVERSEAS ELECTORS",Tamilaga Vettri Kazhagam,179,139,40,Dravida Munnetra Kazhagam,4,3,2,6,7,1,7,5,9.685230024213075,4,5.326876513317192,15.49636803874092,33.65617433414044,0.7263922518159807,0.2421307506053269,43.34140435835351,0.2421307506053269,0.9685230024213075,0
120,120,22,122,158,2,2,245,0,4,0,1,1,0,1,1,0,555,0,0,555,0,"Pangajam Girls  Hr.sec.School ,, East Block.south building Near Cycle Stand , Kulalar Palayam,  Bodinayakanur","1.Melechokkanathapuram (R.V), Bodinayakanur (M), Ward-21 Thiruneelakandan Street
2.Melechokkanathapuram (R.V), Bodinayakanur (M), Ward-21 Viveganathar Street
3.Melechokkanathapuram (R.V), Bodinayakanur (M), Ward-21 Pangarunayakar Street
4.Melechokkanathapuram (R.V), Bodinayakanur (M), Ward-21 New Street-2
5.Melechokkanathapuram (R.V), Bodinayakanur (M), Ward-22 Jakkalamman Kovil street
999.OVERSEAS ELECTORS",Tamilaga Vettri Kazhagam,245,158,87,Dravida Munnetra Kazhagam,4,3,2,6,6,1,8,5,15.67567567567568,4,3.963963963963964,21.98198198198198,28.46846846846847,0.3603603603603603,0.3603603603603603,44.14414414414414,0.0,0.7207207207207207,3
121,121,32,88,204,3,1,280,0,2,0,1,0,1,0,0,0,610,0,1,611,0,"Pangajam  Middle School, East Block, Middle Side, Kulalar Palayam, Bodinayakanur","1.Melechokkanathapuram (R.V), Bodinayakanur (M), Ward-21 Rengasami Street
2.Melechokkanathapuram (R.V), Bodinayakanur (M), Ward-21 Soolakkarai Street-1
3.Melechokkanathapuram (R.V), Bodinayakanur (M), Ward-21 Soolakkarai Street-2
4.Melechokkanathapuram (R.V), Bodinayakanur (M), Ward-21 Soolakkarai Street-3
5.Melechokkanathapuram (R.V), Bodinayakanur (M), Ward-22 Soolakkarai Street
6.Melechokkanathapuram (R.V), Bodinayakanur (M), Ward-21 Uthamapalayam Road
7.Melechokkanathapuram (R.V), Bodinayakanur (M), Ward-21 Pangajam School Street
999.OVERSEAS ELECTORS",Tamilaga Vettri Kazhagam,280,204,76,Dravida Munnetra Kazhagam,4,3,2,5,7,1,8,6,12.45901639344262,2,5.245901639344262,14.42622950819672,33.44262295081968,0.4918032786885246,0.1639344262295082,45.90163934426229,0.0,0.3278688524590164,3
122,122,44,82,221,1,0,241,0,3,0,1,0,1,0,0,0,592,0,3,595,0,"Pangajam  Middle School, East Block South Side, Bodinayakanur","1.Melechokkanathapuram (R.V), Bodinayakanur (M), Ward-21 Karattupatty Pathai
999.OVERSEAS ELECTORS",Tamilaga Vettri Kazhagam,241,221,20,Dravida Munnetra Kazhagam,4,3,2,6,7,1,7,5,3.378378378378379,3,7.432432432432432,13.85135135135135,37.33108108108108,0.1689189189189189,0.0,40.70945945945946,0.0,0.5067567567567568,3
123,123,40,119,254,2,2,284,0,5,0,0,0,2,2,1,0,706,0,2,708,0,"Pangajam  Middle School   , East Block South Side,(2nd Class Room) Bodinayakanur","1.Melechokkanathapuram (R.V), Bodinayakanur (M), Ward-21 Pangaru West Street
2.Melechokkanathapuram (R.V), Bodinayakanur (M), Ward-22 Sethubaskaran Street
3.Melechokkanathapuram (R.V), Bodinayakanur (M), Ward-22 Kothan street
999.OVERSEAS ELECTORS",Tamilaga Vettri Kazhagam,284,254,30,Dravida Munnetra Kazhagam,4,3,2,6,6,1,8,5,4.24929178470255,5,5.6657223796034,16.85552407932011,35.97733711048159,0.28328611898017,0.28328611898017,40.22662889518413,0.0,0.708215297450425,3
124,124,36,328,284,2,4,260,1,6,0,1,0,1,3,0,1,921,0,3,924,0,"Govt.Higher Sec. School, South Building East Room, Melachokkanathapuram","1.Melachokkanathapuram (R.V) And (T.P), Ward-6 South Raja Veethi
2.Melachokkanathapuram (R.V) And (T.P), Ward-6 Kodikeppanan  Street
3.Melachokkanathapuram (R.V) And (T.P), Ward-6 S.M.K.Kanthasamy  Street
4.Melachokkanathapuram (R.V) And (T.P), Ward-6 Thilagar Street
5.Melachokkanathapuram (R.V) And (T.P), Ward-6 Alagarsamy Street
6.Melachokkanathapuram (R.V) And (T.P), Ward-6 Gandhiji Street
7.Melachokkanathapuram (R.V) And (T.P), Ward-4 North Ratha Veethi
999.OVERSEAS ELECTORS",All India Anna Dravida Munnetra Kazhagam,328,284,44,Dravida Munnetra Kazhagam,4,1,2,7,6,3,8,5,4.777415852334419,6,3.908794788273615,35.61346362649294,30.83604777415853,0.2171552660152009,0.4343105320304018,28.23018458197611,0.1085776330076004,0.6514657980456027,2
125,125,26,132,254,1,2,322,2,8,0,0,1,2,2,2,0,747,0,3,750,0,"Govt.Higher Sec. School, South Building West Side Room, Melachokkanathapuram","1.Melachokkanathapuram (R.V) And (T.P), Ward-3 Pattalamman Kovil Main Street
2.Melachokkanathapuram (R.V) And (T.P), Ward-3 Pattalamman Kovil North Street
3.Melachokkanathapuram (R.V) And (T.P), Ward-3 Pattalamman Kovil Middle Street
4.Melachokkanathapuram (R.V) And (T.P), Ward-3 Pattalamman Kovil Sourth Street
5.Melachokkanathapuram (R.V) And (T.P), Ward-3 Rengasamy Street
6.Melachokkanathapuram (R.V) And (T.P), Ward-3 Rajaji Street
7.Melachokkanathapuram (R.V) And (T.P), Ward-3 Thottarayar Kovil Street
999.OVERSEAS ELECTORS",Tamilaga Vettri Kazhagam,322,254,68,Dravida Munnetra Kazhagam,4,3,2,8,6,1,6,5,9.103078982597054,8,3.480589022757698,17.67068273092369,34.00267737617136,0.1338688085676037,0.2677376171352075,43.1057563587684,0.2677376171352075,1.07095046854083,0
126,126,36,124,246,5,4,340,2,9,0,0,0,3,3,2,1,766,0,5,771,0,"Govt.Higher Sec. School, North East (RMSA) Building East  Portion, Melachokkanathapuram","1.Melachokkanathapuram (R.V) And (T.P), Ward-3 Aringar Anna Street
2.Melachokkanathapuram (R.V) And (T.P), Ward-3 Ramar Kovil Street
999.OVERSEAS ELECTORS",Tamilaga Vettri Kazhagam,340,246,94,Dravida Munnetra Kazhagam,4,3,2,6,7,1,8,5,12.27154046997389,9,4.699738903394255,16.18798955613577,32.11488250652742,0.6527415143603132,0.5221932114882507,44.38642297650131,0.2610966057441254,1.174934725848564,0
127,127,28,160,270,3,7,509,3,11,0,0,2,5,0,2,2,991,0,5,996,0,"SICSM Matric Higher Sec. School, Western Block Southern Side 2nd Room Melechokkanathapuram","1.Melachokkanathapuram (R.V) And (T.P), Ward-1 Vinobaji  Colony
999.OVERSEAS ELECTORS",Tamilaga Vettri Kazhagam,509,270,239,Dravida Munnetra Kazhagam,4,3,2,7,6,1,7,5,24.11705348133199,11,2.825428859737639,16.14530776992936,27.2452068617558,0.3027245206861756,0.7063572149344097,51.3622603430878,0.3027245206861756,1.109989909182644,0
128,128,27,116,188,1,2,270,0,10,1,0,0,4,2,1,0,614,0,2,616,0,"SICSM Matric Higher Sec. School ,Eastern Building North Side, 1st Room Melechokkanathapuram","1.Melachokkanathapuram (R.V), And (TP), Ward-2 Vinobaji Colony
999.OVERSEAS ELECTORS",Tamilaga Vettri Kazhagam,270,188,82,Dravida Munnetra Kazhagam,4,3,2,7,6,1,8,5,13.35504885993485,10,4.397394136807818,18.89250814332248,30.61889250814333,0.1628664495114007,0.3257328990228013,43.97394136807817,0.0,1.628664495114007,0
129,129,20,77,210,1,3,217,2,3,0,0,1,0,2,0,0,533,0,3,536,0,"SICSM Matric Higher Sec. School ,Eastern Building, North Side 2nd Room Melechokkanathapuram","1.Melachokkanathapuram (R.V), And (TP), Ward-2 Vinobaji Colony Block 1
999.OVERSEAS ELECTORS",Tamilaga Vettri Kazhagam,217,210,7,Dravida Munnetra Kazhagam,4,3,2,8,5,1,7,5,1.313320825515948,3,3.75234521575985,14.44652908067542,39.39962476547842,0.1876172607879925,0.5628517823639775,40.71294559099437,0.375234521575985,0.5628517823639775,0
130,130,26,249,283,0,1,251,3,7,0,0,0,3,1,2,0,820,0,2,822,0,"Govt.Higher Sec. School, North East (RMSA) Building West Side, Melachokkanathapuram","1.Melachokkanathapuram (R.V) And (T.P), Ward-4 Indragandhi Street
2.Melachokkanathapuram (R.V) And (T.P), Ward-5 Javagarlal Nehru Street
3.Melachokkanathapuram (R.V) And (T.P), Ward-5 East  Street
4.Melachokkanathapuram (R.V) And (T.P), Ward-5 West Street
5.Melachokkanathapuram (R.V) And (T.P), Ward-7 Middle Street
6.Melachokkanathapuram (R.V) And (T.P), Ward-8 Kamarajar  Street
7.Melachokkanathapuram (R.V) And (T.P), Ward-8 School Street
999.OVERSEAS ELECTORS",Dravida Munnetra Kazhagam,283,251,32,Tamilaga Vettri Kazhagam,4,3,1,8,7,2,6,5,3.902439024390244,7,3.170731707317073,30.36585365853658,34.51219512195122,0.0,0.1219512195121951,30.60975609756098,0.3658536585365854,0.853658536585366,2
131,131,34,180,214,3,2,321,0,6,0,1,2,3,0,0,0,760,0,2,762,0,"Thiru. Vengadasalam Middle School, Western Side, South Block, B.Renganathapuram","1.Melachokkanathapuram (R.V) And (T.P), Ward-13 V.O.C.Street
2.Melachokkanathapuram (R.V) And (T.P), Ward-13 South Raja Street
3.Melachokkanathapuram (R.V) And (T.P), Ward-13 North Raja Street
999.OVERSEAS ELECTORS",Tamilaga Vettri Kazhagam,321,214,107,Dravida Munnetra Kazhagam,4,3,2,6,7,1,8,5,14.07894736842105,6,4.473684210526316,23.68421052631579,28.1578947368421,0.3947368421052632,0.2631578947368421,42.23684210526316,0.0,0.7894736842105263,3
132,132,21,133,211,2,1,283,1,4,0,0,0,2,1,0,1,656,0,4,660,0,"Thiru. Vengadasalam Middle School, Eastern Side, South Block, B.Renganathapuram","1.Melachokkanathapuram (R.V) And (T.P), Ward-15 Sowdamman Kovil Street
2.Melachokkanathapuram (R.V) And (T.P), Ward-15 Vinayagar Kovil Street
3.Melachokkanathapuram (R.V) And (T.P), Ward-13 Lalbagathur Sasthiri  Street
4.Melachokkanathapuram (R.V) And (T.P), Ward-13 West Raja Veethi
5.Melachokkanathapuram (R.V) And (T.P), Ward-14 Perumal Kovil Street
6.Melachokkanathapuram (R.V) And (T.P), Ward-15 Subramaniyasiva Street
999.OVERSEAS ELECTORS",Tamilaga Vettri Kazhagam,283,211,72,Dravida Munnetra Kazhagam,4,3,2,6,7,1,7,5,10.97560975609756,4,3.201219512195122,20.27439024390244,32.16463414634146,0.3048780487804878,0.1524390243902439,43.14024390243902,0.1524390243902439,0.6097560975609756,3
133,133,33,232,270,1,0,319,1,5,2,1,0,0,0,1,0,861,0,8,869,0,"Thiru. Vengadasalam Middle School, Western Side North Block, B.Renganathapuram","1.Melachokkanathapuram (R.V) And (T.P), Ward-13 Gandhi Nagar
2.Melachokkanathapuram (R.V) And (T.P), Ward-13 B.Renganathapuram Thevaram Salai
999.OVERSEAS ELECTORS",Tamilaga Vettri Kazhagam,319,270,49,Dravida Munnetra Kazhagam,4,3,2,6,8,1,6,5,5.691056910569105,5,3.832752613240418,26.94541231126597,31.3588850174216,0.116144018583043,0.0,37.04994192799071,0.116144018583043,0.5807200929152149,2
134,134,6,53,269,2,12,218,1,10,0,0,0,3,4,2,1,571,0,4,575,0,"ICDS Centre, B.Renganathapuram","1.Melachokkanathapuram (R.V) And (T.P), Ward-14 Dr.Ambethkar Street
2.Melachokkanathapuram (R.V) And (T.P), Ward-14 Sarojini Street
999.OVERSEAS ELECTORS",Dravida Munnetra Kazhagam,269,218,51,Tamilaga Vettri Kazhagam,6,3,1,7,4,2,8,5,8.93169877408056,10,1.050788091068301,9.281961471103326,47.11033274956218,0.3502626970227671,2.101576182136602,38.17863397548161,0.1751313485113835,1.751313485113835,0
135,135,19,143,174,2,2,191,1,5,0,0,0,1,3,1,0,537,0,2,539,0,"Panchayat Union Middle School,South Building,East Side, B.Dharmathupatti","1.Melachokkanathapuram (R.V) And (T.P), Ward-9 Kakkan Street
2.Melachokkanathapuram (R.V) And (T.P), Ward-9 Kambar Street
3.Melachokkanathapuram (R.V) And (T.P), Ward-9 Elengo  Street
4.Melachokkanathapuram (R.V) And (T.P), Ward-9 KaliammanKovil  Street
5.Melachokkanathapuram (R.V) And (T.P), Ward-9 V.M. Street
6.Melachokkanathapuram (R.V) And (T.P), Ward-9 Mariamman  Kovil Street
999.OVERSEAS ELECTORS",Tamilaga Vettri Kazhagam,191,174,17,Dravida Munnetra Kazhagam,4,3,2,6,6,1,8,5,3.165735567970205,5,3.538175046554934,26.62942271880819,32.4022346368715,0.37243947858473,0.37243947858473,35.56797020484171,0.186219739292365,0.931098696461825,2
136,136,65,281,241,4,0,305,0,4,0,0,1,1,1,1,0,900,0,2,902,0,"Panchayat Union Middle School,Western Building, South Room, Karattupatti","1.Melachokkanathapuram (R.V) And (T.P), Ward-12 Karatupatti South Street
2.Melachokkanathapuram (R.V) And (T.P), Ward-12 Kattapomman West Street
3.Melachokkanathapuram (R.V) And (T.P), Ward-12 Jakkamal Street
999.OVERSEAS ELECTORS",Tamilaga Vettri Kazhagam,305,281,24,All India Anna Dravida Munnetra Kazhagam,4,2,3,5,7,1,7,5,2.666666666666667,4,7.222222222222221,31.22222222222222,26.77777777777778,0.4444444444444444,0.0,33.88888888888889,0.0,0.4444444444444444,2
137,137,9,97,161,2,2,199,0,7,0,1,1,2,1,1,1,477,0,1,478,0,"Panchayat Union Middle School, North Side Building, B.Dharmathupatti","1.Melachokkanathapuram (R.V) And (T.P), Ward-9 Barathiyar Street
2.Melachokkanathapuram (R.V) And (T.P), Ward-9 Subashchandrabose Street
3.Melachokkanathapuram (R.V) And (T.P), Ward-10 Barathidasan Street
4.Melachokkanathapuram (R.V) And (T.P), Ward-10 Periyar Street
5.Melachokkanathapuram (R.V) And (T.P), Ward-10  Padel Street
6.Melachokkanathapuram (R.V) And (T.P), Ward-10 Muthuramalingam Street
999.OVERSEAS ELECTORS",Tamilaga Vettri Kazhagam,199,161,38,Dravida Munnetra Kazhagam,4,3,2,6,6,1,8,5,7.966457023060797,7,1.886792452830189,20.33542976939203,33.75262054507338,0.419287211740042,0.419287211740042,41.71907756813417,0.0,1.467505241090147,0
138,138,24,222,188,1,1,348,2,6,0,0,1,0,2,3,0,792,0,2,794,0,"Panchayat Union Middle School, South Side
Building B.Dharmathupatti","1.Melachokkanathapuram (R.V) And (T.P), Ward-10 Karuppasamy Kovil Street
999.OVERSEAS ELECTORS",Tamilaga Vettri Kazhagam,348,222,126,All India Anna Dravida Munnetra Kazhagam,4,2,3,7,7,1,6,5,15.90909090909091,6,3.03030303030303,28.03030303030303,23.73737373737374,0.1262626262626263,0.1262626262626263,43.93939393939394,0.2525252525252525,0.7575757575757576,2
139,139,24,61,225,1,1,189,1,2,0,0,0,0,1,1,0,504,0,0,504,0,"Panchayat Union Middle School  , North Block, Manapatti, Bodimettu","1.Melachokkanathapuram (R.V) And (T.P), Ward-11 Bodi Mettu Munar Road
2.Melachokkanathapuram (R.V) And (T.P), Ward-11 Bothai Medu
3.Melachokkanathapuram (R.V) And (T.P), Ward-11 School Street
4.Melachokkanathapuram (R.V) And (T.P), Ward-11 Manapatti
5.Melachokkanathapuram (R.V) And (T.P), Ward-11 Bodi Mettu Puliyuthu
999.OVERSEAS ELECTORS",Dravida Munnetra Kazhagam,225,189,36,Tamilaga Vettri Kazhagam,4,3,1,6,6,2,6,5,7.142857142857142,2,4.761904761904762,12.1031746031746,44.64285714285715,0.1984126984126984,0.1984126984126984,37.5,0.1984126984126984,0.3968253968253968,3
140,140,55,89,259,1,1,203,0,7,1,0,1,2,3,0,0,615,0,3,618,0,"Anganwadi Centre, RI Office Back Side, Kodangipatti","1.Kodangipatti (R.V) And (P), Ward-2  Veerapandi Road
2.Kodangipatti (R.V) And (P), Ward-2  Munusamy Kovil Street
3.Kodangipatti (R.V) And (P), Ward-2  Rajiv Gandhi Street
4.Kodangipatti (R.V) And (P), Ward-2  Sadayandi Kovil Street
5.Kodangipatti (R.V) And (P), Ward-1 Chellayamman Kovil Street
6.Kodangipatti (R.V) And (P), Ward-1 Guna Seelan Kadai Street
999.OVERSEAS ELECTORS",Dravida Munnetra Kazhagam,259,203,56,Tamilaga Vettri Kazhagam,4,3,1,6,6,2,8,5,9.105691056910569,7,8.94308943089431,14.47154471544715,42.11382113821139,0.1626016260162602,0.1626016260162602,33.00813008130081,0.0,1.138211382113821,3
141,141,63,81,469,0,1,224,0,7,1,0,0,0,2,2,2,845,0,7,852,0,"C.S.I School, CSI School Street, Kodangipatti","1.Kodangipatti (R.V) And (P), Ward-1 C.S.I.School Street
2.Kodangipatti (R.V) And (P), Ward-1 Kaliamman Kovil Street
3.Kodangipatti (R.V) And (P), Indira Colony
999.OVERSEAS ELECTORS",Dravida Munnetra Kazhagam,469,224,245,Tamilaga Vettri Kazhagam,4,3,1,7,6,2,7,5,28.99408284023669,7,7.455621301775148,9.585798816568047,55.50295857988166,0.0,0.1183431952662722,26.50887573964497,0.0,0.8284023668639053,1
142,142,48,183,211,1,1,301,1,7,0,0,1,2,0,1,3,753,0,3,756,0,"S.K.L. Middle School , New Building Western Side, Kodangipatti","1.KodangipattI (R.V) And (P), Ward-2 Maniyakarar Pillai Street
2.KodangipattI (R.V) And (P), Ward-2 Thoppakkammal Kovil Street
3.KodangipattI (R.V) And (P), Ward-2 Main Street
4.KodangipattI (R.V) And (P), Ward-2 Thiilainayagam Pillai Street
5.KodangipattI (R.V) And (P), Ward-2 Mandu  Kovil Street
6.KodangipattI (R.V) And (P), Ward-2 Subramaniyar Kovil Street
7.KodangipattI (R.V) And (P), Ward-2 Ramar Kadai  Lane
8.KodangipattI (R.V) And (P), Ward-2 Main  Bazar
9.KodangipattI (R.V) And (P), Ward-3 Sadayandi Kovil Street East
10.KodangipattI (R.V) And (P), Ward-3 East Street
11.KodangipattI (R.V) And (P), Ward-3 Sadayandi Kovil Street  South
12.KodangipattI (R.V) And (P), Ward-3 S.K.L. School Street
999.OVERSEAS ELECTORS",Tamilaga Vettri Kazhagam,301,211,90,Dravida Munnetra Kazhagam,4,3,2,6,6,1,6,5,11.95219123505976,7,6.374501992031872,24.30278884462151,28.02124833997344,0.1328021248339973,0.1328021248339973,39.9734395750332,0.1328021248339973,0.9296148738379815,3
143,143,21,158,273,2,0,200,1,11,0,0,0,5,2,2,1,666,0,0,666,0,"S.K.L. Middle School , New Building Eastern Side, Kodangipatti","1.KodangipattI (R.V) And (P), Ward-3 Thoppu Street
2.KodangipattI (R.V) And (P), Ward-3 Rice Mile Street
3.KodangipattI (R.V) And (P), Ward-3 Mulaipariamman  Kovil Street
4.KodangipattI (R.V) And (P), Ward-3 Pandiyan Hospital Street
5.KodangipattI (R.V) And (P), Ward-3 Main Bazar
6.KodangipattI (R.V) And (P), Ward-3 Nayakkar Street
7.KodangipattI (R.V) And (P), Sadayandi  Kovil Street  West
999.OVERSEAS ELECTORS",Dravida Munnetra Kazhagam,273,200,73,Tamilaga Vettri Kazhagam,4,3,1,6,8,2,7,5,10.96096096096096,11,3.153153153153153,23.72372372372373,40.99099099099099,0.3003003003003003,0.0,30.03003003003003,0.1501501501501502,1.651651651651652,2
144,144,31,136,297,3,0,245,1,7,0,0,2,0,2,2,1,720,0,4,724,0,"Panchayat Union Ele. School , North Block, Western Side, Kodangipatti","1.Kodangipatti (R.V) And (P), Ward-4 Main Bazar
2.Kodangipatti (R.V) And (P), Ward-4 Post Office  Street
3.Kodangipatti (R.V) And (P), Ward-4 Middle Street
4.Kodangipatti (R.V) And (P), Ward-4 South Street
5.Kodangipatti (R.V) And (P), Ward-4 Sadayalpatti Road
6.Kodangipatti (R.V) And (P), Ward-1 Otha Veedu
7.Kodangipatti (R.V) And (P), Ward-1 ThieerthaThotti
8.Kodangipatti (R.V) And (P), Ward-1 Thoppu Patti
999.OVERSEAS ELECTORS",Dravida Munnetra Kazhagam,297,245,52,Tamilaga Vettri Kazhagam,4,3,1,6,8,2,7,5,7.222222222222221,7,4.305555555555555,18.88888888888889,41.25,0.4166666666666667,0.0,34.02777777777778,0.1388888888888889,0.9722222222222222,3
145,145,42,230,253,2,2,407,1,5,0,0,1,1,2,1,0,942,0,2,944,0,"Panchayat Union Ele. School, South Side, Kodangipatti","1.Kodangipatti (R.V) And (P), Ward-4 Main Bazar
2.Kodangipatti (R.V) And (P), Ward-4 Middle Street
3.Kodangipatti (R.V) And (P), Ward-4 Sowdamman Kovil Street
4.Kodangipatti (R.V) And (P), Ward-4 Middle  Street
5.Kodangipatti (R.V) And (P), Ward-4 Nayudu  Street
6.Kodangipatti (R.V) And (P), Ward-4 South Street
7.Kodangipatti (R.V) And (P), Ward-4 Ponraj Pillai Street
8.Kodangipatti (R.V) And (P), Ward-4 Ayyappan Kovil Street
9.Kodangipatti (R.V) And (P), Ward-4 Sadalpatti Road
10.Kodangipatti (R.V) And (P), Ward-4 South Street
11.Kodangipatti (R.V) And (P), Ward-5 Perumal Kovil Street
12.Kodangipatti (R.V) And (P), Ward-5 Sadayal Patti Road
13.Kodangipatti (R.V) And (P), Ward-5 West Street
14.Kodangipatti (R.V) And (P), Ward-5 Ayyappan  Kovil Street
999.OVERSEAS ELECTORS",Tamilaga Vettri Kazhagam,407,253,154,Dravida Munnetra Kazhagam,4,3,2,6,6,1,8,5,16.34819532908705,5,4.45859872611465,24.41613588110403,26.85774946921444,0.2123142250530786,0.2123142250530786,43.20594479830149,0.1061571125265393,0.5307855626326964,3
146,146,33,279,384,0,0,230,0,6,0,1,0,3,1,0,1,932,0,1,933,0,"Panchayat Union Ele. School , North Side, Sadaiyalpatti","1.Kodangipatti (R.V) And (P), Ward-1 Saralikalam
2.Kodangipatti (R.V) And (P), Ward-1 Pannai Thoppu
3.Kodangipatti (R.V) And (P), Ward-5 Sadayal Patti
4.Kodangipatti (R.V) And (P), Ward-5 Vadipatti
999.OVERSEAS ELECTORS",Dravida Munnetra Kazhagam,384,279,105,All India Anna Dravida Munnetra Kazhagam,4,2,1,6,6,3,6,5,11.26609442060086,6,3.540772532188841,29.93562231759657,41.20171673819743,0.0,0.0,24.67811158798283,0.0,0.6437768240343348,2
147,147,31,178,386,3,1,286,1,6,1,0,0,1,4,0,0,892,0,1,893,0,"Pachaiyappa High School,New Building, East Room, Uppukottai","1.Uppukottai (R.V) And (P), Ward-3 Thalaivar Street
2.Uppukottai (R.V) And (P), Ward-3 Savadi Street
3.Uppukottai (R.V) And (P), Ward-3 Balu Street
4.Uppukottai (R.V) And (P), Ward-3 Savadi Cross Street
5.Uppukottai (R.V) And (P), Ward-3 Neppoliyan Street
6.Uppukottai (R.V) And (P), Ward-3 Bank Street
7.Uppukottai (R.V) And (P), Ward-3 Pillaimar Street
8.Uppukottai (R.V) And (P), Ward-3 Sathiram Street
9.Uppukottai (R.V) And (P), Ward-3 Kadai Veethi
10.Uppukottai (R.V) And (P), Ward-3 K.V.P. Street
11.Uppukottai (R.V) And (P), Ward-3 Ricemill Street
12.Uppukottai (R.V) And (P), Ward-4 Nayaickar Savadi Street
13.Uppukottai (R.V) And (P), Ward-4 Pangaru Street
14.Uppukottai (R.V) And (P), Ward-4 Rajaiah  Street
15.Uppukottai (R.V) And (P), Ward-4 Srinevasan Street
16.Uppukottai (R.V) And (P), Ward-4 Aasari Street 1
17.Uppukottai (R.V) And (P), Ward-4 Thalaiyari Street
18.Uppukottai (R.V) And (P), Ward-4 V.M. Street
19.Uppukottai (R.V) And (P), Ward-4 S.T. Street
20.Uppukottai (R.V) And (P), Ward-4 Main Street
21.Uppukottai (R.V) And (P), Ward-4 Cross Street
22.Uppukottai (R.V) And (P), Ward-4 Patchaiyappa Primary School Street
23.Uppukottai (R.V) And (P), Ward-4 Aasari Street-2
24.Uppukottai (R.V) And (P), Ward-4 Kona  Street
25.Uppukottai (R.V) And (P), Ward-4 Perumal Kovil Back Side
999.OVERSEAS ELECTORS",Dravida Munnetra Kazhagam,386,286,100,Tamilaga Vettri Kazhagam,4,3,1,6,7,2,7,5,11.21076233183857,6,3.475336322869956,19.95515695067265,43.27354260089686,0.336322869955157,0.1121076233183857,32.06278026905829,0.1121076233183857,0.672645739910314,3
148,148,29,72,288,2,1,164,1,2,0,0,0,0,2,0,0,559,0,4,563,0,"Panchayat Union Ele. School,Main Building, East Side, Uppukottai","1.Uppukottai (R.V) And (P), Ward-2 Magalingam Street
2.Uppukottai (R.V) And (P), Ward-2 Ramasamy  Street
3.Uppukottai (R.V) And (P), Ward-2 Malayandiyan  Street
4.Uppukottai (R.V) And (P), Ward-2 Kalimuthu Street 1
5.Uppukottai (R.V) And (P), Ward-2 Allan Street
6.Uppukottai (R.V) And (P), Ward-2 Muniyandi Street
7.Uppukottai (R.V) And (P), Ward-2 Kalimuthu Street -2
8.Uppukottai (R.V) And (P), Ward-2 Kovil  Street
9.Uppukottai (R.V) And (P), Ward-2 East  Colony
10.Uppukottai (R.V) And (P), Ward-2 Chinnathambi Street
11.Uppukottai (R.V) And (P), Ward-2 Vethamuthu Teacher  Street
12.Uppukottai (R.V) And (P), Ward-2 Parvathi Street
13.Uppukottai (R.V) And (P), Ward-2 Kalimuthu Street 3
999.OVERSEAS ELECTORS",Dravida Munnetra Kazhagam,288,164,124,Tamilaga Vettri Kazhagam,4,3,1,5,7,2,7,5,22.1824686940966,2,5.18783542039356,12.88014311270125,51.52057245080501,0.3577817531305904,0.1788908765652952,29.33810375670841,0.1788908765652952,0.3577817531305904,1
149,149,46,34,348,3,1,137,0,4,1,0,0,1,0,0,1,573,0,2,575,0,"Panchayat Union Ele. School, New Building, West Side, Uppukottai","1.Uppukottai (R.V) And (P), Ward-2 Harijana Cross Street
2.Uppukottai (R.V) And (P), Ward-2 Indira Colony
3.Uppukottai (R.V) And (P), Ward-2 Sundaram  Street
4.Uppukottai (R.V) And (P), Ward-2 Thangam Street
5.Uppukottai (R.V) And (P), Ward-2 Santhanam Street
6.Uppukottai (R.V) And (P), Ward-2 Fair Price Shop Street
7.Uppukottai (R.V) And (P), Ward-2 Thalaiyari Street
8.Uppukottai (R.V) And (P), Ward-2 West Colony
9.Uppukottai (R.V) And (P), Ward-2 Pagavathimuthu Street
999.OVERSEAS ELECTORS",Dravida Munnetra Kazhagam,348,137,211,Tamilaga Vettri Kazhagam,3,4,1,6,7,2,8,5,36.82373472949389,4,8.027923211169284,5.93368237347295,60.73298429319372,0.5235602094240838,0.1745200698080279,23.90924956369982,0.0,0.6980802792321117,1
150,150,27,227,377,2,0,242,0,10,1,1,0,4,2,1,1,885,0,0,885,0,"Pachaiyappa High School,New Building, Middle Room Uppukottai","1.Uppukottai (R.V) And (P), Ward-4 Bodi Road
2.Uppukottai (R.V) And (P), Ward-4 Rajappan Street
3.Uppukottai (R.V) And (P), Ward-4 Neppoliyan Street
4.Uppukottai (R.V) And (P), Ward-4 Karuppathevar Street
5.Uppukottai (R.V) And (P), Ward-4 Muthuthevar Street
6.Uppukottai (R.V) And (P), Ward-4 Dr. Baskaran Street
7.Uppukottai (R.V) And (P), Ward-4 B.Seeni Street
8.Uppukottai (R.V) And (P), Ward-4 Maravar Savadi Backside
9.Uppukottai (R.V) And (P), Ward-4 Rasamani Street
10.Uppukottai (R.V) And (P), Ward-4 Kallar School Street
11.Uppukottai (R.V) And (P), Ward-4 Perumal Kovil Street
12.Uppukottai (R.V) And (P), Ward-4 Main Road
13.Uppukottai (R.V) And (P), Ward-4 Nayaikkar  Street
14.Uppukottai (R.V) And (P), Ward-4 Kamarajapuram Road
999.OVERSEAS ELECTORS",Dravida Munnetra Kazhagam,377,242,135,Tamilaga Vettri Kazhagam,4,3,1,6,7,2,7,5,15.25423728813559,10,3.050847457627119,25.64971751412429,42.59887005649718,0.2259887005649718,0.0,27.34463276836158,0.0,1.129943502824859,2
151,151,23,251,271,4,1,159,2,9,0,0,0,1,5,1,1,720,0,6,726,0,"Panchayat Union Middle School,East Side Building, Gundalnaickanpatti","1.Uppukottai (R.V) And (P), Ward-5 Gundal Nayaickan Patti
999.OVERSEAS ELECTORS",Dravida Munnetra Kazhagam,271,251,20,All India Anna Dravida Munnetra Kazhagam,4,2,1,6,8,3,7,5,2.777777777777778,9,3.194444444444444,34.86111111111111,37.63888888888889,0.5555555555555556,0.1388888888888889,22.08333333333333,0.2777777777777778,1.25,2
152,152,39,137,282,6,0,129,1,7,1,0,1,2,0,3,0,601,0,3,604,0,"Govt. Kallar Middle School,New Building,
West Side, Palarpatti","1.Uppukottai (R.V) And (P), Ward-6 North Street
2.Uppukottai (R.V) And (P), Ward-6 1st Cross Street
3.Uppukottai (R.V) And (P), Ward-6 2nd Cross Street
4.Uppukottai (R.V) And (P), Ward-6 Dheivam Street
5.Uppukottai (R.V) And (P), Ward-6 Karuthakkanan Street
6.Uppukottai (R.V) And (P), Ward-6 Lakshmanan Street
7.Uppukottai (R.V) And (P), Ward-6 Rajangam Street
8.Uppukottai (R.V) And (P), Ward-6 Prakasam Street
9.Uppukottai (R.V) And (P), Ward-6 Niraikulam Street-1
10.Uppukottai (R.V) And (P), Ward-6 North Street  South Side
11.Uppukottai (R.V) And (P), Ward-6 Niraikulam Street-2
12.Uppukottai (R.V) And (P), Ward-6 Nayakker Street
13.Uppukottai (R.V) And (P), Ward-6 Nayakker 1st Cross Street
14.Uppukottai (R.V) And (P), Ward-6 Nayakker 2nd Cross Street
15.Uppukottai (R.V) And (P), Ward-6  Nayakker Main Street
16.Uppukottai (R.V) And (P), Ward-6 Thangaraj Street
17.Uppukottai (R.V) And (P), Ward-6 Subbanayakker Street
18.Uppukottai (R.V) And (P), Ward-6 Pagavathi Kovil Street
999.OVERSEAS ELECTORS",Dravida Munnetra Kazhagam,282,137,145,All India Anna Dravida Munnetra Kazhagam,4,2,1,6,8,3,7,5,24.12645590682196,7,6.4891846921797,22.79534109816971,46.92179700499168,0.9983361064891847,0.0,21.46422628951747,0.1663893510815308,1.164725457570716,1
153,153,49,157,256,2,0,159,1,3,0,1,0,1,0,0,0,627,0,1,628,0,"Govt. Kallar Middle School,New Building, South Side, Palarpatti","1.Uppukottai (R.V) And (P), Ward-6 Kasimayan Street
2.Uppukottai (R.V) And (P), Ward-6 Mokkamayan Street
3.Uppukottai (R.V) And (P), Ward-6 Gopi Street
4.Uppukottai (R.V) And (P), Ward-6 Aasari Street
5.Uppukottai (R.V) And (P), Ward-6 Pagavathi Kovil Street
6.Uppukottai (R.V) And (P), Ward-6 Chinnapalli  Street
7.Uppukottai (R.V) And (P), Ward-6 Palayam Main Road  West Side
8.Uppukottai (R.V) And (P), Ward-6 Veeruchinnamal Kovil Street
9.Uppukottai (R.V) And (P), Ward-6 Veeruchinnamal North Side
10.Uppukottai (R.V) And (P), Ward-6 Chinnadurai Street
11.Uppukottai (R.V) And (P), Ward-6 Sathunavu  Koodam  Street
12.Uppukottai (R.V) And (P), Ward-6 Harijana  Street
13.Uppukottai (R.V) And (P), Ward-6 Colony Street
14.Uppukottai (R.V) And (P), Ward-6 Seenithevar  Street
15.Uppukottai (R.V) And (P), Ward-6 Uppukottai Road East Side
16.Uppukottai (R.V) And (P), Ward-6 Otha Veedu
999.OVERSEAS ELECTORS",Dravida Munnetra Kazhagam,256,159,97,Tamilaga Vettri Kazhagam,4,3,1,6,8,2,7,5,15.47049441786284,3,7.814992025518341,25.03987240829346,40.82934609250399,0.3189792663476874,0.0,25.35885167464115,0.1594896331738437,0.4784688995215311,1
154,154,33,78,329,5,1,135,0,7,0,0,1,2,3,0,0,588,0,2,590,0,"Hindu Ele. School ,  East Building, Bodendrapuram","1.Uppukottai (R.V) And (P), Ward-1 Duraisamy Teacher Street
2.Uppukottai (R.V) And (P), Ward-1 Chandra Kulasekaran Street
3.Uppukottai (R.V) And (P), Ward-1 Mini Bank Street
4.Uppukottai (R.V) And (P), Ward-1 Muthulakshmi Street
5.Uppukottai (R.V) And (P), Ward-1 Pillaiyar Kovil Street
6.Uppukottai (R.V) And (P), Ward-1 Shanmugavel Thevar Street
7.Uppukottai (R.V) And (P), Ward-1 Main Street
8.Uppukottai (R.V) And (P), Ward-1 Nagaraj Street
9.Uppukottai (R.V) And (P), Ward-1 Main Street (South Side)
10.Uppukottai (R.V) And (P), Ward-1 Sivanammal Street
11.Uppukottai (R.V) And (P), Ward-1 Chettiar Street
12.Uppukottai (R.V) And (P), Ward-1 Kumar Street
999.OVERSEAS ELECTORS",Dravida Munnetra Kazhagam,329,135,194,Tamilaga Vettri Kazhagam,4,3,1,6,7,2,8,5,32.99319727891156,7,5.612244897959184,13.26530612244898,55.95238095238096,0.8503401360544218,0.1700680272108843,22.95918367346939,0.0,1.19047619047619,1
155,155,30,68,315,1,0,170,1,3,0,0,0,0,0,2,1,588,0,0,588,0,"Anganwadi Centre, East Side Facing, Bodendrapuram.","1.Uppukottai (R.V) And (P), Ward-1 Chandraraj  Street
2.Uppukottai (R.V) And (P), Ward-1 Karuppaiah Street
3.Uppukottai (R.V) And (P), Ward-1 Pandi Kadai Street
4.Uppukottai (R.V) And (P), Ward-1 Vairamuthu Lane
5.Uppukottai (R.V) And (P), Ward-1 Palanichami Lane
6.Uppukottai (R.V) And (P), Ward-1 Kaliappan Street
7.Uppukottai (R.V) And (P), Ward-1 Periyasami Street
8.Uppukottai (R.V) And (P), Ward-1 Kodangipatti Road
9.Uppukottai (R.V) And (P), Ward-1 Mathivanan Street
10.Uppukottai (R.V) And (P), Ward-1 Karuppasami Street
11.Uppukottai (R.V) And (P), Ward-1 Kodangipatti Road (Starting)
12.Uppukottai (R.V) And (P), Ward-1 Bodi Road (South Side)
13.Uppukottai (R.V) And (P), Ward-1 A.T. Colony
999.OVERSEAS ELECTORS",Dravida Munnetra Kazhagam,315,170,145,Tamilaga Vettri Kazhagam,4,3,1,6,8,2,6,5,24.65986394557823,3,5.102040816326531,11.56462585034014,53.57142857142857,0.1700680272108843,0.0,28.91156462585034,0.1700680272108843,0.5102040816326531,1
156,156,56,96,330,0,1,167,1,5,0,0,0,0,4,1,0,656,0,5,661,0,"Savari Nayagam Ele.School,South Building,
Manicakapuram","1.Uppukottai (R.V), Kamarajapuram (P), Ward-5 Manikkapuram Main Road  (Middle Street)
2.Uppukottai (R.V), Kamarajapuram (P), Ward-5 Manikkapuram  South Street
3.Uppukottai (R.V), Kamarajapuram (P), Ward-5 Manikkapuram East Street
4.Uppukottai (R.V), Kamarajapuram (P), Ward-5 Manikkapuram North Street
5.Uppukottai (R.V), Kamarajapuram (P), Ward-5 Manikkapuram Colony
6.Uppukottai (R.V), Kamarajapuram (P), Ward-5 Manikkapuram Singarakottai
999.OVERSEAS ELECTORS",Dravida Munnetra Kazhagam,330,167,163,Tamilaga Vettri Kazhagam,4,3,1,8,6,2,6,5,24.84756097560976,5,8.536585365853659,14.63414634146341,50.30487804878049,0.0,0.1524390243902439,25.45731707317073,0.1524390243902439,0.7621951219512195,1
157,157,25,198,257,0,0,245,1,4,0,2,0,1,0,1,0,730,0,4,734,0,"Sriram Solai Middle School, North  Portion, Kamarajapuram.","1.Uppukottai (R.V), Kamarajapuram (P), Ward-1 Main Road
2.Uppukottai (R.V), Kamarajapuram (P), Ward-1 North Street ( North)
3.Uppukottai (R.V), Kamarajapuram (P), Ward-1 North Street (South)
4.Uppukottai (R.V), Kamarajapuram (P), Ward-2 Middle Street-1
5.Uppukottai (R.V), Kamarajapuram (P), Ward-2 Middle Street-2
6.Uppukottai (R.V), Kamarajapuram (P), Ward-2 West Street
7.Uppukottai (R.V), Kamarajapuram (P), Ward-3 Vadakathi Mariamman Kovil Street
8.Uppukottai (R.V), Kamarajapuram (P), Ward-3 Kaliamman Kovil Street (North)
9.Uppukottai (R.V), Kamarajapuram (P), Ward-4 Kaliamman Kovil  South Street
10.Uppukottai (R.V), Kamarajapuram (P), Ward-4 East Colony
999.OVERSEAS ELECTORS",Dravida Munnetra Kazhagam,257,245,12,Tamilaga Vettri Kazhagam,4,3,1,7,7,2,6,5,1.643835616438356,4,3.424657534246575,27.12328767123288,35.2054794520548,0.0,0.0,33.56164383561644,0.136986301369863,0.547945205479452,2
158,158,31,186,254,2,2,199,0,11,0,2,1,2,3,2,1,685,0,4,689,0,"Suruli Kathirveluchamy Middle School, East Side, Dombuchery","1.Dombuchery (R.V) And (P), Ward-1 Andavar Kovil Street
2.Dombuchery (R.V) And (P), Ward-2 Middle Street,East Part
3.Dombuchery (R.V) And (P), Ward-1 Seelakari Kovil Street
4.Dombuchery (R.V) And (P), Ward-1 Andavar Kovil South Street
5.Dombuchery (R.V) And (P), Ward-1 Old V.A.O. Office Street
6.Dombuchery (R.V) And (P), Ward-1 T.M.M. School Street
7.Dombuchery (R.V) And (P), Ward-1 Co-Operative Bank Street
999.OVERSEAS ELECTORS",Dravida Munnetra Kazhagam,254,199,55,Tamilaga Vettri Kazhagam,4,3,1,6,6,2,8,5,8.02919708029197,11,4.525547445255475,27.15328467153284,37.08029197080292,0.291970802919708,0.291970802919708,29.05109489051095,0.0,1.605839416058394,2
159,159,18,180,161,1,2,171,0,7,0,2,1,0,2,0,0,540,0,3,543,0,"Suruli Kathirveluchamy Middle School, South Side, Dombuchery","1.Dombuchery (R.V) And (P), Ward-2 S.K.S. School Street
2.Dombuchery (R.V) And (P), Ward-2 Renganathar Kovil Street
3.Dombuchery (R.V) And (P), Ward-2 T.G.House West Street
4.Dombuchery (R.V) And (P), Ward-2 Renganathar Kovil West Street
5.Dombuchery (R.V) And (P), Ward-3 Perumal  Kovil  Street
6.Dombuchery (R.V) And (P), Ward-3 Mail Veethi West Part
7.Dombuchery (R.V) And (P), Ward-3 Sowdamman Kovil Street
8.Dombuchery (R.V) And (P), Ward-3 Balamman Kovil Street
9.Dombuchery (R.V) And (P), Ward-3 Library Street
999.OVERSEAS ELECTORS",All India Anna Dravida Munnetra Kazhagam,180,171,9,Tamilaga Vettri Kazhagam,4,1,3,7,6,2,8,5,1.666666666666667,7,3.333333333333333,33.33333333333333,29.81481481481482,0.1851851851851852,0.3703703703703704,31.66666666666666,0.0,1.296296296296296,2
160,160,44,62,405,5,0,226,1,14,0,1,2,2,4,3,2,757,0,5,762,0,"Thirupathi Chettiyar Middle School, North Side, Dombuchery","1.Dombuchery (R.V) And (P), Ward-4 Petchiamman Kovil Street
2.Dombuchery (R.V) And (P), Ward-4 Pattalamman Kovil Street
3.Dombuchery (R.V) And (P), Ward-4 North Ambethkar Colony Street
4.Dombuchery (R.V) And (P), Ward-4 North Rice Mill East Street
5.Dombuchery (R.V) And (P), Ward-4 Ambethkar Street
999.OVERSEAS ELECTORS",Dravida Munnetra Kazhagam,405,226,179,Tamilaga Vettri Kazhagam,4,3,1,6,8,2,7,5,23.64597093791281,14,5.812417437252312,8.190224570673713,53.5006605019815,0.6605019815059445,0.0,29.85468956406869,0.1321003963011889,1.849405548216645,1
161,161,34,106,169,1,1,162,5,11,0,0,0,1,4,3,1,489,0,4,493,0,"Thirupathi Chettiyar Middle School, East Side, Dombuchery","1.Dombuchery (R.V) And (P), Ward-2 Pillaimar Savadi Street
2.Dombuchery (R.V) And (P), Ward-2 East Mottu Kinatru Street
3.Dombuchery (R.V) And (P), Ward-2 East Odai Street
4.Dombuchery (R.V) And (P), Ward-2 East Old Colony Street
5.Dombuchery (R.V) And (P), Ward-2 V.O.C.Street
999.OVERSEAS ELECTORS",Dravida Munnetra Kazhagam,169,162,7,Tamilaga Vettri Kazhagam,4,3,1,7,7,2,6,5,1.431492842535787,11,6.952965235173824,21.67689161554192,34.56032719836401,0.2044989775051125,0.2044989775051125,33.12883435582822,1.022494887525562,2.249488752556237,0
162,162,46,106,495,8,2,266,0,9,0,0,1,1,3,2,2,932,0,2,934,0,"Kaligadevi High School, North Block, West Side, Pathrakalipuram","1.Dombuchery (R.V) And (P), Ward-5 Dombuchery Road East Street
2.Dombuchery (R.V) And (P), Ward-5 Main Road East
3.Dombuchery (R.V) And (P), Ward-5 Ayyappan House Main Road
4.Dombuchery (R.V) And (P), Ward-5 Dombuchery Road West Street
5.Dombuchery (R.V) And (P), Ward-5 School Sourth Street
999.OVERSEAS ELECTORS",Dravida Munnetra Kazhagam,495,266,229,Tamilaga Vettri Kazhagam,4,3,1,6,7,2,8,5,24.57081545064378,9,4.935622317596566,11.37339055793991,53.11158798283262,0.8583690987124464,0.2145922746781116,28.54077253218884,0.0,0.9656652360515022,1
163,163,35,133,416,8,1,187,0,17,0,1,0,6,7,3,0,797,0,3,800,0,"Kaligadevi High School , North Block, East Side,Pathrakalipuram","1.Dombuchery (R.V) And (P), Ward-5 Vinayagar Kovil Stret
2.Dombuchery (R.V) And (P), Ward-5 School West Street
3.Dombuchery (R.V) And (P), Ward-5 Church Street West Side
4.Dombuchery (R.V) And (P), Ward-5 Middle Street West - East Street
999.OVERSEAS ELECTORS",Dravida Munnetra Kazhagam,416,187,229,Tamilaga Vettri Kazhagam,4,3,1,6,7,2,8,5,28.73274780426599,17,4.391468005018821,16.68757841907152,52.19573400250941,1.003764115432873,0.1254705144291091,23.46298619824341,0.0,2.132998745294856,1
164,164,37,113,303,2,3,191,0,4,0,0,1,0,3,0,0,653,0,3,656,0,"Kaligadevi Ele. School, Western Block,
Western Portion, Pathirakalipuram","1.Dombuchery (R.V) And (P), Ward-5 O.H.T. Pathai West Street
2.Dombuchery (R.V) And (P), Ward-5 Rice Mill Front East Street
3.Dombuchery (R.V) And (P), Ward-5 School West - Amarnath Street
4.Dombuchery (R.V) And (P), Ward-5 Chruch East Street - Pillaimar Street
999.OVERSEAS ELECTORS",Dravida Munnetra Kazhagam,303,191,112,Tamilaga Vettri Kazhagam,4,3,1,7,6,2,8,5,17.15160796324655,4,5.66615620214395,17.30474732006126,46.40122511485452,0.3062787136294028,0.4594180704441042,29.24961715160796,0.0,0.6125574272588056,1
165,165,26,44,276,4,2,97,0,7,0,0,0,0,5,1,1,456,0,0,456,0,"Kaligadevi Ele. School, North Block, Western Side, Pathirakalipuram","1.Dombuchery (R.V) And (P), Ward-5 Main Bus Road
2.Dombuchery (R.V) And (P), Ward-5 S.C. Main Street
3.Dombuchery (R.V) And (P), Ward-5 Salimarathupatti
4.Dombuchery (R.V) And (P), Ward-5 Karisalkalam
999.OVERSEAS ELECTORS",Dravida Munnetra Kazhagam,276,97,179,Tamilaga Vettri Kazhagam,4,3,1,6,7,2,8,5,39.25438596491228,7,5.701754385964912,9.649122807017543,60.52631578947368,0.8771929824561403,0.4385964912280702,21.2719298245614,0.0,1.535087719298246,1
166,166,18,110,271,2,2,203,0,10,0,0,0,1,4,2,2,616,0,1,617,0,"Panchayat Union Middle School,Western Side, Centre Portion SSA Building, B.Ammapatti","1.B.Ammapatti (R.V) And (P), Ward-1 Adidravidar Colony
2.B.Ammapatti (R.V) And (P), Ward-1 Main Street-1
3.B.Ammapatti (R.V) And (P), Ward-1 Adidravidar Colony-2
4.B.Ammapatti (R.V) And (P), Ward-1 Mani Teacher Street
999.OVERSEAS ELECTORS",Dravida Munnetra Kazhagam,271,203,68,Tamilaga Vettri Kazhagam,4,3,1,6,6,2,8,5,11.03896103896104,10,2.922077922077922,17.85714285714286,43.99350649350649,0.3246753246753247,0.3246753246753247,32.95454545454545,0.0,1.623376623376623,0
167,167,31,219,201,2,3,218,2,8,0,1,0,5,1,1,0,684,0,1,685,0,"Panchayat Union Middle School,       SSA Building West Side, B.Ammapatti","1.B.Ammapatti (R.V) And (P), Ward-1 West Street
2.B.Ammapatti (R.V) And (P), Ward-1 Main Street
3.B.Ammapatti (R.V) And (P), Ward-1 Akkamma Paatti Kovil Street
4.B.Ammapatti (R.V) And (P), Ward-1 East Street
5.B.Ammapatti (R.V) And (P), Ward-1 Karruppasamy Kovil Street
999.OVERSEAS ELECTORS",All India Anna Dravida Munnetra Kazhagam,219,218,1,Tamilaga Vettri Kazhagam,4,1,3,7,6,2,7,5,0.1461988304093567,8,4.532163742690059,32.01754385964912,29.38596491228071,0.2923976608187134,0.4385964912280702,31.87134502923977,0.2923976608187134,1.169590643274854,2
168,168,9,167,169,0,2,155,0,4,1,0,0,0,0,1,1,506,0,1,507,0,"Hindu Ele. School  , South Building, Sundrarajapuram","1.B.Ammapatti (R.V) And (P), Ward-2 Main Street
2.B.Ammapatti (R.V) And (P), Ward-2 Asariyar Street
3.B.Ammapatti (R.V) And (P), Ward-2 North Street
4.B.Ammapatti (R.V) And (P), Ward-2 North Street
5.B.Ammapatti (R.V) And (P), Ward-2 Alagar House Street
999.OVERSEAS ELECTORS",Dravida Munnetra Kazhagam,169,167,2,All India Anna Dravida Munnetra Kazhagam,4,2,1,7,6,3,7,5,0.3952569169960474,4,1.778656126482214,33.00395256916996,33.39920948616601,0.0,0.3952569169960474,30.63241106719368,0.0,0.7905138339920948,2
169,169,15,153,162,1,0,139,0,3,0,0,0,1,1,0,0,473,0,0,473,0,"Hindu Ele. School  , East Building,Nort Side, Sundrarajapuram","1.B.Ammapatti (R.V) And (P), Ward-2 Pungamaram Street
2.B.Ammapatti (R.V) And (P), Ward-2 West Street
3.B.Ammapatti (R.V) And (P), Ward-2 East Street
4.B.Ammapatti (R.V) And (P), Ward-2 Adidravidar Colony
999.OVERSEAS ELECTORS",Dravida Munnetra Kazhagam,162,153,9,All India Anna Dravida Munnetra Kazhagam,4,2,1,6,7,3,7,5,1.902748414376321,3,3.171247357293869,32.34672304439746,34.24947145877378,0.2114164904862579,0.0,29.38689217758985,0.0,0.6342494714587738,2
170,170,34,168,474,2,0,219,0,3,0,0,0,2,1,0,0,900,0,3,903,0,"C.S.I Ele.School, Eastern Side, Visuvasapuram","1.B.Ammapatti (R.V) And (P), Ward-3 East Street
2.B.Ammapatti (R.V) And (P), Ward-6 C.S.I School Street-1
3.B.Ammapatti (R.V) And (P), Ward-3 Main Street
4.B.Ammapatti (R.V) And (P), Ward-3 C.S.I School Street-2
5.B.Ammapatti (R.V) And (P), Ward-3 Middle School
6.B.Ammapatti (R.V) And (P), Ward-3 Middle Street
999.OVERSEAS ELECTORS",Dravida Munnetra Kazhagam,474,219,255,Tamilaga Vettri Kazhagam,4,3,1,6,7,2,7,5,28.33333333333333,3,3.777777777777778,18.66666666666667,52.66666666666666,0.2222222222222222,0.0,24.33333333333334,0.0,0.3333333333333334,1
171,171,36,131,382,5,2,148,0,1,0,0,0,0,1,0,0,705,0,0,705,0,"C.S.I Ele.School , Western Side, Visuvasapuram","1.B.Ammapatti (R.V) And (P), Ward-3 Main Street
2.B.Ammapatti (R.V) And (P), Ward-3 Pillaiyar Kovil Street
3.B.Ammapatti (R.V) And (P), Ward-3 Adidravidar Colony
999.OVERSEAS ELECTORS",Dravida Munnetra Kazhagam,382,148,234,Tamilaga Vettri Kazhagam,4,3,1,5,6,2,8,7,33.19148936170212,1,5.106382978723404,18.58156028368794,54.18439716312056,0.7092198581560284,0.2836879432624114,20.99290780141844,0.0,0.1418439716312057,1
172,172,34,111,257,3,1,157,1,4,0,0,0,1,2,0,1,568,0,2,570,0,"Govt. Kallar Ele. School, West Building, Perumal Gowndenpatti","1.B.Ammapatti (R.V) And (P), Ward-4 S.C.Colony
2.B.Ammapatti (R.V) And (P), Ward-4 East Street
3.B.Ammapatti (R.V) And (P), Ward-4 Ration Shop Street
4.B.Ammapatti (R.V) And (P), Ward-4 Pillaiyar Kovil Street
999.OVERSEAS ELECTORS",Dravida Munnetra Kazhagam,257,157,100,Tamilaga Vettri Kazhagam,4,3,1,6,7,2,7,5,17.6056338028169,4,5.985915492957746,19.54225352112676,45.24647887323944,0.528169014084507,0.176056338028169,27.64084507042254,0.176056338028169,0.7042253521126761,1
173,173,34,335,135,0,2,122,0,7,0,0,0,1,2,1,3,635,0,1,636,0,"Govt. Kallar Ele. School, North Building, Perumal Gowndenpatti","1.B.Ammapatti (R.V) And (P), Ward-4 Middle  Street
2.B.Ammapatti (R.V) And (P), Ward-4 West Street
3.B.Ammapatti (R.V) And (P), Ward-4 Regupathi House Street
999.OVERSEAS ELECTORS",All India Anna Dravida Munnetra Kazhagam,335,135,200,Dravida Munnetra Kazhagam,4,1,2,7,6,3,7,5,31.49606299212599,7,5.354330708661418,52.75590551181102,21.25984251968504,0.0,0.3149606299212598,19.21259842519685,0.0,1.102362204724409,2
174,174,37,145,213,4,3,305,0,5,0,1,0,1,1,1,1,712,0,0,712,0,"Govt. Hr. Sec. School,North Side, South Facing Room, Sillamarathupatti","1.B.Ammapatti (R.V), Sillamarathupatti (P), Ward-1 Patel Street
2.B.Ammapatti (R.V), Sillamarathupatti (P), Ward-2 Aasath Street
3.B.Ammapatti (R.V), Sillamarathupatti (P), Ward-2 Amman Sannathi Street
4.B.Ammapatti (R.V), Sillamarathupatti (P), Ward-2 Patel Street
5.B.Ammapatti (R.V), Sillamarathupatti (P), Ward-2 Gandhiji Street
6.B.Ammapatti (R.V), Sillamarathupatti (P), Ward-2 Rajanbabu Street
7.B.Ammapatti (R.V), Sillamarathupatti (P), Ward-2 Bathirakaliamman Street
999.OVERSEAS ELECTORS",Tamilaga Vettri Kazhagam,305,213,92,Dravida Munnetra Kazhagam,4,3,2,6,7,1,8,5,12.92134831460674,5,5.196629213483146,20.36516853932584,29.91573033707865,0.5617977528089888,0.4213483146067415,42.8370786516854,0.0,0.7022471910112359,3
175,175,14,107,259,1,1,261,3,5,1,0,0,2,1,0,0,651,0,3,654,0,"Govt. Hr. Sec. School , Additional Building, North Builidng Sillamarathupatti","1.B.Ammapatti (R.V), Sillamarathupatti (P), Ward-1 Soundravel Street Kasthuribay Road
2.B.Ammapatti (R.V), Sillamarathupatti (P), Ward-2 Rajanbabu Street
999.OVERSEAS ELECTORS",Tamilaga Vettri Kazhagam,261,259,2,Dravida Munnetra Kazhagam,4,3,2,7,7,1,6,5,0.3072196620583718,5,2.150537634408602,16.43625192012289,39.78494623655914,0.1536098310291859,0.1536098310291859,40.09216589861751,0.4608294930875576,0.7680491551459293,0
176,176,10,125,239,2,1,157,0,6,0,0,0,2,1,1,1,540,0,2,542,0,"Govt. Hr. Sec. School , Additional Building,South Builidng Sillamarathupatt","1.B.Ammapatti (R.V), Sillamarathupatti (P), Ward-2 Gandhiji Street
2.B.Ammapatti (R.V), Sillamarathupatti (P), Ward-3 P.T.Rajan Street
3.B.Ammapatti (R.V), Sillamarathupatti (P), Ward-3 Nehruji 1st Street, High School Road
4.B.Ammapatti (R.V), Sillamarathupatti (P), Ward-3 Nehruji 2nd Street5.B.Ammapatti (R.V), Sillamarathupatti (P), Ward-3 Gandhiji Street
6.B.Ammapatti (R.V), Sillamarathupatti (P), Ward-3 Nethaji Street
999.OVERSEAS ELECTORS",Dravida Munnetra Kazhagam,239,157,82,Tamilaga Vettri Kazhagam,4,3,1,6,7,2,8,5,15.18518518518519,6,1.851851851851852,23.14814814814815,44.25925925925926,0.3703703703703704,0.1851851851851852,29.07407407407408,0.0,1.111111111111111,2
177,177,13,148,146,0,0,152,0,4,1,0,0,3,0,0,0,463,0,0,463,0,"Panchayat Union Ele. School ,Western Block,North Building Sillamarathupatti","1.B.Ammapatti (R.V), Sillamarathupatti (P), Ward-4 Vivekananthar Street
2.B.Ammapatti (R.V), Sillamarathupatti (P), Ward-4 Gandhiji Street
3.B.Ammapatti (R.V), Sillamarathupatti (P), Ward-4 Nethaji Street-1
4.B.Ammapatti (R.V), Sillamarathupatti (P), Ward-5 Dr.Rathakrishnan Street-1
5.B.Ammapatti (R.V), Sillamarathupatti (P), Ward-5 Nethaji Street-2
6.B.Ammapatti (R.V), Sillamarathupatti (P), Ward-5 Tagore Street
7.B.Ammapatti (R.V), Sillamarathupatti (P), Ward-5 Nethaji Street3
8.B.Ammapatti (R.V), Sillamarathupatti (P), Ward-5 Dr.Rathakrishnan Street-2
9.B.Ammapatti (R.V), Sillamarathupatti (P), Ward-5 Nethaji Street-4
10.B.Ammapatti (R.V), Sillamarathupatti (P), Ward-5 Kalliaymman Kovil Back Street
999.OVERSEAS ELECTORS",Tamilaga Vettri Kazhagam,152,148,4,All India Anna Dravida Munnetra Kazhagam,4,2,3,6,6,1,6,5,0.8639308855291578,4,2.807775377969763,31.96544276457883,31.53347732181426,0.0,0.0,32.82937365010799,0.0,0.8639308855291578,2
178,178,36,169,186,0,0,237,0,1,0,0,0,0,0,0,0,629,0,2,631,0,"Panchayat Union Ele. School,West Block, Middle Building,Sillamarathupatti","1.B.Ammapatti (R.V), Sillamarathupatti (P), Ward-5 Bharathiar Street
2.B.Ammapatti (R.V), Sillamarathupatti (P), Ward-5 Thiyagi Alagarsami Street
3.B.Ammapatti (R.V), Sillamarathupatti (P), Ward-5 Jeevanandam
4.B.Ammapatti (R.V), Sillamarathupatti (P), Ward-5 Thiru V.K.Street
5.B.Ammapatti (R.V), Sillamarathupatti (P), Ward-5 Anna Street
999.OVERSEAS ELECTORS",Tamilaga Vettri Kazhagam,237,186,51,Dravida Munnetra Kazhagam,4,3,2,6,6,1,6,5,8.108108108108109,1,5.723370429252783,26.86804451510334,29.57074721780604,0.0,0.0,37.67885532591415,0.0,0.1589825119236884,2
179,179,23,167,176,1,0,276,0,5,0,0,0,3,1,1,0,648,0,2,650,0,"Panchayat Union Ele. School, Eastern Side, Middle Building, Sillamarathupatti","1.B.Ammapatti (R.V), Sillamarathupatti (P), Ward-4 Panchayat Union Street
2.B.Ammapatti (R.V), Sillamarathupatti (P), Ward-4 Panchayat Union School Street
3.B.Ammapatti (R.V), Sillamarathupatti (P), Ward-4 Lalbagathur Street
4.B.Ammapatti (R.V), Sillamarathupatti (P), Ward-4 Thilagar Street
5.B.Ammapatti (R.V), Sillamarathupatti (P), Ward-4  Nethaji Street
999.OVERSEAS ELECTORS",Tamilaga Vettri Kazhagam,276,176,100,Dravida Munnetra Kazhagam,4,3,2,6,7,1,7,5,15.4320987654321,5,3.549382716049382,25.7716049382716,27.16049382716049,0.154320987654321,0.0,42.5925925925926,0.0,0.7716049382716049,2
180,180,31,135,163,0,1,266,0,7,0,1,2,1,2,0,0,603,0,3,606,0,"Panchayat Union Ele. School, Eastern Building, South Side, Sillamarathupatti","1.B.Ammapatti (R.V), Sillamarathupatti (P), Ward-4  Dr.Radhakrishnan Street
2.B.Ammapatti (R.V), Sillamarathupatti (P), Ward-5 Suruliyappan Street
3.B.Ammapatti (R.V), Sillamarathupatti (P), Ward-5 Thathappa Swamy Kovil Street
4.B.Ammapatti (R.V), Sillamarathupatti (P), Ward-5 P.C.Colony
999.OVERSEAS ELECTORS",Tamilaga Vettri Kazhagam,266,163,103,Dravida Munnetra Kazhagam,4,3,2,7,6,1,7,5,17.08126036484245,7,5.140961857379768,22.38805970149254,27.03150912106136,0.0,0.1658374792703151,44.11276948590381,0.0,1.160862354892205,3
181,181,30,172,219,2,0,307,0,3,0,0,0,1,2,0,0,733,0,1,734,0,"Panchayat Union Ele. School,Northern Side,
New Building, East Room Sillamarathupatti","1.B.Ammapatti (R.V), Sillamarathupatti (P), Ward-5 New Colony
2.B.Ammapatti (R.V), Sillamarathupatti (P), Ward-5 Bodi-Thevaram Road Uppar Street
3.B.Ammapatti (R.V), Sillamarathupatti (P), Ward-5 Bodi-Thevaram Road  Keelatheru Kasthuribai
999.OVERSEAS ELECTORS",Tamilaga Vettri Kazhagam,307,219,88,Dravida Munnetra Kazhagam,4,3,2,6,7,1,7,5,12.00545702592087,3,4.092769440654844,23.46521145975444,29.87721691678035,0.2728512960436562,0.0,41.88267394270122,0.0,0.4092769440654843,3
182,182,41,153,392,1,1,351,0,13,0,0,2,3,5,1,2,952,0,6,958,0,"Panchayat Union Ele. School, West Block, North Side, Silamalai","1.Silamalai (R.V) And (P), Ward-1 New Colony
2.Silamalai (R.V) And (P), Ward-1 Mangammal Salai
3.Silamalai (R.V) And (P), Ward-1 Middle Colony North
4.Silamalai (R.V) And (P), Ward-1 Middle Colony East Street
5.Silamalai (R.V) And (P), Ward-1 Middle Colony - South
6.Silamalai (R.V) And (P), Ward-1 D.S.P. Colony
999.OVERSEAS ELECTORS",Dravida Munnetra Kazhagam,392,351,41,Tamilaga Vettri Kazhagam,4,3,1,6,6,2,8,5,4.30672268907563,13,4.30672268907563,16.07142857142857,41.17647058823529,0.1050420168067227,0.1050420168067227,36.86974789915966,0.0,1.365546218487395,3
183,183,33,115,308,4,2,243,2,12,0,0,0,3,4,3,1,719,0,7,726,0,"Panchayat Union Ele. School, West Block, South Side, Silamalai","1.Silamalai (R.V) And (P), Ward-1 Thevaram Road
2.Silamalai (R.V) And (P), Ward-1 Mariamman Kovil Street
3.Silamalai (R.V) And (P), Ward-1 Suplapuram Road
4.Silamalai (R.V) And (P), Ward-1 Old Colony Street
5.Silamalai (R.V) And (P), Ward-1 Pattalamman Kovil Street
6.Silamalai (R.V) And (P), Ward-1 Old Colony
7.Silamalai (R.V) And (P), Ward-1 Thevar Street
8.Silamalai (R.V) And (P), Ward-1 Thevar Silai Street
9.Silamalai (R.V) And (P), Ward-1 Thevar Silai North Street
999.OVERSEAS ELECTORS",Dravida Munnetra Kazhagam,308,243,65,Tamilaga Vettri Kazhagam,4,3,1,6,7,2,7,5,9.040333796940194,12,4.58970792767733,15.99443671766342,42.83727399165508,0.5563282336578581,0.2781641168289291,33.79694019471488,0.2781641168289291,1.668984700973574,0
184,184,40,204,161,2,0,199,2,24,2,2,2,2,2,2,1,632,0,2,634,0,"Panchayat Union Ele.School,South Building, North Facing, Silamalai","1.Silamalai (R.V) And (P), Ward-2 Sulapuram Road
2.Silamalai (R.V) And (P), Ward-2 Water Tank Street
3.Silamalai (R.V) And (P), Ward-2 Muniappan Kovil Street-1
4.Silamalai (R.V) And (P), Ward-2 Muniappan Kovil Street-2
5.Silamalai (R.V) And (P), Ward-2 Anjalaga Asari Street 1
6.Silamalai (R.V) And (P), Ward-2 Asariar Middle Street
7.Silamalai (R.V) And (P), Ward-2 West Street
8.Silamalai (R.V) And (P), Ward-2 Water Tank Street
9.Silamalai (R.V) And (P), Ward-2  Assari West Street
10.Silamalai (R.V) And (P), Ward-2 Asariar Middle Street
11.Silamalai (R.V) And (P), Ward-2  Post Office Street
12.Silamalai (R.V) And (P), Ward-2 Pillaimar Savadi Street
13.Silamalai (R.V) And (P), Ward-2 Post Office South Street
14.Silamalai (R.V) And (P), Ward-2 Gurusikku Kovil Street
15.Silamalai (R.V) And (P), Ward-2 Korakkar West Street
999.OVERSEAS ELECTORS",All India Anna Dravida Munnetra Kazhagam,204,199,5,Tamilaga Vettri Kazhagam,4,1,3,6,8,2,6,5,0.7911392405063291,24,6.329113924050633,32.27848101265823,25.4746835443038,0.3164556962025317,0.0,31.4873417721519,0.3164556962025317,3.79746835443038,0
185,185,23,211,197,4,0,212,3,18,1,1,1,4,4,2,1,668,0,0,668,0,"Panchayat Union Ele.School, East Side North Block, South Room, Silamalai","1.Silamalai (R.V) And (P), Ward-2 Korakkar South Street
2.Silamalai (R.V) And (P), Ward-2 West Street
3.Silamalai (R.V) And (P), Ward-2 Pillaimar Savadi Street
4.Silamalai (R.V) And (P), Ward-2 Maniyampatti Road
5.Silamalai (R.V) And (P), Ward-2 Ex.Chairaman Street
6.Silamalai (R.V) And (P), Ward-2 Pavukal South Part
7.Silamalai (R.V) And (P), Ward-2 Pavukal East Street
999.OVERSEAS ELECTORS",Tamilaga Vettri Kazhagam,212,211,1,All India Anna Dravida Munnetra Kazhagam,4,2,3,6,8,1,7,5,0.1497005988023952,18,3.44311377245509,31.58682634730539,29.49101796407186,0.5988023952095809,0.0,31.73652694610778,0.4491017964071856,2.694610778443114,0
186,186,30,152,173,1,4,184,0,19,0,0,0,3,1,1,0,563,0,0,563,0,"Panchayat Union Ele.School, West Block, Silamalai","1.Silamalai (R.V) And (P), Ward-5 Boyar Street
2.Silamalai (R.V) And (P), Ward-5 Sulapuram Road
3.Silamalai (R.V) And (P), Ward-5 Puliamarathu Lane
4.Silamalai (R.V) And (P), Ward-5 Urumikarar Street
5.Silamalai (R.V) And (P), Ward-5 Sowdamman Kovil Street
6.Silamalai (R.V) And (P), Ward-5 Thevar Street
7.Silamalai (R.V) And (P), Ward-5 Amman Kovil Street
8.Silamalai (R.V) And (P), Ward-5 Middle Street
9.Silamalai (R.V) And (P), Ward-5 Nadar Street
999.OVERSEAS ELECTORS",Tamilaga Vettri Kazhagam,184,173,11,Dravida Munnetra Kazhagam,4,3,2,7,6,1,8,5,1.953818827708704,19,5.328596802841918,26.99822380106572,30.72824156305506,0.1776198934280639,0.7104795737122558,32.68206039076377,0.0,3.374777975133215,0
187,187,8,281,284,0,4,269,1,7,1,1,1,2,0,1,0,854,0,1,855,0,"Panchayat Union Middle School,West Block, Sulapuram","1.Silamalai (R.V) And (P), Ward-5 Sulapuram Urumikarar Street
2.Silamalai (R.V) And (P), Ward-5 North Sulapuram
3.Silamalai (R.V) And (P), Ward-5 Sourth Sulapuram
4.Silamalai (R.V) And (P), Ward-5 West Sulapuram
999.OVERSEAS ELECTORS",Dravida Munnetra Kazhagam,284,281,3,All India Anna Dravida Munnetra Kazhagam,4,2,1,8,6,3,7,5,0.351288056206089,7,0.936768149882904,32.903981264637,33.25526932084309,0.0,0.468384074941452,31.49882903981265,0.117096018735363,0.819672131147541,2
188,188,37,93,204,2,2,157,0,5,0,0,1,2,0,0,0,500,0,2,502,0,"Panchayat Union Ele. School,West Face South Building, North Side, Silamalai","1.Silamalai (R.V) And (P), Ward-3 Kaliamman Kovil Street
2.Silamalai (R.V) And (P), Ward-3 Kaliamman Kovil South Street
3.Silamalai (R.V) And (P), Ward-3 Middle Street
4.Silamalai (R.V) And (P), Ward-3 Arasamara Street-1
5.Silamalai (R.V) And (P), Ward-3 Arasamara Street-2
6.Silamalai (R.V) And (P), Ward-3 Nadar Street
7.Silamalai (R.V) And (P), Ward-3 Theppam
8.Silamalai (R.V) And (P), Ward-3 Co-Operative Street
9.Silamalai (R.V) And (P), Ward-3 South Street
10.Silamalai (R.V) And (P), Ward-3 Nattanmaikarar Street
11.Silamalai (R.V) And (P), Ward-3 Library Street
999.OVERSEAS ELECTORS",Dravida Munnetra Kazhagam,204,157,47,Tamilaga Vettri Kazhagam,4,3,1,6,6,2,8,5,9.4,5,7.399999999999999,18.6,40.8,0.4,0.4,31.4,0.0,1.0,3
189,189,26,167,187,1,1,156,0,14,0,1,2,1,5,2,2,552,0,0,552,0,"Panchayat Union Ele. School,West Face South Building, South Side, Silamalai","1.Silamalai (R.V) And (P), Ward-3 Amman Kovil Street
2.Silamalai (R.V) And (P), Ward-3 Middle Street
3.Silamalai (R.V) And (P), Ward-3 South Street-1
4.Silamalai (R.V) And (P), Ward-3 North Savadi Street
5.Silamalai (R.V) And (P), Ward-3 South Savadi Street
6.Silamalai (R.V) And (P), Ward-3 Pillaimar Savadi Street
7.Silamalai (R.V) And (P), Ward-3 Rice Mill South Street
8.Silamalai (R.V) And (P), Ward-3 Rice Mill North Street
9.Silamalai (R.V) And (P), Ward-3 Maniampatti Road
999.OVERSEAS ELECTORS",Dravida Munnetra Kazhagam,187,167,20,All India Anna Dravida Munnetra Kazhagam,4,2,1,6,6,3,8,5,3.623188405797102,14,4.710144927536232,30.2536231884058,33.8768115942029,0.1811594202898551,0.1811594202898551,28.26086956521739,0.0,2.536231884057971,2
190,190,52,112,250,3,2,173,1,11,1,0,0,1,7,0,0,604,0,2,606,0,"Panchayat Union Ele.School  , B.Mallingapuram","1.Silamalai (R.V) And (P), Ward-4 New Colony
2.Silamalai (R.V) And (P), Ward-4 Mathari Street
3.Silamalai (R.V) And (P), Ward-4 East Street1
4.Silamalai (R.V) And (P), Ward-4 Middle Street
5.Silamalai (R.V) And (P), Ward-4 West Street1
6.Silamalai (R.V) And (P), Ward-4 East Street2
7.Silamalai (R.V) And (P), Ward-4 West Street2
8.Silamalai (R.V) And (P), Ward-4 West Lane
9.Silamalai (R.V) And (P), Ward-4 West Street 3
10.Silamalai (R.V) And (P), Ward-4 East Street 3
11.Silamalai (R.V) And (P), Ward-4 West Street 4
12.Silamalai (R.V) And (P), Ward-4 Sourth Street
999.OVERSEAS ELECTORS",Dravida Munnetra Kazhagam,250,173,77,Tamilaga Vettri Kazhagam,4,3,1,6,7,2,8,5,12.74834437086093,11,8.609271523178808,18.54304635761589,41.3907284768212,0.4966887417218543,0.3311258278145696,28.64238410596027,0.1655629139072848,1.821192052980132,0
191,191,24,193,253,1,7,364,0,10,0,2,2,2,2,0,0,852,0,1,853,0,"Panchayat Union Middle School , B.Maniyampatti","1.Rasingapuram (R.V), B.Maniyampatti (P), Ward-1 Ondiveerappasami Kovil Street
2.Rasingapuram (R.V), B.Maniyampatti (P), Ward-1 School Street Middle Street
3.Rasingapuram (R.V), B.Maniyampatti (P), Ward-1 Asari Street
4.Rasingapuram (R.V), B.Maniyampatti (P), Ward-2 West Street
5.Rasingapuram (R.V), B.Maniyampatti (P), Ward-2 North Street - Vannar Street
6.Rasingapuram (R.V), B.Maniyampatti (P), Ward-3 Boyar Street
7.Rasingapuram (R.V), B.Maniyampatti (P), Ward-3 Harijana Colony
8.Rasingapuram (R.V), B.Maniyampatti (P), Ward-3 Panchayat Union Office Street
999.OVERSEAS ELECTORS",Tamilaga Vettri Kazhagam,364,253,111,Dravida Munnetra Kazhagam,4,3,2,7,6,1,8,5,13.02816901408451,10,2.816901408450704,22.65258215962441,29.69483568075118,0.1173708920187793,0.8215962441314555,42.72300469483568,0.0,1.173708920187793,0
192,192,16,184,141,0,1,139,2,2,0,0,0,0,0,0,2,485,0,0,485,0,"Govt.High School, South Side,West Building, Rasingapuram","1.Rasingapuram (R.V) And (P), Ward-1 Mallingapuram Salai
2.Rasingapuram (R.V) And (P), Ward-1 Manthaiammal Kovil Street
999.OVERSEAS ELECTORS",All India Anna Dravida Munnetra Kazhagam,184,141,43,Dravida Munnetra Kazhagam,4,1,2,8,7,3,5,5,8.8659793814433,2,3.298969072164949,37.93814432989691,29.07216494845361,0.0,0.2061855670103093,28.65979381443299,0.4123711340206186,0.4123711340206186,2
193,193,12,162,155,2,0,157,0,6,0,0,0,2,3,1,0,494,0,1,495,0,"Govt.High, School,  East Building,West Facing, Center Room, Rasingapuram","1.Rasingapuram (R.V) And (P), Ward-1 Singaravel Street
2.Rasingapuram (R.V) And (P), Ward-1 Kullajja  Gownder Thottam
3.Rasingapuram (R.V) And (P), Ward-1 Sowdamman Kovil  Street
4.Rasingapuram (R.V) And (P), Ward-1 Kariragavan Street
5.Rasingapuram (R.V) And (P), Ward-1 Ponnappan Street
6.Rasingapuram (R.V) And (P), Ward-1 Nagayasamy Street
999.OVERSEAS ELECTORS",All India Anna Dravida Munnetra Kazhagam,162,157,5,Tamilaga Vettri Kazhagam,4,1,3,6,7,2,7,5,1.012145748987854,6,2.42914979757085,32.79352226720648,31.37651821862348,0.4048582995951417,0.0,31.78137651821863,0.0,1.214574898785425,2
194,194,22,234,217,3,0,143,0,10,0,1,3,2,1,1,1,629,0,3,632,0,"Panchayat Union Ele.School, Eastern Side, Rasingapuram","1.Rasingapuram (R.V) And (P), Ward-2 Raj  Teacher Street
2.Rasingapuram (R.V) And (P), Ward-2 Kurumbar Savadi Street
3.Rasingapuram (R.V) And (P), Ward-2 Muthaiahsami Kovil Street
4.Rasingapuram (R.V) And (P), Ward-2 Nagaiahsami Street
5.Rasingapuram (R.V) And (P), Ward-2 Bodi - Thevaram Main Road
999.OVERSEAS ELECTORS",All India Anna Dravida Munnetra Kazhagam,234,217,17,Dravida Munnetra Kazhagam,4,1,2,6,7,3,7,5,2.702702702702703,10,3.497615262321145,37.20190779014308,34.49920508744038,0.4769475357710651,0.0,22.73449920508744,0.0,1.589825119236884,2
195,195,21,94,199,1,2,155,0,7,0,0,0,2,3,0,2,479,0,1,480,0,"Panchayat Union Ele.School, Western Side, Rasingapuram","1.Rasingapuram (R.V) And (P), Ward-2 Bothal Raj Thottam
2.Rasingapuram (R.V) And (P), Ward-2 Sowdamman Kovil Street
3.Rasingapuram (R.V) And (P), Ward-2 Kulathupatti
4.Rasingapuram (R.V) And (P), Ward-2 Samathuvapuram
999.OVERSEAS ELECTORS",Dravida Munnetra Kazhagam,199,155,44,Tamilaga Vettri Kazhagam,4,3,1,7,6,2,8,5,9.18580375782881,7,4.384133611691023,19.62421711899792,41.54488517745303,0.208768267223382,0.417536534446764,32.35908141962422,0.0,1.461377870563674,0
196,196,13,162,140,0,1,211,0,1,0,0,1,0,0,0,0,528,0,4,532,0,"Panchayat Union Middle School,North Building,West Room, Kariappagoundanpatti, Rasingapuram","1.Rasingapuram (R.V) And (P), Ward-3 Bodi Thevaram Salai
2.Rasingapuram (R.V) And (P), Ward-3 Ondiveerapasami Kovil street
3.Rasingapuram (R.V) And (P), Ward-3 Seeninayakar Thottam
4.Rasingapuram (R.V) And (P), Ward-3 Panchayat Union Elementary School
5.Rasingapuram (R.V) And (P), Ward-3 Old I.O.B.Street
999.OVERSEAS ELECTORS",Tamilaga Vettri Kazhagam,211,162,49,All India Anna Dravida Munnetra Kazhagam,4,2,3,7,5,1,7,5,9.280303030303031,1,2.462121212121212,30.68181818181818,26.51515151515152,0.0,0.1893939393939394,39.96212121212121,0.0,0.1893939393939394,2
197,197,16,119,247,0,1,141,0,2,0,0,0,0,0,1,0,526,0,1,527,0,"Panchayat Union Middle School,West Side, Kariappagoundanpatti, Rasingapuram","1.Rasingapuram (R.V) And (P), Ward-3 Pandurangan Street
2.Rasingapuram (R.V) And (P), Ward-3 Thilagar Lane
3.Rasingapuram (R.V) And (P), Ward-3 Krishnasami Street
4.Rasingapuram (R.V) And (P), Ward-3 Alagarsami Kovil Street
999.OVERSEAS ELECTORS",Dravida Munnetra Kazhagam,247,141,106,Tamilaga Vettri Kazhagam,4,3,1,7,6,2,7,5,20.15209125475285,2,3.041825095057034,22.62357414448669,46.95817490494296,0.0,0.1901140684410646,26.80608365019011,0.0,0.3802281368821293,1
198,198,10,141,161,0,0,117,0,2,0,0,0,1,1,0,0,431,0,2,433,0,"Panchayat Union Middle School,South Building, West Room, Kariappagoundanpatti, Rasingapuram","1.Rasingapuram (R.V) And (P), Ward-4 P.Subbaian House Street
2.Rasingapuram (R.V) And (P), Ward-4 Kariappakoundanpatti Main Road
3.Rasingapuram (R.V) And (P), Ward-4 Old O.H.T. Street
999.OVERSEAS ELECTORS",Dravida Munnetra Kazhagam,161,141,20,All India Anna Dravida Munnetra Kazhagam,4,2,1,6,6,3,6,5,4.640371229698376,2,2.320185614849188,32.71461716937355,37.35498839907193,0.0,0.0,27.1461716937355,0.0,0.4640371229698376,2
199,199,12,274,235,4,1,223,0,5,0,1,0,2,0,0,2,754,0,2,756,0,"Panchayat Union Middle School,South Building, East Room, Kariappagoundanpatti, Rasingapuram","1.Rasingapuram (R.V) And (P), Ward-4 Seerangu Street
2.Rasingapuram (R.V) And (P), Ward-4 Rajammal Street
3.Rasingapuram (R.V) And (P), Ward-4 Ponnammal Kovil Street
4.Rasingapuram (R.V) And (P), Ward-4 Kodiya Bomminayakan Patti
5.Rasingapuram (R.V) And (P), Ward-4 Veerajakkammal Puram
999.OVERSEAS ELECTORS",All India Anna Dravida Munnetra Kazhagam,274,235,39,Dravida Munnetra Kazhagam,4,1,2,6,7,3,8,5,5.172413793103448,5,1.591511936339522,36.3395225464191,31.16710875331565,0.5305039787798408,0.1326259946949602,29.57559681697613,0.0,0.6631299734748011,2
200,200,58,198,253,7,1,230,3,5,0,0,0,3,2,0,0,755,0,1,756,0,"Panchayat Union Middle School,East Room,
Koolaiyanur","1.Koolaiyanur (R.V) And (P), Ward-1 East Street
2.Koolaiyanur (R.V) And (P), Ward-1 Asariyar Street
3.Koolaiyanur (R.V) And (P), Ward-1 Milddle Street
4.Koolaiyanur (R.V) And (P), Ward-1 Old Manamagil Mandram Street
5.Koolaiyanur (R.V) And (P), Ward-1 Odai Street1
6.Koolaiyanur (R.V) And (P), Ward-1 Teacher Residence Street
7.Koolaiyanur (R.V) And (P), Ward-1 Poosari Colony Muthal Street
8.Koolaiyanur (R.V) And (P), Ward-1 Poosari Colony 2nd Street
9.Koolaiyanur (R.V) And (P), Ward-1 Poosari Colony 3rd Street
10.Koolaiyanur (R.V) And (P), Ward-1 Ilavarasan Street
11.Koolaiyanur (R.V) And (P), Ward-1 Odai Street
12.Koolaiyanur (R.V) And (P), Ward-1 Chettiyar Street
13.Koolaiyanur (R.V) And (P), Ward-1 Middle Street-1
14.Koolaiyanur (R.V) And (P), Ward-1 Middle Street-2
15.Koolaiyanur (R.V) And (P), Ward-1 Main Road-1
16.Koolaiyanur (R.V) And (P), Ward-1 Solayan Chettiyar Street
17.Koolaiyanur (R.V) And (P), Ward-1 Main Road-2
18.Koolaiyanur (R.V) And (P), Ward-1 West Street
19.Koolaiyanur (R.V) And (P), Ward-1 Main Road-3
20.Koolaiyanur (R.V) And (P), Ward-1 Middle Street-3
999.OVERSEAS ELECTORS",Dravida Munnetra Kazhagam,253,230,23,Tamilaga Vettri Kazhagam,4,3,1,5,8,2,7,6,3.04635761589404,5,7.682119205298013,26.2251655629139,33.50993377483444,0.9271523178807948,0.1324503311258278,30.4635761589404,0.3973509933774834,0.6622516556291391,0
201,201,58,138,356,6,1,211,0,8,0,1,0,1,1,3,1,778,0,0,778,0,"Govt.Kaller Primary School, East Side, South Facing Room, Koolaiyanur","1.Koolaiyanur (R.V) And (P), Ward-1 Ayyanathapuram
2.Koolaiyanur (R.V) And (P), Ward-2 Chellayapillai Lane
3.Koolaiyanur (R.V) And (P), Ward-2 Agraharam Street 1
4.Koolaiyanur (R.V) And (P), Ward-2 Petchiyamman Kovil Street
5.Koolaiyanur (R.V) And (P), Ward-2 Agraharam Street-2
6.Koolaiyanur (R.V) And (P), Ward-2 Gounder Street
7.Koolaiyanur (R.V) And (P), Ward-2 East Street
8.Koolaiyanur (R.V) And (P), Ward-2 Chekkadi Street-1
9.Koolaiyanur (R.V) And (P), Ward-2 Chekkadi Street-2
10.Koolaiyanur (R.V) And (P), Ward-2 Athithiravidar North Street
11.Koolaiyanur (R.V) And (P), Ward-2 Indira Colony Old Street
12.Koolaiyanur (R.V) And (P), Ward-2 Indira Colony Middle Street
13.Koolaiyanur (R.V) And (P), Ward-2 Indira Colony West Street
14.Koolaiyanur (R.V) And (P), Ward-2 Indira Colony Middle Street
15.Koolaiyanur (R.V) And (P), Ward-2 Indira Colony East Street
16.Koolaiyanur (R.V) And (P), Ward-2 Main Road-4
17.Koolaiyanur (R.V) And (P), Ward-2 Panchayathu Office street
999.OVERSEAS ELECTORS",Dravida Munnetra Kazhagam,356,211,145,Tamilaga Vettri Kazhagam,4,3,1,6,7,2,8,5,18.63753213367609,8,7.455012853470437,17.73778920308483,45.75835475578406,0.7712082262210797,0.1285347043701799,27.12082262210797,0.0,1.02827763496144,1
202,202,29,275,268,1,1,184,0,8,0,0,1,1,3,1,2,766,0,0,766,0,"Service Centre, East Side,  B. Nagalapuram","1.Rasingapuram (R.V ), Nagalapuram (P), Ward-2 North Punniamman Kovil Street
2.Rasingapuram (R.V ), Nagalapuram (P), Ward-2 Chinnammal Kovil Street
3.Rasingapuram (R.V ), Nagalapuram (P), Ward-2 East Punniamman Kovil Street.
4.Rasingapuram (R.V ), Nagalapuram (P), Ward-2 South Punniamman Kovil Street
5.Rasingapuram (R.V ), Nagalapuram (P), Ward-2 West Punniamman Kovil Street
6.Rasingapuram (R.V ), Nagalapuram (P), Ward-2 Thiruppathi Street
7.Rasingapuram (R.V ), Nagalapuram (P), Ward-2 Post Office Street
8.Rasingapuram (R.V ), Nagalapuram (P), Ward-2 Thiurpathi Street
9.Rasingapuram (R.V ), Nagalapuram (P), Ward-2 Mathavan Teacher Street
10.Rasingapuram (R.V ), Nagalapuram (P), Ward-4 First Street
11.Rasingapuram (R.V ), Nagalapuram (P), Ward-4 Second Street
12.Rasingapuram (R.V ), Nagalapuram (P), Ward-4 Third Street
13.Rasingapuram (R.V ), Nagalapuram (P), Ward-4 Fourth Street
14.Rasingapuram (R.V ), Nagalapuram (P), Ward-4 East Street
999.OVERSEAS ELECTORS",All India Anna Dravida Munnetra Kazhagam,275,268,7,Dravida Munnetra Kazhagam,4,1,2,6,6,3,8,5,0.9138381201044387,8,3.785900783289817,35.90078328981723,34.9869451697128,0.1305483028720627,0.1305483028720627,24.02088772845953,0.0,1.044386422976501,2
203,203,11,170,131,2,0,130,0,3,0,0,1,1,0,0,1,447,0,0,447,0,"Service Centre, West Side, B. Nagalapuram","1.Rasingapuram (R.V) , Nagalapuram (P), Ward-1 Main Road
2.Rasingapuram (R.V) , Nagalapuram (P), Ward-1 Savadi Street
3.Rasingapuram (R.V) , Nagalapuram (P), Ward-1 Chettiar Asari Street
4.Rasingapuram (R.V) , Nagalapuram (P), Ward-1 Middle Street
5.Rasingapuram (R.V) , Nagalapuram (P), Ward-3 Mathavan Teacher street
6.Rasingapuram (R.V) , Nagalapuram (P), Ward-3 Reddiyar Street
999.OVERSEAS ELECTORS",All India Anna Dravida Munnetra Kazhagam,170,131,39,Dravida Munnetra Kazhagam,4,1,2,6,7,3,7,5,8.724832214765101,3,2.460850111856823,38.03131991051455,29.30648769574944,0.4474272930648769,0.0,29.082774049217,0.0,0.6711409395973155,2
204,204,11,177,195,0,0,172,0,1,0,0,0,0,0,0,0,556,0,1,557,0,"Community Hall, B. Nagalapuram","1.Rasingapuram (R.V) , Nagalapuram (P), Ward-3 Pillaiyar Kovil Street
2.Rasingapuram (R.V) , Nagalapuram (P), Ward-3 Main Road Colony
3.Rasingapuram (R.V) , Nagalapuram (P), Ward-3 V.H.N.Street
4.Rasingapuram (R.V) , Nagalapuram (P), Ward-3 Thangaiahpuram
5.Rasingapuram (R.V) , Nagalapuram (P), Ward-4 Indira colony
999.OVERSEAS ELECTORS",Dravida Munnetra Kazhagam,195,177,18,All India Anna Dravida Munnetra Kazhagam,4,2,1,6,6,3,6,5,3.237410071942446,1,1.97841726618705,31.83453237410072,35.07194244604317,0.0,0.0,30.93525179856115,0.0,0.1798561151079137,2
205,205,72,55,399,2,2,220,0,7,1,1,0,2,2,1,0,757,0,4,761,0,"Panchayat Union Middle School, New Building,  West Side, Thimminayakkanpatti","1.Pottipuram (R.V), Thimminayakanpatti (P), Ward-5 Thimminayakkanpatti Black1 South Street
2.Pottipuram (R.V), Thimminayakanpatti (P), Ward-5 Thimminayakkanpatti Black2 Harijana Street
999.OVERSEAS ELECTORS",Dravida Munnetra Kazhagam,399,220,179,Tamilaga Vettri Kazhagam,3,4,1,6,6,2,8,5,23.64597093791281,7,9.5112285336856,7.26552179656539,52.70805812417437,0.2642007926023778,0.2642007926023778,29.06208718626156,0.0,0.9247027741083224,1
206,206,22,109,221,0,1,141,0,4,0,0,0,1,1,2,0,498,0,1,499,0,"Panchayat Union Ele. School, New Building
Kuppanasaripatti","1.Pottipuram (R.V), Thimminayakanpatti (P), Ward-4 Kuppanasaripatti Block 3 Main Road Street
999.OVERSEAS ELECTORS",Dravida Munnetra Kazhagam,221,141,80,Tamilaga Vettri Kazhagam,4,3,1,7,6,2,7,5,16.06425702811245,4,4.417670682730924,21.88755020080321,44.37751004016064,0.0,0.2008032128514056,28.3132530120482,0.0,0.8032128514056224,1
207,207,55,153,418,5,1,180,0,6,0,1,1,1,1,1,1,818,0,2,820,0,"Panchayat Union Elementary School, New Building North Side. Ramakrishnapuram","1.Pottipuram (R.V) And (P), Ward-3 Pottipuram Block-5
2.Pottipuram (R.V) And (P), Ward-2 Ramakrishnapuram Block-6
999.OVERSEAS ELECTORS",Dravida Munnetra Kazhagam,418,180,238,Tamilaga Vettri Kazhagam,4,3,1,6,7,2,8,5,29.09535452322739,6,6.723716381418093,18.70415647921761,51.1002444987775,0.6112469437652812,0.1222493887530562,22.00488997555012,0.0,0.7334963325183375,1
208,208,21,110,342,2,1,188,1,5,0,0,0,3,1,0,1,670,0,4,674,0,"Panchayat Union Middle School, East
Facing, North West Building, Chinnapottipuram","1.Pottipuram (R.V) And (P), Ward-3 Chinnapottipuram Block-4
999.OVERSEAS ELECTORS",Dravida Munnetra Kazhagam,342,188,154,Tamilaga Vettri Kazhagam,4,3,1,6,7,2,7,5,22.98507462686567,5,3.134328358208955,16.41791044776119,51.04477611940299,0.2985074626865672,0.1492537313432836,28.05970149253731,0.1492537313432836,0.7462686567164178,1
209,209,41,80,339,4,1,85,1,3,0,0,0,0,3,0,0,554,0,5,559,0,"Panchayat Union Primary School , New
Building Western Portion,
Ramakrishnapuram","1.Pottipuram (R.V) And (P), Pottipuram (P) Ward-2 East Street
999.OVERSEAS ELECTORS",Dravida Munnetra Kazhagam,339,85,254,Tamilaga Vettri Kazhagam,4,3,1,5,7,2,7,6,45.84837545126354,3,7.400722021660649,14.44043321299639,61.1913357400722,0.7220216606498195,0.1805054151624549,15.34296028880866,0.1805054151624549,0.5415162454873645,1
210,210,15,154,325,0,0,152,0,8,0,0,0,1,2,3,2,654,0,2,656,0,"Panchayat Union Middle School, Northern
Side, T.Puthukottai","1.Pottipuram (R.V) And (P), T.Puthukottai Block-7,  Ward-1 Main Road
999.OVERSEAS ELECTORS",Dravida Munnetra Kazhagam,325,154,171,All India Anna Dravida Munnetra Kazhagam,4,2,1,6,6,3,6,5,26.14678899082569,8,2.293577981651376,23.54740061162079,49.69418960244648,0.0,0.0,23.24159021406728,0.0,1.223241590214067,1
211,211,101,73,553,2,1,156,0,7,0,0,0,1,4,0,1,893,0,1,894,0,"Gandhiji Vidyalaya Ele. School, East Facing, West Building, Erranampatti","1.Pottipuram (R.V) And (P), Ward-2 Main Road East Street
2.Pottipuram (R.V) And (P), Ward-3 Main Road West Street
999.OVERSEAS ELECTORS",Dravida Munnetra Kazhagam,553,156,397,Tamilaga Vettri Kazhagam,3,4,1,6,7,2,8,5,44.4568868980963,7,11.31019036954087,8.174692049272117,61.92609182530795,0.2239641657334827,0.1119820828667413,17.46920492721165,0.0,0.7838745800671892,1
212,212,35,181,354,6,0,270,0,10,1,1,1,1,4,0,2,856,0,2,858,0,"Govt. Kallar Hr. Sec. School,East Facing South West Building, Muthayan chettipatti","1.Pottipuram (R.V) And (P), Ward -5 Muthayan Chetti Patti, Main Road South Street
2.Pottipuram (R.V) And (P), Ward -5 Muthayan Chetti Patti, Main Road South Street
3.Pottipuram (R.V) And (P), Ward -5 Muthayan Chetti Patti, Main Road South Street
999.OVERSEAS ELECTORS",Dravida Munnetra Kazhagam,354,270,84,Tamilaga Vettri Kazhagam,4,3,1,6,7,2,7,5,9.813084112149532,10,4.088785046728971,21.14485981308411,41.35514018691589,0.7009345794392523,0.0,31.54205607476636,0.0,1.168224299065421,2
213,213,53,76,299,1,1,133,0,5,0,0,0,0,3,1,0,568,0,2,570,0,"Panchayat Union Ele. School, East facing West Side building, Vadamalairajapuram","1.Pottipuram (R.V) And (P),  Ward-1 Konampatti @ Vadamalai Rajapuram Block-1
999.OVERSEAS ELECTORS",Dravida Munnetra Kazhagam,299,133,166,Tamilaga Vettri Kazhagam,4,3,1,6,6,2,8,5,29.22535211267606,5,9.330985915492958,13.38028169014084,52.64084507042254,0.176056338028169,0.176056338028169,23.41549295774648,0.0,0.8802816901408451,1
214,214,3,32,103,0,0,40,0,2,0,0,0,1,0,1,0,180,0,0,180,0,"Panchayat Union Ele. School, Kanthasamypuram","1.Pottipuram (R.V) And (P),  Ward-1 Kandasamipuram Block-1 Nagalapuram Main Road
999.OVERSEAS ELECTORS",Dravida Munnetra Kazhagam,103,40,63,Tamilaga Vettri Kazhagam,4,3,1,6,6,2,6,5,35.0,2,1.666666666666667,17.77777777777778,57.22222222222222,0.0,0.0,22.22222222222222,0.0,1.111111111111111,1
215,215,43,198,307,2,3,226,0,4,0,1,0,1,1,1,0,783,0,2,785,0,"Govt. Ele. School, Eastern Side, North Side, Sangarapuram","1.Sangarapuram (R.V) And (P), Ward-1 North Street
2.Sangarapuram (R.V) And (P), Ward-1 Goundar Street
3.Sangarapuram (R.V) And (P), Ward-1 Middle Street
4.Sangarapuram (R.V) And (P), Ward-2 Harijana Street
5.Sangarapuram (R.V) And (P), Ward-2 East Patti
6.Sangarapuram (R.V) And (P), Ward-2 East Street
999.OVERSEAS ELECTORS",Dravida Munnetra Kazhagam,307,226,81,Tamilaga Vettri Kazhagam,4,3,1,7,6,2,8,5,10.3448275862069,4,5.491698595146871,25.28735632183908,39.20817369093231,0.2554278416347382,0.3831417624521072,28.86334610472541,0.0,0.5108556832694764,2
216,216,47,203,239,2,1,228,1,3,0,1,0,0,1,0,1,724,0,3,727,0,"Govt. Ele. School, South Side, Sangarapuram","1.Sangarapuram (R.V) And (P), Ward-3 East School Street
2.Sangarapuram (R.V) And (P), Ward-3 East Street
3.Sangarapuram (R.V) And (P), Ward-3 South Street
4.Sangarapuram (R.V) And (P), Ward-3 Middle Street
5.Sangarapuram (R.V) And (P), Ward-4 South Street
6.Sangarapuram (R.V) And (P), Ward-4 Middle Street
7.Sangarapuram (R.V) And (P), Ward-4 North Street
8.Sangarapuram (R.V) And (P), Ward-4 West Street
999.OVERSEAS ELECTORS",Dravida Munnetra Kazhagam,239,228,11,Tamilaga Vettri Kazhagam,4,3,1,6,7,2,7,5,1.519337016574586,3,6.49171270718232,28.03867403314917,33.0110497237569,0.2762430939226519,0.1381215469613259,31.49171270718232,0.1381215469613259,0.4143646408839779,2
217,217,45,124,375,1,0,187,0,5,0,0,0,1,2,2,0,737,0,1,738,0,"Panchayat Union Ele. School, North Side,
S.Dharmathupatti","1.Sangarapuram (R.V) And (P), Ward-5 S.Dharmathupatti
2.Sangarapuram (R.V) And (P), Ward-5 Colony
3.Sangarapuram (R.V) And (P), Ward-6 Vemba Kottai
999.OVERSEAS ELECTORS",Dravida Munnetra Kazhagam,375,187,188,Tamilaga Vettri Kazhagam,4,3,1,6,7,2,7,5,25.50881953867028,5,6.105834464043419,16.82496607869742,50.88195386702849,0.135685210312076,0.0,25.37313432835821,0.0,0.6784260515603799,1
218,218,30,113,241,0,0,310,0,8,1,0,1,5,0,0,0,702,0,5,707,0,"Palaniyappa Vidyalayam, North Side,West portion  Palanichettipatti","1.Veerapandi (R.V), Palanichettipatti (T.P), Ward-5 Big Street
2.Veerapandi (R.V), Palanichettipatti (T.P), Ward-6 T.P.Natarajan Street
3.Veerapandi (R.V), Palanichettipatti (T.P), Ward-6 Subbiramaniya Bharathi Street
4.Veerapandi (R.V), Palanichettipatti (T.P), Ward-5 Middle Street
5.Veerapandi (R.V), Palanichettipatti (T.P), Ward-5 Mahatma Gandhi Street
6.Veerapandi (R.V), Palanichettipatti (T.P), Ward-6 Periyakulam Kumuli Road
999.OVERSEAS ELECTORS",Tamilaga Vettri Kazhagam,310,241,69,Dravida Munnetra Kazhagam,4,3,2,6,6,1,6,5,9.82905982905983,8,4.273504273504273,16.0968660968661,34.33048433048433,0.0,0.0,44.15954415954416,0.0,1.13960113960114,3
219,219,27,75,128,2,1,310,1,3,0,1,0,0,1,0,0,547,0,2,549,0,"Palaniyappa Vidyalayam, South side, West Portion Palanichettipatti,","1.Veerapandi (R.V), Palanichettipatti (T.P), Ward-7 Mothilal Street
2.Veerapandi (R.V), Palanichettipatti (T.P), Ward-7 Kamala Nehru Street
3.Veerapandi (R.V), Palanichettipatti (T.P), Ward-15 South Jekanathapuram
4.Veerapandi (R.V), Palanichettipatti (T.P), Ward-7  Sanjay Gandhi Street
999.OVERSEAS ELECTORS",Tamilaga Vettri Kazhagam,310,128,182,Dravida Munnetra Kazhagam,4,3,2,6,7,1,7,5,33.27239488117002,3,4.93601462522852,13.71115173674589,23.40036563071298,0.3656307129798903,0.1828153564899452,56.67276051188301,0.1828153564899452,0.5484460694698354,3
220,220,23,61,178,1,0,303,0,3,0,0,0,2,1,0,0,569,0,0,569,0,"Palaniyappa Vidyalayam, North Side, Eastern Block Eastern Way, Palanichettipatti.","1.Veerapandi (R.V), Palanichettipatti (T.P), Ward-1 Mariyamman kovil Street
2.Veerapandi (R.V), Palanichettipatti (T.P), Ward-1&2 Javagar Nagar
3.Veerapandi (R.V), Palanichettipatti (T.P), Ward-1 Palaniyappan Street
999.OVERSEAS ELECTORS",Tamilaga Vettri Kazhagam,303,178,125,Dravida Munnetra Kazhagam,4,3,2,6,7,1,7,5,21.96836555360281,3,4.042179261862917,10.72056239015817,31.28295254833041,0.1757469244288225,0.0,53.25131810193322,0.0,0.5272407732864675,3
221,221,23,50,121,0,0,228,0,4,0,0,1,2,0,1,0,426,0,0,426,0,"Palaniyappa Vidyalayam, South Side, South Block South Way, Palanichettipatti.","1.Veerapandi (R.V), Palanichettipatti (T.P), Ward-3 Thanthay Periyar Street
2.Veerapandi (R.V), Palanichettipatti (T.P), Ward-3 Mullai Nagar
999.OVERSEAS ELECTORS",Tamilaga Vettri Kazhagam,228,121,107,Dravida Munnetra Kazhagam,4,3,2,6,6,1,6,5,25.11737089201878,4,5.39906103286385,11.73708920187793,28.4037558685446,0.0,0.0,53.52112676056338,0.0,0.9389671361502347,3
222,222,34,85,142,0,0,190,1,2,0,0,0,0,2,0,0,454,0,4,458,0,"Palaniyappa Vidyalayam, North Building, Room No. 3 Palanichettipatti.","1.Veerapandi (R.V), Palanichettipatti (T.P), Ward-3 Vasuki Colony
2.Veerapandi (R.V), Palanichettipatti (T.P), Ward-3 Periyakulam Kumuli Road
999.OVERSEAS ELECTORS",Tamilaga Vettri Kazhagam,190,142,48,Dravida Munnetra Kazhagam,4,3,2,7,7,1,6,5,10.5726872246696,2,7.488986784140969,18.72246696035242,31.27753303964758,0.0,0.0,41.85022026431718,0.2202643171806168,0.4405286343612335,3
223,223,12,57,133,0,0,178,1,2,1,0,0,1,0,0,0,383,0,4,387,0,"Palaniyappa Vidyalayam,  South Block Middle Room, Palanichettipatti.","1.Veerapandi (R.V), Palanichettipatti (T.P), Ward-3 Lalbahadursastri Street
2.Veerapandi (R.V), Palanichettipatti (T.P), Ward-11 Sathiyamoorthi Street
3.Veerapandi (R.V), Palanichettipatti (T.P), Ward-4 South Street
4.Veerapandi (R.V), Palanichettipatti (T.P), Ward-4 Bagavathsing Street
5.Veerapandi (R.V), Palanichettipatti (T.P), Ward-3 Soudeswari Nagar
6.Veerapandi (R.V), Palanichettipatti (T.P), Ward-1 Ambethkar Street
999.OVERSEAS ELECTORS",Tamilaga Vettri Kazhagam,178,133,45,Dravida Munnetra Kazhagam,4,3,2,7,7,1,6,5,11.74934725848564,2,3.133159268929504,14.88250652741514,34.72584856396867,0.0,0.0,46.47519582245431,0.2610966057441254,0.5221932114882507,3
224,224,24,108,299,2,1,424,0,6,1,0,1,1,1,2,0,864,0,8,872,0,"Palaniyappa Memorial Higher Secondary School,East Side, South Building South Portion, B-Block,  Room No.6, Palanichettipatti","1.Veerapandi (R.V), Palanichettipatti (T.P), Ward-7 Ganthariamman Street
2.Veerapandi (R.V), Palanichettipatti (T.P), Ward-7 Thilagar Street
3.Veerapandi (R.V), Palanichettipatti (T.P), Ward-8 Vanchi Nathan Street
4.Veerapandi (R.V), Palanichettipatti (T.P), Katapomman Street
5.Veerapandi (R.V), Palanichettipatti (T.P), Ward-8 Oomaithurai Street
6.Veerapandi (R.V), Palanichettipatti (T.P), Ward-8 O.H.T Street
999.OVERSEAS ELECTORS",Tamilaga Vettri Kazhagam,424,299,125,Dravida Munnetra Kazhagam,4,3,2,6,7,1,8,5,14.46759259259259,6,2.777777777777778,12.5,34.60648148148148,0.2314814814814815,0.1157407407407407,49.07407407407408,0.0,0.6944444444444444,3
225,225,44,58,221,4,0,311,0,5,1,0,0,0,0,0,3,643,0,3,646,0,"Palaniyappa Memorial Higher Secondary School,South West Building, Room No.3, Palanichettipatti","1.Veerapandi (R.V), Palanichettipatti (T.P), Ward-8 Subramaniya Siva Street-1
999.OVERSEAS ELECTORS",Tamilaga Vettri Kazhagam,311,221,90,Dravida Munnetra Kazhagam,4,3,2,6,7,1,7,5,13.99688958009331,5,6.842923794712286,9.020217729393467,34.3701399688958,0.6220839813374806,0.0,48.36702954898912,0.0,0.7776049766718507,3
226,226,31,67,162,0,1,251,0,1,0,0,0,0,1,0,0,513,0,4,517,0,"Palaniyappa Memorial Higher Secondary School,North Block 2nd Room, Palanichettipatti","1.Veerapandi (R.V), Palanichettipatti (T.P), Ward-8 Subramaniya Siva Street-2
2.Veerapandi (R.V), Palanichettipatti (T.P), Ward-8 Arasu nagar
999.OVERSEAS ELECTORS",Tamilaga Vettri Kazhagam,251,162,89,Dravida Munnetra Kazhagam,4,3,2,7,5,1,7,5,17.34892787524366,1,6.042884990253411,13.06042884990253,31.57894736842105,0.0,0.1949317738791423,48.92787524366472,0.0,0.1949317738791423,3
227,227,30,72,295,3,4,418,2,9,1,1,2,2,1,0,2,833,0,4,837,0,"Palaniyappa Memorial Hr. Sec. School, North Block, Room No.14, Palanichettipatti","1.Veerapandi (R.V), Palanichettipatti (T.P), Ward-9 Kamatchiyamman Kovil Street
2.Veerapandi (R.V), Palanichettipatti (T.P), Ward-9 Kamarajar Street
3.Veerapandi (R.V), Palanichettipatti (T.P), Ward-9 Kakkanji Street
4.Veerapandi (R.V), Palanichettipatti (T.P), Ward-9 Veera Sivaji Street
5.Veerapandi (R.V), Palanichettipatti (T.P), Ward-9 Maruthupandiyar Street
6.Veerapandi (R.V), Palanichettipatti (T.P), Ward-9 Gurusamy Street
7.Veerapandi (R.V), Palanichettipatti (T.P), Ward-9 Jansirani Street
999.OVERSEAS ELECTORS",Tamilaga Vettri Kazhagam,418,295,123,Dravida Munnetra Kazhagam,4,3,2,7,6,1,8,5,14.76590636254502,9,3.601440576230492,8.643457382953182,35.41416566626651,0.3601440576230492,0.4801920768307323,50.18007202881153,0.2400960384153661,1.080432172869148,0
228,228,30,108,212,4,3,283,1,3,0,1,0,2,0,0,0,644,0,2,646,0,"Palaniyappa Memorial Hr. Sec. School, North Block, Room No.15, Palanichettipatti","1.Veerapandi (R.V), Palanichettipatti (T.P), Ward-9 Moodaringar Rajaji Street
2.Veerapandi (R.V), Palanichettipatti (T.P), Ward-7 Sanjay Gandhi Street
999.OVERSEAS ELECTORS",Tamilaga Vettri Kazhagam,283,212,71,Dravida Munnetra Kazhagam,4,3,2,5,6,1,8,6,11.02484472049689,3,4.658385093167702,16.77018633540373,32.91925465838509,0.6211180124223602,0.4658385093167702,43.94409937888199,0.15527950310559,0.4658385093167702,0
229,229,18,75,181,0,0,268,0,5,0,2,0,3,0,0,0,547,0,0,547,0,"Palaniyappa Memorial Hr.Sec. School, North Block Eastern Side  Room 15, Gundappan Chettiar Memorial Room, Palanichettipatti","1.Veerapandi (R.V), Palanichettipatti (T.P), Ward-10 T.B.N Road
2.Veerapandi (R.V), Palanichettipatti (T.P), Ward-12 Sugadev Street
3.Veerapandi (R.V), Palanichettipatti (T.P), Ward-11 Rajaji Street
999.OVERSEAS ELECTORS",Tamilaga Vettri Kazhagam,268,181,87,Dravida Munnetra Kazhagam,4,3,2,6,6,1,6,5,15.90493601462523,5,3.290676416819013,13.71115173674589,33.08957952468008,0.0,0.0,48.9945155393053,0.0,0.9140767824497258,3
230,230,25,55,149,0,0,215,1,4,0,1,0,1,1,1,0,449,0,1,450,0,"Palaniyappa Memorial Hr.Sec. School, West Face Building, 1st Room from South, Palanichettipatti","1.Veerapandi (R.V), Palanichettipatti (T.P), Ward-10 Dr. Rajendiraprasath Street
2.Veerapandi (R.V), Palanichettipatti (T.P), Ward-10 Javakarlal Nehru Street
3.Veerapandi (R.V), Palanichettipatti (T.P), Ward-10 Thalaisuruli Street
4.Veerapandi (R.V), Palanichettipatti (T.P), Ward-10 Radhakrishnan Street
5.Veerapandi (R.V), Palanichettipatti (T.P), Ward-11 Sathiyamoorthi Street
6.Veerapandi (R.V), Palanichettipatti (T.P), Ward-10 Annai Indira Street
999.OVERSEAS ELECTORS",Tamilaga Vettri Kazhagam,215,149,66,Dravida Munnetra Kazhagam,4,3,2,7,7,1,6,5,14.69933184855234,4,5.56792873051225,12.24944320712695,33.18485523385301,0.0,0.0,47.88418708240535,0.22271714922049,0.8908685968819599,3
231,231,26,94,186,2,1,230,0,4,0,0,1,2,1,0,0,543,0,0,543,0,"Palaniyappa Memorial Hr. Sec. School, South Side B.Block, Palanichettipatti.","1.Veerapandi (R.V), Palanichettipatti (T.P), Ward-12 Peraringar Anna Street
999.OVERSEAS ELECTORS",Tamilaga Vettri Kazhagam,230,186,44,Dravida Munnetra Kazhagam,4,3,2,6,7,1,8,5,8.103130755064457,4,4.788213627992634,17.31123388581952,34.25414364640884,0.3683241252302026,0.1841620626151013,42.35727440147329,0.0,0.7366482504604052,3
232,232,15,66,113,2,2,192,0,8,0,0,0,2,1,1,2,398,0,2,400,0,"Palaniyappa Memorial Hr. Sec. School, East Face Building, 1st Room From South Palanichettipatti.","1.Veerapandi (R.V), Palanichettipatti (T.P), Ward-12 Palaniyappan Street
2.Veerapandi (R.V), Palanichettipatti (T.P), Ward-12 Javagarlal Nehru Street
999.OVERSEAS ELECTORS",Tamilaga Vettri Kazhagam,192,113,79,Dravida Munnetra Kazhagam,4,3,2,6,6,1,8,5,19.84924623115578,8,3.768844221105527,16.58291457286432,28.39195979899498,0.5025125628140703,0.5025125628140703,48.24120603015075,0.0,2.010050251256281,0
233,233,19,75,121,0,0,174,0,4,0,1,0,1,0,1,1,393,0,6,399,0,"Palaniyappa Memorial Hr.Sec. School, Room No.10, Palanichettipatti.","1.Veerapandi (R.V), Palanichettipatti (T.P), Ward-13 Kumuli Periyakulam Road
2.Veerapandi (R.V), Palanichettipatti (T.P), Ward-13 Thiruvalluvar Street
3.Veerapandi (R.V), Palanichettipatti (T.P), Ward-13 Mahathma Gandhi Street
4.Veerapandi (R.V), Palanichettipatti (T.P), Ward-13 N.R.T Street
5.Veerapandi (R.V), Palanichettipatti (T.P), Ward-14 Thirupur Kumaran Street
999.OVERSEAS ELECTORS",Tamilaga Vettri Kazhagam,174,121,53,Dravida Munnetra Kazhagam,4,3,2,6,6,1,6,5,13.48600508905852,4,4.834605597964376,19.08396946564886,30.78880407124682,0.0,0.0,44.27480916030535,0.0,1.017811704834606,3
234,234,25,96,137,1,0,207,0,3,0,0,0,0,1,0,1,469,0,3,472,0,"Palaniyappa Memorial Hr.Sec. School, Room No.11, Palanichettipatti.","1.Veerapandi (R.V), Palanichettipatti (T.P), Ward-14 V.O.Chithambaram Street
2.Veerapandi (R.V), Palanichettipatti (T.P), Ward-15 Poothipuram Road
3.Veerapandi (R.V), Palanichettipatti (T.P), Ward-15 E.B Colony
4.Veerapandi (R.V), Palanichettipatti (T.P), Ward-15 Subaschandrabose Street
999.OVERSEAS ELECTORS",Tamilaga Vettri Kazhagam,207,137,70,Dravida Munnetra Kazhagam,4,3,2,6,7,1,7,5,14.92537313432836,3,5.330490405117271,20.46908315565032,29.21108742004264,0.2132196162046908,0.0,44.13646055437101,0.0,0.6396588486140725,3
235,235,15,115,134,0,1,124,0,0,0,0,0,0,0,0,0,389,0,3,392,0,"Palaniyappa Memorial Hr. Sec. School, East Face Building, 2nd Room From South
Palanichettipatti.","1.Veerapandi (R.V), Palanichettipatti (T.P), Ward-15 Muthunagar
2.Veerapandi (R.V), Palanichettipatti (T.P), Ward-15  Thendral Nagar
999.OVERSEAS ELECTORS",Dravida Munnetra Kazhagam,134,124,10,Tamilaga Vettri Kazhagam,4,3,1,6,5,2,6,6,2.570694087403599,0,3.856041131105398,29.56298200514139,34.44730077120823,0.0,0.2570694087403599,31.87660668380462,0.0,0.0,2
236,236,12,216,165,1,1,222,0,4,0,1,0,1,0,1,1,621,0,4,625,0,"Govt. Hr.Sec. School, Eastern Side South Building, Koduvilarpatti","1.Koduvilarpatti (R.V) And (P), Ward-1 Nayakkar Street
2.Koduvilarpatti (R.V) And (P), Ward-1 West Street
3.Koduvilarpatti (R.V) And (P), Ward-1 Aasari Street
4.Koduvilarpatti (R.V) And (P), Ward-1 Post Office Street
999.OVERSEAS ELECTORS",Tamilaga Vettri Kazhagam,222,216,6,All India Anna Dravida Munnetra Kazhagam,4,2,3,6,6,1,8,5,0.966183574879227,4,1.932367149758454,34.78260869565217,26.57004830917874,0.1610305958132045,0.1610305958132045,35.7487922705314,0.0,0.644122383252818,2
237,237,26,144,196,1,3,227,1,3,1,0,0,0,0,0,1,601,0,8,609,0,"Govt. Hr.Sec. School, Northern Side Eastern Block (Behind Lab), Koduvilarpatti","1.Koduvilarpatti (R.V) And (P), Ward-1 Theni Road
2.Koduvilarpatti (R.V) And (P), Ward-1 Veerapandi Road
3.Koduvilarpatti (R.V) And (P), Ward-1 Vinayakar Nagar
4.Koduvilarpatti (R.V) And (P), Ward-2 Theni Road
5.Koduvilarpatti (R.V) And (P), Ward-2 Veerunagammal Kovil Street
6.Koduvilarpatti (R.V) And (P), Ward-2 Veerapandi Road
7.Koduvilarpatti (R.V) And (P), Ward-2 Middle Street
8.Koduvilarpatti (R.V) And (P), Ward-2 West Street
999.OVERSEAS ELECTORS",Tamilaga Vettri Kazhagam,227,196,31,Dravida Munnetra Kazhagam,4,3,2,7,5,1,7,5,5.158069883527454,3,4.326123128119801,23.96006655574043,32.61231281198003,0.1663893510815308,0.4991680532445923,37.77038269550749,0.1663893510815308,0.4991680532445923,3
238,238,24,113,320,3,2,383,1,15,0,0,1,4,3,3,3,861,0,3,864,0,"Govt. Hr. Sec. School   , East Side North Building, Koduvilarpatti","1.Koduvilarpatti (R.V) And (P), Ward-3 A.D colony
2.Koduvilarpatti (R.V) And (P), Ward-3 Rajeev Gandhi Nagar
999.OVERSEAS ELECTORS",Tamilaga Vettri Kazhagam,383,320,63,Dravida Munnetra Kazhagam,4,3,2,6,7,1,8,5,7.317073170731707,15,2.787456445993032,13.12427409988386,37.16608594657375,0.3484320557491289,0.232288037166086,44.48315911730546,0.116144018583043,1.742160278745644,0
239,239,29,210,184,0,1,173,2,1,0,0,0,0,0,0,1,600,0,3,603,0,"Govt. Hr. Sec. School, East Side South Building, Koduvilarpatti","1.Koduvilarpatti (R.V) And (P), Ward-3 Theni Road
2.Koduvilarpatti (R.V) And (P), Ward-4 Theni Road
3.Koduvilarpatti (R.V) And (P), Ward-4 Goundar Street
4.Koduvilarpatti (R.V) And (P), Ward-4 Muthaliyar Street
5.Koduvilarpatti (R.V) And (P), Ward-4 Kalathu Street
6.Koduvilarpatti (R.V) And (P), Ward-4 Rengapuram Road
999.OVERSEAS ELECTORS",All India Anna Dravida Munnetra Kazhagam,210,184,26,Dravida Munnetra Kazhagam,4,1,2,8,6,3,5,6,4.333333333333334,1,4.833333333333333,35.0,30.66666666666666,0.0,0.1666666666666667,28.83333333333333,0.3333333333333334,0.1666666666666667,2
240,240,85,178,342,3,1,87,0,8,0,0,0,2,2,0,0,704,0,1,705,0,"Govt. Hr. Sec. School   , Nabord Building, North Side, Koduvilarpatti","1.Koduvilarpatti (R.V) And Koduvilarpatti (P), Ward-4 Sathiyanathapuram
2.Koduvilarpatti (R.V) And Koduvilarpatti (P), Ward-4 Pallapatti
3.Koduvilarpatti (R.V) And Koduvilarpatti (P), Ward-4 Mariyayipatti
4.Koduvilarpatti (R.V) And Koduvilarpatti (P), Ward-4 Mariyayipatti Colony
999.OVERSEAS ELECTORS",Dravida Munnetra Kazhagam,342,178,164,All India Anna Dravida Munnetra Kazhagam,4,2,1,6,7,3,8,5,23.29545454545454,8,12.07386363636364,25.28409090909091,48.57954545454545,0.4261363636363636,0.1420454545454546,12.35795454545454,0.0,1.136363636363636,1
241,241,37,211,264,1,3,338,2,12,0,0,1,4,2,5,0,868,0,2,870,0,"Panchayat Union Elementary School, Western Side, Kottaipatti","1.Kuduvilarpatti (R.V), Aranmanaipudur (P), Ward-4 Aranmanaiputhur Iyanarpuram
2.Kuduvilarpatti (R.V), Aranmanaipudur (P), Ward-3 Veeru Chinnammalpuram
999.OVERSEAS ELECTORS",Tamilaga Vettri Kazhagam,338,264,74,Dravida Munnetra Kazhagam,4,3,2,8,6,1,7,5,8.525345622119817,12,4.262672811059908,24.30875576036867,30.4147465437788,0.1152073732718894,0.3456221198156682,38.94009216589861,0.2304147465437788,1.382488479262673,0
242,242,64,127,371,4,1,213,0,11,0,0,3,2,4,1,0,791,0,3,794,0,"Panchayat Union Elementary School, Eastern Side Kottaipatti","1.Kuduvilarpatti (R.V), Aranmanaipudur (P), Ward-3 Kottaipatti
999.OVERSEAS ELECTORS",Dravida Munnetra Kazhagam,371,213,158,Tamilaga Vettri Kazhagam,4,3,1,6,7,2,8,5,19.97471554993679,11,8.091024020227561,16.05562579013906,46.90265486725664,0.5056890012642226,0.1264222503160556,26.92793931731985,0.0,1.390644753476612,1
243,243,44,48,154,2,1,177,0,3,0,0,0,2,0,1,0,429,0,2,431,0,"Tamil Nadu State Rural Livelihoods Mission, Regional Office,Meeting Hall, North Side, Mullai Nagar, Aranmanaipudur","1.Kuduvilarpatti (R.V), Aranmanaipudur (P), Ward-5 C Block Houshing Board
999.OVERSEAS ELECTORS",Tamilaga Vettri Kazhagam,177,154,23,Dravida Munnetra Kazhagam,4,3,2,6,7,1,8,5,5.361305361305361,3,10.25641025641026,11.18881118881119,35.8974358974359,0.4662004662004662,0.2331002331002331,41.25874125874126,0.0,0.6993006993006993,3
244,244,35,41,136,0,2,174,1,2,0,0,0,0,1,0,1,391,0,3,394,0,"Tamil Nadu State Rural Livelihoods Mission, Regional Office,,Meeting Hall, South Side, Mullai Nagar, Aranmanaipudur","1.Kuduvilarpatti (R.V), Aranmanaipudur (P), Ward-5 D Block Houshing Board
2.Kuduvilarpatti (R.V), Aranmanaipudur (P), Ward-5 L  Block Houshig  Board
999.OVERSEAS ELECTORS",Tamilaga Vettri Kazhagam,174,136,38,Dravida Munnetra Kazhagam,4,3,2,8,5,1,7,5,9.718670076726342,2,8.951406649616368,10.48593350383632,34.78260869565217,0.0,0.5115089514066496,44.50127877237852,0.2557544757033248,0.5115089514066496,3
245,245,52,47,206,0,1,174,1,3,0,0,0,0,1,0,0,484,0,1,485,0,"Village Panchayat Service Centre Building,South Side, Mullainagar, Aranmanaipudur","1.Kuduvilarpatti (R.V), Aranmanaipudur (P), Ward-5 M Block Houshig  Board Side-1
999.OVERSEAS ELECTORS",Dravida Munnetra Kazhagam,206,174,32,Tamilaga Vettri Kazhagam,3,4,1,8,6,2,6,5,6.611570247933884,3,10.74380165289256,9.710743801652892,42.56198347107438,0.0,0.2066115702479339,35.9504132231405,0.2066115702479339,0.6198347107438017,3
246,246,55,65,190,1,1,189,0,3,0,0,0,1,2,0,0,504,0,1,505,0,"Village Panchayat Service Centre Building,North  Side, Mullainagar, Aranmanaipudur","1.Kuduvilarpatti (R.V), Aranmanaipudur (P), Ward-5 M Block Houshig  Board Side-2
2.Kuduvilarpatti (R.V), Aranmanaipudur (P), Ambedkar Street
999.OVERSEAS ELECTORS",Dravida Munnetra Kazhagam,190,189,1,Tamilaga Vettri Kazhagam,4,3,1,6,6,2,8,5,0.1984126984126984,3,10.91269841269841,12.8968253968254,37.6984126984127,0.1984126984126984,0.1984126984126984,37.5,0.0,0.5952380952380952,3
247,247,50,230,171,1,1,214,0,4,0,0,0,2,0,0,1,671,0,6,677,0,"Panchayat Union Middle School, West Side Southern Portion, Aranmanaipudur","1.Kuduvilarpatti (R.V), Aranmanaipudur (P), Ward-1 Kattabomman Street
999.OVERSEAS ELECTORS",All India Anna Dravida Munnetra Kazhagam,230,214,16,Tamilaga Vettri Kazhagam,4,1,3,6,6,2,8,5,2.384500745156483,4,7.451564828614009,34.27719821162444,25.48435171385991,0.1490312965722802,0.1490312965722802,31.89269746646796,0.0,0.5961251862891207,2
248,248,14,169,59,0,1,111,0,1,0,0,0,1,0,0,0,355,0,2,357,0,"Panchayat Union Middle School, New Building,South Side Aranmanaipudur","1.Kuduvilarpatti (R.V), Aranmanaipudur (P), Ward -1 Kurumparsavadi Street
999.OVERSEAS ELECTORS",All India Anna Dravida Munnetra Kazhagam,169,111,58,Tamilaga Vettri Kazhagam,4,1,3,7,5,2,7,5,16.33802816901408,1,3.943661971830986,47.6056338028169,16.61971830985916,0.0,0.2816901408450704,31.26760563380282,0.0,0.2816901408450704,2
249,249,16,121,111,3,0,174,0,5,0,2,1,2,0,0,0,430,0,0,430,0,"Panchayat Union Middle School, Southern Building, West Portion, Aranmanaipudur","1.Kuduvilarpatti (R.V), Aranmanaipudur (P), Ward -1 Thiruvaluvar Street
2.Kuduvilarpatti (R.V), Aranmanaipudur (P), Ward -5 Veeralakshmi Street
999.OVERSEAS ELECTORS",Tamilaga Vettri Kazhagam,174,121,53,All India Anna Dravida Munnetra Kazhagam,4,2,3,6,7,1,7,5,12.32558139534884,5,3.720930232558139,28.13953488372093,25.81395348837209,0.6976744186046512,0.0,40.46511627906977,0.0,1.162790697674419,2
250,250,53,126,179,0,1,281,0,7,1,0,1,2,2,0,0,647,0,3,650,0,"Samuthaya Koodam South Side, Aranmanaipudur","1.Kuduvilarpatti (R.V), Aranmanaipudur (P), Ward -1 Vasantha Nagar
2.Kuduvilarpatti (R.V), Aranmanaipudur (P), Ward -5 Oodai Street
999.OVERSEAS ELECTORS",Tamilaga Vettri Kazhagam,281,179,102,Dravida Munnetra Kazhagam,4,3,2,7,6,1,7,5,15.76506955177743,7,8.191653786707882,19.47449768160742,27.6661514683153,0.0,0.1545595054095827,43.43122102009274,0.0,1.081916537867079,3
251,251,74,146,415,1,1,355,0,2,0,1,0,1,0,0,0,994,0,1,995,0,"Panchayat Union Middle School,North Building, Eastern Portion, Aranmanaipudur","1.Kuduvilarpatti (R.V), Aranmanaipudur (P), Ward-2 Kakkanji Street
2.Kuduvilarpatti (R.V), Aranmanaipudur (P), Kaliyamman Kovil Street
3.Kuduvilarpatti (R.V), Aranmanaipudur (P), Kannimar kovil Street
999.OVERSEAS ELECTORS",Dravida Munnetra Kazhagam,415,355,60,Tamilaga Vettri Kazhagam,4,3,1,6,6,2,8,5,6.036217303822937,2,7.44466800804829,14.68812877263581,41.75050301810865,0.1006036217303823,0.1006036217303823,35.71428571428572,0.0,0.2012072434607646,3
252,252,44,63,173,2,0,187,0,2,0,1,0,0,0,1,0,471,0,2,473,0,"Panchayat Union Middle School, North Building, Central Zone, Aranmanaipudur","1.Kuduvilarpatti (R.V), Aranmanaipudur (P), Middle Street
2.Kuduvilarpatti (R.V), Aranmanaipudur (P), Ward-5  Primary Health Centre Street
3.Kuduvilarpatti (R.V), Aranmanaipudur (P), Ward-2 Ambedkar Street
999.OVERSEAS ELECTORS",Tamilaga Vettri Kazhagam,187,173,14,Dravida Munnetra Kazhagam,4,3,2,5,7,1,7,5,2.9723991507431,2,9.341825902335456,13.37579617834395,36.73036093418258,0.4246284501061571,0.0,39.70276008492569,0.0,0.4246284501061571,3
253,253,37,112,126,0,0,214,1,3,0,0,2,1,0,0,0,493,0,5,498,0,"Samuthaya Koodam North Side, Aranmanaipudur","1.Kuduvilarpatti (R.V), Aranmanaipudur (P), Ward-5 Vayalpatti Road
2.Kuduvilarpatti (R.V), Aranmanaipudur (P), Ward-5 Harijana colony Street
999.OVERSEAS ELECTORS",Tamilaga Vettri Kazhagam,214,126,88,Dravida Munnetra Kazhagam,4,3,2,7,7,1,6,5,17.8498985801217,3,7.505070993914807,22.71805273833671,25.55780933062881,0.0,0.0,43.40770791075051,0.2028397565922921,0.6085192697768762,3
254,254,14,244,283,3,1,365,2,9,0,0,1,1,2,2,2,921,0,3,924,0,"Panchayat Union Middle School, Western Buliding, Nagalapuram","1.Koduvilarpatti (R.V), Nagalapuram (P), Ward-1 Sivalinkanayakkanpatti West Street
2.Koduvilarpatti (R.V), Nagalapuram (P), Ward-1 Sivalinkanayakkanpatti Middle Street
3.Koduvilarpatti (R.V), Nagalapuram (P), Ward-1 Sivalinkanayakkanpatti South Street
4.Koduvilarpatti (R.V), Nagalapuram (P), Ward-3 Nagalapuram West Street
999.OVERSEAS ELECTORS",Tamilaga Vettri Kazhagam,365,283,82,Dravida Munnetra Kazhagam,4,3,2,6,8,1,7,5,8.903365906623236,9,1.520086862106406,26.49294245385451,30.72747014115092,0.3257328990228013,0.1085776330076004,39.63083604777416,0.2171552660152009,0.9771986970684038,2
255,255,90,145,336,2,4,253,2,3,0,0,0,1,2,0,0,835,0,5,840,0,"Panchayat Union Middle School, South Buliding, East Side, Nagalapuram","1.Koduvilarpatti (R.V), Nagalapuram (P), Ward-3 Nagalapuram East Street
2.Koduvilarpatti (R.V), Nagalapuram (P), Ward-3 Nagalapuram Middle Street
999.OVERSEAS ELECTORS",Dravida Munnetra Kazhagam,336,253,83,Tamilaga Vettri Kazhagam,4,3,1,7,5,2,7,6,9.940119760479043,3,10.77844311377246,17.36526946107784,40.23952095808383,0.2395209580838323,0.4790419161676647,30.29940119760479,0.2395209580838323,0.3592814371257485,3
256,256,57,289,249,7,1,273,1,2,0,0,0,2,0,0,0,879,0,2,881,0,"Panchayat Union Middle School, North New Building, Balakrishnapuram","1.Kuduvilarpatti (R.V), Nagalapuram (P), Ward-2 Balakrishnapuram North Street
2.Kuduvilarpatti (R.V), Nagalapuram (P), Ward-2 South Street
3.Kuduvilarpatti (R.V), Nagalapuram (P), Ward-2 Sangakonampatti
999.OVERSEAS ELECTORS",All India Anna Dravida Munnetra Kazhagam,289,273,16,Tamilaga Vettri Kazhagam,4,1,3,5,7,2,7,6,1.820250284414107,2,6.484641638225256,32.8782707622298,28.32764505119454,0.7963594994311717,0.1137656427758817,31.0580204778157,0.1137656427758817,0.2275312855517634,2
257,257,36,101,326,1,1,213,2,12,0,0,1,3,4,1,2,692,0,5,697,0,"N.R.Thiyagarajan Memorial Ele. School, North Side Eastern Block, Gopalapuram","1.Kuduvilarpatti (R.V), Nagalapuram (P), Gopalapuram North Street Harijana colony
999.OVERSEAS ELECTORS",Dravida Munnetra Kazhagam,326,213,113,Tamilaga Vettri Kazhagam,4,3,1,7,7,2,6,5,16.32947976878613,12,5.202312138728324,14.59537572254335,47.10982658959538,0.1445086705202312,0.1445086705202312,30.78034682080925,0.2890173410404624,1.734104046242774,0
258,258,37,180,218,2,0,232,0,3,0,0,2,0,0,0,1,672,0,1,673,0,"N.R.Thiyagarajan Memorial Ele. School, West Side Southern Part, Gopalapuram","1.Kuduvilarpatti (R.V), Nagalapuram (P), Ward-5 South Street
2.Kuduvilarpatti (R.V), Nagalapuram (P), Ward-5 West Street
999.OVERSEAS ELECTORS",Tamilaga Vettri Kazhagam,232,218,14,Dravida Munnetra Kazhagam,4,3,2,6,7,1,7,5,2.083333333333333,3,5.50595238095238,26.78571428571428,32.44047619047619,0.2976190476190476,0.0,34.52380952380953,0.0,0.4464285714285714,2
259,259,49,185,219,0,0,248,1,5,1,0,1,2,0,0,1,707,0,4,711,0,"Panchayat Union Ele. School, New Building South Side, Veerapandi","1.Veerapandi (R.V) And (T.P), Ward-14&15 Mela Street
2.Veerapandi (R.V) And (T.P), Ward-10&11&13&14 Main road
999.OVERSEAS ELECTORS",Tamilaga Vettri Kazhagam,248,219,29,Dravida Munnetra Kazhagam,4,3,2,7,7,1,6,5,4.101838755304102,5,6.930693069306932,26.16690240452617,30.97595473833097,0.0,0.0,35.07779349363508,0.1414427157001414,0.7072135785007072,2
260,260,46,149,304,3,1,355,0,8,0,0,1,2,3,2,0,866,0,1,867,0,"Panchayat Union Ele. School, New Building North Side, Veerapandi","1.Veerapandi (R.V) And (T.P), Ward-15 Kumuli Road
2.Veerapandi (R.V) And (T.P), Ward-15 Sannathi Street
3.Veerapandi (R.V) And (T.P), Ward-15 New Police Colony
4.Veerapandi (R.V) And (T.P), Ward-14 South Mariyamman Kovil Street
5.Veerapandi (R.V) And (T.P), Ward-15 Chettiyar Street
999.OVERSEAS ELECTORS",Tamilaga Vettri Kazhagam,355,304,51,Dravida Munnetra Kazhagam,4,3,2,6,7,1,8,5,5.889145496535797,8,5.311778290993072,17.20554272517321,35.10392609699769,0.3464203233256351,0.115473441108545,40.99307159353349,0.0,0.9237875288683602,3
261,261,78,189,275,5,2,382,1,14,1,2,2,2,0,4,3,946,0,7,953,0,"Govt. Hr. Sec. School   , Western Building South Side , Veerapandi","1.Veerapandi (R.V) And (TP), Ward-13 Surulivel Pillai Street
2.Veerapandi (R.V) And (TP), Ward-12 Chellaiya Pillai Street
3.Veerapandi (R.V) And (TP), Ward-12 High School Street
999.OVERSEAS ELECTORS",Tamilaga Vettri Kazhagam,382,275,107,Dravida Munnetra Kazhagam,4,3,2,6,7,1,8,5,11.3107822410148,14,8.24524312896406,19.97885835095137,29.06976744186047,0.5285412262156448,0.2114164904862579,40.38054968287527,0.105708245243129,1.479915433403805,0
262,262,67,69,210,3,1,199,0,9,3,0,0,3,3,0,0,558,0,2,560,0,"Govt. Hr. Sec. School   , Western Building North Part, Veerapandi","1.Veerapandi (R.V) And (TP), Ward-12 Harijana Colony Street
2.Veerapandi (R.V) And (TP), Ward-13 Main Road
3.Veerapandi (R.V) And (TP), Ward-14 Bajar Street
4.Veerapandi (R.V) And (TP), Ward-14 Teachers Street
999.OVERSEAS ELECTORS",Dravida Munnetra Kazhagam,210,199,11,Tamilaga Vettri Kazhagam,4,3,1,6,7,2,8,5,1.971326164874552,9,12.00716845878136,12.36559139784946,37.63440860215054,0.5376344086021506,0.1792114695340502,35.66308243727598,0.0,1.612903225806452,3
263,263,45,138,285,2,1,285,2,6,0,0,0,1,2,0,2,764,0,2,766,0,"Panchayat Union Ele. School, North Building, Veerapandi","1.Veerapandi (R.V) And (T.P), Ward-11 Salimara Street
2.Veerapandi (R.V) And (T.P), Ward-10 Sakkilier Street
3.Veerapandi (R.V) And (T.P), Ward-10 Harijana Hamparent Tree Line-1
999.OVERSEAS ELECTORS",Dravida Munnetra Kazhagam,285,285,0,Dravida Munnetra Kazhagam,4,3,1,6,8,1,6,5,0.0,6,5.890052356020942,18.06282722513089,37.30366492146597,0.2617801047120419,0.1308900523560209,37.30366492146597,0.2617801047120419,0.7853403141361256,3
264,264,59,85,264,2,1,201,1,7,1,1,0,2,2,0,0,620,0,1,621,0,"Panchayat Union Ele. School, South Building, Veerapandi","1.Veerapandi (R.V) And (T.P), Ward-10 Harijana Hamparent Tree  Line-2
2.Veerapandi (R.V) And (T.P), Ward-11&13 Big Street
3.Veerapandi (R.V) And (T.P), Ward-11 Velaiya Pillai Line
4.Veerapandi (R.V) And (T.P), Ward-11 Harijana Hamparent Tree Street
5.Veerapandi (R.V) And (T.P), Ward-11 Aandavar Kovil Street
999.OVERSEAS ELECTORS",Dravida Munnetra Kazhagam,264,201,63,Tamilaga Vettri Kazhagam,4,3,1,6,7,2,7,5,10.16129032258064,7,9.516129032258064,13.70967741935484,42.58064516129032,0.3225806451612903,0.1612903225806452,32.41935483870968,0.1612903225806452,1.129032258064516,3
265,265,32,126,182,2,1,198,0,6,0,0,1,2,2,0,0,547,0,1,548,0,"Gandhiji Govt. Middle School, North Side Western Block, Vayalpatti","1.Veerapandi (R.V) And (T.P), Ward-8&9 Vayalpatti North Street
2.Veerapandi (R.V) And (T.P), Ward-9 Kulalar Street
3.Veerapandi (R.V) And (T.P), Ward-9 Chinnasami chettiyar Street
4.Veerapandi (R.V) And (T.P), Ward-9 Indira Nagar
5.Veerapandi (R.V) And (T.P), Ward-8 West Street
999.OVERSEAS ELECTORS",Tamilaga Vettri Kazhagam,198,182,16,Dravida Munnetra Kazhagam,4,3,2,6,7,1,8,5,2.925045703839122,6,5.850091407678245,23.03473491773309,33.27239488117002,0.3656307129798903,0.1828153564899452,36.19744058500914,0.0,1.096892138939671,3
266,266,29,120,196,1,0,185,0,7,1,1,0,0,1,0,2,538,0,2,540,0,"Gandhiji Govt. Middle School, Eastern Side, First Building, Vayalpatti","1.Veerapandi (R.V) And (T.P), Ward-8 Sakkiliyar Street
2.Veerapandi (R.V) And (T.P), Ward-7&8&9 Middle Street
3.Veerapandi (R.V) And (T.P), Ward-7 South Street
4.Veerapandi (R.V) And (T.P), Ward-7 South Street North line
5.Veerapandi (R.V) And (T.P), Ward-7 Middle Street South line
999.OVERSEAS ELECTORS",Dravida Munnetra Kazhagam,196,185,11,Tamilaga Vettri Kazhagam,4,3,1,6,7,2,7,5,2.044609665427509,7,5.390334572490707,22.30483271375465,36.43122676579926,0.1858736059479554,0.0,34.38661710037174,0.0,1.301115241635688,2
267,267,25,173,257,2,0,209,1,4,0,0,1,1,0,2,0,671,0,5,676,0,"Gandhiji Govt. Middle School, Eastern Block Central Building, Vayalpatti","1.Veerapandi (R.V) And (T.P), Ward-7 Vayalpatti Middle Street
2.Veerapandi (R.V) And (T.P), Ward-7 Thevar Street
3.Veerapandi (R.V) And (T.P), Ward-7 Sathirapatti North Street
4.Veerapandi (R.V) And (T.P), Ward-7 Sathirapatti South Street
999.OVERSEAS ELECTORS",Dravida Munnetra Kazhagam,257,209,48,Tamilaga Vettri Kazhagam,4,3,1,6,8,2,7,5,7.153502235469449,4,3.725782414307004,25.78241430700447,38.30104321907601,0.2980625931445604,0.0,31.14754098360656,0.1490312965722802,0.5961251862891207,2
268,268,61,139,291,0,0,251,0,6,0,0,0,1,1,1,1,748,0,3,751,0,"Panchayat Union Middle School, Western Buliding South Block, Muthuthevanpatti","1.Veerapandi (R.V), Muthuthevanpatti (P), Ward-5&6 Muthuthevanpatti main road
2.Veerapandi (R.V), Muthuthevanpatti (P), Ward-5 Harijana Main Road
3.Veerapandi (R.V), Muthuthevanpatti (P), Ward-6 Bojaraj Mill Colony
4.Veerapandi (R.V), Muthuthevanpatti (P), Ward-6 Big River Bank Street
999.OVERSEAS ELECTORS",Dravida Munnetra Kazhagam,291,251,40,Tamilaga Vettri Kazhagam,4,3,1,6,6,2,6,5,5.347593582887701,6,8.155080213903744,18.58288770053476,38.90374331550802,0.0,0.0,33.55614973262032,0.0,0.8021390374331552,3
269,269,72,42,400,0,1,246,2,6,0,0,1,0,1,0,2,769,0,0,769,0,"Panchayat Union Middle School, South Building, Muthuthevanpatti","1.Veerapandi (R.V), Muthuthevanpatti (P), Ward-6 New Harijana Colony
999.OVERSEAS ELECTORS",Dravida Munnetra Kazhagam,400,246,154,Tamilaga Vettri Kazhagam,3,4,1,8,7,2,6,5,20.0260078023407,6,9.362808842652797,5.461638491547465,52.01560468140443,0.0,0.1300390117035111,31.98959687906372,0.2600780234070221,0.7802340702210664,1
270,270,37,156,234,5,0,220,1,8,0,0,0,0,5,1,2,661,0,5,666,0,"Panchayat Union Middle School, North New Building, Muthuthevanpatti","1.Veerapandi (R.V), Muthuthevanpatti (P), Ward-6 Periya Vaikkal Pathai Street
2.Veerapandi (R.V), Muthuthevanpatti (P), Ward-6 Ragavaior Compound
3.Veerapandi (R.V), Muthuthevanpatti (P), Ward-6 Main Road
4.Veerapandi (R.V), Muthuthevanpatti (P), Ward-6 Natarajan Street
5.Veerapandi (R.V), Muthuthevanpatti (P), Ward-6 Durkaiyamman Kovil Street
6.Veerapandi (R.V), Muthuthevanpatti (P), Ward-6 Kattuvandipathai Street
999.OVERSEAS ELECTORS",Dravida Munnetra Kazhagam,234,220,14,Tamilaga Vettri Kazhagam,4,3,1,6,8,2,7,5,2.118003025718608,8,5.597579425113464,23.60060514372163,35.40090771558246,0.7564296520423601,0.0,33.28290468986384,0.151285930408472,1.210287443267776,2
271,271,38,123,323,10,0,390,1,8,0,0,0,1,4,2,1,893,0,6,899,0,"Govt. Kallar Middle School,, Western Buliding, South Block, Mariamman Kovilpatti","1.Veerapandi (R.V), Muthuthevanpatti (P), Ward-3 Mariamman Kovilpatti Main Road
2.Veerapandi (R.V), Muthuthevanpatti (P), Ward-4 Goundar North Street
3.Veerapandi (R.V), Muthuthevanpatti (P), Ward-4 Goundar South Street
4.Veerapandi (R.V), Muthuthevanpatti (P), Ward-3 Thevar East Street
5.Veerapandi (R.V), Muthuthevanpatti (P), Ward-3 Periyakaruppathevar Street
6.Veerapandi (R.V), Muthuthevanpatti (P), Ward-3 Thevar West Street
999.OVERSEAS ELECTORS",Tamilaga Vettri Kazhagam,390,323,67,Dravida Munnetra Kazhagam,4,3,2,5,8,1,7,6,7.502799552071669,8,4.25531914893617,13.77379619260918,36.17021276595745,1.119820828667413,0.0,43.67301231802912,0.1119820828667413,0.8958566629339306,0
272,272,15,27,147,1,0,219,0,11,2,1,2,2,1,2,1,420,0,5,425,0,"Govt. Kallar Middle School, South Buliding, Mariamman Kovilpatti.","1.Veerapandi (R.V), Muthuthevanpatti (P), Ward-3 Mariamman Kovilpatti Panjayat Mayandi Street
2.Veerapandi (R.V), Muthuthevanpatti (P), Ward-3 Harijana Street
3.Veerapandi (R.V), Muthuthevanpatti (P), Ward-2 Main Road
999.OVERSEAS ELECTORS",Tamilaga Vettri Kazhagam,219,147,72,Dravida Munnetra Kazhagam,4,3,2,6,7,1,7,5,17.14285714285714,11,3.571428571428571,6.428571428571428,35.0,0.2380952380952381,0.0,52.14285714285715,0.0,2.619047619047619,0
273,273,46,85,284,0,0,330,0,2,0,1,0,1,0,0,0,747,0,5,752,0,"Anganwadi Centre No. 313, North Building, West Side, Mariamman Kovilpatti.","1.Veerapandi (R.V), Muthuthevanpatti (P), Ward-3 R.M.T.C Colony
999.OVERSEAS ELECTORS",Tamilaga Vettri Kazhagam,330,284,46,Dravida Munnetra Kazhagam,4,3,2,6,6,1,6,5,6.157965194109773,2,6.157965194109773,11.37884872824632,38.01874163319947,0.0,0.0,44.17670682730924,0.0,0.2677376171352075,3
274,274,41,90,486,7,1,335,0,6,0,0,1,3,2,0,0,966,0,1,967,0,"Tamil Nadu Noonmeals Hall, No
35.Community Hall, Thiruchenthur","1.Veerapandi (R.V), Muthuthevanpatti (P), Ward-2 Bodi Road
2.Veerapandi (R.V), Muthuthevanpatti (P), Ward-1 Amaravathi School Street
3.Veerapandi (R.V), Muthuthevanpatti (P), Ward-1 Gunaseelan Street
999.OVERSEAS ELECTORS",Dravida Munnetra Kazhagam,486,335,151,Tamilaga Vettri Kazhagam,4,3,1,5,7,2,8,6,15.63146997929607,6,4.244306418219462,9.316770186335404,50.31055900621118,0.7246376811594203,0.10351966873706,34.67908902691511,0.0,0.6211180124223602,1
275,275,45,134,236,9,1,361,1,8,0,0,3,3,1,0,0,795,0,0,795,0,"Amaravathi Middle School, North Building, Thiruchenthur","1.Veerapandi (R.V), Muthuthevanpatti (P), Ward-1 Thirunagar Colony
2.Veerapandi (R.V), Muthuthevanpatti (P), Ward-2 Main Road
3.Veerapandi (R.V), Muthuthevanpatti (P), Ward-1 Thirusandur Thevar Street
999.OVERSEAS ELECTORS",Tamilaga Vettri Kazhagam,361,236,125,Dravida Munnetra Kazhagam,4,3,2,5,7,1,7,6,15.72327044025157,8,5.660377358490567,16.85534591194968,29.68553459119497,1.132075471698113,0.1257861635220126,45.40880503144654,0.1257861635220126,1.006289308176101,0
276,276,52,122,229,1,0,221,0,4,0,0,0,0,4,0,0,629,0,5,634,0,"Panchayat Union Middle School, South Side Second Building  From East, Upparpatti","1.Upparpatti (R.V) And (P), Ward-1 Main Road
2.Upparpatti (R.V) And (P), Ward-1 Manthaiamman Kovil Street
3.Upparpatti (R.V) And (P), Ward-1 Ponnagar
999.OVERSEAS ELECTORS",Dravida Munnetra Kazhagam,229,221,8,Tamilaga Vettri Kazhagam,4,3,1,6,7,2,7,5,1.271860095389507,4,8.267090620031796,19.39586645468998,36.40699523052464,0.1589825119236884,0.0,35.13513513513514,0.0,0.6359300476947536,3
277,277,35,149,234,1,1,248,0,7,0,0,1,2,2,2,0,675,0,3,678,0,"Panchayat Union Middle School, South Side 4th Building  From East, Upparpatti.","1.Upparpatti (R.V) And (P), Ward-1 South Street
2.Upparpatti (R.V) And (P), Ward-1 West Street
3.Upparpatti (R.V) And (P), Ward-1 East Street
4.Upparpatti (R.V) And (P), Ward-2 Kammtchiyamman Kovil Street
5.Upparpatti (R.V) And (P), Ward-2 Perumal Kovil Street
6.Upparpatti (R.V) And (P), Ward-1 Middle Street
7.Upparpatti (R.V) And (P), Ward-3 Pillaiyar Kovil Street
999.OVERSEAS ELECTORS",Tamilaga Vettri Kazhagam,248,234,14,Dravida Munnetra Kazhagam,4,3,2,6,6,1,8,5,2.074074074074074,7,5.185185185185185,22.07407407407407,34.66666666666667,0.1481481481481481,0.1481481481481481,36.74074074074074,0.0,1.037037037037037,3
278,278,56,156,411,2,1,266,2,12,0,1,1,3,4,1,2,906,0,1,907,0,"Panchayat Union Middle School, Eastern Building, Upparpatti.","1.Upparpatti (R.V) And (P), Ward-3 East Street
2.Upparpatti (R.V) And (P), Ward-3 Balagurunathapuram
3.Upparpatti (R.V) And (P), Ward-4 Harijana Old Street
4.Upparpatti (R.V) And (P), Ward-5 East Street
5.Upparpatti (R.V) And (P), Ward-5 Harijana Colony
6.Upparpatti (R.V) And (P), Thiyakaraja Nagar
999.OVERSEAS ELECTORS",Dravida Munnetra Kazhagam,411,266,145,Tamilaga Vettri Kazhagam,4,3,1,6,8,2,6,5,16.00441501103753,12,6.181015452538632,17.21854304635762,45.36423841059602,0.2207505518763797,0.1103752759381898,29.3598233995585,0.2207505518763797,1.324503311258278,1
279,279,31,152,264,4,2,179,0,4,0,2,0,0,2,0,0,636,0,2,638,0,"Panchayat Union Middle School, Additional Building, Thadichery","1.Thadicheri (R.V) And (P), Ward-1 West Street
2.Thadicheri (R.V) And (P), Ward-1 South Street
3.Thadicheri (R.V) And (P), Ward-1 Middle Street
999.OVERSEAS ELECTORS",Dravida Munnetra Kazhagam,264,179,85,Tamilaga Vettri Kazhagam,4,3,1,5,7,2,8,5,13.36477987421384,4,4.874213836477987,23.89937106918239,41.50943396226415,0.628930817610063,0.3144654088050315,28.14465408805031,0.0,0.628930817610063,2
280,280,26,178,340,4,1,193,0,10,0,2,0,0,4,3,0,752,0,4,756,0,"Panchayat Union Middle School, Eastern
Side, First Building, Thadichery","1.Thadicheri (R.V) And (P), Ward-2 North Street
2.Thadicheri (R.V) And (P), Ward-2 East Street
999.OVERSEAS ELECTORS",Dravida Munnetra Kazhagam,340,193,147,Tamilaga Vettri Kazhagam,4,3,1,6,7,2,8,5,19.54787234042553,10,3.457446808510638,23.67021276595745,45.21276595744681,0.5319148936170213,0.1329787234042553,25.66489361702128,0.0,1.329787234042553,1
281,281,7,172,93,2,0,215,1,4,0,1,1,1,1,0,0,494,0,3,497,0,"Sri Rengaraja Guruvappa Govt. High School, Western Buliding South Block, Srirengapuram","1.Thadichery (R.V), Shrirangapuram (P), Ward-1 Rice Mill Street
2.Thadichery (R.V), Shrirangapuram (P), Ward-1 P.P.R Street
3.Thadichery (R.V), Shrirangapuram (P), Ward-1Big Street
4.Thadichery (R.V), Shrirangapuram (P), Ward-2 Big Street
5.Thadichery (R.V), Shrirangapuram (P), Ward-2 Kaliyamman Kovil Street
6.Thadichery (R.V), Shrirangapuram (P), Ward-2 School Street
7.Thadichery (R.V), Shrirangapuram (P), Ward-2 Society Street
999.OVERSEAS ELECTORS",Tamilaga Vettri Kazhagam,215,172,43,All India Anna Dravida Munnetra Kazhagam,4,2,3,6,8,1,7,5,8.704453441295547,4,1.417004048582996,34.81781376518219,18.82591093117409,0.4048582995951417,0.0,43.52226720647774,0.2024291497975708,0.8097165991902834,2
282,282,7,173,111,0,1,191,1,2,0,0,0,0,1,1,0,486,0,2,488,0,"Sri Rengaraja Guruvappa Govt. High School, Western Buliding North Block, Srirengapuram","1.Thadichery (R.V), Shrirangapuram (P), Ward-3 Aasari Street
2.Thadichery (R.V), Shrirangapuram (P), Ward-3 Medical Shop Street
3.Thadichery (R.V), Shrirangapuram (P), Ward-3 T.S.R Street
4.Thadichery (R.V), Shrirangapuram (P), Ward-3 Vannar Street
5.Thadichery (R.V), Shrirangapuram (P), Ward-4 Panjaliamman Kovil Street
6.Thadichery (R.V), Shrirangapuram (P), Ward-4 Bazana Madath Street
7.Thadichery (R.V), Shrirangapuram (P), Ward-4 South Madath Street
8.Thadichery (R.V), Shrirangapuram (P), Ward-4 Central Bank Street
999.OVERSEAS ELECTORS",Tamilaga Vettri Kazhagam,191,173,18,All India Anna Dravida Munnetra Kazhagam,4,2,3,8,6,1,6,5,3.703703703703703,2,1.440329218106996,35.59670781893004,22.83950617283951,0.0,0.205761316872428,39.30041152263374,0.205761316872428,0.411522633744856,2
283,283,14,184,238,1,2,377,3,8,2,0,0,4,0,1,0,827,0,6,833,0,"Sri Rengaraja Guruvappa Govt. High School
, Main Building Eastern Block, Srirengapuram","1.Thadichery (R.V), Shrirangapuram (P), Ward-1 North Street
2.Thadichery (R.V), Shrirangapuram (P), Ward-2 Pilaiyar Kovil Street
3.Thadichery (R.V), Shrirangapuram (P), Ward-4 Oodai Street
4.Thadichery (R.V), Shrirangapuram (P), Ward-4 V.C Puram Street
5.Thadichery (R.V), Shrirangapuram (P), Ward-4  East Colony
6.Thadichery (R.V), Shrirangapuram (P), Ward-5 Nallasivan Kovil Street
7.Thadichery (R.V), Shrirangapuram (P), Ward-5 Harijana Colony
8.Thadichery (R.V), Shrirangapuram (P), Ward-3 Society Street
9.Thadichery (R.V), Shrirangapuram (P), Ward-3 Vetirinary Hospital Street
999.OVERSEAS ELECTORS",Tamilaga Vettri Kazhagam,377,238,139,Dravida Munnetra Kazhagam,4,3,2,8,7,1,6,5,16.80773881499395,8,1.692865779927449,22.2490931076179,28.77871825876663,0.120918984280532,0.2418379685610641,45.58645707376058,0.3627569528415961,0.9673518742442563,0
284,284,8,158,217,0,2,183,0,7,0,0,0,2,2,2,0,575,0,3,578,0,"Panchayat Union Middle School, South Building, Ambasamuthram","1.Govindanagaram (R.V), Ambasamuthram(P), Ward-1 Main Road
2.Govindanagaram (R.V), Ambasamuthram(P), Ward-2 North Colony Street
999.OVERSEAS ELECTORS",Dravida Munnetra Kazhagam,217,183,34,Tamilaga Vettri Kazhagam,4,3,1,7,6,2,7,5,5.913043478260869,7,1.391304347826087,27.47826086956522,37.73913043478261,0.0,0.3478260869565217,31.82608695652174,0.0,1.217391304347826,2
285,285,5,163,145,0,1,122,0,4,0,0,1,0,1,2,0,440,0,3,443,0,"Panchayat Union Middle School, West Building, Ambasamuthram","1.Govindanagaram (R.V), Ambasamuthram(P), Ward-2 Old Colony Street
2.Govindanagaram (R.V), Ambasamuthram(P), Ward-2 Perumal Kovil Street
3.Govindanagaram (R.V), Ambasamuthram(P), Ward-3 Middle Street
4.Govindanagaram (R.V), Ambasamuthram(P), Ward-3 West Street
999.OVERSEAS ELECTORS",All India Anna Dravida Munnetra Kazhagam,163,145,18,Dravida Munnetra Kazhagam,4,1,2,7,6,3,7,5,4.090909090909091,4,1.136363636363636,37.04545454545455,32.95454545454545,0.0,0.2272727272727273,27.72727272727273,0.0,0.9090909090909091,2
286,286,9,417,33,0,1,132,0,5,0,0,1,0,2,2,0,597,0,2,599,0,"Kammavar Dharma Ele. School, New Building 1st Room From West, Govindanagaram","1.Govindanagaram (R.V) And (P), Ward-3 Govindanagaram Kasi Vishvanatha kovil Street
2.Govindanagaram (R.V) And (P), Ward-3 Post office Street
3.Govindanagaram (R.V) And (P), Ward-3 Rice Mill Street
4.Govindanagaram (R.V) And (P), Ward-4 Bus Stand Street
999.OVERSEAS ELECTORS",All India Anna Dravida Munnetra Kazhagam,417,132,285,Tamilaga Vettri Kazhagam,4,1,3,7,6,2,7,5,47.73869346733669,5,1.507537688442211,69.84924623115577,5.527638190954774,0.0,0.1675041876046901,22.1105527638191,0.0,0.8375209380234505,2
287,287,19,315,78,3,0,258,0,7,0,0,2,3,0,1,1,680,0,1,681,0,"Kammavar Dharma Ele. School, New Building 3rd Room From West, Govindanagaram","1.Govindanagaram (R.V) And (P), Ward-4 Primary Health Centre Street
2.Govindanagaram (R.V) And (P), Ward-4 West Street
3.Govindanagaram (R.V) And (P), Ward-4 South Street
999.OVERSEAS ELECTORS",All India Anna Dravida Munnetra Kazhagam,315,258,57,Tamilaga Vettri Kazhagam,4,1,3,6,7,2,7,5,8.38235294117647,7,2.794117647058824,46.32352941176471,11.47058823529412,0.4411764705882353,0.0,37.94117647058823,0.0,1.029411764705882,2
288,288,32,398,185,3,2,235,0,5,0,1,0,1,1,0,2,860,0,2,862,0,"Kammavar Dharma Ele. School, Western Buliding South Block,   Govindanagaram","1.Govindanagaram (R.V) And (P), Ward-1 Govindanagaram East Street
2.Govindanagaram (R.V) And (P), Ward-2 Kammavardharma School Street
3.Govindanagaram (R.V) And (P), Ward-2 Harijana Colony
999.OVERSEAS ELECTORS",All India Anna Dravida Munnetra Kazhagam,398,235,163,Tamilaga Vettri Kazhagam,4,1,3,6,7,2,8,5,18.95348837209302,5,3.720930232558139,46.27906976744186,21.51162790697675,0.3488372093023256,0.2325581395348837,27.32558139534883,0.0,0.5813953488372093,2
289,289,10,215,166,0,1,223,1,6,0,0,1,3,1,0,1,622,0,2,624,0,"V.V. Hr.Sec. School   , South Building  2nd Room In Western Side,  Vengadasalapuam","1.Jangalpatti (R.V), Vengadasalapuram (P), Ward-2 East Street
2.Jangalpatti (R.V), Vengadasalapuram (P), Ward-2 N.V.P Street
3.Jangalpatti (R.V), Vengadasalapuram (P), Ward-2 School South Street
4.Jangalpatti (R.V), Vengadasalapuram (P), Ward-4 Main Road
5.Jangalpatti (R.V), Vengadasalapuram (P), Ward-4 West Street
6.Jangalpatti (R.V), Vengadasalapuram (P), Ward-4 P.L.L Street
7.Jangalpatti (R.V), Vengadasalapuram (P), Ward-4 School South Street
999.OVERSEAS ELECTORS",Tamilaga Vettri Kazhagam,223,215,8,All India Anna Dravida Munnetra Kazhagam,4,2,3,8,6,1,6,5,1.286173633440514,6,1.607717041800643,34.56591639871382,26.68810289389068,0.0,0.1607717041800643,35.85209003215434,0.1607717041800643,0.964630225080386,2
290,290,11,184,105,0,0,227,1,5,0,0,1,2,0,2,0,533,0,1,534,0,"V.V. Hr.Sec. School, Room No.10, Golden Jubilee Building Hall , Vengadasalapuram","1.Jangalpatti (R.V), Vengadasalapuram (P), Ward-1 Main road
2.Jangalpatti (R.V), Vengadasalapuram (P), Ward-1 Mandapa Street
3.Jangalpatti (R.V), Vengadasalapuram (P), Ward-1 Savalappatti Road
4.Jangalpatti (R.V), Vengadasalapuram (P), Ward-1 Library Street
999.OVERSEAS ELECTORS",Tamilaga Vettri Kazhagam,227,184,43,All India Anna Dravida Munnetra Kazhagam,4,2,3,7,7,1,6,5,8.067542213883677,5,2.063789868667917,34.52157598499062,19.69981238273921,0.0,0.0,42.5891181988743,0.1876172607879925,0.9380863039399625,2
291,291,9,145,159,0,1,244,1,4,0,0,0,1,2,1,0,563,0,1,564,0,"V.V. Hr.Sec. School, Class VII A, Golden Jubilee Building Hall, Vengadasalapuram","1.Jangalpatti (R.V), Vengadasalapuram (P), Ward-1 Savalappatti
2.Jangalpatti (R.V), Vengadasalapuram (P), Ward-1 Harijana Colony
3.Jangalpatti (R.V), Vengadasalapuram (P), Ward-3 School Street
4.Jangalpatti (R.V), Vengadasalapuram (P), Ward-3 Perumal kovil Street
5.Jangalpatti (R.V), Vengadasalapuram (P), Ward-3 School West Street
6.Jangalpatti (R.V), Vengadasalapuram (P), Ward-3 School South Street
999.OVERSEAS ELECTORS",Tamilaga Vettri Kazhagam,244,159,85,Dravida Munnetra Kazhagam,4,3,2,8,6,1,6,5,15.09769094138544,4,1.598579040852576,25.75488454706927,28.24156305506217,0.0,0.1776198934280639,43.3392539964476,0.1776198934280639,0.7104795737122558,2
292,292,19,205,216,4,1,242,0,10,0,2,1,1,1,4,1,697,0,2,699,0,"Govt. Middle School, South Building, Thabbukkundu","1.Thappukkundu (R.V) And (P), Ward-2 South Street
2.Thappukkundu (R.V) And (P), Ward-3 Harijana Colony
3.Thappukkundu (R.V) And (P), Ward-3 Rice Mill Street
4.Thappukkundu (R.V) And (P), Ward-3 Annanagar
5.Thappukkundu (R.V) And (P), Ward-2 Middle Street
999.OVERSEAS ELECTORS",Tamilaga Vettri Kazhagam,242,216,26,Dravida Munnetra Kazhagam,4,3,2,6,7,1,8,5,3.730272596843615,10,2.72596843615495,29.41176470588236,30.98995695839311,0.5738880918220948,0.1434720229555237,34.72022955523673,0.0,1.434720229555237,2
293,293,29,178,205,2,1,168,0,16,0,0,0,5,1,9,1,599,0,0,599,0,"Govt. Middle School, West Building, Thabbukkundu","1.Thappukkundu (R.V) And (P), Ward-1 Dobi Labour Street
2.Thappukkundu (R.V) And (P), Ward-1 North Street
3.Thappukkundu (R.V) And (P), Ward-1 West Street
4.Thappukkundu (R.V) And (P), Ward-2 Gandhi Nagar
999.OVERSEAS ELECTORS",Dravida Munnetra Kazhagam,205,178,27,All India Anna Dravida Munnetra Kazhagam,4,2,1,6,7,3,8,5,4.507512520868113,16,4.841402337228715,29.71619365609349,34.22370617696161,0.333889816360601,0.1669449081803005,28.04674457429048,0.0,2.671118530884808,2
294,294,43,104,210,2,1,268,1,6,0,0,1,0,3,0,1,635,0,3,638,0,"Panchayat Union Middle School, South Building, Kattunayakkanpatti","1.Poomalaikundu (R.V), Kattunayakkanpatti (P), Ward-4 Mallaiyakoundanpatti Pillayar Kovil Street
2.Poomalaikundu (R.V), Kattunayakkanpatti (P), Ward-4 West Street
3.Poomalaikundu (R.V), Kattunayakkanpatti (P), Ward-5 North Street
999.OVERSEAS ELECTORS",Tamilaga Vettri Kazhagam,268,210,58,Dravida Munnetra Kazhagam,4,3,2,6,7,1,7,5,9.133858267716535,6,6.771653543307086,16.37795275590551,33.07086614173229,0.3149606299212598,0.1574803149606299,42.20472440944881,0.1574803149606299,0.9448818897637795,3
295,295,14,104,292,2,0,191,0,6,0,0,0,1,3,2,0,609,0,1,610,0,"Panchayat Union Middle School, West Building,East Facing, Kattunayakkanpatti","1.Poomalaikundu (R.V), Kattunayakkanpatti (P), Ward-5 South Street
2.Poomalaikundu (R.V), Kattunayakkanpatti (P), Ward-5 Harijana Colony
3.Poomalaikundu (R.V), Kattunayakkanpatti (P), Ward-2 Kattunayakkanpatti Harijana Colony
4.Poomalaikundu (R.V), Kattunayakkanpatti (P), Ward-2 Harijana Colony North Street
999.OVERSEAS ELECTORS",Dravida Munnetra Kazhagam,292,191,101,Tamilaga Vettri Kazhagam,4,3,1,6,7,2,7,5,16.58456486042693,6,2.298850574712644,17.07717569786535,47.94745484400657,0.3284072249589491,0.0,31.36288998357964,0.0,0.9852216748768473,1
296,296,32,269,210,1,0,200,0,5,0,0,1,0,0,1,3,717,0,5,722,0,"Panchayat Union Middle School, Western Buliding, Kattunayakkanpatti","1.Poomalaikundu (R.V), Kattunayakanpatti (P), Ward-1 Kattunayakkanpatti West Street
2.Poomalaikundu (R.V), Kattunayakanpatti (P), Ward-1 South Street
3.Poomalaikundu (R.V), Kattunayakanpatti (P), Ward-1 East Street
4.Poomalaikundu (R.V), Kattunayakanpatti (P), Ward-3 Perumal Kovil Street
5.Poomalaikundu (R.V), Kattunayakanpatti (P), Ward-3 West Street
999.OVERSEAS ELECTORS",All India Anna Dravida Munnetra Kazhagam,269,210,59,Dravida Munnetra Kazhagam,4,1,2,6,7,3,7,5,8.228730822873082,5,4.463040446304045,37.51743375174338,29.28870292887029,0.1394700139470014,0.0,27.89400278940028,0.0,0.697350069735007,2
297,297,60,32,292,2,1,175,0,6,0,0,0,2,4,0,0,568,0,2,570,0,"Govt.Higher Sec. School, Southern Side 2nd Room From West, Kottur","1.Kottur (R.V) And (P), Ward-1 Kaliyamman Kovil Street
2.Kottur (R.V) And (P), Ward-1 A.D School Street
999.OVERSEAS ELECTORS",Dravida Munnetra Kazhagam,292,175,117,Tamilaga Vettri Kazhagam,3,4,1,6,7,2,8,5,20.59859154929578,6,10.56338028169014,5.633802816901409,51.40845070422535,0.3521126760563381,0.176056338028169,30.80985915492958,0.0,1.056338028169014,1
298,298,69,27,279,2,1,162,0,2,0,0,0,0,0,1,0,542,0,3,545,0,"Govt.Higher Sec. School, Southern Side 6th Room From West Kottur","1.Kottur (R.V) And (P), Ward-1 Darmapuri Main Road
2.Kottur (R.V) And (P), Ward-1 Veerappa Aiyyanar Kovil Street
3.Kottur (R.V) And (P), Ward-1 Middle School Street
999.OVERSEAS ELECTORS",Dravida Munnetra Kazhagam,279,162,117,Tamilaga Vettri Kazhagam,3,4,1,5,7,2,8,5,21.58671586715867,2,12.73062730627306,4.981549815498155,51.47601476014761,0.3690036900369004,0.1845018450184502,29.88929889298893,0.0,0.3690036900369004,1
299,299,100,73,425,1,0,318,0,6,0,0,0,1,2,2,0,923,0,4,927,0,"Panchayat Union Ele. School,West Building,South Side, Kottur","1.Kottur (R.V) And (P), Ward-1 Ambedkar Street
2.Kottur (R.V) And (P), Ward-1 Chellaie Kovil Street
3.Kottur (R.V) And (P), Ward-1 Rice Mill Street
999.OVERSEAS ELECTORS",Dravida Munnetra Kazhagam,425,318,107,Tamilaga Vettri Kazhagam,3,4,1,6,7,2,7,5,11.59263271939328,6,10.83423618634886,7.90899241603467,46.04550379198267,0.1083423618634886,0.0,34.45287107258938,0.0,0.6500541711809318,3
300,300,56,55,234,4,0,216,0,1,0,0,0,0,1,0,0,566,0,2,568,0,"Panchayat Union Ele. School,West Building, North Side, Kottur","1.Kottur (R.V) And (P), Aasari Street
2.Kottur (R.V) And (P), Masuthi Street
3.Kottur (R.V) And (P), V.M.Savadi Street
4.Kottur (R.V) And (P), Panchayat Union School Street
5.Kottur (R.V) And (P), Darmapuri Main Road
6.Kottur (R.V) And (P), S.P.S Colony
7.Kottur (R.V) And (P), Kumuli Road
999.OVERSEAS ELECTORS",Dravida Munnetra Kazhagam,234,216,18,Tamilaga Vettri Kazhagam,3,4,1,5,7,2,7,6,3.180212014134275,1,9.89399293286219,9.717314487632509,41.34275618374559,0.7067137809187279,0.0,38.16254416961131,0.0,0.176678445229682,3
301,301,36,24,311,1,2,238,1,1,0,0,0,0,1,0,0,614,0,0,614,0,"Govt.Higher Sec. School,Main Gate Near, Center South Side, Building, Kottur","1.Kottur (R.V) And (P), R.C Street
999.OVERSEAS ELECTORS",Dravida Munnetra Kazhagam,311,238,73,Tamilaga Vettri Kazhagam,3,4,1,6,5,2,6,6,11.88925081433225,1,5.863192182410423,3.908794788273615,50.65146579804561,0.1628664495114007,0.3257328990228013,38.76221498371336,0.1628664495114007,0.1628664495114007,3
302,302,49,36,282,0,2,192,0,2,1,0,0,0,0,1,0,563,0,1,564,0,"Govt.Higher Sec. School, Northern Side 2nd Room From West (Near Auditorium) Kottur","1.Kottur (R.V) And (P), Arunthathiyar Street
2.Kottur (R.V) And (P), Dodi Street
3.Kottur (R.V) And (P), Ambedkar Street
4.Kottur (R.V) And (P), Mudakkuth Street
999.OVERSEAS ELECTORS",Dravida Munnetra Kazhagam,282,192,90,Tamilaga Vettri Kazhagam,3,4,1,7,5,2,7,5,15.98579040852576,2,8.703374777975133,6.394316163410302,50.08880994671403,0.0,0.3552397868561279,34.10301953818828,0.0,0.3552397868561279,1
303,303,37,67,238,3,0,149,0,2,0,0,0,1,1,0,0,496,0,3,499,0,"Govt. Hr. Sec. School, Eastern Side,  1St Block From South Kottur","1.Kottur (R.V) And (P), Ward-5  Iyyanar Kovil Street
2.Kottur (R.V) And (P), Ward-5  Arrasamarathu Street
3.Kottur (R.V) And (P), Ward-5  Masuthi Street
999.OVERSEAS ELECTORS",Dravida Munnetra Kazhagam,238,149,89,Tamilaga Vettri Kazhagam,4,3,1,5,7,2,7,6,17.94354838709678,2,7.459677419354839,13.50806451612903,47.98387096774194,0.6048387096774194,0.0,30.04032258064516,0.0,0.4032258064516129,1
304,304,52,45,239,1,0,166,0,6,0,1,0,1,1,1,0,509,0,1,510,0,"Govt. Hr. Sec. School, Eastern Side,2nd Block From South Kottur","1.Kottur (R.V) And (P), Ward-5 Seelaikkari Kovil Street
2.Kottur (R.V) And (P), Ward-5  Thankamal Kovil Street
3.Kottur (R.V) And (P), Ward-5  Periya Kovil Street
4.Kottur (R.V) And (P), Ward-5  Post Office Street
5.Kottur (R.V) And (P), Ward-5  Mandukkal Street
6.Kottur (R.V) And (P), Ward-5  Banyan Street
999.OVERSEAS ELECTORS",Dravida Munnetra Kazhagam,239,166,73,Tamilaga Vettri Kazhagam,3,4,1,6,7,2,7,5,14.34184675834971,6,10.21611001964637,8.840864440078585,46.95481335952849,0.1964636542239686,0.0,32.61296660117878,0.0,1.178781925343811,1
305,305,92,91,466,1,0,176,0,2,0,0,0,0,2,0,0,828,0,7,835,0,"Kambar Middle School, Main Building South Side,  Seelaiyampatti","1.Seelaiyampatti (R.V) And (P), Ward-1 Seelayampatti North Street
2.Seelaiyampatti (R.V) And (P), Ward-1 Veppampatti Road
3.Seelaiyampatti (R.V) And (P), Ward-1 Panchayat Union Street
999.OVERSEAS ELECTORS",Dravida Munnetra Kazhagam,466,176,290,Tamilaga Vettri Kazhagam,3,4,1,6,7,2,7,5,35.02415458937198,2,11.11111111111111,10.99033816425121,56.28019323671497,0.1207729468599034,0.0,21.25603864734299,0.0,0.2415458937198068,1
306,306,43,64,293,2,3,184,1,5,0,0,0,0,5,0,0,595,0,6,601,0,"Kambar Middle School, Main Building North Side,  Seelaiyampatti","1.Seelaiyampatti (R.V) And (P), Ward-1 Arunthathiyar Street
2.Seelaiyampatti (R.V) And (P), Ward-4 Arunthathiyar Street
3.Seelaiyampatti (R.V) And (P), Ward-4 Bagavathiyamman Kovil Street
4.Seelaiyampatti (R.V) And (P), Ward-4 Punchayat Union Street
5.Seelaiyampatti (R.V) And (P), Ward 4 Dobi Line
6.Seelaiyampatti (R.V) And (P), Ward-4 Main Road
999.OVERSEAS ELECTORS",Dravida Munnetra Kazhagam,293,184,109,Tamilaga Vettri Kazhagam,4,3,1,7,6,2,8,5,18.31932773109244,5,7.226890756302522,10.7563025210084,49.2436974789916,0.3361344537815126,0.5042016806722689,30.92436974789916,0.1680672268907563,0.8403361344537815,1
307,307,45,96,312,2,0,174,0,13,1,1,1,3,4,1,0,642,0,7,649,0,"Kambar Middle School   , Main Building Central Side, Seelaiyampatti.","1.Seelaiyampatti (R.V) And (P), Ward-1 Seelaiyampatti Sappani Kovil Street
2.Seelaiyampatti (R.V) And (P), Ward-2 Kaliyamman Kovil Street
3.Seelaiyampatti (R.V) And (P), Ward-2 Salaipatti 3rd Street
4.Seelaiyampatti (R.V) And (P), Ward-2 Periya Ravuthar Street
999.OVERSEAS ELECTORS",Dravida Munnetra Kazhagam,312,174,138,Tamilaga Vettri Kazhagam,4,3,1,6,7,2,7,5,21.49532710280374,13,7.009345794392523,14.95327102803738,48.5981308411215,0.3115264797507788,0.0,27.10280373831775,0.0,2.024922118380062,1
308,308,30,36,401,1,1,154,1,3,0,0,1,1,0,1,0,627,0,4,631,0,"Kambar Middle School   , South Building Central Side, Seelaiyampatti.","1.Seelaiyampatti (R.V) And (P), Ward-2 Pallivasal Street
2.Seelaiyampatti (R.V) And (P), Ward-4 Dobi Line
3.Seelaiyampatti (R.V) And (P), Ward-4 Chettiyar Street
4.Seelaiyampatti (R.V) And (P), Ward-4 Vannar Line
999.OVERSEAS ELECTORS",Dravida Munnetra Kazhagam,401,154,247,Tamilaga Vettri Kazhagam,4,3,1,6,6,2,6,5,39.39393939393939,3,4.784688995215311,5.741626794258373,63.95534290271132,0.1594896331738437,0.1594896331738437,24.56140350877193,0.1594896331738437,0.4784688995215311,1
309,309,69,87,297,1,0,204,1,9,0,0,0,2,5,0,1,668,0,0,668,0,"Bharathi Middle School, Main Building, Seelayaimpatti","1.Seelaiyampatti (R.V) And (P), Ward-3 Bagavathiyamman Kovil Street
2.Seelaiyampatti (R.V) And (P), Ward-5 Ambedkar Colony
999.OVERSEAS ELECTORS",Dravida Munnetra Kazhagam,297,204,93,Tamilaga Vettri Kazhagam,4,3,1,6,8,2,6,5,13.92215568862275,9,10.32934131736527,13.02395209580838,44.46107784431138,0.1497005988023952,0.0,30.53892215568862,0.1497005988023952,1.347305389221557,1
310,310,20,100,149,2,0,240,1,8,0,1,0,3,1,1,0,520,0,2,522,0,"Bharathi Middle School, South Building, Seelayaimpatti","1.Seelaiyampatti (R.V) And (P), Ward-3 Seelayaimpatti Muthalamman Kovil Street
2.Seelaiyampatti (R.V) And (P), Ward-3 Iyyar Street
3.Seelaiyampatti (R.V) And (P), Ward-3 Nattamai Street
4.Seelaiyampatti (R.V) And (P), Ward-3 Bharathi School Street
5.Seelaiyampatti (R.V) And (P), Ward-3  West Street
999.OVERSEAS ELECTORS",Tamilaga Vettri Kazhagam,240,149,91,Dravida Munnetra Kazhagam,4,3,2,6,8,1,7,5,17.5,8,3.846153846153846,19.23076923076923,28.65384615384615,0.3846153846153846,0.0,46.15384615384615,0.1923076923076923,1.538461538461539,0
311,311,36,144,124,0,2,325,0,4,0,2,0,1,0,1,0,635,0,0,635,0,"Hindui Middle School, Eastern Side Near Office Room Seelayaimpatti","1.Seelaiyampatti (R.V) And (P), Ward-5 Seelayampatti Kanthasami Chetiyar Street
2.Seelaiyampatti (R.V) And (P), Ward-5 Sundalkarar Street
3.Seelaiyampatti (R.V) And (P), Ward-5 Main road
4.Seelaiyampatti (R.V) And (P), Ward-5 Kutchanur Road
5.Seelaiyampatti (R.V) And (P), Ward-5 Pillaiyar Compound
6.Seelaiyampatti (R.V) And (P), Ward-5 Chettiyar Savadi Street
7.Seelaiyampatti (R.V) And (P), Ward-5 Vellaipandi Street
8.Seelaiyampatti (R.V) And (P), Ward-5 Sabapathi Street
999.OVERSEAS ELECTORS",Tamilaga Vettri Kazhagam,325,144,181,All India Anna Dravida Munnetra Kazhagam,4,2,3,7,6,1,7,5,28.50393700787401,4,5.669291338582677,22.67716535433071,19.52755905511811,0.0,0.3149606299212598,51.18110236220473,0.0,0.6299212598425197,3
312,312,18,104,101,1,0,275,1,8,0,1,0,3,2,1,0,508,0,6,514,0,"Hindui Middle School, Western Side Near Water Tank Seelayaimpatti","1.Seelaiyampatti (R.V) And (P), Ward-5 South Vannar Street
2.Seelaiyampatti (R.V) And (P), Ward-2 Chettiyar Street
3.Seelaiyampatti (R.V) And (P), Ward-2 Poosari Street
4.Seelaiyampatti (R.V) And (P), Ward-2 Hindu School Street
999.OVERSEAS ELECTORS",Tamilaga Vettri Kazhagam,275,104,171,All India Anna Dravida Munnetra Kazhagam,4,2,3,6,8,1,6,5,33.66141732283464,8,3.543307086614173,20.47244094488189,19.88188976377953,0.1968503937007874,0.0,54.13385826771654,0.1968503937007874,1.574803149606299,0
313,313,48,62,527,4,2,300,1,12,0,2,2,3,3,1,1,956,0,1,957,0,"Govt. Hr.Sec. School, South Side Eastern Block Building, Dharmapuri","1.Poomalaikundu (R.V), Dharmapuri (P), Ward-1 Dharmapuri East Street
2.Poomalaikundu (R.V), Dharmapuri (P), Ward-1 Main Road
3.Poomalaikundu (R.V), Dharmapuri (P), Ward-1 South Street
4.Poomalaikundu (R.V), Dharmapuri (P), Ward-1 West Street
999.OVERSEAS ELECTORS",Dravida Munnetra Kazhagam,527,300,227,Tamilaga Vettri Kazhagam,4,3,1,6,7,2,8,5,23.74476987447699,12,5.02092050209205,6.485355648535565,55.1255230125523,0.4184100418410042,0.2092050209205021,31.38075313807531,0.104602510460251,1.255230125523012,1
314,314,28,33,465,3,1,241,0,9,0,0,0,2,5,2,0,780,0,2,782,0,"Govt. Hr.Sec. School, South Side Western Block Building, Dharmapuri","1.Poomalaikundu (R.V), Dharmapuri (P), Ward-2 Ration Shop Street
2.Poomalaikundu (R.V), Dharmapuri (P), Ward-2 Sillari Oodai Street
3.Poomalaikundu (R.V), Dharmapuri (P), Ward-2 Kannadikkararar Street
4.Poomalaikundu (R.V), Dharmapuri (P), Ward-2 Middle Street
999.OVERSEAS ELECTORS",Dravida Munnetra Kazhagam,465,241,224,Tamilaga Vettri Kazhagam,4,3,1,6,7,2,8,5,28.71794871794872,9,3.589743589743589,4.230769230769231,59.61538461538461,0.3846153846153846,0.1282051282051282,30.8974358974359,0.0,1.153846153846154,1
315,315,44,34,319,2,0,253,0,7,0,0,2,3,0,1,1,659,0,2,661,0,"Govt.Higher Sec. School, Western Side Northern Block North Room Dharmapuri","1.Poomalaikundu (R.V), Dharmapuri (P), Ward-3 Dharmapuri North Street
2.Poomalaikundu (R.V), Dharmapuri (P), South Street
999.OVERSEAS ELECTORS",Dravida Munnetra Kazhagam,319,253,66,Tamilaga Vettri Kazhagam,3,4,1,6,7,2,7,5,10.01517450682853,7,6.676783004552352,5.159332321699544,48.40667678300456,0.3034901365705615,0.0,38.39150227617603,0.0,1.062215477996965,3
316,316,35,38,371,5,1,203,0,7,0,1,0,1,3,2,0,660,0,3,663,0,"Govt.Higher Sec. School, Eastern Side Northern Block North Room Dharmapuri","1.Poomalaikundu (R.V), Dharmapuri (P), Harijana Colony
2.Poomalaikundu (R.V), Dharmapuri (P), South West Street
3.Poomalaikundu (R.V), Dharmapuri (P), Ward-1 North Western Street
999.OVERSEAS ELECTORS",Dravida Munnetra Kazhagam,371,203,168,Tamilaga Vettri Kazhagam,4,3,1,6,7,2,8,5,25.45454545454545,7,5.303030303030303,5.757575757575758,56.21212121212121,0.7575757575757576,0.1515151515151515,30.75757575757575,0.0,1.060606060606061,1
317,317,100,143,206,0,2,245,0,8,1,0,0,1,1,4,1,704,0,32,736,0,"Narasinga Perumal Vidhyalaya Middle School, South Building, Poomalaikundu","1.Poomalaikundu (R.V) And (P), Poomalaikkundu East Street
2.Poomalaikundu (R.V) And (P), Main road
3.Poomalaikundu (R.V) And (P), South St
4.Poomalaikundu (R.V) And (P), Ward-2 South Street
5.Poomalaikundu (R.V) And (P), Ward-2 Middle Street
999.OVERSEAS ELECTORS",Tamilaga Vettri Kazhagam,245,206,39,Dravida Munnetra Kazhagam,4,3,2,7,6,1,7,5,5.539772727272728,8,14.20454545454546,20.3125,29.26136363636364,0.0,0.2840909090909091,34.80113636363637,0.0,1.136363636363636,3
318,318,88,157,163,1,1,221,0,6,0,1,1,0,2,2,0,637,0,16,653,0,"Narasinga Perumal Vidhyalaya Middle School, North Building, Poomalaikundu","1.Poomalaikundu (R.V) And (P), Ward-3 Middle Street
2.Poomalaikundu (R.V) And (P), Ward-3 West Street
3.Poomalaikundu (R.V) And (P), Ward-4 West Street
4.Poomalaikundu (R.V) And (P), Ward-4 Middle Street
5.Poomalaikundu (R.V) And (P), Ward-4 North Street
999.OVERSEAS ELECTORS",Tamilaga Vettri Kazhagam,221,163,58,Dravida Munnetra Kazhagam,4,3,2,6,6,1,8,5,9.105180533751962,6,13.81475667189953,24.64678178963893,25.58869701726845,0.1569858712715856,0.1569858712715856,34.69387755102041,0.0,0.9419152276295133,3
319,319,27,83,383,3,2,193,1,6,0,0,0,1,2,2,1,698,0,1,699,0,"Panchayat Union Ele. School, South New Building Eastern Side, Jangalpatti","1.Jangalpatti (R.V) And (P), Ward-1 Jangalpatti North Street
999.OVERSEAS ELECTORS",Dravida Munnetra Kazhagam,383,193,190,Tamilaga Vettri Kazhagam,4,3,1,6,7,2,8,5,27.22063037249284,6,3.868194842406877,11.89111747851003,54.87106017191977,0.4297994269340975,0.2865329512893983,27.65042979942693,0.1432664756446991,0.8595988538681949,1
320,320,25,75,269,4,3,196,1,5,0,0,0,1,1,2,1,578,0,2,580,0,"Panchayat Union Ele. School, Eastern Building, Jangalpatti","1.Jangalpatti (R.V) And (P), Ward-1 Jangalpatti South Street
2.Jangalpatti (R.V) And (P), Ward-5 Narayanapuram
3.Jangalpatti (R.V) And (P), Ward-5 Karuppanatha Devanpatti
999.OVERSEAS ELECTORS",Dravida Munnetra Kazhagam,269,196,73,Tamilaga Vettri Kazhagam,4,3,1,6,7,2,8,5,12.62975778546713,5,4.325259515570934,12.9757785467128,46.53979238754326,0.6920415224913495,0.5190311418685121,33.91003460207612,0.1730103806228374,0.8650519031141869,0
321,321,31,79,232,2,0,156,1,7,0,0,0,1,2,4,0,508,0,2,510,0,"Govt.High School, Southern Side Western Block Middle Room Lakshmipuram","1.Jangalpatti (R.V) And (P), Ward-3 Lakshmipuram North Street
999.OVERSEAS ELECTORS",Dravida Munnetra Kazhagam,232,156,76,Tamilaga Vettri Kazhagam,4,3,1,6,8,2,7,5,14.96062992125984,7,6.102362204724409,15.55118110236221,45.66929133858268,0.3937007874015748,0.0,30.70866141732284,0.1968503937007874,1.377952755905512,1
322,322,31,99,280,4,1,189,0,16,1,1,0,3,6,1,0,620,0,1,621,0,"Govt. High School, Western Side New Building North Side Room Lakshmipuram","1.Jangalpatti (R.V) And (P), Ward-3 Harijana Colony
2.Jangalpatti (R.V) And (P), Ward-4 Harijana Colony
3.Jangalpatti (R.V) And (P), Ward-4 Middle Street
999.OVERSEAS ELECTORS",Dravida Munnetra Kazhagam,280,189,91,Tamilaga Vettri Kazhagam,4,3,1,6,7,2,8,5,14.67741935483871,16,5.0,15.96774193548387,45.16129032258064,0.6451612903225806,0.1612903225806452,30.48387096774193,0.0,2.580645161290323,0
323,323,33,52,397,1,1,212,0,14,1,0,0,3,3,5,0,710,0,0,710,0,"Sri Rama Krishna Vidhyalayam Govt Primary School, Govt High School Compound Southern Side East Block Middle Room Lakshmipuram","1.Jangalpatti (R.V) And (P), Ward-2 Solaithevanpatti Pathinetampadi Street
2.Jangalpatti (R.V) And (P), Ward-2 Solaimalai Street
3.Jangalpatti (R.V) And (P), Ward-4 Lakshmipuram West Street
999.OVERSEAS ELECTORS",Dravida Munnetra Kazhagam,397,212,185,Tamilaga Vettri Kazhagam,4,3,1,6,6,2,8,5,26.05633802816901,14,4.647887323943662,7.323943661971831,55.91549295774648,0.1408450704225352,0.1408450704225352,29.85915492957746,0.0,1.971830985915493,1
324,324,17,115,186,0,1,211,1,11,0,0,2,3,2,2,2,542,0,2,544,0,"S.V.Kalaimagal Middle School, Western Building, Kuppinayakkanpatti","1.Govindanagaram (R.V), Kuppinayakanpatti (P), Ward-1 School Street
2.Govindanagaram (R.V), Kuppinayakanpatti (P), Ward-1 West Street
3.Govindanagaram (R.V), Kuppinayakanpatti (P), Ward-2 Kullathuppatti Street
999.OVERSEAS ELECTORS",Tamilaga Vettri Kazhagam,211,186,25,Dravida Munnetra Kazhagam,4,3,2,8,6,1,6,5,4.612546125461255,11,3.136531365313653,21.21771217712177,34.31734317343174,0.0,0.1845018450184502,38.92988929889299,0.1845018450184502,2.029520295202952,0
325,325,25,125,286,2,1,280,0,6,0,1,0,2,2,0,0,725,0,4,729,0,"S.V.Kalaimagal Middle School, Southern Building, Western Side, Kuppinayakkanpatti","1.Govindanagaram (R.V), Kuppinayakanpatti (P), Ward-2 East Street
2.Govindanagaram (R.V), Kuppinayakanpatti (P), Ward-2 Thendral Nagar
3.Govindanagaram (R.V), Kuppinayakanpatti (P), Ward-3 Jakkampatti
4.Govindanagaram (R.V), Kuppinayakanpatti (P), Ward-3 Anbuchamy Nagar
999.OVERSEAS ELECTORS",Dravida Munnetra Kazhagam,286,280,6,Tamilaga Vettri Kazhagam,4,3,1,6,7,2,8,5,0.8275862068965517,6,3.448275862068965,17.24137931034483,39.44827586206897,0.2758620689655172,0.1379310344827586,38.62068965517241,0.0,0.8275862068965517,3
326,326,35,82,212,1,1,169,0,10,0,0,0,2,4,4,0,510,0,2,512,0,"Muthaiah Aided Ele. School, North Side, Dhuraichamipuram","1.Kutchanur (R.V) And (TP), Ward-1 Ammapatti Main Street
2.Kutchanur (R.V) And (TP), Ward-1 Kakkan Street
3.Kutchanur (R.V) And (TP), Ward-1 Muthaiya Kovil Street
999.OVERSEAS ELECTORS",Dravida Munnetra Kazhagam,212,169,43,Tamilaga Vettri Kazhagam,4,3,1,6,6,2,8,5,8.431372549019608,10,6.862745098039216,16.07843137254902,41.56862745098039,0.196078431372549,0.196078431372549,33.13725490196078,0.0,1.96078431372549,3
327,327,27,145,348,7,2,258,3,9,1,0,4,1,3,0,0,799,0,4,803,0,"Muthaiah Aided Ele. School, South Side, Dhuraichamipuram","1.Kutchanur (R.V) And (TP), Ward-1 Dhuraisamipuram Uppukotai Road 4
2.Kutchanur (R.V) And (TP), Ward-1 Muthunagar
3.Kutchanur (R.V) And (TP), Ward-1 Pasumpon Muthuramalingathevar Street
4.Kutchanur (R.V) And (TP), Ward-1 Mela Street 3rd Line
999.OVERSEAS ELECTORS",Dravida Munnetra Kazhagam,348,258,90,Tamilaga Vettri Kazhagam,4,3,1,6,8,2,7,5,11.26408010012516,9,3.379224030037547,18.1476846057572,43.55444305381727,0.8760951188986232,0.2503128911138924,32.29036295369212,0.3754693366708385,1.126408010012516,0
328,328,28,96,178,0,0,200,1,10,0,0,0,7,2,0,0,513,0,3,516,0,"Govt. Hr. Sec. School, North Facing South Side Building, Kutchanur","1.Kutchanur (R.V) And (TP), Ward-1 Kutchanur Society 1st Street
2.Kutchanur (R.V) And (TP), Ward-4 Kutchanur Society 2nd Street
3.Kutchanur (R.V) And (TP), Ward-4 Kutchanur Society 3rd Street
4.Kutchanur (R.V) And (TP), Ward-4 V.O.C.Main Street First Line
5.Kutchanur (R.V) And (TP), Ward-5 Nethaji Street
6.Kutchanur (R.V) And (TP), Ward-5 Poosari Muthuppillai Street
999.OVERSEAS ELECTORS",Tamilaga Vettri Kazhagam,200,178,22,Dravida Munnetra Kazhagam,4,3,2,7,7,1,6,5,4.28849902534113,10,5.458089668615984,18.71345029239766,34.69785575048733,0.0,0.0,38.98635477582846,0.1949317738791423,1.949317738791423,3
329,329,12,81,222,4,0,187,1,3,0,0,1,1,1,0,0,510,0,2,512,0,"Govt. Hr. Sec. School, East Facing South West Side Building, Kutchanur","1.Kutchanur (R.V) And (TP), Ward-5 Uthamappalayam Road
2.Kutchanur (R.V) And (TP), Ward-6 Sanibagavan Kovil Main Street
3.Kutchanur (R.V) And (TP), Ward-6 Velayuthampillai Street
4.Kutchanur (R.V) And (TP), Sanibagavan kovil Street 1st line
5.Kutchanur (R.V) And (TP), Ward-4 Society Street
6.Kutchanur (R.V) And (TP), Ward-4 V.O.C.Street
999.OVERSEAS ELECTORS",Dravida Munnetra Kazhagam,222,187,35,Tamilaga Vettri Kazhagam,4,3,1,5,8,2,7,6,6.862745098039216,3,2.352941176470588,15.88235294117647,43.52941176470588,0.7843137254901961,0.0,36.66666666666666,0.196078431372549,0.5882352941176471,3
330,330,17,36,313,3,1,131,1,7,0,0,0,2,2,2,0,509,0,0,509,0,"Panchayat Union Ele. School,North Building South Facing East Side, Kutchanur","1.Kutchanur (R.V) And (TP), Ward-7 Kutchanur Uthamappalayam Road
2.Kutchanur (R.V) And (TP), Ward-7 Pallivasal Main Street
999.OVERSEAS ELECTORS",Dravida Munnetra Kazhagam,313,131,182,Tamilaga Vettri Kazhagam,4,3,1,6,7,2,7,5,35.75638506876228,7,3.339882121807466,7.072691552062868,61.49312377210217,0.5893909626719057,0.1964636542239686,25.73673870333988,0.1964636542239686,1.37524557956778,1
331,331,21,41,316,2,0,119,1,5,0,1,1,1,1,1,0,505,0,3,508,0,"Panchayat Union Ele. School, North Building, South Facing, Middle Portion Class Room, Kutchanur","1.Kutchanur (R.V) And (TP), Ward-8 Gandhiji Main Street
2.Kutchanur (R.V) And (TP), Ward-8 Gandhiji Main Street 1st Line
3.Kutchanur (R.V) And (TP), Ward-8 Gandhiji Main Street 2nd Line
4.Kutchanur (R.V) And (TP), Ward-8 Gandhiji Main Street 3rd Line
5.Kutchanur (R.V) And (TP), Ward-10 Nethaji Street 1st Line
6.Kutchanur (R.V) And (TP), Ward-11 Nethaji Street 2nd Line
999.OVERSEAS ELECTORS",Dravida Munnetra Kazhagam,316,119,197,Tamilaga Vettri Kazhagam,4,3,1,6,8,2,7,5,39.00990099009901,5,4.158415841584159,8.118811881188119,62.57425742574257,0.3960396039603961,0.0,23.56435643564356,0.198019801980198,0.9900990099009901,1
332,332,32,120,242,4,2,229,1,9,1,0,0,4,2,0,2,639,0,1,640,0,"Panchayat Union Ele. School,North Building South Facing West Side, Kutchanur","1.Kutchanur (R.V) And (TP), Ward-9 Pattalamman Kovil Street
2.Kutchanur (R.V) And (TP), Ward-9 Main Road
3.Kutchanur (R.V) And (TP), Ward-11 Mariyamman Kovil Street
4.Kutchanur (R.V) And (TP), Ward-10 Perumal Kovil Street
999.OVERSEAS ELECTORS",Dravida Munnetra Kazhagam,242,229,13,Tamilaga Vettri Kazhagam,4,3,1,6,7,2,8,5,2.034428794992175,9,5.007824726134586,18.77934272300469,37.8716744913928,0.6259780907668232,0.3129890453834116,35.83724569640063,0.1564945226917058,1.408450704225352,0
333,333,36,74,320,1,1,215,1,9,0,0,1,5,0,1,2,657,0,2,659,0,"Panchayat Union Ele. School,West Facing, East Side,New Building,  Kutchanur","1.Kutchanur (R.V) And (TP), Ward-12 Barathiyar Main Street
2.Kutchanur (R.V) And (TP), Ward-12 Dr.Ambedkar Street
3.Kutchanur (R.V) And (TP), Ward-12 Indiragandhi Main Street
4.Kutchanur (R.V) And (TP), Ward-12 Indhiragandhi Main Street 1st Line
5.Kutchanur (R.V) And (TP), Ward-12 Rajaji Street- Ambethkar Street
6.Kutchanur (R.V) And (TP), Ward-12 Rajapalayam Main Street
999.OVERSEAS ELECTORS",Dravida Munnetra Kazhagam,320,215,105,Tamilaga Vettri Kazhagam,4,3,1,6,6,2,6,5,15.98173515981735,9,5.47945205479452,11.26331811263318,48.7062404870624,0.15220700152207,0.15220700152207,32.72450532724505,0.15220700152207,1.36986301369863,1
334,334,16,87,169,1,2,202,0,2,0,0,0,1,1,0,0,479,0,1,480,0,"Panchayat Union Ele School, South facing North Side Building, Eastern Portion, Pulikuthi","1.Pulikuthi (R.V) And (P), Ward-1 East Street
2.Pulikuthi (R.V) And (P), Ward-1 Old Colony Street
3.Pulikuthi (R.V) And (P), Ward-1 Ramar Kovil Street
4.Pulikuthi (R.V) And (P), Ward-2 East Street
999.OVERSEAS ELECTORS",Tamilaga Vettri Kazhagam,202,169,33,Dravida Munnetra Kazhagam,4,3,2,7,5,1,8,5,6.889352818371608,2,3.340292275574112,18.16283924843424,35.28183716075156,0.208768267223382,0.417536534446764,42.17118997912318,0.0,0.417536534446764,3
335,335,11,54,140,2,3,255,1,8,0,0,1,5,2,0,0,474,0,1,475,0,"Panchayat Union Ele School, South facing North Side Building, Western Portion, Pulikuthi","1.Pulikuthi (R.V) And (P), Ward-3 South Street
2.Pulikuthi (R.V) And (P), Ward-3 Savadi Street
3.Pulikuthi (R.V) And (P), Ward-3 Main Road
4.Pulikuthi (R.V) And (P), Ward-3 Old Colony Street
5.Pulikuthi (R.V) And (P), Ward-3 New Colony Street
6.Pulikuthi (R.V) And (P), Ward-3 Gandhi Nagar
999.OVERSEAS ELECTORS",Tamilaga Vettri Kazhagam,255,140,115,Dravida Munnetra Kazhagam,4,3,2,7,6,1,8,5,24.26160337552743,8,2.320675105485232,11.39240506329114,29.53586497890295,0.4219409282700421,0.6329113924050633,53.79746835443038,0.2109704641350211,1.687763713080169,0
336,336,42,147,276,2,6,397,3,10,0,1,2,3,3,0,1,883,0,8,891,0,"Panchayat Union Ele School, South facing North Side Building, Pulikuthi","1.Pulikuthi (R.V) And (P), Ward-4 Middle Street
2.Pulikuthi (R.V) And (P), Ward-4 Main Road
3.Pulikuthi (R.V) And (P), Ward-4 Govt.High School Street
4.Pulikuthi (R.V) And (P), Ward-5  West Street
5.Pulikuthi (R.V) And (P), Ward-5 Saraswathi Nagar Street
6.Pulikuthi (R.V) And (P), Ward-5 Thangamuthu Nagar Street
7.Pulikuthi (R.V) And (P), Ward-5 Kariyakkammal Kovil Street
8.Pulikuthi (R.V) And (P), Ward-5 Jothi Nagar Street
9.Pulikuthi (R.V) And (P), Ward-5 Main Road
999.OVERSEAS ELECTORS",Tamilaga Vettri Kazhagam,397,276,121,Dravida Munnetra Kazhagam,4,3,2,8,6,1,7,5,13.70328425821065,10,4.756511891279728,16.64779161947905,31.25707814269536,0.2265005662514157,0.6795016987542469,44.960362400906,0.3397508493771235,1.132502831257078,0
337,337,74,197,310,2,1,182,1,8,0,0,0,2,3,2,1,775,0,3,778,0,"Panchayat Union Middle School, Ayyampatti","1.Pulikuthi (R.V), Ayyampatti (P), Ward-1 Kutchanur Road
2.Pulikuthi (R.V), Ayyampatti (P), Ward-1 Old Aathithiravidar Colony
3.Pulikuthi (R.V), Ayyampatti (P), Ward-1 Punchayat Union School Ground
4.Pulikuthi (R.V), Ayyampatti (P), Ward-1 East Street
5.Pulikuthi (R.V), Ayyampatti (P), Ward-1 New Aathithiravidar Colony
6.Pulikuthi (R.V), Ayyampatti (P), Ward-2 Jallikatu Street
7.Pulikuthi (R.V), Ayyampatti (P), Ward-2  Bus Stand Near
8.Pulikuthi (R.V), Ayyampatti (P), Ward-3 Mahalir Health Center Line
9.Pulikuthi (R.V), Ayyampatti (P), Ward-3 Water Pumping Center
10.Pulikuthi (R.V), Ayyampatti (P), Ward-3 North Street
11.Pulikuthi (R.V), Ayyampatti (P), Ward-3 Pulikuthi Road
999.OVERSEAS ELECTORS",Dravida Munnetra Kazhagam,310,197,113,All India Anna Dravida Munnetra Kazhagam,4,2,1,6,7,3,7,5,14.58064516129032,8,9.548387096774194,25.41935483870968,40.0,0.2580645161290323,0.1290322580645161,23.48387096774194,0.1290322580645161,1.032258064516129,1
338,338,84,158,399,1,0,164,0,5,0,0,1,2,1,0,0,811,0,5,816,0,"Panchayat Union Middle School, North Side, Ayyampatti","1.Pulikuthi (R.V), Ayyampatti (P), Ward-2 South Street
2.Pulikuthi (R.V), Ayyampatti (P), Ward-2  Ration Shop Street
3.Pulikuthi (R.V), Ayyampatti (P), Ward-2  Middle Street
4.Pulikuthi (R.V), Ayyampatti (P), Ward-3 Middle Street
5.Pulikuthi (R.V), Ayyampatti (P), Ward-3 Kovil Street
6.Pulikuthi (R.V), Ayyampatti (P), Ward-4 West Street
7.Pulikuthi (R.V), Ayyampatti (P), Ward-4 West Colony
999.OVERSEAS ELECTORS",Dravida Munnetra Kazhagam,399,164,235,Tamilaga Vettri Kazhagam,4,3,1,6,7,2,7,5,28.97657213316893,5,10.35758323057953,19.48212083847102,49.19852034525277,0.1233045622688039,0.0,20.22194821208385,0.0,0.6165228113440198,1
339,339,55,131,407,3,1,324,1,12,0,1,2,2,1,0,2,934,0,3,937,0,"Govt. Kallar Ele. School, North facing  East Building, Markkaiyankottai","1.Markkaiyankottai (R.V) And (T.P), Ward-1 Niranikkan Street
2.Markkaiyankottai (R.V) And (T.P), Ward-1 Salaikkarayan Line
3.Markkaiyankottai (R.V) And (T.P), Ward-1 Paramasivam Line
4.Markkaiyankottai (R.V) And (T.P), Ward-2 Niraikulathu Ayyanar Street
5.Markkaiyankottai (R.V) And (T.P), Ward-1 Harijana North Street
6.Markkaiyankottai (R.V) And (T.P), Ward-1 Harijana Middle Street
7.Markkaiyankottai (R.V) And (T.P), Ward-2 Harijana South Street
8.Markkaiyankottai (R.V) And (T.P), Ward-3 Telungu Chettiyar Street
9.Markkaiyankottai (R.V) And (T.P), Ward-3 Agrakaram Road
10.Markkaiyankottai (R.V) And (T.P), Ward-4 Kallar School Street
11.Markkaiyankottai (R.V) And (T.P), Ward-4 Palanithevar Line
12.Markkaiyankottai (R.V) And (T.P), Ward-4 Bommaiyasami Kovil Street
13.Markkaiyankottai (R.V) And (T.P), Ward-3 Thothathevar Line
14.Markkaiyankottai (R.V) And (T.P), Ward-2 Harijana Savadi Street
999.OVERSEAS ELECTORS",Dravida Munnetra Kazhagam,407,324,83,Tamilaga Vettri Kazhagam,4,3,1,6,7,2,7,5,8.886509635974305,12,5.88865096359743,14.02569593147752,43.57601713062099,0.3211991434689507,0.1070663811563169,34.68950749464668,0.1070663811563169,1.284796573875803,3
340,340,39,142,261,2,0,192,0,3,0,0,0,1,2,0,0,639,0,1,640,0,"Govt. Kallar Ele. School, South facing, North Side Building, Eastern Side, Markkaiyankottai","1.Markkaiyankottai (R.V) And (T.P), Ward-5 Middle Street
2.Markkaiyankottai (R.V) And (T.P), Ward-8 Neelamegampillai Street
3.Markkaiyankottai (R.V) And (T.P), Ward-3 Rasupillai Line
4.Markkaiyankottai (R.V) And (T.P), Ward-4 Petchiyamman Kovil Street
5.Markkaiyankottai (R.V) And (T.P), Ward-5 South Street
999.OVERSEAS ELECTORS",Dravida Munnetra Kazhagam,261,192,69,Tamilaga Vettri Kazhagam,4,3,1,6,7,2,7,5,10.7981220657277,3,6.103286384976526,22.22222222222222,40.84507042253522,0.3129890453834116,0.0,30.04694835680751,0.0,0.4694835680751174,3
341,341,43,68,252,0,1,178,0,4,0,0,0,1,3,0,0,546,0,1,547,0,"Govt. Kallar Ele. School, South facing North Building, Western Side, Markkaiyankottai","1.Markkaiyankottai (R.V) And (T.P), Ward-5 Sannasi Pillai Line
2.Markkaiyankottai (R.V) And (T.P), Ward-5 Nattanmai Veeranathevar Street
3.Markkaiyankottai (R.V) And (T.P), Ward-12 Pillaiyar Kovil Street
4.Markkaiyankottai (R.V) And (T.P), Ward-2 Harijana West Street
5.Markkaiyankottai (R.V) And (T.P), Ward-2 Senkulathu Road
6.Markkaiyankottai (R.V) And (T.P), Ward-2 Sangarapuram Road
7.Markkaiyankottai (R.V) And (T.P), Ward-5 Sangarapuram Road Harijana Colony
8.Markkaiyankottai (R.V) And (T.P), Ward-2 Kaliyamman Kovil Street
9.Markkaiyankottai (R.V) And (T.P), Ward-3 Velachettiyar Street
10.Markkaiyankottai (R.V) And (T.P), Ward-3 Perumal Thevar Line
999.OVERSEAS ELECTORS",Dravida Munnetra Kazhagam,252,178,74,Tamilaga Vettri Kazhagam,4,3,1,7,6,2,7,5,13.55311355311355,4,7.875457875457875,12.45421245421245,46.15384615384615,0.0,0.1831501831501831,32.6007326007326,0.0,0.7326007326007326,3
342,342,22,104,244,0,2,206,1,4,0,0,0,0,2,2,0,583,0,2,585,0,"Govt. Kallar Ele. School, East facing West Building, Southern Side,  Markkaiyankottai","1.Markkaiyankottai (R.V) And (T.P), Ward-7 Subramaniyapillai Line
2.Markkaiyankottai (R.V) And (T.P), Ward-7 Karnam Line
3.Markkaiyankottai (R.V) And (T.P), Ward-8 Sadayappillai Line
4.Markkaiyankottai (R.V) And (T.P), Ward-7 Ayar thevar Lane
5.Markkaiyankottai (R.V) And (T.P), Ward-9 Karuppanan Street
999.OVERSEAS ELECTORS",Dravida Munnetra Kazhagam,244,206,38,Tamilaga Vettri Kazhagam,4,3,1,8,6,2,7,5,6.518010291595197,4,3.773584905660377,17.83876500857633,41.852487135506,0.0,0.3430531732418525,35.33447684391081,0.1715265866209262,0.6861063464837049,3
343,343,41,109,188,0,3,177,1,3,1,0,0,1,0,0,1,522,0,2,524,0,"Govt. Kallar Ele. School, East facing West Building, Northern Side,  Markkaiyankottai","1.Markkaiyankottai (R.V) And (T.P), Ward-9 Uthamapalayam Road
2.Markkaiyankottai (R.V) And (T.P), Ward-6 Chinnamanur Road
3.Markkaiyankottai (R.V) And (T.P), Ward-6 Kutchanur Road
4.Markkaiyankottai (R.V) And (T.P), Ward-6 Perumal Kovil Street
5.Markkaiyankottai (R.V) And (T.P), Ward-9 1st Street
6.Markkaiyankottai (R.V) And (T.P), Ward-9 3rd Street
7.Markkaiyankottai (R.V) And (T.P), Ward-7 1st Street
999.OVERSEAS ELECTORS",Dravida Munnetra Kazhagam,188,177,11,Tamilaga Vettri Kazhagam,4,3,1,8,5,2,7,5,2.10727969348659,3,7.854406130268199,20.88122605363985,36.01532567049809,0.0,0.5747126436781609,33.90804597701149,0.1915708812260536,0.5747126436781609,3
344,344,15,217,161,0,1,130,0,3,0,0,0,0,1,1,1,527,0,0,527,0,"Panchayat Union Ele.School ,West Building, South Side, Ellappatti","1.Markkaiyankottai (R.V) And (T.P), Ward-10 Ellappatti North Street
2.Markkaiyankottai (R.V) And (T.P), Ward-10 Ellappatti Middle Street
3.Markkaiyankottai (R.V) And (T.P), Ward-12 Mankammal Road
4.Markkaiyankottai (R.V) And (T.P), Ward-10 Harijana Street
5.Markkaiyankottai (R.V) And (T.P), Ward-10 Gouder North Street
999.OVERSEAS ELECTORS",All India Anna Dravida Munnetra Kazhagam,217,161,56,Dravida Munnetra Kazhagam,4,1,2,7,6,3,7,5,10.62618595825427,3,2.846299810246679,41.17647058823529,30.55028462998102,0.0,0.189753320683112,24.66793168880455,0.0,0.5692599620493358,2
345,345,14,189,239,2,0,199,0,7,0,0,0,3,4,0,0,650,0,0,650,0,"Panchayat Union Ele.School ,West Building, North Side, Ellappatti","1.Markkaiyankottai (R.V) And (T.P), Ward-10 Ellappatti Muthalamman Kovil Street
2.Markkaiyankottai (R.V) And (T.P), Ward-12 Ellappatti Dam Road 11
3.Markkaiyankottai (R.V) And (T.P), Ward-12 Ellappatti Pillaiyar Kovil Street
4.Markkaiyankottai (R.V) And (T.P), Ward-12 Muthusamipuram
5.Markkaiyankottai (R.V) And (T.P), Ward-10 Goudar Middle Street
6.Markkaiyankottai (R.V) And (T.P), Ward-11 Dam  Road
999.OVERSEAS ELECTORS",Dravida Munnetra Kazhagam,239,199,40,Tamilaga Vettri Kazhagam,4,3,1,6,7,2,7,5,6.153846153846154,7,2.153846153846154,29.07692307692308,36.76923076923077,0.3076923076923077,0.0,30.61538461538462,0.0,1.076923076923077,2
346,346,17,117,233,1,0,160,1,7,0,1,0,1,2,2,0,536,0,2,538,0,"Panchayat Union Ele. School, Poolananthapuram","1.Poolananthapuram (R.V) And (P), Ward-1 Colony North Main Road
2.Poolananthapuram (R.V) And (P), Ward-1  Colony Main Road
3.Poolananthapuram (R.V) And (P), Ward-2  Iyyar Street
4.Poolananthapuram (R.V) And (P), Ward-2  Middle Street
5.Poolananthapuram (R.V) And (P), Ward-2 West Street
6.Poolananthapuram (R.V) And (P), Ward-2 Main Road
999.OVERSEAS ELECTORS",Dravida Munnetra Kazhagam,233,160,73,Tamilaga Vettri Kazhagam,4,3,1,6,8,2,6,5,13.61940298507463,7,3.171641791044776,21.82835820895522,43.47014925373134,0.1865671641791045,0.0,29.85074626865671,0.1865671641791045,1.305970149253731,2
