serial no. of polling station,dravida munnetra kazhagam,naam tamilar katchi,all india anna dravida munnetra kazhagam,naam indiar party,puthiya tamilagam,tamizhaga vaazhvurimai katchi,all india puratchi thalaivar makkal munnettra kazhagam,tamilaga vettri kazhagam,ezhuchi tamilargal munnetra kazhagam,rashtriya samaj dal (r),independent,independent.1,independent.2,independent.3,independent.4,total of valid votes,no. of rejected votes,nota,total,no. of tendered votes,polling station number,building in which it will be located,polling areas,whether for all voters or men only or women only,building_clean,location_clean,Winner_Party,Winner_Votes,Runner_Up_Votes,Margin_Of_Victory,Runner_Up_Party,AIADMK_Rank,NTK_Rank,DMK_Rank,TVK-TV_Rank,NIP_Rank,PT_Rank,TVK_Rank,AIPTMMK_Rank,ETMK_Rank,RSD(R)_Rank,NOTA_Rank,IND1_Rank,IND2_Rank,IND3_Rank,IND4_Rank,IND5_Rank,Margin_Percentage,Total_Independent_Votes
1,235,52,247,0,0,0,6,210,0,1,0,0,0,3,0,754,0,3,757,0,1,"Pt Union Primary School ,New Building ( Western Side)
South Building, Vadapalanji -625019","1.Vadapalanji (R.V) Vadapalanji (P) Vadapalanji Ward1
2.Vadapalanji (R.V) Vadapalanji (P) Sundarasapuram Ward 1",All Voters,"Pt Union Primary School ,New Building ( Western Side)
South Building",Vadapalanji -625019,all india anna dravida munnetra kazhagam,247,235,12,dravida munnetra kazhagam,1,4,2,9,9,9,3,5,9,8,6,9,9,9,6,9,1.591511936339522,3
2,252,88,200,0,1,0,2,254,1,1,1,1,1,0,2,804,0,0,804,0,2,"Pt Union Middle School , South Building, Vellaiparaipatti-
625019","1Vadapalanji (R.V) Vadapalanji (P) Manapattii ward 1.
2.Vadapalanji (R.V) Vadapalanji (P) Vellaiparai Patti Ward 1",All Voters,"Pt Union Middle School , South Building","Vellaiparaipatti-
625019",tamilaga vettri kazhagam,254,252,2,dravida munnetra kazhagam,3,4,2,13,13,7,1,5,7,7,13,7,7,7,13,5,0.2487562189054726,5
3,352,18,70,0,0,0,0,136,0,0,0,0,0,1,0,577,0,1,578,0,3,"Pt Union Primary School ,New Building (Eastern Side) South
Building, Vadapalanji -625019","1Vadapalanji (R.V) Vadapalanji (P) Thottiapatti ward 1.
2.Vadapalanji (R.V) Vadapalanji (P) Ambethkar Colony Ward 1",All Voters,"Pt Union Primary School ,New Building (Eastern Side) South
Building",Vadapalanji -625019,dravida munnetra kazhagam,352,136,216,tamilaga vettri kazhagam,3,4,1,7,7,7,2,7,7,7,5,7,7,7,5,7,37.43500866551127,1
4,304,67,149,0,1,1,3,393,2,2,0,0,0,2,0,924,0,3,927,0,4,"Pt Union Primary School ,East Building ( Southern Portion)
Vadapalanji Muthupatti-625019",1.Vadapalanji (R.V) Vadapalanji (P) Muthupatti Ward 2,All Voters,Pt Union Primary School,"East Building ( Southern Portion)
Vadapalanji Muthupatti-625019",tamilaga vettri kazhagam,393,304,89,dravida munnetra kazhagam,3,4,2,10,12,10,1,5,7,7,5,12,12,12,7,12,9.632034632034632,2
5,131,28,73,0,1,0,3,149,0,1,0,1,0,0,0,387,0,0,387,0,5,"Pt Union Primary School ,West Building, Vadapalanji, Muthupatti-625019","1.Vadapalanji (R.V) Vadapalanji (P) Nagamalai Pudur Ward 3 2.Vadapalanji (R.V) Vadapalanji (P) Aravali Nagar, Palkalai Nagar Ward 2
3.Vadapalanji (R.V) Vadapalanji (P) Palkalai Nagar Quarters (Adukumadi) Ward-4",All Voters,"Pt Union Primary School ,West Building, Vadapalanji",Muthupatti-625019,tamilaga vettri kazhagam,149,131,18,dravida munnetra kazhagam,3,4,2,9,9,6,1,5,9,6,9,9,6,9,9,9,4.651162790697675,1
6,236,50,131,0,0,0,5,295,3,0,0,1,0,3,0,724,0,1,725,0,6,"Senthamarai Arts & Science College, East Facing North Portion Nagamalaipudur Vadapalanji - 625019","1.Vadapalanji (R.V) Vadapalanji (p) Adaikanpatti Ward 4 2.Vadapalanji (R.V) Vadapalanji (P) Nagamalai Pudur 1 Ward 3
3.Vadapalanji (R.V) Vadapalanji (P) Nagamalai Pudur 2 ward 3",All Voters,Senthamarai Arts & Science College,East Facing North Portion Nagamalaipudur Vadapalanji - 625019,tamilaga vettri kazhagam,295,236,59,dravida munnetra kazhagam,3,4,2,10,10,10,1,5,6,10,8,10,8,10,6,10,8.149171270718233,4
7,155,30,99,1,0,0,2,152,0,0,0,0,0,1,0,440,0,1,441,0,7,"Senthamarai Arts & Science College, East Facing West
Portion Nagamalaipudur Vadapalanji - 625019","1.Vadapalanji (R.V) Vadapalanji (P) Nagamalai Pudur Ward 3
2.Vadapalanji (R.V) Vadapalanji (P) M.R.S.University Quarters ward 4",All Voters,Senthamarai Arts & Science College,"East Facing West
Portion Nagamalaipudur Vadapalanji - 625019",dravida munnetra kazhagam,155,152,3,tamilaga vettri kazhagam,3,4,1,9,6,9,2,5,9,9,6,9,9,9,6,9,0.6818181818181818,1
8,95,21,76,3,0,0,2,116,0,0,1,0,1,0,0,315,0,0,315,0,8,Akshara Matriculaction School (East Portion) Rajambadi,"1.Karadipatti (R.V) Karadipatti (P) Karadipatti
2.Karadipatti (R.V) Karadipatti (P) Keelapudur Ward 2",All Voters,Akshara Matriculaction School (East Portion) Rajambadi,Akshara Matriculaction School (East Portion) Rajambadi,tamilaga vettri kazhagam,116,95,21,dravida munnetra kazhagam,3,4,2,9,5,9,1,6,9,9,9,7,9,7,9,9,6.666666666666667,2
9,151,37,118,0,2,1,7,266,1,0,0,1,0,0,0,584,0,1,585,0,9,Akshara Matriculaction School (West Portion ) Rajambadi,1.Karadipatti (R.V) Karadipatti (P) Rajambadi Ward 2,All Voters,Akshara Matriculaction School (West Portion ) Rajambadi,Akshara Matriculaction School (West Portion ) Rajambadi,tamilaga vettri kazhagam,266,151,115,dravida munnetra kazhagam,3,4,2,7,11,6,1,5,7,11,7,11,7,11,11,11,19.69178082191781,1
10,168,34,111,0,0,0,3,280,1,0,0,1,1,1,1,601,0,5,606,0,10,"Pt Union Ele School , Alampatti - 625019","1 - Karadipatti (R.V) Karadipatti (P), Alampatti Ward 3 (Sl.No 1 to 716)",All Voters,Pt Union Ele School,Alampatti - 625019,tamilaga vettri kazhagam,280,168,112,dravida munnetra kazhagam,3,4,2,12,12,12,1,6,7,12,5,12,7,7,7,7,18.63560732113145,4
11,200,31,104,1,1,0,1,242,0,1,0,0,0,1,0,582,0,4,586,0,11,"Pt Union Ele School ,(Western Portion) Alampatti - 625019","1 - Karadipatti (R.V) Karadipatti (P), Alampatti Ward 3 (Sl.No 717 to 1424)",All Voters,Pt Union Ele School,(Western Portion) Alampatti - 625019,tamilaga vettri kazhagam,242,200,42,dravida munnetra kazhagam,3,4,2,11,6,6,1,6,11,6,5,11,11,11,6,11,7.216494845360824,1
12,220,31,149,1,1,1,7,251,1,0,0,0,0,1,0,663,0,2,665,0,12,"Panchayat Union Elementary School ,Karadipatti -625019","1.Karadipatti (R.V) Karadipatti (P) Perumalmalai Ward 3 ,
2.Karadipatti (R.V) Karadipatti (P) Karadipatti Ward 3",All Voters,Panchayat Union Elementary School,Karadipatti -625019,tamilaga vettri kazhagam,251,220,31,dravida munnetra kazhagam,3,4,2,7,7,7,1,5,7,12,6,12,12,12,7,12,4.675716440422323,1
13,228,67,95,0,2,0,2,297,0,0,0,0,0,0,0,691,0,0,691,0,13,"Village Panchayat Common Service Centre Theni Main Road, Karadipatti -625019",1.Karadipatti (R.V) Karadipatti (P) Thiruveni Nagar Ward 2 2.Karadipatti (R.V) Karadipatti (P) Vadivel Nagar Ward 2 3.Karadipatti (R.V) Karadipatti (P) V.V.Giri Street Ward 2 4.Karadipatti (R.V) Karadipatti (P) Sarvodaya Nagar Ward 2 5.Karadipatti (R.V) Karadipatti (P) V.P.Sinthan Nagar Ward 2,All Voters,Village Panchayat Common Service Centre Theni Main Road,Karadipatti -625019,tamilaga vettri kazhagam,297,228,69,dravida munnetra kazhagam,3,4,2,7,7,5,1,5,7,7,7,7,7,7,7,7,9.985528219971057,0
14,107,24,37,0,0,2,1,160,0,0,0,0,0,0,0,331,0,3,334,0,14,"Vijayalakshmi Sanjeevi malaiyan mazhalaiyar magizhvagam Primary School (T Mathiprakash Kids Room) Theni Main
Road Karadipatti","1.Karadipatti (R.V) Karadipatti (P) Gurusamy Nagar Ward 2 2.Karadipatti (R.V) Karadipatti (P) Central Bank Colony Ward 28.
3.Karadipatti (R.V) Karadipatti (P) Emmanuvel Nagar Ward 2",All Voters,"Vijayalakshmi Sanjeevi malaiyan mazhalaiyar magizhvagam Primary School (T Mathiprakash Kids Room) Theni Main
Road Karadipatti","Vijayalakshmi Sanjeevi malaiyan mazhalaiyar magizhvagam Primary School (T Mathiprakash Kids Room) Theni Main
Road Karadipatti",tamilaga vettri kazhagam,160,107,53,dravida munnetra kazhagam,3,4,2,6,8,8,1,7,8,8,5,8,8,8,8,8,16.01208459214502,0
15,150,23,43,0,1,0,3,176,0,0,1,0,0,0,0,397,0,0,397,0,15,Vijayalakshmi Sanjeevi malaiyan mazhalaiyar magizhvagam Primary School (Office Building) Theni Main Road,1.Karadipatti (R.V) Karadipatti (P) Thendral Nagar Ward 2 2.Karadipatti (R.V) Karadipatti (P) L.G.Nagar Ward 2,All Voters,Vijayalakshmi Sanjeevi malaiyan mazhalaiyar magizhvagam Primary School (Office Building) Theni Main Road,Vijayalakshmi Sanjeevi malaiyan mazhalaiyar magizhvagam Primary School (Office Building) Theni Main Road,tamilaga vettri kazhagam,176,150,26,dravida munnetra kazhagam,3,4,2,8,8,6,1,5,8,8,8,6,8,8,8,8,6.54911838790932,1
16,228,53,105,2,0,0,4,316,0,1,0,0,0,0,0,709,0,4,713,0,16,"Panchayat Union Library, Karadipatti-625019","1.Karadipatti (R.V) Karadipatti (P) Bharathiyar Nagar 8,9,10,11 th Street Ward 4 , 2.Karadipatti (R.V) Karadipatti (P) Theni main road Ward 4 ,
3.Karadipatti (R.V) Karadipatti (P) Onthimalai Ward 3 ,
4.Karadipatti (R.V) Karadipatti (P) Forest colony Ward 2",All Voters,Panchayat Union Library,Karadipatti-625019,tamilaga vettri kazhagam,316,228,88,dravida munnetra kazhagam,3,4,2,9,7,9,1,5,9,8,5,9,9,9,9,9,12.41184767277856,0
17,166,39,240,1,0,0,0,222,1,0,1,0,1,0,0,671,0,4,675,0,17,"Village Panchayat Common Service Centre Theni Main Road, Nagamalaipudukkottai -625019","1.Vilacheri (R.V) Nagamalaipudukottai(P) East Street Ward 1 2.Vilacheri (R.V) Nagamalaipudukottai East Street Ward 2
3.Vilacheri (R.V) Nagamalaipudukottai (P) Manthai Street Ward 1",All Voters,Village Panchayat Common Service Centre Theni Main Road,Nagamalaipudukkottai -625019,all india anna dravida munnetra kazhagam,240,222,18,tamilaga vettri kazhagam,1,4,3,10,6,10,2,10,6,10,5,6,10,6,10,10,2.682563338301043,2
18,166,37,124,0,0,0,0,241,1,0,0,0,0,0,0,569,0,6,575,0,18,"Anganwadi Centre I (North Building) ,Mandhai Thidal,
Nagamalai Pudhukkottai -625019","1.Vilacheri (R.V) Nagamalaipudukottai (P) Kottai Street Ward 1
2.Vilacheri (R.V) Nagamalaipudukottai (P) Thadathagai Amman Koil Street Ward 2",All Voters,"Anganwadi Centre I (North Building) ,Mandhai Thidal",Nagamalai Pudhukkottai -625019,tamilaga vettri kazhagam,241,166,75,dravida munnetra kazhagam,3,4,2,7,7,7,1,7,6,7,5,7,7,7,7,7,13.18101933216169,0
19,145,36,132,0,1,0,0,250,1,0,1,0,0,0,0,566,0,2,568,0,19,"Anganwadi Centre I (South Building) ,Mandhai Thidal, Nagamalai Pudhukkottai -625019",1.Vilacheri (R.V) Nagamalaipudukottai (P) Mela Street Ward 2 2.Vilacheri (R.V) Nagamalaipudukottai (P) Oothu Colony Ward 2 3.Vilacheri (R.V) Nagamalaipudukottai (P) M.G.R. Nagar Ward 2 4.Vilacheri (R.V) Nagamalaipudukottai (P) Malai Part Ward 2,All Voters,"Anganwadi Centre I (South Building) ,Mandhai Thidal",Nagamalai Pudhukkottai -625019,tamilaga vettri kazhagam,250,145,105,dravida munnetra kazhagam,3,4,2,9,9,6,1,9,6,9,5,6,9,9,9,9,18.55123674911661,1
20,130,50,111,1,0,0,1,256,0,0,0,0,0,0,0,549,0,2,551,0,20,"Pt Union Middle School, Northern Building East Side,
Nagamalai Pudukottai -625019",1.Vilacheri (R.V) Nagamalaipudukottai (P) Harijana Colony Mela Theru Ward3,All Voters,"Pt Union Middle School, Northern Building East Side",Nagamalai Pudukottai -625019,tamilaga vettri kazhagam,256,130,126,dravida munnetra kazhagam,3,4,2,8,6,8,1,6,8,8,5,8,8,8,8,8,22.95081967213115,0
21,148,30,115,1,1,0,1,154,1,0,0,0,0,1,0,452,0,1,453,0,21,"Pt Union Middle School, Northern Building West Side, Nagamalai Pudukottai -625019","1 - Vilacheri (R.V) Nagamalaipudukottai (P), Harijana colony Mela Theru ward 3 (Sl.No 702 to 1042)
2 - Vilacheri (R.V) Nagamalaipudukottai (P), Pavalar Estate ward 3",All Voters,"Pt Union Middle School, Northern Building West Side",Nagamalai Pudukottai -625019,tamilaga vettri kazhagam,154,148,6,dravida munnetra kazhagam,3,4,2,11,5,5,1,5,5,11,5,11,11,11,5,11,1.327433628318584,1
22,358,33,171,1,0,0,2,325,1,1,0,0,0,1,0,893,0,5,898,0,22,"Pt Union Middle School,Northern Building East Side, Nagamalai Pudukottai -625019","1.Vilacheri (R.V) Nagamalaipudukottai (P) Ambethkar Nagar Harijana Colony Ward 4 2.Vilacheri (R.V) Nagamalaipudukottai (P) Harijana Colony Keela Street Ward4 3.Vilacheri (R.V) Nagamalaipudukottai (P) Nagamalaipudukottai Ward 4
4.Vilacheri (R.V) Nagamalaipudukottai (P) Ambethkar Nagar Middle School Street Ward 4 5.Vilacheri (R.V) Nagamalaipudukottai (P) Muniyandi Kovil Street Ward 4",All Voters,"Pt Union Middle School,Northern Building East Side",Nagamalai Pudukottai -625019,dravida munnetra kazhagam,358,325,33,tamilaga vettri kazhagam,3,4,1,11,7,11,2,6,7,7,5,11,11,11,7,11,3.695408734602464,1
23,199,45,170,0,1,0,7,297,1,0,1,1,0,1,2,725,0,4,729,0,23,"Pt Union Middle School, Western Building, Northern Portion
Nagamalai Pudukottai -625019",1.Vilacheri (R.V) Nagamalaiputhukottai(P) Mela Street Ward 5,All Voters,"Pt Union Middle School, Western Building","Northern Portion
Nagamalai Pudukottai -625019",tamilaga vettri kazhagam,297,199,98,dravida munnetra kazhagam,3,4,2,13,13,8,1,5,8,13,6,8,8,13,8,7,13.51724137931034,5
24,249,43,172,0,0,0,2,347,1,0,1,0,0,1,0,816,0,3,819,0,24,"Pt Union Middle School,Western Building, Southern Portion
Nagamalai Pudukottai -625019",1.Vilacheri (R.V) Nagamalaipudukottai (P) Mela Theru Chinnakannu Nagar Ward 5,All Voters,"Pt Union Middle School,Western Building","Southern Portion
Nagamalai Pudukottai -625019",tamilaga vettri kazhagam,347,249,98,dravida munnetra kazhagam,3,4,2,10,10,10,1,6,7,10,5,7,10,10,7,10,12.00980392156863,2
25,150,47,156,0,2,0,1,269,2,0,0,0,0,0,0,627,0,2,629,0,25,"Pt Union Middle School ,Southern Side Nagamalai Pudukottai 625019","1.Vilacheri (R.V) Nagamalaipudhukottai(P) Theni Main Road Ward 6 2.Vilacheri (R.V) Nagamalaipudukottai (P) Police Station Street Ward 6
3.Vilacheri (R.V) Nagamalaipudukottai (P) Police Station Street Ward 6",All Voters,Pt Union Middle School,Southern Side Nagamalai Pudukottai 625019,tamilaga vettri kazhagam,269,156,113,all india anna dravida munnetra kazhagam,2,4,3,9,9,5,1,8,5,9,5,9,9,9,9,9,18.02232854864434,0
26,214,35,104,0,0,0,4,164,0,0,0,0,1,1,0,523,0,2,525,0,26,"Pt Union Elementary School, Kilaneri-625019","1.Vilacheri (R.V) Nagamalaipudukottai (P) Kilaneri ward 7 ,
2.Vilacheri (R.V) Nagamalaipudukottai (P) Kilaneri Mela Street Ward 7",All Voters,Pt Union Elementary School,Kilaneri-625019,dravida munnetra kazhagam,214,164,50,tamilaga vettri kazhagam,3,4,1,9,9,9,2,5,9,9,6,9,9,7,7,9,9.560229445506693,2
27,263,47,84,0,1,1,4,212,1,0,0,0,0,0,0,613,0,5,618,0,27,"Sirumalar Girls Hr Sec School, North Building, East portion Nagamalai Pudukottai-625019",1.Vilacheri (R.V) Nagamalaipudukkottai (P) Wellington Street Ward 7 2.Vilacheri (R.V) Nagamalaipudukottai (P) Rajendra Prasath Street Ward 7 3.Vilacheri (R.V) Nagamalaipudukottai (P) Indira Gandhi Street Ward 7 4.Vilacheri (R.V) Nagamalaipudukottai (P) Nethaji Street Ward 7,All Voters,"Sirumalar Girls Hr Sec School, North Building",East portion Nagamalai Pudukottai-625019,dravida munnetra kazhagam,263,212,51,tamilaga vettri kazhagam,3,4,1,7,10,7,2,6,7,10,5,10,10,10,10,10,8.31973898858075,0
28,236,39,115,0,1,0,0,258,0,1,0,0,0,2,0,652,0,4,656,0,28,"Sirumalar Girls Hr Sec School, East Side, Nagamalai Pudukottai-625019","1.Vilacheri (R.V) Nagamalaipudukottai (P) Mahatma Gandhi Street Ward 7 2.Vilacheri (R.V) Nagamalaipudukottai (P) Bharathidasan Street Ward 7 3.Vilacheri (R.V) Nagamalaipudukottai (P) Bharathiar Street ard 7 4.Vilacheri (R.V) Nagamalaipudukottai (P) Periyar Street Ward 7  5.Vilacheri (R.V) Nagamalaipudukottai (P) Venkatraman Nagar Ward7 6.Vilacheri (R.V) Nagamalaipudukottai (P) Muthuramalingam Street Ward 7 7.,Vilacheri (R.V) Nagamalaipudukottai (P) Nakkeerar Street Ward 7 ,",All Voters,"Sirumalar Girls Hr Sec School, East Side",Nagamalai Pudukottai-625019,tamilaga vettri kazhagam,258,236,22,dravida munnetra kazhagam,3,4,2,9,9,7,1,9,9,7,5,9,9,9,6,9,3.374233128834356,2
29,221,52,93,0,1,0,6,309,0,0,0,0,0,0,0,682,0,3,685,0,29,"Sirumalar Girls Hr Sec School, Therasa Hall, Nagamalai Pudukottai -625019","1.Vilacheri (R.V) Nagamalai Puthukottai (P) Valluvar Street., Ward 7, 2.Vilacheri (R.V) Nagamalaipudukottai (P) Palanimuthu Street, Ward 7 3.Vilacheri (R.V) Nagamalaipudukottai (P) Ilangovadikal Street , Ward 7 4.Vilacheri (R.V) Nagamalaipudukottai (P) Arignar Anna Street Ward 7 5.Vilacheri (R.V) Nagamalaipudukottai (P) Petchimuthu Nethaji Street Ward 7 6.Vilacheri (R.V) Nagamalaipudukottai (P) Sathasivam Street Ward 7 7.Vilacheri (R.V) Nagamalaipudukottai (P) Subramaniyasiva Street Ward 7 8.Vilacheri (R.V) Nagamalaipudukottai (P) Rajaji Street Ward 7
9.Vilacheri (R.V) Nagamalaipudukottai (P) Jawahar Street Ward 7 10.Vilacheri (R.V) Nagamalaipudukottai (P) Vanjinathan Street Ward 7",All Voters,"Sirumalar Girls Hr Sec School, Therasa Hall",Nagamalai Pudukottai -625019,tamilaga vettri kazhagam,309,221,88,dravida munnetra kazhagam,3,4,2,8,8,7,1,5,8,8,6,8,8,8,8,8,12.90322580645161,0
30,136,31,71,0,0,0,0,120,1,0,0,0,0,0,0,359,0,1,360,0,30,"Sirumalar Girls Hr Sec School, Therasa Hall, Nagamalai Pudukottai-625019","1.Vilacheri (R.V) Nagamalaipudukottai (P) Kumarasami Raja Street Ward 7 2.Vilacheri (R.V) Nagamalaipudukottai (P) Omanthurar Street Ward 7 3.Vilacheri (R.V) Nagamalaipudukottai (P) Kamarajar Street Ward 7 4.Vilacheri (R.V) Nagamalaipudukottai (P) Radhakrishnan Street Ward 7 5.Vilacheri (R.V) Nagamalaipudukottai (P) Kambar Street Ward 7 6.Vilacheri (R.V) Nagamalaipudukottai (P) Bakthavathsalam Street Ward 7.Vilacheri (R.V) Nagamalaipudukottai (P) V.V.Giri Street Ward 7
8.Vilacheri (R.V) Nagamalaipudukottai (P) Theni MainRoad, S.V.N College Opposite Ward7 9.Vilacheri (R.V) Nagamalaipudukottai (P) Balasubramanian Street Ward 7",All Voters,"Sirumalar Girls Hr Sec School, Therasa Hall",Nagamalai Pudukottai-625019,dravida munnetra kazhagam,136,120,16,tamilaga vettri kazhagam,3,4,1,7,7,7,2,7,5,7,5,7,7,7,7,7,4.456824512534819,0
31,231,50,91,1,1,0,2,284,0,0,0,1,0,1,1,663,0,7,670,0,31,"Sirumalar Girls Hr Sec School, Therasa Hall, Nagamalai Pudukottai -625019","1.Vilacheri (R.V) Nagamalaipudukottai (P) Jeevanantham Street Ward 7 2.Vilacheri (R.V) Nagamalaipudukottai (P) Kanmaikarai Ward 7
3.Vilacheri (R.V) Nagamalaipudukottai (P) Rajiv Gandhi Street (E.B.Colony) Ward 7 4.Vilacheri (R.V) Nagamalaipudukottai (P) Teachers Quarters Ward 7
5.Vilacheri (R.V) Nagamalaipudukottai (P) Annai Therasa Street Ward 7 ,",All Voters,"Sirumalar Girls Hr Sec School, Therasa Hall",Nagamalai Pudukottai -625019,tamilaga vettri kazhagam,284,231,53,dravida munnetra kazhagam,3,4,2,12,7,7,1,6,12,12,5,12,7,12,7,7,7.993966817496228,3
32,217,32,110,0,0,0,3,183,0,0,0,1,0,0,0,546,0,5,551,0,32,"Sirumalar Girls Hr Sec School, Therasa Hall,Nagamalai Pudukottai -625019","1.Vilacheri (R.V) Nagamalaipudukottai (P) Melakuilkudi Road Karunanithi Street Ward 7 2.Vilacheri (R.V) Nagamalaipudukottai (P) Melakuilkudi Road Gurusami Nagar Ward 7 3.Vilacheri (R.V) Nagamalaipudukottai (P) Melakuilkudi Road Veeramamunivar Street Ward 7 4.Vilacheri (R.V) Nagamalaipudukottai (P) Melakuilkudi Road Pandian Street Ward 7 5.Vilacheri (R.V) Nagamalaipudukottai (P) Melakuilkudi Road Thamarai Street Ward 7 6.Vilacheri (R.V) Nagamalaipudukottai (P) Melakuilkudi Road Kavikuil Street Ward 7 7.Vilacheri (R.V) Nagamalaipudukottai (P) Melakuilkudi Road Vaigai Street Ward 7 8.Vilacheri (R.V) Nagamalaipudukottai (P) Melakuilkudi Road Thilagar Street Ward 7 9.Vilacheri (R.V) Nagamalaipudukottai (P) Melakuilkudi Road Pounraj Street Ward 7 10.Vilacheri (R.V) Nagamalaipudukottai (P) Melakuilkudi Road Vaithiyalingam Street Ward 7 11.Vilacheri (R.V) Nagamalaipudukottai (P) Melakuilkudi Road Malligai Street Ward 7
12.Vilacheri (R.V) Nagamalaipudukottai (P) Melakuilkudi Road Gangaram Durairaj Street Ward 7
13.Vilacheri (R.V) Nagamalaipudukottai (P) Melakuilkudi Road Adikalar Street Ward 7 14.Vilacheri (R.V) Nagamalaipudukottai (P) Melakuilkudi Road Livingston Street Ward 7",All Voters,"Sirumalar Girls Hr Sec School, Therasa Hall",Nagamalai Pudukottai -625019,dravida munnetra kazhagam,217,183,34,tamilaga vettri kazhagam,3,4,1,8,8,8,2,6,8,8,5,8,7,8,8,8,6.227106227106227,1
33,309,74,171,0,0,1,2,435,0,1,1,1,0,1,1,997,0,2,999,0,33,"Kallar Reclamation Ele School, Vadivelkarai-625019","1.Vadivelkarai (R.V) Vadivelkarai(P) Vadivelkarai Ward 1, 2.Vadivelkarai (R.V) Vadivelkarai (P) Vadivelkarai Ward 2,
3.Vadivelkarai (R.V) Vadivelkarai (P) Vadivelkarai West ward 3",All Voters,Kallar Reclamation Ele School,Vadivelkarai-625019,tamilaga vettri kazhagam,435,309,126,dravida munnetra kazhagam,3,4,2,7,13,13,1,5,13,7,5,7,7,13,7,7,12.63791374122367,4
34,184,29,98,2,1,2,2,215,0,0,0,0,0,1,0,534,0,2,536,0,34,Ben Matriculation School (East Portion) Vadivelkarai,1.Vadivelkarai (R.V) Vadivelkarai (P) Gandhi Nagar Ward 3 2.Vadivelkarai (R.V) Vadivelkarai (P) Kalankarai Kalvai East Street Ward3 3.Vadivelkarai (R.V) Vadivelkarai (P) Priyanka Nagar Ward 3 4.Vadivelkarai (R.V) Vadivelkarai (P) Ponnoli Street Ward 3,All Voters,Ben Matriculation School (East Portion) Vadivelkarai,Ben Matriculation School (East Portion) Vadivelkarai,tamilaga vettri kazhagam,215,184,31,dravida munnetra kazhagam,3,4,2,5,5,9,1,5,11,11,5,11,11,11,9,11,5.805243445692884,1
35,150,64,81,0,0,0,7,186,0,1,0,3,0,0,0,492,0,1,493,0,35,Ben Matriculation School (Western Portion) Vadivelkarai,1.Vadivelkarai (R.V) Vadivelkarai (P) EB Colony Ward 3 2.Vadivelkarai (R.V) Vadivelkarai (P) Keelakuilkudi Main Road Ward 3 3.Vadivelkarai (R.V) Vadivelkarai (P) Theni Main Road Ward 3 4.Vadivelkarai (R.V) Vadivelkarai (P) Malaiyan Nagar Ward 3,All Voters,Ben Matriculation School (Western Portion) Vadivelkarai,Ben Matriculation School (Western Portion) Vadivelkarai,tamilaga vettri kazhagam,186,150,36,dravida munnetra kazhagam,3,4,2,9,9,9,1,5,9,7,7,9,6,9,9,9,7.317073170731707,3
36,273,45,147,0,0,0,5,240,1,0,0,1,0,2,0,714,0,2,716,0,36,"Kallar Reclamation Middle School,south building west
portion Keelakuilkudi-625019",1.Keelakuilkudi (R.V) Keelakuilkudi (P) Keelakuilkudi,All Voters,Kallar Reclamation Middle School,"south building west
portion Keelakuilkudi-625019",dravida munnetra kazhagam,273,240,33,tamilaga vettri kazhagam,3,4,1,10,10,10,2,5,8,10,6,10,8,10,6,10,4.621848739495799,3
37,135,42,154,1,1,0,2,321,0,0,0,5,0,0,0,661,0,1,662,0,37,"Kallar Reclamation Middle School, South building East
portion Keelakuilkudi-625019",1.Thattanoor (R.V) Keelakuilkudi (P) Seenivasa Colony (Thattanoor),All Voters,Kallar Reclamation Middle School,"South building East
portion Keelakuilkudi-625019",tamilaga vettri kazhagam,321,154,167,all india anna dravida munnetra kazhagam,2,4,3,10,7,7,1,6,10,10,7,10,5,10,10,10,25.26475037821483,5
38,264,69,165,0,0,0,17,277,0,0,0,0,1,0,1,794,0,1,795,0,38,"Kallar Reclamation Middle School,Northern Building,East
Portion,Keelakuilkudi-625019",1.Keelakuilkudi (R.V) Keelakuilkudi (P) Keelakuilkudi ward 1,All Voters,"Kallar Reclamation Middle School,Northern Building,East
Portion",Keelakuilkudi-625019,tamilaga vettri kazhagam,277,264,13,dravida munnetra kazhagam,3,4,2,9,9,9,1,5,9,9,6,9,9,6,9,6,1.63727959697733,2
39,158,27,122,0,0,0,9,113,0,0,0,0,0,0,0,429,0,2,431,0,39,"Kallar Reclamation Middle School,Northern Building,West
Portion, Keelakuilkudi-625019","1.Keelakuilkudi (R.V) Keelakuilkudi (P) Keelakuilkudi 3rd ward
2.Keelakuilkudi (R.V) Keelakuilkudi (P) Keelakuilkudi ward 3",All Voters,"Kallar Reclamation Middle School,Northern Building,West
Portion",Keelakuilkudi-625019,dravida munnetra kazhagam,158,122,36,all india anna dravida munnetra kazhagam,2,4,1,7,7,7,3,5,7,7,6,7,7,7,7,7,8.391608391608392,0
40,365,68,245,1,0,0,14,340,1,0,1,0,1,1,0,1037,0,1,1038,0,40,"Panchayat Union Elementary School, East building Melakuilkudi-625019","1.Melakuilkudi (R.V) Melakuilkudi (P) Melakuilkudi East street 2.Melakuilkudi (R.V) Melakuilkudi (P) Melakuilkudi Mela street 3.Melakuilkudi (R.V) Melakuilkudi (P) Melakuilkudi
4.Melakuilkudi (R.V) Melakuilkudi (P) Parambumalai Melakuilkudi 2nd Ward",All Voters,Panchayat Union Elementary School,East building Melakuilkudi-625019,dravida munnetra kazhagam,365,340,25,tamilaga vettri kazhagam,3,4,1,12,6,12,2,5,6,12,6,6,12,6,6,12,2.410800385728062,3
41,258,63,144,2,0,0,3,442,2,0,0,1,0,1,2,918,0,6,924,0,41,"Panchayat Union Elementary School, South building Melakuilkudi-625019","1.Melakuilkudi (R.V) Melakuilkudi (P) Makes Worth Nagar Melakuilkudi 2.Melakuilkudi (R.V) Melakuilkudi (P) Central Bank Colony 3.Melakuilkudi (R.V) Sarvodaya Nagar
4.Melakuilkudi (R.V) Melakuilkudi (P) Gokilam Nagar
5.Melakuilkudi (R.V) Melakuilkudi (P) Samanar Malai, Othaveedu, Melakuilkudi 6.Melakuilkudi (R.V) Melakuilkudi (P) Samayapuram Mariamman Street 7.Melakuilkudi (R.V) Melakuilkudi (P) R.S.Avenue
8.Melakuilkudi (R.V) Melakuilkudi (P) Officer Town",All Voters,Panchayat Union Elementary School,South building Melakuilkudi-625019,tamilaga vettri kazhagam,442,258,184,dravida munnetra kazhagam,3,4,2,12,7,12,1,6,7,12,5,12,10,12,10,7,20.04357298474946,4
42,178,22,217,2,1,0,1,121,1,0,0,0,1,1,1,546,0,1,547,0,42,"Kallar Reclamation Elementary School, (South side)Sakkilipatti-625021",1.Sakkilipatti (R.V) Sakkilipatti (P) Sakkilipatti East Street Ward 1 2.Sakkilipatti (R.V) Sakkilipatti (P) Sakkilipatti West Street Ward 2 3.Sakkilipatti (R.V) Sakkilipatti (P) Asari Street Sakkilipatti Ward 2 4.Sakkilipatti (R.V) Sakkilipatti (P) S.C.Colony Sakkilipatti Ward 2,All Voters,Kallar Reclamation Elementary School,(South side)Sakkilipatti-625021,all india anna dravida munnetra kazhagam,217,178,39,dravida munnetra kazhagam,1,4,2,13,5,6,3,6,6,13,6,13,13,6,6,6,7.142857142857142,3
43,143,38,141,0,0,0,0,148,1,0,0,1,0,0,1,473,0,2,475,0,43,"Community Hall, Chinnasakkilipatti-625021",1.Sakkilipatti (R.V) Sakkilipatti (P) Chinnasakkilipatti Ward 2,All Voters,Community Hall,Chinnasakkilipatti-625021,tamilaga vettri kazhagam,148,143,5,dravida munnetra kazhagam,3,4,2,9,9,9,1,9,6,9,5,9,6,9,9,6,1.05708245243129,2
44,216,66,138,2,0,0,4,206,0,2,1,0,0,1,0,636,0,4,640,0,44,"Panchayat Union Middle School, Northern Building, Thenpalanji-625021",1.Thenpalanji (R.V) Thenpalanji (P) Thenpalanji Colony 2.Thenpalanji (R.V) Thenpalanji (P) Thenpalanji East Street 3.Thenpalanji (R.V) Thenpalanji (P) Thenpalanji Nadu Street 4.Thenpalanji (R.V) Thenpalanji (P) Thenpalanji North Street,All Voters,"Panchayat Union Middle School, Northern Building",Thenpalanji-625021,dravida munnetra kazhagam,216,206,10,tamilaga vettri kazhagam,3,4,1,11,7,11,2,5,11,7,5,9,11,11,9,11,1.572327044025157,2
45,239,53,166,1,0,0,4,165,2,0,0,0,0,1,0,631,0,3,634,0,45,"Panchayat Union Middle School, Western Building, Thenpalanji-625021","1.Thenpalanji (R.V) Thenpalanji (P) Thenpalanji West Street 2.Thenpalanji (R.V) Thenpalanji (P) Thenpalanji South Street 3.Thenpalanji (R.V) Thenpalanji (P) Thenpalanji Mavilipatti Road 4.Thenpalanji (R.V) Thenpalanji (P) Thenpalanji Vayalur 5.Thenpalanji (R.V) Thenpalanji (P) Thenpalanji Ayyanarkulam
6.Thenpalanji (R.V) Thenpalanji (P) Thenpalanji Mavilipatti Road Meenakshi Colony",All Voters,"Panchayat Union Middle School, Western Building",Thenpalanji-625021,dravida munnetra kazhagam,239,166,73,all india anna dravida munnetra kazhagam,2,4,1,10,8,10,3,5,7,10,6,10,10,10,8,10,11.5689381933439,1
46,324,35,211,0,0,1,6,371,0,0,1,0,0,0,0,949,0,2,951,0,46,"Panchayat Union Elementary School, Main Building, Western
Portion, Thoppur-625008","Thoppur (R.V) Thoppur (P) Thoppur Ward 1,",All Voters,"Panchayat Union Elementary School, Main Building, Western
Portion",Thoppur-625008,tamilaga vettri kazhagam,371,324,47,dravida munnetra kazhagam,3,4,2,7,9,9,1,5,9,9,6,7,9,9,9,9,4.952581664910432,1
47,214,28,87,1,0,0,9,238,0,0,0,0,0,0,0,577,0,3,580,0,47,"Panchayat Union Elementary School, Main Building, Centre
Portion, Thoppur-625008","1.Thoppur (R.V) Thoppur (P) Thoppur Ward 2,",All Voters,"Panchayat Union Elementary School, Main Building, Centre
Portion",Thoppur-625008,tamilaga vettri kazhagam,238,214,24,dravida munnetra kazhagam,3,4,2,8,7,8,1,5,8,8,6,8,8,8,8,8,4.15944540727903,0
48,308,56,102,0,1,0,2,428,0,0,0,0,0,0,2,899,0,4,903,0,48,"Panchayat Union Elementary School, Main Building, Eastern Portion,Thoppur-625008","1.Thoppur (R.V) Thoppur (P) Sesaiyar Illam Mesorear Mill Road , Astinpatti Road
2.Thoppur (R.V) Thoppur (P) Tamilnadu Housing Board Quarters
3.Thoppur (R.V) Thoppur (P) T N H B M I G 2
4.Thoppur (R.V) Thoppur (P) T N H B H I G I
5.Thoppur (R.V) Thoppur (P) T N H B L I G I
6.Thoppur (R.V) Thoppur (P) Thoppur Main Road
7.Thoppur (R.V) Thoppur (P) Thoppur Thabovanam",All Voters,"Panchayat Union Elementary School, Main Building, Eastern Portion",Thoppur-625008,tamilaga vettri kazhagam,428,308,120,dravida munnetra kazhagam,3,4,2,9,9,8,1,6,9,9,5,9,9,9,9,6,13.34816462736374,2
49,137,36,149,0,0,0,3,209,1,0,0,0,0,1,0,536,0,0,536,0,49,"Panchayat Union Elementary School, Munandipatti-625008","1.Thoppur (R.V) Thoppur (P) Munandipatti,
2.Thoppur (R.V) Thoppur (P) Alavay Colony
3.Thoppur (R.V) Thoppur (P) Astinpatti
4.Thoppur (R.V) Thoppur (P) P.T.R. College Astinpatti Road",All Voters,Panchayat Union Elementary School,Munandipatti-625008,tamilaga vettri kazhagam,209,149,60,all india anna dravida munnetra kazhagam,2,4,3,8,8,8,1,5,6,8,8,8,8,8,6,8,11.19402985074627,1
50,385,55,148,0,1,1,7,354,0,1,1,0,0,5,1,959,0,2,961,0,50,"Panchayat Union Elementary School, Main Building, South Portion, Vedarpuliyankulam-625006",1.Vedarpuliankulam (R.V) Vedarpuliankulam (P) Harijan Street Downside 2.Vedarpuliankulam (R.V) Vedarpuliankulam (P) Nadu Street 3.Vedarpuliankulam (R.V) Vedarpuliankulam (P) Bharathi Nagar 4.Vedarpuliankulam (R.V) Vedarpuliankulam (P) North Street 5.Vedarpuliankulam (R.V) Vedarpuliankulam (P) East Street,All Voters,"Panchayat Union Elementary School, Main Building, South Portion",Vedarpuliyankulam-625006,dravida munnetra kazhagam,385,354,31,tamilaga vettri kazhagam,3,4,1,8,13,8,2,5,13,8,7,8,13,13,6,8,3.232533889468196,7
51,311,48,132,0,0,0,3,330,0,1,0,2,0,0,1,828,0,2,830,0,51,"Panchayat Union Elementary School, Main Building, Middle Portion, Vedarpuliyankulam-625006",1.Vedarpuliankulam (R.V) Vedarpuliankulam (P) West Street 2.Vedarpuliankulam (R.V) Vedarpuliankulam (P) Vedarpuliankulam 3.Vedarpuliankulam (R.V) Vedarpuliankulam (P) Thottam 4.Vedarpuliankulam (R.V) Vedarpuliankulam (P) Mutharaiyar Colony,All Voters,"Panchayat Union Elementary School, Main Building, Middle Portion",Vedarpuliyankulam-625006,tamilaga vettri kazhagam,330,311,19,dravida munnetra kazhagam,3,4,2,10,10,10,1,5,10,8,6,10,6,10,10,8,2.294685990338164,3
52,271,69,127,0,2,0,1,366,2,0,1,0,0,0,1,840,0,5,845,0,52,"Panchayat Union Elementary School, Additional Building, Room NO 2, Vedarpuliyankulam-625006",1.Vedarpuliankulam (R.V) Vedarpuliankulam (P) V.P.Sinthan Nagar 2.Vedarpuliankulam (R.V) Vedarpuliankulam (P) Ganapathi Nagar 3.Vedarpuliankulam (R.V) Vedarpuliankulam (P) Soundaram Nagar 4.Vedarpuliankulam (R.V) Vedarpuliankulam (P) Manthai Street 5.Vedarpuliankulam (R.V) Vedarpuliankulam (P) North Street 2 6.Vedarpuliankulam (R.V) Vedarpuliankulam (P) Angaiyarkanni Nagar 7.Vedarpuliankulam (R.V) Vedarpuliankulam (P) South Street,All Voters,"Panchayat Union Elementary School, Additional Building, Room NO 2",Vedarpuliyankulam-625006,tamilaga vettri kazhagam,366,271,95,dravida munnetra kazhagam,3,4,2,11,11,6,1,8,6,11,5,8,11,11,11,8,11.30952380952381,2
53,264,40,195,0,1,1,10,279,1,1,0,0,0,1,0,793,0,4,797,0,53,"Kallar Reclamation High School, Main Building, West
Portion, Thanakkankulam-625006","1.Thanakankulam (R.V) Thanakkankulam (P) Perumal Kovil Street
2.Thanakankulam (R.V) Thanakkankulam (P) Iyyanar Colony",All Voters,"Kallar Reclamation High School, Main Building, West
Portion",Thanakkankulam-625006,tamilaga vettri kazhagam,279,264,15,dravida munnetra kazhagam,3,4,2,7,12,7,1,5,7,7,6,12,12,12,7,12,1.891551071878941,1
54,291,37,189,2,0,0,9,326,0,1,0,0,0,0,0,855,0,1,856,0,54,"Kallar Reclamation High School, Main Building, Centre Portion, West Side, Thanakkankulam-625006",1.Thanakankulam (R.V) Thanakkankulam (P) Kalai Nagar 2.Thanakankulam (R.V) Thanakkankulam (P) Ayyanar Street,All Voters,"Kallar Reclamation High School, Main Building, Centre Portion, West Side",Thanakkankulam-625006,tamilaga vettri kazhagam,326,291,35,dravida munnetra kazhagam,3,4,2,9,6,9,1,5,9,7,7,9,9,9,9,9,4.093567251461988,0
55,213,47,256,0,0,0,15,320,0,0,0,0,0,0,0,851,0,6,857,0,55,"Governemnt Kallar Reclamation High School, Main Building, Eastern Portion, West Side, Thanakkankulam-625006",1.Thanakankulam (R.V) Thanakankulam (P) Thanakankulam Ward 2,All Voters,"Governemnt Kallar Reclamation High School, Main Building, Eastern Portion, West Side",Thanakkankulam-625006,tamilaga vettri kazhagam,320,256,64,all india anna dravida munnetra kazhagam,2,4,3,7,7,7,1,5,7,7,6,7,7,7,7,7,7.520564042303173,0
56,234,50,218,0,2,0,5,336,1,1,0,1,0,1,0,849,0,3,852,0,56,"Merry land Nursery and Primary School, West Building East
Portion Thanakankulam 625006","1.Thanakankulam (R.V) Thanakankulam (P) P.R.C.Ceylon Colony Ward 4
2.Thanakankulam (R.V) Thanakankulam (P) Yoga Nagar",All Voters,Merry land Nursery and Primary School,"West Building East
Portion Thanakankulam 625006",tamilaga vettri kazhagam,336,234,102,dravida munnetra kazhagam,3,4,2,12,12,7,1,5,8,8,6,12,8,12,8,12,12.01413427561837,2
57,273,49,185,1,0,2,7,331,0,0,1,0,0,1,2,852,0,2,854,0,57,"Merry land Nursery and Primary School, West Building West Portion Thanakankulam 625006",1.Thanakankulam (R.V) Thanakkankulam(P) M.G.R.Colony 2.Thanakankulam (R.V) Thanakkankulam (P) Krishna Nagar 3.Thanakankulam (R.V) Thanakkankulam (P) Kamarajar Street,All Voters,Merry land Nursery and Primary School,West Building West Portion Thanakankulam 625006,tamilaga vettri kazhagam,331,273,58,dravida munnetra kazhagam,3,4,2,6,9,12,1,5,12,12,6,9,12,12,9,6,6.807511737089202,4
58,199,42,131,0,1,0,3,278,0,0,0,2,0,0,0,656,0,4,660,0,58,"Kallar Reclamation Primary School, East Building, Eastern Portion, Thanakkankulam-625006","1.Thanakankulam (R.V) Thanakankulam(P) Karthika Nagar 2.Thanakankulam (R.V) Thanakankulam (P) Brintha Nagar 3.Thanakankulam (R.V) Thanakankulam (P) Mullai Nagar
4.Thanakankulam (R.V) Thanakankulam (P) K.V.M.Nagar Mullai Nagar South 5.Thanakankulam (R.V) Thanakankulam (P) Punitha Annal Hospital
6 - Thanakkankulam (R.V) Thanakkankulam (P), Astalakshmi Nagar
7.Thanakankulam (R.V) Thanakankulam (P) Durga Nagar",All Voters,"Kallar Reclamation Primary School, East Building, Eastern Portion",Thanakkankulam-625006,tamilaga vettri kazhagam,278,199,79,dravida munnetra kazhagam,3,4,2,9,9,8,1,6,9,9,5,9,7,9,9,9,12.04268292682927,2
59,216,45,113,0,2,0,2,275,0,0,0,0,0,1,0,654,0,6,660,0,59,"Kallar Reclamation Primary School, East Building,West Portion, Thanakkankulam-625006","1.Thanakankulam (R.V) Thanakankulam (P) Aravind Nagar 1St Street 2.Thanakankulam (R.V) Thanakankulam (P) Thenpalanji Road Aravind Nagar 3.Thanakankulam (R.V) Thanakankulam (P) Araind Nagar
4.Thanakankulam (R.V) Thanakankulam (P) Aravind Nagar 3rd Street 5.Thanakankulam (R.V) Thanakankulam (P) Aravind Nagar 2nd Street 6.Thanakankulam (R.V) Thanakankulam (P) Kurinji Nagar
7.Thanakankulam (R.V) Thanakankulam (P) Punitha Charles",All Voters,"Kallar Reclamation Primary School, East Building,West Portion",Thanakkankulam-625006,tamilaga vettri kazhagam,275,216,59,dravida munnetra kazhagam,3,4,2,9,9,6,1,6,9,9,5,9,9,9,8,9,9.021406727828746,1
60,347,45,128,1,0,0,5,378,1,0,0,0,0,1,0,906,0,5,911,0,60,"Kallar Reclamation Primary School, Middle Building,
Thanakkankulam-625006","1 - Thanakkankulam (R.V) Thanakkankulam (P), Nethaji Nagar (Sl.No.1 to 997)
2.Thanakankulam (R.V) Thanakankulam (P) Nethaji Nagar Kanmaikarai",All Voters,"Kallar Reclamation Primary School, Middle Building",Thanakkankulam-625006,tamilaga vettri kazhagam,378,347,31,dravida munnetra kazhagam,3,4,2,10,7,10,1,5,7,10,5,10,10,10,7,10,3.421633554083885,1
61,249,57,133,0,2,1,2,335,0,0,0,0,0,1,0,780,0,7,787,0,61,"Kallar Reclamation Primary School, Middle Building, West Portion, Thanakkankulam-625006","1 - Thanakkankulam (R.V) Thanakkankulam (P), Nethaji Nagar (Sl.No.998 to 1381) 2.Thanakankulam (R.V) Thanakankulam (P) Sowbakiya Nagar
3.Thanakankulam (R.V) Thanakankulam (P) G.S.T.Road 4.Thanakankulam (R.V) Thanakankulam (P) Annai Sivagami Nagar",All Voters,"Kallar Reclamation Primary School, Middle Building, West Portion",Thanakkankulam-625006,tamilaga vettri kazhagam,335,249,86,dravida munnetra kazhagam,3,4,2,8,10,6,1,6,10,10,5,10,10,10,8,10,11.02564102564103,1
62,229,33,151,0,1,0,3,374,1,0,0,0,1,1,0,794,0,2,796,0,62,"St Charles Matric Higher Secondary School,West Building,
Eastern Portion, Thanakkankulam-625006","1 - Thanakkankulam (R.V) Thanakkankulam (P), Burma Colony Ward 5 Sl.No 1 to 995",All Voters,"St Charles Matric Higher Secondary School,West Building,
Eastern Portion",Thanakkankulam-625006,tamilaga vettri kazhagam,374,229,145,dravida munnetra kazhagam,3,4,2,11,11,7,1,5,7,11,6,11,11,7,7,11,18.26196473551637,2
63,223,37,127,0,4,0,1,322,0,0,0,0,0,1,0,715,0,7,722,0,63,"St Charles Girls Higher Secondary School, North Building Western Portion, Class Room XII C1, Thiruvalluvar nagar
Thanakkankulam-625006","1.Thanakankulam (R.V) Thanakankulam (P) Burma Colony (Ceylon Colony) Ward , 2.Thanakankulam (R.V) Thanakankulam (P) Kurinji Nagar Ward 4",All Voters,"St Charles Girls Higher Secondary School, North Building Western Portion, Class Room XII C1","Thiruvalluvar nagar
Thanakkankulam-625006",tamilaga vettri kazhagam,322,223,99,dravida munnetra kazhagam,3,4,2,9,9,6,1,7,9,9,5,9,9,9,7,9,13.84615384615385,1
64,228,44,123,2,1,0,3,433,1,0,1,0,0,2,1,839,0,2,841,0,64,"St Charles Girls Higher Secondary School, North Building Centrer Portion, Staff Room , Thiruvalluvar nagar
Thanakkankulam-625006","1.Thanakankulam (R.V) Thanakankulam (P) Harijan Colony Ward 5 , 2.Thanakankulam (R.V) Thanakankulam (P) Parambumedu Ward 5
3Thanakankulam (R.V) Thanakankulam (P) Bharathiar Nagar Ward 5",All Voters,"St Charles Girls Higher Secondary School, North Building Centrer Portion, Staff Room","Thiruvalluvar nagar
Thanakkankulam-625006",tamilaga vettri kazhagam,433,228,205,dravida munnetra kazhagam,3,4,2,13,6,9,1,5,9,13,6,9,13,13,6,9,24.43384982121573,4
65,201,59,80,0,0,0,4,402,0,0,0,0,0,1,1,748,0,2,750,0,65,"St Charles Matric Higher Secondary School, East Building, Northern Portion, Near Computer Section, Thanakkankulam-
625006","1 - Thanakkankulam (R.V) Thanakkankulam (P), Thiruvalluvar Nagar Ward 5 (Sl.No 1 to 986) 2.Thanakankulam (R.V) Thanakankulam (P) Odai Colony Ward",All Voters,"St Charles Matric Higher Secondary School, East Building, Northern Portion, Near Computer Section","Thanakkankulam-
625006",tamilaga vettri kazhagam,402,201,201,dravida munnetra kazhagam,3,4,2,9,9,9,1,5,9,9,6,9,9,9,7,7,26.8716577540107,2
66,233,45,155,0,4,0,3,411,0,1,2,1,1,1,0,857,0,4,861,0,66,"St Charles Matric Higher Secondary School, East Building, South Portion, Thanakkankulam-625006","1. Thanakkankulam (R.V) Thanakkankulam (P), Thiruvalluvar Nagar Ward 5 (Sl.No 986 to 1210) 2.Thanakkankulam (R.V) Thanakkankulam (P), Burma Colony Ward 5 Sl.No 996 to 1260 3.Thanakankulam (R.V) Thanakankulam (P) Ayyar Colony Ward 1
4.Thanakankulam (R.V) Thanakankulam (P) Indra Nagar Ward 5 ,",All Voters,"St Charles Matric Higher Secondary School, East Building, South Portion",Thanakkankulam-625006,tamilaga vettri kazhagam,411,233,178,dravida munnetra kazhagam,3,4,2,13,13,5,1,7,13,9,5,8,9,9,9,13,20.77012835472579,5
67,586,15,67,0,0,2,3,155,0,0,0,0,0,0,0,828,0,6,834,0,67,"Kallar Reclamation Elementary School, New Building, Northern Portion, Vilacheri-625006","1.Vilacheri (R.V) Vilacheri (P) Pallivasal North Muslim Street Ward 1 2.Vilacheri (R.V) Vilacheri (P) Vilacheri Main Road Ward 2
3.Vilacheri (R.V) Vilacheri (P) South Muslim Street Ward 2",All Voters,"Kallar Reclamation Elementary School, New Building, Northern Portion",Vilacheri-625006,dravida munnetra kazhagam,586,155,431,tamilaga vettri kazhagam,3,4,1,7,8,8,2,6,8,8,5,8,8,8,8,8,52.05314009661836,0
68,305,50,151,2,0,3,2,411,0,0,0,0,0,0,0,924,0,6,930,0,68,"Seventhday Adventist Matriculation School (Southern
Portion) Vilachery, 625006",1.Vilacheri (R.V) Vilacheri (P) Athisivan Kovil Street Ward 3,All Voters,"Seventhday Adventist Matriculation School (Southern
Portion) Vilachery",625006,tamilaga vettri kazhagam,411,305,106,dravida munnetra kazhagam,3,4,2,6,7,9,1,7,9,9,5,9,9,9,9,9,11.47186147186147,0
69,127,37,86,0,0,1,3,190,0,0,0,0,0,0,0,444,0,1,445,0,69,"Community Hall, Vilacheri-625006",1.Vilacheri (R.V) Vilacheri (P) Mela Street Ward 3 2.Vilacheri (R.V) Vilacheri (P) Pasumpon Street Ward 3 3.Vilacheri (R.V) Vilacheri (P) Yathavar Street Ward 4 4.Vilacheri (R.V) Vilacheri (P) Velar Street Ward 3,All Voters,Community Hall,Vilacheri-625006,tamilaga vettri kazhagam,190,127,63,dravida munnetra kazhagam,3,4,2,6,8,8,1,5,8,8,6,8,8,8,8,8,14.18918918918919,0
70,257,18,112,1,1,0,2,255,0,0,0,1,0,1,0,648,0,1,649,0,70,"Seventhday Adventist Matriculation School (East Portion) Vilachery, 625006",1.Vilacheri (R.V) Vilacheri (P) Gandhi Street Ward 12 2.Vilacheri (R.V) Vilacheri (P) Chetti Street Ward 5 3.Vilacheri (R.V) Vilacheri (P) Nadu Street Ward 5 4.Vilacheri (R.V) Vilacheri (P) Yathavar Street Ward 3 5.Vilacheri (R.V) Vilacheri (P) Nethaji Street Ward 3,All Voters,Seventhday Adventist Matriculation School (East Portion) Vilachery,625006,dravida munnetra kazhagam,257,255,2,tamilaga vettri kazhagam,3,4,1,11,6,6,2,5,11,11,6,11,6,11,6,11,0.308641975308642,2
71,249,34,90,1,0,1,5,202,1,0,0,0,1,0,0,584,0,1,585,0,71,"Seventhday Adventist Matriculation School (North Portion)
Vilachery, 625006","1.Vilacheri (R.V) Vilacheri (P) Pasumpon Street Ward 3
2.Vilacheri (R.V) Vilacheri (P) Velar Street Ward 3",All Voters,"Seventhday Adventist Matriculation School (North Portion)
Vilachery",625006,dravida munnetra kazhagam,249,202,47,tamilaga vettri kazhagam,3,4,1,6,6,11,2,5,6,11,6,11,11,6,11,11,8.047945205479452,1
72,305,62,71,1,0,0,5,442,0,0,0,0,0,0,1,887,0,1,888,0,72,"Seventhday Adventist Matriculation School (West Portion)
Vilachery, 625006","1.Vilacheri (R.V) Vilacheri (P) Kalaingar Nagar Ward 3
2.Vilacheri (R.V) Vilacheri (P) Eswari Street Ward 4",All Voters,"Seventhday Adventist Matriculation School (West Portion)
Vilachery",625006,tamilaga vettri kazhagam,442,305,137,dravida munnetra kazhagam,3,4,2,9,6,9,1,5,9,9,6,9,9,9,9,6,15.44532130777903,1
73,359,39,103,0,5,2,6,289,0,0,0,1,1,1,1,807,0,0,807,0,73,"Panchayat Union Middle School,Additional Building South Portion, Vilacheri-625006","1.Vilacheri (R.V) Vilacheri (P) Sevukar Street Ward 4 2.Vilacheri (R.V) Vilacheri (P) Agraharam Ward 4
3.Vilacheri (R.V) Vilacheri (P) Anna Street Ward 5",All Voters,"Panchayat Union Middle School,Additional Building South Portion",Vilacheri-625006,dravida munnetra kazhagam,359,289,70,tamilaga vettri kazhagam,3,4,1,7,12,6,2,5,12,12,12,12,8,8,8,8,8.674101610904584,4
74,348,33,83,1,0,1,1,356,1,1,0,0,0,1,2,828,0,2,830,0,74,"Panchayat Union Middle School, Southern Building Southern Portion, Vilacheri-625006","1.Vilacheri (R.V) Vilacheri (P) Main Road Ward 5 2.Vilacheri (R.V) Vilacheri (P) Kottaram Ward 4 3.Vilacheri (R.V) Vilacheri (P) Kalaingar Nagar Ward 3
4.Vilacheri (R.V) Vilacheri (P) Thirunagar Main Road Ward 3",All Voters,"Panchayat Union Middle School, Southern Building Southern Portion",Vilacheri-625006,tamilaga vettri kazhagam,356,348,8,dravida munnetra kazhagam,3,4,2,7,7,13,1,7,7,7,5,13,13,13,7,5,0.966183574879227,3
75,178,21,72,1,0,1,0,172,0,0,0,1,0,0,0,446,0,4,450,0,75,"Seethalakshmi Higher Secondary School, Southern Building, Eastern Portion, Thirunagar-625006","1.Madurai (C) Thirunagar (TP) Gandhiji 1st Cross Street Ward 94
2.Madurai (C) Thirunagar (TP) Gandhiji 2nd Cross Street Ward 94
3.Madurai (C) Thirunagar (TP) Gandhiji 3rdcross Street Ward 94
4.Madurai (C) Thirunagar (TP) Gandhiji 4thcross Street Ward 94
5.Madurai (C) Thirunagar (TP) Gandhiji 5thcross Street Ward 94
6.Madurai (C) Thirunagar (TP) Gandhiji 6thcross Street Ward 94
7.Madurai (C) Thirunagar (TP) Gandhiji 7th Cross Street Ward 94
8.Madurai (C) Thirunagar (TP) Gandhiji Street Ward 94
9.Madurai (C) Thirunagar (TP) Bharathiyar Street Ward 94
10.Madurai (C) Thirunagar (TP) Bharathiyar East Street Ward 94",All Voters,"Seethalakshmi Higher Secondary School, Southern Building, Eastern Portion",Thirunagar-625006,dravida munnetra kazhagam,178,172,6,tamilaga vettri kazhagam,3,4,1,6,6,9,2,9,9,9,5,9,6,9,9,9,1.345291479820628,1
76,155,42,151,1,1,1,3,268,0,0,0,0,0,0,0,622,0,9,631,0,76,"Seethalakshmi Higher Secondary School, Southern Building, Centre Portion, (East side) Thirunagar-625006","1.Madurai (C) Thirunagar (TP) Ramabadran Street Ward 94
2.Madurai (C) Thirunagar (TP) Kumarasamy Street Ward 94
3.Madurai (C) Thirunagar (TP) Duraisamy Street Ward 94
4.Madurai (C) Thirunagar (TP) Parthasarathi Street Ward 94
5.Madurai (C) Thirunagar (TP) Subburaman Street Ward 94
6.Madurai (C) Thirunagar (TP) Kadai Street Ward 94
7.Madurai (C) Thirunagar (TP) Rajaji Street Ward 94
8.Madurai (C) Thirunagar (TP) Rajaji Street Police Quarters Ward 94
9.Madurai (C) Thirunagar (TP) Sundarar Street Ward 94
10.Madurai (C) Thirunagar (TP) Shanmugar Street Ward 94
11.Madurai (C) Thirunagar (TP) Meenakshi Street Ward 94
12.Madurai (C) Thirunagar (TP) Brindavan Street Ward 94
13.Madurai (C) Thirunagar (TP) Krishnamoorthy Street Ward 94
14.Madurai (C) Thirunagar(Tp) Sornam Colony Ward 94",All Voters,"Seethalakshmi Higher Secondary School, Southern Building, Centre Portion",(East side) Thirunagar-625006,tamilaga vettri kazhagam,268,155,113,dravida munnetra kazhagam,3,4,2,7,7,7,1,6,10,10,5,10,10,10,10,10,18.16720257234726,0
77,208,44,159,0,0,0,1,273,0,1,0,0,0,0,1,687,0,7,694,0,77,"Seethalakshmi Higher Secondary School, Southern Building, Middle Portion, Thirunagar-625006","1.Madurai (C) Thirunagar(Tp) Kamarajar Street Ward 94
2.Madurai (C) Thirunagar(Tp) Nellaiyappar Street Ward 94
3.Madurai (C) Thirunagar(Tp) Vengaram Street Ward 94
4.Madurai (C) Thirunagar(Tp) Govindasamy Street Ward 94
5.Madurai (C) Thirunagar(Tp) Sundar Nagar Second Street Ward 95
6.Madurai (C) Thirunagar(Tp) Bdo Officers Quarters Ward 94
7.Madurai (C) Thirunagar(Tp) Renganathan Street Ward 94
8.Madurai (C) Thirunagar(Tp) Poonga Street Ward 94
9.Madurai (C) Thirunagar(Tp) Officers Quarters Ward 94
10.Madurai (C) Thirunagar(Tp) Gst Main Road Ward 94",All Voters,"Seethalakshmi Higher Secondary School, Southern Building, Middle Portion",Thirunagar-625006,tamilaga vettri kazhagam,273,208,65,dravida munnetra kazhagam,3,4,2,9,9,9,1,6,9,6,5,9,9,9,9,6,9.461426491994178,1
78,176,34,113,0,1,0,0,314,0,0,0,0,1,0,0,639,0,4,643,0,78,"Seethalakshmi Higher Secondary School, Southern Building, Centre Portion, (West Side) Thirunagar-625006","1.Madurai (C) Thirunagar(Tp) Raman Street Ward 95
2.Madurai (C) Thirunagar(Tp) Nethaji Main Road Ward 95
3.Madurai (C) Thirunagar(Tp) Nethaji 1st Cross Street Ward 95
4.Madurai (C) Thirunagar(Tp) Seethalakshmi Mill Complex 95
5.Madurai (C) Thirunagar(Tp) Nethaji 2nd Cross Street Ward 95
6.Madurai (C) Thirunagar(Tp) Nethaji 3rd Cross Street Ward 95
7.Madurai (C) Thirunagar(Tp) Nethaji 4th Street Ward 95
8.Madurai (C) Thirunagar(Tp) Balaji Street 95
9.Madurai (C) Thirunagar(Tp) Chitra Kala Colony 1st Street 94
10.Madurai (C) Thirunagar(Tp) Kunjaram Street Ward 95
11.Madurai (C) Thirunagar(Tp) Masilamani Street 94
12.Madurai (C) Thirunagar(Tp) West Masilamani Street94",All Voters,"Seethalakshmi Higher Secondary School, Southern Building, Centre Portion",(West Side) Thirunagar-625006,tamilaga vettri kazhagam,314,176,138,dravida munnetra kazhagam,3,4,2,8,8,6,1,8,8,8,5,8,8,6,8,8,21.5962441314554,1
79,196,47,124,1,0,0,2,326,1,0,0,0,0,1,0,698,0,12,710,0,79,"Seethalakshmi Higher Secondary School, Southern Building, Western Portion, Thirunagar-625006","1.Madurai (C) Thirunagar(Tp) Vivekanadar Street Ward 95
2.Madurai (C) Thirunagar(Tp) Elango Street Ward 95
3.Madurai (C) Thirunagar(Tp) GST Road Ward 95
4.Madurai (C) Thirunagar(Tp) Kabilar Street 95
5.Madurai (C) Thirunagar(Tp) Amaithi Solai Ward 95
6.Madurai (C) Thirunagar(Tp) Pandian Street Ward 95
7.Madurai (C) Thirunagar(Tp) Vetri Vinayakar Kovil Street Ward 95
8.Madurai (C) Thirunagar(Tp) Vanjinathan Street Ward 95
9.Madurai (C) Thirunagar(Tp) Parasakthi Street Ward 95
10.Madurai (C) Thirunagar(Tp) Thilagar Street Ward 95
11.Madurai (C) Thirunagar(Tp) Mani Street Ward 94
12.Madurai (C) Thirunagar(Tp) Chitrakala Colony Mani Cross Street 94",All Voters,"Seethalakshmi Higher Secondary School, Southern Building, Western Portion",Thirunagar-625006,tamilaga vettri kazhagam,326,196,130,dravida munnetra kazhagam,3,4,2,10,7,10,1,6,7,10,5,10,10,10,7,10,18.62464183381089,1
80,188,24,168,0,0,0,2,237,0,0,1,0,1,0,1,622,0,5,627,0,80,"Sabitha Bai Kovai Higher Secondary School, West Building South Portion Thirunagar-625006","1.Madurai (C) Thirunagar (TP) Pasumpon 2nd Street Ward 94
2.Madurai (C) Thirunagar (TP) Onakal 3rd Cross Street Ward 94
3.Madurai (C) Thirunagar (TP) Onakanal Cross Street Ward 94
4.Madurai (C) Thirunagar (TP) Seenivasa Nagar 5th Cross Street Ward 94,
5.Madurai (C) Thirunagar (TP) Venkateswara Street Ward 94,.
6.Madurai (C) Thirunagar (TP) Sokkanathar Street Ward 94,
7.Madurai (C) Thirunagar (TP) Veera Ragava Perumal Street Ward 94,
8.Madurai (C) Thirunagar (TP) Thangamani Street 94,
9.Madurai (C) Thirunagar (TP) Baluchamy Street 94, 10..Madurai (C) Thirunagar (TP) Lakkuvanar Street 94,
11.Madurai (C) Thirunagar (TP) Lakkuvanar 1st Cross Street 94,
12.Madurai (C) Thirunagar (TP) Lakkuvanar 2nd Cross Street 94,
13.Madurai (C) Thirunagar (TP) Lakkuvanar 3rd Cross Street 94,",All Voters,Sabitha Bai Kovai Higher Secondary School,West Building South Portion Thirunagar-625006,tamilaga vettri kazhagam,237,188,49,dravida munnetra kazhagam,3,4,2,10,10,10,1,6,10,10,5,7,10,7,10,7,7.877813504823152,3
81,169,45,142,0,0,1,2,285,0,2,0,0,0,0,0,646,0,2,648,0,81,"Sabitha Bai Kovai Higher Secondary School, West Building Middle Portion (South Side) Thirunagar-625006","1.Madurai (C) Thirunagar (TP) Seenivasapuram (Annai Sathiya Street) Ward 94
2.Madurai (C) Thirunagar (TP) Teachers Quarters ward 94
3.Madurai (C) Thirunagar (TP) Seenivasa Nagar Ward 94
4.Madurai (C) Thirunagar (TP) Seenivasa Nagar 1st Cross Street Ward 94
5.Madurai (C) Thirunagar (TP) Seenivasa Nagar 2nd Cross Street Ward 94 ,
6.Madurai (C) Thirunagar (TP) Seenivasa Nagar 3rd Cross Street Ward 94
7.Madurai (C) Thirunagar (TP) Visalatchi Street Ward 94 ,
8.Madurai (C) Thirunagar (TP) Thiruvalluvar Street Ward 94 ,",All Voters,Sabitha Bai Kovai Higher Secondary School,West Building Middle Portion (South Side) Thirunagar-625006,tamilaga vettri kazhagam,285,169,116,dravida munnetra kazhagam,3,4,2,8,9,9,1,5,9,5,5,9,9,9,9,9,17.95665634674922,0
82,147,40,175,2,2,0,0,309,2,0,0,0,0,0,0,677,0,9,686,0,82,"Sabitha Bai Kovai Higher Secondary School, West Building Middle Portion Thirunagar-625006","1.Madurai (C) Thirunagar (TP) Maruthu Pandiyar Street 94,
2.Madurai (C) Thirunagar (TP) Thirukkumaran 1st Street 94,
3.Madurai (C) Thirunagar (TP) Pillaiyar Kovil Street Ward 94,
4.Madurai (C) Thirunagar (TP) Rasi Street Ward 94 ,
5.Madurai (C) Thirunagar (TP) Sahaya Nagar New Kambar Street 94,
6.Madurai (C) Thirunagar (TP) Vinayagar Kovil Street 94,
7.Madurai (C) Thirunagar (TP) Sivasubramanian Street Ward 94,
8.Madurai (C) Thirunagar (TP) Nehruji Street Ward 94",All Voters,Sabitha Bai Kovai Higher Secondary School,West Building Middle Portion Thirunagar-625006,tamilaga vettri kazhagam,309,175,134,all india anna dravida munnetra kazhagam,2,4,3,9,6,6,1,9,6,9,5,9,9,9,9,9,19.79320531757755,0
83,156,20,175,0,1,0,2,356,0,0,0,0,0,1,0,711,0,3,714,0,83,"Sabitha Bai Kovai Higher Secondary School, West Building Middle Portion (North Side) Thirunagar-625006","1.Madurai (C) Thirunagar (TP) Amalapalli Street Ward 94 ,
2.Madurai (C) Thirunagar (TP) Vilachery Main Road Ward 94 ,
3.Madurai (C) Thirunagar (TP) Vilachery Velavar Street Ward 94 ,
4.Madurai (C) Thirunagar (TP) Indra Gandhi Street Ward 94,
5.Madurai (C) Thirunagar (TP) Mangammal Salai Ward 94,
6.Madurai (C) Thirunagar (TP) Sabari Giri Street Ward 94,
7.Madurai (C) Thirunagar (TP) Sundar Street Ward 94,
8.Madurai (C) Thirunagar (TP) Seenivasa Nagar 6th Street Ward 94,
9.Madurai (C) Thirunagar (TP) Seenivasa Nagar 6th Cross Street Ward 94,
10.Madurai (C) Thirunagar (TP) Angayarkanni Street Ward 94",All Voters,Sabitha Bai Kovai Higher Secondary School,West Building Middle Portion (North Side) Thirunagar-625006,tamilaga vettri kazhagam,356,175,181,all india anna dravida munnetra kazhagam,2,4,3,9,9,7,1,6,9,9,5,9,9,9,7,9,25.45710267229255,1
84,161,34,142,1,1,0,4,380,0,0,0,0,0,2,0,725,0,4,729,0,84,"Sabitha Bai Kovai Higher Secondary School, West Building North Portion Thirunagar-625006","1.Madurai (C) Thirunagar (TP) Seenivasa Nagar 4th Street Ward 94,
2.Madurai (C) Thirunagar (TP) Seenivasa Nagar 4th Cross Street Ward 94,
3.Madurai (C) Thirunagar (TP) Mangammal Salai Cross Street Ward 94 ,
4.Madurai (C) Thirunagar (TP) K.T.R. Cross Street Ward 94 ,
5.Madurai (C) Thirunagar (TP) Seenivasa Main Road Ward 94,
6.Madurai (C) Thirunagar (TP) Seenivasa Nagar 6th Cross Street Ward 94,
7.Madurai (C) Thirunagar (TP) Seenivasa Nagar 7th Street Ward 94,
8.Madurai (C) Thirunagar (TP) Seenivasa Nagar 7th Cross Street Ward 94,
9.Madurai (C) Thirunagar (TP) Seenivasa Nagar 8th Street Ward 94,
10.Madurai (C) Thirunagar (TP) Seenivasa Nagar 9th Street Ward 94,
11.Madurai (C) Thirunagar (TP) Uchiyar Nagar Ward 94,
12.Madurai (C) Thirunagar (TP) Kambar Street Ward 94 ,",All Voters,Sabitha Bai Kovai Higher Secondary School,West Building North Portion Thirunagar-625006,tamilaga vettri kazhagam,380,161,219,dravida munnetra kazhagam,3,4,2,10,8,8,1,5,10,10,5,10,10,10,7,10,30.20689655172414,2
85,200,39,162,1,3,1,1,317,0,0,0,0,0,2,0,726,0,3,729,0,85,"Thirunagar Elementary School, North West Building,South Portion, Thirunagar-625006","1.Madurai (C) Thirunagar ( Tp) V.O.C Main Street Ward 94
2.Madurai (C) Thirunagar ( Tp) V.O.C 1st Cross Street Ward 94
3.Madurai (C) Thirunagar (Tp) V.O.C 2nd Street Ward 94
4.Madurai (C) Thirunagar (Tp) V.O.C 3rd Street Ward 94
5.Madurai (C) Thirunagar (Tp) Josephnagar Main Ward 94
6.Madurai (C) Thirunagar (Tp) Joseph Nagar 1st Cross Street Ward 94
7.Madurai (C) Thirunagar ( Tp) Joseph Nagar 2nd Cross Street Ward 94",All Voters,"Thirunagar Elementary School, North West Building,South Portion",Thirunagar-625006,tamilaga vettri kazhagam,317,200,117,dravida munnetra kazhagam,3,4,2,8,8,5,1,8,11,11,5,11,11,11,7,11,16.11570247933884,2
86,144,21,186,0,1,1,2,436,0,0,1,0,0,1,0,793,0,1,794,0,86,"Thirunagar Elementary School, North West Building, North Portion, Thirunagar-625006","1.Madurai (C) Thirunagar ( Tp) Nadanagopal Nayaki 2nd Cross Street Ward94
2.Madurai (C) Thirunagar ( Tp) Nadanagopal Nayaki 3rd Cross Street Ward 94
3.Madurai (C) Thirunagar (Tp) Nadanagopal Nayaki 4th Cross Street Ward 94
4.Madurai (C) Thirunagar ( Tp) Lalbahadur Sasthri Street Ward 94 ,
5.Madurai (C) Thirunagar ( Tp)Dr. Radhakrishnan Street Ward 94,
6.Madurai (C) Thirunagar ( Tp) Joseph Nagar Ward 94,
7.Madurai (C) Thirunagar ( Tp) Nadanagopal Nayaki 5th Cross Street Ward 94
8.Madurai (C) Thirunagar ( Tp) Vilacheri Road Ward 94",All Voters,"Thirunagar Elementary School, North West Building, North Portion",Thirunagar-625006,tamilaga vettri kazhagam,436,186,250,all india anna dravida munnetra kazhagam,2,4,3,6,11,6,1,5,11,11,6,6,11,11,6,11,31.52585119798235,2
87,180,33,152,1,0,0,2,296,1,0,0,0,0,0,0,665,0,2,667,0,87,"C S Ramachary Memorial Nursery and Primary School, Southern Building , Middle Portion ,Thirunagar-625006","6.Madurai (C) Thirunagar ( Tp) Manthi Thoppu Ward 94 ,
1.Madurai (C) Thirunagar (TP) Pasumpon 1st street (Achamuthamman Kovil Street) Ward 94,
2.Madurai (C) Thirunagar (TP) Thulasiram Street Ward 94,
3.Madurai (C) Thirunagar (TP) Rajeev Gandhi Street Ward 94,
4.Madurai (C) Thirunagar (TP) Sundar Nagar Ward 94 ,
5.Madurai (C) Thirunagar ( Tp) Joseph Nagar 3rd Cross Street Ward 94",All Voters,"C S Ramachary Memorial Nursery and Primary School, Southern Building , Middle Portion",Thirunagar-625006,tamilaga vettri kazhagam,296,180,116,dravida munnetra kazhagam,3,4,2,9,7,9,1,5,7,9,5,9,9,9,9,9,17.44360902255639,0
88,123,25,99,0,0,1,2,299,0,0,1,1,0,2,0,553,0,0,553,0,88,"C S Ramachary Memorial Nursery and Primary School, Southern Building , North Portion Class UKG-B , Thirunagar-
625006","1.Madurai (C) Thirunagar ( Tp) Manika Nagar Ward 94,
2.Madurai (C) Thirunagar ( Tp) Eswari Nagar Ward 94,
3.Madurai (C) Thirunagar ( Tp) Thanigai Nagar Ward 94,",All Voters,"C S Ramachary Memorial Nursery and Primary School, Southern Building , North Portion Class UKG-B","Thirunagar-
625006",tamilaga vettri kazhagam,299,123,176,dravida munnetra kazhagam,3,4,2,7,10,10,1,5,10,10,10,7,7,10,5,10,31.82640144665461,4
89,129,15,184,0,0,1,1,308,1,0,0,0,0,1,0,640,0,3,643,0,89,"C S Ramachary Memorial Nursery and Primary School, Southern Building , Middle Portion Class LKG-B , Thirunagar 625006","1.Madurai (C) Thirunagar ( Tp) Anna Street Ward 94
2.Madurai (C) Thirunagar ( Tp) Thevar Thirumahan Street Ward 94
3.Madurai (C) Thirunagar ( Tp) Radhakrishnan Street Ward 94
4.Madurai (C) Thirunagar ( Tp) Shanmugam Street Ward 94
5.Madurai (C) Thirunagar ( Tp) Vanjinathan Street Ward 94
6.Madurai (C) Thirunagar ( TP) Nadanagopal Nayaki Main Street Ward 94 ,
7.Madurai (C) Thirunagar ( TP) Nadanagopal Nayaki 1st Cross Street Ward 94",All Voters,"C S Ramachary Memorial Nursery and Primary School, Southern Building , Middle Portion Class LKG-B",Thirunagar 625006,tamilaga vettri kazhagam,308,184,124,all india anna dravida munnetra kazhagam,2,4,3,6,10,10,1,6,6,10,5,10,10,10,6,10,19.375,1
90,127,25,107,0,0,1,3,240,0,0,0,0,0,0,0,503,0,1,504,0,90,"C S Ramachary Memorial Nursery and Primary School, Southern Building , South Portion Class LKG-A , Thirunagar-
625006","1.Madurai (C) Thirunagar ( Tp) Mannar Thirumalai Nayakkar Street Ward 94
2.Madurai (C) Thirunagar ( Tp) Periyar Nagar Ward 94,",All Voters,"C S Ramachary Memorial Nursery and Primary School, Southern Building , South Portion Class LKG-A","Thirunagar-
625006",tamilaga vettri kazhagam,240,127,113,dravida munnetra kazhagam,3,4,2,6,8,8,1,5,8,8,6,8,8,8,8,8,22.46520874751491,0
91,195,35,134,1,0,0,1,293,2,1,1,0,0,0,2,665,0,5,670,0,91,"MM Higher Secondary School, West Building, Northern Portion, G S T Road, Thirupaparankundram, Thirunagar-625006","1.Madurai (C) Thirunagar ( TP) G S T Road Thirupparankudram Ward 94
2.Madurai (C) Thirunagar ( TP) Kalavasal Road Pasumpon Nagar Ward 94
3.Madurai (C) Thirunagar ( TP) Thirumurugan Colony Ward 94
4.Madurai (C) Thirunagar ( TP) Gandhiji Cross Street Ward 94",All Voters,"MM Higher Secondary School, West Building, Northern Portion, G S T Road, Thirupaparankundram",Thirunagar-625006,tamilaga vettri kazhagam,293,195,98,dravida munnetra kazhagam,3,4,2,12,8,12,1,8,6,8,5,8,12,12,12,6,14.73684210526316,3
92,221,34,116,0,0,0,3,342,2,0,1,0,0,0,1,720,0,4,724,0,92,"MM Higher Secondary School, West Building, South Centre Portion, Near Stair Case, G S T Road, Thirupaparankundram, Thirunagar-625006","1.Madurai (C) Thirupparankundram (Tp) Nellaiyappapuram 1st Street Ward 95
2.Madurai (C) Thirupparankundram (Tp) Nellaiyappapuram 2nd Street Ward95
3.Madurai (C) Thirupparankundram (Tp) Nellaiyappapuram 6th Street 95
4.Madurai (C) Thirupparankundram (Tp) Nellaiyappapuram 7th Street Ward95
5.Madurai (C) Thirupparankundram (Tp) Nellaiyappapuram 8th Street Ward95
6.Madurai (C) Thirupparankundram (Tp) Nellaiyappapuram 9th Street Ward95",All Voters,"MM Higher Secondary School, West Building, South Centre Portion, Near Stair Case, G S T Road, Thirupaparankundram",Thirunagar-625006,tamilaga vettri kazhagam,342,221,121,dravida munnetra kazhagam,3,4,2,10,10,10,1,6,7,10,5,8,10,10,10,8,16.80555555555556,2
93,209,28,102,0,3,0,5,269,2,0,0,0,0,0,0,618,0,2,620,0,93,"MM Higher Secondary School, West Building, Centre Portion, Room no 6, Thirupaparankundram, Thirunagar-625006","1.Madurai (C) Thirupparankundram (Tp) Middle Street Pandian Nagar Ward 95,
2.Madurai (C) Thirupparankundram (Tp) E.S.I. Quarters Ward 95,
3.Madurai (C) Thirupparankundram (Tp) Kalyana Vinayagar Kovil Street Ward95
4.Madurai (C) Thirupparankundram (Tp) East Street Ward 95,
5.Madurai (C) Thirupparankundram (Tp) Nellaiyappapuram 5th Street ward95",All Voters,"MM Higher Secondary School, West Building, Centre Portion, Room no 6, Thirupaparankundram",Thirunagar-625006,tamilaga vettri kazhagam,269,209,60,dravida munnetra kazhagam,3,4,2,9,9,6,1,5,7,9,7,9,9,9,9,9,9.70873786407767,0
94,146,33,74,0,0,0,2,224,2,1,2,0,0,1,0,485,0,3,488,0,94,"MM Higher Secondary School, West Building, Sourthern Portion, Thirupaparankundram, Thirunagar-625006","1.Madurai (C) Thirupparankundram (Tp) Poonka Street Ward 95
2.Madurai (C) Thirupparankundram (Tp) Sannathi Street Ward 95
3.Madurai (C) Thirupparankundram (Tp) Thamarai Street Ward 95
4.Madurai (C) Thirupparankundram (Tp) New Street Ward 95
5.Madurai (C) Thirupparankundram (Tp) Nellaiappapuram Main Street Ward95",All Voters,"MM Higher Secondary School, West Building, Sourthern Portion, Thirupaparankundram",Thirunagar-625006,tamilaga vettri kazhagam,224,146,78,dravida munnetra kazhagam,3,4,2,11,11,11,1,6,6,9,5,6,11,11,9,11,16.08247422680412,3
95,145,23,67,1,1,0,1,214,0,0,0,0,0,0,0,452,0,1,453,0,95,"MM Higher Secondary School, South Building,  CentrePortion, Room no 7, Thirupaparankundram, Thirunagar-625006","1.Madurai (C) Thirupparankundram (Tp) G.S.T. Road Ward 95
2.Madurai (C) Thirupparankundram (Tp) Nellaiyappapuram 3rd Street Thirunagar Ward 95
3.Madurai (C) Thirupparankundram (Tp) Nellaiyappapuram 4th Street Thirunagar Ward 95
4.Madurai (C) Thirupparankundram (Tp) Nellaiyappapuram Main Roadi Thirunagar Ward 95",All Voters,"MM Higher Secondary School, South Building,  CentrePortion, Room no 7, Thirupaparankundram",Thirunagar-625006,tamilaga vettri kazhagam,214,145,69,dravida munnetra kazhagam,3,4,2,9,5,5,1,5,9,9,5,9,9,9,9,9,15.26548672566372,0
96,259,23,131,0,0,1,4,362,3,0,0,1,1,0,0,785,0,2,787,0,96,"MM Higher Secondary School, South Building, Centre Portion, Room no 8, Thirupaparankundram, Thirunagar-625006","1.Madurai (C) Thirupparankundram (TP) Chandrapalayam 1st Street Ward97
2.Madurai (C) Thirupparankundram (TP) Chandrapalayam 2nd Street Ward97
3.Madurai (C) Thirupparankundram (TP) Chandrapalayam 3rd Street, Ward97
4.Madurai (C) Thirupparankundram (TP) East Street, Chandrapalayam Ward97",All Voters,"MM Higher Secondary School, South Building, Centre Portion, Room no 8, Thirupaparankundram",Thirunagar-625006,tamilaga vettri kazhagam,362,259,103,dravida munnetra kazhagam,3,4,2,8,11,11,1,5,6,11,7,11,8,8,11,11,13.12101910828025,2
97,241,37,108,0,0,0,2,392,1,0,0,1,0,0,0,782,0,4,786,0,97,"MM Higher Secondary School, South Building, Centre
Portion, Thirupaparankundram, Thirunagar-625006",1.Madurai (C) Thirupparankundram (TP) S.R.V. Nagar Ward 95,All Voters,"MM Higher Secondary School, South Building, Centre
Portion, Thirupaparankundram",Thirunagar-625006,tamilaga vettri kazhagam,392,241,151,dravida munnetra kazhagam,3,4,2,9,9,9,1,6,7,9,5,9,7,9,9,9,19.30946291560102,1
98,192,40,114,0,0,0,3,414,0,1,0,0,0,1,0,765,0,4,769,0,98,"MM Higher Secondary School, South Building, Eastern
Portion, Thirupaparankundram, Thirunagar-625006",1.Madurai (C) Thirupparankundram (TP) S.R.V. Nagar Ward 95,All Voters,"MM Higher Secondary School, South Building, Eastern
Portion, Thirupaparankundram",Thirunagar-625006,tamilaga vettri kazhagam,414,192,222,dravida munnetra kazhagam,3,4,2,9,9,9,1,6,9,7,5,9,9,9,7,9,29.01960784313726,1
99,168,27,134,0,0,0,0,337,0,0,0,0,0,0,0,666,0,0,666,0,99,"MM Higher Secondary School, South Building, Western Portion, Near Stair case, GST Road, Thirupaparankundram, Thirunagar-625006","1.Madurai (C) Thirupparankundram (TP) Railway Colony Ward 97,
2.Madurai (C) Thirupparankundram (TP) Kalaivanar Nagar 1st Street Ward97
3.Madurai (C) Thirupparankundram (TP) Varadharaja Perumal Kovil Street Ward 97,
4.Madurai (C) Thirupparankundram (TP) Seenivasa Nagar Ward 97,
5.Madurai (C) Thirupparankundram (TP) S.R.V. Indra Nagar Ward 95",All Voters,"MM Higher Secondary School, South Building, Western Portion, Near Stair case, GST Road, Thirupaparankundram",Thirunagar-625006,tamilaga vettri kazhagam,337,168,169,dravida munnetra kazhagam,3,4,2,5,5,5,1,5,5,5,5,5,5,5,5,5,25.37537537537538,0
100,211,38,179,1,0,1,0,371,0,0,1,0,0,0,0,802,0,2,804,0,100,"Thiyagarajar colony primary school, Western Portion Thiyagarajar colony-625004","1.Madurai (C) Thirupparankundram (TP) Inba Illam 93,
2.Madurai (C) Thirupparankundram (TP) Kanmaikarai 93 ,
3.Madurai (C) Thirupparankundram (TP) Mill Colony 93,
4.Madurai (C) Thirupparankundram (TP) Ooranikarai 93,
5.Madurai (C) Thirupparankundram (TP) Main Road 93
6 - Madurai (C) Thirupparankundram (TP), Thiyagarajar Colony Ward 93 (Sl.No 1149 to 1288)",All Voters,Thiyagarajar colony primary school,Western Portion Thiyagarajar colony-625004,tamilaga vettri kazhagam,371,211,160,dravida munnetra kazhagam,3,4,2,6,6,9,1,9,9,9,5,6,9,9,9,9,19.9501246882793,1
101,237,48,201,1,1,0,1,341,1,0,1,0,0,1,1,834,0,0,834,0,101,"Thiyagarajar colony primary school, East Portion Thiyagarajar
colony-625004","1 - Madurai (C) Thirupparankundram (TP), Thiyagarajar Colony Ward 93 (Sl.No 1 to 1149)",All Voters,Thiyagarajar colony primary school,"East Portion Thiyagarajar
colony-625004",tamilaga vettri kazhagam,341,237,104,dravida munnetra kazhagam,3,4,2,12,5,5,1,5,5,12,12,5,12,12,5,5,12.47002398081535,3
102,252,24,254,0,1,0,4,265,0,0,0,0,0,0,1,801,0,3,804,0,102,"Pasumalai Higher Secondary School, Main Building, Eastern Side, Near H M Room Pasumalai-625004","1.Madurai (C) Thirupparankundram (Tp) Krishnapuram West Street Ward 93,
2.Madurai (C) Thirupparankundram (Tp) Krishnapuram 1st West Street Ward93
3.Madurai (C) Thirupparankundram (Tp) Krishnapuram 2nd West Street Ward93
4.Madurai (C) Thirupparankundram (Tp) Krishnapuram 3rd West Street Ward93
5.Madurai (C) Thirupparankundram (Rv) Krishnapuram 1st South Street Ward93
6.Madurai (C) Thirupparankundram (Tp) Krishnapuram 2nd South Street Ward93
7.Madurai (C) Thirupparankundram (Tp) Thevamar 1st Street Ward 93
8.Madurai (C) Thirupparankundram (Tp) Devamar 2nd Street Ward 93
9.Madurai (C) Thirupparankundram (Tp) Krishnapuram Manthaiyamman Koil Street Ward 93
10.Madurai (C) Thirupparankundram (Tp) Krishnapuram Ward 93",All Voters,"Pasumalai Higher Secondary School, Main Building, Eastern Side",Near H M Room Pasumalai-625004,tamilaga vettri kazhagam,265,254,11,all india anna dravida munnetra kazhagam,2,4,3,9,9,7,1,5,9,9,6,9,9,9,9,7,1.373283395755306,1
103,269,25,123,1,1,0,3,261,1,0,0,0,0,1,1,686,0,0,686,0,103,"Pasumalai Higher Secondary School, Main Building, Western Side, Near Correspondent Room Pasumalai-625004","1.Madurai (C) Thirupparankundram (Tp) Jonespuram 1st Street Ward 93,
2.Madurai (C) Thirupparankundram (Tp) Jonespuram Cross Road Ward 93
3.Madurai (C) Thirupparankundram (Tp) Jonespuram 2nd Street Ward 93
4.Madurai (C) Thirupparankundram (Tp) Jonespuram 3rd Street Ward 93
5.Madurai (C) Thirupparankundram (Tp) Jonespuram 4th Street Ward 93
6.Madurai (C) Thirupparankundram (Tp) Ambedkhar Nagar 1st Street Ward93
7.Madurai (C) Thirupparankundram (Tp) Ambedkhar Nagar 2nd Street Ward93
8.Madurai (C) Thirupparankundram (Tp) Ambedkhar Nagar Main Street Ward93",All Voters,"Pasumalai Higher Secondary School, Main Building, Western Side",Near Correspondent Room Pasumalai-625004,dravida munnetra kazhagam,269,261,8,tamilaga vettri kazhagam,3,4,1,11,6,6,2,5,6,11,11,11,11,11,6,6,1.166180758017493,2
104,244,24,146,1,1,1,1,322,0,0,0,2,0,0,0,742,0,3,745,0,104,"Pasumalai Higher Secondary School, Main Building, North Side, Eastern Portion, Near A H M Room Pasumalai-625004","1.Madurai (C) Thirupparankundram (Tp) Ambedkhar Nagar Vilacheri Road Ward 93,
2.Madurai (C) Thirupparankundram (Tp) New Ambedkhar Nagar Ward 93,
3.Madurai (C) Thirupparankundram (Tp) New Ambedkhar Nagar 2nd Street Ward 93,
4.Madurai (C) Thirupparankundram (Tp) New Ambedkhar 3rd Street Ward 93,
5.Madurai (C) Thirupparankundram (Tp) Old Vilacheri RoadWard 93",All Voters,"Pasumalai Higher Secondary School, Main Building, North Side, Eastern Portion",Near A H M Room Pasumalai-625004,tamilaga vettri kazhagam,322,244,78,dravida munnetra kazhagam,3,4,2,7,7,7,1,7,11,11,5,11,6,11,11,11,10.51212938005391,2
105,277,31,116,2,0,0,0,247,0,0,0,0,0,0,0,673,0,3,676,0,105,"Pasumalai Higher Secondary School, Main Building, North Side, Western Portion, Pasumalai-625004","1.Madurai (C) Thirupparankundram (TP) Seminari Line Pasumalai Ward 93,
2.Madurai (C) Thirupparankundram (TP) Malligai Nagar Pasumalai Ward 93,
3.Madurai (C) Thirupparankundram (TP) Nalla Samariyan Nagar Ist Street Pasumalai Ward 93,
4.Madurai (C) Thirupparankundram (TP) Perakka Nagar 2nd Street Pasumalai Ward 93,
5.Madurai (C) Thirupparankundram (TP) Perakka Nagar Pasumalai Ward 93,
6.Madurai (C) Thirupparankundram (TP) Perakka Nagar 3rd Street Pasumalai Ward 93,
7.Madurai (C) Thirupparankundram (TP) Vinayagar Cross Street Pasumalai Ward 93,
8.Madurai (C) Thirupparankundram (TP) Nylon Nagar Pasumalai Ward 93",All Voters,"Pasumalai Higher Secondary School, Main Building, North Side, Western Portion",Pasumalai-625004,dravida munnetra kazhagam,277,247,30,tamilaga vettri kazhagam,3,4,1,7,6,7,2,7,7,7,5,7,7,7,7,7,4.457652303120357,0
106,204,39,158,1,0,0,1,233,0,0,0,0,0,0,0,636,0,7,643,0,106,"Pasumalai Higher Secondary School, Main Building, North Side, Room No 5 Pasumalai-625004","1.Madurai (C) Thirupparankundram (TP) Moota Colony 1st Street Ward 93,
2.Madurai (C) Thirupparankundram (TP) Moota Thottam Ward 93,
3.Madurai (C) Thirupparankundram (TP) Gopalsamy Nagar Moota Colony Ward 93,
4.Madurai (C) Thirupparankundram (TP) Arthi Hotel Backside Woodlands Furniture Opposite Ward 93,
5.Madurai (C) Thirupparankundram (TP) Vinayagar Nagar West Moolakarai Pasumalai Ward 93,
6.Madurai (C) Thirupparankundram (TP) GST Road Pasumalai Ward 93,
7.Madurai (C) Thirupparankundram (TP) GST Road Best House Pasumalai Ward 93,
8.Madurai (C) Thirupparankundram (TP) GST Road Murphy Hostel Compound Pasumalai Ward 93,
9.Madurai (C) Thirupparankundram (TP) Teachers Quarters Pasumalai Ward 93,
10.Madurai (C) Thirupparankundram (TP) Teachers Quarters CSI Church Compound Ward 93",All Voters,"Pasumalai Higher Secondary School, Main Building, North Side",Room No 5 Pasumalai-625004,tamilaga vettri kazhagam,233,204,29,dravida munnetra kazhagam,3,4,2,8,6,8,1,6,8,8,5,8,8,8,8,8,4.559748427672956,0
107,187,35,142,0,0,0,4,243,0,0,0,0,0,2,0,613,0,4,617,0,107,"Pasumalai Higher Secondary School, Main Building, North Side, Room No 6 Pasumalai-625004","1.Madurai (C) Thirupparankundram (TP) Elango Street Pasumalai Ward 93,
2.Madurai (C) Thirupparankundram (Tp) Ambedkhar Nagar 3rd Street Ward 93,
3.Madurai (C) Thirupparankundram (Tp) Rayappan Nagar Pasumalai Ward 93,
4.Madurai (C) Thirupparankundram (TP) Rice Mill Street Pasumalai Ward 93,
5.Madurai (C) Thirupparankundram (TP) Kambar Street Pasumalai Ward 93,",All Voters,"Pasumalai Higher Secondary School, Main Building, North Side",Room No 6 Pasumalai-625004,tamilaga vettri kazhagam,243,187,56,dravida munnetra kazhagam,3,4,2,8,8,8,1,5,8,8,5,8,8,8,7,8,9.135399673735726,2
108,179,40,108,0,2,0,3,351,0,1,0,0,0,0,0,684,0,1,685,0,108,"Andavar Subramaniya swamy Girls Higher Secondary School, Annexure, New Building, North Face Building Room No-1, Thiruparankundram-625005","1.Madurai (C) Thirupparankundram (TP) G S T Road Ward 94,
2.Madurai (C) Thirupparankundram (TP) G S T Road Chekkadi Ward 94,
3.Madurai (C) Thirupparankundram (TP) Pasumpon Nagar First Street Ward99
4.Madurai (C) Thirupparankundram (TP) Pasumponnagar Cross Street Ward99
5.Madurai (C) Thirupparankundram (TP) Pasumpon Nagar 2nd Street Ward 99,
6.Madurai (C) Thirupparankundram (TP) Pasumpon Nagar 3rd Street Ward 99,
7.Madurai (C) Thirupparankundram (TP) Kamaraj Street Balaji Nagar Ward 99,
8.Madurai (C) Thirupparankundram (TP) Sriram Street Balaji Nagar Ward 99,",All Voters,"Andavar Subramaniya swamy Girls Higher Secondary School, Annexure, New Building, North Face Building Room No-1",Thiruparankundram-625005,tamilaga vettri kazhagam,351,179,172,dravida munnetra kazhagam,3,4,2,9,9,6,1,5,9,7,7,9,9,9,9,9,25.14619883040935,0
109,239,65,128,0,0,0,1,382,0,0,1,0,0,0,0,816,0,7,823,0,109,"Andavar Subramaniya swamy Girls Higher Secondary School, Annexure, New Building, North Face Building Room No-2, Thiruparankundram-625005","1.Madurai (C) Thirupparankundram (TP) Thendral Street Ward 99,
2.Madurai (C) Thirupparankundram (TP) Nehruji Street Balaji Nagar Ward 99,
3.Madurai (C) Thirupparankundram (TP) Bharathiyar Street Ward 99,
4.Madurai (C) Thirupparankundram (TP) Thiruvalluvar Street Ward 99,
5.Madurai (C) Thirupparankundram (TP) Angayarkanni Street Ward 99,
6.Madurai (C) Thirupparankundram (TP) Chidambaranar Street Ward 99,
7.Madurai (C) Thirupparankundram (TP) Mahatma Gandhiji Street Ward 99,
8.Madurai (C) Thirupparankundram (TP) Mahatma Gandhiji Cross Street Ward99
9.Madurai (C) Thirupparankundram (TP) Gandhiji First Street Ward 99
10.Madurai (C) Thirupparankundram (TP) Ragavendra Street Ward 99 ,
11.Madurai (C) Thirupparankundram (TP) Meenakshi Street Ward 99 ,
12.Madurai (C) Thirupparankundram (TP) Vivekanandar Street Ward 99 ,
13.Madurai (C) Thirupparankundram (TP) Little Flower Street Ward 99 ,",All Voters,"Andavar Subramaniya swamy Girls Higher Secondary School, Annexure, New Building, North Face Building Room No-2",Thiruparankundram-625005,tamilaga vettri kazhagam,382,239,143,dravida munnetra kazhagam,3,4,2,8,8,8,1,6,8,8,5,6,8,8,8,8,17.52450980392157,1
110,207,41,116,0,3,0,0,312,0,1,0,0,0,1,0,681,0,4,685,0,110,"Andavar Subramaniya swamy Girls Higher Secondary School, Front, Building, East Portion, Thiruparankundram-625005","1.Madurai (C) Thirupparankundram (Tp) Natarajar Main Street Ward 99 ,
2.Madurai (C) Thirupparankundram (Tp) Velavar Street Ward 99 ,
3.Madurai (C) Thirupparankundram (Tp) Saraswathi Street Ward 99,
4.Madurai (C) Thirupparankundram (Tp) Lakshmi Street Ward 99 ,
5.Madurai (C) Thirupparankundram (Tp) Ayyappan Street Ward 99 ,
6.Madurai (C) Thirupparankundram (Tp) Velankanni 1st Street Ward 99 ,
7.Madurai (C) Thirupparankundram (Tp) Velakanni 2nd Street Ward 99 ,
8.Madurai (C) Thirupparankundram (Tp) Velankanni Main Street Ward 99 ,
9.Madurai (C) Thirupparankundram (Tp) Vigneshwar Street Ward 99 ,
10.Madurai (C) Thirupparankundram (Tp) Seenivasan Street Ward 99 ,
11.Madurai (C) Thirupparankundram (Tp) Poonga Street Ward 99 ,
12.Madurai (C) Thirupparankundram (Tp) Narayanan Street Ward 99",All Voters,"Andavar Subramaniya swamy Girls Higher Secondary School, Front, Building, East Portion",Thiruparankundram-625005,tamilaga vettri kazhagam,312,207,105,dravida munnetra kazhagam,3,4,2,9,9,6,1,9,9,7,5,9,9,9,7,9,15.41850220264317,1
111,191,31,111,0,0,2,0,307,1,0,0,1,0,0,0,644,0,4,648,0,111,"Andavar Subramaniya swamy Girls Higher Secondary School, East Building Northern Portion Thiruparankundram-625005","1.Madurai (C) Thirupparankundram (Tp) Mannar Thirumalai Street Ward 99,
2.Madurai (C) Thirupparankundram (Tp) Natarajar East Street Ward 99,
3.Madurai (C) Thirupparankundram (Tp) Vivekanandar Main Street Ward 99,
4.Madurai (C) Thirupparankundram (Tp) Vivekanandar 2nd Cross Street Ward99
5.Madurai (C) Thirupparankundram (Tp) Vivekanandar 3rd Cross Street Ward99
6.Madurai (C) Thirupparankundram (Tp) Vivekanandar 4th Cross Street Ward
7.Madurai (C) Thirupparankundram (Tp) Vivekanandar 5th Cross Street Ward99
8.Madurai (C) Thirupparankundram (Tp) Vivekanandar 6th Cross Street Ward99
9.Madurai (C) Thirupparankundram (Tp) Vivekanandar 7th Cross Street ward99
10.Madurai (C) Thirupparankundram (Tp) V.O.C.Street Ward 99,
11.Madurai (C) Thirupparankundram (Tp) Anbu Nagar Ward 99,
12.Madurai (C) Thirupparankundram (Tp) Bharathithasan Cross Street Ward99
13.Madurai (C) Thirupparankundram (Tp) Bharathithasan Street Ward 99,
14.Madurai (C) Thirupparankundram (Tp) Bhagath Singh Road Ward 99,
15.Madurai (C) Thirupparankundram (Tp) Sambasiva Nagar Ward 99
16.Madurai (C) Thirupparankundram (TP) G.S.T. Road WARD 99 ,",All Voters,Andavar Subramaniya swamy Girls Higher Secondary School,East Building Northern Portion Thiruparankundram-625005,tamilaga vettri kazhagam,307,191,116,dravida munnetra kazhagam,3,4,2,6,9,9,1,9,7,9,5,9,7,9,9,9,18.01242236024845,1
112,161,18,131,1,0,0,4,413,0,0,0,0,0,0,0,728,0,2,730,0,112,"Andavar Subramaniya swamy Girls Higher Secondary School, East Building, Centre Portion, Room No 3 Thiruparankundram-625005","1.Madurai (C) Thirupparankundram (Tp) Pasumpon Nagar Ward 99 ,
2.Madurai (C) Thirupparankundram (Tp) Chekkadi Street Ward 99 ,
3.Madurai (C) Thirupparankundram (Tp) Theppakulam Street Ward 99 ,
4.Madurai (C) Thirupparankundram (Tp) Konar Street Ward 99",All Voters,"Andavar Subramaniya swamy Girls Higher Secondary School, East Building, Centre Portion",Room No 3 Thiruparankundram-625005,tamilaga vettri kazhagam,413,161,252,dravida munnetra kazhagam,3,4,2,8,7,8,1,5,8,8,6,8,8,8,8,8,34.61538461538461,0
113,223,32,133,1,0,0,1,340,2,0,0,0,0,1,0,733,0,2,735,0,113,"Panchayat Union Primary School, Anna Centenary Building, SSA Building, Western Room, Thiruparankundram-625005","1.Madurai (C) Thirupparankundram (TP) P.T.R Nagar 1st Street Ward 97
2.Madurai (C) Thirupparankundram (TP) P.T.R.Nagar 2nd Street Ward 97
3.Madurai (C) Thirupparankundram (TP) Vishwakarma Nagar 1st Street Ward 97
4.Madurai (C) Thirupparankundram (TP) Vishwakarma Nagar 2nd Street Ward 97
5.Madurai (C) Thirupparankundram (TP) Vishwakarma Nagar 3rd Street Ward 97
6.Madurai (C) Thirupparankundram (TP) Vishwakarma Nagar 4th Street Ward 97
7.Madurai (C) Thirupparankundram (TP) Anna Nagar Ward 97",All Voters,"Panchayat Union Primary School, Anna Centenary Building, SSA Building, Western Room",Thiruparankundram-625005,tamilaga vettri kazhagam,340,223,117,dravida munnetra kazhagam,3,4,2,10,7,10,1,7,5,10,5,10,10,10,7,10,15.96180081855389,1
114,227,31,97,0,0,1,6,451,1,0,0,0,0,1,1,816,0,2,818,0,114,"Panchayat Union Primary School, Anna Centenary Building, SSA Building, Middle Room, Thiruparankundram-625005","1.Madurai (C) Thirupparankundram (TP) Ceylon Colony Ward 97,
2.Madurai (C) Thirupparankundram (TP) Kutti Kothanar Street Ward 97,
3.Madurai (C) Thirupparankundram (TP) Big Car Street Ward 97,
4.Madurai (C) Thirupparankundram (TP) Kattu Nayakar Street Ward 97",All Voters,"Panchayat Union Primary School, Anna Centenary Building, SSA Building, Middle Room",Thiruparankundram-625005,tamilaga vettri kazhagam,451,227,224,dravida munnetra kazhagam,3,4,2,7,11,11,1,5,7,11,6,11,11,11,7,7,27.45098039215686,2
115,289,47,139,0,1,1,1,313,0,0,0,1,0,0,0,792,0,4,796,0,115,"Andavar Subramaniya swamy Girls Higher Secondary School, East Building, Southern Portion, Near Staff Room No 1 Thiruparankundram-625005","1.Madurai (C) Thirupparankundram (TP) Mani Street Kodanki Thoppu Street Ward 97,
2.Madurai (C) Thirupparankundram (TP) East Lane 1 Kodanki Thoppu Street Ward 97,
3.Madurai (C) Thirupparankundram (TP) East Lane Ward 97,
4.Madurai (C) Thirupparankundram (TP) East Lane Ward 97,
5.Madurai (C) Thirupparankundram (TP) West Lane 1st Kodanki Thoppu Ward 97,
6.Madurai (C) Thirupparankundram (TP) West Lane Ward 97,
7.Madurai (C) Thirupparankundram (TP) Vinayakar Kovil Lane Kodanki Thoppu Ward 97,
8.Madurai (C) Thirupparankundram (TP) Palani Andavar Kovil Street Ward 97",All Voters,"Andavar Subramaniya swamy Girls Higher Secondary School, East Building, Southern Portion",Near Staff Room No 1 Thiruparankundram-625005,tamilaga vettri kazhagam,313,289,24,dravida munnetra kazhagam,3,4,2,6,10,6,1,6,10,10,5,10,6,10,10,10,3.03030303030303,1
116,292,30,119,0,0,0,1,339,0,1,0,0,0,0,0,782,0,4,786,1,116,"Andavar Subramaniya swamy Girls Higher Secondary School, East Building, Room No 4, Thiruparankundram-625005","1.Madurai (C) Thirupparankundram (TP) Ricemil Street Kodanki Thoppu Ward 97,
2.Madurai (C) Thirupparankundram(TP) Big Car Streeti Ward 97,
3.Madurai (C) Thirupparankundram (Tp) Subramaniyar Street Ward 99,
4.Madurai (C) Thirupparankundram (Tp) Melappachery Ward 99 ,",All Voters,"Andavar Subramaniya swamy Girls Higher Secondary School, East Building, Room No 4",Thiruparankundram-625005,tamilaga vettri kazhagam,339,292,47,dravida munnetra kazhagam,3,4,2,8,8,8,1,6,8,6,5,8,8,8,8,8,6.010230179028133,0
117,225,47,137,1,0,0,8,409,1,2,0,0,0,1,1,832,0,3,835,0,117,"Panchayat Union Primary School, Anna Centenary Building, SSA Building, Eastern Room, Thiruparankundram-625005","1.Madurai (C) Thirupparankundram (TP) Palani Andavar Kovil Street Ward 97,
2.Madurai (C) Thirupparankundram (TP) Kailasapuram Ward 97,
3.Madurai (C) Thirupparankundram (TP) Sithi Vinayagar Kovil Street Ward 97,
4.Madurai (C) Thirupparankundram (TP) Panankulam Kanmai Ward 97,
5.Madurai (C) Thirupparankundram (TP) Rengasami Naidu Compound Ward 97
6.Madurai (C) Thirupparankundram (TP) Kali Kovil Soolai Vinayagar Nagar Ward 97,
7.Madurai (C) Thirupparankundram (TP) Durga Colony Ward 97",All Voters,"Panchayat Union Primary School, Anna Centenary Building, SSA Building, Eastern Room",Thiruparankundram-625005,tamilaga vettri kazhagam,409,225,184,dravida munnetra kazhagam,3,4,2,12,8,12,1,5,8,7,6,12,12,12,8,8,22.11538461538461,2
118,253,48,105,1,0,1,7,494,0,0,0,0,0,2,0,911,0,2,913,0,118,"Panchayat Union Primary School, Eastern Side, New Building, HM Room Thiruparankundram-625005","1.Madurai (C) Thirupparankundram (TP) Om Shakthi Nagar Ward 97,
2.Madurai (C) Thirupparankundram (TP) Chettiyar Compound Nilaiyur Road Ward 97
3.Madurai (C) Thirupparankundram (TP) Kasi Thottam Ward 97,",All Voters,"Panchayat Union Primary School, Eastern Side, New Building",HM Room Thiruparankundram-625005,tamilaga vettri kazhagam,494,253,241,dravida munnetra kazhagam,3,4,2,8,8,10,1,5,10,10,6,10,10,10,6,10,26.45444566410538,2
119,191,18,114,0,0,1,1,192,0,0,0,0,0,1,0,518,0,2,520,0,119,"Panchayat Union Elementary School , North Portion, ( Kottai School) Behind RI Quarters, Tiruparankundram-625005","1.Madurai (C) Thirupparankundram (TP) Sannasi Kinatru Street Ward 97,
2.Madurai (C) Thirupparankundram (TP) Thirumathil Lane Ward 97,
3.Madurai (C) Thirupparankundram (TP) Kottai Street Ward 97,",All Voters,"Panchayat Union Elementary School , North Portion, ( Kottai School) Behind RI Quarters",Tiruparankundram-625005,tamilaga vettri kazhagam,192,191,1,dravida munnetra kazhagam,3,4,2,6,9,9,1,6,9,9,5,9,9,9,6,9,0.1930501930501931,1
120,193,22,123,1,0,0,7,243,0,0,1,1,0,0,0,591,0,1,592,0,120,"Panchayat Union Elementary School , South Portion, ( Kottai School) Behind RI Quarters, Tiruparankundram-625005","1.Madurai (C) Thirupparankundram (TP) Big Car Street Ward 97,
2.Madurai (C) Thirupparankundram (TP) Parayanmalai Ward 97",All Voters,"Panchayat Union Elementary School , South Portion, ( Kottai School) Behind RI Quarters",Tiruparankundram-625005,tamilaga vettri kazhagam,243,193,50,dravida munnetra kazhagam,3,4,2,10,6,10,1,5,10,10,6,6,6,10,10,10,8.460236886632826,2
121,141,34,139,3,0,0,0,322,0,0,0,0,0,0,1,640,0,2,642,0,121,MRCAS Manikam Ramaswami College of Arts & Science East Portion LH3 Room Tiruparankundram-625005,"1.Madurai (C) Thirupparankundram (TP) Nayakkar Lane Ward 97,
2.Madurai (C) Thirupparankundram (TP) Thirukulam 2nd Lane Ward 97,
3.Madurai (C) Thirupparankundram (TP) Vaithiyakoodam Lane Ward 97,
4.Madurai (C) Thirupparankundram (TP) Saravana Poigai Road Ward 97,
5.Madurai (C) Thirupparankundram (TP) Mela Nedukulam Purampokku Ward 99,
6.Madurai (C) Thirupparankundram (TP) Pamban Nagar 3rd Street Ward 99,
7.Madurai (C) Thirupparankundram (TP) Pamban Nagar 4th Street Ward 99,
8.Madurai (C) Thirupparankundram (TP) Pamban Nagar 6th Street Ward 99,
9.Madurai (C) Thirupparankundram (TP) Nesavalar Colony Vinayagar Street Ward 99,
10.Madurai (C) Thirupparankundram (TP) Sakthi Ganapathi Street Nesavalar colony 99
11.Madurai (C) Thirupparankundram (TP) L.K.Thulasiram Street Ward 99
12.Madurai (C) Thirupparankundram (TP) Pamban Nagar Balaji Street Ward 99,",All Voters,MRCAS Manikam Ramaswami College of Arts & Science East Portion LH3 Room Tiruparankundram-625005,MRCAS Manikam Ramaswami College of Arts & Science East Portion LH3 Room Tiruparankundram-625005,tamilaga vettri kazhagam,322,141,181,dravida munnetra kazhagam,3,4,2,8,5,8,1,8,8,8,6,8,8,8,8,7,28.28125,1
122,225,57,133,0,0,1,3,412,0,0,0,0,0,2,0,833,0,3,836,0,122,MRCAS Manikam Ramaswami College of Arts & Science Center Portion LH4 Room Tiruparankundram-625005,"1.Madurai (C) Thirupparankundram (TP) Lakshmi Nagar Ward 99,
2.Madurai (C) Thirupparankundram (TP) N.M.R.Street Ward 99,
3.Madurai (C) Thirupparankundram (TP) Paraianmalai Quarters Ward 99,
4.Madurai (C) Thirupparankundram (TP) Pamban Nagar5Th Street Ward 99,
5.Madurai (C) Thirupparankundram (TP) Thirukulam 1st Lane Ward 99,
6.Madurai (C) Thirupparankundram (TP) Seenivasa Nagar Vinayagar Street Ward 99,
7.Madurai (C) Thirupparankundram (TP) Seenivasa Nagar Krishna Street Ward 99,
8.Madurai (C) Thirupparankundram (TP) Seenivasa Nagar Mela Street Ward 99,
9.Madurai (C) Thirupparankundram (TP) Seenivasa Nagar Karumariamman Street Ward 99",All Voters,MRCAS Manikam Ramaswami College of Arts & Science Center Portion LH4 Room Tiruparankundram-625005,MRCAS Manikam Ramaswami College of Arts & Science Center Portion LH4 Room Tiruparankundram-625005,tamilaga vettri kazhagam,412,225,187,dravida munnetra kazhagam,3,4,2,8,9,9,1,5,9,9,5,9,9,9,7,9,22.44897959183674,2
123,193,42,108,1,0,0,1,438,0,0,0,0,0,1,1,785,0,2,787,0,123,MRCAS Manikam Ramaswami College of Arts & Science West Portion LH5 Room Tiruparankundram-625005,"1.Madurai (C) Thirupparankundram (TP) Astalakshmi Street Ward 99,2.Madurai (C) Thirupparankun",All Voters,MRCAS Manikam Ramaswami College of Arts & Science West Portion LH5 Room Tiruparankundram-625005,MRCAS Manikam Ramaswami College of Arts & Science West Portion LH5 Room Tiruparankundram-625005,tamilaga vettri kazhagam,438,193,245,dravida munnetra kazhagam,3,4,2,10,6,10,1,6,10,10,5,10,10,10,6,6,31.21019108280255,2
124,249,31,154,0,2,1,1,355,0,0,0,1,1,1,0,796,0,2,798,0,124,"Government Higher Secondary School, North Building, Eastern Portion, Tiruparankundram -625005","1.Madurai (C) Thirupparankundram (TP) Kuppaiyan Kinatru Lane Ward 98 ,
2.Madurai (C) Thirupparankundram (TP) Vangalam Lane Ward 98 ,
3.Madurai (C) Thirupparankundram (TP) East Street South Lane Ward 98 ,
4.Madurai (C) Thirupparankundram (TP) East Street North Lane Ward 98 ,
5.Madurai (C) Thirupparankundram (TP) Chavadi Street Ward 98 ,
6.Madurai (C) Thirupparankundram (TP) Big Car Street Ward 97
7.Madurai (C) Thirupparankundram (TP) Rajeev Gandi Nagar 1st East Ward 99,
8.Madurai (C) Thirupparankundram (TP) Rajeev Gandhi Nagar 2nd Street East Ward 99,",All Voters,"Government Higher Secondary School, North Building, Eastern Portion",Tiruparankundram -625005,tamilaga vettri kazhagam,355,249,106,dravida munnetra kazhagam,3,4,2,7,12,5,1,7,12,12,5,12,7,7,7,12,13.31658291457286,3
125,292,40,106,0,1,1,1,364,0,0,1,0,0,0,1,807,0,3,810,0,125,"Government Higher Secondary School, Main Building, Backside,North Building, Western portion Tiruparankundram - 625005","1.Madurai (C) Thirupparankundram (TP) Padapadi Street Ward 98,
2.Madurai (C) Thirupparankundram (TP) Sweeper Colony Ward 99,
3.Madurai (C) Thirupparankundram (TP) Harijan Colony Ward 99,
4.Madurai (C) Thirupparankundram (TP) Muniyandi Kovil Street Ward 99,
5.Madurai (C) Thirupparankundram (TP) Thanga Vinayagar First Street,99
6.Madurai (C) Thirupparankundram (TP) Thanga Vinayagar 2nd Street,99
7.Madurai (C) Thirupparankundram (TP) Rajeev Gandhi Nagar Main Street Ward 99",All Voters,"Government Higher Secondary School, Main Building, Backside,North Building",Western portion Tiruparankundram - 625005,tamilaga vettri kazhagam,364,292,72,dravida munnetra kazhagam,3,4,2,6,11,6,1,6,11,11,5,6,11,11,11,6,8.921933085501859,2
126,247,38,168,0,0,0,5,391,1,1,0,0,0,4,0,855,0,2,857,0,126,"Government Higher Secondary School, Middle Building,
South side, West Portion, Tiruparankundram -625005","1.Madurai (C) Thirupparankundram (TP) East Street Middle Lane Ward 98,",All Voters,"Government Higher Secondary School, Middle Building,
South side, West Portion",Tiruparankundram -625005,tamilaga vettri kazhagam,391,247,144,dravida munnetra kazhagam,3,4,2,10,10,10,1,5,8,8,7,10,10,10,6,10,16.84210526315789,4
127,244,44,118,0,0,0,5,462,1,1,0,0,0,0,1,876,0,2,878,0,127,"Government Higher Secondary School, Staff Room, Western
portion, Tiruparankundram 625005","1.Madurai (C) Thirupparankundram (TP) East Street Middle Lane Ward 98,
2.Madurai (C) Thirupparankundram (TP) Samiya Pillai Street Ward 98,",All Voters,"Government Higher Secondary School, Staff Room, Western
portion",Tiruparankundram 625005,tamilaga vettri kazhagam,462,244,218,dravida munnetra kazhagam,3,4,2,10,10,10,1,5,7,7,6,10,10,10,10,7,24.88584474885845,1
128,234,26,116,0,0,0,5,265,0,1,0,0,1,0,1,649,0,5,654,0,128,"Government Higher Secondary School, Main Building, Near Office Room, GST Road, Tiruparankundram -625005","1.Madurai (C) Thirupparankundram (TP) Kuttaiyya Pillai Street Ward 98,
2.Madurai (C) Thirupparankundram (TP) Veerana Thevar Lane Ward 98,
3.Madurai (C) Thirupparankundram (TP) Sokkalingam Pillai Street Ward 98,
4.Madurai (C) Thirupparankundram (TP) Kalia Thevar Lane Ward 98,
5.Madurai (C) Thirupparankundram (TP) Samy Naicker Lane Ward 98,
6.Madurai (C) Thirupparankundram (TP) Thampuran Lane Ward 98,
7.Madurai (C) Thirupparankundram (TP) Lakshmanan Servai Lane Ward 98,
8.Madurai (C) Thirupparankundram (TP) Keela Ratha Veethi Ward 98,
9.Madurai (C) Thirupparankundram (TP) Sannathi Street Ward 98",All Voters,"Government Higher Secondary School, Main Building, Near Office Room, GST Road",Tiruparankundram -625005,tamilaga vettri kazhagam,265,234,31,dravida munnetra kazhagam,3,4,2,10,10,10,1,5,10,7,5,10,10,7,10,7,4.776579352850539,2
129,267,59,125,1,1,2,0,447,0,0,0,0,1,1,0,904,0,5,909,0,129,"Koodalmalai Elementary School, Eastern Building, North
Portion, Tiruparankundram -625005","1.Madurai (C) Thirupparankundram (TP) Koodalmalai Ward 98,",All Voters,"Koodalmalai Elementary School, Eastern Building, North
Portion",Tiruparankundram -625005,tamilaga vettri kazhagam,447,267,180,dravida munnetra kazhagam,3,4,2,6,7,7,1,11,11,11,5,11,11,7,7,11,19.91150442477876,2
130,147,33,103,1,0,0,0,303,0,0,0,0,0,0,0,587,0,2,589,0,130,"Panchayat Union Elementry School , East Building East Portion Thiruparankundarm (East) -625005","1.Madurai (C) Thirupparankundram (TP) Thiyagaraja Engineering College Ward 98,
2.Madurai (C) Thirupparankundram (TP) Mettu Street Ward 98,
3.Madurai (C) Thirupparankundram (TP) Police Lane (Old) 98,
4.Madurai (C) Thirupparankundram (TP) G S T Road Ward 98,
5.Madurai (C) Thirupparankundram (TP) Big Car Street Ward 98,
6.Madurai (C) Thirupparankundram (TP) Avaniyapuram Road Ward 99",All Voters,Panchayat Union Elementry School,East Building East Portion Thiruparankundarm (East) -625005,tamilaga vettri kazhagam,303,147,156,dravida munnetra kazhagam,3,4,2,7,6,7,1,7,7,7,5,7,7,7,7,7,26.57580919931857,0
131,161,11,126,0,0,1,3,212,1,0,0,0,0,1,0,516,0,3,519,0,131,"Panchayat Union Elementry School , East Building West
Portion Thiruparankundarm (East) -625005","1.Madurai (C) Thirupparankundram (TP) Sakkiliyar Mettu Street Ward 98,
2.Madurai (C) Thirupparankundram (TP) Police Lane 98,",All Voters,Panchayat Union Elementry School,"East Building West
Portion Thiruparankundarm (East) -625005",tamilaga vettri kazhagam,212,161,51,dravida munnetra kazhagam,3,4,2,7,10,10,1,5,7,10,5,10,10,10,7,10,9.883720930232558,1
132,255,46,128,2,3,2,2,359,1,0,0,0,0,3,0,801,0,7,808,0,132,"Government Higher Secondary School, West Building,
Southern Portion, Tiruparankundram -625005","1 - Madurai (C) Thirupparankundram (TP), Pallar Mettu Street Ward 98 (Sl.No 1 to 1023)",All Voters,"Government Higher Secondary School, West Building,
Southern Portion",Tiruparankundram -625005,tamilaga vettri kazhagam,359,255,104,dravida munnetra kazhagam,3,4,2,8,8,6,1,8,11,12,5,12,12,12,6,12,12.98377028714108,3
133,249,59,136,0,1,3,4,378,0,0,0,0,0,1,0,831,0,4,835,0,133,"Government Higher Secondary School, Main Building, Near Office Room, GST Road, Tiruparankundram -625005","1. Madurai (C) Thirupparankundram (TP), Pallar Mettu Street Ward 98 (Sl.No 1024 to 1224)
2.Madurai (C) Thirupparankundram (TP) Rajeev Gandhi Nagar 3rd Street East Ward 99,
3..Madurai (C) Thirupparankundram (TP) Rajeev Gandhi Nagar 4th Street East Ward 99,
4.Madurai (C) Thirupparankundram (TP) Rajeev Gandhi Nagar 5th Street East Ward 99,
5.Madurai (C) Thirupparankundram (TP) Rajeev Gandhi Nagar First Street Ward 99,
6.Madurai (C) Thirupparankundram (TP) Rajeev Gandhi Nagar 2nd Street West Ward 99,
7.Madurai (C) Thirupparankundram (TP) Rajeev Gandhi Nagar 3rd Street West Ward 99,
8.Madurai (C) Thirupparankundram (TP) Rajeev Gandhi 4th Street West Ward 99,
9.Madurai (C) Thirupparankundram (TP) Rajeev Gandhi Nagar 1st Street South Ward 99,
10.Madurai (C) Thirupparankundram (TP) Rajeevgandi Nagar 2nd Street South Ward 99,
11.Madurai (C) Thirupparankundram (TP) Rajeev Gandhi Nagar Expent Ward 99
12.Madurai (C) Thirupparankundram (TP) East Pallar Street Ward 98,
13.Madurai (C) Thirupparankundram (TP) Sakkiliya Mettu Street Ward 98,
14.Madurai (C) Thirupparankundram (TP) Periya Ratha Veethi Ward 98,",All Voters,"Government Higher Secondary School, Main Building, Near Office Room, GST Road",Tiruparankundram -625005,tamilaga vettri kazhagam,378,249,129,dravida munnetra kazhagam,3,4,2,7,10,8,1,5,10,10,5,10,10,10,8,10,15.52346570397112,1
134,294,35,137,2,0,0,0,413,1,0,0,0,0,2,0,884,0,1,885,0,134,"Government Higher Secondary School,, South Side New Building, Eastern Portion,Near Staff Room, X-Tiruparankundram -625005","1.Madurai (C) Thirupparankundram (TP) Padapadi Street Ward 98,
2.Madurai (C) Thirupparankundram (TP) North Chinna Karuppan Lane Ward98
3.Madurai (C) Thirupparankundram (TP) North Mettu Street Ward 98,
4.Madurai (C) Thirupparankundram (TP) North Mettu 2nd Street Ward 98,
5.Madurai (C) Thirupparankundram (TP) North Car Street Ward 98,
6.Madurai (C) Thirupparankundram (TP) North Pandithar Street Ward 98,
7.Madurai (C) Thirupparankundram (TP) Vannar Street Ward 98,
8.Madurai (C) Thirupparankundram (TP) Sannathi Street Ward 98",All Voters,"Government Higher Secondary School,, South Side New Building, Eastern Portion,Near Staff Room",X-Tiruparankundram -625005,tamilaga vettri kazhagam,413,294,119,dravida munnetra kazhagam,3,4,2,9,5,9,1,9,7,9,7,9,9,9,5,9,13.46153846153846,2
135,338,35,110,0,2,0,0,291,1,0,0,0,0,0,0,777,0,3,780,0,135,"Panchayat Union Primary School, West Building, Northtern Portion, Office Side, Thiruparankundram-625005","1.Madurai (C) Thirupparankundram (TP) G.S.T Road Ward 99,
2.Madurai (C) Thirupparankundram (TP) North Mudaliyar Street 99,
3.Madurai (C) Thirupparankundram (TP) Muniyandi Kovil Street Ward 99,
4.Madurai (C) Thirupparankundram (TP) North Muduyalar 2nd Street Ward99
5.Madurai (C) Thirupparankundram (TP) North Karuppa Pallai Lane Ward 99,
6.Madurai (C) Thirupparankundram (TP) Mohamadiyar Street Ward 99,
7.Madurai (C) Thirupparankundram (TP) North Kammalar Street Ward 99,
8.Madurai (C) Thirupparankundram (TP) Veerayi Lane Ward 99,
9.Madurai (C) Thirupparankundram (TP) Edayar Lane Ward 99,
10.Madurai (C) Thirupparankundram (TP) Vellalar Street Ward 99,
11.Madurai (C) Thirupparankundram (TP) Padaikatti Street Ward 99",All Voters,"Panchayat Union Primary School, West Building, Northtern Portion, Office Side",Thiruparankundram-625005,dravida munnetra kazhagam,338,291,47,tamilaga vettri kazhagam,3,4,1,8,8,6,2,8,7,8,5,8,8,8,8,8,6.048906048906049,0
136,311,33,134,0,0,1,3,311,0,0,0,1,0,0,0,794,0,6,800,0,136,"Panchayat Union Primary School, South Building, (Cone Building) Western Portion, Thiruparankundram-625005","1.Madurai (C) Thirupparankundram (TP) Vadarmadasanthu Ward 98,
2.Madurai (C) Thirupparankundram (TP) Kallar Street Ward 98,
3.Madurai (C) Thirupparankundram (TP) Devamar Street Ward 98,
4.Madurai (C) Thirupparankundram (TP) Asarimar Street Ward 98,
5.Madurai (C) Thirupparankundram (TP) Pambaiyan Street Ward 98,
6.Madurai (C) Thirupparankundram (TP) Pambai Maniyan Street Ward 98,
7.Madurai (C) Thirupparankundram (TP) Kasimaniyam Street Ward 98,
8.Madurai (C) Thirupparankundram (TP) Mayilappan Poosari Street Ward 98,
9.Madurai (C) Thirupparankundram (TP) Pambalamman Koil Street Ward 98,
10.Madurai (C) Thirupparankundram (TP) West Car Street Ward 98,
11.Madurai (C) Thirupparankundram (TP) North Car Street Ward 98
12.Madurai (C) Thirupparankundram (TP) Sannathi Street Ward 99,",All Voters,"Panchayat Union Primary School, South Building, (Cone Building) Western Portion",Thiruparankundram-625005,dravida munnetra kazhagam,311,311,0,dravida munnetra kazhagam,3,4,1,7,9,9,1,6,9,9,5,9,7,9,9,9,0.0,1
137,204,27,181,0,0,0,1,386,1,1,0,1,0,0,0,802,0,3,805,0,137,"Swamy Vivegananda Vidya Mandir, South Building, Eastern portion, Harveypatti-625005","1.Madurai (C) Harveypatti (TP) Harveypatti 1st Street Ward 96,
2.Madurai (C) Harveypatti (TP) Harveypatti 2nd Street Ward 96,
3.Madurai (C) Harveypatti (TP) Harveypatti 1st Street Ward 96,
4.Madurai (C) Harveypatti (TP) Harveypatti 2nd Street Ward 96,
5.Madurai (C) Harveypatti (TP) Harveypatti 3rd Street Ward 96",All Voters,"Swamy Vivegananda Vidya Mandir, South Building, Eastern portion",Harveypatti-625005,tamilaga vettri kazhagam,386,204,182,dravida munnetra kazhagam,3,4,2,10,10,10,1,6,6,6,5,10,6,10,10,10,22.6932668329177,1
138,198,36,132,1,1,0,3,280,1,1,0,0,0,1,0,654,0,11,665,0,138,"Swamy Vivegananda Vidya Mandir, New Building, South Building Centre portion, Harveypatti-625005","1.Madurai (C) Harveypatti (Tp) Harveypatti 4Th Street Ward 96,
2.Madurai (C) Harveypatti (Tp) SRV Nagar Lion City Ward 95,
3.Madurai (C) Harveypatti (Tp) S R V Nagar Durga Nagar Ward 95,
4.Madurai (C) Harveypatti (Tp) Sowbakkia Nagar 1st Street Ward 95,
5.Madurai (C) Harveypatti (Tp) Sowbakkia Nagar 2nd Street Ward 95,
6.Madurai (C) Harveypatti (Tp) Sowbakkia Nagar 3rd Street Ward 95",All Voters,"Swamy Vivegananda Vidya Mandir, New Building, South Building Centre portion",Harveypatti-625005,tamilaga vettri kazhagam,280,198,82,dravida munnetra kazhagam,3,4,2,12,7,7,1,6,7,7,5,12,12,12,7,12,12.53822629969419,1
139,229,16,109,1,0,0,8,366,1,0,0,0,0,0,0,730,0,7,737,0,139,"Swamy Vivegananda Vidya Mandir, South Building, Western Portion, Harveypatti-625005","1.Madurai (C) Harveypatti (TP) Harveypattii Ward 96,
2.Madurai (C) Harveypatti (TP) Harveypatti 2nd Street Ward 96,
3.Madurai (C) Harveypatti (TP) Harveypatti 3rd Street Ward 96,
4.Madurai (C) Harveypatti (TP) Dobi Colony Harveypatti Ward 96",All Voters,"Swamy Vivegananda Vidya Mandir, South Building, Western Portion",Harveypatti-625005,tamilaga vettri kazhagam,366,229,137,dravida munnetra kazhagam,3,4,2,9,7,9,1,5,7,9,6,9,9,9,9,9,18.76712328767123,0
140,210,27,117,1,1,1,0,337,0,0,0,1,0,1,1,697,0,1,698,0,140,"Swamy Vivekanantha Vidhya School, Harveypatti, South Building North side Room No-1","1.Madurai (C) Harveypatti (TP) Harveypatti 2nd Street Ward 96,
2.Madurai (C) Harveypatti (TP) Harvieyatti 3rd Street Ward 96,
3.Madurai (C) Harveypatti (TP) Harveypatti 1st Street Ward 96,
4.Madurai (C) Harveypatti (TP) Harveypatti 2nd Street Ward 96,
5.Madurai (C) Harveypatti (TP) Harveypatti 3rd Street Ward 96,",All Voters,"Swamy Vivekanantha Vidhya School, Harveypatti",South Building North side Room No-1,tamilaga vettri kazhagam,337,210,127,dravida munnetra kazhagam,3,4,2,5,5,5,1,12,12,12,5,12,5,12,5,5,18.22094691535151,3
141,193,24,127,0,0,0,2,343,0,0,0,0,0,1,1,691,0,3,694,0,141,"Swamy Vivekanantha Vidhya School, Harveypatti, North Building South side Room No-2","1.Madurai (C) Harveypatti (TP) Harveypatti 1st Street Ward 96,
2.Madurai (C) Harveypatti (TP) Harveypatti 2nd Street Ward 96,
3.Madurai (C) Harveypatti (TP) Harveypatti 3rd Street Ward 96,
4.Madurai (C) Harveypatti (TP) Harveypatti 4th Street Ward 96,
5.Madurai (C) Harveypatti (TP) Harveypatti 5th Street Ward 96,
6.Madurai (C) Harveypatti (TP) Harveypatti 1st Street Ward 96,
7.Madurai (C) Harveypatti (TP) Harveypatti Bazar Street Ward 96
8.Madurai (C) Harveypatti (Tp) Amaithi Solai Nagar Ward 95,",All Voters,"Swamy Vivekanantha Vidhya School, Harveypatti",North Building South side Room No-2,tamilaga vettri kazhagam,343,193,150,dravida munnetra kazhagam,3,4,2,9,9,9,1,6,9,9,5,9,9,9,7,7,21.70767004341534,2
142,186,25,149,1,0,0,2,340,0,0,0,0,0,2,1,706,0,4,710,0,142,"Nobel Vidhyalaya Nursery and Primary School, Harveypatti, East Building, North Side","1.Madurai (C) Harveypatti (TP) Harveypatti 2Nd Street Ward 96,
2.Madurai (C) Harveypatti (TP) Harveypatti 3Rd Street Ward 96,
3.Madurai (C) Harveypatti (TP) Harveypatti 1St Street Ward 96,
4.Madurai (C) Harveypatti (TP) Harveypatti 1St Street Ward 96,
5.Madurai (C) Harveypatti (TP) Harveypatti 3Rd Street Ward 96,
6.Madurai (C) Harveypatti (TP) Harveypatti 4Th Street Ward 96",All Voters,"Nobel Vidhyalaya Nursery and Primary School, Harveypatti, East Building",North Side,tamilaga vettri kazhagam,340,186,154,dravida munnetra kazhagam,3,4,2,10,8,10,1,6,10,10,5,10,10,10,6,8,21.81303116147309,3
143,233,34,125,2,2,0,2,402,1,0,0,0,0,0,0,801,0,4,805,0,143,"Nobel Vidhyalaya Nursery and Primary School, Harveypatti, East Building, East Side","1.Madurai (C) Harveypatti (TP) Harveypatti 1st Street Ward 96,
2.Madurai (C) Harveypatti (TP) Harveypatti 2nd Street Ward 96,
3.Madurai (C) Harveypatti (TP) Harveypatti 1st Street Ward 96,
4.Madurai (C) Harveypatti (TP) Harveypatti 2nd Street Ward 96,
5.Madurai (C) Harveypatti (TP) Harveypatti 3rd Street Ward 96,
6.Madurai (C) Harveypatti (TP) Harveypatti 4th Street Ward 96,
7.Madurai (C) Harveypatti (TP) Harveypatti 2nd Street Ward 96",All Voters,"Nobel Vidhyalaya Nursery and Primary School, Harveypatti, East Building",East Side,tamilaga vettri kazhagam,402,233,169,dravida munnetra kazhagam,3,4,2,10,6,6,1,6,9,10,5,10,10,10,10,10,21.09862671660424,0
144,203,25,210,1,0,0,2,298,0,0,0,0,0,1,0,740,0,5,745,0,144,"Maharishi Vidhya Manthir Nursery and Primary School, Harveypatti, East Building, North Side","1.Madurai (C) Harveypatti (Tp) Harveypatti 3rd Street Ward 96,
2.Madurai (C) Harveypatti (Tp) Harveypatti 4th Street Ward 96,
3.Madurai (C) Harveypatti (Tp) Harveypatti 5th Street Ward 96,
4.Madurai (C) Harveypatti (Tp) Harveypatti 1st Street Ward 96,
5.Madurai (C) Harveypatti (Tp) Harveypatti 2nd Street Ward 96,
6.Madurai (C) Harveypatti (Tp) Harveypatti 3rd Street Ward 96,
7.Madurai (C) Harveypatti (Tp) Harveypatti 4th Street Ward 96,
8.Madurai (C) Harveypatti (Tp) Harveypatti 1st Street Ward 96,
9.Madurai (C) Harveypatti (Tp) Harveypatti 2nd Street Ward 96,
10.Madurai (C) Harveypatti (Tp) Harveypatti 3rd Street Ward 96,
11.Madurai (C) Harveypatti (Tp) Harveypatti 3rd Street Ward 96",All Voters,"Maharishi Vidhya Manthir Nursery and Primary School, Harveypatti, East Building",North Side,tamilaga vettri kazhagam,298,210,88,all india anna dravida munnetra kazhagam,2,4,3,9,7,9,1,6,9,9,5,9,9,9,7,9,11.89189189189189,1
145,237,30,237,2,0,1,3,416,0,0,0,1,0,0,1,928,0,1,929,0,145,"Maharishi Vidhya Manthir Nursery and Primary School, Harveypatti, East Building, South Side","1.Madurai (C) Harveypatti (Tp) Harveypatti 2nd Street Ward 96,
2.Madurai (C) Harveypatti (Tp) Harveypatti 1st Street Ward 96,
3.Madurai (C) Harveypatti (Tp) Harveypatti 4th Street Ward 96,
4.Madurai (C) Harveypatti (Tp) Harveypatti 3rd Street Ward 96,
5.Madurai (C) Harveypatti (Tp) Harveypatti 2nd Street Ward 96,
6.Madurai (C) Harveypatti (Tp) Harveypatti 1st Street Ward 96,
7.Madurai (C) Harveypatti (Tp) Harveypatti 6th Street Ward 96,
8.Madurai (C) Harveypatti (Tp) Harveypatti 5th Street Ward 96,
9.Madurai (C) Harveypatti (Tp) Harveypatti 4th Street Ward 96,
10.Madurai (C) Harveypatti (Tp) Harveypatti 3rd Street Sooravalimedu Ward 96",All Voters,"Maharishi Vidhya Manthir Nursery and Primary School, Harveypatti, East Building",South Side,tamilaga vettri kazhagam,416,237,179,dravida munnetra kazhagam,2,4,2,7,6,11,1,5,11,11,7,11,7,11,11,7,19.28879310344828,2
146,247,36,163,0,0,0,2,453,2,0,0,0,0,0,0,903,0,5,908,0,146,"Panchayat Union Elementary School, Middle Building,North
portion, Nilaiyur I Bit-625005","1.Nilaiyur Bit 1 (R.V) Nilaiyur (P) Nilaiyur Ward 1,",All Voters,"Panchayat Union Elementary School, Middle Building,North
portion",Nilaiyur I Bit-625005,tamilaga vettri kazhagam,453,247,206,dravida munnetra kazhagam,3,4,2,8,8,8,1,6,6,8,5,8,8,8,8,8,22.81284606866002,0
147,266,36,185,1,0,0,6,350,3,0,0,0,0,0,0,847,0,5,852,0,147,"Panchayat Union Elementary School,Main Building, (West)
Nilaiyur I Bit-625005","1.Nilaiyur Bit 1 (R.V) Nilaiyur (P) Nilaiyur 1st Bit Street Ward 1, (Serial No 1 To 54, 391 To End)",All Voters,"Panchayat Union Elementary School,Main Building","(West)
Nilaiyur I Bit-625005",tamilaga vettri kazhagam,350,266,84,dravida munnetra kazhagam,3,4,2,9,8,9,1,5,7,9,6,9,9,9,9,9,9.917355371900827,0
148,101,19,161,1,0,1,1,398,2,0,0,0,0,1,1,686,0,1,687,0,148,"N K Kuppaiyan Rathnamani Vidhyalaya middle school,West
Building, East Portion, (Vishnu Block ) Kaithari nagar, Nilaiyur-625005","1.Nilaiyur Bit 1 (R.V) Nilaiyur (P) Ramakrishna Colony Ward 1,",All Voters,"N K Kuppaiyan Rathnamani Vidhyalaya middle school,West
Building, East Portion, (Vishnu Block ) Kaithari nagar",Nilaiyur-625005,tamilaga vettri kazhagam,398,161,237,all india anna dravida munnetra kazhagam,2,4,3,6,6,12,1,6,5,12,6,12,12,12,6,6,34.54810495626822,2
149,102,23,105,0,0,0,1,445,1,2,1,1,0,1,0,682,0,3,685,0,149,"N K Kuppaiyan Rathnamani Vidhyalaya middle school,Centre Portion, (Vishnu Block) Kaithari nagar, Nilaiyur-625005","1.Nilaiyur Bit 1 (R.V) Nilaiyur (P) Radhakrishna Colony Ward 1,",All Voters,"N K Kuppaiyan Rathnamani Vidhyalaya middle school,Centre Portion, (Vishnu Block) Kaithari nagar",Nilaiyur-625005,tamilaga vettri kazhagam,445,105,340,all india anna dravida munnetra kazhagam,2,4,3,12,12,12,1,7,7,6,5,7,7,12,7,12,49.85337243401759,3
150,140,22,171,1,0,1,2,500,2,0,0,0,0,0,1,840,0,2,842,0,150,"N K Kuppaiyan Rathnamani Vidhyalaya Middle school, East Building, South Portion, (Siva Block) Kaithari nagar, Nilaiyur-
625005","1.Nilaiyur Bit 1 (R.V) Nilaiyur (P) Bagath Singh Colony Ward 1,
2.Nilaiyur Bit 1 (TP) Nilaiyur (P) Thai Mugambikai Colony Ward 2,",All Voters,"N K Kuppaiyan Rathnamani Vidhyalaya Middle school, East Building, South Portion, (Siva Block) Kaithari nagar","Nilaiyur-
625005",tamilaga vettri kazhagam,500,171,329,all india anna dravida munnetra kazhagam,2,4,3,8,8,11,1,5,5,11,5,11,11,11,11,8,39.16666666666666,1
151,100,21,150,1,0,0,1,421,2,0,0,2,0,2,1,701,0,1,702,0,151,"N K Kuppaiyan Rathnamani Vidhyalaya middle school,West Building, Centre Portion, (Vishnu Block) Kaithari nagar,
Nilaiyur-625005","1.Nilaiyur Bit 1 (TP) Nilaiyur (P) Balaji Colony Ward 1,
2.Nilaiyur Bit 1 (TP) Nilaiyur (P) Bharatha Jothi Colony Ward 1,",All Voters,"N K Kuppaiyan Rathnamani Vidhyalaya middle school,West Building, Centre Portion, (Vishnu Block) Kaithari nagar",Nilaiyur-625005,tamilaga vettri kazhagam,421,150,271,all india anna dravida munnetra kazhagam,2,4,3,12,8,12,1,8,5,12,8,12,5,12,5,8,38.65905848787447,5
152,155,21,182,0,0,0,2,477,2,0,0,0,1,3,0,843,0,8,851,0,152,"N K Kuppaiyan Rathnamani Vidhyalaya Primary school,East
Building, Centre Portion, (Siva Block) Room No 2,Kaithari nagar, Nilaiyur-625005","1.Nilaiyur Bit1 (TP) Nilaiyur (P) Angaiyarkanni Colony Ward 2,
2.Nilaiyur Bit 1 (TP) Nilaiyur (P) Nilaiyur Ward 2,",All Voters,"N K Kuppaiyan Rathnamani Vidhyalaya Primary school,East
Building, Centre Portion, (Siva Block) Room No 2,Kaithari nagar",Nilaiyur-625005,tamilaga vettri kazhagam,477,182,295,all india anna dravida munnetra kazhagam,2,4,3,10,10,10,1,7,7,10,5,10,10,9,6,10,34.99406880189798,4
153,218,45,222,4,0,0,4,407,2,0,0,0,0,2,0,904,0,2,906,0,153,"N K Kuppaiyan Rathnamani Vidhyalaya Primary school
Additional New Building Room No -4, Kaithari nagar, Nilaiyur-625005","1.Nilaiyur Bit 1 (R.V) Nilaiyur (P) Nadana Gopala Colony Ward 1
2.Nilaiyur Bit 1 (R.V) Nilaiyur (P) Ayyanar West Street Ramakrishna Colony Ward 1",All Voters,"N K Kuppaiyan Rathnamani Vidhyalaya Primary school
Additional New Building Room No -4, Kaithari nagar",Nilaiyur-625005,tamilaga vettri kazhagam,407,222,185,all india anna dravida munnetra kazhagam,2,4,3,10,5,10,1,5,7,10,7,10,10,10,7,10,20.46460176991151,2
154,142,21,172,1,0,0,6,558,1,0,1,1,0,1,1,905,0,4,909,0,154,"N K Kuppaiyan Rathnamani Vidhyalaya Primary school,East Building, Centre Portion, (Siva Block) Kaithari nagar,
Nilaiyur-625005","1.Nilaiyur Bit 1 (TP) Nilaiyur (P) Vivekanandapuram Ward 2,
2.Nilaiyur Bit 1 (R.V) Nilaiyur (P) Maruthi Colony Ward 2",All Voters,"N K Kuppaiyan Rathnamani Vidhyalaya Primary school,East Building, Centre Portion, (Siva Block) Kaithari nagar",Nilaiyur-625005,tamilaga vettri kazhagam,558,172,386,all india anna dravida munnetra kazhagam,2,4,3,13,7,13,1,5,7,13,6,7,7,13,7,7,42.65193370165746,4
155,215,29,167,1,0,0,4,496,1,1,0,0,0,2,1,917,0,4,921,0,155,"N K Kuppaiyan Rathnamani Vidhyalaya Primary school,East Building, North Portion,(Siva Block) Kaithari nagar, Nilaiyur-
625005","1.Nilaiyur Bit1 (TP) Nilaiyur (P) Harijan Colony Ward 2,
2.Nilaiyur Bit1 (TP) Nilaiyur (P) Kumaran Nagar Ward 2,
3.Nilaiyur Bit 1 (R.V) Nilaiyur (P) Nehru Colony Ward 2 ,",All Voters,"N K Kuppaiyan Rathnamani Vidhyalaya Primary school,East Building, North Portion,(Siva Block) Kaithari nagar","Nilaiyur-
625005",tamilaga vettri kazhagam,496,215,281,dravida munnetra kazhagam,3,4,2,12,8,12,1,5,8,8,5,12,12,12,7,8,30.64340239912759,3
156,133,23,140,1,0,1,1,556,0,0,0,1,1,0,0,857,0,6,863,0,156,"N K Kuppaiyan Rathnamani Vidhyalaya Middle school,West Building, Western Portion,(Vishnu Block) Kaithari nagar,
Nilaiyur-625005","1.Nilaiyur Bit1 (TP) Nilaiyur (P) Ranjitham Nagar Ward 2,
2.Nilaiyur Bit1 (TP) Nilaiyur (P) Handloom Nagar Ward 2,",All Voters,"N K Kuppaiyan Rathnamani Vidhyalaya Middle school,West Building, Western Portion,(Vishnu Block) Kaithari nagar",Nilaiyur-625005,tamilaga vettri kazhagam,556,140,416,all india anna dravida munnetra kazhagam,2,4,3,6,6,11,1,6,11,11,5,11,6,6,11,11,48.5414235705951,2
157,324,73,230,2,2,1,5,237,0,0,0,0,0,1,2,877,0,6,883,0,157,"Panchayat Union Elementary School, East Side North
Building, Koothiyarkundu-625008","1.Kuthiyarkundu (P) Prevala Street,",All Voters,"Panchayat Union Elementary School, East Side North
Building",Koothiyarkundu-625008,dravida munnetra kazhagam,324,237,87,tamilaga vettri kazhagam,3,4,1,10,7,7,2,6,12,12,5,12,12,12,10,7,9.92018244013683,3
158,168,56,83,0,0,0,1,228,0,0,0,1,0,2,1,540,0,1,541,0,158,"Panchayat Union Elementary School, South Building, East
Portion, Koothiyarkundu-625008","1.Kuthiyarkundu (P) Kanakkar Street,
2.Kuthiyarkundu (P) Kottai Street,",All Voters,"Panchayat Union Elementary School, South Building, East
Portion",Koothiyarkundu-625008,tamilaga vettri kazhagam,228,168,60,dravida munnetra kazhagam,3,4,2,10,10,10,1,6,10,10,6,10,6,10,5,6,11.11111111111111,4
159,294,49,203,0,3,0,0,354,1,0,0,0,0,1,0,905,0,1,906,0,159,"Panchayat Union Elementary School, East Building, Southern
Portion Koothiyarkundu-625008","1.Nilaiyur Bit1 (R.V) Kuthiyarkundu (P) Harijan Colony,
2.Nilaiyur Bit1 (R.V) Kuthiyarkundu (P) Kuthiyarkundu,",All Voters,"Panchayat Union Elementary School, East Building","Southern
Portion Koothiyarkundu-625008",tamilaga vettri kazhagam,354,294,60,dravida munnetra kazhagam,3,4,2,9,9,5,1,9,6,9,6,9,9,9,6,9,6.629834254143646,1
160,186,39,127,0,2,0,4,182,1,1,0,1,0,3,0,546,0,1,547,0,160,"Panchayat Union Elementary School, West Building, South
Portion, Koothiyarkundu-625008","1.Nilaiyur Bit1 (TP) Kuthiyarkundu (P) Kottai Street,",All Voters,"Panchayat Union Elementary School, West Building, South
Portion",Koothiyarkundu-625008,dravida munnetra kazhagam,186,182,4,tamilaga vettri kazhagam,3,4,1,12,12,7,2,5,8,8,8,12,8,12,6,12,0.7326007326007326,4
161,306,58,128,1,23,0,1,289,0,0,0,1,2,0,1,810,0,1,811,0,161,"Govt High School ,Main Building, Western Portion,
Karuvelampatti -625008","1.Nilaiyur (R.V) Karuvelampatti (P) Karuvelampatti Ward 1,",All Voters,"Govt High School ,Main Building, Western Portion",Karuvelampatti -625008,dravida munnetra kazhagam,306,289,17,tamilaga vettri kazhagam,3,4,1,12,7,5,2,7,12,12,7,12,7,6,12,7,2.098765432098765,4
162,174,36,115,1,4,0,6,212,0,0,0,0,1,0,0,549,0,5,554,0,162,"Govt High School ,Main Building, Middle Portion,
Karuvelampatti -625008","1.Nilaiyur(R.V) Karuvelampatti (P) East Street Ward 2,",All Voters,"Govt High School ,Main Building, Middle Portion",Karuvelampatti -625008,tamilaga vettri kazhagam,212,174,38,dravida munnetra kazhagam,3,4,2,10,8,7,1,5,10,10,6,10,10,8,10,10,6.921675774134791,1
163,175,52,83,1,0,1,1,250,2,0,1,0,2,0,2,570,0,2,572,0,163,"Panchayat Union Middle School, Additional Building,West Portion, Small Savings Scheme, Soorakulam-625008","1.Soorakulam (P) Soorakulam Puthukulam 2 Ward 1,",All Voters,"Panchayat Union Middle School, Additional Building,West Portion, Small Savings Scheme",Soorakulam-625008,tamilaga vettri kazhagam,250,175,75,dravida munnetra kazhagam,3,4,2,9,9,13,1,9,5,13,5,9,13,5,13,5,13.1578947368421,5
164,187,30,97,2,0,0,1,198,2,1,1,2,0,3,1,525,0,3,528,0,164,"Panchayat Union Middle School, Additional Building, East Portion, Small Savings Scheme, Soorakulam-625008","1.Soorakulam (P) Puthukulam III Ward 2, 2.Soorakulam (P) Puthukulam Ward 3,",All Voters,"Panchayat Union Middle School, Additional Building, East Portion, Small Savings Scheme",Soorakulam-625008,tamilaga vettri kazhagam,198,187,11,dravida munnetra kazhagam,3,4,2,14,7,14,1,10,7,10,5,10,7,14,5,10,2.095238095238095,7
165,330,33,135,0,0,0,2,290,2,0,0,0,0,0,0,792,0,2,794,0,165,"Panchayat Union Elementary School,Near Gate East Building,
Western Portion Perungudi-625022","1 - Perungudi (R.V) Perungudi (P), Perungudi Ward 1 (Sl.No 1 to 948",All Voters,"Panchayat Union Elementary School,Near Gate East Building",Western Portion Perungudi-625022,dravida munnetra kazhagam,330,290,40,tamilaga vettri kazhagam,3,4,1,8,8,8,2,5,5,8,5,8,8,8,8,8,5.05050505050505,0
166,189,55,95,1,0,0,2,384,0,0,0,1,0,1,0,728,0,3,731,0,166,"Panchayat Union Elementary School, Near Gate East Building
Eastern Portion, Perungudi-625022","1.Perungudi(R.V) Perungudi (P) Perungudi Ward 2,",All Voters,"Panchayat Union Elementary School, Near Gate East Building
Eastern Portion",Perungudi-625022,tamilaga vettri kazhagam,384,189,195,dravida munnetra kazhagam,3,4,2,10,7,10,1,6,10,10,5,10,7,10,7,10,26.78571428571428,2
167,170,33,106,1,1,0,3,275,0,0,0,1,0,2,0,592,0,3,595,0,167,"Panchayat Union Elementary School,Near Gate, West
Building , Western Portion;, Perungudi-625022","1.Perungudi(R.V) Perungudi (P) Vanjinathan Street,",All Voters,"Panchayat Union Elementary School,Near Gate, West
Building , Western Portion;",Perungudi-625022,tamilaga vettri kazhagam,275,170,105,dravida munnetra kazhagam,3,4,2,11,8,8,1,5,11,11,5,11,8,11,7,11,17.73648648648648,3
168,157,46,120,0,1,1,3,396,0,0,0,1,0,0,0,725,0,6,731,0,168,"Government High School, East Building North Portion
Perungudi -625022","1 - Perungudi (R.V) Perungudi (P), Sowrastra Colony (Sl.No 1 to 1022",All Voters,Government High School,"East Building North Portion
Perungudi -625022",tamilaga vettri kazhagam,396,157,239,dravida munnetra kazhagam,3,4,2,7,10,7,1,6,10,10,5,10,7,10,10,10,32.96551724137931,1
169,203,56,121,0,0,1,1,391,0,1,0,0,0,0,0,774,0,3,777,0,169,"Panchayat Union Elementary School,SSA Building,Northern
Portion Perungudi-625022","1.Perungudi(R.V) Perungudi (P) Pasumpon Nagar,
2 - Perungudi (R.V) Perungudi (P), Perungudi Ward 1 (Sl.No 949 to 1323)",All Voters,"Panchayat Union Elementary School,SSA Building","Northern
Portion Perungudi-625022",tamilaga vettri kazhagam,391,203,188,dravida munnetra kazhagam,3,4,2,6,9,9,1,6,9,6,5,9,9,9,9,9,24.28940568475452,0
170,216,46,92,1,1,0,4,358,1,1,0,0,0,1,0,721,0,4,725,0,170,"Panchayat Union Elementary School,Additional Building, West Side, Perungudi-625022","1.Perungudi(R.V) Perungudi (P) Muniyappa Nagar, 2.Perungudi (R.V) Perungudi (P) Meenakshi Nagar
3.Perungudi (R.V) Perungudi (P), Sowrastra Colony (Sl.No 1023 to 1229)",All Voters,"Panchayat Union Elementary School,Additional Building, West Side",Perungudi-625022,tamilaga vettri kazhagam,358,216,142,dravida munnetra kazhagam,3,4,2,12,7,7,1,5,7,7,5,12,12,12,7,12,19.69486823855756,1
171,231,31,58,1,3,1,3,329,2,0,0,0,0,2,1,662,0,4,666,0,171,"Government High School, East Building South Portion.
Perungudi -6250222","1.Perungudi(R.V) Perungudi (P) Ganapathi Nagar,
2.Perungudi (R.V) Perungudi (P) Ambethkar Nagar ,",All Voters,Government High School,"East Building South Portion.
Perungudi -6250222",tamilaga vettri kazhagam,329,231,98,dravida munnetra kazhagam,3,4,2,10,10,6,1,6,8,13,5,13,13,13,8,10,14.8036253776435,3
172,205,59,181,0,0,3,3,438,0,0,3,0,1,1,0,894,0,2,896,0,172,"Pt Union Elementary School, East Building, North Side
Ayanpappakudi -625012","1 - Madurai (C) Avaniyapuram (TP), Vallananthapuram Main Street Ward 100 (Sl.No 1 to 1093)",All Voters,"Pt Union Elementary School, East Building","North Side
Ayanpappakudi -625012",tamilaga vettri kazhagam,438,205,233,dravida munnetra kazhagam,3,4,2,5,11,11,1,5,11,11,8,5,11,9,9,11,26.06263982102908,5
173,212,78,129,0,2,2,0,501,0,0,0,0,0,3,0,927,0,5,932,0,173,"Pt Union Elementary School, East Building, Western Side,
North Facing, Ayanpappakudi -625012",1.Madurai (C) Avaniyapuram(Tp) Valananthapuram Main Street Ward 100,All Voters,"Pt Union Elementary School, East Building, Western Side,
North Facing",Ayanpappakudi -625012,tamilaga vettri kazhagam,501,212,289,dravida munnetra kazhagam,3,4,2,7,9,7,1,9,9,9,5,9,9,9,6,9,31.17583603020496,3
174,167,47,206,0,1,1,3,455,2,0,0,0,1,1,0,884,0,2,886,0,174,"Pt Union Elementary School, South Building North Facing West Portion, Ayanpappakudi- 625012","1.Madurai (C) Avaniyapuram(Tp) Prasanna Colony New Colony Ward 100
2 - Madurai (C) Avaniyapuram (TP), Vallananthapuram Main Street Ward 100 (Sl.No 1093 to 1293)
3.Madurai (C) Avaniyapuram (Tp) Sikkanthar Nagar Ward 100,
4.Madurai (C) Avaniyapuram (TP) Kalkulam Bharathiyar Street Ward 92,
5.Madurai (C) Avaniyapuram (TP) Ganesapuram Ward 92,
6.Madurai (C) Avaniapuram (Tp) Prasanna Colony 9th 1st Cross Street Ward 100
7.Madurai (C) Avaniapuram (Tp) Prasanna Colony 5th Street Ward 100,",All Voters,"Pt Union Elementary School, South Building North Facing West Portion",Ayanpappakudi- 625012,tamilaga vettri kazhagam,455,206,249,all india anna dravida munnetra kazhagam,2,4,3,8,12,8,1,5,6,12,6,12,12,8,8,12,28.16742081447964,2
175,147,47,126,0,0,0,0,322,0,0,0,0,0,2,0,644,0,3,647,0,175,"B M S Vidyalaya Matriculation School ,East Building 1std, A Sec Room, Thirupparankundram Road, Avaniapuram-625012","1.Madurai (C) Avaniyapuram (Tp) C.A.S. Nagar 1st Street Ward 92,
2.Madurai (C) Avaniyapuram (Tp) C.A.S.Nagar 2nd Street Ward 92,
3.Madurai (C) Avaniyapuram(Tp) Athirsdam Quarters II Arupukottai Main Road Ward 92,
4.Madurai (C) Avaniyapuram(Tp) Karunanithi Street Meenakshi Nagar Ward 91",All Voters,"B M S Vidyalaya Matriculation School ,East Building 1std, A Sec Room, Thirupparankundram Road",Avaniapuram-625012,tamilaga vettri kazhagam,322,147,175,dravida munnetra kazhagam,3,4,2,7,7,7,1,7,7,7,5,7,7,7,6,7,27.17391304347826,2
176,179,35,123,1,7,1,7,293,0,1,0,0,0,1,0,648,0,5,653,0,176,"B M S Vidyalaya Matriculation School, East Building , Room No-8, Thirupparankundram road, Avaniyapuram, 625012","1.Madurai (C) Avaniyapuram(Tp) C.A.S Nagar 3rd Street Ward 92,
2.Madurai (C) Avaniyapuram(Tp) Malligai Street Ward 91,
3.Madurai (C) Avaniapuram (TP) Poochi 3rd Street Ward 100,
4.Madurai (C) Avaniapuram (TP) Kaliamman Kovil Street Ward 100 ,
5.Madurai (C) Avaniapuram (TP) Periyar Nagar South Street 3rd Street Ward 100",All Voters,"B M S Vidyalaya Matriculation School, East Building , Room No-8, Thirupparankundram road, Avaniyapuram",625012,tamilaga vettri kazhagam,293,179,114,dravida munnetra kazhagam,3,4,2,8,8,5,1,5,12,8,7,12,12,12,8,12,17.59259259259259,1
177,112,34,104,1,1,0,2,243,0,0,0,0,0,0,1,498,0,4,502,0,177,"Pt Union Middle School, South Side, Old Building North Side Room Sankaranayar Street, Avaniyapuram -625012","1.Madurai (C) Avaniyapuram(Tp) Vallalar Street Meenakshi Nagar Ward 91, 2.Madurai(C) Avaniapuram (Tp) Anna Street Aruppukottai Main Road Ward 91, 3.Madurai(C) Avaniapuram (Tp) Muthu Nagar Ward 92,
4.Madurai(C) Avaniapuram (Tp) Sriram Nagar Ward 92,
5.Madurai(C) Avaniapuram (Tp) Housing Board Padma Theatre Outside Ward91, 6.Madurai(C) Avaniapuram (Tp) C.A.S Colony Avaniapuram Ward 92,",All Voters,"Pt Union Middle School, South Side, Old Building North Side Room Sankaranayar Street",Avaniyapuram -625012,tamilaga vettri kazhagam,243,112,131,dravida munnetra kazhagam,3,4,2,10,7,7,1,6,10,10,5,10,10,10,10,7,26.30522088353414,1
178,134,32,127,0,0,0,2,235,1,0,0,0,0,0,0,531,0,0,531,0,178,"Pt Union Middle School, South side Center building East Portion, Sankaranayar Street, Avaniyapuram- 625012","1.Madurai(C) Avaniapuram (Tp) M.M.C.Colony West Portion Extension Ward 92
2.Madurai (C) Avaniyapuram(Tp) Thiruppathi Nagar 1st Street Ward92
3.Madurai (C) Avaniyapuram(Tp) Thirupatthi Nagar 2nd Street Ward92",All Voters,"Pt Union Middle School, South side Center building East Portion, Sankaranayar Street",Avaniyapuram- 625012,tamilaga vettri kazhagam,235,134,101,dravida munnetra kazhagam,3,4,2,7,7,7,1,5,6,7,7,7,7,7,7,7,19.02071563088512,0
179,191,34,120,0,0,1,1,337,0,0,1,0,0,1,1,687,0,4,691,0,179,"Community Hall, South Building West Portion, TNHB
Colony Villapuram, 625012","1 - Madurai (C) Avaniyapuram (TP), Villapuram Housing Board Ward 84 (S.No.1 to 991)",All Voters,"Community Hall, South Building West Portion, TNHB
Colony Villapuram",625012,tamilaga vettri kazhagam,337,191,146,dravida munnetra kazhagam,3,4,2,6,11,11,1,6,11,11,5,6,11,11,6,6,21.25181950509461,3
180,262,32,101,2,0,0,1,364,0,0,0,0,0,2,0,764,0,2,766,0,180,"Community Hall, South Building East Portion, TNHB Colony
Villapuram, -625012","1 - Madurai (C) Avaniyapuram (TP), Villapuram Housing Board Ward 84 (Part No 153.S.No.992 to
1495) (Part No 163 S.No.1030 to 1543)",All Voters,"Community Hall, South Building East Portion, TNHB Colony
Villapuram",-625012,tamilaga vettri kazhagam,364,262,102,dravida munnetra kazhagam,3,4,2,9,5,9,1,8,9,9,5,9,9,9,5,9,13.35078534031414,2
181,198,52,91,0,1,0,2,336,0,0,0,0,0,2,1,683,0,2,685,0,181,"My Madurai Play School, South Side , 4 std Class Room
Avaniyapuram-625012",1.Madurai(C) Avaniapuram (Tp) Villapuram Housing Board Ward 84,All Voters,"My Madurai Play School, South Side","4 std Class Room
Avaniyapuram-625012",tamilaga vettri kazhagam,336,198,138,dravida munnetra kazhagam,3,4,2,10,10,8,1,5,10,10,5,10,10,10,5,8,20.20497803806735,3
182,154,32,86,0,0,0,0,270,2,0,0,0,0,1,0,545,0,2,547,0,182,"My Madurai Play School, New LKG Class room, Avaniyapuram - 625012","1.Madurai(C) Avaniapuram (Tp) Nalla Thambi Thoppu Villapuram Ward 90,
2 - Madurai (C) Avaniyapuram (TP), Avaniyapuram Housing Board Villlapuram Kudiyiruppu Ward 84(Part 160 S.No.935 to 1134), (Part No 162 S.No.972 to 1271)",All Voters,"My Madurai Play School, New LKG Class room",Avaniyapuram - 625012,tamilaga vettri kazhagam,270,154,116,dravida munnetra kazhagam,3,4,2,8,8,8,1,8,5,8,5,8,8,8,7,8,21.28440366972477,1
183,195,39,147,0,0,1,2,355,0,0,0,0,0,0,2,741,0,3,744,0,183,"Vani Nursury and Primary School ,South Portion Room No 1
Karpagam Nagar Avaniyapuram-625012","1 - Madurai (C) Avaniyapuram (TP), Avaniyapuram Housing Board Villapuram Kudiyiruppu Ward
84(S.No.1 to 1095)",All Voters,Vani Nursury and Primary School,"South Portion Room No 1
Karpagam Nagar Avaniyapuram-625012",tamilaga vettri kazhagam,355,195,160,dravida munnetra kazhagam,3,4,2,8,9,9,1,6,9,9,5,9,9,9,9,6,21.59244264507423,2
184,218,35,120,1,1,2,3,316,0,1,0,1,0,0,0,698,0,2,700,0,184,"Vani Nursury and Primary School ,West Center Portion
Karpagam Nagar Avaniyapuram-625012","1 - Madurai (C) Avaniyapuram (TP), Avaniyapuram Housing Board Villapuram Kudiyiruppu Ward
84(S.No.1 to 1093)",All Voters,Vani Nursury and Primary School,"West Center Portion
Karpagam Nagar Avaniyapuram-625012",tamilaga vettri kazhagam,316,218,98,dravida munnetra kazhagam,3,4,2,6,8,8,1,5,12,8,6,12,8,12,12,12,14.04011461318052,1
185,222,52,126,0,0,0,1,409,0,2,0,0,0,2,0,814,0,2,816,0,185,"Vani Nursey and Primary School, South Side II Std Class Room, Karpagam Nagar, Avaniyapuram - 625012","1 - Madurai (C) Avaniyapuram (TP), Avaniyapuram Housing Board Villapuram Kudiyiruppu  Ward 84(Part No 155,S.No.1096 to 1495), (Part No 156.S.No.1094 to 1513)
2.Madurai (C) Avaniyapuram (Tp) Jawahar Nagar Ward 92,",All Voters,"Vani Nursey and Primary School, South Side II Std Class Room, Karpagam Nagar",Avaniyapuram - 625012,tamilaga vettri kazhagam,409,222,187,dravida munnetra kazhagam,3,4,2,9,9,9,1,8,9,5,5,9,9,9,5,9,22.97297297297298,2
186,240,59,103,2,0,0,4,328,1,0,1,0,0,0,0,738,0,3,741,0,186,"Guhan Nursery and Primary School, North Portion,
Villapuram -625012","1 - Madurai (C) Avaniyapuram (TP), Avaniyapuram Housing Board Villapuram Kudiyiruppu Ward
84(S.No.1 to 1081)",All Voters,"Guhan Nursery and Primary School, North Portion",Villapuram -625012,tamilaga vettri kazhagam,328,240,88,dravida munnetra kazhagam,3,4,2,10,7,10,1,5,8,10,6,8,10,10,10,10,11.92411924119241,1
187,142,30,68,0,0,0,2,262,1,1,0,0,0,0,0,506,0,2,508,0,187,"Community Hall, North Side TNHB Colony Villapuram,
(Near Avaniyapuram Out Post Police Station) -625012","1.Madurai (C) Avaniapuram (TP) Avaniyapuram Housing Board Villapuram Kudiyiruppu Ward
84,",All Voters,"Community Hall, North Side TNHB Colony Villapuram",(Near Avaniyapuram Out Post Police Station) -625012,tamilaga vettri kazhagam,262,142,120,dravida munnetra kazhagam,3,4,2,9,9,9,1,5,7,7,5,9,9,9,9,9,23.71541501976284,0
188,207,43,107,1,1,0,5,391,0,2,0,1,0,1,0,759,0,6,765,0,188,"Community Hall, South Side TNHB Colony Villapuram, (Near Avaniyapuram Out Post Police Station) -625012","1 - Madurai (C) Avaniyapuram (TP), Avaniyapuram Housing Board Villapuram Kudiyiruppu Ward 84(S.No.1 to 692)
2.Madurai(C) Avaniapuram (Tp) Mahalingam Salai Villapuram 90,",All Voters,"Community Hall, South Side TNHB Colony Villapuram",(Near Avaniyapuram Out Post Police Station) -625012,tamilaga vettri kazhagam,391,207,184,dravida munnetra kazhagam,3,4,2,12,8,8,1,6,12,7,5,12,8,12,8,12,24.24242424242424,2
189,219,31,126,0,3,1,3,337,3,1,1,0,0,2,1,728,0,2,730,0,189,"Gugan Nursery and Primary School, South Portion, Villapuram","1 - Madurai (C) Avaniyapuram (TP), Avaniyapuram Housing Board Villapuram Kudiyiruppu Ward 84(Part No 157.S.No.1082 to 1481), (Part No 159.S.No.693 to 792)
2.Madurai(C) Avaniapuram (Tp) Muthu Mariamman Kovil Street Villapuram Ward 90,
3.Madurai (C) Avaniapuram (TP) Avaniyapuram Housing Board Villapuram Kudiyiruppu Ward 84",All Voters,"Gugan Nursery and Primary School, South Portion",Villapuram,tamilaga vettri kazhagam,337,219,118,dravida munnetra kazhagam,3,4,2,10,14,5,1,5,5,10,8,10,14,14,8,10,16.20879120879121,4
190,194,40,90,0,0,0,6,294,1,0,0,0,0,0,0,625,0,3,628,0,190,"My Madurai Play School North Side Project Room
Avaniyapuram -625012","1 - Madurai (C) Avaniyapuram (TP), Avaniyapuram Housing Board Villlapuram Kudiyiruppu Ward
84(S.No.1 to 934)",All Voters,"My Madurai Play School North Side Project Room
Avaniyapuram -625012","My Madurai Play School North Side Project Room
Avaniyapuram -625012",tamilaga vettri kazhagam,294,194,100,dravida munnetra kazhagam,3,4,2,8,8,8,1,5,7,8,6,8,8,8,8,8,16.0,0
191,254,42,147,1,1,0,4,304,0,1,0,0,0,0,0,754,0,4,758,0,191,"Anganwadi Centre ,M M C Colony Avaniyapuram-625012","1.Madurai (C) Avaniyapuram(Tp) M.M.C Colony 3rd Street,Avaniyapuram Ward 84
2.Madurai(C) Avaniapuram (Tp) Arumugam Nagar First Street 92",All Voters,Anganwadi Centre,M M C Colony Avaniyapuram-625012,tamilaga vettri kazhagam,304,254,50,dravida munnetra kazhagam,3,4,2,10,7,7,1,5,10,7,5,10,10,10,10,10,6.631299734748011,0
192,170,29,94,1,0,0,1,279,1,0,0,0,0,0,0,575,0,1,576,0,192,"My Madurai Play School Center UKG Room Avaniyapuram -
625012","1 - Madurai (C) Avaniyapuram (TP), Housing Board Villapuram Colony Ward 84(S.No.1 to 971)",All Voters,"My Madurai Play School Center UKG Room Avaniyapuram -
625012","My Madurai Play School Center UKG Room Avaniyapuram -
625012",tamilaga vettri kazhagam,279,170,109,dravida munnetra kazhagam,3,4,2,9,5,9,1,5,5,9,5,9,9,9,9,9,18.95652173913044,0
193,233,41,122,0,0,0,3,346,0,0,0,1,0,2,0,748,0,4,752,0,193,"Community Hall, South Building Center Portion, TNHB
Colony Villapuram, -625012",1.Madurai (C) Avaniyapuram(Tp Housing Board Villapuram Colony Ward 84,All Voters,"Community Hall, South Building Center Portion, TNHB
Colony Villapuram",-625012,tamilaga vettri kazhagam,346,233,113,dravida munnetra kazhagam,3,4,2,9,9,9,1,6,9,9,5,9,8,9,7,9,15.10695187165775,3
194,163,12,93,1,0,2,6,250,0,0,0,0,1,1,0,529,0,3,532,0,194,"Panchayat Union Elementary Schoo ,North Portion M M C
Colony Avaniyapuram-625012","1.Madurai (C) Avaniyapuram (TP) M.M.C Colony Ward 92,
2.Madurai (C) Avaniyapuram (TP) Avaniapuram Ilayaraja Nagar Ward 84,",All Voters,Panchayat Union Elementary Schoo,"North Portion M M C
Colony Avaniyapuram-625012",tamilaga vettri kazhagam,250,163,87,dravida munnetra kazhagam,3,4,2,7,8,11,1,5,11,11,6,11,11,8,8,11,16.4461247637051,2
195,233,37,165,0,0,0,1,344,0,0,0,0,0,0,0,780,0,6,786,0,195,"Government Higher Secondary School ,Southern Side, West
Building, west Portion Avaniyapuram-625012","1 - Madurai (C) Avaniyapuram (TP), Avaniapuram Housing Board Colony Ward 84 (S.No.1 to
1047)",All Voters,"Government Higher Secondary School ,Southern Side, West
Building",west Portion Avaniyapuram-625012,tamilaga vettri kazhagam,344,233,111,dravida munnetra kazhagam,3,4,2,7,7,7,1,6,7,7,5,7,7,7,7,7,14.23076923076923,0
196,180,30,103,0,0,0,2,271,0,1,0,0,1,2,0,590,0,5,595,0,196,"Government Higher Secondary School, South Side, Centre
Building, X Class Room, Avaniyapuram-625012",1.Madurai (C) Avaniyapuram(Tp) Avaniapuram Housing Board Colony Ward 84,All Voters,"Government Higher Secondary School, South Side, Centre
Building, X Class Room",Avaniyapuram-625012,tamilaga vettri kazhagam,271,180,91,dravida munnetra kazhagam,3,4,2,10,10,10,1,6,10,8,5,10,10,8,6,10,15.42372881355932,3
197,195,54,143,0,1,1,0,341,0,0,0,0,0,1,0,736,0,5,741,0,197,"Panchayat Union Elementary School ,MMC Colony
Avaniyapuram-625012","1.Madurai (C) Avaniyapuram(Tp) M M C Colony 2nd Street Ward 92
2.Madurai (C) Avaniapuram (TP) Avaniapuram Housing Board Colony Ward 84",All Voters,Panchayat Union Elementary School,"MMC Colony
Avaniyapuram-625012",tamilaga vettri kazhagam,341,195,146,dravida munnetra kazhagam,3,4,2,6,9,6,1,9,9,9,5,9,9,9,6,9,19.83695652173913,1
198,186,28,143,2,0,1,3,383,0,0,0,0,0,0,0,746,0,1,747,0,198,"Government Higher Secondary School, SSA New Building, Training Hall, Northern Side, Avaniyapuram-625012","1.Madurai (C) Avaniapuram (TP) Housing Board Colony Villapuram Ward 84, 2.Madurai(C) Avaniapuram (Tp) Vivekanandar Street Ward 91,
3.Madurai(C) Avaniapuram (Tp) Hariharan Street Ward 91",All Voters,"Government Higher Secondary School, SSA New Building, Training Hall, Northern Side",Avaniyapuram-625012,tamilaga vettri kazhagam,383,186,197,dravida munnetra kazhagam,3,4,2,7,6,9,1,5,9,9,7,9,9,9,9,9,26.40750670241287,0
199,285,29,102,0,1,0,4,346,1,2,1,0,1,2,1,775,0,1,776,0,199,"Government Higher Secondary School, South Portion, SSA Training Building, East Portion, Avaniyapuram-625012","1 - Madurai (C) Avaniyapuram (TP), Housing Board Colony Villapuram Ward 84 (S.No.301 to 1325)",All Voters,"Government Higher Secondary School, South Portion, SSA Training Building, East Portion",Avaniyapuram-625012,tamilaga vettri kazhagam,346,285,61,dravida munnetra kazhagam,3,4,2,14,14,8,1,5,8,6,8,8,14,8,6,8,7.870967741935483,5
200,182,30,96,0,0,1,3,234,0,1,0,0,0,1,0,548,0,1,549,0,200,"Government Higher Secondary School, West Side Building IX Std Class Room, Avaniyapuram - 625012","1 - Madurai (C) Avaniyapuram (TP), Avaniapuram Housing Board Colony Ward 84 (Part No 165.S.No.1048 to 1247), (Part No 169.S.No.1 to 300)
2..Madurai(C) Avaniapuram (Tp) Housing Board Colony Ward 84",All Voters,"Government Higher Secondary School, West Side Building IX Std Class Room",Avaniyapuram - 625012,tamilaga vettri kazhagam,234,182,52,dravida munnetra kazhagam,3,4,2,6,10,10,1,5,10,6,6,10,10,10,6,10,9.48905109489051,1
201,191,46,129,1,0,0,5,424,1,2,0,2,0,0,0,801,0,2,803,0,201,"Vani Nursury and Primary School, East Building, Karpagam Nagar Avaniyapuram","1.Madurai (C) Avaniyapuram (Tp) M M C Colony Ward 84,
2.Madurai (C) Avaniyapuram(Tp) S R Soap Company Street Ward 91,
3.Madurai (C) Avaniyapuram(Tp) Ramraj Nagar Ward 91, 4.Madurai(C) Avaniapuram (Tp) Gomatha Street Ward 91",All Voters,"Vani Nursury and Primary School, East Building",Karpagam Nagar Avaniyapuram,tamilaga vettri kazhagam,424,191,233,dravida munnetra kazhagam,3,4,2,11,9,11,1,5,9,6,6,11,6,11,11,11,29.08863920099875,2
202,137,22,145,1,1,0,3,340,3,1,2,1,0,3,1,660,0,7,667,0,202,"Anganwadi New Building, MMC Colony, Avaniyapuram -
625012","1.Madurai(C) Avaniapuram (Tp) Arumugam Nagar Second Street 92
2.Madurai(C) Avaniapuram (Tp) Velu Pillai Street Ward 90",All Voters,"Anganwadi New Building, MMC Colony","Avaniyapuram -
625012",tamilaga vettri kazhagam,340,145,195,all india anna dravida munnetra kazhagam,2,4,3,15,10,10,1,6,6,10,5,9,10,15,6,10,29.54545454545455,7
203,140,35,129,1,0,0,0,371,0,0,0,1,0,2,0,679,0,2,681,0,203,"Sri Durga Nursery and Primary School, West Building North
Side, Avanipuram -625012","1.Madurai(C) Avaniapuram (Tp) Krishna Street Ward 90
2.Madurai(C) Avaniapuram (Tp) Ambedkhar Nagar Ward 90",All Voters,"Sri Durga Nursery and Primary School, West Building North
Side",Avanipuram -625012,tamilaga vettri kazhagam,371,140,231,dravida munnetra kazhagam,3,4,2,9,7,9,1,9,9,9,5,9,7,9,5,9,34.02061855670103,3
204,131,35,172,2,0,0,22,374,0,0,1,0,0,1,0,738,0,5,743,0,204,"Koodakovil Nachippa Nadar Guruvammal Matriculation School ,East Building, South Side, Avaniapuram-625012","1.Madurai(C) Avaniapuram (Tp) Agasthiyar Street Villapuram Ward 90, 2 .Madurai(C) Avaniapuram (Tp) Harijan Colony Villapuram 90,
3.Madurai(C) Avaniapuram (Tp) Vivekanandar Streer Meenakshi Nagar Ward 91",All Voters,"Koodakovil Nachippa Nadar Guruvammal Matriculation School ,East Building, South Side",Avaniapuram-625012,tamilaga vettri kazhagam,374,172,202,all india anna dravida munnetra kazhagam,2,4,3,10,7,10,1,5,10,10,6,8,10,10,8,10,27.37127371273712,2
205,105,38,151,1,0,0,2,304,0,2,0,0,0,1,0,604,0,6,610,0,205,"Sri Durga Nursery and Primary School, West bilding south
Side Room, Avaniapuram-625012","1.Madurai(C) Avaniapuram (Tp) Ragavendra Street Meenakshi Nagar Ward 91,
2.Madurai(C) Avaniapuram (Tp) Aruppukottai Main Road Ward 91",All Voters,"Sri Durga Nursery and Primary School, West bilding south
Side Room",Avaniapuram-625012,tamilaga vettri kazhagam,304,151,153,all india anna dravida munnetra kazhagam,2,4,3,10,8,10,1,6,10,6,5,10,10,10,8,10,25.33112582781457,1
206,110,36,217,1,0,1,2,311,0,1,1,0,0,0,0,680,0,2,682,0,206,"Zion Good Shepherd Matric Hr Sec School ,UKG Room, Aruppukkottai Main Road, Avaniapuram -625012","1.Madurai(C) Avaniapuram (Tp) Karpaga Nagar 1st Cross Street Ward 91, 2.Madurai(C) Avaniapuram (Tp) Karpaga Nagar 2nd Street Ward 91, 3.Madurai(C) Avaniapuram (Tp) Karpaga Nagar 3rd Street Ward 91, 4.Madurai(C) Avaniapuram (Tp) Karpaga Nagar Main Street Ward 91, 5.Madurai(C) Avaniapuram (Tp) Veerakaliyaman Kovil Street Ward 80",All Voters,"Zion Good Shepherd Matric Hr Sec School ,UKG Room, Aruppukkottai Main Road",Avaniapuram -625012,tamilaga vettri kazhagam,311,217,94,all india anna dravida munnetra kazhagam,2,4,3,7,7,11,1,5,11,7,5,7,11,11,11,11,13.82352941176471,1
207,135,43,135,0,0,1,1,300,0,0,1,1,0,1,1,619,0,3,622,0,207,"Sri Durga Nursery and Primary School, South Side, Centre
portion, Avaniapuram-625012","1.Madurai (C) Avaniyapuram (TP), Thulasiram Main Street Ward 90 (S.No.1 to 971)
2.Madurai(C) Avaniapuram (Tp) Maruthupandiyar Street Ward 90,",All Voters,"Sri Durga Nursery and Primary School, South Side, Centre
portion",Avaniapuram-625012,tamilaga vettri kazhagam,300,135,165,dravida munnetra kazhagam,2,4,2,6,12,12,1,6,12,12,5,6,6,12,6,6,26.65589660743134,4
208,122,31,130,0,0,3,8,385,2,0,0,0,0,2,0,683,0,3,686,0,208,"Sri Durga Nursery and Primary School, West Building, Middle Portion, Avanipuram- 625012","1. Madurai (C) Avaniyapuram (TP), Thulasiram Main Street Ward 90 (S.No.972 to 1227) 2.Madurai(C) Avaniapuram (Tp) Sourastrapuram Second Street Ward 90,
3.Madurai(C) Avaniapuram (Tp) Ambalakarar Street Villapuram Ward 90, 4.Madurai(C) Avaniapuram (Tp) East Agasthiyar 5th Street Ward 90, 5.Madurai(C) Avaniapuram (Tp) Roja Street Meenakshi Nagar Ward 91, 6.Madurai(C) Avaniapuram (Tp)West 6th Cross Street Ward 91,
7.Madurai(C) Avaniapuram (Tp)Subramaniyam Konar Street Ward 91",All Voters,"Sri Durga Nursery and Primary School, West Building, Middle Portion",Avanipuram- 625012,tamilaga vettri kazhagam,385,130,255,all india anna dravida munnetra kazhagam,2,4,3,6,10,10,1,5,8,10,6,10,10,10,8,10,37.33528550512445,2
209,113,32,203,1,0,0,1,455,2,0,1,0,0,2,0,810,0,5,815,0,209,"Koodakovil Nachippa Nadar Guruvammal Matriculation School Left Side, Center Room Avaniapuram-625012","1.Madurai(C) Avaniapuram (Tp) L.K.Thulasiram 1st Cross Street(Annai Sivakami Street)Ward 90, 2.Madurai(C) Avaniapuram (Tp) L.K. Thulasiram 2nd Street Ward 90,
3.Madurai(C) Avaniapuram (Tp) L.K. Thulasiram 3rd Street (Muthuramalingam 2nd Street) Ward 90,
4.Madurai(C) Avaniapuram (Tp) L.K. Thulasiram Street Ward 90,",All Voters,Koodakovil Nachippa Nadar Guruvammal Matriculation School Left Side,Center Room Avaniapuram-625012,tamilaga vettri kazhagam,455,203,252,all india anna dravida munnetra kazhagam,2,4,3,11,8,11,1,8,6,11,5,8,11,11,6,11,31.11111111111111,3
210,118,38,138,0,0,0,2,384,0,0,1,0,0,0,0,681,0,4,685,0,210,"Koodakovil Nachippa Nadar Guruvammal Matriculation School ,West Building South Side, Avaniapuram-625012","1.Madurai(C) Avaniapuram (Tp) L.K. Thulasiram 2nd Cross Street Ward 90, 2.Madurai(C) Avaniapuram (Tp) L.K.Thulasiram West (Manikandan Street) Ward 90, 3.Madurai(C) Avaniapuram (Tp) Karpaga Nagar 4th Street Ward 91,
4.Madurai(C) Avaniapuram (Tp) Pethanatchi Nagar Ward 90,",All Voters,"Koodakovil Nachippa Nadar Guruvammal Matriculation School ,West Building South Side",Avaniapuram-625012,tamilaga vettri kazhagam,384,138,246,all india anna dravida munnetra kazhagam,2,4,3,8,8,8,1,6,8,8,5,7,8,8,8,8,36.12334801762114,1
211,144,64,190,1,0,0,2,543,0,0,0,0,0,0,1,945,0,3,948,0,211,"Koodakovil Nachippa Nadar Guruvammal Matriculation School ,East Side, Centre Portion, (North) Avaniapuram-
625012","1.Madurai(C) Avaniapuram (Tp) Sakthi Vinayagar Koil Street Ward 90, 2.Madurai(C) Avaniapuram (Tp) Ramamoorthi Street Ward 90,
3.Madurai(C) Avaniapuram (Tp) Modern Street Ward 90",All Voters,"Koodakovil Nachippa Nadar Guruvammal Matriculation School ,East Side, Centre Portion","(North) Avaniapuram-
625012",tamilaga vettri kazhagam,543,190,353,all india anna dravida munnetra kazhagam,2,4,3,9,7,9,1,6,9,9,5,9,9,9,9,7,37.35449735449735,1
212,120,38,167,1,1,0,1,457,0,0,0,1,0,0,0,786,0,10,796,0,212,"Koodakovil Nachippa Nadar Guruvammal Matriculation School, South Building, West Facing, I Std C Sec Class Room, Avaniapuram- 625012","1.Madurai(C) Avaniapuram (Tp) Kavi Vinayagar Kovil Street Ward 90, 2.Madurai(C) Avaniapuram (Tp) Karpaga Nagar 5th Street Ward 92,
3.Madurai (C) Avaniapuram (TP) Palani Muthu Nagar Second Street (Sesadri Street) Ward 91,",All Voters,"Koodakovil Nachippa Nadar Guruvammal Matriculation School, South Building, West Facing, I Std C Sec Class Room",Avaniapuram- 625012,tamilaga vettri kazhagam,457,167,290,all india anna dravida munnetra kazhagam,2,4,3,10,6,6,1,6,10,10,5,10,6,10,10,10,36.89567430025446,1
213,103,35,183,0,0,0,1,457,2,0,0,0,0,1,0,782,0,1,783,0,213,"Koodakovil Nachippa Nadar Guruvammal Matriculation School ,Middle Building, Centre Portion, Avaniapuram-
625012",2.Madurai(C) Avaniapuram (Tp) Rajeev Gandhi Street Ward 90,All Voters,"Koodakovil Nachippa Nadar Guruvammal Matriculation School ,Middle Building, Centre Portion","Avaniapuram-
625012",tamilaga vettri kazhagam,457,183,274,all india anna dravida munnetra kazhagam,2,4,3,9,9,9,1,6,5,9,6,9,9,9,6,9,35.0383631713555,1
214,139,31,141,0,0,0,1,345,0,0,0,0,0,2,0,659,0,5,664,0,214,"Koodakovil Nachippa Nadar Guruvammal Matriculation School, South Building, West Facing, I Std B Sec Class
Room, Avaniapuram- 625012","1.Madurai(C) Avaniapuram (Tp) Kumaran Street Ward 90,
2.Madurai (C) Avaniapuram (TP) Sanjeevi Street Ward 90,",All Voters,"Koodakovil Nachippa Nadar Guruvammal Matriculation School, South Building, West Facing, I Std B Sec Class
Room",Avaniapuram- 625012,tamilaga vettri kazhagam,345,141,204,all india anna dravida munnetra kazhagam,2,4,3,8,8,8,1,7,8,8,5,8,8,8,6,8,30.95599393019727,2
215,94,24,130,3,0,0,0,271,1,2,0,0,0,1,0,526,0,3,529,0,215,"Zion Good Shepherd Matric Hr Sec School, II Std A Section, Aruppukkotai Main Road, Avaniapuram-625012","1.Madurai(C) Avaniapuram (Tp) Chinnaiyar Street Ward 90, 2.Madurai(C) Avaniapuram (Tp) Sivarammaiyyar Street Ward 90,
3.Madurai (C) Avaniyapuram (TP), Meenakshi Nagar1st Cross Street Ward 90
4.Madurai(C) Avaniapuram (Tp) Sonaiaya Pillai Street Ward 90, 5.Madurai(C) Avaniapuram (Tp) Muthaiya Pillai Street Ward 90",All Voters,"Zion Good Shepherd Matric Hr Sec School, II Std A Section, Aruppukkotai Main Road",Avaniapuram-625012,tamilaga vettri kazhagam,271,130,141,all india anna dravida munnetra kazhagam,2,4,3,10,5,10,1,10,8,7,5,10,10,10,8,10,26.80608365019011,1
216,99,20,85,0,0,1,4,259,0,0,0,2,0,1,1,472,0,1,473,0,216,"Zion Good Shepherd Matric Hr Sec School, III Std A Sec Class Room, Aruppukkottai Main Road, Avaniapuram-625012","1.Madurai(C) Avaniapuram (Tp) Meenakshi Nagar First Street Ward 90, 2.Madurai(C) Avaniapuram (Tp) Meenakshi Nagar Second Street Ward 90,
3.Madurai(C) Avaniapuram (Tp) Indragandhi Street Ward 91,",All Voters,"Zion Good Shepherd Matric Hr Sec School, III Std A Sec Class Room, Aruppukkottai Main Road",Avaniapuram-625012,tamilaga vettri kazhagam,259,99,160,dravida munnetra kazhagam,3,4,2,7,11,11,1,5,11,11,7,11,6,11,7,7,33.89830508474576,4
217,145,30,165,0,2,1,3,411,0,0,1,0,0,1,1,760,0,5,765,0,217,"Sri Durga and Nursery and Primary School ,South side South Portion Avaniyapuram","1.Madurai(C) Avaniapuram (Tp) Hussain Sahib Street Ward 90, 2.Madurai(C) Avaniapuram (Tp) Kumarasamy Street Ward 91, 3.Madurai(C) Avaniapuram (Tp) Sourastrapuram First Street Ward 90, 4.Madurai(C) Avaniapuram (Tp)Thangavel Rastha Ward 90, 5.Madurai(C) Avaniapuram (Tp)Meenakshi Nagar Main Road Ward 91,",All Voters,Sri Durga and Nursery and Primary School,South side South Portion Avaniyapuram,tamilaga vettri kazhagam,411,165,246,all india anna dravida munnetra kazhagam,2,4,3,8,12,7,1,6,12,12,5,8,12,12,8,8,32.36842105263158,3
218,62,20,150,0,1,0,0,247,0,0,0,0,1,0,0,481,0,1,482,0,218,"Good Luck Matriculations School, Main Building, Office
Room Back Side, North Facing, Avaniyapuram - 625012","1.Madurai(C) Avaniapuram (Tp) M.G.R.Street, Ganapathi Nagar Ward 91",All Voters,"Good Luck Matriculations School, Main Building, Office
Room Back Side, North Facing",Avaniyapuram - 625012,tamilaga vettri kazhagam,247,150,97,all india anna dravida munnetra kazhagam,2,4,3,8,8,5,1,8,8,8,5,8,8,5,8,8,20.16632016632017,1
219,101,12,74,0,0,0,1,182,0,0,0,1,0,0,2,373,0,4,377,0,219,"Good Luck Matriculations School, Main Building, UKG Class Room, Avaniyapuram - 625012","1.Madurai(C) Avaniapuram (Tp) Meenakshi Nagar 9th Street Ward 91,
2.Madurai (C) Avaniapuram(Tp) Jeganathan Street Ward 91,
3.Madurai (C) Avaniapuram(Tp) Kaliamman Kovil Street Ward 91,
4.Madurai (C) Avaniapuram(Tp) Kaliamal Street, Ganapathi Nagar Ward 91",All Voters,"Good Luck Matriculations School, Main Building, UKG Class Room",Avaniyapuram - 625012,tamilaga vettri kazhagam,182,101,81,dravida munnetra kazhagam,3,4,2,9,9,9,1,7,9,9,5,9,7,9,9,6,21.71581769436997,3
220,175,13,93,0,1,0,3,322,1,0,2,0,0,0,0,610,0,3,613,0,220,"Koodakovil Nachippa Nadar Guruvammal Matriculation School ,Middle Building, Centre Portion (south), Avaniapuram-625012","1.Madurai (C) Avaniapuram (TP) Meenakshi Nagar Main Road Ward 91,
2.Madurai (C) Avaniapuram (TP) Chockalingam 1st Street Ward 91,
3.Madurai (C) Avaniapuram (TP) Vilakku Street 90,
4.Madurai (C) Avaniapuram (TP) Sanga Viniyagar Street Ward 90,
5.Madurai (C) Avaniapuram (TP) Nadanagopal Street Flat No1 Ward 91
6.Madurai (C) Avaniapuram(Tp) Meenakshi Nagar 5th Street Ward 91 7.Madurai(C) Avaniapuram (Tp) Meenakshi Nagar 1st Cross Street Ward 91",All Voters,"Koodakovil Nachippa Nadar Guruvammal Matriculation School ,Middle Building, Centre Portion (south)",Avaniapuram-625012,tamilaga vettri kazhagam,322,175,147,dravida munnetra kazhagam,3,4,2,10,10,8,1,5,8,10,5,7,10,10,10,10,24.0983606557377,2
221,139,29,145,0,0,0,2,323,1,0,1,0,0,0,0,640,0,3,643,0,221,"Koodakovilnachiappa Nadar Guruvammal Matriculation School, Middle Building North Side Avaniyapuram-625012","1.Madurai (C) Avaniapuram (TP) Kathirvel 2nd Street Ward 90 2.Avaniapuram (TP) Meenakshi Nagar 4Th Street Ward 91,
3..Madurai (C) Avaniapuram (TP) M.G.R. Street, Sonaisamy Lane Ward 91,",All Voters,Koodakovilnachiappa Nadar Guruvammal Matriculation School,Middle Building North Side Avaniyapuram-625012,tamilaga vettri kazhagam,323,145,178,all india anna dravida munnetra kazhagam,2,4,3,9,9,9,1,6,7,9,5,7,9,9,9,9,27.8125,1
222,180,47,125,2,0,1,3,477,2,0,1,0,0,0,1,839,0,0,839,0,222,"Zion Good Shepherd Matric Hr Sec School, Right II Std B Section, Aruppukkotai Main Road, Avaniapuram-625012","1 - Madurai (C) Avaniyapuram (TP), Parasakthi Nagar Ward 91 (S.No.1 to 1026)",All Voters,"Zion Good Shepherd Matric Hr Sec School, Right II Std B Section, Aruppukkotai Main Road",Avaniapuram-625012,tamilaga vettri kazhagam,477,180,297,dravida munnetra kazhagam,3,4,2,8,6,11,1,5,6,11,11,8,11,11,11,8,35.39928486293206,2
223,248,53,119,1,0,0,3,439,2,0,0,0,0,1,0,866,0,5,871,0,223,"Zion Good Shepherd Matric Hr Sec School, I Std Class Room,
Aruppukkottai Main Road, Avaniapuram-625012","1 - Madurai (C) Avaniyapuram (TP), Parasakthi Nagar Ward 91 (S.No.1027 to 1526)
2.Madurai (C) Avaniapuram (TP) Parasakthi Nagar(Mamen Colony Ward 91",All Voters,"Zion Good Shepherd Matric Hr Sec School, I Std Class Room,
Aruppukkottai Main Road",Avaniapuram-625012,tamilaga vettri kazhagam,439,248,191,dravida munnetra kazhagam,3,4,2,10,8,10,1,6,7,10,5,10,10,10,8,10,22.0554272517321,1
224,146,28,169,0,1,0,2,276,0,0,0,1,0,2,0,625,0,2,627,0,224,"Pt Union Middle School, Western Building, Northern Portion,
Sankaranayar Street, Avaniyapuram -625012","1.Madurai (C) Avaniapuram (TP) Vasuki Street Ward 91,
2.Madurai (C) Avaniapuram (TP) Vasuki Street (Nethaji Street) Ward 91",All Voters,"Pt Union Middle School, Western Building, Northern Portion,
Sankaranayar Street",Avaniyapuram -625012,tamilaga vettri kazhagam,276,169,107,all india anna dravida munnetra kazhagam,2,4,3,10,10,8,1,5,10,10,5,10,8,10,5,10,17.12,3
225,165,40,141,0,1,1,4,281,0,0,1,0,1,0,0,635,0,4,639,0,225,"Pt Union Middle School ,South Building, North Facing, left Side, Sankaranaiar Street, Avaniyapuram -625012","1.Madurai (C) Avaniapuram (TP) Ravindiran Street, Parasakthi Nagar Ward 91
2.Madurai (C) Avaniapuram (TP) V.O.C. Street, Parasakthi Nagar Ward 91,
3.Madurai (C) Avaniapuram (TP) Asad Street Ganapathy Nagar Ward 91,
4.Madurai (C) Avaniapuram (TP) Nagammal Street, Ganapthy Nagar Ward 91
5.Madurai (C) Avaniapuram (TP) Om Sakthi Nagar Ward 91 ,",All Voters,"Pt Union Middle School ,South Building, North Facing, left Side, Sankaranaiar Street",Avaniyapuram -625012,tamilaga vettri kazhagam,281,165,116,dravida munnetra kazhagam,3,4,2,7,11,7,1,5,11,11,5,7,11,7,11,11,18.26771653543307,2
226,138,29,135,0,0,0,1,317,0,0,0,0,0,1,0,621,0,1,622,0,226,"Pt Union Middle School ,North Side, Middle Building, West Facing, Sankaranaiar Street, Avaniyapuram -625012","1.Madurai (C) Avaniapuram (TP) Ashok Street, Ganapthy Nagar Ward 91 ,
2.Madurai (C) Avaniapuram (TP) Meenakshi Nagar Sixth East Cross Street Ward 91 ,
3.Madurai (C) Avaniapuram (TP) Meenashi Nagar 7Th East Cross Street Ward91
4.Madurai (C) Avaniapuram (TP) Meenakshi Nagar Eight East Cross Street Ward 91 ,
5.Madurai (C) Avaniapuram (TP) Kathirvel Nagar, First Street Villapuram Ward 90
6.Madurai (C) Avaniyapuram (Tp) Thirumalai Street Ward 91,",All Voters,"Pt Union Middle School ,North Side, Middle Building, West Facing, Sankaranaiar Street",Avaniyapuram -625012,tamilaga vettri kazhagam,317,138,179,dravida munnetra kazhagam,3,4,2,8,8,8,1,5,8,8,5,8,8,8,5,8,28.82447665056361,1
227,109,31,134,0,1,0,3,322,0,1,1,0,0,0,0,602,0,9,611,0,227,"Pt Union Middle School, West building Northern Portion North side room, Sankaranayar Street, Avaniyapuram- 625012","1.Madurai (C) Avaniapuram (TP) Kamarajar Street, Villapuram Ward 90 ,
2.Madurai (C) Avaniyapuram (Tp) Bagavath Singh Street Ward 91,1.Madurai (C) 3vaniapuram (TP) Morarji Street, Parasakthi Nagar Ward 91 ,
4.Madurai (C) Avaniapuram (TP) Ganapathy Nagar Main Ward 91,",All Voters,"Pt Union Middle School, West building Northern Portion North side room, Sankaranayar Street",Avaniyapuram- 625012,tamilaga vettri kazhagam,322,134,188,all india anna dravida munnetra kazhagam,2,4,3,10,10,7,1,6,10,7,5,7,10,10,10,10,31.22923588039867,1
228,135,34,177,0,0,1,2,371,0,0,0,0,0,0,0,720,0,6,726,0,228,"Koodakovil Nachippa Nadar Guruvammal Matriculation School ,Western Side South Portion (south), Avaniapuram-625012","1.Madurai (C) Avaniapuram (TP) Palanimuthu Nagar 10th Street Ward 91,
2.Madurai (C) Avaniapuram (TP) Manimegalai Street Ward 91,
3.Madurai (C) Avaniapuram (TP) Gajalakshmi First Street Ward 91,
4.Madurai (C) Avaniapuram (TP) Gajalakshmi Second Street Ward 91,
5.Madurai (C) Avaniapuram (TP) Annai Abirami Street Ward 91
6.Madurai (C) Avaniapuram (TP) Raja Street Ward 91",All Voters,"Koodakovil Nachippa Nadar Guruvammal Matriculation School ,Western Side South Portion (south)",Avaniapuram-625012,tamilaga vettri kazhagam,371,177,194,all india anna dravida munnetra kazhagam,2,4,3,7,8,8,1,6,8,8,5,8,8,8,8,8,26.94444444444444,0
229,105,33,188,0,0,1,1,262,0,0,0,0,1,0,1,592,0,3,595,0,229,"Pt Union Middle School, Middle Building, South Side, West Facing Sankaranaiar Street, Avaniyapuram Sankaranayar Street, Avaniyapuram -625012","1.Madurai (C) Avaniyapuram (Tp) Thiruvalluvar Street Ward 91,
2.Madurai (C) Avaniyapuram (Tp) Veera Sivaji Street Ward 91,
3.Madurai (C) Avaniyapuram (Tp) Nehru Street Ward 91,
4.Madurai (C) Avaniyapuram (Tp) Parameswari Amman Kovil Street Ward 91,
5.Madurai (C) Avaniyapuram (Tp) Thiruvalluvar 1st Street Cross Street (Sindu Nathi Street) Ward 91,
6.Madurai (C) Avaniyapuram (Tp) Manikandan Street Ward 91,
7.Madurai (C) Avaniyapuram (Tp) Seshadri Street Ward 91",All Voters,"Pt Union Middle School, Middle Building, South Side, West Facing Sankaranaiar Street, Avaniyapuram Sankaranayar Street",Avaniyapuram -625012,tamilaga vettri kazhagam,262,188,74,all india anna dravida munnetra kazhagam,2,4,3,6,10,10,1,6,10,10,5,10,10,6,10,6,12.5,2
230,298,51,91,2,16,0,0,302,1,0,0,2,1,1,1,766,0,4,770,0,230,"B M S Vidyalaya Matriculation School ,East Building 1std, B Sec Room, Thirupparankundram Road, Avaniapuram-625012","1.Madurai (C) Avaniapuram (TP) Sevantheswaran Kovil Ward 100, 2.Madurai(C) Avaniapuram (TP) Poochi 1st Street Ward 100,
3.Madurai (C) Avaniapuram (TP) Poochi 2nd Street Ward 100,
4.Madurai (C) Avaniapuram (TP) Manthai Vannan Street Ward 100,
5.Madurai (C) Avaniapuram (TP) VelayI Amman Street Ward 100, 6.Madurai(C) Avaniapuram (TP) Poosar Andi Street Ward 100,
7.Madurai (C) Avaniapuram (TP) Amman Kondadi Street Ward 100,
8.Madurai (C) Avaniapuram (TP) Andi Street Ward 100,
9.Madurai (C) Avaniapuram (TP) Ponnusamy Street Ward 100,",All Voters,"B M S Vidyalaya Matriculation School ,East Building 1std, B Sec Room, Thirupparankundram Road",Avaniapuram-625012,tamilaga vettri kazhagam,302,298,4,dravida munnetra kazhagam,3,4,2,13,7,5,1,13,9,13,6,13,7,9,9,9,0.5221932114882507,5
231,134,32,139,0,1,0,0,259,0,0,0,0,0,0,0,565,0,2,567,0,231,"B M S Vidyalaya Matriculation School ,East Building 2std, B Sec Room, Thirupparankundram Road, Avaniapuram-625012","1.Madurai (C) Avaniapuram (TP) Periyar Nagar 2nd Street Ward 100,
2 - Madurai (C) Avaniyapuram (TP), Byepass Road Ward 100 (S.No.1 to 700)",All Voters,"B M S Vidyalaya Matriculation School ,East Building 2std, B Sec Room, Thirupparankundram Road",Avaniapuram-625012,tamilaga vettri kazhagam,259,139,120,all india anna dravida munnetra kazhagam,2,4,3,7,7,6,1,7,7,7,5,7,7,7,7,7,21.23893805309735,0
232,124,41,173,0,0,0,0,292,0,0,0,0,0,0,0,630,0,6,636,0,232,"B M S Vidyalaya Matriculation School, North facing Room No-10, Thirupparankundram road, Avaniyapuram, 625012","1 - Madurai (C) Avaniyapuram (TP), Byepass Road Ward 100 (S.No.701 to 1426)
2.Madurai (C) Avaniapuram (TP) Alagappan Street Ward 100,",All Voters,"B M S Vidyalaya Matriculation School, North facing Room No-10, Thirupparankundram road, Avaniyapuram",625012,tamilaga vettri kazhagam,292,173,119,all india anna dravida munnetra kazhagam,2,4,3,6,6,6,1,6,6,6,5,6,6,6,6,6,18.88888888888889,0
233,229,38,129,1,1,2,2,291,0,0,0,0,0,4,0,697,0,6,703,0,233,"Pt Union Middle School ,Eastern Side, Middle Portion, Sankara Nayar Street, Avaniapuram-625012","1.Madurai (C) Avaniyapuram (Tp)) MGM Nagar Ward 100,
2.Madurai (C) Avaniyapuram (Tp) Sempoorani Main Road Ward 100
3.Madurai (C) Avaniapuram (TP) Veppamarathu Street Ward 100,",All Voters,"Pt Union Middle School ,Eastern Side, Middle Portion, Sankara Nayar Street",Avaniapuram-625012,tamilaga vettri kazhagam,291,229,62,dravida munnetra kazhagam,3,4,2,7,9,9,1,7,11,11,5,11,11,11,6,11,8.895265423242469,4
234,141,30,108,0,0,1,4,321,0,1,0,0,0,0,0,606,0,4,610,1,234,"Pt Union Middle School, South side Center building West side
room, Sankaranayar Street, Avaniyapuram- 625012","2.Madurai (C) Avaniyapuram (Tp) High School Road Ward 100,
1.Madurai (C) Avaniyapuram (Tp) Marthupandiyar Street Ward 91,",All Voters,"Pt Union Middle School, South side Center building West side
room, Sankaranayar Street",Avaniyapuram- 625012,tamilaga vettri kazhagam,321,141,180,dravida munnetra kazhagam,3,4,2,7,9,9,1,5,9,7,5,9,9,9,9,9,29.7029702970297,0
235,240,49,96,0,0,0,1,288,0,1,4,0,0,0,0,679,0,2,681,0,235,"Pt Union Middle School, Western Side Northern Portion, Left Side Room Sankara Nayar Street, Avaniapuram-625012","1.Madurai (C) Avaniyapuram (Tp) Periyannan First Street Ward 100,
2.Madurai (C) Avaniyapuram (Tp) Periyannan Third Street Ward 100,
3.Madurai (C) Avaniyapuram (Tp) Paraiyar East Street Ward 100,
4.Madurai (C) Avaniyapuram (Tp) Periyannan Second Street Ward 100,
5.Madurai (C) Avaniyapuram (Tp) Thotti Lane Ward 100,
6.Madurai (C) Avaniyapuram (Tp) Sakkiliyar Street Ward 100,
7.Madurai (C) Avaniyapuram (Tp) Pudhu Street Ward 100
8.Madurai (C) Avaniapuram (TP) Kamaraj Nagar Ward 100,",All Voters,"Pt Union Middle School, Western Side Northern Portion, Left Side Room Sankara Nayar Street",Avaniapuram-625012,tamilaga vettri kazhagam,288,240,48,dravida munnetra kazhagam,3,4,2,9,9,9,1,7,9,7,6,5,9,9,9,9,7.069219440353461,4
236,236,36,62,0,0,0,2,206,0,0,0,0,0,0,0,542,0,3,545,0,236,"Pt Union Middle School, West Side building Southern Portion, Sankaranayar Street, Avaniyapuram- 625012","1.Madurai (C) Avaniyapuram (Tp) Poonthotta Nagar Ward 100 ,
2.Madurai (C) Avaniyapuram (Tp) Ambedhkar Nagar Ward 100 ,
3.Madurai (C) Avaniyapuram (Tp) Pazhani Street Ward 100,",All Voters,"Pt Union Middle School, West Side building Southern Portion, Sankaranayar Street",Avaniyapuram- 625012,dravida munnetra kazhagam,236,206,30,tamilaga vettri kazhagam,3,4,1,7,7,7,2,6,7,7,5,7,7,7,7,7,5.535055350553505,0
237,273,63,171,0,1,0,4,298,1,0,0,0,0,0,1,812,0,1,813,0,237,"Pt Union Middle School ,West Side Building, East Facing, Prasanna Colony, Avaniapuram-625012","1.Madurai (C) Avaniyapuram (Tp) Nadar South Street Ward 100,
2.Madurai (C) Avaniyapuram (Tp) Arujunan Nadar Lane Ward 100,
3.Madurai (C) Avaniyapuram (Tp) Nadar North Street Ward 100,
4.Madurai (C) Avaniyapuram (Tp) Pinnakkonari Chetti Lane Ward 100,
5.Madurai (C) Avaniyapuram (Tp) Edumba Nadar Lane Ward 100,
6.Madurai (C) Avaniyapuram (Tp) Pambaiyan Ambalam Street Ward 100
7.Madurai (C) Avaniyapuram (Tp) Kallar Street Ward 100,
8.Madurai (C) Avaniyapuram (Tp) Muthukumar Servai Street Ward 100,
9.Madurai (C) Avaniyapuram (Tp) Chokkalingam Ambalam Street Ward 100,
10.Madurai (C) Avaniyapuram (Tp) Kumar Chetti Lane Ward 100,
11.Madurai (C) Avaniyapuram (Tp) Paraiyar Street Ward 100
12.Madurai (C) Avaniyapuram (Tp) Avaniyapuram Main Road Ward 100",All Voters,"Pt Union Middle School ,West Side Building, East Facing, Prasanna Colony",Avaniapuram-625012,tamilaga vettri kazhagam,298,273,25,dravida munnetra kazhagam,3,4,2,10,10,6,1,5,6,10,6,10,10,10,10,6,3.078817733990148,1
238,174,37,192,0,0,0,2,356,0,0,2,1,1,0,0,765,0,1,766,0,238,"Pt Union Middle School, West Side Anganwadi Center, Prasanna Colony, Avaniapuram","1.Madurai (C) Avaniyapuram (Tp) Maruthappan Servai Lane Ward 100,
2.Madurai (C) Avaniyapuram (Tp) Muthukumar Cross Street Ward 100,
3.Madurai (C) Avaniyapuram (Tp) Kuruppa Thevan Street Main Road Ward 100
4.Madurai (C) Avaniyapuram (TP) Prasanna Colony 8th 2nd Cross Street Ward 100
5.Madurai (C) Avaniyapuram (TP) Prasanna Colony 8th 1st Cross Street Ward 100
6.Madurai (C) Avaniyapuram (Tp) N.S.K.Street. Ward 92,
7.Madurai (C) Avaniyapuram (Tp) Thiruppathi Nagar Ward 92,",All Voters,"Pt Union Middle School, West Side Anganwadi Center, Prasanna Colony",Avaniapuram,tamilaga vettri kazhagam,356,192,164,all india anna dravida munnetra kazhagam,2,4,3,10,10,10,1,5,10,10,7,5,7,7,10,10,21.43790849673202,4
239,140,36,114,1,2,0,3,188,0,0,0,2,0,1,0,487,0,2,489,0,239,"Government Higher Secondary School, North Side,East Portion, Centre Building Avaniapuram-625012","1.Madurai (C) Avaniyapuram (Tp) Neducnhalai Ward 100 ,
2.Madurai (C) Avaniyapuram (Tp) Mathalaikone Lane Ward 100,
3.Madurai (C) Avaniyapuram (Tp) Pambaiyakone Lane Ward 100,
4.Madurai (C) Avaniyapuram (Tp) Andikudumban Lane Ward 100,
5.Madurai (C) Avaniyapuram (Tp) Ramasamy Kone Kinatradi Lane Ward 100,
6.Madurai (C) Avaniyapuram (Tp) Pallar Kinatru Street Ward 100,
7.Madurai (C) Avaniyapuram (Tp) Kothala Street Ward 100,
8.Madurai (C) Avaniyapuram (Tp) Kandakone Lane Ward 100,",All Voters,"Government Higher Secondary School, North Side,East Portion",Centre Building Avaniapuram-625012,tamilaga vettri kazhagam,188,140,48,dravida munnetra kazhagam,3,4,2,11,9,6,1,5,11,11,6,11,6,11,9,11,9.856262833675565,3
240,206,66,143,1,0,1,2,284,2,0,3,0,0,1,0,709,0,2,711,0,240,"Government Higher Secondary School, North Side,West Portion, Avaniapuram-625012","1.Madurai (C) Avaniyapuram (Tp) Thiruvanantha Pillai Street Ward 100,
2.Madurai (C) Avaniyapuram (Tp) Rakappakone Lane Ward 100,
3.Madurai (C) Avaniyapuram (Tp) Indra Nagar Ward 100,
4.Madurai (C) Avaniyapuram (Tp) Muniyandi Kovil Street Ward 100,
5.Madurai (C) Avaniyapuram (Tp) Ganesapuram Ward 100,
6.Madurai (C) Avaniyapuram (Tp) Kallar Street Ward 100,
7.Madurai (C) Avaniyapuram (Tp) Muthukaruppan Kone Lane Ward 100,
8.Madurai (C) Avaniyapuram (Tp) Ayyanar Kovil Street Ward 100",All Voters,"Government Higher Secondary School, North Side,West Portion",Avaniapuram-625012,tamilaga vettri kazhagam,284,206,78,dravida munnetra kazhagam,3,4,2,9,9,12,1,6,6,12,6,5,12,12,9,12,11.00141043723554,4
241,230,35,122,0,10,1,3,278,0,0,0,0,0,0,2,681,0,3,684,0,241,"Pt Union Middle School, Additional Building, Southern Side, Eastern Portion, Prasanna Colony, Avaniapuram-625012","1.Madurai (C) Avaniapuram (P) Poonthotta Colony Ward 100,
2.Madurai (C) Avaniapuram (P) Sonai Samy Kovil Street Ward 100,
3.Madurai (C) Avaniapuram (P) Immanuel Nagar Ward 100,
4.Madurai (C) Avaniapuram (P) Ilango Street Ward 91,
5.Madurai (C) Avaniapuram (P) Airport Road Ward 100
6.Madurai (C) Avaniyapuram (Tp) Pudhu Street Ward 100,
7.Madurai (C) Avaniyapuram (Tp) Vetti Panaiyan Ambalam Street Ward 100",All Voters,"Pt Union Middle School, Additional Building, Southern Side, Eastern Portion, Prasanna Colony",Avaniapuram-625012,tamilaga vettri kazhagam,278,230,48,dravida munnetra kazhagam,3,4,2,9,10,5,1,6,10,10,6,10,10,10,10,8,7.048458149779736,2
242,230,67,207,3,3,2,6,379,4,6,2,2,3,4,4,922,0,7,929,0,242,"Pt Union Elementary School, South Building, East Side Ayanpappakudi -625012","1.Madurai (C) Avaniyapuram (TP) East Street , Vellaikal Ward 92
2.Madurai (C) Avaniyapuram (TP) Municipal Colony, Vellaikal Ward 92
3.Madurai (C) Avaniyapuram (TP) Middle Street, Vellaikal Ward 92
4.Madurai (C) Avaniyapuram (TP) West Street, Kalkulam Ward 92,
5.Madurai (C) Avaniyapuram (TP) North Street, Kalkulam Ward 92,",All Voters,"Pt Union Elementary School, South Building",East Side Ayanpappakudi -625012,tamilaga vettri kazhagam,379,230,149,dravida munnetra kazhagam,3,4,2,14,11,11,1,6,8,6,5,14,14,11,8,8,16.16052060737527,15
243,115,33,119,1,2,1,6,237,2,0,0,1,1,1,1,520,0,5,525,0,243,"Govt High School Main Building North Side Ayanppakudi -
625012",1.Madurai (C) Avaniyapuram(Tp) Dukkaram Ward 100,All Voters,"Govt High School Main Building North Side Ayanppakudi -
625012","Govt High School Main Building North Side Ayanppakudi -
625012",tamilaga vettri kazhagam,237,119,118,all india anna dravida munnetra kazhagam,2,4,3,9,9,7,1,5,7,15,6,15,9,9,9,9,22.69230769230769,4
244,173,35,85,1,0,0,2,172,0,1,0,0,0,1,0,470,0,1,471,0,244,"Govt High School Main Building North Side X Std A Sec Class room, Ayanpappakdui - 625012","1.Madurai (C) Avaniapuram (TP) Mela Pudu Street Ward 100 ,
2.Madurai (C) Avaniapuram (TP) Samiyar Kinatru Lane Ward 100,
3.Madurai (C) Avaniapuram (TP) Poosari Udaiyar Lane Ward 100,
4.Madurai (C) Avaniapuram (TP) Vellachi Lane Ward100,
5.Madurai (C) Avaniapuram (TP) Thikai Kanthan Lane Ward 100,
6.Madurai (C) Avaniapuram (TP) Nedunchalai Avaniyapuram Ward 92,
7.Madurai (C) Avaniapuram (TP) Kanmaikarai Pathai Avaniyapuram Ward 100",All Voters,Govt High School Main Building North Side X Std A Sec Class room,Ayanpappakdui - 625012,dravida munnetra kazhagam,173,172,1,tamilaga vettri kazhagam,3,4,1,10,6,10,2,5,10,6,6,10,10,10,6,10,0.2127659574468085,1
245,65,13,149,0,1,1,2,308,0,0,0,0,0,1,0,540,0,1,541,0,245,"Sri Suriya Nursury School, Avaniyapuram -625012","1.Madurai (C) Avaniyapuram (TP) Prasanna Colony 1st Street Ward 100,
2.Madurai (C) Avaniyapuram (TP) Prasanna Colony 2nd Street Ward 100,
3.Madurai (C) Avaniyapuram (TP) Prasanna Colony 4th Street Ward 100,",All Voters,Sri Suriya Nursury School,Avaniyapuram -625012,tamilaga vettri kazhagam,308,149,159,all india anna dravida munnetra kazhagam,2,4,3,6,10,6,1,5,10,10,6,10,10,10,6,10,29.44444444444445,1
246,70,14,163,1,0,1,1,244,0,0,0,0,0,1,0,495,0,0,495,0,246,"Sri Surya Nursery School west Building South Portion, Avaniyapuram","1.Madurai (C) Avaniyapuram (TP) Prasanna Colony 3rd Street Ward 100,
2.Madurai (C) Avaniyapuram (TP) Prasanna Colony 6th Street Ward 100
3.Madurai (C) Avaniapuram (Tp) Velan Chetti 1st Street Ward 92,",All Voters,Sri Surya Nursery School west Building South Portion,Avaniyapuram,tamilaga vettri kazhagam,244,163,81,all india anna dravida munnetra kazhagam,2,4,3,5,5,9,1,5,9,9,9,9,9,9,5,9,16.36363636363636,1
247,101,30,212,1,0,1,1,371,1,3,0,0,1,2,0,724,0,2,726,0,247,"Pt Union Elementary School, Center East Building, West Side Ayanpappakudi -625012","1.Madurai (C) Avaniyapuram (TP) Prasanna Colony 7th Street Ward 100,
2.Madurai (C) Avaniyapuram (TP) Municipal Colony Ward 100,
3.Madurai (C) Avaniyapuram (TP) Aruppukottai Main Road Ward 100",All Voters,"Pt Union Elementary School, Center East Building",West Side Ayanpappakudi -625012,tamilaga vettri kazhagam,371,212,159,all india anna dravida munnetra kazhagam,2,4,3,8,8,13,1,8,8,5,6,13,13,8,6,13,21.96132596685083,3
248,147,21,239,3,0,0,1,438,1,0,1,2,0,1,0,854,0,6,860,0,248,"Panchayat Union Middle School, South Building, East Portion, Prasanna Colony, Avaniapuram - 625012","1.Madurai (C) Avaniyapuram (TP) Prasanna Colony 8th Street Ward 100,
2.Madurai (C) Avaniyapuram (TP) Prasanna Colony 8th 3rd Cross Street Ward 100
3.Madurai (C) Avaniyapuram (TP) Prasanna Colony 9th Street Ward 100",All Voters,"Panchayat Union Middle School, South Building, East Portion, Prasanna Colony",Avaniapuram - 625012,tamilaga vettri kazhagam,438,239,199,all india anna dravida munnetra kazhagam,2,4,3,12,6,12,1,8,8,12,5,8,7,12,8,12,23.30210772833724,4
249,188,57,202,1,0,1,4,364,1,0,2,0,0,3,1,824,0,4,828,0,249,"Pt Union Elementary School, North Building, Center Portion Ayanpappakudi -625012","1.Madurai (C) Avaniapuram (Tp) Prasanna Colony 9th 2nd Cross Street Ward 100 2Madurai (C) Avaniapuram (Tp) Prasanna Colony 9th 3rd Cross Street Ward 100 3Madurai (C) Avaniapuram (Tp) Prasanna Colony 9th 4th Cross Street Ward 100
4.Madurai (C) Avaniapuram (Tp) Prasanna Colony 9th 5th Cross Street Ward 100
5.Madurai (C) Avaniapuram (Tp) Prasanna Colony 9th 6th Cross Street Ward 100
6.Madurai (C) Avaniapuram (Tp) Prasanna Colony Bharathiar 1st Street Ward 100
7.Madurai (C) Avaniapuram (Tp) Prasanna Colony Bharathiar 2nd Street Ward 100
8.Madurai (C) Avaniapuram (Tp) Prasanna Colony Bharathiar 3rd Street Ward 100
9.Madurai (C) Avaniapuram (Tp) Prasanna Colony Nesavalar Street Ward 100,
10.Madurai (C) Avaniapuram (Tp) Prasanna Colony 5th 1st South Cross Street Ward 100,
11.Madurai (C) Avaniapuram (Tp) Bharathiar Street Ward 100",All Voters,"Pt Union Elementary School, North Building",Center Portion Ayanpappakudi -625012,tamilaga vettri kazhagam,364,202,162,all india anna dravida munnetra kazhagam,2,4,3,9,9,13,1,5,9,13,5,8,13,13,7,9,19.66019417475728,6
250,167,54,170,0,0,1,2,417,1,0,0,0,0,5,0,817,0,3,820,0,250,"BMS Vidhyalaya Matric School, South Side Middle Portion, Room No 3 Thiruparankundram Road Avaniyapuram-625012","1.Madurai (C) Avaniapuram (P) Sadu Subbiah Pillai Street Ward 100,
2.Madurai (C) Avaniapuram (Tp) Chinnaian Chetti Lane Ward 92,
3.Madurai (C) Avaniapuram (Tp) Bahavadar Street Ward 92,
4.Madurai (C) Avaniapuram (Tp) Appavu Kinatru Lane Ward 100,
5.Madurai (C) Avaniapuram (Tp) Soneri Chetti Lane Ward 100,
6.Madurai (C) Avaniapuram (Tp) Venkateshan Chetti Lane Ward 100,
7.Madurai (C) Avaniapuram (Tp) Rajapandi Thevar Street Ward 92,
8.Madurai (C) Avaniapuram (Tp) J.P.Nagar Ward 100,",All Voters,"BMS Vidhyalaya Matric School, South Side Middle Portion",Room No 3 Thiruparankundram Road Avaniyapuram-625012,tamilaga vettri kazhagam,417,170,247,all india anna dravida munnetra kazhagam,2,4,3,8,10,10,1,7,8,10,6,10,10,10,5,10,30.23255813953488,5
251,116,37,161,0,1,0,5,322,0,0,0,0,0,1,0,643,0,1,644,0,251,"B M S Vidyalaya Matriculation School, West side, Room No-17, Thirupparankundram road, Avaniyapuram, 625012","1.Madurai (C) Avaniapuram (Tp) Agraharam Ward 92,
2.Madurai (C) Avaniapuram (Tp) Ponnamal Compound Ward 92,
3.Madurai (C) Avaniapuram (Tp) Muthalamman Kovil Street Ward 92,
4.Madurai (C) Avaniapuram (Tp) Naga Venkitiyan Lane Ward 92,
5.Madurai (C) Avanyapuram (TP) Mottai Arasu Street Ward 92
6.Madurai (C) Avanyapuram (TP) Gurunathan Koil Street Ward 92",All Voters,"B M S Vidyalaya Matriculation School, West side, Room No-17, Thirupparankundram road, Avaniyapuram",625012,tamilaga vettri kazhagam,322,161,161,all india anna dravida munnetra kazhagam,2,4,3,9,9,6,1,5,9,9,6,9,9,9,6,9,25.0388802488336,1
252,217,60,159,0,0,0,3,411,0,2,0,1,1,0,0,854,0,1,855,0,252,"A Sankara Narayana Nadar Matric Hr Sec School, North Old Building LKG - A Sec Class Room Thirupparankundram Road,Avaniyapuram,Madurai-625012","1.Madurai (C) Avaniapuram (Tp) Maninagaram Ward 100,
2.Madurai (C) Avaniapuram (Tp) Kumarasamy Street Ward 92,
3.Madurai (C) Avaniapuram (Tp) Manthai Street Ward 92,
4.Madurai (C) Avaniapuram (Tp) Sundarrajan Mettu Street Ward 92,
5.Madurai (C) Avaniapuram (Tp) Kalaithevan Lane Ward 92,
6.Madurai (C) Avaniapuram (Tp) Gurusamy Servai Lane Ward 92,
7.Madurai (C) Avaniapuram (Tp) Gopal Chetti Street Ward 92,
8.Madurai (C) Avaniapuram (Tp) Konar Street Ward 92,
9.Madurai (C) Avaniapuram (Tp) Sankaran Chetti Street Ward 92
10.Madurai (C) Avaniyapuram (TP) Purasaradi Road Ward 92 ,",All Voters,"A Sankara Narayana Nadar Matric Hr Sec School, North Old Building LKG - A Sec Class Room Thirupparankundram Road,Avaniyapuram",Madurai-625012,tamilaga vettri kazhagam,411,217,194,dravida munnetra kazhagam,3,4,2,10,10,10,1,5,10,6,7,10,7,7,10,10,22.71662763466042,2
253,274,49,139,1,0,1,2,310,0,0,0,0,0,2,1,779,0,7,786,0,253,"A Sankara Narayana Nadar Matric Hr Sec School, North Old Building LKG- C Sec Class Room Thirupparankundram Road,Avaniyapuram-625012","1.Madurai (C) Avaniapuram (Tp) Kannayi Street Ward 92,
2.Madurai (C) Avaniapuram (Tp) Vandari Konari Chetti Street Ward 92,
3.Madurai (C) Avaniapuram (Tp) Ponnammal Street Ward 92,
4.Madurai (C) Avaniapuram (Tp) Agrahara Back Side Lane Ward 92,
5.Madurai (C) Avaniapuram (Tp) Ottamarathu Lane Ward 92,
6.Madurai (C) Avaniapuram (Tp) Gurunathan Kovil Street Ward 92,
7.Madurai (C) Avaniapuram (Tp) Sankaranayar Street Ward 92,
8.Madurai (C) Avaniapuram (Tp) Kaveriya Pillai Lane Ward 92,
9.Madurai (C) Avaniapuram (Tp) Vannar Lane Ward 92,
10.Madurai (C) Avaniapuram (Tp) Edaiyar Lane Ward 92,
11.Madurai (C) Avaniapuram (Tp) Sadayappa Pillai Lane Ward 92
12.Madurai (C) Avaniapuram (Tp) Kantha Nayakkar Lane Konar Street Ward92,
13.Madurai (C) Avaniapuram (Tp) Kanaku Pillai Street Ward 92,
14.Madurai (C) Avaniapuram (Tp)) Kinatradi Lane Ward 92,
15.Madurai (C) Avaniapuram (Tp) Veerapillai Lane Ward 92,",All Voters,"A Sankara Narayana Nadar Matric Hr Sec School, North Old Building LKG- C Sec Class Room Thirupparankundram Road",Avaniyapuram-625012,tamilaga vettri kazhagam,310,274,36,dravida munnetra kazhagam,3,4,2,8,8,11,1,6,11,11,5,11,11,11,6,8,4.621309370988447,3
254,180,26,110,1,2,0,1,295,0,0,0,0,0,2,0,617,0,1,618,0,254,"B M S Vidyalaya Matric School, Western Side Middle Portion, Thirupparankundram Road, Avaniapuram -625012","1.Madurai (C) Avanyapuram (TP) Rakkakkone Lane Ward 92
2.Madurai (C) Avanyapuram (TP) Panchayat Board Colony Highways Ward 92
3.Madurai (C) Avanyapuram (TP) Eswaran Kovil Street Ward 92
4.Madurai (C) Avanyapuram (TP) Sithan Kovil Street Ward 92
5.Madurai (C) Avanyapuram (TP) Kodangi Lane Ward 92
6.Madurai (C) Avaniapuram (TP) Pallar Mettu Street Ward 100,",All Voters,"B M S Vidyalaya Matric School, Western Side Middle Portion, Thirupparankundram Road",Avaniapuram -625012,tamilaga vettri kazhagam,295,180,115,dravida munnetra kazhagam,3,4,2,10,7,5,1,7,10,10,7,10,10,10,5,10,18.6385737439222,2
255,234,66,150,0,2,0,4,251,0,1,0,0,0,2,1,711,0,6,717,0,255,"A Sankara Narayana Nadar Matric Hr Sec School, North Old Building UKG -A Sec Class Room Thirupparankundram Road,Avaniyapuram,Madurai-625012","1.Madurai (C) Avanyapuram (TP) Anna Nagar Ward 92
2.Madurai (C) Avanyapuram (TP) Arunagirinathar Kovil Street Ward 100
3.Madurai (C) Avanyapuram (TP) Karuthan Servai Street Ward 100,
4.Madurai (C) Avanyapuram (TP) E.B. Colony Ward 92",All Voters,"A Sankara Narayana Nadar Matric Hr Sec School, North Old Building UKG -A Sec Class Room Thirupparankundram Road,Avaniyapuram",Madurai-625012,tamilaga vettri kazhagam,251,234,17,dravida munnetra kazhagam,3,4,2,11,11,7,1,6,11,9,5,11,11,11,7,9,2.390998593530239,3
256,182,35,194,1,1,0,1,365,1,0,0,0,0,1,0,781,0,2,783,0,256,"A Sankara Narayana Nadar Matric Hr Sec School, North Old Building UKG - B Sec Class Room Thirupparankundram Road, Avaniyapuram, Madurai-625012","1.Madurai (C) Avanyapuram (TP) Sakthi Eswari 1st Street Ward 92,
2.Madurai (C) Avanyapuram (TP) Sakthi Eswari 2nd Street Ward 92,
3.Madurai (C) Avanyapuram (TP) Police Line Nagar Ward 92,
4.Madurai (C) Avaniapuram (Tp) Markandasamy Kovil Street Ward 100,
5.Madurai (C) Avaniapuram (Tp) J.P.Nagar Ward 100
6.Madurai (C) Avaniapuram (Tp) Potrakki Lane Konar Street Ward 92",All Voters,"A Sankara Narayana Nadar Matric Hr Sec School, North Old Building UKG - B Sec Class Room Thirupparankundram Road, Avaniyapuram",Madurai-625012,tamilaga vettri kazhagam,365,194,171,all india anna dravida munnetra kazhagam,2,4,3,11,6,6,1,6,6,11,5,11,11,11,6,11,21.89500640204865,1
257,157,35,84,0,1,1,4,247,1,0,0,0,0,1,0,531,0,2,533,0,257,"Jegan Nursery & Primary School ,West Portion Periyasamy Nagar Avaniyapuram-625012","1.Madurai (C) Avaniapuram (Tp) Periyasamy Nagar 1st Street Ward 92,
2.Madurai (C) Avaniapuram (Tp) Periyasamy Nagar 2nd Street Ward 92,
3.Madurai (C) Avaniapuram (Tp) Periyasamy Nagar 3rd Street Ward 92,",All Voters,Jegan Nursery & Primary School,West Portion Periyasamy Nagar Avaniyapuram-625012,tamilaga vettri kazhagam,247,157,90,dravida munnetra kazhagam,3,4,2,7,11,7,1,5,7,11,6,11,11,11,7,11,16.94915254237288,1
258,108,27,79,0,0,0,1,175,0,0,0,0,0,2,1,393,0,1,394,0,258,"Jegan Nursery & Primary School, West side Staff room, Periyasamy Nagar Avaniyapuram","1.Madurai(C) Avaniapuram (Tp) Periyasamy Nagar 5th Street Ward 92, 2.Madurai(C) Avaniapuram (Tp) Periyasamy Nagar 10th Street Ward 92, 3.Madurai(C) Avaniyapuram (TP) Gurunathan Kovil Street Ward 92, 4.Madurai(C) Avaniapuram (Tp) Gurunathan Kovil South Street Ward 92",All Voters,"Jegan Nursery & Primary School, West side Staff room",Periyasamy Nagar Avaniyapuram,tamilaga vettri kazhagam,175,108,67,dravida munnetra kazhagam,3,4,2,9,9,9,1,6,9,9,6,9,9,9,5,6,17.04834605597964,3
259,176,43,171,1,0,2,4,317,0,1,0,0,0,2,0,717,0,2,719,0,259,"Pt Union Middle School ,East Side Building, North Portion, Prasanna Colony, Avaniapuram -625012","1.Madurai (C) Avaniyapuram (Tp) Periyasamy Nagar 8th Street Ward 92,
2.Madurai (C) Avaniyapuram (Tp) Periyasamy Nagar 9th Street Ward 92,
3.Madurai (C) Avaniyapuram (Tp) Periyasamy Nagar,4th Street Ward 92
4.Madurai (C) Avaniyapuram (TP) Periyasamy Nagar 7th Street Ward 92,",All Voters,"Pt Union Middle School ,East Side Building, North Portion, Prasanna Colony",Avaniapuram -625012,tamilaga vettri kazhagam,317,176,141,dravida munnetra kazhagam,3,4,2,6,9,11,1,5,11,9,6,11,11,11,6,11,19.6652719665272,2
260,252,41,129,0,3,0,2,409,0,0,0,0,0,0,0,836,0,6,842,0,260,"Jegan Nursery & Primary School ,East Portion Periyasamy Nagar Avaniyapuram-625012","1.Madurai (C) Avaniyapuram (Tp) Periyasmy Nagar 12th Street Ward 92
2.Madurai (C) Avaniyapuram (Tp) Periyasamy Nagar Main Street Ward 92
3.Madurai (C) Avaniyapuram (Tp) Periyasamy Nagar 6th Street Ward 92
4.Madurai (C) Avaniyapuram (Tp) Periyasamy Nagar 13th Street Ward 92
5.Madurai (C) Avaniyapuram (Tp) T.P.K.Road.Ward 94
6.Madurai(C) Avaniapuram (TP) Muniyandi Edumpan Street Ward 100,
7.Madurai (C) Avaniapuram (TP) Mookan Edumpan Street Ward 100,
8.Madurai (C) Avaniapuram (TP) Manathan Lane Ward 100",All Voters,Jegan Nursery & Primary School,East Portion Periyasamy Nagar Avaniyapuram-625012,tamilaga vettri kazhagam,409,252,157,dravida munnetra kazhagam,3,4,2,8,8,6,1,7,8,8,5,8,8,8,8,8,18.7799043062201,0
261,297,16,191,1,0,0,3,335,2,0,2,0,0,3,1,851,0,3,854,0,261,"Panchayat Board Office, Chinna Anuppanadi-625009","1 - Madurai (C) Chinna Anuppanadi (R.V), Mettu Punjai Street Ward 89 (S.No.1 to 1080)",All Voters,Panchayat Board Office,Chinna Anuppanadi-625009,tamilaga vettri kazhagam,335,297,38,dravida munnetra kazhagam,3,4,2,12,10,12,1,5,8,12,5,8,12,12,5,10,4.465334900117509,6
262,220,25,192,0,1,1,7,428,2,5,0,0,1,0,1,883,0,6,889,0,262,"Women SAelf-Helf Group Centre ,Chinna Anuppanadi-625009","1.Madurai (C) Chinna Anuppanadi (R.V) Kaliyamman Kovil Main Road New Street Ward 89,
2.Madurai (C) Chinna Anuppanadi (R.V) Kaliamman Kovil Road New Street Ward 89 1 - Madurai (C) Chinna Anuppanadi (R.V), Anna Street Ward 89(S.No.456 to 681)",All Voters,Women SAelf-Helf Group Centre,Chinna Anuppanadi-625009,tamilaga vettri kazhagam,428,220,208,dravida munnetra kazhagam,3,4,2,9,13,9,1,5,8,7,6,13,13,9,13,9,23.55605889014722,2
263,285,33,191,2,1,0,2,339,0,1,0,0,0,2,0,856,0,3,859,0,263,"Corpration Building, South Facing Near Chinthamani VAO Office, Chinna Anuppanadi, 625009","1.Madurai (C) Chinna Anuppanadi (R.V) Durairaj Pillai Street Ward 89,
1. Madurai (C) Chinna Anuppanadi (R.V), Mettu Punjai Street Ward 89 (S.No.1081 to 1330)",All Voters,"Corpration Building, South Facing Near Chinthamani VAO Office, Chinna Anuppanadi",625009,tamilaga vettri kazhagam,339,285,54,dravida munnetra kazhagam,3,4,2,11,6,9,1,6,11,9,5,11,11,11,6,11,6.308411214953271,2
264,233,36,169,1,0,0,2,340,0,1,0,0,0,0,1,783,0,3,786,0,264,"Pt Union Middle School ,East Side Building, West Portion, North Facing, Chinthamani, 625009","1.Madurai (C) Chinna Anuppanadi (R.V) Bharathiyar Street, Anuppanadi Ward 89,
2.Madurai (C) Chinna Anuppanadi (R.V) Thiruvalluvar Street Ward 89,
3.Madurai(C) Chinthamani (R.V) Chinthamanii Main Road Chinna Anuppanadi Ward 89,",All Voters,"Pt Union Middle School ,East Side Building, West Portion, North Facing, Chinthamani",625009,tamilaga vettri kazhagam,340,233,107,dravida munnetra kazhagam,3,4,2,10,7,10,1,6,10,7,5,10,10,10,10,7,13.66538952745849,1
265,196,43,246,0,2,0,0,518,0,1,0,1,0,0,0,1007,0,4,1011,0,265,"Anganwadi Noon Meal Centre, Kaliyamman Kovil Street,
Chinna Anuppanadi-625009","1 - Madurai (C) Chinna Anuppanadi (R.V), Anna Street Ward 89 (S.No.1 to 455)
2.Madurai (C) Chinna Anuppanadi (R.V) Ganga Nagar Ward 88",All Voters,"Anganwadi Noon Meal Centre, Kaliyamman Kovil Street",Chinna Anuppanadi-625009,tamilaga vettri kazhagam,518,246,272,all india anna dravida munnetra kazhagam,2,4,3,9,9,6,1,9,9,7,5,9,7,9,9,9,27.01092353525323,1
266,231,51,166,0,10,1,0,339,0,0,0,1,0,0,0,799,0,3,802,0,266,"Sengunther Mudaliar Matriculation School ,Room No:1, Om Muruga Nagar, Anuppanadi, Chinthamani Road -625009","1.Madurai (C) Chinna Anuppanadi (R.V) Sonaiah Nagar Ward 88,
2.Madurai (C) Chinthamani (R.V) Ponnu Pillai Thoppu Ward 89 ,",All Voters,"Sengunther Mudaliar Matriculation School ,Room No:1, Om Muruga Nagar, Anuppanadi",Chinthamani Road -625009,tamilaga vettri kazhagam,339,231,108,dravida munnetra kazhagam,3,4,2,7,9,5,1,9,9,9,6,9,7,9,9,9,13.51689612015019,1
267,160,29,101,0,2,0,3,366,0,0,0,0,0,0,0,661,0,0,661,0,267,"Sengunther Mudaliar Matriculation School Left Side Room Om Muruga Nagar, Anuppanadi, Chinthamani Road -625009","1.Madurai (C) Chinna Anuppanadi (R.V) Kamarajar Street Ward 88, 2.Madurai(C) Chinthamani (R.V) Anupanadi Cross Road Ward 89, 3.Madurai(C) Chinthamani (R.V) Poombukar Nagar Ward 88
4 - Madurai(C) Chinthamani (R.V), Venopaji Nagar Ward 87",All Voters,"Sengunther Mudaliar Matriculation School Left Side Room Om Muruga Nagar, Anuppanadi",Chinthamani Road -625009,tamilaga vettri kazhagam,366,160,206,dravida munnetra kazhagam,3,4,2,7,7,6,1,5,7,7,7,7,7,7,7,7,31.16490166414523,0
268,168,61,162,0,0,0,1,431,1,0,0,1,1,3,0,829,0,2,831,0,268,"Sengunther Mudaliar Matriculation School ,Room No:2, Om Muruga Nagar, Anuppanadi, Chinthamani Road -625009",1.Madurai (C) Chinna Anuppanadi (R.V) Thai Nagar Ward 88,All Voters,"Sengunther Mudaliar Matriculation School ,Room No:2, Om Muruga Nagar, Anuppanadi",Chinthamani Road -625009,tamilaga vettri kazhagam,431,168,263,dravida munnetra kazhagam,3,4,2,11,11,11,1,7,7,11,6,11,7,7,5,11,31.72496984318456,5
269,187,27,127,3,0,1,3,433,3,1,0,1,0,3,1,790,0,3,793,0,269,"Pt Union Middle School, West Building, North Portion, West Facing, Chinthamani, 625009","1.Madurai (C) Chinna Anuppanadi (R.V) Teachers Street Ward 89,
2.Madurai (C) Chinna Anuppanadi (R.V) Vinayagar Street Ward 89 3.Madurai(C) Chinthamani (R.V) Muthukaruppa Pillai Colony Ward 89,",All Voters,"Pt Union Middle School, West Building, North Portion, West Facing, Chinthamani",625009,tamilaga vettri kazhagam,433,187,246,dravida munnetra kazhagam,3,4,2,10,5,14,1,5,5,10,5,14,10,14,5,10,31.13924050632911,5
270,186,42,132,0,2,1,6,341,0,0,2,0,0,2,0,714,0,3,717,0,270,"APT Durairaj Nadar Hr Sec School ,Hall No 12, New
Building Housing Board, Mela Anuppanadi -625009","1 - Madurai (C) Chinna Anuppanadi (R.V), Mela Anuppanadi Housing Board Colony Ward 87
(S.No.1 to 1041)",All Voters,"APT Durairaj Nadar Hr Sec School ,Hall No 12, New
Building Housing Board",Mela Anuppanadi -625009,tamilaga vettri kazhagam,341,186,155,dravida munnetra kazhagam,3,4,2,10,11,7,1,5,11,11,6,7,11,11,7,11,21.70868347338936,4
271,90,34,106,1,0,1,3,255,1,0,0,0,0,2,1,494,0,1,495,0,271,"Mother Therasa Matic Hr Sec School North Facing X- A Class Room Housing Board, Mela Anuppanadi -625009","1 - Madurai (C) Chinna Anuppanadi (R.V), Mela Anuppanadi Housing Board Colony Ward 87 (S.No.1 to 750)",All Voters,Mother Therasa Matic Hr Sec School North Facing X- A Class Room Housing Board,Mela Anuppanadi -625009,tamilaga vettri kazhagam,255,106,149,all india anna dravida munnetra kazhagam,2,4,3,7,7,12,1,5,7,12,7,12,12,12,6,7,30.16194331983806,3
272,100,31,93,0,0,0,3,321,0,1,1,0,0,1,0,551,0,2,553,1,272,"Mother Therasa Matic Hr Sec School North Facing X- B Class Room Housing Board, Mela Anuppanadi -625009","1 - Madurai (C) Chinna Anuppanadi (R.V), Mela Anuppanadi Housing Board Colony Ward 87 (S.No.751 to 1486)",All Voters,Mother Therasa Matic Hr Sec School North Facing X- B Class Room Housing Board,Mela Anuppanadi -625009,tamilaga vettri kazhagam,321,100,221,dravida munnetra kazhagam,3,4,2,10,10,10,1,5,10,7,6,7,10,10,7,10,40.10889292196007,2
273,171,38,153,0,1,0,11,325,0,0,3,0,0,0,0,702,0,4,706,0,273,"APT Durairaj Nadar Hr Sec School ,Hall No 2, New Building
Housing Board, Mela Anuppanadi -625009","1 - Madurai (C) Chinna Anuppanadi (R.V), Mela Anuppanadi Housing Board Colony Ward 87
(S.No.1 to 1014)",All Voters,"APT Durairaj Nadar Hr Sec School ,Hall No 2, New Building
Housing Board",Mela Anuppanadi -625009,tamilaga vettri kazhagam,325,171,154,dravida munnetra kazhagam,3,4,2,9,9,8,1,5,9,9,6,7,9,9,9,9,21.93732193732194,3
274,171,50,181,1,1,1,7,465,1,0,1,1,0,1,0,881,0,6,887,0,274,"APT Durairaj Nadar Hr Sec School ,Room No 14, New
Building Housing Board, Mela Anuppanadi -625009","1.Madurai (C) Chinna Anuppanadi (R.V) Mela Anuppanadi Housing Board Colony Ward 87,",All Voters,"APT Durairaj Nadar Hr Sec School ,Room No 14, New
Building Housing Board",Mela Anuppanadi -625009,tamilaga vettri kazhagam,465,181,284,all india anna dravida munnetra kazhagam,2,4,3,7,7,7,1,5,7,14,6,7,7,14,7,14,32.2360953461975,3
275,152,61,132,1,4,1,4,330,1,2,0,0,0,0,0,688,0,8,696,0,275,"APT Durairaj Nadar Hr Sec School ,East Building, South Portion, West Housing Board, Mela Anuppanadi -625009","1.Madurai (C) Chinna Anuppanadi (R.V) Mela Anuppanadi Housing Board Colony Ward 87,",All Voters,"APT Durairaj Nadar Hr Sec School ,East Building, South Portion, West Housing Board",Mela Anuppanadi -625009,tamilaga vettri kazhagam,330,152,178,dravida munnetra kazhagam,3,4,2,9,9,6,1,6,9,8,5,12,12,12,12,12,25.87209302325581,0
276,162,31,116,1,2,1,6,354,0,1,1,0,0,0,0,675,0,4,679,0,276,"APT Durairaj Nadar Hr Sec School ,East Building, South Portion, Left Side 12 B' Class Room Housing Board, Mela Anuppanadi -625009","1 - Madurai (C) Chinna Anuppanadi (R.V), Mela Anuppanadi Housing Board Colony Ward 87 (Part No 222 S.No.1042 to 1291), (Part No.224 S.No.1015 to 1264)
2.Madurai (C) Chinna Anuppanadi (R.V) Mela Anuppanadi Housing Board Colony Ward 87",All Voters,"APT Durairaj Nadar Hr Sec School ,East Building, South Portion, Left Side 12 B' Class Room Housing Board",Mela Anuppanadi -625009,tamilaga vettri kazhagam,354,162,192,dravida munnetra kazhagam,3,4,2,8,8,7,1,5,12,8,6,8,12,12,12,12,28.44444444444444,1
277,174,40,112,0,0,0,3,388,0,1,0,0,0,0,0,718,0,2,720,0,277,"APT Durairaj Nadar Hr Sec School ,Western Side, New
Building Housing Board, Mela Anuppanadi-625009","1 - Madurai (C) Chinna Anuppanadi (R.V), Mela Anuppanadi Housing Board Colony Ward 87
(S.No.1 to 957)",All Voters,"APT Durairaj Nadar Hr Sec School ,Western Side, New
Building Housing Board",Mela Anuppanadi-625009,tamilaga vettri kazhagam,388,174,214,dravida munnetra kazhagam,3,4,2,8,8,8,1,5,8,7,6,8,8,8,8,8,29.8050139275766,0
278,187,57,160,0,5,0,9,479,1,1,1,1,0,0,0,901,0,0,901,0,278,"APT Durairaj Nadar Hr Sec School ,North Side, East Building
Housing Board, Mela Anuppanadi-625009","1.1.Madurai (C) Chinna Anuppanadi (R.V) Mela Anuppanadi Housing Board Colony Ward 87,",All Voters,"APT Durairaj Nadar Hr Sec School ,North Side, East Building
Housing Board",Mela Anuppanadi-625009,tamilaga vettri kazhagam,479,187,292,dravida munnetra kazhagam,3,4,2,11,11,6,1,5,7,7,11,7,7,11,11,11,32.40843507214207,2
279,162,36,167,0,1,0,4,448,2,0,0,0,1,1,1,823,0,2,825,0,279,"APT Durairaj Nadar Hr Sec School ,North Building, Middle Portion, Housing Board, Mela Anuppanadi-625012-625009","1 - Madurai (C) Chinna Anuppanadi (R.V), Mela Anuppanadi Housing Board Colony Ward 87 (S.No.1 to 973)",All Voters,"APT Durairaj Nadar Hr Sec School ,North Building, Middle Portion, Housing Board",Mela Anuppanadi-625012-625009,tamilaga vettri kazhagam,448,167,281,all india anna dravida munnetra kazhagam,2,4,3,12,12,8,1,5,6,12,6,12,12,8,8,8,34.14337788578371,3
280,148,51,152,0,1,1,6,404,0,1,1,0,0,2,0,767,0,1,768,0,280,"APT Durairaj Nadar Hr Sec School ,North Building,Right Side Last Staff Portion St, Housing Board, Mela Anuppanadi-
625012-625009","1 - Madurai (C) Chinna Anuppanadi (R.V), Mela Anuppanadi Housing Board Colony Ward 87 (Part No.227.S.No.958 to 1357), (Part No.229.S.No.974 to 1473)",All Voters,"APT Durairaj Nadar Hr Sec School ,North Building,Right Side Last Staff Portion St, Housing Board","Mela Anuppanadi-
625012-625009",tamilaga vettri kazhagam,404,152,252,all india anna dravida munnetra kazhagam,2,4,3,7,12,7,1,5,12,7,7,7,12,12,6,12,32.85528031290743,3
281,225,64,139,0,0,0,18,455,0,0,0,0,0,2,1,904,0,4,908,0,281,"APT Durairaj Nadar Hr Sec School ,North Building East
Portion, Housing Board, Mela Anuppanadi-625009","1.1.Madurai (C) Chinna Anuppanadi (R.V) Mela Anuppanadi Housing Board Colony Ward 87,",All Voters,"APT Durairaj Nadar Hr Sec School ,North Building East
Portion, Housing Board",Mela Anuppanadi-625009,tamilaga vettri kazhagam,455,225,230,dravida munnetra kazhagam,3,4,2,9,9,9,1,5,9,9,6,9,9,9,7,8,25.4424778761062,3
282,185,52,156,1,10,0,2,403,0,2,0,0,1,1,0,813,0,7,820,0,282,"Noon Meal Centre ,Chinna Anuppanadi, (Near Anuppanadi Bus Stand)-625009","1.Madurai (C) Chinthamani (R.V) Rajeev Gandhi Nagar Ward 89,
2.Madurai (C) Chinthamani (R.V) M.G.R. Nagar Ward 89,
3.Madurai (C) Chinthamani (R.V) Nehru Nagar Ward 89,
4.Madurai (C) Chinthamani (R.V) Kirubanantha Variyar Nagar Ward 41",All Voters,"Noon Meal Centre ,Chinna Anuppanadi",(Near Anuppanadi Bus Stand)-625009,tamilaga vettri kazhagam,403,185,218,dravida munnetra kazhagam,3,4,2,12,9,5,1,7,12,7,6,12,12,9,9,12,26.81426814268142,2
283,179,47,145,1,11,0,5,369,0,0,0,0,0,2,0,759,0,3,762,0,283,"Pt Union Middle School ,Tiled Shed West Building, South Side, East Facing, Chinthamani-625009","1.Madurai(C) Chinthamani (R.V) Indira Colony Ward 89, 2.Madurai(C) Chinthamani (R.V) Chinthamani Main Road Ward 89,
3.Madurai(C) Chinthamani (R.V) Post Office Street Ward 89,",All Voters,"Pt Union Middle School ,Tiled Shed West Building, South Side, East Facing",Chinthamani-625009,tamilaga vettri kazhagam,369,179,190,dravida munnetra kazhagam,3,4,2,10,9,5,1,6,10,10,7,10,10,10,8,10,25.03293807641634,2
284,150,41,145,1,1,0,12,334,0,1,0,2,1,0,0,688,0,2,690,0,284,"Pt Union Middle School ,Middle Building, South Facing,
Chinthamani-625009","1.Madurai(C) Chinthamani (R.V) Rajaman Nagar Ward 89,
2.Madurai(C) Chinthamani (R.V) Rajaman Nagar Ward 89,",All Voters,"Pt Union Middle School ,Middle Building, South Facing",Chinthamani-625009,tamilaga vettri kazhagam,334,150,184,dravida munnetra kazhagam,3,4,2,12,8,8,1,5,12,8,6,12,6,8,12,12,26.74418604651163,3
285,141,20,95,1,0,0,1,200,0,0,0,0,0,0,0,458,0,1,459,0,285,"Sengunther Mudaliar Matriculation School ,Room No:3, Om Muruga Nagar, Anuppanadi, Chinthamani Road -625009","1.Madurai(C) Chinthamani (R.V) Mullai Street Ward 89, 2.Madurai(C) Chinthamani (R.V) Malligai Street Ward 89, 3.Madurai(C) Chinthamani (R.V) Shanmugam Compound Ward 89, 4.Madurai(C) Chinthamani (R.V) J.J. Nagar Ward 87,
5.Madurai(C) Chinthamani (R.V) Anuppanadi Vilakku Road Ward 89",All Voters,"Sengunther Mudaliar Matriculation School ,Room No:3, Om Muruga Nagar, Anuppanadi",Chinthamani Road -625009,tamilaga vettri kazhagam,200,141,59,dravida munnetra kazhagam,3,4,2,8,5,8,1,5,8,8,5,8,8,8,8,8,12.88209606986899,0
286,183,43,161,1,0,1,1,401,2,1,1,2,0,1,0,798,0,4,802,0,286,"Sengunther Mudaliar Matriculation School ,Room No:4, Om Muruga Nagar, Anuppanadi, Chinthamani Road -625009","1 - Madurai(C) Chinthamani (R.V), Anupanadi Cross Road Ward 89",All Voters,"Sengunther Mudaliar Matriculation School ,Room No:4, Om Muruga Nagar, Anuppanadi",Chinthamani Road -625009,tamilaga vettri kazhagam,401,183,218,dravida munnetra kazhagam,3,4,2,8,8,14,1,8,6,8,5,8,6,14,8,14,27.31829573934837,4
287,237,47,159,0,0,0,1,425,3,1,1,0,0,3,1,878,0,1,879,0,287,Anganwadi Centre west side new building Chinthamani 625009,"1.Madurai(C) Chinthamani (R.V) Chettiyar Street Ward 89, 2.Madurai(C) Chinthamani (R.V) Konar Street Ward 89,
3 - Madurai(C) Chinthamani (R.V), Kalludaiyan Kovil Street Ward 89 (S.No.866 to 1128)",All Voters,Anganwadi Centre west side new building Chinthamani 625009,Anganwadi Centre west side new building Chinthamani 625009,tamilaga vettri kazhagam,425,237,188,dravida munnetra kazhagam,3,4,2,12,12,12,1,7,5,7,7,7,12,12,5,7,21.4123006833713,5
288,231,53,87,3,9,1,1,423,0,0,1,0,0,4,0,813,0,6,819,0,288,"Pt Union Middle School ,Tiled Shed Western Building, West Facing, Chinthamani-625009","1.Madurai(C) Chinthamani (R.V) Gajendrapuram Ward 89, 2.Madurai(C) Chinthamani (R.V) Nadu Street Ward 89, 3.Madurai(C) Chinthamani (R.V) Chinthamani Main Street Ward 89,
4. Madurai(C) Chinthamani (R.V), Kalludaiyan Kovil Street Ward 89 (S.No.1129 to 1353)",All Voters,"Pt Union Middle School ,Tiled Shed Western Building, West Facing",Chinthamani-625009,tamilaga vettri kazhagam,423,231,192,dravida munnetra kazhagam,3,4,2,9,8,5,1,9,12,12,6,9,12,12,7,12,23.61623616236162,5
289,156,41,123,2,1,1,4,466,0,0,0,0,0,3,0,797,0,0,797,0,289,"Pt Union Middle School ,West Building, South Side, West Facing of H M Room, Chinthamani-625009","1.Madurai(C) Chinthamani (R.V) Muthaliar Street Ward 89, 2.Madurai(C) Chinthamani (R.V) Kannan Colony Ward 89",All Voters,"Pt Union Middle School ,West Building, South Side, West Facing of H M Room",Chinthamani-625009,tamilaga vettri kazhagam,466,156,310,dravida munnetra kazhagam,3,4,2,8,7,8,1,5,10,10,10,10,10,10,6,10,38.89585947302384,3
290,349,43,146,1,1,1,2,368,0,1,0,0,0,0,1,913,0,2,915,0,290,"Pt Union Middle School, Additional Building, Northern Facing, East Side, Chinthamani-625009","1.Madurai(C) Chinthamani (R.V) Mela Theru Ward 89, 2.Madurai(C) Chinthamani (R.V) Mela Theru Keela Street Ward 89, 3.Madurai(C) Chinthamani (R.V) Keela Street Ward 89, 4.Madurai(C) Chinthamani (R.V) Burma Colony Ward 89, 5.Madurai(C) Chinthamani (R.V) Ayyanarpuram Ward 89, 6.Madurai(C) Chinthamani (R.V) Mandaba Street Ward 89",All Voters,"Pt Union Middle School, Additional Building, Northern Facing, East Side",Chinthamani-625009,tamilaga vettri kazhagam,368,349,19,dravida munnetra kazhagam,3,4,2,7,7,7,1,5,12,7,5,12,12,12,12,7,2.08105147864184,1
291,298,45,148,0,0,0,0,374,0,1,0,0,1,2,0,869,0,2,871,0,291,"R C Ele School, East Building, Centre Portion, Iravthanallur-625009","1.Madurai (C) Iravathanallur (R.V) Anthoniyar Kovil East Street Ward 41,
2.Madurai (C) Iravathanallur (R.V) Anthoniyar Koil Nadu Street Ward 41,
3.Madurai (C) Iravathanallur (R.V) Soosaiyappar Street Ward 41
4.Madurai (C) Iravathanallur (R.V) Anthoniyar Kovil West Street Ward 41,
5.Madurai (C) Iravathanallur (R.V) Anthoniyar Kovil Street Ward 41,
6.Madurai (C) Iravathanallur (R.V) Saranvilla Main Road Ward 41,",All Voters,"R C Ele School, East Building, Centre Portion",Iravthanallur-625009,tamilaga vettri kazhagam,374,298,76,dravida munnetra kazhagam,3,4,2,9,9,9,1,9,9,7,5,9,9,7,5,9,8.745684695051784,3
292,236,55,263,1,0,1,1,333,1,1,0,1,0,4,0,897,0,1,898,0,292,"R C Ele School,South Building, West Portion, Iravthanallur-625009","1.Madurai (C) Iravathanallur (R.V) Kallambal Main Road Ward 41,
2.Madurai (C) Iravathanallur (R.V) Palkara Street Ward 41,
3.Madurai (C) Iravathanallur (R.V) Muniandi Koil Street Ward 41,
4.Madurai (C) Iravathanallur (R.V) Kannaku Pillai Lane Ward 41,
5.Madurai (C) Iravathanallur (R.V) Pilliar Kovil Street Ward 41,
6.Madurai (C) Iravathanallur (R.V) Yathavar Street Ward 41,
7.Madurai (C) Iravathanallur (R.V) Chinnakathiyanur Ward 41,
8.Madurai (C) Iravathanallur (R.V) Pillaiyar Kovil Cross Street Ward 41,",All Voters,"R C Ele School,South Building, West Portion",Iravthanallur-625009,tamilaga vettri kazhagam,333,263,70,all india anna dravida munnetra kazhagam,2,4,3,6,6,13,1,6,6,6,6,13,6,13,5,13,7.803790412486064,5
293,267,57,165,0,2,0,0,315,0,0,0,0,0,4,0,810,0,4,814,0,293,Anganvadi Center Southern Side Iravthanallur-625009,"1.Madurai (C) Iravathanallur (R.V) M.G.R. Nagar Ward 41,
2.Madurai (C) Iravathanallur (R.V) Deivakanni Street Ward 41,
3.Madurai (C) Iravathanallur (R.V) Sathyanagar Ward 41,",All Voters,Anganvadi Center Southern Side Iravthanallur-625009,Anganvadi Center Southern Side Iravthanallur-625009,tamilaga vettri kazhagam,315,267,48,dravida munnetra kazhagam,3,4,2,8,8,7,1,8,8,8,5,8,8,8,5,8,5.925925925925926,4
294,200,47,199,0,0,1,2,495,3,0,2,1,0,2,0,952,0,6,958,0,294,"R C Ele School ,South Building, East Portion, Iravathanallur - 625009","1.Madurai (C) Iravathanallur (R.V) Main Road Ward 41,
2.Madurai (C) Iravathanallur (R.V) Ambarisan Chamber Ward 41,
3.Madurai (C) Iravathanallur (R.V) Chellayi Pillai Compound Ward 41,
4.Madurai (C) Iravathanallur (R.V) Adaikalam Pillai Colony Ward 41",All Voters,"R C Ele School ,South Building, East Portion",Iravathanallur - 625009,tamilaga vettri kazhagam,495,200,295,dravida munnetra kazhagam,3,4,2,10,12,12,1,7,6,12,5,7,10,12,7,12,30.9873949579832,5
295,270,37,186,1,0,2,0,360,0,0,0,0,0,1,0,857,0,2,859,0,295,"R C Ele School ,East Building, South Portion, Iravathanallur - 625009","1.Madurai (C) Iravathanallur (R.V) Periakathiyanur Ward 41,
2.Madurai (C) Iravathanallur (R.V) Manthaiamman Kovil Street Ward 41
3.Madurai (C) Iravathanallur (R.V) Bharathiar Street Ward 41,",All Voters,"R C Ele School ,East Building, South Portion",Iravathanallur - 625009,tamilaga vettri kazhagam,360,270,90,dravida munnetra kazhagam,3,4,2,5,7,9,1,9,9,9,5,9,9,9,7,9,10.50175029171529,1
296,203,53,209,1,3,2,0,464,0,0,0,0,0,0,0,935,0,8,943,0,296,"Anganvadi Center, Muniyandi Kovil Street Iravathanallur - 625009","1.Madurai (C) Iravathanallur (R.V) Raja Nagar, Kallambal Road Ward 41
2.Madurai (C) Iravathanallur (R.V) Ganesh Colony 1st Street Ward 41,
3.Madurai (C) Iravathanallur (R.V) Ganesh Colony Main Street Ward 41,
4.Madurai (C) Iravathanallur (R.V) Ganesh Colony 2nd Street Ward 41,
5.Madurai (C) Iravathanallur (R.V) Ganesh Colony 3rd Street Ward 41,
6.Madurai (C) Iravathanallur (R.V) Ganesh Colony 4th Street Ward 41,
7.Madurai (C) Iravathanallur (R.V) Ganesh Colony 4th Street Ward 41,
8.Madurai (C) Iravathanallur (R.V) Ganesh Colony 5th Street Ward 41",All Voters,Anganvadi Center,Muniyandi Kovil Street Iravathanallur - 625009,tamilaga vettri kazhagam,464,209,255,all india anna dravida munnetra kazhagam,2,4,3,7,8,6,1,9,9,9,5,9,9,9,9,9,27.27272727272727,0
297,211,74,192,1,0,0,0,403,1,0,0,0,0,1,1,884,0,3,887,0,297,"R C Primary School ,Eastern Building South portion 2nd
Room Iravthanallur-625009","1.Madurai (C) Iravathanallur (R.V) Babu Nagar Ward 41,",All Voters,R C Primary School,"Eastern Building South portion 2nd
Room Iravthanallur-625009",tamilaga vettri kazhagam,403,211,192,dravida munnetra kazhagam,3,4,2,10,6,10,1,10,6,10,5,10,10,10,6,6,21.71945701357466,2
298,202,46,177,0,0,0,1,302,0,1,0,0,0,1,1,731,0,2,733,0,298,"Govt Elementary School, Viraganoor -625009","1.Viraganoor (R.V) Viraganoor (P) West Street Ward 4, 2.Viraganoor (R.V) Viraganoor (P) South Street Ward 3
3.iraganoor (R.V) Viraganoor (P) Maharajan Nagar Teachers Street 3rd Cross Street, 4..Viraganoor (R.V) Viraganoor (P) Maharajan Nagar Teachers Street 6th Cross Street, 5.Viraganoor (R.V) Viraganoor (P) Maharajan Nagar Teachers Cross Street 2nd Street, 6.Viraganoor (R.V) Viraganoor (P) Maharajan Nagar Teachers Street 4th Cross Street, 7.Viraganoor (R.V) Viraganoor (P) Vijayarajan Appartment ,
8.Viraganoor (R.V) Viraganoor (P) Mela Theru",All Voters,Govt Elementary School,Viraganoor -625009,tamilaga vettri kazhagam,302,202,100,dravida munnetra kazhagam,3,4,2,10,10,10,1,6,10,6,5,10,10,10,6,6,13.67989056087551,2
299,165,52,138,0,1,1,6,344,2,0,0,0,0,1,0,710,0,4,714,0,299,"Govt High School East portion ,Viraganoor -625009","1.Viraganoor (R.V) Viraganoor (P) Nattamai Thoppu Ward 4,
2.Viraganoor (R.V) Viraganoor (P) Maharaja Nagar Teachers Colony Ward 5,",All Voters,Govt High School East portion,Viraganoor -625009,tamilaga vettri kazhagam,344,165,179,dravida munnetra kazhagam,3,4,2,8,11,8,1,5,7,11,6,11,11,11,8,11,25.2112676056338,1
300,169,41,192,0,1,0,4,345,0,1,0,0,0,0,0,753,0,3,756,0,300,"Government High School ,Main Building, west portion Viraganoor-625009","1.Viraganoor (R.V) Viraganoor(P) East Street, 2.Viraganoor (R.V) Viraganoor (P) Agraharam Street, 3.Viraganoor (R.V) Viraganoor (P) Ramnad Main road,
4.Viraganoor (R.V) Viraganoor (P) Ramanathapuram Main Road, Ward 4 ,
5.Viraganoor (R.V) Viraganoor (P) Sundarrajapuram Ward 4",All Voters,"Government High School ,Main Building",west portion Viraganoor-625009,tamilaga vettri kazhagam,345,192,153,all india anna dravida munnetra kazhagam,2,4,3,9,9,7,1,5,9,7,6,9,9,9,9,9,20.31872509960159,0
301,212,69,217,0,0,0,7,355,1,0,1,1,1,2,0,866,0,6,872,0,301,"Community Hall ,Northern Side, Viraganoor-625009","1.Viraganoor (R.V) Viraganoor (P) Vaigai Colony,
2.Viraganoor (R.V) Viraganoor (P) Maharajan Teachers Quarters 1st Street, 3.Viraganoor (R.V) Viraganoor (P) Maharajan Nagar Teachers Quarters 5th Street 4.Viraganoor (R.V) Viraganoor (P) Ward 3 Naduthstreet, ward 3 ,
5.Virakanoor (R.V) Virakanoor (P) Pillaiar Koil Street Ward 3 ,",All Voters,"Community Hall ,Northern Side",Viraganoor-625009,tamilaga vettri kazhagam,355,217,138,all india anna dravida munnetra kazhagam,2,4,3,12,12,12,1,5,8,12,6,8,8,8,7,12,15.93533487297922,5
302,206,48,138,1,12,1,4,370,1,1,0,0,0,2,0,784,0,7,791,0,302,"Anganwadi Centre South Facing East side, Viraganoor - 625009","1.Viraganoor (R.V) Viraganoor(P) Samiyar Thoppu,
2.Viraganoor (R.V) Viraganoor (P) PWD Quarters Madhagu Anai, 3.Viraganoor (R.V) Viraganoor (P) Lakshmi Bricks,
4.Viraganoor (R.V) Viraganoor (P) Kozhi Medu, 5.Viraganoor (R.V) Viraganoor (P) Ramachandran Chamber, 6.Viraganoor (R.V) Viraganoor (P) Rajarajan Chamber,
7.Viraganoor (R.V) Viraganoor (P) Alagappan Compound Viraganoor, 8.Viraganoor (R.V) Viraganoor (P) Thangasami Chamber, Viraganoor, 9.Viraganoor (R.V) Viraganoor (P) Vijayarajan Chamber, Viraganoor, 10.Viraganoor (R.V) Viraganoor (P) Ring Road Viraganoor, 11.Viraganoor (R.V) Viraganoor (P) Quality Steel Street Viraganoor,
12.Viraganoor (R.V) Viraganoor (P) Ramanathapuram Main Road, Viraganoor",All Voters,Anganwadi Centre South Facing East side,Viraganoor - 625009,tamilaga vettri kazhagam,370,206,164,dravida munnetra kazhagam,3,4,2,9,9,5,1,7,9,9,6,13,13,13,8,13,20.91836734693878,2
303,187,45,117,0,19,2,3,222,1,0,0,0,2,1,0,599,0,3,602,0,303,"Anganwadi Centre South Facing West side, Viraganoor - 625009","1.Viraganoor (R.V) Viraganoor (P) Kaliamman Koil Street Viraganoor, 2.Viraganoor (R.V) Viraganoor (P) 1st Cross Street Viraganoor , 3.Viraganoor (R.V) Viraganoor (P) 2nd Cross Street Viraganoor , 4.Viraganoor (R.V) Viraganoor (P) Bank Colony, Viraganoor, 5.Viraganoor (R.V) Viraganoor (P) Prabu Chamber, Viraganoor, 6.Viraganoor (R.V) Viraganoor (P) Thiyagi V.L.R.Colony, Viraganoor, 7.Viraganoor (R.V) Viraganoor (P) Vaigai Nathi Street, Viraganoor, 8.Viraganoor (R.V) Viraganoor (P) Krishnanathi Street",All Voters,Anganwadi Centre South Facing West side,Viraganoor - 625009,tamilaga vettri kazhagam,222,187,35,dravida munnetra kazhagam,3,4,2,8,12,5,1,6,10,12,6,12,12,8,10,12,5.843071786310518,3
304,275,24,49,0,2,0,2,248,1,1,0,1,0,0,0,603,0,4,607,0,304,"Panchayat Union Elementary School ,Eastern Side,
Puliyankulam -625201","1.Puliyankulam (R.V) Puliyankulam (P) Puliyankulam Old Colony, New Colony Ward 1,
2.Puliyankulam (R.V) Puliyankulam (P) Kaliamman Kovil Street ,",All Voters,"Panchayat Union Elementary School ,Eastern Side",Puliyankulam -625201,dravida munnetra kazhagam,275,248,27,tamilaga vettri kazhagam,3,4,1,11,11,6,2,6,8,8,5,11,8,11,11,11,4.477611940298507,1
305,185,38,148,1,0,2,0,347,1,0,0,2,0,3,1,728,0,2,730,0,305,"Pt Union Ele School ,Western Portion, North Side, Bharathiar
Centenary Building, Puliyankulam-625201","1.Puliyankulam (R.V) Puliyankulam (P) Puliyankulam 2nd Ward,
2 - Puliyankulam (R.V) Puliyankulam (P), L.K.T Nagar( S.No. 454 to 1003)",All Voters,"Pt Union Ele School ,Western Portion, North Side, Bharathiar
Centenary Building",Puliyankulam-625201,tamilaga vettri kazhagam,347,185,162,dravida munnetra kazhagam,3,4,2,6,9,12,1,12,9,12,6,12,6,12,5,9,22.25274725274725,6
306,189,48,131,1,0,0,7,383,0,4,0,1,0,1,0,765,0,2,767,0,306,"Pt Union Ele School ,Southern Wing, Puliyankulam-625201","1.Puliyankulam (R.V) Puliyankulam (P) Puliyankulam Main Road,
2 - Puliyankulam (R.V) Puliyankulam (P), L.K.T Nagar( S.No. 1004 to 1281) 3.Puliyankulam (R.V) Puliyankulam (P) A.G.S.Street,",All Voters,"Pt Union Ele School ,Southern Wing",Puliyankulam-625201,tamilaga vettri kazhagam,383,189,194,dravida munnetra kazhagam,3,4,2,11,8,11,1,5,11,6,7,11,8,11,8,11,25.35947712418301,2
307,242,31,172,1,0,0,1,304,1,1,1,0,0,0,0,754,0,4,758,0,307,"Pt Union Ele School ,New Building, Eastern Portion, Silaiman 625201","1.Silaiman (R.V) Silaiman (P) Bus Stand Pasumpon Nagar,
2.Silaiman (R.V) Silaiman (P) Bismilla Chamber,
3.Silaiman (R.V) Silaiman (P) Pookara Street,
4.Silaiman (R.V) Silaiman (P) Madasami Street,
5.Silaiman (R.V) Silaiman (P) Vakkil Thoppu Street,
6.Silaiman (R.V) Silaiman (P) Ramaiah Street
7.Silaiman (R.V) Silaiman (P) Arunachalam Compound,
8.Silaiman (R.V) Silaiman (P) Thevar Line Main Road,
9.Silaiman (R.V) Silaiman (P) Sethuramalingam Servai Street, 10.Silaiman (R.V) Silaiman (P) Anna Nagar Backside, 11.Silaiman (R.V) Silaiman (P) Anna Nagar Main Road",All Voters,"Pt Union Ele School ,New Building, Eastern Portion",Silaiman 625201,tamilaga vettri kazhagam,304,242,62,dravida munnetra kazhagam,3,4,2,11,6,11,1,6,6,6,5,6,11,11,11,11,8.222811671087534,1
308,251,42,155,1,1,1,3,365,1,1,0,1,0,2,0,824,0,4,828,0,308,"Pt Union Ele School ,New Building, Western Side, Silaiman-625201","1.Silaiman (R.V) Silaiman (P) Sathiya Nagar Ward 2,
2.Silaiman (R.V) Silaiman (P) Main Road Sathiya Nagar Ward 2,
3.Silaiman (R.V) Silaiman (P) Govindan Lane Ward 2,
4.Silaiman (R.V) Silaiman (P) Arasamaram Lane Ward 2
5.Silaiman (R.V) Silaiman (P) Teacher Street,
6.Silaiman (R.V) Silaiman (P) Om Sakthi Street,",All Voters,"Pt Union Ele School ,New Building, Western Side",Silaiman-625201,tamilaga vettri kazhagam,365,251,114,dravida munnetra kazhagam,3,4,2,8,8,8,1,6,8,8,5,14,8,14,7,14,13.83495145631068,3
309,243,56,109,0,2,0,1,264,1,0,0,0,0,4,1,681,0,1,682,0,309,"Panchayat Office ,Silaiman-625201","1.Silaiman (R.V) Silaiman (P) Pillaiar Kovil Street Ward 2,
2.Silaiman (R.V) Silaiman (P) Sangaiah Kovil Street Ward 2,
3.Silaiman (R.V) Silaiman (P) Amman Kovil Street Ward 2",All Voters,Panchayat Office,Silaiman-625201,tamilaga vettri kazhagam,264,243,21,dravida munnetra kazhagam,3,4,2,11,11,6,1,7,7,11,7,11,11,11,5,7,3.083700440528634,5
310,430,10,53,0,1,0,0,94,0,0,0,0,0,0,1,589,0,1,590,0,310,"Govt Higher Secondary School, Road side new building Western portion 10th A Class Room Silaiman-625201","1.Silaiman (R.V) Silaiman (P) Pallivasal Street Ward 3,
2.Silaiman (R.V) Silaiman (P) Muslim Chavadi Street Ward 3,
3.Silaiman (R.V) Silaiman (P) Nattamai Kovil Street Ward 3,
4.Silaiman (R.V) Silaiman (P) Amman Kovil Street Ward 3",All Voters,Govt Higher Secondary School,Road side new building Western portion 10th A Class Room Silaiman-625201,dravida munnetra kazhagam,430,94,336,tamilaga vettri kazhagam,3,4,1,8,8,5,2,8,8,8,5,8,8,8,8,5,57.04584040747029,1
311,203,56,128,0,0,1,1,287,1,0,1,0,0,0,0,678,0,4,682,0,311,"Govt Hr Sec School New Building, Western Side, 10 B Class
Room Silaiman-625201","1.Silaiman (R.V) Silaiman (P) K.K.Nagar Ward 3,",All Voters,"Govt Hr Sec School New Building, Western Side","10 B Class
Room Silaiman-625201",tamilaga vettri kazhagam,287,203,84,dravida munnetra kazhagam,3,4,2,6,10,10,1,6,6,10,5,6,10,10,10,10,12.38938053097345,1
312,170,25,66,1,0,0,2,163,1,0,0,0,0,0,1,429,0,0,429,0,312,Govt. Hr.Sec.School Southern Side Silaiman 625201,"1.Silaiman (R.V) Silaiman (P) Main Road (Thangasami Nagar Opposite) Ward3 3
2.Silaiman (R.V) Silaiman (P) Thangasami Nagar Ward 3,
3.Silaiman (R.V) Silaiman (P) Gandhi Nagar Ward 3,
4.Silaiman (R.V) Silaiman (P) Arumugam Pillai Chamber Ward 3,
5.Silaiman (R.V) Silaiman (P) Malik Chamber",All Voters,Govt. Hr.Sec.School Southern Side Silaiman 625201,Govt. Hr.Sec.School Southern Side Silaiman 625201,dravida munnetra kazhagam,170,163,7,tamilaga vettri kazhagam,3,4,1,9,6,9,2,5,6,9,9,9,9,9,9,6,1.631701631701632,1
313,251,37,180,0,1,1,11,278,1,0,0,0,0,2,1,763,0,0,763,0,313,"Pt Union Middle School ,Addl Building, Near Water Tank, South Facing, East Side Panaiyur-625009","1.Panaiyur (R.V) Panaiyur (P) North Street Ammachiar Street,
2.Panaiyur (R.V) Panaiyur (P) Andiyappa Pillai Street
3.Panaiyur (R.V) Panaiyur (P) Adaikalamman Koil Street,
4.Panaiyur (R.V) Panaiyur (P) Kanakku Pillai Street,
5.Panaiyur (R.V) Panaiyur (P) Post Office Road",All Voters,"Pt Union Middle School ,Addl Building, Near Water Tank, South Facing",East Side Panaiyur-625009,tamilaga vettri kazhagam,278,251,27,dravida munnetra kazhagam,3,4,2,7,11,7,1,5,7,11,11,11,11,11,6,7,3.538663171690695,3
314,237,66,231,1,0,0,10,340,0,0,0,0,1,2,0,888,0,2,890,0,314,"Pt Union Middle School ,West Addirional Building, South Facing, Panaiyur -625009","1.Panaiyur (R.V) Panaiyur (P) Pillaiyar Kovil Street,
2.Panaiyur (R.V) Panaiyur (P) Chokkanathapuram,
3.Panaiyur (R.V) Panaiyur (P) Ceyon Colony,
4.Panaiyur (R.V) Panaiyur (P) Panaiyur Vilakku
5.Panaiyur (R.V) Panaiyur (P) Muniandi Koil Street ,",All Voters,"Pt Union Middle School ,West Addirional Building, South Facing",Panaiyur -625009,tamilaga vettri kazhagam,340,237,103,dravida munnetra kazhagam,3,4,2,10,8,10,1,5,10,10,6,10,10,8,6,10,11.5990990990991,3
315,189,52,319,0,1,1,30,187,0,0,1,0,1,1,0,782,0,1,783,0,315,"Panchayat Union Elementary School, West Facing Room No 1 Kallambal- 625009","1.Panaiyur(R V),Panaiyur (P) Kallambal East Street, 2.Panaiyur(R V), Panaiyur (P) Kallambal Middle Street, 3.Panaiyur(R V),Panaiyur (P) Kallambal 1st Street, 4.Panaiyur( R V),Panaiyur (P) Kallambal South Street, 5.Panaiyur( R V),Panaiyur (P) Kallambal North Street, 6.Panaiyur( R V),Panaiyur (P) Kallambal Pillaiyar Koil Street, 7.Panaiyur( R V),Panaiyur (P) Kallambal Main Road,",All Voters,Panchayat Union Elementary School,West Facing Room No 1 Kallambal- 625009,all india anna dravida munnetra kazhagam,319,189,130,dravida munnetra kazhagam,1,4,2,6,12,6,3,5,12,12,6,6,12,6,6,12,16.62404092071611,3
316,248,32,211,5,2,0,8,291,0,1,0,0,1,2,1,802,0,2,804,0,316,"Pt Union Middle School ,Eastern Portion, New Additional Building, North Facing, Panaiyur-625009","1.Panaiyur(R V),Panaiyur (P) Anna Street,
2.Panaiyur(R V),Panaiyur (P) Thiruvalluvar Colony East Street
3.Panaiyur (R.V) Panaiyur (P) East Street,
4.Panaiyur (R.V) Panaiyur (P) Mela Street,",All Voters,"Pt Union Middle School ,Eastern Portion, New Additional Building, North Facing",Panaiyur-625009,tamilaga vettri kazhagam,291,248,43,dravida munnetra kazhagam,3,4,2,13,6,7,1,5,13,10,7,13,13,10,7,10,5.361596009975062,4
317,233,44,182,0,0,0,3,380,0,0,0,1,0,2,1,846,0,7,853,0,317,"Pt Union Ele School ,South Portion, Samanatham-625009","1.Samanatham (R.V) Samanatham (P) Ayyanarpuram Ward 1,
2.Samanatham (R.V) Samanatham (P) North Street Ward 1,",All Voters,"Pt Union Ele School ,South Portion",Samanatham-625009,tamilaga vettri kazhagam,380,233,147,dravida munnetra kazhagam,3,4,2,10,10,10,1,6,10,10,5,10,8,10,7,8,17.3758865248227,4
318,200,41,139,2,2,1,2,312,0,1,0,0,0,0,0,700,0,5,705,0,318,"Pt Union Ele School ,North East Wing, Portion, Samanatham-625009","1.Samanatham (R.V) Samanatham (P) Keela Street Colony Ward 1, 2.Samanatham (R.V) Samanatham (P) South Street Ward 1, 3.Samanatham (R.V) Samanatham (P) West Street Ward 2, 4.Samanatham (R.V) Samanatham (P) Five House Ward 2",All Voters,"Pt Union Ele School ,North East Wing, Portion",Samanatham-625009,tamilaga vettri kazhagam,312,200,112,dravida munnetra kazhagam,3,4,2,9,6,6,1,6,11,9,5,11,11,11,11,11,16.0,0
319,356,31,117,0,0,1,3,370,1,1,0,1,0,1,1,883,0,3,886,0,319,"Pt Union Middle School ,North East Wing, Main Building, West Portion, Periyar Nagar, Perumanendal-625012","1.Perumanenthal (R.V) Thirupparankundarm (P) Periyar Nagar Third Ward,
2 - Perumanendal (R.V) Thiruparankundram (P), Periyar Nagar 4th Ward (S.No.1 101 to 1308)",All Voters,"Pt Union Middle School ,North East Wing, Main Building, West Portion, Periyar Nagar",Perumanendal-625012,tamilaga vettri kazhagam,370,356,14,dravida munnetra kazhagam,3,4,2,7,13,13,1,5,7,7,5,13,7,13,7,7,1.585503963759909,3
320,355,17,107,4,0,0,0,375,3,0,1,0,0,3,0,865,0,0,865,0,320,"Pt Union Middle School ,East Side, Main Building, West
Portion, Periyar Nagar, Perumanendal-625012","1 - Perumanendal (R.V) Thiruparankundram (P), Periyar Nagar 4th Ward (S.No.1 to 1100)",All Voters,"Pt Union Middle School ,East Side, Main Building, West
Portion, Periyar Nagar",Perumanendal-625012,tamilaga vettri kazhagam,375,355,20,dravida munnetra kazhagam,3,4,2,9,5,9,1,9,6,9,9,8,9,9,6,9,2.312138728323699,4
321,209,29,64,0,1,0,1,186,0,1,0,0,0,1,0,492,0,1,493,0,321,"Stephen Ele School ,Eastern Side, In the North, Kusavankundu-625022","1.Kusavankundu (R V) Kusavankundu (P) Kusavangundu Ward 1, 2.Kusavankundu (R V),Kusavankundu (P) Konarpatti Ward 1,
3.Kusavankundu (R V),Kusavankundu (P) Old Kusavankundu Ward 1,",All Voters,"Stephen Ele School ,Eastern Side, In the North",Kusavankundu-625022,dravida munnetra kazhagam,209,186,23,tamilaga vettri kazhagam,3,4,1,10,10,5,2,5,10,5,5,10,10,10,5,10,4.67479674796748,1
322,204,39,91,1,1,2,1,182,1,0,0,1,0,0,0,523,0,2,525,0,322,"Stephen Ele School ,Southern Building, West Facing, Kusavankundu-625022","1.Ramankulam (R.V) Kusavankundu (P) Ramankulam Ward 1 , 2.Koodalsenkulam (R.V) Kusavankundu (P) Koodalsenkulam Ward 1 ,
3.Pappanodai (R.V) Kusavankundu (P) Kuthiraikuthi Ward 2",All Voters,"Stephen Ele School ,Southern Building, West Facing",Kusavankundu-625022,dravida munnetra kazhagam,204,182,22,tamilaga vettri kazhagam,3,4,1,5,7,7,2,7,7,12,5,12,7,12,12,12,4.206500956022944,1
323,197,92,125,0,12,1,4,303,1,2,0,1,0,5,3,746,0,0,746,0,323,"Pt Union Middle School ,West Building, Chinna Udaippu-625022","1.Madurai (C) Avaniyapuram (TP) Chinna Udaippu Ward 60 ,
2.Madurai (C) Avaniyapuram (TP) North Street, Chinna Udaippu Ward 60 ,
3.Madurai (C) Avaniyapuram (TP) Middle Street, Chinna Udaippu Ward 60 ,
4.Madurai (C) Avaniyapuram (TP) West Street Chinna Udaippu Ward 60 ,
5.Madurai (C) Avaniyapuram (TP) Kaliamman Kovil Street, Chinna Udaippu Ward 60
6.Madurai (C) Avaniyapuram (TP) Chinna Udaippu Ward 60 ,",All Voters,"Pt Union Middle School ,West Building",Chinna Udaippu-625022,tamilaga vettri kazhagam,303,197,106,dravida munnetra kazhagam,3,4,2,10,13,5,1,7,10,9,13,13,10,13,6,8,14.20911528150134,9
324,160,17,165,5,0,0,0,165,0,0,0,0,0,0,0,512,0,1,513,0,324,"Pt Union Middle School ,East Building, Chinna Udaippu-
625022","1.Pappanodai(R V),Kusavankundu (p) Pappanodai ward2 ,",All Voters,"Pt Union Middle School ,East Building","Chinna Udaippu-
625022",all india anna dravida munnetra kazhagam,165,165,0,all india anna dravida munnetra kazhagam,1,4,3,7,5,7,1,7,7,7,6,7,7,7,7,7,0.0,0
325,224,23,93,0,0,0,0,193,0,2,0,0,0,0,0,535,0,2,537,0,325,"Community Hall ,Transport Nagar Papanodai - 625022",1.Pappanodai (R.V) Kusavankundu (P) Transport Nagar Ward 2,All Voters,Community Hall,Transport Nagar Papanodai - 625022,dravida munnetra kazhagam,224,193,31,tamilaga vettri kazhagam,3,4,1,7,7,7,2,7,7,5,5,7,7,7,7,7,5.794392523364486,0
326,181,63,190,3,0,0,3,430,1,0,2,0,0,3,3,879,0,5,884,0,326,"Pt Union Middle School ,East Building, Solankuruni- 625022","1.Solankuruni (R.V) Solankuruni (P) North Street Ward 2, 2.Solankuruni (R.V) Solankuruni (P) Main Road Ward 2,
3.Solankuruni (R.V) Solankuruni (P) South Street Ward 4 ,",All Voters,"Pt Union Middle School ,East Building",Solankuruni- 625022,tamilaga vettri kazhagam,430,190,240,all india anna dravida munnetra kazhagam,2,4,3,12,6,12,1,6,11,12,5,10,12,12,6,6,27.30375426621161,8
327,176,63,146,3,0,2,1,359,2,0,1,0,0,3,0,756,0,6,762,0,327,"Panchayat Union Middle School, Central Building, Solankuruni - 625022","1.Solankuruni (R.V) Solankuruni (P) Samathuvapuram Ward 4 2.Solankuruni (R.V) Solankuruni (P) Solankuruni Ward 4 3.Solankuruni (R.V) Thirupparankundram (P) Pilliarpatti ward no 1 ,",All Voters,"Panchayat Union Middle School, Central Building",Solankuruni - 625022,tamilaga vettri kazhagam,359,176,183,dravida munnetra kazhagam,3,4,2,8,6,12,1,10,8,12,5,10,12,12,6,12,24.20634920634921,4
328,174,48,163,2,0,0,0,316,0,0,0,0,1,1,1,706,0,3,709,0,328,"Panchayat Union Middle School, South Building Solankuruni - 625022","1.Solankuruni (R.V) Solankuruni (P) Adi Dravidar Street Ward4 2.Solankuruni (R.V) Solankuruni (P) East Street Ward 3, 3.Solankuruni (R.V) Solankuruni (P) West Street Ward 3, 4.Solankuruni (R.V) Solankuruni (P) Colony Street Ward 2, 5.Solankuruni (R.V) Solankuruni (P) Konar Street Ward 4 ,",All Voters,Panchayat Union Middle School,South Building Solankuruni - 625022,tamilaga vettri kazhagam,316,174,142,dravida munnetra kazhagam,3,4,2,10,6,10,1,10,10,10,5,10,10,7,7,7,20.11331444759207,3
329,127,27,204,0,0,0,2,312,1,0,0,0,1,1,0,675,0,0,675,0,329,"Panchayat Union Middle School, Western Side Building,
Parambupattii-625022","1.Valayankulam (R.V) Perunkudi (P) Parampupatti Ward 3 ,",All Voters,"Panchayat Union Middle School, Western Side Building",Parambupattii-625022,tamilaga vettri kazhagam,312,204,108,all india anna dravida munnetra kazhagam,2,4,3,9,9,9,1,5,6,9,9,9,9,6,6,9,16.0,2
330,127,19,167,2,0,0,1,239,1,0,0,0,0,0,1,557,0,2,559,0,330,"Panchayat Union Middle School, Eastern Side Building,
Parambupattii-625022","1.Valayankulam (R.V) Perunkudi (P) Parampupatti Ward 3 ,",All Voters,"Panchayat Union Middle School, Eastern Side Building",Parambupattii-625022,tamilaga vettri kazhagam,239,167,72,all india anna dravida munnetra kazhagam,2,4,3,10,5,10,1,7,7,10,5,10,10,10,10,7,12.92639138240574,1
331,176,47,229,0,2,0,2,480,3,0,1,0,0,1,0,941,0,3,944,0,331,"Government High School,Western Side Building, Arigar Anna Centenary Building , Centre Portion, Valayankulam-625022","1.Valaiyankulam (R.V) Valaiyankulam (P) Valaiyankulam (R.V) Ward 1 , (1 To 942)",All Voters,"Government High School,Western Side Building, Arigar Anna Centenary Building , Centre Portion",Valayankulam-625022,tamilaga vettri kazhagam,480,229,251,all india anna dravida munnetra kazhagam,2,4,3,11,11,7,1,7,5,11,5,9,11,11,9,11,26.67375132837407,2
332,219,37,205,1,0,2,3,418,5,0,1,0,1,2,1,895,0,9,904,0,332,"Government High School,Western Side Arilgar Anna Centenary Building, Northern Portion, Valayankulam-625022","1.Valaiyankulam (R.V) Valaiyankulam (P) Valaiyankulam Ward 2 ,(Part No. 275. Sl No. 943 to end)",All Voters,"Government High School,Western Side Arilgar Anna Centenary Building, Northern Portion",Valayankulam-625022,tamilaga vettri kazhagam,418,219,199,dravida munnetra kazhagam,3,4,2,8,10,14,1,7,6,14,5,10,14,10,8,10,22.23463687150838,5
333,169,27,141,1,0,0,0,332,3,1,0,1,0,2,0,677,0,7,684,0,333,"Government High School,Eastern Building, Western Portion,
Valayankulam-625022","1.Valaiyankulam (R.V) Valaiyankulam (P) Valaiyankulam Ward 3 ,",All Voters,"Government High School,Eastern Building, Western Portion",Valayankulam-625022,tamilaga vettri kazhagam,332,169,163,dravida munnetra kazhagam,3,4,2,11,8,11,1,11,6,8,5,11,8,11,7,11,24.0768094534712,3
334,220,45,136,0,2,0,2,436,2,2,0,0,0,2,0,847,0,2,849,0,334,"Government High School,Eastern Side Building, Centre
Portion Valayankulam-625022","1.Valaiyankulam (R.V) Valaiyankulam (P) Valaiyankulam Ward 4 ,",All Voters,"Government High School,Eastern Side Building","Centre
Portion Valayankulam-625022",tamilaga vettri kazhagam,436,220,216,dravida munnetra kazhagam,3,4,2,11,11,5,1,5,5,5,5,11,11,11,5,11,25.50177095631641,2
335,216,66,142,1,0,3,13,438,1,0,1,0,0,2,1,884,0,8,892,0,335,"Government High School,Eastern Side East Building,
Valayankulam-625022","1.Valaiyankulam (R.V) Valaiyankulam (P) Valaiyankulam Ward 4 ,",All Voters,"Government High School,Eastern Side East Building",Valayankulam-625022,tamilaga vettri kazhagam,438,216,222,dravida munnetra kazhagam,3,4,2,7,9,13,1,5,9,13,6,9,13,13,8,9,25.1131221719457,4
336,289,24,165,1,0,0,1,262,0,0,0,0,0,0,0,742,0,2,744,0,336,"Jothi Elementary School, Valayapatti-625022","1.Valaiyapatti (R.V) Valaiyapatti (P) Valaiyapatti Ward 2 ,
2.Valaiyapatti (R.V) Valaiyapatti (P) Mela Theru Ward 3 ,",All Voters,Jothi Elementary School,Valayapatti-625022,dravida munnetra kazhagam,289,262,27,tamilaga vettri kazhagam,3,4,1,8,6,8,2,6,8,8,5,8,8,8,8,8,3.638814016172507,0
337,246,16,106,0,0,0,0,192,3,0,0,1,0,1,2,567,0,2,569,0,337,"Jothi Ele School East Side Middle Portion,Valayapatti -
625022","1.Valaiyapatti(R.V) Valaiyapatti (p) Valaiyapatti ward 1 ,",All Voters,Jothi Ele School East Side Middle Portion,"Valayapatti -
625022",dravida munnetra kazhagam,246,192,54,tamilaga vettri kazhagam,3,4,1,10,10,10,2,10,5,10,6,10,8,10,8,6,9.523809523809524,4
338,306,197,166,0,1,0,8,312,4,0,1,0,0,1,2,998,0,3,1001,0,338,"Panchayat Union Primary School ,Northern Building, Near
Gate Periyaalangulam-625022","1.Periya Alankulam (R.V) Periya Alankulam (P) Periya Alankulam Ward 1,",All Voters,"Panchayat Union Primary School ,Northern Building","Near
Gate Periyaalangulam-625022",tamilaga vettri kazhagam,312,306,6,dravida munnetra kazhagam,4,3,2,12,12,9,1,5,6,12,7,9,12,12,9,8,0.6012024048096193,4
339,209,116,130,3,1,1,4,253,3,1,0,0,1,3,4,729,0,5,734,0,339,"Panchayat Union Primary School, Northern portion,central
building Periyaalangulam-625022","1.Periya Alankulam (R.V) Periya Alankulam (P) Periya Alankulam Ward 2,",All Voters,"Panchayat Union Primary School, Northern portion","central
building Periyaalangulam-625022",tamilaga vettri kazhagam,253,209,44,dravida munnetra kazhagam,3,4,2,11,8,11,1,6,8,11,5,15,15,11,8,6,6.035665294924554,8
340,146,18,108,0,0,0,1,105,0,0,0,0,2,2,1,383,0,10,393,0,340,"Panchayat Union Elementary School Near H M Room
Tottiyapatti","1.Periya Alankulam (R.V) Periya Alankulam (P) Thottiyapatti,",All Voters,"Panchayat Union Elementary School Near H M Room
Tottiyapatti","Panchayat Union Elementary School Near H M Room
Tottiyapatti",dravida munnetra kazhagam,146,108,38,all india anna dravida munnetra kazhagam,2,4,1,10,10,10,3,8,10,10,5,10,10,6,6,8,9.921671018276761,5
341,317,111,225,1,1,1,7,326,2,1,0,2,1,6,1,1002,0,12,1014,0,341,"Community Hall, South Portion , Othai Alangulam-625022","1.Periya alankulam (R.V) Periya alankulam (P) Othai alankulam Ward 1,
2.Othai alankulam (R.V) Periya alankulam (P) Othai alankulam Ward 2,",All Voters,"Community Hall, South Portion",Othai Alangulam-625022,tamilaga vettri kazhagam,326,317,9,dravida munnetra kazhagam,3,4,2,10,10,10,1,6,8,10,5,16,8,10,7,10,0.8982035928143712,10
342,409,38,241,1,3,2,3,282,2,0,0,0,2,0,0,983,0,3,986,0,342,"Community Hall, West Side , Kombadi -625022","1.Kompadi (R.V) Kompadi (P) Kompadi Ward 1,
2.Kompadi (R.V) Kompadi (P) Pudhupatti Ward 2,
3.Kompadi (R.V) Kompadi (P) Colony Street Ward 3,",All Voters,"Community Hall, West Side",Kombadi -625022,dravida munnetra kazhagam,409,282,127,tamilaga vettri kazhagam,3,4,1,8,11,5,2,5,8,12,5,12,12,8,12,12,12.91963377416073,2
343,145,37,204,3,1,0,5,483,12,1,1,2,2,4,1,901,0,1,902,0,343,"Panchayat Union Middle School,North Wing, Nedumadurai-
625022","1.Nedumadurai (R.V) Nedumadurai (P) Nedumadurai Ward 1,
2.Nedumadura i(R.V) Nedumadurai (P) North Street Ward 2,",All Voters,"Panchayat Union Middle School,North Wing","Nedumadurai-
625022",tamilaga vettri kazhagam,483,204,279,all india anna dravida munnetra kazhagam,2,4,3,16,8,11,1,6,5,11,11,11,9,9,7,11,30.96559378468369,10
344,189,53,154,1,0,1,4,321,1,2,0,2,0,3,2,733,0,5,738,0,344,"Panchayat Union Middle School,South Wing, Nedumadurai-
625022","1.Nedumadurai (R.V) Nedumadurai (P) Nedumadurai ward 3,",All Voters,"Panchayat Union Middle School,South Wing","Nedumadurai-
625022",tamilaga vettri kazhagam,321,189,132,dravida munnetra kazhagam,3,4,2,11,11,14,1,6,11,8,5,14,8,14,7,8,18.00818553888131,7
345,136,35,135,0,6,0,4,544,5,1,0,1,0,1,2,870,0,6,876,0,345,"Panchayat Union Elementary School, Building, Southern Portion, Parapathi-625022","1.Parapathi(R.V) Parapathi (p) Parapathi Ward 1, 2.Parapathi(R.V) Parapathi (p) Parapathi Ward 2, 3.Parapathi(R.V) Parapathi (p) Parapathi Ward 3, 4.Parapathi(R.V)Parapathi (p) Parapathi Ward 4,",All Voters,"Panchayat Union Elementary School, Building, Southern Portion",Parapathi-625022,tamilaga vettri kazhagam,544,136,408,dravida munnetra kazhagam,3,4,2,13,13,5,1,8,7,10,5,13,10,13,10,9,46.89655172413793,4
346,176,71,206,1,4,3,4,629,3,0,2,4,0,3,1,1107,0,10,1117,0,346,"Panchayat Union Elementary School , SSA Building, West Building North Portion, Parapathi-625022","1.Periyakoodakovil (R.V) Parapathi (P) Periyakooda Kovil Ward 4, 2.Parapathi (R.V) Parapathi (P) Parapathi Ward 1,
3.Parapathi (R.V) Parapathi (P) Parapathi Ward 2,
4.Parapathi (R.P) Parapathi (P) Parapathi Ward 3,",All Voters,"Panchayat Union Elementary School , SSA Building, West Building North Portion",Parapathi-625022,tamilaga vettri kazhagam,629,206,423,all india anna dravida munnetra kazhagam,2,4,3,9,13,6,1,6,9,15,5,12,6,15,9,13,38.21138211382114,10
347,332,55,230,3,0,2,4,442,4,1,0,1,1,2,1,1078,0,3,1081,0,347,"Panchayat Union Elementary School, West Side, Eliyarpathi-625022","1.Eliyarpathi (R.V) Eliyarpathi (p) Eliyarpathi, 2.Eliyarpathi (R.V) Eliyarpathi (p) North Street,
3.Eliyarpathi (R.V) Eliyarpathi (p) South Street,",All Voters,"Panchayat Union Elementary School, West Side",Eliyarpathi-625022,tamilaga vettri kazhagam,442,332,110,dravida munnetra kazhagam,3,4,2,9,7,15,1,5,5,11,7,15,11,11,9,11,10.20408163265306,5
348,211,70,179,0,4,0,2,249,1,1,1,0,0,1,0,719,0,4,723,0,348,"Pt Union Middle School, Nallur-625022","1.Nallur (R.V) Nallur (P) North Street,
2.Nallur (R.V) Nallur (P) Nadu Street,
3.Nallur (R.V) Nallur (P) East Street,",All Voters,Pt Union Middle School,Nallur-625022,tamilaga vettri kazhagam,249,211,38,dravida munnetra kazhagam,3,4,2,12,12,5,1,7,8,8,5,8,12,12,8,12,5.285118219749652,2
349,232,24,75,2,1,0,1,208,0,0,0,2,1,4,0,550,0,3,553,0,349,"Pt Union Middle School ,Additional Building, West Portion,
Nallur-625022","1.Nallur (R.V) Nallur (P) South Street,
2.Nallur (R.V) Nallur (P) Mela Street,",All Voters,"Pt Union Middle School ,Additional Building, West Portion",Nallur-625022,dravida munnetra kazhagam,232,208,24,tamilaga vettri kazhagam,3,4,1,12,7,9,2,9,12,12,6,12,7,9,5,12,4.363636363636364,7
350,234,60,120,1,1,0,2,331,0,1,0,0,0,1,0,751,0,3,754,0,350,"Pt Union Elementary School, East Portion, Southern Side, Virathanoor-625009","1.Virathanoor (R.V) Virathanoor (P) North street Ward 1, 2.Virathanoor (R.V) Virathanoor (P) West Street Ward 1, 3.Virathanoor (R.V) Virathanoor (P) Nadu Street Ward 1, 4.Virathanoor (R.V) Virathanoor (P) South Street Ward 2, 5.Virathanoor (R.V) Virathanoor (P) Sathya Nagar Ward 2, 6.Virathanoor (R.V) Virathanoor (P) Nadu Street,",All Voters,"Pt Union Elementary School, East Portion, Southern Side",Virathanoor-625009,tamilaga vettri kazhagam,331,234,97,dravida munnetra kazhagam,3,4,2,11,7,7,1,6,11,7,5,11,11,11,7,11,12.91611185086551,1
351,329,29,137,0,0,1,1,258,0,1,2,2,0,3,2,765,0,5,770,0,351,"Pt Union Elementary School, Additional Building, South Side,Virathanoor-625009","1.Kusavapatti (R.V) Virathanur (P) Kusavapatti Mela Street Ward 3, 2.Kusavapatti (R.V) Virathanoor (P) Kusavapatti East Street Ward 3, 3.Kusavapatti (R.V) Virathanoor (P) Kusavapatti Indira Nagar Colony Ward 3, 4.Virathanur (R.V) Muthankulam (P) Muthankulam,
5.Virathanoor (R.V) Virathanoor (P) East Street Ward 1 ,",All Voters,"Pt Union Elementary School, Additional Building, South Side",Virathanoor-625009,dravida munnetra kazhagam,329,258,71,tamilaga vettri kazhagam,3,4,1,10,13,13,2,10,13,10,5,7,7,13,6,7,9.281045751633988,9
352,254,47,159,1,0,0,1,244,0,1,0,0,0,1,2,710,0,1,711,0,352,"Pt Union Middle School, Nedunkulam-625009","1.Virathanur (R.V) Virathanur (P) Nedunkulam,",All Voters,Pt Union Middle School,Nedunkulam-625009,dravida munnetra kazhagam,254,244,10,tamilaga vettri kazhagam,3,4,1,11,6,11,2,6,11,6,6,11,11,11,6,5,1.408450704225352,3
