Serial No. Of Polling Station,Dravida Munnetra Kazhagam,Naam Tamilar Katchi,All India Anna Dravida Munnetra Kazhagam,Tamilaga Vettri Kazhagam,Tamizhaga Vaazhvurimai Katchi,Independent,Independent.1,Independent.2,Independent.3,Independent.4,Independent.5,Independent.6,Independent.7,Independent.8,Independent.9,Independent.10,Independent.11,Independent.12,Independent.13,Independent.14,Independent.15,Total of Valid Votes,No. Of Rejected Votes,NOTA,Total,No. Of Tendered Votes,Sl. No,Polling Station Name,Polling Areas,Polling Station Type,Winner_Party,Winner_Votes,Runner_Up_Votes,Margin_Of_Victory,Runner_Up_Party,Dravida Munnetra Kazhagam_Rank,Naam Tamilar Katchi_Rank,All India Anna Dravida Munnetra Kazhagam_Rank,Tamilaga Vettri Kazhagam_Rank,Tamizhaga Vaazhvurimai Katchi_Rank,Independent_Rank,Margin_Percentage,Total_Independent_Votes,DMK_share_pct,NTK_share_pct,AIADMK_share_pct,TVK_share_pct,TAVAK_share_pct,IND_share_pct,Cluster_ID
1,195,6,342,188,0,14,1,1,0,0,1,1,3,1,0,2,2,0,0,0,0,745,0,3,748,0,1,"Panchayat Union Elementary School
North Facing  Building  Eastern Side 1St Room Thaliyur Coimbatore 641109","1.Ward  No 1 TTS Thippaiya  Street
2.Ward  No 1 Gandhi Colony 999.Overseas Electors",All Voters,All India Anna Dravida Munnetra Kazhagam,342,195,147,Dravida Munnetra Kazhagam,2,5,1,3,6,4,19.73154362416107,14,26.1744966442953,0.8053691275167786,45.90604026845638,25.23489932885906,0.0,1.879194630872483,3
2,116,15,388,160,0,12,2,0,0,0,0,0,0,1,1,2,2,0,1,2,0,691,0,2,693,0,2,Panchayat Union Elementary School North Facing  Building  Eastern Side Room Thaliyur Coimbatore 641109,1.Ward  No 15  Uliyampalayam Main Road 999.Overseas Electors,All Voters,All India Anna Dravida Munnetra Kazhagam,388,160,228,Tamilaga Vettri Kazhagam,3,4,1,2,6,5,32.99565846599132,12,16.78726483357453,2.170767004341534,56.15050651230101,23.1548480463097,0.0,1.736613603473227,3
3,204,25,422,195,1,16,1,0,0,0,0,0,2,3,0,1,3,3,2,0,0,863,0,2,865,0,3,Panchayat Union Elementary School East Facing  Building  Eastern Side Room Deenampalayam  Coimbatore 641109,"1.Ward  No 9 Maniyakarar Street
2.Ward  No 10  Veerannagouder Street",All Voters,All India Anna Dravida Munnetra Kazhagam,422,204,218,Dravida Munnetra Kazhagam,2,4,1,3,6,5,25.26071842410197,16,23.63847045191194,2.896871378910777,48.8991888760139,22.59559675550405,0.115874855156431,1.853997682502897,3
4,180,22,274,212,0,5,0,1,0,1,0,1,0,0,0,0,1,0,0,0,1,693,0,1,694,0,4,Panchayat Union Elementary School East Facing  Building  South Side Room Deenampalayam  Coimbatore 641109,"1.Ward  No 6 Kuppusamy  Gowder Street Murugan Nagar
2.Ward  No 8 MGR Nagar
3.Ward  No 8 Nanjaiya Nagar
4.Ward  No 8 Astalakshmi Nagar
5.Ward  No 8 West Chittirai Savadi Salai",All Voters,All India Anna Dravida Munnetra Kazhagam,274,212,62,Tamilaga Vettri Kazhagam,3,4,1,2,6,5,8.946608946608947,5,25.97402597402597,3.174603174603174,39.53823953823954,30.59163059163059,0.0,0.7215007215007215,0
5,210,37,324,266,0,3,0,0,0,0,0,0,1,1,0,0,0,0,1,0,0,840,0,4,844,0,5,Panchayat Union Elementary School East Facing  Building  South Side Room Deenampalayam  Coimbatore 641109,"1.Ward  No 3 Sitrasavadi Thottam Street
2.Ward  No 3 Puchiyur Arijanacolony
3.MGR Nagar Huts
4.Ward  No 8 Jaya Nagar
5.Ward  No 8 Bose Garden
6.Ward  No 8 Rasi Garden
7.Ward  No 8 Chinnasamy Nagar
8.Ward  No 8 Simsan Nagar
9.Ward  No 9 Kuttaipaguthi",All Voters,All India Anna Dravida Munnetra Kazhagam,324,266,58,Tamilaga Vettri Kazhagam,3,4,1,2,6,5,6.904761904761905,3,25.0,4.404761904761905,38.57142857142858,31.66666666666666,0.0,0.3571428571428572,0
6,198,34,266,241,0,6,0,0,0,1,0,0,1,0,0,1,0,0,2,1,0,745,0,5,750,0,6,"Premier Vidyaa Vikash Matriculation Higher
Secondary  School
North Facing  1st Room From  East Side Uliyampalayam Coimbatore 641109","1.Ward  No 2 Kuppusamygouder Street
2.Ward  No 2 Kuppusamygouder Street U V R Nagar 999.Overseas Elector",All Voters,All India Anna Dravida Munnetra Kazhagam,266,241,25,Tamilaga Vettri Kazhagam,3,4,1,2,6,5,3.355704697986577,6,26.57718120805369,4.563758389261745,35.70469798657718,32.34899328859061,0.0,0.8053691275167786,0
7,114,10,185,134,0,8,1,0,0,0,0,0,1,1,0,0,2,0,1,1,1,451,0,0,451,0,7,"Premier Vidyaa Vikash Matriculation Higher
Secondary  School
North Facing   2nd  Room from  East side Uliyampalayam Coimbatore 641109","1.Vinayagarkovil Street Wno3
2.Arisana  Colony Wno2
3.Arisana  Colony Uliyampalayam   Wno2",All Voters,All India Anna Dravida Munnetra Kazhagam,185,134,51,Tamilaga Vettri Kazhagam,3,4,1,2,6,5,11.30820399113082,8,25.27716186252771,2.217294900221729,41.019955654102,29.71175166297117,0.0,1.773835920177384,3
8,133,22,218,223,0,2,0,0,1,0,0,0,0,0,0,0,1,0,0,0,0,598,0,1,599,0,8,"Panchayat Union Middle School
West Facing Building Southern Side Room Kalikkanaickenpalayam Coimbatore 641109","1.Tank Street South Wno7
2.Narasipuram  Road Wno7 999.Overseas Elector",All Voters,Tamilaga Vettri Kazhagam,223,218,5,All India Anna Dravida Munnetra Kazhagam,3,4,2,1,6,5,0.8361204013377926,2,22.24080267558528,3.678929765886288,36.45484949832776,37.29096989966555,0.0,0.3344481605351171,0
9,178,17,341,298,1,15,2,0,0,0,2,0,1,0,2,2,2,2,1,1,0,850,0,1,851,0,9,"Panchayat Union Middle School
West Facing Building Southern Side 2  Room Kalikkanaickenpalayam Coimbatore 641109","1.Harijana Colony Wno5
2.Venkadesha Nagar Wno5",All Voters,All India Anna Dravida Munnetra Kazhagam,341,298,43,Tamilaga Vettri Kazhagam,3,4,1,2,6,5,5.058823529411764,15,20.94117647058824,2.0,40.11764705882353,35.05882352941177,0.1176470588235294,1.764705882352941,1
10,120,26,254,242,0,12,0,0,1,2,1,0,1,2,1,2,0,1,1,0,0,654,0,3,657,0,10,"Panchayat Union Middle School, East Facing Building  South Side First Room(Kalikkanaickenpalayam Coimbatore 641109)","1.Huts Wno5
2.Thayappa  Nadar Road Wno5
3.Keil Chithirai Chavadi Wno5
4.Ganthiji Street Wno7
5.Kurunji Nagar Wno5",All Voters,All India Anna Dravida Munnetra Kazhagam,254,242,12,Tamilaga Vettri Kazhagam,3,4,1,2,6,5,1.834862385321101,12,18.34862385321101,3.975535168195719,38.83792048929664,37.00305810397553,0.0,1.834862385321101,0
11,191,24,299,258,3,10,1,0,0,1,2,0,0,0,1,2,0,1,0,1,0,785,0,2,787,0,11,Panchayat Union Middle School West Facing Building  North Side Second Room Kalikkanaickenpalayam   641109,"1.Mariyamman Kovil Street W.No.4
2.Tank Street North W.No.4
3.J.J.Nagar W.No.5
999.Overseas Electors",All Voters,All India Anna Dravida Munnetra Kazhagam,299,258,41,Tamilaga Vettri Kazhagam,3,4,1,2,6,5,5.222929936305733,10,24.3312101910828,3.057324840764331,38.08917197452229,32.86624203821656,0.3821656050955414,1.273885350318471,1
12,161,30,249,309,1,8,1,0,0,2,1,0,0,0,0,1,0,0,2,0,1,758,0,5,763,0,12,"Panchayat Union Middle School
West Facing Building North Side Room Kalikkanaickenpalayam Coimbatore 641109","1.RG Nagar Wno5
2.Anna Nagar Wno5
3.Lakshmi Nagar Wno5
4.CBC Gardens Wno5 999.Overseas Elector",All Voters,Tamilaga Vettri Kazhagam,309,249,60,All India Anna Dravida Munnetra Kazhagam,3,4,2,1,6,5,7.9155672823219,8,21.2401055408971,3.95778364116095,32.84960422163589,40.76517150395778,0.1319261213720317,1.055408970976253,1
13,156,21,208,176,1,6,0,1,0,2,0,0,0,0,0,2,0,0,0,0,1,568,0,1,569,0,13,Panchayat Union Elementary School  North Facing  Building  West Side 1St Room Kulathupalayam Coimbatore 641109,"1.Narasipuram  Road W.No.11
2.West Chithirai Savady  W.No.11
3.Viswanathapuram W.No.11
4.K.T.R.Sami Nagar W.No.11
5.Ayyammal Avenue W.No.11 999.Overseas Electors",All Voters,All India Anna Dravida Munnetra Kazhagam,208,176,32,Tamilaga Vettri Kazhagam,3,4,1,2,6,5,5.633802816901409,6,27.46478873239437,3.697183098591549,36.61971830985916,30.98591549295774,0.176056338028169,1.056338028169014,1
14,133,16,231,166,1,5,0,0,0,0,0,0,0,0,0,0,1,1,2,1,0,552,0,0,552,0,14,"Panchayat Union Elementary School North Facing Building  East Side 2nd Room  Kulathupalayam-
641109",1.EB Street Wno14 999.Overseas Elector,All Voters,All India Anna Dravida Munnetra Kazhagam,231,166,65,Tamilaga Vettri Kazhagam,3,4,1,2,6,5,11.77536231884058,5,24.09420289855072,2.898550724637681,41.84782608695652,30.07246376811594,0.1811594202898551,0.9057971014492754,1
15,75,6,285,162,0,12,0,0,0,0,1,1,2,3,0,1,0,1,3,0,0,540,0,0,540,0,15,"Panchayat Union Elementary School East Facing Building  South Side Room Kulathupalayam
Coimbatore 641109",1.Santhai Pettai Street Wno13,All Voters,All India Anna Dravida Munnetra Kazhagam,285,162,123,Tamilaga Vettri Kazhagam,3,5,1,2,6,4,22.77777777777778,12,13.88888888888889,1.111111111111111,52.77777777777778,30.0,0.0,2.222222222222222,3
16,184,18,231,266,0,6,0,0,0,0,0,0,1,0,0,0,2,0,2,0,0,705,0,2,707,0,16,Panchayat Union Elementary School East Facing Building  North Side Room Kulathupalayam-641109,"1.Veeramathiamman Kovil Street W.No.12
2.Ambaal Nagar W.No.12
3.Pillaiyar Kovil Street W.No.12
4.Rani Rajalakshmi Nagar W.No.12
5.Geethanjali Nagar W.No.13 999.Overseas Electors",All Voters,Tamilaga Vettri Kazhagam,266,231,35,All India Anna Dravida Munnetra Kazhagam,3,4,2,1,6,5,4.964539007092199,6,26.09929078014184,2.553191489361702,32.76595744680851,37.73049645390071,0.0,0.851063829787234,0
17,140,19,321,198,1,11,0,0,0,0,0,1,0,2,0,1,2,0,3,0,1,690,0,3,693,0,17,"Panchayat Union Middle School
North Facing  Building  North Facing Room Putthur Thenamanallur Coimbatore 641109","1.Putthur W.No.1
2.Putthur W.No.2 999.Overseas Electors",All Voters,All India Anna Dravida Munnetra Kazhagam,321,198,123,Tamilaga Vettri Kazhagam,3,4,1,2,6,5,17.82608695652174,11,20.28985507246377,2.753623188405797,46.52173913043478,28.69565217391304,0.1449275362318841,1.594202898550725,3
18,141,17,280,313,3,11,0,0,0,1,0,1,0,0,0,0,1,3,3,2,0,765,0,2,767,0,18,"Panchayat Union Middle School
East Facing  Building  East Facing  Room Putthur Thenamanallur Coimbatore 641109","1.New Putthur Colony W.No.2
2.Putthur Thotta Paguthi W. No.3
3.Vaikaal Thottam W.No.3 999.Overseas Electors",All Voters,Tamilaga Vettri Kazhagam,313,280,33,All India Anna Dravida Munnetra Kazhagam,3,4,2,1,6,5,4.313725490196078,11,18.43137254901961,2.222222222222222,36.60130718954248,40.91503267973856,0.392156862745098,1.437908496732026,1
19,134,37,458,191,2,13,1,0,0,1,0,1,0,2,0,2,1,1,3,0,0,835,0,2,837,0,19,"Periya  Ramasamy Gounder Govt Aided Middle
School
East Facing  Building  East Facing  Room  1 Thenamanallur Coimbatore 641109","1.Thennamanallur W.No.3
2.Thennamanallur W.No.4
3.Ad  Colony  Gandhicolony W.No.6 999.Overseas Electors",All Voters,All India Anna Dravida Munnetra Kazhagam,458,191,267,Tamilaga Vettri Kazhagam,3,4,1,2,6,5,31.97604790419162,13,16.04790419161677,4.431137724550898,54.8502994011976,22.87425149700599,0.2395209580838323,1.55688622754491,3
20,165,21,410,165,0,13,1,1,0,1,1,0,1,3,0,3,1,0,1,0,0,774,0,6,780,0,20,"Periya  Ramasamy Gounder Govt Aided Middle
School
North Facing  Building  East Facing  Room Thenamanallur Coimbatore 641109","1.Arisanacolony  Gandhi Colony W.No.6
2.Sandegoundar Palayam W.No.7
3.Sandegoundar Palayam W.No.8 999.Overseas Electors",All Voters,All India Anna Dravida Munnetra Kazhagam,410,165,245,Tamilaga Vettri Kazhagam,2,4,1,2,6,5,31.65374677002584,13,21.31782945736434,2.713178294573643,52.97157622739018,21.31782945736434,0.0,1.679586563307494,3
21,167,49,370,193,3,10,0,0,0,0,2,0,0,2,0,3,0,1,2,0,0,792,0,5,797,0,21,"Periya  Ramasamy Gounder Govt Aided Middle School
South Facing Building South Side 3Rd  Room Thenamanallur Coimbatore 641109","1.Mariayamman Kovil Street   W.No.5
2.Vadakkalur W.No.6
3.Ambethkar Nagar W.No.6
4.Kallimedu W.No.9 999.Overseas Electors",All Voters,All India Anna Dravida Munnetra Kazhagam,370,193,177,Tamilaga Vettri Kazhagam,3,4,1,2,6,5,22.34848484848485,10,21.08585858585858,6.186868686868687,46.71717171717172,24.36868686868687,0.3787878787878788,1.262626262626263,1
22,159,24,481,158,0,2,0,0,0,0,0,0,0,0,0,1,0,0,0,0,1,824,0,6,830,0,22,"Government High School East Facing  Building North Side 1st Room,Devarayapuram-641109","1.Devarayapuram W.No.1
2.Devarayapuram W.No.2
3.Parameshwaran Palayam Narasi Puram  Main Road  W.No.4
4.Parameshwaran Palayam North Street   W.No.4 999.Overseas Electors",All Voters,All India Anna Dravida Munnetra Kazhagam,481,159,322,Dravida Munnetra Kazhagam,2,4,1,3,6,5,39.07766990291262,2,19.29611650485437,2.912621359223301,58.37378640776699,19.1747572815534,0.0,0.2427184466019417,3
23,184,26,458,164,0,24,1,1,1,0,1,0,4,3,0,2,1,0,3,1,3,856,0,1,857,0,23,"Government High School East Facing  2nd  Room From  North Side
Devarayapuram  Coimbatore 641109",1.Devarayapuram W.No.3 999.Overseas Electors,All Voters,All India Anna Dravida Munnetra Kazhagam,458,184,274,Dravida Munnetra Kazhagam,2,4,1,3,6,5,32.00934579439252,24,21.49532710280374,3.037383177570093,53.50467289719626,19.1588785046729,0.0,2.803738317757009,3
24,123,17,380,127,0,9,0,0,0,0,0,0,3,0,0,0,2,0,2,1,1,656,0,1,657,0,24,Government High School East Facing  Terraced Building  3rd Room  From South Side Devarayapuram  Coimbatore 641109,"1.Kamatchi Amman  Kovil Street W.No.7
2.Palaniyandavar Kovil Street W.No.7
3.Pattiyar Koil Street W.No.7
4.Tottappakuthi W.No.7
5.Mettu Arijana  Colony W.No.4
6.Narasipuram  Main Road  W.No.5
7.Kuayavar Street W.No.5
8.Hospital Street W.No.5
9.Arijana   Colony  W.No.5
10.Putthur Road  W.No.5
11.Thottapaguthi W.No.5 999.Overseas Electors",All Voters,All India Anna Dravida Munnetra Kazhagam,380,127,253,Tamilaga Vettri Kazhagam,3,4,1,2,6,5,38.56707317073171,9,18.75,2.591463414634146,57.92682926829268,19.35975609756098,0.0,1.371951219512195,3
25,144,13,312,127,0,9,0,0,0,0,1,1,1,1,1,2,1,0,1,0,0,605,0,3,608,0,25,"Government High School East Facing  Building South   Side 2nd   Room
Devarayapuram  Coimbatore 641109","1.Parameshwaranpalayam Oil Mill W.No.5
2.Parameshwaran Palayam Nadu Street W.No.5
3.Arisana  Colony New Quaters W.No.3
4.Kondaiyampalayam Arijana  Colony W.No.6
5.Arijana  Colony Road  W.No.6 999.Overseas Electors",All Voters,All India Anna Dravida Munnetra Kazhagam,312,144,168,Dravida Munnetra Kazhagam,2,4,1,3,6,5,27.76859504132231,9,23.80165289256198,2.148760330578512,51.5702479338843,20.99173553719008,0.0,1.487603305785124,3
26,136,23,467,138,2,7,0,0,0,0,3,0,0,0,0,0,1,1,0,1,0,773,0,1,774,0,26,Panchayat Union Elementary School South Facing Building East Side Room Pullagoundenpudur Coimbatore 641109,"1.East Street W.No.8
2.Nadu Street W.No.2
3.Arijina  Colony W.No.8
4.Thari Godown Street Arijana Colony  W.No.4
5.East St Kondaiyampalayam  Road W.No.8
6.Thottapaguthi Pullagoundanpudur
7.West Street Pullagoundanpudur W.No.9
8.West Street Thottam  W.No.9 999.Overseas Electors",All Voters,All India Anna Dravida Munnetra Kazhagam,467,138,329,Tamilaga Vettri Kazhagam,3,4,1,2,6,5,42.5614489003881,7,17.59379042690815,2.975420439844761,60.41397153945667,17.85252263906856,0.258732212160414,0.9055627425614489,3
27,76,22,258,96,0,7,1,0,0,0,2,0,0,0,0,1,1,0,1,0,0,459,0,0,459,0,27,Panchayat Union Elementary School  East Facing  Tiled Building Vellerukkampalayam Coimbatore 641109,"1.Arichana Colony
2.Thottapakuthi",All Voters,All India Anna Dravida Munnetra Kazhagam,258,96,162,Tamilaga Vettri Kazhagam,3,4,1,2,6,5,35.29411764705883,7,16.55773420479303,4.793028322440087,56.20915032679738,20.91503267973856,0.0,1.525054466230937,3
28,206,10,261,141,0,15,0,1,0,0,1,3,4,2,0,1,1,0,1,0,1,633,0,0,633,0,28,Panchayat Union Elementary School North Facing  Tiled Building Vellerukkampalayam Coimbatore 641109,"1.East Street
2.Valaiyar Street",All Voters,All India Anna Dravida Munnetra Kazhagam,261,206,55,Dravida Munnetra Kazhagam,2,5,1,3,6,4,8.688783570300158,15,32.5434439178515,1.579778830963665,41.23222748815166,22.27488151658768,0.0,2.369668246445498,3
29,250,40,352,266,1,10,1,0,0,0,2,0,0,1,0,2,0,0,2,2,0,919,0,5,924,0,29,"Government Boys Higher Secondary School North Facing  Back Side Building  Western Side Room
Thondamuthur Coimbatore 641109","1.Narasipuram  Road Wno7
2.Varadarajapuram Wno5
3.Kullathupalayam Road Wno5
4.Valaiyankuttai Road  Wno5
5.MGR nagar Wno5
6.Ambalnagar Wno5",All Voters,All India Anna Dravida Munnetra Kazhagam,352,266,86,Tamilaga Vettri Kazhagam,3,4,1,2,6,5,9.357997823721437,10,27.20348204570185,4.352557127312296,38.3025027203482,28.94450489662677,0.1088139281828074,1.088139281828074,1
30,174,18,280,183,0,16,0,1,0,0,2,0,1,2,2,2,3,0,2,0,0,671,0,2,673,0,30,Government Boys Higher Secondary School North facing  Backside building  East side Room Thondamuthur Coimbatore 641109,"1.Savarath Tholilalar Colony Wno9
2.Amman Nagar Wno 9
3.VOC Street Wno 10",All Voters,All India Anna Dravida Munnetra Kazhagam,280,183,97,Tamilaga Vettri Kazhagam,3,4,1,2,6,5,14.45603576751118,16,25.93144560357675,2.682563338301043,41.72876304023845,27.27272727272727,0.0,2.384500745156483,3
31,242,25,311,223,1,11,0,0,0,2,0,0,0,2,0,1,3,0,0,1,0,813,0,3,816,0,31,"Government Boys Higher Secondary School East Facing  Front Row Building  1St Room  From North
Thondamuthur Coimbatore 641109","1.Vasuki Street W.No.10
2.Thiruvalluvar Street W.No.10
3.West Rata Street W.No.13
4.Mariamman Kovil Street W.No.13
5.Bajanai Kovil Street W.No.13
6.Teachers Colony  W.No.13
7.Kamatchiamman Kovil Street W.No.13
8.T.N.R. Nagar W.No.14
999.Overseas Electors",All Voters,All India Anna Dravida Munnetra Kazhagam,311,242,69,Dravida Munnetra Kazhagam,2,4,1,3,6,5,8.487084870848708,11,29.76629766297663,3.075030750307503,38.25338253382534,27.42927429274293,0.1230012300123001,1.353013530135301,1
32,191,23,283,299,0,8,1,0,0,0,0,2,0,0,0,2,1,0,1,0,0,804,0,3,807,0,32,"Government Boys Higher Secondary School
East Facing  Front Row Building   3rd Room  From North
Thondamuthur Coimbatore 641109","1.Mathampatti Road Wno13
2.Velayutha  Nadar Thottam Slum  Area Wno 15
3.Poluvampatti Road Wno14
4.Jallikulli Street Wno15
5.Anna Nagar Wno 14 999.Overseas Elector",All Voters,Tamilaga Vettri Kazhagam,299,283,16,All India Anna Dravida Munnetra Kazhagam,3,4,2,1,6,5,1.990049751243781,8,23.75621890547264,2.860696517412936,35.19900497512437,37.18905472636816,0.0,0.9950248756218906,0
33,180,25,374,289,3,26,2,0,0,1,5,1,2,3,1,3,1,3,1,0,1,897,0,4,901,0,33,"Government Boys Higher Secondary School
North Facing  Building  (Tiled) 2Nd Room  From  East Thondamuthur Coimbatore 641109","1.East Street Ward  No 11
2.Muniappan Koil Street Ward No 11
3.Vanji Amman Nagar   Ward No 11
4.Thirumurugan Nagar   W No 11 999.Overseas Electors",All Voters,All India Anna Dravida Munnetra Kazhagam,374,289,85,Tamilaga Vettri Kazhagam,3,5,1,2,6,4,9.47603121516165,26,20.06688963210702,2.787068004459309,41.69453734671126,32.21850613154961,0.3344481605351171,2.898550724637681,1
34,176,25,237,211,0,6,0,0,0,0,0,1,1,0,1,0,1,0,2,0,0,655,0,6,661,0,34,"Government Boys Higher Secondary School
North Facing  Building  (Tiled) 4Th Room  From East
Thondamuthur Coimbatore 641109","1.Puthur Road  Ward  No 9
2.Vaikaal Street Ward No 9
3.Narasipuram  Road Ward No 11
4.Madhampatti Road  Ward No 11",All Voters,All India Anna Dravida Munnetra Kazhagam,237,211,26,Tamilaga Vettri Kazhagam,3,4,1,2,6,5,3.969465648854962,6,26.87022900763359,3.816793893129771,36.18320610687023,32.21374045801527,0.0,0.9160305343511451,0
35,239,33,289,220,1,11,0,0,0,0,1,0,2,5,0,0,1,0,0,0,1,793,0,3,796,0,35,"Government Girls Higher Secondary  School
North Facing  Rcc Building  2nd  Row 3rd  Room From  East
Muthipalayam  Coimbatore 641109","1.Kembanur Road  Nethaji Nagar Ward No 5
2.Bharathi Colony Ward  No 6
3.Gandhiji Colony Ward No 6
4.Narasipuram  Road Ward No 7
5.Periyar Street Ward  No 2",All Voters,All India Anna Dravida Munnetra Kazhagam,289,239,50,Dravida Munnetra Kazhagam,2,4,1,3,6,5,6.305170239596469,11,30.13871374527112,4.16141235813367,36.44388398486759,27.74274905422446,0.1261034047919294,1.387137452711223,1
36,194,23,358,291,1,9,0,1,0,1,0,0,2,0,0,0,1,1,2,1,0,876,0,8,884,0,36,Government Girls Higher Secondary  School North Facing  Rcc Building  4th Room  From East Muthipalayam  Coimbatore 641109,"1.Muthalamman Street Ward No 6
2.Muththipalayam  Kembanur Road  Ward  No 2
3.Muththipalayam  Periyar Street Ward No 2 999.Overseas Elector",All Voters,All India Anna Dravida Munnetra Kazhagam,358,291,67,Tamilaga Vettri Kazhagam,3,4,1,2,6,5,7.648401826484018,9,22.14611872146119,2.625570776255707,40.8675799086758,33.21917808219178,0.1141552511415525,1.027397260273972,1
37,198,18,273,92,0,22,1,0,0,0,0,0,0,2,0,3,7,0,5,4,0,603,0,4,607,0,37,"Panchayat Union Elementary School
East Facing  Tiled Room  From  South Building Kembanur Coimbatore 641109","1.Kembanur West W.No.3
2.Kembanur South St W.No.3
3.Attukal Hills Area  W.No.4 999.Overseas Electors",All Voters,All India Anna Dravida Munnetra Kazhagam,273,198,75,Dravida Munnetra Kazhagam,2,5,1,3,6,4,12.43781094527363,22,32.83582089552239,2.985074626865671,45.27363184079602,15.25704809286899,0.0,3.648424543946932,3
38,154,8,228,121,1,12,0,0,0,0,1,1,2,3,1,1,1,0,0,2,0,524,0,0,524,0,38,Panchayat Union Elementary School East Facing  North Side Room Kembanur Coimbatore 641109,"1.Kembanur East Street W.No.4
2.Kembanur Ad Colony W.No.4
3.Kembanur Arijana  Colony  W.No.4 999.Overseas Electors",All Voters,All India Anna Dravida Munnetra Kazhagam,228,154,74,Dravida Munnetra Kazhagam,2,5,1,3,6,4,14.12213740458015,12,29.38931297709924,1.526717557251908,43.51145038167939,23.09160305343512,0.1908396946564885,2.290076335877862,3
39,144,17,392,132,0,6,0,0,0,3,2,0,0,0,0,1,0,0,0,0,0,691,0,1,692,0,39,"Panchayat Union Elementary School
North Facing  Building  1St Room From  East Kaliyannanpudur Coimbatore 641109","1.Kaaliannan Pudur W.No.8
2.Veerakulathal street W.No.8
3.Narasipuram  Road W.No.8
4.Narasipuramroad Farmarea  W.No.8
5.Vandikkaranoor W.No.1 999.Overseas Electors",All Voters,All India Anna Dravida Munnetra Kazhagam,392,144,248,Dravida Munnetra Kazhagam,2,4,1,3,6,5,35.89001447178003,6,20.83936324167873,2.460202604920405,56.72937771345875,19.1027496382055,0.0,0.8683068017366137,3
40,153,20,410,211,2,13,1,0,0,1,2,0,2,0,0,0,3,0,2,1,0,809,0,3,812,0,40,"Panchayat Union Elementary School
North Facing  Building  2Nd Room  From  East Kaliyannanpudur Coimbatore 641109","1.Valayapalayam  W.No.8
2.Vandikkaranoor Arichana  Colony W.No.1
3.Kuppepalayam W.No.1
4.Kuppepalayam Arichana  Colony  W.No.1
5.Mallikainagar W.No.8 999.Overseas Electors",All Voters,All India Anna Dravida Munnetra Kazhagam,410,211,199,Tamilaga Vettri Kazhagam,3,4,1,2,6,5,24.59826946847961,13,18.91223733003708,2.472187886279357,50.67985166872683,26.08158220024722,0.2472187886279357,1.606922126081582,3
41,238,9,307,188,0,13,1,2,0,0,0,0,0,1,1,2,2,0,1,1,1,755,0,0,755,0,41,Panchayat Union Elementary School South Facing Building 1St Std Class Room Narasipuram  Coimbatore 641109,"1.Samanam Pudur W.No.123
2.Athur W.No. 1,2,3
3.Palaniandavar Kovil St W.No.1,2,3,
4.Mariamman Kovil St W.No.1,2,3
5.Vinayagar Kovil St W.No. 1,2,3
6.Nadar St W.No.2
7.Kamatchiamman Kovil St W.No.2 999.Overseas Electors",All Voters,All India Anna Dravida Munnetra Kazhagam,307,238,69,Dravida Munnetra Kazhagam,2,5,1,3,6,4,9.13907284768212,13,31.52317880794702,1.19205298013245,40.66225165562914,24.90066225165563,0.0,1.721854304635762,3
42,135,13,272,158,1,15,1,0,0,1,0,0,4,2,1,1,0,1,2,0,0,594,0,2,596,0,42,"Panchayat Union Elementary School
East Facing  Building  North Side 1St Room Narasipuram  Coimbatore 641109","1.Forest Qts Kamachiamman Kovil St W.No.4
2.Mariamman Kovil St W.No.4
3.Thondupattikadu W.No.4
4.Thottam W.No.4
5.Thanikkandi W.No.4
6.Thottam Thanikkandi W.No.4
7.Kaliyapuram W.No.4 999.Overseas Electors",All Voters,All India Anna Dravida Munnetra Kazhagam,272,158,114,Tamilaga Vettri Kazhagam,3,5,1,2,6,4,19.19191919191919,15,22.72727272727273,2.188552188552189,45.79124579124579,26.5993265993266,0.1683501683501683,2.525252525252525,3
43,221,15,223,166,2,15,1,0,0,0,1,0,2,1,1,2,1,1,3,1,1,642,0,3,645,0,43,Panchayat Union Elementary School East Facing  North Side 2Nd  Room Narasipuram  Coimbatore 641109,"1.Corporation Bank St W.No.3
2.Ramadevi Kovil St W.No.3
3.Dharmaraja Kovil St W.No.3
4.Adi Dravidar Colony W.No.4 999.Overseas Electors",All Voters,All India Anna Dravida Munnetra Kazhagam,223,221,2,Dravida Munnetra Kazhagam,2,4,1,3,6,4,0.3115264797507788,15,34.42367601246106,2.336448598130841,34.73520249221183,25.85669781931464,0.3115264797507788,2.336448598130841,1
44,211,9,468,196,0,18,0,1,1,0,1,2,0,1,0,1,2,4,1,3,1,902,0,0,902,0,44,"Panchayat Union Elementary School
West Facing Building South Side 1St Room Jakkirnaickenpalayam Coimbatore 641109","1.Jakeernayakanpalayam Aarijanacolony  W.No.1
2.Vinayagarkovilstreet W.No.1
3.Vinayagar Kovil Street W.No.2
4.Ayyasami Kovilstreet W.No.2
5.Narasipuram  Road West Ward No.2
6.Selambanur East W.No.3
7.Narasipuram  Main Road  W.No.3
8.Selambanur Main Road  W.No.3
9.Selambanur Valayar Colony W.No.3
10.Salambanur Palaniyandavar Kovil Street.11
11.Salambanur   Athithiravidar Colony.11 999.Overseas Electors",All Voters,All India Anna Dravida Munnetra Kazhagam,468,211,257,Dravida Munnetra Kazhagam,2,5,1,3,6,4,28.49223946784922,18,23.39246119733924,0.9977827050997782,51.88470066518847,21.72949002217295,0.0,1.995565410199556,3
45,187,36,407,221,0,20,0,0,0,1,0,0,2,3,1,3,2,1,5,2,0,871,0,5,876,0,45,Panchayat Union Elementary School  South Facing Building West Side 1St Room Vellimalaipattinam  Coimbatore 641109,"1.East Street
2.Athithiravidar Colony
3.Vellimalaipattinam  Main Road
4.Kalliangkadu
5.Vaitheki Road
6.South Street
7.West Street
8.East Street
9.Vaitheki Mullupathikadu Kallaru ,Sengampallam 999.Overseas Electors",All Voters,All India Anna Dravida Munnetra Kazhagam,407,221,186,Tamilaga Vettri Kazhagam,3,4,1,2,6,5,21.35476463834673,20,21.46957520091848,4.133180252583238,46.72789896670494,25.37313432835821,0.0,2.296211251435132,3
46,152,27,461,154,2,24,1,1,1,1,1,0,2,4,2,4,1,5,0,0,0,820,0,5,825,0,46,"Panchayat Union Middle School
West Side Building East Facing Room Viraliyur Coimbatore 641109","1.Sallipalayam Valaiyar Colony
2.Manickavasakar Nagar South
3.Manikkavasagar Nagar North
4.Maanikkavasagar Street
5.West St East Zone
6.Pillaiar Kovil Street
7.Amman Kovil Street
8.West Street 999.Overseas Electors",All Voters,All India Anna Dravida Munnetra Kazhagam,461,154,307,Tamilaga Vettri Kazhagam,3,4,1,2,6,5,37.4390243902439,24,18.53658536585366,3.292682926829269,56.21951219512196,18.78048780487805,0.2439024390243902,2.926829268292683,3
47,195,45,389,174,0,13,0,1,0,0,0,0,0,1,3,0,2,3,2,0,0,816,0,3,819,0,47,"Panchayat Union Middle School
North Facing  Rcc Building  West Side 1St Room Viraliyur Coimbatore 641109","1.Post Office Street
2.Center Street
3.Athithiravidar Street
4.East Street
5.Puduu Pillaiar  Kovil Street 999.Overseas Electors",All Voters,All India Anna Dravida Munnetra Kazhagam,389,195,194,Dravida Munnetra Kazhagam,2,4,1,3,6,5,23.77450980392157,13,23.89705882352941,5.514705882352941,47.67156862745098,21.32352941176471,0.0,1.593137254901961,3
48,108,19,145,85,0,5,0,0,1,0,1,0,0,0,0,1,1,0,1,0,0,362,0,0,362,0,48,"Panchayat Union Middle School
North Facing  South Side New Building Ikkarai Boluvampatti Coimbatore 641109","1.Ambethkar Street W.No.2
2.Nanthanar Street W.No.2
3.Jeeva  Street W.No.2
4.Valluvar Street W.No.2
5.Kakkan Street W.No.2 999.Overseas Electors",All Voters,All India Anna Dravida Munnetra Kazhagam,145,108,37,Dravida Munnetra Kazhagam,2,4,1,3,6,5,10.22099447513812,5,29.83425414364641,5.248618784530387,40.05524861878452,23.48066298342541,0.0,1.38121546961326,0
49,160,6,300,159,0,13,0,0,0,0,0,0,2,2,0,4,1,1,2,1,0,638,0,1,639,0,49,"Panchayat Union Middle School East Building  West Facing  Room
Ikkarai Boluvampatti Coimbatore 641109","1.Bhagathsingh Street W.No.2
2.Thiyaki Kumaran Street W.No.2
3.V.O.C. Street W.No.2
4.Rajaji Street W.No.2
5.Vallalar Street W.No.2 999.Overseas Electors",All Voters,All India Anna Dravida Munnetra Kazhagam,300,160,140,Dravida Munnetra Kazhagam,2,5,1,3,6,4,21.9435736677116,13,25.07836990595611,0.9404388714733543,47.02194357366771,24.92163009404389,0.0,2.037617554858934,3
50,119,10,248,170,1,8,1,0,0,0,0,0,1,0,1,2,1,1,1,0,0,556,0,3,559,0,50,"Panchayat Union Middle School West Building  East   Facing   Room
Ikkarai Boluvampatti Coimbatore 641109","1.Thilagar Street W.No.2
2.Andiappan St Ward  No 2
3.Annai Indhira  Street W.No.2",All Voters,All India Anna Dravida Munnetra Kazhagam,248,170,78,Tamilaga Vettri Kazhagam,3,4,1,2,6,5,14.02877697841726,8,21.40287769784173,1.798561151079137,44.60431654676259,30.57553956834532,0.1798561151079137,1.43884892086331,3
51,49,13,269,105,1,8,0,0,0,0,1,0,0,0,1,1,0,0,3,2,0,445,0,0,445,0,51,"Panchayat Union Middle School
East Facing  Building  South Side Room Ikkarai Boluvampatti Coimbatore 641109","1.Kamarasar Street W.No.2
2.Ramasamy  Street W.No.2
3.Nethaji Street W.No.2
4.Muthu Rama  Lingam  Street W.No.2 999.Overseas Electors",All Voters,All India Anna Dravida Munnetra Kazhagam,269,105,164,Tamilaga Vettri Kazhagam,3,4,1,2,6,5,36.85393258426966,8,11.01123595505618,2.921348314606742,60.44943820224719,23.59550561797753,0.2247191011235955,1.797752808988764,3
52,187,12,327,227,0,7,1,0,0,0,0,1,0,1,0,1,0,0,2,1,0,760,0,1,761,1,52,Panchayat Union Elementary School East Side West Facing  Building Semmedu Coimbatore 641114,"1.Chinnmalai Street, Gandhi Colony
2.Ward  No.4 Chenniaandavar Street
3.Vanchinathan Street W.No.4 999.Overseas Electors",All Voters,All India Anna Dravida Munnetra Kazhagam,327,227,100,Tamilaga Vettri Kazhagam,3,4,1,2,6,5,13.1578947368421,7,24.60526315789474,1.578947368421053,43.02631578947368,29.86842105263158,0.0,0.9210526315789472,0
53,162,6,244,121,0,10,0,0,0,1,0,0,1,0,0,2,1,2,2,0,0,543,0,1,544,0,53,Panchayat Union Elementary School West Side East Facing  Building Semmedu Coimbatore 641114,"1.Bharathidasan Street W.No.4
2.Ilango Street W.No.4
3.Thiruthakkar Street W.No.4
4.Neruji Street W.No 4
5.Karikalan Street W.No.4
6.Adigalar Street W.No.4
7.Sekkilar Street W.No.4
8.Sambanthar Street W.No.4 999.Overseas Electors",All Voters,All India Anna Dravida Munnetra Kazhagam,244,162,82,Dravida Munnetra Kazhagam,2,5,1,3,6,4,15.10128913443831,10,29.83425414364641,1.104972375690608,44.93554327808472,22.28360957642726,0.0,1.841620626151013,3
54,133,8,311,160,0,4,0,0,0,0,0,0,1,0,1,0,1,0,1,0,0,616,0,2,618,1,54,"Government High School
South Side North Facing  Building Semmedu Coimbatore 641114","1.Chinnamalai Street W.No.3
2.Thiru.V.K.Street W.No.3
3.Poondi Aandavar Street W.No.3
4.N.G.R.Street W.No.3 999.Overseas Electors",All Voters,All India Anna Dravida Munnetra Kazhagam,311,160,151,Tamilaga Vettri Kazhagam,3,4,1,2,6,5,24.51298701298701,4,21.59090909090909,1.298701298701299,50.48701298701299,25.97402597402597,0.0,0.6493506493506493,3
55,171,16,290,189,0,11,1,0,0,0,3,0,2,2,1,0,2,0,0,0,0,677,0,2,679,0,55,"Government High School East Facing  West Building
Semmedu Coimbatore 641114","1.Sathyamoorthi Street W.No.3
2.Vivekanandar Street W.No.3
3.Gandhiji Street W.No.3 999.Overseas Electors",All Voters,All India Anna Dravida Munnetra Kazhagam,290,189,101,Tamilaga Vettri Kazhagam,3,4,1,2,6,5,14.91875923190547,11,25.25849335302807,2.363367799113737,42.83604135893648,27.91728212703102,0.0,1.624815361890694,3
56,82,6,320,140,3,10,0,0,0,0,1,0,3,2,0,1,0,0,3,0,0,561,0,0,561,0,56,"Government Tribal Residential Primary  School North Facing  Building
Muttathuvayal Coimbatore 641114","1.Pattiar Kovil Street W.No.2
2.Sambanthar Street W.No.2
3.Jegajeevanram Street W.No.1
4.Lalbagathur Street W.No.1 999.Overseas Electors",All Voters,All India Anna Dravida Munnetra Kazhagam,320,140,180,Tamilaga Vettri Kazhagam,3,5,1,2,6,4,32.0855614973262,10,14.61675579322638,1.06951871657754,57.04099821746881,24.9554367201426,0.53475935828877,1.7825311942959,3
57,177,7,509,78,0,16,2,0,0,0,1,1,1,1,2,3,3,0,0,1,1,787,0,1,788,0,57,Government Tribal Residential High  School East Facing  Building  West Side Muttathuvayal Coimbatore 641114,"1.Palangudiyenar Street W.No.5
2.Barathiyar Street W.No. 5
3.Ishanavihar W.No.5 999.Overseas Electors",All Voters,All India Anna Dravida Munnetra Kazhagam,509,177,332,Dravida Munnetra Kazhagam,2,5,1,3,6,4,42.18551461245235,16,22.49047013977129,0.8894536213468869,64.67598475222364,9.91105463786531,0.0,2.033036848792884,3
58,176,20,463,245,0,7,0,1,0,0,1,0,0,0,0,1,0,1,2,0,1,911,0,2,913,0,58,"Panchayat Union Elementary School South Facing Building
Thombilipalayam  Mathuvarayapuram  641101","1.Attymuthu Gounder Street W.No.2,11
2.Thottarayan Koil Street W.No.2,11
3.Pattatharasi Amman Koil Street W.No.2,11
4.Kamatchi Amman  Koilstreet W.No.2,11 999.Overseas Electors",All Voters,All India Anna Dravida Munnetra Kazhagam,463,245,218,Tamilaga Vettri Kazhagam,3,4,1,2,6,5,23.92974753018661,7,19.31942919868277,2.195389681668496,50.82327113062569,26.89352360043908,0.0,0.7683863885839737,3
59,119,12,337,192,0,5,0,1,0,0,0,0,0,0,0,0,1,2,1,0,0,665,0,1,666,0,59,"Panchayat Union Elementary School West Facing Building
Thombilipalayam  Mathuvarayapuram  641101","1.Indra  Colony Street W.No.2,11
2.Kurinji Nagar W.No.2,11
3.Atti Muthu Gounder Street East
4.Perumal Kovil Street W.No.11
5.Vinayagar Kovil Street W.No.2
6.Perumal Kovil Street W.No.11
7.Atti Muthu Kounder Street W.No.11 999.Overseas Electors",All Voters,All India Anna Dravida Munnetra Kazhagam,337,192,145,Tamilaga Vettri Kazhagam,3,4,1,2,6,5,21.80451127819549,5,17.89473684210526,1.804511278195489,50.67669172932331,28.87218045112782,0.0,0.7518796992481203,3
60,98,9,220,128,0,0,0,0,0,0,0,0,0,0,0,0,0,0,0,0,0,455,0,0,455,0,60,"Panchayat Union Elementary School South Facing Building West
Thombilipalayam  Mathuvarayapuram  641101","1.Batrakaliamman Kovil Street   W.No.2,11
2.Thombilipalayam W.No.2,11
3.Paramasvaran Kovil Street W.No.11
4.Siruvani Road  W.No.2
5.Amman Kovil Street W.No.11
6.Amman Kovil Street North W.No.11 999.Overseas Electors",All Voters,All India Anna Dravida Munnetra Kazhagam,220,128,92,Tamilaga Vettri Kazhagam,3,4,1,2,5,5,20.21978021978022,0,21.53846153846154,1.978021978021978,48.35164835164835,28.13186813186813,0.0,0.0,0
61,243,25,335,181,0,8,1,0,0,0,1,0,1,0,1,0,2,0,0,2,0,792,0,4,796,0,61,Panchayat Union Middle School East Facing  West Building Mundanthurai Iruttupallam 641114,"1.Nalloorvayalweardno2
2.Thombulipalayam   Ward No2
3.Siruvani Adivaram  Ward No 3
4.Boys Hostel Wardno 3
5.Franlinsons Ward No 3
6.Bat Rabart Sons Ward No 3
7.Karunya  Ward  No 3
8.Siruvani Main Road  Ward  No 3 999.Overseas Electors",All Voters,All India Anna Dravida Munnetra Kazhagam,335,243,92,Dravida Munnetra Kazhagam,2,4,1,3,6,5,11.61616161616162,8,30.68181818181818,3.156565656565657,42.29797979797979,22.85353535353535,0.0,1.01010101010101,0
62,187,19,423,229,3,8,0,1,0,0,0,1,0,0,0,3,0,0,0,1,0,869,0,2,871,0,62,Panchayat Union Middle School North Facing  Room  West Building Mundanthurai Iruttupallam 641114,"1.Mathuvarayapuram
2.Noyal Nagar Ward  No 4
3.Noyal Nagar New House   Ward No 4
4.Nallurpathi Ward  No 4 999.Overseas Electors",All Voters,All India Anna Dravida Munnetra Kazhagam,423,229,194,Tamilaga Vettri Kazhagam,3,4,1,2,6,5,22.32451093210587,8,21.51898734177215,2.186421173762946,48.67663981588032,26.35212888377445,0.3452243958573072,0.9205983889528193,1
63,178,19,99,87,0,0,0,0,0,0,0,0,0,0,0,0,0,0,0,0,0,383,0,4,387,0,63,Panchayat Union Middle School West Facing East Building Mundanthurai Iruttupallam 641114,"1.Karunya  College Qtrs W.No.2
2.Karuya College Hostal W.No.2
3.Karunya  Nagar W.No.2 999.Overseas Electors",All Voters,Dravida Munnetra Kazhagam,178,99,79,All India Anna Dravida Munnetra Kazhagam,1,4,2,3,5,5,20.6266318537859,0,46.47519582245431,4.960835509138381,25.84856396866841,22.7154046997389,0.0,0.0,0
64,166,12,190,130,0,7,0,0,0,0,0,0,0,1,0,0,1,0,3,2,0,505,0,1,506,0,64,Panchayat Union Middle School West Facing North  Building Mundanthurai Iruttupallam 641114,"1.Eruttupallam  Ward No 4
2.Mundathurai Ward  No 4
3.Karunyanagar Ward No 9
4.Anjal Gardens Ward No 4 999.Overseas Electors",All Voters,All India Anna Dravida Munnetra Kazhagam,190,166,24,Dravida Munnetra Kazhagam,2,4,1,3,6,5,4.752475247524752,7,32.87128712871287,2.376237623762376,37.62376237623762,25.74257425742574,0.0,1.386138613861386,0
65,145,18,509,194,0,7,0,0,0,0,1,0,2,0,0,1,1,1,1,0,0,873,0,4,877,0,65,"Government Tribal Residential Primary  School South Facing North Building
Seengapathi Coimbatore 641114","1.Nallur Vayal Sappanimadai
2.Nallur Vayal Marakdu W.No.4
3.Nallur Vayal Solai Padukai W.No.4
4.Sadivayal W. No.4
5.Singupathi W.No.4
6.Potta Pathi W.No.4
7.Vellapathi W.No.4
8.Kalkothi W.No.4
9.Siruvani Adivaram  W.No.4
10.Siruvani Main Road  W.No.4 999.Overseas Electors",All Voters,All India Anna Dravida Munnetra Kazhagam,509,194,315,Tamilaga Vettri Kazhagam,3,4,1,2,6,5,36.08247422680412,7,16.60939289805269,2.061855670103093,58.30469644902635,22.22222222222222,0.0,0.8018327605956471,3
66,261,21,407,315,1,12,0,0,0,0,0,0,0,2,1,2,0,0,4,1,0,1017,0,1,1018,0,66,Panchayat Union Middle School North Facing  West Side 1St Room Alandurai Coimbatore 641101,"1.Siruvani Main Road  W.No.2,4,5
2.Kududurai Kovil Street W.No.2
3.Arisana  Colony W.No.13
4.Vinayagar Kovil Street W.No.8
5.Thombilipalayam W.No 2 999.Overseas Electors",All Voters,All India Anna Dravida Munnetra Kazhagam,407,315,92,Tamilaga Vettri Kazhagam,3,4,1,2,6,5,9.04621435594887,12,25.66371681415929,2.064896755162242,40.0196656833825,30.97345132743363,0.09832841691248771,1.179941002949852,0
67,172,12,373,186,0,11,2,0,0,0,0,0,2,1,0,0,1,2,3,0,0,754,0,2,756,0,67,Panchayat Union Middle School North Facing  East Side 1st Room Alandurai Coimbatore 641101,"1.Eruttupallam  Wno 10
2.Okkiliyar Street Wno 6
3.Kamatchiamman Street Wno 6
4.Mulakkadu Wno 12",All Voters,All India Anna Dravida Munnetra Kazhagam,373,186,187,Tamilaga Vettri Kazhagam,3,4,1,2,6,5,24.80106100795756,11,22.81167108753316,1.591511936339522,49.46949602122016,24.6684350132626,0.0,1.458885941644562,3
68,221,11,379,331,0,14,0,0,0,1,1,0,1,2,2,4,2,0,1,0,0,956,0,2,958,0,68,"Panchayat Union Middle School
West Facing North  Side Building  1St Room Alandurai Coimbatore 641101","1.Muthusamy  Goundar Street W.No.8
2.Pethi Chettiyar Street W.No.7 999.Overseas Electors",All Voters,All India Anna Dravida Munnetra Kazhagam,379,331,48,Tamilaga Vettri Kazhagam,3,5,1,2,6,4,5.02092050209205,14,23.11715481171548,1.150627615062761,39.64435146443515,34.62343096234309,0.0,1.464435146443515,0
69,183,11,389,234,1,3,0,0,0,0,0,0,1,0,0,1,1,0,0,0,0,821,0,1,822,0,69,"Panchayat Union Middle. School,West facing Room Alandurai   Coimbatore 641101","1.Oormanthai Street Wno 3
2.Kappini Boyan sandhu Wno 4
3.Mappilllaiyar Veettu Cut Wno 7
4.Bathiran Street Wno 3
5.Vanni Marthu Cut Wno 3
6.Union School Street Wno 4
7.Pachaiyammal Street Wno 3
8.Kulli Rangappan Street Wno 3
9.Mari Chettiyar Street Wno 4",All Voters,All India Anna Dravida Munnetra Kazhagam,389,234,155,Tamilaga Vettri Kazhagam,3,4,1,2,6,5,18.87941534713764,3,22.28989037758831,1.339829476248477,47.38124238733252,28.50182704019488,0.1218026796589525,0.3654080389768575,3
70,128,17,297,99,0,16,0,1,0,0,0,0,1,1,1,3,4,1,3,1,0,557,0,1,558,0,70,Panchayat Union Elementary School North Facing  East Side Building Valayankuttai Coimbatore 641101,"1.Rangasamy  Ksadu  Street Wno1
2.Mungil Madai Kuttai Wno11
3.Eruttupallam  Kadu Wno10,11",All Voters,All India Anna Dravida Munnetra Kazhagam,297,128,169,Dravida Munnetra Kazhagam,2,4,1,3,6,5,30.3411131059246,16,22.9802513464991,3.052064631956912,53.3213644524237,17.7737881508079,0.0,2.872531418312388,3
71,91,7,229,165,0,5,1,0,0,0,1,0,0,1,1,1,0,0,0,0,0,497,0,0,497,0,71,"Panchayat Union Primary  School, East Facing Building  South Side Room, Perumal KovilPathi-641101","1.Perumal Kovil Kadu W.No.1
2.Pachinam  Pathi Kadu W.No.1
3.Perumal Kovil Street W.No.11 999.Overseas Electors",All Voters,All India Anna Dravida Munnetra Kazhagam,229,165,64,Tamilaga Vettri Kazhagam,3,4,1,2,6,5,12.87726358148893,5,18.30985915492958,1.408450704225352,46.07645875251509,33.19919517102615,0.0,1.006036217303823,0
72,140,10,248,184,0,5,0,0,0,0,0,1,0,0,0,2,0,0,2,0,0,587,0,1,588,0,72,Panchayat Union Elementary School South Facing East Side Room Mugasimangalam  Coimbatore 641101,"1.Kovil Street Ward No 13
2.Arisana  Colony Ward No 13
3.Colony Street Ward No 15 999.Overseas Electors",All Voters,All India Anna Dravida Munnetra Kazhagam,248,184,64,Tamilaga Vettri Kazhagam,3,4,1,2,6,5,10.90289608177172,5,23.85008517887564,1.703577512776831,42.24872231686542,31.3458262350937,0.0,0.8517887563884157,0
73,171,15,326,189,1,23,0,0,0,1,0,0,3,5,0,4,3,2,5,0,0,725,0,2,727,0,73,Panchayat Union Elementary School South Facing East Side Building Mugasimangalam  Coimbatore 641101,"1.Thanner Thotti Street Ward No 14
2.Pattalamman Kovil Street Ward  No 15
3.Dharma  Raja Kovil Street Ward No 12",All Voters,All India Anna Dravida Munnetra Kazhagam,326,189,137,Tamilaga Vettri Kazhagam,3,5,1,2,6,4,18.89655172413793,23,23.58620689655172,2.068965517241379,44.96551724137931,26.06896551724138,0.1379310344827586,3.172413793103448,3
74,143,23,422,232,1,15,0,0,0,1,2,0,2,1,0,0,1,2,2,2,1,836,0,5,841,0,74,"Panchayat Union Elementary School
North Facing  West Building East Side Room1 Pooluvapatti Coimbatore 641101","1.Vellimedu Ward No 5
2.Chinnathambi Goundar Street Thottathusalaigal Ward  No 5
999.Overseas Electors",All Voters,All India Anna Dravida Munnetra Kazhagam,422,232,190,Tamilaga Vettri Kazhagam,3,4,1,2,6,5,22.72727272727273,15,17.10526315789474,2.751196172248804,50.47846889952153,27.7511961722488,0.1196172248803828,1.794258373205742,3
75,162,12,382,135,0,10,0,1,0,1,0,0,1,0,0,0,0,1,3,2,0,701,0,2,703,0,75,"Panchayat Union Elementary School, North Facing Building  West Side 1st Room,(Pooluvapatti-641101)","1.Arisana  Colony   North Ward  No 5
2.Chithiraisavadi Ward  No 6
3.Annanagar Ward  No 6
4.Arisana  Colony South Ward No 5 999.Overseas Electors",All Voters,All India Anna Dravida Munnetra Kazhagam,382,162,220,Dravida Munnetra Kazhagam,2,4,1,3,6,5,31.38373751783167,10,23.10984308131241,1.711840228245364,54.49358059914407,19.25820256776034,0.0,1.426533523537803,3
76,133,33,238,227,0,12,1,0,1,1,1,0,2,0,1,0,2,1,1,1,0,643,0,3,646,0,76,"Panchayat Union Elementary School, South Facing  West Side Room1,Ramanathapuram-641101","1.Poluvampatti Road W.No.4
2.Hoshpital Street W.No.4
3.Government Health Development Housing  Unit W.No.4
4.Vellimedu W.No.4 999.Overseas Electors",All Voters,All India Anna Dravida Munnetra Kazhagam,238,227,11,Tamilaga Vettri Kazhagam,3,4,1,2,6,5,1.710730948678072,12,20.68429237947123,5.132192846034215,37.01399688958009,35.30326594090202,0.0,1.866251944012442,0
77,143,19,253,255,0,12,0,0,0,2,0,0,1,2,0,1,1,2,1,2,0,682,0,1,683,0,77,Panchayat Union Elementary School South Facing Building East Side Room2 Ramanathapuram Coimbatore 641101,"1.Urippallampudur W.No.4
2.Koothandai Kovil Street W.No.3 999.Overseas Electors",All Voters,Tamilaga Vettri Kazhagam,255,253,2,All India Anna Dravida Munnetra Kazhagam,3,4,2,1,6,5,0.2932551319648094,12,20.96774193548387,2.785923753665689,37.09677419354838,37.3900293255132,0.0,1.759530791788857,0
78,158,17,440,149,1,12,0,0,0,0,2,0,2,2,0,1,1,1,0,1,0,777,0,0,777,0,78,"Panchayat Union Middle School South Facing Building West Room1
Vadivelampalayam Coimbatore 641101","1.Mariammal Kovil Street Wno8
2.Anna Nagar Wno9",All Voters,All India Anna Dravida Munnetra Kazhagam,440,158,282,Dravida Munnetra Kazhagam,2,4,1,3,6,5,36.29343629343629,12,20.33462033462034,2.187902187902188,56.62805662805663,19.17631917631918,0.1287001287001287,1.544401544401544,3
79,199,7,450,153,2,18,2,0,0,0,0,0,1,2,1,3,4,0,4,1,0,829,0,1,830,0,79,"Panchayat Union Middle School
North Side Building South Facing   2nd  Room Vadivelampalayam Coimbatore 641101","1.Arijana  Colony Wno 14
2.Pattakarar Street Wno 12",All Voters,All India Anna Dravida Munnetra Kazhagam,450,199,251,Dravida Munnetra Kazhagam,2,5,1,3,6,4,30.27744270205066,18,24.00482509047045,0.8443908323281062,54.28226779252111,18.45597104945718,0.241254523522316,2.171290711700844,3
80,179,5,220,104,0,13,1,0,0,0,0,1,1,1,1,3,2,0,1,1,0,521,0,1,522,0,80,"Panchayat Union Middle School North Facing  Building  Room
Vadivelampalayam Coimbatore 641101","1.Pappanna Gounder Street Wno 15
2.Moolakkadu Wno 15
3.Bajanai Kovil Street Wno 15",All Voters,All India Anna Dravida Munnetra Kazhagam,220,179,41,Dravida Munnetra Kazhagam,2,5,1,3,6,4,7.869481765834934,13,34.35700575815738,0.9596928982725527,42.22648752399233,19.9616122840691,0.0,2.495201535508637,3
81,188,19,367,335,0,26,0,0,0,0,2,0,6,1,0,2,7,4,1,2,0,935,0,2,937,0,81,"Govt High School
North Side Building South Facing  Room Nathegoundenpudur Coimbatore 641101","1.Mugasimangalam Street W.No.11
2.Kuttai West Street W.No.11
3.Pattalamman Kovil Street W.No.11
4.Udaiar Street W.No.10
5.Arisana  Colony 2  W.No.3 999.Overseas Electors",All Voters,All India Anna Dravida Munnetra Kazhagam,367,335,32,Tamilaga Vettri Kazhagam,3,5,1,2,6,4,3.422459893048128,26,20.10695187165776,2.032085561497326,39.25133689839572,35.82887700534759,0.0,2.780748663101604,3
82,149,18,469,165,0,19,0,0,0,0,2,2,1,0,0,2,4,2,4,2,0,820,0,2,822,0,82,Panchayat Union Elementary School South Facing West Side Building Nathegoundenpudur Coimbatore 641101,"1.Muruthachalamurthi Kovil Street Ward 13
2.Wardno13    Venugopalsamy Kovil Street
3.Wardno14 Vinayagar Kovil Street
4.Goundegounder Street Wardno 14 999.Overseas Electors",All Voters,All India Anna Dravida Munnetra Kazhagam,469,165,304,Tamilaga Vettri Kazhagam,3,5,1,2,6,4,37.07317073170731,19,18.17073170731707,2.195121951219512,57.19512195121951,20.1219512195122,0.0,2.317073170731707,3
83,140,12,300,249,3,17,0,1,0,1,0,0,1,2,1,2,2,2,3,2,0,721,0,7,728,0,83,"Panchayat Union Elementary School
New Anganvadi Building  Eastside East Facing Room
Srinivasapuram  Coimbatore 641101","1.Arijana  Colony W.No.8
2.Siruvani Street W.No.1 999.Overseas Electors",All Voters,All India Anna Dravida Munnetra Kazhagam,300,249,51,Tamilaga Vettri Kazhagam,3,5,1,2,6,4,7.073509015256588,17,19.41747572815534,1.664355062413315,41.60887656033287,34.53536754507628,0.4160887656033287,2.357836338418863,1
84,143,14,245,248,0,15,0,1,0,0,0,0,0,1,0,0,5,0,4,4,0,665,0,3,668,0,84,Panchayat Union Elementary School South Facing Building East Side 1  Room Srinivasapuram  Coimbatore 641101,"1.Aaramapada Salai W.No.1
2.Poyar Street W.No.1
3.Lakshmi Narayana Sami Kovil Street W.No.8
4.Chettiar Street W.No.8
5.Chinnathambi   Gounder Street W.No.2 999.Overseas Electors",All Voters,Tamilaga Vettri Kazhagam,248,245,3,All India Anna Dravida Munnetra Kazhagam,3,5,2,1,6,4,0.4511278195488722,15,21.50375939849624,2.105263157894737,36.84210526315789,37.29323308270677,0.0,2.255639097744361,0
85,167,24,389,378,5,18,0,1,1,0,1,1,3,1,0,2,2,0,2,2,0,981,0,3,984,0,85,Panchayat Union Elementary School South Facing Building East Side 2  Room Srinivasapuram  Coimbatore 641101,"1.Ramasamy  Gounder Street Ward.No.2
2.Ramasamy  Gounder East Street Ward.No.3
3.Pattalamman Kovil Street Ward.No.7 999.Overseas Electors",All Voters,All India Anna Dravida Munnetra Kazhagam,389,378,11,Tamilaga Vettri Kazhagam,3,4,1,2,6,5,1.121304791029562,18,17.02344546381244,2.446483180428134,39.65341488277268,38.53211009174312,0.509683995922528,1.834862385321101,1
86,81,7,226,109,0,10,1,0,0,0,1,0,1,0,0,0,4,2,0,0,0,433,0,2,435,0,86,"Panchayat Union Elementary School
East Facing  Building  South Room  Partation No 1 Sennanur Coimbatore 641101","1.Third Street Wno11
2.Third Street Wno12
3.Third Street Wno 13
4.Gandhi Nagar Wno13
5.Wardno 11 Fourth Street",All Voters,All India Anna Dravida Munnetra Kazhagam,226,109,117,Tamilaga Vettri Kazhagam,3,5,1,2,6,4,27.02078521939954,10,18.70669745958429,1.616628175519631,52.19399538106235,25.17321016166282,0.0,2.309468822170901,3
87,207,18,472,176,0,6,0,0,0,0,0,0,1,0,0,0,3,0,0,2,0,879,0,1,880,0,87,Panchayat Union Elementary School East facing  R.C Building Krishnapurampudur Coimbatore 641101,"1.Kirushnapuram Puthur Wno2
2.Thanneerpanthal Wno1",All Voters,All India Anna Dravida Munnetra Kazhagam,472,207,265,Dravida Munnetra Kazhagam,2,4,1,3,6,5,30.14789533560865,6,23.54948805460751,2.04778156996587,53.69738339021616,20.02275312855518,0.0,0.6825938566552902,3
88,127,9,257,159,1,18,0,0,1,1,0,0,0,6,0,5,2,2,0,1,0,571,0,2,573,0,88,Panchayat Union Elementary School East Facing  Tiled Building North Room Sennanur Coimbatore 641101,"1.Chennanur Street1  Ward No2
2.Chennanur Street2  Wardno11
3.Wardno 11 First Street
4.Ward  No 12  Thenkarai I  Street",All Voters,All India Anna Dravida Munnetra Kazhagam,257,159,98,Tamilaga Vettri Kazhagam,3,5,1,2,6,4,17.16287215411559,18,22.24168126094571,1.576182136602452,45.00875656742556,27.84588441330999,0.1751313485113835,3.152364273204904,3
89,140,13,408,156,1,11,0,4,0,2,0,0,0,0,0,1,1,1,1,1,0,729,0,5,734,0,89,Panchayat Union Elementary School East Facing  Room(Centre Part) Sennanur Coimbatore 641101,"1.Ward  No 11  Street 2
2.Wardno 12 Thenkarai Second  Street
3.Ward  No 12  First Street Thenkarai
4.Ward  No 13  Second  Street Thenkarai
5.Ward  No 14  First Street
6.Ward  No 14  Second  Street Thenkarai 999.Overseas Electors",All Voters,All India Anna Dravida Munnetra Kazhagam,408,156,252,Tamilaga Vettri Kazhagam,3,4,1,2,6,5,34.5679012345679,11,19.20438957475994,1.783264746227709,55.96707818930041,21.39917695473251,0.1371742112482853,1.508916323731138,3
90,196,25,458,222,0,16,0,1,0,0,1,1,1,0,1,1,1,1,7,0,1,917,0,3,920,0,90,Panchayat Union Elementary School South Facing Building West Side Room Karadimadai Coimbatore 641101,"1.Karadi Madai 1st Street W.No.8
2.Karadimadai 1st Street W.No.15
3.Karadimadai 2St Street W.No.15 999.Overseas Elector",All Voters,All India Anna Dravida Munnetra Kazhagam,458,222,236,Tamilaga Vettri Kazhagam,3,4,1,2,6,5,25.7360959651036,16,21.37404580152672,2.726281352235551,49.94547437295529,24.20937840785169,0.0,1.744820065430753,3
91,167,13,524,214,1,30,0,1,0,1,6,3,5,2,2,7,0,3,0,0,0,949,0,1,950,0,91,"Panchayat Union Elementary School
Rcc Building  South Facing East Side Room Karadimadai Coimbatore 641101","1.Karadimadai 6th Ward  1st Street
2.Karadimadai 6th Ward  2nd  Street
3.Karadimadai 7th Ward  1st Street, Karadimadai 8th Ward
4.Karadimadai 2nd  Street W.No.5
5.Karadimadai 1st Street W.No.5",All Voters,All India Anna Dravida Munnetra Kazhagam,524,214,310,Tamilaga Vettri Kazhagam,3,5,1,2,6,4,32.66596417281349,30,17.59747102212856,1.36986301369863,55.21601685985248,22.55005268703899,0.1053740779768177,3.161222339304532,3
92,259,18,355,219,0,14,1,0,1,0,1,0,1,1,0,5,0,2,1,0,1,865,0,1,866,0,92,"Panchayat Union Elementary School
Rcc Building  North Facing  West Side Room Mathipalayam  Coimbatore 641101","1.Mathipalayam  1St Street W.No.9
2.Mathipalayam  2Nd Street W.No.9
3.Mathipalayam  3Rd  Street W.No.9
4.Mathipalayam  4Th Street W.No.9
5.Mathipalayam  Pathy  W.No.9
6.First Street W.No.10
7.Mathipalayam  W.No.8 999.Overseas Electors",All Voters,All India Anna Dravida Munnetra Kazhagam,355,259,96,Dravida Munnetra Kazhagam,2,4,1,3,6,5,11.09826589595376,14,29.94219653179191,2.080924855491329,41.04046242774567,25.31791907514451,0.0,1.618497109826589,3
93,104,9,142,133,0,3,1,1,0,0,1,0,0,0,0,0,0,0,0,0,0,391,0,2,393,0,93,"Corporation Middle School
West Side Building North Facing West   1st Room Wedderburnpet Street Coimbatore 641002",1.Light House Road Wno72 999.Overseas Elector,All Voters,All India Anna Dravida Munnetra Kazhagam,142,133,9,Tamilaga Vettri Kazhagam,3,4,1,2,6,5,2.301790281329923,3,26.59846547314578,2.301790281329923,36.31713554987212,34.01534526854221,0.0,0.7672634271099744,0
94,111,9,119,160,0,2,0,0,1,0,0,0,0,0,0,0,1,0,0,0,0,401,0,0,401,0,94,"Corporation Middle School
East Side Building North Facing Room Wedderburnpet Street Coimbatore 641002",1.Light House Road Wno72,All Voters,Tamilaga Vettri Kazhagam,160,119,41,All India Anna Dravida Munnetra Kazhagam,3,4,2,1,6,5,10.22443890274314,2,27.68079800498753,2.244389027431422,29.67581047381546,39.90024937655861,0.0,0.4987531172069825,0
95,141,6,293,208,2,5,1,0,0,0,1,1,0,1,0,0,0,0,0,0,0,655,0,2,657,0,95,PVP  Memorial Corporation Primary  School North Facing  Building  West Side East 1st Room RS Puram East Coimbatore 641002,"1.Chinnavedampatti Lane  W.No.72
2.Mettupalayam  Road W.No.72
3.Ward  No 23  East Ponnurangam Road",All Voters,All India Anna Dravida Munnetra Kazhagam,293,208,85,Tamilaga Vettri Kazhagam,3,4,1,2,6,5,12.97709923664122,5,21.52671755725191,0.9160305343511451,44.73282442748091,31.75572519083969,0.3053435114503817,0.7633587786259541,1
96,93,16,267,193,0,2,0,0,0,0,0,0,0,1,0,0,1,0,0,0,0,571,0,4,575,0,96,PVP  Memorial Corporation Primary  School North Facing  Building  West Side 2Nd Room RS Puram East Coimbatore 641002,"1.Mahaliamman Kovil Street W.No.24
2.Range Street W.No.24 999.Overseas Electors",All Voters,All India Anna Dravida Munnetra Kazhagam,267,193,74,Tamilaga Vettri Kazhagam,3,4,1,2,6,5,12.95971978984238,2,16.28721541155867,2.802101576182137,46.7600700525394,33.80035026269702,0.0,0.3502626970227671,0
97,145,15,273,260,0,2,1,0,0,0,0,0,1,0,0,0,0,0,0,0,0,695,0,0,695,0,97,PVP  Memorial Corporation Primary  School North Facing  Building  West Side 3Rd  Room RS Puram East Coimbatore 641002,1.Sithivinayakar  Kovil Street Ward.No.24 999.Overseas Electors,All Voters,All India Anna Dravida Munnetra Kazhagam,273,260,13,Tamilaga Vettri Kazhagam,3,4,1,2,6,5,1.870503597122302,2,20.86330935251799,2.158273381294964,39.28057553956835,37.41007194244605,0.0,0.2877697841726619,0
98,76,8,328,119,0,2,1,0,1,0,0,0,0,0,0,0,0,0,0,0,0,533,0,4,537,0,98,PVP  Memorial Corporation Primary  School North Facing  Building  West Side 4th Room RS Puram East Coimbatore 641002,"1.Thiruvenkada  Samy  Road East W.No.71
2.Sar Shanmugam Road W.No.71
3.Venkatasamy Road East W.No.71
4.Ward  No 71  Grantkenan Apparment Venkitusami Road 999.Overseas Elector",All Voters,All India Anna Dravida Munnetra Kazhagam,328,119,209,Tamilaga Vettri Kazhagam,3,4,1,2,6,5,39.21200750469043,2,14.25891181988743,1.50093808630394,61.53846153846154,22.32645403377111,0.0,0.375234521575985,3
99,105,15,172,160,1,4,0,0,0,0,0,0,0,0,1,0,0,1,0,2,0,457,0,2,459,0,99,"S R P  Ammaniammal Girls Higher Secondary School
East Facing  Building  West Side Room3 Kannusamy Road  RS Puram Coimbatore 641002",1.Ramalingam Road East Wno 72 999.Overseas Elector,All Voters,All India Anna Dravida Munnetra Kazhagam,172,160,12,Tamilaga Vettri Kazhagam,3,4,1,2,6,5,2.62582056892779,4,22.97592997811816,3.282275711159737,37.63676148796499,35.0109409190372,0.2188183807439825,0.87527352297593,1
100,166,22,252,241,1,3,1,0,1,0,0,0,0,1,0,0,0,0,0,0,0,685,0,3,688,1,100,"S R P  Ammaniammal Girls Higher Secondary School
East Facing  Building  West Side Room Kannusamy Road  RS Puram Coimbatore 641002","1.Arunachalam  Road East Wno 72
2.Langar Kana Road  1 Wno 72",All Voters,All India Anna Dravida Munnetra Kazhagam,252,241,11,Tamilaga Vettri Kazhagam,3,4,1,2,6,5,1.605839416058394,3,24.23357664233577,3.211678832116788,36.78832116788321,35.18248175182482,0.145985401459854,0.4379562043795621,1
101,138,15,209,212,0,1,0,0,0,0,0,0,0,0,0,0,0,0,0,1,0,575,0,3,578,0,101,"S R P  Ammaniammal Girls Higher Secondary School
West Facing Building East Side Room  No.4 Kannusamy Road  RS Puram Coimbatore 641002",1.Sivasubramaniyam  Road  Wno  72,All Voters,Tamilaga Vettri Kazhagam,212,209,3,All India Anna Dravida Munnetra Kazhagam,3,4,2,1,6,5,0.5217391304347827,1,24.0,2.608695652173913,36.34782608695652,36.8695652173913,0.0,0.1739130434782609,0
102,188,23,306,246,1,3,1,0,0,0,2,0,0,0,0,0,0,0,0,0,0,767,0,1,768,0,102,"S R P  Ammaniammal Girls Higher Secondary School
West Facing Building East Side Room  No.5 Kannusamy Road  RS Puram Coimbatore 641002","1.Mekrikar Road  R.S.Puram  W.No.72
2.Ward  No 71  Arokyasami Road 999.Overseas Electors",All Voters,All India Anna Dravida Munnetra Kazhagam,306,246,60,Tamilaga Vettri Kazhagam,3,4,1,2,6,5,7.822685788787484,3,24.51108213820078,2.998696219035202,39.89569752281616,32.07301173402868,0.1303780964797914,0.3911342894393742,1
103,97,5,224,224,1,5,0,0,0,1,0,0,0,0,0,0,2,0,1,1,0,556,0,4,560,0,103,"S R P  Ammaniammal Girls Higher Secondary School
West Facing Building East Side Room  No.6 Kannusamy Road  RS Puram Coimbatore 641002","1.Mekrikar Road  Major Colony  Rspuram  Wno 72
2.Langarkana Street 2  Wno 72 999.Overseas Elector",All Voters,All India Anna Dravida Munnetra Kazhagam,224,224,0,All India Anna Dravida Munnetra Kazhagam,3,4,1,1,6,4,0.0,5,17.44604316546762,0.8992805755395683,40.28776978417266,40.28776978417266,0.1798561151079137,0.8992805755395683,1
104,79,16,192,149,1,1,0,0,0,0,0,0,0,0,0,0,0,1,0,0,0,438,0,1,439,0,104,"S R P  Ammaniammal Girls Higher Secondary School
East Facing  Building  South side Libarary Room Kannusamy Road  RS Puram Coimbatore 641002","1.Thiyagi Kumaran Street Ward No 72
2.Ward  No 71  Bhasiyakaralu Road
3.Ward  No 71  Kannusamy Road",All Voters,All India Anna Dravida Munnetra Kazhagam,192,149,43,Tamilaga Vettri Kazhagam,3,4,1,2,5,5,9.817351598173515,1,18.03652968036529,3.65296803652968,43.83561643835616,34.01826484018265,0.228310502283105,0.228310502283105,1
105,152,7,317,185,1,6,0,0,0,0,2,0,1,1,0,0,0,0,0,1,0,668,0,6,674,0,105,"S R P  Ammaniammal Girls Higher Secondary School
West Facing Building East Side Room7 Kannusamy Road  RS Puram Coimbatore 641002","1.Ward  No 71  Periasamy Road
2.Ward  No 71  Cowlibrown Road
3.Ward  No 71  Ramachandra  Road
4.Ward  No 71  Mayflower Royal Apparments Bashyakaralu Road Wno71",All Voters,All India Anna Dravida Munnetra Kazhagam,317,185,132,Tamilaga Vettri Kazhagam,3,4,1,2,6,5,19.76047904191617,6,22.75449101796407,1.047904191616766,47.45508982035928,27.69461077844311,0.1497005988023952,0.8982035928143712,3
106,96,20,311,146,0,6,0,0,0,1,0,0,0,1,1,0,1,0,0,1,0,579,0,8,587,0,106,"S R P  Ammaniammal Girls Higher Secondary School
West Facing Building East Side Room  8  Near Hm Room
Kannusamy Road  RS Puram Coimbatore 641002","1.Ward  No 71  Sambantham  Road
2.Ward  No 71  Logamanya  Street",All Voters,All India Anna Dravida Munnetra Kazhagam,311,146,165,Tamilaga Vettri Kazhagam,3,4,1,2,6,5,28.49740932642487,6,16.58031088082902,3.454231433506045,53.71329879101899,25.21588946459413,0.0,1.036269430051814,3
107,32,7,265,79,0,2,0,0,0,1,0,0,0,0,0,0,0,0,1,0,0,385,0,2,387,0,107,"Corporation Girls Higher Secondary School
West Facing Building West Side Room Sambandam Road RS Puram West Coimbatore 641002",1.Ward  No 71  Ponnurangam Road West,All Voters,All India Anna Dravida Munnetra Kazhagam,265,79,186,Tamilaga Vettri Kazhagam,3,4,1,2,6,5,48.31168831168831,2,8.311688311688311,1.818181818181818,68.83116883116884,20.51948051948052,0.0,0.5194805194805194,3
108,69,4,302,95,0,4,0,0,0,1,0,0,0,2,1,0,0,0,0,0,0,474,0,7,481,1,108,"Corporation Girls Higher Secondary School
West Side Building (Backside) East Facing  Room No:1
Sambandam Road RS Puram West Coimbatore 641002","1.Ward  No 71  Periyasamy  Road  West
2.Ward  No 71  Thiruvenkadam Road West",All Voters,All India Anna Dravida Munnetra Kazhagam,302,95,207,Tamilaga Vettri Kazhagam,3,4,1,2,6,4,43.67088607594937,4,14.55696202531646,0.8438818565400843,63.71308016877637,20.042194092827,0.0,0.8438818565400843,3
109,67,5,305,70,0,2,0,0,0,0,0,0,0,1,0,0,0,0,0,0,1,449,0,4,453,0,109,"Corporation Girls Higher Secondary School
East Facing  West Building Room  No 2 Sambandam Road RS Puram West Coimbatore 641002",1.Ward  No 71  Venkitasamy Road West,All Voters,All India Anna Dravida Munnetra Kazhagam,305,70,235,Tamilaga Vettri Kazhagam,3,4,1,2,6,5,52.33853006681515,2,14.92204899777283,1.11358574610245,67.92873051224944,15.5902004454343,0.0,0.4454342984409799,3
110,65,8,191,98,0,2,1,0,0,0,0,0,0,0,0,0,0,1,0,0,0,364,0,4,368,0,110,Corporation Girls Higher Secondary School East Facing  West Building Room  No 33 Sambandam Road RS Puram West Coimbatore 641002,"1.Ward  No 71  Basya  Karalu Street
2.Ward  No 71  Amarjothy  Appartments Basya Karalu Street
3.Ward  No 71  Mayflower Appartments Basya  Karalu Street
4.Ward  No 71  Rathinasabhapathi Road",All Voters,All India Anna Dravida Munnetra Kazhagam,191,98,93,Tamilaga Vettri Kazhagam,3,4,1,2,6,5,25.54945054945055,2,17.85714285714286,2.197802197802198,52.47252747252747,26.92307692307692,0.0,0.5494505494505495,3
111,131,10,229,117,0,1,0,0,0,0,0,0,0,0,0,0,1,0,0,0,0,488,0,2,490,0,111,"Corporation Girls Higher Secondary School  West Side Building (Backside) East Facing  Room No:2
Sambandam Road RS Puram West Coimbatore 641002","1.Ward  No 71  Cowli Brown Road
2.Ward  No 71   Migcolony Cowli Brown Road
3.Ward  No 71   Lig  Colony  Cowli Brown Road
4.Ward  No 71   Punniyakodi Street Rs Puram
5.Ward  No 71   Vincent Colony Rspuram
6.Ward  No 71   Guru Govinth Singh  Road
7.Ward  No 71   Vengadachalam  Road",All Voters,All India Anna Dravida Munnetra Kazhagam,229,131,98,Dravida Munnetra Kazhagam,2,4,1,3,6,5,20.08196721311475,1,26.84426229508197,2.049180327868852,46.92622950819672,23.97540983606557,0.0,0.2049180327868853,0
112,127,11,287,162,0,7,0,2,0,0,0,0,0,1,0,0,0,2,0,0,0,594,0,13,607,0,112,"Corporation Girls Higher Secondary School
East Facing  West Building Room  No 35 Sambandamroad
RS Puram West Coimbatore 641002","1.Ward  No 72  Sambandam Road  West
2.Ward  No 72  Thilakar Street
3.Ward  No 72  Azad Street
4.Ward  No 72  Sir Cv Raman Road
5.Ward  No 72 Logamanya  Street",All Voters,All India Anna Dravida Munnetra Kazhagam,287,162,125,Tamilaga Vettri Kazhagam,3,4,1,2,6,5,21.04377104377105,7,21.38047138047138,1.851851851851852,48.31649831649832,27.27272727272727,0.0,1.178451178451178,3
113,104,12,195,165,0,2,1,0,0,0,1,0,0,0,0,0,0,0,0,0,0,478,0,3,481,0,113,"Bishop Oubagaram  Aided High School South Facing Building West Side 2Nd  Room
Thadagam Road Lawly  Road Coimbatore 641002","1.Wardno 73 Robertson Road
2.Wardno 73 Lic Colony
3.Wardno 73 Thadagam  Road  Main 999.Overseas Electors",All Voters,All India Anna Dravida Munnetra Kazhagam,195,165,30,Tamilaga Vettri Kazhagam,3,4,1,2,6,5,6.276150627615062,2,21.75732217573222,2.510460251046025,40.79497907949791,34.51882845188285,0.0,0.4184100418410042,0
114,99,9,240,148,1,2,1,0,1,0,0,0,0,0,0,0,0,0,0,0,0,499,0,3,502,0,114,"Bishop Oubagaram  Aided High School South Facing Building West Side   3rd  Room
Thadagam Road Lawly  Road Coimbatore 641002","1.Wardno 73 Thadagam  Road  3  Captan  Palanisami Lay  Out
2.Wardno 73 Thadagam  Road  4  Thirumurthi Lay  Out
3.Nandhi Appartment Thirumoorthi Lay  Out
4.Wardno 73 Thadagam  Road  5  Ramasamy Lay Out",All Voters,All India Anna Dravida Munnetra Kazhagam,240,148,92,Tamilaga Vettri Kazhagam,3,4,1,2,6,5,18.43687374749499,2,19.83967935871744,1.803607214428858,48.09619238476954,29.65931863727455,0.2004008016032064,0.4008016032064128,1
115,90,6,184,96,0,3,0,0,0,0,0,1,1,0,0,0,0,0,0,0,0,379,0,4,383,0,115,"Bishop Oubagaram  Aided High School  West Facing Building East Side (Inside)   1st
RoomThadagam  Road Lawly  Road  Coimbatore 641002","1.Wardno 73 Thadagam  Road  2  Subramaniyapuram  2 Street
2.Ward  No 73  VMC Colony
3.Ward  No 73  GVD Layout
4.Ward  No 73  GRD Layout",All Voters,All India Anna Dravida Munnetra Kazhagam,184,96,88,Tamilaga Vettri Kazhagam,3,4,1,2,6,5,23.21899736147757,3,23.7467018469657,1.58311345646438,48.54881266490765,25.32981530343008,0.0,0.79155672823219,3
116,75,11,206,105,1,1,1,0,0,0,0,0,0,0,0,0,0,0,0,0,0,399,0,3,402,0,116,"Bishop Oubagaram  Aided High School South Facing Building East Side   3rd  Room
Thadagam Road Lawly  Road Coimbatore 641002","1.Ward  No 73  Muthukumarasamy  Layout
2.Ward  No 73  PMC   Colony Street 1
3.Ward  No 73  PMC   Colony Street 2
4.Ward  No 73  PMC   Colony Street 3
5.Ward  No 73  PMC   Colony Street 4
6.Ward  No 73  PMC   Colony Street 5 999.Overseas Elector",All Voters,All India Anna Dravida Munnetra Kazhagam,206,105,101,Tamilaga Vettri Kazhagam,3,4,1,2,5,5,25.31328320802005,1,18.79699248120301,2.756892230576441,51.62907268170426,26.31578947368421,0.2506265664160401,0.2506265664160401,1
117,135,21,247,229,0,13,2,0,1,0,2,1,0,0,2,1,1,1,1,0,0,645,0,0,645,0,117,"Bishop Oubagaram  Aided High School
South Facing North Side Building East Side Room No 3
Thadagam Road Lawly  Road Coimbatore 641002","1.Ward.No.73  Lali Road 1
2.Ward  No.73  Thadagamroad 1  Subramaniyapuram  1 Street 999.Overseas Electors",All Voters,All India Anna Dravida Munnetra Kazhagam,247,229,18,Tamilaga Vettri Kazhagam,3,4,1,2,6,5,2.790697674418605,13,20.93023255813954,3.255813953488372,38.29457364341085,35.50387596899225,0.0,2.015503875968992,0
118,117,27,151,155,0,8,0,0,0,3,0,0,1,1,0,0,2,0,0,0,0,458,0,0,458,0,118,"Bishop Oubagarm's Primary  School
South Facing North Side Building East Side Room No.1(Thadagam Road Lawly  Road
Thadagam Road Lawly  Road Coimbatore 641002",1.Ward  No 73  Lali Road 2 999.Overseas Elector,All Voters,Tamilaga Vettri Kazhagam,155,151,4,All India Anna Dravida Munnetra Kazhagam,3,4,2,1,6,5,0.8733624454148471,8,25.54585152838428,5.895196506550218,32.96943231441048,33.84279475982533,0.0,1.746724890829694,0
119,159,26,224,279,0,7,0,0,0,0,0,1,0,3,0,0,0,0,1,1,0,695,0,2,697,0,119,"Bishop Oubagarm's Primary  School
West Facing Building North Side   2nd  Room Thadagam Road Lawly  Road Coimbatore 641002","1.Ward  No73  Bannari Mariamman Kovil Street
2.Ward  No73  Muniyappan Kovil Street
3.Ward  No73  Rajaththiyammal Lay Out
4.Ward  No73  Vinayakar Kovil Street",All Voters,Tamilaga Vettri Kazhagam,279,224,55,All India Anna Dravida Munnetra Kazhagam,3,4,2,1,6,5,7.913669064748201,7,22.87769784172662,3.741007194244604,32.23021582733813,40.14388489208633,0.0,1.007194244604317,0
120,138,17,227,160,0,3,0,0,0,1,0,0,0,0,0,0,0,0,1,0,1,545,0,2,547,0,120,"Bishop Oubagarm's Primary  School
West Facing Building East Side   1st Room Thadagam Road Lawly  Road Coimbatore 641002","1.Ward  No 73  Nathan Nagar
2.Ward  73  Sundapalayam Road
3.Ward  No 73  Lali Road 3",All Voters,All India Anna Dravida Munnetra Kazhagam,227,160,67,Tamilaga Vettri Kazhagam,3,4,1,2,6,5,12.29357798165138,3,25.3211009174312,3.119266055045872,41.65137614678899,29.35779816513762,0.0,0.5504587155963303,0
121,105,20,271,268,0,3,0,0,0,0,0,0,0,0,0,0,0,1,1,0,1,667,0,4,671,0,121,"Corporation Higher Secondary  School (Co-
Education)
East Facing  West Building Room  No.4 Arokiasamy Road RS Puram  West Coimbatore 641002",1.Wardno 72 Subramaniyam  Road 999.Overseas Electors,All Voters,All India Anna Dravida Munnetra Kazhagam,271,268,3,Tamilaga Vettri Kazhagam,3,4,1,2,6,5,0.4497751124437781,3,15.74212893553223,2.998500749625187,40.62968515742129,40.17991004497751,0.0,0.4497751124437781,0
122,134,31,251,172,0,4,0,0,0,0,1,0,0,0,1,0,2,0,0,0,0,592,0,3,595,0,122,"Corporation Higher Secondary  School (Co-
Education)
South Facing Building West Side 1st Room RS Puram West Coimbatore 641002","1.Wardno 72 Ramalingam Road West
2.Ward  No 72  Arokkiyasamy Road West,R.S.Puram",All Voters,All India Anna Dravida Munnetra Kazhagam,251,172,79,Tamilaga Vettri Kazhagam,3,4,1,2,6,5,13.34459459459459,4,22.63513513513513,5.236486486486487,42.39864864864865,29.05405405405405,0.0,0.6756756756756757,0
123,116,24,291,180,0,3,2,0,0,0,0,0,0,0,0,1,0,0,0,0,0,614,0,4,618,0,123,"Corporation Higher Secondary  School (Co-Education)
East Facing  Building  South Side Room Arokiasamy Road RS Puram  West Coimbatore 641002","1.Ward  No 72  Vengata Ramana Street, R.S.Puram
2.Ward  No 72  Rathinasabapathi Road R.S.Puram
3.Ward  No 72  Father Randi Salai R.S.Puram
4. Ward  No 72   Father Randi Street 2",All Voters,All India Anna Dravida Munnetra Kazhagam,291,180,111,Tamilaga Vettri Kazhagam,3,4,1,2,6,5,18.07817589576547,3,18.89250814332248,3.908794788273615,47.39413680781759,29.31596091205212,0.0,0.4885993485342019,0
124,121,29,199,187,0,6,0,1,0,0,0,0,1,0,0,0,0,0,3,1,0,542,0,4,546,0,124,"Corporation Higher Secondary  School (Co-
Education)
South Facing Building West Side 3rd Room Arokiasamy Road RS Puram  West Coimbatore 641002","1.Ward  No 73  Rayapuram  Thadagam  Road
2.Ward  No 72  V.O.C. Street R.S.Puram",All Voters,All India Anna Dravida Munnetra Kazhagam,199,187,12,Tamilaga Vettri Kazhagam,3,4,1,2,6,5,2.214022140221402,6,22.32472324723247,5.350553505535055,36.71586715867159,34.50184501845018,0.0,1.107011070110701,0
125,155,19,216,227,1,4,1,0,0,0,0,0,0,0,1,0,0,0,0,1,1,622,0,2,624,0,125,"Corporation Higher Secondary  School (Co-
Education)
West Facing Building North Side 1St Room Arokiasamy Road RS Puram  West Coimbatore 641002",1.Ward  No 73  Thadagam Road 999.Overseas Electors,All Voters,Tamilaga Vettri Kazhagam,227,216,11,All India Anna Dravida Munnetra Kazhagam,3,4,2,1,6,5,1.768488745980707,4,24.91961414790997,3.054662379421222,34.7266881028939,36.4951768488746,0.1607717041800643,0.6430868167202572,1
126,76,22,260,181,0,9,0,1,0,2,1,0,1,0,1,1,2,0,0,0,0,548,0,4,552,0,126,"Corporation Higher Secondary  School (Co-
Education)
West Facing Building North Side 2Nd Room Arokiasamy Road RS Puram  West Coimbatore 641002","1.Ward  No.73   Thadagam Road  1
2.Ward  No 73  A.K.S Nagar Thadagam  Road 999.Overseas Electors",All Voters,All India Anna Dravida Munnetra Kazhagam,260,181,79,Tamilaga Vettri Kazhagam,3,4,1,2,6,5,14.41605839416058,9,13.86861313868613,4.014598540145985,47.44525547445255,33.02919708029197,0.0,1.642335766423358,0
127,75,15,199,191,0,4,0,0,1,0,0,1,0,0,1,0,0,1,0,0,0,484,0,1,485,0,127,"Corporation Higher Secondary  School (Co-
Education)
North Facing  Building  East Side   1st Room Arokiasamy Road RS Puram  West Coimbatore 641002",1.Ward  No 72  Seenivasaragavan Street,All Voters,All India Anna Dravida Munnetra Kazhagam,199,191,8,Tamilaga Vettri Kazhagam,3,4,1,2,6,5,1.652892561983471,4,15.49586776859504,3.099173553719008,41.11570247933884,39.46280991735537,0.0,0.8264462809917356,0
128,112,11,269,312,0,4,0,0,0,0,0,0,0,0,0,0,2,0,0,1,0,708,0,1,709,0,128,"Corporation Higher Secondary  School (Co-
Education)
West Side East Facing  Room No.11 Arokiasamy Road RS Puram  West Coimbatore 641002","1.Ward  No 72  Venkatakrishna  Road
2.Ward  No 72  Medhavar Colony Arunachalam  Road
3.Ward  No 72  Venkatakrishna  Road  Mahalakshmii Appartments",All Voters,Tamilaga Vettri Kazhagam,312,269,43,All India Anna Dravida Munnetra Kazhagam,3,4,2,1,6,5,6.073446327683616,4,15.81920903954802,1.553672316384181,37.99435028248588,44.06779661016949,0.0,0.5649717514124294,0
129,103,11,219,294,0,5,0,0,0,0,0,0,0,0,1,0,1,0,1,2,0,632,0,7,639,0,129,"Corporation Higher Secondary  School (Co-
Education)
North Facing  East Side   2nd Room Arokiasamy Road RS Puram  West Coimbatore 641002",1.Ward  No 72  Arunachalam  Road,All Voters,Tamilaga Vettri Kazhagam,294,219,75,All India Anna Dravida Munnetra Kazhagam,3,4,2,1,6,5,11.86708860759494,5,16.29746835443038,1.740506329113924,34.65189873417722,46.51898734177215,0.0,0.7911392405063291,0
130,125,21,197,175,0,1,0,0,0,0,0,0,0,0,0,1,0,0,0,0,0,519,0,1,520,0,130,"Corporation Middle School
West Facing East Building  Room  No.1 Wedderburnpet Street Coimbatore 641002",1.Ward  No 72  Sundaram Street 1 999.Overseas Elector,All Voters,All India Anna Dravida Munnetra Kazhagam,197,175,22,Tamilaga Vettri Kazhagam,3,4,1,2,6,5,4.238921001926782,1,24.08477842003854,4.046242774566474,37.95761078998073,33.71868978805395,0.0,0.1926782273603083,0
131,81,25,176,200,1,6,2,0,0,1,0,0,0,0,2,1,0,0,0,0,0,489,0,3,492,0,131,"Corporation Middle School
North Facing  (Anganwadi) Building Wedderburnpet Street Coimbatore 641002","1.Ward  No 72  Sundaram Street 1
2.Ward  No 72  Sundaram Street 2",All Voters,Tamilaga Vettri Kazhagam,200,176,24,All India Anna Dravida Munnetra Kazhagam,3,4,2,1,6,5,4.907975460122699,6,16.56441717791411,5.112474437627812,35.9918200408998,40.8997955010225,0.2044989775051125,1.226993865030675,1
132,114,14,210,143,0,0,0,0,0,0,0,0,0,0,0,0,0,0,0,0,0,481,0,0,481,0,132,"Corporation Middle School
West Facing East Building  Room  No.3 Wedderburnpet Street Coimbatore 641002",1.Ward  No 72  Sundaram Street 2 999.Overseas Elector,All Voters,All India Anna Dravida Munnetra Kazhagam,210,143,67,Tamilaga Vettri Kazhagam,3,4,1,2,5,5,13.92931392931393,0,23.7006237006237,2.910602910602911,43.65904365904366,29.72972972972973,0.0,0.0,0
133,121,10,215,176,1,2,0,0,0,0,0,0,0,0,0,1,0,0,0,1,0,525,0,4,529,0,133,"Corporation Middle School
West Facing East Building  Room  No.5 Wedderburnpet Street Coimbatore 641002","1.Ward  No 72   C.T.T Colony
2.Ward  No 72  Rojapoo Street 999.Overseas Electors",All Voters,All India Anna Dravida Munnetra Kazhagam,215,176,39,Tamilaga Vettri Kazhagam,3,4,1,2,6,5,7.428571428571429,2,23.04761904761905,1.904761904761905,40.95238095238095,33.52380952380953,0.1904761904761905,0.3809523809523809,1
134,83,26,189,197,0,3,0,0,0,0,0,1,0,1,0,0,0,1,0,0,0,498,0,2,500,0,134,"Maranna  Gowder Ele School
South Facing North Building 2Nd  Room
Subri Street Coimbatore Town Coimbatore 641001",1.W.No.73  Krishnan Street 999.Overseas Electors,All Voters,Tamilaga Vettri Kazhagam,197,189,8,All India Anna Dravida Munnetra Kazhagam,3,4,2,1,6,5,1.606425702811245,3,16.66666666666666,5.220883534136546,37.95180722891566,39.55823293172691,0.0,0.6024096385542169,0
135,81,28,277,305,1,4,0,1,1,0,0,0,0,0,0,0,0,0,2,0,0,696,0,4,700,0,135,"Maranna  Gowder Ele School
South Facing Northbuilding  West Side 1st Room Subri Street Coimbatore Town Coimbatore 641001","1.Ward  No 73  Subri Street Eastern Side
2.Ward  No 73  Subri Street Western Side1",All Voters,Tamilaga Vettri Kazhagam,305,277,28,All India Anna Dravida Munnetra Kazhagam,3,4,2,1,6,5,4.022988505747127,4,11.63793103448276,4.022988505747127,39.79885057471265,43.82183908045977,0.1436781609195402,0.5747126436781609,1
136,65,12,226,212,0,3,0,0,0,0,0,0,1,0,0,1,0,0,1,0,0,518,0,3,521,0,136,"Maranna  Gowder Ele School
South Facing Northbuilding  West Side 2nd Room Subri Street Coimbatore Town Coimbatore 641001",1.Ward  No 73  Subri Street Western Side,All Voters,All India Anna Dravida Munnetra Kazhagam,226,212,14,Tamilaga Vettri Kazhagam,3,4,1,2,6,5,2.702702702702703,3,12.54826254826255,2.316602316602316,43.62934362934363,40.92664092664093,0.0,0.5791505791505791,0
137,96,27,268,258,2,11,0,0,0,0,1,0,0,1,1,2,0,2,2,2,0,662,0,0,662,0,137,"Maranna  Gowder Matric. High School West Facing East Side Building 2Nd  Room
Subri Street Coimbatore Town Coimbatore 641001",1.Ward  No 73  Telungu Street Eastern Side 999.Overseas Electors,All Voters,All India Anna Dravida Munnetra Kazhagam,268,258,10,Tamilaga Vettri Kazhagam,3,4,1,2,6,5,1.510574018126888,11,14.50151057401813,4.078549848942599,40.4833836858006,38.97280966767372,0.3021148036253776,1.661631419939577,1
138,87,45,281,279,1,4,0,0,0,0,0,0,1,0,0,0,0,0,1,1,0,697,0,2,699,0,138,"Maranna  Gowder Matric. High School West Facing East Side Building 3Rd  Room
Subri Street Coimbatore Town Coimbatore 641001",1.Ward  No 73  Telungu Street Western Side 999.Overseas Electors,All Voters,All India Anna Dravida Munnetra Kazhagam,281,279,2,Tamilaga Vettri Kazhagam,3,4,1,2,6,5,0.2869440459110474,4,12.48206599713056,6.456241032998565,40.31563845050215,40.0286944045911,0.1434720229555237,0.5738880918220948,1
139,80,29,270,258,0,2,0,0,0,0,0,0,0,0,0,0,0,0,1,0,1,639,0,2,641,0,139,"Maranna  Gowder High School
East Facing  Terraced Building   2nd Room  From North Side
Salivan Street Coimbatore 641001",1.Ward  No 73  Biruntha Layout 999.Overseas Elector,All Voters,All India Anna Dravida Munnetra Kazhagam,270,258,12,Tamilaga Vettri Kazhagam,3,4,1,2,6,5,1.877934272300469,2,12.51956181533646,4.538341158059469,42.25352112676056,40.3755868544601,0.0,0.3129890453834116,0
140,49,18,175,201,0,4,0,0,0,0,1,1,0,0,0,1,0,0,1,0,0,447,0,4,451,0,140,"Maranna  Gowder High School, East Facing RC Building  North Side 1st Room (Salivan Street Coimbatore 641001)","1.Ward  No 73  Krishnasamy  Layout
2.Ward  No 73  Ponnusamy  Layout
3.Ward  No 73  Sindunagar Layout
4.Ward  No 73  Ramakrishnapuram",All Voters,Tamilaga Vettri Kazhagam,201,175,26,All India Anna Dravida Munnetra Kazhagam,3,4,2,1,6,5,5.8165548098434,4,10.96196868008949,4.026845637583892,39.14988814317674,44.96644295302013,0.0,0.8948545861297539,0
141,79,18,222,177,1,4,0,1,0,1,1,0,0,0,0,0,0,0,0,0,0,501,0,2,503,0,141,"Maranna  Gowder High School
East Facing  Terraced Building   3rd Room  From North Side
Salivan Street Coimbatore 641001",1.Ward  No 73  Ramakrishnapuram 999.Overseas Elector,All Voters,All India Anna Dravida Munnetra Kazhagam,222,177,45,Tamilaga Vettri Kazhagam,3,4,1,2,6,5,8.982035928143713,4,15.7684630738523,3.592814371257485,44.31137724550898,35.32934131736527,0.1996007984031936,0.7984031936127743,1
142,85,21,224,194,0,2,1,0,0,0,0,0,0,1,0,0,0,0,0,0,0,526,0,4,530,0,142,"Maranna  Gowder High School
East Facing  Terraced Building5Th Room From North Side
Salivan Street Coimbatore 641001",1.Ward  No 73  Ponaiyarajapuram 999.Overseas Elector,All Voters,All India Anna Dravida Munnetra Kazhagam,224,194,30,Tamilaga Vettri Kazhagam,3,4,1,2,6,5,5.70342205323194,2,16.15969581749049,3.992395437262358,42.58555133079847,36.88212927756654,0.0,0.3802281368821293,0
143,96,10,375,215,1,7,1,0,0,0,0,0,0,1,0,0,1,1,1,1,1,704,0,7,711,0,143,"Maranna  Gowder High School
East Facing  New Terraced  Building  7Th Room From  North Side
Salivan Street Coimbatore 641001","1.Ward  No 73  Gopal Lay  Out
2.Ward  No 73  Leela  Apartments Gopal Lay  Out 999.Overseas Elector",All Voters,All India Anna Dravida Munnetra Kazhagam,375,215,160,Tamilaga Vettri Kazhagam,3,4,1,2,6,5,22.72727272727273,7,13.63636363636363,1.420454545454545,53.26704545454546,30.53977272727273,0.1420454545454546,0.9943181818181818,3
144,99,27,190,248,1,6,2,1,0,1,0,0,0,0,0,0,0,0,0,0,0,571,0,2,573,0,144,"Maranna  Gowder High School North Facing   2nd  Room
Salivan Street Coimbatore 641001","1.Ward  No 73  Ponaiyarajapuram
2.Ward  No 73  Gowri Aandavar Layout
3.Ward  No 73  Govindasamy  Layout
4.Ward  No 73  Murugaiah Lay  Out",All Voters,Tamilaga Vettri Kazhagam,248,190,58,All India Anna Dravida Munnetra Kazhagam,3,4,2,1,6,5,10.15761821366024,6,17.33800350262697,4.728546409807356,33.27495621716287,43.43257443082312,0.1751313485113835,1.050788091068301,1
145,105,31,261,227,0,1,0,0,0,0,0,1,0,0,0,0,0,0,0,0,0,625,0,5,630,0,145,"Maranna  Gowder High School
East Facing  New Terraced  Building  8Th Room From  North Side
Salivan Street Coimbatore 641001",1.Ward  No 73  Rajammal Lay  Out,All Voters,All India Anna Dravida Munnetra Kazhagam,261,227,34,Tamilaga Vettri Kazhagam,3,4,1,2,6,5,5.44,1,16.8,4.96,41.76000000000001,36.32,0.0,0.16,0
146,68,16,221,187,0,4,0,0,0,1,1,0,0,0,0,0,1,0,0,1,0,496,0,3,499,0,146,"Maranna  Gowder High School
East Facing  New Terraced  Building  9Th Room From  North Side
Salivan Street Coimbatore 641001","1.Ward  No 73  Ramakrishnapuram Sokkampudur  Road  1
2.Ward  No 73  Ponaiyarajapuram 1
3.Ward  No 73   Ponaiyarajapuram  Huts 999.Overseas Electors",All Voters,All India Anna Dravida Munnetra Kazhagam,221,187,34,Tamilaga Vettri Kazhagam,3,4,1,2,6,5,6.854838709677419,4,13.70967741935484,3.225806451612903,44.55645161290322,37.70161290322581,0.0,0.8064516129032258,0
147,164,24,206,321,3,9,0,1,1,0,1,1,1,0,1,0,0,1,0,0,0,727,0,0,727,0,147,"Corporation Elementary School
West Facing Building 1st Room From  North Side Selvapuram North Coimbatore 641026",1.Wardno 77 Selvapuram North 999.Overseas Elector,All Voters,Tamilaga Vettri Kazhagam,321,206,115,All India Anna Dravida Munnetra Kazhagam,3,4,2,1,6,5,15.81843191196699,9,22.55845942228336,3.301237964236588,28.33562585969739,44.15405777166438,0.4126547455295735,1.237964236588721,1
148,136,20,181,253,0,4,0,0,0,0,0,1,0,0,0,0,1,0,0,2,0,594,0,4,598,0,148,"Corporation Elementary School
West Facing Main Terraced  Building  3Rd  Room From  North Side
Selvapuram North Coimbatore 641026",1.Ward  No 77  Selvapuram North 999.Overseas Electors,All Voters,Tamilaga Vettri Kazhagam,253,181,72,All India Anna Dravida Munnetra Kazhagam,3,4,2,1,6,5,12.12121212121212,4,22.8956228956229,3.367003367003367,30.47138047138047,42.5925925925926,0.0,0.6734006734006733,0
149,150,14,270,277,0,9,0,0,0,1,2,0,1,0,0,0,0,0,1,2,1,720,0,2,722,0,149,"Sirusti Vidyalaya  Matric Hr.Sec.School,East Side
North Facing  Terraced Building East Side 1st Room,Selvapuram   641026",1.Ward  No 78  Selvapuram South,All Voters,Tamilaga Vettri Kazhagam,277,270,7,All India Anna Dravida Munnetra Kazhagam,3,4,2,1,6,5,0.9722222222222222,9,20.83333333333334,1.944444444444444,37.5,38.47222222222222,0.0,1.25,0
150,203,13,155,259,0,6,1,0,0,1,1,0,1,0,0,0,0,0,2,0,0,636,0,0,636,0,150,"Sirusti Vidyalaya  Matric Hr.Sec.School,East Side North Facing  Terraced Building East Side 2nd
Room,Selvapuram   - 641026","1.Ward  No 77  Chokkamputhur Road Housing  Unit Block  A
2.Wardno 77 Selvapuram North1",All Voters,Tamilaga Vettri Kazhagam,259,203,56,Dravida Munnetra Kazhagam,2,4,3,1,6,5,8.80503144654088,6,31.91823899371069,2.044025157232704,24.37106918238994,40.72327044025158,0.0,0.9433962264150944,0
151,179,15,126,209,1,4,1,0,0,0,0,1,0,0,0,0,2,0,0,0,0,534,0,0,534,0,151,"Corporation Elementary School
North Facing  Terraced Building 3Rd Room  From West Side
Selvapuram North Coimbatore 641026",1.Ward  No 77  Chokkamputhur Road Housing  Unit Block  A 999.Overseas Electors,All Voters,Tamilaga Vettri Kazhagam,209,179,30,Dravida Munnetra Kazhagam,2,4,3,1,6,5,5.617977528089887,4,33.52059925093633,2.808988764044944,23.59550561797753,39.13857677902622,0.1872659176029963,0.7490636704119851,1
152,177,12,179,232,1,1,0,0,0,0,0,0,0,0,0,0,0,0,0,1,0,602,0,3,605,0,152,"Sri Sowdeswari Matriculation Higher  Secondary School
North Facing  Main Building West Side 1st Room Chokkampudur Coimbatore 641039","1.Ward  No 77  Chokkamputhur Road Housing  Unit Bock Q
2.Chokkampudur Road",All Voters,Tamilaga Vettri Kazhagam,232,179,53,All India Anna Dravida Munnetra Kazhagam,3,4,2,1,5,5,8.803986710963455,1,29.40199335548172,1.993355481727575,29.73421926910299,38.53820598006645,0.1661129568106312,0.1661129568106312,1
153,128,13,178,190,0,8,0,0,0,1,0,0,1,0,0,0,0,0,3,2,1,517,0,1,518,0,153,"Panchayat Union Primary  School, East Facing Building  South Side Room, Perumal KovilPathi-
641101",1.Ward  No 77  Houseing Unit Chokkam Pudur Road 999.Overseas Electors,All Voters,Tamilaga Vettri Kazhagam,190,178,12,All India Anna Dravida Munnetra Kazhagam,3,4,2,1,6,5,2.321083172147002,8,24.75822050290136,2.514506769825918,34.4294003868472,36.7504835589942,0.0,1.547388781431335,0
154,228,15,277,253,2,12,1,1,1,1,2,0,0,0,0,2,2,0,0,1,1,787,0,3,790,0,154,"Sirusti Vidyalaya  Matriculation Higher Secondary
School
East Side North Facing  Terraced Building East Side 3Rd  Room
Selvapuram Coimbatore 641026","1.Ward  No 77  Sokkampudhur Road  Housing  Unit
2.Ward  No 77  Sokkampudhur Road  Housing  Unit Phase1 999.Overseas Electors",All Voters,All India Anna Dravida Munnetra Kazhagam,277,253,24,Tamilaga Vettri Kazhagam,3,4,1,2,6,5,3.049555273189327,12,28.9707750952986,1.905972045743329,35.19695044472681,32.14739517153748,0.2541296060991106,1.524777636594663,1
155,280,17,194,295,1,4,1,1,0,1,0,0,0,0,0,0,1,0,0,0,0,791,0,0,791,0,155,"Sirusti Vidyalaya  Matriculation Higher Secondary
School
East Side North Facing  Terraced Building East Side 4th Room
Selvapuram Coimbatore 641026","1.W.No.77  Chokkamputhur Road  Housing  Unit (N)
2.Ward  No 77  Housing Unit Aa  To Ee Block
3.W.No.77  Chokkamputhur Road  Housing  Unit Block Y
4.Ward  No 76  Housing Unit Keelamel Veethi 999.Overseas Elector",All Voters,Tamilaga Vettri Kazhagam,295,280,15,Dravida Munnetra Kazhagam,2,4,3,1,6,5,1.896333754740835,4,35.39823008849557,2.149178255372945,24.52591656131479,37.29456384323641,0.1264222503160556,0.5056890012642226,1
156,141,18,342,346,1,6,1,1,0,0,0,0,0,0,1,0,0,1,0,2,0,854,0,1,855,0,156,"Sirusti Vidyalaya  Matriculation Higher Secondary
School
East Side North Facing  Terraced Building East Side 5Th Room
Selvapuram Coimbatore 641026",1.Ward  No 77  Sokkampudhur Rd  Housing  Unit IUDP 999.Overseas Elector,All Voters,Tamilaga Vettri Kazhagam,346,342,4,All India Anna Dravida Munnetra Kazhagam,3,4,2,1,6,5,0.468384074941452,6,16.51053864168618,2.107728337236534,40.04683840749414,40.5152224824356,0.117096018735363,0.702576112412178,1
157,60,10,172,134,0,3,0,0,0,0,1,0,0,0,0,0,1,0,1,0,0,379,0,2,381,0,157,"Sirusti Vidyalaya  Matriculation Higher Secondary School, South Side Building  North Facing Room  1 Selvapuram   Coimbatore 641026","1.Ward  No 78  Chandra  Sekararapuram
2.Ward  No 78  Kattuva  Illam
3.Ward  No 76  Rajeswari Nager",All Voters,All India Anna Dravida Munnetra Kazhagam,172,134,38,Tamilaga Vettri Kazhagam,3,4,1,2,6,5,10.02638522427441,3,15.8311345646438,2.638522427440633,45.38258575197889,35.35620052770449,0.0,0.79155672823219,0
158,667,23,35,147,2,5,0,0,0,0,2,0,0,0,0,1,0,0,1,0,1,879,0,3,882,0,158,"Corporation Elementary School East Facing  West Side Building
Karumpukkadai Coimbatore 641008",1.Ward  No 86  Palli Street 999.Overseas Elector,All Voters,Dravida Munnetra Kazhagam,667,147,520,Tamilaga Vettri Kazhagam,1,4,3,2,6,5,59.15813424345847,5,75.88168373151308,2.616609783845278,3.981797497155859,16.7235494880546,0.2275312855517634,0.5688282138794084,2
159,599,15,24,108,1,7,0,0,0,0,1,1,1,0,0,0,2,0,1,1,0,754,0,2,756,0,159,"Corporation Elementary School
North Facing  Building  West Side Room1 Karumpukkadai Coimbatore 641008","1.Ward  No86  MCR   Colony  (Kudisai Paguthi)
2.Madeena  Nagar",All Voters,Dravida Munnetra Kazhagam,599,108,491,Tamilaga Vettri Kazhagam,1,4,3,2,6,5,65.11936339522546,7,79.44297082228117,1.989389920424403,3.183023872679045,14.3236074270557,0.1326259946949602,0.9283819628647214,2
160,339,8,31,75,0,0,0,0,0,0,0,0,0,0,0,0,0,0,0,0,0,453,0,2,455,0,160,Corporation Elementary School North Facing  Building Karumpukkadai Coimbatore 641008,1.Thippu Nagar   1st Street,All Voters,Dravida Munnetra Kazhagam,339,75,264,Tamilaga Vettri Kazhagam,1,4,3,2,5,5,58.27814569536424,0,74.83443708609272,1.766004415011037,6.843267108167771,16.55629139072848,0.0,0.0,2
161,620,9,55,149,3,7,0,0,1,0,2,0,0,0,0,0,1,1,1,0,0,843,0,4,847,0,161,Corporation Elementary School  West Facing East Room  No.1 Karumpukkadai Coimbatore 641008,"1.Ward  No 86  Mgr Nagar
2.Ward  No 54  New Colony, Thippu Nagar
3.Wardno54 Nataraj Petrol Bunk  Backside
4.Ward  No 86  Chella  Ravuthar Street
5.Ward  No 86  New Colony Karumbukadai 999.Overseas Elector",All Voters,Dravida Munnetra Kazhagam,620,149,471,Tamilaga Vettri Kazhagam,1,4,3,2,6,5,55.87188612099644,7,73.54685646500593,1.067615658362989,6.524317912218268,17.67497034400949,0.3558718861209964,0.8303677342823249,2
162,583,14,61,109,0,3,0,0,0,0,1,0,1,0,1,0,0,0,0,0,0,770,0,1,771,0,162,"Corporation Elementary School
West Facing Building East Side Room  No.2 Karumpukkadai Coimbatore 641008","1.Ward  No 86  Sowkar Nagar Street 1
2.Ward  No 86  Sowhar Nagar 3rd Street
3.Wardno 86 Sowhar Nagar 2nd Street
4.Ward  No 86  Muthu Colony",All Voters,Dravida Munnetra Kazhagam,583,109,474,Tamilaga Vettri Kazhagam,1,4,3,2,6,5,61.55844155844156,3,75.71428571428571,1.818181818181818,7.922077922077922,14.15584415584416,0.0,0.3896103896103896,2
163,599,10,72,107,1,6,0,0,0,0,1,1,1,1,0,0,1,0,0,0,0,795,0,3,798,0,163,"Athar Jamath High School
North Facing  Building  West Side   3rd  Room Karumpukkadai Coimbatore 641008",1.Ward  No 86  Thippu Nagar   2nd  Street 999.Overseas Elector,All Voters,Dravida Munnetra Kazhagam,599,107,492,Tamilaga Vettri Kazhagam,1,4,3,2,6,5,61.88679245283019,6,75.34591194968554,1.257861635220126,9.056603773584905,13.45911949685535,0.1257861635220126,0.7547169811320755,2
164,580,21,26,108,0,0,0,0,0,0,0,0,0,0,0,0,0,0,0,0,0,735,0,2,737,0,164,"Athar Jamath High School
North Facing  Building  West Side   2nd Room Karumpukkadai Coimbatore 641008",1.Ward  No 86  Saramedu Main Road,All Voters,Dravida Munnetra Kazhagam,580,108,472,Tamilaga Vettri Kazhagam,1,4,3,2,5,5,64.21768707482994,0,78.91156462585033,2.857142857142857,3.537414965986395,14.69387755102041,0.0,0.0,2
165,553,20,33,114,0,1,0,0,0,1,0,0,0,0,0,0,0,0,0,0,0,721,0,2,723,0,165,"Falaq  Public School
North Side South Facing  Building  Room1 Karumpukkadai Coimbatore 641008","1.Ward  No 86  Thippu Nagar   2nd  Street
2.Ward  No 86  Bharath Nagar   3rd  Street Saramedu Main Road
3.Wardno 86 Bharath Nagar   2nd  Street Saramedu Main Road",All Voters,Dravida Munnetra Kazhagam,553,114,439,Tamilaga Vettri Kazhagam,1,4,3,2,6,5,60.88765603328709,1,76.69902912621359,2.773925104022192,4.576976421636616,15.81137309292649,0.0,0.1386962552011096,2
166,539,4,27,108,0,7,0,0,0,0,1,0,0,1,0,1,4,0,0,0,0,685,0,2,687,0,166,"Athar Jamath High School
North Facing  South Building   2nd Room  From East Side
Karumpukkadai Coimbatore 641008","1.Ward  No 86  Royal Nagar
2.Ward  No 54  Asath   1st Nagar Cross",All Voters,Dravida Munnetra Kazhagam,539,108,431,Tamilaga Vettri Kazhagam,1,5,3,2,6,4,62.91970802919708,7,78.68613138686132,0.583941605839416,3.941605839416058,15.76642335766423,0.0,1.021897810218978,2
167,538,9,18,84,1,4,2,0,0,0,0,0,0,0,0,1,1,0,0,0,0,654,0,1,655,0,167,"Falaq  Public School
North Side South Facing  Building  Room2 Karumpukkadai Coimbatore 641008","1.Ward  No 86  Bharath Nagar   1st Street Saramedu Main
Road
2.Ward  No 86  Bharath Nagar 4Th Street Saramedu Main Road
3.Ward  No 86  Asath   1st Street",All Voters,Dravida Munnetra Kazhagam,538,84,454,Tamilaga Vettri Kazhagam,1,4,3,2,6,5,69.41896024464832,4,82.26299694189603,1.376146788990826,2.752293577981652,12.84403669724771,0.1529051987767584,0.6116207951070336,2
168,601,10,39,120,1,14,0,0,0,0,5,0,0,1,0,5,1,0,0,2,0,785,0,0,785,0,168,"Athar Jamath High School
North Facing  South Building 6Th Room From  East Side
Karumpukkadai Coimbatore 641008","1.Ward  No 86  Pallikooda  Pathai (West)
2.Anna Colony  Road 999.Overseas Electors",All Voters,Dravida Munnetra Kazhagam,601,120,481,Tamilaga Vettri Kazhagam,1,5,3,2,6,4,61.27388535031847,14,76.56050955414014,1.273885350318471,4.968152866242039,15.28662420382166,0.1273885350318471,1.78343949044586,2
169,483,10,41,123,0,9,0,0,0,0,2,0,0,0,0,2,2,0,1,0,0,666,0,1,667,0,169,"Athar Jamath High School
North Facing  South Building 4Th Room From  West Side
Karumpukkadai Coimbatore 641008","1.Ward  No 86  Pallikooda  Pathai (East)
2.Ward  No 86  Cheran Nagar
3.Ward  No 86, Pothanur Road 999.Overseas Elector",All Voters,Dravida Munnetra Kazhagam,483,123,360,Tamilaga Vettri Kazhagam,1,4,3,2,6,5,54.05405405405406,9,72.52252252252252,1.501501501501501,6.156156156156156,18.46846846846847,0.0,1.351351351351351,2
170,537,14,31,146,2,3,0,0,0,0,0,0,0,0,0,0,0,1,2,0,0,733,0,4,737,0,170,"Athar Jamath Primary  School
North Facing  South Building 2Nd  Room From West Side
Karumpukkadai Coimbatore 641008",1.Ward  No 86  Asad Nagar 2Nd 999.Overseas Electors,All Voters,Dravida Munnetra Kazhagam,537,146,391,Tamilaga Vettri Kazhagam,1,4,3,2,6,5,53.34242837653479,3,73.2605729877217,1.909959072305593,4.229195088676671,19.9181446111869,0.2728512960436562,0.4092769440654843,2
171,530,25,73,207,0,7,0,1,0,0,1,1,1,0,0,2,0,0,1,0,0,842,0,3,845,0,171,"Athar Jamath Primary  School
North Facing  South Building 1St Room From  West Side
Karumpukkadai Coimbatore 641008","1.Ward  No 86  Asad Nagar 6Th Street
2.Ward  No 86  Asad Nagar 7Th Street
3.Ward  No 86  Asad Nagar 8Th Street
4.Ward  No 86  Asad Nagar 9Th Street 999.Overseas Electors",All Voters,Dravida Munnetra Kazhagam,530,207,323,Tamilaga Vettri Kazhagam,1,4,3,2,6,5,38.36104513064133,7,62.94536817102138,2.969121140142517,8.669833729216151,24.58432304038005,0.0,0.831353919239905,2
172,559,10,56,148,0,8,1,1,0,0,2,1,0,0,0,0,0,0,3,0,0,781,0,3,784,0,172,"Holy  Family Convent Matriculation Higher
Secondary  School
East Facing  West Building 1St Room From  North Side
Ukkadam  Coimbatore 641001",1.Ward  No 86  Bypass Road Anna  Nagar 999.Overseas Electors,All Voters,Dravida Munnetra Kazhagam,559,148,411,Tamilaga Vettri Kazhagam,1,4,3,2,6,5,52.62483994878361,8,71.57490396927017,1.280409731113956,7.170294494238156,18.95006402048656,0.0,1.024327784891165,2
173,466,16,67,201,2,9,0,0,0,0,4,0,1,0,0,1,1,1,1,0,0,761,0,3,764,0,173,"Holy  Family Convent Matriculation Higher
Secondary  School
East Facing  West Building 2Nd Room  From  North Side
Ukkadam  Coimbatore 641001",1.Ward  No 86  Anna  Nagar 1 999.Overseas Electors,All Voters,Dravida Munnetra Kazhagam,466,201,265,Tamilaga Vettri Kazhagam,1,4,3,2,6,5,34.82260183968462,9,61.23521681997372,2.102496714848883,8.804204993429698,26.4126149802891,0.2628120893561104,1.182654402102497,2
174,607,13,36,147,0,3,0,0,0,0,1,0,0,0,1,0,1,0,0,0,0,806,0,2,808,0,174,"Holy  Family Convent Matriculation Higher
Secondary  School
East Facing  West Building 4Th Room  From  North Side
Ukkadam  Coimbatore 641001","1.Ward  No 86  Alamin Colony 1
2.Kannimary  Kovil Street, Ward  No.86
3.Kazhivuneer Pannai Kudiyiruppu, Ward  No.86 999.Overseas Electors",All Voters,Dravida Munnetra Kazhagam,607,147,460,Tamilaga Vettri Kazhagam,1,4,3,2,6,5,57.07196029776674,3,75.31017369727047,1.612903225806452,4.466501240694789,18.23821339950372,0.0,0.3722084367245658,2
175,550,7,21,100,1,4,0,0,0,1,1,0,0,0,1,0,1,0,0,0,0,683,0,2,685,0,175,"Holy  Family Convent Matriculation Higher
Secondary  School
East Facing  West Building 6th Room  From  North Side
Ukkadam  Coimbatore 641001","1.Ward  No 86, Alamin Colony 2
2.Ward  No 86  Murugaiah Devar Colony
3.Ward  No 86  Thomas Thottam",All Voters,Dravida Munnetra Kazhagam,550,100,450,Tamilaga Vettri Kazhagam,1,4,3,2,6,5,65.88579795021961,4,80.52708638360176,1.02489019033675,3.074670571010249,14.64128843338214,0.1464128843338214,0.5856515373352855,2
176,613,9,15,99,1,3,0,0,0,0,2,0,0,0,0,0,1,0,0,0,0,740,0,3,743,0,176,"Holy  Family Convent Matriculation Higher
Secondary  School
East Facing  Building  East Side 5th Room Ukkadam  Coimbatore 641001",1.Ward  No 86  Bilal Nagar,All Voters,Dravida Munnetra Kazhagam,613,99,514,Tamilaga Vettri Kazhagam,1,4,3,2,6,5,69.45945945945947,3,82.83783783783784,1.216216216216216,2.027027027027027,13.37837837837838,0.1351351351351351,0.4054054054054054,2
177,563,13,14,95,0,8,0,0,1,0,1,0,0,0,0,0,0,0,5,0,1,693,0,1,694,0,177,"Holy  Family Convent Matriculation Higher
Secondary  School
East Facing  Building  East Side 6Th Room Ukkadam  Coimbatore 641001",1.Ward  No 86  Bilal Estate 1,All Voters,Dravida Munnetra Kazhagam,563,95,468,Tamilaga Vettri Kazhagam,1,4,3,2,6,5,67.53246753246754,8,81.24098124098124,1.875901875901876,2.02020202020202,13.70851370851371,0.0,1.154401154401154,2
178,778,18,15,156,1,7,0,0,0,1,0,0,0,0,0,0,1,0,5,0,0,975,0,1,976,0,178,"Anganwadi Center North Facing  Room
Ukkadam  Coimbatore 641001","1.Ward  No 86  Rose Garden 1
2.Ward  No 86  Rosegarden 2",All Voters,Dravida Munnetra Kazhagam,778,156,622,Tamilaga Vettri Kazhagam,1,3,4,2,6,5,63.7948717948718,7,79.7948717948718,1.846153846153846,1.538461538461539,16.0,0.1025641025641026,0.717948717948718,2
179,578,13,13,77,0,5,0,0,0,1,2,0,1,0,0,0,1,0,0,0,0,686,0,3,689,0,179,"Holy  Family Convent Matriculation Higher
Secondary  School
East Facing  West Building 7Th Room  From  North Side
Ukkadam  Coimbatore 641001","1.Ward  No 86  Anna  Nagar 2
2.Ward  No 86  Alamin Colony 3",All Voters,Dravida Munnetra Kazhagam,578,77,501,Tamilaga Vettri Kazhagam,1,3,3,2,6,5,73.03206997084548,5,84.25655976676384,1.895043731778426,1.895043731778426,11.22448979591837,0.0,0.7288629737609329,2
180,808,14,25,199,0,15,0,0,0,0,2,0,0,0,0,3,4,0,6,0,0,1061,0,2,1063,0,180,"Holy  Family Convent Matriculation Higher
Secondary  School
East Facing  North Side Building 1St Room Ukkadam  Coimbatore 641001",1.Anbu Nagar Ward  No.86 999.Overseas Electors,All Voters,Dravida Munnetra Kazhagam,808,199,609,Tamilaga Vettri Kazhagam,1,5,3,2,6,4,57.39868049010367,15,76.15457115928369,1.319509896324222,2.35626767200754,18.75589066918002,0.0,1.413760603204524,2
181,576,8,44,118,1,4,1,0,0,0,1,1,1,0,0,0,0,0,0,0,0,751,0,2,753,0,181,"Holy  Family Convent Matriculation Higher
Secondary  School
East Facing  North Side Building 2nd Room Ukkadam  Coimbatore 641001","1.Ward  No 86  Kolanthe Gounder Vayal Bilal Estate 3
2.Ward  No 86  Anna  Nagar 3
3.Ward  No 86  Bilal Nagar",All Voters,Dravida Munnetra Kazhagam,576,118,458,Tamilaga Vettri Kazhagam,1,4,3,2,6,5,60.98535286284953,4,76.69773635153129,1.065246338215712,5.858854860186418,15.71238348868176,0.1331557922769641,0.5326231691078562,2
182,741,21,37,140,0,16,0,0,1,0,2,0,0,0,0,1,0,0,11,1,0,955,0,1,956,0,182,"Holy  Family Convent Matriculation Higher
Secondary  School
East facing  North Side Building 2nd Room Ukkadam  Coimbatore 641001",1.Ponvizha  Nagar Ward No.86 999.Overseas Electors,All Voters,Dravida Munnetra Kazhagam,741,140,601,Tamilaga Vettri Kazhagam,1,4,3,2,6,5,62.93193717277487,16,77.59162303664921,2.198952879581152,3.87434554973822,14.65968586387434,0.0,1.675392670157068,2
183,623,2,17,113,1,8,0,1,0,0,1,1,1,0,0,0,0,0,4,0,0,764,0,6,770,0,183,"Holy  Family Convent Matriculation Higher
Secondary  School
West Facing East Building  2nd   room  from  North side
Ukkadam  Coimbatore 641001","1.J.K.Garden Ward No.86
2.Ward  No 86  Kolenthe Gounder Vayal Bilal Estate",All Voters,Dravida Munnetra Kazhagam,623,113,510,Tamilaga Vettri Kazhagam,1,5,3,2,6,4,66.75392670157068,8,81.54450261780106,0.2617801047120419,2.225130890052356,14.79057591623037,0.1308900523560209,1.047120418848168,2
184,141,29,275,392,0,5,0,0,0,0,0,0,1,0,0,0,3,0,1,0,0,842,0,2,844,0,184,"Motherland  Matric Higher Secondary School West Facing Terraced  Building   1st Room  From North Side
Telungupalayam Coimbatore 641039",1.Wardno 76 Bharathi Road 999.Overseas Elector,All Voters,Tamilaga Vettri Kazhagam,392,275,117,All India Anna Dravida Munnetra Kazhagam,3,4,2,1,6,5,13.89548693586698,5,16.7458432304038,3.44418052256532,32.66033254156769,46.55581947743468,0.0,0.5938242280285035,0
185,140,19,234,303,0,15,0,0,1,0,1,0,0,0,1,1,4,2,3,2,0,711,0,4,715,0,185,"Motherland  Matric Higher Secondary School South Facing Terraced  Building   1st Room From North Side
Telungupalayam Coimbatore 641039","1.Wardno 76 Bharathi Road
2.Wardno 76 Subramania Udaiyar Street
3.Wardno 76 Nedunchezhiyan Pathai",All Voters,Tamilaga Vettri Kazhagam,303,234,69,All India Anna Dravida Munnetra Kazhagam,3,4,2,1,6,5,9.70464135021097,15,19.69057665260197,2.672292545710267,32.91139240506329,42.61603375527427,0.0,2.109704641350211,0
186,168,27,232,337,1,4,0,0,1,0,0,0,0,0,0,0,1,0,0,1,0,769,0,1,770,0,186,"Motherland  Matric Higher Secondary School West Facing Terraced  Building   2nd  Room From North Side
Telungupalayam Coimbatore 641039",1.Wardno 76 Subramania Udaiyar Street,All Voters,Tamilaga Vettri Kazhagam,337,232,105,All India Anna Dravida Munnetra Kazhagam,3,4,2,1,6,5,13.65409622886866,4,21.84655396618986,3.511053315994798,30.16905071521456,43.82314694408323,0.1300390117035111,0.5201560468140443,1
187,218,29,212,223,0,7,1,0,0,0,0,0,0,2,0,1,0,0,1,2,0,689,0,3,692,0,187,"Motherland  Matric Higher Secondary School West Facing Terraced  Building   3rd Room  From North Side
Telungupalayam Coimbatore 641039","1.Arumuga  Udaiyar Street Ward No76
2.Arumuga  Udaiyar Street South Lane Ward  No76
3.Wardno 76 Arumuga  Udaiyar Street Kilamel Sandhu 999.Overseas Elector",All Voters,Tamilaga Vettri Kazhagam,223,218,5,Dravida Munnetra Kazhagam,2,4,3,1,6,5,0.7256894049346879,7,31.64005805515239,4.20899854862119,30.76923076923077,32.36574746008709,0.0,1.015965166908563,0
188,145,30,281,362,1,6,1,0,0,0,0,0,1,0,0,0,1,1,1,1,0,825,0,5,830,0,188,"Motherland  Matric Higher Secondary School
West Facing Terraced  Building  Notrh Side  4Th Room
Telungupalayam Coimbatore 641039",1.C.G.V Nagar 999.Overseas Electors,All Voters,Tamilaga Vettri Kazhagam,362,281,81,All India Anna Dravida Munnetra Kazhagam,3,4,2,1,6,5,9.818181818181818,6,17.57575757575757,3.636363636363636,34.06060606060606,43.87878787878788,0.1212121212121212,0.7272727272727273,1
189,139,43,242,264,1,11,1,0,1,0,0,1,0,2,0,1,3,1,1,0,0,700,0,1,701,0,189,"Motherland  Matric Higher Secondary School West Facing Terraced  Building  5Th Room  From North Side
Telungupalayam Coimbatore 641039","1.Ward  No 76  Nedunchezhiyan Pathai Thenvadal Sandhu
2.Ward  No 76  Rajarajeswari Nagar
3.Joshibhar Karamadai Nair Street",All Voters,Tamilaga Vettri Kazhagam,264,242,22,All India Anna Dravida Munnetra Kazhagam,3,4,2,1,6,5,3.142857142857143,11,19.85714285714286,6.142857142857143,34.57142857142857,37.71428571428572,0.1428571428571428,1.571428571428572,1
190,134,22,198,278,0,5,0,0,0,0,0,0,0,0,0,1,1,0,2,0,1,637,0,1,638,0,190,"Motherland  Matric Higher Secondary School North Facing  Terraced Building   1st Room  From East Side
Telungupalayam Coimbatore 641039","1.Ward  No 76  Thelungupalayampudur Thenvadal Road
2.Ward  No 76  Sakthi Vinayakar Koil Street
3.Ward  No 76  Kasthuri Garden",All Voters,Tamilaga Vettri Kazhagam,278,198,80,All India Anna Dravida Munnetra Kazhagam,3,4,2,1,6,5,12.55886970172684,5,21.03610675039246,3.453689167974882,31.08320251177394,43.64207221350079,0.0,0.7849293563579277,0
191,92,25,190,365,0,6,0,0,0,1,1,0,0,2,0,0,1,0,0,0,0,678,0,2,680,0,191,Motherland  Matric Higher Secondary School East Facing  Audutorium Building Room1 Telungupalayam Coimbatore 641039,"1.Ward  No 76  Bharathi Road Chithambaram  Colony
2.Wardno 76 Bharathi Road  1
3.Ward  No76  Amman Nagar",All Voters,Tamilaga Vettri Kazhagam,365,190,175,All India Anna Dravida Munnetra Kazhagam,3,4,2,1,6,5,25.81120943952802,6,13.5693215339233,3.687315634218289,28.023598820059,53.83480825958702,0.0,0.8849557522123894,0
192,117,34,262,354,0,2,0,0,0,0,0,0,0,0,0,0,2,0,0,0,0,769,0,6,775,0,192,"Motherland  Matric Higher Secondary School North Facing  Terraced Building   2nd Room  From East Side
Telungupalayam Coimbatore 641039","1.Ward  No 76  Nedhunzheian Street Kizhamel Santhu
2.Sastha  Nagar
3.Jayalakshmi Nagar 999.Overseas Elector",All Voters,Tamilaga Vettri Kazhagam,354,262,92,All India Anna Dravida Munnetra Kazhagam,3,4,2,1,6,5,11.96358907672302,2,15.21456436931079,4.421326397919375,34.0702210663199,46.03381014304291,0.0,0.2600780234070221,0
193,120,16,177,316,0,17,1,1,0,0,1,0,1,1,0,2,1,2,2,5,0,646,0,0,646,0,193,Motherland  Matric Higher Secondary School North Facing  Building   3rd Room  From East Side Telungupalayam Coimbatore 641039,1.Ward  No 76  Narayanasamy  Nagar,All Voters,Tamilaga Vettri Kazhagam,316,177,139,All India Anna Dravida Munnetra Kazhagam,3,5,2,1,6,4,21.51702786377709,17,18.57585139318886,2.476780185758514,27.39938080495356,48.91640866873065,0.0,2.631578947368421,0
194,113,28,255,370,0,9,1,0,0,0,0,1,0,0,0,0,1,1,2,3,0,775,0,3,778,0,194,Motherland  Matric Higher Secondary School East Facing  Audutorium Building Room2 Telungupalayam Coimbatore 641039,"1.Ward  No 76  Thiruvenkadam Nagar
2.Ward  No 76  Thiru V Ka  Nagar",All Voters,Tamilaga Vettri Kazhagam,370,255,115,All India Anna Dravida Munnetra Kazhagam,3,4,2,1,6,5,14.83870967741935,9,14.58064516129032,3.612903225806452,32.90322580645162,47.74193548387097,0.0,1.161290322580645,0
195,125,26,211,243,1,8,0,0,0,2,0,0,0,0,0,1,2,1,0,2,0,614,0,5,619,0,195,"Motherland  Matric Higher Secondary School North Facing  Terraced Building West Side 4Th Room
Telungupalayam Coimbatore 641039",1.Ward  No 76  Piriya Nagar,All Voters,Tamilaga Vettri Kazhagam,243,211,32,All India Anna Dravida Munnetra Kazhagam,3,4,2,1,6,5,5.211726384364821,8,20.35830618892508,4.234527687296417,34.36482084690554,39.57654723127036,0.1628664495114007,1.302931596091205,1
196,157,42,274,371,2,11,0,0,0,0,1,1,0,1,0,0,3,0,1,4,0,857,0,2,859,0,196,Motherland  Matric Higher Secondary School East Facing  Building  1St Room  From  South Side Telungupalayam Coimbatore 641039,"1.Wardno 76 Rajiv Nagar
2.Ward  No 76  Chinna  Thambi Layout
3.Ward  No   76  Kuzhanthai Naicker Thottam
4.Ward  No 76  Meenatchi Nagar
5.Ward  No 76  D G Ramasamy  Naidu Street 999.Overseas Electors",All Voters,Tamilaga Vettri Kazhagam,371,274,97,All India Anna Dravida Munnetra Kazhagam,3,4,2,1,6,5,11.31855309218203,11,18.31971995332556,4.900816802800467,31.97199533255543,43.29054842473746,0.2333722287047841,1.283547257876313,1
197,139,20,249,299,3,7,1,0,0,0,0,0,0,1,1,2,0,1,1,0,0,717,0,4,721,0,197,Sri Vaitheeswara  Vidhyala  Middle School East Facing  Building  Room Telungupalayam Coimbatore 641039,"1.Ward  No 76  Muthaiyaudayar Street
2.Ward  No 76  Muthaiya  Udaiyar St 3Rd  Sandhu
3.Ward  No 76  M G R Nagar Muthaiya  Udaiyar Street
4.Ward  No 76  Pudhu Colony Sandhu
5.Ward  No 76  Muthaiya  Udhaiyar Road  1St Sandhu 999.Overseas Electors",All Voters,Tamilaga Vettri Kazhagam,299,249,50,All India Anna Dravida Munnetra Kazhagam,3,4,2,1,6,5,6.97350069735007,7,19.38633193863319,2.789400278940028,34.72803347280335,41.70153417015342,0.4184100418410042,0.9762900976290098,1
198,133,45,284,458,2,5,0,0,0,0,1,0,0,0,0,1,1,1,0,0,1,927,0,3,930,0,198,Sri Vaitheeswara  Vidhyala  Middle School North Facing  Building  1st Room Telungupalayam Coimbatore 641039,"1.Ward  No 76  Muthaiya  Udhayar Road 2Nd  Sandhu
2.Ward  No 76  Rajiv Gandhi Nagar
3.Ward  No 76  Rajiv Gandhi Nagar 2
4.Ward  No 76  Jeyaram Nagar
5.Ward  No 76  Kumarapalayam Muniappa  Nagar 999.Overseas Electors",All Voters,Tamilaga Vettri Kazhagam,458,284,174,All India Anna Dravida Munnetra Kazhagam,3,4,2,1,6,5,18.77022653721683,5,14.34735706580367,4.854368932038835,30.63646170442287,49.4066882416397,0.2157497303128371,0.5393743257820928,1
199,141,23,214,273,1,7,0,1,0,0,0,0,2,0,0,1,1,1,0,1,0,659,0,2,661,0,199,Sri Vaitheeswara  Vidhyala  Middle School North Facing  Building  2nd  Room Telungupalayam Coimbatore 641039,"1.Ward  No 76  Vedappatti Main Road
2.Ward  No 76  Vedapatti Road  Sandhu
3.Ward  No 76   Textool Colony 999.Overseas Electors",All Voters,Tamilaga Vettri Kazhagam,273,214,59,All India Anna Dravida Munnetra Kazhagam,3,4,2,1,6,5,8.952959028831563,7,21.39605462822458,3.490136570561457,32.47344461305007,41.42640364188163,0.1517450682852807,1.062215477996965,1
200,159,21,186,286,1,8,1,0,0,0,2,0,0,0,0,2,0,0,1,1,0,661,0,7,668,0,200,Sri Vaitheeswara  Vidhyala  Middle School North Facing  Building  3rd Room Telungupalayam Coimbatore 641039,"1.Ward  No 76  Muthaiya  Udaiyar Street
2.Wardno 55 D G Ramasamy  Naidu Street 999.Overseas Electors",All Voters,Tamilaga Vettri Kazhagam,286,186,100,All India Anna Dravida Munnetra Kazhagam,3,4,2,1,6,5,15.1285930408472,8,24.05446293494705,3.177004538577912,28.13918305597579,43.267776096823,0.151285930408472,1.210287443267776,1
201,146,42,348,278,1,9,1,0,0,0,1,0,2,0,1,1,1,0,1,1,0,824,0,0,824,0,201,"Corporation Elementary School
North Facing  Terraced Building   1st Room  From East Side
Chokkampudur Coimbatore 641039","1.Ward  No 77  Ayyavuppannadi Street 1
2.Ward  No 77  Ayyavu Pannadi Street 2
3.Ward  No 77  Karuppannan Sandu 1
4.Ward  No 77  Karuppannan Sandu Extension
5.Ward  No 77  Karuppannan Sandu Huts 999.Overseas Elector",All Voters,All India Anna Dravida Munnetra Kazhagam,348,278,70,Tamilaga Vettri Kazhagam,3,4,1,2,6,5,8.495145631067961,9,17.71844660194175,5.097087378640777,42.23300970873786,33.7378640776699,0.1213592233009709,1.092233009708738,1
202,140,32,310,278,1,8,1,0,0,1,0,0,0,1,0,2,0,1,0,0,2,769,0,0,769,0,202,"Corporation Elementary School
North Facing  Terraced Building   2nd Room  From East Side
Chokkampudur Coimbatore 641039","1.Ward  No 77Jeeva  Street
2.Ward  No 77  Sri Nagar 999.Overseas Elector",All Voters,All India Anna Dravida Munnetra Kazhagam,310,278,32,Tamilaga Vettri Kazhagam,3,4,1,2,6,5,4.161248374512354,8,18.20546163849155,4.161248374512354,40.31209362808843,36.15084525357607,0.1300390117035111,1.040312093628089,1
203,98,36,294,312,2,7,0,0,0,0,1,0,1,0,0,1,1,1,0,1,0,749,0,2,751,0,203,"Sri Sowdeswari Matriculation Higher  Secondary School
North Facing  Main Building West Side Room4 Chokkampudur Coimbatore 641039","1.Ward  No 77  Jeeva  Road  Shanmugasundaram  Thottam
2.Ward  No 77  Subramaniam  Street
3.Ward  No 77  Karuppannan Sandu
4.Ward  No 77  Palaniappa Nagar E B Colony",All Voters,Tamilaga Vettri Kazhagam,312,294,18,All India Anna Dravida Munnetra Kazhagam,3,4,2,1,6,5,2.403204272363151,7,13.08411214953271,4.806408544726302,39.25233644859813,41.65554072096128,0.267022696929239,0.9345794392523363,1
204,103,15,293,236,0,5,0,0,0,0,1,1,2,1,0,0,0,0,0,0,0,652,0,2,654,0,204,"Corporation Elementary School
North Facing  Building  East Side 3Rd  Room Chokkampudur Coimbatore 641039","1.Ward  No 77  Annai Indra Nagar
2.Ward  No 77  Annai Indra Nagar S.R.S Lay  Out 999.Overseas Electors",All Voters,All India Anna Dravida Munnetra Kazhagam,293,236,57,Tamilaga Vettri Kazhagam,3,4,1,2,6,5,8.742331288343557,5,15.79754601226994,2.300613496932515,44.93865030674847,36.19631901840491,0.0,0.7668711656441718,0
205,108,14,209,209,0,2,0,0,0,0,0,0,0,0,0,0,1,0,0,1,0,542,0,2,544,0,205,"Sri Sowdeswari Matriculation Higher  Secondary School
North Facing  Main Buildingwest Side  2nd Room Chokkampudur Coimbatore 641039","1.Ward  No 77  Chokkamputhur Road Housing  Unit Bock S
2.Ward  No 77  Sri Shanmuga  Nagar 999.Overseas Elector",All Voters,All India Anna Dravida Munnetra Kazhagam,209,209,0,All India Anna Dravida Munnetra Kazhagam,3,4,1,1,6,5,0.0,2,19.92619926199262,2.583025830258303,38.56088560885609,38.56088560885609,0.0,0.3690036900369004,0
206,139,41,299,312,2,6,0,0,1,0,2,0,0,1,0,0,1,1,0,0,0,799,0,4,803,0,206,"Corporation Elementary School
East Facing  Asbestos North Side 1St Room Chokkampudur Coimbatore 641039","1.Ward  No 77   Jeeva  Pathai Santhu 1
2.Ward  No 77  Jeeva  Pathai Sathu 2
3.Ward  No 77  Jeeva  Pathai Santhu 3
4.Ward  No 77  Karupannan Pathai
5.Ward  No 77  Karuppannan Pathai (Balaji Nagar) Sboa
6.Ward  No 77  E B Colony  Purambokku 999.Overseas Electors",All Voters,Tamilaga Vettri Kazhagam,312,299,13,All India Anna Dravida Munnetra Kazhagam,3,4,2,1,6,5,1.6270337922403,6,17.39674593241552,5.131414267834793,37.42177722152691,39.04881101376721,0.2503128911138924,0.7509386733416771,1
207,78,14,253,202,0,4,0,0,0,0,1,0,0,0,1,0,0,0,0,1,0,551,0,5,556,0,207,"Corporation Elementary School
East Facing  Asbestos North Side   2nd Room Chokkampudur Coimbatore 641039","1.Ward  No 77  Palanisamy  Colony
2.Ward  No 77  Palanisamy  Colony (Purambokku) 999.Overseas Elector",All Voters,All India Anna Dravida Munnetra Kazhagam,253,202,51,Tamilaga Vettri Kazhagam,3,4,1,2,6,5,9.25589836660617,4,14.15607985480944,2.540834845735027,45.91651542649728,36.66061705989111,0.0,0.7259528130671506,0
208,159,16,221,321,0,2,0,0,0,0,0,0,0,0,1,0,1,0,0,0,0,719,0,1,720,0,208,"Corporation Elementary School
West Facing Terraced  Building  1St Room  From South Side
Selvapuram South Coimbatore 641026","1.Ward  No 77  N.S.K Arch St
2.Ward  No 77  Selvapuram North East West Street 999.Overseas Electors",All Voters,Tamilaga Vettri Kazhagam,321,221,100,All India Anna Dravida Munnetra Kazhagam,3,4,2,1,6,5,13.90820584144645,2,22.11404728789986,2.225312934631432,30.73713490959666,44.64534075104311,0.0,0.2781641168289291,0
209,352,19,112,338,1,9,0,0,1,1,1,0,1,0,0,2,3,0,0,0,0,831,0,4,835,0,209,"Corporation Elementary School
West Facing Terraced  Building   2nd  Room From South Side
Selvapuram South Coimbatore 641026",1.Ward  No 77  North Housing  Unit,All Voters,Dravida Munnetra Kazhagam,352,338,14,Tamilaga Vettri Kazhagam,1,4,3,2,6,5,1.684717208182912,9,42.35860409145607,2.286401925391095,13.4777376654633,40.67388688327316,0.1203369434416366,1.083032490974729,1
210,203,9,151,218,0,6,0,0,0,1,1,0,0,0,0,1,1,1,0,1,0,587,0,0,587,0,210,"Sri Sowdeswari Matriculation Higher  Secondary
School
East Side Building North Facing Room1 Selvapuram South Coimbatore 641026","1.Ward  No 77  Vadakku Housing  Unit B Block
2.Ward  No 77  Valliammai Nagar
3.Ward  No 77  NSK Valaivu (Aranganayagam  Nagar)
4.Ward  No 77  Thenvadal Housing  Unit",All Voters,Tamilaga Vettri Kazhagam,218,203,15,Dravida Munnetra Kazhagam,2,4,3,1,6,5,2.555366269165247,6,34.58262350936968,1.533219761499148,25.72402044293015,37.13798977853492,0.0,1.022146507666099,0
211,223,13,86,119,2,1,0,0,0,0,1,0,0,0,0,0,0,0,0,0,0,444,0,0,444,0,211,"Corporation Elementary School
West Facing Terraced  Building  South Side   3rd Room
Selvapuram South Coimbatore 641026",1.Ward  No 77  Ramamoorthy  Road Housing  Unit Thenvadal 999.Overseas Elector,All Voters,Dravida Munnetra Kazhagam,223,119,104,Tamilaga Vettri Kazhagam,1,4,3,2,5,6,23.42342342342342,1,50.22522522522522,2.927927927927928,19.36936936936937,26.8018018018018,0.4504504504504505,0.2252252252252252,1
212,251,35,214,238,1,3,0,1,0,0,0,0,1,0,0,0,0,0,1,0,0,742,0,1,743,0,212,"Corporation Elementary School
West Facing Terraced  Building  South Side 4Th Room
Selvapuram South Coimbatore 641026",1.Ward  No 77  Ramamoorthy  Road 999.Overseas Elector,All Voters,Dravida Munnetra Kazhagam,251,238,13,Tamilaga Vettri Kazhagam,1,4,3,2,6,5,1.752021563342318,3,33.82749326145553,4.716981132075472,28.84097035040431,32.0754716981132,0.1347708894878706,0.4043126684636119,1
213,265,25,166,215,0,6,0,0,0,2,0,0,2,0,0,0,1,0,0,0,1,677,0,1,678,0,213,"Corporation Elementary School
West Facing Terraced  Building  South Side 5Th Room
Selvapuram South Coimbatore 641026","1.Ward  No 77  Cheran Nagar
2.Ward  No 77  Abdulkapoor Lay Out
3.Ward  No 77  Selvapuram North Housing  Unit Keelmel Street",All Voters,Dravida Munnetra Kazhagam,265,215,50,Tamilaga Vettri Kazhagam,1,4,3,2,6,5,7.385524372230429,6,39.14327917282127,3.692762186115214,24.51994091580502,31.75775480059084,0.0,0.8862629246676514,0
214,275,20,168,293,0,9,0,2,0,0,2,0,0,0,1,0,2,0,1,1,0,765,0,2,767,0,214,"Corporation Elementary School
North Facing  Building  West Side 7Th Room Selvapuram South Coimbatore 641026","1.Ward  No 77  Ramamoorthy  Road 1
2.Ward  No 77  Kudisai Paguthi Selvarajapuram  Selvapuram
3.Ward  No 77  Selvapuram North Housing  Unit
4.Ward  No 76  Muthusamy Colony 4 999.Overseas Electors",All Voters,Tamilaga Vettri Kazhagam,293,275,18,Dravida Munnetra Kazhagam,2,4,3,1,6,5,2.352941176470588,9,35.94771241830065,2.61437908496732,21.96078431372549,38.30065359477125,0.0,1.176470588235294,0
215,195,33,197,284,0,5,0,0,0,0,0,1,0,0,3,1,0,0,0,0,0,714,0,3,717,0,215,"Corporation Elementary School
West Facing Terraced  Building  South Side 6Th Room
Selvapuram South Coimbatore 641026",1.Ward  No 77  Shanmugarajapuram Selvapuram  North 999.Overseas Elector,All Voters,Tamilaga Vettri Kazhagam,284,197,87,All India Anna Dravida Munnetra Kazhagam,3,4,2,1,6,5,12.18487394957983,5,27.3109243697479,4.621848739495799,27.59103641456583,39.77591036414566,0.0,0.700280112044818,0
216,191,24,141,208,0,3,0,0,0,0,1,1,1,0,0,0,0,0,0,0,0,567,0,2,569,0,216,"Sri Sowdeswari Matriculation Higher  Secondary
School
East Side Building North Facing Room2 Selvapuram South Coimbatore 641026","1.Ward  No 77  Shanmugarajapuram Selvapuram  North
2.Ward  No 77  Ramamoorthy  Road",All Voters,Tamilaga Vettri Kazhagam,208,191,17,Dravida Munnetra Kazhagam,2,4,3,1,6,5,2.998236331569665,3,33.68606701940035,4.232804232804233,24.86772486772487,36.68430335097001,0.0,0.5291005291005291,0
217,248,18,76,187,0,5,0,0,0,0,0,0,1,0,0,1,2,0,0,0,0,534,0,2,536,0,217,"Corporation Elementary School
East Facing  Terraced Building South Side   1st Room
Selvapuram South Coimbatore 641026",1.Ward  No 77  Rangasamy  Colony 999.Overseas Elector,All Voters,Dravida Munnetra Kazhagam,248,187,61,Tamilaga Vettri Kazhagam,1,4,3,2,6,5,11.42322097378277,5,46.44194756554307,3.370786516853932,14.23220973782771,35.0187265917603,0.0,0.9363295880149813,0
218,292,29,144,268,1,4,0,0,0,0,1,0,1,0,0,1,0,1,0,0,0,738,0,3,741,0,218,"Milton Matric School, West Facing Building Room Selvapuram   Coimbatore 641026","1.Ward  No 77  Periyathambi Nagar
2.Ward  No 86  Amul Nagar",All Voters,Dravida Munnetra Kazhagam,292,268,24,Tamilaga Vettri Kazhagam,1,4,3,2,6,5,3.252032520325204,4,39.56639566395664,3.929539295392954,19.51219512195122,36.31436314363143,0.1355013550135501,0.5420054200542005,1
219,307,22,112,231,0,7,0,1,0,0,0,0,1,0,0,2,2,0,1,0,0,679,0,5,684,0,219,"Corporation Elementary School
East Facing  Terraced Building 2nd Room Fromsouth Side
Selvapuram South Coimbatore 641026",1.Ward  No 77  Rajarathinam  Nagar,All Voters,Dravida Munnetra Kazhagam,307,231,76,Tamilaga Vettri Kazhagam,1,4,3,2,6,5,11.19293078055965,7,45.21354933726068,3.240058910162003,16.49484536082474,34.02061855670103,0.0,1.030927835051546,0
220,169,15,177,203,1,2,0,0,0,0,1,0,0,0,1,0,0,0,0,0,0,567,0,1,568,0,220,"Corporation Elementary School
East Facing  New Terraced  Building  3rd  Room From  South Side
Selvapuram South Coimbatore 641026","1.Ward  No 86  Ezhil Nagar
2.Ward  No 77  Kallamedu Housing Unit
3.Ward  No 77  Vadakku Housing  Unit Acc Block 999.Overseas Elector",All Voters,Tamilaga Vettri Kazhagam,203,177,26,All India Anna Dravida Munnetra Kazhagam,3,4,2,1,6,5,4.585537918871252,2,29.80599647266314,2.645502645502646,31.21693121693121,35.80246913580247,0.1763668430335097,0.3527336860670194,1
221,146,40,217,350,1,8,2,1,0,0,1,1,0,0,0,1,0,1,0,1,0,762,0,2,764,0,221,"Corporation Elementary School
East Facing  Terraced New Building  South Side 4Th Room
Selvapuram South Coimbatore 641026",1.Ward  No 86  Amul Nagar 999.Overseas Elector,All Voters,Tamilaga Vettri Kazhagam,350,217,133,All India Anna Dravida Munnetra Kazhagam,3,4,2,1,6,5,17.45406824146982,8,19.16010498687664,5.249343832020998,28.47769028871391,45.93175853018373,0.1312335958005249,1.049868766404199,1
222,143,3,109,125,0,3,0,0,0,0,1,0,0,1,0,1,0,0,0,0,0,383,0,0,383,0,222,"Corporation Elementary School North Facing  South Side 3Rd  Room
Kallamedu Muthusamy Colony Coimbatore 641026","1.Ward  No 86  Govindhasamy Way  A Block
2.Ward  No 86  Govindhasamy Way  Ac Block
3.Ward  No 86  Govindhasamy Way  Bb Block
4.Ward  No 86  Govindhasamy Way  Cc Block
5.Ward  No 86  Govindhasamy Way  Ee Block
6.Ward  No 86  Govindhasamy Way  Ff Block
7.Ward  No 86  Govindhasamy Way  Gg  Block
8.Ward  No 86  Govindhasamy Way  Hh Block
9.Ward  No 86  Govindhasamy Way  Jj Block
10.Ward No 86  Govindhasamy Way  Kk  Block
11.Ward No 86  Govindhasamy Way  Ll Block
12.Ward No 86  Govindhasamy Way  Mm  Block
13.Ward No 54  Govindhasamy Way  Nn Block
14.Ward No 86  Govindhasamy Way  Oo Block 999.Overseas Electors",All Voters,Dravida Munnetra Kazhagam,143,125,18,Tamilaga Vettri Kazhagam,1,4,3,2,6,4,4.699738903394255,3,37.33681462140992,0.7832898172323759,28.45953002610966,32.63707571801567,0.0,0.7832898172323759,0
223,131,21,231,264,0,8,2,2,0,1,0,0,0,0,0,1,0,0,1,1,0,655,0,2,657,0,223,"Sirusti Vidyalaya   Matriculation Higher Secondary
School                                                                    East Side
North Facing  Terraced Building East Side 6Th Room                         Selvapuram Coimbatore 641026","1.Ward  No 76  Anna  Road  Perur Main Road
2.Ward  No 76  Kalaigner Nagar",All Voters,Tamilaga Vettri Kazhagam,264,231,33,All India Anna Dravida Munnetra Kazhagam,3,4,2,1,6,5,5.038167938931298,8,20.0,3.206106870229008,35.26717557251908,40.30534351145038,0.0,1.221374045801527,0
224,329,17,173,269,0,7,0,1,0,0,1,0,1,0,0,2,1,0,0,0,0,795,0,2,797,0,224,"Corporation Elementary School
North Facing  Asbestos West Side  2nd Room Kallamedu Muthusamy Colony Coimbatore 641026","1.Ward  No86  Govindhasamy Way S Line
2.Ward  No 86  Govindhasamy Way  E Block
3.Ward  No 76  Rangappa Gounder Lay Out",All Voters,Dravida Munnetra Kazhagam,329,269,60,Tamilaga Vettri Kazhagam,1,4,3,2,6,5,7.547169811320755,7,41.38364779874214,2.138364779874214,21.76100628930818,33.83647798742138,0.0,0.8805031446540881,0
225,337,16,177,290,1,7,1,0,1,0,0,0,0,1,0,1,1,1,1,0,0,828,0,6,834,0,225,"Corporation Elementary School
East Facing  Asbestos West Side 3rd  Room Kallamedu Muthusamy Colony Coimbatore 641026","1.Ward  No 86  Thenvadal 1st Street 7th Unit
2.Ward  No 86  Thenvadal 2nd Street 8th Unit
3.Ward  No 86  Sundakkamuthur Road  Kudisaigal
4.Ward  No 86  Arunthathiar Street
5.Ward  No 86  Govindhasamy Way  G Block",All Voters,Dravida Munnetra Kazhagam,337,290,47,Tamilaga Vettri Kazhagam,1,4,3,2,6,5,5.676328502415459,7,40.70048309178744,1.932367149758454,21.3768115942029,35.02415458937198,0.1207729468599034,0.8454106280193237,1
226,294,14,183,242,0,3,0,0,1,1,1,0,0,0,0,0,0,0,0,0,0,736,0,3,739,0,226,"Sirusti Vidyalaya  Matriculation Higher Secondary
School
East Side North Facing  Terraced Building East Side 7th Room
Selvapuram Coimbatore 641026","1.Ward  No 86  Govindhasamy Way  H Block
2.Ward  No 86  Housing Unit Keelamel Veethi 2
3.Ward  No 86  Muthusamy Colony S.N. Main  Road
4.Ward  No 86  Kallamedu Salaigal 999.Overseas Elector",All Voters,Dravida Munnetra Kazhagam,294,242,52,Tamilaga Vettri Kazhagam,1,4,3,2,6,5,7.065217391304348,3,39.94565217391305,1.902173913043478,24.86413043478261,32.8804347826087,0.0,0.4076086956521739,0
227,137,39,327,272,0,18,3,0,0,3,0,2,0,1,1,1,0,2,1,1,1,793,0,2,795,0,227,"Corporation Elementary School
North Facing  Terraced Building East Side 1st Room Kallamedu Muthusamy Colony Coimbatore 641026","1.Ward  No 76  Raj Nagar
2.Ward  No 76  Perur Main Road",All Voters,All India Anna Dravida Munnetra Kazhagam,327,272,55,Tamilaga Vettri Kazhagam,3,4,1,2,6,5,6.935687263556116,18,17.27616645649432,4.918032786885246,41.23581336696091,34.30012610340479,0.0,2.269861286254729,0
228,387,15,133,242,0,6,0,1,0,0,2,0,0,0,0,1,0,1,0,1,0,783,0,3,786,0,228,"Corporation Elementary School
East Facing  Terraced Building 1st Room  From South Side
Kallamedu Muthusamy Colony Coimbatore 641026","1.Ward  No 76  Kallamedu Housing Unit
2.Ward  No 86  Govindhasamy Way  Erattaimadi 999.Overseas Elector",All Voters,Dravida Munnetra Kazhagam,387,242,145,Tamilaga Vettri Kazhagam,1,4,3,2,6,5,18.51851851851852,6,49.42528735632184,1.915708812260536,16.98595146871009,30.90676883780332,0.0,0.7662835249042145,0
229,278,9,109,187,1,2,0,1,0,0,0,0,0,0,0,0,0,0,1,0,0,586,0,1,587,0,229,"Sirusti Vidyalaya  Matriculation Higher Secondary School
East Side North Facing  Terraced Building East Side 8Th Room
Selvapuram Coimbatore 641026","1.Ward  No 86  Housing Unit
2.Ward  No 86  Govindhasamy Way  B Block
3.Ward  No 86  Govindhasamy Way  C Block
4.Ward  No 86  Govindhasamy Way  D Block
5.Ward  No 86  Govindhasamy Way  Dd  Block
6.Ward  No 86  Govindhasamy Way  Aa  Block
7.Ward  No 86  Govindhasamy Way  Housing  Unit(S)
8.Ward  No 86  Govindhasamy Way  F Block 999.Overseas Electors",All Voters,Dravida Munnetra Kazhagam,278,187,91,Tamilaga Vettri Kazhagam,1,4,3,2,6,5,15.52901023890785,2,47.44027303754266,1.535836177474403,18.60068259385665,31.91126279863481,0.1706484641638225,0.3412969283276451,1
230,165,34,292,416,4,1,0,0,1,0,0,0,0,0,0,0,0,0,0,0,0,912,0,5,917,0,230,"Corporation Elementary School
North Facing  Building  West Side   1st Room Selvapuram North Coimbatore 641026","1.Ward  No 77,78 Indra  Nagar",All Voters,Tamilaga Vettri Kazhagam,416,292,124,All India Anna Dravida Munnetra Kazhagam,3,4,2,1,5,6,13.59649122807018,1,18.09210526315789,3.728070175438596,32.01754385964912,45.61403508771929,0.4385964912280702,0.1096491228070175,1
231,114,27,302,398,0,3,0,0,0,0,0,0,1,0,0,0,0,0,1,1,0,844,0,4,848,0,231,"Corporation Elementary School
North Facing  Building  West Side   2nd Room Selvapuram North Coimbatore 641026",1.Ward  No79  Sarojini Nagar 999.Overseas Elector,All Voters,Tamilaga Vettri Kazhagam,398,302,96,All India Anna Dravida Munnetra Kazhagam,3,4,2,1,6,5,11.37440758293839,3,13.50710900473934,3.199052132701421,35.78199052132701,47.1563981042654,0.0,0.3554502369668247,0
232,167,17,164,221,0,2,0,0,0,0,2,0,0,0,0,0,0,0,0,0,0,571,0,3,574,0,232,"Anganwadi Center 1
North Facing  New Anganwadi Building1 Selvapuram North Coimbatore 641026","1.Ward  No 76  SA Nagar
2.Ward  No 76  Durga Colony
3.Ward  No 76  Keelamel Street
4.Ward  No 76  Housing Board  Then Vadal Veethi
5.Ward  No 76  Anna  Road  Indra Nagar",All Voters,Tamilaga Vettri Kazhagam,221,167,54,Dravida Munnetra Kazhagam,2,4,3,1,6,5,9.457092819614711,2,29.24693520140105,2.97723292469352,28.7215411558669,38.70402802101577,0.0,0.3502626970227671,0
233,110,19,190,264,2,3,1,0,0,0,0,0,0,0,0,0,0,0,2,0,0,588,0,3,591,0,233,"Sirusti Vidyalaya  Matriculation Higher Secondary
School
North Facing  Terraced Building 9Th Room From East Side
Selvapuram Coimbatore 641026",1.Ward  No 76  V O C Main Road  Thillai Nagar 999.Overseas Elector,All Voters,Tamilaga Vettri Kazhagam,264,190,74,All India Anna Dravida Munnetra Kazhagam,3,4,2,1,6,5,12.58503401360544,3,18.70748299319728,3.231292517006803,32.31292517006803,44.89795918367347,0.3401360544217687,0.5102040816326531,1
234,113,21,175,286,0,2,0,0,0,0,0,0,0,0,0,0,2,0,0,0,0,597,0,1,598,0,234,"Sirusti Vidyalaya  Matriculation Higher Secondary School, South Side Building  North Facing 2nd Room  Selvapuram Coimbatore 641026","1.Ward  No 76  V O C Main Road  Thillai Nagar
2.Ward  No 76  V O C Main Road  Thillai Nagar 1",All Voters,Tamilaga Vettri Kazhagam,286,175,111,All India Anna Dravida Munnetra Kazhagam,3,4,2,1,6,5,18.5929648241206,2,18.92797319932998,3.517587939698493,29.31323283082077,47.90619765494137,0.0,0.3350083752093803,0
235,128,30,298,341,1,7,0,0,1,1,0,0,0,1,0,1,0,0,1,0,0,805,0,1,806,0,235,"Sirusti Vidyalaya  Matriculation Higher Secondary
School
North Facing  Terraced Building South Side 1St Room
Selvapuram Coimbatore 641026","1.Ward  No 76  V O C Kilamel Street 4
2.Ward  No 76  V O C Kilamel Street1
3.Ward  No 76Nehru Colony 999.Overseas Electors",All Voters,Tamilaga Vettri Kazhagam,341,298,43,All India Anna Dravida Munnetra Kazhagam,3,4,2,1,6,5,5.341614906832298,7,15.90062111801242,3.726708074534161,37.01863354037267,42.36024844720497,0.124223602484472,0.8695652173913043,1
236,101,19,217,236,0,5,1,0,0,0,1,0,0,1,1,0,0,0,1,0,0,578,0,0,578,0,236,"Sirusti Vidyalaya  Matriculation Higher Secondary
School
North Facing  Terraced Building   2nd Room  From South Side
Selvapuram Coimbatore 641026",1.Ward  No 76  Anna  Pathai Perur Main Road 999.Overseas Elector,All Voters,Tamilaga Vettri Kazhagam,236,217,19,All India Anna Dravida Munnetra Kazhagam,3,4,2,1,6,5,3.28719723183391,5,17.47404844290658,3.28719723183391,37.54325259515571,40.83044982698961,0.0,0.8650519031141869,0
237,159,37,262,325,2,10,1,1,0,0,2,0,2,2,0,0,0,1,1,0,0,795,0,3,798,0,237,"Corporation Elementary School
North Facing  Building  West Side   3rd  Room Selvapuram North Coimbatore 641026","1.Ward  No 79  Muthusamy Colony 2
2.Ward  No 79  Muthusamy Colony 5 999.Overseas Elector",All Voters,Tamilaga Vettri Kazhagam,325,262,63,All India Anna Dravida Munnetra Kazhagam,3,4,2,1,6,5,7.924528301886792,10,20.0,4.654088050314465,32.9559748427673,40.88050314465409,0.2515723270440252,1.257861635220126,1
238,197,14,230,272,0,2,0,0,0,0,0,0,0,1,0,0,0,0,0,0,0,715,0,2,717,0,238,"Sirusti Vidyalaya  Matriculation Higher Secondary
School
North Facing  Terraced Building 3Rd Room  From South Side
Selvapuram Coimbatore 641026","1.Ward  No 76  M.K Thenvadal Street
2.Ward  No 76  Muthusamy Colony Keelamel Street 3
3.Ward  No 76  V O C Kilamel Street
4.Ward  No 76  Muthusamy Colony 3 999.Overseas Electors",All Voters,Tamilaga Vettri Kazhagam,272,230,42,All India Anna Dravida Munnetra Kazhagam,3,4,2,1,6,5,5.874125874125874,2,27.55244755244755,1.958041958041958,32.16783216783217,38.04195804195804,0.0,0.2797202797202797,0
239,160,25,212,350,0,8,1,0,0,0,0,1,0,0,0,0,1,1,1,2,0,755,0,5,760,0,239,"Corporation Elementary School
North Facing  Building  West Side 4Th Room Selvapuram North Coimbatore 641026",1.Ward  No 77  LIC Colony,All Voters,Tamilaga Vettri Kazhagam,350,212,138,All India Anna Dravida Munnetra Kazhagam,3,4,2,1,6,5,18.27814569536424,8,21.19205298013245,3.311258278145695,28.0794701986755,46.35761589403973,0.0,1.059602649006623,0
240,130,23,213,304,1,4,0,0,0,0,0,0,0,0,0,1,0,2,0,1,0,675,0,2,677,0,240,"Anganwadi Center 2
North Facing  New Anganwadi Building 2 Selvapuram North Coimbatore 641026","1.Ward  No 77  Venkateswara  Lay Out
2.Ward  No 77  Lic Colony  Extn
3.Ward  No 79  Keelamel Street 2
4.Ward  No 76  Muthusamy Colony Keelamel Veethi 1",All Voters,Tamilaga Vettri Kazhagam,304,213,91,All India Anna Dravida Munnetra Kazhagam,3,4,2,1,6,5,13.48148148148148,4,19.25925925925926,3.407407407407407,31.55555555555555,45.03703703703704,0.1481481481481481,0.5925925925925926,1
241,168,15,182,302,0,5,1,1,0,0,1,1,0,0,0,0,1,0,0,0,0,672,0,0,672,0,241,"Corporation Elementary School
North Facing  Building  West Side 5Th Room Selvapuram North Coimbatore 641026","1.Ward  No 76  Indra Nagar Extn
2.Ward  No 76  V O C Thenvadal Street
3.Ward  No 77  Nanjappan Garden 999.Overseas Elector",All Voters,Tamilaga Vettri Kazhagam,302,182,120,All India Anna Dravida Munnetra Kazhagam,3,4,2,1,6,5,17.85714285714286,5,25.0,2.232142857142857,27.08333333333333,44.94047619047619,0.0,0.744047619047619,0
242,159,23,221,331,0,5,0,0,0,1,0,0,0,0,1,0,0,0,1,1,1,739,0,2,741,0,242,"Corporation Elementary School
North Facing  Building  West Side 6Th Room Selvapuram North Coimbatore 641026","1.Ward  No 77  Thiruvalluvar Nagar
2.Ward  No 76  Indra Nagar Raj Avenue
3.Ward  No 76  V O C Kilamel Street 3
4.Ward  No 77  Lalbagathur Sasthiri Street 999.Overseas Electors",All Voters,Tamilaga Vettri Kazhagam,331,221,110,All India Anna Dravida Munnetra Kazhagam,3,4,2,1,6,5,14.88497970230041,5,21.51556156968877,3.112313937753721,29.90527740189445,44.79025710419486,0.0,0.6765899864682002,0
243,192,19,227,213,1,4,0,0,0,1,0,0,0,0,0,0,0,0,2,1,0,656,0,2,658,0,243,"P S G High  School
North Facing  Building  West Side   1st Room Vedapatti Coimbatore 641007","1.Ward  No10  Rangamoopan Street
2.Ward  No10  Bhasyam Naidu Street
3.Ward  No10  Perur Road  Rangamoopan Street
4.Ward  No10  Karunanithi Nagar
5.Ward  No10  Perur Road   1st Street
6.Ward  No10  Palanisamy  Nagar
7.Ward  No 4 Vkv Srinagar
8.Ward  No12  Ayyavu Nagar",All Voters,All India Anna Dravida Munnetra Kazhagam,227,213,14,Tamilaga Vettri Kazhagam,3,4,1,2,6,5,2.134146341463415,4,29.26829268292683,2.896341463414634,34.60365853658536,32.46951219512195,0.1524390243902439,0.6097560975609756,1
244,144,21,252,225,1,13,0,0,0,2,0,0,0,1,2,2,2,1,1,1,0,656,0,5,661,0,244,"P S G High  School
East Facing  Tiled Back  side Building Vedapatti Coimbatore 641007","1.Ward  No 9 Perumal Naidu Street
2.Ward  No 9 Venkidusamy  Naidu Street
3.Ward  No 9 Sankaranaidu Karamadai Street
4.Ward  No 9 Perumal Goundar Santhu
5.Ward  No 9 Sankara  Naidu Street
6.Ward  No 9 Vellaiangiri Goundar Line
7.Ward  No 9 Old Pillaiyar Koil Street
8.Ward  No 9 Perumal Koil Street
9.Ward  No 9 Marappa Goundar Lane
10.Ward No 10  Venu Garden",All Voters,All India Anna Dravida Munnetra Kazhagam,252,225,27,Tamilaga Vettri Kazhagam,3,4,1,2,6,5,4.115853658536586,13,21.95121951219512,3.201219512195122,38.41463414634146,34.29878048780488,0.1524390243902439,1.981707317073171,1
245,245,45,369,274,1,8,0,0,0,1,0,0,1,1,0,1,0,1,2,0,0,942,0,1,943,0,245,"P S G High  School
North Facing  Building  West Side   2nd Room Vedapatti Coimbatore 641007","1.Ward  No 11  Perumal Naidu Layout
2.Ward  No 12  Vanniyampalayam Road 999.Overseas Elector",All Voters,All India Anna Dravida Munnetra Kazhagam,369,274,95,Tamilaga Vettri Kazhagam,3,4,1,2,6,5,10.08492569002123,8,26.00849256900212,4.777070063694268,39.171974522293,29.08704883227176,0.1061571125265393,0.8492569002123143,1
246,144,23,453,260,0,3,1,0,0,0,0,0,0,0,0,0,1,0,0,1,0,883,0,2,885,0,246,"P S G High  School
North Facing  Building  East Side   3rd  Room Vedapatti Coimbatore 641007","1.Ward  No 3 Mariyamman Koil Street North
2.Ward  No 3 Mariyamman Koil Street South
3.Ward  No 1 Mannudaiyar Street
4.Ward  No 1 Maruthappa Nagar
5.Ward  No 1 Rajanaidu Layout
6.Ward  No 9 Thonadamuthur Mainroad
7.Ward  No 9 Venkitachalam  Garden
8.Ward  No 9 Bhuvaneshwari Garden 999.Overseas Elector",All Voters,All India Anna Dravida Munnetra Kazhagam,453,260,193,Tamilaga Vettri Kazhagam,3,4,1,2,6,5,21.85730464326161,3,16.30804077010193,2.60475651189128,51.30237825594563,29.44507361268403,0.0,0.3397508493771235,0
247,238,37,228,316,1,7,0,0,0,0,0,0,1,0,0,0,1,1,2,1,1,827,0,4,831,0,247,"P S G High  School, West Facing Building North side Room   Vedapatti Coimbatore 641007","1.Ward  No 3 Sriram Garden
2.Ward  No 4 FCI Colony
3.Ward  No 4 Lurthu Matha Kovil Street",All Voters,Tamilaga Vettri Kazhagam,316,238,78,Dravida Munnetra Kazhagam,2,4,3,1,6,5,9.4316807738815,7,28.77871825876663,4.474002418379685,27.56952841596131,38.21039903264813,0.120918984280532,0.8464328899637243,1
248,188,25,360,302,1,6,0,1,0,1,0,0,0,0,0,0,2,0,2,0,0,882,0,1,883,0,248,"P S G High  School
North Facing  Building  East Side 2Nd  Room Vedapatti Coimbatore 641007","1.Ward  No 2 Chinathambi Nagar
2.Ward  No 2 Srinagar Kurumbapalayam
3.Ward  No 2 Kasi Karuppannan Street
4.Ward  No 2 Nanjappagoundar Street
5.Ward  No 2 Oorgoundar Street
6.Ward  No 2 Samaiyer Street
7.Ward  No 2 Maruthappa Goundar Street 999.Overseas Electors",All Voters,All India Anna Dravida Munnetra Kazhagam,360,302,58,Tamilaga Vettri Kazhagam,3,4,1,2,6,5,6.575963718820861,6,21.31519274376417,2.834467120181406,40.81632653061224,34.24036281179138,0.1133786848072562,0.6802721088435374,1
249,181,37,195,265,0,4,0,0,0,0,0,0,0,0,1,0,2,0,0,1,0,682,0,2,684,0,249,"P S G High  School
North Facing  Building  East Side Room  1 Vedapatti Coimbatore 641007","1.Ward  No 8 Palaniyappan Street
2.Ward  No 8 Rajan Nagar
3.Ward  No 8 Najappagoundar Street
4.Ward  No 8 Karamadai Street",All Voters,Tamilaga Vettri Kazhagam,265,195,70,All India Anna Dravida Munnetra Kazhagam,3,4,2,1,6,5,10.26392961876833,4,26.53958944281525,5.425219941348973,28.59237536656892,38.85630498533724,0.0,0.5865102639296188,0
250,216,33,305,268,1,7,1,0,1,0,1,0,0,0,2,1,0,0,1,0,0,830,0,6,836,0,250,"P S G High  School
West Facing Building North Side 1St Room Vedapatti Coimbatore 641007","1.Ward  No13  PSG Rangasamy 2Nd  Nagar
2.Ward  No13  Maruthappa  Puram
3.Ward  No13  Teachers Colony
4.Ward  No12  Devendra  Street
5.Ward  No13  PSG Rangasamy 1St Nagar
6.Ward  No13  Rasagoundar Nagar 999.Overseas Electors",All Voters,All India Anna Dravida Munnetra Kazhagam,305,268,37,Tamilaga Vettri Kazhagam,3,4,1,2,6,5,4.457831325301205,7,26.02409638554217,3.975903614457831,36.74698795180723,32.28915662650602,0.1204819277108434,0.8433734939759037,1
251,118,15,330,377,0,16,0,1,1,1,0,0,0,2,1,3,1,1,3,1,1,856,0,5,861,0,251,"Panchayat Union Elementary School
East Facing  Building  South Side 1st Room Nagarajapuram Coimbatore 641007","1.Ward  No 6 Nagarajapuram  Mattasalaikal
2.Ward  No 6 Velliyangiri Street
3.Ward  No 6 Amman Layout Nagarajapuram
4.Ward  No 6 Manoj Nagar",All Voters,Tamilaga Vettri Kazhagam,377,330,47,All India Anna Dravida Munnetra Kazhagam,3,5,2,1,6,4,5.490654205607477,16,13.78504672897196,1.752336448598131,38.55140186915888,44.04205607476636,0.0,1.869158878504673,0
252,126,14,247,185,1,9,1,0,0,0,1,0,1,0,0,1,2,0,2,1,0,582,0,3,585,0,252,"Anganwadi Center North Facing  Building
Nagarajapuram Coimbatore 641007","1.Ward  No 6 Nagarajapuram  First Street
2.Ward  No 6 Nagarajapuram   2nd  Street
3.Ward  No 7 Sathya  Nagar Mattasalai
4.Ward  No 7 Vedapatti Thotasalai
5.Ward  No 6 Perur Mainroad",All Voters,All India Anna Dravida Munnetra Kazhagam,247,185,62,Tamilaga Vettri Kazhagam,3,4,1,2,6,5,10.65292096219931,9,21.64948453608248,2.405498281786942,42.43986254295532,31.78694158075601,0.1718213058419244,1.54639175257732,1
253,188,34,413,285,2,9,0,1,1,0,0,0,3,1,0,2,0,0,0,1,0,931,0,4,935,0,253,"Panchayat Union Elementary School
West Facing Building 2Nd Room  From  South Nambiyalaganpalayam Coimbatore 641007","1.Ward  No 5 Angappannandi Street
2.Ward  No 5 Ganapathy  Santhu
3.Ward  No 5 Angapannadi Street
4.Ward  No 5 Sriannapoorna Garden
5.Ward  No 5 Alagiri Santhu Nambiyalagan Palayam
6.Ward  No 5 M.G.R Nagar Nambi Alagan  Palaiyam
7.Ward  No 5 VD Subbaiah Nagar 999.Overseas Electors",All Voters,All India Anna Dravida Munnetra Kazhagam,413,285,128,Tamilaga Vettri Kazhagam,3,4,1,2,6,5,13.74865735767991,9,20.19334049409238,3.651987110633728,44.3609022556391,30.61224489795918,0.2148227712137487,0.966702470461869,1
254,141,21,251,230,0,4,1,0,0,1,0,0,0,0,1,0,0,1,0,0,0,647,0,6,653,0,254,"Panchayat Union Elementary School
East Facing  Building  North Side   2nd Room Nagarajapuram Coimbatore 641007",1.Ward  No 14  K G Garden City,All Voters,All India Anna Dravida Munnetra Kazhagam,251,230,21,Tamilaga Vettri Kazhagam,3,4,1,2,6,5,3.245749613601236,4,21.79289026275116,3.245749613601236,38.79443585780525,35.54868624420402,0.0,0.6182380216383307,0
255,247,20,476,308,2,8,0,0,0,0,0,2,0,1,0,2,2,0,0,0,0,1061,0,3,1064,0,255,"Panchayat Union Elementary School
West Facing Building 2Nd Room  From  South Andipalayam Coimbatore 641010","1.Ward  No 15  Gandhi Street
2.Ward  No 15   Karunanithi Street
3.Ward  No 15  Anna  Street
4.Ward  No 15   Rajiv Street
5.Ward  No 15  Chetiyar Garden
6.Ward  No 15  JJ Street
7.Ward  No 15  MGR Street
8.Ward  No 15  Green City
9.Ward  No 15  Arunachalam  Lay  Out 999.Overseas Electors",All Voters,All India Anna Dravida Munnetra Kazhagam,476,308,168,Tamilaga Vettri Kazhagam,3,4,1,2,6,5,15.83411875589067,8,23.27992459943449,1.885014137606032,44.86333647502357,29.02921771913289,0.1885014137606032,0.7540056550424128,1
256,190,16,287,273,0,17,0,1,1,0,1,0,2,1,1,1,3,0,2,2,1,783,0,1,784,0,256,"Gnanambigai Matriculation Higher Secondary School
North Facing  Building  North Side   1st Room Perur Coimbatore 641010","1.Ward  No 5 Parattaiyamman Kovil St
2.Ward  No 12  Bharathypuram",All Voters,All India Anna Dravida Munnetra Kazhagam,287,273,14,Tamilaga Vettri Kazhagam,3,5,1,2,6,4,1.787994891443167,17,24.26564495530013,2.043422733077906,36.65389527458493,34.86590038314176,0.0,2.171136653895275,0
257,188,26,397,275,1,10,0,1,1,0,0,0,1,2,0,2,0,0,2,1,0,897,0,5,902,0,257,"Panchayat Union Middle School
East Side Tiled  Building  West Facing Room Perur Coimbatore 641010","1.Ward  No 2 Ratha Street
2.Ward  No.7 Venkadesapuram
3.Ward  No.1 Anna Nagar
4.Ward  No.2 Ganesh Nagar",All Voters,All India Anna Dravida Munnetra Kazhagam,397,275,122,Tamilaga Vettri Kazhagam,3,4,1,2,6,5,13.60089186176143,10,20.958751393534,2.898550724637681,44.25863991081383,30.6577480490524,0.1114827201783724,1.114827201783724,1
258,168,21,280,286,2,6,1,0,0,1,0,0,1,0,0,0,1,0,1,0,1,763,0,2,765,0,258,"Gnanambigai Matriculation Higher Secondary
School
West Facing Building North Side   1st Room Perur Coimbatore 641010",1.Ward  No 4 Chinnakovil St,All Voters,Tamilaga Vettri Kazhagam,286,280,6,All India Anna Dravida Munnetra Kazhagam,3,4,2,1,6,5,0.7863695937090431,6,22.01834862385321,2.752293577981652,36.69724770642202,37.48361730013106,0.2621231979030144,0.7863695937090431,1
259,100,7,131,209,0,3,0,0,0,0,0,0,0,0,0,0,0,1,0,2,0,450,0,1,451,0,259,"Gnanambigai Matriculation Higher Secondary School
West Facing Building North Side   2nd  Room Perur Coimbatore 641010","1.Ward  No 6 Alamara  Road
2.Ward  No 3 Atru Road
3.Ward  No 6 Black Mariyamman Kovil St
4.Ward  No 4 Periyar Colony
5.Ward  No 6 Pulavar Kandhasamy Pillai St",All Voters,Tamilaga Vettri Kazhagam,209,131,78,All India Anna Dravida Munnetra Kazhagam,3,4,2,1,6,5,17.33333333333334,3,22.22222222222222,1.555555555555556,29.11111111111111,46.44444444444444,0.0,0.6666666666666667,0
260,190,24,290,260,1,11,0,0,1,0,4,0,0,0,0,2,2,0,0,2,0,776,0,3,779,0,260,"Panchayat Union Middle School, East Side Tiled Building  West Facing Room  Perur Coimbatore 641010","1.Ward  No.5 Siruvani Main Road  South
2.Ward  No.15  Muthumariyamman Kovil St
3.Ward  No.11  Siruvani Main Road  North
5.Ward  No.10  Thenkalayar St",All Voters,All India Anna Dravida Munnetra Kazhagam,290,260,30,Tamilaga Vettri Kazhagam,3,4,1,2,6,5,3.865979381443299,11,24.48453608247423,3.092783505154639,37.37113402061856,33.50515463917525,0.1288659793814433,1.417525773195876,1
261,146,25,324,282,3,6,0,0,0,1,0,0,1,0,0,1,2,0,0,1,0,786,0,2,788,0,261,"Panchayat Union Middle School
South Facing Terraced  Building  East Side 2nd Room
Perur Coimbatore 641010","1.Ward  No.3 Vadakailayar Street
2.Ward  No.3 Tamil Nagar Phase 2
3.Ward  No 2 North St
4.Ward  No 8 Siruvani Road
5.Ward  No.15  Gandhi Nagar",All Voters,All India Anna Dravida Munnetra Kazhagam,324,282,42,Tamilaga Vettri Kazhagam,3,4,1,2,6,5,5.343511450381679,6,18.57506361323155,3.180661577608142,41.22137404580153,35.87786259541985,0.3816793893129771,0.7633587786259541,1
262,105,19,349,232,1,6,0,0,0,0,0,1,0,1,0,1,1,1,0,1,0,712,0,0,712,0,262,"Panchayat Union Middle School
South Facing Terraced  Building  East Side 3rd Room
Perur Coimbatore 641010","1.Ward  No 14  Mettu Street
2.Ward  No 7   Nanjammanaidu Layout
3.Ward  No 8 Thottasalai West
4.Ward  No 15  Mamarathu Thottasalai",All Voters,All India Anna Dravida Munnetra Kazhagam,349,232,117,Tamilaga Vettri Kazhagam,3,4,1,2,6,5,16.43258426966292,6,14.74719101123596,2.668539325842696,49.01685393258427,32.58426966292135,0.1404494382022472,0.8426966292134831,1
263,140,29,367,333,0,9,0,0,0,0,2,0,0,0,1,0,1,2,1,1,1,878,0,2,880,0,263,"Panchayat Union Middle School
South Facing Terraced  Building  West Side2Nd Room
Perur Coimbatore 641010","1.Ward  No 13  Thottasalai East
2.Ward  No. 3 Tamil Nagarbas 1
3.Ward  No 10  Angalamman Kovil St
4.Ward  No.14  Mariyammapuram
5.Ward  No 9 Kamalavinayagar Kovil St 999.Overseas Electors",All Voters,All India Anna Dravida Munnetra Kazhagam,367,333,34,Tamilaga Vettri Kazhagam,3,4,1,2,6,5,3.87243735763098,9,15.94533029612756,3.302961275626424,41.7995444191344,37.92710706150342,0.0,1.025056947608201,0
264,146,19,468,301,0,12,1,0,0,0,0,1,0,2,0,0,2,4,2,0,0,946,0,3,949,0,264,"Corporation Elementary School
South Facing Building East Side 1st Room Ramachettipalayam Coimbatore 641010","1.Ward  No 89  Mainroad
2.Ward  No.89  Marappagounder St
3.Ward  No.89  Pachaagounder St
4.Ward  No.89  Chinnasamy Pandara  St
5.Ward  No.89  Harishana Colony",All Voters,All India Anna Dravida Munnetra Kazhagam,468,301,167,Tamilaga Vettri Kazhagam,3,4,1,2,6,5,17.65327695560254,12,15.43340380549683,2.00845665961945,49.47145877378436,31.81818181818182,0.0,1.268498942917548,3
265,182,20,380,372,2,7,0,2,1,0,1,1,0,0,0,0,1,1,0,0,0,963,0,7,970,0,265,"Corporation Elementary School
South Facing Building East Side 2nd Room Ramachettipalayam Coimbatore 641010","1.Ward  No.89  Palanisamy  Pandaram  St
2.Ward  No.89  Venkidusaminaidu St
3.Ward  No. 89  Thottam
4.Ward  No.89  Vishalachi Nagar
5.Ward  No.89  Sebinigarden
6.Ward  No. 89  Ramathagounder St 999.Overseas Elector",All Voters,All India Anna Dravida Munnetra Kazhagam,380,372,8,Tamilaga Vettri Kazhagam,3,4,1,2,6,5,0.8307372793354102,7,18.89927310488058,2.076843198338525,39.46002076843199,38.62928348909657,0.2076843198338525,0.726895119418484,1
266,167,37,345,381,0,5,0,0,0,0,0,0,1,0,0,1,1,0,2,0,0,935,0,9,944,0,266,"Corporation Elementary School
East Facing  West Side Building 2nd Room Ramachettipalayam Coimbatore 641010","1.Ward  No 89  Ramanayakkar St
2.Ward  No.89  Krishnamma  Naickkar St
3.Ward  No.89  Marutham Nagar
4.Ward  No.89  Kanagumani Thottam
5.Ward  No.89  M.G.R Thottam
6.Ward  No. 89  Bodi Naidu St
7.Ward  No.89  Ponninaickar St
8.Ward  No.89  Tank  St",All Voters,Tamilaga Vettri Kazhagam,381,345,36,All India Anna Dravida Munnetra Kazhagam,3,4,2,1,6,5,3.850267379679145,5,17.86096256684492,3.957219251336899,36.89839572192513,40.74866310160428,0.0,0.53475935828877,0
267,152,22,409,364,0,4,0,0,0,0,1,0,1,1,0,0,1,0,0,0,0,951,0,4,955,0,267,"Corporation Ele School,East Facing  Building  West Side 1st Room  Ramachettypalayam - 641010","1.Ward  No. 89  School St
2.Ward  No.89  Nanjapandaram  St
3.Ward  No.89  Ramasamypandaram  St",All Voters,All India Anna Dravida Munnetra Kazhagam,409,364,45,Tamilaga Vettri Kazhagam,3,4,1,2,6,5,4.73186119873817,4,15.98317560462671,2.31335436382755,43.00736067297581,38.27549947423765,0.0,0.4206098843322818,0
268,143,21,376,286,1,6,0,2,0,1,0,0,0,0,0,1,0,2,0,0,0,833,0,6,839,0,268,Government Higher Secondary School East Facing   2nd  Room From  North Sundakkamuthur Coimbatore 641010,"1.Ward  No 89  Main Road
2.Ward  No89  Pallikuda  Veethi
3.Ward  No89  Arumuganjchettiyar Street
4.Ward  No89  Nanjichettiyar Street",All Voters,All India Anna Dravida Munnetra Kazhagam,376,286,90,Tamilaga Vettri Kazhagam,3,4,1,2,6,5,10.80432172869148,6,17.16686674669868,2.521008403361344,45.13805522208884,34.33373349339736,0.1200480192076831,0.7202881152460985,1
269,142,10,425,224,1,1,0,0,0,0,0,0,0,0,0,1,0,0,0,0,0,803,0,4,807,0,269,Government Higher Secondary School North Facing   2nd  Room From  West Sundakkamuthur Coimbatore 641010,"1.Ward  No89  Bank  Street
2.Ward  No89  Velappanaidu Street
3.Ward  No89  Sekkan Street
4.Ward  No89  Anna  Nagar Backside
5.Ward  No89  Anna  Nagar Teachers Colony
6.Ward  No89  Anna  Nagar Crosscut Road
7.Ward  No89  Anna  Nagar Main Street",All Voters,All India Anna Dravida Munnetra Kazhagam,425,224,201,Tamilaga Vettri Kazhagam,3,4,1,2,5,5,25.03113325031133,1,17.68368617683686,1.2453300124533,52.92652552926526,27.89539227895392,0.12453300124533,0.12453300124533,3
270,127,10,356,227,0,5,0,0,0,0,2,0,1,0,0,2,0,0,0,0,0,725,0,1,726,0,270,Government Higher Secondary School East Facing   3rd Room  From North Sundakkamuthur Coimbatore 641010,"1.Ward  No89  5Th Crosscut Street Hospital Lane
2.Ward  No89  Vannar Street
3.Ward  No89  Periyapatti Chetti Street
4.Ward  No89  Thandakaran  Street
5.Ward  No 89  Vishalachi Nagar
6.Ward  No 89  Pattichetti Street
7.Ward  No89  Vivekanandar Street
8.Ward  No89  Pallikuda  Street",All Voters,All India Anna Dravida Munnetra Kazhagam,356,227,129,Tamilaga Vettri Kazhagam,3,4,1,2,6,5,17.79310344827586,5,17.51724137931035,1.379310344827586,49.10344827586207,31.31034482758621,0.0,0.6896551724137931,3
271,123,15,372,220,0,4,0,0,0,0,0,0,0,2,0,0,0,0,0,1,0,734,0,4,738,0,271,"Government Higher Secondary School, 5th  Room From  North to East Sundakkamuthur Coimbatore 641010","1.Ward  No89  Bajanai Kovil St
2.Ward  No89  Mariyappa  Naidu Street
3.Ward  No89  Thiyagaraja  Nagar
4.Ward  No89  Thottankal Sundakkamuthur
5.Ward  No89  Senkal Kaalvai Paguthy
6.Ward  No89  Paripurana  Estates",All Voters,All India Anna Dravida Munnetra Kazhagam,372,220,152,Tamilaga Vettri Kazhagam,3,4,1,2,6,5,20.70844686648502,4,16.7574931880109,2.043596730245232,50.68119891008175,29.97275204359673,0.0,0.544959128065395,0
272,198,17,320,222,0,4,1,0,0,0,2,0,0,0,0,1,0,0,0,0,0,761,0,2,763,0,272,"Government Higher Secondary School, East Facing  3rd  Room From  South  Sundakkamuthur 641010","1.Ward  No89  Ntp  Palanisamy  Chetti Street
2.Ward  No89  Kamarajar Colony
3.Ward  No89  Subbanna  Gounder Thottam
4.Ward  No89  Mettu Vaiyal Thottam
5.Ward  No89  Kaveri Ammal Thottam
6.Ward  No89  Bankkarar Thottam
7.Ward  No 89  Vaiyapuri Chettiyar  St",All Voters,All India Anna Dravida Munnetra Kazhagam,320,222,98,Tamilaga Vettri Kazhagam,3,4,1,2,6,5,12.87779237844941,4,26.01839684625493,2.233902759526938,42.04993429697766,29.17214191852825,0.0,0.5256241787122208,0
273,170,23,344,253,0,2,0,0,0,0,0,0,1,0,0,0,1,0,0,0,0,792,0,3,795,0,273,Government Higher Secondary School East Facing  7Th Room  From  North Sundakkamuthur Coimbatore 641010,"1.Ward  No89  Idaiyar St
10.Ward No89  Nagaraj Thottam
11.Ward No 89  Kumara  Chettiyar  Thottam
12.Ward No89  Arumugagounder Thottam
13.Ward No89  Manisir Thottam
14.Ward No89  Vathiyar Thottam
15.Ward No89  Venugopal St
2.Ward  No89  Muthu Chettiyar  St
3.Ward  No89  Vennal Naidu Street
4.Ward  No89  Servaikkarar St
5.Ward  No 89  Balaji Nagar
6.Ward  No89  Krishna  Nagar
7.Ward  No89  Rooba Nagar
8.Ward  No89  Vinayagar Nagar
9.Ward  No 89  Kasinath Gardens 999.Overseas Elector",All Voters,All India Anna Dravida Munnetra Kazhagam,344,253,91,Tamilaga Vettri Kazhagam,3,4,1,2,6,5,11.48989898989899,2,21.46464646464646,2.904040404040404,43.43434343434344,31.94444444444444,0.0,0.2525252525252525,0
274,146,14,291,191,1,5,1,0,0,0,0,0,0,0,0,1,1,1,0,1,0,648,0,2,650,0,274,Government Higher Secondary School North Facing   3rd Room  From West Sundakkamuthur Coimbatore 641010,"1.Ward  No89  Krishnasamy  Chettiyar  Street
2.Ward  No89  Bank  Street
3.Ward  No89  Natarajan Pillai Street
4.Ward  No89  Naickar St
5.Ward  No89  Indian Bank Colony
6.Ward  No89  Rayappa Nagar",All Voters,All India Anna Dravida Munnetra Kazhagam,291,191,100,Tamilaga Vettri Kazhagam,3,4,1,2,6,5,15.4320987654321,5,22.53086419753086,2.160493827160494,44.9074074074074,29.47530864197531,0.154320987654321,0.7716049382716049,1
275,149,22,495,380,2,3,0,0,0,0,0,0,1,1,0,1,0,0,0,0,0,1051,0,2,1053,0,275,Government Higher Secondary School 4th room  facing  north from  south Sundakkamuthur Coimbatore 641010,"1.Ward  No89  Athithiravidar Colony
2.Ward  No 89  Pommichetti St
3.Ward  No89  Anbu Nagar
4.Ward  No89  Hospital Road
5.Ward  No89  Velayutham  Pillai St
999.Overseas Elector",All Voters,All India Anna Dravida Munnetra Kazhagam,495,380,115,Tamilaga Vettri Kazhagam,3,4,1,2,6,5,10.94196003805899,3,14.17697431018078,2.093244529019981,47.09800190294957,36.15604186489058,0.1902949571836346,0.285442435775452,1
276,149,16,481,307,1,6,1,0,1,1,0,0,0,1,0,1,1,0,0,0,0,960,0,5,965,0,276,"Corporation Elementary School
South Facing Building West Side Room Kulathupalayam Coimbatore 641042","1.Ward  No 91  Krishnasamy  Nayakar Street
2.Ward  No.91  Nethaji Nagar
3.Ward  No.91  Sangavi Garden
4.Ward  No.91  Saravana Nagar
5.Ward  No.91  Oourgounder Street 999.Overseas Electors",All Voters,All India Anna Dravida Munnetra Kazhagam,481,307,174,Tamilaga Vettri Kazhagam,3,4,1,2,6,5,18.125,6,15.52083333333333,1.666666666666667,50.10416666666667,31.97916666666666,0.1041666666666667,0.625,3
277,193,14,363,262,0,5,1,0,0,0,0,1,1,0,1,0,0,0,0,0,0,837,0,2,839,0,277,"Corporation Elementary School
West Side South Faching  2nd  Room From  West Kulathupalayam Coimbatore 641042","1.Ward  No 91  Makaliamman Kovil Street
2.Ward  No.91  Ayya  Gounder St
3.Ward  No.91  Veera  Pathirasamy  Kovil St
4.Ward  No.91  Sripaul Nagar
5.Ward  No.91  Pasumpon Garden 999.Overseas Elector",All Voters,All India Anna Dravida Munnetra Kazhagam,363,262,101,Tamilaga Vettri Kazhagam,3,4,1,2,6,5,12.06690561529271,5,23.05854241338112,1.672640382317802,43.36917562724014,31.30227001194743,0.0,0.5973715651135006,0
278,127,5,397,129,0,5,1,0,1,0,2,0,0,0,0,0,1,0,0,0,0,663,0,0,663,0,278,"Corporation Elementary School East Facing  Building
Kulathupalayam Coimbatore 641042","1.Ward  No91  Ammasai Gounder Street
2.Ward  No91  Aruchana Gounder Street
3.Ward  No91  Andigounder Street",All Voters,All India Anna Dravida Munnetra Kazhagam,397,129,268,Tamilaga Vettri Kazhagam,3,4,1,2,6,4,40.42232277526395,5,19.1553544494721,0.7541478129713424,59.87933634992459,19.45701357466064,0.0,0.7541478129713424,3
279,110,14,343,146,0,0,0,0,0,0,0,0,0,0,0,0,0,0,0,0,0,613,0,0,613,0,279,"Corporation Elementary School
West Facing Building   1st Room From  South Kulathupalayam Coimbatore 641042","1.Ward  No91  Maruthachalam Street
2.Ward  No91  Vellingiri Gounder Street
3.Ward  No91  Ammasai Gounder Street North
4.Ward  No 91  Nagappagoundar Street",All Voters,All India Anna Dravida Munnetra Kazhagam,343,146,197,Tamilaga Vettri Kazhagam,3,4,1,2,5,5,32.13703099510604,0,17.94453507340946,2.283849918433932,55.95432300163132,23.81729200652529,0.0,0.0,3
280,148,11,477,210,1,11,0,0,1,0,1,1,0,1,0,1,0,1,3,1,1,858,0,4,862,0,280,"Corporation Elementary School
East Facing  Building   2nd  Room From  North Kulathupalayam Coimbatore 641042","1.Ward  No91  Naickar St
2.Ward  No91  Vinayagar Kovil St
3.Ward  No91  Nanjamma  Naickar St
4.Ward  No91  Palaniyappa  Naickar St
5.Ward  No91  Palaniyappa  Nagar",All Voters,All India Anna Dravida Munnetra Kazhagam,477,210,267,Tamilaga Vettri Kazhagam,3,4,1,2,6,4,31.11888111888112,11,17.24941724941725,1.282051282051282,55.59440559440559,24.47552447552448,0.1165501165501165,1.282051282051282,3
281,158,20,314,197,3,6,0,1,0,1,1,0,0,0,0,0,0,0,0,1,0,698,0,4,702,0,281,"Corporation Elementary School
North Facing  Building  2Nd Room  From  West Kulathupalayam Coimbatore 641042",1.Ward  No.91  Gokulam  Colony And  Extension 999.Overseas Electors,All Voters,All India Anna Dravida Munnetra Kazhagam,314,197,117,Tamilaga Vettri Kazhagam,3,4,1,2,6,5,16.7621776504298,6,22.63610315186246,2.865329512893983,44.98567335243553,28.22349570200573,0.4297994269340975,0.8595988538681949,1
282,134,4,328,147,0,4,0,0,0,0,1,0,0,1,0,1,0,0,1,0,0,617,0,0,617,0,282,"Corporation Elementary School
West Facing Building 1st Room From  North Kulathupalayam Coimbatore 641042","1.Ward  No.91  Mahaliamma  Kovil Street (Old Harizana Colony)
2.Ward  No.91  Vinayagar Kovil St
3.Ward  No.91  Kuppusamy  Gounder St
4.Ward  No.91  J.R.T Garden",All Voters,All India Anna Dravida Munnetra Kazhagam,328,147,181,Tamilaga Vettri Kazhagam,3,4,1,2,6,4,29.3354943273906,4,21.71799027552674,0.6482982171799028,53.16045380875203,23.82495948136143,0.0,0.6482982171799028,3
283,177,29,171,111,0,3,1,0,0,1,1,0,0,0,0,0,0,0,0,0,0,491,0,1,492,0,283,"Rukmani Kannan Vidyalaya  Matriculation Higher Secondary  School
West Facing 1St Room From  South Kovaipudur Coimbatore 641042","1.Ward  No.90  B Block
2.Ward  No.90  O Block
3.Ward  No.90  S Block
4.Ward  No.90  Vishalachi Nagar 999.Overseas Electors",All Voters,Dravida Munnetra Kazhagam,177,171,6,All India Anna Dravida Munnetra Kazhagam,1,4,2,3,6,5,1.221995926680244,3,36.04887983706721,5.906313645621181,34.82688391038696,22.60692464358452,0.0,0.6109979633401221,0
284,206,27,253,278,0,7,0,1,0,0,2,1,0,0,2,0,0,1,0,0,0,771,0,3,774,0,284,"CBM Arts College
South Facing Building 3Rd  Room  From West Kovaipudur Coimbatore 641042","1.Ward  No.90  N Block
2.Ward  No.90  Gandhi Nagar
3.W. No.90  Thotrayan Kovil St 999.Overseas Electors",All Voters,Tamilaga Vettri Kazhagam,278,253,25,All India Anna Dravida Munnetra Kazhagam,3,4,2,1,6,5,3.24254215304799,7,26.71854734111544,3.501945525291829,32.81452658884565,36.05706874189364,0.0,0.9079118028534372,0
285,152,18,200,127,0,3,0,0,1,0,1,0,0,0,0,0,0,0,0,1,0,500,0,0,500,0,285,"Rukmani Kannan Vidyalaya  Matriculation Higher Secondary  School
West Facing 2Nd  Room  From  South Kovaipudur Coimbatore 641042","1.Ward  No 90   Siruvani Nagar
2.Ward  No.90  Kulathu Thottam
3.Ward  No. 90  Elango Nagar
4.Ward  No.90  Thiruppathy Nagar
5.Ward  No.90  Siruvani Nagar  Extension 999.Overseas Electors",All Voters,All India Anna Dravida Munnetra Kazhagam,200,152,48,Dravida Munnetra Kazhagam,2,4,1,3,6,5,9.6,3,30.4,3.6,40.0,25.4,0.0,0.6,0
286,198,19,243,168,1,4,0,0,0,0,2,0,0,0,0,0,0,0,2,0,0,633,0,8,641,0,286,Ashram  Matriculation Higher Secondary  School North Facing  2Nd Room  From  West  Kovaipudur Coimbatore 641042,"1.Ward  No.90   R.Block
2.Ward  No.90  B Block
3.Ward  No.90  Sundakkamuthur Main Road 999.Overseas Electors",All Voters,All India Anna Dravida Munnetra Kazhagam,243,198,45,Dravida Munnetra Kazhagam,2,4,1,3,6,5,7.109004739336493,4,31.27962085308057,3.001579778830964,38.38862559241706,26.54028436018957,0.1579778830963665,0.631911532385466,1
287,110,14,159,94,0,3,0,0,0,0,0,0,0,1,0,0,0,0,1,0,0,380,0,2,382,0,287,Ashram  Matriculation Higher Secondary  School North Facing  3Rd  Room  From  West  Kovaipudur Coimbatore 641042,1.Ward  No 90  A   Block 999.Overseas Electors,All Voters,All India Anna Dravida Munnetra Kazhagam,159,110,49,Dravida Munnetra Kazhagam,2,4,1,3,6,5,12.89473684210526,3,28.94736842105263,3.684210526315789,41.8421052631579,24.73684210526316,0.0,0.7894736842105263,0
288,153,13,205,141,0,2,0,0,0,0,2,0,0,0,0,0,0,0,0,0,0,514,0,3,517,0,288,"Ashram  Matriculation Higher Secondary  School North Facing  4Th Room  From  West
Kovaipudur Coimbatore 641042","1.Ward  No.90  Q Block
2.Ward  No.90  Rangasamy  Nagar 999.Overseas Electors",All Voters,All India Anna Dravida Munnetra Kazhagam,205,153,52,Dravida Munnetra Kazhagam,2,4,1,3,6,5,10.11673151750973,2,29.76653696498055,2.529182879377432,39.88326848249027,27.43190661478599,0.0,0.3891050583657588,0
289,207,24,269,196,0,6,0,0,0,0,0,1,0,1,1,2,0,1,0,0,0,702,0,7,709,0,289,"Rukmani Kannan Vidyalaya  Matriculation Higher Secondary  School
West Facing 1st Room  From  North Kovaipudur Coimbatore 641042","1.Ward  No.90  U Block
2.Ward  No.90  Meenachi Nagar
3.Ward  No.90  Masuthi Pallivasal Back  Side
4.Ward  No.90  Selvam  Nagar
5.Ward  No.90  Vishal Estate
6.Ward  No.90  Saratha Nagar",All Voters,All India Anna Dravida Munnetra Kazhagam,269,207,62,Dravida Munnetra Kazhagam,2,4,1,3,6,5,8.831908831908832,6,29.48717948717949,3.418803418803419,38.31908831908832,27.92022792022792,0.0,0.8547008547008548,0
290,109,10,163,115,1,6,0,1,0,0,1,0,0,1,0,2,0,0,1,0,0,404,0,3,407,0,290,"CBM Arts College
South Facing 4Th Room From  West Kovaipudur Coimbatore 641042","1.Ward  No 90  Tamilnadu Spl Police Force
2.Ward  No.90  W Block 999.Overseas Electors",All Voters,All India Anna Dravida Munnetra Kazhagam,163,115,48,Tamilaga Vettri Kazhagam,3,4,1,2,6,5,11.88118811881188,6,26.98019801980198,2.475247524752475,40.34653465346535,28.46534653465346,0.2475247524752475,1.485148514851485,1
291,250,26,278,246,0,3,0,0,0,0,1,0,0,0,0,0,0,0,2,0,0,803,0,5,808,0,291,"Rukmani Kannan Vidyalaya  Matriculation Higher
Secondary  School
South Facing 2nd Room  From East Kovaipudur Coimbatore 641042","1.Ward  No.90  V Block
2.Ward  No.90  Kutralam Nagar
3.Ward  No.90  Mullai Nagar
4.Ward  No.90  Farook  Nagar",All Voters,All India Anna Dravida Munnetra Kazhagam,278,250,28,Dravida Munnetra Kazhagam,2,4,1,3,6,5,3.486924034869241,3,31.13325031133251,3.23785803237858,34.62017434620174,30.63511830635118,0.0,0.37359900373599,0
292,197,23,249,178,1,2,0,0,0,0,1,0,0,0,0,0,0,1,0,0,0,650,0,4,654,0,292,"Ashram  Matriculation Higher Secondary  School North Facing  5Th Room  From  West
Kovaipudur Coimbatore 641042","1.Ward  No 90  V.O.C Nagar
2.Ward  No 90  Omsakthi Nagar
3.Ward  No 90   Saraswathy  Nagar
4.Ward  No 90  Lakshmi Nagar
5.Ward  No 90  Kamatchi Nagar 999.Overseas Electors",All Voters,All India Anna Dravida Munnetra Kazhagam,249,197,52,Dravida Munnetra Kazhagam,2,4,1,3,6,5,8.0,2,30.30769230769231,3.538461538461538,38.30769230769231,27.38461538461539,0.1538461538461539,0.3076923076923077,1
293,119,20,185,141,0,3,0,0,0,0,0,0,1,0,0,1,0,0,1,0,0,468,0,6,474,0,293,"CBM Arts College
South Facing 5Th Room From  West Kovaipudur Coimbatore 641042","1.Ward  No 90  Marutham Nagar
2.Ward  No 90  Vashanthi Nagar
3.Ward  No.90  Rajam  Layout
4.Ward  No. 90   K.K. Nagar
5.Ward  No.90   Kaval Athikarigal Illa  Kudieruppu
6.Ward  No.90  Nathaji Nagar
7.Ward  No.90  Sankar Nagar
8.Ward  No.90  Press Enclave 999.Overseas Electors",All Voters,All India Anna Dravida Munnetra Kazhagam,185,141,44,Tamilaga Vettri Kazhagam,3,4,1,2,6,5,9.401709401709402,3,25.42735042735043,4.273504273504273,39.52991452991453,30.12820512820513,0.0,0.641025641025641,0
294,157,34,424,289,1,7,0,0,1,0,0,0,0,4,0,0,0,0,1,1,0,912,0,6,918,0,294,"CBM Arts College
North Facing  2Nd Room  From  West Kovaipudur Coimbatore 641042","1.Ward  No.90  Shanthi Nagar
2.Ward  No.90  M.G.R. Nagar
3.Ward  No 90  Shanthi Nagar 999.Overseas Electors",All Voters,All India Anna Dravida Munnetra Kazhagam,424,289,135,Tamilaga Vettri Kazhagam,3,4,1,2,6,5,14.80263157894737,7,17.21491228070175,3.728070175438596,46.49122807017544,31.68859649122807,0.1096491228070175,0.7675438596491228,1
295,104,7,104,93,0,2,0,1,0,0,0,0,1,0,0,0,0,0,0,0,0,310,0,3,313,0,295,"CBM Arts College
North Facing   3rd Room  From West Kovaipudur Coimbatore 641042",1.Ward  No90  Bharathi Nagar 999.Overseas Elector,All Voters,Dravida Munnetra Kazhagam,104,104,0,Dravida Munnetra Kazhagam,1,4,1,3,6,5,0.0,2,33.5483870967742,2.258064516129032,33.5483870967742,30.0,0.0,0.6451612903225806,0
296,111,20,156,111,0,1,0,0,0,0,0,0,0,0,0,0,0,0,0,1,0,399,0,1,400,0,296,"CBM Arts College
North Facing  4th Room  From  West Kovaipudur Coimbatore 641042",1.Ward  No90  Jamiya  Nagar,All Voters,All India Anna Dravida Munnetra Kazhagam,156,111,45,Tamilaga Vettri Kazhagam,2,4,1,2,6,5,11.2781954887218,1,27.81954887218045,5.012531328320802,39.09774436090225,27.81954887218045,0.0,0.2506265664160401,0
297,133,7,171,103,0,2,0,0,0,0,0,0,0,0,1,0,0,0,0,1,0,416,0,3,419,0,297,"Rukmani Kannan Vidyalaya  Matriculation Higher
Secondary  School
South Facing 2Nd  Room From  West Kovaipudur Coimbatore 641042","1.Ward  No.90   D Block
2.Ward  No.90   X Block 999.Overseas Electors",All Voters,All India Anna Dravida Munnetra Kazhagam,171,133,38,Dravida Munnetra Kazhagam,2,4,1,3,6,5,9.134615384615383,2,31.97115384615384,1.682692307692308,41.10576923076923,24.75961538461539,0.0,0.4807692307692308,0
298,183,25,221,197,0,7,0,1,0,0,1,0,0,0,0,1,0,1,0,1,1,633,0,5,638,0,298,"Ashram  Matriculation Higher Secondary  School North Facing  7Th Room  From  West
Kovaipudur Coimbatore 641042","1.Ward  No 90  Spl Police Corps (S.I.Quaters)
2.Ward  No.90  Srilakshmi Nagar
3.Ward  No.90  Pachapalli Thottam
4.Ward  No 90  Alamu Nagar
5.Ward  No.90  Vaigai Nagar 999.Overseas Electors",All Voters,All India Anna Dravida Munnetra Kazhagam,221,197,24,Tamilaga Vettri Kazhagam,3,4,1,2,6,5,3.791469194312796,7,28.90995260663507,3.949447077409163,34.913112164297,31.1216429699842,0.0,1.105845181674566,0
299,167,20,291,173,0,4,1,1,0,0,1,0,0,0,0,0,0,0,1,0,0,655,0,2,657,0,299,"Corporation Elementary School
East Facing  Building  South Side 1st Room Sugunapuram  West Coimbatore 641008",1.Ward  No.91  Itteri Street 999.Overseas Electors,All Voters,All India Anna Dravida Munnetra Kazhagam,291,173,118,Tamilaga Vettri Kazhagam,3,4,1,2,6,5,18.01526717557252,4,25.49618320610687,3.053435114503817,44.42748091603053,26.41221374045801,0.0,0.6106870229007634,0
300,164,23,261,242,1,1,0,0,0,0,0,0,0,0,0,1,0,0,0,0,0,692,0,3,695,0,300,Kasthuri Matriculation Higher Secondary School North Facing  Building  West Side 2Nd Room Palakkadu Main Road  Sugunapuram  Coimbatore 641008,"1.Ward  No.91  Palakad  Main Road
2.Ward  No.91  Housing Unit Road New Part 999.Overseas Electors",All Voters,All India Anna Dravida Munnetra Kazhagam,261,242,19,Tamilaga Vettri Kazhagam,3,4,1,2,5,5,2.745664739884393,1,23.69942196531792,3.323699421965318,37.71676300578034,34.97109826589595,0.1445086705202312,0.1445086705202312,1
301,148,18,397,250,1,7,1,0,0,0,3,0,0,0,0,2,0,0,1,0,0,821,0,0,821,0,301,"Corporation Elementary School
East Facing  Building  South Side 2nd  Room Sugunapuram  West Coimbatore 641008","1.Ward  No91  Sugunapuram  Line West
2.Ward  No91  Thotta  Street
3.Ward  No91  Housing Unit Vivekananthapuram
4.Ward  No91  Kovaiputhur (Sugunapuram)",All Voters,All India Anna Dravida Munnetra Kazhagam,397,250,147,Tamilaga Vettri Kazhagam,3,4,1,2,6,5,17.90499390986602,7,18.02679658952497,2.192448233861145,48.35566382460414,30.45066991473813,0.1218026796589525,0.8526187576126675,3
302,105,10,244,174,0,7,0,1,0,0,0,0,1,1,1,0,0,0,0,0,0,540,0,1,541,0,302,"Corporation Elementary School North Facing  (Centre Portion)
Sugunapuram  West Coimbatore 641008","1.Ward  No 91  Vinayagar Kovil St
2.Ward  No 91  Sovamedu Kovaiputhur  Post
3.Ward  No 92  Thotta  Street
4.Ward  No 92  Dhabal Street Itteri Street
5.Ward  No 92  Penthakosth Charch St",All Voters,All India Anna Dravida Munnetra Kazhagam,244,174,70,Tamilaga Vettri Kazhagam,3,4,1,2,6,5,12.96296296296296,7,19.44444444444445,1.851851851851852,45.18518518518518,32.22222222222222,0.0,1.296296296296296,3
303,149,23,307,232,0,5,1,0,0,0,0,1,0,2,0,0,0,0,0,0,1,716,0,2,718,0,303,"Corporation Elementary School
East Facing  Building  South Side 3rd  Room Sugunapuram  West Coimbatore 641008","1.Ward  No 91  Mattukara  Samikovil St
2.Ward  No91  Veerapathra  Gounder Thottam
3.Ward  No91  Srivathsha  Hill View
4.Ward  No 91  Lic Colony  Vashantham  Nagar
5.Ward  No 91  Mahalakshmipuram Kovaiputhur Section",All Voters,All India Anna Dravida Munnetra Kazhagam,307,232,75,Tamilaga Vettri Kazhagam,3,4,1,2,6,5,10.47486033519553,5,20.81005586592179,3.212290502793296,42.87709497206703,32.4022346368715,0.0,0.6983240223463687,0
304,241,20,231,215,1,4,0,1,0,0,1,0,0,0,0,0,1,0,0,1,0,712,0,0,712,0,304,"Corporation Elementary School
South Facing Building South Side 1st Room Sugunapuram  West Coimbatore 641008",1.Ward  No 92  Sugunapuram  East New Part,All Voters,Dravida Munnetra Kazhagam,241,231,10,All India Anna Dravida Munnetra Kazhagam,1,4,2,3,6,5,1.404494382022472,4,33.84831460674157,2.808988764044944,32.4438202247191,30.19662921348315,0.1404494382022472,0.5617977528089888,1
305,243,16,376,215,0,11,0,0,1,1,1,1,0,1,1,0,2,1,2,0,0,861,0,1,862,0,305,"Corporation Elementary School
West Facing Building South Side 2nd  Room Sugunapuram  West Coimbatore 641008","1.Ward  No 92  New Pallivasal St
2.Ward  No 92   Northeast Itteri Street 999.Overseas Electors",All Voters,All India Anna Dravida Munnetra Kazhagam,376,243,133,Dravida Munnetra Kazhagam,2,4,1,3,6,5,15.44715447154472,11,28.22299651567944,1.858304297328688,43.67015098722416,24.97096399535424,0.0,1.277584204413473,3
306,178,11,162,136,0,7,2,0,0,1,0,0,1,0,0,1,0,0,1,0,1,494,0,1,495,0,306,"Government High School
East Facing  Building  South Side   1st Room Sugunapuram  West Coimbatore 641008","1.Ward  No 92  Balamurugan Kovil St Sugunapuram East
2.Ward  No 92  Sakthi Vinayagar St 999.Overseas Elector",All Voters,Dravida Munnetra Kazhagam,178,162,16,All India Anna Dravida Munnetra Kazhagam,1,4,2,3,6,5,3.238866396761134,7,36.03238866396762,2.226720647773279,32.79352226720648,27.53036437246963,0.0,1.417004048582996,0
307,113,8,247,129,0,0,0,0,0,0,0,0,0,0,0,0,0,0,0,0,0,497,0,4,501,0,307,"Government High School
East Facing  Building  (Backside) South from   2nd Room
Sugunapuram  West Coimbatore 641008",1.Ward  No 92  Krishna  Nagar,All Voters,All India Anna Dravida Munnetra Kazhagam,247,129,118,Tamilaga Vettri Kazhagam,3,4,1,2,5,5,23.74245472837022,0,22.7364185110664,1.609657947686117,49.69818913480885,25.95573440643863,0.0,0.0,0
308,329,38,324,331,1,7,0,0,0,0,0,0,1,1,1,1,1,0,1,0,0,1030,0,3,1033,0,308,"Government High School
East Facing  Building  South Side   2nd  Room Sugunapuram  West Coimbatore 641008",1.Ward  No 92  Sentamil Nagar 999.Overseas Elector,All Voters,Tamilaga Vettri Kazhagam,331,329,2,Dravida Munnetra Kazhagam,2,4,3,1,6,5,0.1941747572815534,7,31.94174757281553,3.689320388349514,31.45631067961165,32.13592233009709,0.0970873786407767,0.6796116504854369,0
309,243,25,338,341,1,5,0,0,0,0,0,0,2,0,0,0,1,0,1,1,0,953,0,2,955,0,309,Kasthuri Matriculation Higher Secondary School North Facing  South Building West Side 3Rd Room Palakkadu Main Road  Sugunapuram  Coimbatore 641008,"1.Ward  No.91  K.P.R. Colony
2.Ward  No 92  Sentamil Nagar 1 999.Overseas Electors",All Voters,Tamilaga Vettri Kazhagam,341,338,3,All India Anna Dravida Munnetra Kazhagam,3,4,2,1,6,5,0.3147953830010493,5,25.498426023085,2.623294858342077,35.46694648478489,35.78174186778594,0.1049317943336831,0.5246589716684155,0
310,97,12,197,138,0,7,2,1,0,0,0,0,0,0,0,2,0,0,1,0,0,451,0,0,451,0,310,"Corporation Elementary School
North Facing  Building  East Side 1st Room Narashimapuram  B K Pudur Coimbatore 641008","1.Ward  No 92  Vinayagar Kovil St
2.Ward  No 92  Thotta  Street",All Voters,All India Anna Dravida Munnetra Kazhagam,197,138,59,Tamilaga Vettri Kazhagam,3,4,1,2,6,5,13.0820399113082,7,21.50776053215078,2.660753880266075,43.68070953436807,30.59866962305987,0.0,1.552106430155211,3
311,204,13,253,221,1,3,0,0,0,0,0,0,0,1,0,0,2,0,0,0,0,695,0,1,696,0,311,"Corporation Elementary School, North Facing Building  East Side 2nd Room,(NarashimapuramB K Pudur - 641008)","1.Ward  No 91  Sugunapuram  East
2.Ward  No 91  Sri Nagar
3.Ward  No 92  Chinnakanikonar St 999.Overseas Elector",All Voters,All India Anna Dravida Munnetra Kazhagam,253,221,32,Tamilaga Vettri Kazhagam,3,4,1,2,6,5,4.60431654676259,3,29.35251798561151,1.870503597122302,36.40287769784173,31.79856115107913,0.1438848920863309,0.4316546762589928,1
312,168,23,281,220,0,5,0,0,0,0,0,0,1,0,0,0,1,0,1,1,0,697,0,1,698,0,312,"V L B Janaki Ammal Old School,East side West Facing  Building  From SouthRoom 5 Kovaipudur Privu Junction Coimbatore 641008","1.Ward  No91  Ramanujam  Nagar
2.Ward  No 92  Sri Nagar",All Voters,All India Anna Dravida Munnetra Kazhagam,281,220,61,Tamilaga Vettri Kazhagam,3,4,1,2,6,5,8.751793400286944,5,24.10329985652798,3.299856527977044,40.31563845050215,31.56384505021521,0.0,0.7173601147776184,0
313,183,12,218,248,1,1,0,0,0,0,0,0,0,0,0,0,1,0,0,0,0,663,0,5,668,0,313,"Corporation Elementary School
East Facing  Building  South Side 1st Room Narashimapuram  B K Pudur Coimbatore 641008","1.Ward  No 91  Bkputhur St
2.Ward  No 92  Perumal Samy Nagar 999.Overseas Elector",All Voters,Tamilaga Vettri Kazhagam,248,218,30,All India Anna Dravida Munnetra Kazhagam,3,4,2,1,5,5,4.524886877828054,1,27.60180995475113,1.809954751131222,32.88084464555052,37.40573152337858,0.1508295625942685,0.1508295625942685,1
314,206,9,197,139,2,6,0,0,1,0,0,0,0,1,0,0,3,0,1,0,0,559,0,2,561,0,314,"V L B Janakiammal School,
East side West Facing  Building  From  South Room4,Kovaipudur Privu Junction Coimbatore 641008","1.Ward  No 91  Sugunapuram   1st Hills Section
2.Ward  No 91  Madhurai Veeran Kovil St",All Voters,Dravida Munnetra Kazhagam,206,197,9,All India Anna Dravida Munnetra Kazhagam,1,4,2,3,6,5,1.610017889087657,6,36.85152057245081,1.610017889087657,35.24150268336314,24.86583184257603,0.3577817531305904,1.073345259391771,1
315,165,19,247,249,1,6,0,1,0,1,0,0,0,2,0,0,0,1,1,0,0,687,0,0,687,0,315,"Corporation Elementary School
East Facing  Building  South Side 2nd  Room Narashimapuram  B K Pudur Coimbatore 641008",1.Ward  No 91  Madhurai Veeran Kovil St,All Voters,Tamilaga Vettri Kazhagam,249,247,2,All India Anna Dravida Munnetra Kazhagam,3,4,2,1,6,5,0.2911208151382824,6,24.0174672489083,2.765647743813683,35.95342066957787,36.24454148471616,0.1455604075691412,0.8733624454148471,1
316,192,19,248,207,1,6,0,2,0,0,2,0,0,0,0,0,0,0,1,1,0,673,0,7,680,0,316,"Corporation Elementary School
West Facing Building North Side   1st Room Narashimapuram  B K Pudur Coimbatore 641008","1.Ward  No 91  Muthusamy Servai St
2.Ward  No 92  Krishnasamy  Nagar",All Voters,All India Anna Dravida Munnetra Kazhagam,248,207,41,Tamilaga Vettri Kazhagam,3,4,1,2,6,5,6.092124814264487,6,28.52897473997028,2.823179791976226,36.84992570579495,30.75780089153046,0.1485884101040119,0.8915304606240713,1
317,229,8,201,149,1,4,1,0,0,0,0,0,1,1,0,0,0,0,1,0,0,592,0,1,593,0,317,Kasthuri Matriculation Higher Secondary School North Facing  South Building East Side 2Nd  Room Palakkadu Main Road  Sugunapuram  Coimbatore 641008,"1.Ward  No 92  Natham  Road  Sugunapuram
2.Ward  No 92  Sugunapuram  East Itteri 999.Overseas Electors",All Voters,Dravida Munnetra Kazhagam,229,201,28,All India Anna Dravida Munnetra Kazhagam,1,4,2,3,6,5,4.72972972972973,4,38.68243243243244,1.351351351351351,33.9527027027027,25.16891891891892,0.1689189189189189,0.6756756756756757,1
318,160,15,311,176,1,5,0,0,0,0,1,0,0,2,0,1,0,0,0,1,0,668,0,2,670,0,318,Kasthuri Matriculation Higher Secondary School North Facing  Building  East Side 3Rd  Room Palakkadu Main Road  Sugunapuram  Coimbatore 641008,"1.Ward  No 91  Thirunagar Colony
2.Ward  No 91   Shanthi Nagar
3.Ward  No 91   Parvathy Puram 999.Overseas Electors",All Voters,All India Anna Dravida Munnetra Kazhagam,311,176,135,Tamilaga Vettri Kazhagam,3,4,1,2,6,5,20.20958083832335,5,23.95209580838323,2.245508982035928,46.55688622754491,26.34730538922156,0.1497005988023952,0.7485029940119761,3
319,197,22,246,206,0,3,1,0,0,1,0,0,0,1,0,0,0,0,0,0,0,674,0,5,679,0,319,"Corporation Elementary School,
East Facing  Building  South Side 3rd  Room, Narashimapuram  B K Pudur Coimbatore 641008","1.Ward  No 92  Indhira Nagar
2.Ward  No 92  Ashokkumar  Nagar
3.Ward  No 91  Parasakthi Nagar Narasimmapuram
4.Ward  No 92  Krishnasamy  Nagar Narasimmapuram 999.Overseas Elector",All Voters,All India Anna Dravida Munnetra Kazhagam,246,206,40,Tamilaga Vettri Kazhagam,3,4,1,2,6,5,5.934718100890208,3,29.22848664688427,3.264094955489615,36.49851632047478,30.56379821958457,0.0,0.4451038575667656,0
320,132,18,218,201,2,0,0,0,0,0,0,0,0,0,0,0,0,0,0,0,0,571,0,2,573,0,320,"V L B Janaki Ammal Old School,
East side West Facing  Building  From  South Room4
Kovaipudur Privu Junction Coimbatore 641008","1.Ward  No 91  Pathrakaliyamman Kovil St
2.Ward  No 92  Palaniyappa  Konar Nagar
3.Ward  No 92  Saratha Nagar",All Voters,All India Anna Dravida Munnetra Kazhagam,218,201,17,Tamilaga Vettri Kazhagam,3,4,1,2,5,6,2.97723292469352,0,23.11733800350263,3.152364273204904,38.17863397548161,35.20140105078809,0.3502626970227671,0.0,1
321,174,16,216,218,1,1,0,0,0,1,0,0,0,0,0,0,0,0,0,0,0,626,0,1,627,0,321,"RKV  Senior Secondary  School
West Side East Facing  Building  1st Room  From South
Edayarpalayam Privu Coimbatore 641008","1.Ward  No 92  Padasalai St
2.Ward  No 92  Gandhi Santhu
3.Ward  No 92  Palanisamy  Gounder St
4.Ward  No 92  Balaji Nagar
5.Ward  No 92  Vinayagar Kovil St
6.Ward  No 92  Nehru St
7.Ward  No 92  Ngr Bavanam  St",All Voters,Tamilaga Vettri Kazhagam,218,216,2,All India Anna Dravida Munnetra Kazhagam,3,4,2,1,5,5,0.3194888178913738,1,27.79552715654952,2.55591054313099,34.50479233226837,34.82428115015975,0.1597444089456869,0.1597444089456869,1
322,245,19,308,223,0,10,0,1,0,0,2,0,0,0,0,0,2,0,1,2,2,805,0,3,808,0,322,"RKV  Senior Secondary  School
West Side East Facing  Building  2nd  Room From South
Edayarpalayam Privu Coimbatore 641008",1.Ward  No 93  Amman Colony 999.Overseas Elector,All Voters,All India Anna Dravida Munnetra Kazhagam,308,245,63,Dravida Munnetra Kazhagam,2,4,1,3,6,5,7.82608695652174,10,30.43478260869566,2.360248447204969,38.26086956521739,27.70186335403726,0.0,1.24223602484472,0
323,150,10,199,174,0,2,0,1,0,0,0,0,0,0,0,0,0,0,0,1,0,535,0,5,540,0,323,"RKV  Senior Secondary  School
West Side East Facing  Building   3rd Room  From South Edayarpalayam  Privu Coimbatore 641008","1.Ward  No 92  Kumaran St
2.Ward  No 92  Gounder Thottathu St
3.Ward  No 92  Lakshmi Nagar
4.Ward  No 92  Anna  Nagar",All Voters,All India Anna Dravida Munnetra Kazhagam,199,174,25,Tamilaga Vettri Kazhagam,3,4,1,2,6,5,4.672897196261682,2,28.03738317757009,1.869158878504673,37.19626168224299,32.52336448598131,0.0,0.3738317757009346,0
324,115,17,257,219,1,7,0,1,0,1,0,1,1,0,1,0,1,0,1,0,0,616,0,6,622,0,324,"RKV  Senior Secondary  School
West Side East Facing  Building  4th  Room  From South
Edayarpalayam Privu Coimbatore 641008",1.Ward  No 91  Sathya Nagar,All Voters,All India Anna Dravida Munnetra Kazhagam,257,219,38,Tamilaga Vettri Kazhagam,3,4,1,2,6,5,6.168831168831169,7,18.66883116883117,2.75974025974026,41.72077922077922,35.55194805194805,0.1623376623376623,1.136363636363636,1
325,212,17,143,149,0,4,0,0,0,0,0,0,0,0,0,0,2,0,0,2,0,525,0,1,526,0,325,"RKV  Senior Secondary  School
West Side East Facing  Building  5th  Room  From South
Edayarpalayam Privu Coimbatore 641008","1.Ward  No 88  Palakkad  Itteri 1
2.Ward  No 88  Palakkad  Itteri 2
3.Ward  No 88  JJ nagar   1st Bass
4.Ward  No 88  JJ Nagar   2nd  Bass
5.Ward  No 88  Sastha  Nagar
6.Ward  No 88  Andavar Colony
7.Ward  No 88  Abirami Nagar",All Voters,Dravida Munnetra Kazhagam,212,149,63,Tamilaga Vettri Kazhagam,1,4,3,2,6,5,12.0,4,40.38095238095238,3.238095238095238,27.23809523809524,28.38095238095238,0.0,0.7619047619047619,0
326,188,31,266,203,0,6,0,0,1,1,2,0,0,0,0,1,1,0,0,0,0,694,0,6,700,0,326,"RKV  Senior Secondary  School
West Side East Facing  Building  6th  Room  From South
Edayarpalayam Privu Coimbatore 641008","1.Ward  No 93  Sindhu Nagar
2.Ward  No 92  Ayyappa  Nagar
3.Ward  No 93  Vinayagar Kovil St",All Voters,All India Anna Dravida Munnetra Kazhagam,266,203,63,Tamilaga Vettri Kazhagam,3,4,1,2,6,5,9.077809798270893,6,27.0893371757925,4.46685878962536,38.328530259366,29.2507204610951,0.0,0.8645533141210375,0
327,236,24,292,246,0,4,0,0,0,1,1,1,0,1,0,0,0,0,0,0,0,802,0,6,808,0,327,"Government High School
South Facing Building West Side 1st Room  Church Street Edayarpalayam Coimbatore 641008",1.Ward  No 93  Manikandan Nagar,All Voters,All India Anna Dravida Munnetra Kazhagam,292,246,46,Tamilaga Vettri Kazhagam,3,4,1,2,6,5,5.7356608478803,4,29.42643391521197,2.992518703241895,36.40897755610973,30.67331670822943,0.0,0.4987531172069825,0
328,159,18,260,212,0,6,0,0,0,0,1,1,0,0,1,1,0,0,1,0,0,655,0,2,657,0,328,"Corporation Elementary School
North Facing  Building  East Part   1st Room Venkatramana Colony Edayarpalayam Coimbatore 641008","1.Ward  No 93  Rangasamy  Konar St
10.Ward No 93  Charch St Backside
2.Ward  No 93  Aranmanai Thottam
3.Ward  No 93  Thottathu Line
4.Ward  No 93  Uchakonar St
5.Ward  No 93  Mariyamman Kovil St 1
6.Ward  No 93  Ramasamy Konar St
7.Ward  No 93  Mariyamman Kovil St 2
8.Ward  No 93  Mariyamman Kovil St 3
9.Ward  No 93  Mariyappa  Konar St",All Voters,All India Anna Dravida Munnetra Kazhagam,260,212,48,Tamilaga Vettri Kazhagam,3,4,1,2,6,5,7.328244274809161,6,24.27480916030535,2.748091603053435,39.69465648854962,32.36641221374046,0.0,0.9160305343511451,0
329,290,12,335,236,1,2,1,0,0,0,0,0,0,0,0,0,0,0,1,0,0,876,0,6,882,0,329,"Corporation Elementary School
North Facing  Building  East Part   2nd Room Venkatramana Colony Edayarpalayam Coimbatore 641008",1.Ward  No 93  Idayarpalayam  Main Road,All Voters,All India Anna Dravida Munnetra Kazhagam,335,290,45,Dravida Munnetra Kazhagam,2,4,1,3,6,5,5.136986301369863,2,33.10502283105023,1.36986301369863,38.24200913242009,26.94063926940639,0.1141552511415525,0.228310502283105,0
330,214,24,252,203,1,7,1,0,0,0,1,0,0,1,0,1,3,0,0,0,0,701,0,5,706,0,330,"Corporation Elementary School North Building  East Part   3rd  Room
Venkatramana Colony Edayarpalayam Coimbatore 641008","1.Ward  No 93  Ushman Sayibu Street
10.Ward No 93  Sungarden Section 2
11.Ward No 93  Thottathu Salaikal
2.Ward  No 93  Ammasai Konar Street
3.Ward  No 93  Krishnan Kovil Street
4.Ward  No 93  Belleagounder Street
5.Ward  No 93  Thiruvk  St
6.Ward  No 93  Palaniyappakonar St
7.Ward  No 93  Lakshmi Cross 1
8.Ward  No 93  Kanikonar St
9.Ward  No 93  Nanjakonar St",All Voters,All India Anna Dravida Munnetra Kazhagam,252,214,38,Dravida Munnetra Kazhagam,2,4,1,3,6,5,5.420827389443652,7,30.52781740370898,3.423680456490727,35.94864479315264,28.9586305278174,0.1426533523537803,0.9985734664764622,1
331,243,24,217,316,0,6,0,1,0,1,0,0,2,0,0,1,0,0,0,0,0,806,0,0,806,0,331,"Corporation Primary  School
North Facing  (Anganwadi) Building East Side Room
Venkatramana Colony Edayarpalayam Coimbatore 641008","1.Ward  No 93  Mettukadu
2.Ward  No 93  Venkatraman Colony
3.Ward  No 93  Sriram  Colony
4.Ward  No 93  Shantha  Sahib  Street",All Voters,Tamilaga Vettri Kazhagam,316,243,73,Dravida Munnetra Kazhagam,2,4,3,1,6,5,9.057071960297765,6,30.14888337468983,2.977667493796526,26.92307692307692,39.20595533498759,0.0,0.7444168734491315,0
332,180,15,262,177,0,9,0,0,0,1,1,0,0,1,0,1,1,0,3,1,0,643,0,2,645,0,332,"Government High School
South Facing Building West Side 2nd Room Church Street Edayarpalayam Coimbatore 641008","1.Ward  No 93  Perumal Konar St
2.Ward  No 93  Harizana  Colony
3.Ward  No 93  Ellai Thottam
4.Ward  No 93  Vellakkonar Thottam
5.Ward  No 93  Saiyathu Bashasaibu St
6.Ward  No 93  Vinayagar Kovil St
7.Ward  No 93  Kariyannagounder St",All Voters,All India Anna Dravida Munnetra Kazhagam,262,180,82,Dravida Munnetra Kazhagam,2,4,1,3,6,5,12.75272161741835,9,27.99377916018663,2.332814930015552,40.74650077760498,27.52721617418351,0.0,1.399688958009331,3
333,156,46,326,269,1,4,0,0,0,0,0,1,0,0,0,0,1,0,1,1,0,802,0,3,805,0,333,"Government High School
South Facing Building West Side 3Rd Room Church Street Edayarpalayam Coimbatore 641008","1.Ward  No 93  Ottan Thottam
2.Ward  No 93  Charch St
3.Ward  No 93  V.P.C Nagar
4.Ward  No 93  Pagavathy Nagar 999.Overseas Electors",All Voters,All India Anna Dravida Munnetra Kazhagam,326,269,57,Tamilaga Vettri Kazhagam,3,4,1,2,6,5,7.107231920199501,4,19.45137157107232,5.7356608478803,40.64837905236908,33.54114713216958,0.1246882793017456,0.4987531172069825,1
334,122,21,219,138,1,4,0,0,0,0,0,0,0,0,0,0,1,0,3,0,0,505,0,4,509,0,334,"Government High School
East Facing  Building  North Side 1St Room
Church Street Edayarpalayam Coimbatore 641008","1.Ward  No 93  Maduraiveeran Kovil St
2.Ward  No 93  Venkadachala Konar St 999.Overseas Electors",All Voters,All India Anna Dravida Munnetra Kazhagam,219,138,81,Tamilaga Vettri Kazhagam,3,4,1,2,6,5,16.03960396039604,4,24.15841584158416,4.158415841584159,43.36633663366337,27.32673267326733,0.198019801980198,0.7920792079207921,1
335,314,13,140,145,1,1,0,0,0,0,0,1,0,0,0,0,0,0,0,0,0,614,0,1,615,0,335,"Nirmala Matha Convent Matric Higher Secondary School
North Facing  Building  West Side 1St Room Edayarpalayam Kuniyamuthur Coimbatore 641008","1.Ward  No 93  E.B.Colony
2.Ward  No 93  Poonthottam 999.Overseas Electors",All Voters,Dravida Munnetra Kazhagam,314,145,169,Tamilaga Vettri Kazhagam,1,4,3,2,5,5,27.52442996742671,1,51.14006514657981,2.117263843648209,22.80130293159609,23.6156351791531,0.1628664495114007,0.1628664495114007,2
336,144,9,293,228,0,1,1,0,0,0,0,0,0,0,0,0,0,0,0,0,0,675,0,2,677,0,336,"Corporation Primary  School
West Facing Building South Side   1st Room Ricemill Road  Kuniyamuthur Coimbatore 641008","1.Ward  No 88  Vinayagar Kovil St
2.Ward  No 88  Guruva  Chettiyar St
3.Ward  No 88  Savadi St
4.Ward  No 88  Subbu Pillai St
5.Ward  No 88  Nallathambi Asari St
6.Ward  No 88  Ramasamy Servai St
7.Ward  No 88   Muthunaickar St
8.Ward  No 88  Ayyasamy Naickar St
9.Ward  No 88  Dharmaraja  Kovil St 999.Overseas Elector",All Voters,All India Anna Dravida Munnetra Kazhagam,293,228,65,Tamilaga Vettri Kazhagam,3,4,1,2,6,5,9.62962962962963,1,21.33333333333334,1.333333333333333,43.4074074074074,33.77777777777778,0.0,0.1481481481481481,0
337,518,15,103,179,0,3,0,0,0,0,1,0,1,0,0,0,1,0,0,0,0,818,0,5,823,0,337,"Corporation Primary  School
West Facing Building South Side   2nd  Room Ricemill Road  Kuniyamuthur Coimbatore 641008","1.Ward  No 88  Shanmuga  Velayutham St
2.Ward  No 87  Sornapuri Layout
3.Ward  No 87  Nellukarar Thottam
4.Ward  No 87  Kalavai Naickar Thottam
5.Ward  No 87  Vashantham  Nagar",All Voters,Dravida Munnetra Kazhagam,518,179,339,Tamilaga Vettri Kazhagam,1,4,3,2,6,5,41.44254278728607,3,63.32518337408312,1.833740831295844,12.59168704156479,21.88264058679707,0.0,0.3667481662591687,2
338,293,16,259,248,0,5,0,1,0,0,1,0,0,0,0,0,1,0,0,1,0,821,0,4,825,0,338,"Corporation Primary  School
West side East Facing  Building  North From   1st Room
Kuniyamuthur Coimbatore 641008","1.Ward  No 88  Ellaiyamman Kovil St
2.Ward  No 88  Sundakkamuthur Main Road
3.Ward  No 88  Alagachi Thottam
4.Ward  No 88  Raj Servai",All Voters,Dravida Munnetra Kazhagam,293,259,34,All India Anna Dravida Munnetra Kazhagam,1,4,2,3,6,5,4.141291108404385,5,35.68818514007308,1.94884287454324,31.5468940316687,30.20706455542022,0.0,0.6090133982947624,0
339,203,14,312,223,1,5,1,0,0,2,1,0,0,0,0,0,1,0,0,0,0,758,0,6,764,0,339,"Corporation Primary  School
West Facing Building South Side   3rd Room Ricemill Road  Kuniyamuthur Coimbatore 641008","1.Ward  No 88  Palpannai St
2.Ward  No 88  Rajaji Nagar
3.Ward  No 88  Selvam  Nagar
4.Ward  No 88  Rice Mill Road
5.Ward  No 88  Shanthi Nagar
6.Ward  No 88  Sri Swrnambika  Gardens
7.Ward  No 88  Royal Gardens
8.Ward  No 88  Palaniyandavar Kovil St",All Voters,All India Anna Dravida Munnetra Kazhagam,312,223,89,Tamilaga Vettri Kazhagam,3,4,1,2,6,5,11.74142480211082,5,26.78100263852243,1.846965699208443,41.16094986807388,29.41952506596306,0.1319261213720317,0.6596306068601583,1
340,153,22,311,180,2,3,0,0,0,0,0,0,1,0,0,0,1,0,1,0,0,671,0,4,675,0,340,"Corporation High School
West Facing New Building  South Side   2nd  Room Kuniyamuthur Coimbatore 641008","1.Ward  No 88  Vinayagar Kovil St
2.Ward  No 88  Dhal Factory St
3.Ward  No 88  Ms Gardens",All Voters,All India Anna Dravida Munnetra Kazhagam,311,180,131,Tamilaga Vettri Kazhagam,3,4,1,2,6,5,19.5230998509687,3,22.80178837555887,3.278688524590164,46.34873323397913,26.82563338301043,0.2980625931445604,0.4470938897168406,1
341,256,19,187,218,0,5,0,0,0,0,1,0,1,1,0,2,0,0,0,0,0,685,0,5,690,0,341,"Corporation High School
West Facing Building South Side   Room1 Kuniyamuthur Coimbatore 641008","1.Ward  No 88  Rajanaickar Thottam
2.Ward  No 88  Velalar St",All Voters,Dravida Munnetra Kazhagam,256,218,38,Tamilaga Vettri Kazhagam,1,4,3,2,6,5,5.547445255474453,5,37.37226277372262,2.773722627737226,27.2992700729927,31.82481751824818,0.0,0.7299270072992701,0
342,224,16,252,179,0,3,0,0,0,0,1,0,0,1,0,0,0,0,1,0,0,674,0,4,678,0,342,"RKV  Senior Secondary  School
West Side East Facing  Building  7th  Room  From South
Edayarpalayam Privu Coimbatore 641008","1.Ward  No 92  Kamarajar St
2.Ward  No 88  Mspark  Avenue
3.Ward  No 88  Krishnakonar St
4.Ward  No 88  KGK Nagar Road
5.Ward  No 88  Archana Nagar
6.Ward  No 88  BN nagar",All Voters,All India Anna Dravida Munnetra Kazhagam,252,224,28,Dravida Munnetra Kazhagam,2,4,1,3,6,5,4.154302670623145,3,33.23442136498516,2.373887240356083,37.38872403560831,26.55786350148368,0.0,0.4451038575667656,0
343,211,14,163,181,0,6,1,0,1,0,0,0,0,0,0,0,0,0,2,0,1,575,0,5,580,0,343,"RKV  Senior Secondary  School
West Side East Facing  Building  8th  Room  From South
Edayarpalayam Privu Coimbatore 641008","1.Ward  No 92  Palakkad  Main Road
2.Ward  No 93  Kumaran Garden",All Voters,Dravida Munnetra Kazhagam,211,181,30,Tamilaga Vettri Kazhagam,1,4,3,2,6,5,5.217391304347826,6,36.69565217391305,2.434782608695652,28.34782608695652,31.47826086956522,0.0,1.043478260869565,0
344,218,15,283,239,0,5,0,2,0,0,0,0,0,1,1,0,1,0,0,0,0,760,0,4,764,0,344,"Corporation High School
West Facing Building South Side   3rd Room Kuniyamuthur Coimbatore 641008","1.Ward  No 88  Kaliyappagounder St
2.Ward  No 88  Mullai Nagar (Gandhi Nagar Extension)
3.Ward  No 88  Palanigounder Santhu
4.Ward  No 88  Muthusamy Servai St
5.Ward  No 88  Maniyakarar St 999.Overseas Elector",All Voters,All India Anna Dravida Munnetra Kazhagam,283,239,44,Tamilaga Vettri Kazhagam,3,4,1,2,6,5,5.789473684210527,5,28.68421052631579,1.973684210526316,37.23684210526316,31.44736842105263,0.0,0.6578947368421052,0
345,162,9,305,240,1,2,0,0,1,0,1,0,0,0,0,0,0,0,0,0,0,719,0,3,722,0,345,"Corporation High School
West Facing Building South Side 4Th Room Kuniyamuthur Coimbatore 641008","1.Ward  No 88  Nagamma  Naickar St
10.Ward No 88  Cholan Nagar Lic Colony
2.Ward  No 88  Muthusamy Servai St
3.Ward  No 88  Ponnachari St
4.Ward  No 88  Nachimuthu Gounder St
5.Ward  No 88  Nanjappa Gounder St
6.Ward  No 88  Arumuga  Gounder St
7.Ward  No 88  Shanmugagounder St
8.Ward  No 88  Aditor Rangasamy St
9.Ward  No 88  Sbmcolony",All Voters,All India Anna Dravida Munnetra Kazhagam,305,240,65,Tamilaga Vettri Kazhagam,3,4,1,2,6,5,9.040333796940194,2,22.53129346314325,1.251738525730181,42.42002781641168,33.37969401947149,0.1390820584144645,0.2781641168289291,1
346,110,9,279,186,1,5,2,0,1,0,0,0,1,0,1,0,0,0,0,0,0,590,0,6,596,0,346,"Corporation High School
East Facing  Building  South Side   2nd  Room Kuniyamuthur Coimbatore 641008","1.Ward  No 88  Sundakkamuthur Main Road
2.Ward  No 88  Vinayagar Kovil Street
3.Ward  No88  Palaniyandavar Kovil St",All Voters,All India Anna Dravida Munnetra Kazhagam,279,186,93,Tamilaga Vettri Kazhagam,3,4,1,2,6,5,15.76271186440678,5,18.64406779661017,1.525423728813559,47.28813559322034,31.52542372881356,0.1694915254237288,0.847457627118644,1
347,119,14,347,215,0,8,0,1,1,0,0,0,0,0,2,1,0,0,1,1,0,703,0,2,705,1,347,"Corporation High School
East Facing  Building  North Side   2nd Room Kuniyamuthur Coimbatore 641008","1.Ward  No 88  Veeramathiyamman Kovil St
10.Ward No88  Kppalanisamy St
11.Ward No 88  Kaveriboyan St
12.Ward No 88  Bandariboyan St
13.Ward No 88  Arumugaboyan St
14.Ward No 88  Subramaniyam Lane
15.Ward No 88  Ramasamy Lane
2.Ward  No 88  Dharmaraja  Kovil St
3.Ward  No 88  Marudhachala Naickar St
4.Ward  No 88  Rajanaickar St
5.Ward  No 88  Cheenappagounder  St
6.Ward  No 88  Arumuga  Gounder St
7.Ward  No 88  Pullakgounder St
8.Ward  No 88  Ramasamy Boyan St
9.Ward  No 88  Muniyappan Kovil St",All Voters,All India Anna Dravida Munnetra Kazhagam,347,215,132,Tamilaga Vettri Kazhagam,3,4,1,2,6,5,18.77667140825035,8,16.92745376955903,1.991465149359886,49.35988620199146,30.58321479374111,0.0,1.137980085348506,3
348,230,24,212,227,0,7,0,1,0,0,0,1,1,0,0,2,0,0,0,1,0,700,0,6,706,0,348,"Corporation High School
East Facing  Building  North Side   3rd  Room Kuniyamuthur Coimbatore 641008","1.Ward  No 88  Ganga Nagar
2.Ward  No 88  JP  nagar 999.Overseas Elector",All Voters,Dravida Munnetra Kazhagam,230,227,3,Tamilaga Vettri Kazhagam,1,4,3,2,6,5,0.4285714285714286,7,32.85714285714285,3.428571428571429,30.28571428571429,32.42857142857143,0.0,1.0,0
349,239,22,222,194,0,8,1,1,0,0,1,0,1,2,1,1,0,0,0,0,0,685,0,3,688,0,349,"Corporation High School
East Facing  Building  South Side Room1 Kuniyamuthur Coimbatore 641008","1.Ward  No 88  Gunavel Thottam
2.Ward  No 88  Mooventhar Nagar
3.Ward  No 88  Koniyamman Lay Out",All Voters,Dravida Munnetra Kazhagam,239,222,17,All India Anna Dravida Munnetra Kazhagam,1,4,2,3,6,5,2.481751824817518,8,34.89051094890511,3.211678832116788,32.4087591240876,28.32116788321168,0.0,1.167883211678832,0
350,233,19,296,233,0,3,0,0,0,1,1,0,0,0,0,0,0,0,1,0,0,784,0,6,790,0,350,"Corporation High School
South Facing Building East Side   1st Room Kuniyamuthur Coimbatore 641008","1.Word  No 88 Crose Cut 1  Street
2.Ward  No 88  Cross Cut   2nd Street
3.Ward  No 87  Muthusamy Servai St
4.Ward  No 88  Dhandalkaran Line
5.Ward  No 88  Mariyappa  Asari Lane
6.Ward  No 88  Goverment Staffs Colony",All Voters,All India Anna Dravida Munnetra Kazhagam,296,233,63,Tamilaga Vettri Kazhagam,2,4,1,2,6,5,8.035714285714286,3,29.71938775510204,2.423469387755102,37.75510204081633,29.71938775510204,0.0,0.3826530612244898,0
351,212,15,307,243,0,5,0,0,1,1,0,0,0,0,0,0,1,2,0,0,0,782,0,5,787,0,351,"Corporation High School
South Facing Building East Side 2Nd  Room Kuniyamuthur Coimbatore 641008",1.Ward  No   88  Thirunagar Colony Sundakkamuthur Road 999.Overseas Electors,All Voters,All India Anna Dravida Munnetra Kazhagam,307,243,64,Tamilaga Vettri Kazhagam,3,4,1,2,6,5,8.184143222506394,5,27.10997442455243,1.918158567774936,39.25831202046036,31.07416879795397,0.0,0.639386189258312,0
352,208,31,307,242,1,4,0,0,0,1,0,0,0,0,0,1,1,0,0,0,0,793,0,0,793,0,352,"Corporation High School
South Facing Building East Side 3Rd  Room Kuniyamuthur Coimbatore 641008","1.Ward  No 87  Subbaiyapannadi Lane
2.Ward  No 87  Samundi Pannadi St
3.Ward  No 87  Sudakkamuthur Main Road
4.Ward  No 87  Vettrilaikara St
5.Ward  No   87  Velayuthapannadi St
6.Ward  No 87  Vedapannadi St
7.Ward  No 87  Ayyasamy Pannadi St
8.Ward  No 87  Chinnapannadi St
9.Ward  No 87  Pappanpannadi St 999.Overseas Electors",All Voters,All India Anna Dravida Munnetra Kazhagam,307,242,65,Tamilaga Vettri Kazhagam,3,4,1,2,6,5,8.19672131147541,4,26.22950819672131,3.909205548549811,38.71374527112232,30.51702395964691,0.1261034047919294,0.5044136191677175,1
353,472,11,97,176,0,9,0,0,0,0,3,0,1,0,0,0,2,0,2,1,0,765,0,1,766,0,353,"Government Higher Secondary School
East Facing  Building  South Side 2Nd Room Kuniyamuthur Coimbatore 641008",1.Ward  No 87  Kurinji Nagar 999.Overseas Electors,All Voters,Dravida Munnetra Kazhagam,472,176,296,Tamilaga Vettri Kazhagam,1,4,3,2,6,5,38.69281045751634,9,61.69934640522876,1.437908496732026,12.6797385620915,23.00653594771242,0.0,1.176470588235294,2
354,404,22,121,239,1,6,0,0,0,1,0,0,0,0,0,0,3,1,1,0,0,793,0,4,797,0,354,Government Higher Secondary School  West Facing Building North Side 7Th Room Kuniyamuthur Coimbatore 641008,"1.Ward  No 87  Mahalakshmi Nagar
2.Ward  No 88  Jeeva  Nagar
3.Ward  No 88  Thiruvalluvar Nagar
4.Ward  No 87  Thiruvalluvar Nagar 999.Overseas Electors",All Voters,Dravida Munnetra Kazhagam,404,239,165,Tamilaga Vettri Kazhagam,1,4,3,2,6,5,20.80706179066835,6,50.94577553593948,2.774274905422446,15.25851197982345,30.13871374527112,0.1261034047919294,0.7566204287515763,1
355,526,14,68,185,0,8,1,1,1,1,1,0,1,0,1,1,0,0,0,0,0,801,0,4,805,0,355,Government Higher Secondary School South Facing Building West Side   1st Room Kuniyamuthur Coimbatore 641008,1.Ward  No 87  Gandhi Nagar,All Voters,Dravida Munnetra Kazhagam,526,185,341,Tamilaga Vettri Kazhagam,1,4,3,2,6,5,42.57178526841448,8,65.66791510611736,1.747815230961298,8.489388264669163,23.09612983770287,0.0,0.9987515605493134,2
356,460,10,109,203,0,7,0,0,0,0,2,0,1,1,0,0,2,0,0,0,0,789,0,3,792,0,356,"Government Higher Secondary School
West Facing Building North side from  Room1 Kuniyamuthur Coimbatore 641008","1.Ward  No 87  Black  Mariyamman Kovil Street
2.Ward  No 87  Kp  Shanmugapannadi St
3.Ward  No 87  Rangasamy  Pannadi St
4.Ward  No 87  Pechimuthu Line
5.Ward  No 87  Nalankilli St
6.Ward  No 87  Kr Shanmugapannadi St
7.Ward  No 87  Kasthuri Nagar Yosana St",All Voters,Dravida Munnetra Kazhagam,460,203,257,Tamilaga Vettri Kazhagam,1,4,3,2,6,5,32.57287705956908,7,58.30164765525983,1.267427122940431,13.8149556400507,25.72877059569075,0.0,0.8871989860583016,2
357,422,11,122,168,0,4,0,0,0,0,2,0,0,1,0,1,0,0,0,0,0,727,0,3,730,0,357,Government Higher Secondary School South Facing Building West Side 2  Room Kuniyamuthur Coimbatore 641008,1.Ward  No 87  Thiruvalluvar Nagar Kudisai Poguthi,All Voters,Dravida Munnetra Kazhagam,422,168,254,Tamilaga Vettri Kazhagam,1,4,3,2,6,5,34.93810178817056,4,58.04676753782668,1.513067400275103,16.78129298486932,23.10866574965612,0.0,0.5502063273727648,2
358,235,8,119,163,1,1,0,0,0,0,0,0,0,0,0,0,1,0,0,0,0,527,0,4,531,0,358,Government Higher Secondary School South Facing Building West Side 3  Room Kuniyamuthur Coimbatore 641008,"1.Ward  No 87  Bharathy Nagar
2.Ward  No 87  Bharathy Nagar Kudisai Paguthigal",All Voters,Dravida Munnetra Kazhagam,235,163,72,Tamilaga Vettri Kazhagam,1,4,3,2,5,5,13.66223908918406,1,44.59203036053131,1.518026565464896,22.58064516129032,30.92979127134725,0.189753320683112,0.189753320683112,1
359,572,20,60,154,1,7,0,0,1,0,2,0,0,1,0,1,2,0,0,0,0,814,0,4,818,0,359,Government Higher Secondary School South Facing Building West Side 4  Room Kuniyamuthur Coimbatore 641008,1.Ward  No 87  Birundhavan Circle 999.Overseas Elector,All Voters,Dravida Munnetra Kazhagam,572,154,418,Tamilaga Vettri Kazhagam,1,4,3,2,6,5,51.35135135135135,7,70.27027027027027,2.457002457002457,7.371007371007371,18.91891891891892,0.1228501228501229,0.85995085995086,2
360,408,13,144,167,0,3,0,1,0,0,0,0,0,0,0,1,1,0,0,0,0,735,0,2,737,0,360,Government Higher Secondary School West Facing Building North side Room2 Kuniyamuthur Coimbatore 641008,"1.Ward  No 87  Annanagar (Sulthan Colony)
2.Ward  No 87  K P  P Nagar
3.Ward  No 87  Adhisakthi Nagar",All Voters,Dravida Munnetra Kazhagam,408,167,241,Tamilaga Vettri Kazhagam,1,4,3,2,6,5,32.7891156462585,3,55.51020408163265,1.768707482993197,19.59183673469388,22.72108843537415,0.0,0.4081632653061225,2
361,449,8,55,120,1,7,0,0,0,0,2,0,1,1,0,1,1,0,0,1,0,640,0,0,640,0,361,Government Higher Secondary School South Facing Building West Side 5  Room Kuniyamuthur Coimbatore 641008,1.Ward  No 87  Thiruvalluvar Nagar Continue 999.Overseas Elector,All Voters,Dravida Munnetra Kazhagam,449,120,329,Tamilaga Vettri Kazhagam,1,4,3,2,6,5,51.40625,7,70.15625,1.25,8.59375,18.75,0.15625,1.09375,2
362,423,12,122,160,1,9,0,0,0,0,4,0,1,0,0,0,4,0,0,0,0,727,0,1,728,0,362,"Government Higher Secondary School
West Facing Building North Side   2nd  Room Kuniyamuthur Coimbatore 641008",1.Ward  No 87  Thirumoorthi Nagar 999.Overseas Elector,All Voters,Dravida Munnetra Kazhagam,423,160,263,Tamilaga Vettri Kazhagam,1,4,3,2,6,5,36.17606602475929,9,58.18431911966988,1.650618982118294,16.78129298486932,22.00825309491059,0.1375515818431912,1.237964236588721,2
363,480,18,71,163,0,4,1,0,0,0,1,0,0,0,1,0,1,0,0,0,0,736,0,1,737,0,363,"Government Higher Secondary School
West Facing Building North Side   3rd  Room Kuniyamuthur Coimbatore 641008","1.Ward  No 87  Kaidamillath Street
2.Ward  No1 Kaveri Nagar
3.Ward  No18  Gandhinagar 999.Overseas Elector",All Voters,Dravida Munnetra Kazhagam,480,163,317,Tamilaga Vettri Kazhagam,1,4,3,2,6,5,43.07065217391305,4,65.21739130434783,2.445652173913043,9.646739130434783,22.14673913043478,0.0,0.5434782608695652,2
364,171,9,111,86,0,1,0,0,0,0,0,0,0,0,0,0,1,0,0,0,0,378,0,2,380,0,364,Government Higher Secondary School West Facing North  Side 4Th Building Kuniyamuthur Coimbatore 641008,"1.Ward  No 87  Palakkad  Main Road  Sunnambu Kalavaai Pirivu
2.Ward  No93  Palakkad Main Road  Edaiyarpalayam  Pirivu",All Voters,Dravida Munnetra Kazhagam,171,111,60,All India Anna Dravida Munnetra Kazhagam,1,4,2,3,6,5,15.87301587301587,1,45.23809523809524,2.380952380952381,29.36507936507937,22.75132275132275,0.0,0.2645502645502645,0
365,565,4,76,166,0,5,0,0,0,0,1,0,0,0,0,1,1,0,1,0,0,816,0,1,817,1,365,Government Higher Secondary School West Facing North  Side 8Th Building Kuniyamuthur Coimbatore 641008,"1.Ward  No 87  Periyasamy  St
2.Ward  No 87  Thiruvalluvar Nagar Extension",All Voters,Dravida Munnetra Kazhagam,565,166,399,Tamilaga Vettri Kazhagam,1,5,3,2,6,4,48.89705882352941,5,69.24019607843137,0.4901960784313725,9.313725490196079,20.34313725490196,0.0,0.6127450980392157,2
366,423,21,132,214,1,6,0,0,0,0,1,0,1,1,1,0,0,0,2,0,0,797,0,4,801,2,366,Government Higher Secondary School West facing Building North side Room3 Kuniyamuthur Coimbatore 641008,"1.Ward  No 87  Muthusamy Udayar St
2.Ward  No 87  Satham Nagar
3.Ward  No 87  Ramasamy Naidu St
4.Ward  No 87  Palakkad  Main Road",All Voters,Dravida Munnetra Kazhagam,423,214,209,Tamilaga Vettri Kazhagam,1,4,3,2,6,5,26.22333751568381,6,53.07402760351317,2.634880803011292,16.56210790464241,26.85069008782936,0.1254705144291091,0.7528230865746549,2
367,198,13,140,128,0,1,0,0,0,0,0,0,0,0,1,0,0,0,0,0,0,480,0,2,482,0,367,"Nirmala Matha Convent Matric Higher Secondary School
North Facing  Building  West Side   2nd Room Edayarpalayam Kuniyamuthur Coimbatore 641008",1.Ward  No 93  Annamanayakar Street 999.Overseas Elector,All Voters,Dravida Munnetra Kazhagam,198,140,58,All India Anna Dravida Munnetra Kazhagam,1,4,2,3,6,5,12.08333333333333,1,41.25,2.708333333333333,29.16666666666667,26.66666666666667,0.0,0.2083333333333333,0
368,169,14,232,161,0,3,0,0,0,0,0,0,2,1,0,0,0,0,0,0,0,579,0,3,582,0,368,"Nirmala Matha Convent Matric Higher Secondary
School
South Facing Building East Side   1st Room Edayarpalayam Kuniyamuthur Coimbatore 641008","1.Ward  No 93  Thirunavukarasu Nagar
2.Ward  No 93  Gnapuram  Line",All Voters,All India Anna Dravida Munnetra Kazhagam,232,169,63,Dravida Munnetra Kazhagam,2,4,1,3,6,5,10.88082901554404,3,29.18825561312608,2.417962003454232,40.06908462867012,27.80656303972366,0.0,0.5181347150259068,0
369,229,15,170,141,0,1,0,0,0,0,0,0,0,0,0,0,0,0,0,1,0,556,0,5,561,0,369,"Nirmala Matha Convent Matric Higher Secondary School
North Facing  Building  West Side 3Rd  Room Edayarpalayam Kuniyamuthur Coimbatore 641008","1.Ward  No 87  Sakthi Nagar
2.Ward  No 87  Pattakkaranaickar Thottam
3.Ward  No 87  Subbulakshmi Nagar 999.Overseas Electors",All Voters,Dravida Munnetra Kazhagam,229,170,59,All India Anna Dravida Munnetra Kazhagam,1,4,2,3,6,5,10.61151079136691,1,41.18705035971223,2.697841726618705,30.57553956834532,25.35971223021583,0.0,0.1798561151079137,0
370,383,25,164,186,0,5,1,1,0,1,0,1,0,0,0,0,0,0,0,1,0,763,0,5,768,0,370,"Nirmala Matha Convent Matric Higher Secondary School
North Facing  Building  West Side 5Th Room Edayarpalayam Kuniyamuthur Coimbatore 641008","1.Ward  No 87  Rajagopal Nagar
2.Ward  No 93  Siruvani Nagar
3.Ward  No 93  Sowbakiya  Avenue
4.Ward  No 87  Park  Avenue 999.Overseas Electors",All Voters,Dravida Munnetra Kazhagam,383,186,197,Tamilaga Vettri Kazhagam,1,4,3,2,6,5,25.81913499344692,5,50.19659239842726,3.27653997378768,21.49410222804718,24.37745740498034,0.0,0.655307994757536,0
371,450,31,139,179,0,2,1,0,1,0,0,0,0,0,0,0,0,0,0,0,0,801,0,6,807,0,371,"Nirmala Matha Convent Matric Higher Secondary School
South Facing Building East Side 2Nd  Room Edayarpalayam Kuniyamuthur Coimbatore 641008","1.Ward  No 87  Min Nagar
2.Ward  No 93  Rangasamy  Naidu Nagar
3.Ward  No 93  Statebank Avenue
4.Ward  No 87  Sri Saigarden 999.Overseas Electors",All Voters,Dravida Munnetra Kazhagam,450,179,271,Tamilaga Vettri Kazhagam,1,4,3,2,6,5,33.83270911360799,2,56.17977528089888,3.870162297128589,17.35330836454432,22.34706616729089,0.0,0.2496878901373283,2
