Serial No. Of Polling Station,Locality,Building  in  Which  it  will  be  Located,Polling  Area,Whether  for  all Voters  or  men  olny or  women  only,Indian National Congress,Naam Tamilar Katchi,All India Anna Dravida Munnetra Kazhagam,Tamilaga Vettri Kazhagam,Nam Naadu Nam Makkal Nam Ethirkaalam Katchi,Puthiya Makkal Tamil Desam Katchi,Naam Indiar Party,Vishwa Tamil Kazhagam,All India Forward Bloc,Puthiya Tamilagam,Tamizhaga Vaazhvurimai Katchi,Independent,Independent.1,Independent.2,Independent.3,Total of Valid Votes,No. Of Rejected Votes,NOTA,Total,No. Of Tendered Votes,Indian National Congress_Share_%,Naam Tamilar Katchi_Share_%,All India Anna Dravida Munnetra Kazhagam_Share_%,Tamilaga Vettri Kazhagam_Share_%,Nam Naadu Nam Makkal Nam Ethirkaalam Katchi_Share_%,Puthiya Makkal Tamil Desam Katchi_Share_%,Naam Indiar Party_Share_%,Vishwa Tamil Kazhagam_Share_%,All India Forward Bloc_Share_%,Puthiya Tamilagam_Share_%,Tamizhaga Vaazhvurimai Katchi_Share_%,Winner_Party,Winner_Votes,Runner_Up_Votes,Margin_Of_Victory,Runner_Up_Party,Naam Tamilar Katchi_Rank,Indian National Congress_Rank,Nam Naadu Nam Makkal Nam Ethirkaalam Katchi_Rank,Puthiya Makkal Tamil Desam Katchi_Rank,All India Anna Dravida Munnetra Kazhagam_Rank,Naam Indiar Party_Rank,Tamizhaga Vaazhvurimai Katchi_Rank,Tamilaga Vettri Kazhagam_Rank,Vishwa Tamil Kazhagam_Rank,Puthiya Tamilagam_Rank,All India Forward Bloc_Rank,Independent_Rank,Independent.1_Rank,Independent.2_Rank,Independent.3_Rank,Margin_Percentage,Total_Independent_Votes
1,Seidunganallur,Hindu  Primary  School  North  Building  East Side  Seidunganallur,"1.Seidunganallur  (R.V)  And  (p)  Mooppanar  Pillaiyar  Kovil  street  Block  3  , 2.Seydunganallur  (R.V)  And  (P)  Nambisamy  Kovil  Street  Block  3  , 3.Seydunganallur  (R.V)  And  (P)  Pillaiyar  Kovil  Street  Block  3  , 999.OVERSEAS  ELECTORS",All  Voters,53,25,175,134,0,1,0,0,8,1,0,0,2,1,0,400,0,1,401,0,13.25,6.25,43.75,33.5,0.0,0.25,0.0,0.0,2.0,0.25,0.0,All India Anna Dravida Munnetra Kazhagam,175,134,41,Tamilaga Vettri Kazhagam,4,3,10,7,1,10,10,2,10,7,5,10,6,7,10,10.25,3
2,Seidunganallur,Hindu  Primary  School  West  Building  West Portion  Facing  South  Seidunganallur,"1.Seydunganallur  (R.V)  And  (P)  Muslim  New  Street  Block  4  , 2.Seydunganallur  (R.V)  And  (P)  Mooppanar  West  Street  Block  4  , 3.Seydunganallur  (R.V)  And  (P)  Post  Office  Street  Block  4  , 999.OVERSEAS  ELECTORS",All  Voters,414,19,112,126,2,0,0,0,0,0,0,1,1,0,0,675,0,1,676,0,61.33333333333333,2.814814814814815,16.59259259259259,18.66666666666667,0.2962962962962963,0.0,0.0,0.0,0.0,0.0,0.0,Indian National Congress,414,126,288,Tamilaga Vettri Kazhagam,4,1,5,8,3,8,8,2,8,8,8,6,6,8,8,42.66666666666667,2
3,Seidunganallur,Hindu  Primary  School  North  Building  West Side  Seidunganallur,"1.Seydunganallur  (R.V)  And  (P)  R.C.  Street  Block  5  ,  2.Seydunganallur
(R.V)  And  (P)  Thennajsolai  (AnnaNagar  Street)  Block  5  ,  999.OVERSEAS ELECTORS",All  Voters,137,74,181,266,2,1,0,1,46,2,0,1,0,1,0,712,0,0,712,0,19.24157303370787,10.39325842696629,25.42134831460674,37.35955056179775,0.2808988764044944,0.1404494382022472,0.0,0.1404494382022472,6.460674157303371,0.2808988764044944,0.0,Tamilaga Vettri Kazhagam,266,181,85,All India Anna Dravida Munnetra Kazhagam,4,3,6,8,2,12,12,1,8,6,5,8,12,8,12,11.93820224719101,2
4,Seidunganallur,St.  Louis  R.  C.  Middle  School  New  West Building  South  Portion  Seidunganallur,"1.Seydunganallur  (R.V)  And  (p)  Pillaiyar  kovil  north  street  block  1  , 2.Seydunganallur  (R.V)  And  (P)  Pillaiyar  Kovil  Street  Block  1  , 3.Seydunganallur  (R.V)  And  (P)  Sivan  Kovil  Street  Block  1  , 4.Seydunganallur  (R.V)  And  (P)  Old  Pallivasal  Street  Block  2  , 5.Seydunganallur  (R.V)  And  (P)  Mooppanar  North  Street  Block  2  , 999.OVERSEAS  ELECTORS",All  Voters,429,33,220,213,0,0,0,0,21,1,0,1,0,0,0,918,0,3,921,0,46.73202614379085,3.594771241830065,23.96514161220044,23.20261437908497,0.0,0.0,0.0,0.0,2.287581699346405,0.1089324618736384,0.0,Indian National Congress,429,220,209,All India Anna Dravida Munnetra Kazhagam,4,1,8,8,2,8,8,3,8,6,5,6,8,8,8,22.76688453159041,1
5,Seidunganallur,St.Louis  R.C.Middle  School  South  Portion Facing  East  Seidunganallur,"1.Seydunganallur  (R.V)  And  (p)  Santhaiyadiyur  adidravedar  colony  block 6  ,  2.Seydunganallur  (R.V)  And  (P)  Kasba  Velallar  Street  Block  6  , 999.OVERSEAS  ELECTORS",All  Voters,152,61,144,454,2,1,1,0,9,11,0,0,1,0,1,837,0,5,842,0,18.16009557945042,7.287933094384708,17.20430107526882,54.24133811230586,0.2389486260454002,0.1194743130227001,0.1194743130227001,0.0,1.075268817204301,1.314217443249701,0.0,Tamilaga Vettri Kazhagam,454,152,302,Indian National Congress,4,2,7,8,3,8,12,1,12,5,6,12,8,12,8,36.08124253285543,2
6,Seidunganallur,St.Louis  R.C.Middle  School  North  Portion Facing  East  Seidunganallur,"1.Seydunganallur  (R.V)  And  (P)  Akraharam  Karaiyadiyur  Street  Block  7  , 2.Seydunganallur  (R.V)  And  (P)  Melathuthukuli  Block  7  , 3.Seydunganallur  (R.V)  And  (P)  Keelathuthukuli  Block  7  ,  999.OVERSEAS ELECTORS",All  Voters,99,38,134,204,0,1,0,0,14,17,4,1,1,0,1,514,0,2,516,0,19.26070038910506,7.392996108949417,26.07003891050584,39.68871595330739,0.0,0.1945525291828794,0.0,0.0,2.723735408560311,3.30739299610895,0.7782101167315175,Tamilaga Vettri Kazhagam,204,134,70,All India Anna Dravida Munnetra Kazhagam,4,3,12,8,2,12,7,1,12,5,6,8,8,12,8,13.61867704280156,3
7,Ayyanarkulampatti,P.  U.  Primary  School  East  Building  Northern Side  Ayyanarkulampatti,"1.Seydunganallur  (R.V)  And  (p)  Ayyanarkulampatti  west  street  block  8  , 2.Seydunganallur  (R.V)  And  (P)  Ayyanarkulampatti  East  Street  Block  8  , 3.Seydunganallur  (R.V)  And  (P)  Sundar  Nagar  Block  8  ,  4.Seydunganallur (R.V)  And  (P)  Ayyanarkulampatti  West  Street  Block  9  ,  5.Seydunganallur (R.V)  And  (P)  Ayyanarkulampatti  East  Street  Block  9  ,  6.Seydunganallur
(R.V)  And  (P)  Satthakaranpatti  Block  9  ,  999.OVERSEAS  ELECTORS",All  Voters,57,79,424,266,3,2,0,0,9,1,0,1,5,3,1,851,0,2,853,0,6.698002350176263,9.283196239717979,49.82373678025852,31.25734430082256,0.3525264394829613,0.2350176263219741,0.0,0.0,1.057579318448884,0.1175088131609871,0.0,All India Anna Dravida Munnetra Kazhagam,424,266,158,Tamilaga Vettri Kazhagam,3,4,7,9,1,13,13,2,13,10,5,10,6,7,10,18.56639247943596,10
8,Karungulam,"Govt  Hr,  Sec  School  East  New  Building  North Room,  Karungulam","1.Karungulam  (R.V)  And  (p)  Perumal  kovil  street  block  1  ,  2.Karungulam (R.V)  And  (P)  Matha  Kovil  Street  Block  2  ,  3.Karungulam  (R.V)  And  (P) Krishnan  Kovil  Street  Block  3  ,  4.Karungulam  (R.V)  And  (P)  Kirama Chavady  Street  Block  2  ,  5.Karungulam  (R.V)  And  (P) Santhanamariamman  Kovil  Street  Block  2  ,  6.Karungulam  (R.V)  And  (P) Krishnan  Kovil  Street  Block  2  ,  7.Karungulam  (R.V)  And  (P)  Vadamalai Vinayagar  Kovil  Street  Block  3  ,  8.Karungulam  (R.V)  And  (P)  Selva Vinayagar  Kovil  Street  Block  3  ,  9.Karungulam  (R.V)  And  (P) Santhanamariamman  Kovil  Street  Block  3  ,  10.Karungulam  (R.V)  And  (P) Kamatchi  Amman  Kovil  Street  Block  3  ,  999.OVERSEAS  ELECTORS",All  Voters,86,71,345,229,2,4,0,0,27,0,0,0,2,0,0,766,0,3,769,0,11.22715404699739,9.26892950391645,45.03916449086162,29.89556135770235,0.2610966057441254,0.5221932114882507,0.0,0.0,3.524804177545692,0.0,0.0,All India Anna Dravida Munnetra Kazhagam,345,229,116,Tamilaga Vettri Kazhagam,4,3,7,6,1,9,9,2,9,9,5,9,7,9,9,15.14360313315927,2
9,Karungulam,"Govt  Hr,  Sec,  School  North  Building,  Middle Portion,  Karungulam","1.Karungulam  (R.V)  And  (P)  Selvavinayagar  Kovil  Street  Block  4  , 2.Karungulam  (R.V)  And  (P)  R.C.Kovil  Street  Block  4  ,  3.Karungulam  (R.V) And  (P)  Krishnan  Kovil  Street  Block  4  ,  4.Karungulam  (R.V)  And  (P)
Pallivasal  Street  Block  4  ,  5.Karungulam  (R.V)  And  (P)  Utchimahaliamman Kovil  Street  Block  4  ,  6.Karungulam  (R.V)  And  (P)  Vanniyaraja  Kovil  Street
Block  4.  999.OVERSEAS  ELECTORS",All  Voters,86,14,125,149,0,0,0,0,42,0,0,1,0,0,0,417,0,3,420,0,20.62350119904077,3.357314148681055,29.97601918465228,35.73141486810552,0.0,0.0,0.0,0.0,10.07194244604317,0.0,0.0,Tamilaga Vettri Kazhagam,149,125,24,All India Anna Dravida Munnetra Kazhagam,5,3,7,7,2,7,7,1,7,7,4,6,7,7,7,5.755395683453238,1
10,Karungulam,Govt  Higher  Secondary  School  East  New Building  South  Portion  Karungulam.,"1.Karungulam  (R.V)  And  (P)  Matha  Kovil  Keela  Street  Block  5  , 2.Karungulam  (R.V)  And  (P)  Matha  Kovil  Street  Block  5  ,  3.Karungulam
(R.V)  And  (P)  Matha  Kovil  Middle  Street  Block  5  ,  4.Karungulam  (R.V)  And
(P)  Matha  Kovil  Mela  Street  Block  5  ,  5.Karungulam  (R.V)  And  (P) Vinaitheertha  vinayagar  Kovil  Street  Block  6  ,  6.Karungulam  (R.V)  And  (P) Vandimalatchiamman  Kovil  Street  Block  6  ,  7.Karungulam  (R.V)  And  (P) Mosathaikka  Street  Block  6  ,  8.Karungulam  (R.V)  And  (P)  Nanguneri  Main Road  Block  6  ,  9.Karungulam  (R.V)  And  (P)  Appa  Nayagam  Street  Block  6
,  999.OVERSEAS  ELECTORS",All  Voters,65,53,226,145,0,1,0,0,44,1,1,0,1,1,0,538,0,1,539,0,12.0817843866171,9.851301115241636,42.00743494423792,26.95167286245353,0.0,0.1858736059479554,0.0,0.0,8.178438661710038,0.1858736059479554,0.1858736059479554,All India Anna Dravida Munnetra Kazhagam,226,145,81,Tamilaga Vettri Kazhagam,4,3,11,6,1,11,6,2,11,6,5,11,6,6,11,15.05576208178439,2
11,Karungulam,Govt  Hr  Sec  School  North  Building  West  Side Karungulam,"1.Karungulam  (R.V)  And  (P)  C.M.S  South  Street  Block  7  ,  2.Karungulam (R.V)  And  (P)  Bharathiyar  Street  Block  8  ,  3.Karungulam  (R.V)  And  (P)
C.M.S  North  Street  7  ,  4.Karungulam  (R.V)  And  (P)  C.M.S  Middle  Street  7
,  5.Karungulam  (R.V)  And  (P)  Bharathiyar  Street  7  ,  6.Karungulam  (R.V) And  (P)  Panchayat  Road  Street  7  ,  7.Karungulam  (R.V)  And  (P)  Selvin
Street  Block  8  ,  8.Karungulam  (R.V)  And  (P)  Nangunari  Road  Block  8  , 9.Karungulam  (R.V)  And  (P)  Kamaraj  Street  Block  8  ,  10.Karungulam
(R.V)  And  (P)  Indira  Colony  Block  8  ,  999.OVERSEAS  ELECTORS",All  Voters,215,100,204,320,1,0,0,0,3,31,0,2,1,0,0,877,0,7,884,0,24.51539338654504,11.40250855188141,23.26111744583809,36.48802736602052,0.1140250855188141,0.0,0.0,0.0,0.3420752565564424,3.534777651083238,0.0,Tamilaga Vettri Kazhagam,320,215,105,Indian National Congress,4,2,8,10,3,10,10,1,10,5,6,7,8,10,10,11.97263397947548,3
12,Puliankulam,"Adi  Dravidar  Welfare  Primary  School,  New Building  East  Portion,  Puliangkulam","1.Karungulam  (R.V)  And  (p)  Kalasamy  kovil  street  block  9  ,
2.Karungulam(R.V)  And  (P)  Mutharamman  Kovil  Street  Block  9  , 3.Karungulam  (R.V)  And  (P)  West  Street  Block  9  ,  4.Karungulam  (R.V) And  (P)  Pandiyan  Street  Block  9  ,  5.Karungulam  (R.V)  And  (P)  Padasalai Street  Block  9  ,  6.Karungkulam  (R.V)  And  (P)  Indra  Colony  Block  9  , 7.Karungkulam  (R.V)  And  (P)  Panjali  Amman  Kovil  Street  Block  10  , 8.Karungulam  (R.V)  And  (P)  Ramasamy  Kovil  Street  Puliyangkulam  Block 10  ,  999.OVERSEAS  ELECTORS",All  Voters,142,59,154,379,5,1,1,0,2,74,2,0,1,2,1,823,0,3,826,0,17.2539489671932,7.168894289185905,18.71202916160389,46.05103280680438,0.6075334143377886,0.1215066828675577,0.1215066828675577,0.0,0.2430133657351154,8.99149453219927,0.2430133657351154,Tamilaga Vettri Kazhagam,379,154,225,All India Anna Dravida Munnetra Kazhagam,5,3,6,10,2,10,7,1,14,4,7,14,10,7,10,27.33900364520049,4
13,Thathankulam,"TNDTA  Middle  School,  CSI  Church  complex South  side  west  corner  facing  north, Thathankulam.","1.Karungulam  (R.V),  Thathenkulam  (P)  Pallivasal  Street  Block  1  , 2.Karungulam  (R.V),  Thathenkulam  (P)  Pallivasal  South  Street  Block  2  , 3.Karungulam  (R.V),  Thathenkulam  (P)  Annamalai  Street  Block  3  , 4.Karungulam  (R.V),  Thathenkulam  (P)  Vinayagar  Kovil  Street  Block  4  , 5.Karungulam  (R.V),  And  Thathenkulam  (P)  Pallivasal  South  Street  Block 1  ,  6.Karungulam  (R.V),  And  Thathenkulam  (P)  Annamalai  North  Street Block  2  ,  7.Karungulam  (R.V),  Thathenkulam  (P)  Kadasakudi  Street  Block 2  ,  8.Karungulam  (R.V),  Thathenkulam  (P)  Kallavandan  Kovil  Street  Block 2  ,  9.Karungulam  (R.V),  Thathenkulam  (P)  C.M.S  Kovil  Street  Block  2  , 10.Karungalam  (R.V),  Thathenkulam  (P)  Sekkadi  Street  Block  2  , 11.Karungalum  (R.V),  Thathenkulam  (P)  Vinayagar  Kovil  Street  Block  2  , 12.Karungulam  (R.V),  Thathenkulam  (P)  Bharathiyar  Street  Block  2  , 13.Karungulam  (R.V),  Thathenkulam  (P)  Vadamalai  Vinayagar  Kovil
Street  Block  4  ,  14.Karungulam  (R.V),  Thathenkulam  (P)  R.C.Kovil  Street
Block  2  ,  999.OVERSEAS  ELECTORS",All  Voters,150,71,181,171,1,0,1,0,26,0,0,0,0,1,1,603,0,1,604,0,24.87562189054727,11.77446102819237,30.01658374792703,28.35820895522388,0.1658374792703151,0.0,0.1658374792703151,0.0,4.311774461028192,0.0,0.0,All India Anna Dravida Munnetra Kazhagam,181,171,10,Tamilaga Vettri Kazhagam,4,3,6,10,1,6,10,2,10,10,5,10,10,6,6,1.658374792703151,2
14,Therukkukaracherr y,Panchayat  Union  Primary  School  North  Side Therku  Karaseri,"1.Therukkukaracherry  (R.V)  And  (P)  Marawar  Street  Block  1  , 999.OVERSEAS  ELECTORS",All  Voters,28,26,355,109,0,0,0,0,21,0,0,0,1,0,0,540,0,1,541,0,5.185185185185185,4.814814814814815,65.74074074074075,20.18518518518519,0.0,0.0,0.0,0.0,3.888888888888889,0.0,0.0,All India Anna Dravida Munnetra Kazhagam,355,109,246,Tamilaga Vettri Kazhagam,4,3,7,7,1,7,7,2,7,7,5,7,6,7,7,45.55555555555556,1
15,Kilakulam,"Library  Building  Facing  south,  Kilakulam","1.Karungkulam  (R.V)  And  (P)  Perumal  Kovil  Street  Kilakulam  Block  10  , 2.Karungkulam  (R.V.)  And  (P)  Perumal  Kovil  West  Street  Block  10  , 3.Therukkukaracherry  (R.V)  And  (P)  Ambhedkar  Nagar  Block  2  , 4.Therkkukaracherry  (R.V)  And  (P)  Kilakulam  Block  2  , 5.Therkkukaracherry  (R.V)  And  (P)  Gurukkalkottai  Block  2  , 999.OVERSEAS  ELECTORS",All  Voters,99,99,267,135,0,2,1,0,1,1,0,0,1,1,0,607,0,1,608,0,16.30971993410214,16.30971993410214,43.98682042833607,22.24052718286656,0.0,0.3294892915980231,0.1647446457990115,0.0,0.1647446457990115,0.1647446457990115,0.0,All India Anna Dravida Munnetra Kazhagam,267,135,132,Tamilaga Vettri Kazhagam,3,3,11,5,1,6,11,2,11,6,6,11,6,6,11,21.74629324546952,2
16,Melaseriyanthur,Panchayat  Union  Middle  School  S.  S.  A. North  Building  West  Portion  Melaseriyanthur,"1.Serakulam  (R.V)  And  (p)  Melasriyanthur  vedakovil  street  block  7  , 2.Serakulam  (R.V)  And  (P)  Melasriyanthur  South  Street  Block  7  , 3.Serakulam  (R.V)  And  (P)  Melasriyanthur  North  Street  Block  7  , 4.Serakulam  (R.V)  And  (P)  Magilchipuram  Vedakovil  Street  Block  8  , 5.Serakulam  (R.V)  And  (P)  Magilchipuram  North  Street  Block  8  , 6.Serakulam  (R.V)  And  (P)  Magilchipuram  South  Street  Block  8  , 7.Serakulam  (R.V)  And  (P)  Lakshmi  Narayanapuram  Block  9  , 999.OVERSEAS  ELECTORS",All  Voters,140,60,182,175,1,0,0,0,34,0,1,1,0,0,1,595,0,2,597,0,23.52941176470588,10.08403361344538,30.58823529411765,29.41176470588236,0.1680672268907563,0.0,0.0,0.0,5.714285714285714,0.0,0.1680672268907563,All India Anna Dravida Munnetra Kazhagam,182,175,7,Tamilaga Vettri Kazhagam,4,3,6,10,1,10,6,2,10,10,5,6,10,10,6,1.176470588235294,2
17,Serakulam,Panchayat  Union  Primary  School  South Building  East  Side  Serakulam,"1.Serakulam  (R.V)  And  (p)  Serakulam  pillaiyar  kovil  street  block  1  , 2.Serakulam  (R.V)  And  (P)  Pillaiyar  Kovil  Street  Block  2  ,  3.Serakulam (R.V)  And  (P)  Subramaniapuram  Block  3  ,  4.Sharakulam  (R.V)  And  (P)
Sharakulam  South  Street  Block  1  ,  5.Sharakulam  (R.V)  And  (P)  Amman Kovil  West  Street  Block  1  ,  6.Sharakulam  (R.V)  And  (P)  Amman  Kovil  East Street  Block  2  ,  7.Sharakulam  (R.V)  And  (P)  Vembadi  Street  Block  2  ,
999.OVERSEAS  ELECTORS",All  Voters,77,87,202,210,1,6,0,0,36,0,0,4,2,0,2,627,0,3,630,0,12.28070175438596,13.8755980861244,32.21690590111643,33.49282296650718,0.1594896331738437,0.9569377990430622,0.0,0.0,5.741626794258373,0.0,0.0,Tamilaga Vettri Kazhagam,210,202,8,All India Anna Dravida Munnetra Kazhagam,3,4,10,6,2,11,11,1,11,11,5,7,8,11,8,1.27591706539075,8
18,Serakulam,Panchayat  Union  Primary  School  South Building  West  Side  Serakulam,"1.Serakulam  (R.V)  And  (p)  Eluppaikulam  block  4  ,  2.Serakulam  (R.V)  And
(P)  Chinarkulam  Block  5  ,  3.Serakulam  (R.V)  And  (P)  Vettikkulam  Block  6
,  4.Serakulam  (R.V)  And  (P)  Theeratthikulam  Block  6  ,  999.OVERSEAS ELECTORS",All  Voters,99,150,259,260,1,0,0,0,2,1,1,2,7,1,7,790,0,2,792,0,12.53164556962025,18.9873417721519,32.78481012658228,32.91139240506329,0.1265822784810127,0.0,0.0,0.0,0.2531645569620253,0.1265822784810127,0.1265822784810127,Tamilaga Vettri Kazhagam,260,259,1,All India Anna Dravida Munnetra Kazhagam,3,4,9,13,2,13,9,1,13,9,7,7,5,9,5,0.1265822784810127,17
19,Ramanujampudur,"Panchayat  Union  Primary  School,  South West  Building,  Ramanujampudur","1..Serakulam  (R.V)  Ramanujampudur  (p)  Perumalkovilstreet  block  1  , 2.Serakulam  (R.V)  Ramanujampudur  (P)  North  Street  Block  2, 999.OVERSEAS  ELECTORS",All  Voters,57,42,208,78,1,0,0,0,3,1,0,0,4,0,0,394,0,5,399,0,14.46700507614213,10.65989847715736,52.79187817258884,19.79695431472081,0.2538071065989848,0.0,0.0,0.0,0.7614213197969544,0.2538071065989848,0.0,All India Anna Dravida Munnetra Kazhagam,208,78,130,Tamilaga Vettri Kazhagam,4,3,7,9,1,9,9,2,9,7,6,9,5,9,9,32.99492385786802,4
20,Ramanujampudur,"Panchayat  Union  Primary  School  East
Building,  West  Facing  Ramanujampudhur","1.Serakulam  (R.V)  Ramanujampudur  (P)  Ammankovilstreet  Block  3  , 2.Serakulam  (R.V)  Ramanujampudur  (P)  Bankstreet  Block  4  , 3.Serakulam  (R.V)  Ramanujampudur  (P)  Inthiranagar  Block  5  , 999.OVERSEAS  ELECTORS",All  Voters,71,57,226,101,0,0,1,0,6,0,0,1,0,0,0,463,0,2,465,0,15.33477321814255,12.3110151187905,48.81209503239741,21.81425485961123,0.0,0.0,0.2159827213822894,0.0,1.295896328293737,0.0,0.0,All India Anna Dravida Munnetra Kazhagam,226,101,125,Tamilaga Vettri Kazhagam,4,3,8,8,1,6,8,2,8,8,5,6,8,8,8,26.99784017278618,1
21,Vallakulam,Govt  Primary  School  Vallakulam,"1.Vallakulam(R.V)  And  (p)  Pillaimar  Street  Block  1  ,  2.Vallakulam  (R.V) And  (P)  Maraver  Street  ,  3.Vallakulam  (R.V)  And  (P)  Ambathkar  Street Block  1  ,  4.Vallakulam  (R.V)  And  (P)  Valluvar  Nagar  Block  1  , 999.OVERSEAS  ELECTORS",All  Voters,53,20,118,82,1,1,0,0,16,0,1,2,0,0,0,294,0,0,294,0,18.02721088435374,6.802721088435375,40.1360544217687,27.89115646258503,0.3401360544217687,0.3401360544217687,0.0,0.0,5.442176870748299,0.0,0.3401360544217687,All India Anna Dravida Munnetra Kazhagam,118,82,36,Tamilaga Vettri Kazhagam,4,3,7,7,1,10,7,2,10,10,5,6,10,10,10,12.24489795918367,2
22,Araserkulam,"Panchayat  Union  Primary  School  South Portion,  Araserkulam","1.Vallakulam  (R.V)  And  (p)  Arasarkulam  block  2  ,  2.Vallakulam  (R.V)  And
(P)  Arasarkulam  Block  3  ,  3.Vallakulam  (R.V)  And  (P)  Pudukulam  Nadar Street  Block  4  ,  4.Vallakulam  (R.V)  And  (P)  Pudukulam  Arisanacolony
Street  Block  4  ,  5.Vallakulam  (R.V)  And  (P)  Mallal  Block  4  ,
999.OVERSEAS  ELECTORS",All  Voters,193,107,312,228,2,0,1,0,0,13,2,0,2,2,2,864,0,4,868,0,22.33796296296296,12.38425925925926,36.11111111111111,26.38888888888889,0.2314814814814815,0.0,0.1157407407407407,0.0,0.0,1.50462962962963,0.2314814814814815,All India Anna Dravida Munnetra Kazhagam,312,228,84,Tamilaga Vettri Kazhagam,4,3,6,12,1,11,6,2,12,5,12,12,6,6,6,9.722222222222223,6
23,Ariyanayagipuram,"T.N.D.T.A  Primary  School, Ariyanayagipuram.","1.Vallakulam  (R.V)  And  (p)  Manalvilai  block  5  ,  2.Vallakulam  (R.V)  And  (P) Udayaneri  Block  5  ,  3.Vallakulam  (R.V)  And  (P)  Ariyanayakeepuram  block 6  ,  4.VallaKulam  (R.V)  And  (P)  Arriayanayakipuram  Block  7  , 999.OVERSEAS  ELECTORS",All  Voters,143,124,277,207,2,1,1,1,10,5,1,1,1,1,3,778,0,2,780,0,18.38046272493573,15.93830334190231,35.60411311053985,26.60668380462725,0.2570694087403599,0.1285347043701799,0.1285347043701799,0.1285347043701799,1.2853470437018,0.6426735218508998,0.1285347043701799,All India Anna Dravida Munnetra Kazhagam,277,207,70,Tamilaga Vettri Kazhagam,4,3,8,9,1,9,9,2,9,6,5,9,9,9,7,8.997429305912597,6
24,Kalvai,"Panchayat  union  Primary  School,  South Building  Kalvai.","1.Kalvai  (R.V)  And  (p)  Kalvai  AmmankoilStreet  Block  4  ,  2.Kalvai  (R.V) And  (P)  Kalvai  School  Street  Block  4  ,  3.Kalvai  (R.V)  And  (P)  Kalvai  kasbha naickkankulam  colony  Block  5  ,  999.OVERSEAS  ELECTORS",All  Voters,62,21,202,152,1,2,1,0,168,1,0,1,2,1,2,616,0,3,619,0,10.06493506493507,3.409090909090909,32.7922077922078,24.67532467532467,0.1623376623376623,0.3246753246753247,0.1623376623376623,0.0,27.27272727272727,0.1623376623376623,0.0,All India Anna Dravida Munnetra Kazhagam,202,168,34,All India Forward Bloc,5,4,9,6,1,9,14,3,14,9,2,9,6,9,6,5.51948051948052,6
25,Thiruvarangapatti,T.  N.  D.  T.  A.  Primary  School Thiruvarangapatti.,"1.Kalvai  (R.V)  And  (P)  Thiruvarankampatti  Block  6  ,  999.OVERSEAS ELECTORS",All  Voters,103,38,120,77,0,0,0,0,13,0,0,0,1,0,0,352,0,2,354,0,29.26136363636364,10.79545454545454,34.09090909090909,21.875,0.0,0.0,0.0,0.0,3.693181818181818,0.0,0.0,All India Anna Dravida Munnetra Kazhagam,120,103,17,Indian National Congress,4,2,7,7,1,7,7,3,7,7,5,7,6,7,7,4.829545454545454,1
26,Kalvai,Panchayat  Union  Primary  School  West Building  Kalvai,"1.Kalvai  (R.V)  And  (p)  Agraharam  block  1  ,  2.Kalvai  (R.V)  And  (P) Muthukrishnapuram  Block  1  ,  3.Kalvai  (R.V)  And  (P)  Mathakovil  Street Block  1  ,  999.OVERSEAS  ELECTORS",All  Voters,55,17,151,196,1,0,2,2,147,3,1,0,1,0,3,579,0,3,582,0,9.499136442141623,2.936096718480138,26.07944732297064,33.85146804835924,0.1727115716753022,0.0,0.3454231433506045,0.3454231433506045,25.38860103626943,0.5181347150259068,0.1727115716753022,Tamilaga Vettri Kazhagam,196,151,45,All India Anna Dravida Munnetra Kazhagam,5,4,10,13,2,8,10,1,8,6,3,13,10,13,6,7.772020725388601,4
27,Kalvai,Panchayat  Union  Primary  School  West Building  North  Side  Facing  East  Kalvai,"1.Kalvai  (R.V)  And  (P)  Sivananaitha  Perumal  Kovil  Block  2  ,  2.Kalvai  (A.V) And  (P)  Matha  Kovil  East  Street  Block  2  ,  3.Kalvai  (A.V)  And  (P)  Pallikkuda Street  Block  2  ,  999.OVERSEAS  ELECTORS",All  Voters,49,35,167,137,1,1,0,1,109,0,0,0,0,0,2,502,0,1,503,0,9.760956175298805,6.97211155378486,33.26693227091634,27.29083665338645,0.199203187250996,0.199203187250996,0.0,0.199203187250996,21.71314741035857,0.0,0.0,All India Anna Dravida Munnetra Kazhagam,167,137,30,Tamilaga Vettri Kazhagam,5,4,7,7,1,10,10,2,7,10,3,10,10,10,6,5.97609561752988,2
28,Vellur  Adichanallur,"T.N.D.T.A  Primary  School,  Vellur Adichanallur","1.Velurathichanallur  (R.V)  And  (P)  North  Street  Block  1  , 2.Velurathichanallur  (R.V)  And  (P)  Colony  South  Street  Block  2  , 999.OVERSEAS  ELECTORS",All  Voters,61,35,177,147,2,0,0,0,20,4,0,0,0,0,0,446,0,1,447,0,13.67713004484305,7.847533632286996,39.68609865470852,32.95964125560538,0.4484304932735426,0.0,0.0,0.0,4.484304932735426,0.8968609865470852,0.0,All India Anna Dravida Munnetra Kazhagam,177,147,30,Tamilaga Vettri Kazhagam,4,3,7,8,1,8,8,2,8,6,5,8,8,8,8,6.726457399103139,0
29,Ponnankurichi,"Panchayat  Union  Middle  School,  East  side south  Facing,  Ponnankurichi","1.Velurathichanallur  (R.V)  And  (P)  Subramaniyapuram  Block  2  , 2.Velurathichanallur  (R.V)  And  (P)  Ponnankurichi  Block  3  , 999.OVERSEAS  ELECTORS",All  Voters,104,32,129,159,3,1,0,0,31,10,1,0,0,1,2,473,0,0,473,0,21.98731501057082,6.765327695560254,27.27272727272727,33.61522198731501,0.6342494714587738,0.2114164904862579,0.0,0.0,6.553911205073996,2.114164904862579,0.2114164904862579,Tamilaga Vettri Kazhagam,159,129,30,All India Anna Dravida Munnetra Kazhagam,4,3,7,9,2,12,9,1,12,6,5,12,12,9,8,6.342494714587738,3
30,Kongarayakurichi,"Govt  Hr.  Sec.  School  South  Side  Building centre  block,  Facing  East   Kongarayakuruchi","1.Kongarayakurichi  (R.V)  And  (P)  Musleem  northstreet,  christen
northstreet  block  3  ,  2.Kongarayakurichi  (R.V)  And  (P)  Christen  Nadar East  Street,  Thevamar  NorthStreet  B  ,  999.OVERSEAS  ELECTORS",All  Voters,334,58,115,129,0,0,0,0,2,1,0,0,0,0,0,639,0,2,641,0,52.26917057902973,9.076682316118937,17.99687010954617,20.18779342723005,0.0,0.0,0.0,0.0,0.3129890453834116,0.1564945226917058,0.0,Indian National Congress,334,129,205,Tamilaga Vettri Kazhagam,4,1,7,7,3,7,7,2,7,6,5,7,7,7,7,32.08137715179969,0
31,Kongarayakurichi,"Govt  Hr.Sec.School,  Middle  Block,  Facing North  Kongarayakuruchi","1.Kongarayakurichi  (R.V)  And  (P)  Musleem  North  Street,  Musleem  South Street  Block  1  ,  2.Kongarayakurichi  (R.V)  And  (P)  Musleem  south  Street Block  2  ,  999.OVERSEAS  ELECTORS",All  Voters,458,8,16,55,0,0,0,0,0,0,2,0,0,0,0,539,0,3,542,0,84.97217068645641,1.484230055658627,2.968460111317254,10.20408163265306,0.0,0.0,0.0,0.0,0.0,0.0,0.3710575139146568,Indian National Congress,458,55,403,Tamilaga Vettri Kazhagam,4,1,6,6,3,6,5,2,6,6,6,6,6,6,6,74.76808905380335,0
32,Kongarayakurichi,"Govt  Hr.,  Sec.,  School,  Perarignar  Anna Centenary  Memorial  Building,  (Facing  West) Kongarayakuruchi","1.Kongarayakurichi  (R.V)  And  (P)  Thevamar  north  street,  thevamar  center street  bloc  ,  2.Kongarayakurichi  (R.V)  And  (P)  Thevamar  KeelaStreet,East colony  Block  7  ,  3.Alwarkarkulam  (R.V)  And  (P)  Tiruchendur  Colony House  No.135  to  185  Block  4  ,  999.OVERSEAS  ELECTORS",All  Voters,104,32,203,146,1,1,0,0,6,11,0,0,1,0,1,506,0,1,507,0,20.55335968379447,6.324110671936759,40.11857707509881,28.85375494071146,0.1976284584980237,0.1976284584980237,0.0,0.0,1.185770750988142,2.173913043478261,0.0,All India Anna Dravida Munnetra Kazhagam,203,146,57,Tamilaga Vettri Kazhagam,4,3,7,7,1,11,11,2,11,5,6,11,7,11,7,11.26482213438735,2
33,Kongarayakurichi,"Govt  Higher  Secondary  School,  South  New Building,  Facing  North,  Kongarayakuruchi","1.Kongarayakurichi  (R.V)  And  (P)  Thevamar  MelaStreet,  PudumanaiStreet Block  6  ,  999.OVERSEAS  ELECTORS",All  Voters,114,64,163,134,2,0,0,1,10,0,0,0,0,1,0,489,0,4,493,0,23.31288343558282,13.0879345603272,33.33333333333333,27.40286298568507,0.408997955010225,0.0,0.0,0.2044989775051125,2.044989775051125,0.0,0.0,All India Anna Dravida Munnetra Kazhagam,163,134,29,Tamilaga Vettri Kazhagam,4,3,6,9,1,9,9,2,7,9,5,9,9,7,9,5.930470347648262,1
34,Arampannai,Panchayat  Union  Middle  School  New Building  (North  Side  )  Arampannai,"1.Arampannai  (R.V)  And  (P)  Colony  street  block  1  ,  2.Arampannai  (R.V) And  (P)  Musleem  Nort  Street  Block  2  ,  999.OVERSEAS  ELECTORS",All  Voters,429,32,69,50,0,0,1,0,2,0,0,0,2,0,0,585,0,5,590,0,73.33333333333333,5.47008547008547,11.79487179487179,8.547008547008547,0.0,0.0,0.1709401709401709,0.0,0.3418803418803419,0.0,0.0,Indian National Congress,429,69,360,All India Anna Dravida Munnetra Kazhagam,4,1,8,8,2,7,8,3,8,8,5,8,5,8,8,61.53846153846154,2
35,Arampannai,"Village  service  centre  Facing  North, Arampannai.","1.Arampannai  (R.V)  And  (P)  Nadar  Street  Block  5  ,  2.Arampannai  (R.V) And  (P)  Arabath  Nagar  Block  5  ,  999.OVERSEAS  ELECTORS",All  Voters,394,68,169,130,0,0,0,0,1,3,0,0,0,1,1,767,0,3,770,0,51.36897001303781,8.865710560625816,22.03389830508474,16.94915254237288,0.0,0.0,0.0,0.0,0.1303780964797914,0.3911342894393742,0.0,Indian National Congress,394,169,225,All India Anna Dravida Munnetra Kazhagam,4,1,9,9,2,9,9,3,9,5,6,9,9,6,6,29.33507170795306,2
36,Arampannai,Panchayat  Union  Midle  School  New  Building South  Portion  Arampannai,"1.Arampannai  (R.V)  And  (P)  Musleem  Natustreet  Block3  ,  2.Arampannai (R.V)  And  (P)  South  Street  ,  999.OVERSEAS  ELECTORS",All  Voters,420,23,39,62,0,1,1,0,1,0,0,1,1,0,1,550,0,0,550,0,76.36363636363637,4.181818181818182,7.090909090909091,11.27272727272727,0.0,0.1818181818181818,0.1818181818181818,0.0,0.1818181818181818,0.0,0.0,Indian National Congress,420,62,358,Tamilaga Vettri Kazhagam,4,1,11,5,3,5,11,2,11,11,5,5,5,11,5,65.0909090909091,3
37,Alwarkarkulam,T.  N.  D.  T.  A.  Middle  School  South  Building Alwarkartkulam,"1.Alwarkarkulam  (R.V)  And  (P)  Allwarkarkulam  West  Street  Block  1  , 2.Alwarkarkulam  (R.V)  And  (P)  Allwarkarkulam  KeelaStreet  Block  2  , 3.Alwarkarkulam  (R.V)  And  (P)  North  Street,MainStreet,Middle Street,Block  4  ,  999.OVERSEAS  ELECTORS",All  Voters,120,40,229,145,0,1,0,0,41,10,0,1,3,2,0,592,0,4,596,0,20.27027027027027,6.756756756756757,38.68243243243244,24.49324324324324,0.0,0.1689189189189189,0.0,0.0,6.925675675675675,1.689189189189189,0.0,All India Anna Dravida Munnetra Kazhagam,229,145,84,Tamilaga Vettri Kazhagam,5,3,11,9,1,11,11,2,11,6,4,9,7,8,11,14.18918918918919,6
38,Alwarkarkulam,Panchayat  Office  Building  Alwarkarkulam,"1.Alwarkarkulam  (R.V)  And  (P)  Church  Street  Block  3  ,  2.Alwarkarkulam (R.V)  And  (P)  Nadar  Street  Block3  ,  3.Alwarkarkulam  (R.V)  And  (P)  South Street  Block3  ,  4.Alwarkarkulam  (R.V)  And  (P)  ParumbhuStreet  Block3  , 5.Alwarkarkulam  (R.V)  And  (P)  Middle  Street  Block3  ,  6.Alwarkarkulam
(R.V)  And  (P)  MainRoad  Block3  ,  7.Alwarkarkulam  (R.V)  And  (P)  Colony
Street  Block3  ,  999.OVERSEAS  ELECTORS",All  Voters,90,50,284,130,1,0,0,0,2,18,0,0,0,1,0,576,0,4,580,0,15.625,8.680555555555555,49.30555555555556,22.56944444444445,0.1736111111111111,0.0,0.0,0.0,0.3472222222222222,3.125,0.0,All India Anna Dravida Munnetra Kazhagam,284,130,154,Tamilaga Vettri Kazhagam,4,3,7,9,1,9,9,2,9,5,6,9,9,7,9,26.73611111111111,1
39,Tholappanpannai,"Panchayat  Union  Primary  School,  South Side  Building  Facing  East,
Tholappanpannai.","1.Tholappanpannai  (R.V)  And  (P)  South  street  block  1  , 2.Tholappanpannai  (R.V)  And  (P)  Middle  Street  Block  1  , 3.Tholappanpannai  (R.V)  And  (P)  West  Street  Block  1  ,
4.Tholappanpannai  (R.V)  And  (P)  North  Street  Block  2  ,  999.OVERSEAS
ELECTORS",All  Voters,62,21,268,192,2,0,0,1,56,0,0,0,0,0,1,603,0,0,603,0,10.28192371475954,3.482587064676617,44.44444444444444,31.8407960199005,0.3316749585406302,0.0,0.0,0.1658374792703151,9.286898839137644,0.0,0.0,All India Anna Dravida Munnetra Kazhagam,268,192,76,Tamilaga Vettri Kazhagam,5,3,6,9,1,9,9,2,7,9,4,9,9,9,7,12.60364842454395,1
40,Tholappanpannai,"Panchayat  Union  Primary  School,  North Side  Building  Facing  East,
Tholappanpannai.","1.Tholappanpannai  (R.V)  And  (P)  East  Street  Block  2  ,  2.Tholappanpannai (R.V)  And  (P)  Esakkiamman  Kovil  Street  Block  2  ,  3.Tholappanpannai
(R.V)  And  (P)  East  Street  Block  3  ,  4.Tholappanpannai  (R.V)  And  (P)
Senthilampannai  Colony  Block  3  ,  5.Tholappanpannai  (R.V)  And  (P)  South Tholappanpannai  Block  3  ,  999.OVERSEAS  ELECTORS",All  Voters,58,20,215,133,0,0,0,0,32,14,0,0,1,0,1,474,0,0,474,0,12.23628691983122,4.219409282700422,45.35864978902953,28.05907172995781,0.0,0.0,0.0,0.0,6.751054852320674,2.953586497890295,0.0,All India Anna Dravida Munnetra Kazhagam,215,133,82,Tamilaga Vettri Kazhagam,5,3,9,9,1,9,9,2,9,6,4,9,7,9,7,17.29957805907173,2
41,Pathmanaba mangalam,Panchayat  Union  Middle  School  New building  North  portion Padmanapamangalam.,"1.Pathmanabamangalam  (R.V)  And  (P)  Mottaimadan,Isavankulam  colony Block  2  ,  2.Pathmanabamangalam  (R.V)  And  (P)  Esavankulam  Naduoour Block  2  ,  3.Pathmanabamangalam  (R.V)  And  (P)  Esavankulam  Meluoor Block  2  ,  4.Padmanabamangalam  (R.V)  And  (P)  ThevamarStreet  Block3  , 999.OVERSEAS  ELECTORS",All  Voters,88,51,398,259,3,0,0,1,7,6,0,1,0,4,0,818,0,0,818,0,10.75794621026895,6.234718826405868,48.65525672371638,31.66259168704156,0.3667481662591687,0.0,0.0,0.1222493887530562,0.8557457212713936,0.7334963325183375,0.0,All India Anna Dravida Munnetra Kazhagam,398,259,139,Tamilaga Vettri Kazhagam,4,3,8,11,1,11,11,2,9,6,5,9,11,7,11,16.99266503667482,5
42,Pathmanaba mangalam,Panchayat  Union  Middle  School  New building  Middle  portion Padmanapamangalam.,"1.Padmanabamangalam  (R.V)  And  (P)  Yadavar  Street  Block  4  , 2.Tholappanpannai  (R.V),  Padmanabamangalam  (P)
Melaparambu,Ponangalpuram,Senthilampannai  ,  999.OVERSEAS
ELECTORS",All  Voters,83,29,322,233,0,2,0,1,33,6,0,0,2,0,1,712,0,1,713,0,11.65730337078652,4.073033707865169,45.2247191011236,32.7247191011236,0.0,0.2808988764044944,0.0,0.1404494382022472,4.634831460674158,0.8426966292134831,0.0,All India Anna Dravida Munnetra Kazhagam,322,233,89,Tamilaga Vettri Kazhagam,5,3,11,7,1,11,11,2,9,6,4,11,7,11,9,12.5,3
43,Petmanagaram,M.  K.High  School  West  Wing  South  Portion Petmanagaram,"1.Srimoolakarai  (R.V)  And  (P)  Keel  vadakku  street  Block  4  ,
2.Srimoolakarai  (R.V)  And  (P)  Keelanadustreet  Block  4  ,  3.Srimoolakarai (R.V)  And  (P)  Muthusamyapuram  Block  4  ,  4.Srimoolakarai  (R.V)  And  (P) KeelaSouth  Street  Block4  ,  999.OVERSEAS  ELECTORS",All  Voters,465,20,127,81,1,0,0,0,5,1,0,0,0,0,0,700,0,1,701,0,66.42857142857143,2.857142857142857,18.14285714285714,11.57142857142857,0.1428571428571428,0.0,0.0,0.0,0.7142857142857143,0.1428571428571428,0.0,Indian National Congress,465,127,338,All India Anna Dravida Munnetra Kazhagam,4,1,6,8,2,8,8,3,8,6,5,8,8,8,8,48.28571428571428,0
44,Petmanagaram,M.  K.High  School  North  Portion  West Building  Facing  East  Petmanagaram,"1.Srimoolakarai  (R.V)  And  (P)  MeeraniyaStreet  Block  2  ,  2.Srimoolakarai (R.V)  And  (P)  MelaNorth  Street  Block  2  ,  3.Srimoolakarai  (R.V)  And  (P)
Mela  Nadutheru  Block3  ,  4.Srimoolakarai  (R.V)  And  (P)  Mela  South  Street
Block  3  ,  999.OVERSEAS  ELECTORS",All  Voters,533,26,18,95,0,1,0,0,6,1,0,0,0,0,0,680,0,4,684,0,78.38235294117646,3.823529411764706,2.647058823529412,13.97058823529412,0.0,0.1470588235294118,0.0,0.0,0.8823529411764706,0.1470588235294118,0.0,Indian National Congress,533,95,438,Tamilaga Vettri Kazhagam,3,1,8,6,4,8,8,2,8,6,5,8,8,8,8,64.41176470588236,0
45,Petmanagaram,M.  K.  High  School  South  Side  East  Portion Petmanagaram,"1.Srimoolakarai  (R.V)  And  (P)  West  Puliyankulam  Block  1  ,
2.Srimoolakarai  (R.V)  And  (P)  Amaniya  nagar  Block  1  ,  999.OVERSEAS ELECTORS",All  Voters,168,21,68,84,0,0,0,0,2,6,0,1,0,1,1,352,0,0,352,0,47.72727272727273,5.965909090909091,19.31818181818182,23.86363636363636,0.0,0.0,0.0,0.0,0.5681818181818182,1.704545454545454,0.0,Indian National Congress,168,84,84,Tamilaga Vettri Kazhagam,4,1,10,10,3,10,10,2,10,5,6,7,10,7,7,23.86363636363636,3
46,Sri  moolakarai,"Hindu  Adidravidar  Primary  School, Srimoolakarai","1.Srimoolakarai  (R.V)  And  (P)  Srimoolakarai  East  Block  5  ,
2.Srimoolakarai  (R.V)  And  (P)  Srimoolakarai  Middle  Block  5  , 3.Srimoolakarai  (R.V)  And  (P)  Srimoolakarai  West  Block  5  , 999.OVERSEAS  ELECTORS",All  Voters,220,79,284,249,3,0,0,2,3,33,1,1,3,0,3,881,0,0,881,0,24.97162315550511,8.967082860385926,32.2360953461975,28.2633371169126,0.340522133938706,0.0,0.0,0.2270147559591373,0.340522133938706,3.745743473325766,0.1135073779795687,All India Anna Dravida Munnetra Kazhagam,284,249,35,Tamilaga Vettri Kazhagam,4,3,6,13,1,13,11,2,10,5,6,11,6,13,6,3.972758229284903,7
47,Mullanvilai,"ICDS  Building  South  Portion  East  Side, Mullanvilai.","1.Nattathi  (R.V)  And  (P)  Kumarapuram,  mullanvilai  block  1  , 999.OVERSEAS  ELECTORS",All  Voters,163,84,115,97,0,0,0,0,1,0,0,0,0,0,0,460,0,1,461,0,35.43478260869566,18.26086956521739,25.0,21.08695652173913,0.0,0.0,0.0,0.0,0.2173913043478261,0.0,0.0,Indian National Congress,163,115,48,All India Anna Dravida Munnetra Kazhagam,4,1,6,6,2,6,6,3,6,6,5,6,6,6,6,10.43478260869565,0
48,Selvamaninagar,"Govt  Community  Hall,  West  Portion, Selvamaninagar.","1.Nattathi  (R.V)  And  (P)  complite  Mullanvilai,Ammanpuram,  pattandivilai, Neelamaniap  ,  999.OVERSEAS  ELECTORS",All  Voters,110,62,253,258,2,2,0,0,0,1,0,0,0,2,0,690,0,3,693,0,15.94202898550724,8.985507246376812,36.66666666666666,37.39130434782609,0.2898550724637681,0.2898550724637681,0.0,0.0,0.0,0.1449275362318841,0.0,Tamilaga Vettri Kazhagam,258,253,5,All India Anna Dravida Munnetra Kazhagam,4,3,5,5,2,9,9,1,9,8,9,9,9,5,9,0.7246376811594203,2
49,Nattathi,Nattatthi  Jamindhar  Vaikunda Thiruvaluthinadar  Memorial  Sangam Nattatthi,"1.Nattathi  (R.V)  And  (P)  Chinnanattathi  block  3  ,  2.Nattathi  (R.V)  And  (P) Kannadianvilai  Block  4  ,  3.Nattathi  (R.V)  And  (P)  Kombukaranpottal  Block 5  ,  4.Nattathi  (R.V)  And  (P)  Nattathi  Block  6  ,  5.Nattathi  (R.V)  And  (P) Vaikundapuram  Block  3  ,  999.OVERSEAS  ELECTORS",All  Voters,226,67,381,316,1,0,1,0,1,4,0,1,1,1,0,1000,0,2,1002,0,22.6,6.7,38.1,31.6,0.1,0.0,0.1,0.0,0.1,0.4,0.0,All India Anna Dravida Munnetra Kazhagam,381,316,65,Tamilaga Vettri Kazhagam,4,3,6,12,1,6,12,2,12,5,6,6,6,6,12,6.5,3
50,Valasakkaranvillai,T.  N.  D.  T.  A.  Primary  School Valasakkaranvillai,"1.Thirupanichettikulam  (R.V)  And  (P)  complete  Subramaniapuram, chettikulam,  ramasamypuram  block  ,  2.Thirupanichettikulam  (R.V)  And
(P)  Complete  Valasakaranvilai,  Kothalakrivilai,  Block  2  ,  999.OVERSEAS
ELECTORS",All  Voters,122,72,231,168,0,0,1,0,0,0,0,0,2,0,1,597,0,1,598,0,20.43551088777219,12.06030150753769,38.69346733668342,28.14070351758794,0.0,0.0,0.1675041876046901,0.0,0.0,0.0,0.0,All India Anna Dravida Munnetra Kazhagam,231,168,63,Tamilaga Vettri Kazhagam,4,3,8,8,1,6,8,2,8,8,8,8,5,8,6,10.55276381909548,3
51,Subramaniapuram,"T.  N.  D.  T.  A.  Primary  School,  South
Portion  North  Building,  Subramaniapuram","1.Sawyerpuram  (SGTP)  Pudunainarpuram  1  ward  9  ,  2.Sawyerpuram (SGTP)  Chettiar  Street  2  Ward  9  ,  3.Sawyerpuram  (SGTP)  ManiStreet  3 Ward  9  ,  4.Sawyerpuram  (SGTP)  UoorkavalanStreet  4  Ward  9  ,
5.Sawyerpuram  (SGTP)  PrasathStreet  5  Ward  9  ,  6.Sawyerpuram  (SGTP) SavierStreet  6  Ward  9  ,  7.Sawyerpuram  (SGTP)  Pathinathar  Street7  Ward 9  ,  8.Sawyerpuram  (SGTP)  Kovil  Street  8  Ward  9  ,  9.Sawyerpuram  (SGTP) SelvanStreet  9  Ward  9  ,  10.Sawyerpuram  (SGTP)  Nehru  Street10  Ward  9  , 11.Sawyerpuram  (SGTP)  Main  Road  Street  11  Ward  9  ,  999.OVERSEAS
ELECTORS",All  Voters,209,55,151,197,0,0,0,0,1,0,0,0,0,2,0,615,0,2,617,0,33.98373983739837,8.94308943089431,24.55284552845528,32.03252032520325,0.0,0.0,0.0,0.0,0.1626016260162602,0.0,0.0,Indian National Congress,209,197,12,Tamilaga Vettri Kazhagam,4,1,7,7,3,7,7,2,7,7,6,7,7,5,7,1.951219512195122,2
52,Sawyerpuram,"Pope  Memorial  Hr,  Sec  School  100  Year Mandapam  South  Side  Sawyerpuram","1.Sawyerpuram  (SGTP)  Nainar  street  1  ward  10  ,  2.Sawyerpuram  (SGTP) Nainar  PuduStreet  2  Ward  10  ,  3.Sawyerpuram  (SGTP)  St.PetterStreet  3 Ward  10  ,  4.Sawyerpuram  (SGTP)  Bishepdapas  Street  4  Ward  10  , 5.Sawyerpuram  (SGTP)  St.CosbesStreet  5  Ward  10  ,  6.Sawyerpuram
(SGTP)  Pope  Street  1,  Street  6  Ward  10  ,  7.Sawyerpuram  (SGTP)  Pope Street  2  South,  Street  8  Ward10  ,  8.Sawyerpuram  (SGTP)  St.  Martieen Street  9  Ward  10  ,  9.Sawyerpuram  (SGTP)  saiman  Street  10  Ward  10  ,
10.Sawyerpuram  (SGTP)  St  Joseph  Street  11  Ward  10  ,  11.Sawyerpuram
(SGTP)  Bishep  Neel  Street  12  Ward  10  ,  12.Sawyerpuram  (SGTP)  Church Street  13  Ward  10  999.OVERSEAS  ELECTORS",All  Voters,224,29,97,125,0,2,0,0,0,0,0,0,0,0,0,477,0,1,478,0,46.9601677148847,6.079664570230608,20.33542976939203,26.20545073375262,0.0,0.419287211740042,0.0,0.0,0.0,0.0,0.0,Indian National Congress,224,125,99,Tamilaga Vettri Kazhagam,4,1,6,5,3,6,6,2,6,6,6,6,6,6,6,20.75471698113208,0
53,Sawyerpuram,"Pope  Memorial  Hr,  Sec  School  100  Year Mandapam  North  Side  Sawyerpuram","1.Sawyerpuram  (SGTP)  MainRoad  (  292  295  )(315-  45  ).Street-14  Ward  10
,  2.Sawyerpuram  (SGTP)  Press  Street  15  Ward  10  ,  3.Sawyerpuram
(SGTP)  Earcaurd  Street  1  street  16  Ward  13  ,  4.Sawyerpuram  (SGTP) Earcaurd  Street  2  Street  17  Ward  11  ,  5.Sawyerpuram  (SGTP)  MalStreet 1,  Ward  11  ,  6.Sawyerpuram  (SGTP)  Mal  Street  2  Ward  11  , 7.Sawyerpuram  (SGTP)  KanownStreet  3  Ward  11  ,  8.Sawyerpuram  (SGTP) Main  Road(  24  -  74.)(  296-  351)  4  Ward  11  ,  9.Sawyerpuram  (SGTP) Mangttan  Street  5  Ward  11  ,  10.Sawyerpuram  (SGTP)  SaraStreet  2  ,
Street  6Ward  11  ,  11.Sawyerpuram  (SGTP)  Fishermarket  STreet  ,  Street  7
Ward  11  ,  999.OVERSEAS  ELECTORS",All  Voters,221,27,82,128,2,0,1,0,0,0,0,0,0,0,0,461,0,2,463,0,47.93926247288503,5.856832971800434,17.78741865509761,27.76572668112798,0.4338394793926247,0.0,0.2169197396963124,0.0,0.0,0.0,0.0,Indian National Congress,221,128,93,Tamilaga Vettri Kazhagam,4,1,5,7,3,6,7,2,7,7,7,7,7,7,7,20.17353579175705,0
54,Naduvakkurichi,T.  N.  D.  T.  A.  Primary  School  West  Side Naduvakkuruchi,"1.Sawyerpuram  (SGTP)  Iruvappapuram  street  ward  12  ,  2.Sawyerpuram (SGTP)  Uchinimahaliamman  Kovil  Street  Block  12  ,  3.Sawyerpuram
(SGTP)  Sundaraj  nagar  Block  12  ,  4.Sawyerpuram  (SGTP) Harikrishnapuram  Block  12  ,  5.Sawyerpuram  (SGTP)  Mengnapuram  , 6.Sawyerpuram  (SGTP)  Machilamanipuram  ,  7.Sawyerpuram  (SGTP)
MainRoad  78  -  108.  269-29  Ward  7  ,  999.OVERSEAS  ELECTORS",All  Voters,163,45,256,339,1,2,0,0,0,0,0,0,2,0,1,809,0,2,811,0,20.14833127317676,5.562422744128554,31.64400494437577,41.90358467243511,0.1236093943139678,0.2472187886279357,0.0,0.0,0.0,0.0,0.0,Tamilaga Vettri Kazhagam,339,256,83,All India Anna Dravida Munnetra Kazhagam,4,3,7,5,2,9,9,1,9,9,9,9,5,9,7,10.25957972805933,3
55,Naduvakkurichi,T.  N.  D.  T.  A.Primary  School  East  Wing Naduvakkuruchi,"1.Sawyerpuram  (SGTP)  Nethagji  Ward  7  ,  2.Sawyerpuram  (SGTP)
PuduStreet  Ward  7  ,  3.Sawyerpuram  (SGTP)  AandalStreet  Ward  7  , 4.Sawyerpuram  (SGTP)  Kovil  Street  Ward  8  ,  5.Sawyerpuram  (SGTP) Center  Street  Ward  8  ,  6.Sawyerpuram  (SGTP)  Mihaval  Street  1  Ward  7  , 999.OVERSEAS  ELECTORS",All  Voters,193,85,242,303,3,0,0,0,0,0,0,0,2,1,0,829,0,2,831,0,23.2810615199035,10.25331724969843,29.19179734620024,36.55006031363088,0.3618817852834741,0.0,0.0,0.0,0.0,0.0,0.0,Tamilaga Vettri Kazhagam,303,242,61,All India Anna Dravida Munnetra Kazhagam,4,3,5,8,2,8,8,1,8,8,8,8,6,7,8,7.35826296743064,3
56,Naduvakkurichi,R.  C.  Middle  School  New  Block  North  Side Naduvakkuruchi,"1.Sawyerpuram  (SGTP)  Vinayagarkovil  Street  1  Ward  7  ,  2.Sawyerpuram (SGTP)  ParkStreet  Ward  6  ,  3.Sawyerpuram  (SGTP)  MihavalStreet  2  Ward 7  ,  4.Sawyerpuram  (SGTP)  Vinayagarkovil  Street  2  Ward  6  , 5.Sawyerpuram  (SGTP)  Bharathi  Street  Ward  6  ,  6.Sawyerpuram  (SGTP) Kamaraj  Street  Ward  6  ,  7.Sawyerpuram  (SGTP)  ChidamparamStreet Ward  6  ,  999.OVERSEAS  ELECTORS",All  Voters,97,20,179,173,0,1,1,0,2,0,0,0,0,0,0,473,0,0,473,0,20.50739957716702,4.228329809725158,37.84355179704017,36.57505285412262,0.0,0.2114164904862579,0.2114164904862579,0.0,0.4228329809725159,0.0,0.0,All India Anna Dravida Munnetra Kazhagam,179,173,6,Tamilaga Vettri Kazhagam,4,3,8,6,1,6,8,2,8,8,5,8,8,8,8,1.268498942917548,0
57,Naduvakkurichi,"R.  C.  Middle  School  New  Building  South Side,  Facing  East  Naduvakkuruchi","1.Sawyerpuram  (SGTP)  MainRoad  Block-6  ,  2.Sawyerpuram  (SGTP)
Ammankovil  Street  Ward  5  ,  3.Sawyerpuram  (SGTP)  North  Ratha  Veethi Ward  5  ,  4.Sawyerpuram  (SGTP)  Church  Street  Ward  5  ,  5.Sawyerpuram (SGTP)  Kachicherry  Street  Ward  5  ,  999.OVERSEAS  ELECTORS",All  Voters,117,52,229,273,1,1,0,0,0,0,0,0,0,0,0,673,0,1,674,0,17.38484398216939,7.726597325408618,34.02674591381872,40.56463595839524,0.1485884101040119,0.1485884101040119,0.0,0.0,0.0,0.0,0.0,Tamilaga Vettri Kazhagam,273,229,44,All India Anna Dravida Munnetra Kazhagam,4,3,5,5,2,7,7,1,7,7,7,7,7,7,7,6.537890044576524,0
58,Sebatthaiyapuram,R.C  Middle  School  East  Side  New  Building North  Portion  Facing  West  Sebatthiapuram,"1.Sawyerpuram  (SGTP)  South  ratha  veethi  ward  4  ,  2.Sawyerpuram
(SGTP)  Bharathi  Street  Ward  4  ,  3.Sawyerpuram  (SGTP)  Panneerselvam Street  Ward  4  ,  4.Sawyerpuram  (SGTP)  Kamarajar  Street  1  Ward  4  , 5.Sawyerpuram  (SGTP)  Kamarajar  Street  2  Ward  4  ,  6.Sawyerpuram
(SGTP)  kamarajar  Street  3  Ward  4  ,  999.OVERSEAS  ELECTORS",All  Voters,95,22,207,138,0,0,0,0,0,0,0,0,1,0,0,463,0,0,463,0,20.5183585313175,4.751619870410368,44.70842332613391,29.80561555075594,0.0,0.0,0.0,0.0,0.0,0.0,0.0,All India Anna Dravida Munnetra Kazhagam,207,138,69,Tamilaga Vettri Kazhagam,4,3,6,6,1,6,6,2,6,6,6,6,5,6,6,14.90280777537797,1
59,Sebatthaiyapuram,R.C  Middle  School  East  Side  New  Building South  Portion  Facing  West  Sebatthiapuram,"1.Sawyerpuram  (SGTP)  Vinayagar  Kovil  East  Street  Block  3  , 2.Sawyerpuram  (SGTP)  VinayagarKovil  Street  Ward  13  ,  999.OVERSEAS ELECTORS",All  Voters,112,30,184,175,0,0,0,0,0,0,0,0,0,0,0,501,0,3,504,0,22.35528942115769,5.988023952095809,36.72654690618762,34.93013972055888,0.0,0.0,0.0,0.0,0.0,0.0,0.0,All India Anna Dravida Munnetra Kazhagam,184,175,9,Tamilaga Vettri Kazhagam,4,3,5,5,1,5,5,2,5,5,5,5,5,5,5,1.796407185628742,0
60,Sebatthaiyapuram,"R.C  Middle  School  South  Side  New Building  East  Portion,  Sebatthiapuram","1.Sawyerpuram  (SGTP)  GopalakrishnanStreet  Ward  13  ,  999.OVERSEAS ELECTORS",All  Voters,66,36,217,202,1,1,0,1,0,0,0,0,1,0,0,525,0,2,527,0,12.57142857142857,6.857142857142858,41.33333333333334,38.47619047619047,0.1904761904761905,0.1904761904761905,0.0,0.1904761904761905,0.0,0.0,0.0,All India Anna Dravida Munnetra Kazhagam,217,202,15,Tamilaga Vettri Kazhagam,4,3,5,5,1,9,9,2,5,9,9,9,5,9,9,2.857142857142857,1
61,Sebatthaiyapuram,Arul  Mighu  Muthumalaiamman  Hindu Primary  School  West  Side  Sebatthaiyapuram,"1.Sawyerpuram  (SGTP)  Rajagopal  street  ward  14  ,  2.Sawyerpuram  (SGTP) Keelarathaveethi  Ward  14  ,  3.Sawyerpuram  (SGTP)  MainRoad  145to234 Ward  14  ,  4.Sawyerpuram  (SGTP)  Samykovil  Street  Ward  14  Complete  , 5.Sawyerpuram  (SGTP)  Kamarajar  Street  Ward  14  ,  6.Sawyerpuram
(SGTP)  Post  Office  Street  Ward  14  ,  7.Sawyerpuram  (SGTP)  Main  Road
Ward  14  ,  999.OVERSEAS  ELECTORS",All  Voters,107,55,288,228,1,0,0,0,1,0,0,0,0,0,0,680,0,1,681,0,15.73529411764706,8.088235294117647,42.35294117647059,33.52941176470588,0.1470588235294118,0.0,0.0,0.0,0.1470588235294118,0.0,0.0,All India Anna Dravida Munnetra Kazhagam,288,228,60,Tamilaga Vettri Kazhagam,4,3,5,7,1,7,7,2,7,7,5,7,7,7,7,8.823529411764707,0
62,Sebatthaiyapuram,"Arul  Mighu  Muthumalaiamman  Hindu Primary  School,  Facing  South  East  Portion Sebatthaiyapuram","1.Sawyerpuram  (SGTP)  Perumal  koil  Street  Ward  15  ,  2.Sawyerpuram (SGTP)  Kelakathisamykovil  Street  Ward  15  ,  3.Sawyerpuram  (SGTP) ChinaPalam  Street  Ward  15  ,  4.Sawyerpuram  (SGTP)  Kelarathaveethi Ward  15  ,  5.Sawyerpuram  (SGTP)  Chinapalam  Street  Ward  15  , 999.OVERSEAS  ELECTORS",All  Voters,54,34,277,139,0,0,2,0,0,1,1,1,0,0,0,509,0,5,514,0,10.6090373280943,6.679764243614931,54.4204322200393,27.30844793713163,0.0,0.0,0.3929273084479371,0.0,0.0,0.1964636542239686,0.1964636542239686,All India Anna Dravida Munnetra Kazhagam,277,139,138,Tamilaga Vettri Kazhagam,4,3,9,9,1,5,6,2,9,6,9,6,9,9,9,27.11198428290766,1
63,Puthu subramaniapuram,Panchayat  Union  Primary  School Pudhusubramaniapuram,"1.Iruvappa  puram  1(R.V),  Sawyerpuram  (SGTP)  Perumpadaisastha  kovil street  1  ward  1  ,  2.Iruvappa  puram  1(R.V),  Sawyerpuram  (SGTP)  Nehru Colony  Street  2  Ward  2  ,  3.Iruvappa  puram  1(R.V),  Sawyerpuram  (SGTP) Saraswathipuram  Street  3  Ward  2  ,  4.Iruvappa  puram  1(R.V), Sawyerpuram  (SGTP)  Vedamanikapuram  Street  4  Ward  2  ,  5.Iruvappa puram  1(R.V),  Sawyerpuram  (SGTP)  Iruvappapuram  Kasbha  Street  Ward 2  ,  6.Iruvappa  puram  1(R.V),  Sawyerpuram  (SGTP) Pudusubramaniapuram  6  Ward  2  ,  7.Iruvappa  puram  1(R.V), Sawyerpuram  (SGTP)  Velauthapuram  Street  2  Ward  2  ,  999.OVERSEAS ELECTORS",All  Voters,63,50,399,261,2,1,0,0,0,3,0,0,1,0,0,780,0,1,781,0,8.076923076923077,6.41025641025641,51.15384615384615,33.46153846153846,0.2564102564102564,0.1282051282051282,0.0,0.0,0.0,0.3846153846153846,0.0,All India Anna Dravida Munnetra Kazhagam,399,261,138,Tamilaga Vettri Kazhagam,4,3,6,7,1,9,9,2,9,5,9,9,7,9,9,17.69230769230769,1
64,Peikulam,Panchayat  Union  Primary  School  Peikulam,"1.Iruvappa  puram  1(R.V),  Sawyerpuram  (SGTP)  complete  Manakadu  ward 1  ,  2.Iruvappa  puram  1(R.V),  Sawyerpuram  (SGTP)  complete Diraviyapuram  Ward  1  ,  3.Iruvappa  puram  1(R.V),  Sawyerpuram  (SGTP) complete  Aathisamykovil  Street  Ward  1  ,  4.Iruvappa  puram  1(R.V), Sawyerpuram  (SGTP)  complete  Vinayagamkovil  Street  Ward  1  ,
5.Iruvappa  puram  1(R.V),  Sawyerpuram  (SGTP)  complete
Narayanasamykovil  Street  Ward  1  ,  6.Iruvappa  puram  1(R.V), Sawyerpuram  (SGTP)  complete  VedakovilStreet  Ward  1  ,  7.Iruvappa puram  1(R.V),  Sawyerpuram  (SGTP)  complete  KelakathisamykovilStreet Ward  1  ,  8.Iruvappa  puram  1(R.V),  Sawyerpuram  (SGTP)  complete MainRoad  Peikulam  Ward  1  ,  9.Iruvappa  puram  1(R.V),  Sawyerpuram
(SGTP)  complete  Pramaiapuram  Ward  1  ,  10.Iruvappa  puram  1(R.V), Sawyerpuram  (SGTP)  complete  Kododipannaiur  Ward  1  ,  999.OVERSEAS
ELECTORS",All  Voters,117,32,217,156,1,0,0,0,1,8,0,0,0,0,0,532,0,2,534,0,21.99248120300752,6.015037593984962,40.78947368421053,29.32330827067669,0.1879699248120301,0.0,0.0,0.0,0.1879699248120301,1.503759398496241,0.0,All India Anna Dravida Munnetra Kazhagam,217,156,61,Tamilaga Vettri Kazhagam,4,3,6,8,1,8,8,2,8,5,6,8,8,8,8,11.46616541353383,0
65,Kovankadu,"TNDTA  Middle  School,West  Building,South side,Kovankadu.","1.Iruvappa  puram  2  (R.V)  And  (P)  Kovankadu  (P)  North  street  block  1  , 999.OVERSEAS  ELECTORS",All  Voters,64,50,215,244,1,1,1,0,0,0,1,1,2,0,0,580,0,0,580,0,11.03448275862069,8.620689655172415,37.06896551724138,42.06896551724138,0.1724137931034483,0.1724137931034483,0.1724137931034483,0.0,0.0,0.0,0.1724137931034483,Tamilaga Vettri Kazhagam,244,215,29,All India Anna Dravida Munnetra Kazhagam,4,3,6,6,2,6,6,1,11,11,11,6,5,11,11,5.0,3
66,Kovankadu,"T.N.D.T.A  Middle  School  ,North  New  building Facing  South  Kovankadu","1.Iruvappa  puram  2  (R.V)  And  (P)  Kovankadu  (P)  South  Street  Block  2  ,
2.Iruvappa  puram  2  (R.V)  And  (P)  Kovankadu  (P)  Pillaiyarkovil  Street South  KovankaduBlock  2  ,  3.Iruvappa  puram  2  (R.V)  And  (P)  Kovankadu
(P)  South  Kovankadu  Block  2  ,  4.Iruvappa  puram  2  (R.V)  And  (P)
Kovankadu  (P)  Ambedkar  Street  Block  3  ,  999.OVERSEAS  ELECTORS",All  Voters,54,54,210,174,1,0,0,1,7,11,0,2,1,2,1,518,0,1,519,0,10.42471042471042,10.42471042471042,40.54054054054054,33.59073359073359,0.1930501930501931,0.0,0.0,0.1930501930501931,1.351351351351351,2.123552123552123,0.0,All India Anna Dravida Munnetra Kazhagam,210,174,36,Tamilaga Vettri Kazhagam,3,3,9,13,1,13,13,2,9,5,6,7,9,7,9,6.94980694980695,6
67,Palayakayal,Punitha  Antoniyar  Higher.  Sec.  School  West portion  Xavier  Hall  Pazhayakayal,"1.Pazhayakayal  (R.V)  And  (P)  Kamarajapuram  block  1  ,  2.Pazhayakayal (R.V)  And  (P)  Kacheri  Street  Block  1  ,  3.Pazhayakayal  (R.V)  And  (P)  Main
Road  Block  1  ,  4.Pazhayakayal  (R.V)  And  (P)  Sabasthiyar  Street  Block  1  , 5.Pazhayakayal  (R.V)  And  (P)  Arunthathiyar  Street  Block  1  ,
999.OVERSEAS  ELECTORS",All  Voters,92,55,142,266,0,1,3,1,1,3,3,0,1,1,1,570,0,1,571,0,16.14035087719298,9.649122807017543,24.91228070175439,46.66666666666666,0.0,0.1754385964912281,0.5263157894736842,0.1754385964912281,0.1754385964912281,0.5263157894736842,0.5263157894736842,Tamilaga Vettri Kazhagam,266,142,124,All India Anna Dravida Munnetra Kazhagam,4,3,14,8,2,5,5,1,8,5,8,14,8,8,8,21.75438596491228,3
68,Palayakayal,"Punitha  Anthonyar  Higher  Sec.  School,  East Portion  Xavier  Hall,  Pazhayakayal","1.Pazhayakayal  (R.V)  And  (P)  Sabasthiyar  Street  Block  3  ,  2.Pazhayakayal (R.V)  And  (P)  Christian  Street  Block  3  ,  3.Pazhayakayal  (R.V)  And  (P)  Roch Street  Block  3  ,  4.Pazhayakayal  (R.V)  And  (P)  Indira  Colony  Block  3  , 999.OVERSEAS  ELECTORS",All  Voters,131,34,89,212,2,0,0,0,0,0,0,0,1,0,0,469,0,0,469,0,27.9317697228145,7.249466950959488,18.97654584221748,45.20255863539446,0.4264392324093816,0.0,0.0,0.0,0.0,0.0,0.0,Tamilaga Vettri Kazhagam,212,131,81,Indian National Congress,4,2,5,7,3,7,7,1,7,7,7,7,6,7,7,17.27078891257996,1
69,Palayakayal,"Punitha  Antoniyar  Higher  Sec.  School  North Building  East  Portion,  Pazhayakayal","1.Pazhayakayal  (R.V)  And  (P)  Eractianyapuram  block  2  ,  2.Pazhayakayal (R.V)  And  (P)  Nadar  Street  Block  2  ,  3.Pazhayakayal  (R.V)  And  (P) Amburose  Street  Block  2  ,  4.Pazhayakayal  (R.V)  And  (P)  Paripoorana
Street  Block  2  ,  5.Pazhayakayal  (R.V)  And  (P)  Ganesha  Nagar  Block  2  ,
999.OVERSEAS  ELECTORS",All  Voters,202,76,147,369,2,0,0,0,1,0,0,0,1,1,0,799,0,1,800,0,25.28160200250313,9.51188986232791,18.39799749687109,46.18272841051314,0.2503128911138924,0.0,0.0,0.0,0.1251564455569462,0.0,0.0,Tamilaga Vettri Kazhagam,369,202,167,Indian National Congress,4,2,5,9,3,9,9,1,9,9,6,9,6,6,9,20.90112640801001,2
70,Palayakayal,"Punitha  Antoniyar  Higher  Sec.  School  North Building,  West  Portion,  Pazhayakayal","1.Pazhayakayal  (R.V)  And  (P)  Maravar  street  block  4  ,  999.OVERSEAS ELECTORS",All  Voters,120,15,61,102,1,0,0,0,2,4,0,0,0,0,0,305,0,2,307,0,39.34426229508197,4.918032786885246,20.0,33.44262295081968,0.3278688524590164,0.0,0.0,0.0,0.6557377049180327,1.311475409836065,0.0,Indian National Congress,120,102,18,Tamilaga Vettri Kazhagam,4,1,7,8,3,8,8,2,8,5,6,8,8,8,8,5.901639344262295,0
71,Pulvavilai,"Panchayat  Union  Middle  School,  Pulvavilai, Pazhayakayal.","1.Pazhayakayal  (R.V)  And  (P)  Pulaveli  Block  5  ,  999.OVERSEAS ELECTORS",All  Voters,44,63,188,281,1,1,0,0,0,32,1,0,2,1,0,614,0,0,614,0,7.166123778501629,10.26058631921824,30.61889250814333,45.76547231270358,0.1628664495114007,0.1628664495114007,0.0,0.0,0.0,5.211726384364821,0.1628664495114007,Tamilaga Vettri Kazhagam,281,188,93,All India Anna Dravida Munnetra Kazhagam,3,4,7,7,2,11,7,1,11,5,11,11,6,7,11,15.14657980456026,3
72,Palayakayal,Punitha  Antoniar  Primary  School  East Portion  Facing  North  Pazhayakayal,"1.Pazhayakayal  (R.V)  And  (P)  Ramachandrapuram  Block  5  ,
2.Pazhayakayal  (R.V)  And  (P)  Sarvethapuri  Block  5,  3.  Pazhayakayal  (R.V) And  (P)  Zirconium  Complex,  999.OVERSEAS  ELECTORS",All  Voters,67,64,135,226,2,1,0,0,0,6,0,0,1,0,0,502,0,0,502,0,13.34661354581673,12.74900398406374,26.89243027888446,45.0199203187251,0.398406374501992,0.199203187250996,0.0,0.0,0.0,1.195219123505976,0.0,Tamilaga Vettri Kazhagam,226,135,91,All India Anna Dravida Munnetra Kazhagam,4,3,6,7,2,9,9,1,9,5,9,9,7,9,9,18.12749003984064,1
73,Manjalneerkayal,T.  N.  D.  T.  A.  Primary  School  Manjaneerkayal,"1.Manjalneerkayal  (R.V)  And  (P)  Colony  street  block  1  ,  2.ManjalNeerkayal (R.V)  And  (P)  North  Street  Block  1  ,  3.Manjalneerkayal  (R.V)  And  (P)  South Street  Block  2  ,  4.Manjalneerkayal  (R.V)  And  (P)  Rise  Mill  Street  Block  2  , 5.Manjalneerkayal  (R.V)  And  (P)  Chidambaranagar  Block  2  ,
6.Manjalneerkayal  (R.V)  And  (P)  Twad  Board  Block  2  ,  999.OVERSEAS
ELECTORS",All  Voters,134,50,252,268,0,0,1,0,0,7,0,1,0,1,0,714,0,5,719,0,18.76750700280112,7.002801120448179,35.29411764705883,37.53501400560224,0.0,0.0,0.1400560224089636,0.0,0.0,0.9803921568627451,0.0,Tamilaga Vettri Kazhagam,268,252,16,All India Anna Dravida Munnetra Kazhagam,4,3,9,9,2,6,9,1,9,5,9,6,9,6,9,2.240896358543417,2
74,Agaram,"T.  N.  D.  T.  A.  Middle  School  West  Building, Facing  East  Agaram","1.Agaram  (R.V)  And  (P)  Colony  Street  Block  1  ,  2.Agaram  (R.V)  And  (P) North  Street  Block  1  ,  3.Agaram  (R.V)  And  (P)  West  Street  Block  1  , 999.OVERSEAS  ELECTORS",All  Voters,75,53,242,243,1,0,0,1,0,0,1,0,0,0,0,616,0,1,617,0,12.17532467532468,8.603896103896105,39.28571428571428,39.44805194805195,0.1623376623376623,0.0,0.0,0.1623376623376623,0.0,0.0,0.1623376623376623,Tamilaga Vettri Kazhagam,243,242,1,All India Anna Dravida Munnetra Kazhagam,4,3,5,8,2,8,5,1,5,8,8,8,8,8,8,0.1623376623376623,0
75,Agaram,"T.N.D.T.A  Middle  School,  East  New  Building Facing  South  Agaram","1.Agaram  (R.V)  And  (P)  South  Street  Block  2  ,  2.Agaram  (R.V)  And  (P) Middle  Street  1st  Block  3  ,  3.Agaram  (R.V)  And  (P)  Middle  Street  2nd Block  4  ,  999.OVERSEAS  ELECTORS",All  Voters,96,31,243,177,0,0,0,0,0,1,1,0,1,0,1,551,0,1,552,0,17.42286751361161,5.626134301270418,44.1016333938294,32.12341197822142,0.0,0.0,0.0,0.0,0.0,0.1814882032667877,0.1814882032667877,All India Anna Dravida Munnetra Kazhagam,243,177,66,Tamilaga Vettri Kazhagam,4,3,9,9,1,9,5,2,9,5,9,9,5,9,5,11.97822141560798,2
76,Mukkani,"Punitha  Antoniyar  R.  C.  Middle  School
East  Side  Building  West  Portion,  Facing South  Mukkani","1.Mukkani  (R.V)  And  (P)  Melaparadhar  Street  Block  8  ,  2.Mukkani  (R.V) And  (P)  Arisana  Street  Block  8  ,  3.Mukkani  (R.V)  And  (P)  Main  Road  Block 9  ,  4.Mukkani  (R.V)  And  (P)  Vannar  Street  Block  9  ,  5.Mukkani  (R.V)  And
(P)  MelaNadar  Street  Block  9  ,  6.Mukkani  (R.V)  And  (P)  Pillaimar  Street
Block  9  ,  999.OVERSEAS  ELECTORS",All  Voters,76,47,228,314,3,1,1,1,0,5,0,0,1,1,1,679,0,2,681,0,11.19293078055965,6.921944035346097,33.57879234167893,46.24447717231222,0.4418262150220913,0.1472754050073638,0.1472754050073638,0.1472754050073638,0.0,0.7363770250368188,0.0,Tamilaga Vettri Kazhagam,314,228,86,All India Anna Dravida Munnetra Kazhagam,4,3,6,7,2,7,13,1,7,5,13,13,7,7,7,12.66568483063328,3
77,Mukkani,"Punitha  Antoniyar  R.  C.  Middle  School East  Side  Building  East  Portion,  Facing
South  Mukkani","1.Mukkani  (R.V)  And  (P)  Mudhaliar  Street  Block  10  ,  2.Mukkani  (R.V)  And
(P)  North  yadavar  Street  Block  10  ,  3.Mukkani  (R.V)  And  (P)  Jeyarama Chandhra  Puram  Block  11  ,  999.OVERSEAS  ELECTORS",All  Voters,60,47,337,277,1,0,0,0,0,2,0,0,3,0,0,727,0,1,728,0,8.253094910591471,6.464924346629987,46.35488308115544,38.10178817056396,0.1375515818431912,0.0,0.0,0.0,0.0,0.2751031636863824,0.0,All India Anna Dravida Munnetra Kazhagam,337,277,60,Tamilaga Vettri Kazhagam,4,3,7,8,1,8,8,2,8,6,8,8,5,8,8,8.253094910591471,3
78,Mukkani,"Panchayat  Union  Middle  School North  Building,  Mukkani","1.Mukkani  (R.V)  And  (P)  Kurividurai  Block  1  ,  2.Mukkani  (R.V)  And  (P) Kurividurai  Block  2  ,  999.OVERSEAS  ELECTORS",All  Voters,75,75,352,450,7,1,1,0,12,1,0,3,3,2,2,984,0,4,988,0,7.621951219512195,7.621951219512195,35.77235772357724,45.73170731707317,0.7113821138211381,0.1016260162601626,0.1016260162601626,0.0,1.219512195121951,0.1016260162601626,0.0,Tamilaga Vettri Kazhagam,450,352,98,All India Anna Dravida Munnetra Kazhagam,3,3,6,11,2,11,14,1,14,11,5,7,7,9,9,9.959349593495935,10
79,Mukkani,"Panchayat  Union  Middle  School
West  Building  ,  Facing  East  Mukkani","1.Mukkani  (R.V)  And  (P)  Kurividurai  Block  3  ,  2.Mukkani  (R.V)  And  (P) KurividuraiBlock  4  ,  999.OVERSEAS  ELECTORS",All  Voters,89,60,352,254,0,2,1,0,0,0,0,1,3,1,1,764,0,4,768,0,11.64921465968586,7.853403141361256,46.07329842931937,33.24607329842932,0.0,0.2617801047120419,0.1308900523560209,0.0,0.0,0.0,0.0,All India Anna Dravida Munnetra Kazhagam,352,254,98,Tamilaga Vettri Kazhagam,4,3,11,6,1,7,11,2,11,11,11,7,5,7,7,12.82722513089005,6
80,Mukkani,"Government  Hr.,  sec.,  School  South  Building Middle  Portion  Mukkani","1.Mukkani  (R.V)  And  (P)  Part  Kuruvidurai  Block  5  ,  2.Mukkani  (R.V)  And
(P)  Part  Mukkani  Block  7  ,  999.OVERSEAS  ELECTORS",All  Voters,125,102,364,241,2,0,0,0,0,0,0,1,1,0,1,837,0,2,839,0,14.93428912783752,12.18637992831541,43.48864994026284,28.79330943847073,0.2389486260454002,0.0,0.0,0.0,0.0,0.0,0.0,All India Anna Dravida Munnetra Kazhagam,364,241,123,Tamilaga Vettri Kazhagam,4,3,5,9,1,9,9,2,9,9,9,6,6,9,6,14.69534050179212,3
81,Mukkani,"Government  Hr.,  sec.,  School  South  Building West  Portion  Mukkani","1.Mukkani  (R.V)  And  (P)  Part  Mukkani  Block  6  ,  999.OVERSEAS ELECTORS",All  Voters,85,60,174,306,4,1,0,1,0,9,0,1,1,0,2,644,0,0,644,0,13.19875776397516,9.316770186335404,27.01863354037267,47.51552795031056,0.6211180124223602,0.15527950310559,0.0,0.15527950310559,0.0,1.397515527950311,0.0,Tamilaga Vettri Kazhagam,306,174,132,All India Anna Dravida Munnetra Kazhagam,4,3,6,8,2,12,12,1,8,5,12,8,8,12,7,20.49689440993789,4
82,Korkai,St.Aloysius  Middle  School North  Building.  Korkai,"1.Korkai  (R.V)  And  (P)  Akkasalai  block  1  ,  2.Korkai  (R.V)  And  (P)  Korkai Harijana  Colony  Block  2  ,  3.Korkai  (R.V)  And  (P)  Korkai  Parathavar  Street Block  2  ,  4.Korkai  (R.V)  And  (P)  Korkai  Yadavar  Street  Block  3  ,  5.Korkai (R.V)  And  (P)  Korkai  Asarimar  Street  Block  3  ,  6.Korkai  (R.V)  And  (P)
Korkai  Pillaimar  Street  Block  3  ,  7.Korkai  (R.V)  And  (P)  Korkai  Main  Road Block  3  ,  8.Kodunkani  (R.V)  And  Korkai  (P)  Kodunkani  Block  4  ,
999.OVERSEAS  ELECTORS",All  Voters,123,56,247,285,0,1,0,0,3,1,0,14,0,0,1,731,0,0,731,0,16.82626538987688,7.660738714090288,33.78932968536252,38.98768809849521,0.0,0.1367989056087551,0.0,0.0,0.4103967168262654,0.1367989056087551,0.0,Tamilaga Vettri Kazhagam,285,247,38,All India Anna Dravida Munnetra Kazhagam,4,3,10,7,2,10,10,1,10,7,6,5,10,10,7,5.198358413132695,15
83,Umarikadu,"Govt  Hr,  Sec,  School,  New  Building  Facing South,  Umerikadu","1.Korkai  (R.V),  Umarikadu  (P)  Mutharamman  Kovil  Street  1  Block  1  ,
2.Korkai  (R.V),  Umarikadu  (P)  Mutharamman  Kovil  Street  3  Block  1  ,
3.Korkai  (R.V),  Umarikadu  (P)  Mutharamman  Kovil  Street  Block  1  ,
4.Korkai  (R.V),  Umarikadu  (P)  Prammasakthiamman  Kovil  Street  Block  1  ,
5.Korkai  (R.V),  Umarikadu  (P)  Arunachalasamy  Kovil  Street  Block  1  ,
6.Korkai  (R.V),  Umarikadu  (P)  Nateshwarar  Kovil  Street  Block  1  ,  7.Korkai (R.V),  Umarikadu  (P)  Mutharamman  Kovil  Street  Block  2  ,  8.Korkai  (R.V), Umarikadu  (P)  Sowendrapandian  Kovil  Street  Block  2  ,  9.Korkai  (R.V),
Umarikadu  (P)  Thiruvaluvar  Street  Block  2  ,  10.Korkai  (R.V),  Umarikadu
(P)  Kumaran  Street  Block  2  ,  11.Korkai  (R.V),  Umarikadu  (P) Chidamparamnar  Street  Block  2  ,  12.Korkai  (R.V),  Umarikadu  (P) Harikrishnan  Street  Block  2  ,  13.Korkai  (R.V),  Umarikadu  (P) Arumugamangalam  Road  Block  2  ,  14.Korkai  (R.V),  Umarikadu  (P) Mutharamman  Kovil  Street  Block  3  ,  15.Korkai  (R.V),  Umarikadu  (P) Thiruvaluvar  Street  1  Block  3  ,  16.Korkai  (R.V),  Umarikadu  (P) Thiruvaluvar  2  Street  Block  3  ,  17.Korkai  (R.V),  Umarikadu  (P)  Main  Road 1  Block  3  ,  18.Korkai  (R.V),  Umarikadu  (P)  Main  Road  2  Block  3  ,
19.Korkai  (R.V),  Umarikadu  (P)  Main  Road  3  Block  3  ,  20.Korkai  (R.V),
Umarikadu  (P)  Valliammai  Street  1  Block  3  ,  21.Korkai  (R.V),  Umarikadu
(P)  Valliammai  Street  2  Block  3  ,  22.Korkai  (R.V),  Umarikadu  (P)  Ganesan Street  Block  3  ,  23.Korkai  (R.V),  Umarikadu  (P)  Murugan  Street  Block  3  ,
24.Korkai  (R.V),  Umarikadu  (P)  Santhu  Street  Block  3  ,  25.Korkai  (R.V), Umarikadu  (P)  Kavadi  Street  Block  3  ,  26.Korkai  (R.V),  Umarikadu  (P) Chidamparanar  Street  Block  3  ,  27.Korkai  (R.V),  Umarikadu  (P) Dharmakartha  Street  Block  3  ,  28.Korkai  (R.V),  Umarikadu  (P)
Arumugamangalm  Road  Block  3  ,  999.OVERSEAS  ELECTORS",All  Voters,66,44,341,186,1,0,0,0,1,0,0,0,2,1,0,642,0,4,646,0,10.2803738317757,6.853582554517133,53.11526479750779,28.97196261682243,0.1557632398753894,0.0,0.0,0.0,0.1557632398753894,0.0,0.0,All India Anna Dravida Munnetra Kazhagam,341,186,155,Tamilaga Vettri Kazhagam,4,3,6,9,1,9,9,2,9,9,6,9,5,6,9,24.14330218068536,3
84,Umarikadu,"Govt  Hr,  Sec,  School  (West  Wing)  Umerikadu","1.Korkai  (R.V),  Umarikadu  (P)  Ambedkar  street  block  4  ,  2.Korkai  (R.V),
Umarikadu  (P)  Aatangkarai  Street  Block  4  ,  3.Korkai  (R.V),  Umarikadu  (P) Barathiyar  Street  Block  4  ,  4.Korkai  (R.V),  Umarikadu  (P)  Main  Road Block  4  ,  5.Korkai  (R.V),  Umarikadu  (P)  Main  Road  Block  5  ,  6.Korkai (R.V),  Umarikadu  (P)  Nadar  South  Street  Block  5  ,  7.Korkai  (R.V),
Umarikadu  (P)  Gulalar  North  Street  Block  5  ,  999.OVERSEAS  ELECTORS",All  Voters,59,50,351,331,1,0,0,0,0,1,0,1,0,0,0,794,0,6,800,0,7.43073047858942,6.297229219143577,44.20654911838791,41.68765743073048,0.1259445843828715,0.0,0.0,0.0,0.0,0.1259445843828715,0.0,All India Anna Dravida Munnetra Kazhagam,351,331,20,Tamilaga Vettri Kazhagam,4,3,5,8,1,8,8,2,8,5,8,5,8,8,8,2.518891687657431,1
85,Edaiarkadu,T.  N.  D.  T.  A.  Primary  School  Centre  hall Edaiarkadu,"1.Maramangalam  (R.V),  Edaiarkadu  (P)  Pudukulam  Kadodiur  Block  1  , 2.Maramangalam  (R.V),  Edaiarkadu  (P)  Mela  sambadi  Block  1  , 3.Maramangalam  (R.V),  Edaiarkadu  (P)  Elumitchaiyadiyour  Block  2  , 4.Maramangalam  (R.V),  Edaiarkadu  (P)  Keela  Sambadi  Block  2  , 5.Maramangalam  (R.V),  Edaiarkadu  (P)  Sambadi  Colony  Block  2  , 6.Maramangalam  (R.V),  Edaiarkadu  (P)  KillasambadiStreet  2  Block  2  , 7.Maramangalam  (R.V),  Edaiarkadu  (P)  ThalavaaiPuram  Block  3  , 999.OVERSEAS  ELECTORS",All  Voters,132,55,225,344,0,1,1,0,1,9,2,1,1,0,3,775,0,2,777,0,17.03225806451613,7.096774193548387,29.03225806451613,44.38709677419354,0.0,0.1290322580645161,0.1290322580645161,0.0,0.1290322580645161,1.161290322580645,0.2580645161290323,Tamilaga Vettri Kazhagam,344,225,119,All India Anna Dravida Munnetra Kazhagam,4,3,13,8,2,8,7,1,13,5,8,8,8,13,6,15.35483870967742,5
86,Edaiarkadu,T.  N.  D.  T.  A.  Primary  School  Western  Hall Edaiarkadu,"1.Maramangalam  (R.V),  Edaiarkadu  (P)  Kavalkadu  Block  4  , 2.Maramangalam  (R.V),  Edaiarkadu  (P)  Kavalkadu  Annanagar  Block  4  , 3.Maramangalam  (R.V),  Edaiarkadu  (P)  Kavalkadu  Yadavar  Block  4  , 4.Maramangalam  (R.V),  Edaiarkadu  (P)  Edaiarkadu  Ammankovil  Street Block  4  ,  5.Maramangalam  (R.V),  Edaiarkadu  (P)  Edaiarkadu  North  Street Block  5  ,  6.Maramangalam  (R.V),  Edaiarkadu  (P)  Pettikadai  Street  Block  5
,  7.Maramangalam  (R.V),  Edaiarkadu  (P)  Edaiarkadu  Bungla  Street  Block
6  ,  8.Maramangalam  (R.V),  Edaiarkadu  (P)  Edaiarkadu  South  Street  Block
7  ,  999.OVERSEAS  ELECTORS",All  Voters,116,58,313,183,1,0,1,0,5,0,0,2,0,1,0,680,0,3,683,0,17.05882352941176,8.529411764705882,46.02941176470588,26.91176470588235,0.1470588235294118,0.0,0.1470588235294118,0.0,0.7352941176470588,0.0,0.0,All India Anna Dravida Munnetra Kazhagam,313,183,130,Tamilaga Vettri Kazhagam,4,3,7,10,1,7,10,2,10,10,5,6,10,7,10,19.11764705882353,3
87,Maramangalam,Panchayat  Union.  Primary  School South  Side  Building  Maramangalam,"1.Maramangalam  (R.V)  And  (P)  Mutharamman  kovil  Street  Block  2  , 2.Maramangalam  (R.V)  And  (P)  Palaniyandavar  Kovil  Street  Block  3  , 3.Maramangalam  (R.V)  And  (P)  Parathavar  Street  Block  3  , 4.Maramangalam  (R.V)  And  (P)  Framin  Street  Block  3  ,  5.Maramangalam (R.V)  And  (P)  Parathavar  Street,  Devar  Street  Block  3  ,  6.Maramangalam
(R.V)  And  (P)  Vijayanarayanasamy  Kovil  Street  Block  3  ,  7.Maramangalam (R.V)  And  (P)  Panangkatoor  Parathavar  Street  Block  4  ,  999.OVERSEAS
ELECTORS",All  Voters,78,42,183,365,2,0,0,0,3,4,1,0,0,0,0,678,0,0,678,0,11.50442477876106,6.194690265486726,26.99115044247787,53.83480825958702,0.2949852507374631,0.0,0.0,0.0,0.4424778761061947,0.5899705014749262,0.1474926253687316,Tamilaga Vettri Kazhagam,365,183,182,All India Anna Dravida Munnetra Kazhagam,4,3,7,9,2,9,8,1,9,5,6,9,9,9,9,26.84365781710915,0
88,Teepachi,"Panchayat  Union  Primary  School,  Facing South  Building,  Teepachi.","1.Maramangalam  (R.V)  And  (P)  Teepachi  Block  1  ,  999.OVERSEAS ELECTORS",All  Voters,46,28,138,133,2,0,0,0,0,0,1,0,0,1,0,349,0,1,350,0,13.18051575931232,8.022922636103152,39.54154727793696,38.10888252148997,0.5730659025787965,0.0,0.0,0.0,0.0,0.0,0.2865329512893983,All India Anna Dravida Munnetra Kazhagam,138,133,5,Tamilaga Vettri Kazhagam,4,3,5,8,1,8,6,2,8,8,8,8,8,6,8,1.432664756446991,1
89,Arumuga  mangalam,"T.  N.  D.  T.  A.  Manicka  Vasagam  Memorial Middle  School
West  Side  Arumugamangalam","1.Arumugamangalam  (R.V)  And  (P)  Arumugamangalam  block  1  , 2.Arumugamangalam  (R.V)  And  (P)  Kulam  Karaiyadiyour  Block  2  , 3.Arumugamangalam  (R.V)  And  (P)  Aaladiyour  Block  2  , 4.Arumugamangalam  (R.V)  And  (P)  Kalunkai  Karaiyadiyour  Block  3  , 5.Arumugamangalam  (R.V)  And  (P)  Shanmugapuram  Block  4  , 999.OVERSEAS  ELECTORS",All  Voters,113,33,383,196,0,0,0,0,0,20,0,0,0,1,0,746,0,1,747,0,15.14745308310992,4.423592493297587,51.34048257372654,26.27345844504022,0.0,0.0,0.0,0.0,0.0,2.680965147453083,0.0,All India Anna Dravida Munnetra Kazhagam,383,196,187,Tamilaga Vettri Kazhagam,4,3,7,7,1,7,7,2,7,5,7,7,7,6,7,25.06702412868633,1
90,Arumuga  mangalam,"T.  N.  D.  T.  A.  Manicka  Vasagam  Memorial Middle  School
East  Side  Arumugamangalam","1.Kottarakurichi  (R.V)  And  (P)  Piramanar  street  block  1  ,  2.Kottarakurichi (R.V)  And  (P)  MutharammanKovil  Street  Block  1  ,  3.Kottarakurichi  (R.V) And  (P)  Utchimahaliamman  Kovil  Street  Block  1  ,  4.Kottarakurichi  (R.V) And  (P)  Maruthuvar  Street  Block  2  ,  5.Kottarakurichi  (R.V)  And  (P)
AasarimarStreet  Block  2  ,  6.Kottarakurichi  (R.V)  And  (P) Selvanayagapuram  North  Street  Block  3  ,  7.Kottarakurichi  (R.V)  And  (P) Annanagar  North  Street  Block  3  ,  8.Kottarakurichi  (R.V)  And  (P)
Arasankulam  Block  4  ,  999.OVERSEAS  ELECTORS",All  Voters,94,43,311,257,3,3,0,2,0,22,1,0,1,1,1,739,0,2,741,0,12.71989174560217,5.818673883626523,42.08389715832206,34.77672530446549,0.4059539918809201,0.4059539918809201,0.0,0.2706359945872801,0.0,2.976995940460081,0.1353179972936401,All India Anna Dravida Munnetra Kazhagam,311,257,54,Tamilaga Vettri Kazhagam,4,3,6,6,1,13,9,2,8,5,13,13,9,9,9,7.307171853856563,3
91,Lakshimipuram,"Panchayat  Union  Primary  school,  New Building  south  west  Building,Lakshmipuram","1.Kottarakurichi  (R.V)  And  (P)  Lakshmipuram  block  5  ,  2.Kottarakurichi (R.V)  And  (P)  Hariapuram  Block  6  ,  3.Kottarakurichi  (R.V)  And  (P) Athisiapuram  Block  7  ,  4.Kottarakurichi  (R.V)  And  (P) Kanapathisamuthiram  Block  7  ,  999.OVERSEAS  ELECTORS",All  Voters,92,62,407,354,0,2,0,0,1,0,0,0,1,0,0,919,0,2,921,0,10.01088139281828,6.746463547334058,44.28726877040261,38.52013057671382,0.0,0.2176278563656148,0.0,0.0,0.1088139281828074,0.0,0.0,All India Anna Dravida Munnetra Kazhagam,407,354,53,Tamilaga Vettri Kazhagam,4,3,8,5,1,8,8,2,8,8,6,8,6,8,8,5.767138193688792,1
92,Vallavallan,"Govt.  Hr.  Sec.  School  South  Block  West Portion,  Valavallan","1.Valavallan  (R.V)  And  (P)  Erulappanadar  kudiruppu  block  1  , 2.Valavallan  (R.V)  And  (P)  Kulaikanadar  kudiruppu  Block  2  ,  3.Valavallan (R.V)  And  (P)  KulaikaNadar  Melur  Block  3  ,  999.OVERSEAS  ELECTORS",All  Voters,53,37,248,163,0,0,0,0,0,0,0,0,0,0,0,501,0,3,504,0,10.57884231536926,7.385229540918163,49.50099800399202,32.53493013972056,0.0,0.0,0.0,0.0,0.0,0.0,0.0,All India Anna Dravida Munnetra Kazhagam,248,163,85,Tamilaga Vettri Kazhagam,4,3,5,5,1,5,5,2,5,5,5,5,5,5,5,16.96606786427146,0
93,Vallavallan,Govt.  Hr.  Sec.  School  South  Block  East Portion  Valavallan,"1.Valavallan  (R.V)  And  (P)  Harijan  colony  kupaiadtiradu  street  block  4  , 2.Valavallan  (R.V)  And  (P)  Southsuvar  kudiruppu  Block  5  , 999.OVERSEAS  ELECTORS",All  Voters,44,39,274,361,5,1,0,0,0,0,1,1,1,2,2,731,0,1,732,0,6.019151846785226,5.33515731874145,37.48290013679891,49.3844049247606,0.6839945280437756,0.1367989056087551,0.0,0.0,0.0,0.0,0.1367989056087551,Tamilaga Vettri Kazhagam,361,274,87,All India Anna Dravida Munnetra Kazhagam,4,3,5,8,2,12,8,1,12,12,12,8,8,6,6,11.9015047879617,6
94,Ammalthoppu,"Panchayat  Union  Primary  School,New Building,  Ammalthoppu","1.Valavallan  (R.V)  And  (P)  Poonjsolai  Street  Pudumanai  Block  6  , 2.Valavallan  (R.V)  And  (P)  Pudumanai  Ammalthoppu  Block  6  , 999.OVERSEAS  ELECTORS",All  Voters,60,27,142,315,1,0,0,1,0,5,0,0,1,1,1,554,0,1,555,0,10.83032490974729,4.873646209386282,25.63176895306859,56.85920577617328,0.1805054151624549,0.0,0.0,0.1805054151624549,0.0,0.9025270758122743,0.0,Tamilaga Vettri Kazhagam,315,142,173,All India Anna Dravida Munnetra Kazhagam,4,3,6,11,2,11,11,1,6,5,11,11,6,6,6,31.22743682310469,3
95,Ammalthoppu,"ICDS  Building,  Ammalthoppu","1.Valavallan  (R.V)  And  (P)  Harijan  Colony  Padai  Hoses  Ammalthoppu Block  7  ,  2.Valavallan  (R.V)  And  (P)  Ammalthoppu  Pudumanai  North Block  7  ,  3.Valavallan  (R.V)  And  (P)  Arunthathiyar  Street  Block  7  , 999.OVERSEAS  ELECTORS",All  Voters,89,19,165,288,2,0,1,1,0,0,1,1,0,1,1,569,0,0,569,0,15.6414762741652,3.339191564147628,28.99824253075571,50.61511423550088,0.351493848857645,0.0,0.1757469244288225,0.1757469244288225,0.0,0.0,0.1757469244288225,Tamilaga Vettri Kazhagam,288,165,123,All India Anna Dravida Munnetra Kazhagam,4,3,5,12,2,6,6,1,6,12,12,6,12,6,6,21.61687170474517,3
96,Vallavallan,Panchayat  Union  Primary  School  South  New Building  Vallavallan,"1.Thirupani  Chettiapathu  (R.V),  Valavallan  (P)  Chettiapathu  block  8  , 2.Valavallan  (R.V.)  And  (P)  Water  Tank  Valavallan  R.S.  Puram  Block  9  ,
3.Korkai  (R.V)  And  (P)  Manalur  Chenelmanagar  Block  4  ,  999.OVERSEAS
ELECTORS",All  Voters,69,24,223,141,2,1,0,0,6,0,1,2,0,1,0,470,0,0,470,0,14.68085106382979,5.106382978723404,47.4468085106383,30.0,0.425531914893617,0.2127659574468085,0.0,0.0,1.276595744680851,0.0,0.2127659574468085,All India Anna Dravida Munnetra Kazhagam,223,141,82,Tamilaga Vettri Kazhagam,4,3,6,8,1,11,8,2,11,11,5,6,11,8,11,17.4468085106383,3
97,Eral,"St.Theresa's  Middle  School  old  Building,  Eral","1.Eral  (SGTP)  South  pudumanaistreet  1  ward  10  ,  2.Eral  (SGTP)  North
PudumanaiStreet  2  Ward  10  ,  3.Eral  (SGTP)  ThondaimanStreet  3  Ward  10
,  4.Eral  (SGTP)  VaikalkariStreet  4  Ward  10  ,  5.Eral  (SGTP)
Pathirakaliammankovil  Street  Ward  11  ,  6.Eral  (SGTP)  KannakudiStreet  6 Ward  12  ,  999.OVERSEAS  ELECTORS",All  Voters,216,18,122,172,3,0,2,2,0,1,1,0,0,0,0,537,0,0,537,0,40.22346368715084,3.35195530726257,22.71880819366853,32.02979515828678,0.5586592178770949,0.0,0.37243947858473,0.37243947858473,0.0,0.186219739292365,0.186219739292365,Indian National Congress,216,172,44,Tamilaga Vettri Kazhagam,4,1,5,10,3,6,8,2,6,8,10,10,10,10,10,8.193668528864059,0
98,Eral,"S.T.C.  Primary  School,  Eral.","1.Eral  (SGTP)  Kammalar  Street  1  Ward  5  ,  2.Eral  (SGTP)  Found Achiarymar  Street  2  Ward  11  ,  3.Eral  (SGTP)  Found  mudalimar  Street  3 Ward  11  ,  4.Eral  (SGTP)  VandimalaichiammanKovil  Street  4  Ward  9  ,
5.Eral  (SGTP)  SolaiStreet  5  Ward  10  ,  6.Eral  (SGTP)  Market  Street  6  Ward 9  ,  7.Eral  (SGTP)  Padither  Street  7  Ward  9  ,  8.Eral  (SGTP)  palayangkottai Road  Street  8  Ward  7  ,  9.Eral(SGTP)  V.O.C.  Street  Block  7  ,
999.OVERSEAS  ELECTORS",All  Voters,97,16,229,206,3,0,0,1,4,0,0,0,0,1,1,558,0,2,560,0,17.38351254480287,2.867383512544803,41.03942652329749,36.91756272401434,0.5376344086021506,0.0,0.0,0.1792114695340502,0.7168458781362007,0.0,0.0,All India Anna Dravida Munnetra Kazhagam,229,206,23,Tamilaga Vettri Kazhagam,4,3,6,10,1,10,10,2,7,10,5,10,10,7,7,4.121863799283155,2
99,Eral,"St.Theresa's  Middle  School,  East  Building, West  Portion,  Eral","1.Eral  (SGTP)  Periamanaranadar  street,  street  3  ward  15  ,  2.Eral  (SGTP) PeriamanaraNadar  Street  Ward  13  ,  3.Eral  (SGTP)  Peria  Street  4  Ward  14
,  4.Eral  (SGTP)  Vandikaranadar  Street,  Street  5  Ward  15  ,  5.Eral  (SGTP) Parather  North  Street,  Street  1  Ward  14  ,  6.Eral  (SGTP)  Soosaiapper  Kovil Street,  Street  2  Ward  14  ,  7.Eral  (SGTP)  Soosaiappaer  Kadai  Street  3 Ward  4  ,  8.Eral  (SGTP)  FishersMarket  Acharrymar  Street  4  Ward  4  ,
999.OVERSEAS  ELECTORS",All  Voters,225,22,93,192,0,1,1,1,1,1,0,1,0,0,0,538,0,1,539,0,41.82156133828997,4.089219330855019,17.28624535315985,35.68773234200744,0.0,0.1858736059479554,0.1858736059479554,0.1858736059479554,0.1858736059479554,0.1858736059479554,0.0,Indian National Congress,225,192,33,Tamilaga Vettri Kazhagam,4,1,11,5,3,5,11,2,5,5,5,5,11,11,11,6.133828996282528,1
100,Eral,"St.Theresa's  Middle  School,  East  Building, East  Portion,  Facing  North  Eral","1.Eral  (SGTP)  Narayanasamykovil  Street  Ward  4  ,  2.Eral  (SGTP)
SivankovilStreet  1  Ward  6  ,  3.Eral  (SGTP)  Moopanar  madastreet,  Street  2 Ward  6  ,  4.Eral  (SGTP)  MoopanarMelaStreet,  Street  3  Ward  6  ,  5.Eral
(SGTP)  Uchinimahaliammankovil  Street  4  Ward  7  ,  6.Eral  (SGTP) ThothukudiRoad  Street  6  Ward  13  ,  7.Eral  (SGTP)  Parather  Street,  Ward 13  ,  8.Eral  (SGTP)  ThiruBharathiStreet  8  Ward  7  ,  999.OVERSEAS
ELECTORS",All  Voters,135,27,185,264,0,0,0,1,0,0,0,0,3,0,0,615,0,2,617,0,21.95121951219512,4.390243902439024,30.08130081300813,42.92682926829269,0.0,0.0,0.0,0.1626016260162602,0.0,0.0,0.0,Tamilaga Vettri Kazhagam,264,185,79,All India Anna Dravida Munnetra Kazhagam,4,3,7,7,2,7,7,1,6,7,7,7,5,7,7,12.84552845528455,3
101,Eral,"St.Theresa's  Middle  School,  Beato  Angelo Hall  Facing  south  ,  West  Portion,  Eral","1.Eral  (SGTP)  Chettypillaimar  Street  1  Ward  9  ,  2.Eral  (SGTP)
Sudalaimadasamy  Kovil  Street  2  Ward  11  ,  3.Eral  (SGTP)  Acharrymar
street  3  Ward  11  ,  4.Eral  (SGTP)  Vanuvachettiar  Street  4  Ward  13  ,  5.Eral (SGTP)  Moopanar  Street,  5  Ward  13  ,  6.Eral  (SGTP)  ThoothukudiRoad
Street  6  Ward  12  ,  7.Eral  (SGTP)  Pillaimar  Street,  7  Ward  13  ,  8.Eral (SGTP)  Nadar  3rd  Street  ,  Street  8  Ward  12  ,  9.Eral  (SGTP)  Nadar  4th
Street  Ward  12  ,  10.Eral  (SGTP)  Nadar  1st  Street,  Street  10  Ward  12  ,
11.Eral  (SGTP)  Nadar  5th  Street,  Street  11  Ward  12  ,  999.OVERSEAS ELECTORS",All  Voters,120,33,136,203,1,0,0,1,0,0,0,0,0,0,1,495,0,1,496,0,24.24242424242424,6.666666666666667,27.47474747474747,41.01010101010101,0.202020202020202,0.0,0.0,0.202020202020202,0.0,0.0,0.0,Tamilaga Vettri Kazhagam,203,136,67,All India Anna Dravida Munnetra Kazhagam,4,3,5,8,2,8,8,1,5,8,8,8,8,8,5,13.53535353535354,1
102,Eral,"St.Theresa's  Middle  School,
Beato  Angelo  Hall  Facing  south  ,  East Portion,  Eral","1.Eral  (SGTP)  Nadar  2  Street  ,  Street  Ward  12  ,  2.Eral  (SGTP)
Vadapathirakaliammankovil  Street  Ward  12  ,  3.Eral  (SGTP)  Nattar
Ammankovil  Street  Ward  14  ,  4.Eral  (SGTP)  Odakarai  Street,  Street  5 Ward  14  ,  5.Eral  (SGTP)  Thoothukudi  Road  Ward  14  ,  6.Eral  (SGTP) Nadar  Street  1  Ward  12  ,  7.Eral  (SGTP)  North  PalliMelaStreet  2  Ward  15  , 999.OVERSEAS  ELECTORS",All  Voters,148,28,176,182,0,1,0,0,0,0,0,0,0,0,0,535,0,0,535,0,27.66355140186916,5.233644859813085,32.89719626168225,34.01869158878505,0.0,0.1869158878504673,0.0,0.0,0.0,0.0,0.0,Tamilaga Vettri Kazhagam,182,176,6,All India Anna Dravida Munnetra Kazhagam,4,3,6,5,2,6,6,1,6,6,6,6,6,6,6,1.121495327102804,0
103,Eral,"T.  N.  D.  T.  A.  Middle  School  West  Building, Eral","1.Eral  (SGTP)  North  pallistreet  1  ward  2  ,  2.Eral  (SGTP)  Purukan Mugamathiyar  Street  2  Ward  2  ,  3.Eral  (SGTP)  Veerakaliamman  kovil Street  Ward  2  ,  4.Eral  (SGTP)  Mudalaiar  KeelaStreet  1  Ward  2  ,  5.Eral (SGTP)  Mudaliar  Melastreet  2  Ward  2  ,  999.OVERSEAS  ELECTORS",All  Voters,221,19,114,153,0,0,0,0,0,0,0,7,0,0,1,515,0,2,517,0,42.9126213592233,3.689320388349514,22.13592233009709,29.70873786407767,0.0,0.0,0.0,0.0,0.0,0.0,0.0,Indian National Congress,221,153,68,Tamilaga Vettri Kazhagam,4,1,7,7,3,7,7,2,7,7,7,5,7,7,6,13.20388349514563,8
104,Eral,"T.N.D.T.A  Middle  School,  North  Building, Eral","1.Eral  (SGTP)  Mohamedar  Street  Ward  6  ,  2.Eral  (SGTP)  KeelKattuStreet,
Street  4  Ward  2  ,  3.Eral  (SGTP)  MadaStreet,  1st  lane  ward  3  ,  4.Eral
(SGTP)  Mada  Street  2nd  Lane  Ward  3  ,  5.Eral  (SGTP)  Mada  Street  3rd Lane  Ward  3  ,  6.Eral  (SGTP)  Malaiyaruthan  Street  ward  3  ,  7.Eral  (SGTP) Nadar  Mudukkutheru  Ward  3  ,  999.OVERSEAS  ELECTORS",All  Voters,140,30,101,161,0,1,0,1,0,0,0,1,0,1,1,437,0,1,438,0,32.03661327231121,6.864988558352403,23.11212814645309,36.84210526315789,0.0,0.2288329519450801,0.0,0.2288329519450801,0.0,0.0,0.0,Tamilaga Vettri Kazhagam,161,140,21,Indian National Congress,4,2,10,5,3,10,10,1,5,10,10,5,10,5,5,4.805491990846682,3
105,Eral,"T.  N.  D.  T.  A.  Middle  School  East  Building, Eral","1.Eral  (SGTP)  Vanauvachettier  street  6  ward  4  ,  2.Eral  (SGTP)
ManiakarapillaiStreet  7  Ward  4  ,  3.Eral  (SGTP)  Ganeshapuram  Street  1 Ward  5  ,  4.Eral  (SGTP)  Thirucendur  Road  ,  Street  2  Ward  5  ,  5.Eral
(SGTP)  Moopanar  Street,  Street  3  Ward  5  ,  6.Eral  (SGTP)
Savukaiammankoil  Street  4  Ward  14  ,  7.Eral  (SGTP)  Parather  Street, Center  Street,  1  Ward  14  ,  8.Eral  (SGTP)  Sivankovil  Street,
Uchinimahaliammankovilstreet  Wa  ,  9.Eral  (SGTP)  Sivankovil  Street  5 Ward  5  ,  10.Eral  (SGTP)  Sivankovil  Achairaymar  Street  ,  Street  6  Ward  5  ,
11.Eral  (SGTP)  Mopedariammankovil  Street,  Street  7  Ward  5  ,  12.Eral (SGTP)  AChairaymar  Street,  8  Ward  5  ,  13.Eral  (SGTP)  Thiru
BharathiStreet,  Street  9  Ward  5  ,  999.OVERSEAS  ELECTORS",All  Voters,144,36,242,510,3,1,0,5,0,0,1,0,1,0,0,943,0,3,946,0,15.27041357370095,3.817603393425239,25.6627783669141,54.08271474019089,0.3181336161187699,0.1060445387062566,0.0,0.5302226935312832,0.0,0.0,0.1060445387062566,Tamilaga Vettri Kazhagam,510,242,268,All India Anna Dravida Munnetra Kazhagam,4,3,6,7,2,10,7,1,5,10,10,10,7,10,10,28.41993637327678,1
106,Thiruvaluthi nadarvilai,"T.  N.  D.  T.  A.  Primary  School  West  side, North  Portion  Thiruvaluthinadarvilai","1.Eral  (SGTP)  Main  street  1  ward  8  ,  2.Eral  (SGTP)  South  Street  2  Ward  8
,  3.Eral  (SGTP)  North  Street  3  Ward  8  ,  4.Eral  (SGTP)  Mudukustreet  4 Ward  8  ,  5.Eral  (SGTP)  Mudukustreet  5  Ward  8  ,  6.Eral  (SGTP)  Thiru Chairman  Kovil  Street  6  Ward  7  ,  999.OVERSEAS  ELECTORS",All  Voters,202,41,161,275,0,0,0,0,0,2,0,2,0,1,0,684,0,4,688,0,29.53216374269006,5.994152046783626,23.53801169590643,40.2046783625731,0.0,0.0,0.0,0.0,0.0,0.2923976608187134,0.0,Tamilaga Vettri Kazhagam,275,202,73,Indian National Congress,4,2,8,8,3,8,8,1,8,5,8,5,8,7,8,10.67251461988304,3
107,Soolaivaikal,Hamethia  Primary  School  Soolaivaikal,"1.Kottarakurichi  (R.V),  Soolaivaikal  (P)  Vinayagarpuram  Block  2  , 2.Kottarakurichi  (R.V),  Soolaivaikal  (P)  Devar  Street  Block  2  ,
3.Kottarakurichi  (R.V),  Soolaivaikal  (P)  Maha  ganapathypuram  Block  2,
999.OVERSEAS  ELECTORS",All  Voters,163,9,59,446,1,0,0,0,6,0,0,0,4,1,0,689,0,1,690,0,23.65747460087083,1.306240928882438,8.563134978229318,64.73149492017417,0.1451378809869376,0.0,0.0,0.0,0.8708272859216255,0.0,0.0,Tamilaga Vettri Kazhagam,446,163,283,Indian National Congress,4,2,7,9,3,9,9,1,9,9,5,9,6,7,9,41.07402031930334,5
108,Soolaivaikal,"ICDS  Building  South  Portion,  Soolaivaikal.","1.Kottarakurichi  (R.V),  Soolaivaikal  (P)  Kattalaikudiyerupu  ,
2.Kottarakurichi  (R.V),  Soolaivaikal  (P)  Selvathipuram  ,  3.Kottarakurichi (R.V),  Soolaivaikal  (P)  Mugamathiyar  Street  ,  4.Kottarakurichi  (R.V),
Soolaivaikal  (P)  Jeylanipuram  ,  999.OVERSEAS  ELECTORS",All  Voters,213,20,58,66,1,0,1,0,1,0,0,0,0,0,0,360,0,2,362,0,59.16666666666666,5.555555555555555,16.11111111111111,18.33333333333333,0.2777777777777778,0.0,0.2777777777777778,0.0,0.2777777777777778,0.0,0.0,Indian National Congress,213,66,147,Tamilaga Vettri Kazhagam,4,1,5,8,3,5,8,2,8,8,5,8,8,8,8,40.83333333333334,0
109,"Samathanapuram, Sakkammalpuram","T.  N.  D.  T.  A.  Primary  School,  North Portion,  Samathanapuram Sakkammalpuram","1.Siruthondanallur  (R.V)  And  (P)  Kothalarivilai  Block  1  , 2.Siruthondanallur  (R.V)  And  (P)  Sakkammalpuram  Block  2  , 3.Siruthondanallur  (R.V)  And  (P)  Mottathanvilai  Block  3  ,  999.OVERSEAS ELECTORS",All  Voters,109,28,230,126,0,1,0,0,0,1,0,0,0,1,0,496,0,1,497,0,21.9758064516129,5.64516129032258,46.37096774193548,25.40322580645161,0.0,0.2016129032258064,0.0,0.0,0.0,0.2016129032258064,0.0,All India Anna Dravida Munnetra Kazhagam,230,126,104,Tamilaga Vettri Kazhagam,4,3,8,5,1,8,8,2,8,5,8,8,8,5,8,20.96774193548387,1
110,Siruthondanallur,Arulmigu  Muthumalai  amman  Govt  Hr  Sec School  South  East  building  North  portion Siruthondanallur,"1.Siruthondanallur  (R.V)  And  (P)  Manalur  Block  4  ,  2.Siruthondanallur
(R.V)  And  (P)  Siruthondanallur  Block  5  ,  3.Siruthondanallur  (R.V)  And  (P) Kamaraj  Nallur  Block  6  ,  4.Siruthondanallur  (R.V)  And  (P) Siruthoundanallur  Ammankovil  Street  Block  6  ,  999.OVERSEAS ELECTORS",All  Voters,93,47,228,297,1,2,0,0,0,4,0,1,0,1,2,676,0,1,677,0,13.75739644970414,6.952662721893491,33.72781065088758,43.93491124260355,0.1479289940828402,0.2958579881656805,0.0,0.0,0.0,0.591715976331361,0.0,Tamilaga Vettri Kazhagam,297,228,69,All India Anna Dravida Munnetra Kazhagam,4,3,8,6,2,11,11,1,11,5,11,8,11,8,6,10.20710059171598,4
111,Siruthondanallur,"Panchayat  Union  Primary  School West  Building  North  Portion
Siruthondanallur","1.Siruthondanallur  (R.V)  And  (P)  Siruthondanallur  block  7  , 2.Siruthondanallur  (R.V)  And  (P)  Siruthondanallur  Block  9  and  10  , 999.OVERSEAS  ELECTORS",All  Voters,234,49,176,259,0,1,0,2,1,0,0,0,1,0,1,724,0,2,726,0,32.32044198895028,6.767955801104971,24.30939226519337,35.77348066298342,0.0,0.1381215469613259,0.0,0.2762430939226519,0.1381215469613259,0.0,0.0,Tamilaga Vettri Kazhagam,259,234,25,Indian National Congress,4,2,10,6,3,10,10,1,5,10,6,10,6,10,6,3.45303867403315,2
112,Siruthondanallur,Panchayat  Union  Primary  School  West Building  South  Portion  Siruthondanallur,"1.Siruthondanallur  (R.V)  And  (P)  Acharymar  Street,  Poochivilai  Street Block  8,  2.Siruthondanallur  (R.V)  And  (P)  Siruthondanallur  Block  9  and 10  ,  3.Siruthondanallur  (R.V)  And  (P)  Kottaikaud  Block  11  , 999.OVERSEAS  ELECTORS",All  Voters,280,52,228,307,1,0,0,2,2,0,1,0,3,0,0,876,0,7,883,0,31.9634703196347,5.93607305936073,26.02739726027397,35.04566210045662,0.1141552511415525,0.0,0.0,0.228310502283105,0.228310502283105,0.0,0.1141552511415525,Tamilaga Vettri Kazhagam,307,280,27,Indian National Congress,4,2,8,10,3,10,8,1,6,10,6,10,5,10,10,3.082191780821918,3
113,Pandaravilai,"Hindu  Middle  School,  East  Building Pandaravilai.","1.Perungulam  (TP)  Mannaraianthattu  MelaStreetWard  3  ,  2.Perungulam (TP)  Jothimani  Nadar  Street  Ward  3  ,  3.Perungulam  (TP)  Manikanadar Street  Ward  3  ,  4.Perungulam  (TP)  Pillaiyarkovil  Street1  Ward  11  ,
5.Perungulam  (TP)  Toothukudi  Highwayas  Road  Ward  15  ,  6.Perungulam (TP)  Mannaraian  Thattu1  Ward  15  ,  7.Perungulam  (TP) Mannaraianthattu2  Ward  10  ,8.Perungulam  (TP)  Mannaraianthattu  2 Ward  10  ,  9.Perungulam  (TP)  Lakshmipuram  Street  1,2  Ward  10  , 10.Perungulam  (TP)  Lakshmipuram  STreet  2  Ward  10  ,  11.Perungulam
(TP)  Lakshmipuram  Street  3  Ward  10  ,  12.Perungulam  (TP) SivananthaperumalStreet  Ward  10  ,  13.Perungulam  (TP)
Mannaraianthattu  KovilStreet  Ward  10  ,  14.Perungulam  (TP)  Kurukuvilai
Street  Ward  10  ,  999.OVERSEAS  ELECTORS",All  Voters,116,34,383,130,2,0,0,0,1,0,1,0,2,0,0,669,0,1,670,0,17.33931240657698,5.082212257100149,57.24962630792228,19.43198804185351,0.2989536621823617,0.0,0.0,0.0,0.1494768310911809,0.0,0.1494768310911809,All India Anna Dravida Munnetra Kazhagam,383,130,253,Tamilaga Vettri Kazhagam,4,3,5,9,1,9,7,2,9,9,7,9,5,9,9,37.81763826606876,2
114,Pandaravilai,"Hindu  Middle  School,  Centre  Portion Pandaravilai.","1.Perungulam  (TP)  Mainroad  ward  3  ,2.Perungulam  (TP) Suyambulingasamy  Street  Ward  1  ,  3.Perungulam  (TP) Suyambulingasamy  Street  2  Ward  1  ,  4.Perungulam  (TP) SuyambulingasamyStreet  3  Ward  11  ,  5.Perungulam  (TP) Suyambulingasamy  Street  4  Ward  11  ,  6.Perungulam  (TP) Suyambulingasamy  Street  5  Ward  11  ,  7.Perungulam  (TP) SuyambulingasamyStreet  6  Ward  15  ,  8.Perungulam  (TP) Suyambulingasamy  Street  Ward  15  ,  9.Perungulam  (TP)
SuyambulingasamyStreet  8  Ward  15  ,  999.OVERSEAS  ELECTORS",All  Voters,83,21,363,121,0,0,1,0,0,0,0,0,1,0,0,590,0,2,592,0,14.06779661016949,3.559322033898305,61.52542372881356,20.50847457627118,0.0,0.0,0.1694915254237288,0.0,0.0,0.0,0.0,All India Anna Dravida Munnetra Kazhagam,363,121,242,Tamilaga Vettri Kazhagam,4,3,7,7,1,5,7,2,7,7,7,7,5,7,7,41.01694915254237,1
115,Pannaivilai,Tucker  Hr.  Sec.  School  North  Building  East Side  Facing  South  Pannaivilai,"1.Perungulam  (TP)  KandangerStreetWard  1  ,  2.Perungulam  (TP)  Prachil
Street  Ward  1  ,  3.Perungulam  (TP)  PeriyandiStreet  Ward  1  ,  4.Perungulam (TP)  ManokaranStreet  Ward  1  ,  5.Perungulam  (TP)  Kenady  Street  Ward  1  , 6.Perungulam  (TP)  Kariappa  Street  Ward  1  ,  7.Perungulam  (TP) Aathianantha  Street  Ward  1  ,  8.Perungulam  (TP)  Esak  Iyyer  Street  Ward  1
,  9.Perungulam  (TP)  Thakkar  Iyyer  Street  Ward  1  ,  999.OVERSEAS
ELECTORS",All  Voters,151,31,180,102,0,1,0,0,0,0,0,0,1,1,0,467,0,2,469,0,32.33404710920771,6.638115631691649,38.54389721627409,21.84154175588865,0.0,0.2141327623126338,0.0,0.0,0.0,0.0,0.0,All India Anna Dravida Munnetra Kazhagam,180,151,29,Indian National Congress,4,2,8,5,1,8,8,3,8,8,8,8,5,5,8,6.209850107066381,2
116,Pannaivilai,Tucker  Hr.  Sec.  School  North  Building West  Side  Facing  South  Pannaivilai,"1.Perungulam  (TP)  Thavethu  Nagar  Ward  2  ,  2.Perungulam  (TP)
AnnamalaiStreet  Ward  2  ,  3.Perungulam  (TP)  Lookapuram  Street  Ward  1  , 4.Perungulam  (TP)  AathiappanStreet  Ward  2  ,  5.Perungulam  (TP) Kamarajar  Street  Ward  2  ,  999.OVERSEAS  ELECTORS",All  Voters,100,37,265,135,0,1,1,0,0,0,0,0,0,0,0,539,0,0,539,0,18.55287569573284,6.86456400742115,49.16512059369202,25.04638218923933,0.0,0.1855287569573284,0.1855287569573284,0.0,0.0,0.0,0.0,All India Anna Dravida Munnetra Kazhagam,265,135,130,Tamilaga Vettri Kazhagam,4,3,7,5,1,5,7,2,7,7,7,7,7,7,7,24.11873840445269,0
117,Perunkulam,Panchayat  Union  Middle  School  New Building  Perunkulam,"1.Perungulam  (TP)  SanathiStreet  1  Ward  4  ,  2.Perungulam  (TP)
TheradiStreet  2  Ward  4  ,  3.Perungulam  (TP)  SanathiStreet  4  Ward  4  , 4.Perungulam  (TP)  Pillaimar  Street  West  Street3  Ward  4  ,  5.Perungulam
(TP)  MadathuStreet  5  Ward  4  ,  6.Perungulam  (TP)  Sivankoil  Street  6  Ward 4  ,  7.Perungulam  (TP)  Sivankovil  Theradistreet  1  Ward  -  5  ,  8.Perungulam (TP)  Pillaimar  East  Street  2  Ward  5  ,  9.Perungulam  (TP)
PillaimarmudukuStreet  Ward  5  ,  10.Perungulam  (TP)  MainRoad  Street  4 Ward  5  ,  11.Perungulam  (TP)  Achairymar  West  Street  Ward  5  , 12.Perungulam  (TP)  AcharymarNorth  Street  6  Ward  5  ,  13.Perungulam
(TP)  AcharymarEast  Street  7  Ward  5  ,  14.Perungulam  (TP)
Mutharammankovil  Street  8  Ward  5  ,  15.Perungulam  (TP)  East  yadavar Street  9  Ward  5  ,  16.Perungulam  (TP)  PaneekarStreet  10  Ward  5  , 17.Perungulam  (TP)  ChettimarStreet  11  Ward  5  ,  999.OVERSEAS ELECTORS",All  Voters,101,25,290,167,0,1,0,1,44,4,0,0,2,2,0,637,0,4,641,0,15.85557299843014,3.924646781789639,45.52590266875981,26.21664050235479,0.0,0.1569858712715856,0.0,0.1569858712715856,6.907378335949764,0.6279434850863422,0.0,All India Anna Dravida Munnetra Kazhagam,290,167,123,Tamilaga Vettri Kazhagam,5,3,11,9,1,11,11,2,9,6,4,11,7,7,11,19.30926216640502,4
118,Pannaivilai,"Tucker  Hr  Sec  School  Vocational  Building, South  Portion,  Facing  East,  Pannaivilai","1.Perungulam  (TP)  ThanialStreet  1  Ward  3  ,  2.Perungulam  (TP)  Post  Office Street  2  Ward  3  ,  3.Perungulam  (TP)  High  School  Street  1,2,3  Ward  3  , 4.Perungulam  (TP)  Rice  Mill  Street  4  Ward  3  ,  5.Perungulam  (TP) Arunthadhiar  Street  5  Ward  3  ,  6.Perungulam  (TP)  Vannianoor  West
Street  6Ward  3  ,  7.Perungulam  (TP)  Vannianur  North  Street.  7  Ward  3  , 8.Perungulam  (TP)  Vannianur  Center  Street  8  Ward  3  ,  9.Perungulam  (TP) Narayanasamykovil  Street  9  Ward  3  ,  10.Perungulam  (TP)  VairavanStreet Ward  2  ,  11.Perungulam  (TP)  PerumalkovilStreet  Ward  2  ,
999.OVERSEAS  ELECTORS",All  Voters,144,25,227,133,2,0,0,0,1,0,0,0,1,0,0,533,0,0,533,0,27.01688555347092,4.690431519699812,42.5891181988743,24.953095684803,0.375234521575985,0.0,0.0,0.0,0.1876172607879925,0.0,0.0,All India Anna Dravida Munnetra Kazhagam,227,144,83,Indian National Congress,4,2,5,8,1,8,8,3,8,8,6,8,6,8,8,15.57223264540338,1
119,Pandaravilai,"T.N.D.T.A  Middle  School,  Pandaravilai.","1.Perungulam  (TP)  JebaKoottaStreet  Ward  3  ,  2.Perungulam  (TP)
Pandaravilai  Center  Street  Ward  3  ,  3.Perungulam  (TP)  Jothimaninadar Street  Ward  3  ,  4.Perungulam  (TP)  PillarStreet  Ward  4  ,  5.Perungulam
(TP)  Salai  Street  Ward  4  ,  6.Perungulam  (TP)  PillaiarStreet  Ward  4  , 7.Perungulam  (TP)  Pillaiar  Street  Ward  4  ,  8.Perungulam  (TP) Durairajpuram  Ward  4  ,  9.Perungulam  (TP)  MelaStreet  Ward  4  , 10.Perungulam  (TP)  RajaStreet  Ward  4  ,  11.Perungulam  (TP)  Chitarpuram Ward  4  ,  12.Perungulam  (TP)  Beula  Street  Ward  4  ,  13.Perungulam  (TP)
Gnnamani  Street  Ward  4  ,  14.Perungulam  (TP)  Center  Street  Ward  4  , 15.Perungulam  (TP)  Hindu  School  Street  Ward  4  ,  16.Perungulam  (TP)
Pillaiarkovil  Street  Ward  4  ,  17.Perungulam  (TP)  Pillarkovil  Street  Ward  4  ,
999.OVERSEAS  ELECTORS",All  Voters,159,37,341,119,3,0,0,0,0,0,0,0,0,0,0,659,0,3,662,0,24.12746585735964,5.614567526555387,51.74506828528072,18.05766312594841,0.4552352048558422,0.0,0.0,0.0,0.0,0.0,0.0,All India Anna Dravida Munnetra Kazhagam,341,159,182,Indian National Congress,4,2,5,6,1,6,6,3,6,6,6,6,6,6,6,27.6176024279211,0
120,Perunkulam,"Panchayat  Union  Middle  School  South portion  facing  north,  Perunkulam","1.Perungulam  (TP)  Pandither  Street  11  Ward  6  ,  2.Perungulam  (TP) Yadavar  West  Street  5  Ward  6  ,  3.Perungulam  (TP)  Yadav  RayarSouth Street  9  Ward  6  ,  4.Perungulam  (TP)  South  Pillaimar  Street  6  ,
5.Perungulam  (TP)  South  Bazhar  Street  6  ,  6.Perungulam  (TP)  Thevamar South  Street  Ward  7  ,  7.Perungulam  (TP)  Thevamar  Center  Street  3  Ward 7  ,  8.Perungulam  (TP)  Thevamar  West  Street  2  Ward  6  ,  9.Perungulam
(TP)  Umaiammankovil  Street  4  Ward  7  ,  10.Perungulam  (TP)
Umaiammankovil  North  Street  Ward  7  ,  11.Perungulam  (TP)  Aladiur Melur  South  Street  1  Ward  8  ,  12.Perungulam  (TP)  Aladiur  Melur  North
Street  2  Ward  8  ,  13.Perungulam  (TP)  Aladiur  Keelur  South  Street  3  Ward 8  ,  14.Perungulam  (TP)  Aladiur  Keelur  North  Street  4  Ward  8  , 15.Perungulam  (TP)  Aladiur  Keelur  East  Street  5  Ward  8  ,  16.Perungulam (TP)  Nadour  South  Street  6  Ward  8  ,  17.Perungulam  (TP)  Nadour
NorthsStreet  1  Ward  9  ,  18.Perungulam  (TP)  UshadiurAmmankovil  Street 2  Ward  9  ,  19.Perungulam  (TP)  Udaiadiur  Street  3  Ward  9  , 20.Perungulam  (TP)  KovilurStreet  4  Ward  9  ,  21.Perungulam  (TP) Undialur  North  Street  5  Ward  9  ,  22.Perungulam  (TP)  undeialurSouth
Street  6  Ward  9  ,  23.Perungulam  (TP)  Senkuliur  Street  7  Ward  9  , 24.Perungulam  (TP)  MainRoad  Street  Ward  9  ,  999.OVERSEAS
ELECTORS",All  Voters,96,56,449,292,2,2,0,0,29,3,0,0,2,7,1,939,0,4,943,0,10.22364217252396,5.963791267305645,47.81682641107562,31.09691160809372,0.2129925452609159,0.2129925452609159,0.0,0.0,3.08839190628328,0.3194888178913738,0.0,All India Anna Dravida Munnetra Kazhagam,449,292,157,Tamilaga Vettri Kazhagam,4,3,8,8,1,12,12,2,12,7,5,12,8,6,11,16.71991480298189,10
121,Sivagalai,Hindu  AdiDiravia  Middle  School  South  Side East  Side  Sivakalai,"1.Sivagalai  (R.V)  And  (P)  Sivagalai  parupu  block  10  ,  999.OVERSEAS ELECTORS",All  Voters,96,42,201,179,1,0,0,0,0,7,0,0,0,2,0,528,0,1,529,0,18.18181818181818,7.954545454545454,38.06818181818182,33.90151515151515,0.1893939393939394,0.0,0.0,0.0,0.0,1.325757575757576,0.0,All India Anna Dravida Munnetra Kazhagam,201,179,22,Tamilaga Vettri Kazhagam,4,3,7,8,1,8,8,2,8,5,8,8,8,6,8,4.166666666666666,2
122,Sivagalai,Hindu  Primary  School  South  Block  Eastern Side  Hall  Sivagalai,"1.Sivagalai  (R.V)  And  (P)  Sivagalai  block  1  ,  2.Sivagalai  (R.V)  And  (P) Sivagalai  Block  2  ,  3.Sivagalai  (R.V)  And  (P)  Sivagalai  Block  3  , 999.OVERSEAS  ELECTORS",All  Voters,110,44,419,249,0,1,0,1,0,0,0,1,1,1,0,827,0,3,830,0,13.30108827085852,5.320435308343409,50.66505441354293,30.10882708585248,0.0,0.120918984280532,0.0,0.120918984280532,0.0,0.0,0.0,All India Anna Dravida Munnetra Kazhagam,419,249,170,Tamilaga Vettri Kazhagam,4,3,10,5,1,10,10,2,5,10,10,5,5,5,10,20.55622732769045,3
123,Sivagalai,"Govt  Hr.  Sec.  School,  Annex  Building  East Side  Facing  South,  Sivakalai","1.Sivagalai  (R.V)  And  (P)  Sivagalai  Block  4  ,  2.Sivagalai  (R.V)  And  (P) Sivagalai  Block  5  ,  3.Sivagalai  (R.V)  And  (P)  Sivagalai  Block  6  , 999.OVERSEAS  ELECTORS",All  Voters,95,26,411,137,0,0,0,0,0,2,0,0,0,2,2,675,0,2,677,0,14.07407407407407,3.851851851851852,60.88888888888889,20.29629629629629,0.0,0.0,0.0,0.0,0.0,0.2962962962962963,0.0,All India Anna Dravida Munnetra Kazhagam,411,137,274,Tamilaga Vettri Kazhagam,4,3,8,8,1,8,8,2,8,5,8,8,8,5,5,40.59259259259259,4
124,Sivagalai,"Govt  Hr.  Sec.  School,  West  Building  ,  facing South,  Sivakalai","1.Sivagalai  (R.V)  And  (P)  Sivagalai  Block  7  ,  2.Sivagalai  (R.V)  And  (P)
Sivagalai  Block  8  ,  3.Sivagalai  (R.V)  And  (P)  Sivagalai  Parambo  Block  9  , 999.OVERSEAS  ELECTORS",All  Voters,135,30,255,180,0,1,0,0,1,1,2,0,0,1,3,609,0,1,610,0,22.16748768472906,4.926108374384237,41.87192118226601,29.55665024630542,0.0,0.1642036124794745,0.0,0.0,0.1642036124794745,0.1642036124794745,0.3284072249589491,All India Anna Dravida Munnetra Kazhagam,255,180,75,Tamilaga Vettri Kazhagam,4,3,11,7,1,11,6,2,11,7,7,11,11,7,5,12.31527093596059,4
125,Parakiramapandi,T.  N.  D.  T.  A.  Primary  School  West  Building Parakiramapandi,"1.Parakiramapandi  (R.V)  And  (P)  Samyathu  Block  3  ,  2.Parakiramapandi (R.V)  And  (P)  Annanagar  Block  4  ,  3.Parakiramapandi  (R.V)  And  (P) Aaladiyour  Block  4  ,  4.Parakiramapandi  (R.V)  And  (P)  Muthusamy  Puram Block  4  ,  5.Parakiramapandi  (R.V)  And  (P)  Kulasekara  Natham  Block  5  , 999.OVERSEAS  ELECTORS",All  Voters,90,39,201,166,2,0,0,1,59,23,1,0,0,2,1,585,0,2,587,0,15.38461538461539,6.666666666666667,34.35897435897436,28.37606837606837,0.3418803418803419,0.0,0.0,0.1709401709401709,10.08547008547009,3.931623931623931,0.1709401709401709,All India Anna Dravida Munnetra Kazhagam,201,166,35,Tamilaga Vettri Kazhagam,5,3,7,12,1,12,9,2,9,6,4,12,12,7,9,5.982905982905983,3
126,Parakiramapandi,"Panchayat  Union  Primary School,Parakiramapandi","1.Parakiramapandi  (R.V)  And  (P)  Pottal  block  1  ,  2.Parakiramapandi  (R.V) And  (P)  Parakiramapandi  Block  2  ,  3.KeelPedakai  Kasba  (R.V),
KeelPedakaiappanKovil  (P)  Pottalcolony,  Pottalnadarkudirupu  Block  ,
999.OVERSEAS  ELECTORS",All  Voters,107,47,272,106,0,0,0,0,0,10,0,0,0,0,0,542,0,0,542,0,19.74169741697417,8.671586715867159,50.18450184501845,19.55719557195572,0.0,0.0,0.0,0.0,0.0,1.845018450184502,0.0,All India Anna Dravida Munnetra Kazhagam,272,107,165,Indian National Congress,4,2,6,6,1,6,6,3,6,5,6,6,6,6,6,30.44280442804428,0
127,Perur,T.  N.  D.  T.  A.  Middle  School  South  Wing Ayadurai  Perur,"1.Perur  (R.V)  And  (P)  Sannathi  street  block  1  ,  2.Perur  (R.V)  And  (P)  North Street  Block  1  ,  3.Perur  (R.V)  And  (P)  Middle  Street  Block  2  ,  4.Perur  (R.V) And  (P)  West  Street  Block  2  ,  999.OVERSEAS  ELECTORS",All  Voters,50,10,276,124,2,0,0,0,29,0,0,0,0,0,0,491,0,0,491,0,10.18329938900204,2.036659877800407,56.21181262729124,25.25458248472505,0.4073319755600814,0.0,0.0,0.0,5.906313645621181,0.0,0.0,All India Anna Dravida Munnetra Kazhagam,276,124,152,Tamilaga Vettri Kazhagam,5,3,6,7,1,7,7,2,7,7,4,7,7,7,7,30.95723014256619,0
128,Perur,T.  N.  D.  T.  A.  Middle  School  East  Facing Middle  Room  Ayadurai  Perur,"1.Perur  (R.V)  And  (P)  South  Street  Block  2  ,  2.Perur  (R.V)  And  (P)  Main Road  Block  2  ,  3.Perur  (R.V)  And  (P)  Keelur  Block  2  ,  4.Perur  (R.V)  And  (P) Aayadurai  Block  3  ,  5.Perur  (R.V)  And  (P)  Ambedkar  nagar  Block  3  , 999.OVERSEAS  ELECTORS",All  Voters,100,29,217,112,1,0,0,0,21,1,1,0,0,0,0,482,0,1,483,0,20.74688796680498,6.016597510373444,45.02074688796681,23.23651452282158,0.2074688796680498,0.0,0.0,0.0,4.356846473029045,0.2074688796680498,0.2074688796680498,All India Anna Dravida Munnetra Kazhagam,217,112,105,Tamilaga Vettri Kazhagam,4,3,6,9,1,9,6,2,9,6,5,9,9,9,9,21.78423236514523,0
129,Thirupuliangudi,"T.N.D.T.A.  Primary  School, Thirupuliangudi","1.Thirupuliangudi  (R.V)  And  (P)  Thoppadiyour  Block  1  , 2.Thirupuliangudi  (R.V)  And  (P)  Payrinpapuram  Block  1  ,
3.Thirupuliangudi  (R.V)  And  (P)  Sundarapandiyapuram  Block  1  ,
4.Thirupuliangudi  (R.V)  And  (P)  Thiruppuliangudi  Block  2  , 999.OVERSEAS  ELECTORS",All  Voters,203,43,268,262,0,0,0,0,1,30,1,1,0,0,0,809,0,2,811,0,25.09270704573547,5.315203955500618,33.12731767614338,32.38566131025958,0.0,0.0,0.0,0.0,0.1236093943139678,3.708281829419036,0.1236093943139678,All India Anna Dravida Munnetra Kazhagam,268,262,6,Tamilaga Vettri Kazhagam,4,3,9,9,1,9,6,2,9,5,6,6,9,9,9,0.7416563658838072,1
130,Srivaikuntam,Ulagammal  Anni  Memorial  Middle  School  ( North  Block  )  Srivaikuntam,"1.Srivaikundam  (SGTP)  Tepakulasteet  ward  13  ,  2.Srivaikundam  (SGTP) SakattukaraStreet  Ward  15  ,  3.Srivaikundam  (SGTP)  North  MadaStreet Ward  13  ,  4.Srivaikundam  (SGTP)  South  mada  Veethi  Ward  13  , 5.Srivaikundam  (SGTP)  Sanathi  West  Street  Ward  15  ,  999.OVERSEAS ELECTORS",All  Voters,75,28,235,259,4,1,2,1,20,1,0,0,1,0,0,627,0,2,629,0,11.96172248803828,4.465709728867624,37.48006379585327,41.30781499202552,0.6379585326953748,0.1594896331738437,0.3189792663476874,0.1594896331738437,3.189792663476874,0.1594896331738437,0.0,Tamilaga Vettri Kazhagam,259,235,24,All India Anna Dravida Munnetra Kazhagam,4,3,6,8,2,7,12,1,8,8,5,12,8,12,12,3.827751196172249,1
131,Srivaikuntam,"Panchayat  Union  Middle  School  East Building,  North  Side,  Facing  West, Srivaikundam","1.Srivaikundam  (SGTP)  Pichinarthop  ward  14  ,  2.Srivaikundam  (SGTP) Kosalramnagar  Kanyancolony  Karunanidhi  Nagar  Ward  ,  3.Srivaikundam (SGTP)  Kaneyan  colony  Ward  13  ,  4.Srivaikundam  (SGTP)  Karunanidhi Nagar  Ward  13  ,  5.Srivaikundam  (SGTP)  MelaKottavasalStreet  Ward  14  , 999.OVERSEAS  ELECTORS",All  Voters,118,45,267,347,1,0,1,0,17,41,1,1,2,1,0,842,0,4,846,0,14.01425178147268,5.344418052256532,31.71021377672209,41.21140142517815,0.1187648456057007,0.0,0.1187648456057007,0.0,2.019002375296912,4.86935866983373,0.1187648456057007,Tamilaga Vettri Kazhagam,347,267,80,All India Anna Dravida Munnetra Kazhagam,4,3,8,13,2,8,8,1,13,5,6,8,7,8,13,9.501187648456057,4
132,Srivaikuntam,"Panchayat  Union  Middle  School  East Building,  South  Side,  Facing  west, Srivaikuntam.","1.Srivaikundam  (SGTP)  Sakaratheradi  street  ward  15  ,  2.Srivaikundam
(SGTP)  OasakudiStreet  Ward  15  ,  3.Srivaikundam  (SGTP)  MahaDevarkovil Street  Ward  17,  4.Srivaikundam  (SGTP)  Sanathi  Center  Street  3
Ambalakarastreet  Ward  16  ,  999.OVERSEAS  ELECTORS",All  Voters,100,21,213,191,0,2,0,0,12,0,0,0,1,1,2,543,0,1,544,0,18.41620626151013,3.867403314917127,39.22651933701658,35.17495395948435,0.0,0.3683241252302026,0.0,0.0,2.209944751381215,0.0,0.0,All India Anna Dravida Munnetra Kazhagam,213,191,22,Tamilaga Vettri Kazhagam,4,3,10,6,1,10,10,2,10,10,5,10,8,8,6,4.051565377532229,4
133,Srivaikuntam,"Panchayat  Union  Middle  School  North Building,  West  Side,  Facing  South Srivaikuntam.","1.Srivaikundam  (SGTP)  KeelaKottaivasalStreet  Ward  16  ,  2.Srivaikundam (SGTP)  Sivagamiammankovil  Street  Ward  17  3.Srivaikundam  (SGTP)
Machi  NorthStreet  Ward  16  ,  999.OVERSEAS  ELECTORS",All  Voters,75,14,185,161,0,1,0,2,20,0,1,1,1,0,0,461,0,1,462,0,16.26898047722343,3.036876355748373,40.13015184381779,34.9240780911063,0.0,0.2169197396963124,0.0,0.4338394793926247,4.338394793926247,0.0,0.2169197396963124,All India Anna Dravida Munnetra Kazhagam,185,161,24,Tamilaga Vettri Kazhagam,5,3,11,7,1,11,7,2,6,11,4,7,7,11,11,5.206073752711497,2
134,Srivaikuntam,Haji  Meeyan  Abdul  Kadar  Middle  School  East Building  South  Portion  East  Side  Southwing Srivaikuntam,"1.Srivaikundam  (SGTP)  Kammalastreet  ward  5  ,  2.Srivaikundam  (SGTP) North  Pandither  Street  Ward  5  ,  3.Srivaikundam  (SGTP)  Kuyavarcolony Ward  5  ,  4.Srivaikundam  (SGTP)  Perumpathu  Ward  5  ,  5.Srivaikundam
(SGTP)  Muneercolony  Ward  5  ,  6.Srivaikundam  (SGTP)  Melamathieswaran colony  Ward  5  ,  7.Srivaikundam  (SGTP)  Nagamcolony  West  Ward  5  , 8.Srivaikundam  (SGTP)  Nagam  Puducolony  Ward  5  ,  9.Srivaikundam
(SGTP)  Nagamcolony  Center  Ward  5  ,  10.Srivaikundam  (SGTP)  Nagam colony  East  Ward  5  ,  11.Srivaikundam  (SGTP)  Kadarian  colony  Ward  5  , 12.Srivaikundam  (SGTP)  Indhira  colony  Ward  5  ,  999.OVERSEAS
ELECTORS",All  Voters,105,45,248,242,3,3,3,0,35,46,1,1,0,3,3,738,0,2,740,0,14.22764227642276,6.097560975609756,33.60433604336043,32.79132791327913,0.4065040650406505,0.4065040650406505,0.4065040650406505,0.0,4.742547425474255,6.233062330623306,0.1355013550135501,All India Anna Dravida Munnetra Kazhagam,248,242,6,Tamilaga Vettri Kazhagam,5,3,7,7,1,7,12,2,14,4,6,12,14,7,7,0.8130081300813009,7
135,Srivaikuntam,"Govt  Girls  Hr  Sec,  School  South  Building East  side  Srivaikundam","1.Srivaikundam  (SGTP)  IllatharStreet  Ward  2  ,  2.Srivaikundam  (SGTP) VannarStreet  Ward  2  ,  3.Srivaikundam  (SGTP)  Chinapallivasal  Street Ward  3  ,  4.Srivaikundam  (SGTP)  PeriapallivasalStreet  Ward  3  , 5.Srivaikundam  (SGTP)  PeriapallivasalCenter  Street  Ward  3  , 6.Srivaikundam  (SGTP)  PeriapallivasalSouth  Street  1  Ward  3  , 7.Srivaikundam  (SGTP)  PeriapallivasalSouth  Street  2  Ward  3  , 999.OVERSEAS  ELECTORS",All  Voters,284,19,49,118,1,1,0,0,7,0,1,0,0,1,0,481,0,0,481,0,59.04365904365905,3.950103950103951,10.18711018711019,24.53222453222453,0.2079002079002079,0.2079002079002079,0.0,0.0,1.455301455301455,0.0,0.2079002079002079,Indian National Congress,284,118,166,Tamilaga Vettri Kazhagam,4,1,6,6,3,10,6,2,10,10,5,10,10,6,10,34.51143451143452,1
136,Srivaikuntam,"Govt  Girls  Hr  Sec,  School  South  Building West  side  Facing  North  Srivaikundam","1.Srivaikundam  (SGTP)  Ananthi  ammankovil  Street  Ward  4  , 2.Srivaikundam  (SGTP)  Thirumalanaidu  Street  Ward  14  ,  3.Srivaikundam (SGTP)  North  yadavar  Street  Ward  14  ,  4.Srivaikundam  (SGTP)
Mutharammankovil  Street  Ward  14  ,  5.Srivaikundam  (SGTP)
KeelasanathiStreet  Ward  14  ,  999.OVERSEAS  ELECTORS",All  Voters,122,15,183,209,2,2,0,0,16,1,0,0,1,0,1,552,0,4,556,0,22.10144927536232,2.717391304347826,33.15217391304348,37.86231884057971,0.3623188405797101,0.3623188405797101,0.0,0.0,2.898550724637681,0.1811594202898551,0.0,Tamilaga Vettri Kazhagam,209,183,26,All India Anna Dravida Munnetra Kazhagam,5,3,6,6,2,11,11,1,11,8,4,11,8,11,8,4.710144927536232,2
137,Srivaikuntam,Sri.  Kumara  Gurupara  Swamigal  Hr.  Sec. School  East  Building  South  Side Srivaikundam,"1.Srivaikundam  (SGTP)  NewStreet  NOrth  Ward  4  ,  2.Srivaikundam  (SGTP) VanierStreet  Block  4  ,  3.Srivaikundam  (SGTP)  Newstreet  Block  4  , 4.Srivaikundam  (SGTP)  Savalakarath  Street  Block  4  ,  5.Srivaikundam
(SGTP)  Sayakarastreet  Block  4  ,  6.Srivaikundam  (SGTP)  Mathang
KovilStreet  Block  4  ,  7.Srivaikundam  (SGTP)  South  yadavar  STreet  Block 7  ,  999.OVERSEAS  ELECTORS",All  Voters,65,22,179,230,3,2,1,0,25,0,0,0,1,0,0,528,0,5,533,0,12.31060606060606,4.166666666666666,33.90151515151515,43.56060606060606,0.5681818181818182,0.3787878787878788,0.1893939393939394,0.0,4.734848484848484,0.0,0.0,Tamilaga Vettri Kazhagam,230,179,51,All India Anna Dravida Munnetra Kazhagam,5,3,6,7,2,8,10,1,10,10,4,10,8,10,10,9.659090909090908,1
138,Srivaikuntam,Sree  Kumara  Gurupara  Swamigal  Hr.  Sec. School  East  Building  Middle  Portion Srivaikundam,"1.Srivaikundam  (SGTP)  KovilpathuStreet  1  Ward  5  ,  2.Srivaikundam
(SGTP)  Kovilpathu  Street  2  Ward  5  ,  3.Srivaikundam  (SGTP)  Kovilpathu Street  3  Ward  5  ,  4.Srivaikundam  (SGTP)  Aruanthathiar  colony  Ward  5  , 5.Srivaikundam  (SGTP)  Gurus  Kovil  Street  5  Ward  5  ,  6.Srivaikundam
(SGTP)  Gurus  Kovil  Street  6  Ward  5  ,  999.OVERSEAS  ELECTORS",All  Voters,143,36,182,405,2,1,0,1,25,0,0,1,1,0,1,798,0,3,801,0,17.91979949874687,4.511278195488721,22.80701754385965,50.75187969924813,0.2506265664160401,0.12531328320802,0.0,0.12531328320802,3.132832080200501,0.0,0.0,Tamilaga Vettri Kazhagam,405,182,223,All India Anna Dravida Munnetra Kazhagam,4,3,6,7,2,12,12,1,7,12,5,7,7,12,7,27.94486215538847,3
139,Srivaikuntam,Sri.  Kumara  Gurupara  Swamigal  Hr.  Sec. School  North  Building  East  Wing Srivaikundam,"1.Srivaikundam  (SGTP)  SanthaiadiStreet1  Ward  8  ,  2.Srivaikundam (SGTP)  Mutharammankovil  West  Street  2  Ward  8  ,  999.OVERSEAS ELECTORS",All  Voters,67,27,92,127,1,1,0,0,4,0,0,0,2,0,0,321,0,1,322,0,20.87227414330218,8.411214953271028,28.66043613707165,39.56386292834891,0.3115264797507788,0.3115264797507788,0.0,0.0,1.246105919003115,0.0,0.0,Tamilaga Vettri Kazhagam,127,92,35,All India Anna Dravida Munnetra Kazhagam,4,3,7,7,2,9,9,1,9,9,5,9,6,9,9,10.90342679127726,2
140,Srivaikuntam,"Sri.  Kumara  Gurupara  Swamigal  Hr.  Sec. School  South  Building  West  Portion, Srivaikundam","1.Srivaikundam  (SGTP)  ArasalwarkovilEast  Street  3  Ward  8  , 2.Srivaikundam  (SGTP)  Arasalwarkovil  WestStreet  4  Ward  8  , 3.Srivaikundam  (SGTP)  Sekadistreet  5  Ward  8  ,  999.OVERSEAS ELECTORS",All  Voters,103,23,149,209,1,0,0,1,8,0,3,0,0,0,0,497,0,2,499,0,20.72434607645875,4.627766599597585,29.97987927565392,42.0523138832998,0.2012072434607646,0.0,0.0,0.2012072434607646,1.609657947686117,0.0,0.6036217303822937,Tamilaga Vettri Kazhagam,209,149,60,All India Anna Dravida Munnetra Kazhagam,4,3,7,9,2,9,6,1,7,9,5,9,9,9,9,12.07243460764587,0
141,Srivaikuntam,Sri.  Kumara  Gurupara  Swamigal  Hr.  Sec. School  North  Building  West  Wing Srivaikuntam,"1.Srivaikundam  (SGTP)  Mutharammankovil  south  street  1  ward  7  , 2.Srivaikundam  (SGTP)  MachiSouth  Street  2  Ward  7  ,  3.Srivaikundam (SGTP)  Center  Street  3  Ward  7  ,  4.Srivaikundam  (SGTP)  SalaiStreet
(ThiruvalluvarStreet)  Street  4  Ward  9  ,  5.Srivaikundam  (SGTP)
SathavarStreet  5  Ward  9  ,  999.OVERSEAS  ELECTORS",All  Voters,103,20,149,151,0,0,0,0,20,0,1,1,1,0,1,447,0,2,449,0,23.04250559284116,4.47427293064877,33.33333333333333,33.78076062639821,0.0,0.0,0.0,0.0,4.47427293064877,0.0,0.2237136465324385,Tamilaga Vettri Kazhagam,151,149,2,All India Anna Dravida Munnetra Kazhagam,4,3,10,10,2,10,6,1,10,10,4,6,6,10,6,0.4474272930648769,3
142,Petdurai samypuram,"Kamarajar  Panchayat  Union  primary  School, Facing  north  Petduraisamypuram","1.Srivaikundam  (SGTP)  Nalarajapuram  Ward  6  ,  2.Srivaikundam  (SGTP) Ramanathapuram  Ward  6  ,  3.Srivaikundam  (SGTP)  Lakshmipuram  Ward 6  ,  4.Srivaikundam  (SGTP)  Petduraisamypuram  Ward  6  ,
5.Srivaikundam(SGTP)  Maruthuva  colony  Block  6  ,  999.OVERSEAS
ELECTORS",All  Voters,112,63,274,277,2,0,0,0,1,0,0,1,0,1,1,732,0,3,735,0,15.30054644808743,8.60655737704918,37.43169398907104,37.84153005464481,0.273224043715847,0.0,0.0,0.0,0.1366120218579235,0.0,0.0,Tamilaga Vettri Kazhagam,277,274,3,All India Anna Dravida Munnetra Kazhagam,4,3,5,10,2,10,10,1,10,10,6,6,10,6,6,0.4098360655737705,3
143,Velur  Cusba,"Panchayat  Union  Middle  School  New Building  North  Side,  Facing  West  Velur Cusba","1.Velur  Kasba  (R.V)  And  (P)  West  Street,  East  street,  Centerstreet,  North Str  ,  2.Velur  Kasba  (R.V)  And  (P)  Eastkalam,  West  kalam,  South  Street Block  2  ,  3.Velur  Kasba  (R.V)  And  (P)  Thevamar  South  Street,  Thevar
Street  3  ,  999.OVERSEAS  ELECTORS",All  Voters,76,26,378,308,1,3,0,0,81,0,0,0,1,1,1,876,0,2,878,0,8.67579908675799,2.968036529680365,43.15068493150685,35.15981735159817,0.1141552511415525,0.3424657534246575,0.0,0.0,9.246575342465754,0.0,0.0,All India Anna Dravida Munnetra Kazhagam,378,308,70,Tamilaga Vettri Kazhagam,5,4,7,6,1,11,11,2,11,11,3,11,7,7,7,7.990867579908675,3
144,Velur  Cusba,"Panchayat  Union  Middle  School  New Building,  Facing  West,  South  Side  Velur Kasba","1.Velur  Kasba  (R.V)  And  (P)  West  street  Block  4  ,  2.Velur  Kasba  (R.V)  And
(P)  PandarakudiStreet  Block  4  ,  3.Velur  Kasba  (R.V)  And  (P) KaniyanColony  Block  5  ,  4.Velur  Kasba  (R.V)  And  (P)  Mariammalpuram Block  5  ,  5.Velur  Kasba  (R.V)  And  (P)  Marukaldurai  Block  5  ,  6.Velur Kasba  (R.V)  And  (P)  Navaladiyoor  Block  6  ,  7.Velur  Kasba  (R.V)  And  (P) Thopadiyoor  Block  6  ,  999.OVERSEAS  ELECTORS",All  Voters,40,5,137,121,3,0,0,0,21,13,0,0,1,1,2,344,0,1,345,0,11.62790697674419,1.453488372093023,39.82558139534883,35.17441860465117,0.872093023255814,0.0,0.0,0.0,6.104651162790697,3.77906976744186,0.0,All India Anna Dravida Munnetra Kazhagam,137,121,16,Tamilaga Vettri Kazhagam,6,3,7,11,1,11,11,2,11,5,4,11,9,9,8,4.651162790697675,4
145,"Kettiammalpuram, Velur  Cusba","Panchayat  Union  Primary  School,  New Building,  South  Portion,  Kettiammalpuram, Velur  Kasba","1.Velur  Kasba  (R.V)  And  (P)  Aathalikulam  Block  6  ,  2.Velur  Kasba  (R.V) And  (P)  Ketiammalpuram,  Lakshmipuram  Block  7  ,  999.OVERSEAS ELECTORS",All  Voters,44,34,329,150,0,1,0,0,26,1,0,0,0,0,0,585,0,3,588,0,7.521367521367521,5.811965811965812,56.23931623931624,25.64102564102564,0.0,0.1709401709401709,0.0,0.0,4.444444444444445,0.1709401709401709,0.0,All India Anna Dravida Munnetra Kazhagam,329,150,179,Tamilaga Vettri Kazhagam,4,3,8,6,1,8,8,2,8,6,5,8,8,8,8,30.5982905982906,0
146,Vellur  Pudukudi,"Panchayat  Union  Middle  School,  North  Side West  Building,  Velurpudukudi.","1.Velur  Pudukudi  (R.V),  Srivaikundam  (SGTP)  NellaiThirucendur  Road Street  1  Ward  11  ,  2.Velur  Pudukudi  (R.V),  Srivaikundam  (SGTP) RailwayStation  Street,  Railway  colony  Street  Ward  ,  3.Velur  Pudukudi (R.V),  Srivaikundam  (SGTP)  Sivan,  SaraswathiammankovilStreet  3  Ward 10  ,  4.Velur  Pudukudi  (R.V),  Srivaikundam  (SGTP)  Ualakammalkovil
Street  4  Ward  10  ,  5.Velur  Pudukudi  (R.V),  Srivaikundam  (SGTP)
RajendarStreet  5  Ward  10  ,  6.Velur  Pudukudi  (R.V),  Srivaikundam  (SGTP)
Pillaiarkovil  Street  6  Ward  10  ,  7.Velur  Pudukudi  (R.V),  Srivaikundam
(SGTP)  Karnam  Street  7  Ward  10  ,  8.Velur  Pudukudi  (R.V),  Srivaikundam (SGTP)  ThevarSandu  Street  8  Ward  10  ,  999.OVERSEAS  ELECTORS",All  Voters,99,35,167,264,2,1,0,0,53,0,0,1,0,0,0,622,0,2,624,0,15.91639871382637,5.627009646302251,26.84887459807074,42.44372990353698,0.3215434083601286,0.1607717041800643,0.0,0.0,8.520900321543408,0.0,0.0,Tamilaga Vettri Kazhagam,264,167,97,All India Anna Dravida Munnetra Kazhagam,5,3,6,7,2,9,9,1,9,9,4,7,9,9,9,15.59485530546624,1
147,Vellur  Pudukudi,"Panchayat  Union  Middle  School,  North  Side East  Building,  Velurpudukudi","1.Srivaikundam  (SGTP)  Thiruvadi  Street  Ward  10  ,  2.Srivaikundam
(SGTP)  Ammankovil  Street  Ward  11  ,  3.Srivaikundam  (SGTP)  Sivankovil Street  Ward  11  ,  4.Srivaikundam  (SGTP)  Soundarpandianar  Street  Ward 11  ,  5.Srivaikundam  (SGTP)  VedakovilStreet  Ward  11  ,  6.Srivaikundam
(SGTP)  North  Street  Ward  11  ,  7.Srivaikundam  (SGTP)  Pudukudi  Melur Ward  11  ,  8.Srivaikundam  (SGTP)  Keelapuliangai  colony  Ward  12  , 9.Srivaikundam  (SGTP)  Melapuliangai  colony  Ward  12  ,  10.Srivaikundam (SGTP)  Marthandancolony  Ward  12  ,  11.Srivaikundam  (SGTP)  Thedal colony  Ward  12  ,  12.Srivaikundam  (SGTP)  Mutharkarai  colony  South
Street  Ward  12  ,  13.Srivaikundam  (SGTP)  Mutharkarai  Center  South
colony  Ward  12  ,  14.Srivaikundam  (SGTP)  Mutharkarai  North  colony Ward  10  ,  999.OVERSEAS  ELECTORS",All  Voters,174,39,185,235,0,2,1,1,10,11,0,1,3,2,4,668,0,2,670,0,26.04790419161677,5.838323353293413,27.69461077844311,35.17964071856288,0.0,0.2994011976047904,0.1497005988023952,0.1497005988023952,1.497005988023952,1.646706586826348,0.0,Tamilaga Vettri Kazhagam,235,185,50,All India Anna Dravida Munnetra Kazhagam,4,3,14,9,2,11,14,1,11,5,6,11,8,9,7,7.48502994011976,10
148,Mela  Alwar  thoppu,"Hindu  Middle  School,  South  Building  East Side,
Mela  Alwar  thoppu","1.Sriparangusanallur  (R.V)  And  (P)  Sri  Parangusanallur  Block  1  , 2.Sriparangusanallur  (R.V)  And  (P)  Mela  Alwarthoppu  Block  2  , 3.Sriparangusanallur  (R.V)  And  (P)  MelaAllwartop  Block  3  , 999.OVERSEAS  ELECTORS",All  Voters,71,28,155,96,0,0,1,0,0,0,0,0,1,1,1,354,0,1,355,0,20.05649717514125,7.909604519774012,43.78531073446328,27.11864406779661,0.0,0.0,0.2824858757062147,0.0,0.0,0.0,0.0,All India Anna Dravida Munnetra Kazhagam,155,96,59,Tamilaga Vettri Kazhagam,4,3,9,9,1,5,9,2,9,9,9,9,5,5,5,16.66666666666666,3
149,Mela  Alwar  thoppu,"Hindu  Middle  School  South  Building  West Wing,  Mela  Alwarthoppu","1.Sriparangusanallur  (R.V)  And  (P)  Mela  Alwarthoppu  Block  4  , 2.Sriparangusanallur  (R.V)  And  (P)  MelaAlwarthoppu  Block  5  , 3.Sriparangusanallur  (R.V)  And  (P)  KeelaAlwarthoppu  Block  6  , 999.OVERSEAS  ELECTORS",All  Voters,134,36,275,138,0,1,0,1,0,0,0,1,0,2,0,588,0,2,590,0,22.78911564625851,6.122448979591836,46.7687074829932,23.46938775510204,0.0,0.1700680272108843,0.0,0.1700680272108843,0.0,0.0,0.0,All India Anna Dravida Munnetra Kazhagam,275,138,137,Tamilaga Vettri Kazhagam,4,3,9,6,1,9,9,2,6,9,9,6,9,5,9,23.29931972789116,3
150,Keelpidagai Varadharajapuram,R  .  C.  Primary  School  Samynathapuram Keelpidagai  Varatharajapuram,"1.Keelpidakai  Varatharajapuram  (R.V)  And  (P)  Pattapudhur  block1  , 2.Keelpidakai  Varatharajapuram  (R.V)  And  (P)  Samynathapuram, Thoppur  Block  2  ,  3.Keelpidakai  Varatharajapuram  (R.V)  And  (P) Kailasapuram  Block2  ,  4.Keelpidakai  Varatharajapuram  (R.V)  And  (P)
Thangamalpuram  Block2  ,  5.Keelpidakai  Varatharajapuram  (R.V)  And  (P) Kattyampudhur  Block3  ,  6.Keelpidakai  Varatharajapuram  (R.V)  And  (P) Kaaduvetti  Block  3  ,  7.Keelpidakai  Varatharajapuram  (R.V)  And  (P)
Nalankudi  Block  4  ,  999.OVERSEAS  ELECTORS",All  Voters,95,97,305,239,0,1,0,1,0,14,4,0,2,1,3,762,0,5,767,0,12.46719160104987,12.72965879265092,40.0262467191601,31.36482939632546,0.0,0.1312335958005249,0.0,0.1312335958005249,0.0,1.837270341207349,0.5249343832020997,All India Anna Dravida Munnetra Kazhagam,305,239,66,Tamilaga Vettri Kazhagam,3,4,12,9,1,12,6,2,9,5,12,12,8,9,7,8.661417322834646,6
151,Thulaivilimangalam,"Panchayat  Union  Primary  School  North SideThulaivilimangalam,  Keelpidagai  Kasba,","1.Keelpedakai  Kasbha  (R.V)  And  (P)  Sunganathapuram  Block  1,  , 2.Keelpedakai  Kasbha  (R.V)  And  (P)  Motachikudirupu  Block  2  , 999.OVERSEAS  ELECTORS",All  Voters,14,19,93,96,0,1,0,1,12,0,0,0,0,1,0,237,0,1,238,0,5.907172995780591,8.016877637130802,39.24050632911392,40.50632911392405,0.0,0.4219409282700421,0.0,0.4219409282700421,5.063291139240507,0.0,0.0,Tamilaga Vettri Kazhagam,96,93,3,All India Anna Dravida Munnetra Kazhagam,3,4,9,6,2,9,9,1,6,9,5,9,9,6,9,1.265822784810127,1
152,Sivarama  mangalam,E.Sevai  Maiyam  Sivaramamangalam,"1.KeelPedakaiappanKovil  (R.V)  And  (P)  Sivaramamangalam  Marakudi Block  1  ,  2.KeelPedakaiappanKovil  (R.V)  And  (P)  Velavan  colony  Block  2  , 3.KeelPedakaiappanKovil  (R.V)  And  (P)  Paraian  Colony  Block  3  , 999.OVERSEAS  ELECTORS",All  Voters,62,24,176,252,0,1,0,0,43,1,1,0,2,2,2,566,0,1,567,0,10.95406360424028,4.240282685512367,31.09540636042403,44.52296819787986,0.0,0.176678445229682,0.0,0.0,7.597173144876325,0.176678445229682,0.176678445229682,Tamilaga Vettri Kazhagam,252,176,76,All India Anna Dravida Munnetra Kazhagam,5,3,12,9,2,12,9,1,12,9,4,12,6,6,6,13.42756183745583,6
153,Mangalakurichi,Panchayat  Union  Primary  School Mangalakuruchi,"1.Mangalakurichi  (R.V)  And  (P)  Pillaimaar  Street  Block  1  ,
2.Mangalakurichi  (R.V)  And  (P)  Mavadicolony  North  Street  Block  1  , 3.Mangalakurichi  (R.V)  And  (P)  Mavadi  colony  South  Street  Block  1  , 4.Mangalakurichi  (R.V)  And  (P)  Kelamangalakurichi  Thevamar  colony Block  1  ,  5.Mangalakurichi  (R.V)  And  (P)  Aaththan  Pallam  Block  1, 999.OVERSEAS  ELECTORS",All  Voters,100,52,226,170,1,1,0,0,4,3,0,0,0,0,2,559,0,2,561,0,17.88908765652952,9.30232558139535,40.42933810375671,30.41144901610018,0.1788908765652952,0.1788908765652952,0.0,0.0,0.7155635062611807,0.5366726296958855,0.0,All India Anna Dravida Munnetra Kazhagam,226,170,56,Tamilaga Vettri Kazhagam,4,3,8,8,1,10,10,2,10,6,5,10,10,10,7,10.01788908765653,2
154,"Mela
Mangalakurichi","ICDS  Building,  North  Portion,  Mela Mangalakurichi","1.Mangalakurichi  (R.V)  And  (P)  Melamangalakurichi,  Melakarankudi Block  2  ,  2.Mangalakurichi  (R.V)  And  (P)  Thevarajapuram,  Pungancolony Block  1  ,  999.OVERSEAS  ELECTORS",All  Voters,35,24,138,98,1,0,0,0,4,0,0,0,0,0,0,300,0,0,300,0,11.66666666666667,8.0,46.0,32.66666666666666,0.3333333333333334,0.0,0.0,0.0,1.333333333333333,0.0,0.0,All India Anna Dravida Munnetra Kazhagam,138,98,40,Tamilaga Vettri Kazhagam,4,3,6,7,1,7,7,2,7,7,5,7,7,7,7,13.33333333333333,0
155,Mankottarapuram,Panchayat  Union  Primary  School Mankottarapuram,"1.Keelpidakai  Kasba  (R.V)  And  (P)  Avarankadu  mankottapuram  Block  3  , 999.OVERSEAS  ELECTORS",All  Voters,82,51,156,111,1,0,0,0,1,12,0,0,0,0,1,415,0,2,417,0,19.75903614457831,12.28915662650602,37.59036144578313,26.74698795180723,0.2409638554216868,0.0,0.0,0.0,0.2409638554216868,2.891566265060241,0.0,All India Anna Dravida Munnetra Kazhagam,156,111,45,Tamilaga Vettri Kazhagam,4,3,6,9,1,9,9,2,9,5,6,9,9,9,6,10.8433734939759,1
156,Palkulam,Panchayat  Union  Middle  School  West Building  Palkulam,"1.Thirukkloor  (R.V)  And  (P)  Lakashmpuram  Block  1  ,  2.Thirukkloor  (R.V) And  (P)  Palkulam  Block  2  ,  3.Thirukkloor  (A.V)  And  (P)  Palkulam  Block  3  , 4.Thirukkloor  (R.V)  And  (P)  Thirukkloor  Block  4  ,  999.OVERSEAS ELECTORS",All  Voters,63,40,340,140,2,0,0,0,0,1,0,0,1,4,3,594,0,2,596,0,10.60606060606061,6.734006734006734,57.23905723905723,23.56902356902357,0.3367003367003367,0.0,0.0,0.0,0.0,0.1683501683501683,0.0,All India Anna Dravida Munnetra Kazhagam,340,140,200,Tamilaga Vettri Kazhagam,4,3,7,10,1,10,10,2,10,8,10,10,8,5,6,33.67003367003367,8
157,Tirukalur,Govt  Community  Hall  Tirukalur,"1.Thirukkloor  (R.V)  And  (P)  Thirukkloor  Block  5  ,  2.Thirukkloor  (R.V)  And
(P)  Sokkanoor  Block  6  ,  3.Thirukkloor  (R.V)  And  (P)  Thavasu  Nagar  Block 6  ,  4.Thirukalur  (R.V)  And  (P)  Selvaraj  Nagar  Block  7  ,  999.OVERSEAS ELECTORS",All  Voters,112,73,155,221,0,2,1,1,0,16,2,2,1,1,1,588,0,0,588,0,19.04761904761905,12.41496598639456,26.36054421768708,37.58503401360544,0.0,0.3401360544217687,0.1700680272108843,0.1700680272108843,0.0,2.72108843537415,0.3401360544217687,Tamilaga Vettri Kazhagam,221,155,66,All India Anna Dravida Munnetra Kazhagam,4,3,14,6,2,9,6,1,9,5,14,6,9,9,9,11.22448979591837,5
158,Palkulam,"Panchayat  Union  Middle  School  ,  South Building,  Palkulam","1.Thirukalur  (R.V)  And  (P)  Manalkundu  Block  7  ,  2.Thirukalur  (R.V)  And
(P)  Selvaraj  Nagar  New  Colony  Block  7  ,  3.Thirukalur  (R.V)  And  (P)  V.O.C Nagar  Block  7  ,  4.Thirukalur  (R.V)  And  (P)  Kakkan  Nagar  Block  7  , 999.OVERSEAS  ELECTORS",All  Voters,83,49,127,215,1,1,0,1,1,8,1,0,2,0,1,490,0,3,493,0,16.93877551020408,10.0,25.91836734693878,43.87755102040816,0.2040816326530612,0.2040816326530612,0.0,0.2040816326530612,0.2040816326530612,1.63265306122449,0.2040816326530612,Tamilaga Vettri Kazhagam,215,127,88,All India Anna Dravida Munnetra Kazhagam,4,3,7,7,2,13,7,1,7,5,7,13,6,13,7,17.95918367346939,3
159,Cambellabath,Panchayat  Union  Middle  School  North  Line East  Building  Camelapath,"1.Tirukkaloor  (R.V),  Camebalapath  (P)  Camebalapath  Block  1  , 999.OVERSEAS  ELECTORS",All  Voters,273,21,37,140,0,0,0,0,0,0,0,0,0,0,0,471,0,1,472,0,57.96178343949045,4.45859872611465,7.855626326963907,29.723991507431,0.0,0.0,0.0,0.0,0.0,0.0,0.0,Indian National Congress,273,140,133,Tamilaga Vettri Kazhagam,4,1,5,5,3,5,5,2,5,5,5,5,5,5,5,28.23779193205945,0
160,Cambellabath,"Panchayat  Union  Middle  School  West  side Building,  Facing  north,  Camelapath","1.Tirukkaloor  (R.V),  Camebalapath  (P)  Camebalapath  Block  2  , 2.Tirukkaloor  (R.V),  Camebalapath  (P)  Sriniyapuram  Block  3  , 999.OVERSEAS  ELECTORS",All  Voters,272,26,23,98,0,0,0,0,1,0,6,0,0,0,0,426,0,1,427,0,63.84976525821596,6.103286384976526,5.39906103286385,23.00469483568075,0.0,0.0,0.0,0.0,0.2347417840375587,0.0,1.408450704225352,Indian National Congress,272,98,174,Tamilaga Vettri Kazhagam,3,1,7,7,4,7,5,2,7,7,6,7,7,7,7,40.84507042253522,0
161,Kadayanodai,"T.  N.  D.  T.  A.  Middle  School  West  Blcok, West  Portion,  Kadaiyanodai","1.Kadaiyanodai  (R.V)  And  (P)  Kadaiyanodai  Kasbha  Block  1  ,
2.Kadaiyanodai  (R.V)  And  (P)  Thadiyancolony  Block  2  ,  3.Kadaiyanodai (R.V)  And  (P)  Murugan  colony  Block  3  ,  999.OVERSEAS  ELECTORS",All  Voters,127,23,65,129,1,0,0,0,0,2,0,0,2,1,1,351,0,4,355,0,36.18233618233619,6.552706552706552,18.51851851851852,36.75213675213676,0.2849002849002849,0.0,0.0,0.0,0.0,0.5698005698005698,0.0,Tamilaga Vettri Kazhagam,129,127,2,Indian National Congress,4,2,7,10,3,10,10,1,10,5,10,10,5,7,7,0.5698005698005698,4
162,Kadayanodai,"T.  N.  D.  T.  A.  Middle  School,  West  Block, East  Portion,  Kadaiyanodai","1.Cambalapath  (R.V)  And  (P)  Kadaiyanodai  Block  4  ,  2.Kadaiyanodai  (R.V) And  (P)  Kulathukudiruppu  Block  4  ,  3.Kadaiyanodai  (R.V)  And  (P)
Kadaiyanodai  Block  5  ,  4.Kadaiyanodai  (R.V)  And  (P)  Kadaiyanodai
kasbha  Block  6  ,  999.OVERSEAS  ELECTORS",All  Voters,189,46,108,206,3,2,0,0,0,0,0,0,1,0,0,555,0,4,559,0,34.05405405405406,8.288288288288289,19.45945945945946,37.11711711711712,0.5405405405405406,0.3603603603603603,0.0,0.0,0.0,0.0,0.0,Tamilaga Vettri Kazhagam,206,189,17,Indian National Congress,4,2,5,6,3,8,8,1,8,8,8,8,7,8,8,3.063063063063063,1
163,Themangulam,"T.  N.  D.  T.  A.  Middle  School,
South  Block,North  facing  West  side Themangulam","1.Themaangkulam  (R.V)  And  (p)  Muttharammenkovil  street  block  1  , 2.Themaangkulam  (R.V)  And  (P)  Yathaver  South  Street  Block  2  , 3.Themaangkulam  (R.V)  And  (P)  Maniyam  Colony  Block  3  , 4.Themaangkulam  (R.V)  And  (P)  Maraiaya  colony  Block  4  , 999.OVERSEAS  ELECTORS",All  Voters,71,30,178,97,0,2,1,0,0,3,1,3,1,1,0,388,0,5,393,0,18.29896907216495,7.731958762886598,45.87628865979381,25.0,0.0,0.5154639175257731,0.2577319587628866,0.0,0.0,0.7731958762886598,0.2577319587628866,All India Anna Dravida Munnetra Kazhagam,178,97,81,Tamilaga Vettri Kazhagam,4,3,12,7,1,8,8,2,12,5,12,5,8,8,12,20.87628865979381,5
164,Themangulam,"T.  N.  D.  T.  A.  Middle  School,  North  Portion South  Facing  Building,  Themangulam","1.Themangkulam  (R.V)  And  (P)  Thangaiyapuram  Block  5  , 2.Themaangkulam  (R.V)  And  (P)  Naduvoor  Mulakkarai  Block  6  , 999.OVERSEAS  ELECTORS",All  Voters,131,29,101,176,0,0,0,0,0,21,1,0,0,0,0,459,0,2,461,0,28.54030501089325,6.318082788671024,22.00435729847494,38.34422657952069,0.0,0.0,0.0,0.0,0.0,4.57516339869281,0.2178649237472767,Tamilaga Vettri Kazhagam,176,131,45,Indian National Congress,4,2,7,7,3,7,6,1,7,5,7,7,7,7,7,9.803921568627452,0
165,Sembur,Government  Community  Hall  Sembur,"1.Alahiyamanavalapuram  (R.V)  And  (p)  Semboor  Block  1  , 2.Alahiyamanavalapuram  (R.V)  And  (P)  Semboor  Block  2  , 999.OVERSEAS  ELECTORS",All  Voters,116,35,226,192,0,1,0,0,0,17,7,0,0,1,0,595,0,2,597,0,19.49579831932773,5.88235294117647,37.98319327731092,32.26890756302521,0.0,0.1680672268907563,0.0,0.0,0.0,2.857142857142857,1.176470588235294,All India Anna Dravida Munnetra Kazhagam,226,192,34,Tamilaga Vettri Kazhagam,4,3,9,7,1,9,6,2,9,5,9,9,9,7,9,5.714285714285714,1
166,Sembur,"T.  N.  D.  T.  A.  Primary  School,  South Facing  Building,  Sembur.","1.Alahiyamanavalapuram  (R.V)  And  (P)  Manattoor  block  no  3  , 2.Alahiyamanavalapuram  (R.V)  And  (P)  Subramaniyapuram, thattankulam  block  4  ,  3.Alagiamanavalapuram  (R.V)  And  (P) Gomanthanagar  Block  5  ,  999.OVERSEAS  ELECTORS",All  Voters,53,36,93,105,3,0,2,0,1,6,0,0,0,0,0,299,0,2,301,0,17.7257525083612,12.04013377926421,31.10367892976589,35.11705685618729,1.003344481605351,0.0,0.6688963210702341,0.0,0.3344481605351171,2.006688963210702,0.0,Tamilaga Vettri Kazhagam,105,93,12,All India Anna Dravida Munnetra Kazhagam,4,3,6,9,2,7,9,1,9,5,8,9,9,9,9,4.013377926421405,0
167,Alwarthirunagari,"Hindu  Higher  Secondary  School  North  Side East  Building  Therkurathaveethi  Dr.
Sivanthi  Athithanar  Valagam Alwarthirunagari","1.Alwarthiruneri  (SGTP)  Therukku  Ratha  Veethi  ,  2.Alwarthiruneri  (SGTP) Naryanaswamy  kovil  Street  ,  3.Alwarthiruneri  (SGTP)  Yadavar  Street  3rd street  ,  4.Alwarthiruneri  (SGTP)  Yadavar  4  th  Street  ,  5.Alwarthiruneri
(SGTP)  Yadavar  5th  street  ,  6.Alwarthiruneri  (SGTP)  Yadavar  6  th  Street  , 7.Alwarthiruneri  (SGTP)  Yadavar  7th  Street  ,  8.Alwarthiruneri  (SGTP) Yadavar  Street  8  ,  9.Alwarthiruneri  (SGTP)  Yadavar  9th  Street  ,
10.Alwarthiruneri  (SGTP)  Yadavar  10th  Street  ,  11.Alwarthiruneri  (SGTP) Yadavar  11  street  ,  12.Alwarthiruneri  (SGTP)  Yadavar  12  th  Street  ,
13.Alwarthiruneri  (SGTP)  Yadavar  13  th  Street  ,  999.OVERSEAS
ELECTORS",All  Voters,71,31,240,138,1,0,0,0,2,3,1,1,0,1,2,491,0,4,495,0,14.46028513238289,6.313645621181263,48.87983706720978,28.10590631364562,0.2036659877800407,0.0,0.0,0.0,0.4073319755600814,0.6109979633401221,0.2036659877800407,All India Anna Dravida Munnetra Kazhagam,240,138,102,Tamilaga Vettri Kazhagam,4,3,8,12,1,12,8,2,12,5,6,8,12,8,6,20.77393075356416,4
168,Alwarthirunagari,"Hindu  Higher  Secondary School,Dr.Sadaiyappan  Valagam  Engineering Block,Middle  building  Alwarthirunagari","1.Alwarthiruneri  (SGTP)  Akilandamman  Kovil  Street  ward  9  ,
2.Alwarthiruneri  (SGTP)  Mutharammankovil  Melamudukku  ward14  , 3.Alwarthiruneri  (SGTP)  MutharammamkovilMelastreet  ward14  ,
4.Alwarthiruneri  (SGTP)  Mutharamman  Kovil  Keela  Sanathi  Street ward14  ,  5.Alwarthiruneri  (SGTP)  MachiStreet  ward  14  ,  6.Alwarthiruneri (SGTP)  KeelasanathiStreet  ward14  ,  7.Alwarthiruneri  (SGTP)
VadamPokkistreet  ward  14  ,  8.Alwarthiruneri  (SGTP)  Mundanmudukku Ward  -  8  ,  9.Alwarthiruneri  (SGTP)  Kundu  Street  Ward  -  7  ,
999.OVERSEAS  ELECTORS",All  Voters,106,25,249,208,1,0,0,0,2,1,0,1,1,0,0,594,0,4,598,0,17.84511784511784,4.208754208754209,41.91919191919192,35.01683501683502,0.1683501683501683,0.0,0.0,0.0,0.3367003367003367,0.1683501683501683,0.0,All India Anna Dravida Munnetra Kazhagam,249,208,41,Tamilaga Vettri Kazhagam,4,3,6,10,1,10,10,2,10,6,5,6,6,10,10,6.902356902356903,2
169,Alwarthirunagari,"HIndu  Higher  Secondary  School  East Building  south  Portion  South  car  Street  Dr Sivanthi  Aditanar  Valagam  Alwar
Thirunagari","1.Alwarthiruneri  (SGTP)  Muppdariammankovil  KeelaStreet  , 2.Alwarthiruneri  (SGTP)  Muppdariamman  Kovil  MelaStreet  ,
3.Alwarthiruneri  (SGTP)  VaikkaraiStreet  ,  4.Alwarthiruneri  (SGTP) Yadavar  Street  1  ,  5.Alwarthiruneri  (SGTP)  Yadavar  Street  2  ,
6.Alwarthiruneri  (SGTP)  OathaStreet  ,  7.Alwarthiruneri  (SGTP)  Yadavar North  Street  1  ,  8.Alwarthiruneri  (SGTP)  Yadavar  North  Street  2  ,
9.Alwarthiruneri  (SGTP)  Yadavar  North  Street  3  ,  10.Alwarthiruneri
(SGTP)  Udayavar  MelamadaVeethi  ,  11.Alwarthiruneri  (SGTP)  Udaiyawar
therkkumadaveethi  ,  12.Alwarthiruneri  (SGTP)  Udaivarnorth  Madaveethi  , 13.Alwarthiruneri  (SGTP)  Udaivar  sanathiStreet  ,  999.OVERSEAS ELECTORS",All  Voters,82,38,287,184,1,0,0,1,2,4,2,0,0,0,1,602,0,5,607,0,13.62126245847176,6.312292358803987,47.67441860465117,30.56478405315615,0.1661129568106312,0.0,0.0,0.1661129568106312,0.3322259136212625,0.6644518272425249,0.3322259136212625,All India Anna Dravida Munnetra Kazhagam,287,184,103,Tamilaga Vettri Kazhagam,4,3,8,11,1,11,6,2,8,5,6,11,11,11,8,17.10963455149502,1
170,Alwarthirunagari,"Hindu  Higher  Secondary  School,  New building  Sadaiyappan  Valagam  Binding Room  Alwarthirunagari","1.Alwarthiruneri  (SGTP)  Melarathaveethi  ward  11  ,  2.Alwarthiruneri (SGTP)  MelamadaStreet  ward  11  ,  3.Alwarthiruneri  (SGTP)  Therukku
Madaveethi  ward  11  ,  4.Alwarthiruneri  (SGTP)  Sannathi  Street  Ward  13  , 5.Alwarthiruneri  (SGTP)  Melamadaveethi  ,  6.Alwarthiruneri  (SGTP)
Chitrai  Street  ward  13  ,  7.Alwarthiruneri  (SGTP)  Keelamadaveethai ward13  ,  8.Alwarthiruneri  (SGTP)  North  Madaveethi  ward  13  ,
999.OVERSEAS  ELECTORS",All  Voters,49,26,289,131,1,0,0,0,0,2,0,0,0,0,0,498,0,2,500,0,9.839357429718875,5.220883534136546,58.03212851405623,26.30522088353414,0.2008032128514056,0.0,0.0,0.0,0.0,0.4016064257028112,0.0,All India Anna Dravida Munnetra Kazhagam,289,131,158,Tamilaga Vettri Kazhagam,4,3,6,7,1,7,7,2,7,5,7,7,7,7,7,31.72690763052209,0
171,Alwarthirunagari,"Sri  Subramaniya  Vidhyalayah  Primary School
South  Car  street,  North  facing Alwarthirunagari","1.Alwarthiruneri  (SGTP)  Kuilnintor  Street  Block7  ,  2.Alwarthiruneri
(SGTP)  Mutharammankovil  Keela  Street  ward  7  ,  3.Alwarthiruneri  (SGTP) Keela  Pudu  Street  ward  7  ,  4.Alwarthiruneri  (SGTP)  Mela  Pudu  Street ward  7  ,  5.Alwarthiruneri  (SGTP)  Pathavasal  STreet  ward  10  ,
6.Alwarthiruneri  (SGTP)  Pilladi  colony  ward  10  ,  7.Alwarthiruneri  (SGTP)
Velavan  colony  ward  10  ,  999.OVERSEAS  ELECTORS",All  Voters,99,28,181,220,1,0,0,0,2,5,0,0,0,0,0,536,0,3,539,0,18.47014925373134,5.223880597014925,33.76865671641791,41.04477611940299,0.1865671641791045,0.0,0.0,0.0,0.3731343283582089,0.9328358208955223,0.0,Tamilaga Vettri Kazhagam,220,181,39,All India Anna Dravida Munnetra Kazhagam,4,3,7,8,2,8,8,1,8,5,6,8,8,8,8,7.276119402985075,0
172,Alwarthirunagari,"Hindu  Higher  Secondary  School,  East Building  South  Corner  Class  Room Dr.Sivanthi  Aditanar  Valagam
Alwarthirunagari.","1.Alwarthiruneri  (SGTP)  Melananthavanam  colony  ward  10  ,
2.Alwarthiruneri  (SGTP)  Theppakkulam  colony  ward  12  ,  3.Alwarthiruneri (SGTP)  North  ratha  veethi  ward  12  ,  999.OVERSEAS  ELECTORS",All  Voters,99,23,229,128,0,0,0,0,1,17,8,0,0,0,0,505,0,2,507,0,19.6039603960396,4.554455445544554,45.34653465346535,25.34653465346535,0.0,0.0,0.0,0.0,0.198019801980198,3.366336633663367,1.584158415841584,All India Anna Dravida Munnetra Kazhagam,229,128,101,Tamilaga Vettri Kazhagam,4,3,8,8,1,8,6,2,8,5,7,8,8,8,8,20.0,0
173,Alwarthirunagari,"TNDTA  Middle  School,New Building,Alwarthirunagari","1.Alwarthiruneri  (SGTP)  Kullar  Street  ward  1  ,  2.Alwarthiruneri  (SGTP) Parather  Street  ward  1  ,  3.Alwarthiruneri  (SGTP)  Bharathaiar  Street  ward 5  ,  999.OVERSEAS  ELECTORS",All  Voters,112,28,119,228,3,0,0,1,3,4,0,1,2,0,0,501,0,2,503,0,22.35528942115769,5.588822355289421,23.75249500998004,45.50898203592814,0.5988023952095809,0.0,0.0,0.1996007984031936,0.5988023952095809,0.7984031936127743,0.0,Tamilaga Vettri Kazhagam,228,119,109,All India Anna Dravida Munnetra Kazhagam,4,3,6,11,2,11,11,1,9,5,6,9,8,11,11,21.7564870259481,3
174,Alwarthirunagari,"T.N.D.T.A  Middle  School,  North  Facing Building  West  Side,  Alwarthirunagari.","1.Alwarthiruneri  (SGTP)  kasu  Kadai  Street  ward  5  ,  2.Alwarthiruneri
(SGTP)  Vannakkudi  Street  ward  5  ,  3.Alwarthiruneri  (SGTP)  MathaKovil Street  ward  5  ,  4.Alwarthiruneri  (SGTP)  Nazareth  Road  ward  15  ,
5.Alwarthiruneri  (SGTP)  Mettu  Street  ward  15  ,  999.OVERSEAS
ELECTORS",All  Voters,52,17,131,159,1,0,0,0,12,1,1,2,0,0,2,378,0,3,381,0,13.75661375661376,4.497354497354497,34.65608465608466,42.06349206349206,0.2645502645502645,0.0,0.0,0.0,3.174603174603174,0.2645502645502645,0.2645502645502645,Tamilaga Vettri Kazhagam,159,131,28,All India Anna Dravida Munnetra Kazhagam,4,3,8,11,2,11,8,1,11,8,5,6,11,11,6,7.407407407407407,4
175,Alwarthirunagari,"Meerania  Middle  School,  Facing  west, Alwarthirunagari","1.Alwarthirunagari  (SGTP)  Mohitheen  Street  ward  2  ,  2.Alwarthirunagari (SGTP)  ThaikkaStreet  ward  2  ,  3.Alwarthirunagari  (SGTP)  PallivasalStreet ward  3  ,  999.OVERSEAS  ELECTORS",All  Voters,432,4,21,59,0,0,0,0,0,0,1,0,0,0,1,518,0,3,521,0,83.3976833976834,0.7722007722007722,4.054054054054054,11.38996138996139,0.0,0.0,0.0,0.0,0.0,0.0,0.1930501930501931,Indian National Congress,432,59,373,Tamilaga Vettri Kazhagam,4,1,7,7,3,7,5,2,7,7,7,7,7,7,5,72.00772200772201,1
176,Alwarthirunagari,"Meerania  Middle  School,  East  portion, Alwarthirunagari","1.Alwarthiruneri  (SGTP)  Yusuf  Street  ward  3  ,  2.Alwarthiruneri  (SGTP) Agbar  Street  ward  3  ,  3.Alwarthiruneri  (SGTP)  Therkku  Musilim
MelaStreet  ward4  ,  4.Alwarthiruneri  (SGTP)  South  Musilem  center  Street ward  4  ,  5.Alwarthiruneri  (SGTP)  South  musiiem  Keela  Street  ward  4  ,
6.Alwarthiruneri  (SGTP)  Maravar  North  Street  ward  4  ,  7.Alwarthiruneri
(SGTP)  Maravar  South  Street  ward  4  ,  8.AlwarThirunagari  (SGTP)  Akbar Street  Ward  4  ,  999.OVERSEAS  ELECTORS",All  Voters,348,20,51,171,0,0,0,0,8,0,1,0,2,1,1,603,0,0,603,0,57.71144278606965,3.316749585406302,8.45771144278607,28.35820895522388,0.0,0.0,0.0,0.0,1.326699834162521,0.0,0.1658374792703151,Indian National Congress,348,171,177,Tamilaga Vettri Kazhagam,4,1,10,10,3,10,7,2,10,10,5,10,6,7,7,29.35323383084577,4
177,Athinathapuram,I.  C.  D.  S.  Buildings  Athinathapuram,"1.Aathinathapuram  (R.V)  And  (P)  Aathinathapuram  Block  2  , 2.Aathinathapuram  (R.V)  And  (P)  Puducolony,  karadiuoor,  vannakkudi, Block  3  ,  999.OVERSEAS  ELECTORS",All  Voters,171,36,186,161,0,0,0,0,2,44,7,0,2,0,0,609,0,5,614,0,28.07881773399015,5.911330049261084,30.54187192118227,26.4367816091954,0.0,0.0,0.0,0.0,0.3284072249589491,7.224958949096879,1.149425287356322,All India Anna Dravida Munnetra Kazhagam,186,171,15,Indian National Congress,5,2,9,9,1,9,6,3,9,4,7,9,7,9,9,2.463054187192118,2
178,Nava lakshmipuram,"Panchayat  Union  Primary  School,  New Building,  Navalakshmipuram.","1.Aathinathapuram  (R.V)  And  (P)  Thamba  pillaithoppu  Block  1  , 999.OVERSEAS  ELECTORS",All  Voters,64,39,118,101,1,1,0,0,0,0,0,0,1,0,2,327,0,2,329,0,19.57186544342508,11.92660550458716,36.08562691131498,30.8868501529052,0.3058103975535168,0.3058103975535168,0.0,0.0,0.0,0.0,0.0,All India Anna Dravida Munnetra Kazhagam,118,101,17,Tamilaga Vettri Kazhagam,4,3,6,6,1,9,9,2,9,9,9,9,6,9,5,5.198776758409786,3
179,Malavarayanatham,T.  N.  D.  T.  A.  Primary  School Malavarayanattham,"1.Malavarayanatham  (R.V)  And  (P)  Malavarayanatham  North  Street  Block 1  ,  2.Malarayanatham  (R.V)  And  (P)  MalarayanathamMelakcolony  Block  2
,  3.Malarayanatham  (R.V)  And  (P)  MalarayanathamKeelakcolony  Block  2  ,
999.OVERSEAS  ELECTORS",All  Voters,139,52,232,234,1,3,0,1,8,8,6,0,4,0,0,688,0,1,689,0,20.20348837209302,7.55813953488372,33.72093023255814,34.01162790697674,0.1453488372093023,0.436046511627907,0.0,0.1453488372093023,1.162790697674419,1.162790697674419,0.872093023255814,Tamilaga Vettri Kazhagam,234,232,2,All India Anna Dravida Munnetra Kazhagam,4,3,10,9,2,12,7,1,10,5,5,12,8,12,12,0.2906976744186047,4
180,Udayarkulam,T.  N.  D.  T.  A.  St.Paul’s  Middle  School West  Side  Udaiarkulam,"1.Udaiyarkulam  (R.V)  And  (p)  Senkulam  block  1  ,  2.Udaiyarkulam  (R.V) And  (P)  Udaiyarkulam  Block  2  ,  3.Udaiyarkulam  (R.V)  And  (P) Udaiyarkulam  Block  3  ,  4.Udaiyarkulam  (R.V)  And  (P)  Udaiyarkulam Block  4  ,  5.Udaiyarkulam  (R.V)  And  (P)  Udaiyarkulam  Block  5  , 6.Udaiyarkulam  (R.V)  And  (P)  Chinamathicoodal  Block  6  , 999.OVERSEAS  ELECTORS",All  Voters,189,76,162,356,2,4,1,0,8,45,0,2,1,2,2,850,0,5,855,0,22.23529411764706,8.941176470588236,19.05882352941176,41.88235294117647,0.2352941176470588,0.4705882352941176,0.1176470588235294,0.0,0.9411764705882352,5.294117647058823,0.0,Tamilaga Vettri Kazhagam,356,189,167,Indian National Congress,4,2,8,7,3,12,14,1,14,5,6,8,12,8,8,19.64705882352941,7
181,Keelavellamadam,"T.  N.  D.  T.  A.  Primary  School  New  Building North  Portion,  Facing  west  Keelavellamadam","1.Vellamadam  (R.V)  And  (P)  VellamadamKasbha  Block  1  ,  2.Vellamadam (R.V)  And  (P)  Velamadam  kasbha  Block  2  ,  3.Vellamadam  (R.V)  And  (P) East  Vellamadam  Kasbha  Block  3  ,  999.OVERSEAS  ELECTORS",All  Voters,150,84,281,272,2,5,1,0,1,17,0,2,2,1,0,818,0,1,819,0,18.33740831295844,10.26894865525672,34.3520782396088,33.25183374083129,0.2444987775061125,0.6112469437652812,0.1222493887530562,0.0,0.1222493887530562,2.078239608801956,0.0,All India Anna Dravida Munnetra Kazhagam,281,272,9,Tamilaga Vettri Kazhagam,4,3,7,6,1,10,13,2,13,5,10,7,7,10,13,1.100244498777506,5
182,KeelaVellamadam,"TNTDA  Primary  School,New  Building  North Side,Keelavellamadam","1.Vellamadam  (R.V)  And  (P)  Muthalaimozhi  MainRoad  Keelapudukulam Block  4  ,  2.Themangkulam  (A.V)  And  (P)  Nochikulam  Kilaputhukulam Block  4  ,  3.Vellamadam  (R.V)  And  (P)  Pillaiyanmanai
Vadakur(Pudukulam)  Block  4  ,  4.Thamaankulam(R.V)  And  (P) Sornampudur  Block  8  ,  5.Thamaankulam  (A.V)  And  (P)  Government Nagar  Block  8  ,  6.Thamaankulam  (R.V)  And  (P)  Subramaniapuram  Block 8  ,  7.Vallamadam  (R.V)  And  (P)  Kuppapuram  Block  9  ,  999.OVERSEAS
ELECTORS",All  Voters,79,42,97,218,0,1,1,0,1,7,2,0,2,0,1,451,0,0,451,0,17.51662971175166,9.312638580931264,21.50776053215078,48.33702882483371,0.0,0.221729490022173,0.221729490022173,0.0,0.221729490022173,1.552106430155211,0.4434589800443459,Tamilaga Vettri Kazhagam,218,97,121,All India Anna Dravida Munnetra Kazhagam,4,3,12,8,2,8,6,1,12,5,8,12,6,12,8,26.82926829268293,3
183,Pillaiyanmanai,"G.  V.  Gnanamuthu  T.  N.  D.  T.  A.  Middle School
North  portion  Facing  east,  Pillainmanai.","1.Velamadam  (R.V)  And  (P)  Pillaiyanmanai  Block  6  ,  2.Velamadam  (R.V) And  (P)  Thiruvenkadam  Block  7  ,  3.Velamadam  (R.V)  And  (P)  Vedapuram Block  7  ,  4.Vellamadam  (R.V)  And  (P)  Kovil  Kudiyeruppu  Block  7  , 5.Vellamadam  (R.V)  And  (P)  Walasubramaniapuram  Block  8  ,
6.Vellamadam(R.V)  And  (P)  Vaithilingapuram  Block  8  ,  999.OVERSEAS
ELECTORS",All  Voters,209,82,143,208,4,0,1,0,40,1,0,0,1,1,0,690,0,1,691,0,30.28985507246377,11.88405797101449,20.72463768115942,30.14492753623189,0.5797101449275363,0.0,0.1449275362318841,0.0,5.797101449275362,0.1449275362318841,0.0,Indian National Congress,209,208,1,Tamilaga Vettri Kazhagam,4,1,6,11,3,7,11,2,11,7,5,11,7,7,11,0.1449275362318841,2
184,Pillaiyanmanai,"G.  V.  Gnanamuthu  T.  N.  D.  T.  A.  Middle School
South  portion  facing  East  Pillaianmanai.","1.Velamadam(R.V)  And  (P)  Pillaianmanai  Block  5  ,  2.Vellamadam  (R.V), Themankulam  (P)  Mudalaimoli  Block  7  ,  999.OVERSEAS  ELECTORS",All  Voters,134,23,101,154,1,0,1,3,0,12,0,0,1,0,1,431,0,2,433,0,31.09048723897912,5.336426914153132,23.4338747099768,35.7308584686775,0.2320185614849188,0.0,0.2320185614849188,0.6960556844547563,0.0,2.784222737819025,0.0,Tamilaga Vettri Kazhagam,154,134,20,Indian National Congress,4,2,7,11,3,7,11,1,6,5,11,11,7,11,7,4.640371229698376,2
185,Kurippankulam,T.  N.  D.  T.  A.  Primary  School  Kurippankulam,"1.Kurippankulam  (R.V)  And  (p)  Veppankulam  block  1  ,  2.Kurippankulam (R.V)  (P)  Vakaikulam  Block  2  ,  3.Kurippankulam  (R.V)  And  (P) Kurippankulam  colony  Block  3  ,  4.Kurippankulam  (R.V)  And  (P)
Marakkudi  Block  4  ,  5.Kurippankulam  (R.V)  And  (P)  Kurippankulam
Block  6  ,  999.OVERSEAS  ELECTORS",All  Voters,65,32,92,160,0,3,0,1,5,5,0,0,0,0,1,364,0,5,369,0,17.85714285714286,8.791208791208792,25.27472527472527,43.95604395604396,0.0,0.8241758241758242,0.0,0.2747252747252747,1.373626373626374,1.373626373626374,0.0,Tamilaga Vettri Kazhagam,160,92,68,All India Anna Dravida Munnetra Kazhagam,4,3,10,7,2,10,10,1,8,5,5,10,10,10,8,18.68131868131868,1
186,Sinnamadan kudieruppu,T.  N.  D.  T.  A.  Middle  School  Cinnamadan Kudieruppu,"1.Kurippankulam  (R.V)  And  (p)  Pudupacherry  block  6  ,  2.Kurippankulam (R.V)  And  (P)  Chinamadan  kudiruppu  Block  7  ,  3.Kurippankulam  (R.V) And  (P)  Chinamadan  kudiruppu  Block  8  ,  999.OVERSEAS  ELECTORS",All  Voters,64,97,153,184,2,0,0,1,30,0,1,0,0,2,0,534,0,2,536,0,11.98501872659176,18.16479400749064,28.65168539325843,34.45692883895131,0.3745318352059925,0.0,0.0,0.1872659176029963,5.617977528089887,0.0,0.1872659176029963,Tamilaga Vettri Kazhagam,184,153,31,All India Anna Dravida Munnetra Kazhagam,3,4,6,10,2,10,8,1,8,10,5,10,10,6,10,5.805243445692884,2
187,Therkkankulam,Panchayat  Union  Primary  School  New Building  Therkkankulam,"1.Meerankulam  1(R.V)  And  (p)  Vasavappaneri  block  1  ,  2.Meerankulam  1 (R.V)  And  (P)  Therkkankulam  Block  2  ,  999.OVERSEAS  ELECTORS",All  Voters,93,108,316,184,7,5,2,3,9,0,2,5,2,10,6,752,0,6,758,0,12.36702127659574,14.36170212765958,42.02127659574468,24.46808510638298,0.9308510638297872,0.6648936170212766,0.2659574468085106,0.398936170212766,1.196808510638298,0.0,0.2659574468085106,All India Anna Dravida Munnetra Kazhagam,316,184,132,Tamilaga Vettri Kazhagam,3,4,7,9,1,12,12,2,11,15,6,9,12,5,8,17.5531914893617,23
188,Meerankulam,"T.N.D.T.A  MiddleSchool,  west  Building south  portion,  Meerankulam","1.Meerankulam  2  (R.V)  And  (P)  Meerankulam  Nadar  Natham  Block  5  , 999.OVERSEAS  ELECTORS",All  Voters,224,107,115,150,1,0,0,0,2,0,1,0,0,1,0,601,0,2,603,0,37.2712146422629,17.8036605657238,19.13477537437604,24.95840266222962,0.1663893510815308,0.0,0.0,0.0,0.3327787021630615,0.0,0.1663893510815308,Indian National Congress,224,150,74,Tamilaga Vettri Kazhagam,4,1,6,9,3,9,6,2,9,9,5,9,9,6,9,12.31281198003328,1
189,Meerankulam,"T.N.D.T.A  Middle  School,  West  Building North  portion,  Meerankulam.","1.Meerankulam  (R.V)  And  (p)  Meerankulam  pillaiyar  natham  block  6  ,
2.  Meerankulam  (R.V)  And  (p)  Meerankulam  North  Street  Harijan  colony Block  5,
999.OVERSEAS  ELECTORS",All  Voters,91,54,89,143,0,0,0,0,4,0,0,0,0,0,0,381,0,0,381,0,23.88451443569554,14.17322834645669,23.35958005249344,37.53280839895013,0.0,0.0,0.0,0.0,1.049868766404199,0.0,0.0,Tamilaga Vettri Kazhagam,143,91,52,Indian National Congress,4,2,6,6,3,6,6,1,6,6,5,6,6,6,6,13.64829396325459,0
190,Perumalkulam,"Panchyat  union  Middle  School  east  building North  Portion,  Perumalkulam","1.Meerankulam  (R.V)  And  (p)  Maravar  colony  block  3  ,  2.Meerankulam (R.V)  And  (P)  Perumalkulam  Block  4  ,  999.OVERSEAS  ELECTORS",All  Voters,75,54,299,226,0,1,0,1,0,0,1,0,1,0,0,658,0,2,660,0,11.39817629179331,8.206686930091186,45.44072948328267,34.34650455927052,0.0,0.1519756838905775,0.0,0.1519756838905775,0.0,0.0,0.1519756838905775,All India Anna Dravida Munnetra Kazhagam,299,226,73,Tamilaga Vettri Kazhagam,4,3,9,5,1,9,5,2,5,9,9,9,5,9,9,11.09422492401216,1
191,Asirvathapuram,"T.N.D.T.A  Higher  secondary  School,  New administrative  Block  east  portion, Asirvathapuram","1.Srivenkateshwarapuram  (R.V)  And  (p)  Asirwathapuram  block  1  , 2.Srivenkateshwarapuram  (R.V)  And  (P)  Kurukkal  Block  1  , 3.Srivenkateswarapuram  (R.V)  And  (P)  Salaipudur  Block  2  , 999.OVERSEAS  ELECTORS",All  Voters,149,39,146,159,1,0,0,0,0,0,0,0,1,0,2,497,0,0,497,0,29.97987927565392,7.847082494969819,29.37625754527163,31.99195171026157,0.2012072434607646,0.0,0.0,0.0,0.0,0.0,0.0,Tamilaga Vettri Kazhagam,159,149,10,Indian National Congress,4,2,6,8,3,8,8,1,8,8,8,8,6,8,5,2.012072434607646,3
192,Saveriapuram,R.  C.  Middle  School  North  Building Saveriarpuram,"1.Srivenkateshwarapuram(R.V)  And  (P)  Santhosapuram  Block  5  , 2.Srivenkateshwarapuram  (R.V)  And  (P)  Xaviorpuram  Block  5  , 3.Srivenkateshwarapuram  (R.V)  And  (P)  Senkulam  Block  5  , 999.OVERSEAS  ELECTORS",All  Voters,201,50,99,238,2,1,0,0,0,1,1,0,3,1,2,599,0,2,601,0,33.5559265442404,8.347245409015025,16.52754590984975,39.73288814691152,0.333889816360601,0.1669449081803005,0.0,0.0,0.0,0.1669449081803005,0.1669449081803005,Tamilaga Vettri Kazhagam,238,201,37,Indian National Congress,4,2,6,8,3,12,8,1,12,8,12,12,5,8,6,6.176961602671119,6
193,Peikulam,"Panchyat  union  Middle  School,  South Building,  West  Portion,  Facing  North, Peikulam","1.Srivenkateshwarapuram  (R.V)  And  (P)  Srivenkateshwarapuram  Block  3
,  2.Srivenkateshwarapuram  (R.V)  And  (P)  Kalliadappu  Block  3  , 3.Srivenkateshwarapuram  (R.V)  And  (P)  Thommaiyarpuram  Block  3  , 999.OVERSEAS  ELECTORS",All  Voters,161,73,392,275,0,2,1,1,1,0,0,0,1,3,4,914,0,5,919,0,17.61487964989059,7.986870897155361,42.88840262582057,30.0875273522976,0.0,0.2188183807439825,0.1094091903719912,0.1094091903719912,0.1094091903719912,0.0,0.0,All India Anna Dravida Munnetra Kazhagam,392,275,117,Tamilaga Vettri Kazhagam,4,3,12,7,1,8,12,2,8,12,8,12,8,6,5,12.80087527352298,8
194,Peikulam,"Panchyat  Union  middle  School,  New  S.S.A building  east  portion,  Peikulam","1.Srivenkateshwarapuram  (R.V)  And  (P)  Ganapathinagar  Block  3  , 2.Srivenkateshwarapuram  (R.V)  And  (P)  Srivenkateshwarapuram  South Block  3  ,  3.Srivenkateshwarapuram  (R.V)  And  (P)  Paieykulam South,Melapanaikulam  Block  4  ,  999.OVERSEAS  ELECTORS",All  Voters,108,61,316,251,1,0,0,2,0,0,1,0,1,1,3,745,0,3,748,0,14.49664429530201,8.187919463087248,42.41610738255034,33.69127516778524,0.1342281879194631,0.0,0.0,0.2684563758389262,0.0,0.0,0.1342281879194631,All India Anna Dravida Munnetra Kazhagam,316,251,65,Tamilaga Vettri Kazhagam,4,3,7,11,1,11,7,2,6,11,11,11,7,7,5,8.724832214765101,5
195,Palaniappapuram,"T.N.D.T.A  Middle  School  New  south  building, North  portion,  Palaniappapuram","1.Karungkadal  (R.V)  And  (p)  Palaniappapuram  block  1  ,  2.Karunkadal (R.V)  And  (P)  Palaniappapuram  Block  2  ,  999.OVERSEAS  ELECTORS",All  Voters,188,102,296,254,2,1,1,0,2,0,1,0,2,1,2,852,0,2,854,0,22.06572769953052,11.97183098591549,34.74178403755869,29.81220657276995,0.2347417840375587,0.1173708920187793,0.1173708920187793,0.0,0.2347417840375587,0.0,0.1173708920187793,All India Anna Dravida Munnetra Kazhagam,296,254,42,Tamilaga Vettri Kazhagam,4,3,5,9,1,9,9,2,13,13,5,13,5,9,5,4.929577464788732,5
196,Virakkulam,Hindu  Primary  School  Virakkulam,"1.Karungkadal  (R.V)  And  (p)  Virakkulam  block  10  ,  2.Karungadal  (R.V) And  (P)  Prandakulam  Block  10  ,  999.OVERSEAS  ELECTORS",All  Voters,58,29,104,103,0,0,0,0,1,0,0,0,0,0,0,295,0,1,296,0,19.66101694915254,9.830508474576272,35.25423728813559,34.91525423728813,0.0,0.0,0.0,0.0,0.3389830508474576,0.0,0.0,All India Anna Dravida Munnetra Kazhagam,104,103,1,Tamilaga Vettri Kazhagam,4,3,6,6,1,6,6,2,6,6,5,6,6,6,6,0.3389830508474576,0
197,"Semman
Kudieruppu",Evanjealical  C.  M.  S  Primary  School  Semman Kudieruppu,"1.Karungkadal  (R.V)  And  (p)  Semmenkudiruppu  block  3  ,  2.Karungkadal (R.V)  And  (P)  Arulur  Block  3  ,  3.Karungkadal  (R.V)  And  (P) Ketampenkulam  Block  3  ,  999.OVERSEAS  ELECTORS",All  Voters,104,48,111,200,0,0,0,0,0,0,0,2,1,1,0,467,0,1,468,0,22.26980728051392,10.27837259100642,23.76873661670236,42.82655246252677,0.0,0.0,0.0,0.0,0.0,0.0,0.0,Tamilaga Vettri Kazhagam,200,111,89,All India Anna Dravida Munnetra Kazhagam,4,3,8,8,2,8,8,1,8,8,8,5,6,6,8,19.05781584582441,4
198,Puliankulam,"Panchyat  Union  middle  School  East building  North  portion,  Puliankulam","1.Karungkadal  (R.V)  And  (P)  MelaPuleyangkulam  Block  4  ,  2.Karungkadal (R.V)  And  (p)  KeelaPuleyangkulam  Block  5  ,  3.Karungkadal  (R.V)  And  (p) Ilamalkulam  Nadar  Street  Block  6  ,  999.OVERSEAS  ELECTORS",All  Voters,96,55,196,211,0,2,2,0,3,1,0,0,2,1,0,569,0,2,571,0,16.87170474516696,9.666080843585236,34.44639718804921,37.08260105448154,0.0,0.351493848857645,0.351493848857645,0.0,0.5272407732864675,0.1757469244288225,0.0,Tamilaga Vettri Kazhagam,211,196,15,All India Anna Dravida Munnetra Kazhagam,4,3,11,6,2,6,11,1,11,9,5,11,6,9,11,2.636203866432338,3
199,Mela  Karungkadal,T.  N.  D.  T.  A.  Middle  School  North  Building Mela  Karunkadal,"1.Karungkadal  (R.V)  And  (P)  Karungkadal  Block  9  ,  999.OVERSEAS ELECTORS",All  Voters,257,73,57,122,0,0,0,0,0,0,0,0,2,0,1,512,0,2,514,0,50.1953125,14.2578125,11.1328125,23.828125,0.0,0.0,0.0,0.0,0.0,0.0,0.0,Indian National Congress,257,122,135,Tamilaga Vettri Kazhagam,3,1,7,7,4,7,7,2,7,7,7,7,5,7,6,26.3671875,3
200,Keelapanaikulam,T.  N.  D.  T.  A.  Primary  School Keelapanaikulam.,"1.Karungkadal  (R.V)  And  (P)  Keelaipanaikulam  Block  11  ,  2.Karungkadal (R.V)  And  (P)  Melapanaikulam  Bolock  11  ,  999.OVERSEAS  ELECTORS",All  Voters,147,69,56,104,0,1,0,0,1,1,0,0,0,0,0,379,0,3,382,0,38.78627968337731,18.20580474934037,14.77572559366755,27.44063324538259,0.0,0.2638522427440633,0.0,0.0,0.2638522427440633,0.2638522427440633,0.0,Indian National Congress,147,104,43,Tamilaga Vettri Kazhagam,3,1,8,5,4,8,8,2,8,5,5,8,8,8,8,11.34564643799472,0
201,KeelaKarungadal,"Panchyat  Union  Primary  School,  South building,  Keela  Karunkadal","1.Karungkadal  (R.V)  And  (P)  South  Elamankulam  Block  7  ,
2.Karungkadal  (R.V)  And  (P)  KeelaKarungkadal  Block  8  ,  3.Karungkadal
(R.V)  And  (P)  Elamankulam  Main  Road  Block  7  ,  4.Karungkadal  (R.V)  And
(P)  Narthankurichi  Block  7  ,  999.OVERSEAS  ELECTORS",All  Voters,85,28,173,240,0,2,1,0,5,2,0,1,2,0,2,541,0,6,547,0,15.71164510166358,5.175600739371535,31.97781885397412,44.36229205175601,0.0,0.3696857670979667,0.1848428835489834,0.0,0.9242144177449169,0.3696857670979667,0.0,Tamilaga Vettri Kazhagam,240,173,67,All India Anna Dravida Munnetra Kazhagam,4,3,12,6,2,10,12,1,12,6,5,10,6,12,6,12.38447319778188,5
202,Ambalaseri,"Panchyat  Union  Middle  School,  old  building, Ambalaseri","1.Kattarimangalam  (R.V)  And  (P)  Ambalacherry  Block  1  , 2.Kattarimangalam  (R.V)  And  (P)  Ambalacherry  Block  2  ,  999.OVERSEAS ELECTORS",All  Voters,125,73,258,207,1,2,2,7,10,0,0,0,0,2,4,691,0,2,693,0,18.08972503617945,10.5643994211288,37.33719247467439,29.95658465991317,0.1447178002894356,0.2894356005788712,0.2894356005788712,1.013024602026049,1.447178002894356,0.0,0.0,All India Anna Dravida Munnetra Kazhagam,258,207,51,Tamilaga Vettri Kazhagam,4,3,11,8,1,8,12,2,6,12,5,12,12,8,7,7.380607814761215,6
203,Arivanmoli,"T.N.D.T.A.  Primary  School,  Arivanmoli.","1.Kattarimangalam  (R.V)  And  (P)  Harivanmoli  Block  3  , 2.Kattarimangalam  (R.V)  And  (P)  Harivanmoli  Block  4  ,  999.OVERSEAS ELECTORS",All  Voters,68,63,109,80,0,2,0,0,0,0,0,1,2,2,0,327,0,0,327,0,20.79510703363914,19.26605504587156,33.33333333333333,24.46483180428135,0.0,0.6116207951070336,0.0,0.0,0.0,0.0,0.0,All India Anna Dravida Munnetra Kazhagam,109,80,29,Tamilaga Vettri Kazhagam,4,3,9,5,1,9,9,2,9,9,9,8,5,5,9,8.868501529051988,5
204,Kattarimangalam,"T.  N.  D.  T.  A.  Primary  School,  West  Building Facing  East,  Kattarimangalam","1.Kattarimangalam  (R.V)  And  (p)  Kattarimangalam  block  5  , 2.Kattarimangalam  (R.V)  And  (P)  Kattarimangalam  Block  6  , 999.OVERSEAS  ELECTORS",All  Voters,191,72,186,205,2,1,2,0,0,0,0,2,0,0,0,661,0,1,662,0,28.89561270801815,10.89258698940998,28.13918305597579,31.01361573373676,0.302571860816944,0.151285930408472,0.302571860816944,0.0,0.0,0.0,0.0,Tamilaga Vettri Kazhagam,205,191,14,Indian National Congress,4,2,5,8,3,5,9,1,9,9,9,5,9,9,9,2.118003025718608,2
205,Thailapuram,"R.C.  Middle  School,  South  building,  Central Portion(Ground  Floor),  Thailapuram","1.PIdaneri  (R.V)  And  (p)  Bedaneri  ammachiyar  street  block  1  ,  2.Pidaneri (R.V)  And  (P)  Thailapuram  Block  2  ,  3.Pidaneri  (R.V)  And  (P)  T.K.C.  Nagar Block  3  ,  4.Pidanari  (R.V)  And  (P)  Samathuvapuram  Block  3  , 999.OVERSEAS  ELECTORS",All  Voters,206,40,109,268,0,1,0,0,2,1,0,0,1,3,2,633,0,2,635,0,32.5434439178515,6.31911532385466,17.21958925750395,42.33807266982623,0.0,0.1579778830963665,0.0,0.0,0.315955766192733,0.1579778830963665,0.0,Tamilaga Vettri Kazhagam,268,206,62,Indian National Congress,4,2,11,8,3,11,11,1,11,8,6,11,8,5,6,9.794628751974724,6
206,Theripanai,"T.N.D.T.A.  Middle  School,  South  Building North  facing,  Theripanai.","1.Eluvaraimokki  (R.V)  And  (P)  Tharipanai  Block  1  ,  2.Eluvaraimukki  (R.V) And  (P)  Assambadu  Block  2  ,  999.OVERSEAS  ELECTORS",All  Voters,56,31,136,73,0,0,0,0,0,0,1,0,0,0,0,297,0,1,298,0,18.85521885521885,10.43771043771044,45.79124579124579,24.57912457912458,0.0,0.0,0.0,0.0,0.0,0.0,0.3367003367003367,All India Anna Dravida Munnetra Kazhagam,136,73,63,Tamilaga Vettri Kazhagam,4,3,6,6,1,6,5,2,6,6,6,6,6,6,6,21.21212121212121,0
207,Thoppur,R.  C.  Primary  School  West  Side  Thoppur,"1.Eluvaraimokki  (R.V)  And  (p)  Thoppoor  block  3  ,  2.Eluvaraimokki  (R.V) And  (P)  Eluvaraimokki  Block  4  ,  999.OVERSEAS  ELECTORS",All  Voters,161,39,84,122,0,0,1,3,0,1,0,0,1,0,0,412,0,0,412,0,39.07766990291262,9.466019417475728,20.38834951456311,29.61165048543689,0.0,0.0,0.2427184466019417,0.7281553398058253,0.0,0.2427184466019417,0.0,Indian National Congress,161,122,39,Tamilaga Vettri Kazhagam,4,1,9,9,3,6,9,2,5,6,9,9,6,9,9,9.466019417475728,1
208,Pillaivilai,"T.N.D.T.A  Primary  School,  Pillaivilai.","1.Eluvaraimokki  (R.V)  And  (P)  Vadakarai,  Meluor.  Pillaivilai  Block  5  ,
2.Eluvaraimokki  (R.V)  And  (P)  Vollyvillai  Block  6  ,  3.Eluvaraimokki  (R.V) And  (P)  Thaivilai  Block  6  ,  999.OVERSEAS  ELECTORS",All  Voters,209,49,137,207,0,0,0,0,1,0,0,0,1,0,0,604,0,1,605,0,34.60264900662251,8.112582781456954,22.68211920529801,34.27152317880795,0.0,0.0,0.0,0.0,0.1655629139072848,0.0,0.0,Indian National Congress,209,207,2,Tamilaga Vettri Kazhagam,4,1,7,7,3,7,7,2,7,7,5,7,5,7,7,0.3311258278145696,1
209,Naganai,T.  N.  D.  T.  A.  Primary  School  Naganai,"1.Pannamparai  (R.V)  And  (P)  Vedalevillai  Block  6  ,  2.Pannamparai  (R.V) And  (P)  Naganai  Block  7  ,  999.OVERSEAS  ELECTORS",All  Voters,56,28,127,75,1,1,1,0,0,0,0,0,1,0,0,290,0,1,291,0,19.31034482758621,9.655172413793103,43.79310344827586,25.86206896551724,0.3448275862068966,0.3448275862068966,0.3448275862068966,0.0,0.0,0.0,0.0,All India Anna Dravida Munnetra Kazhagam,127,75,52,Tamilaga Vettri Kazhagam,4,3,5,5,1,5,9,2,9,9,9,9,5,9,9,17.93103448275862,1
210,Pannamparai,"Panchayat  Union  Primary  School,South Building  Eastern  Portion,  Pannamparai","1.Panamparai  (R.V)  And  (P)  Valliammalpuram  Block  1  ,  2.Panamparai
(R.V)  And  (P)  Panamparai  Vethakovil  Street  Block  2  ,  3.Panamparai  (R.V) And  (P)  North  Pannamparai  Block  3  ,  4.Panamparai  (R.V)  And  (P)  East
Pannamparai  Block  4  ,  999.OVERSEAS  ELECTORS",All  Voters,115,40,202,280,0,0,1,1,16,0,1,0,3,0,1,660,0,0,660,0,17.42424242424243,6.060606060606061,30.6060606060606,42.42424242424242,0.0,0.0,0.1515151515151515,0.1515151515151515,2.424242424242424,0.0,0.1515151515151515,Tamilaga Vettri Kazhagam,280,202,78,All India Anna Dravida Munnetra Kazhagam,4,3,11,11,2,7,7,1,7,11,5,11,6,11,7,11.81818181818182,4
211,Pannamparai.,"Panchayat  Union  Primary  School,South building  Western  Portion,  Pannamparai","1.Panamparai  (R.V)  And  (P)  South  Panamparai  Block  8  ,  2.Panamparai (R.V)  And  (P)  Veerapuram  Block  9  ,  3.Panamparai  (R.V)  And  (P)
Pudukenaru  Block  9  ,  999.OVERSEAS  ELECTORS",All  Voters,164,106,412,243,9,4,1,3,0,1,2,3,4,4,5,961,0,7,968,0,17.06555671175859,11.03017689906348,42.87200832466181,25.28616024973985,0.9365244536940687,0.4162330905306972,0.1040582726326743,0.3121748178980229,0.0,0.1040582726326743,0.2081165452653486,All India Anna Dravida Munnetra Kazhagam,412,243,169,Tamilaga Vettri Kazhagam,4,3,5,7,1,13,12,2,10,13,15,10,7,7,6,17.58584807492196,16
212,Karuvelampadu,A.  S.  Pranjothi  Nadar  Middle  School  North Building  West  Side  Karuvelampadu,"1.Palangulam  (R.V),  Karuvelampadu  (P)  Karuvelampadu  Block  1  , 2.Palangulam  (R.V),  Karuvelampadu  (P)  Karuvelampadu  Block  2  , 999.OVERSEAS  ELECTORS",All  Voters,84,31,103,118,1,2,0,1,0,1,0,0,1,1,0,343,0,1,344,0,24.48979591836735,9.037900874635568,30.02915451895043,34.40233236151604,0.2915451895043732,0.5830903790087464,0.0,0.2915451895043732,0.0,0.2915451895043732,0.0,Tamilaga Vettri Kazhagam,118,103,15,All India Anna Dravida Munnetra Kazhagam,4,3,6,5,2,11,11,1,6,6,11,11,6,6,11,4.373177842565598,2
213,Kandukondan manickam,"Grama  Seva  Center  Facing  west, Kandukondanmanickam","1.Palangulam  (R.V),  Karuvelampadu  (P)  Vilampuduor  Block  3  , 2.Palangulam  (R.V),  Karuvelampadu  (P)  Kandukondan  Manikkam  Block  4
,  999.OVERSEAS  ELECTORS",All  Voters,36,48,277,138,0,0,0,8,0,0,0,3,0,3,2,515,0,2,517,0,6.990291262135923,9.320388349514563,53.78640776699029,26.79611650485437,0.0,0.0,0.0,1.553398058252427,0.0,0.0,0.0,All India Anna Dravida Munnetra Kazhagam,277,138,139,Tamilaga Vettri Kazhagam,3,4,9,9,1,9,9,2,5,9,9,6,9,6,8,26.99029126213592,8
214,Palankulam,T.  N.  D.  T.  A.  Middle  School  East  Building Palankulam,"1.Palangkulam  (R.V)  And  (P)  Palangkulam  North  Street  Church  Street Block  2  ,  2.Palangkulam  (R.V)  And  (P)  Ananthapuram  Kovil  Street  Block  4
,  999.OVERSEAS  ELECTORS",All  Voters,242,78,109,145,1,2,0,0,1,0,0,0,0,0,1,579,0,0,579,0,41.79620034542314,13.47150259067358,18.82556131260795,25.04317789291883,0.1727115716753022,0.3454231433506045,0.0,0.0,0.1727115716753022,0.0,0.0,Indian National Congress,242,145,97,Tamilaga Vettri Kazhagam,4,1,6,5,3,9,9,2,9,9,6,9,9,9,6,16.75302245250432,1
215,Palankulam,T.  N.  D.  T.  A.  Middle  School  West  Building Palankulam,"1.Palangkulam  (R.V)  And  (p)  Palangkulam  north  street  block  1  , 2.Palangkulam  (R.V)  And  (P)  Ananathapuram  South  Street  Block  3  , 3.Palangkulam  (R.V)  And  (P)  Sadaiyankenaru  Block  5  ,  999.OVERSEAS ELECTORS",All  Voters,147,28,145,149,0,3,0,0,7,0,0,0,1,0,2,482,0,1,483,0,30.49792531120332,5.809128630705394,30.08298755186722,30.91286307053942,0.0,0.6224066390041494,0.0,0.0,1.452282157676348,0.0,0.0,Tamilaga Vettri Kazhagam,149,147,2,Indian National Congress,4,2,9,6,3,9,9,1,9,9,5,9,8,9,7,0.4149377593360996,3
216,Nochikulam,St.Micheal  High  School  Eastern  Portion (Ground  Floor)  Nochikulam,"1.Palangulam  (R.V),Chettikulam  (P)  MelaNochikulam  Block  1  , 2.Palangulam  (R.V),  Chettikulam  (P)  Keelanochikulam  Church  Street  Nort street  Block  2  ,  3.Palangulam  (R.V),  Chettikulam  (P)  Thiruvaranganeri Block  3  ,  999.OVERSEAS  ELECTORS",All  Voters,271,76,100,233,1,1,1,0,0,0,0,0,2,0,0,685,0,4,689,0,39.56204379562044,11.09489051094891,14.5985401459854,34.01459854014598,0.145985401459854,0.145985401459854,0.145985401459854,0.0,0.0,0.0,0.0,Indian National Congress,271,233,38,Tamilaga Vettri Kazhagam,4,1,6,6,3,6,9,2,9,9,9,9,5,9,9,5.547445255474453,2
217,Chettikulam,"Panchayat  Union  Primary  School  ,  East Building,  Facing  West,  Chettikulam","1.Palangulam  (R.V),  Chettikulam  (P)  Chettikulam  Block  5  ,  2.Palangulam (R.V),  Chettikulam  (P)  Pallangkenaru  Block  5  ,  3.Palangulam  (R.V), Chettikulam  (P)  Srikrishnaperi  Block  6  ,  999.OVERSEAS  ELECTORS",All  Voters,130,56,190,227,1,0,1,1,18,1,2,0,3,0,1,631,0,1,632,0,20.60221870047544,8.874801901743265,30.11093502377179,35.97464342313788,0.1584786053882726,0.0,0.1584786053882726,0.1584786053882726,2.852614896988907,0.1584786053882726,0.3169572107765452,Tamilaga Vettri Kazhagam,227,190,37,All India Anna Dravida Munnetra Kazhagam,4,3,8,13,2,8,7,1,8,8,5,13,6,13,8,5.863708399366086,4
218,Nedunkulam,T.  N.  D.  T.  A.  Primary  School  Nedunkulam,"1.Nedungkulam  (R.V)  And  (p)  Velan  pudukulam  block  1  ,  2.Nedungkulam (R.V)  And  (P)  Nedungkulam  Kasbha  Block  2  ,  3.Nedungkulam  (R.V)  And
(P)  Nedungkulam  Kasbha  Block  3  ,  4.Nedungkulam  (R.V)  And  (P)
Nedungkulam  kasbha  Block  4  ,  999.OVERSEAS  ELECTORS",All  Voters,270,71,206,375,1,2,1,0,13,0,0,0,1,0,0,940,0,4,944,0,28.72340425531915,7.553191489361702,21.91489361702128,39.8936170212766,0.1063829787234043,0.2127659574468085,0.1063829787234043,0.0,1.382978723404255,0.0,0.0,Tamilaga Vettri Kazhagam,375,270,105,Indian National Congress,4,2,7,6,3,7,10,1,10,10,5,10,7,10,10,11.17021276595745,1
219,Kalunguvilai,"C.M.S  Evanglical  Primary  School  West building  south  Portion,  Kalunguvilai","1.Komaneri  (R.V)  And  (p)  Madathuvilai  block  1  ,  2.Gomaneri  (R.V)  And  (P)
Gomaneri  Road  Street  ,  Pillaimar  Street  Block  2  ,  3.Gomaneri  (R.V)  And
(P)  Kalunguvilai  Block  3  ,  4.Gomaneri  (R.V)  And  (P)  Coovaikenaru  Block  4
,  999.OVERSEAS  ELECTORS",All  Voters,218,68,151,249,0,1,0,1,16,1,1,0,1,0,1,708,0,2,710,0,30.7909604519774,9.6045197740113,21.32768361581921,35.16949152542373,0.0,0.1412429378531073,0.0,0.1412429378531073,2.259887005649718,0.1412429378531073,0.1412429378531073,Tamilaga Vettri Kazhagam,249,218,31,Indian National Congress,4,2,12,6,3,12,6,1,6,6,5,12,6,12,6,4.378531073446328,2
220,Kombankulam,"Government  Hr.Sec.School,  South Building  West  portion,  Facing  North Kombankulam","1.Kombankulam  (R.V)  And  (P)  Kombankulam  Block  4  ,  2.Kombankulam (R.V)  And  (P)  Elaiyaneri  Block  6  ,  3.Kombankulam  (R.V)  And  (P)
Irataikkenaru  Block  7  ,  4.Kombankulam  (R.V)  And  (P)  Vettarasankulam Block  5  ,  5.Kombankulam  (R.V)  And  (P)  Edaivettankudieruppu  Block  5  , 6.Kombankulam  (R.V)  And  (P)  Kotthankulam  Block  5  ,  999.OVERSEAS
ELECTORS",All  Voters,161,69,241,220,0,0,0,0,14,0,0,0,0,0,1,706,0,1,707,0,22.80453257790368,9.773371104815865,34.13597733711048,31.1614730878187,0.0,0.0,0.0,0.0,1.98300283286119,0.0,0.0,All India Anna Dravida Munnetra Kazhagam,241,220,21,Tamilaga Vettri Kazhagam,4,3,7,7,1,7,7,2,7,7,5,7,7,7,6,2.974504249291785,1
221,Thuvarkulam,"R.C  Primary  School,Thuvarkkulam.","1.Kombankulam  (R.V)  And  (p)  Duvarkkulam  block  1  ,  2.Kombankulam (R.V)  And  (P)  Varibelonkulam  Block  2  ,  3.Kombankulam  (R.V)  And  (P) Mettukkudiruppu  Block  3  ,  999.OVERSEAS  ELECTORS",All  Voters,97,37,62,84,2,2,0,1,0,0,1,1,0,0,0,287,0,1,288,0,33.79790940766551,12.89198606271777,21.60278745644599,29.26829268292683,0.6968641114982579,0.6968641114982579,0.0,0.3484320557491289,0.0,0.0,0.3484320557491289,Indian National Congress,97,84,13,Tamilaga Vettri Kazhagam,4,1,5,5,3,10,7,2,7,10,10,7,10,10,10,4.529616724738676,1
222,Pudukulam,"Panchayat  Union  Primary  School,  West building,  North  portion,  ,  Pudukulam","1.Pudukkulam  (R.V)  And  (p)  Pudkkulam  kasbha  block  1  ,  999.OVERSEAS ELECTORS",All  Voters,117,37,187,215,1,0,1,0,18,2,3,0,0,1,0,582,0,2,584,0,20.10309278350515,6.357388316151202,32.13058419243986,36.94158075601375,0.1718213058419244,0.0,0.1718213058419244,0.0,3.092783505154639,0.3436426116838488,0.5154639175257731,Tamilaga Vettri Kazhagam,215,187,28,All India Anna Dravida Munnetra Kazhagam,4,3,8,11,2,8,6,1,11,7,5,11,11,8,11,4.810996563573884,1
223,Pudukulam,"Government  High  School  Norh  New  building, Facing  North,  Pudukulam","1.Pudukkulam  (R.V)  And  (P)  Chokkalingapuram  Block  2  ,  2.Pudukkulam (R.V)  And  (P)  Valliammalpuram  Block  3  ,  3.Pudukulam  (R.V)  And  (P) Chidathambarapuram  Block  3  ,  999.OVERSEAS  ELECTORS",All  Voters,176,62,109,156,1,2,0,0,0,0,0,2,0,0,1,509,0,1,510,0,34.57760314341846,12.18074656188605,21.41453831041257,30.6483300589391,0.1964636542239686,0.3929273084479371,0.0,0.0,0.0,0.0,0.0,Indian National Congress,176,156,20,Tamilaga Vettri Kazhagam,4,1,7,5,3,9,9,2,9,9,9,5,9,9,7,3.929273084479371,3
224,Velayuthapuram,R.  C.  Primary  School  Velayuthapuram,"1.Pudukkulam  (R.V)  And  (P)  Alangkenaru  Block  8  ,  2.Pudukulam  (R.V) And  (P)  Kanthan  Kudiyiruppu  Block  8  ,  3.Pudukulam  (R.V)  And  (P)
Alangkinaru  Arijana  Colony  Block  8  ,  4.Pudukulam  (R.V)  And  (P)
Velauthapuram  Block  8  ,  999.OVERSEAS  ELECTORS",All  Voters,130,57,118,161,1,1,0,0,4,0,0,0,0,0,0,472,0,4,476,0,27.54237288135593,12.07627118644068,25.0,34.11016949152542,0.211864406779661,0.211864406779661,0.0,0.0,0.847457627118644,0.0,0.0,Tamilaga Vettri Kazhagam,161,130,31,Indian National Congress,4,2,6,6,3,8,8,1,8,8,5,8,8,8,8,6.567796610169492,0
225,Manorammia puram,"T.N.D.T.A  Primary  School,  South  Building, Sankarankudiruppu,  Manorammiapuram","1.Pudukkulam  (R.V)  And  (P)  Sankaran  Kudiruppu  Block  9  , 2.Pudukkulam  (R.V)  And  (P)  Sankarankudiruppu  Block  10  , 3.Pudukkulam  (R.V)  And  (P)  Monorameyapuram  Block  10  , 999.OVERSEAS  ELECTORS",All  Voters,205,58,248,201,1,0,0,0,0,0,0,0,0,0,1,714,0,2,716,0,28.71148459383753,8.123249299719888,34.73389355742297,28.15126050420168,0.1400560224089636,0.0,0.0,0.0,0.0,0.0,0.0,All India Anna Dravida Munnetra Kazhagam,248,205,43,Indian National Congress,4,2,5,7,1,7,7,3,7,7,7,7,7,7,5,6.022408963585434,1
226,Gananiyar kudieruppu,"Panchayat  Union  Middle  School  New Building  Southern  Side
Gananiyarkudieruppu","1.Pudukkulam  (R.V)  And  (p)  Gnnyarkudiruppu  block  7  ,  2.Pudukkulam (R.V)  And  (P)  Kulasekarankudiruppu  Block  7  ,  999.OVERSEAS ELECTORS",All  Voters,107,38,165,116,0,2,0,0,0,0,0,0,0,0,0,428,0,1,429,0,25.0,8.878504672897195,38.55140186915888,27.10280373831775,0.0,0.4672897196261682,0.0,0.0,0.0,0.0,0.0,All India Anna Dravida Munnetra Kazhagam,165,116,49,Tamilaga Vettri Kazhagam,4,3,6,5,1,6,6,2,6,6,6,6,6,6,6,11.44859813084112,0
227,Sathyanagaram,"T.  N.  D.  T.  A.  Middle  School  North  Building West  Side,  Sathyanagaram","1.Pudhukulam  (R.V),  pandarapuram  (P)  SathiyanagaramBlock5  , 2.Pudhukulam  (R.V),  Pandarapuram  (P)  Thanjainagaram  Chennaiveeran Block11  ,  3.Pudhukulam  (R.V)  And  Pandarapuram  (P)  Edayanvilai  Block 5  ,  999.OVERSEAS  ELECTORS",All  Voters,208,60,166,171,0,0,0,1,1,0,0,0,1,1,2,611,0,2,613,0,34.04255319148936,9.819967266775777,27.16857610474632,27.98690671031096,0.0,0.0,0.0,0.1636661211129296,0.1636661211129296,0.0,0.0,Indian National Congress,208,171,37,Tamilaga Vettri Kazhagam,4,1,10,10,3,10,10,2,6,10,6,10,6,6,5,6.055646481178396,4
228,Sathyanagaram,T.  N.  D.  T.  A.  Middle  School  Eastern  New Building  Sathyanagaram,"1.Pudhukulam  (R.V),  pandarapuram  (P)  Pandarapuram  Block  4  , 2.Pudhukulam  (R.V)  Pandarapuram  (P)  Krubapuram  Block  4  , 3.Pudhukulam  (R.V),  (Pandarapuram  (P)  Pandarapuram  Block  5  , 4.Pudhukulam  (R.V),  Pandarapuram  (P)  Kirubapuram  Block  5  , 999.OVERSEAS  ELECTORS",All  Voters,137,45,166,165,0,0,0,0,4,0,0,0,0,1,0,518,0,1,519,0,26.44787644787645,8.687258687258687,32.04633204633205,31.85328185328185,0.0,0.0,0.0,0.0,0.7722007722007722,0.0,0.0,All India Anna Dravida Munnetra Kazhagam,166,165,1,Tamilaga Vettri Kazhagam,4,3,7,7,1,7,7,2,7,7,5,7,7,6,7,0.1930501930501931,1
229,Vijayaramapuram,"Sri.  Mutharamman  Hindu  Middle  School, North  Building  Eastern  Portion, Vijayaramapuram","1.Thachaimoli  (R.V)  And  (P)  Vijayaramapuram  North  Street  Block  2  , 2.Thachaimoli  (R.V)  And  (P)  Vijiyaramapuram  East  Street  Block  3  , 3.Thachaimoli  (R.V)  And  (P)  Vijiyaramapuram  MainRoad  Block  4  ,
4.Thachaimoli  (R.V)  And  (P)  Vijayaramapuram  MelaStreet  Block  5  , 5.Thachaimoli  (R.V)  And  (P)  Panchayat  Union  Quarters  Block  1  ,
6.Thachaimoli  (R.V)  And  (P)  Vijanoor  Block  6  ,  7.Thachaimoli  (R.V)  And  (P) Keelpandarapuram  Block  7  ,  8.Thachaimoli  (R.V)  And  (P) Kumarasamypuram  Block  9  ,  9.Pandarapuram  (R.V)  And  (P)  Sherapoor
Block  6  ,  999.OVERSEAS  ELECTORS",All  Voters,208,77,337,187,0,0,0,0,1,0,0,0,0,0,0,810,0,2,812,0,25.67901234567901,9.506172839506172,41.60493827160494,23.08641975308642,0.0,0.0,0.0,0.0,0.1234567901234568,0.0,0.0,All India Anna Dravida Munnetra Kazhagam,337,208,129,Indian National Congress,4,2,6,6,1,6,6,3,6,6,5,6,6,6,6,15.92592592592593,0
230,Sattankulam,Henry  Matric  Hr  Sec  School  West  Building North  Portion  Sattankulam.,"1.Sathankulam  (SGTP)  Amman  Sannathi  Street  ,  2.Sathankulam  (SGTP) South  Rathaveethi  ,  3.Sathankulam  (SGTP)  Ettamoli  Road  , 4.Sathankulam  (SGTP)  Shunmuganagaram  ,  999.OVERSEAS  ELECTORS",All  Voters,140,60,271,222,2,2,1,0,9,1,1,0,3,0,1,713,0,1,714,0,19.63534361851332,8.415147265077138,38.00841514726508,31.13604488078541,0.2805049088359046,0.2805049088359046,0.1402524544179523,0.0,1.262272089761571,0.1402524544179523,0.1402524544179523,All India Anna Dravida Munnetra Kazhagam,271,222,49,Tamilaga Vettri Kazhagam,4,3,7,7,1,9,9,2,13,9,5,13,6,13,9,6.872370266479663,4
231,Sattankulam,"T.N.D.T.A.Eliot  Duxsford  Primary  School, North  Building  Facing  East  and  South Sattankulam","1.Sathankulam  (SGTP)  Krishanankovil  Street  ,  2.Sathankulam  (SGTP) MelaSathankulam  ,  3.Sathankulam  (SGTP)  Bunglastreet  ,  4.Sathankulam (SGTP)  Melarathaveethai  ,  999.OVERSEAS  ELECTORS",All  Voters,139,36,199,221,0,0,0,0,3,1,0,1,0,1,1,602,0,5,607,0,23.08970099667774,5.980066445182724,33.05647840531562,36.7109634551495,0.0,0.0,0.0,0.0,0.4983388704318937,0.1661129568106312,0.0,Tamilaga Vettri Kazhagam,221,199,22,All India Anna Dravida Munnetra Kazhagam,4,3,10,10,2,10,10,1,10,6,5,6,10,6,6,3.654485049833887,3
232,Sattankulam,Henry  Matric  Hr  Sec  School  West  Building South  Portion  Sattankulam,"1.Sathankulam  (SGTP)  Mohamedar  MelaStreet  ,  2.Sathankulam  (SGTP) Pandarapuram  Rastha  Ward11  ,  3.Sathankulam  (SGTP)  Selvavinayagar Kovil  Street  ,  4.Sathankulam  (SGTP)  Veerakumar  Pillai  Street  , 5.Sathankulam  (SGTP)  Keelarathaveethi  ,  6.Sathankulam  (SGTP)
Mathakovil  Street  Ward  11  ,  999.OVERSEAS  ELECTORS",All  Voters,133,24,182,170,1,1,0,0,50,0,0,1,1,1,1,565,0,0,565,0,23.53982300884956,4.247787610619469,32.21238938053098,30.08849557522124,0.1769911504424779,0.1769911504424779,0.0,0.0,8.849557522123893,0.0,0.0,All India Anna Dravida Munnetra Kazhagam,182,170,12,Tamilaga Vettri Kazhagam,5,3,6,6,1,12,12,2,12,12,4,6,6,6,6,2.123893805309734,4
233,Sattankulam,"St.  Joseph  Women  Hr.  Sec.  School,  North building  east  portion.  Sattankulam","1.Sathankulam  (SGTP)  Arasaradi  vinayagar  Kovil  Street  ,  2.Sathankulam (SGTP)  NaduStreet  ,  3.Sathankulam  (SGTP)  Swamy  Sanathi  Street  , 4.Sathankulam  (SGTP)  North  Mada  Veethi  ,  5.Sathankulam  (SGTP)
Kuthukkal  Street  ,  6.Sathankulam  (SGTP)  Edakkudi  Street  , 7.Sathankulam  (SGTP)  Thachiar  Street  ,  8.Sathankulam  (SGTP)  North ratha  Veethi  ,  9.Sathankulam  (SGTP)  Udhayamarthandan  vinayagar  Kovil Street  ,  10.Sathankulam  (SGTP)  Nazareth  Road  ,  999.OVERSEAS
ELECTORS",All  Voters,120,40,219,236,0,1,0,2,16,0,0,0,0,0,0,634,0,2,636,0,18.92744479495268,6.309148264984227,34.54258675078864,37.22397476340694,0.0,0.1577287066246057,0.0,0.3154574132492113,2.523659305993691,0.0,0.0,Tamilaga Vettri Kazhagam,236,219,17,All India Anna Dravida Munnetra Kazhagam,4,3,8,7,2,8,8,1,6,8,5,8,8,8,8,2.681388012618297,0
234,Sattankulam,A.  E.  Ibrahim  Middle  School  West  Side Sattankulam.,"1.Sathankulam  (SGTP)  Veer  edkkudi  Street  ,  2.Sathankulam  (SGTP)
VeeraedakkudiStreet  2  Ward  8  ,  3.Sathankulam  (SGTP)  Asirwathapuram Street  1  Ward  8  ,  4.Sathankulam  (SGTP)  Asirwathapuram  Second  Street Ward  8  ,  5.Sathankulam  (SGTP)  Thattarmadam  RasthaWard  8  , 6.Sathankulam  (SGTP)  GandhiNagar  Coloney  Ward  8,  999.OVERSEAS ELECTORS",All  Voters,97,36,219,316,1,1,0,1,18,0,0,0,1,3,1,694,0,1,695,0,13.97694524495677,5.187319884726225,31.55619596541787,45.53314121037464,0.1440922190201729,0.1440922190201729,0.0,0.1440922190201729,2.593659942363113,0.0,0.0,Tamilaga Vettri Kazhagam,316,219,97,All India Anna Dravida Munnetra Kazhagam,4,3,7,7,2,12,12,1,7,12,5,12,7,6,7,13.97694524495677,5
235,Sattankulam,A.  E.  Ibrahim  Middle  School  East  Side Sattankulam.,"1.Sathankulam  (SGTP)  ThaikkaStreet  Ward  10  ,  2.Sathankulam  (SGTP) OdaikkaraStreet  Ward  10  ,  3.Sathankulam  (SGTP)  KothuwaPalliwasal Street  Ward  10  ,  4.Sathankulam  (SGTP)  Arsikkadai  Street  Ward  10  , 999.OVERSEAS  ELECTORS",All  Voters,264,23,37,118,0,1,0,0,1,0,0,0,0,0,0,444,0,2,446,0,59.45945945945946,5.18018018018018,8.333333333333332,26.57657657657658,0.0,0.2252252252252252,0.0,0.0,0.2252252252252252,0.0,0.0,Indian National Congress,264,118,146,Tamilaga Vettri Kazhagam,4,1,7,5,3,7,7,2,7,7,5,7,7,7,7,32.88288288288289,0
236,Sattankulam,"Secret  heart  R.C  Boys  Primary  School,  East Building,  Facing  West,  Sattankulam","1.Sathankulam  (SGTP)  Sathankulam  colony  Street  1  ,  2.Sathankulam (SGTP)  Sathankulam  colony  2  Street  ,  3.Sathankulam  (SGTP) Sathankulam  Colony  Street  3  Ward  1  ,  999.OVERSEAS  ELECTORS",All  Voters,235,10,113,212,0,1,0,0,1,0,0,1,0,0,1,574,0,6,580,0,40.94076655052265,1.742160278745644,19.68641114982578,36.93379790940767,0.0,0.1742160278745645,0.0,0.0,0.1742160278745645,0.0,0.0,Indian National Congress,235,212,23,Tamilaga Vettri Kazhagam,4,1,9,5,3,9,9,2,9,9,5,5,9,9,5,4.006968641114982,2
237,Sattankulam,"Secret  heart  R.C  Boys  Primary  School,  West Building,  Sattankulam","1.Sathankulam  (SGTP)  R.C.  Sanathai  Street  ward  2  ,  2.Sathankulam (SGTP)  R.C.  KeelaStreet  ward  2  ,  3.Sathankulam  (SGTP) Pathirakaliamman  Kovil  Street  ward  2  ,  4.Sathankulam  (SGTP) Appavunadar  Street  ward  2  ,  5.Sathankulam  (SGTP)  Palayavedakoil Street  ward  2  ,  6.Sathankulam  (SGTP)  SawyakarasTreet  ward  2  , 7.Sathankulam  (SGTP)  Vadukachiamman  Kovil  Street  ward  2  , 999.OVERSEAS  ELECTORS",All  Voters,205,66,132,154,1,1,0,1,0,0,0,0,0,0,0,560,0,2,562,0,36.60714285714285,11.78571428571428,23.57142857142857,27.5,0.1785714285714286,0.1785714285714286,0.0,0.1785714285714286,0.0,0.0,0.0,Indian National Congress,205,154,51,Tamilaga Vettri Kazhagam,4,1,5,5,3,8,8,2,5,8,8,8,8,8,8,9.107142857142856,0
238,Sattankulam,"T.  N.  D.  T.  A.  R.  M.  P  Pulamadan  Chettiyar Higher  Secondary  School  East  Building,
Central  Portion  12B  Std,Sattankulam","1.Sathankulam  (SGTP)  Pudhyavedakoil  Street  1  ,  2.Sathankulam  (SGTP) New  VedaKoil  Street  2  Ward  4  ,  3.Sathankulam  (SGTP)  AlagammanKoil Street  Ward  4  ,  4.Sathankulam  (SGTP)  KulasaiRastha  Ward  4  , 5.Sathankulam  (SGTP)  KulasaiRastha  Sandu  Ward  4  ,  6.Sathankulam
(SGTP)  Alagammankoil  Coloney  Street  Ward  4  ,  999.OVERSEAS
ELECTORS",All  Voters,116,30,201,274,2,0,0,5,0,0,0,0,2,1,0,631,0,3,634,0,18.38351822503962,4.754358161648177,31.85419968304279,43.42313787638668,0.3169572107765452,0.0,0.0,0.7923930269413629,0.0,0.0,0.0,Tamilaga Vettri Kazhagam,274,201,73,All India Anna Dravida Munnetra Kazhagam,4,3,6,9,2,9,9,1,5,9,9,9,6,8,9,11.5689381933439,3
239,Sattankulam,"T.  N.  D.  T.  A.  R.  M.  P  Pulamadan  Chettiyar Higher  Secondary  School,  West  building, Sattankulam","1.Sathankulam  (SGTP)  Palaya  Meenkadai  Street  ward  5  ,  2.Sathankulam (SGTP)  Thattar  PudhuStreet  Ward  5  ,  3.Sathankulam  (SGTP) Sockalingapuram  Ward  5  ,  4.Sathankulam  (SGTP)  Jebagnnapuram  Street 1  Ward  5  ,  5.Sathankulam  (SGTP)  ThachamoliNadar  Street  Ward  5  , 6.Sathankulam  (SGTP)  Thattar  South  Street  Ward  5  ,  7.Sathankulam
(SGTP)  Jebhagnnapuram  Second  Street  Ward  5  ,  999.OVERSEAS
ELECTORS",All  Voters,158,36,174,236,0,0,0,4,0,0,0,1,1,1,0,611,0,1,612,0,25.85924713584288,5.891980360065467,28.47790507364976,38.62520458265139,0.0,0.0,0.0,0.6546644844517185,0.0,0.0,0.0,Tamilaga Vettri Kazhagam,236,174,62,All India Anna Dravida Munnetra Kazhagam,4,3,9,9,2,9,9,1,5,9,9,6,6,6,9,10.14729950900164,3
240,Sattankulam,"T.  N.  D.  T.  A.  Stephen  Primary  School Southern  Side  New  Building,  Sattankulam","1.Sathankulam  (SGTP)  Chekkadi  Pudustreet  ward  3  ,  2.Sathankulam (SGTP)  Main  Road  ward  3  ,  3.Sathankulam  (SGTP)  Savarimuthunadar Street  ward  3  ,  4.Sathankulam  (SGTP)  Veriporttor  Streer  ward  3  , 5.Sathankulam  (SGTP)  Pillaiyar  Kovil  Street  ward  3  ,  6.Sathankulam
(SGTP)  Arunachalamchettiar  Street  ward  3  ,  7.Sathankulam  (SGTP) Kariyalan  Kudiruppu  Street  ward  3  ,  8.Sathankulam(SGTP)
Pillaiyarsannathi  Street  Ward  -  3  ,  999.OVERSEAS  ELECTORS",All  Voters,74,25,167,188,1,0,0,0,1,0,0,1,0,0,0,457,0,1,458,0,16.19256017505471,5.470459518599562,36.54266958424508,41.13785557986871,0.2188183807439825,0.0,0.0,0.0,0.2188183807439825,0.0,0.0,Tamilaga Vettri Kazhagam,188,167,21,All India Anna Dravida Munnetra Kazhagam,4,3,5,8,2,8,8,1,8,8,5,5,8,8,8,4.595185995623632,1
241,Sattankulam,"T.N.D.T.A  Stephen  Primary  School,  North building  west  side  room.  ,  Sattankulam","1.Sathankulam  (SGTP)  Chettier  Nadu  street  ward  9  ,  2.Sathankulam (SGTP)  Chettier  KeelaStreet  ward  9  ,  3.Sathankulam  (SGTP)
Pandarnchettivillai  ward  9  ,  4.Sathankulam  (SGTP)  Perumalkovil  Street ward  9  ,  5.Sathankulam  (SGTP)  Thachaimoli  Mutharammankovil  Street ward  9  ,  6.Sathankulam  (SGTP)  Chettiar  Sourh  Street  ward  9  ,
999.OVERSEAS  ELECTORS",All  Voters,116,42,286,260,0,0,0,4,0,1,0,2,0,0,1,712,0,0,712,0,16.29213483146068,5.898876404494382,40.16853932584269,36.51685393258427,0.0,0.0,0.0,0.5617977528089888,0.0,0.1404494382022472,0.0,All India Anna Dravida Munnetra Kazhagam,286,260,26,Tamilaga Vettri Kazhagam,4,3,9,9,1,9,9,2,5,7,9,6,9,9,7,3.651685393258427,3
242,Sattankulam,"T.  N.  D.  T.  A.  Stephen  Primary  School  A. Manose  Nadar  memorial  Building,  West portion,  Sattankulam","1.Sattankulam  (R.V)  and  (P)  Thaccmozhi  Nadar  South  Street  1  Sandu  1 Ward  6  ,  2.Sathankulam  (SGTP)  Thachaimoli  Nadar  South  Street  1  sandu 2  ,  3.Sathankulam  (SGTP)  Thachaimoli  Nadar  Street  1  Sandu  3  , 4.Sathankulam  (SGTP)  Thachaimoli  Nadar  South  Street  1,  Sandu  4  , 5.Sathankulam  (SGTP)  Thachaimoli  Nadar  SouthStreet  1,  Sandu  5  , 6.Sathankulam  (SGTP)  Thachaimoli  Nadar  South  Street  2  , 7.Sathankulam  (SGTP)  Thachaimoli  Nadar  Street  3  ,  8.Sathankulam
(SGTP)  Thachaimoli  Nadar  South  Street  4  ,  9.Sathankulam  (SGTP)
Thachaimoli  Nadar  Street  ,  999.OVERSEAS  ELECTORS",All  Voters,122,20,152,144,0,0,0,2,1,0,0,0,2,0,1,444,0,5,449,0,27.47747747747748,4.504504504504505,34.23423423423424,32.43243243243244,0.0,0.0,0.0,0.4504504504504505,0.2252252252252252,0.0,0.0,All India Anna Dravida Munnetra Kazhagam,152,144,8,Tamilaga Vettri Kazhagam,4,3,9,9,1,9,9,2,5,9,7,9,5,9,7,1.801801801801802,3
243,Sattankulam,"T.  N.  D.  T.  A.  Stephen  Primary  School, Northeast  Building  East  Portion, Sattankulam","1.Sathankulam  (SGTP)  Thachaimoli  South  Street  ,  2.Sathankulam  (SGTP) Thachaimoli  colony  ,  3.Sathankulam  (SGTP)  Muthaluor  Road  , 4.Sathankulam  (SGTP)  Toppuvalam  Road  ,  5.Sathankulam  (SGTP) Manickavasagapuram  Ward  7  ,  999.OVERSEAS  ELECTORS",All  Voters,120,34,164,225,1,0,0,0,2,0,0,0,0,1,0,547,0,0,547,0,21.93784277879342,6.215722120658135,29.981718464351,41.13345521023766,0.1828153564899452,0.0,0.0,0.0,0.3656307129798903,0.0,0.0,Tamilaga Vettri Kazhagam,225,164,61,All India Anna Dravida Munnetra Kazhagam,4,3,6,8,2,8,8,1,8,8,5,8,8,6,8,11.15173674588666,1
244,Sattankulam,St.  Joseph  Girls  Hr.  Sec  School  Additional Class  rooms  North  Building  West  Portion Sattankulam,"1.Sathankulam  (SGTP)  Main  Road  ward  15  ,  2.Sathankulam  (SGTP) Marakkudi  Street  ward  15  ,  3.Sathankulam  (SGTP)  Kollar  Mudukku Street  ward  15  ,  4.Sathankulam  (SGTP)  North  Street  ward  15  ,
5.Sathankulam  (SGTP)  NOrth  Pallivasal  Street  ward  15  ,  6.Sathankulam
(SGTP)  Thattar  Mela  Street  ward  15  ,  999.OVERSEAS  ELECTORS",All  Voters,133,31,105,178,1,0,0,0,2,0,0,0,0,1,0,451,0,0,451,0,29.490022172949,6.873614190687362,23.28159645232816,39.46784922394679,0.221729490022173,0.0,0.0,0.0,0.4434589800443459,0.0,0.0,Tamilaga Vettri Kazhagam,178,133,45,Indian National Congress,4,2,6,8,3,8,8,1,8,8,5,8,8,6,8,9.977827050997783,1
245,"Therku
amuthunnakudi",T.  N.  D.  T.  A.  Primary  School Therkuamuthunnakudi,"1.Amuthunakkudi  (p)  Vadacoor  block  1  ,
2.Amuthunakkudi  (P)  Amuthunakkudi  Therkoor  Block  3  , 999.OVERSEAS  ELECTORS",All  Voters,173,22,154,277,2,0,0,0,7,0,0,0,0,1,0,636,0,3,639,0,27.20125786163522,3.459119496855346,24.21383647798742,43.55345911949686,0.3144654088050315,0.0,0.0,0.0,1.10062893081761,0.0,0.0,Tamilaga Vettri Kazhagam,277,173,104,Indian National Congress,4,2,6,8,3,8,8,1,8,8,5,8,8,7,8,16.35220125786163,1
246,"Therku
amuthunnakudi","R.C  Primary  School,  West  Portion, Theruamuthunnakudi.","1.Amuthunakkudi  (P)  Therukkuor  Block  2  ,
2.Amuthunakkudi  (P)  Thavasiapuram  Block  3  ,
3.Amuthunakkudi  (P)  AlangaPuram  Street  Block  3  ,  999.OVERSEAS ELECTORS",All  Voters,129,25,193,138,2,0,0,0,5,0,0,1,1,1,0,495,0,1,496,0,26.06060606060606,5.05050505050505,38.98989898989899,27.87878787878788,0.404040404040404,0.0,0.0,0.0,1.01010101010101,0.0,0.0,All India Anna Dravida Munnetra Kazhagam,193,138,55,Tamilaga Vettri Kazhagam,4,3,6,10,1,10,10,2,10,10,5,7,7,7,10,11.11111111111111,3
247,Subburayapuram,"Nehru  Hindu  Primary  School,  New  Building Subbarayapuram","1.Sattankulam  (R.V),  Subburayapuram(p)  Subburayapuram  block  2  , 2.Sattankulam  (R.V),  Subburayapuram  (P)  Subburayapuram  Block  3  , 999.OVERSEAS  ELECTORS",All  Voters,95,37,137,98,0,0,0,0,0,0,0,0,0,0,0,367,0,3,370,0,25.88555858310627,10.08174386920981,37.32970027247956,26.70299727520436,0.0,0.0,0.0,0.0,0.0,0.0,0.0,All India Anna Dravida Munnetra Kazhagam,137,98,39,Tamilaga Vettri Kazhagam,4,3,5,5,1,5,5,2,5,5,5,5,5,5,5,10.6267029972752,0
248,Muthu krishnapuram,T.  N.  D.  T.  A.  Primary  School  North  Side Muthukrishnapuram,"1.Sattankulam  (R.V),  Subburayapuram  (P)  Thalavaipuram  Block  4  , 2.Sattankulam  (R.V),  Subburayapuram  (P)  Arumuganeri  Block  5  , 3.Sattankulam  (R.V),  Subburayapuram  (P)  Kalankudierruppu  Block  5  , 4.Sattankulam  (R.V),  Subburayapuram  (P)  Muthukrishnapuram  Block  3  , 5.Sattankulam  (R.V),  Subburayapuram  (P)  Srirenganathapuram  Block  3  , 6.Sattankulam  (R.V),  Subburayapuram  (P)  Thoppuvalam  Block  1  , 7.Sattankulam  (R.V),  Subburayapuram  (P)  Kanthasamypuram  Block  1  , 999.OVERSEAS  ELECTORS",All  Voters,132,51,205,236,0,2,0,1,0,0,0,0,0,1,0,628,0,3,631,0,21.01910828025478,8.121019108280255,32.64331210191082,37.57961783439491,0.0,0.3184713375796179,0.0,0.1592356687898089,0.0,0.0,0.0,Tamilaga Vettri Kazhagam,236,205,31,All India Anna Dravida Munnetra Kazhagam,4,3,8,5,2,8,8,1,6,8,8,8,8,6,8,4.936305732484077,1
249,Mudalur,T.  N.  D.  T.  A.  Punitha  Miickel  Hr  Sec  School East  Building  South  Side  Mudalur,"1.Mudalur  (R.V)  And  (P)  Rajamanarpuram  Block  1  ,  2.Mudalur  (R.V)  And
(P)  BungalaStreet  Block  2  ,  999.OVERSEAS  ELECTORS",All  Voters,260,36,96,189,0,0,0,0,0,0,0,0,0,2,0,583,0,2,585,0,44.59691252144082,6.174957118353345,16.46655231560892,32.41852487135506,0.0,0.0,0.0,0.0,0.0,0.0,0.0,Indian National Congress,260,189,71,Tamilaga Vettri Kazhagam,4,1,6,6,3,6,6,2,6,6,6,6,6,5,6,12.17838765008576,2
250,Mudalur,"T.  N.  D.  T.  A.  Punitha  Miickel  Hr  Sec  School, South  Building  Facing  North  Mudalur.","1.Mudalur  (R.V)  And  (P)  Middle  Street  Block  3  ,  2.Mudalur  (R.V)  And  (P) Taukarpuram  Block  7  ,  999.OVERSEAS  ELECTORS",All  Voters,179,31,37,83,1,0,1,0,0,0,0,1,0,0,0,333,0,2,335,0,53.75375375375376,9.30930930930931,11.11111111111111,24.92492492492492,0.3003003003003003,0.0,0.3003003003003003,0.0,0.0,0.0,0.0,Indian National Congress,179,83,96,Tamilaga Vettri Kazhagam,4,1,5,8,3,5,8,2,8,8,8,5,8,8,8,28.82882882882883,1
251,Mudalur,"T.  N.  D.  T.  A.  Punitha  Mickel  Hr,  Sec  School East  Building  North  Side  Mudalur","1.Mudalur  (R.V)  And  (P)  South  Street  Block  4  ,  2.Mudalur  (R.V)  And  (P) Adaial  Block  5  ,  3.Mudalur  (R.V)  And  (P)  Navamuthaluor,  Dharamapuri, Block  6  ,  4.Mudalur  (R.V)  And  (P)  Pudur,  Thillaivanam  Block  7  , 999.OVERSEAS  ELECTORS",All  Voters,325,69,153,225,1,0,0,0,1,0,0,0,2,0,2,778,0,2,780,0,41.77377892030849,8.868894601542417,19.66580976863753,28.92030848329049,0.1285347043701799,0.0,0.0,0.0,0.1285347043701799,0.0,0.0,Indian National Congress,325,225,100,Tamilaga Vettri Kazhagam,4,1,7,9,3,9,9,2,9,9,7,9,5,9,5,12.85347043701799,4
252,Katachapuram,"TNDTA  Middle  School,  West  Building,  Facing East  side  Kadatchapuram.","1.Muthaluor  (P)  Valliammalpuram  Block  10  ,  2.Muthaluor  (P) Muthukrishanapuram  Block  11  ,  3.Muthaluor  (P)  Aladithattu  Block  12  , 4.Muthaluor  (P)  Shunmugapuram  Block  13  ,  5.Muthaluor  (P) Kadachipuram  North  Street  KeelaStreet  KoilStreet  Block  16  ,  6.Muthaluor
(P)  Kadakachipuram,2nd  South  Street  ,  Pudustreet  Block  17  ,
999.OVERSEAS  ELECTORS",All  Voters,275,76,318,231,0,0,0,0,9,0,0,0,0,0,0,909,0,4,913,0,30.25302530253025,8.360836083608362,34.98349834983499,25.41254125412541,0.0,0.0,0.0,0.0,0.9900990099009901,0.0,0.0,All India Anna Dravida Munnetra Kazhagam,318,275,43,Indian National Congress,4,2,6,6,1,6,6,3,6,6,5,6,6,6,6,4.730473047304731,0
253,Katachapuram,"TNDTA  Middle  School,  South  Building, Facing  North  side  Kadatchapuram.","1.Mudalur  (R.V)  And  (P)  Aathikkadu  Block  14  ,  2.Mudalur  (R.V)  And  (P) Chokkalingapuram  Block  15  ,  3.Mudalur  (R.V)  And  (P)  Katthapuram, Jeyapalpuram  Block  18  ,  4.Mudalur  (R.V)  And  (P)  Anbinnagaram  Block 19  ,  999.OVERSEAS  ELECTORS",All  Voters,213,37,187,153,1,0,0,0,0,0,0,0,1,0,1,593,0,0,593,0,35.91905564924115,6.239460370994941,31.5345699831366,25.80101180438449,0.1686340640809443,0.0,0.0,0.0,0.0,0.0,0.0,Indian National Congress,213,187,26,All India Anna Dravida Munnetra Kazhagam,4,1,5,8,2,8,8,3,8,8,8,8,5,8,5,4.384485666104553,2
254,Kankaniarpuram,"T.  N.  D.  T.  A.  Middle  School  West  Building, Kankaniarpuram","1.Shasthavinallur  (R.V)  And  (P)  Chandrayerpuram  Block  1  , 2.Shasthavinallur  (R.V)  And  (P)  Subbramaniapuram  Block  2  , 3.Shasthavinallur  (R.V)  And  (P)  Subramaniapuram  Block  3  , 999.OVERSEAS  ELECTORS",All  Voters,124,56,144,130,1,0,0,1,0,0,0,0,0,0,1,457,0,0,457,0,27.13347921225383,12.25382932166302,31.50984682713348,28.44638949671772,0.2188183807439825,0.0,0.0,0.2188183807439825,0.0,0.0,0.0,All India Anna Dravida Munnetra Kazhagam,144,130,14,Tamilaga Vettri Kazhagam,4,3,5,8,1,8,8,2,5,8,8,8,8,8,5,3.063457330415755,1
255,Polairpuram,"T.N.D.T.A  .All  saint  middle  school  Main  Hall west  side,  (Ground  Floor),  Polaiarpuram","1.Sasthavenallur  (R.V)  And  (P)  Polaiyarpuram  Block  10  ,  2.Sasthavenallur (R.V)  And  (P)  Muthukrushnapuram  Block  10  ,  999.OVERSEAS ELECTORS",All  Voters,238,57,141,180,0,1,0,0,0,1,0,0,1,0,0,619,0,0,619,0,38.44911147011308,9.208400646203554,22.77867528271405,29.07915993537965,0.0,0.1615508885298869,0.0,0.0,0.0,0.1615508885298869,0.0,Indian National Congress,238,180,58,Tamilaga Vettri Kazhagam,4,1,8,5,3,8,8,2,8,5,8,8,5,8,8,9.36995153473344,1
256,Kolunthattu,Punitha  Savier  Primary  School  Kolunthattu,"1.Sasthavenallur  (R.V)  And  (p)  Kolunthattu  Block  11  ,  2.Sasthavenallur
(R.V)  And  (P)  Valathour  Vairvam  Block  12  ,  3.Sasthavenallur  (R.V)  And  (P) Showkeyapuram  Block  13  ,  4.Sasthavenallur  (R.V)  And  (P)  Kammanvillai Block  14  ,  5.Sasthavenallur  (R.V)  And  (P)  Vairavam  Block  15  , 999.OVERSEAS  ELECTORS",All  Voters,280,103,117,288,1,3,1,2,2,0,0,0,3,1,0,801,0,2,803,0,34.95630461922597,12.85892634207241,14.60674157303371,35.95505617977528,0.1248439450686642,0.3745318352059925,0.1248439450686642,0.2496878901373283,0.2496878901373283,0.0,0.0,Tamilaga Vettri Kazhagam,288,280,8,Indian National Congress,4,2,9,5,3,9,12,1,7,12,7,12,5,9,12,0.9987515605493134,4
257,Pothakalanvillai,"St.marys  Higher  secondary  School  East building,  south  portion  (Ground  floor), Pothakalanvilai","1.Shasthavinalluor  (R.V)  And  (P)  Potthakanvillai  Block  4  , 2.Shasthavinalluor  (R.V)  And  (P)  Potthanvillai  Block  5  ,  999.OVERSEAS ELECTORS",All  Voters,232,89,185,253,1,0,0,0,1,1,0,0,0,0,0,762,0,4,766,0,30.44619422572178,11.67979002624672,24.27821522309711,33.20209973753281,0.1312335958005249,0.0,0.0,0.0,0.1312335958005249,0.1312335958005249,0.0,Tamilaga Vettri Kazhagam,253,232,21,Indian National Congress,4,2,5,8,3,8,8,1,8,5,5,8,8,8,8,2.755905511811024,0
258,Pothakalanvillai,"St.marys  Higher  secondary  School  north building,  west  portion  (Ground  floor),
Pothakalanvilai","1.Mudalur  (R.V)  And  (P)  Potthakkalanvillai  Block  8  ,  2.Shasthavinalluor (R.V)  And  (P)  Narayankudiruppu  Block  7  ,  3.Shasthavinalluor  (R.V)  And
(P)  Narayankudiruppu  Block  8  ,  4.Shasthavinalluor  (R.V)  And  (P)
Pudukudi  Block  9  ,  999.OVERSEAS  ELECTORS",All  Voters,94,32,170,182,1,0,0,0,5,1,0,0,0,0,0,485,0,0,485,0,19.38144329896907,6.597938144329897,35.05154639175257,37.52577319587629,0.2061855670103093,0.0,0.0,0.0,1.030927835051546,0.2061855670103093,0.0,Tamilaga Vettri Kazhagam,182,170,12,All India Anna Dravida Munnetra Kazhagam,4,3,6,8,2,8,8,1,8,6,5,8,8,8,8,2.474226804123711,0
259,Salaipudur,Panchayat  Union  Primary  School  North  Side Salaipudur,"1.Naduvakurichi  (R.V)  And  (P)  Adaippuvillai  Block  1  ,  2.Naduvakurichi
(R.V)  And  (P)  Salaipudur  Block  3  ,  3.Naduvakkurichi  (R.V),  Tamaraimozhi
(P)  Samythoppu  Block  1  ,  999.OVERSEAS  ELECTORS",All  Voters,65,24,118,99,0,0,0,0,1,0,0,1,0,0,1,309,0,1,310,0,21.03559870550162,7.766990291262135,38.18770226537217,32.03883495145632,0.0,0.0,0.0,0.0,0.3236245954692557,0.0,0.0,All India Anna Dravida Munnetra Kazhagam,118,99,19,Tamilaga Vettri Kazhagam,4,3,8,8,1,8,8,2,8,8,5,5,8,8,5,6.148867313915858,2
260,Thamraimozhi,"Panchyat  union  primary  School, Thamraimozhi","1.Naduvakkurichi  (R.V),  Tamaraimozhi  (P)  Udankattuvillai  Block  2  , 2.Naduvakkurichi  (R.V),  Thamarimoli  (P)  Merakkudi  Block  3  ,
3.Naduvakkurichi  (R.V),  Thamarimoli  (P)  Puchikkadu  Ananthavillai  Block 5  ,  4.Naduvakkurichi  (R.V),  Thamarimoli  (P)  Shanmugapuram  Block  2  ,
999.OVERSEAS  ELECTORS",All  Voters,75,20,122,148,1,0,1,0,25,0,0,0,1,0,0,393,0,7,400,0,19.08396946564886,5.089058524173027,31.04325699745547,37.65903307888041,0.2544529262086514,0.0,0.2544529262086514,0.0,6.361323155216285,0.0,0.0,Tamilaga Vettri Kazhagam,148,122,26,All India Anna Dravida Munnetra Kazhagam,5,3,6,9,2,6,9,1,9,9,4,9,6,9,9,6.615776081424936,1
261,Naduvakkurichi,"Panchayat  Union  Primary  School  old Building,  Naduvakkuruchi","1.Naduvaikurichi  (R.V)  And  (P)  Mukkandanvillai,  Nallur  Block  4  , 2.Naduvaikurichi  (R.V)  And  (P)  South  ramasamypuram  Block  5  , 3.Naduvaikurichi  (R.V)  And  (P)  MelaNaduvaikurichi  Block  6  ,
4.Naduvaikurichi  (R.V)  And  (P)  Prakasapuram  Block  7  ,  999.OVERSEAS
ELECTORS",All  Voters,198,59,177,162,1,1,1,0,0,0,0,0,0,1,0,600,0,1,601,0,33.0,9.833333333333332,29.5,27.0,0.1666666666666667,0.1666666666666667,0.1666666666666667,0.0,0.0,0.0,0.0,Indian National Congress,198,177,21,All India Anna Dravida Munnetra Kazhagam,4,1,5,5,2,5,9,3,9,9,9,9,9,5,9,3.5,1
262,Naduvakkurichi,Panchayat  Union  Primary  School  Cluster Resource  Centre  Building  Naduvakkuruchi,"1.Naduvaikurichi  (R.V)  And  (P)  Poovudaiyarpuram  Block  10  ,
2.Naduvaikurichi  (R.V)  And  (P)  Dharamanagaram,  Nanagaram  Block  11  , 3.Naduvaikurichi  (R.V)  And  (P)  Semon  Adaippuvillai  block  12  ,
4.Naduvaikurichi  (R.V)  And  (P)  Namasivayapuram  Block  13  , 5.Naduvaikurichi  (R.V)  And  (P)  Naduvaikurichi  Block  14  ,
6.Naduvakuruchi  (R.V)  And  (P)  North  Ramasamypuram  Block  4  , 7.Naduvakuruchi  (R.V)  And  (P)  Mukkanthanvilai  Block  4  ,
999.OVERSEAS  ELECTORS",All  Voters,99,27,270,136,1,0,0,0,1,0,1,0,1,0,1,537,0,1,538,0,18.43575418994413,5.027932960893855,50.27932960893855,25.32588454376164,0.186219739292365,0.0,0.0,0.0,0.186219739292365,0.0,0.186219739292365,All India Anna Dravida Munnetra Kazhagam,270,136,134,Tamilaga Vettri Kazhagam,4,3,5,10,1,10,5,2,10,10,5,10,5,10,5,24.95344506517691,2
263,Thattarmadam,St.  Annal  High  School  Central  Portion (Ground  Floor)  Thattarmadam,"1.Naduvaikurichi  (R.V)  And  (P)  Valathuoor  Block  2  ,  2.Naduvaikurichi
(R.V)  And  (P)  Palavesamuthan  Thattu  Block  16  ,  3.Naduvaikurichi  (R.V) And  (P)  Nayenaarpuram  Block  18  ,  999.OVERSEAS  ELECTORS",All  Voters,133,67,166,158,1,2,1,0,0,0,0,0,0,1,0,529,0,3,532,0,25.14177693761815,12.66540642722117,31.37996219281663,29.86767485822307,0.1890359168241966,0.3780718336483932,0.1890359168241966,0.0,0.0,0.0,0.0,All India Anna Dravida Munnetra Kazhagam,166,158,8,Tamilaga Vettri Kazhagam,4,3,6,5,1,6,9,2,9,9,9,9,9,6,9,1.512287334593573,1
264,Thattarmadam,St.  Annal  High  School  Eastern  Portion (Ground  Floor)  Thattarmadam,"1.Naduvaikurichi  (R.V)  And  (P)  Thattarmadam  Block  15  ,
2.Naduvaikurichi  (R.V)  And  (P)  Thattarmadam  Block  17  ,  999.OVERSEAS ELECTORS",All  Voters,120,53,204,271,0,1,0,2,6,0,1,0,3,3,0,664,0,0,664,0,18.07228915662651,7.981927710843372,30.72289156626506,40.81325301204819,0.0,0.1506024096385542,0.0,0.3012048192771085,0.9036144578313252,0.0,0.1506024096385542,Tamilaga Vettri Kazhagam,271,204,67,All India Anna Dravida Munnetra Kazhagam,4,3,11,9,2,11,9,1,8,11,5,11,6,6,11,10.09036144578313,6
265,Kumaranvilai,"T.  N.  D.  T.  A.  Middle  School  East  Building South  portion,  Kumaranvilai","1.Arasoor  2  (R.V),  Arasoor  (p)  Keliyanvillai  block  12  ,  2.Arasoor  2  (R.V),
Arasoor  (P)  Pottal  villai  Konithattu  Block  12  ,  3.Arasoor  2  (R.V),  Arasoor
(P)  Kottaithattu  Block  13  ,  4.Arasoor  2  (R.V),  Arasoor  (P)  Panaivillai  Block 12  ,  5.Arasoor  2  (R.V),  Arasoor  (P)  Ananthavillai  Block  12  ,  6.Arasoor  2 (R.V),  Arasoor  (P)  Kumaranvillai  Block  13  ,  7.Arasoor  2  (R.V),  Arasoor  (P) Alantherivillai  Block  13  ,  8.Arasoor  2  (R.V),  Arasoor  (P)  Azhakiyavillai Block  13  ,  999.OVERSEAS  ELECTORS",All  Voters,152,71,316,323,3,2,0,1,0,0,0,0,0,1,0,869,0,1,870,0,17.49136939010357,8.170310701956272,36.36363636363637,37.16915995397008,0.3452243958573072,0.2301495972382048,0.0,0.1150747986191024,0.0,0.0,0.0,Tamilaga Vettri Kazhagam,323,316,7,All India Anna Dravida Munnetra Kazhagam,4,3,5,6,2,9,9,1,7,9,9,9,9,7,9,0.805523590333717,1
266,Kumaranvilai Idachivilai,T.  N.  D.  T.  A.  Middle  School  East  Building North  Side  Kumaranvilai  -  Idachivilai,"1.Arasoor  2  (R.V),  Arasoor  (P)  Nallammalpuram  Idaichivillai  Block  2  ,
2.Arasoor  2  (R.V),  Arasoor  (P)  Emmakelavivillai  Block  3  ,  3.Arasoor  2 (R.V),  Arasoor  (P)  Boovenvilai  Block  3  ,  999.OVERSEAS  ELECTORS",All  Voters,151,48,304,353,2,2,0,0,0,1,1,0,0,0,0,862,0,2,864,0,17.51740139211137,5.56844547563805,35.26682134570765,40.95127610208817,0.2320185614849188,0.2320185614849188,0.0,0.0,0.0,0.1160092807424594,0.1160092807424594,Tamilaga Vettri Kazhagam,353,304,49,All India Anna Dravida Munnetra Kazhagam,4,3,5,5,2,9,7,1,9,7,9,9,9,9,9,5.68445475638051,0
267,Vagaineri,Panchayat  Union  Primary  School  Vagaineri,"1.Arasoor  2  (R.V),  Arasoor  (P)  Vaganeri,  Udaianeristreet  Block  1  ,
2.Arasoor  2  (R.V),  Arasoor  (P)  Thottikaranvillai  Block  1  ,  3.Arasoor  2  (R.V), Arasoor  (P)  Vagainariyathaverkudiruppu  Block  1  ,  999.OVERSEAS ELECTORS",All  Voters,38,37,107,121,0,0,0,1,17,0,0,0,2,0,0,323,0,3,326,0,11.76470588235294,11.45510835913313,33.12693498452013,37.46130030959753,0.0,0.0,0.0,0.3095975232198143,5.263157894736842,0.0,0.0,Tamilaga Vettri Kazhagam,121,107,14,All India Anna Dravida Munnetra Kazhagam,4,3,8,8,2,8,8,1,7,8,5,8,6,8,8,4.3343653250774,2
268,Poochikadu,"St.  Antonys  R.  C.  Middle  School,  East  Side East  Portion,Koviladivilai,  Poochikadu","1.Arasoor  1  (R.V),  Arasoor  (P)  Puchikadu  Block  6  ,  2.Arasoor  1  (R.V), Arasoor  (P)  Mettu  villai  Block  9  ,  3.Arasoor  (R.V),  Arasoor  (P) Sivasubramaniapuram  Block  9  ,  4.Arasoor  1  (R.V),  Arasoor  (P)  Kamaraj Nagar  Block  9  ,  999.OVERSEAS  ELECTORS",All  Voters,167,42,186,186,2,3,0,0,2,0,0,0,2,0,0,590,0,2,592,0,28.30508474576271,7.118644067796611,31.52542372881356,31.52542372881356,0.3389830508474576,0.5084745762711864,0.0,0.0,0.3389830508474576,0.0,0.0,All India Anna Dravida Munnetra Kazhagam,186,186,0,All India Anna Dravida Munnetra Kazhagam,4,3,6,5,1,9,9,1,9,9,6,9,6,9,9,0.0,2
269,Poochikadu,"St.  Antonys  R.  C.  Middle  School,  East  Side West  Portion  Facing  North  Koviladivilai,
Poochikadu","1.Arasoor  (R.V),  Arasoor  (P)  Suyambulingapuram  Block  7  ,  2.Arasoor  1 (R.V),  Arasoor  (P)  Perumalpuram  Block  6  ,  3.Arasoor  1  (R.V),  Arasoor  (P) Pudukkottai  Block  6  ,  4.Arasoor  1  (R.V),  Arasoor  (P)  Valathanvilai  Block  7
,  999.OVERSEAS  ELECTORS",All  Voters,38,20,174,171,2,0,0,1,2,3,0,0,2,0,0,413,0,2,415,0,9.200968523002421,4.842615012106537,42.13075060532688,41.40435835351089,0.4842615012106538,0.0,0.0,0.2421307506053269,0.4842615012106538,0.7263922518159807,0.0,All India Anna Dravida Munnetra Kazhagam,174,171,3,Tamilaga Vettri Kazhagam,4,3,6,10,1,10,10,2,9,5,6,10,6,10,10,0.7263922518159807,2
270,Poochikadu,"St.  Antonys  R.  C.  Middle  School,  East  Side, west  portion,Koviladivilai,  Poochikadu","1.Arasoor  1  (R.V),  Arasoor  (P)  Theethanvillai  Block  8  ,  999.OVERSEAS ELECTORS",All  Voters,131,48,169,173,1,0,0,1,1,0,0,0,1,0,0,525,0,2,527,0,24.95238095238095,9.142857142857142,32.19047619047619,32.95238095238095,0.1904761904761905,0.0,0.0,0.1904761904761905,0.1904761904761905,0.0,0.0,Tamilaga Vettri Kazhagam,173,169,4,All India Anna Dravida Munnetra Kazhagam,4,3,5,9,2,9,9,1,5,9,5,9,5,9,9,0.7619047619047619,1
271,Thachanvillai,"Panchayat  Union  Middle  School,  South Building  East  SideThachanvilai","1.Arasoor  1  (R.V),  Arasoor  (P)  Pethalagam  Block  15  ,  2.Arasoor  1(R.V), Arasoor  (P)  Thangammalpuram  Block  15  ,  3.Arasoor  1  (R.V),  Arasoor  (P) Konkanvilai  Block  16  ,  999.OVERSEAS  ELECTORS",All  Voters,81,26,160,130,0,0,1,1,0,1,1,0,0,0,1,402,0,1,403,0,20.14925373134328,6.467661691542288,39.80099502487563,32.33830845771145,0.0,0.0,0.2487562189054726,0.2487562189054726,0.0,0.2487562189054726,0.2487562189054726,All India Anna Dravida Munnetra Kazhagam,160,130,30,Tamilaga Vettri Kazhagam,4,3,10,10,1,5,5,2,5,5,10,10,10,10,5,7.462686567164178,1
272,Thachanvillai,"Panchayat  Union  Middle  School,  North Building  West  Side  East  facing,Thachanvilai.","1.Arasoor  1  (R.V),  Arasur  (P)  Thatchanvilai  Block  17  ,  999.OVERSEAS ELECTORS",All  Voters,122,59,337,233,2,1,0,1,0,0,1,3,2,2,4,767,0,1,768,0,15.90612777053455,7.692307692307693,43.9374185136897,30.3780964797914,0.2607561929595828,0.1303780964797914,0.0,0.1303780964797914,0.0,0.0,0.1303780964797914,All India Anna Dravida Munnetra Kazhagam,337,233,104,Tamilaga Vettri Kazhagam,4,3,7,10,1,13,10,2,10,13,13,6,7,7,5,13.5593220338983,11
273,Kadakulam,"St.  Joshep  Middle  School,  East  New Building,  Facing  South  side,  Kadakulam","1.Arasoor  1  (R.V),  Arasoor  (p)  Kadakulam  block  18  ,  999.OVERSEAS ELECTORS",All  Voters,164,80,65,164,0,1,0,0,0,0,0,0,0,1,0,475,0,0,475,0,34.52631578947368,16.84210526315789,13.68421052631579,34.52631578947368,0.0,0.2105263157894737,0.0,0.0,0.0,0.0,0.0,Indian National Congress,164,164,0,Indian National Congress,3,1,7,5,4,7,7,1,7,7,7,7,7,5,7,0.0,1
274,Athisayapuram,T.  N.  D.  T.  A.  Middle  School  Athisayapuram,"1.Arasoor  1  (R.V),  Arasoor  (p)  Athisayapuram  Block  19  ,  2.Arasoor  1  (R.V), Arasoor  (P)  Karishal  vadapuram,  tenpuram  Block  20  ,  999.OVERSEAS ELECTORS",All  Voters,205,49,185,148,0,0,0,0,0,0,0,0,2,0,0,589,0,1,590,0,34.80475382003396,8.31918505942275,31.40916808149406,25.12733446519524,0.0,0.0,0.0,0.0,0.0,0.0,0.0,Indian National Congress,205,185,20,All India Anna Dravida Munnetra Kazhagam,4,1,6,6,2,6,6,3,6,6,6,6,5,6,6,3.395585738539898,2
275,Puthantharvai,"Panchayat  Union  Middle  School  South  East Building,   Puthantharuvai","1.Putthantharuvai  (R.V)  And  (P)  Kaspa  Street  Block  1  ,  2.Putthantharuvai (R.V)  And  (P)  Chinnappalli  West  Street  Block  2  ,  3.Putthantharuvai  (R.V) And  (P)  Katchery  Street  Block  1  ,  4.Putthantharuvai  (R.V)  And  (P)  New
Veetu  Street  Block  1  ,  5.Putthantharuvai  (R.V)  And  (P)  Mannar Rajapuram  Block  2  ,  6.Putthantharuvai  (R.V)  And  (P)  Velli  villai  Block  2  , 7.Putthantharuvai  (R.V)  And  (P)  Perumal  Nagar  Block  2  ,
8.Putthantharuvai  (R.V)  And  (P)  Mela  Veda  Kovil  Street  Block  2  ,
999.OVERSEAS  ELECTORS",All  Voters,154,27,239,166,1,0,0,0,1,0,1,2,0,1,0,592,0,1,593,0,26.01351351351352,4.560810810810811,40.37162162162162,28.04054054054054,0.1689189189189189,0.0,0.0,0.0,0.1689189189189189,0.0,0.1689189189189189,All India Anna Dravida Munnetra Kazhagam,239,166,73,Tamilaga Vettri Kazhagam,4,3,6,10,1,10,6,2,10,10,6,5,10,6,10,12.33108108108108,3
276,Puthantharvai,"Panchayat  Union  Middle  School  North Building  Facing  South,  Puthantharuvai","1.Putthantharuvai  (R.V)  And  (P)  Periya  Street  Block  3  ,  2.Putthantharuvai (R.V)  And  (P)  Mohammathiar  Street  Block  4  ,  3.Puthan  Street  (R.V)  And
(P)  Amman  kovil  Street  Block  3  ,  4.Puthan  Street  (R.V)  And  (P)  Therkoor
Street  Block  4  ,  5.Puthan  Street  (R.V)  And  (P)  Keeloor  Keela  Street  Block  4
,  999.OVERSEAS  ELECTORS",All  Voters,277,23,129,180,1,0,0,0,1,0,1,1,0,0,0,613,0,5,618,0,45.18760195758564,3.752039151712887,21.04404567699837,29.36378466557912,0.1631321370309951,0.0,0.0,0.0,0.1631321370309951,0.0,0.1631321370309951,Indian National Congress,277,180,97,Tamilaga Vettri Kazhagam,4,1,5,9,3,9,5,2,9,9,5,5,9,9,9,15.82381729200653,1
277,"Usarathu
kudieruppu","Panchayat  Union  Middle  School  South Building,  Facing  North,  Usarathukudieruppu","1.Puttantharuvai  (R.V)  And  (P)  Pudhkudiruppu  Block  6  ,  2.Puttantharuvai (R.V)  And  (P)  Usarathaukkudiruppu  Block  7  ,  3.Puttantharuvai  (R.V)  And
(P)  Usarathukudiruppu  Block  6  ,  999.OVERSEAS  ELECTORS",All  Voters,65,32,247,124,0,0,2,0,1,0,0,0,0,1,0,472,0,4,476,0,13.77118644067797,6.779661016949152,52.33050847457628,26.27118644067797,0.0,0.0,0.423728813559322,0.0,0.211864406779661,0.0,0.0,All India Anna Dravida Munnetra Kazhagam,247,124,123,Tamilaga Vettri Kazhagam,4,3,8,8,1,5,8,2,8,8,6,8,8,6,8,26.05932203389831,1
278,Chettivilai,"St.Joseph  Middle  school  ,  east  building south  portion,  Chettivilai","1.Puttantharuvai  (R.V)  And  (P)  MathaKoil  Street  Chettyvilai  Block  5  , 999.OVERSEAS  ELECTORS",All  Voters,141,75,136,220,0,0,0,0,0,0,0,1,0,0,0,573,0,3,576,0,24.60732984293194,13.08900523560209,23.7347294938918,38.39441535776614,0.0,0.0,0.0,0.0,0.0,0.0,0.0,Tamilaga Vettri Kazhagam,220,141,79,Indian National Congress,4,2,6,6,3,6,6,1,6,6,6,5,6,6,6,13.7870855148342,1
279,Chockankudiruppu,"St.  Joseph  boys  primary  school  east building,  north  portion,  Chockankudieruppu","1.Kommadikottai  (R.V)  And  (p)  Chokkankudiruppu  block  3  , 2.Kommadikottai  (R.V)  And  (P)  Chokkankudiruppu  Block  4  ,
3.Kommadikottai  (R.V)  And  (P)  Chokkankudiruppu  Gandhinagar  Block  5  ,
999.OVERSEAS  ELECTORS",All  Voters,291,78,109,313,0,0,1,0,0,1,0,0,1,0,0,794,0,2,796,0,36.64987405541562,9.82367758186398,13.727959697733,39.4206549118388,0.0,0.0,0.1259445843828715,0.0,0.0,0.1259445843828715,0.0,Tamilaga Vettri Kazhagam,313,291,22,Indian National Congress,4,2,8,8,3,5,8,1,8,5,8,8,5,8,8,2.770780856423174,1
280,Kommadikottai,"S.S  Santhosanadar  Govt  Higher  Sec.  School New  Building,  West  Side  Block
1Kommadikottai","1.Kommadikottai  (R.V)  And  (P)  Kommadikottai  Block  1  ,  2.Kommadikottai (R.V)  And  (P)  Vshuvasapuram  Block  2  ,  3.Kommadikottai  (R.V)  And  (P) Chinnaranipuram  Block  3  ,  999.OVERSEAS  ELECTORS",All  Voters,159,31,187,172,1,0,0,4,4,0,0,0,1,0,0,559,0,3,562,0,28.44364937388193,5.545617173524151,33.4525939177102,30.76923076923077,0.1788908765652952,0.0,0.0,0.7155635062611807,0.7155635062611807,0.0,0.0,All India Anna Dravida Munnetra Kazhagam,187,172,15,Tamilaga Vettri Kazhagam,4,3,7,9,1,9,9,2,5,9,5,9,7,9,9,2.683363148479427,1
281,Mani  Nagar,Panchyat  Office  New  Building  Mani  Nagar,"1.Pallakurichi  (R.V)  And  (P)  Sivanarayanapuram  Block  1  ,  2.Pallakurichi (R.V)  And  (P)  Ramanathapuram  Block  2  ,  3.Pallakurichi  (R.V)  And  (P) Adaikkalapuram  Block  3  ,  4.Pallakurichi  (R.V)  And  (P)  Ramasamypuram Block  4  ,  5.Pallakurichi  (R.V)  And  (P)  Pudur  Block  17  ,  6.Pallakurichi
(R.V)  And  (P)  South  udaiprappu  Block  18  ,  7.Pallakurichi  (R.V)  And  (P) North  Udaiprappu  Block  19  ,  8.Pallakurichi  (R.V)  And  (P)  Puliankattu
villai  Block  20  ,  999.OVERSEAS  ELECTORS",All  Voters,118,50,246,170,1,0,1,0,2,0,1,0,0,0,1,590,0,3,593,0,20.0,8.47457627118644,41.69491525423729,28.8135593220339,0.1694915254237288,0.0,0.1694915254237288,0.0,0.3389830508474576,0.0,0.1694915254237288,All India Anna Dravida Munnetra Kazhagam,246,170,76,Tamilaga Vettri Kazhagam,4,3,6,10,1,6,6,2,10,10,5,10,10,10,6,12.88135593220339,1
282,Pitchivillai,T.  N.  D.  T.  A.  Primary  School  New  Building Pitchuvillai,"1.Pallakurichi  (R.V)  And  (P)  Pichivillai  block  7  ,  2.Pallakurichi  (R.V)  And
(P)  Suganagaram  Block  8  ,  999.OVERSEAS  ELECTORS",All  Voters,90,19,125,103,1,1,1,0,1,0,0,0,0,0,0,341,0,0,341,0,26.39296187683284,5.571847507331378,36.65689149560117,30.20527859237537,0.2932551319648094,0.2932551319648094,0.2932551319648094,0.0,0.2932551319648094,0.0,0.0,All India Anna Dravida Munnetra Kazhagam,125,103,22,Tamilaga Vettri Kazhagam,4,3,5,5,1,5,9,2,9,9,5,9,9,9,9,6.451612903225806,0
283,Sundankottai,"Govenment  HIgh  School  West  Building South  Portion,  Sundankottai","1.Pallakurichi  (R.V)  And  (P)  Pallakurichi  Block  5  ,  2.Pallakurichi  (R.V)  And
(P)  Chokkanvillai  Block  6  ,  3.Pallakurichi  (R.V)  And  (P)  Naienoor  Block  9  , 4.Pallakurichi  (R.V)  And  (P)  Palli  Patthu  Block  10  ,  5.Pallakurichi  (R.V) And  (P)  Karumavillai  Block  11  ,  999.OVERSEAS  ELECTORS",All  Voters,167,55,283,215,0,0,0,0,1,0,0,0,0,1,1,723,0,0,723,0,23.09820193637621,7.607192254495159,39.14246196403873,29.7372060857538,0.0,0.0,0.0,0.0,0.1383125864453665,0.0,0.0,All India Anna Dravida Munnetra Kazhagam,283,215,68,Tamilaga Vettri Kazhagam,4,3,8,8,1,8,8,2,8,8,5,8,8,5,5,9.405255878284924,2
284,Sundankottai,"Government  High  School  South  Building East  Portion,  Sundankottai.","1.Pallakurichi  (R.V)  And  (p)  Sundankottai  Block  12  ,  2.Pallakurichi  (R.V) And  (P)  Sundankottai  Block  13  ,  3.Pallakurichi  (R.V)  And  (P) Dharmanagaram  Block  14  ,  4.Pallakurichi  (R.V)  And  (P)  Agatheswaram Block  15  ,  5.Pallakurichi  (R.V)  And  (P)  Pichikudiruppu  Block  16  , 999.OVERSEAS  ELECTORS",All  Voters,85,29,207,110,2,1,0,0,0,0,0,1,0,0,0,435,0,1,436,0,19.54022988505747,6.666666666666667,47.58620689655172,25.28735632183908,0.4597701149425287,0.2298850574712644,0.0,0.0,0.0,0.0,0.0,All India Anna Dravida Munnetra Kazhagam,207,110,97,Tamilaga Vettri Kazhagam,4,3,5,6,1,8,8,2,8,8,8,6,8,8,8,22.29885057471265,1
285,Padukkapathu,"Govt  Hr,  Sec  School  Eastern  Building  South Portion  Padukkapathu","1.Padukkapathu  (R.V)  And  (P)  Brhamanavillai  block  1  ,  2.Padukkapathu (R.V)  And  (P)  Xavierpuram,  Gettavilai  Block  2  ,  999.OVERSEAS ELECTORS",All  Voters,46,23,148,108,0,0,1,0,1,0,0,1,0,0,0,328,0,1,329,0,14.02439024390244,7.01219512195122,45.1219512195122,32.92682926829269,0.0,0.0,0.3048780487804878,0.0,0.3048780487804878,0.0,0.0,All India Anna Dravida Munnetra Kazhagam,148,108,40,Tamilaga Vettri Kazhagam,4,3,8,8,1,5,8,2,8,8,5,5,8,8,8,12.19512195121951,1
286,Padukkapathu,Govt  Hr  Sec  School  Six  Classroom Building  Facing  South  Padukkapathu,"1.Padukkapathu  (R.V)  And  (P)  Padukkapathu  Nadustreet  North  Street Block  6  ,  2.Padukkapathu  (R.V)  And  (P)  Padukkapathu  Mohamader  Street MelaStreet  Block  7  ,  999.OVERSEAS  ELECTORS",All  Voters,98,34,231,140,3,0,0,0,2,1,0,0,1,1,0,511,0,4,515,0,19.17808219178082,6.653620352250488,45.20547945205479,27.3972602739726,0.5870841487279843,0.0,0.0,0.0,0.3913894324853229,0.1956947162426614,0.0,All India Anna Dravida Munnetra Kazhagam,231,140,91,Tamilaga Vettri Kazhagam,4,3,5,10,1,10,10,2,10,7,6,10,7,7,10,17.80821917808219,2
287,Padukkapathu,"Govt  Hr,  Sec  School  Nabard  Scool,  Education Phase  VII  building  (Ground  Floor)  East Portion  Padukkapathu","1.Padukkapathu  (R.V)  And  (P)  Alagammalpuram  Block  3  ,
2.Padukkapathu  (R.V)  And  (P)  Marakkudi  Block  4  ,  3.Padukkapathu  (R.V) And  (P)  Padukkapathu  Keelatheru  Block  5  ,  999.OVERSEAS  ELECTORS",All  Voters,43,32,172,212,1,0,0,1,18,0,0,2,3,1,2,487,0,1,488,0,8.829568788501026,6.570841889117044,35.31827515400411,43.53182751540041,0.2053388090349076,0.0,0.0,0.2053388090349076,3.696098562628337,0.0,0.0,Tamilaga Vettri Kazhagam,212,172,40,All India Anna Dravida Munnetra Kazhagam,4,3,9,12,2,12,12,1,9,12,5,7,6,9,7,8.213552361396303,8
288,Alagappapuram,T.  N.  D.  T.  A.  Primary  SchoolWest  Building Alagappapuram,"1.Padukkapathu  (R.V),  Alagappapuram  (p)  Sivan  kudiyattu  block  1  , 2.Padukkapathu  (R.V),  Alagappapuram  (P)  Perumalpuram  Block  2  , 3.Padukkapathu  (R.V),  Alagappapuram  (P)  Alagappapuram  Block  3  , 4.Padukkapathu  (R.V),  Alagappapuram  (P)  Elauvillai  Block  4  ,
5.Padukkapathu  (R.V),  Alagappapuram  (P)  Sithankudirippu  Block  5  ,
6.Padukkapathu  (R.V),  Alagappapuram  (P)  Veilukandamanpuram  Block  6
,  999.OVERSEAS  ELECTORS",All  Voters,121,42,285,243,1,2,0,0,1,0,0,0,1,0,0,696,0,0,696,0,17.38505747126437,6.03448275862069,40.94827586206897,34.91379310344828,0.1436781609195402,0.2873563218390804,0.0,0.0,0.1436781609195402,0.0,0.0,All India Anna Dravida Munnetra Kazhagam,285,243,42,Tamilaga Vettri Kazhagam,4,3,6,5,1,9,9,2,9,9,6,9,6,9,9,6.03448275862069,1
289,Periathalai,"Sirumalar  Hr.Sec.  School,  East  Building, North  Portion,  Periathalai","1.Padukkapathu  (R.V),  Periyathalai  (p)  Joseph  street  block  1  ,
2.Padukkapathu  (R.V),  Periyathalai  (P)  Dharmar  Street  Block  1  ,
3.Padukkapathu  (R.V),  Periyathalai  (P)  Muthammalpuram  Block  1  , 999.OVERSEAS  ELECTORS",All  Voters,179,37,63,322,0,1,0,0,0,0,0,0,1,0,0,603,0,0,603,0,29.6849087893864,6.135986733001658,10.44776119402985,53.39966832504146,0.0,0.1658374792703151,0.0,0.0,0.0,0.0,0.0,Tamilaga Vettri Kazhagam,322,179,143,Indian National Congress,4,2,7,5,3,7,7,1,7,7,7,7,5,7,7,23.71475953565506,1
290,Periathalai,"Sirumalar  Hr.  Sec.  School,  East  building, Middle  portion,  Periathalai","1.Padukkapathu  (R.V),  Periyathalai  (P)  New  Kovil  West  Street  Block  1  , 999.OVERSEAS  ELECTORS",All  Voters,167,11,67,312,1,0,0,0,0,0,0,0,1,1,0,560,0,0,560,0,29.82142857142857,1.964285714285714,11.96428571428572,55.71428571428572,0.1785714285714286,0.0,0.0,0.0,0.0,0.0,0.0,Tamilaga Vettri Kazhagam,312,167,145,Indian National Congress,4,2,5,8,3,8,8,1,8,8,8,8,5,5,8,25.89285714285715,2
291,Periathalai,"Sirumalar  Hr.Sec.School,  East  building, South  portion,  Periathalai","1.Padukkapathu  (R.V),  Periathalai  (p)  Palayakovil  keelatheru  block3  , 999.OVERSEAS  ELECTORS",All  Voters,236,11,37,313,1,2,0,0,0,0,0,0,0,0,0,600,0,0,600,0,39.33333333333333,1.833333333333333,6.166666666666667,52.16666666666666,0.1666666666666667,0.3333333333333334,0.0,0.0,0.0,0.0,0.0,Tamilaga Vettri Kazhagam,313,236,77,Indian National Congress,4,2,6,5,3,7,7,1,7,7,7,7,7,7,7,12.83333333333333,0
292,Periathalai,"R.  C.  Primary  School  North  Building,  West Portion  Periathalai","1.Padukkapathu  (R.V),  Periathalai  (p)  Palayakovil  melastreet  block  2  , 999.OVERSEAS  ELECTORS",All  Voters,313,19,85,539,4,2,0,0,0,1,1,0,1,0,0,965,0,2,967,0,32.43523316062176,1.968911917098446,8.808290155440414,55.85492227979275,0.4145077720207254,0.2072538860103627,0.0,0.0,0.0,0.1036269430051813,0.1036269430051813,Tamilaga Vettri Kazhagam,539,313,226,Indian National Congress,4,2,5,6,3,10,7,1,10,7,10,10,7,10,10,23.41968911917098,1
293,Periathalai,"R.  C.  Primary  School  North  Building,  East Portion  Periathalai","1.Padukkapathu  (R.V),  Periathalai  (P)  Xavier  colony  Block  4  , 999.OVERSEAS  ELECTORS",All  Voters,95,24,46,530,1,0,0,0,0,0,0,0,1,0,0,697,0,1,698,0,13.62984218077475,3.443328550932568,6.599713055954089,76.04017216642754,0.1434720229555237,0.0,0.0,0.0,0.0,0.0,0.0,Tamilaga Vettri Kazhagam,530,95,435,Indian National Congress,4,2,5,7,3,7,7,1,7,7,7,7,5,7,7,62.4103299856528,1
