Serial No. Of Polling Station,Bahujan Samaj Party,All India Anna Dravida Munnetra Kazhagam,Naam Tamilar Katchi,Dravida Munnetra Kazhagam,Tamilaga Vettri Kazhagam,Indhu Dravida Makkal Katchi,Our Mahathma National Party,Tamizhaga Vaazhvurimai Katchi,All India Puratchi Thalaivar Makkal Munnettra Kazhagam,Independent,Total of Valid Votes,No. Of Rejected Votes,NOTA,Total,No. Of Tendered Votes,Building in which it will be located,Polling Area,Whether for All Voters or Men only or Women only,Winner_Party,Winner_Votes,Runner_Up_Votes,Margin_Of_Victory,Runner_Up_Party,Bahujan Samaj Party_Rank,All India Anna Dravida Munnetra Kazhagam_Rank,Naam Tamilar Katchi_Rank,Dravida Munnetra Kazhagam_Rank,Tamilaga Vettri Kazhagam_Rank,Indhu Dravida Makkal Katchi_Rank,Our Mahathma National Party_Rank,Tamizhaga Vaazhvurimai Katchi_Rank,All India Puratchi Thalaivar Makkal Munnettra Kazhagam_Rank,Independent_Rank,Margin_Percentage,Total_Independent_Votes,BSP_share_pct,AIADMK_share_pct,NTK_share_pct,DMK_share_pct,TVK_share_pct,IDMK_share_pct,OMNP_share_pct,TAVAK_share_pct,AIPTMK_share_pct,IND_share_pct,Cluster_ID
1,2,368,25,291,205,0,0,0,2,1,894,0,2,896,0,"Logambal Kuzhanthaivelu Aided Elementary School ,North facing South Building Eastern portion,Mathiravelur","1. Mathiravelur (R.V) And (P), Paluran Padukai ward:2, 2. Mathiravelur (R.V) And (P), Utchi Medu ward:2, 3. Mathiravelur (R.V) And (P), Ethakudi ward:2, 4. Mathiravelur (R.V) And (P), Pattiyamedu ward:2, 5. Mathiravelur (R.V) And (P), Keelavadi Kudiyana Street ward:2, 6. Mathiravelur (R.V) And (P), Mathiravelur West Street ward:2, 7. Mathiravelur (R.V) And (P), Mathiravelur East Street ward:2, 8. Mathiravelur (R.V) And (P), Mathiravelur Adidravidar Street ward:2, 999. OVERSEAS ELECTORS",All Voters,All India Anna Dravida Munnetra Kazhagam,368,291,77,Dravida Munnetra Kazhagam,5,1,4,2,3,8,8,8,5,7,8.612975391498882,1,0.2237136465324385,41.16331096196868,2.796420581655481,32.5503355704698,22.93064876957494,0.0,0.0,0.0,0.2237136465324385,0.1118568232662192,3
2,3,480,46,157,146,0,1,0,1,1,835,0,0,835,0,"Muthusamy Viswanathan High School, South Side Building East Portion, Mathiravelur","1. Mathiravelur (R.V) And (P), Periya Street Ward:1, 2. Mathiravelur (R.V) And (P), Middle Street ward:1, 3. Mathiravelur (R.V) And (P), Thiruvalluvar Street Ward:1, 4. Mathiravelur (R.V) And (P), South Street Ward:1, 5. Mathiravelur (R.V) And (P), Agraharam Ward:1, 6. Mathiravelur (R.V) And (P), Madavilagam Street Ward:1, 7. Mathiravelur (R.V) And (P), Vallalar Street Ward:1, 8. Mathiravelur (R.V) And (P), Kuravar Street Ward:1, 9. Mathiravelur (R.V) And (P), Pandiyan Street Ward:1, 999. OVERSEAS ELECTORS",All Voters,All India Anna Dravida Munnetra Kazhagam,480,157,323,Dravida Munnetra Kazhagam,5,1,4,2,3,9,6,9,6,6,38.68263473053892,1,0.3592814371257485,57.48502994011976,5.508982035928144,18.80239520958084,17.48502994011976,0.0,0.1197604790419162,0.0,0.1197604790419162,0.1197604790419162,3
3,0,343,30,313,239,0,0,0,1,0,926,0,1,927,0,"Muthusamy Viswanathan High School, North Side New Building, Mathiravelur","1. Mathiravelur (R.V) And (P), Poonkudi South Street Ward:3, 2. Mathiravelur (R.V) And (P), Poonkudi Colony Street Ward:3, 3. Mathiravelur (R.V) And (P), Thoppu Street Ward:3, 4. Mathiravelur (R.V) And (P), Kalungudi Street Ward:3, 5. Mathiravelur (R.V) And (P), Otha Street Ward:3, 6. Mathiravelur (R.V) And (P), Poonkudi Nayakkar Street Ward:3, 7. Mathiravelur (R.V) And (P), Senniyanallur Ward:3, 8. Mathiravelur (R.V) And (P), Subarayanpettai Ward:3, 9. Mathiravelur (R.V) And (P), Keelavadi Adidravidar Street Ward:3,
10. Mathiravelur (R.V) And (P), Keelavadi Valluvar Street Ward:3, 11. Mathiravelur (R.V) And (P), Adidravidar Colony Ward:3, 999. OVERSEAS ELECTORS",All Voters,All India Anna Dravida Munnetra Kazhagam,343,313,30,Dravida Munnetra Kazhagam,6,1,4,2,3,6,6,6,5,6,3.239740820734342,0,0.0,37.04103671706264,3.239740820734342,33.80129589632829,25.80993520518359,0.0,0.0,0.0,0.1079913606911447,0.0,3
4,2,326,24,204,163,1,2,1,1,0,724,0,3,727,0,"Meenakshiammal Aided Middle School, West Portion, Chidambaranathapuram Sothiyagudi","1. Sothiyakudi (R.V) And (P), Keerangudi Anna Nagar ward:2, 2. Sothiyakudi (R.V) And (P), Keerangudi Vaikkankarai Street ward:2, 3. Sothiyakudi (R.V) And (P), Keerangudi Kudiyana Street ward:2, 4. Sothiyakudi (R.V) And (P), Konnakkattu Padukai ward:3, 5. Sothiyakudi (R.V) And (P), Chidambaranathapuram Thoppu Street ward:3, 999. OVERSEAS ELECTORS",All Voters,All India Anna Dravida Munnetra Kazhagam,326,204,122,Dravida Munnetra Kazhagam,5,1,4,2,3,7,5,7,7,10,16.85082872928177,0,0.2762430939226519,45.02762430939227,3.314917127071823,28.1767955801105,22.51381215469613,0.1381215469613259,0.2762430939226519,0.1381215469613259,0.1381215469613259,0.0,3
5,3,177,7,137,115,1,0,0,0,1,441,0,0,441,0,"Meenakshiammal Aided Middle School, East Side, Chidambaranathapuram","1. Sothiyakudi (R.V) And (P), Chidambaranathapuram Kudiyana Street ward:2, 2. Sothiyakudi (R.V) And (P), Chidambaranathapuram School Street ward:2, 3. Sothiyakudi
(R.V) And (P), Periya Street ward:2, 999. OVERSEAS ELECTORS",All Voters,All India Anna Dravida Munnetra Kazhagam,177,137,40,Dravida Munnetra Kazhagam,5,1,4,2,3,6,8,8,8,6,9.070294784580499,1,0.6802721088435374,40.1360544217687,1.587301587301587,31.06575963718821,26.07709750566893,0.2267573696145125,0.0,0.0,0.0,0.2267573696145125,3
6,1,322,22,329,215,2,2,0,2,1,896,0,1,897,0,"Panchayat Union Elementary School,North facing South building west portion, Sothiyagudi","1. Sothiyakudi (R.V) And (P), Sothiyakudi School Street ward:1, 2. Sothiyakudi (R.V) And (P), Pillaiyar Kovil Street ward:1, 3. Sothiyakudi (R.V) And (P), Maniyam Madapurm ward:3, 4. Sothiyakudi (R.V) And (P), Madapuram South Street ward:1, 5. Sothiyakudi (R.V) And (P), Main Road Sothiyagudi ward:1, 6. Sothiyakudi (R.V) And (P), Kannikovil Street ward:1, 7. Sothiyakudi (R.V) And (P), Madapurm Pillayar Kovil Street ward:1, 8. Sothiyakudi (R.V) And (P), Madapuram West Street ward:1, 999. OVERSEAS ELECTORS",All Voters,Dravida Munnetra Kazhagam,329,322,7,All India Anna Dravida Munnetra Kazhagam,8,2,4,1,3,5,5,10,5,8,0.78125,1,0.1116071428571428,35.9375,2.455357142857143,36.71875,23.99553571428572,0.2232142857142857,0.2232142857142857,0.0,0.2232142857142857,0.1116071428571428,3
7,1,126,23,276,205,2,0,1,3,6,643,0,0,643,0,"Kollidam Panchayat Union Middle School, Western Building North Portion, Aananthakuthan","1. Gopalasamuthiram (R.V) And (P), Kunnam Colony Street ward:1, 2. Gopalasamuthiram (R.V) And (P), Kadukamaram Kudiana Street ward:1, 3. Gopalasamuthiram (R.V) And (P), Kadukamaram Adidravidar Street ward:1, 4. Gopalasamuthiram (R.V) And (P), Anandakootthan Adidravidar Street ward:1, 999. OVERSEAS ELECTORS",All Voters,Dravida Munnetra Kazhagam,276,205,71,Tamilaga Vettri Kazhagam,8,3,4,1,2,7,10,8,6,5,11.04199066874028,6,0.1555209953343701,19.59564541213064,3.576982892690513,42.92379471228615,31.88180404354588,0.3110419906687403,0.0,0.1555209953343701,0.4665629860031105,0.9331259720062209,2
8,2,138,24,251,253,1,3,1,3,0,676,0,5,681,0,"Kollidam Panchayat Union Middle School, Western building South Portion, Aananthakuthan","1. Gopalasamuthiram (R.V) And (P), Anandakootthan Kudiyana Street ward:1, 2. Gopalasamuthiram (R.V) And (P), Rajangam Nagar ward:1, 3. Gopalasamuthiram (R.V) And (P), Ananthakoothan Mainroad ward:1, 4. Gopalasamuthiram (R.V) And (P), Chinnaputhur Mainroad ward:1, 5. Gopalasamuthiram (R.V) And (P), Kuravar Street ward:1, 999.
OVERSEAS ELECTORS",All Voters,Tamilaga Vettri Kazhagam,253,251,2,Dravida Munnetra Kazhagam,7,3,4,2,1,8,5,8,5,10,0.2958579881656805,0,0.2958579881656805,20.41420118343195,3.550295857988166,37.1301775147929,37.42603550295858,0.1479289940828402,0.4437869822485207,0.1479289940828402,0.4437869822485207,0.0,2
9,2,280,19,95,144,1,1,1,4,2,549,0,1,550,0,"Srinivasa Subburaya Polytechnic College, New Building Room No.122, Puthur","1. Gopalasamuthiram (R.V) And (P), Kallar Street ward:1, 2. Gopalasamuthiram (R.V) And (P), Kumilankadu ward:1, 3. Gopalasamuthiram (R.V) And (P), Kapalli Muthaliyar Colony Street ward:1, 4. Gopalasamuthiram (R.V) And (P), Saraswathi Villagam, Adidravidar Street ward:2,
5. Gopalasamuthiram (R.V) And (P), Periya Kuthvakarai ward:2, 999. OVERSEAS ELECTORS",All Voters,All India Anna Dravida Munnetra Kazhagam,280,144,136,Tamilaga Vettri Kazhagam,6,1,4,3,2,8,8,8,5,6,24.77231329690346,2,0.3642987249544626,51.00182149362477,3.460837887067395,17.30418943533698,26.22950819672131,0.1821493624772313,0.1821493624772313,0.1821493624772313,0.7285974499089253,0.3642987249544626,3
10,0,244,8,185,140,0,0,1,0,0,578,0,0,578,0,"Srinivasa Subburaya Polytechnic College, New Building Room No.121, Puthur","1. Gopalasamuthiram (R.V) And (P), Saraswathi Vilagam Kudiyana Street ward:2, 2. Gopalasamuthiram (R.V) And (P), Kuthavakarai Colony Street ward:2, 3. Gopalasamuthiram (R.V) And (P), China Kuthavakari ward:2, 999. OVERSEAS ELECTORS",All Voters,All India Anna Dravida Munnetra Kazhagam,244,185,59,Dravida Munnetra Kazhagam,6,1,4,2,3,6,6,5,6,6,10.2076124567474,0,0.0,42.21453287197232,1.384083044982699,32.00692041522492,24.22145328719723,0.0,0.0,0.1730103806228374,0.0,0.0,3
11,3,197,27,260,292,1,1,1,1,0,783,0,4,787,0,"Srinivasa Subburaya Polytechnic College, Main Building Room No.104, Puthur","1. Gopalasamuthiram (R.V) And (P), Samiyam ward:3, 2. Gopalasamuthiram (R.V) And (P), Muthaiya Nagar ward:3, 3. Gopalasamuthiram (R.V) And (P), Thendral Nagar ward:3, 4. Gopalasamuthiram (R.V) And (P), Jinna Nagar ward:3, 5. Gopalasamuthiram (R.V) And (P), Samiyam Colony Street ward:3, 6. Gopalasamuthiram (R.V) And (P), Amma Nagar Kallar Street ward:3, 999. OVERSEAS ELECTORS",All Voters,Tamilaga Vettri Kazhagam,292,260,32,Dravida Munnetra Kazhagam,5,3,4,2,1,6,6,6,6,10,4.086845466155811,0,0.3831417624521072,25.15964240102171,3.448275862068965,33.20561941251596,37.29246487867178,0.1277139208173691,0.1277139208173691,0.1277139208173691,0.1277139208173691,0.0,2
12,2,163,26,207,267,2,2,0,2,0,671,0,1,672,0,"Srinivasa Matriculation School, New building Eastern block North facing 2nd Room, Gopalasamuthiram","1. Gopalasamuthiram (R.V) And (P), Salmat Street ward:3, 2. Gopalasamuthiram (R.V) And (P), Thropathi Ammankovil Street ward:2, 3. Gopalasamuthiram (R.V) And (P), Melavallam Colony Street ward:2, 4. Gopalasamuthiram (R.V) And (P), Sakthi Nagar ward:2, 5. Gopalasamuthiram (R.V) And (P), School Street ward:2, 6. Gopalasamuthiram (R.V) And (P), Perumalkovil Street ward:2, 7. Gopalasamuthiram (R.V) And (P), Railway Road ward:2, 8. Gopalasamuthiram (R.V) And (P), Kollidam Main Road ward:2, 9. Gopalasamuthiram (R.V) And (P), Puthu Nagar ward:2, 10. Gopalasamuthiram (R.V) And (P), Thideer Kuppam ward:2,
11. Gopalasamuthiram (R.V) And (P), Pusai Nagar ward:2, 12. Gopalasamuthiram (R.V) And (P), Pullishwariamman Kovil street ward:2, 999. OVERSEAS ELECTORS",All Voters,Tamilaga Vettri Kazhagam,267,207,60,Dravida Munnetra Kazhagam,5,3,4,2,1,5,5,9,5,9,8.941877794336811,0,0.2980625931445604,24.29210134128167,3.874813710879284,30.849478390462,39.79135618479881,0.2980625931445604,0.2980625931445604,0.0,0.2980625931445604,0.0,2
13,1,241,22,123,217,1,1,1,0,0,607,0,2,609,0,"Government Higher Secondary School, Eastern Building South Portion, Thulasenthirapuram","1. Gopalasamuthiram (R.V) And (P), Fisherman Street ward:3, 2. Gopalasamuthiram (R.V) And (P), Atrangarai Street ward:3, 3. Gopalasamuthiram (R.V) And (P), School Street ward:3,
4. Gopalasamuthiram (R.V) And (P), Perumalkovil Street ward:3, 5. Gopalasamuthiram (R.V) And (P), Railway Road Street ward:3, 6. Gopalasamuthiram (R.V) And (P), Police Line Main Road ward:3, 7. Gopalasamuthiram (R.V) And (P), V.N.P Nagar ward:3, 8. Gopalasamuthiram (R.V) And (P), Bharath Street ward:3, 999. OVERSEAS ELECTORS",All Voters,All India Anna Dravida Munnetra Kazhagam,241,217,24,Tamilaga Vettri Kazhagam,5,1,4,3,2,5,5,5,9,9,3.953871499176277,0,0.1647446457990115,39.70345963756178,3.624382207578253,20.26359143327842,35.7495881383855,0.1647446457990115,0.1647446457990115,0.1647446457990115,0.0,0.0,2
14,1,208,20,160,169,0,0,0,1,1,560,0,1,561,0,"Government Higher Secondary School, East Building North Portion, Thulasenthirapuram","1. Gopalasamuthiram (R.V) And (P), Puthu Street ward:3, 2. Gopalasamuthiram (R.V) And (P), Thideer Kuppam ward:3, 3. Gopalasamuthiram (R.V) And (P), Poosai Nagar ward:3, 4. Gopalasamuthiram (R.V) And (P), Pullishwariamman Kovil Street ward:3, 999. OVERSEAS
ELECTORS",All Voters,All India Anna Dravida Munnetra Kazhagam,208,169,39,Tamilaga Vettri Kazhagam,5,1,4,3,2,8,8,8,5,5,6.964285714285714,1,0.1785714285714286,37.14285714285715,3.571428571428571,28.57142857142857,30.17857142857143,0.0,0.0,0.0,0.1785714285714286,0.1785714285714286,3
15,4,361,29,125,168,1,0,0,1,0,689,0,0,689,0,"Kollidam Panchayat Union Elementary School, South building West Portion, Anumanthapuram","1. Thirumayiladi (R.V), Anaikkaranchathiram (P), Thittupadukai Santhapadukai ward:1, 2. Thirumayiladi (R.V), Anaikkaranchathiram (P), Anumandapuram Agraharam Ward:2, 3. Thirumayiladi (R.V), Anaikkaranchathiram (P), Anumandapuram Kudiyana Street Ward:2, 4. Thirumayiladi (R.V), Anaikkaranchathiram (P), Nadalpadukai Middle Street Ward:1, 999. OVERSEAS ELECTORS",All Voters,All India Anna Dravida Munnetra Kazhagam,361,168,193,Tamilaga Vettri Kazhagam,5,1,4,3,2,6,8,8,6,8,28.01161103047896,0,0.5805515239477503,52.39477503628447,4.20899854862119,18.1422351233672,24.38316400580552,0.1451378809869376,0.0,0.0,0.1451378809869376,0.0,3
16,1,265,28,259,195,1,0,1,2,2,754,0,0,754,0,"Kollidam Panchayat Union Elementary School, South building East Portion, Anumanthapuram","1. Thirumayiladi (R.V), Anaikkaranchathiram (P), Anumadapuram Ambedkar Street Ward:1,
2. Thirumayiladi (R.V), Anaikkaranchathiram (P), Nadalpadukai Southi Street Ward:1, 3. Thirumayiladi (R.V), Anaikkaranchathiram (P), Nadalpadukai North Street Ward:1, 4. Thirumayiladi (R.V), Anaikkaranchathiram (P), Nadalpadukai Adidravidar Street Ward:1, 999. OVERSEAS ELECTORS",All Voters,All India Anna Dravida Munnetra Kazhagam,265,259,6,Dravida Munnetra Kazhagam,7,1,4,2,3,7,10,7,5,5,0.7957559681697612,2,0.1326259946949602,35.14588859416445,3.713527851458886,34.3501326259947,25.86206896551724,0.1326259946949602,0.0,0.1326259946949602,0.2652519893899204,0.2652519893899204,3
17,2,182,24,183,104,0,0,0,1,0,496,0,2,498,0,"Kollidam Panchayat Union Elementary School, North facing Western portion, Muslim Street Manganampattu","1. Thirumayiladi (R.V), Anaikkaranchathiram (P), Santhapadugai Keelagundalapadi ward:1,
2. Thirumayiladi (R.V), Anaikkaranchathiram (P), Manganampattu Muslim Street ward:2, 999. OVERSEAS ELECTORS",All Voters,Dravida Munnetra Kazhagam,183,182,1,All India Anna Dravida Munnetra Kazhagam,5,2,4,1,3,7,7,7,6,7,0.2016129032258064,0,0.4032258064516129,36.69354838709678,4.838709677419355,36.89516129032258,20.96774193548387,0.0,0.0,0.0,0.2016129032258064,0.0,3
18,1,79,7,339,106,0,0,2,1,1,536,0,5,541,0,"Kollidam Panchayat Union Elementary School, North facing Eastern portion, Muslim Street Manganampattu","1. Thirumayiladi (R.V), Anaikkaranchathiram (P), Mariyamnan Kovil Street ward:1, 2. Thirumayiladi (R.V), Anaikkaranchathiram (P), North Street ward:2, 3. Thirumayiladi (R.V), Anaikkaranchathiram (P), Anumanthapuram Road ward:2, 4. Thirumayiladi (R.V), Anaikkaranchathiram (P), Quaid-E-Millath Street ward:2, 5. Thirumayiladi (R.V), Anaikkaranchathiram (P), Puthu Street ward:2, 6. Thirumayiladi (R.V), Anaikkaranchathiram (P), Pallivasal Street ward:2, 7. Thirumayiladi (R.V), Anaikkaranchathiram (P), Pulavar Street, Hussain Street ward:2, 8. Thirumayiladi (R.V), Anaikkaranchathiram (P), K.A.P Nagar ward:3, 999. OVERSEAS ELECTORS",All Voters,Dravida Munnetra Kazhagam,339,106,233,Tamilaga Vettri Kazhagam,6,3,4,1,2,9,9,5,6,6,43.47014925373134,1,0.1865671641791045,14.73880597014925,1.305970149253731,63.24626865671642,19.77611940298507,0.0,0.0,0.3731343283582089,0.1865671641791045,0.1865671641791045,1
19,4,226,34,180,193,0,0,0,5,1,643,0,1,644,0,"Saraswathi Matric Hr. Sec. School, Room No-2, Manganampattu","1. Thirumayiladi (R.V), Anaikkaranchathiram (P), Manganampattu Main Road Ward:3, 2. Thirumayiladi (R.V), Anaikkaranchathiram (P), School Street Ward:2, 3. Thirumayiladi (R.V), Anaikkaranchathiram (P), Santhapadugai Keelakundalapadi Ward:1, 999. OVERSEAS
ELECTORS",All Voters,All India Anna Dravida Munnetra Kazhagam,226,193,33,Tamilaga Vettri Kazhagam,6,1,4,3,2,8,8,8,5,7,5.132192846034215,1,0.6220839813374806,35.14774494556765,5.287713841368585,27.99377916018663,30.01555209953344,0.0,0.0,0.0,0.7776049766718507,0.1555209953343701,3
20,4,199,26,266,230,1,1,1,1,1,730,0,4,734,0,"Saraswathi Matric Hr. Sec. School, Room No-3, Manganampattu","1. Thirumayiladi (R.V), Anaikkaranchathiram (P), Railway Road Keelpuram Paravankadu Ward:2, 2. Thirumayiladi (R.V), Anaikkaranchathiram (P), Pillaiyar Koil Street Ward:2, 3. Thirumayiladi (R.V), Anaikkaranchathiram (P), West Street Ward:2, 4. Thirumayiladi (R.V), Anaikkaranchathiram (P), Kamankovil Street ward:2, 5. Thirumayiladi (R.V), Anaikkaranchathiram (P), Manganampattu Arunthathiyar Street Ward:2, 6. Thirumayiladi (R.V), Anaikkaranchathiram (P), Manganampattu Kaliamman Kovil Street Ward:2, 999.
OVERSEAS ELECTORS",All Voters,Dravida Munnetra Kazhagam,266,230,36,Tamilaga Vettri Kazhagam,5,3,4,1,2,6,6,6,6,6,4.931506849315069,1,0.547945205479452,27.26027397260274,3.561643835616438,36.43835616438356,31.50684931506849,0.136986301369863,0.136986301369863,0.136986301369863,0.136986301369863,0.136986301369863,2
21,4,190,12,157,144,0,0,0,1,0,508,0,1,509,0,"Saraswathi Matric Hr. Sec. School, Room No-4, Manganampattu","1. Thirumayiladi (R.V), Anaikkaranchathiram (P), School Street, Anaikkaranchathiram ward:3, 2. Thirumayiladi (R.V), Anaikkaranchathiram (P), Agraharam, Anaikkaranchathiram ward:3, 3. Thirumayiladi (R.V), Anaikkaranchathiram (P), Koil Street, Anaikkaranchathiram, Railway Road ward:3, 4. Thirumayiladi (R.V), Anaikkaranchathiram (P), Koil Street ward:3, 5. Thirumayiladi (R.V), Anaikkaranchathiram (P), Kuttiyaveli Street ward:3, 6. Thirumayiladi (R.V), Anaikkaranchathiram (P), Thirubuvana Veeramangalam S.C street ward:3, 999. OVERSEAS ELECTORS",All Voters,All India Anna Dravida Munnetra Kazhagam,190,157,33,Dravida Munnetra Kazhagam,5,1,4,2,3,7,7,7,6,7,6.496062992125983,0,0.7874015748031495,37.40157480314961,2.362204724409449,30.90551181102362,28.34645669291339,0.0,0.0,0.0,0.1968503937007874,0.0,3
22,2,267,23,239,211,2,0,1,0,1,746,0,3,749,0,"Saraswathi Matric Hr. Sec. School, Room No-5, Manganampattu","1. Thirumayiladi (R.V), Anaikkaranchathiram (P), Thoppu Street ward:3, 2. Thirumayiladi (R.V), Anaikkaranchathiram (P), Thirubuvanam Veeramangalam B.C street ward:3, 3. Thirumayiladi (R.V), Anaikkaranchathiram (P), Keezhavallam ward:3, 999. OVERSEAS
ELECTORS",All Voters,All India Anna Dravida Munnetra Kazhagam,267,239,28,Dravida Munnetra Kazhagam,5,1,4,2,3,5,9,7,9,7,3.753351206434316,1,0.2680965147453083,35.79088471849866,3.083109919571045,32.03753351206434,28.28418230563003,0.2680965147453083,0.0,0.1340482573726542,0.0,0.1340482573726542,3
23,4,74,14,348,238,1,2,0,0,0,681,0,2,683,0,"Kollidam Panchayat Union Elementary School, West Building South Side, Thaikkal","1. Thirumayiladi (R.V), Anaikkaranchathiram (P), Thulasenthirapuram mainroad ward:4, 2. Thirumayiladi (R.V), Anaikkaranchathiram (P), Kalaignar Nagar ward:4, 3. Thirumayiladi (R.V), Anaikkaranchathiram (P), Mathakadi Street ward:4, 4. Thirumayiladi (R.V), Anaikkaranchathiram (P), Saiyadu Nagar ward:4, 5. Thirumayiladi (R.V), Anaikkaranchathiram (P), Mani Nagar ward:4, 6. Thirumayiladi (R.V), Anaikkaranchathiram
(P), S.G.M Nagar ward:4, 999. OVERSEAS ELECTORS",All Voters,Dravida Munnetra Kazhagam,348,238,110,Tamilaga Vettri Kazhagam,5,3,4,1,2,7,6,8,8,8,16.15271659324523,0,0.5873715124816447,10.86637298091043,2.055800293685756,51.10132158590308,34.94860499265786,0.1468428781204112,0.2936857562408223,0.0,0.0,0.0,1
24,1,26,16,482,136,0,1,1,0,0,663,0,1,664,0,"Kollidam Panchayat Union Elementary School, West Building North Side, Thaikkal","1. Thirumayiladi (R.V), Anaikkaranchathiram (P), Dharga Nagar ward:4, 2. Thirumayiladi (R.V), Anaikkaranchathiram (P), Nabir Street, Asath Street ward:4, 3. Thirumayiladi (R.V), Anaikkaranchathiram (P), Parakath Street, Thaikkal ward:4, 4. Thirumayiladi (R.V), Anaikkaranchathiram (P), Rahmad Street ward:4, 5. Thirumayiladi (R.V), Anaikkaranchathiram (P), Pallivasal Street ward:4, 999. OVERSEAS ELECTORS",All Voters,Dravida Munnetra Kazhagam,482,136,346,Tamilaga Vettri Kazhagam,5,3,4,1,2,8,5,5,8,8,52.1870286576169,0,0.1508295625942685,3.92156862745098,2.413273001508296,72.6998491704374,20.51282051282051,0.0,0.1508295625942685,0.1508295625942685,0.0,0.0,1
25,1,13,18,356,109,0,0,0,0,0,497,0,1,498,0,"Venkatesa Higher Secondary School, Arulsethu Manikkam Block, Ayankudipallam","1. Thirumayiladi (R.V), Anaikkaranchathiram (P),Thirumayiladi Main Road Street ward:5, 2. Thirumayiladi (R.V), Anaikkaranchathiram (P),Thirumayiladi Pallivasal Street ward:5, 3. Thirumayiladi (R.V), Anaikkaranchathiram (P),Thirumayiladi Quaid-E-Millath Street ward:5,
4. Thirumayiladi (R.V), Anaikkaranchathiram (P),Thirumayiladi Ismayil Street ward:5, 5. Thirumayiladi (R.V), Anaikkaranchathiram (P),Thirumayiladi Samiyanth Road Street ward:5, 999. OVERSEAS ELECTORS",All Voters,Dravida Munnetra Kazhagam,356,109,247,Tamilaga Vettri Kazhagam,5,4,3,1,2,6,6,6,6,6,49.69818913480885,0,0.2012072434607646,2.61569416498994,3.621730382293763,71.6297786720322,21.93158953722334,0.0,0.0,0.0,0.0,0.0,1
26,1,106,17,319,185,1,1,2,0,0,632,0,2,634,0,"Venkatesa Higher Secondary School, Northern side of Govindharaj Block 2nd Room From West, Ayankudipallam","1. Thirumayiladi (R.V), Anaikkaranchathiram (P),Thirumayiladi Jinna Street ward:5, 2. Thirumayiladi (R.V), Anaikkaranchathiram (P),Thirumayiladi Jahir Hussain Street ward:5, 3. Thirumayiladi (R.V), Anaikkaranchathiram (P),Thirumayiladi Aayangudipallam BC Street ward:5, 4. Thirumayiladi (R.V), Anaikkaranchathiram (P),Thirumayiladi Aayangudipallam SC Street ward:5, 999. OVERSEAS ELECTORS",All Voters,Dravida Munnetra Kazhagam,319,185,134,Tamilaga Vettri Kazhagam,6,3,4,1,2,6,6,5,9,9,21.20253164556962,0,0.1582278481012658,16.77215189873418,2.689873417721519,50.4746835443038,29.27215189873418,0.1582278481012658,0.1582278481012658,0.3164556962025317,0.0,0.0,1
27,2,106,13,150,163,0,0,0,1,0,435,0,0,435,0,"Venkatesa Aided Elementary School, Eastern building North Portion,
Ayankudipallam","1. Thirumayiladi (R.V), Anaikkaranchathiram (P), Thirumayiladi Main Road Street ward:5, 999. OVERSEAS ELECTORS",All Voters,Tamilaga Vettri Kazhagam,163,150,13,Dravida Munnetra Kazhagam,5,3,4,2,1,7,7,7,6,7,2.988505747126437,0,0.4597701149425287,24.36781609195402,2.988505747126437,34.48275862068966,37.47126436781609,0.0,0.0,0.0,0.2298850574712644,0.0,2
28,3,117,17,273,233,2,2,0,1,0,648,0,2,650,0,"Venkatesa Aided Elementary School, Eastern Building West Facing South Side Room, Ayankudipallam","1. Thirumayiladi (R.V), Anaikkaranchathiram (P), Thirumayiladi Adidravidar Street ward:5, 2. Thirumayiladi (R.V), Anaikkaranchathiram (P), Thirumayiladi Thannirpandal Street ward:5, 999. OVERSEAS ELECTORS",All Voters,Dravida Munnetra Kazhagam,273,233,40,Tamilaga Vettri Kazhagam,5,3,4,1,2,6,6,9,8,9,6.172839506172839,0,0.4629629629629629,18.05555555555555,2.623456790123456,42.12962962962963,35.95679012345679,0.308641975308642,0.308641975308642,0.0,0.154320987654321,0.0,2
29,0,172,14,175,147,2,1,1,1,0,513,0,0,513,0,"Kollidam Panchayat Union Middle School, North Side East Terraced South facing Building, Muthalaimedu","1. Mudalaimedu (R.V) And (P), Mudalaimedu Vanniya Street ward:1, 999. OVERSEAS ELECTORS",All Voters,Dravida Munnetra Kazhagam,175,172,3,All India Anna Dravida Munnetra Kazhagam,9,2,4,1,3,5,6,6,6,9,0.5847953216374269,0,0.0,33.52826510721248,2.729044834307992,34.1130604288499,28.65497076023392,0.3898635477582846,0.1949317738791423,0.1949317738791423,0.1949317738791423,0.0,2
30,1,232,21,261,127,1,0,2,0,1,646,0,1,647,1,"Kollidam Panchayat Union Middle School, South facing North Building West Portion, Muthalaimedu","1. Mudalaimedu (R.V) And (P), Manaveli Street, Adidravidar Street ward:2, 2. Mudalaimedu (R.V) And (P), Billpadukai Vanniyar street ward:2, 3. Mudalaimedu (R.V) And (P), Billpadukai Adidravidar street ward:2, 4. Mudalaimedu (R.V) And (P), Mettu Billpadukai Vanniyar Street
ward:2, 999. OVERSEAS ELECTORS",All Voters,Dravida Munnetra Kazhagam,261,232,29,All India Anna Dravida Munnetra Kazhagam,6,2,4,1,3,6,9,5,9,6,4.489164086687306,1,0.1547987616099071,35.91331269349845,3.25077399380805,40.40247678018576,19.6594427244582,0.1547987616099071,0.0,0.3095975232198143,0.0,0.1547987616099071,3
31,0,224,10,71,59,0,0,0,0,0,364,0,1,365,0,"Government High School,North facing South building west
Portion,Thittupadugai","1. Mudalaimedu (R.V) And (P), Anna Nagar Adidravidar Street ward:1, 2. Mudalaimedu (R.V) And (P), Naduvakadu Vanniyar Street ward:1, 999. OVERSEAS ELECTORS",All Voters,All India Anna Dravida Munnetra Kazhagam,224,71,153,Dravida Munnetra Kazhagam,5,1,4,2,3,5,5,5,5,5,42.03296703296704,0,0.0,61.53846153846154,2.747252747252747,19.50549450549451,16.20879120879121,0.0,0.0,0.0,0.0,0.0,3
32,0,341,13,88,75,1,0,0,0,1,519,0,2,521,0,"Government High School,North facing South building East
Portion,Thittupadugai","1. Mudalaimedu (R.V) And (P), Mudalaimedu Thittu-Vanniyar Street ward:1, 999. OVERSEAS ELECTORS",All Voters,All India Anna Dravida Munnetra Kazhagam,341,88,253,Dravida Munnetra Kazhagam,7,1,4,2,3,5,7,7,7,5,48.747591522158,1,0.0,65.70327552986512,2.504816955684007,16.95568400770713,14.45086705202312,0.1926782273603083,0.0,0.0,0.0,0.1926782273603083,3
33,1,264,15,317,273,1,0,2,1,3,877,0,7,884,0,"Kollidam Panchayat Union Elementary School, South facing South Building, Alakudi","1. Alakudi (R.V) And (P), Manianiruppu Bharathi Street, Dharaniyar Street ward:1, 2. Alakudi (R.V) And (P), Kuthavakarai ward:1, 3. Alakudi (R.V) And (P), Mettu Street ward:1, 4. Alakudi (R.V) And (P), Narian Street ward:1, 5. Alakudi (R.V) And (P), Ammankovil Street ward:1, 6. Alakudi (R.V) And (P), West Street ward:1, 7. Alakudi (R.V) And (P), East Street, North Street ward:1, 999. OVERSEAS ELECTORS",All Voters,Dravida Munnetra Kazhagam,317,273,44,Tamilaga Vettri Kazhagam,7,3,4,1,2,7,10,6,7,5,5.017103762827822,3,0.1140250855188141,30.10262257696693,1.710376282782212,36.14595210946408,31.12884834663626,0.1140250855188141,0.0,0.2280501710376283,0.1140250855188141,0.3420752565564424,3
34,4,364,22,280,179,0,1,1,2,1,854,0,3,857,0,"S.M Senthamil Aided Middle School, North facing South Building West Portion, Sethiruppu","1. Alakudi (R.V) And (P), Achangadu kuttiandavar Kovil Street ward:3, 2. Alakudi (R.V) And (P), Sethiruppu ward:2, 3. Alakudi (R.V) And (P), Kavalmaneiyam Thonidurai ward:3, 4. Alakudi (R.V) And (P), Kaduvetti ward:3, 5. Alakudi (R.V) And (P), Vellamanal ward:3, 999.
OVERSEAS ELECTORS",All Voters,All India Anna Dravida Munnetra Kazhagam,364,280,84,Dravida Munnetra Kazhagam,5,1,4,2,3,10,7,7,6,7,9.836065573770492,1,0.468384074941452,42.62295081967213,2.576112412177986,32.78688524590164,20.96018735362998,0.0,0.117096018735363,0.117096018735363,0.234192037470726,0.117096018735363,3
35,2,361,11,302,144,0,1,0,1,0,822,0,1,823,0,"Panchayat union Elementary School, west side building south portion east
facing, Naanalpadugai","1. Alakudi (R.V) And (P), Achankadu ward:2,3, 2. Alakudi (R.V) And (P), Maniyar Street Ayyampettai ward:2, 3. Alakudi (R.V) And (P), Nanalpadukai Rayapetti ward:2, 999.
OVERSEAS ELECTORS",All Voters,All India Anna Dravida Munnetra Kazhagam,361,302,59,Dravida Munnetra Kazhagam,5,1,4,2,3,8,6,8,6,8,7.177615571776156,0,0.24330900243309,43.91727493917275,1.338199513381995,36.73965936739659,17.51824817518248,0.0,0.121654501216545,0.0,0.121654501216545,0.0,3
36,0,246,7,68,96,0,0,0,0,0,417,0,1,418,0,"Kollidam Panchayat Union Elementary School, North Building South Portion,
Mahendrapalli","1. Mahendrapalli (R.V) And (P), Sivan Kovil Street ward:1, 2. Mahendrapalli (R.V) And (P), Koraithittu ward:3, 999. OVERSEAS ELECTORS",All Voters,All India Anna Dravida Munnetra Kazhagam,246,96,150,Tamilaga Vettri Kazhagam,5,1,4,3,2,5,5,5,5,5,35.97122302158273,0,0.0,58.99280575539569,1.678657074340528,16.30695443645084,23.02158273381295,0.0,0.0,0.0,0.0,0.0,3
37,1,182,26,272,118,1,0,0,1,2,603,0,1,604,0,"Kollidam Panchayat Union Elementary School, North Side New Building West Facing, Mahendrapalli","1. Mahendrapalli (R.V) And (P), Kumarakottagam ward:2, 2. Mahendrapalli (R.V) And (P), Sambakottagam ward:3, 3. Mahendrapalli (R.V) And (P), Vettathangarai ward:3, 4. Mahendrapalli (R.V) And (P), Regunathapuram ward:3, 999. OVERSEAS ELECTORS",All Voters,Dravida Munnetra Kazhagam,272,182,90,All India Anna Dravida Munnetra Kazhagam,6,2,4,1,3,6,9,9,6,5,14.92537313432836,2,0.1658374792703151,30.18242122719735,4.311774461028192,45.10779436152571,19.56882255389718,0.1658374792703151,0.0,0.0,0.1658374792703151,0.3316749585406302,3
38,2,329,27,246,177,1,1,1,1,1,786,0,1,787,0,"Kollidam Panchayat Union Elementary School, North facing South Building, Kattur","1. Kattur (R.V) And (P), Pavusupettai ward:1, 2. Kattur (R.V) And (P), Subburayapuram ward:1, 3. Kattur (R.V) And (P), Kamarajapuram ward:2, 4. Kattur (R.V) And (P), Kattur ward:2, 5. Kattur (R.V) And (P), Sammangadu ward:3, 6. Kattur (R.V) and (P), Kottaimedu ward:4, 7. Kattur (R.V) And (P), Pavusupettai ward:2, 8. Kattur (R.V) And (P), Valluvanatham & Thoppumedu ward:2, 9. Kattur (R.V) And (P), Kurumakottagam ward:2, 999. OVERSEAS
ELECTORS",All Voters,All India Anna Dravida Munnetra Kazhagam,329,246,83,Dravida Munnetra Kazhagam,5,1,4,2,3,6,6,6,6,6,10.55979643765903,1,0.2544529262086514,41.85750636132315,3.435114503816794,31.29770992366413,22.51908396946565,0.1272264631043257,0.1272264631043257,0.1272264631043257,0.1272264631043257,0.1272264631043257,3
39,1,301,5,220,281,0,0,0,0,0,808,0,0,808,0,"Kollidam Panchayat Union Middle School, South facing West portion, Kodiyampalayam","1. Pudupattinam (R.V), Kodiyampalayam (P), Pillaiyar Kovil Street ward:1, 2. Pudupattinam (R.V), Kodiyampalayam (P),Chinnur ward:2, 3. Pudupattinam (R.V), Kodiyampalayam (P), Tsunami Nagar (Temporay Shelter) ward:3, 999. OVERSEAS ELECTORS",All Voters,All India Anna Dravida Munnetra Kazhagam,301,281,20,Tamilaga Vettri Kazhagam,5,1,4,3,2,6,6,6,6,6,2.475247524752475,0,0.1237623762376238,37.25247524752475,0.6188118811881188,27.22772277227723,34.77722772277227,0.0,0.0,0.0,0.0,0.0,3
40,1,199,9,338,165,1,0,0,0,0,713,0,1,714,0,"Government Hr. Sec. School, East Side Building West Facing, Puthupattinam","1. Pudupattinam (R.V) and (P), Pillaiyar Koil Street Ward:1, 2. Pudupattinam (R.V) And (P), Amman Koil Street Ward:1, 3. Pudupattinam (R.V) And (P), Muslim Street Ward:1, 999.
OVERSEAS ELECTORS",All Voters,Dravida Munnetra Kazhagam,338,199,139,All India Anna Dravida Munnetra Kazhagam,5,2,4,1,3,5,7,7,7,7,19.49509116409537,0,0.1402524544179523,27.91023842917251,1.262272089761571,47.40532959326788,23.14165497896213,0.1402524544179523,0.0,0.0,0.0,0.0,3
41,4,268,29,225,277,0,2,0,1,0,806,0,6,812,0,"Government Hr. Sec. School, South Side Building East Facing,
Puthupattinam","1. Pudupattinam (R.V) And (P), Madavamedu Road Ward:2, 2. Pudupattinam (R.V) And (P), South Street Ward:2, 3. Pudupattinam (R.V) And (P), Manthaiya Koil Street Ward:2, 999.
OVERSEAS ELECTORS",All Voters,Tamilaga Vettri Kazhagam,277,268,9,All India Anna Dravida Munnetra Kazhagam,5,2,4,3,1,8,6,8,7,8,1.116625310173697,0,0.4962779156327544,33.25062034739454,3.598014888337469,27.91563275434243,34.36724565756824,0.0,0.2481389578163772,0.0,0.1240694789081886,0.0,2
42,8,349,16,337,248,2,1,0,2,1,964,0,4,968,0,"Kollidam Panchayat Union Elementary School, West side, Dharkasu Puthupattinam","1. Pudupattinam (R.V) And (P), Ambedkar Nagar ward:1, 2. Pudupattinam (R.V) And (P), Kalaignar Nagar ward:2, 3. Pudupattinam (R.V) And (P), Sallikula Street ward:2, 4. Pudupattinam (R.V) And (P), Yadavar street ward:2, 5. Pudupattinam (R.V) And (P),
Mariyamman Koil street ward:2, 999. OVERSEAS ELECTORS",All Voters,All India Anna Dravida Munnetra Kazhagam,349,337,12,Dravida Munnetra Kazhagam,5,1,4,2,3,6,8,10,6,8,1.244813278008299,1,0.8298755186721992,36.20331950207468,1.659751037344398,34.95850622406639,25.72614107883817,0.2074688796680498,0.1037344398340249,0.0,0.2074688796680498,0.1037344398340249,3
43,2,285,24,204,178,2,0,0,0,1,696,0,1,697,0,"Kollidam Panchayat Union Elementary School, East side, Dharkasu
Puthupattinam","1. Pudupattinam (R.V) And (P), Anjaneyar Koil Street ward:3, 2. Pudupattinam (R.V) And (P), Tsunami Temporary Shelter ward:3, 999. OVERSEAS ELECTORS",All Voters,All India Anna Dravida Munnetra Kazhagam,285,204,81,Dravida Munnetra Kazhagam,5,1,4,2,3,5,8,8,8,7,11.63793103448276,1,0.2873563218390804,40.94827586206897,3.448275862068965,29.3103448275862,25.57471264367816,0.2873563218390804,0.0,0.0,0.0,0.1436781609195402,3
44,2,213,14,176,395,0,0,0,1,0,801,0,1,802,0,"Kollidam Panchayat Union Elementary School, South facing east building,
Madavamedu","1. Pudupattinam (R.V) And (P), Madavamedu North Street ward:1, 2. Pudupattinam (R.V) And (P), Madavamedu South Street ward:2, 3. Pudupattinam (R.V) And (P), Madavamedu Tsunami
Nagar ward:2, 999. OVERSEAS ELECTORS",All Voters,Tamilaga Vettri Kazhagam,395,213,182,All India Anna Dravida Munnetra Kazhagam,5,2,4,3,1,7,7,7,6,7,22.72159800249688,0,0.2496878901373283,26.59176029962547,1.747815230961298,21.97253433208489,49.31335830212235,0.0,0.0,0.0,0.1248439450686642,0.0,2
45,2,172,25,152,192,1,2,0,0,0,546,0,0,546,0,"Citizen Information Centre, Eastern Portion, Tsunami Nagar Pazhaiyar","1. Pudupattinam (R.V) And (P), Kodeeswarar Koil street ward:4, 999. OVERSEAS ELECTORS",All Voters,Tamilaga Vettri Kazhagam,192,172,20,All India Anna Dravida Munnetra Kazhagam,5,2,4,3,1,7,5,8,8,8,3.663003663003663,0,0.3663003663003663,31.5018315018315,4.578754578754578,27.83882783882784,35.16483516483517,0.1831501831501831,0.3663003663003663,0.0,0.0,0.0,2
46,0,205,30,219,303,2,1,0,1,1,762,0,2,764,0,"Kollidam Panchayat Union Middle School Middle portion west facing, Tsunami Nagar Palaiyar Puthupattinam","1. Pudupattinam (R.V) And (P), Kamankoil Street ward:4, 2. Pudupattinam (R.V) and (P), Anna Nagar ward:4, 3. Pudupattinam (R.V) And (P), Puthu Nagar ward:4, 999. OVERSEAS ELECTORS",All Voters,Tamilaga Vettri Kazhagam,303,219,84,Dravida Munnetra Kazhagam,9,3,4,2,1,5,6,9,6,6,11.02362204724409,1,0.0,26.90288713910761,3.937007874015748,28.74015748031496,39.76377952755906,0.2624671916010499,0.1312335958005249,0.0,0.1312335958005249,0.1312335958005249,2
47,2,188,40,161,308,0,0,0,0,0,699,0,0,699,0,"Citizen Information Centre, Western Portion, Tsunami Nagar Pazhaiyar","1. Pudupattinam (R.V) And (P), Pazhayar ward:4, 999. OVERSEAS ELECTORS",All Voters,Tamilaga Vettri Kazhagam,308,188,120,All India Anna Dravida Munnetra Kazhagam,5,2,4,3,1,6,6,6,6,6,17.16738197424893,0,0.2861230329041488,26.89556509298999,5.722460658082976,23.03290414878398,44.06294706723891,0.0,0.0,0.0,0.0,0.0,2
48,3,183,28,251,343,0,0,2,0,0,810,0,1,811,0,"Kollidam Panchayat Union Middle School, South Wing, Tsunami Nagar
Pazhaiyar","1. Pudupattinam(R.V) And (P), Puthu Nagar ward:4, 999. OVERSEAS ELECTORS",All Voters,Tamilaga Vettri Kazhagam,343,251,92,Dravida Munnetra Kazhagam,5,3,4,2,1,7,7,6,7,7,11.35802469135803,0,0.3703703703703704,22.59259259259259,3.45679012345679,30.98765432098766,42.34567901234568,0.0,0.0,0.2469135802469136,0.0,0.0,2
49,0,151,20,298,165,0,0,0,0,0,634,0,3,637,0,"Kollidam Panchayat Union Elementary School, North Building East Side SSA Building Facing West, Puliyanthurai","1. Puliyanthurai (R.V) And (P), Puliyanthurai Kovilmettu Street ward:1, 2. Puliyanthurai (R.V) And (P), Kothandapuram ward:1, 3. Puliyanthurai (R.V) And (P), Periya Street ward:1, 4. Puliyanthurai (R.V) And (P), Ambedkar Nagar ward:2, 999. OVERSEAS ELECTORS",All Voters,Dravida Munnetra Kazhagam,298,165,133,Tamilaga Vettri Kazhagam,5,3,4,1,2,5,5,5,5,5,20.97791798107255,0,0.0,23.81703470031546,3.154574132492113,47.00315457413249,26.02523659305994,0.0,0.0,0.0,0.0,0.0,3
50,0,207,21,318,288,2,1,0,0,1,838,0,2,840,0,"Kollidam Panchayat Union Elementary School, Puliyanthurai ,West facing North building Ground Floor.","1. Puliyanthurai (R.V) And (P), Chinna street ward:2, 2. Puliyanthurai (R.V) And (P), Manalveli Street ward:2, 3. Puliyanthurai (R.V) And (P), Kundu mettu street ward:2, 4. Puliyanthurai (R.V) And (P), South Veli ward:2, 999. OVERSEAS ELECTORS",All Voters,Dravida Munnetra Kazhagam,318,288,30,Tamilaga Vettri Kazhagam,8,3,4,1,2,5,6,8,8,6,3.579952267303103,1,0.0,24.70167064439141,2.505966587112172,37.94749403341289,34.36754176610978,0.2386634844868735,0.1193317422434368,0.0,0.0,0.1193317422434368,2
51,2,189,21,321,158,1,0,0,0,0,692,0,0,692,0,"Kollidam Panchayat Union Middle School, East Side New Building South Portion, Nallur","1. Arapallam (R.V) And (P), Kothandapuram ward:1, 2. Arapallam (R.V) And (P), Arapallam Periya street ward:1, 3. Arapallam (R.V) And (P), Arapallam New Colony ward:1, 4. Arapallam (R.V) And (P), Arapallam Ichiladi ward:1, 5. Arapallam (R.V) And (P), Malaiyan Kottagam
Valluvar street ward:1, 999. OVERSEAS ELECTORS",All Voters,Dravida Munnetra Kazhagam,321,189,132,All India Anna Dravida Munnetra Kazhagam,5,2,4,1,3,6,7,7,7,7,19.07514450867052,0,0.2890173410404624,27.3121387283237,3.034682080924855,46.38728323699422,22.83236994219653,0.1445086705202312,0.0,0.0,0.0,0.0,3
52,0,247,25,251,209,2,0,0,2,1,737,0,3,740,0,"Kollidam Panchayat Union Middle School, East Side New Building North Portion, Nallur","1. Arapallam (R.V) And (P), Arapallam Pillai Street ward:1, 2. Arapallam (R.V) And (P), Pavattamedu Simittikottagam North Street ward:3, 3. Arapallam (R.V) And (P), Pavattamedu Simittikotagam South Street New Street ward:3, 4. Arapallam (R.V) And (P), Narimudukku
Valluvar Street ward:3, 999. OVERSEAS ELECTORS",All Voters,Dravida Munnetra Kazhagam,251,247,4,All India Anna Dravida Munnetra Kazhagam,8,2,4,1,3,5,8,8,5,7,0.5427408412483039,1,0.0,33.51424694708277,3.392130257801899,34.05698778833107,28.35820895522388,0.271370420624152,0.0,0.0,0.271370420624152,0.135685210312076,3
53,3,342,41,232,183,2,0,0,4,0,807,0,8,815,0,"Kollidam Panchayat Union Middle School, West Side Building East Facing, Nallur","1. Arapallam (R.V) And (P), Nallur Main Road ward:2, 2. Arapallam (R.V) And (P), Nallur vadaga Street ward:2, 3. Arapallam (R.V) And (P), East Street ward:2, 4. Arapallam (R.V) And (P), Agraharam ward:2, 5. Arapallam (R.V) And (P), Nallur South Street ward:2, 6. Arapallam (R.V) And (P), Nallur North Street ward:2, 7. Arapallam (R.V) And (P), Nallur West Stree ward:2, 8. Arapallam (R.V) And (P), Nallur kollar Street ward:2, 9. Arapallam (R.V) And (P), Nallur pettai Street ward:2, 999. OVERSEAS ELECTORS",All Voters,All India Anna Dravida Munnetra Kazhagam,342,232,110,Dravida Munnetra Kazhagam,6,1,4,2,3,7,8,8,5,8,13.63073110285006,0,0.3717472118959108,42.37918215613383,5.080545229244114,28.74845105328377,22.67657992565056,0.2478314745972739,0.0,0.0,0.4956629491945477,0.0,3
54,1,259,37,246,164,0,0,0,0,0,707,0,3,710,0,"Government Higher Secondary School, West facing east building Southern
portion, Achalpuram","1. Achalpurm (R.V) And (P), Sannathi Street ward:1, 2. Achalpurm (R.V) And (P), South Thottam ward:1, 3. Achalpurm (R.V) And (P), North Street ward:1, 4. Achalpurm (R.V) And
(P), South Street ward:1, 999. OVERSEAS ELECTORS",All Voters,All India Anna Dravida Munnetra Kazhagam,259,246,13,Dravida Munnetra Kazhagam,5,1,4,2,3,6,6,6,6,6,1.838755304101839,0,0.1414427157001414,36.63366336633663,5.233380480905233,34.7949080622348,23.1966053748232,0.0,0.0,0.0,0.0,0.0,3
55,3,102,17,135,259,0,0,1,0,0,517,0,1,518,0,"Government Higher Secondary School, West Side Building East Facing,
Achalpuram","1. Achalpurm (R.V) And (P), Sanaveli Street ward:3, 2. Achalpurm (R.V) And (P), East Street ward:3, 3. Achalpurm (R.V) And (P), Thevar Colony ward:3, 999. OVERSEAS ELECTORS",All Voters,Tamilaga Vettri Kazhagam,259,135,124,Dravida Munnetra Kazhagam,5,3,4,2,1,7,7,6,7,7,23.98452611218569,0,0.5802707930367506,19.72920696324952,3.288201160541586,26.11218568665377,50.09671179883946,0.0,0.0,0.1934235976789168,0.0,0.0,2
56,1,237,29,151,189,0,0,1,0,2,610,0,1,611,0,"Government Higher Secondary School,West facing east New building
North portion,Achalpuram","1. Achalpurm (R.V) And (P), Valluvar Street ward:3, 2. Achalpurm (R.V) And (P), Kamarajar Nagar ward:3, 3. Achalpurm (R.V) And (P), Shanmugar Street ward:3, 999. OVERSEAS
ELECTORS",All Voters,All India Anna Dravida Munnetra Kazhagam,237,189,48,Tamilaga Vettri Kazhagam,6,1,4,3,2,8,8,6,8,5,7.868852459016394,2,0.1639344262295082,38.85245901639344,4.754098360655737,24.75409836065574,30.98360655737705,0.0,0.0,0.1639344262295082,0.0,0.3278688524590164,3
57,1,185,17,216,154,2,1,0,0,1,577,0,1,578,0,"Government Higher Secondary School
,East New Building West facing South portion,Achalpuram","1. Achalpuram (R.V) and (P), West Street ward:2, 2. Achalpuram (R.V) And (P), Sengamedu ward:2, 3. Achalpuram (R.V) And (P), Kodikkalveli) ward:2, 4. Achalpuram (R.V) And (P),
Mettu Street ward:2, 999. OVERSEAS ELECTORS",All Voters,Dravida Munnetra Kazhagam,216,185,31,All India Anna Dravida Munnetra Kazhagam,6,2,4,1,3,5,6,9,9,6,5.37261698440208,1,0.1733102253032929,32.06239168110919,2.946273830155979,37.43500866551127,26.68977469670711,0.3466204506065858,0.1733102253032929,0.0,0.0,0.1733102253032929,2
58,11,279,27,264,186,0,2,1,2,0,772,0,1,773,0,"Government Higher Secondary School, East facing New building west wing,
Achalpuram","1. Achalpuram (R.V) And (P), Melaagaram ward:2, 2. Achalpuram (R.V) And (P), Keelaagaram ward:2, 3. Achalpuram (R.V) And (P), North Street North colony ward:2, 999. OVERSEAS
ELECTORS",All Voters,All India Anna Dravida Munnetra Kazhagam,279,264,15,Dravida Munnetra Kazhagam,5,1,4,2,3,9,6,8,6,9,1.94300518134715,0,1.424870466321243,36.139896373057,3.49740932642487,34.19689119170985,24.09326424870466,0.0,0.2590673575129534,0.1295336787564767,0.2590673575129534,0.0,2
59,1,384,45,249,262,1,0,1,3,0,946,0,0,946,0,"Kollidam Panchayat Union Middle School, North Side Building West Side, Kadaikanvinayaganallur","1. Nallanayagapuram (R.V) And (P), Thandesa Nallur ward:1, 2. Nallanayagapuram (R.V) And (P), Mailakovil ward:1, 3. Nallanayagapuram (R.V) And (P), Kadaikan Vinayaganallur,Sivankoil Street,Kaliyamman Koil Street ward:1, 999. OVERSEAS ELECTORS",All Voters,All India Anna Dravida Munnetra Kazhagam,384,262,122,Tamilaga Vettri Kazhagam,6,1,4,3,2,6,9,6,5,9,12.89640591966173,0,0.105708245243129,40.59196617336152,4.756871035940804,26.32135306553911,27.69556025369979,0.105708245243129,0.0,0.105708245243129,0.3171247357293869,0.0,3
60,1,193,14,316,230,1,0,0,2,0,757,0,0,757,0,"Kollidam Panchayat Union Middle School, North Side BuildingEast Side, Kadaikanvinayaganallur","1. Nallanayagapuram (R.V) And (P), Kadaikkan Vinayaganallur West Street ward:2, 2. Nallanayagapuram (R.V) And (P), Kadaikan Vinayaganallur Colony Street, Ambedkar Street ward:2, 3. Nallanayagapuram (R.V) And (P), Nallanayagapuram Perumalkoil Street ward:2, 4. Nallanayagapuram (R.V) And (P), Nallanayagapuram Big Street, Rengasamuthiram ward:2,
999. OVERSEAS ELECTORS",All Voters,Dravida Munnetra Kazhagam,316,230,86,Tamilaga Vettri Kazhagam,6,3,4,1,2,6,8,8,5,8,11.36063408190225,0,0.1321003963011889,25.49537648612946,1.849405548216645,41.7437252311757,30.38309114927345,0.1321003963011889,0.0,0.0,0.2642007926023778,0.0,3
61,3,292,18,150,152,0,1,0,6,2,624,0,4,628,0,"Kollidam Panchayat Union Elementary School, West Building South Portion, Seeyalam","1. Koothiyampettai (R.V), Sheeyalam (P), Kannankulam East Street ward:1, 2. Koothiyampettai (R.V), Sheeyalam (P), Kannankulam Middle Street ward:1, 3. Koothiyampettai (R.V), Sheeyalam (P), Kannankulam Nadar Street ward:1, 4. Koothiyampettai (R.V), Sheeyalam (P), Kannankulam North Street ward:1, 5. Koothiyampettai (R.V), Sheeyalam (P), Sheeyalam East Street ward:2, 999. OVERSEAS ELECTORS",All Voters,All India Anna Dravida Munnetra Kazhagam,292,152,140,Tamilaga Vettri Kazhagam,6,1,4,3,2,9,8,9,5,7,22.43589743589744,2,0.4807692307692308,46.7948717948718,2.884615384615385,24.03846153846154,24.35897435897436,0.0,0.1602564102564102,0.0,0.9615384615384616,0.3205128205128205,3
62,3,215,33,271,209,1,1,0,0,0,733,0,2,735,0,"Kollidam Panchayat Union Elementary School, West Building North Portion, Seeyalam","1. Koothiyampettai (R.V), Sheeyalam (P), Big Street ward:2, 2. koothiyampettai (R.V), Sheeyalam (P), Puthiya Colony ward:2, 3. Koothiyampettai (R.V), Sheeyalam (P), Sheeyalam Main Road ward:2, 4. Koothiyampettai (R.V), Sheeyalam (P), Koothiyampettai Main Road ward:3, 5. Koothiyampettai (R.V), Sheeyalam (P), North Street ward:3, 999. OVERSEAS
ELECTORS",All Voters,Dravida Munnetra Kazhagam,271,215,56,All India Anna Dravida Munnetra Kazhagam,5,2,4,1,3,6,6,8,8,8,7.639836289222374,0,0.4092769440654843,29.33151432469304,4.502046384720328,36.97135061391542,28.51296043656208,0.1364256480218281,0.1364256480218281,0.0,0.0,0.0,2
63,0,213,32,183,196,0,0,0,1,1,626,0,1,627,0,"Kollidam Panchayat Union Middle School, Eastern Side, Puthur","1. Puthur (R.V) And (P), Main Road ward:1, 2. Puthur (R.V) And (P), West Street ward:1, 3. Puthur (R.V) And (P), North Street ward:1, 4. Puthur (R.V) And (P), Eda Street ward:1, 5. Puthur (R.V) And (P), Vaniya Street ward:1, 6. Puthur (R.V) And (P), Sivan Kovil Street ward:1,
7. Puthur (R.V) And (P), Kamankovil Street ward:1, 999. OVERSEAS ELECTORS",All Voters,All India Anna Dravida Munnetra Kazhagam,213,196,17,Tamilaga Vettri Kazhagam,7,1,4,3,2,7,7,7,5,5,2.715654952076677,1,0.0,34.02555910543131,5.111821086261981,29.23322683706071,31.30990415335463,0.0,0.0,0.0,0.1597444089456869,0.1597444089456869,3
64,2,51,25,500,157,2,1,1,0,0,739,0,1,740,0,"Kollidam Panchayat Union Middle School, North Side S S A Building North Side, Puthur","1. Puthur (R.V) And (P), Mandhakarai Street ward:1, 2. Puthur (R.V) And (P), Mariyammankovil Street ward:1, 3. Puthur (R.V) And (P), Rice Mill Street ward:2, 4. Puthur (R.V) And (P), Middle Street ward:2, 5. Puthur (R.V) And (P), Azad Street ward:2, 6. Puthur (R.V) And (P), Pallivasal Street ward:2, 7. Puthur (R.V) And (P), Pattakal Street ward:2, 8. Puthur (R.V) And (P), Puthur Main Road ward:2, 999. OVERSEAS ELECTORS",All Voters,Dravida Munnetra Kazhagam,500,157,343,Tamilaga Vettri Kazhagam,5,3,4,1,2,5,7,7,9,9,46.41407307171853,0,0.2706359945872801,6.901217861975644,3.382949932341001,67.65899864682002,21.24492557510149,0.2706359945872801,0.1353179972936401,0.1353179972936401,0.0,0.0,1
65,4,93,20,352,230,2,0,2,1,1,705,0,2,707,0,"Kollidam Panchayat Union Middle School, South Building Facing North, Puthur","1. Puthur (R.V) And (P), Valluvar Street ward:3, 2. Puthur (R.V) And (P), Vaikkalkarai Mettu Street ward:3, 3. Puthur (R.V) And (P), Kunnam Road Street ward:3, 4. Puthur (R.V) And (P), Vaikkalkarai Street ward:3, 5. Puthur (R.V) And (P), Kanni Kovil Street ward:3, 6. Puthur (R.V) And (P), Kaliamman Kovil Street ward:3, 7. Puthur (R.V) And (P), West Street ward:3, 8. Puthur (R.V) And (P), Puthu Street ward:3, 999. OVERSEAS ELECTORS",All Voters,Dravida Munnetra Kazhagam,352,230,122,Tamilaga Vettri Kazhagam,5,3,4,1,2,6,10,6,8,8,17.30496453900709,1,0.5673758865248227,13.19148936170213,2.836879432624114,49.9290780141844,32.62411347517731,0.2836879432624114,0.0,0.2836879432624114,0.1418439716312057,0.1418439716312057,1
66,2,243,11,233,141,0,1,0,1,0,632,0,0,632,0,"Kollidam Panchayat Union Elementary School, West Side, Kunnam","1. Kunnam (R.V) And (P), Kunnam East Street ward:1, 2. Kunnam (R.V) And (P), Kunnam East South Street ward:1, 3. Kunnam (R.V) And (P), Uppangadu ward:1, 4. Kunnam (R.V) And (P), Uppangadu Valluva Street ward:1, 5. Kunnam (R.V) And (P), Kunnam Main Road Street ward:1, 6. Kunnam (R.V) And (P), North Street ward:1, 999. OVERSEAS ELECTORS",All Voters,All India Anna Dravida Munnetra Kazhagam,243,233,10,Dravida Munnetra Kazhagam,5,1,4,2,3,8,6,8,6,8,1.582278481012658,0,0.3164556962025317,38.44936708860759,1.740506329113924,36.86708860759494,22.31012658227848,0.0,0.1582278481012658,0.0,0.1582278481012658,0.0,3
67,1,275,20,161,90,0,1,0,0,0,548,0,1,549,0,"Apparu Memorial Aided Elementary School, South facing North Building,
Melamathur","1. Kunnam (R.V) And (P), Melamathur Pillaiyar Koil Street ward:2, 2. Kunnam (R.V) and (P), Melamathur South Street ward:2, 3. Kunnam (R.V) And (P), Atrangarai Street ward:2, 999.
OVERSEAS ELECTORS",All Voters,All India Anna Dravida Munnetra Kazhagam,275,161,114,Dravida Munnetra Kazhagam,5,1,4,2,3,7,5,7,7,7,20.8029197080292,0,0.1824817518248175,50.18248175182482,3.64963503649635,29.37956204379562,16.42335766423358,0.0,0.1824817518248175,0.0,0.0,0.0,3
68,1,265,43,163,147,0,0,0,0,0,619,0,1,620,0,"Kollidam Panchayat Union Middle School, West old Building, Perambur","1. Kunnam (R.V) And (P), Kunnam Agraharam ward:1, 2. Kunnam (R.V) And (P), Kunnam Main Road ward:1, 3. Kunnam (R.V) And (P), Kunnam Kamarajar Colony ward:1, 4. Kunnam (R.V) And (P), Perambur School Street ward:3, 999. OVERSEAS ELECTORS",All Voters,All India Anna Dravida Munnetra Kazhagam,265,163,102,Dravida Munnetra Kazhagam,5,1,4,2,3,6,6,6,6,6,16.47819063004846,0,0.1615508885298869,42.81098546042003,6.946688206785137,26.33279483037157,23.74798061389338,0.0,0.0,0.0,0.0,0.0,3
69,3,236,19,184,136,1,0,0,1,0,580,0,2,582,0,"Kollidam Panchayat Union Middle School, East Building, Perambur","1. Kunnam (R.V) And (P), Perambur Main Road ward:3, 2. Kunnam (R.V) And (P), Perambur East Street ward:3, 3. Kunnam (R.V) And (P), Perambur New Street ward:3, 4. Kunnam (R.V) And (P), Perambur West Street ward:3, 5. Kunnam (R.V) And (P), Madha Kovil Street ward:3,
999. OVERSEAS ELECTORS",All Voters,All India Anna Dravida Munnetra Kazhagam,236,184,52,Dravida Munnetra Kazhagam,5,1,4,2,3,6,8,8,6,8,8.96551724137931,0,0.5172413793103449,40.68965517241379,3.275862068965517,31.72413793103448,23.44827586206896,0.1724137931034483,0.0,0.0,0.1724137931034483,0.0,3
70,2,375,41,273,190,1,1,0,1,1,885,0,1,886,0,"Govt High School, Entrance Building, Vadarangam","1. Vadarengam (R.V) And (P), Vadarengam West Street ward:2, 2. Vadarengam (R.V) And (P), Vadarengam School Street ward:2, 3. Vadarengam (R.V) And (P), Vadarengam East Street ward:2, 4. Vadarengam (R.V) And (P), Vadarengam North Street ward:2, 5. Vadarengam (R.V) And (P), Vadarengam Chinna Street ward:2, 6. Vadarengam (R.V) And (P), Vadarengam Arasadi Street ward:2, 7. Vadarengam (R.V) And (P), Vadarengam Periya Street ward:2, 8. Vadarengam (R.V) And (P), Vadarengam Chinna Street ward:2, 9. Vadarengam (R.V) And (P), Vadarengam Anna Nagar ward:2, 10. Vadarengam (R.V) And (P), Muthukrishnapuram ward:3, 11. Vadarengam (R.V) And (P), Muthukrishnapurm Mainroad ward:3, 12. Vadarengam (R.V) And (P), Muthukrishnapuram Moolakkal Street ward:3, 999. OVERSEAS ELECTORS",All Voters,All India Anna Dravida Munnetra Kazhagam,375,273,102,Dravida Munnetra Kazhagam,5,1,4,2,3,6,6,10,6,6,11.52542372881356,1,0.2259887005649718,42.3728813559322,4.632768361581921,30.84745762711865,21.46892655367231,0.1129943502824859,0.1129943502824859,0.0,0.1129943502824859,0.1129943502824859,3
71,1,64,7,79,28,0,0,0,0,0,179,0,0,179,0,"Kollidam Panchayat Union Elementary School, Middle Building, Vadarangam","1. Vadarengam (R.V) And (P), Vadarengam Main Road ward:2, 2. Vadarengam (R.V) And (P), Vadarengam Renganathapuram ward:2, 3. Vadarengam (R.V) And (P), Vadarengam South Street ward:2, 4. Vadarengam (R.V) And (P), Vadarengam Melavadi ward:3, 5. Vadarengam (R.V) And (P), Moolakkal ward:1, 999. OVERSEAS ELECTORS",All Voters,Dravida Munnetra Kazhagam,79,64,15,All India Anna Dravida Munnetra Kazhagam,5,2,4,1,3,6,6,6,6,6,8.379888268156424,0,0.5586592178770949,35.75418994413408,3.910614525139665,44.1340782122905,15.64245810055866,0.0,0.0,0.0,0.0,0.0,3
72,6,153,10,184,145,0,0,0,0,0,498,0,1,499,0,"Kollidam Panchayat Union Elementary School, North facing East Portion, Senniyanallur","1. Vadarengam (R.V) And (P), Senniyanallur Kudiyana Street ward:1, 2. Vadarengam (R.V) And (P), Senniyanallur Hospital Street ward:1, 3. Vadarengam (R.V) And (P), Senniyanallur Colony Street ward:1, 4. Vadarengam (R.V) And (P), Senniyanallur Periya Street Ward:1, 5. Vadarengam (R.V) And (P), Senniyanallur Chinna Street ward:1, 6. Vadarengam (R.V) And (P), Senniyanallur thatchan Street ward:1, 999. OVERSEAS ELECTORS",All Voters,Dravida Munnetra Kazhagam,184,153,31,All India Anna Dravida Munnetra Kazhagam,5,2,4,1,3,6,6,6,6,6,6.224899598393574,0,1.204819277108434,30.72289156626506,2.008032128514056,36.94779116465863,29.11646586345381,0.0,0.0,0.0,0.0,0.0,2
73,4,147,34,201,141,0,1,0,1,0,529,0,4,533,0,"Saratha Aided Elementary School, Western Side, Agaraelathur","1. Agaraelathur (R.V) And (P), Nerachozhapuram ward:1, 2. Agaraelathur (R.V) And (P), Agaraelathur Vellalar Street ward:2, 3. Agaraelathur (R.V) And (P), Sothiriam ward:3, 999.
OVERSEAS ELECTORS",All Voters,Dravida Munnetra Kazhagam,201,147,54,All India Anna Dravida Munnetra Kazhagam,5,2,4,1,3,8,6,8,6,8,10.20793950850662,0,0.7561436672967864,27.7882797731569,6.427221172022684,37.99621928166352,26.65406427221172,0.0,0.1890359168241966,0.0,0.1890359168241966,0.0,2
74,2,288,20,179,245,2,2,2,0,2,742,0,6,748,0,"Saratha Aided Elementary School, Eastern Side, Agaraelathur","1. Agaraelathur (R.V) And (P), Agaraelathur Puthu Colony ward:1, 2. Agaraelathur (R.V) And (P), Agaraelathur Periya Colony ward:1, 3. Agaraelathur (R.V) and (P), Agaraelathur New Street ward:1, 4. Agaraelathur (R.V) And (P), Aharaelathur North Street ward:1, 5. Agaraelathur (R.V) and (P), Agaraelathur Rice Mill Street ward:2, 6. Agaraelathur (R.V) And
(P), Sothiriam ward:4, 999. OVERSEAS ELECTORS",All Voters,All India Anna Dravida Munnetra Kazhagam,288,245,43,Tamilaga Vettri Kazhagam,5,1,4,3,2,5,5,5,10,5,5.795148247978436,2,0.2695417789757413,38.81401617250674,2.695417789757413,24.12398921832884,33.0188679245283,0.2695417789757413,0.2695417789757413,0.2695417789757413,0.0,0.2695417789757413,2
75,1,212,18,172,139,0,1,1,1,0,545,0,1,546,0,"Government Middle School, North Side Room West Facing, Panankattangudi","1. Agaraelathur (R.V) And (P), Panankattangudi Periyar Colony ward:3, 2. Agaraelathur (R.V) And (P), Panankattangudi jeeva Colony ward:3, 3. Agaraelathur (R.V) and (P), Panankattangudi ward:3, 4. Agaraelathur (R.V) and (P), Panankattangudi ward:3, 999.
OVERSEAS ELECTORS",All Voters,All India Anna Dravida Munnetra Kazhagam,212,172,40,Dravida Munnetra Kazhagam,5,1,4,2,3,9,5,5,5,9,7.339449541284404,0,0.1834862385321101,38.89908256880734,3.302752293577982,31.55963302752294,25.5045871559633,0.0,0.1834862385321101,0.1834862385321101,0.1834862385321101,0.0,3
76,1,234,12,196,153,1,0,0,2,0,599,0,0,599,0,"Arulanantha Aided Elementary School, East Portion, Keelamathur","1. Keelamathur (R.V) And (P), Keelamathur Car Street ward:1, 2. Keelamathur (R.V) And (P), Keelamathur Kalliyammankovil Street ward:2, 3. Keelamathur (R.V) And (P), Keelamathur Madha Koil Street ward:2, 4. Keelamathur (R.V) And (P), Keelamathur Valluvar Street ward:2,
999. OVERSEAS ELECTORS",All Voters,All India Anna Dravida Munnetra Kazhagam,234,196,38,Dravida Munnetra Kazhagam,6,1,4,2,3,6,8,8,5,8,6.343906510851419,0,0.1669449081803005,39.06510851419031,2.003338898163606,32.7212020033389,25.54257095158598,0.1669449081803005,0.0,0.0,0.333889816360601,0.0,3
77,1,155,9,230,163,1,1,0,0,0,560,0,2,562,0,"Arulanantha Aided Elementary School, West Side, Keelamathur","1. Keelamathur (R.V) And (P), Keelamathur South Street ward:1, 2. Keelamathur (R.V) And (P), Kumarakudi Vailkangari Street ward:1, 3. Keelamathur (R.V) And (P), Kumarakudi Kudiyana Street ward:1, 4. Keelamathur (R.V) And (P), Kumarakudi Adidravidar Street ward:1, 5. Keelamathur (R.V) And (P), Keelamathur Thoppu Street ward:2, 999. OVERSEAS
ELECTORS",All Voters,Dravida Munnetra Kazhagam,230,163,67,Tamilaga Vettri Kazhagam,5,3,4,1,2,5,5,8,8,8,11.96428571428572,0,0.1785714285714286,27.67857142857143,1.607142857142857,41.07142857142857,29.10714285714286,0.1785714285714286,0.1785714285714286,0.0,0.0,0.0,3
78,2,241,25,219,97,1,0,0,1,0,586,0,1,587,0,"Kollidam Panchayat Union Middle School Olayamputhur New Building
South Facing","1. Olayamputhur (R.V) And (P), West Street ward:1, 2. Olayamputhur (R.V) And (P), East Street ward:1, 3. Olayamputhur (R.V) And (P), Uppangadu ward:1, 999. OVERSEAS
ELECTORS",All Voters,All India Anna Dravida Munnetra Kazhagam,241,219,22,Dravida Munnetra Kazhagam,5,1,4,2,3,6,8,8,6,8,3.754266211604096,0,0.3412969283276451,41.12627986348123,4.266211604095563,37.37201365187713,16.55290102389078,0.1706484641638225,0.0,0.0,0.1706484641638225,0.0,3
79,0,101,11,121,134,0,0,0,0,0,367,0,2,369,0,"Kollidam Panchayat Union Elementary School ,North building South facing west portion Room No.2,Sembiyanvelankudi","1. Olayamputhur (R.V) And (P), Vazhaikollai Street ward:2, 2. Olayamputhur (R.V) And (P), Pattavalaga Street ward:2, 3. Olayamputhur (R.V) And (P), Sempiyavelankudi Puravaikal South ward:2, 4. Olayamputhur (R.V) And (P), Sempiyavelankudi Puravaikal North ward:2, 5. Olayamputhur (R.V) And (P), Sempiyanvelankudi Puravaikal West ward:2, 6. Olayamputhur (R.V) And (P), Kargudi S.C Street ward:2, 7. Olayamputhur (R.V) And (P), Kargudi B.C Street ward:2, 8. Olayamputhur (R.V) And (P), Kargudi Madhakoil Street ward:2, 999. OVERSEAS ELECTORS",All Voters,Tamilaga Vettri Kazhagam,134,121,13,Dravida Munnetra Kazhagam,5,3,4,2,1,5,5,5,5,5,3.542234332425068,0,0.0,27.52043596730245,2.997275204359673,32.9700272479564,36.51226158038147,0.0,0.0,0.0,0.0,0.0,3
80,2,139,27,261,230,2,2,0,0,0,663,0,2,665,0,"Kollidam Panchayat Union Middle School, West Side New Building, Erukkur","1. Erukkur (R.V) And (P), Jinna Street ward:1, 2. Erukkur (R.V) And (P), Madhakovil Main Road ward:1, 3. Erukkur (R.V) And (P), Vaikalkarai Chrishuva Street ward:1, 4. Erukkur (R.V) And (P), Anthionyar West Street ward:1, 5. Erukkur (R.V) And (P), Sebastiar East Street ward:1, 6. Erukkur (R.V) And (P), Komutti Street ward:2, 7. Erukkur (R.V) And (P), Utkattalai
Street ward:2, 999. OVERSEAS ELECTORS",All Voters,Dravida Munnetra Kazhagam,261,230,31,Tamilaga Vettri Kazhagam,5,3,4,1,2,5,5,8,8,8,4.675716440422323,0,0.301659125188537,20.96530920060332,4.072398190045249,39.36651583710407,34.69079939668175,0.301659125188537,0.301659125188537,0.0,0.0,0.0,2
81,0,225,12,309,208,2,2,1,0,1,760,0,3,763,0,"Kollidam Panchayat Union Middle School, East Side New Building, Erukkur","1. Erukkur (R.V) And (P), Kudiyana Street ward:1, 2. Erukkur (R.V) And (P), Mariyamman Koil Street ward:2, 3. Erukkur (R.V) And (P), Mariyamman Koil Street ward:2, 4. Erukkur (R.V) And (P), Mariyamman Koil Street ward:2, 5. Erukkur (R.V) And (P), Vannankula Street
ward:2, 999. OVERSEAS ELECTORS",All Voters,Dravida Munnetra Kazhagam,309,225,84,All India Anna Dravida Munnetra Kazhagam,9,2,4,1,3,5,5,7,9,7,11.05263157894737,1,0.0,29.60526315789473,1.578947368421053,40.6578947368421,27.36842105263158,0.2631578947368421,0.2631578947368421,0.131578947368421,0.0,0.131578947368421,2
82,1,391,20,153,180,0,0,0,5,1,751,0,8,759,0,"Kollidam Panchayat Union Middle School, South New Building Facing North, Erukkur","1. Erukkur (R.V) And (P), School Street ward:2, 2. Erukkur(R.V) And (P), Thoppu Street ward:2, 3. Erukkur (R.V) And (P), Agraharam ward:2, 4. Erukkur (R.V) And (P), Erukkur West Street ward:2, 5. Erukkur (R.V) And (P), Erukkur Main Road ward:3, 6. Erukkur (R.V) And (P), East Street ward:3, 7. Erukkur (R.V) And (P), Vaniya Street ward:3, 8. Erukkur(R.V) And (P), E.B Road ward:3, 9. Erukkur (R.V) And (P), Arasur Main Road ward:3, 10. Erukkur (R.V) And (P), Mathanam Road ward:3, 999. OVERSEAS ELECTORS",All Voters,All India Anna Dravida Munnetra Kazhagam,391,180,211,Tamilaga Vettri Kazhagam,6,1,4,3,2,8,8,8,5,6,28.09587217043941,1,0.1331557922769641,52.06391478029294,2.663115845539281,20.3728362183755,23.96804260985353,0.0,0.0,0.0,0.6657789613848202,0.1331557922769641,3
83,3,84,24,278,244,0,0,2,0,0,635,0,6,641,0,"Saraswathi Aided Elementary School, South Side, Koothiyampettai","1. Koothiyampettai (R.V) and (P), Koothiyampettai Main Road ward:1, 2. Koothiyampettai (R.V) and (P), West Street ward:1, 3. Koothiyampettai (R.V) and (P), South Street ward:1, 4. Koothiyampettai (R.V) and (P), Mettu Street ward:1, 999. OVERSEAS ELECTORS",All Voters,Dravida Munnetra Kazhagam,278,244,34,Tamilaga Vettri Kazhagam,5,3,4,1,2,7,7,6,7,7,5.354330708661418,0,0.4724409448818898,13.22834645669291,3.779527559055118,43.77952755905512,38.4251968503937,0.0,0.0,0.3149606299212598,0.0,0.0,2
84,2,148,20,261,254,3,0,2,0,3,693,0,1,694,0,"Saraswathi Aided Elementary School, North Side, Koothiyampettai","1. Koothiyampettai (R.V) and (P), East Street ward:1, 2. Koothiyampettai (R.V) and (P), Vairavnirappu ward:3, 3. Koothiyampettai (R.V) and (P), Vairavnirappu Yeri Street ward:3,
999. OVERSEAS ELECTORS",All Voters,Dravida Munnetra Kazhagam,261,254,7,Tamilaga Vettri Kazhagam,7,3,4,1,2,5,9,7,9,5,1.01010101010101,3,0.2886002886002886,21.35642135642136,2.886002886002886,37.66233766233766,36.65223665223665,0.4329004329004329,0.0,0.2886002886002886,0.0,0.4329004329004329,2
85,4,184,26,296,206,2,1,1,2,1,723,0,1,724,0,"Raja Aided Elementary School,North facing South building East
Portion,Karpallam","1. Pannangudi (R.V) And (P), Karpallam ward:1, 2. Pannangudi (R.V) And (P), Azhagapuram ward:1, 3. Pannangudi (R.V) And (P), Pannangudi ward:1, 999. OVERSEAS ELECTORS",All Voters,Dravida Munnetra Kazhagam,296,206,90,Tamilaga Vettri Kazhagam,5,3,4,1,2,6,8,8,6,8,12.44813278008299,1,0.5532503457814661,25.44951590594744,3.596127247579529,40.94052558782849,28.4923928077455,0.2766251728907331,0.1383125864453665,0.1383125864453665,0.2766251728907331,0.1383125864453665,2
86,0,91,28,180,132,0,0,0,2,0,433,0,1,434,0,"Panchayat Union Elementary School
,South facing North building west portion,Periya Koppiyam","1. Pannangudi (R.V) And (P), Chinnakoppiam ward:2, 2. Pannangudi (R.V) And (P), Periya koppiam ward:2, 999. OVERSEAS ELECTORS",All Voters,Dravida Munnetra Kazhagam,180,132,48,Tamilaga Vettri Kazhagam,6,3,4,1,2,6,6,6,5,6,11.08545034642032,0,0.0,21.0161662817552,6.466512702078522,41.57043879907621,30.48498845265589,0.0,0.0,0.0,0.4618937644341801,0.0,3
87,4,219,30,282,330,0,3,2,1,1,872,0,4,876,0,"Kollidam Panchayat Union Elementary School, East Facing North Portion, Alalasuntharam","1. Alalasundram (R.V) And (P), Manikkavasal West Street ward:1, 2. Alalasundram (R.V) And (P), Manikkavasal East Street ward:1, 3. Alalasundram (R.V) And (P), Thirugnanasambandam ward:1, 4. Alalasundram (R.V) And (P), Koottumangudi ward:1, 5. Alalasundram (R.V) And (P), Azhagiya Natham ward:1, 6. Alalasundram (R.V) And (P), Pillaiyar koil Street ward:2, 7. Alalasundram (R.V) And (P), Main Road ward:2, 8. Alalasundram (R.V) And (P), Alalasundram Periya Street ward:2, 9. Alalasundram (R.V) And (P), Alalasundram Chinna Street ward:2, 999. OVERSEAS ELECTORS",All Voters,Tamilaga Vettri Kazhagam,330,282,48,Dravida Munnetra Kazhagam,5,3,4,2,1,10,6,7,8,8,5.504587155963304,1,0.4587155963302753,25.11467889908257,3.440366972477064,32.3394495412844,37.84403669724771,0.0,0.3440366972477065,0.2293577981651376,0.1146788990825688,0.1146788990825688,2
88,3,280,22,225,167,0,0,1,0,1,699,0,1,700,0,"Kollidam Panchayat Union Elementary School, North Side Building North Portion, Madhanam","1. Mathanam (R.V) And (P), Panneer Kottagam ward:3, 2. Mathanam (R.V) And (P), Villiyanallur ward:3, 3. Kannapirandi (R.V), Mathanam (P), Kannapirandi ward:2, 4. Mathanam (R.V) And (P), Mathanam ward:1, 5. Mathanam (R.V) And (P), Ariallur ward:2,
999. OVERSEAS ELECTORS",All Voters,All India Anna Dravida Munnetra Kazhagam,280,225,55,Dravida Munnetra Kazhagam,5,1,4,2,3,8,8,6,8,6,7.868383404864092,1,0.4291845493562232,40.05722460658083,3.147353361945636,32.18884120171674,23.89127324749642,0.0,0.0,0.1430615164520744,0.0,0.1430615164520744,3
89,3,218,32,290,256,2,0,0,1,2,804,0,3,807,0,"Kollidam Panchayat Union Elementary School, North Side Building South Portion, Madhanam","1. Mathanam (R.V) And (P), Shothiruam ward:2, 2. Mathanam (R.V) And (P), Vadapathi ward:1, 3. Mathanam (R.V) And (P), Thenpathi ward:1, 4. Serugudi (R.V), Mathanam (P), Serugudi ward:3, 5. Mathanam(R.V) And (P), Thillaividangan ward:2, 999. OVERSEAS
ELECTORS",All Voters,Dravida Munnetra Kazhagam,290,256,34,Tamilaga Vettri Kazhagam,5,3,4,1,2,6,9,9,8,6,4.228855721393035,2,0.3731343283582089,27.11442786069652,3.980099502487562,36.06965174129353,31.8407960199005,0.2487562189054726,0.0,0.0,0.1243781094527363,0.2487562189054726,2
90,1,176,31,292,197,2,2,0,0,1,702,0,4,706,0,"Kollidam Panchayat Union Elementary School, East facing Northi Portion, Kannikiniyanarkoil","1. Maharajapuram (R.V) And (P), North Street ward:1, 2. Maharajapuram (R.V) And (P), Kannukkueniyarkovil ward:1, 3. Maharajapuram(R.V) And (P), Meiyappu Kottagam ward:1, 4. Maharajapuram(R.V) And (P), Kuittiyandi Thoppu ward:2, 5. Maharajapuram (R.V) And (P),
Devanallur ward:2, 999. OVERSEAS ELECTORS",All Voters,Dravida Munnetra Kazhagam,292,197,95,Tamilaga Vettri Kazhagam,7,3,4,1,2,5,5,9,9,7,13.53276353276353,1,0.1424501424501425,25.07122507122507,4.415954415954416,41.5954415954416,28.06267806267806,0.2849002849002849,0.2849002849002849,0.0,0.0,0.1424501424501425,2
91,3,168,45,395,278,2,2,1,1,2,897,0,4,901,0,"Kollidam Panchayat Union Elementary School East Side Middle Building Facing West, Palayapalayam","1. Palayapalayam (R.V) And (P), Palayapalayam West Street ward:1, 2. Palayapalayam (R.V) And (P), Main Road ward:1, 3. Palayapalayam (R.V) And (P), Cooperative Street ward:1, 4. Palayapalayam (R.V) And (P), Naidu Street ward:1, 5. Palayapalayam (R.V) And (P), School Street ward:1, 6. Palayapalayam (R.V) And (P), Sannathi Street ward:1, 7. Palayapalayam (R.V) And (P), Nadar Street ward:1, 999. OVERSEAS ELECTORS",All Voters,Dravida Munnetra Kazhagam,395,278,117,Tamilaga Vettri Kazhagam,5,3,4,1,2,6,6,9,9,6,13.04347826086956,2,0.3344481605351171,18.72909698996655,5.016722408026756,44.03567447045708,30.99219620958752,0.2229654403567447,0.2229654403567447,0.1114827201783724,0.1114827201783724,0.2229654403567447,2
92,5,322,22,290,265,1,1,2,1,3,912,0,4,916,0,"Kollidam Panchayat Union Elementary School, East Side North Building, Kodakkaramoolai","1. Palayapalayam (R.V) And (P), Kodaikkaramalai Rangasamuthiram ward:2, 2. Palayapalayam (R.V) And (P), Mariyamman Kovil Street ward:2, 3. Palayapalayam (R.V) And (P), Kodaikkaramulai Main Road ward:2, 4. Palayapalayam (R.V) And (P), Kodaikkaramalai (North-South) ward:2, 5. Palayapalayam (R.V) And (P), Palakadu Street ward:2, 999.
OVERSEAS ELECTORS",All Voters,All India Anna Dravida Munnetra Kazhagam,322,290,32,Dravida Munnetra Kazhagam,5,1,4,2,3,8,8,7,8,6,3.508771929824561,3,0.5482456140350876,35.30701754385965,2.412280701754386,31.79824561403509,29.05701754385965,0.1096491228070175,0.1096491228070175,0.2192982456140351,0.1096491228070175,0.3289473684210526,2
93,3,106,7,172,193,2,0,0,1,1,485,0,2,487,0,"Kollidam Panchayat Union Elementary School, East side south Building west facing, Kodakkaramoolai","1. Palayapalayam (R.V) And (P), Periya Street ward:3, 2. Palayapalayam (R.V) And (P), Kaduvetti Street( Ambalakara Street Kalappu) ward:3, 3. Palayapalayam (R.V) And (P), Kaduvetti Colony Street ward:3, 4. Palayapalayam (R.V) And (P), Kallimedu Street ward:3,
999. OVERSEAS ELECTORS",All Voters,Tamilaga Vettri Kazhagam,193,172,21,Dravida Munnetra Kazhagam,5,3,4,2,1,6,9,9,7,7,4.329896907216495,1,0.6185567010309279,21.85567010309278,1.443298969072165,35.4639175257732,39.79381443298969,0.4123711340206186,0.0,0.0,0.2061855670103093,0.2061855670103093,2
94,2,192,18,119,205,4,1,1,0,0,542,0,4,546,0,"Kollidam Panchayat Union Elementary School,East building west facing North portion,Kodakkaramoolai","1. Palayapalayam (R.V) And (P), Ambalakara Street North-South ward:3, 2. Palayapalayam (R.V) And (P), Padaiyachi Street (North street) ward:3, 999. OVERSEAS ELECTORS",All Voters,Tamilaga Vettri Kazhagam,205,192,13,All India Anna Dravida Munnetra Kazhagam,6,2,4,3,1,5,7,7,9,9,2.398523985239852,0,0.3690036900369004,35.42435424354243,3.321033210332104,21.95571955719557,37.82287822878229,0.7380073800738007,0.1845018450184502,0.1845018450184502,0.0,0.0,2
95,3,213,36,253,199,1,0,1,1,2,709,0,1,710,0,"Arulmozhi Aided Middle School, New Building East Side, Thandavankulam","1. Thandavankulam (R.V) And (P), Ellaisanthu ward:1, 2. Thandavankulam (R.V) And (P), Mettu Street ward:1, 3. Thandavankulam (R.V) And (P), Meeramsahapipettai ward:1, 4. Thandavankulam (R.V) And (P), Puthu Nagar ward:1, 5. Thandavankulam (R.V) And (P), Periyavaguppu Main Road ward:1, 6. Thandavankulam (R.V) And (P), Kalliamman Kovil Main Road ward:2, 999. OVERSEAS ELECTORS",All Voters,Dravida Munnetra Kazhagam,253,213,40,All India Anna Dravida Munnetra Kazhagam,5,2,4,1,3,7,10,7,7,6,5.641748942172073,2,0.4231311706629055,30.04231311706629,5.077574047954866,35.68406205923836,28.06770098730606,0.1410437235543018,0.0,0.1410437235543018,0.1410437235543018,0.2820874471086037,2
96,2,181,46,308,226,3,1,2,7,2,778,0,2,780,0,"Arulmozhi Aided Middle School, New Building West Side, Thandavankulam","1. Thandavankulam (R.V) And (P), V.O.C. Street ward:1, 2. Thandavankulam (R.V) And (P), New Street Ward:1, 3. Thandavankulam (R.V) And (P), Anna Nagar ward:1, 4. Thandavankulam (R.V) And (P), Kallar Street ward:1, 5. Thandavankulam (R.V) And (P), Sundarampillai ward:2, 6. Thandavankulam (R.V) And (P), Kattankuthu Street ward:2, 999.
OVERSEAS ELECTORS",All Voters,Dravida Munnetra Kazhagam,308,226,82,Tamilaga Vettri Kazhagam,7,3,4,1,2,6,10,7,5,7,10.53984575835476,2,0.2570694087403599,23.26478149100257,5.912596401028278,39.58868894601542,29.04884318766067,0.3856041131105398,0.1285347043701799,0.2570694087403599,0.8997429305912596,0.2570694087403599,2
97,7,285,33,166,189,2,0,1,0,1,684,0,0,684,0,"Kollidam Panchayat Union Elementary School, East side, Chinnavahupu Thandavankulam","1. Thandavankulam (R.V) And (P), Gandhi Nagar ward:3, 2. Thandavankulam (R.V) And (P), Navandhakannapuram ward:3, 3. Thandavankulam (R.V) And (P), East Street ward:3, 4. Thandavankulam (R.V) And (P), Tsunami Temporary Shelter 2 ward:3,   5. Thandavankulam (R.V) And (P), North Street ward:3,   999. OVERSEAS ELECTORS",All Voters,All India Anna Dravida Munnetra Kazhagam,285,189,96,Tamilaga Vettri Kazhagam,5,1,4,3,2,6,9,7,9,7,14.03508771929824,1,1.023391812865497,41.66666666666667,4.824561403508771,24.26900584795321,27.63157894736842,0.2923976608187134,0.0,0.1461988304093567,0.0,0.1461988304093567,2
98,1,178,21,47,169,0,0,1,0,0,417,0,1,418,0,"Kollidam Panchayat Union Elementary School, New Building, Tsunami Nagar
Kottayamedu","1. Thandavankulam (R.V) And (P), Tsunami Temporary Shelter 1 ward:3, 999. OVERSEAS ELECTORS",All Voters,All India Anna Dravida Munnetra Kazhagam,178,169,9,Tamilaga Vettri Kazhagam,5,1,4,3,2,7,7,5,7,7,2.158273381294964,0,0.2398081534772182,42.68585131894484,5.035971223021583,11.27098321342926,40.52757793764988,0.0,0.0,0.2398081534772182,0.0,0.0,2
99,3,316,13,277,180,1,2,0,4,0,796,0,1,797,0,"Kollidam Panchayat Union middle School, Eastern side south facing building, Chinnavahupu Thandavankulam","1. Thandavankulam (R.V) And (P), Chinavaguppu Main Road ward:3, 2. Thandavankulam (R.V) And (P), Indira Nagar ward:3, 3. Thandavankulam (R.V) And (P), Palakadu ward:3, 4. Thandavankulam (R.V) And (P), Balasuburamaiyapuram ward:3, 5. Thandavankulam (R.V) And (P), Sithivinayagapuram East ward:3, 6. Thandavankulam (R.V) And (P), Sithivinayagapuram West ward:3, 999. OVERSEAS ELECTORS",All Voters,All India Anna Dravida Munnetra Kazhagam,316,277,39,Dravida Munnetra Kazhagam,6,1,4,2,3,8,7,9,5,9,4.899497487437186,0,0.3768844221105527,39.69849246231156,1.633165829145729,34.79899497487437,22.61306532663317,0.1256281407035176,0.2512562814070352,0.0,0.5025125628140703,0.0,3
100,1,132,15,280,151,0,1,1,0,2,583,0,4,587,0,"Kollidam Panchayat Union Elementary School, Western portion, Nallanayagapuram","1. Agaravattaram (R.V) And (P), Agaravattaram West Street ward:1, 2. Agaravattaram (R.V) And (P), Agaravattaram East Street ward:1, 3. Agaravattaram (R.V) And (P), Thiruppani Vattaram ward:1, 4. Agaravattaram (R.V) And (P), Kudiyana Street ward:1, 5. Agaravattaram (R.V) And (P), Thoppuvattaram Chinna Street,Periya Street ward:1, 6. Agaravattaram (R.V) And (P), Kuruviyampallam Atrangarai Street ward:1, 7. Agaravattaram (R.V) And (P), Kuruviyampallam ward:1, 999. OVERSEAS ELECTORS",All Voters,Dravida Munnetra Kazhagam,280,151,129,Tamilaga Vettri Kazhagam,6,3,4,1,2,9,6,6,9,5,22.12692967409949,2,0.1715265866209262,22.64150943396227,2.572898799313894,48.02744425385935,25.90051457975986,0.0,0.1715265866209262,0.1715265866209262,0.0,0.3430531732418525,1
101,0,200,29,196,158,0,0,0,0,0,583,0,3,586,0,"Kollidam Panchayat Union Elementary School, East Side, Nallanayagapuram","1. Agaravattaram (R.V) And (P), Puliyanthoppu ward:1, 2. Agaravattaram (R.V) And (P), Nallanayakkapuram ward:2, 3. Agaravattaram (R.V) And (P), Kuthanur ward:2, 999.
OVERSEAS ELECTORS",All Voters,All India Anna Dravida Munnetra Kazhagam,200,196,4,Dravida Munnetra Kazhagam,5,1,4,2,3,5,5,5,5,5,0.6861063464837049,0,0.0,34.30531732418525,4.974271012006861,33.61921097770154,27.10120068610635,0.0,0.0,0.0,0.0,0.0,3
102,2,189,37,402,314,5,0,2,2,0,953,0,2,955,0,"Kollidam Panchayat Union Middle School, North facing west portion, Othavanthankudi","1. Othavanthankudi (R.V) And (P), Periya Street ward:1, 2. Othavanthankudi (R.V) And (P), West Street ward:1, 3. Othavanthankudi (R.V) And (P), Valluva Street ward:2, 4. Othavanthankudi (R.V) And (P), Chiristhuva Street ward:2, 5. Othavanthankudi (R.V) And (P), School Street ward:2, 6. Othavanthankudi (R.V) And (P), Sivan Kovil Street ward:2, 7. Othavanthankudi (R.V) And (P), Thiruneelakandam Thoppu Street ward:3, 8. Othavanthankudi (R.V) And (P), Thiruneelakandam South Street ward:3, 9. Othavanthankudi (R.V) And (P), Thiruneelakandam East Street ward:3, 10. Othavanthankudi (R.V) And (P), Thiruneelakandam Colony Street ward:3, 999. OVERSEAS ELECTORS",All Voters,Dravida Munnetra Kazhagam,402,314,88,Tamilaga Vettri Kazhagam,6,3,4,1,2,5,9,6,6,9,9.233997901364113,0,0.2098635886673662,19.83210912906611,3.882476390346275,42.18258132214061,32.94858342077649,0.5246589716684155,0.0,0.2098635886673662,0.2098635886673662,0.0,2
103,1,161,44,318,253,0,0,0,0,1,778,0,3,781,0,"Govt. High School, North Facing Building East Portion, Manalagaram","1. Arasur (R.V) And (P), Coppiyakudi Main Road ward:2, 2. Arasur (R.V) And (P), Mariyamnan Kovil Street ward:2, 3. Arasur (R.V) And (P), Manthakarai Street ward:2, 4. Arasur (R.V) And (P), Manalagaram Mainroad ward:2, 5. Arasur (R.V) And (P), Pillaiyar Koil Street ward:2, 999.
OVERSEAS ELECTORS",All Voters,Dravida Munnetra Kazhagam,318,253,65,Tamilaga Vettri Kazhagam,5,3,4,1,2,7,7,7,7,5,8.354755784061698,1,0.1285347043701799,20.69408740359897,5.655526992287918,40.87403598971722,32.51928020565553,0.0,0.0,0.0,0.0,0.1285347043701799,2
104,2,94,17,196,267,0,4,1,2,1,584,0,4,588,0,"Kollidam Panchayat Union Elementary School South Side Building South Portion, Arasur","1. Arasur (R.V) And (P), East Arasur East Street ward:1, 2. Arasur (R.V) And (P), Kannikovil Street ward:1, 3. Arasur (R.V) And (P), Puliyanthoppu Street ward:1, 4. Arasur (R.V) And (P), Arasur West Street ward:1, 5. Arasur (R.V) And (P), Kaliamman Koil Street ward:1, 6. Arasur (R.V) And (P), Vaniya Street ward:1, 999. OVERSEAS ELECTORS",All Voters,Tamilaga Vettri Kazhagam,267,196,71,Dravida Munnetra Kazhagam,6,3,4,2,1,10,5,8,6,8,12.15753424657534,1,0.3424657534246575,16.0958904109589,2.910958904109589,33.56164383561644,45.71917808219178,0.0,0.684931506849315,0.1712328767123288,0.3424657534246575,0.1712328767123288,2
105,2,111,17,253,183,2,1,1,0,0,570,0,2,572,0,"Govt. High school North facing Building East side middle Portion Manalagaram , Arasur","1. Arasur (R.V) And (P), Olayamputhur Main Road ward:1, 2. Arasur(R.V) And (P), Main Road ward:1, 3. Arasur (R.V) And (P), Pallivasal Street ward:1, 4. Arasur (R.V) And (P), Thiruchitrambalam West Street ward:3, 5. Arasur (R.V) And (P), Thiruchitrambalam East Street ward:3, 6. Arasur (R.V) And (P), Kandirasanallur ward:3, 999. OVERSEAS ELECTORS",All Voters,Dravida Munnetra Kazhagam,253,183,70,Tamilaga Vettri Kazhagam,5,3,4,1,2,5,7,7,9,9,12.28070175438596,0,0.3508771929824561,19.47368421052632,2.982456140350877,44.3859649122807,32.10526315789474,0.3508771929824561,0.1754385964912281,0.1754385964912281,0.0,0.0,2
106,3,158,12,257,177,0,0,1,0,2,610,0,1,611,0,"Sanmugavilas Aided Elementary School, South side, Pachaiperumanallur","1. Pachaiperumanallur (R.V) And (P), North Street ward:1, 2. Pachaiperumanallur (R.V) And (P), Vaikkangarai Street ward:1, 3. Pachaiperumanallur (R.V) And (P), Vellalar Street ward:1,
4. Pachaiperumanallur (R.V) And (P), Main Road ward:1, 5. Pachaiperumanallur (R.V) And  (P), Sivan Kovil Street ward:1, 6. Pachaiperumanallur (R.V) And (P), South Street ward:1, 999. OVERSEAS ELECTORS",All Voters,Dravida Munnetra Kazhagam,257,177,80,Tamilaga Vettri Kazhagam,5,3,4,1,2,8,8,7,8,6,13.11475409836066,2,0.4918032786885246,25.9016393442623,1.967213114754099,42.1311475409836,29.01639344262295,0.0,0.0,0.1639344262295082,0.0,0.3278688524590164,3
107,1,236,17,270,153,1,0,0,1,0,679,0,0,679,0,"Sanmugavilas Aided Elementary School, North Side, Pachaiperumanallur","1. Pachaiperumanallur (R.V) And (P), Kaliamman Koil Street ward:1, 2. Pachaiperumanallur (R.V) And (P), Arasalamangalam Kudiyana Street ward:2, 3. Pachaiperumanallur (R.V) And (P), Arasalamangalam Big Street ward:2, 4. Pachaiperumanallur (R.V) And (P), Jeeva Nagar ward:2, 5. Pachaiperumanallur (R.V) And (P), Mathalamadaiyan Kudiyana Street ward:2, 6. Pachaiperumanallur (R.V) And (P), Mathalamadaiyan Adidiravidar Street ward:2, 999. OVERSEAS ELECTORS",All Voters,Dravida Munnetra Kazhagam,270,236,34,All India Anna Dravida Munnetra Kazhagam,5,2,4,1,3,5,8,8,5,8,5.007363770250368,0,0.1472754050073638,34.75699558173785,2.503681885125184,39.76435935198822,22.53313696612666,0.1472754050073638,0.0,0.0,0.1472754050073638,0.0,3
108,2,263,16,169,148,1,1,0,1,2,603,0,2,605,0,"Vasanthala Aided Middle School, New building east facting Southern portion,
Pannakarankottagam","1. Alangadu (R.V) And (P), Pannakarankottagam ward:4,5, 2. Alangadu (R.V) And (P), Kudamurutti Thiruvemba Nallur ward:3,4, 3. Alangadu (R.V) And (P), Elanthoppu ward:5,
999. OVERSEAS ELECTORS",All Voters,All India Anna Dravida Munnetra Kazhagam,263,169,94,Dravida Munnetra Kazhagam,5,1,4,2,3,7,7,10,7,5,15.58872305140962,2,0.3316749585406302,43.61525704809287,2.653399668325041,28.02653399668325,24.54394693200663,0.1658374792703151,0.1658374792703151,0.0,0.1658374792703151,0.3316749585406302,3
109,4,271,13,184,164,0,0,1,0,3,640,0,6,646,0,"Vasanthala Aided Middle School, New west building east facing Northern portion, Pannakarankottagam","1. Alangadu (R.V) And (P), Eahogimaharajapuram ward:3,4, 2. Alangadu (R.V) And (P), Alangadu ward:1,2, 999. OVERSEAS ELECTORS",All Voters,All India Anna Dravida Munnetra Kazhagam,271,184,87,Dravida Munnetra Kazhagam,5,1,4,2,3,8,8,7,8,6,13.59375,3,0.625,42.34375,2.03125,28.75,25.625,0.0,0.0,0.15625,0.0,0.46875,3
110,3,172,40,201,295,2,3,1,2,4,723,0,2,725,0,"Kollidam Panchayat Union Elementary School, South Facing North Building, Vellakulam Vettangudi","1. Vettangudi (R.V) And (P), Mairyamman Kovil ward:1, 2. Vettangudi (R.V) And (P), Kamarajar Nagar ward:1, 3. Vettangudi (R.V) And (P), Vellakulam ward:1, 4. Vettangudi (R.V) And (P), Mettu Street ward:1, 5. Vettangudi (R.V) And (P), Kumarakottagam ward:1, 999.
OVERSEAS ELECTORS",All Voters,Tamilaga Vettri Kazhagam,295,201,94,Dravida Munnetra Kazhagam,6,3,4,2,1,8,6,10,8,5,13.00138312586446,4,0.4149377593360996,23.78976486860304,5.532503457814661,27.80082987551867,40.80221300138312,0.2766251728907331,0.4149377593360996,0.1383125864453665,0.2766251728907331,0.5532503457814661,2
111,3,258,33,203,274,0,0,2,2,1,776,0,2,778,0,"Kollidam Panchayat Union Middle School, South facing eastern building
west Portion, Vettangudi","1. Vettangudi (R.V) And (P), Main Road ward:1, 2. Vettangudi (R.V) And (P), North Street ward:1, 3. Vettangudi (R.V) And (P), Anna Nagar ward:1, 4. Vettangudi (R.V) And (P), Sabesa
Colony ward:1, 999. OVERSEAS ELECTORS",All Voters,Tamilaga Vettri Kazhagam,274,258,16,All India Anna Dravida Munnetra Kazhagam,5,2,4,3,1,9,9,6,6,8,2.061855670103093,1,0.3865979381443299,33.24742268041237,4.252577319587629,26.15979381443299,35.30927835051546,0.0,0.0,0.2577319587628866,0.2577319587628866,0.1288659793814433,2
112,3,177,16,258,263,4,2,1,2,1,727,0,3,730,0,"Kollidam Panchayat Union Middle School, South Facing North Building,
Vembadi Vettangudi","1. Vettangudi (R.V) And (P), South Street Vadi ward:2, 2. Vettangudi (R.V) And (P), Middle Street Vadi ward:2, 3. Vettangudi (R.V) And (P), North Street Vadi ward:2, 4. Vettangudi (R.V)
And (P), Vembadi ward:2, 999. OVERSEAS ELECTORS",All Voters,Tamilaga Vettri Kazhagam,263,258,5,Dravida Munnetra Kazhagam,6,3,4,2,1,5,7,9,7,9,0.6877579092159559,1,0.4126547455295735,24.34662998624484,2.200825309491059,35.48830811554333,36.17606602475929,0.5502063273727648,0.2751031636863824,0.1375515818431912,0.2751031636863824,0.1375515818431912,2
113,3,266,39,133,224,2,1,2,0,0,670,0,2,672,0,"Kollidam Panchayat Union Middle School, East facing west Building South portion, Vettangudi","1. Vettangudi (R.V) And (P), West Middle Street Vadi ward:2, 2. Vettangudi (R.V) And (P), Eruva Kollai Adidravidar Street ward:2, 3. Vettangudi (R.V) And (P), Mutharaiyur Street ward:2, 4. Vettangudi (R.V) And (P), Caverodai ward:2, 999. OVERSEAS ELECTORS",All Voters,All India Anna Dravida Munnetra Kazhagam,266,224,42,Tamilaga Vettri Kazhagam,5,1,4,3,2,6,8,6,9,9,6.26865671641791,0,0.4477611940298508,39.70149253731343,5.820895522388059,19.85074626865672,33.43283582089553,0.2985074626865672,0.1492537313432836,0.2985074626865672,0.0,0.0,2
114,1,157,29,166,317,1,2,0,0,0,673,0,0,673,0,"Kollidam Panchayat Union Middle School, West Building Southern Side, Koozhaiyar","1. Vettangudi (R.V) And (P), Velu Nagar ward:3, 2. Vettangudi (R.V) And (P), South Street ward:3, 3. Vettangudi (R.V) And (P), Tsunami Temporary Shelter ward:3, 4. Vettangudi (R.V) And (P), North Street ward:3, 5. Vettangudi (R.V) And (P), Middle Street ward:3, 999.
OVERSEAS ELECTORS",All Voters,Tamilaga Vettri Kazhagam,317,166,151,Dravida Munnetra Kazhagam,6,3,4,2,1,6,5,8,8,8,22.4368499257058,0,0.1485884101040119,23.32838038632987,4.309063893016345,24.66567607726597,47.10252600297176,0.1485884101040119,0.2971768202080238,0.0,0.0,0.0,2
115,4,64,11,289,108,0,0,0,0,0,476,0,1,477,0,"Kollidam Panchayat Union Muslim Elementary School, West Portion Facing
North, Thirumullaivasal","1. Thirumullaivasal (R.V) And (P), Chilladi Street ward:4, 2. Thirumullaivasal (R.V) And (P), Kaliamman Kovil Street ward:4, 3. Thirumullaivasal (R.V) And (P), Quaid-E-Millath Street
ward:3, 999. OVERSEAS ELECTORS",All Voters,Dravida Munnetra Kazhagam,289,108,181,Tamilaga Vettri Kazhagam,5,3,4,1,2,6,6,6,6,6,38.02521008403361,0,0.8403361344537815,13.4453781512605,2.310924369747899,60.71428571428571,22.6890756302521,0.0,0.0,0.0,0.0,0.0,1
116,0,65,8,323,109,2,0,0,0,0,507,0,0,507,0,"Kollidam Panchayat Union Muslim Elementary School, Eastern Side North Facing, Thirumullaivasal","1. Thirumullaivasal (R.V) And (P), Main Road ward:4, 2. Thirumullaivasal (R.V) And (P), West Nedu Street ward:4, 3. Thirumullaivasal (R.V) And (P), Muslim Street ward:3, 4. Thirumullaivasal (R.V) And (P), Thaikkal Street ward:3, 999. OVERSEAS ELECTORS",All Voters,Dravida Munnetra Kazhagam,323,109,214,Tamilaga Vettri Kazhagam,6,3,4,1,2,5,6,6,6,6,42.20907297830374,0,0.0,12.82051282051282,1.577909270216963,63.70808678500987,21.49901380670611,0.3944773175542406,0.0,0.0,0.0,0.0,1
117,1,48,15,320,74,0,0,1,0,0,459,0,2,461,0,"Deva Nursery and Elementary School
,East Building east facing,Thirumullaivasal","1. Thirumullaivasal (R.V) And (P), Mettu Street ward:1, 2. Thirumullaivasal (R.V) And (P), East Street ward:1, 3. Thirumullaivasal (R.V) And (P), Chetti Street ward:1, 4. Thirumullaivasal (R.V) And (P), Sunnambukkara Street ward:1, 5. Thirumullaivasal (R.V) And (P), Vaduka Street ward:1, 6. Thirumullaivasal (R.V) And (P), I.O.B. Street Ward:2, 7. Thirumullaivasal (R.V) And (P), Pallivasal Street Ward:2, 999. OVERSEAS ELECTORS",All Voters,Dravida Munnetra Kazhagam,320,74,246,Tamilaga Vettri Kazhagam,5,3,4,1,2,7,7,5,7,7,53.59477124183007,0,0.2178649237472767,10.45751633986928,3.267973856209151,69.71677559912854,16.12200435729848,0.0,0.0,0.2178649237472767,0.0,0.0,1
118,2,44,7,413,68,0,0,0,0,0,534,0,0,534,0,"Deva Nursery and Elementary School
,West Building South facing,Thirumullaivasal","1. Thirumullaivasal (R.V) And (P), Kammala Street Ward:2, 2. Thirumullaivasal (R.V) And (P), Perumal Kovil Street Ward:2, 3. Thirumullaivasal (R.V) And (P), West Nedu Street Ward:3, 4. Thirumullaivasal (R.V) And (P), Atrangarai Street Ward:2, 999. OVERSEAS ELECTORS",All Voters,Dravida Munnetra Kazhagam,413,68,345,Tamilaga Vettri Kazhagam,5,3,4,1,2,6,6,6,6,6,64.60674157303372,0,0.3745318352059925,8.239700374531834,1.310861423220974,77.34082397003745,12.73408239700375,0.0,0.0,0.0,0.0,0.0,1
119,2,122,20,233,142,1,0,1,2,0,523,0,3,526,0,"Govt Higher Secondary School ,North building South facing east
portion,Thirumullaivasal","1. Thirumullaivasal (R.V) And (P), Bangala Street ward:4, 2. Thirumullaivasal (R.V) And (P), Sivan Sannathi Street Ward:4, 3. Thirumullaivasal (R.V) And (P), Main Road ward:4, 999.
OVERSEAS ELECTORS",All Voters,Dravida Munnetra Kazhagam,233,142,91,Tamilaga Vettri Kazhagam,5,3,4,1,2,7,9,7,5,9,17.39961759082218,0,0.3824091778202677,23.32695984703633,3.824091778202677,44.55066921606118,27.151051625239,0.1912045889101338,0.0,0.1912045889101338,0.3824091778202677,0.0,2
120,1,187,18,295,219,1,0,1,1,0,723,0,0,723,0,"Govt Higher Secondary School,North building South facing east portion,Thirumullaivasal","1. Thirumullaivasal (R.V) And (P), New Street ward:4, 2. Thirumullaivasal (R.V) And (P), Sivan West Street Ward:4, 3. Thirumullaivasal (R.V) And (P), M.G.R.Nagar Ward:4, 4. Thirumullaivasal (R.V) And (P), ICE Plant Street Ward:4, 5. Thirumullaivasal (R.V) And (P),
V.O.C. Nagar Ward:4, 6. Thirumullaivasal (R.V) And (P), Gandhi Nagar Ward:4, 7. Thirumullaivasal (R.V) And (P), Chokkalingam Nagar Ward:4, 8. Thirumullaivasal (R.V) And (P), K.B.S. Nagar Ward:4, 999. OVERSEAS ELECTORS",All Voters,Dravida Munnetra Kazhagam,295,219,76,Tamilaga Vettri Kazhagam,5,3,4,1,2,5,9,5,5,9,10.51175656984786,0,0.1383125864453665,25.86445366528354,2.489626556016598,40.80221300138312,30.29045643153527,0.1383125864453665,0.0,0.1383125864453665,0.1383125864453665,0.0,3
121,1,202,33,210,293,2,0,2,1,0,744,0,1,745,0,"Govt Higher Secondary School,East building West facing east portion,Thirumullaivasal","1. Thirumullaivasal (R.V) And (P), Ambedkar Nagar ward:6, 2. Thirumullaivasal (R.V) and (P), Thiruvengada Nadar Street Ward:6, 3. Thirumullaivasal (R.V) And (P), Fisherman West Street Ward:6, 4. Thirumullaivasal (R.V) And (P), Kaliamman koil Street Ward:6, 5. Thirumullaivasal (R.V) And (P), Kannikovil Street Ward:6, 6. Thirumullaivasal (R.V) And (P), Thazhanthondi ward:8, 7. Thirumullaivasal (R.V) And (P), Tsunami Temporary Shelter 2 Ward:2, 8. Thirumullaivasal (R.V) And (P), Tsunami Temporary Shelter 4 ward:4, 999. OVERSEAS
ELECTORS",All Voters,Tamilaga Vettri Kazhagam,293,210,83,Dravida Munnetra Kazhagam,7,3,4,2,1,5,9,5,7,9,11.15591397849462,0,0.1344086021505377,27.1505376344086,4.435483870967742,28.22580645161291,39.38172043010753,0.2688172043010753,0.0,0.2688172043010753,0.1344086021505377,0.0,2
122,2,226,19,205,237,1,0,0,2,0,692,0,2,694,0,"Govt Higher Secondary School,North New building South facing west portion,Thirumullaivasal","1. Thirumullaivasal (R.V) And (P), Tsunami Temporary Shelter1 Ward:1, 2. Thirumullaivasal (R.V) And (P), Tsunami Temporary Shelter 3 ward:3, 999. OVERSEAS ELECTORS",All Voters,Tamilaga Vettri Kazhagam,237,226,11,All India Anna Dravida Munnetra Kazhagam,5,2,4,3,1,7,8,8,5,8,1.589595375722543,0,0.2890173410404624,32.65895953757225,2.745664739884393,29.6242774566474,34.2485549132948,0.1445086705202312,0.0,0.0,0.2890173410404624,0.0,3
123,0,212,43,246,413,0,1,0,1,2,918,0,2,920,0,"Govt Higher Secondary School,North New building South facing west portion,Thirumullaivasa","1. Thirumullaivasal (R.V) And (P), Fisherman Street Ward:7, 2. Thirumullaivasal (R.V) And (P), Thazhanthondi ward:8, 3. Thirumullaivasal (R.V) And (P), Thazhai Iruthaya Nagar ward:8, 4. Thirumullaivasal (R.V) And (P), Kachaveli Ward:8, 999. OVERSEAS ELECTORS",All Voters,Tamilaga Vettri Kazhagam,413,246,167,Dravida Munnetra Kazhagam,8,3,4,2,1,8,6,8,6,5,18.19172113289761,2,0.0,23.09368191721133,4.684095860566448,26.79738562091503,44.98910675381264,0.0,0.1089324618736384,0.0,0.1089324618736384,0.2178649237472767,2
124,3,221,14,155,186,2,1,0,0,1,583,0,1,584,0,"Govt Higher Secondary School,North New building South facing east portion,Thirumallaivasal","1. Thirumullaivasal (R.V) And (P), Valuthalaikudi East Street Ward:10, 2. Thirumullaivasal (R.V) And (P), Valuthalaikudi Kannikoil Street Ward:9, 3. Thirumullaivasal (R.V) And (P), Fisherman Temporary Shelter ward:7, 999. OVERSEAS ELECTORS",All Voters,All India Anna Dravida Munnetra Kazhagam,221,186,35,Tamilaga Vettri Kazhagam,5,1,4,3,2,6,7,9,9,7,6.003430531732419,1,0.5145797598627788,37.9073756432247,2.401372212692967,26.58662092624357,31.90394511149228,0.3430531732418525,0.1715265866209262,0.0,0.0,0.1715265866209262,2
125,3,163,21,272,319,4,2,0,0,0,784,0,0,784,0,"Kollidam Panchayat Union Middle School, East Side New Building, Radhanallur","1. Radhanallur (R.V), Thirumullaivasal (P), Radhanallur (North) Ward:13, 2. Radhanallur (R.V), Thirumullaivasal (P), Radhanallur (New Colony) Ward:13, 3. Radhanallur (R.V), Thirumullaivasal (P), Radhanallur (Periya Street) ward:13, 4. Radhanallur (R.V), Thirumullaivasal (P), Valuthalaikudi Main Road Ward:9, 999. OVERSEAS ELECTORS",All Voters,Tamilaga Vettri Kazhagam,319,272,47,Dravida Munnetra Kazhagam,6,3,4,2,1,5,7,8,8,8,5.994897959183673,0,0.3826530612244898,20.79081632653061,2.678571428571428,34.69387755102041,40.68877551020408,0.5102040816326531,0.2551020408163265,0.0,0.0,0.0,2
126,1,277,25,144,186,0,2,0,2,0,637,0,3,640,0,"Kollidam Panchayat Union Middle School, West Side New Building, Radhanallur","1. Radhanallur (R.V), Thirumullaivasal (P), Valuthalaikudi West Street Ward:10, 2. Radhanallur (R.V), Thirumullaivasal (P), Valuthalaikudi East Street Ward:10, 3. Radhanallur (R.V), Thirumullaivasal (P), Valuthalaikudi Agraharam Medu Ward:9, 999. OVERSEAS
ELECTORS",All Voters,All India Anna Dravida Munnetra Kazhagam,277,186,91,Tamilaga Vettri Kazhagam,7,1,4,3,2,8,5,8,5,8,14.28571428571428,0,0.1569858712715856,43.4850863422292,3.924646781789639,22.60596546310832,29.19937205651492,0.0,0.3139717425431711,0.0,0.3139717425431711,0.0,3
127,0,149,35,181,273,1,0,1,1,2,643,0,0,643,0,"Government High School, Mangalur tiled Buiding North Side, Thoduvai","1. Thirumullaivasal (R.V) And (P), Thoduvai Fisherman North Street Ward:11, 2. Thirumullaivasal (R.V) And (P), Tsunami Temporary Shelter 2 Ward:12, 999. OVERSEAS
ELECTORS",All Voters,Tamilaga Vettri Kazhagam,273,181,92,Dravida Munnetra Kazhagam,9,3,4,2,1,6,9,6,6,5,14.30793157076205,2,0.0,23.17262830482115,5.443234836702955,28.149300155521,42.45723172628305,0.1555209953343701,0.0,0.1555209953343701,0.1555209953343701,0.3110419906687403,2
128,2,150,46,192,334,1,1,0,2,0,728,0,4,732,0,"Kollidam Panchayat Union Elementary School, East facing west Building Northern Portion, Thoduvai","1. Thirumullaivasal (R.V) And (P), Thoduvai Fisherman South Street Ward:12,   999. OVERSEAS ELECTORS",All Voters,Tamilaga Vettri Kazhagam,334,192,142,Dravida Munnetra Kazhagam,5,3,4,2,1,7,7,9,5,9,19.50549450549451,0,0.2747252747252747,20.6043956043956,6.318681318681318,26.37362637362638,45.87912087912088,0.1373626373626374,0.1373626373626374,0.0,0.2747252747252747,0.0,2
129,4,120,19,156,188,1,1,1,1,0,491,0,2,493,0,"Kollidam Panchayat Union Elementary
,School East facing west Building Southern Portion,Thoduvai","1. Thirumullaivasal (R.V) And (P), Tsunami Temporary Shelter 1 ward:12, 1. Thirumullaivasal (R.V) And (P), Tsunami Temporary Shelter 3 Ward:12, 999. OVERSEAS ELECTORS",All Voters,Tamilaga Vettri Kazhagam,188,156,32,Dravida Munnetra Kazhagam,5,3,4,2,1,6,6,6,6,10,6.517311608961303,0,0.8146639511201629,24.43991853360489,3.869653767820774,31.77189409368635,38.28920570264766,0.2036659877800407,0.2036659877800407,0.2036659877800407,0.2036659877800407,0.0,2
130,2,158,31,236,231,1,1,1,1,0,662,0,4,666,0,"Kollidam Panchayat Union Elementary School, South facing North Building,
Edamanal","1. Edamanal (R.V) And (P), Edamanal Main Road Ward:1, 2. Edamanal (R.V) And (P), Varusaipathu Ward:4, 3. Edamanal (R.V) And (P), Melappalayam Ward:5, 999. OVERSEAS
ELECTORS",All Voters,Dravida Munnetra Kazhagam,236,231,5,Tamilaga Vettri Kazhagam,5,3,4,1,2,6,6,6,6,10,0.7552870090634441,0,0.3021148036253776,23.86706948640483,4.682779456193353,35.64954682779456,34.89425981873111,0.1510574018126888,0.1510574018126888,0.1510574018126888,0.1510574018126888,0.0,2
131,2,126,30,202,261,2,1,1,0,0,625,0,0,625,0,"Govt Higher Secondary School,North New building South facing east portion,Thirumallaivasal","1. Edamanal (R.V) And (P), Edamanal Periya Street Ward:1, 2. Edamanal (R.V) And (P), Edamanal Middle Street Ward:1, 3. Edamanal (R.V) And (P), Sanjivirayan Koil New Street Ward:2, 999. OVERSEAS ELECTORS",All Voters,Tamilaga Vettri Kazhagam,261,202,59,Dravida Munnetra Kazhagam,5,3,4,2,1,5,7,7,9,9,9.44,0,0.32,20.16,4.8,32.32,41.76000000000001,0.32,0.16,0.16,0.0,0.0,2
132,2,182,58,286,314,1,0,1,3,1,848,0,1,849,0,"Govt High School, South facing west Wing west portion, Edamanal","1. Edamanal (R.V) And (P), Sangivirayan Kovil Ward:2, 2. Edamanal (R.V) And (P), Othalaveli Ward:2, 3. Edamanal (R.V) And (P), Uchimedu North Street ward:2, 4. Edamanal (R.V) And (P), Aamappallam North Ward:2, 5. Edamanal (R.V) And (P), Aamappallam South Ward:3, 6. Edamanal (R.V) And (P), Utchi Medu Ward:3, 999. OVERSEAS ELECTORS",All Voters,Tamilaga Vettri Kazhagam,314,286,28,Dravida Munnetra Kazhagam,6,3,4,2,1,7,10,7,5,7,3.30188679245283,1,0.2358490566037736,21.4622641509434,6.839622641509433,33.72641509433962,37.02830188679246,0.1179245283018868,0.0,0.1179245283018868,0.3537735849056604,0.1179245283018868,2
133,0,175,14,214,205,0,1,0,1,3,613,0,2,615,0,"Rahmaniya High School, South facing East Building, Vadagal","1. Varisaipathuvadagal (R.V), Alangadu (P), Kodangudi Sathiram Ward:2, 2. Varisaipathuvadagal (R.V) And (P), North Vadagal Ward:1, 3. Varisaipathuvadagal (R.V) And (P), East Street Ward:1, 4. Varisaipathuvadagal (R.V) and (P), Main Road Ward:1, 999.
OVERSEAS ELECTORS",All Voters,Dravida Munnetra Kazhagam,214,205,9,Tamilaga Vettri Kazhagam,8,3,4,1,2,8,6,8,6,5,1.468189233278956,3,0.0,28.54812398042414,2.283849918433932,34.91027732463296,33.44208809135399,0.0,0.1631321370309951,0.0,0.1631321370309951,0.4893964110929853,3
134,1,101,19,299,157,0,0,1,0,0,578,0,0,578,0,"Rahmaniya High School, West Facing North Building, Vadagal","1. Varisaipathuvadagal (R.V) And (P), Middle Street Ward:1, 2. Varisaipathuvadagal (R.V) And (P), Kaliyammnan Koil Street Ward:1, 3. Varisaipathuvadagal (R.V) And (P), Asari Street Ward:1, 4. Varisaipathuvadagal (R.V) And (P), Pallivasal Street Ward:2, 5. Varisaipathuvadagal (R.V) and (P), Atrangarai Street ward:2, 6. Varisaipathuvadagal (R.V)  and (P), Atrangarai Street Ward:2, 999. OVERSEAS ELECTORS",All Voters,Dravida Munnetra Kazhagam,299,157,142,Tamilaga Vettri Kazhagam,5,3,4,1,2,7,7,5,7,7,24.5674740484429,0,0.1730103806228374,17.47404844290658,3.28719723183391,51.73010380622838,27.16262975778547,0.0,0.0,0.1730103806228374,0.0,0.0,1
135,0,192,18,261,175,1,1,1,1,0,650,0,0,650,0,"Kollidam Panchayat Union Elementary School, Northern Facing Building West Wing, Umaiyalpathy","1. Umaiyalpathi (R.V) And (P), Umaiyalpathi Ward:1, 2. Umaiyalpathi (R.V) And (P), Apparkoil Street Ward:1, 3. Umaiyalpathi (R.V) And (P), Vathasekara Nallur Ward:2, 4. Umaiyalpathi (R.V) And (P), Pillaiyar Koil Street Ward:1, 5. Umaiyalpathi (R.V) And (P), East Street Ward:1,
6. Umaiyalpathi (R.V) And (P), Road Street Ward:1, 7. Umaiyalpathi (R.V) And (P), Thideerkuppam Ward:1, 8. Umaiyalpathi (R.V) And (P), Kovilpathu Ward:1, 999. OVERSEAS
ELECTORS",All Voters,Dravida Munnetra Kazhagam,261,192,69,All India Anna Dravida Munnetra Kazhagam,9,2,4,1,3,5,5,5,5,9,10.61538461538461,0,0.0,29.53846153846154,2.769230769230769,40.15384615384615,26.92307692307692,0.1538461538461539,0.1538461538461539,0.1538461538461539,0.1538461538461539,0.0,3
136,0,185,29,239,173,0,0,1,1,0,628,0,2,630,0,"Kollidam Panchayat Union Elementary School, Northern facing Building East wing, Umaiyalpathy","1. Umaiyalpathi (R.V) And (P), Kulathinganallur Kaliyamman Kovil Street Ward:2, 2. Umaiyalpathi (R.V) And (P), Kulathinganallur Mariyamman Koil Street Ward:2, 3. Umaiyalpathi (R.V) And (P), Vinayagakudi Main Road Ward:2, 4. Umaiyalpathi (R.V) And (P), South Vinayagakudi Ward:2, 5. Umaiyalpathi (R.V) And (P), Vinayagakudi Pillaiyar Kovil Street Ward:2, 6. Umaiyalpathi (R.V) And (P), Vinayagakudi Street Ward:2, 999. OVERSEAS
ELECTORS",All Voters,Dravida Munnetra Kazhagam,239,185,54,All India Anna Dravida Munnetra Kazhagam,7,2,4,1,3,7,7,5,5,7,8.598726114649681,0,0.0,29.45859872611465,4.617834394904459,38.05732484076433,27.54777070063694,0.0,0.0,0.1592356687898089,0.1592356687898089,0.0,3
137,1,234,20,356,249,1,0,2,1,0,864,0,0,864,0,"Kollidam Panchayat Union Middle School, South facing East Building east wing, Arpakkam","1. Arpakkam (R.V) And (P), North Street Ward:1, 2. Arpakkam (R.V) And (P), West Street Ward:1, 3. Arpakkam (R.V) And (P), Nadar Street Ward:1, 4. Arpakkam (R.V) And (P), Main Road Sivan Koil Street Ward:1, 5. Arpakkam (R.V) And (P), Mandhakarai, Padasalai Street Ward:1, 6. Arpakkam (R.V) And (P), Kumarakkattalai Ward:2, 7. Arpakkam (R.V) And (P), Thirunavukkarasu Nallur ward:2, 8. Arpakkam (R.V) And (P), Kothangudi Street Ward:2, 9. Arpakkam (R.V) And (P), Uchimettu Street Ward:2, 10. Arpakkam (R.V) And (P), East Street Ward:2, 11. Arpakkam (R.V) And (P), South Street Ward:2, 12. Arpakkam (R.V) And (P), Pinna Kollai Street Ward:2, 13. Arpakkam (R.V) And (P), West Street Ward:2, 14. Arpakkam (R.V) And (P), Colony Street Ward:2, 999. OVERSEAS ELECTORS",All Voters,Dravida Munnetra Kazhagam,356,249,107,Tamilaga Vettri Kazhagam,6,3,4,1,2,6,9,5,6,9,12.38425925925926,0,0.1157407407407407,27.08333333333333,2.314814814814815,41.2037037037037,28.81944444444444,0.1157407407407407,0.0,0.2314814814814815,0.1157407407407407,0.0,3
138,0,149,16,145,138,0,0,0,5,0,453,0,0,453,0,"Ramakiruba Aided Middle School, North Portion, Kadavasal","1. Kadavasal (R.V) And (P), Perumal Kovil Street Ward:1, 2. Kadavasal (R.V) And (P), West Street Ward:1, 3. Kadavasal (R.V) And (P), East Street Ward:1, 4. kadavasal (R.V) And (P),
Main Road Ward:2, 999. OVERSEAS ELECTORS",All Voters,All India Anna Dravida Munnetra Kazhagam,149,145,4,Dravida Munnetra Kazhagam,6,1,4,2,3,6,6,6,5,6,0.8830022075055187,0,0.0,32.89183222958057,3.532008830022075,32.00883002207506,30.4635761589404,0.0,0.0,0.0,1.103752759381899,0.0,3
139,1,71,24,252,158,0,0,1,2,0,509,0,0,509,0,"Ramakiruba Aided Middle School,East building west facing North portion Room-8,Kadavasal","1. Kadavasal (R.V) And (P), Azad Street Ward:2, 2. Kadavasal (R.V) And (P), Quaid-E-Millath Street Ward:2, 3. Kadavasal (R.V) And (P), Bilal Street Ward:2, 5. Kadavasal (R.V) And (P), Gandhi Nagar Ward:2, 5. Kadavasal (R.V) And (P), Puthu Street Ward:2, 999. OVERSEAS
ELECTORS",All Voters,Dravida Munnetra Kazhagam,252,158,94,Tamilaga Vettri Kazhagam,6,3,4,1,2,8,8,6,5,8,18.46758349705305,0,0.1964636542239686,13.94891944990177,4.715127701375246,49.50884086444008,31.04125736738703,0.0,0.0,0.1964636542239686,0.3929273084479371,0.0,1
140,0,147,30,295,380,2,1,0,4,1,860,0,2,862,0,"Kollidam Panchayat Union Elementary School, Thirukarukavoor South Facing South Building Eastern Portion","1. Thirukkarukavur (R.V) And (P), Velarthoppu Ward:3, 2. Thirukkarukavur (R.V) And (P), Kilaathoppu Street Ward:3, 3. Thirukkarukavur (R.V) And (P), Keeranallur Muslim Street Ward:4, 4. Thirukkarukavur (R.V) And (P), West Street Keeranallur Ward:4, 999. OVERSEAS
ELECTORS",All Voters,Tamilaga Vettri Kazhagam,380,295,85,Dravida Munnetra Kazhagam,9,3,4,2,1,6,7,9,5,7,9.883720930232558,1,0.0,17.09302325581395,3.488372093023256,34.30232558139535,44.18604651162791,0.2325581395348837,0.1162790697674419,0.0,0.4651162790697674,0.1162790697674419,2
141,3,218,38,258,259,5,1,2,4,1,789,0,0,789,0,"Kollidam Panchayat Union Elementary School, South facing south building Western portion, Thirukarukavoor","1. Thirukkarukavur (R.V) And (P), North Street Ward:1, 2. Thirukkarukavur (R.V) And (P), East Street Ward:2, 3. Thirukkarukavur (R.V) And (P), Kaliamman Kovil Street Ward:2, 4. Thirukkarukavur (R.V) And (P), West Street Ward:2, 5. Thirukkarukavur (R.V) And (P), Pillaiyar Kovil Street Ward:2, 6. Thirukkarukavur (R.V) And (P), Sannathi Street ward:2, 7. Thirukkarukavur (R.V) And (P), Ayyanarkoil Street Ward:2, 999. OVERSEAS ELECTORS",All Voters,Tamilaga Vettri Kazhagam,259,258,1,Dravida Munnetra Kazhagam,7,3,4,2,1,5,9,8,6,9,0.1267427122940431,1,0.3802281368821293,27.62991128010139,4.816223067173637,32.69961977186312,32.82636248415717,0.6337135614702154,0.1267427122940431,0.2534854245880862,0.5069708491761723,0.1267427122940431,2
142,3,421,20,250,141,2,0,0,4,2,843,0,1,844,0,"Government Adi Dravidar Welfare Elementary School, East Facing,West Building south Portion,Kondal","1. Kondal (R.V) And (P), Kondal Bazaar Street   Ward:2, 2. Kondal (R.V) And (P), Keelthenur Kudiayana Street Ward:3, 3. Kondal (R.V) And (P), Kattu Street Ward:3, 4. Kondal (R.V) And (P), Kottaiyamedu Colony Ward:3, 5. Kondal (R.V) And (P), Pathakkudi Ward:3, 999.
OVERSEAS ELECTORS",All Voters,All India Anna Dravida Munnetra Kazhagam,421,250,171,Dravida Munnetra Kazhagam,6,1,4,2,3,7,9,9,5,7,20.2846975088968,2,0.3558718861209964,49.94068801897983,2.372479240806643,29.65599051008304,16.72597864768683,0.2372479240806643,0.0,0.0,0.4744958481613286,0.2372479240806643,3
143,2,220,16,340,187,1,0,2,1,0,769,0,2,771,0,"Government Adi Dravidar Elementary School,East Facing,West Building,Northern Portion,Kondal","1. Kondal (R.V) And (P), North Street Ward:1, 2. Kondal (R.V) And (P), Adidravidar Colony Street Ward:1, 3. Kondal (R.V) And (P), Main Road Ward:1, 4. Kondal (R.V) And (P), Mukkoottu Street Ward:2, 5. Kondal (R.V) And (P), Keelthenur Colony Street Ward:3,   999.
OVERSEAS ELECTORS",All Voters,Dravida Munnetra Kazhagam,340,220,120,All India Anna Dravida Munnetra Kazhagam,5,2,4,1,3,7,9,5,7,9,15.60468140442133,0,0.2600780234070221,28.60858257477243,2.080624187256177,44.21326397919375,24.31729518855657,0.1300390117035111,0.0,0.2600780234070221,0.1300390117035111,0.0,3
144,1,184,10,216,119,0,0,0,0,0,530,0,0,530,0,"Govt. Adi Dravidar Welfare Higher Secondary School, South west Building, Kondal","1. Kondal (R.V) And (P), Sannathi Street Ward:1, 2. Kondal (R.V) And (P), Middle Street Ward:1, 3. Kondal (R.V) And (P), South Street Ward:1, 4. Kondal (R.V) And (P), South Street Ward:2, 5. Kondal (R.V) And (P), West Street Ward:4, 999. OVERSEAS ELECTORS",All Voters,Dravida Munnetra Kazhagam,216,184,32,All India Anna Dravida Munnetra Kazhagam,5,2,4,1,3,6,6,6,6,6,6.037735849056604,0,0.1886792452830189,34.71698113207547,1.886792452830189,40.75471698113208,22.45283018867925,0.0,0.0,0.0,0.0,0.0,3
145,6,243,29,318,156,1,1,0,0,0,754,0,1,755,0,"Sirkali Panchayat Union Middle School, South Building West Side, Valluvagudi","1. Valluvakudi (R.V) And (P), Vellalar Street Ward:2, 2. Valluvakudi (R.V) And (P), Mariyamnan Kovil Street Ward:1, 3. Valluvakudi (R.V) And (P), North Street Ward:2, 4. Valluvakudi (R.V) And (P), Kaliyamman Kovil Street Ward:1, 999. OVERSEAS ELECTORS",All Voters,Dravida Munnetra Kazhagam,318,243,75,All India Anna Dravida Munnetra Kazhagam,5,2,4,1,3,6,6,8,8,8,9.946949602122016,0,0.7957559681697612,32.22811671087533,3.846153846153846,42.17506631299735,20.68965517241379,0.1326259946949602,0.1326259946949602,0.0,0.0,0.0,3
146,1,256,15,179,108,1,2,0,0,1,563,0,5,568,0,"Sirkali Panchayat Union Middle School, South Building East Side, Valluvakudi","1. Valluvakudi (R.V) And (P), South Street Ward:2, 2. Valluvakudi (R.V) And (P), Mettu Street Ward:1, 3. Valluvakudi (R.V) And (P), Main Road ward:1, 4. Valluvakudi (R.V) And (P), Agraharam Ward:1, 5. Valluvakudi (R.V) And (P), Colony Street Ward:2, 999. OVERSEAS
ELECTORS",All Voters,All India Anna Dravida Munnetra Kazhagam,256,179,77,Dravida Munnetra Kazhagam,6,1,4,2,3,6,5,9,9,6,13.67673179396092,1,0.1776198934280639,45.47069271758437,2.664298401420959,31.79396092362344,19.18294849023091,0.1776198934280639,0.3552397868561279,0.0,0.0,0.1776198934280639,3
147,4,353,49,266,279,3,1,2,1,2,960,0,2,962,0,"Self Help Group Building, South building North facing, Athiyur","1. Athiyur (R.V) And (P), Panikkiruppu Ward:2, 2. Athiyur (R.V) And (P), Pattavilagam Mathakoil Street Ward:1, 3. Athiyur (R.V) And (P), Pattavilagam Kudiyana Street Ward:1, 4. Athiyur (R.V) And (P), Pattavilagam Adidravidar Street Ward:1,2, 5. Athiyur (R.V) And (P), Athiyur Adidravidar Street Ward:2, 6. Athiyur (R.V) And (P), Athiyur Mariyamman Kovil Street Ward:2, 7. Athiyur (R.V) And (P), Athiyur East Street Ward:2, 999. OVERSEAS ELECTORS",All Voters,All India Anna Dravida Munnetra Kazhagam,353,279,74,Tamilaga Vettri Kazhagam,5,1,4,3,2,6,9,7,9,7,7.708333333333334,2,0.4166666666666667,36.77083333333334,5.104166666666667,27.70833333333334,29.0625,0.3125,0.1041666666666667,0.2083333333333333,0.1041666666666667,0.2083333333333333,2
148,1,206,20,234,203,0,1,1,1,0,667,0,0,667,0,"Govt High School, Northern Building North side, Agani","1. Agani (R.V) And (P), Chokkangulam ward:1, 2. Agani (R.V) And (P), Melaagani Ward:1, 3.
Agani (R.V) And (P), Madha Kovil Street ,Thoppu Street Ward:1, 4. Agani (R.V) And (P), Muthaliar Washerman Street Ward:1, 999. OVERSEAS ELECTORS",All Voters,Dravida Munnetra Kazhagam,234,206,28,All India Anna Dravida Munnetra Kazhagam,5,2,4,1,3,9,5,5,5,9,4.197901049475263,0,0.1499250374812594,30.88455772113943,2.998500749625187,35.08245877061469,30.43478260869566,0.0,0.1499250374812594,0.1499250374812594,0.1499250374812594,0.0,3
149,6,168,28,318,250,0,1,0,0,0,771,0,7,778,0,"Govt High School, North Building South Portion, Agani","1. Agani (R.V) And (P), Keezh Agani Ward:1, 2. Agani (R.V) And (P), Sivankovil Street Main Road Ward:4, 3. Agani (R.V) And (P), Thennangudi Main Road Ward:4, 999. OVERSEAS
ELECTORS",All Voters,Dravida Munnetra Kazhagam,318,250,68,Tamilaga Vettri Kazhagam,5,3,4,1,2,7,6,7,7,7,8.819714656290532,0,0.7782101167315175,21.78988326848249,3.631647211413749,41.24513618677042,32.42542153047989,0.0,0.1297016861219196,0.0,0.0,0.0,2
150,2,233,33,179,206,0,0,1,0,1,655,0,0,655,0,"Panchayat Union Elementary School, North building South facing Enakudi,
Agani.","1. Agani (R.V) And (P), Eanangudi Adidravidar Street Ward:2, 2. Agani (R.V) And (P), Athiyur Road ward:2, 3. Agani (R.V) And (P), Mannankovil Ward:2, 4. Agani (R.V) And (P),
Ramapuram ward:2,3, 999. OVERSEAS ELECTORS",All Voters,All India Anna Dravida Munnetra Kazhagam,233,206,27,Tamilaga Vettri Kazhagam,5,1,4,3,2,8,8,6,8,6,4.122137404580153,1,0.3053435114503817,35.57251908396947,5.038167938931298,27.32824427480916,31.45038167938931,0.0,0.0,0.1526717557251908,0.0,0.1526717557251908,3
151,0,163,24,288,218,1,0,0,1,1,696,0,2,698,0,"Panchayat Union Elementary School, South Side New Building North Portion, Agani","1. Agani (R.V) And (P), Nandhiyanallur Ward:3, 2. Agani (R.V) And (P), Periyathidal Ward:3, 3. Agani (R.V) And (P), Mainroad Thennangudi Ward:4, 4. Agani (R.V) And (P), North Road Thennangudi Ward:4, 5. Agani (R.V) And (P), Kovilpathu Ward:4, 999. OVERSEAS
ELECTORS",All Voters,Dravida Munnetra Kazhagam,288,218,70,Tamilaga Vettri Kazhagam,8,3,4,1,2,5,8,8,5,5,10.05747126436782,1,0.0,23.41954022988506,3.448275862068965,41.37931034482759,31.32183908045977,0.1436781609195402,0.0,0.0,0.1436781609195402,0.1436781609195402,3
152,0,66,19,316,159,0,1,0,0,0,561,0,1,562,0,"Anganwadi Centre, New west Building East facing, Senthangudi","1. Vilanthidasamuthiram (R.V) And (P), Thillainatham Ward:1, 2. Vilanthidasamuthiram (R.V) And (P), Andikottam Ward:1, 3. Vilanthidasamuthiram (R.V) And (P), Senthangudi New Street Ward:2, 4. Vilanthidasamuthiram (R.V) And (P), Senthangudi Pallivasal Street Ward:2, 999.
OVERSEAS ELECTORS",All Voters,Dravida Munnetra Kazhagam,316,159,157,Tamilaga Vettri Kazhagam,6,3,4,1,2,6,5,6,6,6,27.98573975044563,0,0.0,11.76470588235294,3.38680926916221,56.32798573975044,28.34224598930481,0.0,0.17825311942959,0.0,0.0,0.0,1
153,2,99,9,289,197,0,0,0,4,0,600,0,4,604,0,"Sirkali Panchayat Union Middle School, South facing west Building west Portion, Senthangudi","1. Vilanthidasamuthiram (R.V) And (P), Kinatrangarai Street Ward:2, 2. Vilanthidasamuthiram (R.V) And (P), Senthangudi Main Road Ward:2, 3. Vilanthidasamuthiram (R.V) And (P), Senthangudi Kuturavu Nagar Ward:2, 4. Vilanthidasamuthiram (R.V) And (P), Senthangudi pillaiyar Kovil Street Ward:2, 5. Vilanthidasamuthiram (R.V) And (P), Senthangudi Selliyamman Kovil Street Ward:2, 6. Vilanthidasamuthiram (R.V) And (P), Senthangudi Kanni Kovil Street Ward:2, 7. Vilanthidasamuthiram (R.V) And (P), Senthangudi Ricemill Street Ward:2, 999. OVERSEAS ELECTORS",All Voters,Dravida Munnetra Kazhagam,289,197,92,Tamilaga Vettri Kazhagam,6,3,4,1,2,7,7,7,5,7,15.33333333333333,0,0.3333333333333334,16.5,1.5,48.16666666666667,32.83333333333333,0.0,0.0,0.0,0.6666666666666667,0.0,1
154,2,75,15,234,116,0,2,0,0,1,445,0,1,446,0,"Target Lion Club Matriculation Higher Secondary School,East facing west Building South
portion,Vilanthidasamuthiram","1. Vilanthidasamuthiram (R.V) And (P), Rethinammal Nagar Ward:4, 2. Vilanthidasamuthiram (R.V) And (P), Kamban Nagar Ward:4, 999. OVERSEAS ELECTORS",All Voters,Dravida Munnetra Kazhagam,234,116,118,Tamilaga Vettri Kazhagam,5,3,4,1,2,8,5,8,8,7,26.51685393258427,1,0.4494382022471911,16.85393258426966,3.370786516853932,52.58426966292134,26.06741573033708,0.0,0.4494382022471911,0.0,0.0,0.2247191011235955,1
155,3,164,38,301,219,2,0,1,3,0,731,0,4,735,0,"Target Lion Club Matriculation Higher Secondary School,East facing west Building South
portion,Vilanthidasamuthiram","1. Vilanthidasamuthiram (R.V) And (P), Vilanthidasamuthiram Ward:3, 2. Vilanthidasamuthiram (R.V) And (P), Kaliyamman Kovil Street Ward:3, 999. OVERSEAS ELECTORS",All Voters,Dravida Munnetra Kazhagam,301,219,82,Tamilaga Vettri Kazhagam,5,3,4,1,2,7,9,8,5,9,11.21751025991792,0,0.4103967168262654,22.43502051983584,5.198358413132695,41.17647058823529,29.95896032831737,0.2735978112175103,0.0,0.1367989056087551,0.4103967168262654,0.0,2
156,2,57,27,216,138,0,0,0,3,1,444,0,0,444,0,"Target Lion Club Matriculation Higher Secondary School,East facing west Building South
portion,Vilanthidasamuthiram","1. Vilanthidasamuthiram (R.V) And (P), Maruthanayagam Colony Ward:3, 2. Vilanthidasamuthiram (R.V) And (P), Jeyandirar Colony Ward:3, 999. OVERSEAS ELECTORS",All Voters,Dravida Munnetra Kazhagam,216,138,78,Tamilaga Vettri Kazhagam,6,3,4,1,2,8,8,8,5,7,17.56756756756757,1,0.4504504504504505,12.83783783783784,6.081081081081082,48.64864864864865,31.08108108108108,0.0,0.0,0.0,0.6756756756756757,0.2252252252252252,2
157,3,277,20,244,280,2,1,1,0,0,828,0,2,830,0,"Panchayat Union Elementary School, East Facing East Building, Patharakudi","1. Vilanthidasamuthiram (R.V) And (P), Patharakudi Kudiyana Street Ward:4, 2. Vilanthidasamuthiram (R.V) And (P), Patharakudi Colony Street Ward:4, 999. OVERSEAS
ELECTORS",All Voters,Tamilaga Vettri Kazhagam,280,277,3,All India Anna Dravida Munnetra Kazhagam,5,2,4,3,1,6,7,7,9,9,0.3623188405797101,0,0.3623188405797101,33.45410628019324,2.415458937198068,29.46859903381642,33.81642512077295,0.2415458937198068,0.1207729468599034,0.1207729468599034,0.0,0.0,2
158,1,98,21,372,283,0,0,0,1,1,777,0,2,779,0,"Municipal Middle School, SABL Building, Sirkazhi","1. Sirkali (M), Periyavaguppu Kattalai Ward:2, 2. Sirkali (M), Bethadi Street Ward:2, 3. Sirkali (M), Ozhiyakaran Thoppu Ward:2, 4. Sirkali (M), Panangattu Street Ward:2, 999. OVERSEAS
ELECTORS",All Voters,Dravida Munnetra Kazhagam,372,283,89,Tamilaga Vettri Kazhagam,5,3,4,1,2,8,8,8,5,5,11.45431145431145,1,0.1287001287001287,12.61261261261261,2.702702702702703,47.87644787644788,36.42213642213642,0.0,0.0,0.0,0.1287001287001287,0.1287001287001287,2
159,2,241,28,328,223,0,1,1,2,0,826,0,3,829,0,"Sirkali Municipal Elementary School, South facing North Building,
Pulichakadu Sirkazhi","1. Sirkali (M), Pulichakkadu Ward:1, 2. Sirkali (M), Thottamanyam Ward:1, 3. Sirkali (M), Nithiyavanam ward:1, 4. Sirkali (M), Enam Gunathalappadi Ward:1, 999. OVERSEAS
ELECTORS",All Voters,Dravida Munnetra Kazhagam,328,241,87,All India Anna Dravida Munnetra Kazhagam,5,2,4,1,3,9,7,7,5,9,10.53268765133172,0,0.2421307506053269,29.17675544794189,3.389830508474576,39.70944309927361,26.99757869249395,0.0,0.1210653753026634,0.1210653753026634,0.2421307506053269,0.0,3
160,4,98,29,197,258,2,1,1,3,0,593,0,1,594,0,"Sabhanayaga Muthaliyar Hindu Aided Elementary School, North Portion, Bharathidasan Street Sirkazhi","1. Sirkali (M), Govindarajan Nagar Ward:2, 2. Sirkali (M), Keelaveli Street Ward:3, 3. Sirkali (M), Sarkkan Street ward:3, 4. Sirkali (M), Kovil-Sethi Street Ward:3, 999. OVERSEAS ELECTORS",All Voters,Tamilaga Vettri Kazhagam,258,197,61,Dravida Munnetra Kazhagam,5,3,4,2,1,7,8,8,6,10,10.28667790893761,0,0.6745362563237773,16.52613827993255,4.890387858347387,33.22091062394604,43.50758853288364,0.3372681281618887,0.1686340640809443,0.1686340640809443,0.5059021922428331,0.0,2
161,6,99,13,296,138,2,1,0,0,0,555,0,0,555,0,"Vivekananda College of Arts and Science for Women, Facing East Building Room-1, Keezha Thenpathy","1. Sirkali (M), Manathidal Street Ward:3, 2. Sirkali (M), Thirumullaivasal Road Ward:3, 3. Sirkali (M), Kovilan Street Ward:3, 4. Sirkali (M), Ambedkar Street Ward:3, 999. OVERSEAS ELECTORS",All Voters,Dravida Munnetra Kazhagam,296,138,158,Tamilaga Vettri Kazhagam,5,3,4,1,2,6,7,8,8,8,28.46846846846847,0,1.081081081081081,17.83783783783784,2.342342342342342,53.33333333333334,24.86486486486487,0.3603603603603603,0.1801801801801802,0.0,0.0,0.0,1
162,2,281,18,218,239,0,0,0,3,0,761,0,1,762,0,"Sabhanayaga Muthaliyar Hindu Higher Secondary School, Science Lab Room No-41, Mariyammankoil Thopu Street
Sirkazhi","1. Sirkali (M), Thiyagarajan Nagar ward:2, 2. Sirkali (M), Melamariyamman Kovil Street Ward:5, 3. Sirkali (M), Mariyamman Kovil Thoppu Ward:5, 4. Sirkali (M), Kumarakkoil North Street Ward:5, 5. Sirkali (M), Kumarakkoil East Street Ward:5, 999. OVERSEAS ELECTORS",All Voters,All India Anna Dravida Munnetra Kazhagam,281,239,42,Tamilaga Vettri Kazhagam,6,1,4,3,2,7,7,7,5,7,5.519053876478318,0,0.2628120893561104,36.92509855453351,2.365308804204993,28.64651773981603,31.40604467805519,0.0,0.0,0.0,0.3942181340341656,0.0,3
163,2,180,22,170,232,1,2,1,8,0,618,0,3,621,0,"Sabhanayaga Muthaliyar Hindu Higher Secondary School, Science Lab Room No-43, Mariyammankoil Thopu Street
Sirkazhi","1. Sirkali (M), Kumarakkoil West Street Ward:5, 2. Sirkali (M), Keezha Mariyammankovil Street Ward:5, 3. Sirkali (M), Balaji Nagar Ward:5, 999. OVERSEAS ELECTORS",All Voters,Tamilaga Vettri Kazhagam,232,180,52,All India Anna Dravida Munnetra Kazhagam,6,2,4,3,1,8,6,8,5,10,8.414239482200648,0,0.3236245954692557,29.12621359223301,3.559870550161812,27.50809061488673,37.54045307443366,0.1618122977346279,0.3236245954692557,0.1618122977346279,1.294498381877023,0.0,2
164,5,273,61,199,387,2,0,0,1,0,928,0,0,928,0,"Municipal Higher Secondary School, Main building Room-3, North
Madavilagam Sirkazhi","1. Sirkali (M), Eesaniya Street Ward:4, 999. OVERSEAS ELECTORS",All Voters,Tamilaga Vettri Kazhagam,387,273,114,All India Anna Dravida Munnetra Kazhagam,5,2,4,3,1,6,8,8,7,8,12.28448275862069,0,0.5387931034482759,29.41810344827586,6.573275862068965,21.44396551724138,41.70258620689656,0.2155172413793103,0.0,0.0,0.1077586206896552,0.0,2
165,2,191,25,190,225,1,0,0,5,0,639,0,0,639,0,"Municipal Higher Secondary School, Main building Room-6, North Madavilagam Sirkazhi","1. Sirkali (M), Esaniyathoppu Melasanthu Colony Ward:4, 2. Sirkali (M), Esaniyathoppu Melasanthu Ward:4, 3. Sirkali (M), Esaniyathoppu New Colony Ward:4, 4. Sirkali (M), Thiyagi Swaminathanar Street Ward:10, 5. Sirkali (M), Bharathidasan Street Ward:10, 999.
OVERSEAS ELECTORS",All Voters,Tamilaga Vettri Kazhagam,225,191,34,All India Anna Dravida Munnetra Kazhagam,6,2,4,3,1,7,8,8,5,8,5.320813771517996,0,0.3129890453834116,29.8904538341158,3.912363067292645,29.7339593114241,35.2112676056338,0.1564945226917058,0.0,0.0,0.7824726134585289,0.0,2
166,2,167,21,235,210,0,0,0,1,1,637,0,2,639,0,"Sri Vanivilas Aided Elementary School, Ground Floor North Portion, Pidari North Street Sirkazhi","1. Sirkali (M), Pidari North Street Ward:9, 999. OVERSEAS ELECTORS",All Voters,Dravida Munnetra Kazhagam,235,210,25,Tamilaga Vettri Kazhagam,5,3,4,1,2,8,8,8,6,6,3.924646781789639,1,0.3139717425431711,26.21664050235479,3.296703296703297,36.8916797488226,32.96703296703296,0.0,0.0,0.0,0.1569858712715856,0.1569858712715856,3
167,3,33,7,150,96,0,0,0,2,0,291,0,3,294,0,"Sri Vanivilas Aided Elementary School, Ground Floor South Portion, Pidari North Street Sirkazhi","1. Sirkali (M), Kaliyamman Koil Street Ward:10, 2. Sirkali (M), Kamarajar Street Ward:11, 3. Sirkali (M), E.V.R Street Ward:11, 4. Sirkali (M), Anna Street ward:10, 999. OVERSEAS ELECTORS",All Voters,Dravida Munnetra Kazhagam,150,96,54,Tamilaga Vettri Kazhagam,5,3,4,1,2,7,7,7,6,7,18.55670103092784,0,1.030927835051546,11.34020618556701,2.405498281786942,51.54639175257731,32.98969072164948,0.0,0.0,0.0,0.6872852233676976,0.0,1
168,1,140,12,150,154,0,2,0,5,0,464,0,4,468,0,"Sabhanayaga Muthaliyar Hindu Aided Elementary School, Room-1 South Side, West Car Street Sirkazhi","1. Sirkali (M), East Car Street Ward:17, 2. Sirkali (M), West Car Street Ward:14, 3. Sirkali (M), Gnanasambandar Street Ward:14, 4. Sirkali (M), Thirumanjana Street Ward:14, 5. Sirkali (M), West Madavilagam Ward:14, 999. OVERSEAS ELECTORS",All Voters,Tamilaga Vettri Kazhagam,154,150,4,Dravida Munnetra Kazhagam,7,3,4,2,1,8,6,8,5,8,0.8620689655172413,0,0.2155172413793103,30.17241379310345,2.586206896551724,32.32758620689656,33.18965517241379,0.0,0.4310344827586207,0.0,1.077586206896552,0.0,2
169,7,129,18,168,112,1,0,0,0,0,435,0,3,438,0,"Sabhanayaga Muthaliyar Hindu Aided Elementary School, Room No-2, West
Car Street Sirkazhi","1. Sirkali (M), North Madavilagam Ward:15, 2. Sirkali (M), North Car Street Ward:11, 3. Sirkali (M), Sannathi Street Ward:15, 4. Sirkali (M), East Madavilagam Ward:15, 999.
OVERSEAS ELECTORS",All Voters,Dravida Munnetra Kazhagam,168,129,39,All India Anna Dravida Munnetra Kazhagam,5,2,4,1,3,6,7,7,7,7,8.96551724137931,0,1.609195402298851,29.6551724137931,4.137931034482759,38.62068965517241,25.74712643678161,0.2298850574712644,0.0,0.0,0.0,0.0,2
170,1,64,17,374,128,0,0,2,2,1,589,0,3,592,0,"Municipal Elementary School, North facing South building, Pallivasal Street Thadalankoil","1. Sirkali (M), Pallivasal Street Ward:6, 2. Sirkali (M), Sabanayakar Street Ward:6, 3. Sirkali (M), Thadalan North Street Ward:6, 4. Sirkali (M), Thadalan East Street Ward:7, 5. Sirkali (M), Thadalan Sannathi Street Ward:7, 6. Sirkali (M), Thadalan East Madavilagam Ward:7, 999.
OVERSEAS ELECTORS",All Voters,Dravida Munnetra Kazhagam,374,128,246,Tamilaga Vettri Kazhagam,7,3,4,1,2,9,9,5,5,7,41.76570458404075,1,0.1697792869269949,10.86587436332767,2.886247877758913,63.49745331069609,21.73174872665535,0.0,0.0,0.3395585738539898,0.3395585738539898,0.1697792869269949,1
171,2,34,9,253,121,0,0,0,2,0,421,0,1,422,0,"Shakthi Nursery and Primary School, South Portion, Eraniya Nagar Sirkazhi","1. Sirkali (M), Pulikkudi ward:6, 2. Sirkali (M), Ariyanpillai Kulathu Mettu Street Ward:6,   3. Sirkali (M), Chithambaram Road Ward:6, 4. Sirkali (M), Jawahar Street Ward:6, 5. Sirkali (M),
Quaid-E-Millath Street Ward:6, 999. OVERSEAS ELECTORS",All Voters,Dravida Munnetra Kazhagam,253,121,132,Tamilaga Vettri Kazhagam,5,3,4,1,2,7,7,7,5,7,31.35391923990499,0,0.4750593824228029,8.076009501187649,2.137767220902613,60.09501187648456,28.74109263657957,0.0,0.0,0.0,0.4750593824228029,0.0,1
172,2,52,15,221,118,1,0,0,1,0,410,0,0,410,0,"Shakthi Nursery and Primary School, West building east facing North Portion,Eraniya Nagar, Sirkazhi","1. Sirkali (M), Eraniyan Nagar Ward:6, 999. OVERSEAS ELECTORS",All Voters,Dravida Munnetra Kazhagam,221,118,103,Tamilaga Vettri Kazhagam,5,3,4,1,2,6,8,8,6,8,25.12195121951219,0,0.4878048780487805,12.68292682926829,3.658536585365853,53.90243902439025,28.78048780487805,0.2439024390243902,0.0,0.0,0.2439024390243902,0.0,1
173,6,109,17,438,214,0,2,3,1,0,790,0,2,792,0,"Municipal Elementary School, New building south portion, Pallivasal Street
Kovilpathu","1. Sirkali (M), Kovilpathu Ward:23, 2. Sirkali (M), Iveli Ward:22, 3. Sirkali (M), Thuraiyur ward:22, 999. OVERSEAS ELECTORS",All Voters,Dravida Munnetra Kazhagam,438,214,224,Tamilaga Vettri Kazhagam,5,3,4,1,2,9,7,6,8,9,28.35443037974684,0,0.7594936708860759,13.79746835443038,2.151898734177215,55.44303797468354,27.08860759493671,0.0,0.2531645569620253,0.3797468354430379,0.1265822784810127,0.0,1
174,5,104,30,242,224,0,2,0,0,0,607,0,1,608,0,"Municipal Middle School, New building east facing north portion, Pannagattangudi Road Sirkazhi","1. Sirkali (M), Thadalan Kamarajanpuram North Street Ward:23, 2. Sirkali (M), Thadalan Kamarajanpuram South Street Ward:23, 3. Sirkali (M), Thadalan Kamarajanpuram Mettu Street Ward:23, 4. Sirkali (M), Radhakrishnan Nagar Ward:23, 5. Sirkali (M), Panangattankudi Road Ward:24, 999. OVERSEAS ELECTORS",All Voters,Dravida Munnetra Kazhagam,242,224,18,Tamilaga Vettri Kazhagam,5,3,4,1,2,7,6,7,7,7,2.965403624382208,0,0.8237232289950577,17.1334431630972,4.942339373970346,39.86820428336079,36.90280065897858,0.0,0.3294892915980231,0.0,0.0,0.0,2
175,3,155,20,228,202,1,1,5,4,0,619,0,5,624,0,"Municipal Elementary School, West Building North Portion, Thadalan West
Street Sirkazhi","1. Sirkali (M), Panangattankudi Road Ward:24, 2. Sirkali (M), Railway Road Ward:24, 3. Sirkali (M), Thadalan North Madavilagam Ward:7, 999. OVERSEAS ELECTORS",All Voters,Dravida Munnetra Kazhagam,228,202,26,Tamilaga Vettri Kazhagam,7,3,4,1,2,8,8,5,6,10,4.20032310177706,0,0.4846526655896607,25.04038772213247,3.231017770597738,36.83360258481422,32.63327948303716,0.1615508885298869,0.1615508885298869,0.8077544426494345,0.6462035541195477,0.0,2
176,2,197,15,209,202,1,1,2,0,0,629,0,2,631,0,"Municipal Elementary School, West Building Southern Side, Thadalan West
Street Sirkazhi","1. Sirkali (M), Thadalan West Street ward:7, 2. Sirkali (M), Pulikkudi Santhu Ward:7, 3. Sirkali (M), Thadalan South Madavilagam Ward:7, 4. Sirkali (M), Thadalan South Street
Ward:7, 999. OVERSEAS ELECTORS",All Voters,Dravida Munnetra Kazhagam,209,202,7,Tamilaga Vettri Kazhagam,5,3,4,1,2,7,7,5,9,9,1.112877583465819,0,0.3179650238473768,31.31955484896661,2.384737678855326,33.22734499205087,32.11446740858506,0.1589825119236884,0.1589825119236884,0.3179650238473768,0.0,0.0,2
177,1,172,27,225,213,1,0,0,0,3,642,0,2,644,0,"L.M.C Higher Secondary School, Main
Building East Portion, Pidari West Street Sirkazhi","1. Sirkali (M), Pulukapettai Street Ward:12, 2. Sirkali (M), Pulukapettai Thoppu Street
Ward:12, 3. Sirkali (M), Pulukapettai New Street Ward:13, 4. Sirkali (M), South Car Street ward:14, 999. OVERSEAS ELECTORS",All Voters,Dravida Munnetra Kazhagam,225,213,12,Tamilaga Vettri Kazhagam,6,3,4,1,2,6,8,8,8,5,1.869158878504673,3,0.1557632398753894,26.79127725856697,4.205607476635514,35.04672897196262,33.17757009345794,0.1557632398753894,0.0,0.0,0.0,0.4672897196261682,2
178,0,146,17,157,148,0,0,0,1,0,469,0,2,471,0,"L.M.C Higher Secondary School, Main Building Northern Portion, Pidari West Street Sirkazhi","1. Sirkali (M), Vaikkangarai Street Ward:8, 2. Sirkali (M), Pidari West Street Ward:8, 3. Sirkali (M), Nagai East Street Ward:8, 4. Sirkali (M), Nagai North Street Ward:8, 5. Sirkali (M), Nagai West Street ward:8, 6. Sirkali (M), Nagai South Street Ward:8, 999. OVERSEAS ELECTORS",All Voters,Dravida Munnetra Kazhagam,157,148,9,Tamilaga Vettri Kazhagam,6,3,4,1,2,6,6,6,5,6,1.918976545842218,0,0.0,31.13006396588486,3.624733475479744,33.47547974413646,31.55650319829424,0.0,0.0,0.0,0.2132196162046908,0.0,3
179,7,315,13,188,253,3,0,2,1,2,784,0,2,786,0,"Radhakrishnan Aided Elementary School, West Side, Pulugapettai Street
Sirkazhi","1. Sirkali (M), Thirukkolakka Ward:13, 2. Sirkali (M), Panamangalam Ward:22, 999. OVERSEAS ELECTORS",All Voters,All India Anna Dravida Munnetra Kazhagam,315,253,62,Tamilaga Vettri Kazhagam,5,1,4,3,2,6,10,7,9,7,7.908163265306123,2,0.8928571428571428,40.17857142857143,1.658163265306122,23.97959183673469,32.27040816326531,0.3826530612244898,0.0,0.2551020408163265,0.1275510204081633,0.2551020408163265,2
180,3,248,13,134,202,1,1,0,1,1,604,0,1,605,0,"Radhakrishnan Aided Elementary School, East Side, Pulugapettai Street
Sirkazhi","1. Sirkali (M), Jahannathapuram Ward:13, 2. Sirkali (M), Thiruthalamudaiyar Kovil Street Ward:13, 3. Sirkali (M), Pulukapettai Thoppu Street Ward:13, 999. OVERSEAS ELECTORS",All Voters,All India Anna Dravida Munnetra Kazhagam,248,202,46,Tamilaga Vettri Kazhagam,5,1,4,3,2,6,6,10,6,6,7.6158940397351,1,0.4966887417218543,41.05960264900662,2.152317880794702,22.18543046357616,33.44370860927152,0.1655629139072848,0.1655629139072848,0.0,0.1655629139072848,0.1655629139072848,2
181,1,168,29,228,233,2,0,0,5,1,667,0,1,668,0,"Siyamala Girls Hr Sec School, Raja Muthaiya Block North SideRoom No.1,
Pidari South Street Sirkazhi","1. Sirkali (M), Pidari South Street Ward:17, 2. Sirkali (M), Singarathoppu Santhu Ward:15, 999. OVERSEAS ELECTORS",All Voters,Tamilaga Vettri Kazhagam,233,228,5,Dravida Munnetra Kazhagam,7,3,4,2,1,6,9,9,5,7,0.7496251874062968,1,0.1499250374812594,25.18740629685157,4.347826086956522,34.18290854572714,34.93253373313343,0.2998500749625188,0.0,0.0,0.7496251874062968,0.1499250374812594,2
182,0,192,26,230,240,2,1,1,4,1,697,0,3,700,0,"Siyamala Girls Hr Sec School, Raja Muthaiya Block South Portion Room No.3, Pidari South Street Sirkazhi","1. Sirkali (M), Sambandhar Colony Ward:17, 2. Sirkali (M), Uppukkara Street Ward:15, 3. Sirkali (M), Pidari East Street Ward:15, 999. OVERSEAS ELECTORS",All Voters,Tamilaga Vettri Kazhagam,240,230,10,Dravida Munnetra Kazhagam,10,3,4,2,1,6,7,7,5,7,1.434720229555237,1,0.0,27.54662840746055,3.730272596843615,32.99856527977044,34.43328550932569,0.2869440459110474,0.1434720229555237,0.1434720229555237,0.5738880918220948,0.1434720229555237,2
183,1,112,18,322,223,1,0,0,0,0,677,0,0,677,0,"Vivekananda College of Arts and Science for Women, Facing South Room
7, Keezha Thenpathy","1. Sirkali (M), Thiruvandhi Kattalai Ward:16, 2. Sirkali (M), Thesathi Kathirvelu Street Ward:16, 3. Sirkali (M), Monnaiyan Street Ward:16, 999. OVERSEAS ELECTORS",All Voters,Dravida Munnetra Kazhagam,322,223,99,Tamilaga Vettri Kazhagam,5,3,4,1,2,5,7,7,7,7,14.62333825701625,0,0.1477104874446086,16.54357459379616,2.658788774002954,47.56277695716396,32.93943870014771,0.1477104874446086,0.0,0.0,0.0,0.0,2
184,1,187,21,259,255,1,0,1,4,1,730,0,4,734,0,"Best Matriculation Higher Secondary School, South facing Auditorium building west portion, Thenpathy","1. Sirkali (M), Nanganala Street Ward:16, 2. Sirkali (M), V.O.C East Street Ward:19, 3. Sirkali (M), Pasumpon Muthuramalingam Street Ward:19, 4. Sirkali (M), Pasumpon Muthuramaligam East Street Ward:19, 999. OVERSEAS ELECTORS",All Voters,Dravida Munnetra Kazhagam,259,255,4,Tamilaga Vettri Kazhagam,6,3,4,1,2,6,10,6,5,6,0.547945205479452,1,0.136986301369863,25.61643835616438,2.876712328767123,35.47945205479452,34.93150684931507,0.136986301369863,0.0,0.136986301369863,0.547945205479452,0.136986301369863,2
185,1,242,23,169,185,1,1,0,3,0,625,0,3,628,0,"Best Matriculation Higher Secondary School, East Side South Facing building, Thenpathy","1. Sirkali (M), Kaivilancheri Main Road Ward:20, 2. Sirkali (M), Vallabhbhai Patel Street Ward:20, 3. Sirkali (M), Rajaji Street Ward:19, 4. Sirkali (M), Thiru.V.Ka Street Ward:20, 5. Sirkali (M), V.O.C North Street Joint Ward:20, 999. OVERSEAS ELECTORS",All Voters,All India Anna Dravida Munnetra Kazhagam,242,185,57,Tamilaga Vettri Kazhagam,6,1,4,3,2,6,6,9,5,9,9.120000000000001,0,0.16,38.72,3.68,27.04,29.6,0.16,0.16,0.0,0.48,0.0,3
186,1,220,33,172,231,3,0,0,2,2,664,0,5,669,0,"Best Matriculation Higher Secondary School, Western Side Facing South Building, Thenpathy","1. Sirkali (M), V.O.C South Street Ward:20, 2. Sirkali (M), V.O.C West Street Ward:20, 3. Sirkali (M), Indira Nagar Ward:20, 4. Sirkali (M), Cutchery Road Ward:18, 5. Sirkali (M), Venkateshwara Nagar Ward:20, 6. Sirkali (M), N.S.P Nagar Ward:20, 7. Sirkali (M), R.V.S
Nagar Ward:20, 999. OVERSEAS ELECTORS",All Voters,Tamilaga Vettri Kazhagam,231,220,11,All India Anna Dravida Munnetra Kazhagam,8,2,4,3,1,5,9,9,6,6,1.656626506024097,2,0.1506024096385542,33.13253012048193,4.969879518072289,25.90361445783132,34.78915662650602,0.4518072289156626,0.0,0.0,0.3012048192771085,0.3012048192771085,2
187,1,139,10,192,260,2,2,0,1,2,609,0,1,610,0,"Dharumai Adhinam Guruganasambanthar Mission VTP Aided Middle School, Eastern
Side,Thenpathy","1. Sirkali (M), Police line Ward:18, 2. Sirkali (M), Bungalow Thoppu Street Ward:18, 3. Sirkali (M), Thiruvalluvar Nagar Ward:18, 4. Sirkali (M), Nehru Colony Ward:18, 5. Sirkali (M), Panneerselvam Street Ward:18, 999. OVERSEAS ELECTORS",All Voters,Tamilaga Vettri Kazhagam,260,192,68,Dravida Munnetra Kazhagam,8,3,4,2,1,5,5,10,8,5,11.16584564860427,2,0.1642036124794745,22.82430213464696,1.642036124794745,31.52709359605911,42.69293924466338,0.3284072249589491,0.3284072249589491,0.0,0.1642036124794745,0.3284072249589491,2
188,3,96,21,120,130,0,0,0,4,0,374,0,4,378,0,"Dharumai Adhinam Guruganasambanthar Mission VTP Aided Middle School, Western
Side,Thenpathy","1. Sirkali (M), Sattanathar Colony Ward:18, 2. Sirkali (M), Tripurasundari Nagar ward:21, 3. Sirkali (M), T.B. Road Ward:21, 4. Sirkali (M), V.N.S. Nagar Ward:18, 5. Sirkali (M), Arul Nagar Ward:18, 6. Sirkali (M), V.P.Sankar Nagar Ward:21, 999. OVERSEAS ELECTORS",All Voters,Tamilaga Vettri Kazhagam,130,120,10,Dravida Munnetra Kazhagam,6,3,4,2,1,7,7,7,5,7,2.67379679144385,0,0.8021390374331552,25.66844919786097,5.614973262032086,32.0855614973262,34.75935828877005,0.0,0.0,0.0,1.06951871657754,0.0,2
189,1,184,33,299,298,0,1,1,0,0,817,0,2,819,0,"Best Matriculation Higher Secondary School, South facing Auditorium building middle portion, Thenpathy","1. Sirkali (M), R.K.T. Nagar Ward:21, 2. Sirkali (M), Sarvamania Street Ward:21, 3. Sirkali (M), Bangalakulathu Mettu Street Ward:21, 4. Sirkali (M), Agara Thirukkolakka Ward:21, 999. OVERSEAS ELECTORS",All Voters,Dravida Munnetra Kazhagam,299,298,1,Tamilaga Vettri Kazhagam,5,3,4,1,2,8,5,5,8,8,0.1223990208078335,0,0.1223990208078335,22.52141982864137,4.039167686658507,36.59730722154223,36.4749082007344,0.0,0.1223990208078335,0.1223990208078335,0.0,0.0,2
190,1,217,32,274,208,0,0,1,0,0,733,0,6,739,0,"Best Matriculation Higher Secondary School, South facing Auditorium building east portion, Thenpathy","1. Sirkali (M), N.G.O Nagar Ward:21, 2. Sirkali (M), Basiyan Thidal Ward:21, 3. Sirkali (M),
V.O.C. Nagar Ward:21, 4. Sirkali (M), Rajeev Nagar ward:21, 5. Sirkali (M), Nehru Nagar Ward:21, 6. Sirkali (M), Sabari Nagar Ward:21, 7. Sirkali (M), Kamaraj Nagar Ward:21, 8. Sirkali (M), Maruthi Nagar Ward:21, 9. Sirkali (M), Pappaiyah Nagar Ward:21, 999. OVERSEAS ELECTORS",All Voters,Dravida Munnetra Kazhagam,274,217,57,All India Anna Dravida Munnetra Kazhagam,5,2,4,1,3,7,7,5,7,7,7.776261937244201,0,0.1364256480218281,29.6043656207367,4.365620736698499,37.3806275579809,28.37653478854025,0.0,0.0,0.1364256480218281,0.0,0.0,3
191,2,219,18,186,172,0,0,1,1,2,601,0,5,606,0,"Sirkali Panchayat Union Elementary School, South facing building Eastern portion, Semmangudi","1. Semmangudi (R.V) And (P), Main Road, Chidamparanallur,Chinnavakuppukattalai ward:1,
2. Semmangudi (R.V) And (P), West Street, East Street, Manmadhankoil Street ward:1, 3. Semmangudi (R.V) And (P), Mettu Street ward:2, 999. OVERSEAS ELECTORS",All Voters,All India Anna Dravida Munnetra Kazhagam,219,186,33,Dravida Munnetra Kazhagam,5,1,4,2,3,9,9,7,7,5,5.490848585690515,2,0.3327787021630615,36.43926788685524,2.995008319467554,30.94841930116473,28.6189683860233,0.0,0.0,0.1663893510815308,0.1663893510815308,0.3327787021630615,3
192,2,105,9,342,156,0,0,1,0,1,616,0,1,617,0,"Sirkali Panchayat Union Elementary School, South facing building Western portion, Semmangudi","1. Semmangudi (R.V) And (P), South Street, Colony Street, New Street ward:1, 2. Semmangudi (R.V) And (P), North Street, Valluvar Street, Vilwarayanatham, Dalithi ward:2, 3. Semmangudi (R.V) And (P), Kallar Street, Amberdkar Colony, Vandiyankalam ward:2, 4. Semmangudi (R.V) And (P), Kulathur Elupidari ward:2, 999. OVERSEAS ELECTORS",All Voters,Dravida Munnetra Kazhagam,342,156,186,Tamilaga Vettri Kazhagam,5,3,4,1,2,8,8,6,8,6,30.1948051948052,1,0.3246753246753247,17.04545454545454,1.461038961038961,55.51948051948052,25.32467532467532,0.0,0.0,0.1623376623376623,0.0,0.1623376623376623,1
193,2,267,24,277,264,2,1,1,0,0,838,0,3,841,0,"Sirkali Panchayat Union Elementary School, West facing east Building, Thillaividangan","1. Thillaividangan (R.V) And (P), North Main Road Ward:1, 2. Thillaividangan (R.V) And (P), Irattaikulam Street Ward:1, 3. Thillaividangan (R.V) And (P), Sivan Kovil Street Ward:1, 4. Thillaividangan (R.V) And (P), Manmadhan Kovil Street Ward:1, 5. Thillaividangan (R.V) And (P), Ayyanar Kovil Street Ward:1, 6. Thillaividangan (R.V) And (P), Palgoas Street Ward:1, 7. Thillaividangan (R.V) And (P), South Main Road Ward:1, 8. Thillaividangan (R.V) And (P), Pallivasal Street Ward:1, 9. Thillaividangan (R.V) And (P), Kannikovil Street Ward:1, 10. Thillaividangan (R.V) and (P), Murugan Kovil Street Ward:1, 11. Thillaividangan (R.V) and (P), Indra Colony Ward:1, 12. Thillaividangan (R.V) And (P), Therasa Street Ward:1, 13. Thillaividangan (R.V) And (P), M.G.R.Nagar ward:1, 14. Thillaividangan (R.V) And (P), Thiruthonipuram East Street Ward:2, 15. Thillaividangan (R.V) And (P), Thiruthonipuram West Street Ward:2, 999. OVERSEAS ELECTORS",All Voters,Dravida Munnetra Kazhagam,277,267,10,All India Anna Dravida Munnetra Kazhagam,5,2,4,1,3,5,7,7,9,9,1.193317422434367,0,0.2386634844868735,31.86157517899762,2.863961813842482,33.05489260143198,31.5035799522673,0.2386634844868735,0.1193317422434368,0.1193317422434368,0.0,0.0,2
194,2,177,20,205,149,0,1,1,0,0,555,0,0,555,0,"Sirkali Panchayat Union Elementary School, Eastern Building South Portion, Puthuthurai","1. Puthuthurai (R.V) And (P), Vellapallam ward:1, 2. Puthuthurai (R.V) And (P), Poosakulam Street ward:1, 3. Puthuthurai (R.V) And (P), Puthuthurai Main Road ward:1, 4. Puthuthurai (R.V) And (P), Manmathan Kovil Street ward:1, 5. Puthuthurai (R.V) And (P), North Street ward:1, 6. Puthuthurai (R.V) And (P), Sivan Kovil ward:1, 7. Puthuthurai (R.V) And (P), West Street ward:1, 8. Puthuthurai (R.V) And (P), Mariymmankovil Main Road ward:1, 999. OVERSEAS ELECTORS",All Voters,Dravida Munnetra Kazhagam,205,177,28,All India Anna Dravida Munnetra Kazhagam,5,2,4,1,3,8,6,6,8,8,5.045045045045045,0,0.3603603603603603,31.89189189189189,3.603603603603604,36.93693693693694,26.84684684684684,0.0,0.1801801801801802,0.1801801801801802,0.0,0.0,3
195,3,92,6,434,130,0,1,0,0,0,666,0,4,670,0,"Sirkali Panchayat Union Elementary School, Eastern Side North Portion, Puthuthurai","1. Puthuthurai (R.V) And (P), Thenpathi Street ward:2, 2. Puthuthurai (R.V) And (P), Vadapathi Street ward:2, 3. Puthuthurai (R.V) And (P), Thoppu Street ward:2, 4. Puthuthurai (R.V) And (P), Manthoppu Street ward:2, 5. Puthuthurai (R.V) And (P), Mandapam East Street ward:2, 6. Puthuthurai (R.V) And (P), Mandapam West Street ward:2, 999. OVERSEAS
ELECTORS",All Voters,Dravida Munnetra Kazhagam,434,130,304,Tamilaga Vettri Kazhagam,5,3,4,1,2,7,6,7,7,7,45.64564564564564,0,0.4504504504504505,13.81381381381381,0.9009009009009009,65.16516516516516,19.51951951951952,0.0,0.1501501501501502,0.0,0.0,0.0,1
196,4,170,17,107,301,0,2,2,2,2,607,0,3,610,0,"Sirkazhi Panchayat Union Primary School, South facing Middle Building South Portion, Thirunagari","1. Thirunagari (R.V) And (P), Vedharajapuram ward:2, 2. Thirunagari (R.V) And (P), Vedharajapuram Sarvamanyam ward:2, 3. Thirunagari (R.V) And (P), Thundikaran Kovil Street ward:2, 4. Thirunagari (R.V) And (P), Vedharajapuram Melpathi ward:2, 999.
OVERSEAS ELECTORS",All Voters,Tamilaga Vettri Kazhagam,301,170,131,All India Anna Dravida Munnetra Kazhagam,5,2,4,3,1,10,6,6,6,6,21.58154859967051,2,0.6589785831960462,28.00658978583196,2.800658978583196,17.62767710049424,49.58813838550248,0.0,0.3294892915980231,0.3294892915980231,0.3294892915980231,0.3294892915980231,2
197,3,111,34,147,248,2,0,1,2,1,549,0,0,549,0,"Sirkazhi Panchayat Union Primary School, South facing Middle Building North Portion, Thirunagari","1. Thirunagari (R.V) And (P), Koonankarumbu ward:3, 2. Thirunagari (R.V) And (P), Panjan Street ward:3, 3. Thirunagari (R.V) And (P), Soorapanaiyadi Street ward:3, 4. Thirunagari (R.V) And (P), Kovil Pillai Street ward:3, 5. Thirunagari (R.V) And (P), Ponnan Street ward:3, 6. Thirunagari (R.V) And (P), Vaikkangarai Street ward:2, 999. OVERSEAS ELECTORS",All Voters,Tamilaga Vettri Kazhagam,248,147,101,Dravida Munnetra Kazhagam,5,3,4,2,1,6,10,8,6,8,18.39708561020036,1,0.546448087431694,20.21857923497268,6.193078324225866,26.77595628415301,45.17304189435337,0.3642987249544626,0.0,0.1821493624772313,0.3642987249544626,0.1821493624772313,2
198,3,245,25,207,269,1,1,0,4,1,756,0,6,762,0,"Government High School, West facing east building North Portion, Thirunagari","1. Thirunagari (R.V) And (P), Vaikkangarai Street ward:3,2, 2. Thirunagari (R.V) And (P), Kaval Sethi ward:1, 3. Thirunagari (R.V) And (P), Sarvamania Street ward:1, 4. Thirunagari (R.V) And (P), Vaniangula Street ward:2, 5. Thirunagari (R.V) And (P), Vaikkangarai Street ward:2, 6. Thirunagari (R.V) And (P), Mariyamman Kovil Street ward:2, 7. Thirunagari (R.V) And (P), Parivettai Street ward:1,2, 8. Thirunagari (R.V) And (P), Thalaiyari Street ward:2, 9. Thirunagari (R.V) And (P), Panduvan Sethi ward:2, 999. OVERSEAS ELECTORS",All Voters,Tamilaga Vettri Kazhagam,269,245,24,All India Anna Dravida Munnetra Kazhagam,6,2,4,3,1,7,7,10,5,7,3.174603174603174,1,0.3968253968253968,32.4074074074074,3.306878306878307,27.38095238095238,35.58201058201058,0.1322751322751323,0.1322751322751323,0.0,0.5291005291005291,0.1322751322751323,2
199,2,236,37,295,244,0,0,0,2,0,816,0,2,818,0,"Sirkazhi Panchayat Union Primary School, South facing north building west portion, Thirunagari","1. Thirunagari (R.V) And (P), Atrangarai Street ward:3, 2. Thirunagari (R.V) And (P), Kamban Thaladi Street ward:3, 3. Thirunagari (R.V) And (P), Mettu Street ward:3, 4. Thirunagari (R.V) And (P), East Madavilagam ward:3, 5. Thirunagari (R.V) And (P), South Street ward:4, 6. Thirunagari (R.V) And (P), East Street ward:4, 7. Thirunagari (R.V) And (P), Poiyyakula Street ward:4, 8. Thirunagari (R.V) And (P), North Street ward:4, 9. Thirunagari (R.V) And (P), West Street ward:4, 10. Thirunagari (R.V) And (P), North Madavilagam ward:4, 11. Thirunagari (R.V) And (P), Sannathi Street ward:4, 12. Thirunagari (R.V) And (P), South Madavilagam ward:4, 13. Thirunagari (R.V) And (P), South Street ward:4, 14. Thirunagari (R.V) And (P), Parivettai Street ward:4, 15. Thirunagari (R.V) And (P), Chinna Street ward:4, 999. OVERSEAS ELECTORS",All Voters,Dravida Munnetra Kazhagam,295,244,51,Tamilaga Vettri Kazhagam,5,3,4,1,2,7,7,7,5,7,6.25,0,0.2450980392156863,28.92156862745098,4.534313725490196,36.15196078431372,29.90196078431373,0.0,0.0,0.0,0.2450980392156863,0.0,3
200,4,204,21,275,193,0,0,1,0,4,702,0,3,705,0,"Sirkali Panchayat Union Middle School, East Side, Thittai","1. Thittai (R.V) And (P), East Street ward:1, 2. Thittai (R.V) And (P), Kannikovil Street ward:1,
3. Thittai (R.V) And (P), South Street(E) ward:1, 4. Thittai (R.V) And (P), Atrangarai Street(S) ward:1, 5. Thittai (R.V) And (P), East Sivanaar Vilagam ward:1, 6. Thittai (R.V) And (P), South Street (West ) ward:1, 7. Thittai (R.V) And (P), West Sivanaar Vilagam ward:1, 8. Thittai (R.V) And (P), West Street ward:1, 9. Thittai (R.V) And (P), Atrangarai Street(N) ward:1, 999. OVERSEAS ELECTORS",All Voters,Dravida Munnetra Kazhagam,275,204,71,All India Anna Dravida Munnetra Kazhagam,5,2,4,1,3,8,8,7,8,5,10.11396011396011,4,0.5698005698005698,29.05982905982906,2.991452991452991,39.17378917378917,27.49287749287749,0.0,0.0,0.1424501424501425,0.0,0.5698005698005698,3
201,2,173,33,282,344,1,1,1,1,0,838,0,9,847,0,"Sirkali Panchayat Union Middle School, West Side, Thittai","1. Thittai (R.V) And (P), A.N.S.Nagar ward:2, 2. Thittai (R.V) And (P), Kulangarai Colony ward:2, 3. Thittai (R.V) And (P), Kulangarai ward:2, 4. Thittai (R.V) And (P), Karpagam Nagar ward:2, 5. Thittai (R.V) And (P), Arumuga Veli ward:2, 6. Thittai (R.V) And (P), Kulangarai
(West) ward:2, 999. OVERSEAS ELECTORS",All Voters,Tamilaga Vettri Kazhagam,344,282,62,Dravida Munnetra Kazhagam,5,3,4,2,1,6,6,6,6,10,7.398568019093078,0,0.2386634844868735,20.64439140811456,3.937947494033413,33.65155131264916,41.05011933174224,0.1193317422434368,0.1193317422434368,0.1193317422434368,0.1193317422434368,0.0,2
202,1,123,12,157,162,0,2,1,0,0,458,0,0,458,0,"Sirkali Panchayat Union Middle School,East building west facing south portion,Thittai","1. Thittai (R.V) And (P), Pillaiyarkovil Street ward:1, 2. Thittai (R.V) And (P), Pidari Kovil Street ward:1, 3. Thittai (R.V) And (P), Mariyamman Kovil Street ward:1, 4. Thittai (R.V) And (P), Kamatchi Nagar ward:1, 5. Thittai (R.V) And (P), School Street ward:1, 6. Thittai (R.V) and (P), Middle Street ward:1, 7. Thittai (R.V) And (P), Kaliammankovil Street ward:1,   999.
OVERSEAS ELECTORS",All Voters,Tamilaga Vettri Kazhagam,162,157,5,Dravida Munnetra Kazhagam,6,3,4,2,1,8,5,6,8,8,1.091703056768559,0,0.2183406113537118,26.85589519650655,2.620087336244541,34.27947598253275,35.37117903930131,0.0,0.4366812227074235,0.2183406113537118,0.0,0.0,2
203,1,137,26,229,240,0,0,1,1,2,637,0,4,641,0,"Sirkali Panchayat Union Middle School,East facing west building Kamarajar Room North
portion,Sattanathapuram","1. Sattanathapuram (R.V) And (P), Kattunayakkan Street ward:2, 2. Sattanathapuram (R.V) And (P), Mettu Street ward:2, 3. Sattanathapuram (R.V) And (P), Atrangarai Street ward:2, 999. OVERSEAS ELECTORS",All Voters,Tamilaga Vettri Kazhagam,240,229,11,Dravida Munnetra Kazhagam,6,3,4,2,1,9,9,6,6,5,1.726844583987441,2,0.1569858712715856,21.50706436420722,4.081632653061225,35.9497645211931,37.67660910518054,0.0,0.0,0.1569858712715856,0.1569858712715856,0.3139717425431711,2
204,2,221,17,258,286,0,1,1,8,0,794,0,3,797,0,"Sirkali Panchayat Union Middle School,East facing West building MGR Room South portion,Sattanathapuram","1. Sattanathapuram (R.V) And (P), V.O.C.Nagar ward:3, 2. Sattanathapuram (R.V) And (P), Utchi Medu ward:3, 3. Sattanathapuram (R.V) And (P), Sengamedu keezh ward:3, 4. Sattanathapuram (R.V) And (P), Sengamedu keezh ward:3, 5. Sattanathapuram (R.V) And (P), Vizhakkadu ward:3, 6. Sattanathapuram (R.V) And (P), Mooveli ward:3, 999. OVERSEAS
ELECTORS",All Voters,Tamilaga Vettri Kazhagam,286,258,28,Dravida Munnetra Kazhagam,6,3,4,2,1,9,7,7,5,9,3.526448362720403,0,0.2518891687657431,27.83375314861461,2.141057934508816,32.49370277078086,36.02015113350126,0.0,0.1259445843828715,0.1259445843828715,1.007556675062972,0.0,2
205,2,94,21,230,182,0,0,0,0,1,530,0,2,532,0,"Sirkali Panchayat Union Elementay School ,North facing South building East Portion,Surakkadu
Sattanathapuram","1. Sattanathapuram (R.V) And (P), Natham Sitheri ward:2, 2. Sattanathapuram (R.V) And (P), Surakkadu West Street ward:2, 3. Sattanathapuram (R.V) And (P), Surakkadu East Street ward:2,   999. OVERSEAS ELECTORS",All Voters,Dravida Munnetra Kazhagam,230,182,48,Tamilaga Vettri Kazhagam,5,3,4,1,2,7,7,7,7,6,9.056603773584905,1,0.3773584905660378,17.73584905660377,3.962264150943396,43.39622641509434,34.33962264150943,0.0,0.0,0.0,0.0,0.1886792452830189,2
206,0,176,13,167,214,0,0,0,3,2,575,0,1,576,0,"Sirkali Panchayat Union Middle School, Western Building Northern Side, Sattanathapuram","1. Sattanathapuram (R.V) And (P), Ganapathi Nagar ward:1, 2. Sattanathapuram (R.V) And (P), Agraharam ward:1, 3. Sattanathapuram (R.V) And (P), Main Road ward:1, 4. Sattanathapuram (R.V) And (P), North Street ward:1, 5. Sattanathapuram (R.V) And (P), Sattaiyappan Nagar ward:1, 6. Sattanathapuram (R.V) And (P), Sambasiva Nagar, Balaji Nagar ward:1, 7. Sattanathapuram (R.V) And (P), Silambu Nagar ward:3, 999. OVERSEAS
ELECTORS",All Voters,Tamilaga Vettri Kazhagam,214,176,38,All India Anna Dravida Munnetra Kazhagam,7,2,4,3,1,7,7,7,5,6,6.608695652173912,2,0.0,30.60869565217391,2.260869565217392,29.04347826086957,37.21739130434783,0.0,0.0,0.0,0.5217391304347827,0.3478260869565217,3
207,0,208,27,240,246,0,1,0,4,1,727,0,2,729,0,"Sirkali Panchayat Union Middle School, Eastern Side Building South Portion, Sattanathapuram","1. Sattanathapuram (R.V) And (P), South Street ward:1, 2. Sattanathapuram (R.V) And (P), Mainroad ward:1, 3. Sattanathapuram (R.V) And (P), Kamban Nagar ward:3, 4. Sattanathapuram (R.V) and (P), K.V.S.Nagar ward:2, 5. Sattanathapuram (R.V) and (P), Anna Nagar ward:3, 6. Sattanathapuram (R.V) And (P), A.Perumal Nagar ward:3, 999. OVERSEAS
ELECTORS",All Voters,Tamilaga Vettri Kazhagam,246,240,6,Dravida Munnetra Kazhagam,8,3,4,2,1,8,6,8,5,6,0.8253094910591471,1,0.0,28.61072902338377,3.713892709766162,33.01237964236589,33.83768913342504,0.0,0.1375515818431912,0.0,0.5502063273727648,0.1375515818431912,3
208,8,260,38,255,187,0,2,2,1,2,755,0,1,756,0,"Sirkali Panchayat Office,East facing West Building, North portion,Nemmeli","1. Nemmeli (R.V) And (P), Nemmeli Main Road ward:1, 2. Nemmeli (R.V) and (P), Agraharam ward:1, 3. Nemmeli (R.V) And (P), Periyar Street ward:1, 4. Nemmeli (R.V) And (P), Middle Street ward:1, 5. Nemmeli (R.V) And (P), East Street ward:1, 6. Nemmeli (R.V) And (P), Kodangudi West Street ward:2, 999. OVERSEAS ELECTORS",All Voters,All India Anna Dravida Munnetra Kazhagam,260,255,5,Dravida Munnetra Kazhagam,5,1,4,2,3,10,6,6,9,6,0.6622516556291391,2,1.059602649006623,34.43708609271523,5.033112582781457,33.77483443708609,24.7682119205298,0.0,0.2649006622516556,0.2649006622516556,0.1324503311258278,0.2649006622516556,2
209,3,139,53,268,191,0,1,1,0,3,659,0,0,659,0,"Panchayat Union Elementary School
,South facing North Building Northern Portion,Arur,Nimeli","1. Nemmeli (R.V) And (P), Kodangudi East Street ward:2, 2. Nemmeli (R.V) And (P), Puthupettai ward:2, 3. Nemmeli (R.V) And (P), Thathangudi East Street ward:2, 4. Nemmeli (R.V) And (P), Thathangudi West Street ward:2, 5. Nemmeli (R.V) And (P), Arur East Street ward:2, 6. Nemmeli (R.V) And (P), Arur West Street ward:2, 999. OVERSEAS ELECTORS",All Voters,Dravida Munnetra Kazhagam,268,191,77,Tamilaga Vettri Kazhagam,5,3,4,1,2,9,7,7,9,5,11.68437025796662,3,0.4552352048558422,21.09256449165402,8.042488619119878,40.66767830045524,28.98330804248862,0.0,0.1517450682852807,0.1517450682852807,0.0,0.4552352048558422,2
210,4,142,37,281,173,1,1,0,0,1,640,0,2,642,0,"Government Adi Dravidar Welfare Elementary School, West Facing New
Building, Varavukudi","1. Maruthangudi (R.V) And (P), Maruthangudi ward:1, 2. Maruthangudi (R.V) And (P), Keelavarasukudi ward:2, 3. Maruthangudi (R.V) And (P), Kumaranatham ward:2, 999.
OVERSEAS ELECTORS",All Voters,Dravida Munnetra Kazhagam,281,173,108,Tamilaga Vettri Kazhagam,5,3,4,1,2,6,6,9,9,6,16.875,1,0.625,22.1875,5.78125,43.90625,27.03125,0.15625,0.15625,0.0,0.0,0.15625,2
211,3,192,10,188,143,1,0,0,0,0,537,0,0,537,0,"Sirkali Panchayat Union Elementary School, South Building North Facing,
Alanchery","1. Maruthangudi (R.V) And (P), Alancheri South Street Iveli ward:1, 2. Maruthangudi (R.V) And (P), Alancheri North Street ward:3, 999. OVERSEAS ELECTORS",All Voters,All India Anna Dravida Munnetra Kazhagam,192,188,4,Dravida Munnetra Kazhagam,5,1,4,2,3,6,7,7,7,7,0.74487895716946,0,0.5586592178770949,35.75418994413408,1.86219739292365,35.00931098696462,26.62942271880819,0.186219739292365,0.0,0.0,0.0,0.0,3
212,1,126,20,110,59,0,0,0,0,0,316,0,0,316,0,"Kalaimagal Aided Elementary School, Eastern Side, Perumangalam","1. Perumangalam (R.V) And (P), Perumangalam Sriveeramundeswarar Kovil Street ward:1, 2. Perumangalam (R.V) And (P), Mettu Street ward:1, 3. Perumangalam(R.V) and (P), Mandhakkarai Street, Mariyamman Kovil Street ward:2, 999. OVERSEAS ELECTORS",All Voters,All India Anna Dravida Munnetra Kazhagam,126,110,16,Dravida Munnetra Kazhagam,5,1,4,2,3,6,6,6,6,6,5.063291139240507,0,0.3164556962025317,39.87341772151899,6.329113924050633,34.81012658227849,18.67088607594937,0.0,0.0,0.0,0.0,0.0,3
213,0,169,19,196,152,0,0,0,17,0,553,0,1,554,0,"Sirkali Panchayat Union Elementary School, East Facing West Side Building,
Athamangalam","1. Perumangalam (R.V), Athamangalam (P), Athamangalam ward:1, 999. OVERSEAS ELECTORS",All Voters,Dravida Munnetra Kazhagam,196,169,27,All India Anna Dravida Munnetra Kazhagam,6,2,4,1,3,6,6,6,5,6,4.882459312839059,0,0.0,30.56057866184448,3.435804701627486,35.44303797468354,27.48643761301989,0.0,0.0,0.0,3.074141048824593,0.0,3
214,4,255,36,332,199,1,1,0,3,0,831,0,1,832,0,"Kalaimagal Aided Elementary School, Western Side Facing East, Perumangalam","1. Perumangalam (R.V) And (P), Mainroad ward:1, 2. Perumangalam (R.V) And (P), North Street ward:1, 3. Perumangalam (R.V) And (P), West Street ward:1, 4. Perumangalam (R.V) And (P), East Street ward:2, 5. Perumangalam (R.V) And (P), Kannikovil Street ward:2, 6. Perumangalam (R.V) And (P), North Veli ward:2, 999. OVERSEAS ELECTORS",All Voters,Dravida Munnetra Kazhagam,332,255,77,All India Anna Dravida Munnetra Kazhagam,5,2,4,1,3,7,7,9,6,9,9.265944645006016,0,0.4813477737665464,30.68592057761733,4.332129963898916,39.95186522262335,23.94705174488568,0.1203369434416366,0.1203369434416366,0.0,0.3610108303249098,0.0,3
215,2,79,22,368,230,1,1,3,0,0,706,0,0,706,0,"Sirkali Panchayat Union Middle School, Eastern Building Facing North, Punganur","1. Punganur (R.V) And (P), Punganur West Street ward:4, 2. Punganur (R.V) And (P), Mallukkudi East Street, West Street ward:4, 3. Punganur (R.V) And (P), East Street Adidravidar ward:3, 4. Punganur (R.V) And (P), West Street Adidravidar Colony ward:3, 5. Punganur (R.V) And (P), Pallivasal Street ward:3, 6. Punganur (R.V) And (P), Middle Street ward:3, 7. Punganur (R.V) And (P), North Street ward:3, 999. OVERSEAS ELECTORS",All Voters,Dravida Munnetra Kazhagam,368,230,138,Tamilaga Vettri Kazhagam,6,3,4,1,2,7,7,5,9,9,19.54674220963173,0,0.28328611898017,11.18980169971671,3.11614730878187,52.12464589235127,32.57790368271954,0.141643059490085,0.141643059490085,0.424929178470255,0.0,0.0,1
216,0,20,6,303,101,1,0,1,0,1,433,0,0,433,0,"Sirkali Panchayat Union Middle School North Building East Side South Facing , Punganoor","1. Punganur (R.V) And (P), Mallukudi Muslim Street, Makkathamma Street ward:4, 2. Punganur (R.V) And (P), Absar Street ward:4, 3. Punganur (R.V) And (P), New Street, Jinna Street ward:4, 4. Punganur (R.V) And (P), Pattakal Street ward:4, 999. OVERSEAS
ELECTORS",All Voters,Dravida Munnetra Kazhagam,303,101,202,Tamilaga Vettri Kazhagam,8,3,4,1,2,5,8,5,8,5,46.65127020785219,1,0.0,4.618937644341801,1.38568129330254,69.9769053117783,23.3256351039261,0.2309468822170901,0.0,0.2309468822170901,0.0,0.2309468822170901,1
217,2,168,39,453,207,2,4,3,1,1,880,0,1,881,0,"Sirkali Panchayat Union Middle School, south facing west Portion, North building , Punganoor","1. Punganur (R.V) And (P), Kodangudi ward:1, 2. Punganur (R.V) And (P), Mela Varavukudi ward:1, 3. Punganur (R.V) And (P), Kadakudi West Street ward:2, 4. Punganur (R.V) And (P), Kadakudi East Street ward:2, 5. Punganur (R.V) And (P), Punganur East Street ward:3, 6. Punganur (R.V) and (P), Punganur Middle Street ward:3, 7. Punganur (R.V) And (P), Punganur Pallivasal West Street ward:3, 999. OVERSEAS ELECTORS",All Voters,Dravida Munnetra Kazhagam,453,207,246,Tamilaga Vettri Kazhagam,7,3,4,1,2,7,5,6,9,9,27.95454545454545,1,0.2272727272727273,19.09090909090909,4.431818181818182,51.47727272727273,23.52272727272727,0.2272727272727273,0.4545454545454545,0.3409090909090909,0.1136363636363636,0.1136363636363636,1
218,2,175,28,192,162,0,0,0,2,0,561,0,3,564,0,"E-Sevai Centre, Karkoil","1. Karkoil (R.V) And (P), Thozhuthur Big Street ward:1, 2. Karkoil (R.V) And (P), Thozhuthur Thoppu Street ward:1, 3. Karkoil (R.V) And (P), Thozhuthur Jeeva Nagar ward:1, 4. Karkoil (R.V) And (P), Thozhuthur Rettiyar Street Ward:1, 999. OVERSEAS ELECTORS",All Voters,Dravida Munnetra Kazhagam,192,175,17,All India Anna Dravida Munnetra Kazhagam,5,2,4,1,3,7,7,7,5,7,3.03030303030303,0,0.35650623885918,31.19429590017825,4.991087344028521,34.22459893048128,28.87700534759358,0.0,0.0,0.0,0.35650623885918,0.0,3
219,0,173,30,171,171,0,0,0,1,0,546,0,0,546,0,"Women Self Help Group Building, North facing, Karkoil","1. Karkoil (R.V) And (P), Thailamaipuram ward:2, 2. Karkoil (R.V) And (P), Karkoil Sathiram Ward:2, 3. Karkoil (R.V) And (P), Mathakoil Street ward:2, 4. Karkoil (R.V) And (P), Karkoil Rettiyar Street Ward:2, 5. Karkoil (R.V) And (P), Udaiyanpallam ward:2, 999. OVERSEAS
ELECTORS",All Voters,All India Anna Dravida Munnetra Kazhagam,173,171,2,Tamilaga Vettri Kazhagam,6,1,4,2,2,6,6,6,5,6,0.3663003663003663,0,0.0,31.68498168498168,5.494505494505495,31.31868131868132,31.31868131868132,0.0,0.0,0.0,0.1831501831501831,0.0,3
220,1,195,20,157,218,0,1,0,2,0,594,0,0,594,0,"Anganwadi Centre, Thirupungur","1. Thirupungur (R.V) And (P), North Street ward:1, 2. Thirupungur (R.V) And (P), Kanniyakkudi Road ward:2, 3. Thirupungur (R.V) And (P), Mananthiruvasal ward:3, 4. Thirupungur (R.V) And (P), Narimudukku Udaiyampallam ward:3, 999. OVERSEAS
ELECTORS",All Voters,Tamilaga Vettri Kazhagam,218,195,23,All India Anna Dravida Munnetra Kazhagam,6,2,4,3,1,8,6,8,5,8,3.872053872053872,0,0.1683501683501683,32.82828282828283,3.367003367003367,26.43097643097643,36.7003367003367,0.0,0.1683501683501683,0.0,0.3367003367003367,0.0,2
221,4,204,32,283,142,4,1,1,2,1,674,0,3,677,0,"ONGC Community Centre, Thirupungur","1. Thirupungur (R.V) And (P), South Street ward:1, 2. Thirupungur (R.V) And (P), Mathakoil Street ward:2, 3. Thirupungur (R.V) And (P), Big Street ward:3, 4. Thirupungur (R.V) And (P),
Kovilan Street ward:3, 999. OVERSEAS ELECTORS",All Voters,Dravida Munnetra Kazhagam,283,204,79,All India Anna Dravida Munnetra Kazhagam,5,2,4,1,3,5,8,8,7,8,11.72106824925816,1,0.5934718100890208,30.26706231454006,4.747774480712167,41.98813056379822,21.06824925816024,0.5934718100890208,0.1483679525222552,0.1483679525222552,0.2967359050445104,0.1483679525222552,2
222,0,278,29,358,264,0,0,1,1,2,933,0,0,933,0,"T R C Aided Middle School, South facing East building, Kanniyakudi","1. Kanniyakudi (R.V) And (P), Mettu Street ward:1, 2. Kanniyakudi (R.V) And (P), Vellalar Street ward:1, 3. Kanniyakudi (R.V) And (P), Gandhi Street ward:1, 4. Kanniyakudi (R.V) And (P), Bazaar Street ward:1, 5. Kanniyakudi (R.V) And (P), South Street ward:2, 6. Kanniyakudi (R.V) And (P), North Street ward:2, 999. OVERSEAS ELECTORS",All Voters,Dravida Munnetra Kazhagam,358,278,80,All India Anna Dravida Munnetra Kazhagam,8,2,4,1,3,8,8,6,6,5,8.57449088960343,2,0.0,29.79635584137192,3.108252947481243,38.37084673097535,28.29581993569132,0.0,0.0,0.1071811361200429,0.1071811361200429,0.2143622722400857,3
223,1,181,8,292,244,0,0,0,0,1,727,0,0,727,0,"Kannan Aided Elementary School, South side New Building South Portion, Kathiramangalam","1. Kathiramangalam (R.V) And (P), Mayiladuthurai Main Road, Milladi Street ward:1, 2. Kathiramangalam (R.V) And (P), Mandhaiveli Street ward:1, 3. Kathiramangalam (R.V) And (P), Kannan Koil Street ward:1, 999. OVERSEAS ELECTORS",All Voters,Dravida Munnetra Kazhagam,292,244,48,Tamilaga Vettri Kazhagam,5,3,4,1,2,7,7,7,7,5,6.602475928473177,1,0.1375515818431912,24.89683631361761,1.10041265474553,40.16506189821183,33.56258596973865,0.0,0.0,0.0,0.0,0.1375515818431912,3
224,3,276,21,291,299,1,0,2,1,1,895,0,3,898,0,"Kannan Aided Elementary School, South Side New Building North Portion,
Kathiramangalam","1. Kathiramangalam (R.V) And (P), Ammaiyappan ward:2, 2. Kondathur (R.V), Kathiramangalam (P), Kondathur ward:3, 3. Kondathur (R.V), Kathiramangalam (P),
Kalaignar Nagar, Sandhaiveli ward:3, 999. OVERSEAS ELECTORS",All Voters,Tamilaga Vettri Kazhagam,299,291,8,Dravida Munnetra Kazhagam,5,3,4,2,1,7,10,6,7,7,0.8938547486033519,1,0.335195530726257,30.83798882681564,2.346368715083799,32.51396648044692,33.40782122905028,0.111731843575419,0.0,0.223463687150838,0.111731843575419,0.111731843575419,2
225,2,199,19,262,178,0,3,0,0,1,664,0,0,664,0,"Government Higher Secondary School,
Nabard New Building Room No.2, Vaitheeswarankoil","1. Vaitheeswaran Koil (TP), Kaliyamman Kovil Street ward:15, 2. Vaitheeswaran Koil (TP),
Periya Street ward:1, 3. Vaitheeswaran Koil (TP), Melpathi ward:15, 999. OVERSEAS ELECTORS",All Voters,Dravida Munnetra Kazhagam,262,199,63,All India Anna Dravida Munnetra Kazhagam,6,2,4,1,3,8,5,8,8,7,9.487951807228916,1,0.3012048192771085,29.96987951807229,2.86144578313253,39.45783132530121,26.80722891566265,0.0,0.4518072289156626,0.0,0.0,0.1506024096385542,2
226,8,179,22,299,280,0,0,1,2,0,791,0,3,794,0,"Government Hr. Sec. School, Nabard New building,north middle Room No.4 , Vaitheeswaran koil","1. Vaitheeswaran Koil (TP), Gandhi Nagar ward:14, 2. Vaitheeswaran Koil (TP), Thottamaniyam ward:14, 3. Vaitheeswaran Koil (TP), Vedan Street ward:2, 4. Vaitheeswaran Koil (TP), Vilakkadu ward:1, 5. Vaitheeswaran Koil (TP), Savadi Street ward:2, 6. Vaitheeswaran Koil (TP), Nainar Thoppu ward:2, 7. Vaitheeswaran Koil (TP), Attakulam ward:2, 8. Vaitheeswaran Koil (TP), Nallansavadi ward:1, 999. OVERSEAS ELECTORS",All Voters,Dravida Munnetra Kazhagam,299,280,19,Tamilaga Vettri Kazhagam,5,3,4,1,2,8,8,7,6,8,2.402022756005057,0,1.011378002528445,22.62958280657396,2.781289506953224,37.80025284450063,35.39823008849557,0.0,0.0,0.1264222503160556,0.2528445006321113,0.0,2
227,2,181,10,181,139,0,0,0,0,1,514,0,2,516,0,"Government Higher Secondary School, Nabard New Building Room No.3,
Vaitheeswarankoil","1. Vaitheeswaran Koil (TP), North Car Street ward:12, 2. Vaitheeswaran Koil (TP), North Madavilagam ward:12, 3. Vaitheeswaran Koil (TP), South Madavilagam ward:9, 999.
OVERSEAS ELECTORS",All Voters,All India Anna Dravida Munnetra Kazhagam,181,181,0,All India Anna Dravida Munnetra Kazhagam,5,1,4,1,3,7,7,7,7,6,0.0,1,0.3891050583657588,35.21400778210117,1.945525291828794,35.21400778210117,27.04280155642023,0.0,0.0,0.0,0.0,0.1945525291828794,3
228,1,194,7,109,109,0,1,0,0,0,421,0,0,421,0,"Government Hr. Sec. School, Nabard New building,north portion Room No.5 , Vaitheeswaran koil","1. Vaitheeswaran Koil (TP), East Car Street ward:4, 2. Vaitheeswaran Koil (TP), Vetukula Agraharam ward:4, 3. Vaitheeswaran Koil (TP), East Street South Side ward:4, 4. Vaitheeswaran Koil (TP), Gangaikula Street ward:4, 999. OVERSEAS ELECTORS",All Voters,All India Anna Dravida Munnetra Kazhagam,194,109,85,Tamilaga Vettri Kazhagam,5,1,4,2,2,7,5,7,7,7,20.19002375296912,0,0.2375296912114014,46.08076009501188,1.66270783847981,25.89073634204275,25.89073634204275,0.0,0.2375296912114014,0.0,0.0,0.0,3
229,1,234,24,197,259,0,0,0,0,1,716,0,3,719,0,"Sirkali Panchayat Union Elementary School, North New Building west Portion Facing South,
Vaitheeswarankoil","1. Vaitheeswaran Koil (TP), Railadi Road Ward:7, 2. Vaitheeswaran Koil (TP), Kallar Street Ward:8, 3. Vaitheeswaran Koil (TP), Vilakku Mettu Colony Ward:6, 4. Vaitheeswaran Koil (TP), Valluvar Street Ward:6, 5. Vaitheeswaran Koil (TP), Kallukadai Thidal Ward:6, 999.
OVERSEAS ELECTORS",All Voters,Tamilaga Vettri Kazhagam,259,234,25,All India Anna Dravida Munnetra Kazhagam,5,2,4,3,1,7,7,7,7,5,3.491620111731844,1,0.1396648044692737,32.68156424581006,3.35195530726257,27.51396648044693,36.1731843575419,0.0,0.0,0.0,0.0,0.1396648044692737,3
230,2,164,17,136,218,0,0,1,0,0,538,0,1,539,0,"Sirkali Panchayat Union Elementary School, North Side New Building Eastern Portion, Vaitheeswarankoil","1. Vaitheeswaran Koil (TP), Thiyagi Kumaran Santhu Ward:10, 2. Vaitheeswaran Koil (TP), Andal Street Ward:10, 3. Vaitheeswaran Koil (TP), South Veli Ward:6, 4. Vaitheeswaran Koil (TP), Swami Sannathi Street Ward:11, 999. OVERSEAS ELECTORS",All Voters,Tamilaga Vettri Kazhagam,218,164,54,All India Anna Dravida Munnetra Kazhagam,5,2,4,3,1,7,7,6,7,7,10.03717472118959,0,0.3717472118959108,30.48327137546468,3.159851301115241,25.27881040892193,40.52044609665428,0.0,0.0,0.1858736059479554,0.0,0.0,2
231,3,218,30,212,240,0,1,0,2,1,707,0,3,710,0,"Sirkazhi Panchayat Union Elementary School, Western Building North Portion Facing East, Vaitheeswarankoil","1. Vaitheeswaran Koil (TP), Indira Nagar Ward:8, 2. Vaitheeswaran Koil (TP), Mayiladuthurai Road,Punganur Road Ward:5, 3. Vaitheeswaran Koil (TP), West Car Street Ward:13, 4. Vaitheeswaran Koil (TP), Vandikara Street Ward:8, 5. Vaitheeswaran Koil (TP), Thiruvavaduthurai Madathu Street Ward:13, 999. OVERSEAS ELECTORS",All Voters,Tamilaga Vettri Kazhagam,240,218,22,All India Anna Dravida Munnetra Kazhagam,5,2,4,3,1,9,7,9,6,7,3.111739745403112,1,0.4243281471004243,30.83451202263083,4.243281471004243,29.98585572842998,33.94625176803395,0.0,0.1414427157001414,0.0,0.2828854314002829,0.1414427157001414,2
232,3,282,18,165,139,1,0,1,0,1,610,0,3,613,0,"Sirkazhi Panchayat Union Elementary School, West building South Portion Facing East, Vaitheeswarankoil","1. Vaitheeswaran Koil (TP), Senbagavalli Agraharam Ward:9, 2. Vaitheeswaran Koil (TP), South Car Street Ward:5, 3. Vaitheeswaran Koil (TP), Amman Sannathi Ward:9, 4. Vaitheeswaran Koil (TP), East Street Ward:3, 5. Vaitheeswaran Koil (TP), Neikuppai Ward:3,
999. OVERSEAS ELECTORS",All Voters,All India Anna Dravida Munnetra Kazhagam,282,165,117,Dravida Munnetra Kazhagam,5,1,4,2,3,6,9,6,9,6,19.18032786885246,1,0.4918032786885246,46.22950819672131,2.950819672131148,27.04918032786885,22.78688524590164,0.1639344262295082,0.0,0.1639344262295082,0.0,0.1639344262295082,3
233,2,285,29,249,292,1,0,0,4,1,863,0,2,865,0,"Angawadi Centre, North facing, Edakudy Vadapathy","1. Edakudivadapathi-II (R.V) And (P), Karaimedu ward:4, 2. Edakudivadapathi-II (R.V) And (P), Thenpathi ward:4, 3. Edakudivadapathi-II (R.V) And (P), Vadapathi ward:4, 4. Edakudivadapathi-II (R.V) And (P), Jeeva Nagar ward:4, 5. Edakudivadapathi-II (R.V) And (P), Bahavathsingh Nagar ward:4, 999. OVERSEAS ELECTORS",All Voters,Tamilaga Vettri Kazhagam,292,285,7,All India Anna Dravida Munnetra Kazhagam,6,2,4,3,1,7,9,9,5,7,0.8111239860950173,1,0.2317497103128621,33.02433371958285,3.360370799536501,28.85283893395133,33.83545770567787,0.115874855156431,0.0,0.0,0.4634994206257242,0.115874855156431,3
234,5,200,28,122,142,1,1,0,0,1,500,0,0,500,0,"Sirkazhi Panchayat Union Elementary School, New Building West Portion, Therkirruppu Edakudi Vadapathi","1. Edakudivadapathi-II (R.V) And (P), Vadapathi Mainroad ward:2, 2. Edakudivadapathi-II (R.V) And (P), Kali Kavalpuram ward:3, 3. Edakudivadapathi-II (R.V) And (P), Therukiruppu ward:3, 999. OVERSEAS ELECTORS",All Voters,All India Anna Dravida Munnetra Kazhagam,200,142,58,Tamilaga Vettri Kazhagam,5,1,4,3,2,6,6,9,9,6,11.6,1,1.0,40.0,5.600000000000001,24.4,28.4,0.2,0.2,0.0,0.0,0.2,2
235,1,202,11,178,132,0,0,2,3,1,530,0,0,530,0,"Sirkazhi Panchayat Union Elementary School ,East facing west building South Portion,Vizhakkadu,Edakudi Vadapathi","1. Edakudivadapathi-II (R.V) And (P), Vadapathi Colony ward:1, 2. Edakudivadapathi-II (R.V) And (P), Sandhaputhur ward:1, 3. Edakudivadapathi-II (R.V) And (P), Keelaveli ward:1, 999. OVERSEAS ELECTORS",All Voters,All India Anna Dravida Munnetra Kazhagam,202,178,24,Dravida Munnetra Kazhagam,7,1,4,2,3,9,9,6,5,7,4.528301886792453,1,0.1886792452830189,38.11320754716981,2.075471698113208,33.58490566037736,24.90566037735849,0.0,0.0,0.3773584905660378,0.5660377358490566,0.1886792452830189,3
236,1,229,37,334,180,2,0,1,1,0,785,0,2,787,0,"Government Adi Dravidar Welfare High School, Eastern Side building North Side Room, Thennalakudi","1. Karaimedu (R.V) And (P), Karaimedu Vellalar Street ward:1, 2. Karaimedu (R.V) And (P), Karaimedu Pillaiyarkoil Street ward:1, 3. Karaimedu (R.V) And (P), Karaimedu Mainroad ward:1, 4. Karaimedu (R.V) And (P), Karaimedu Kannikoil Street ward:1, 5. Karaimedu (R.V) And (P), School Street ward:1, 6. Karaimedu (R.V) And (P), Thoppu Street ward:2, 7. Karaimedu (R.V) And (P), Manalmedu Mainroad ward:2, 999. OVERSEAS ELECTORS",All Voters,Dravida Munnetra Kazhagam,334,229,105,All India Anna Dravida Munnetra Kazhagam,6,2,4,1,3,5,9,6,6,9,13.37579617834395,0,0.1273885350318471,29.17197452229299,4.713375796178345,42.54777070063695,22.92993630573249,0.2547770700636943,0.0,0.1273885350318471,0.1273885350318471,0.0,3
237,1,127,17,272,201,1,0,1,2,0,622,0,2,624,0,"Sirkazhi Panchayat Union Elementary School, Southern Building, Melasalai Karaimedu","1. Karaimedu (R.V) And (P), West Road Big Street ward:4, 2. Karaimedu (R.V) And (P),  Ricemill Street ward:4, 3. Karaimedu (R.V) And (P), Thiruvali Road ward:4, 4. Karaimedu (R.V) And (P), Aachari Street ward:4, 5. Karaimedu (R.V) And (P), Nagai Main Road North ward:4,
999. OVERSEAS ELECTORS",All Voters,Dravida Munnetra Kazhagam,272,201,71,Tamilaga Vettri Kazhagam,6,3,4,1,2,6,9,6,5,9,11.41479099678457,0,0.1607717041800643,20.41800643086817,2.733118971061093,43.7299035369775,32.31511254019293,0.1607717041800643,0.0,0.1607717041800643,0.3215434083601286,0.0,2
238,0,17,4,252,38,1,0,0,0,0,312,0,0,312,0,"Government High School,North facing South building West portion,Melasalai Karaimedu","1. Karaimedu (R.V) And (P), Pallivasal Street ward:5, 2. Karaimedu (R.V) And (P), Jinna Street ward:5, 3. Karaimedu (R.V) And (P), N.P.K. Street ward:5, 4. Karaimedu (R.V) And (P), Nagai Main Road South ward:5, 999. OVERSEAS ELECTORS",All Voters,Dravida Munnetra Kazhagam,252,38,214,Tamilaga Vettri Kazhagam,6,3,4,1,2,5,6,6,6,6,68.58974358974359,0,0.0,5.448717948717949,1.282051282051282,80.76923076923077,12.17948717948718,0.3205128205128205,0.0,0.0,0.0,0.0,1
239,1,188,14,104,149,0,0,0,0,0,456,0,2,458,0,"Sirkazhi Panchayat Union Elementary School, New Building Western Portion South Facing, Thennalankudi","1. Karaimedu (R.V) And (P), Kannikoil Street ward:3, 2. Karaimedu (R.V) And (P), Thennalakkudi Valluva Street ward:3, 3. Karaimedu (R.V) And (P), Thennalakkudi East Street ward:3, 4. Karaimedu (R.V) And (P), Sirkali-Nagai Mainroad North ward:3, 999. OVERSEAS
ELECTORS",All Voters,All India Anna Dravida Munnetra Kazhagam,188,149,39,Tamilaga Vettri Kazhagam,5,1,4,3,2,6,6,6,6,6,8.552631578947368,0,0.2192982456140351,41.2280701754386,3.070175438596491,22.80701754385965,32.67543859649123,0.0,0.0,0.0,0.0,0.0,3
240,2,251,17,160,121,1,1,0,2,2,557,0,0,557,0,"Sirkazhi Panchayat Union Elementary School, New Building Eastern Side South Facing, Thennalankudi","1. Karaimedu (R.V) And (P), Vaitheeswaran Koil Road ward:3, 2. Karaimedu (R.V) And (P), Kargudi Street ward:6, 3. Karaimedu (R.V) And (P), Annankoil Therkiruppu ward:7, 4. Karaimedu (R.V) And (P), Kilavaar Thidal ward:7, 5. Karaimedu (R.V) and (P), Sirkali-Nagai
Main Road South ward:7, 999. OVERSEAS ELECTORS",All Voters,All India Anna Dravida Munnetra Kazhagam,251,160,91,Dravida Munnetra Kazhagam,5,1,4,2,3,8,8,10,5,5,16.33752244165171,2,0.3590664272890485,45.06283662477558,3.052064631956912,28.72531418312388,21.72351885098743,0.1795332136445242,0.1795332136445242,0.0,0.3590664272890485,0.3590664272890485,3
241,0,115,22,245,170,2,0,0,0,2,556,0,0,556,0,"Sirkazhi Panchayat Union Elementary School, West side south facing,
Thiruvali","1. Thiruvali (R.V) And (P), Kottagam ward:1, 2. Thiruvali (R.V) And (P), Main Road ward:1, 3. Thiruvali (R.V) And (P), Keezhpathi ward:1, 4. Thiruvali (R.V) and (P), Main Road ward:3, 999.
OVERSEAS ELECTORS",All Voters,Dravida Munnetra Kazhagam,245,170,75,Tamilaga Vettri Kazhagam,7,3,4,1,2,5,7,7,7,5,13.48920863309352,2,0.0,20.68345323741007,3.956834532374101,44.06474820143885,30.57553956834532,0.3597122302158274,0.0,0.0,0.0,0.3597122302158274,2
242,1,158,26,302,123,0,0,2,1,0,613,0,3,616,0,"Sirkali Panchayat Union Elementary School, North Building East Side, Thiruvali","1. Thiruvali (R.V) And (P), Melpathi Street ward:2, 2. Thiruvali (R.V) And (P), Valluvar Street ward:2, 3. Thiruvali (R.V) And (P), Thideerkuppam Jeeva Nagar ward:2, 4. Thiruvali (R.V) And (P), Melpathi ward:2, 5. Thiruvali (R.V) And (P), Agraharam ward:2, 6. Thiruvali (R.V) And (P), Mariyammankovil Street ward:2, 999. OVERSEAS ELECTORS",All Voters,Dravida Munnetra Kazhagam,302,158,144,All India Anna Dravida Munnetra Kazhagam,6,2,4,1,3,8,8,5,6,8,23.49102773246329,0,0.1631321370309951,25.77487765089723,4.241435562805873,49.26590538336052,20.0652528548124,0.0,0.0,0.3262642740619902,0.1631321370309951,0.0,1
243,0,139,21,156,69,0,0,0,0,0,385,0,0,385,0,"Sirkali Panchayat Union Elementary School, East side Building south facing,
Thiruvali","1. Thiruvali (R.V) And (P), Thideerkuppam ward:3, 2. Thiruvali (R.V) And (P), Main Road ward:3, 3. Thiruvali (R.V) And (P), South Street ward:3, 999. OVERSEAS ELECTORS",All Voters,Dravida Munnetra Kazhagam,156,139,17,All India Anna Dravida Munnetra Kazhagam,5,2,4,1,3,5,5,5,5,5,4.415584415584416,0,0.0,36.1038961038961,5.454545454545454,40.51948051948052,17.92207792207792,0.0,0.0,0.0,0.0,0.0,3
244,1,278,20,218,107,0,0,0,0,3,627,0,3,630,0,"Government Aided Elementary School
,South facing North Building East portion 2nd Room,Keezhasalai","1. Thiruvali (R.V) And (P), East Road West Street ward:4, 2. Thiruvali (R.V) And (P), East Road East Street ward:4, 3. Thiruvali (R.V) And (P), South Thoppu ward:4, 999. OVERSEAS ELECTORS",All Voters,All India Anna Dravida Munnetra Kazhagam,278,218,60,Dravida Munnetra Kazhagam,6,1,4,2,3,7,7,7,7,5,9.569377990430622,3,0.1594896331738437,44.33811802232855,3.189792663476874,34.76874003189793,17.06539074960127,0.0,0.0,0.0,0.0,0.4784688995215311,3
245,1,349,37,159,98,2,0,1,1,0,648,0,2,650,0,Sirkazhi Panchayat Union Elementary School Keelasattanathapuram South Facing,"1. Keelasattanathapuram (R.V) And (P), Mela Kavalambadi ward:2, 2. Keelasattanathapuram (R.V) And (P), Yokiswaram Kovil Street ward:2, 3. Keelasattanathapuram (R.V) And (P), Keelasattanathapuram ward:2, 4. Keelasattanathapuram (R.V) And (P), Sittankathiruppu Sannathi Street ward:2, 999. OVERSEAS ELECTORS",All Voters,All India Anna Dravida Munnetra Kazhagam,349,159,190,Dravida Munnetra Kazhagam,6,1,4,2,3,5,9,6,6,9,29.32098765432099,0,0.154320987654321,53.85802469135802,5.709876543209877,24.53703703703704,15.12345679012346,0.308641975308642,0.0,0.154320987654321,0.154320987654321,0.0,3
246,1,259,17,134,113,1,0,0,2,2,529,0,4,533,0,"Sirkazhi Panchayat Union Elementary School, North Building Western Portion, Keelasattanathapuram","1. Keelasattanathapuram (R.V) And (P), Sittankathiruppu Mainroad, Kamarajar Street ward:3, 999. OVERSEAS ELECTORS",All Voters,All India Anna Dravida Munnetra Kazhagam,259,134,125,Dravida Munnetra Kazhagam,7,1,4,2,3,7,9,9,5,5,23.62948960302457,2,0.1890359168241966,48.96030245746692,3.213610586011342,25.33081285444234,21.36105860113422,0.1890359168241966,0.0,0.0,0.3780718336483932,0.3780718336483932,3
247,2,200,27,250,260,0,0,4,3,1,747,0,0,747,0,"Sirkazhi Panchayat Union Middle School, Middle Building West Portion, Nimmeli Keelasattanathapuram","1. Keelasattanathapuram (R.V) And (P), North Nimmeli Ward:1, 2. Keelasattanathapuram (R.V) And (P), Middle Street Nimmeli Ward:1, 3. Keelasattanathapuram (R.V) And (P), Narayanapuram Ward:3, 999. OVERSEAS ELECTORS",All Voters,Tamilaga Vettri Kazhagam,260,250,10,Dravida Munnetra Kazhagam,7,3,4,2,1,9,9,5,6,8,1.338688085676037,1,0.2677376171352075,26.77376171352075,3.614457831325301,33.46720214190093,34.80589022757697,0.0,0.0,0.535475234270415,0.4016064257028112,0.1338688085676037,2
248,1,150,27,165,199,0,3,2,3,0,550,0,2,552,0,Sirkazhi Panchayat Union Middle School Nimmeli Keelasattanathapuram East Facing West Building,"1. Keelasattanathapuram (R.V) And (P), South Nimmeli Ward:1, 2. Keelasattanathapuram (R.V) And (P), Kavalampadi Colony Ward:2, 3. Keelasattanathapuram (R.V) And (P), Mukkavattam Ward:3, 999. OVERSEAS ELECTORS",All Voters,Tamilaga Vettri Kazhagam,199,165,34,Dravida Munnetra Kazhagam,8,3,4,2,1,9,5,7,5,9,6.181818181818182,0,0.1818181818181818,27.27272727272727,4.909090909090909,30.0,36.18181818181818,0.0,0.5454545454545455,0.3636363636363636,0.5454545454545455,0.0,2
249,10,288,53,271,247,5,2,4,5,1,886,0,2,888,0,"Panchayat Union Elementary School, East Facing North Portion, Kuravalur","1. Neppathur (R.V) And (P), Melaneppathur North Street ward:1, 2. Neppathur (R.V) And (P), Mulliyampattinam ward:2, 3. Neppathur (R.V) And (P), Kuravalur ward:2, 4. Neppathur (R.V)
And (P), Theevu ward:3, 999. OVERSEAS ELECTORS",All Voters,All India Anna Dravida Munnetra Kazhagam,288,271,17,Dravida Munnetra Kazhagam,5,1,4,2,3,6,9,8,6,10,1.918735891647855,1,1.128668171557562,32.50564334085779,5.981941309255079,30.58690744920993,27.87810383747178,0.5643340857787811,0.2257336343115124,0.4514672686230248,0.5643340857787811,0.1128668171557562,2
250,4,273,36,293,278,0,3,1,4,0,892,0,4,896,0,"Panchayat Union Primary School, South facing north building west portion, Keezha Nepapathur","1. Neppathur (R.V) And (P), Keelaneppathur ward:1, 2. Neppathur (R.V) And (P), Melaneppathur ward:1, 3. Neppathur (R.V) And (P), South Street ward:1, 4. Neppathur (R.V) And (P), Appapillaithoppu ward:3, 5. Neppathur (R.V) And (P), Theevu Street ward:3, 999.
OVERSEAS ELECTORS",All Voters,Dravida Munnetra Kazhagam,293,278,15,Tamilaga Vettri Kazhagam,5,3,4,1,2,9,7,8,5,9,1.681614349775785,0,0.4484304932735426,30.60538116591928,4.035874439461884,32.847533632287,31.16591928251121,0.0,0.336322869955157,0.1121076233183857,0.4484304932735426,0.0,2
251,0,214,16,113,104,0,1,2,0,0,450,0,2,452,0,"Government Adi Dravidar Welfare Elementary School, South facing west portion, Thennampattinam","1. Thennampattinam (R.V) And (P), Main Road Ward:1, 2. Thennampattinam (R.V) And (P), Mariyamman Kovil Street ward:1, 3. Thennampattinam (R.V) And (P), East Street ward:1, 4. Thennampattinam (R.V) and (P), Agraharam Street ward:1, 5. Thennampattinam (R.V And (P), Thamaraikula Street ward:1, 6. Thennampattinam (R.V) And (P), Colony Street ward:1, 999.
OVERSEAS ELECTORS",All Voters,All India Anna Dravida Munnetra Kazhagam,214,113,101,Dravida Munnetra Kazhagam,7,1,4,2,3,7,6,5,7,7,22.44444444444444,0,0.0,47.55555555555556,3.555555555555555,25.11111111111111,23.11111111111111,0.0,0.2222222222222222,0.4444444444444444,0.0,0.0,3
252,1,156,29,194,121,1,0,1,0,0,503,0,2,505,0,"Government Adi Dravidar Welfare Elementary School, South facing west wing middle Portion, Thennampattinam","1. Thennampattinam (R.V) And (P), North Veli ward:2, 2. Thennampattinam (R.V) And (P), Padasalai Street ward:2, 3. Thennampattinam (R.V) And (P), North Street ward:1, 4. Thennampattinam (R.V) And (P), West Street ward:1, 5. Thennampattinam (R.V) And (P), Yathava Street ward:1, 6. Thennampattinam (R.V) And (P), Hospital Street ward:1, 7. Thennampattinam (R.V) And (P), Naidu Street ward:1, 999. OVERSEAS ELECTORS",All Voters,Dravida Munnetra Kazhagam,194,156,38,All India Anna Dravida Munnetra Kazhagam,5,2,4,1,3,5,8,5,8,8,7.554671968190855,0,0.1988071570576541,31.01391650099404,5.765407554671969,38.56858846918489,24.05566600397614,0.1988071570576541,0.0,0.1988071570576541,0.0,0.0,3
253,1,147,30,147,118,1,0,0,0,0,444,0,0,444,0,"Government High School, East Side Building South Portion, Konayampattinam","1. Thennampattinam (R.V) And (P), Mathampattinam West Street ward:2, 2. Thennampattinam (R.V) And (P), Mathampattinam Middle Street ward:2, 3. Thennampattinam (R.V) And (P), Mathampattinam East Street ward:2, 4. Thennampattinam (R.V) And (P), Mathampattinam Colony Street ward:2, 5. Thennampattinam (R.V) And (P), Koniyampattinam Main Road ward:3, 999. OVERSEAS ELECTORS",All Voters,All India Anna Dravida Munnetra Kazhagam,147,147,0,All India Anna Dravida Munnetra Kazhagam,5,1,4,1,3,5,7,7,7,7,0.0,0,0.2252252252252252,33.10810810810811,6.756756756756757,33.10810810810811,26.57657657657658,0.2252252252252252,0.0,0.0,0.0,0.0,3
254,1,171,28,155,198,0,0,1,1,0,555,0,0,555,0,"Government High School, East Side Building North Portion, Konayampattinam","1. Thennampattinam (R.V) And (P), Konnayampattinam Colony Street ward:3, 2. Thennampattinam (R.V) And (P), Melamoorkkarai Fisherman Street ward:3, 3. Thennampattinam (R.V) And (P), Tsunami Fisherman Quarters ward:3, 999. OVERSEAS
ELECTORS",All Voters,Tamilaga Vettri Kazhagam,198,171,27,All India Anna Dravida Munnetra Kazhagam,5,2,4,3,1,8,8,5,5,8,4.864864864864865,0,0.1801801801801802,30.81081081081081,5.045045045045045,27.92792792792793,35.67567567567568,0.0,0.0,0.1801801801801802,0.1801801801801802,0.0,2
255,4,223,61,185,356,3,1,2,2,1,838,0,1,839,0,"Government High School, North Side Building west Facing, Konayampattinam","1. Thenampattinam (R.V) And (P), Keelamoovarkarai Ward:4, 2. Thenampattinam (R.V) And (P), West Street Ward:4, 3. Thenampattinam (R.V) And (P), East Street Ward:4, 4. Thenampattinam (R.V) And (P), Tsunami Quarters Ward:4, 999. OVERSEAS ELECTORS",All Voters,Tamilaga Vettri Kazhagam,356,223,133,All India Anna Dravida Munnetra Kazhagam,5,2,4,3,1,6,9,7,7,9,15.87112171837709,1,0.477326968973747,26.61097852028639,7.279236276849642,22.0763723150358,42.48210023866348,0.3579952267303103,0.1193317422434368,0.2386634844868735,0.2386634844868735,0.1193317422434368,2
256,3,335,35,215,194,1,1,0,0,0,784,0,1,785,0,"Sirkali Panchayat Union Middle School, South facing Middle Building, Mangaimadam","1. Mangaimadam (R.V) And (P), Pillaiyar Kovil Street ward:2, 2. Mangaimadam (R.V) And (P), Kulathierppu ward:2, 3. Mangaimadam (R.V) And (P), Empavai ward:2,3, 4. Mangaimadam (R.V) And (P), Mullipattam ward:3, 5. Mangaimadam (R.V) And (P), Chidhambaranathapuram
ward:3, 999. OVERSEAS ELECTORS",All Voters,All India Anna Dravida Munnetra Kazhagam,335,215,120,Dravida Munnetra Kazhagam,5,1,4,2,3,6,6,8,8,8,15.30612244897959,0,0.3826530612244898,42.72959183673469,4.464285714285714,27.4234693877551,24.74489795918367,0.1275510204081633,0.1275510204081633,0.0,0.0,0.0,3
257,9,316,65,308,239,0,1,3,0,1,942,0,3,945,0,"Sirkali Panchayat Union Middle School, East facing South building South Portion, Mangaimadam","1. Mangaimadam (R.V) And (P), Thirunagari Road ward:1, 2. Mangaimadam (R.V) And (P), Mangaimadam ward:1, 3. Mangaimadam (R.V) And (P), Anna Nagar ward:1, 4. Mangaimadam (R.V) And (P), V.O.C Nagar ward:1, 5. Mangaimadam (R.V) And (P), Nerungikollai ward:1, 6. Mangaimadam (R.V) And (P), Kovilaankollai ward:1, 7. Mangaimadam (R.V) And (P), Mullaiyamanakollai ward:1,2, 8. Mangaimadam (R.V) And (P), Gandhi Nagar ward:2, 999.
OVERSEAS ELECTORS",All Voters,All India Anna Dravida Munnetra Kazhagam,316,308,8,Dravida Munnetra Kazhagam,5,1,4,2,3,9,7,6,9,7,0.8492569002123143,1,0.9554140127388535,33.54564755838641,6.900212314225053,32.6963906581741,25.37154989384289,0.0,0.1061571125265393,0.3184713375796179,0.0,0.1061571125265393,2
258,0,195,25,206,104,0,0,0,0,1,531,0,2,533,0,"Govt High School, South building East Portion, Perumthottam","1. Perunthottam I (R.V) And (P), Muslim Street ward:1, 2. Perunthottam I (R.V) And (P), Agraharam Street ward:1, 3. Perunthottam I (R.V) And (P), Manalveli Street ward:1, 4. Perunthottam I (R.V) And (P), Pallivasal Street Ward:1, 999. OVERSEAS ELECTORS",All Voters,Dravida Munnetra Kazhagam,206,195,11,All India Anna Dravida Munnetra Kazhagam,6,2,4,1,3,6,6,6,6,5,2.071563088512241,1,0.0,36.72316384180791,4.708097928436912,38.79472693032015,19.58568738229755,0.0,0.0,0.0,0.0,0.1883239171374765,3
259,0,149,52,277,165,0,0,1,0,0,644,0,0,644,0,"Govt High School, South building West Portion, Perumthottam","1. Perunthottam I (R.V) And (P), Manthaikaran Street ward:1, 2. Perunthottam I (R.V) And (P), Vettan Street ward:1, 3. Perunthottam I (R.V) And (P), Suriyapallai Street ward:2, 4. Perunthottam I (R.V) And (P), Mariyamman Kovil Street ward:1, 5. Perunthottam I (R.V) And (P), Main Road ward:1, 6. Perunthottam I (R.V) And (P), Meiyyan Street ward:1, 7. Perunthottam I (R.V) And (P), Allimedu ward:1, 999. OVERSEAS ELECTORS",All Voters,Dravida Munnetra Kazhagam,277,165,112,Tamilaga Vettri Kazhagam,6,3,4,1,2,6,6,5,6,6,17.39130434782609,0,0.0,23.13664596273292,8.074534161490684,43.01242236024845,25.62111801242236,0.0,0.0,0.15527950310559,0.0,0.0,3
260,2,190,34,196,137,1,1,1,1,0,563,0,0,563,0,"Panchayat Union Elementary School, South Building West Facing, Perumthottam","1. Perunthottam I (R.V) And (P), Mandhakara Street ward:1,2, 2. Perunthottam I (R.V) And (P), Kovil Street ward:2, 3. Perunthottam I (R.V) And (P), East Street ward:2, 4. Perunthottam I (R.V) And (P), Sannathi Street ward:2, 5. Perunthottam I (R.V) And (P), Keelakovil Street ward:2, 6. Perunthottam I (R.V) And (P), Seetiyan Street ward:2, 7. Perunthottam I (R.V) And (P), Anna Nagar ward:2, 8. Perunthottam I (R.V) And (P), Kolalarpoo ward:3, 9. Perunthottam I (R.V) And (P), Middle Street ward:3, 10. Perunthottam I (R.V) And (P), Udhyasurian Nagar ward:3, 999. OVERSEAS ELECTORS",All Voters,Dravida Munnetra Kazhagam,196,190,6,All India Anna Dravida Munnetra Kazhagam,5,2,4,1,3,6,6,6,6,10,1.065719360568384,0,0.3552397868561279,33.74777975133215,6.039076376554174,34.81349911190053,24.33392539964476,0.1776198934280639,0.1776198934280639,0.1776198934280639,0.1776198934280639,0.0,2
261,0,91,26,227,234,1,0,0,0,0,579,0,1,580,0,"Panchayat Union Elementary School, West Side South Building, Perumthottam","1. Perunthottam I (R.V) And (P), Valliammi Nagar ward:3, 2. Perunthottam I (R.V) And (P), Vilakattan Street ward:3, 3. Perunthottam I (R.V) And (P), Periyakulam Street ward:3, 4. Perunthottam I (R.V) And (P), Vandi Street ward:3, 5. Perunthottam I (R.V) And (P), T.E.L.C Street ward:3, 6. Perunthottam I (R.V) And (P), Beach Street ward:3, 7. Perunthottam I (R.V) And (P), Savadikuppam Ward:3, 999. OVERSEAS ELECTORS",All Voters,Tamilaga Vettri Kazhagam,234,227,7,Dravida Munnetra Kazhagam,6,3,4,2,1,5,6,6,6,6,1.208981001727116,0,0.0,15.7167530224525,4.490500863557859,39.20552677029361,40.41450777202073,0.1727115716753022,0.0,0.0,0.0,0.0,2
262,1,182,38,239,116,1,0,3,0,0,580,0,0,580,0,"Panchayat Union Elementary School, Middle Building South Side Facing West, Perumthottam","1. Perunthottam II (R.V) And (P), Manalveli Street Ward:1,2, 2. Perunthottam II (R.V) And (P), East Street Ward:2, 3. Perunthottam II (R.V) And (P), Periyar Street ward:3, 4. Perunthottam II (R.V) And (P), Ambedkar Nagar ward:3, 5. Perunthottam II (R.V) And (P), Middle Street
ward:3, 999. OVERSEAS ELECTORS",All Voters,Dravida Munnetra Kazhagam,239,182,57,All India Anna Dravida Munnetra Kazhagam,6,2,4,1,3,6,8,5,8,8,9.827586206896552,0,0.1724137931034483,31.37931034482759,6.551724137931035,41.20689655172414,20.0,0.1724137931034483,0.0,0.5172413793103449,0.0,0.0,3
263,1,113,20,327,153,0,0,1,1,1,617,0,3,620,0,"Panchayat Union Elementary School, Middle Building North Side Facing West, Perumthottam","1. Perunthottam II (R.V) And (P), Puthu Street ward:3, 2. Perunthottam II (R.V) And (P), Valliammi Nagar ward:3, 3. Agaraperunthottam (R.V), Perunthottam (P), Solaigramam ward:5, 4. Agaraperunthottam (R.V), Perunthottam (P), Main Road ward:5, 5. Agaraperunthottam (R.V), Perunthottam (P), Sullan Street ward:5, 999. OVERSEAS
ELECTORS",All Voters,Dravida Munnetra Kazhagam,327,153,174,Tamilaga Vettri Kazhagam,5,3,4,1,2,9,9,5,5,5,28.20097244732577,1,0.1620745542949757,18.31442463533225,3.241491085899514,52.99837925445705,24.79740680713128,0.0,0.0,0.1620745542949757,0.1620745542949757,0.1620745542949757,1
264,0,207,31,253,237,0,1,1,0,0,730,0,0,730,0,"Narayanasamy Aided Elementary School, East Building Facing West,
Kadaikkadu Perumthottam","1. Perunthottam II (R.V) And (P), Nayakkarkuppam ward:4, 999. OVERSEAS ELECTORS",All Voters,Dravida Munnetra Kazhagam,253,237,16,Tamilaga Vettri Kazhagam,7,3,4,1,2,7,5,5,7,7,2.191780821917808,0,0.0,28.35616438356164,4.246575342465754,34.65753424657535,32.46575342465754,0.0,0.136986301369863,0.136986301369863,0.0,0.0,2
265,3,175,29,119,194,1,1,3,0,0,525,0,0,525,0,"Narayanasamy Aided Elementary
School, South Building Facing South, Kadaikkadu Perumthottam","1. Perunthottam II (R.V) And (P), Kadikadu ward:4, 2. Perunthottam II (R.V) And (P), Madathukuppam ward:4, 999. OVERSEAS ELECTORS",All Voters,Tamilaga Vettri Kazhagam,194,175,19,All India Anna Dravida Munnetra Kazhagam,5,2,4,3,1,7,7,5,9,9,3.619047619047619,0,0.5714285714285714,33.33333333333333,5.523809523809524,22.66666666666666,36.95238095238096,0.1904761904761905,0.1904761904761905,0.5714285714285714,0.0,0.0,2
266,3,234,48,121,141,1,1,0,2,0,551,0,2,553,0,"Arulmighu Swatharanya Swami Koil Girls High School, North Side Building Eastern Room, Thiruvengadu","1. Thiruvenkadu (R.V) And (P), Sampakattalai ward:1, 2. Thiruvenkadu (R.V) And (P), Ayyappan Nagar ward:1, 3. Thiruvenkadu (R.V) And (P), North Thoppu ward:1, 4. Thiruvenkadu (R.V) And (P), Karpagam Nagar ward:1, 5. Thiruvenkadu (R.V) And (P), T.M.S. Nagar ward:1, 6. Thiruvenkadu (R.V) And (P), Sarafoji Agraharam ward:1, 999. OVERSEAS
ELECTORS",All Voters,All India Anna Dravida Munnetra Kazhagam,234,141,93,Tamilaga Vettri Kazhagam,5,1,4,3,2,7,7,9,6,9,16.87840290381125,0,0.5444646098003629,42.46823956442831,8.711433756805807,21.96007259528131,25.58983666061706,0.1814882032667877,0.1814882032667877,0.0,0.3629764065335753,0.0,2
267,2,186,24,170,118,1,0,1,1,1,504,0,1,505,0,"Arulmighu Swatharanya Swami Koil Girls High School, North Side Building West Room, Thiruvengadu","1. Thiruvenkadu (R.V) And (P), Mettiruppu ward:1, 2. Thiruvenkadu (R.V) And (P), Ambedkar Nagar ward:1, 3. Thiruvenkadu (R.V) And (P), Madavilagam North ward:1, 4. Thiruvenkadu (R.V) And (P), Vellakulam ward:2, 5. Thiruvenkadu (R.V) And (P), East Street ward:2, 6. Thiruvenkadu (R.V) And (P), Theradi ward:2, 999. OVERSEAS ELECTORS",All Voters,All India Anna Dravida Munnetra Kazhagam,186,170,16,Dravida Munnetra Kazhagam,5,1,4,2,3,6,10,6,6,6,3.174603174603174,1,0.3968253968253968,36.90476190476191,4.761904761904762,33.73015873015873,23.41269841269841,0.1984126984126984,0.0,0.1984126984126984,0.1984126984126984,0.1984126984126984,3
268,2,153,28,152,124,0,0,0,0,0,459,0,2,461,0,"Arulmighu Swatharanya Swami Koil Girls High School, West Side Building North Portion, Thiruvengadu","1. Thiruvenkadu (R.V) And (P), North Street ward:2, 2. Thiruvenkadu (R.V) And (P), East Madavilagam ward:2, 3. Thiruvenkadu (R.V) And (P), East Sannathi ward:2, 4. Thiruvenkadu (R.V) And (P), South Madavilagam ward:2, 5. Thiruvenkadu (R.V) And (P), East Street ward:2,
6. Thiruvenkadu (R.V) And (P), South Street ward:2, 999. OVERSEAS ELECTORS",All Voters,All India Anna Dravida Munnetra Kazhagam,153,152,1,Dravida Munnetra Kazhagam,5,1,4,2,3,6,6,6,6,6,0.2178649237472767,0,0.4357298474945534,33.33333333333333,6.100217864923748,33.11546840958606,27.01525054466231,0.0,0.0,0.0,0.0,0.0,3
269,0,140,20,197,186,1,1,0,0,0,545,0,0,545,0,"Arulmighu Swatharanya Swami Koil Girls High School, West Side Building South Portion, Thiruvengadu","1. Thiruvenkadu (R.V) And (P), Gandhi Nagar ward:2, 2. Thiruvenkadu (R.V) And (P), Nehru Nagar ward:2, 3. Thiruvenkadu (R.V) And (P), Muthaiya Nagar ward:2, 4. Thiruvenkadu (R.V) And (P), Anna Nagar ward:2, 5. Thiruvenkadu (R.V) And (P), Salaikarai ward:2, 999.
OVERSEAS ELECTORS",All Voters,Dravida Munnetra Kazhagam,197,186,11,Tamilaga Vettri Kazhagam,7,3,4,1,2,5,5,7,7,7,2.018348623853211,0,0.0,25.68807339449542,3.669724770642202,36.14678899082569,34.12844036697248,0.1834862385321101,0.1834862385321101,0.0,0.0,0.0,2
270,5,101,20,233,186,1,0,1,1,1,549,0,0,549,0,"Arulmighu Swatharanya Swami Koil Girls High School, West Side Building Middle Portion, Thiruvengadu","1. Thiruvenkadu (R.V) And (P), Vadapathi ward:4, 2. Thiruvenkadu (R.V) And (P), Thenpathi ward:2,4, 3. Thiruvenkadu (R.V) And (P), Kodiyan Street ward:4, 4. Thiruvenkadu (R.V) And (P), Araniyan Street ward:4, 5. Thiruvenkadu (R.V) And (P), Panjanthanki ward:4, 999.
OVERSEAS ELECTORS",All Voters,Dravida Munnetra Kazhagam,233,186,47,Tamilaga Vettri Kazhagam,5,3,4,1,2,6,10,6,6,6,8.561020036429873,1,0.9107468123861567,18.39708561020036,3.642987249544627,42.4408014571949,33.87978142076503,0.1821493624772313,0.0,0.1821493624772313,0.1821493624772313,0.1821493624772313,2
271,1,243,19,157,108,0,0,1,0,0,529,0,0,529,0,"Arulmighu Swatharanya Swami Koil Girls High School, South Side Building South Facing, Thiruvengadu","1. Thiruvenkadu (R.V) And (P), Thirukattupalli ward:3, 2. Thiruvenkadu (R.V) And (P), Ukkadai ward:3, 3. Thiruvenkadu (R.V) And (P), Pattaveli ward:3, 999. OVERSEAS ELECTORS",All Voters,All India Anna Dravida Munnetra Kazhagam,243,157,86,Dravida Munnetra Kazhagam,5,1,4,2,3,7,7,5,7,7,16.25708884688091,0,0.1890359168241966,45.93572778827977,3.591682419659735,29.67863894139887,20.41587901701323,0.0,0.0,0.1890359168241966,0.0,0.0,3
272,1,74,35,218,175,0,0,0,1,2,506,0,6,512,0,"Panchayat Union Elementary School, New Building Western Portion, Thiruvengadu","1. Thiruvenkadu (R.V) And (P), Ambedkar Nagar ward:1, 2. Thiruvenkadu (R.V) And (P), Thambirankottai ward:1, 3. Thiruvenkadu (R.V) And (P), Kuchi Street ward:1, 4. Thiruvenkadu (R.V) And (P), Kannikoil Street ward:1, 5. Thiruvenkadu (R.V) And (P), Middle Street ward:1, 6. Thiruvenkadu (R.V) And (P), Arikarai Street ward:1, 7. Thiruvenkadu (R.V)
And (P), East Street ward:1, 999. OVERSEAS ELECTORS",All Voters,Dravida Munnetra Kazhagam,218,175,43,Tamilaga Vettri Kazhagam,6,3,4,1,2,8,8,8,6,5,8.49802371541502,2,0.1976284584980237,14.62450592885375,6.91699604743083,43.08300395256917,34.58498023715415,0.0,0.0,0.0,0.1976284584980237,0.3952569169960474,2
273,1,172,31,294,146,2,0,0,0,0,646,0,1,647,0,"Panchayat Union Elementary School, North Building East Facing, Thiruvengadu","1. Thiruvenkadu (R.V) And (P), Sanan Thidal ward:4, 2. Thiruvenkadu (R.V) And (P), North Street ward:4, 3. Thiruvenkadu (R.V) And (P), Chinnaperunthottam ward:4, 4. Thiruvenkadu (R.V) And (P), School Street ward:4, 5. Thiruvenkadu (R.V) And (P), Ayyanar Koil Street
ward:4, 999. OVERSEAS ELECTORS",All Voters,Dravida Munnetra Kazhagam,294,172,122,All India Anna Dravida Munnetra Kazhagam,6,2,4,1,3,5,7,7,7,7,18.88544891640867,0,0.1547987616099071,26.62538699690403,4.798761609907121,45.51083591331269,22.60061919504644,0.3095975232198143,0.0,0.0,0.0,0.0,3
274,5,296,27,266,204,0,2,2,4,1,807,0,0,807,0,"Sri Meikandar Aided Elementary School, Eastern building North Portion, Thiruvengadu","1. Thiruvenkadu (R.V) And (P), Thambirankottai ward:1, 2. Thiruvenkadu (R.V) And (P), Mariyamman Kovil Street ward:2, 3. Thiruvenkadu (R.V) And (P), West Street ward:3, 4. Thiruvenkadu (R.V) And (P), Ayyanar Koil Street ward:3, 5. Thiruvenkadu (R.V) And (P),
Periyar Nagar ward:3, 999. OVERSEAS ELECTORS",All Voters,All India Anna Dravida Munnetra Kazhagam,296,266,30,Dravida Munnetra Kazhagam,5,1,4,2,3,10,7,7,6,9,3.717472118959108,1,0.6195786864931847,36.67905824039653,3.345724907063197,32.96158612143743,25.27881040892193,0.0,0.2478314745972739,0.2478314745972739,0.4956629491945477,0.1239157372986369,2
275,2,221,24,112,100,1,2,0,1,15,478,0,1,479,0,"Government Higher Secondary School, East Side South building Northern Portion West Facing, Nangur","1. Nangur (R.V) And (P), Narayanapuram North ward:1, 2. Nangur (R.V) And (P), Narayanan Street South ward:1, 3. Nangur (R.V) And (P), Mainroad ward:2, 4. Nangur (R.V) And (P), Road Street ward:2, 5. Nangur (R.V) And (P), Thirumenikoodam ward:2, 999. OVERSEAS
ELECTORS",All Voters,All India Anna Dravida Munnetra Kazhagam,221,112,109,Dravida Munnetra Kazhagam,6,1,4,2,3,8,6,10,8,5,22.80334728033473,15,0.4184100418410042,46.23430962343097,5.02092050209205,23.43096234309623,20.92050209205021,0.2092050209205021,0.4184100418410042,0.0,0.2092050209205021,3.138075313807531,0
276,1,221,13,204,140,1,0,2,0,1,583,0,4,587,0,"Government Higher Secondary School, East Side Southern Portion West Facing, Nangur","1. Nangur (R.V) And (P), North Agraharam ward:2, 2. Nangur (R.V) And (P), North Street ward:3, 3. Nangur (R.V) And (P), Mettu Street ward:3, 4. Nangur (R.V) And (P), Kammala Street ward:3, 5. Nangur (R.V) And (P), Bazaar Street ward:3, 6. Nangur (R.V) And (P), Sempon Renganathar Street ward:3, 7. Nangur (R.V) And (P), Mariyamman Koil Street ward:3, 8. Nangur (R.V) And (P), Mudaliyar Street ward:4, 999. OVERSEAS ELECTORS",All Voters,All India Anna Dravida Munnetra Kazhagam,221,204,17,Dravida Munnetra Kazhagam,6,1,4,2,3,6,9,5,9,6,2.915951972555746,1,0.1715265866209262,37.9073756432247,2.229845626072041,34.99142367066895,24.01372212692968,0.1715265866209262,0.0,0.3430531732418525,0.0,0.1715265866209262,3
277,6,270,40,300,236,1,2,0,0,2,857,0,1,858,0,"Government Higher Secondary School, Middle Building South Facing East Portion Room No.23, Nangur","1. Nangur (R.V) And (P), Madha Kovilstreet ward:7, 2. Nangur (R.V) And (P), Kannikoil Street ward:7, 3. Nangur (R.V) And (P), Pillaiyar Koilstreet ward:8, 4. Nangur (R.V) And (P), Tharangambadi Mainroad ward:8, 5. Nangur (R.V) And (P), Gandhi Street ward:6, 999.
OVERSEAS ELECTORS",All Voters,Dravida Munnetra Kazhagam,300,270,30,All India Anna Dravida Munnetra Kazhagam,5,2,4,1,3,8,6,9,9,6,3.500583430571762,2,0.7001166861143524,31.50525087514586,4.667444574095683,35.00583430571762,27.53792298716452,0.1166861143523921,0.2333722287047841,0.0,0.0,0.2333722287047841,2
278,0,143,14,375,187,0,1,0,1,0,721,0,1,722,0,"Government Higher Secondary School, Middle Building South Facing West Portion Room No.24, Nangur","1. Nangur (R.V) And (P), West Street ward:6, 2. Nangur (R.V) And (P), Saaval Koil Street ward:6, 3. Nangur (R.V) And (P), Odai Street ward:6, 999. OVERSEAS ELECTORS",All Voters,Dravida Munnetra Kazhagam,375,187,188,Tamilaga Vettri Kazhagam,7,3,4,1,2,7,5,7,5,7,26.0748959778086,0,0.0,19.83356449375867,1.941747572815534,52.01109570041609,25.93619972260749,0.0,0.1386962552011096,0.0,0.1386962552011096,0.0,1
279,2,130,8,106,65,1,0,0,1,2,315,0,2,317,0,"Government Higher Secondary School
,East facing West building Palaikoodam Room-28,Nangur","1. Nangur (R.V) And (P), Vellalar Street ward:5, 2. Nangur (R.V) And (P), East Street ward:5, 999. OVERSEAS ELECTORS",All Voters,All India Anna Dravida Munnetra Kazhagam,130,106,24,Dravida Munnetra Kazhagam,5,1,4,2,3,7,9,9,7,5,7.61904761904762,2,0.6349206349206349,41.26984126984127,2.53968253968254,33.65079365079365,20.63492063492063,0.3174603174603174,0.0,0.0,0.3174603174603174,0.6349206349206349,3
280,5,218,24,272,282,0,1,0,1,0,803,0,1,804,0,"Sirkali Panchayat Union Middle School, North Building South Facing West Portion, Kathiruppu","1. Kathiruppu (R.V) And (P), Thethakudi ward:3, 2. Kathiruppu (R.V) And (P), Vadapathi, Thenpathi ward:3, 3. Kathiruppu (R.V) And (P), Anna Nagar ward:3, 4. Kathiruppu (R.V) And (P), Middle Street ward:3, 5. Kathiruppu (R.V) And (P), Kovil Street, Yadava Street ward:3, 6. Kathiruppu (R.V) And (P), Thenpathi Street ward:3, 7. Kathiruppu (R.V) And (P), Sampanodai ward:3, 999. OVERSEAS ELECTORS",All Voters,Tamilaga Vettri Kazhagam,282,272,10,Dravida Munnetra Kazhagam,5,3,4,2,1,8,6,8,6,8,1.2453300124533,0,0.62266500622665,27.14819427148194,2.98879202988792,33.87297633872976,35.11830635118307,0.0,0.12453300124533,0.0,0.12453300124533,0.0,2
281,4,194,11,346,265,3,0,1,0,1,825,0,2,827,0,"Sirkali Panchayat Union Middle School, North Building South Facing East Portion, Kathiruppu","1. Kathiruppu (R.V) And (P), North Anjamanai ward:1, 2. Kathiruppu (R.V) And (P), Vadapathi East Street, Colony Street ward:1, 3. Kathiruppu (R.V) And (P), Mainroad ward:1, 4. Kathiruppu (R.V) And (P), Vadapathi Vellalar Street ward:1, 5. Kathiruppu (R.V) And (P), Thenpathi Street ward:1, 6. Kathiruppu (R.V) And (P), Kovil Street ward:1, 7. Kathiruppu (R.V) And (P), Sampanodai ward:3, 999. OVERSEAS ELECTORS",All Voters,Dravida Munnetra Kazhagam,346,265,81,Tamilaga Vettri Kazhagam,5,3,4,1,2,6,9,7,9,7,9.818181818181818,1,0.4848484848484849,23.51515151515152,1.333333333333333,41.93939393939394,32.12121212121212,0.3636363636363636,0.0,0.1212121212121212,0.0,0.1212121212121212,2
282,2,240,18,222,179,0,0,0,0,1,662,0,0,662,0,"Hindu Aided Elementary School, East Portion, Pagasalai","1. Pagasalai (R.V) And (P), Kandamangalam East Street ward:1, 2. Pagasalai (R.V) And (P), Kandamangalam North Street ward:1, 3. Pagasalai (R.V) And (P), Kandamangalam West Street ward:1, 4. Pagasalai (R.V) And (P), Kandamangalam South Street ward:1, 5. Pagasalai (R.V) And (P), Kandamangalam Agraharam ward:1, 6. Pagasalai (R.V) And (P), Pagasalai Agraharam ward:1, 7. Pagasalai (R.V) And (P), Pagasalai Mainroad ward:1, 8. Pagasalai (R.V) And (P), Pagasalai East Street ward:1, 9. Pagasalai (R.V) And (P), Pagasalai Thirupandur ward:2, 999. OVERSEAS ELECTORS",All Voters,All India Anna Dravida Munnetra Kazhagam,240,222,18,Dravida Munnetra Kazhagam,5,1,4,2,3,7,7,7,7,6,2.719033232628399,1,0.3021148036253776,36.25377643504532,2.719033232628399,33.53474320241692,27.0392749244713,0.0,0.0,0.0,0.0,0.1510574018126888,3
283,0,271,13,305,161,0,3,0,0,0,753,0,0,753,0,"Hindu Aided Elementary School, West Portion, Pagasalai","1. Pagasalai (R.V) And (P), Pagasalai Madhakoil Street ward:1, 2. Pagasalai (R.V) And (P), Pagasalai South Street ward:2, 3. Pagasalai (R.V) And (P), Thokkalakudi North Street ward:2,
4. Pagasalai (R.V) And (P), Pillaiyar Kovil Street ward:2, 5. Pagasalai (R.V) And (P), Vadapathi Thokkalakudi ward:2, 6. Pagasalai (R.V) And (P), Thenpathi Thokkalakudi ward:2, 999.
OVERSEAS ELECTORS",All Voters,Dravida Munnetra Kazhagam,305,271,34,All India Anna Dravida Munnetra Kazhagam,6,2,4,1,3,6,5,6,6,6,4.51527224435591,0,0.0,35.98937583001328,1.726427622841965,40.50464807436919,21.38114209827357,0.0,0.398406374501992,0.0,0.0,0.0,3
284,1,345,33,256,227,1,0,1,0,1,865,0,4,869,0,"Panchayat Union Elementary School, (Government High School Campus) North west portion, Vaithiyanathapuram","1. Kondathur (R.V) And (P), Gurumanakudi ward:1, 2. Kondathur (R.V) And (P), Arasalkuppam ward:1, 3. Kondathur (R.V) And (P), Vaidiyanathapuram ward:1, 4. Kondathur (R.V) And (P), Vaidiyanathapuram B.C ward:1, 5. Kondathur (R.V) And (P), Pandaraodaipallam ward:2,3, 6. Kondathur (R.V) And (P), Pandaraodai Medu ward:3, 999.
OVERSEAS ELECTORS",All Voters,All India Anna Dravida Munnetra Kazhagam,345,256,89,Dravida Munnetra Kazhagam,5,1,4,2,3,5,9,5,9,5,10.28901734104046,1,0.115606936416185,39.88439306358381,3.815028901734104,29.59537572254336,26.24277456647399,0.115606936416185,0.0,0.115606936416185,0.0,0.115606936416185,3
285,3,269,43,319,251,0,2,0,2,1,890,0,2,892,0,"Govt High School, West facing South wing South Portion, Vaithiyanathapuram","1. Kondathur (R.V) And (P), Olayamputhur ward:2, 2. Kondathur (R.V) And (P), South Pandaraodai ward:2, 3. Kondathur (R.V) And (P), Keelakondathur ward:3, 4. Kondathur (R.V) And (P), Melakondathur ward:3, 5. Kondathur (R.V) And (P), Tharkkas ward:3, 999.
OVERSEAS ELECTORS",All Voters,Dravida Munnetra Kazhagam,319,269,50,All India Anna Dravida Munnetra Kazhagam,5,2,4,1,3,9,6,9,6,8,5.617977528089887,1,0.3370786516853932,30.2247191011236,4.831460674157303,35.84269662921348,28.20224719101124,0.0,0.2247191011235955,0.0,0.2247191011235955,0.1123595505617978,2
286,0,293,19,248,208,0,0,0,3,0,771,0,1,772,0,"Panchayat Union Elementary School, New Building South Facing West Portion, Thirunanriyur","1. Natham (R.V) And (P), Chinna Street ward:1, 2. Natham (R.V) And (P), Colony Street ward:1, 3. Natham (R.V) And (P), Thoppu Street ward:1, 4. Natham (R.V) And (P), Big Street ward:1, 5. Natham (R.V) And (P), Thirunandriyur Pannaya Street ward:2, 6. Natham (R.V) And (P), Thirunandriyur East Street ward:2, 7. Natham (R.V) And (P), North Street ward:2, 8. Natham (R.V) And (P), West Street ward:2, 999. OVERSEAS ELECTORS",All Voters,All India Anna Dravida Munnetra Kazhagam,293,248,45,Dravida Munnetra Kazhagam,6,1,4,2,3,6,6,6,5,6,5.836575875486381,0,0.0,38.00259403372244,2.464332036316472,32.16601815823606,26.97795071335927,0.0,0.0,0.0,0.3891050583657588,0.0,3
287,3,156,15,271,228,0,1,1,0,2,677,0,2,679,0,"Panchayat Union Elementary School, New Building South Facing East Portion, Thirunanriyur","1. Natham (R.V) And (P), Natham Mainroad Street ward:3, 2. Natham (R.V) And (P), Natham Madhakoil Street ward:3, 3. Natham (R.V) And (P), Natham North Street ward:4, 4. Natham (R.V) And (P), Natham East Street ward:4, 5. Natham (R.V) And (P), Natham South Street ward:4, 6. Natham (R.V) And (P), Natham West Street ward:4, 7. Natham (R.V) And (P), Natham Anna Nagar ward:4, 999. OVERSEAS ELECTORS",All Voters,Dravida Munnetra Kazhagam,271,228,43,Tamilaga Vettri Kazhagam,5,3,4,1,2,9,7,7,9,6,6.351550960118169,2,0.4431314623338257,23.04283604135894,2.215657311669128,40.02954209748892,33.67799113737075,0.0,0.1477104874446086,0.1477104874446086,0.0,0.2954209748892171,2
288,2,151,9,154,63,0,1,1,0,0,381,0,3,384,0,"Panchayat Union Middle School, Old Building West Side Facing South, Alaveli","1. Alaveli (R.V) And (P), North East Street ward:1, 2. Alaveli (R.V) And (P), Mettu Street North ward:1, 3. Alaveli (R.V) And (P), Mettu Street West ward:1, 4. Alaveli (R.V) And (P), East Street ward:1, 5. Alaveli (R.V) And (P), Pillaiyarkovil Street ward:1, 999. OVERSEAS ELECTORS",All Voters,Dravida Munnetra Kazhagam,154,151,3,All India Anna Dravida Munnetra Kazhagam,5,2,4,1,3,8,6,6,8,8,0.7874015748031495,0,0.5249343832020997,39.63254593175853,2.362204724409449,40.41994750656168,16.53543307086614,0.0,0.2624671916010499,0.2624671916010499,0.0,0.0,3
289,2,219,36,217,211,1,1,0,0,1,688,0,2,690,0,"Panchayat Union Middle School,West facing East Builiding North Portion,Alaveli","1. Alaveli (R.V) And (P), Kaliyammankoil Street North ward:2, 2. Alaveli (R.V) And (P), Kaliyammankoil Street East ward:2, 3. Alaveli (R.V) And (P), Kaliyammankoil Street South ward:2, 4. Alaveli (R.V) And (P), New Street ward:2, 5. Alaveli (R.V) And (P), Thiruvalluvar Street ward:2, 6. Alaveli (R.V) And (P), Vaikkangarai Street ward:2, 7. Alaveli (R.V) And (P), Elayangudi Pillaiyarkoil Street ward:3, 8. Alaveli (R.V) And (P), Elayangudi Pillaiyarkoil Street ward:3, 9. Alaveli (R.V) And (P), Adaikkalapuram ward:3, 10. Alaveli (R.V) And (P), Adaikkalapuram Mainroad ward:3, 11. Alaveli (R.V) And (P), Elayangudi Mainroad ward:3, 999. OVERSEAS ELECTORS",All Voters,All India Anna Dravida Munnetra Kazhagam,219,217,2,Dravida Munnetra Kazhagam,5,1,4,2,3,6,6,9,9,6,0.2906976744186047,1,0.2906976744186047,31.83139534883721,5.232558139534884,31.54069767441861,30.66860465116279,0.1453488372093023,0.1453488372093023,0.0,0.0,0.1453488372093023,2
290,2,298,19,284,192,0,0,0,1,0,796,0,2,798,0,"Panchayat Union Elementary School, New building north portion west facing, Semangalam","1. Semangalam (R.V) And (P), Erumal Nedunthidal, West Street, Nehru Nagar ward:1, 2. Semangalam (R.V) And (P), Vangal ,Erumal Old Street ward:1, 3. Semangalam (R.V) And (P), Puthupettai, Kandamangalam Street ward:1, 4. Semangalam (R.V) And (P), Koothur West Street ward:1, 5. Semangalam (R.V) And (P), Metu Street, Koonan Street, South Street,Kamarajar Nagar ward:2, 6. Semangalam (R.V) And (P), Periya Agraharam ward:3, 999.
OVERSEAS ELECTORS",All Voters,All India Anna Dravida Munnetra Kazhagam,298,284,14,Dravida Munnetra Kazhagam,5,1,4,2,3,7,7,7,6,7,1.758793969849246,0,0.2512562814070352,37.43718592964824,2.386934673366834,35.67839195979899,24.12060301507537,0.0,0.0,0.0,0.1256281407035176,0.0,3
291,2,319,11,309,158,1,1,1,1,0,803,0,4,807,0,"Panchayat Union Elementary School, New building south portion west facing, Semangalam","1. Semangalam (R.V) And (P), Koothur Big Street,Nandhanar Colony, Atrangarai Street ward:2, 2. Semangalam (R.V) And (P), North Street Colony ward:3, 3. Semangalam (R.V) And (P), North Street ward:3, 4. Semangalam (R.V) And (P), East Street, Sannathi Street ward:3, 5. Semangalam (R.V) And (P), Semangalam Atrangarai Street, Chinna Agraharam ward:3, 6. Semangalam (R.V) And (P), Mariyamman Kovil Street ward:3, 999. OVERSEAS ELECTORS",All Voters,All India Anna Dravida Munnetra Kazhagam,319,309,10,Dravida Munnetra Kazhagam,5,1,4,2,3,6,6,6,6,10,1.2453300124533,0,0.24906600249066,39.72602739726027,1.36986301369863,38.48069738480697,19.67621419676214,0.12453300124533,0.12453300124533,0.12453300124533,0.12453300124533,0.0,3
292,1,195,13,139,87,0,0,1,1,3,440,0,3,443,0,"Panchayat Union Middle School, East Side South Building East Portion, Allivilagam","1. Sembathaniruppu (R.V) And (P), Thenpathi ward:1, 2. Sembathaniruppu (R.V) And (P), Gurumurthypuram ward:2, 3. Sembathaniruppu (R.V) And (P), Nainipuram ward:2, 4. Sembathaniruppu (R.V) And (P), Thoppu Street ward:3, 5. Sembathaniruppu (R.V) And (P), Mainroad ward:3, 6. Sembathaniruppu (R.V) And (P), Pillaiyar Kovil Street ward:4, 999.
OVERSEAS ELECTORS",All Voters,All India Anna Dravida Munnetra Kazhagam,195,139,56,Dravida Munnetra Kazhagam,6,1,4,2,3,9,9,6,6,5,12.72727272727273,3,0.2272727272727273,44.31818181818182,2.954545454545455,31.59090909090909,19.77272727272727,0.0,0.0,0.2272727272727273,0.2272727272727273,0.6818181818181818,3
293,6,208,21,315,211,1,2,1,1,2,768,0,1,769,0,"Sirkali Panchayat Union Middle School, North Facing Building West Portion,
Allivilagam","1. Sembathaniruppu (R.V) And (P), North street ward:4, 2. Sembathaniruppu (R.V) And (P), South Street ward:4, 999. OVERSEAS ELECTORS",All Voters,Dravida Munnetra Kazhagam,315,211,104,Tamilaga Vettri Kazhagam,5,3,4,1,2,8,6,8,8,6,13.54166666666667,2,0.78125,27.08333333333333,2.734375,41.015625,27.47395833333333,0.1302083333333333,0.2604166666666666,0.1302083333333333,0.1302083333333333,0.2604166666666666,2
294,0,273,15,235,156,1,1,0,1,1,683,0,2,685,0,"Panchayat Union Middle School, West Side North Building, Allivilagam","1. Sembathaniruppu (R.V) And (P), Allivilagam ward:3, 2. Sembathaniruppu (R.V) And (P), Mariyamman Koil Street ward:3, 3. Sembathaniruppu (R.V) And (P), Kaliyamman Koil Street ward:3, 4. Sembathaniruppu (R.V) And (P), Allivilagam West Street ward:3, 5. Sembathaniruppu (R.V) And (P), Mainroad ward:3, 6. Sembathaniruppu (R.V) And (P),
Agraharam ward:3, 999. OVERSEAS ELECTORS",All Voters,All India Anna Dravida Munnetra Kazhagam,273,235,38,Dravida Munnetra Kazhagam,9,1,4,2,3,5,5,9,5,5,5.563689604685212,1,0.0,39.97071742313324,2.196193265007321,34.40702781844802,22.84040995607614,0.1464128843338214,0.1464128843338214,0.0,0.1464128843338214,0.1464128843338214,3
295,1,304,15,172,182,1,0,1,0,0,676,0,1,677,0,"Panchayat Union Middle School, East Side South Building West Portion,
Allivilagam","1. Sembathaniruppu (R.V) And (P), Ramarkoil Street ward:4, 2. Sembathaniruppu (R.V) And (P), Pillaiyar Kovil Street ward:4, 3. Sembathaniruppu (R.V) And (P), Allivilagam East Street
ward:3, 999. OVERSEAS ELECTORS",All Voters,All India Anna Dravida Munnetra Kazhagam,304,182,122,Tamilaga Vettri Kazhagam,5,1,4,3,2,5,8,5,8,8,18.04733727810651,0,0.1479289940828402,44.97041420118343,2.218934911242604,25.44378698224852,26.92307692307692,0.1479289940828402,0.0,0.1479289940828402,0.0,0.0,3
296,4,220,30,122,135,0,0,2,2,0,515,0,1,516,0,"Panchayat Union Elementary School, North Side Building West Portion, Radhanallur","1. Radhanallur (R.V) And (P), Kuchipalayam Koil Street ward:1, 2. Radhanallur (R.V) And (P), Parthanpalli ward:1, 3. Radhanallur (R.V) And (P), East Street ward:1, 4. Radhanallur (R.V) And (P), Poosari Street ward:1, 999. OVERSEAS ELECTORS",All Voters,All India Anna Dravida Munnetra Kazhagam,220,135,85,Tamilaga Vettri Kazhagam,5,1,4,3,2,8,8,6,6,8,16.50485436893204,0,0.7766990291262136,42.71844660194174,5.825242718446602,23.68932038834951,26.21359223300971,0.0,0.0,0.3883495145631068,0.3883495145631068,0.0,3
297,3,153,17,203,250,3,1,0,1,1,632,0,2,634,0,"Panchayat Union Elementary School, Western building North Side Facing East, Radhanallur","1. Radhanallur (R.V) And (P), West Street ward:1, 2. Radhanallur (R.V) And (P), Elayamudhu Koodam ward:1, 3. Radhanallur (R.V) And (P), Panchayat Board Street ward:1, 4. Radhanallur (R.V) And (P), Colony Street ward:1, 5. Radhanallur (R.V) And (P),
Kaliyammankoil Street ward:1, 999. OVERSEAS ELECTORS",All Voters,Tamilaga Vettri Kazhagam,250,203,47,Dravida Munnetra Kazhagam,5,3,4,2,1,5,7,10,7,7,7.436708860759493,1,0.4746835443037975,24.20886075949367,2.689873417721519,32.12025316455696,39.55696202531646,0.4746835443037975,0.1582278481012658,0.0,0.1582278481012658,0.1582278481012658,2
298,1,123,14,180,228,2,0,1,1,0,550,0,6,556,0,"Panchayat Union Elementary School, North Side Building East Portion,
Radhanallur","1. Radhanallur (R.V) And (P), Sannanodai ward:1, 2. Radhanallur (R.V) And (P), Anna Nagar ward:2, 3. Radhanallur (R.V) And (P), New Street ward:2, 4. Radhanallur (R.V) And (P),
Dhasarpalayam ward:2, 999. OVERSEAS ELECTORS",All Voters,Tamilaga Vettri Kazhagam,228,180,48,Dravida Munnetra Kazhagam,6,3,4,2,1,5,9,6,6,9,8.727272727272728,0,0.1818181818181818,22.36363636363636,2.545454545454545,32.72727272727273,41.45454545454545,0.3636363636363636,0.0,0.1818181818181818,0.1818181818181818,0.0,2
299,1,112,41,209,243,1,0,1,0,1,609,0,3,612,0,"Panchayat Union Elementary School, West Side Building South Portion Facing East, Radhanallur","1. Radhanallur (R.V) And (P), Kannikovil Street ward:2, 2. Radhanallur (R.V) And (P), Vadaprakasam Street ward:2, 3. Radhanallur (R.V) And (P), Prakasam Street ward:3, 4. Radhanallur (R.V) And (P), South Street ward:3, 5. Radhanallur (R.V) And (P),
Manmadhankoil Street ward:3, 999. OVERSEAS ELECTORS",All Voters,Tamilaga Vettri Kazhagam,243,209,34,Dravida Munnetra Kazhagam,5,3,4,2,1,5,9,5,9,5,5.582922824302135,1,0.1642036124794745,18.39080459770115,6.732348111658457,34.31855500821018,39.90147783251231,0.1642036124794745,0.0,0.1642036124794745,0.0,0.1642036124794745,2
300,1,222,24,84,63,0,0,0,0,0,394,0,1,395,0,"Panchayat Union Elementary School, South facing East Building West portion, Alangadu Radhanallur","1. Radhanallur (R.V) And (P), Pillaiyar Kovil Street ward:3, 2. Radhanallur (R.V) And (P), Mariyamman Kovil Street ward:3, 3. Radhanallur (R.V) And (P), Radhanallur ward:3, 999. OVERSEAS ELECTORS",All Voters,All India Anna Dravida Munnetra Kazhagam,222,84,138,Dravida Munnetra Kazhagam,5,1,4,2,3,6,6,6,6,6,35.0253807106599,0,0.2538071065989848,56.34517766497462,6.091370558375635,21.31979695431472,15.98984771573604,0.0,0.0,0.0,0.0,0.0,3
301,1,291,35,197,165,1,1,0,0,1,692,0,3,695,0,"Panchayat Union Elementary School, South Side Building East Portion Facing North, Alangadu Radhanallur","1. Radhanallur (R.V) And (P), East Street(Alangadu) ward:4, 2. Radhanallur (R.V) And (P), Alangadu ward:4, 3. Radhanallur (R.V) And (P), West Street(Alangadu) ward:4, 4. Radhanallur (R.V) And (P), Valluvan Thoppu ward:4, 999. OVERSEAS ELECTORS",All Voters,All India Anna Dravida Munnetra Kazhagam,291,197,94,Dravida Munnetra Kazhagam,5,1,4,2,3,5,5,9,9,5,13.58381502890173,1,0.1445086705202312,42.05202312138729,5.057803468208093,28.46820809248555,23.84393063583815,0.1445086705202312,0.1445086705202312,0.0,0.0,0.1445086705202312,3
302,1,51,41,332,181,0,2,3,0,1,612,0,0,612,0,"Panchayat Union Middle School, Middle building North Room, Manikramam","1. Manigramam (R.V) And (P), Babujinagar ward:1, 2. Manigramam (R.V) And (P), Seppanthottam ward:1, 3. Manigramam (R.V) And (P), Mainroad ward:1, 4. Manigramam (R.V) And (P), Vadamanigramam ward:1, 5. Manigramam (R.V) And (P), Pallivasal Street
ward:1, 999. OVERSEAS ELECTORS",All Voters,Dravida Munnetra Kazhagam,332,181,151,Tamilaga Vettri Kazhagam,7,3,4,1,2,9,6,5,9,7,24.67320261437909,1,0.1633986928104575,8.333333333333332,6.699346405228758,54.24836601307189,29.57516339869281,0.0,0.326797385620915,0.4901960784313725,0.0,0.1633986928104575,1
303,4,167,117,127,173,0,1,1,0,0,590,0,0,590,0,"Panchayat Union Middle School, Middle Building West Facing South Room, Manikramam","1. Manigramam (R.V) And (P), Salaikara Street ward:1, 2. Manigramam (R.V) And (P), Thenmanigramam ward:3, 3. Manigramam (R.V) And (P), Sampakattali ward:3, 4. Manigramam (R.V) And (P), Keelamanigramam ward:3, 999. OVERSEAS ELECTORS",All Voters,Tamilaga Vettri Kazhagam,173,167,6,All India Anna Dravida Munnetra Kazhagam,5,2,4,3,1,8,6,6,8,8,1.016949152542373,0,0.6779661016949152,28.30508474576271,19.83050847457627,21.52542372881356,29.32203389830508,0.0,0.1694915254237288,0.1694915254237288,0.0,0.0,2
304,2,139,45,180,149,0,0,0,0,0,515,0,1,516,0,"Panchayat Union Middle School, North Side East Portion, Manikramam","1. Manigramam (R.V) And (P), Thachu Street ward:2, 2. Manigramam (R.V) And (P), West Street ward:2, 3. Manigramam (R.V) And (P), Mainroad ward:2, 4. Manigramam (R.V) And (P),
East Street ward:2, 999. OVERSEAS ELECTORS",All Voters,Dravida Munnetra Kazhagam,180,149,31,Tamilaga Vettri Kazhagam,5,3,4,1,2,6,6,6,6,6,6.019417475728155,0,0.3883495145631068,26.99029126213592,8.737864077669903,34.95145631067961,28.93203883495146,0.0,0.0,0.0,0.0,0.0,2
305,1,66,40,153,100,0,1,0,1,2,364,0,1,365,0,"Panchayat Union Middle School,South facing North building west
Portion,Manikramam","1. Manigramam (R.V) And (P), Sampakattalai ward:2, 2. Manigramam (R.V) And (P), South Street ward:3, 3. Manigramam (R.V) And (P), Poosari Street ward:3, 999. OVERSEAS
ELECTORS",All Voters,Dravida Munnetra Kazhagam,153,100,53,Tamilaga Vettri Kazhagam,6,3,4,1,2,9,6,9,6,5,14.56043956043956,2,0.2747252747252747,18.13186813186813,10.98901098901099,42.03296703296704,27.47252747252747,0.0,0.2747252747252747,0.0,0.2747252747252747,0.5494505494505495,2
