Serial No. Of Polling Station,Dravida Munnetra Kazhagam,All India Anna Dravida Munnetra Kazhagam,Naam Tamilar Katchi,All India Puratchi Thalaivar Makkal Munnettra Kazhagam,Tamizhaga Vaazhvurimai Katchi,Communist Party of India (Marxist-Leninist) (Liberation),Makkal Nalvaazhvuk Katchi,Nam Naadu Nam Makkal Nam Ethirkaalam Katchi,Naam Indiar Party,Tamilaga Vettri Kazhagam,Independent,Independent.1,Independent.2,Independent.3,Independent.4,Total of Valid Votes,No. Of Rejected Votes,NOTA,Total,No. Of Tendered Votes,Locality,Building in Which it will be Located,Polling Area,Whether for all Voters or men olny or women only,Dravida Munnetra Kazhagam_Share_%,All India Anna Dravida Munnetra Kazhagam_Share_%,Naam Tamilar Katchi_Share_%,All India Puratchi Thalaivar Makkal Munnettra Kazhagam_Share_%,Tamizhaga Vaazhvurimai Katchi_Share_%,Communist Party of India (Marxist-Leninist) (Liberation)_Share_%,Makkal Nalvaazhvuk Katchi_Share_%,Nam Naadu Nam Makkal Nam Ethirkaalam Katchi_Share_%,Naam Indiar Party_Share_%,Tamilaga Vettri Kazhagam_Share_%,Protest_Vote_Share_%,Independent_Share_%,Winner_Party,Winner_Votes,Runner_Up_Votes,Margin_Of_Victory,Runner_Up_Party,Dravida Munnetra Kazhagam_Rank,All India Anna Dravida Munnetra Kazhagam_Rank,Naam Tamilar Katchi_Rank,All India Puratchi Thalaivar Makkal Munnettra Kazhagam_Rank,Tamizhaga Vaazhvurimai Katchi_Rank,Communist Party of India (Marxist-Leninist) (Liberation)_Rank,Makkal Nalvaazhvuk Katchi_Rank,Nam Naadu Nam Makkal Nam Ethirkaalam Katchi_Rank,Naam Indiar Party_Rank,Tamilaga Vettri Kazhagam_Rank,Independent_Rank,Independent.1_Rank,Independent.2_Rank,Independent.3_Rank,Independent.4_Rank,Margin_Percentage,Total_Independent_Votes
1,331,150,85,2,0,3,0,0,2,397,3,1,0,0,0,974,0,2,976,0,Meelavittan,"T.N.D.T.A.  Primary  School,  Meelavitan","1.Thoothukudi  Corporation  Meelavittan  Block  1  -  Ward  3  ,  2.Thoothukudi Corporation  Kamaraj  Nagar  Block  4  -  Ward  3  ,  3.Thoothukudi Corporation  Yadhavar  Street  Block  1  -  Ward  3  ,  4.Thoothukudi Corporation  East  Street  -  Ward  3  ,  5.Thoothukudi  Corporation  West
Street  -  Ward  3  ,  6.Thoothukudi  Corporation  South  Street  -  Ward  3  , 7.Thoothukudi  Corporation  North  Street  -  Ward  3  ,  8.Thoothukudi
Corporation  Middle  Street  -  Ward  3  ,  9.Thoothukudi  Corporation  Sterlite Quarters  -  Ward  3  -Thamira  1  ,  10.Thoothukudi  Corporation  Kakkan Nagar  -  Ward  3  ,  11.Thoothukudi  Corporation  Arunthadhiar  Street  -  Ward
3  ,  999.OVERSEAS  ELECTORS",All  Voters,33.98357289527721,15.40041067761807,8.726899383983573,0.2053388090349076,0.0,0.3080082135523614,0.0,0.0,0.2053388090349076,40.75975359342916,0.2053388090349076,0.4106776180698152,Tamilaga Vettri Kazhagam,397,331,66,Dravida Munnetra Kazhagam,2,3,4,7,10,5,10,10,7,1,5,9,10,10,10,6.776180698151951,4
2,188,84,37,0,1,1,0,1,0,177,0,1,1,1,0,492,0,2,494,0,Silverpuram,"T.N.D.T.A.  Middle  School,  1st  room  from South,  Silverpuram","1.Thoothukudi  Corporation  Palaiahpuram  -  Ward  3
2.Thoothukudi  Corporation  S.N.R.  Nagar  -  Ward  3  ,  999.OVERSEAS ELECTORS",All  Voters,38.21138211382114,17.07317073170732,7.520325203252034,0.0,0.2032520325203252,0.2032520325203252,0.0,0.2032520325203252,0.0,35.97560975609756,0.4065040650406505,0.6097560975609756,Dravida Munnetra Kazhagam,188,177,11,Tamilaga Vettri Kazhagam,1,3,4,11,5,5,11,5,11,2,11,5,5,5,11,2.235772357723577,3
3,175,47,31,2,0,3,0,0,1,220,0,1,0,0,1,481,0,2,483,0,Silverpuram,"T.N.D.T.A.  Middle  School,  1st  room  from North  Silverpuram","1.Thoothukudi  Corporation  Silverpuram  -  Ward  3  ,
2.Thoothukudi  Corporation  Loushia  Side  -  Ward  3  , 999.OVERSEAS  ELECTORS",All  Voters,36.38253638253639,9.771309771309772,6.444906444906445,0.4158004158004158,0.0,0.6237006237006237,0.0,0.0,0.2079002079002079,45.73804573804574,0.4158004158004158,0.4158004158004158,Tamilaga Vettri Kazhagam,220,175,45,Dravida Munnetra Kazhagam,2,3,4,6,10,5,10,10,7,1,10,7,10,10,7,9.355509355509357,2
4,209,83,76,1,0,2,0,1,1,355,2,0,1,1,0,732,0,5,737,0,"V.M.S.  Nagar, Thoothukudi","I.C.E.  King  of  Kings  Matriculation  Hr.  Sec. School,  Middle  Block,  South  Portion,  U.K.G. B,  V.M.S.  Nagar,  Thoothukudi","1.Thoothukudi  Corporation  Bharathi  Nagar(Chinnakannupuram)  -  Ward 3  ,
2.Thoothukudi  Corporation  Chinnakannupuram  -  Ward  3  , 3.Thoothukudi  Corporation  Bharathi  Nagar  West  -  Ward  3  , 4.Thoothukudi  Corporation  Bharathi  Nagar  East  -  Ward  3  ,
999.OVERSEAS  ELECTORS",All  Voters,28.55191256830601,11.33879781420765,10.38251366120219,0.1366120218579235,0.0,0.273224043715847,0.0,0.1366120218579235,0.1366120218579235,48.49726775956284,0.6830601092896175,0.546448087431694,Tamilaga Vettri Kazhagam,355,209,146,Dravida Munnetra Kazhagam,2,3,4,7,12,5,12,7,7,1,5,12,7,7,12,19.94535519125683,4
5,150,61,41,1,1,1,0,0,4,203,1,0,1,0,1,465,0,2,467,0,"V.M.S.  Nagar, Thoothukudi","I.C.E.  King  of  Kings  Matriculation  Hr.  Sec. School,  Administrative  Block,  1st  room  from south  STD-I  B,  V.M.S.  Nagar,  Thoothukudi","1.Thoothukudi  Corporation  Silverpuram  Slum  Portion  -  Ward  3  ,
2.Thoothukudi  Corporation  V.M.S  Nagar  (Chinnakannupuram  West)  - Ward  3  (Door  No.  from  1  to  1D-250)  ,  999.OVERSEAS  ELECTORS",All  Voters,32.25806451612903,13.11827956989247,8.817204301075268,0.2150537634408602,0.2150537634408602,0.2150537634408602,0.0,0.0,0.8602150537634409,43.65591397849462,0.4301075268817204,0.6451612903225806,Tamilaga Vettri Kazhagam,203,150,53,Dravida Munnetra Kazhagam,2,3,4,6,6,6,12,12,5,1,6,12,6,12,6,11.39784946236559,3
6,151,86,32,0,1,0,1,0,1,260,0,0,0,0,0,532,0,1,533,0,"V.M.S.  Nagar, Thoothukudi","I.C.E.  King  of  Kings  Matriculation  Hr.  Sec. School,  Administrative  Block,  2nd  room  from South,  STD-II,  ,  V.M.S.  Nagar,  Thoothukudi","1.Thoothukudi  Corporation  V.M.S  Nagar  (Chinnakannupuram  West)  - Ward  3  (Door  No.  after  1D-250),  999.OVERSEAS  ELECTORS",All  Voters,28.38345864661654,16.16541353383458,6.015037593984962,0.0,0.1879699248120301,0.0,0.1879699248120301,0.0,0.1879699248120301,48.87218045112782,0.1879699248120301,0.0,Tamilaga Vettri Kazhagam,260,151,109,Dravida Munnetra Kazhagam,2,3,4,8,5,8,5,8,5,1,8,8,8,8,8,20.48872180451128,0
7,178,89,30,6,1,1,0,1,0,243,1,2,0,0,1,553,0,2,555,0,"Bharathi  Nagar, Meelavittan  Road (Near  4th  Railway gate)","Kiddies  World  Play  School,  West  Building, 1st  room  from  South,  Bharathi  Nagar, Meelavittan  Road  (Near  4th  Railway  gate)","1.Thoothukudi  Corporation  Ettayapuram  road  -  Ward  40  (Door  No.  From 1  to  73)  ,  999.OVERSEAS  ELECTORS",All  Voters,32.1880650994575,16.09403254972875,5.424954792043399,1.08499095840868,0.1808318264014467,0.1808318264014467,0.0,0.1808318264014467,0.0,43.94213381555154,0.3616636528028933,0.7233273056057866,Tamilaga Vettri Kazhagam,243,178,65,Dravida Munnetra Kazhagam,2,3,4,5,7,7,12,7,12,1,7,6,12,12,7,11.75406871609403,4
8,159,87,30,10,1,2,0,0,2,289,1,0,0,0,0,581,0,1,582,0,"Bharathi  Nagar, Meelavittan  Road (Near  4th  Railway gate)","Kiddies  World  Play  School,  West  Building, 1st  room  from  North,  Bharathi  Nagar, Meelavittan  Road  (Near  4th  Railway  gate)","1.Thoothukudi  Corporation  Ettayapuram  road  -  Ward  40  (Door  No.  74  to Last)  ,  999.OVERSEAS  ELECTORS",All  Voters,27.36660929432014,14.97418244406196,5.163511187607573,1.721170395869191,0.1721170395869191,0.3442340791738382,0.0,0.0,0.3442340791738382,49.74182444061962,0.1721170395869191,0.1721170395869191,Tamilaga Vettri Kazhagam,289,159,130,Dravida Munnetra Kazhagam,2,3,4,5,8,6,10,10,6,1,8,10,10,10,10,22.37521514629949,1
9,167,49,50,2,2,1,1,0,1,291,0,2,0,0,0,566,0,1,567,0,"Bharathi  Nagar, Meelavittan  Road (Near  4th  Railway gate)","Kiddies  World  Play  School,  North  Building, 2nd  room  from  West,  Bharathi  Nagar, Meelavittan  Road  (Near  4th  Railway  gate)","1.Thoothukudi  Corporation  Ettayapuram  Road  (K.V.K.)  Nagar  -  Ward  39 (Door  No.  From  1  to
55-2M-6)  ,  999.OVERSEAS  ELECTORS",All  Voters,29.50530035335689,8.657243816254418,8.8339222614841,0.353356890459364,0.353356890459364,0.176678445229682,0.176678445229682,0.0,0.176678445229682,51.41342756183745,0.176678445229682,0.353356890459364,Tamilaga Vettri Kazhagam,291,167,124,Dravida Munnetra Kazhagam,2,4,3,5,5,8,8,11,8,1,11,5,11,11,11,21.90812720848056,2
10,146,77,30,8,2,0,0,1,1,281,1,4,0,1,0,552,0,1,553,0,"Bharathi  Nagar, Meelavittan  Road (Near  4th  Railway gate)","Kiddies  World  Play  School,  North  Building, 3rd  room  from  West,  Bharathi  Nagar, Meelavittan  Road  (Near  4th  Railway  gate)","1.Thoothukudi  Corporation  Ettayapuram  Road  (K.V.K.)  Nagar  -  Ward  39 (Door  No.  From  55-2M-7  to  Last)  ,  999.OVERSEAS  ELECTORS",All  Voters,26.44927536231884,13.94927536231884,5.434782608695652,1.449275362318841,0.3623188405797101,0.0,0.0,0.1811594202898551,0.1811594202898551,50.90579710144928,0.1811594202898551,1.08695652173913,Tamilaga Vettri Kazhagam,281,146,135,Dravida Munnetra Kazhagam,2,3,4,5,7,12,12,8,8,1,8,6,12,8,12,24.45652173913043,6
11,87,87,21,2,0,1,0,0,0,255,0,0,0,1,0,454,0,2,456,0,Madathur,"T.N.D.T.A  Middle  School,  1st  room  from south  side,  Madathur","1.Thoothukudi  Corporation  Madathur  Yadhavar  Street  -  Ward  34  ,
2.Thoothukudi  Corporation  Madathur  Arundhathiar  Street  -  Ward  34  , 3.Thoothukudi  Corporation  Madathur  Maravar  Street  -  Ward  34  , 999.OVERSEAS  ELECTORS",All  Voters,19.16299559471366,19.16299559471366,4.625550660792952,0.4405286343612335,0.0,0.2202643171806168,0.0,0.0,0.0,56.16740088105728,0.4405286343612335,0.2202643171806168,Tamilaga Vettri Kazhagam,255,87,168,All India Anna Dravida Munnetra Kazhagam,2,2,4,5,8,6,8,8,8,1,8,8,8,6,8,37.00440528634361,1
12,229,130,66,2,0,2,0,0,2,392,0,0,0,1,0,824,0,4,828,0,Madathur,"T.N.D.T.A  Middle  School,  2nd  room  from south  side,  Madathur","1.Thoothukudi  Corporation  Madathur  -  Ward  34  ,  2.Thoothukudi Corporation  Railway  Quarters  -  Ward  3  ,  3.Thoothukudi  Corporation Diamond  Colony  -  Ward  34  ,  999.OVERSEAS  ELECTORS",All  Voters,27.79126213592233,15.77669902912622,8.009708737864079,0.2427184466019417,0.0,0.2427184466019417,0.0,0.0,0.2427184466019417,47.57281553398058,0.4854368932038834,0.1213592233009709,Tamilaga Vettri Kazhagam,392,229,163,Dravida Munnetra Kazhagam,2,3,4,5,9,5,9,9,5,1,9,9,9,8,9,19.78155339805825,1
13,169,51,40,2,0,1,0,0,2,259,1,2,1,0,0,528,0,1,529,0,Madathur,ICDS  centreMadathur,"1.Thoothukudi  Corporation  Yezhumalaiyan  Nagar  -  Ward  34  ,
2.Thoothukudi  Corporation  Kalloori  Nagar  -  Ward  34  ,  3.Thoothukudi Corporation  Bypass  Road  -  Ward  34  ,  4.Thoothukudi  Corporation  Central Excise  Staff  Quarters  -  Ward  34  ,  5.Thoothukudi  Corporation  Baby  Merin Quarters  -  Ward  34  ,  6.Thoothukudi  Corporation  Duraikani  Nagar Madathur  -  Ward  34  ,  7.Thoothukudi  Corporation  Min  Nagar  -  Ward  34  , 8.Thoothukudi  Corporation  Sundaram  Nagar  -  Ward  34  ,  9.  Thoothukudi Corporation  Sterlite  Quarters  -  Ward  3  -Thamira  2,  999.OVERSEAS ELECTORS",All  Voters,32.00757575757576,9.659090909090908,7.575757575757576,0.3787878787878788,0.0,0.1893939393939394,0.0,0.0,0.3787878787878788,49.0530303030303,0.1893939393939394,0.7575757575757576,Tamilaga Vettri Kazhagam,259,169,90,Dravida Munnetra Kazhagam,2,3,4,5,11,8,11,11,5,1,8,5,8,11,11,17.04545454545454,4
14,252,139,57,5,2,1,3,0,2,415,2,2,1,0,0,881,0,2,883,0,Madathur,"Bon  Secours  Nursery  and  Primary  School, North  building,  2nd  room  from  East, Madathur,  Thoothukudi","1.Thoothukudi  Corporation  Murugesa  Nagar  -  Ward  34  ,
2.  Thoothukudi  Corporation  Thiraviaratna  Nagar, 999.OVERSEAS  ELECTORS",All  Voters,28.6038592508513,15.77752553916005,6.469920544835414,0.5675368898978433,0.2270147559591373,0.1135073779795687,0.340522133938706,0.0,0.2270147559591373,47.105561861521,0.2270147559591373,0.5675368898978433,Tamilaga Vettri Kazhagam,415,252,163,Dravida Munnetra Kazhagam,2,3,4,5,7,11,6,13,7,1,7,7,11,13,13,18.50170261066969,5
15,145,53,33,2,1,0,0,1,2,265,2,1,0,0,0,505,0,2,507,0,Postal  Telegraph Colony,"Eben  Nursery  and  Primary  School,  South building,  1st  room  from  west,  Postal Telegraph  Colony","1.Thoothukudi  Corporation  Telegram  Employees  colony  -  Ward  35  (Door No.  from  1  to  2F-310)  ,  2.Thoothukudi  Corporation  Kokkur  -  Ward  34  , 3.Thoothukudi  Corporation  Mani  Nagar  -  Ward  34  ,  4.Thoothukudi Corporation  Gandhi  Nagar  -  Ward  34  ,  999.OVERSEAS  ELECTORS",All  Voters,28.71287128712871,10.4950495049505,6.534653465346535,0.3960396039603961,0.198019801980198,0.0,0.0,0.198019801980198,0.3960396039603961,52.47524752475248,0.3960396039603961,0.594059405940594,Tamilaga Vettri Kazhagam,265,145,120,Dravida Munnetra Kazhagam,2,3,4,5,8,11,11,8,5,1,5,8,11,11,11,23.76237623762376,3
16,132,93,39,3,2,0,0,0,0,287,0,2,1,0,0,559,0,3,562,0,Postal  Telegraph Colony,"Eben  Nursery  and  Primary  School,  South building,  Middle  portion,  Postal  Telegraph Colony","1.Thoothukudi  Corporation  Telegram  Employees  colony  -  Ward  35  (Door No.  after  2F-310)  ,  999.OVERSEAS  ELECTORS",All  Voters,23.61359570661896,16.63685152057245,6.976744186046512,0.5366726296958855,0.3577817531305904,0.0,0.0,0.0,0.0,51.34168157423971,0.5366726296958855,0.5366726296958855,Tamilaga Vettri Kazhagam,287,132,155,Dravida Munnetra Kazhagam,2,3,4,5,6,9,9,9,9,1,9,6,8,9,9,27.72808586762075,3
17,163,55,30,2,5,1,1,1,1,217,0,1,0,0,1,478,0,3,481,0,Postal  Telegraph Colony,"Eben  Nursery  and  Primary  School,  South building,  1st  room  from  East,  Postal Telegraph  Colony","1.Thoothukudi  Corporation  Telegram  Employees  colony  -  Ward  35  (Door No.  After  2F-1810)
,  999.OVERSEAS  ELECTORS",All  Voters,34.10041841004184,11.50627615062761,6.276150627615062,0.4184100418410042,1.04602510460251,0.2092050209205021,0.2092050209205021,0.2092050209205021,0.2092050209205021,45.39748953974895,0.6276150627615062,0.4184100418410042,Tamilaga Vettri Kazhagam,217,163,54,Dravida Munnetra Kazhagam,2,3,4,6,5,7,7,7,7,1,13,7,13,13,7,11.29707112970711,2
18,183,44,26,2,1,0,0,0,1,202,0,0,1,0,0,460,0,6,466,0,Postal  Telegraph Colony  1st  street,"Leo  Primary  and  Nursery  School,  West Building,  1st  room  from  North,  Postal Telegraph  Colony  1st,  Street,  Thoothukudi","1.Thoothukudi  Corporation  Telegram  Employees  Colony  Block  2  -  Ward 34  (Door  No.  1  to  2F-310)  ,  999.OVERSEAS  ELECTORS",All  Voters,39.78260869565217,9.565217391304348,5.652173913043478,0.4347826086956522,0.2173913043478261,0.0,0.0,0.0,0.2173913043478261,43.91304347826087,1.304347826086957,0.2173913043478261,Tamilaga Vettri Kazhagam,202,183,19,Dravida Munnetra Kazhagam,2,3,4,5,6,9,9,9,6,1,9,9,6,9,9,4.130434782608695,1
19,181,52,28,4,1,1,0,0,0,234,0,2,0,0,0,503,0,3,506,0,Postal  Telegraph Colony  1st  street,"Leo  Primary  and  Nursery  School,  West Building,  2nd  room  from  North,  Postal Telegraph  Colony  1st,  Street,  Thoothukudi","1.Thoothukudi  Corporation  Telegram  Employees  Colony  Block  2  -  Ward 34  (Door  No.  After  2F-310  to  2F-782)  ,  999.OVERSEAS  ELECTORS",All  Voters,35.98409542743538,10.33797216699801,5.566600397614314,0.7952286282306162,0.1988071570576541,0.1988071570576541,0.0,0.0,0.0,46.52087475149106,0.5964214711729622,0.3976143141153081,Tamilaga Vettri Kazhagam,234,181,53,Dravida Munnetra Kazhagam,2,3,4,5,7,7,9,9,9,1,9,6,9,9,9,10.53677932405567,2
20,189,54,35,1,0,0,0,0,0,249,1,0,0,0,0,529,0,3,532,0,Postal  Telegraph Colony  1st  street,"Leo  Primary  and  Nursery  School,  West Building,  2nd  room  from  South,  Postal Telegraph  Colony  1st,  Street,  Thoothukudi","1.Thoothukudi  Corporation  Telegram  Employees  Colony  Block  2  -  Ward 34  (Door  No.  After  2F-782  to  2F-1500)  ,  999.OVERSEAS  ELECTORS",All  Voters,35.72778827977316,10.20793950850662,6.61625708884688,0.1890359168241966,0.0,0.0,0.0,0.0,0.0,47.06994328922495,0.5671077504725899,0.1890359168241966,Tamilaga Vettri Kazhagam,249,189,60,Dravida Munnetra Kazhagam,2,3,4,5,7,7,7,7,7,1,5,7,7,7,7,11.3421550094518,1
21,158,56,26,4,0,0,0,0,0,167,1,0,0,0,0,412,0,1,413,0,Postal  Telegraph Colony  1st  street,"Leo  Primary  and  Nursery  School,  West Building,  1st  room  from  South,  Postal Telegraph  Colony  1st,  Street,  Thoothukudi","1.Thoothukudi  Corporation  Telegram  Employees  Colony  Block  2  -  Ward 34  (Door  No.  After  2F-1501)  ,  999.OVERSEAS  ELECTORS",All  Voters,38.34951456310679,13.59223300970874,6.310679611650485,0.9708737864077669,0.0,0.0,0.0,0.0,0.0,40.53398058252427,0.2427184466019417,0.2427184466019417,Tamilaga Vettri Kazhagam,167,158,9,Dravida Munnetra Kazhagam,2,3,4,5,7,7,7,7,7,1,6,7,7,7,7,2.184466019417476,1
22,185,82,40,4,0,0,1,3,0,327,1,0,0,0,0,643,0,4,647,0,Postal  Telegraph Colony  9th  street,"Corporation  Community  Hall,  East  Portion, Postal  Telegraph  Colony  9th  Street","1.Thoothukudi  Corporation  Kathirvel  Nagar  -  Ward  34  (Door  No.  1  to 2H-581),  ,  999.OVERSEAS  ELECTORS",All  Voters,28.77138413685848,12.75272161741835,6.220839813374806,0.6220839813374806,0.0,0.0,0.1555209953343701,0.4665629860031105,0.0,50.85536547433903,0.6220839813374806,0.1555209953343701,Tamilaga Vettri Kazhagam,327,185,142,Dravida Munnetra Kazhagam,2,3,4,5,9,9,7,6,9,1,7,9,9,9,9,22.08398133748056,1
23,192,86,66,1,0,2,0,2,0,457,0,0,0,0,0,806,0,8,814,0,Postal  Telegraph Colony  9th  street,"Corporation  Community  Hall,  West  Portion, Postal  Telegraph  Colony  9th  Street","1.Thoothukudi  Corporation  Kathirvel  Nagar  -  Ward  34  (Door  No.  After 2H-581),  ,  999.OVERSEAS  ELECTORS",All  Voters,23.82133995037221,10.66997518610422,8.188585607940446,0.1240694789081886,0.0,0.2481389578163772,0.0,0.2481389578163772,0.0,56.69975186104218,0.9925558312655087,0.0,Tamilaga Vettri Kazhagam,457,192,265,Dravida Munnetra Kazhagam,2,3,4,7,8,5,8,5,8,1,8,8,8,8,8,32.87841191066997,0
24,99,95,31,4,1,0,1,1,1,240,2,1,0,0,0,476,0,0,476,0,"Tamil  nadu  Housing Board  Colony, Millerpuram","B.M.C.  Hr.  Sec.  School,  North  Building,  2nd room  from  East,  TNHB  Colony,  Millerpuram","1.Thoothukudi  Corporation  Magilchipuram  -  Ward  3  ,  999.OVERSEAS ELECTORS",All  Voters,20.79831932773109,19.95798319327731,6.512605042016808,0.8403361344537815,0.2100840336134454,0.0,0.2100840336134454,0.2100840336134454,0.2100840336134454,50.42016806722689,0.0,0.6302521008403361,Tamilaga Vettri Kazhagam,240,99,141,Dravida Munnetra Kazhagam,2,3,4,5,7,12,7,7,7,1,6,7,12,12,12,29.6218487394958,3
25,127,127,52,1,0,0,0,0,0,294,1,1,0,0,1,604,0,5,609,0,"Tamil  nadu  Housing Board  Colony, Millerpuram","B.M.C.  Hr.  Sec.  School,  North  Building,  3rd room  from  East,  TNHB  Colony,  Millerpuram","1.  Thoothukudi  Corporation  Rajagopal  Nagar  -  Ward  3  (Door  No.  1  to 1G-245)  ,  999.OVERSEAS  ELECTORS",All  Voters,21.02649006622516,21.02649006622516,8.609271523178808,0.1655629139072848,0.0,0.0,0.0,0.0,0.0,48.67549668874172,0.8278145695364238,0.4966887417218543,Tamilaga Vettri Kazhagam,294,127,167,All India Anna Dravida Munnetra Kazhagam,2,2,4,5,9,9,9,9,9,1,5,5,9,9,5,27.64900662251656,3
26,98,99,43,1,0,0,0,1,0,275,0,0,0,0,0,517,0,2,519,0,"Tamil  nadu  Housing Board  Colony, Millerpuram","B.M.C.  Hr.  Sec.  School,  North  Building,  4th room  from  East,  TNHB  Colony,  Millerpuram","1.  Thoothukudi  Corporation  Rajagopal  Nagar  -  Ward  3  (Door  No.  After 1G-246  to  1G-450)  ,  999.OVERSEAS  ELECTORS",All  Voters,18.95551257253385,19.14893617021277,8.317214700193423,0.1934235976789168,0.0,0.0,0.0,0.1934235976789168,0.0,53.19148936170212,0.3868471953578337,0.0,Tamilaga Vettri Kazhagam,275,99,176,All India Anna Dravida Munnetra Kazhagam,3,2,4,5,7,7,7,5,7,1,7,7,7,7,7,34.04255319148936,0
27,156,124,38,1,0,1,1,1,1,298,3,2,1,0,0,627,0,1,628,0,"Tamil  nadu  Housing Board  Colony, Millerpuram","B.M.C.  Hr.  Sec.  School,  North  Building,  5th room  from  East,  TNHB  Colony,  Millerpuram","1.Thoothukudi  Corporation  Rajagopal  Nagar  -  Ward  3  (Door  No.  1G-451 to  1G-720)  ,  999.OVERSEAS  ELECTORS",All  Voters,24.88038277511962,19.77671451355662,6.060606060606061,0.1594896331738437,0.0,0.1594896331738437,0.1594896331738437,0.1594896331738437,0.1594896331738437,47.52791068580542,0.1594896331738437,0.9569377990430622,Tamilaga Vettri Kazhagam,298,156,142,Dravida Munnetra Kazhagam,2,3,4,7,13,7,7,7,7,1,5,6,7,13,13,22.64752791068581,6
28,125,88,37,2,0,0,0,0,1,253,0,1,2,0,0,509,0,5,514,0,"Tamil  nadu  Housing Board  Colony, Millerpuram","B.M.C.  Hr.  Sec.  School,  North  Building,  6th room  from  East,  (Next  to  Office  room),  TNHB Colony,  Millerpuram","1.Thoothukudi  Corporation  Rajagopal  Nagar  -  Ward  3  (Door  No.  After 1G-721)  ,  999.OVERSEAS  ELECTORS",All  Voters,24.55795677799607,17.28880157170923,7.269155206286837,0.3929273084479371,0.0,0.0,0.0,0.0,0.1964636542239686,49.70530451866404,0.9823182711198428,0.5893909626719057,Tamilaga Vettri Kazhagam,253,125,128,Dravida Munnetra Kazhagam,2,3,4,5,9,9,9,9,7,1,9,7,5,9,9,25.14734774066797,3
29,240,87,60,4,0,0,0,0,0,361,1,0,0,0,0,753,0,2,755,0,"Tamil  nadu  Housing Board  Colony, Millerpuram","B.M.C.  Hr.  Sec.  School,  West  Building,  2nd room  from  North,  TNHB  Colony,  Millerpuram","1.Thoothukudi  Corporation  Millerpuram  Housing  Board  -  Ward  3  (Door No.  1001  to  1H-1400)  ,  999.OVERSEAS  ELECTORS",All  Voters,31.87250996015936,11.55378486055777,7.968127490039841,0.5312084993359893,0.0,0.0,0.0,0.0,0.0,47.94156706507304,0.2656042496679947,0.1328021248339973,Tamilaga Vettri Kazhagam,361,240,121,Dravida Munnetra Kazhagam,2,3,4,5,7,7,7,7,7,1,6,7,7,7,7,16.06905710491368,1
30,140,66,32,1,0,0,1,0,0,283,0,2,0,0,0,525,0,5,530,0,"Tamil  nadu  Housing Board  Colony, Millerpuram","B.M.C.  Hr.  Sec.  School,  West  Building,  4th room  from  North,  TNHB  Colony,  Millerpuram","1.Thoothukudi  Corporation  Millerpuram  Housing  Board  -  Ward  3  (Door No.  After  1H-1401)  ,  999.OVERSEAS  ELECTORS",All  Voters,26.66666666666667,12.57142857142857,6.095238095238095,0.1904761904761905,0.0,0.0,0.1904761904761905,0.0,0.0,53.9047619047619,0.9523809523809524,0.3809523809523809,Tamilaga Vettri Kazhagam,283,140,143,Dravida Munnetra Kazhagam,2,3,4,6,8,8,6,8,8,1,8,5,8,8,8,27.23809523809524,2
31,142,53,35,0,0,0,0,1,0,250,2,1,0,0,0,484,0,2,486,0,"Tamil  nadu  Housing Board  Colony, Millerpuram","B.M.C.  Hr.  Sec.  School,  West  Building,  6th room  from  North,  TNHB  Colony,  Millerpuram","1.Thoothukudi  Corporation  Millerpuram  Housing  Board  -  Ward  3  (Door No.  After  1K-1)  ,  999.OVERSEAS  ELECTORS",All  Voters,29.33884297520661,10.9504132231405,7.231404958677685,0.0,0.0,0.0,0.0,0.2066115702479339,0.0,51.65289256198346,0.4132231404958678,0.6198347107438017,Tamilaga Vettri Kazhagam,250,142,108,Dravida Munnetra Kazhagam,2,3,4,8,8,8,8,6,8,1,5,6,8,8,8,22.31404958677686,3
32,166,60,38,1,0,0,1,1,1,207,0,0,0,0,0,475,0,6,481,0,"Tamil  nadu  Housing Board  Colony, Millerpuram","BMC  Matriculation  Hr.  Sec.  School,  GB Block,  Main  Building,  Room  No.  22,TNHB Colony,  Millerpuram","1.Thoothukudi  Corporation  Annai  Theresa  Nagar  -  Ward  3  , 999.OVERSEAS  ELECTORS",All  Voters,34.94736842105263,12.63157894736842,8.0,0.2105263157894737,0.0,0.0,0.2105263157894737,0.2105263157894737,0.2105263157894737,43.57894736842105,1.263157894736842,0.0,Tamilaga Vettri Kazhagam,207,166,41,Dravida Munnetra Kazhagam,2,3,4,5,9,9,5,5,5,1,9,9,9,9,9,8.631578947368421,0
33,156,105,30,0,1,0,0,0,1,323,0,2,0,0,0,618,0,1,619,0,"Tamil  nadu  Housing Board  Colony, Millerpuram","BMC  Matriculation  Hr.  Sec.  School,  GB Block,  Main  Building,  Room  No.  24,TNHB Colony,  Millerpuram","1.Thoothukudi  Corporation  Annanagar  12th  Street  West  Magilchipuram  - Ward  37  ,  2.Thoothukudi  Corporation  Annanagar  West  Mangalapuram  - Ward  37  ,  3.Thoothukudi  Corporation  Burma  Colony  -  Ward  3  ,
4.Thoothukudi  Corporation  Vishnupuri  -  Ward  34  ,  999.OVERSEAS
ELECTORS",All  Voters,25.24271844660194,16.99029126213592,4.854368932038835,0.0,0.1618122977346279,0.0,0.0,0.0,0.1618122977346279,52.26537216828478,0.1618122977346279,0.3236245954692557,Tamilaga Vettri Kazhagam,323,156,167,Dravida Munnetra Kazhagam,2,3,4,8,6,8,8,8,6,1,8,5,8,8,8,27.02265372168285,2
34,151,74,34,2,1,0,0,0,1,234,0,0,0,0,0,497,0,5,502,0,"Tamil  nadu  Housing Board  Colony, Millerpuram","BMC  Matriculation  Hr.  Sec.  School,  GB Block,  Main  Building,  Room  No.  25,TNHB Colony,  Millerpuram","1.Thoothukudi  Corporation  Millerpuram  Housing  Board  -  Ward  3  (Door No.  1  to  1H-350)  ,  999.OVERSEAS  ELECTORS",All  Voters,30.38229376257545,14.88933601609658,6.841046277665996,0.4024144869215292,0.2012072434607646,0.0,0.0,0.0,0.2012072434607646,47.08249496981891,1.006036217303823,0.0,Tamilaga Vettri Kazhagam,234,151,83,Dravida Munnetra Kazhagam,2,3,4,5,6,8,8,8,6,1,8,8,8,8,8,16.70020120724346,0
35,129,70,42,2,1,0,0,1,0,233,0,1,0,1,0,480,0,3,483,0,"Tamil  nadu  Housing Board  Colony, Millerpuram","BMC  Matriculation  Hr.  Sec.  School,  GA Block,  Main  Building,  Room  No.  12,TNHB Colony,  Millerpuram","1.Thoothukudi  Corporation  Millerpuram  Housing  Board  -  Ward  3  (Door No.  1H-351  to  1H-550)  ,  999.OVERSEAS  ELECTORS",All  Voters,26.875,14.58333333333333,8.75,0.4166666666666667,0.2083333333333333,0.0,0.0,0.2083333333333333,0.0,48.54166666666666,0.625,0.4166666666666667,Tamilaga Vettri Kazhagam,233,129,104,Dravida Munnetra Kazhagam,2,3,4,5,6,10,10,6,10,1,10,6,10,6,10,21.66666666666667,2
36,175,73,36,1,0,0,0,0,0,279,0,0,0,0,0,564,0,4,568,0,"Tamil  nadu  Housing Board  Colony, Millerpuram","B.M.C.  Matriculation  Hr.  Sec.  School,  GA Block,  Room  No.13,  TNHB  Colony, Millerpuram","1.Thoothukudi  Corporation  Millerpuram  Housing  Board  -  Ward  3  (Door No.  1H-551  to  1H-850)  ,  999.OVERSEAS  ELECTORS",All  Voters,31.02836879432624,12.94326241134752,6.382978723404255,0.1773049645390071,0.0,0.0,0.0,0.0,0.0,49.46808510638298,0.7092198581560284,0.0,Tamilaga Vettri Kazhagam,279,175,104,Dravida Munnetra Kazhagam,2,3,4,5,6,6,6,6,6,1,6,6,6,6,6,18.43971631205673,0
37,111,55,33,1,0,0,0,0,0,259,0,0,0,0,0,459,0,2,461,0,"Tamil  nadu  Housing Board  Colony, Millerpuram","B.M.C.  Matriculation  Hr.  Sec.  School,  GA Block,  Room  No.18,  TNHB  Colony, Millerpuram","1.Thoothukudi  Corporation  Millerpuram  Housing  Board  -  Ward  3  (Door No.  Above  1H-851  to  1H-1000)  ,  999.OVERSEAS  ELECTORS",All  Voters,24.18300653594771,11.98257080610022,7.18954248366013,0.2178649237472767,0.0,0.0,0.0,0.0,0.0,56.42701525054466,0.4357298474945534,0.0,Tamilaga Vettri Kazhagam,259,111,148,Dravida Munnetra Kazhagam,2,3,4,5,6,6,6,6,6,1,6,6,6,6,6,32.24400871459695,0
38,207,139,38,20,0,0,2,1,0,347,0,4,0,0,1,759,0,3,762,0,"Kamaraj  Nagar  2nd Street,  3rd  Mile,
Thoothukudi","Sakthi  Vidyalaya  Matriculation  School,  Main Building  West  Portion,  Kamaraj  Nagar  2nd Street,  3rd  Mile,  Thoothukudi","1.Thoothukudi  Corporation  Indira  Nagar  -  Ward  48  ,  999.OVERSEAS ELECTORS",All  Voters,27.27272727272727,18.31357048748353,5.006587615283268,2.635046113306983,0.0,0.0,0.2635046113306983,0.1317523056653492,0.0,45.71805006587616,0.3952569169960474,0.6587615283267457,Tamilaga Vettri Kazhagam,347,207,140,Dravida Munnetra Kazhagam,2,3,4,5,10,10,7,8,10,1,10,6,10,10,8,18.44532279314888,5
39,250,139,58,32,0,1,2,2,2,408,3,2,1,0,1,901,0,3,904,0,"Kamaraj  Nagar  2nd Street,  3rd  Mile,
Thoothukudi","Sakthi  Vidyalaya  Matriculation  School,  Main Building  East  Portion,  Kamaraj  Nagar  2nd Street,  3rd  Mile,  Thoothukudi","1.Thoothukudi  Corporation  Thiru.V.K.  Nagar  -  Ward  48  ,  999.OVERSEAS ELECTORS",All  Voters,27.74694783573807,15.42730299667037,6.437291897891232,3.551609322974473,0.0,0.1109877913429523,0.2219755826859046,0.2219755826859046,0.2219755826859046,45.28301886792453,0.3329633740288568,0.776914539400666,Tamilaga Vettri Kazhagam,408,250,158,Dravida Munnetra Kazhagam,2,3,4,5,14,11,7,7,7,1,6,7,11,14,11,17.53607103218646,7
40,168,86,21,2,0,0,0,0,0,190,0,1,1,0,0,469,0,5,474,0,"Millerpuram, Ganesh  nagar","A.M.M.  Chinnamani  Nadar  High  School (Primary  Block),  South  building,  2nd  room from  West,  Millerpuram","1.Thoothukudi  Corporation  N.G.O.  Colony  -  Ward  48  ,  999.OVERSEAS ELECTORS",All  Voters,35.82089552238806,18.33688699360341,4.477611940298507,0.4264392324093816,0.0,0.0,0.0,0.0,0.0,40.51172707889125,1.066098081023454,0.4264392324093816,Tamilaga Vettri Kazhagam,190,168,22,Dravida Munnetra Kazhagam,2,3,4,5,8,8,8,8,8,1,8,6,6,8,8,4.690831556503198,2
41,149,48,18,4,0,0,0,1,0,177,2,0,0,0,1,400,0,1,401,0,"Millerpuram, Ganesh  nagar","A.M.M.  Chinnamani  Nadar  High  School (Primary  Block),  South  building,  3rd  room from  East,  Millerpuram","1.Thoothukudi  Corporation  Housing  Board  Ganesa  Nagar  -  Ward  48  , 999.OVERSEAS  ELECTORS",All  Voters,37.25,12.0,4.5,1.0,0.0,0.0,0.0,0.25,0.0,44.25,0.25,0.75,Tamilaga Vettri Kazhagam,177,149,28,Dravida Munnetra Kazhagam,2,3,4,5,9,9,9,7,9,1,6,9,9,9,7,7.000000000000001,3
41,122,38,18,5,0,1,0,0,0,239,0,0,1,0,0,424,0,0,424,0,"Millerpuram, Ganesh  nagar","A.M.M.  Chinnamani  Nadar  High  School (Primary  Block),  South  building,  3rd  room from  East,  Millerpuram","1.Thoothukudi  Corporation  Housing  Board  Ganesa  Nagar  -  Ward  48  , 999.OVERSEAS  ELECTORS",All  Voters,28.77358490566038,8.962264150943396,4.245283018867925,1.179245283018868,0.0,0.2358490566037736,0.0,0.0,0.0,56.36792452830188,0.0,0.2358490566037736,Tamilaga Vettri Kazhagam,239,122,117,Dravida Munnetra Kazhagam,2,3,4,5,8,6,8,8,8,1,8,8,6,8,8,27.59433962264151,1
43,139,76,20,3,0,0,0,0,0,192,3,0,0,0,1,434,0,1,435,0,Millerpuram,"V.O.  Chidambaram  College,  Geology
department  block,  Class:  GG3-II  B.Sc., Geology,  Millerpuram","1.Thoothukudi  Corporation  3rd  Mile  Pudukudi  Street  2  -  Ward  35  , 2.Thoothukudi  Corporation  Teacher  Colony  Main  -  Ward  35  ,
3.Thoothukudi  Corporation  Teacher  Colony  West  -  Ward  35  ,
999.OVERSEAS  ELECTORS",All  Voters,32.02764976958525,17.51152073732719,4.608294930875577,0.6912442396313364,0.0,0.0,0.0,0.0,0.0,44.23963133640553,0.2304147465437788,0.9216589861751152,Tamilaga Vettri Kazhagam,192,139,53,Dravida Munnetra Kazhagam,2,3,4,5,8,8,8,8,8,1,5,8,8,8,7,12.21198156682028,4
44,206,106,26,4,0,0,0,5,1,351,0,3,1,0,0,703,0,2,705,0,Millerpuram,"V.O.  Chidambaram  College,  Geology
department  block,  Class:  GG4-III  B.Sc., Geology,  Millerpuram,","1.Thoothukudi  Corporation  Palai  Road  West  Main  -  Ward  35  ,
2.Thoothukudi  Corporation  Palai  road  West  Pathinathapuram  -  Ward  35  , 3.Thoothukudi  Corporation  Palai  Road  West  3rd  Mile  Polytechnic Compound  -  Ward  35  ,  4.Thoothukudi  Corporation  V.O.C  College Quarters  -  Ward  35  ,  5.Thoothukudi  Corporation  Sankar  Colony  -  Ward 35  ,  6.Thoothukudi  Corporation  Kandan  Colony  -  Ward  35  ,
7.Thoothukudi  Corporation  Ganesh  Nagar  -  Ward  48  ,  8.Thoothukudi Corporation  N.G.O.Colony  Main  -  Ward  48  ,  9.Thoothukudi  Corporation N.G.O.Colony  -  Ward  48  ,  10.Thoothukudi  Corporation  All  India  Radio Quaters  -  Ward  35  ,  11.Thoothukudi  Corporation  T.M.B  Colony  -  Ward  36
,  999.OVERSEAS  ELECTORS",All  Voters,29.30298719772404,15.07823613086771,3.698435277382646,0.5689900426742532,0.0,0.0,0.0,0.7112375533428165,0.1422475106685633,49.92887624466572,0.2844950213371266,0.5689900426742532,Tamilaga Vettri Kazhagam,351,206,145,Dravida Munnetra Kazhagam,2,3,4,6,10,10,10,5,8,1,10,7,8,10,10,20.62588904694168,4
45,164,68,26,2,1,1,0,0,0,162,0,0,0,0,0,424,0,3,427,0,Millerpuram,"V.O.  Chidambaram  College,  Physics department  block,  Class  PG1-I  BBA, Millerpuram","1.Thoothukudi  Corporation  Palai  Road  West  Main  -  Ward  35  , 2.Thoothukudi  Corporation  Kamarajar  Nagar  West  -  Ward  49  , 3.Thoothukudi  Corporation  Kamaraj  Nagar  Main  -  Ward  49  ,
4.Thoothukudi  Corporation  Palai  road  West  Jeylani  Colony  -  Ward  35  , 5.Thoothukudi  Corporation  Palai  Road  West  Sankar  Colony  -  Ward  35  , 6.Thoothukudi  Corporation  Sankar  Colony  -  Ward  35,  999.OVERSEAS
ELECTORS",All  Voters,38.67924528301887,16.0377358490566,6.132075471698113,0.4716981132075472,0.2358490566037736,0.2358490566037736,0.0,0.0,0.0,38.20754716981132,0.7075471698113208,0.0,Dravida Munnetra Kazhagam,164,162,2,Tamilaga Vettri Kazhagam,1,3,4,5,6,6,8,8,8,2,8,8,8,8,8,0.4716981132075472,0
46,134,49,31,3,0,0,1,1,1,162,1,0,0,0,1,384,0,6,390,0,Millerpuram,"St.  Marys  Boys  Hr.sec.school,  Administrative Block,  3rd  room  from  East  STD  XII  A, Millerpuram","1.Thoothukudi  Corporation  3rd  Mile  Pudukkudi  -  Ward  35  ,
2.Thoothukudi  Corporation  Kandhan  colony  -  Ward  35  ,  3.Thoothukudi Corporation  Teachers  Colony  West  -  Ward  35  ,  4.Thoothukudi Corporation  Fisheries  College  Quarters  -  Ward  35  ,  5.Thoothukudi Corporation  Teachers  Colony  East  -  Ward  35  ,  6.Thoothukudi  Corporation Kamarajar  Nagar  East  -  Ward  42  ,  7.Thoothukudi  Corporation  Palai  road 3rd  Mile  -Ward  35  ,  8.Thoothukudi  Corporation  Pathinathapuram  -  Ward 42  ,  9.Thoothukudi  Corporation  Ganesh  Nagar  Main  -  Ward  35  ,
10.Thoothukudi  Corporation  Devaki  Nagar  Main  -  Ward  35  , 11.Thoothukudi  Corporation  P  &  T  Colony  East  -  Ward  35  , 12.Thoothukudi  Corporation  P  &  T  Colony  main  -  Ward  35  ,
13.Thoothukudi  Corporation  Ashok  Nagar  -  Ward  35  ,  14.Thoothukudi Corporation  All  India  Radio  Housing  Board  -  Ward  35  ,  15.Thoothukudi
Corporation  Ashok  Nagar  -  Ward  35  ,  999.OVERSEAS  ELECTORS",All  Voters,34.89583333333333,12.76041666666667,8.072916666666668,0.78125,0.0,0.0,0.2604166666666666,0.2604166666666666,0.2604166666666666,42.1875,1.5625,0.5208333333333333,Tamilaga Vettri Kazhagam,162,134,28,Dravida Munnetra Kazhagam,2,3,4,5,11,11,6,6,6,1,6,11,11,11,6,7.291666666666667,2
47,107,53,19,0,0,0,0,0,1,171,2,0,0,0,1,354,0,0,354,0,Millerpuram,"St.  Marys  Boys  Hr.sec.school,  Administrative Block,  1st  room  from  East  STD  XII  D, Millerpuram","1.Thoothukudi  Corporation  Chinnamani  Nagar  -  Ward  35  ,
2.Thoothukudi  Corporation  Annanagar  3rd  Street  West  -  Ward  36  , 999.OVERSEAS  ELECTORS",All  Voters,30.22598870056497,14.97175141242938,5.367231638418079,0.0,0.0,0.0,0.0,0.0,0.2824858757062147,48.30508474576271,0.0,0.847457627118644,Tamilaga Vettri Kazhagam,171,107,64,Dravida Munnetra Kazhagam,2,3,4,8,8,8,8,8,6,1,5,8,8,8,6,18.07909604519774,3
48,150,83,29,1,1,1,0,0,0,286,1,1,0,1,1,555,0,5,560,0,Millerpuram,"St.  Marys  Boys  Hr.sec.school,  Centenary Block,  1st  room  from  West  STD  XII  E, Millerpuram","1.Thoothukudi  Corporation  Ceylon  Colony  -  Ward  48  , 2.Thoothukudi  Corporation  Millerpuram  -  Ward  35, 999.OVERSEAS  ELECTORS",All  Voters,27.02702702702703,14.95495495495495,5.225225225225225,0.1801801801801802,0.1801801801801802,0.1801801801801802,0.0,0.0,0.0,51.53153153153153,0.9009009009009009,0.7207207207207207,Tamilaga Vettri Kazhagam,286,150,136,Dravida Munnetra Kazhagam,2,3,4,5,5,5,12,12,12,1,5,5,12,5,5,24.5045045045045,4
49,136,58,24,5,1,1,0,0,2,205,1,0,0,0,0,433,0,0,433,0,Millerpuram,"St.  Marys  Boys  Hr.sec.school,  Centenary Block,  3rd  room  from  West  STD  VII  C, Millerpuram","1.Thoothukudi  Corporation  Palayamkottai  Road  (West)  Main  -  Ward  35  , 2.Thoothukudi  Corporation  Sankar  Colony  (Palai  Road  Main)  -  Ward  35  , 3.Thoothukudi  Corporation  Kandan  Colony  -  Ward  35  ,
999.OVERSEAS  ELECTORS",All  Voters,31.40877598152425,13.39491916859122,5.542725173210162,1.15473441108545,0.2309468822170901,0.2309468822170901,0.0,0.0,0.4618937644341801,47.34411085450346,0.0,0.2309468822170901,Tamilaga Vettri Kazhagam,205,136,69,Dravida Munnetra Kazhagam,2,3,4,5,7,7,10,10,6,1,7,10,10,10,10,15.93533487297922,1
50,145,52,40,5,0,0,0,0,0,200,0,0,0,0,1,443,0,3,446,0,Millerpuram,"St.  Marys  Boys  Hr.sec.school,  East  Building, 2nd  room  from  North,  STD  XI  'E', Millerpuram","1.Thoothukudi  Corporation  Teachers  Colony  Main  -  Ward  35  , 2.Thoothukudi  Corporation  Teachers  Colony  West  -  Ward  35
3.Thoothukudi  Corporation  T.M.B.  colony  1st  Street  -  Ward  36  , 4.Thoothukudi  Corporation  Palayamkottai  Road  -  Ward  35  ,
5.Thoothukudi  Corporation  Palayamkottai  Road  West  -  Ward  35  , 6.Thoothukudi  Corporation  All  India  Radio  Quarters  -  Ward  35  ,
999.OVERSEAS  ELECTORS",All  Voters,32.7313769751693,11.73814898419865,9.029345372460497,1.128668171557562,0.0,0.0,0.0,0.0,0.0,45.14672686230249,0.6772009029345373,0.2257336343115124,Tamilaga Vettri Kazhagam,200,145,55,Dravida Munnetra Kazhagam,2,3,4,5,7,7,7,7,7,1,7,7,7,7,6,12.41534988713318,1
51,148,44,21,3,1,0,0,0,0,186,1,1,0,0,0,405,0,2,407,0,Millerpuram,"St.  Marys  Boys  Hr.sec.school,  East  Building, 3rd  room  from  North,  STD  XI  A,  Millerpuram","1.  Thoothukudi  Corporation  Ashok  Nagar  -  Ward  35  ,
2.Thoothukudi  Corporation  Kamaraj  Nagar  Main  -  Ward  42  , 3.Thoothukudi  Corporation  Kamaraj  Nagar  West  -  Ward  42  , 4.Thoothukudi  Corporation  3rd  Mile  Pudukudi  1  -  Ward  35
5.Thoothukudi  Corporation  Doovipuram  West  Anna  Nagar  -  Ward  37  ,  ,
999.OVERSEAS  ELECTORS",All  Voters,36.54320987654321,10.8641975308642,5.185185185185185,0.7407407407407408,0.2469135802469136,0.0,0.0,0.0,0.0,45.92592592592592,0.4938271604938271,0.4938271604938271,Tamilaga Vettri Kazhagam,186,148,38,Dravida Munnetra Kazhagam,2,3,4,5,6,9,9,9,9,1,6,6,9,9,9,9.382716049382717,2
52,129,48,22,9,0,1,0,0,0,222,0,1,0,0,0,432,0,7,439,0,Millerpuram,"St.  Marys  Boys  Hr.sec.school,  East  Building, 4th  room  from  North,  STD  XI  B,  Millerpuram","1.Thoothukudi  Corporation  Kamaraj  Nagar  East  -  Ward  42  ,
2.Thoothukudi  Corporation  3rd  Mile  (Palai  Road  West)  -  Ward  35  , 3.Thoothukudi  Corporation  Rajeev  Nagar  -  Ward  3, 999.OVERSEAS  ELECTORS",All  Voters,29.86111111111111,11.11111111111111,5.092592592592593,2.083333333333333,0.0,0.2314814814814815,0.0,0.0,0.0,51.38888888888889,1.62037037037037,0.2314814814814815,Tamilaga Vettri Kazhagam,222,129,93,Dravida Munnetra Kazhagam,2,3,4,5,8,6,8,8,8,1,8,6,8,8,8,21.52777777777778,1
53,228,91,36,10,0,1,1,0,1,291,2,1,1,0,0,663,0,3,666,1,Millerpuram,"St.Marys  Primary  School,  South  Building, 2nd  room  from  west,  Millerpuram","1.Thoothukudi  Corporation  Teacher  Colony  East  -  Ward  35  ,
2.Thoothukudi  Corporation  P&T  Colony  West  -  Ward  35  ,  3.Thoothukudi Corporation  P&T  Colony  East  -  Ward  35  ,  4.Thoothukudi  Corporation
Devaki  Nagar  -  Ward  35  ,  5.Thoothukudi  Corporation  Ashok  Nagar  -  Ward
35  ,  999.OVERSEAS  ELECTORS",All  Voters,34.38914027149321,13.72549019607843,5.429864253393665,1.508295625942685,0.0,0.1508295625942685,0.1508295625942685,0.0,0.1508295625942685,43.89140271493213,0.4524886877828055,0.603318250377074,Tamilaga Vettri Kazhagam,291,228,63,Dravida Munnetra Kazhagam,2,3,4,5,12,7,7,12,7,1,6,7,7,12,12,9.502262443438914,4
54,135,70,26,0,0,0,0,0,0,228,2,0,0,0,0,461,0,1,462,0,Millerpuram,"St.Marys  Primary  School,  South  Building, 3rd  room  from  West,  Millerpuram","1.Thoothukudi  Corporation  Anna  Nagar  -  Ward  37  ,  2.Thoothukudi Corporation  T.M.B.  Colony  -  Ward  36  (Door  No.  1  to  107-50),
3.Thoothukudi  Corporation  Rajeev  Nagar  Main  -  Ward  3  ,  999.OVERSEAS
ELECTORS",All  Voters,29.28416485900217,15.18438177874187,5.639913232104121,0.0,0.0,0.0,0.0,0.0,0.0,49.45770065075921,0.2169197396963124,0.4338394793926247,Tamilaga Vettri Kazhagam,228,135,93,Dravida Munnetra Kazhagam,2,3,4,6,6,6,6,6,6,1,5,6,6,6,6,20.17353579175705,2
55,87,62,34,1,0,0,0,1,2,247,0,1,0,0,0,435,0,1,436,0,Millerpuram,"St.Marys  Primary  School,  South  Building, 4th  room  from  West,  Millerpuram","1.Thoothukudi  Corporation  T.M.B.  Colony  -  Ward  36  (Door  No.  After 107-50),  999.OVERSEAS  ELECTORS",All  Voters,20.0,14.25287356321839,7.816091954022989,0.2298850574712644,0.0,0.0,0.0,0.2298850574712644,0.4597701149425287,56.7816091954023,0.2298850574712644,0.2298850574712644,Tamilaga Vettri Kazhagam,247,87,160,Dravida Munnetra Kazhagam,2,3,4,6,9,9,9,6,5,1,9,6,9,9,9,36.7816091954023,1
56,376,120,40,0,1,0,0,0,2,356,4,0,1,0,0,900,0,4,904,0,Millerpuram,"St.Marys  Primary  School,  North  Building,  1st room  from  West,  Millerpuram","1.Thoothukudi  Corporation  Rajeev  Nagar  North  -  Ward  3  ,  2.Thoothukudi Corporation  Rajeev  Nagar  South  -  Ward  3  ,  3.Thoothukudi  Corporation
Chinnamani  Nagar  -  Ward  35  ,  4.Thoothukudi  Corporation  Millerpuram  -
Ward  35  ,  999.OVERSEAS  ELECTORS",All  Voters,41.77777777777778,13.33333333333333,4.444444444444445,0.0,0.1111111111111111,0.0,0.0,0.0,0.2222222222222222,39.55555555555556,0.4444444444444444,0.5555555555555556,Dravida Munnetra Kazhagam,376,356,20,Tamilaga Vettri Kazhagam,1,3,4,9,7,9,9,9,6,2,5,9,7,9,9,2.222222222222222,5
57,141,89,17,0,0,0,0,0,1,192,0,1,1,1,0,443,0,5,448,0,Millerpuram,"St.Marys  Primary  School,  North  Building, 2nd  room  from  West,  Millerpuram","1.Thoothukudi  Corporation  Palai  Road  West  Main  -  Ward  35  , 2.Thoothukudi  Corporation  T.M.B  Colony  Main  -  Ward  36  ,
3.Thoothukudi  Corporation  Chinnamani  Nagar  -  Ward  35  ,
999.OVERSEAS  ELECTORS",All  Voters,31.82844243792325,20.09029345372461,3.837471783295711,0.0,0.0,0.0,0.0,0.0,0.2257336343115124,43.34085778781039,1.128668171557562,0.6772009029345373,Tamilaga Vettri Kazhagam,192,141,51,Dravida Munnetra Kazhagam,2,3,4,9,9,9,9,9,5,1,9,5,5,5,9,11.51241534988713,3
58,88,50,17,1,0,0,0,0,0,187,0,0,0,0,0,343,0,2,345,0,Millerpuram,"St.Marys  Primary  School,  North  Building, 2nd  room  from  East,  Millerpuram","1.Thoothukudi  Corporation  T.M.B  Colony  -  Ward  36  ,  2.Thoothukudi Corporation  Anna  Nagar  -  Ward  36  ,
999.OVERSEAS  ELECTORS",All  Voters,25.65597667638484,14.57725947521866,4.956268221574344,0.2915451895043732,0.0,0.0,0.0,0.0,0.0,54.51895043731778,0.5830903790087464,0.0,Tamilaga Vettri Kazhagam,187,88,99,Dravida Munnetra Kazhagam,2,3,4,5,6,6,6,6,6,1,6,6,6,6,6,28.86297376093295,0
59,241,107,47,2,0,0,1,2,2,241,2,0,1,0,0,646,0,2,648,0,Millerpuram,"St.Marys  Primary  School,  North  Building,  1st room  from  East,  Millerpuram","1.Thoothukudi  Corporation  Anna  Nagar  11th  Street  -  Ward  37  ,
2.Thoothukudi  Corporation  Palayamkottai  road  West  -  Ward  35  ,
3.Thoothukudi  Corporation  Millerpuram  -  Ward  35  ,  999.OVERSEAS ELECTORS",All  Voters,37.30650154798762,16.56346749226006,7.275541795665634,0.3095975232198143,0.0,0.0,0.1547987616099071,0.3095975232198143,0.3095975232198143,37.30650154798762,0.3095975232198143,0.4643962848297213,Dravida Munnetra Kazhagam,241,241,0,Dravida Munnetra Kazhagam,1,3,4,5,11,11,9,5,5,1,5,11,9,11,11,0.0,3
60,192,69,34,0,1,0,0,1,2,340,0,1,1,0,1,642,0,4,646,0,Millerpuram,"The  Vikasa  School,  North  East  Portion,  Room No.  19,  Millerpuram","1.Thoothukudi  Corporation  Rajeev  Nagar  -  Ward  35  (Door  No.  1  to 2G-500)  ,  999.OVERSEAS  ELECTORS",All  Voters,29.90654205607476,10.74766355140187,5.29595015576324,0.0,0.1557632398753894,0.0,0.0,0.1557632398753894,0.3115264797507788,52.95950155763239,0.6230529595015576,0.4672897196261682,Tamilaga Vettri Kazhagam,340,192,148,Dravida Munnetra Kazhagam,2,3,4,11,6,11,11,6,5,1,11,6,6,11,6,23.05295950155763,3
61,196,88,45,2,0,0,0,0,1,280,1,0,0,1,0,614,0,2,616,0,Millerpuram,"The  Vikasa  School,  North  East  Portion,  Room No.  18,  Millerpuram","1.Thoothukudi  Corporation  Rajeev  Nagar  -  Ward  35  (Door  No.  After
2G-500),  2.  Thoothukudi  Corporation  Rajeev  Nagar  Vadakku  6th  Street  - Ward  35  ,  999.OVERSEAS  ELECTORS",All  Voters,31.92182410423452,14.33224755700326,7.32899022801303,0.3257328990228013,0.0,0.0,0.0,0.0,0.1628664495114007,45.60260586319218,0.3257328990228013,0.3257328990228013,Tamilaga Vettri Kazhagam,280,196,84,Dravida Munnetra Kazhagam,2,3,4,5,9,9,9,9,6,1,6,9,9,6,9,13.68078175895766,2
62,197,97,28,3,1,1,0,1,2,206,1,1,0,0,0,538,0,1,539,1,Millerpuram,"The  Vikasa  School,  West  Building,  Room  No.
11.  Millerpuram","1.Thoothukudi  Corporation  Chinnamani  Nagar  Main  -  Ward  35  ,
2.Thoothukudi  Corporation  Millerpuram  -  Ward  35  ,  3.Thoothukudi Corporation  Millerpuram  Center  -  Ward  35  ,  4.Thoothukudi  Corporation Millerpuram  South  -  Ward  35  ,  999.OVERSEAS  ELECTORS",All  Voters,36.61710037174721,18.02973977695167,5.204460966542751,0.5576208178438662,0.1858736059479554,0.1858736059479554,0.0,0.1858736059479554,0.3717472118959108,38.28996282527881,0.1858736059479554,0.3717472118959108,Tamilaga Vettri Kazhagam,206,197,9,Dravida Munnetra Kazhagam,2,3,4,5,7,7,12,7,6,1,7,7,12,12,12,1.672862453531598,2
63,95,41,24,0,0,0,0,2,0,104,0,1,0,0,0,267,0,0,267,0,Millerpuram,"The  Vikasa  School,  West  building,  Room  No. 10,  Millerpuram","1.Thoothukudi  Corporation  Palai  Road  Millerpuram  -  Ward  35  ,
2.Thoothukudi  Corporation  Ashok  Nagar  -  Ward  35  ,  3.Thoothukudi Corporation  Teachers  Colony  West  -  Ward  35  ,  4.Thoothukudi Corporation  Teachers  Colony  East  -  Ward  35  ,  5.Thoothukudi  Corporation P  &  T  Colony  East  -  Ward  35  ,  999.OVERSEAS  ELECTORS",All  Voters,35.58052434456928,15.35580524344569,8.98876404494382,0.0,0.0,0.0,0.0,0.7490636704119851,0.0,38.95131086142322,0.0,0.3745318352059925,Tamilaga Vettri Kazhagam,104,95,9,Dravida Munnetra Kazhagam,2,3,4,7,7,7,7,5,7,1,7,6,7,7,7,3.370786516853932,1
64,89,71,26,3,0,0,0,1,0,250,0,0,0,0,0,440,0,3,443,0,Annanagar  10th street,"Thangam  Middle  School,  North  Building,  3rd room  from  East,  (STD  VIII),  Annanagar  10th street","1.Thoothukudi  Corporation  Anna  Nagar  4th  Street  -  Ward  36  (Door  No.  1 to  30P-Q)  ,  999.OVERSEAS  ELECTORS",All  Voters,20.22727272727273,16.13636363636364,5.909090909090909,0.6818181818181818,0.0,0.0,0.0,0.2272727272727273,0.0,56.81818181818182,0.6818181818181818,0.0,Tamilaga Vettri Kazhagam,250,89,161,Dravida Munnetra Kazhagam,2,3,4,5,7,7,7,6,7,1,7,7,7,7,7,36.59090909090909,0
65,112,79,10,4,0,0,0,0,0,159,2,0,0,0,0,366,0,4,370,0,Annanagar  10th street,"Thangam  Middle  School,  North  Building,  4th room  from  East,  (STD  VII),  Annanagar  10th street","1.Thoothukudi  Corporation  Anna  Nagar  4th  Street  -  Ward  36  (Door  No. After  31)  ,  999.OVERSEAS  ELECTORS",All  Voters,30.60109289617487,21.58469945355191,2.73224043715847,1.092896174863388,0.0,0.0,0.0,0.0,0.0,43.44262295081967,1.092896174863388,0.546448087431694,Tamilaga Vettri Kazhagam,159,112,47,Dravida Munnetra Kazhagam,2,3,4,5,7,7,7,7,7,1,6,7,7,7,7,12.84153005464481,2
66,246,102,27,1,0,0,1,0,2,323,2,1,0,0,2,707,0,4,711,0,Annanagar  10th street,"Thangam  Middle  School,  North  Building,  4th room  from  West  (STD  VI),  Annanagar  10th
street","1.Thoothukudi  Corporation  Anna  Nagar  2nd  Street  -  Ward  36  , 999.OVERSEAS  ELECTORS",All  Voters,34.7949080622348,14.42715700141443,3.818953323903819,0.1414427157001414,0.0,0.0,0.1414427157001414,0.0,0.2828854314002829,45.68599717114569,0.5657708628005658,0.7072135785007072,Tamilaga Vettri Kazhagam,323,246,77,Dravida Munnetra Kazhagam,2,3,4,8,11,11,8,11,5,1,5,8,11,11,5,10.89108910891089,5
67,157,104,48,1,1,2,1,2,1,305,1,0,0,0,1,624,0,1,625,0,Annanagar  10th street,"Thangam  Middle  School,  North  Building,  3rd room  from  West  (STD  V),  Annanagar  10th
street","1.Thoothukudi  Corporation  Anna  Nagar  1st  Street  -  Ward  36  , 999.OVERSEAS  ELECTORS",All  Voters,25.16025641025641,16.66666666666666,7.692307692307693,0.1602564102564102,0.1602564102564102,0.3205128205128205,0.1602564102564102,0.3205128205128205,0.1602564102564102,48.87820512820512,0.1602564102564102,0.3205128205128205,Tamilaga Vettri Kazhagam,305,157,148,Dravida Munnetra Kazhagam,2,3,4,7,7,5,7,5,7,1,7,13,13,13,7,23.71794871794872,2
68,267,130,47,0,1,0,1,0,0,407,2,1,0,1,0,857,0,2,859,0,Annanagar  10th street,"Thangam  Middle  School,  South  Building,  1st room  from  East  (STD  I),  Annanagar  10th
street","1.Thoothukudi  Corporation  Anna  Nagar  3rd  Street  -  Ward  36  , 999.OVERSEAS  ELECTORS",All  Voters,31.15519253208868,15.16919486581097,5.484247374562427,0.0,0.1166861143523921,0.0,0.1166861143523921,0.0,0.0,47.49124854142357,0.2333722287047841,0.4667444574095682,Tamilaga Vettri Kazhagam,407,267,140,Dravida Munnetra Kazhagam,2,3,4,10,6,10,6,10,10,1,5,6,10,6,10,16.33605600933489,4
69,121,58,38,0,1,0,1,2,0,305,0,0,0,0,1,527,0,0,527,0,Annanagar  12th street,"ICDS  Centre  No.  33,  Anna  Nagar  12th  Street","1.Thoothukudi  Corporation  Anna  Nagar  12th  Street  -  Ward  37  ,  , 999.OVERSEAS  ELECTORS",All  Voters,22.96015180265655,11.00569259962049,7.210626185958255,0.0,0.189753320683112,0.0,0.189753320683112,0.3795066413662239,0.0,57.87476280834915,0.0,0.189753320683112,Tamilaga Vettri Kazhagam,305,121,184,Dravida Munnetra Kazhagam,2,3,4,9,6,9,6,5,9,1,9,9,9,9,6,34.9146110056926,1
70,211,94,43,1,1,0,0,0,0,301,1,1,0,0,0,653,0,5,658,0,"Rajagopal  Nagar, (Near  Anna  Nagar 5th  Street)","ICDS  Centre  No.  89,  Rajagopal  Nagar,  (Near Anna  Nagar  5th  Street)","1.Thoothukudi  Corporation  Anna  Nagar  5th  Street  -  Ward  36  , 999.OVERSEAS  ELECTORS",All  Voters,32.31240428790199,14.39509954058193,6.584992343032159,0.1531393568147014,0.1531393568147014,0.0,0.0,0.0,0.0,46.09494640122512,0.7656967840735069,0.3062787136294028,Tamilaga Vettri Kazhagam,301,211,90,Dravida Munnetra Kazhagam,2,3,4,5,5,9,9,9,9,1,5,5,9,9,9,13.78254211332312,2
71,222,126,38,3,1,0,0,0,0,246,0,0,1,0,0,637,0,3,640,0,"Anna  Nagar  12th Street  Extension, Mangalapuram","ICDS  Centre  No.  37,  Anna  Nagar  12th  Street Extension,  Mangalapuram","1.Thoothukudi  Corporation  Mangalapuram  -  Ward  3  ,  2.Thoothukudi Corporation  Magilchipuram  -  Ward  3  ,  999.OVERSEAS  ELECTORS",All  Voters,34.85086342229199,19.78021978021978,5.965463108320251,0.4709576138147566,0.1569858712715856,0.0,0.0,0.0,0.0,38.61852433281005,0.4709576138147566,0.1569858712715856,Tamilaga Vettri Kazhagam,246,222,24,Dravida Munnetra Kazhagam,2,3,4,5,6,8,8,8,8,1,8,8,6,8,8,3.767660910518053,1
72,167,70,34,1,0,1,1,0,0,371,1,1,0,0,0,647,0,1,648,0,Polpettai,"Thangammal  Memorial  Hr.  Sec.School,  Main Building,  1st  room  from  East,  Polpettai","1.Thoothukudi  Corporation  Sakthivinayagarpuram  -  Ward  6  (Door  No.  1 to  111-66-30)  ,  999.OVERSEAS  ELECTORS",All  Voters,25.81143740340031,10.81916537867079,5.255023183925812,0.1545595054095827,0.0,0.1545595054095827,0.1545595054095827,0.0,0.0,57.34157650695519,0.1545595054095827,0.3091190108191654,Tamilaga Vettri Kazhagam,371,167,204,Dravida Munnetra Kazhagam,2,3,4,5,10,5,5,10,10,1,5,5,10,10,10,31.53013910355487,2
73,131,59,28,2,1,2,0,1,1,238,3,1,0,0,0,467,0,1,468,0,Polpettai,"Thangammal  Memorial  Hr.  Sec.School,  Main Building,  2nd  room  from  East,  Polpettai","1.Thoothukudi  Corporation  Sakthivinayagarpuram  -  Ward  6  (Door  No. After  111-66-30)  ,  999.OVERSEAS  ELECTORS",All  Voters,28.05139186295503,12.6338329764454,5.995717344753747,0.4282655246252677,0.2141327623126338,0.4282655246252677,0.0,0.2141327623126338,0.2141327623126338,50.96359743040685,0.2141327623126338,0.8565310492505354,Tamilaga Vettri Kazhagam,238,131,107,Dravida Munnetra Kazhagam,2,3,4,6,8,6,12,8,8,1,5,8,12,12,12,22.91220556745182,4
74,187,99,44,11,0,1,1,0,1,323,0,0,1,0,0,668,0,2,670,0,Polpettai,"Thangammal  Memorial  Hr.  Sec.School,  Main Building,  3rd  room  from  East,  Polpettai","1.Thoothukudi  Corporation  State  Bank  Colony  -  Ward  6  ,  2.Thoothukudi Corporation  Gandhi  Street  -  Ward  6  ,  999.OVERSEAS  ELECTORS",All  Voters,27.9940119760479,14.82035928143713,6.58682634730539,1.646706586826348,0.0,0.1497005988023952,0.1497005988023952,0.0,0.1497005988023952,48.35329341317365,0.2994011976047904,0.1497005988023952,Tamilaga Vettri Kazhagam,323,187,136,Dravida Munnetra Kazhagam,2,3,4,5,10,6,6,10,6,1,10,10,6,10,10,20.35928143712575,1
75,262,53,37,1,0,2,1,3,0,291,1,2,0,0,0,653,0,2,655,0,Polpettai,"Thangammal  Memorial  Hr.  Sec.School,  Main Building,  4th  room  from  East,  Polpettai","1.Thoothukudi  Corporation  Polpettai  1  st  Street  -  Ward  4  , 999.OVERSEAS  ELECTORS",All  Voters,40.12251148545176,8.116385911179174,5.66615620214395,0.1531393568147014,0.0,0.3062787136294028,0.1531393568147014,0.4594180704441042,0.0,44.5635528330781,0.3062787136294028,0.4594180704441042,Tamilaga Vettri Kazhagam,291,262,29,Dravida Munnetra Kazhagam,2,3,4,8,11,6,8,5,11,1,8,6,11,11,11,4.44104134762634,3
76,162,34,24,1,0,0,0,0,3,167,0,1,0,0,0,392,0,0,392,0,Polpettai,"Thangammal  Memorial  Hr.  Sec.  School,  Main Building,  3rd  room  from  West,  (Near Staircase),  Polpettai","1.Thoothukudi  Corporation  Polpettai  2nd  Street  -  Ward  4  ,  2.Thoothukudi Corporation  Polpettai  3rd  Street  -  Ward  4  ,
999.OVERSEAS  ELECTORS",All  Voters,41.3265306122449,8.673469387755102,6.122448979591836,0.2551020408163265,0.0,0.0,0.0,0.0,0.7653061224489796,42.60204081632653,0.0,0.2551020408163265,Tamilaga Vettri Kazhagam,167,162,5,Dravida Munnetra Kazhagam,2,3,4,6,8,8,8,8,5,1,8,6,8,8,8,1.275510204081633,1
77,126,46,23,0,1,0,0,0,1,165,1,0,0,0,0,363,0,0,363,0,Polpettai,"Thangammal  Memorial  Hr.  Sec.  School,  Main Building,  2nd  room  from  West,  Polpettai","1.Thoothukudi  Corporation  Polpettai  East  4th  Street  -  Ward  4  , 2.Thoothukudi  Corporation  State  Bank  Colony  West  -  Ward  4  , 999.OVERSEAS  ELECTORS",All  Voters,34.7107438016529,12.67217630853995,6.336088154269973,0.0,0.2754820936639119,0.0,0.0,0.0,0.2754820936639119,45.45454545454545,0.0,0.2754820936639119,Tamilaga Vettri Kazhagam,165,126,39,Dravida Munnetra Kazhagam,2,3,4,8,5,8,8,8,5,1,5,8,8,8,8,10.74380165289256,1
78,275,83,42,1,0,0,0,1,1,256,1,0,0,0,0,660,0,4,664,0,Polpettai,"Thangammal  Memorial  Primary  School,  West Building,  1st  room  from  North,  Polpettai","1.Thoothukudi  Corporation  State  Bank  Colony  East  -  Ward  6  ,
2.Thoothukudi  Corporation  S.K.S.R  Colony  -  Ward  6  ,  999.OVERSEAS ELECTORS",All  Voters,41.66666666666667,12.57575757575758,6.363636363636363,0.1515151515151515,0.0,0.0,0.0,0.1515151515151515,0.1515151515151515,38.78787878787879,0.6060606060606061,0.1515151515151515,Dravida Munnetra Kazhagam,275,256,19,Tamilaga Vettri Kazhagam,1,3,4,5,9,9,9,5,5,2,5,9,9,9,9,2.878787878787879,1
79,168,78,31,2,0,0,0,1,0,218,2,0,0,0,0,500,0,0,500,0,Polpettai,"Geetha  Matric.  Hr.  Sec.  School,  East Building,  1st  room  from  South,  Polpettai","1.Thoothukudi  Corporation  Polpettai  West  -  Ward  4  ,  999.OVERSEAS ELECTORS",All  Voters,33.6,15.6,6.2,0.4,0.0,0.0,0.0,0.2,0.0,43.6,0.0,0.4,Tamilaga Vettri Kazhagam,218,168,50,Dravida Munnetra Kazhagam,2,3,4,5,8,8,8,7,8,1,5,8,8,8,8,10.0,2
80,76,17,15,1,0,0,0,0,1,112,0,0,1,0,0,223,0,4,227,0,Polpettai,"Geetha  Matric.  Hr.  Sec.  School,  North Building,  1st  room  from  East,  STD  II  B Polpettai","1.Thoothukudi  Corporation  Kurinji  Nagar  -  Ward  4  ,  2.Thoothukudi Corporation  Polpettai  Main  -  Ward  4  ,  999.OVERSEAS  ELECTORS",All  Voters,34.08071748878923,7.623318385650224,6.726457399103139,0.4484304932735426,0.0,0.0,0.0,0.0,0.4484304932735426,50.22421524663677,1.79372197309417,0.4484304932735426,Tamilaga Vettri Kazhagam,112,76,36,Dravida Munnetra Kazhagam,2,3,4,5,8,8,8,8,5,1,8,8,5,8,8,16.14349775784753,1
81,259,128,30,0,0,0,0,2,0,280,2,1,0,0,2,704,0,4,708,0,Polpettai,"Geetha  Matric.  Hr.  Sec.  School,  North Building,  2nd  room  from  East,  STD  II  B, Polpettai","1.Thoothukudi  Corporation  Polpettai-Gomathibai  Colony  Street-1  -  Ward 6  ,  2.Thoothukudi  Corporation  Polpettai-Gomathibai  Colony  Street-2  - Ward  6  ,  3.Thoothukudi  Corporation  Polpettai-S.K.S.R.  Colony  -  Ward  6  , 999.OVERSEAS  ELECTORS",All  Voters,36.78977272727273,18.18181818181818,4.261363636363636,0.0,0.0,0.0,0.0,0.2840909090909091,0.0,39.77272727272727,0.5681818181818182,0.7102272727272727,Tamilaga Vettri Kazhagam,280,259,21,Dravida Munnetra Kazhagam,2,3,4,9,9,9,9,5,9,1,5,8,9,9,5,2.982954545454545,5
82,250,109,29,6,0,0,0,2,0,276,0,0,0,0,0,672,0,7,679,0,Polpettai,"Geetha  Matric.  Hr.  Sec.  School,  North Building,  3rd  room  from  East,  STD  II  A, Polpettai","1.Thoothukudi  Corporation  Polpettai  west  street-1  -  Ward  4  , 2.Thoothukudi  Corporation  Polpettai  West  Street-2  -  Ward  4  ,
3.Thoothukudi  Corporation  State  Bank  Colony  -  Ward  4  ,  4.Thoothukudi
Corporation  Ezhil  Nagar  -  Ward  6  ,  999.OVERSEAS  ELECTORS",All  Voters,37.20238095238096,16.22023809523809,4.315476190476191,0.8928571428571428,0.0,0.0,0.0,0.2976190476190476,0.0,41.07142857142857,1.041666666666667,0.0,Tamilaga Vettri Kazhagam,276,250,26,Dravida Munnetra Kazhagam,2,3,4,5,7,7,7,6,7,1,7,7,7,7,7,3.869047619047619,0
83,259,67,36,3,1,1,0,3,0,271,2,0,0,0,0,643,0,2,645,0,Polpettai,"Geetha  Matric.  Hr.  Sec.  School,  North Building,  4th  room  from  East,  STD  I  A, Polpettai","1.Thoothukudi  Corporation  Polpettai  east  1  st  street  -  Ward  4  , 2.Thoothukudi  Corporation  Polpettai  East  2nd  Street  -  Ward  4  , 3.Thoothukudi  Corporation  Polpettai  East  3rd  Street  -  Ward  4  ,
4.Thoothukudi  Corporation  Polpettai  West  -  Ward  4  ,  5.Thoothukudi Corporation  Kurinjinagar  1  st  Street  -  Ward  4  ,  6.Thoothukudi Corporation  Kurinjinagar  2nd  Street  -  Ward  4  ,  7.Thoothukudi Corporation  Kurinji  Nagar  3rd  Street  -  Ward  4  ,  999.OVERSEAS
ELECTORS",All  Voters,40.27993779160187,10.4199066874028,5.598755832037325,0.4665629860031105,0.1555209953343701,0.1555209953343701,0.0,0.4665629860031105,0.0,42.14618973561431,0.3110419906687403,0.3110419906687403,Tamilaga Vettri Kazhagam,271,259,12,Dravida Munnetra Kazhagam,2,3,4,5,8,8,10,5,10,1,7,10,10,10,10,1.866251944012442,2
84,234,94,35,3,0,1,0,0,0,295,2,3,0,0,0,667,0,1,668,0,Polpettai,"Geetha  Matric.  Hr.  Sec.  School,  North Building,  2nd  room  from  West,  (Near Staircase),  STD  LKG  B,  Polpettai","1.Thoothukudi  Corporation  Kurinji  Nagar  4th  Street  -  Ward  4  , 2.Thoothukudi  Corporation  Kurinji  Nagar  5th  Street  -  Ward  4  , 3.Thoothukudi  Corporation  Kurinji  Nagar  6th  Street  -  Ward  4  , 4.Thoothukudi  Corporation  Kurinjinagar  7th  Street  -  Ward  4  ,
5.Thoothukudi  Corporation  Polpettai  East  Main  -  Ward  4  ,  6.Thoothukudi
Corporation  Periyasamy  Nagar  -  Ward  6  ,  999.OVERSEAS  ELECTORS",All  Voters,35.08245877061469,14.09295352323838,5.247376311844078,0.4497751124437781,0.0,0.1499250374812594,0.0,0.0,0.0,44.22788605697151,0.1499250374812594,0.7496251874062968,Tamilaga Vettri Kazhagam,295,234,61,Dravida Munnetra Kazhagam,2,3,4,5,9,8,9,9,9,1,7,5,9,9,9,9.145427286356822,5
85,166,30,22,4,1,0,0,0,0,123,2,0,0,0,0,348,0,3,351,0,Polpettai,"Geetha  Matric.  Hr.  Sec.  School,  North Building,  1st  room  from  West,  STD  LKG  A, Polpettai","1.Thoothukudi  Corporation  Polpettai  1st  Street  -  Ward  6  ,  2.Thoothukudi Corporation  Polpettai  2nd  street  -  Ward  6  ,  3.Thoothukudi  Corporation
Polpettai  3rd  street  -  Ward  6  ,  4.Thoothukudi  Corporation  Kasirajan
Colony  -  Ward  6  ,  999.OVERSEAS  ELECTORS",All  Voters,47.70114942528735,8.620689655172415,6.321839080459771,1.149425287356322,0.2873563218390804,0.0,0.0,0.0,0.0,35.3448275862069,0.8620689655172413,0.5747126436781609,Dravida Munnetra Kazhagam,166,123,43,Tamilaga Vettri Kazhagam,1,3,4,5,7,8,8,8,8,2,6,8,8,8,8,12.35632183908046,2
86,261,128,52,3,0,1,2,0,1,375,2,3,0,0,0,828,0,1,829,2,Kandasamypuram,"R.C.  Bethani  Primary  School,  North  Building, 1st  room  from  East,  Kanthasamypuram","1.Thoothukudi  Corporation  Nanthagopalapuram  West  -  Ward  7  , 999.OVERSEAS  ELECTORS",All  Voters,31.52173913043478,15.45893719806763,6.280193236714976,0.3623188405797101,0.0,0.1207729468599034,0.2415458937198068,0.0,0.1207729468599034,45.28985507246377,0.1207729468599034,0.6038647342995169,Tamilaga Vettri Kazhagam,375,261,114,Dravida Munnetra Kazhagam,2,3,4,5,11,9,7,11,9,1,7,5,11,11,11,13.76811594202899,5
87,208,75,38,1,1,0,1,1,0,405,4,0,0,2,1,737,0,1,738,0,Kandasamypuram,"R.C.  Bethani  Primary  School,  North  Building, 2nd  room  from  East,  Kanthasamypuram","1.Thoothukudi  Corporation  Kandhasamypuram  -  Ward  9  ,  2.Thoothukudi Corporation  Innasiyapuram  Block  4  -  Ward  9  ,  999.OVERSEAS ELECTORS",All  Voters,28.2225237449118,10.1763907734057,5.156037991858888,0.135685210312076,0.135685210312076,0.0,0.135685210312076,0.135685210312076,0.0,54.95251017639078,0.135685210312076,0.9497964721845319,Tamilaga Vettri Kazhagam,405,208,197,Dravida Munnetra Kazhagam,2,3,4,7,7,12,7,7,12,1,5,12,12,6,7,26.72998643147897,7
88,215,111,32,2,0,0,0,2,1,315,1,1,1,0,0,681,0,6,687,0,Kandasamypuram,"R.C.  Bethani  Primary  School,  North  Building, Middle  Portion,  Kanthasamypuram","1.Thoothukudi  Corporation  Selvanayagapuram  Street  1  -  Ward  7  , 2.Thoothukudi  Corporation  Selvanayagapuram  Street  2  -  Ward  7  , 3.Thoothukudi  Corporation  Selvanayagapuram  Street  3  -  Ward  7  , 999.OVERSEAS  ELECTORS",All  Voters,31.5712187958884,16.29955947136564,4.698972099853157,0.2936857562408223,0.0,0.0,0.0,0.2936857562408223,0.1468428781204112,46.25550660792951,0.881057268722467,0.4405286343612335,Tamilaga Vettri Kazhagam,315,215,100,Dravida Munnetra Kazhagam,2,3,4,5,11,11,11,5,7,1,7,7,7,11,11,14.68428781204112,3
89,176,83,29,2,0,0,2,0,0,310,3,1,0,3,1,610,0,4,614,0,Kandasamypuram,"R.C.  Bethani  Primary  School,  North  Building, 3rd  room  from  West,  Kanthasamypuram","1.Thoothukudi  Corporation  Nandagopalapuram  East  Block  3  -  Ward  8  , 2.Thoothukudi  Corporation  Selvanayagapuram  T.M.C.  Colony  Block  2  - Ward  7  ,  999.OVERSEAS  ELECTORS",All  Voters,28.85245901639345,13.60655737704918,4.754098360655737,0.3278688524590164,0.0,0.0,0.3278688524590164,0.0,0.0,50.81967213114754,0.6557377049180327,1.311475409836065,Tamilaga Vettri Kazhagam,310,176,134,Dravida Munnetra Kazhagam,2,3,4,7,11,11,7,11,11,1,5,9,11,5,9,21.9672131147541,8
90,159,57,27,0,0,0,0,0,1,229,2,2,0,0,0,477,0,4,481,0,Kandasamypuram,"R.C.  Bethani  Primary  School,  West  Building, 1st  room  from  south,  Kanthasamypuram","1.Thoothukudi  Corporation  Selvanayagapuram  Street  1  -  Ward  7  , 2.Thoothukudi  Corporation  Selvanayagapuram  street  2  -  Ward  7, 999.OVERSEAS  ELECTORS",All  Voters,33.33333333333333,11.94968553459119,5.660377358490567,0.0,0.0,0.0,0.0,0.0,0.209643605870021,48.0083857442348,0.8385744234800839,0.8385744234800839,Tamilaga Vettri Kazhagam,229,159,70,Dravida Munnetra Kazhagam,2,3,4,8,8,8,8,8,7,1,5,5,8,8,8,14.67505241090147,4
91,120,46,7,0,0,2,1,0,2,277,1,2,0,0,0,458,0,1,459,0,Kandasamypuram,"R.C.  Bethani  Primary  School,  West  Building, 2nd  room  from  South,  Kanthasamypuram","1.Thoothukudi  Corporation  Selvanayagapuram  Street  3  -  Ward  7  ,
2.Thoothukudi  Corporation  Selvanayagapuram  T.M.C.  Colony  -  Ward  7  , 999.OVERSEAS  ELECTORS",All  Voters,26.20087336244541,10.04366812227074,1.528384279475983,0.0,0.0,0.4366812227074235,0.2183406113537118,0.0,0.4366812227074235,60.48034934497817,0.2183406113537118,0.6550218340611353,Tamilaga Vettri Kazhagam,277,120,157,Dravida Munnetra Kazhagam,2,3,4,10,10,5,8,10,5,1,8,5,10,10,10,34.27947598253275,3
92,158,94,27,3,3,1,0,0,1,290,1,3,1,1,1,584,0,1,585,0,Sundaramapuram,"Tagore  Memorial  middle  School,  Main Building,  1st  room  from  North, Sundararamapuram","1.Thoothukudi  Corporation  Natrajapuram  1st  street  -  Ward  8  ,
2.Thoothukudi  Corporation  Sundaravelpuram  -  Ward  6  ,  3.Thoothukudi Corporation  Ambedhkar  Nagar  -  Ward  6  ,  4.Thoothukudi  Corporation Sathya  Nagar  -  Ward  6  ,  5.Thoothukudi  Corporation  Natrajapuram  2nd Street  -  Ward  8  ,  999.OVERSEAS  ELECTORS",All  Voters,27.05479452054795,16.0958904109589,4.623287671232877,0.5136986301369862,0.5136986301369862,0.1712328767123288,0.0,0.0,0.1712328767123288,49.65753424657534,0.1712328767123288,1.198630136986301,Tamilaga Vettri Kazhagam,290,158,132,Dravida Munnetra Kazhagam,2,3,4,5,5,8,14,14,8,1,8,5,8,8,8,22.60273972602739,7
93,194,170,45,3,1,0,2,0,4,379,3,1,1,1,1,805,0,4,809,1,Sundaramapuram,"Tagore  Memorial  middle  School,  Main Building,  2nd  room  from  North, Sundararamapuram","1.Thoothukudi  Corporation  Sundararamapuram-Block  3  -  Ward  8  , 999.OVERSEAS  ELECTORS",All  Voters,24.09937888198758,21.11801242236025,5.590062111801243,0.3726708074534161,0.124223602484472,0.0,0.2484472049689441,0.0,0.4968944099378882,47.08074534161491,0.4968944099378882,0.8695652173913043,Tamilaga Vettri Kazhagam,379,194,185,Dravida Munnetra Kazhagam,2,3,4,6,9,14,8,14,5,1,6,9,9,9,9,22.98136645962733,7
94,213,113,46,6,1,1,2,2,0,414,0,1,0,0,1,800,0,2,802,0,Innasiarpuram,"St.  Thomas  Matriculation  Hr.Sec.School, Main  Building,  North  portion,  Room  No.  5, Innasiarpuram","1.Thoothukudi  Corporation  Sundravelpuram  5th  Street  -  Ward  10  , 2.Thoothukudi  Corporation  Sundravelpuram  6th  Street  -  Ward  10  , 3.Thoothukudi  Corporation  Sundaravelpuram  Street  7  -  Ward  10  , 999.OVERSEAS  ELECTORS",All  Voters,26.625,14.125,5.75,0.75,0.125,0.125,0.25,0.25,0.0,51.74999999999999,0.25,0.25,Tamilaga Vettri Kazhagam,414,213,201,Dravida Munnetra Kazhagam,2,3,4,5,8,8,6,6,12,1,12,8,12,12,8,25.125,2
95,201,94,63,3,3,0,1,0,1,412,2,1,0,0,1,782,0,2,784,0,Innasiarpuram,"St.  Thomas  Matriculation  Hr.Sec.School, Main  Building,  North  portion,  Room  No.  4, Innasiarpuram","1.Thoothukudi  Corporation  Sundravelpuram  7  th  Street  Extension  -  Ward 10  ,  2.Thoothukudi  Corporation  Sundravelpuram  8th  Street  -  Ward  10  ,
3.Thoothukudi  Corporation  Sundravelpuram  9th  Street  -  Ward  10  ,
4.Thoothukudi  Corporation  Sethupathai  Road  -  Ward  10  ,  5.Thoothukudi Corporation  Eruthayammal  Nagar  -  Ward  10  ,  999.OVERSEAS ELECTORS",All  Voters,25.70332480818414,12.02046035805627,8.05626598465473,0.3836317135549872,0.3836317135549872,0.0,0.1278772378516624,0.0,0.1278772378516624,52.6854219948849,0.2557544757033248,0.5115089514066496,Tamilaga Vettri Kazhagam,412,201,211,Dravida Munnetra Kazhagam,2,3,4,5,5,12,8,12,8,1,7,8,12,12,8,26.98209718670077,4
96,94,51,23,3,1,0,0,0,2,147,1,0,0,0,0,322,0,1,323,0,Innasiarpuram,"St.  Thomas  Matriculation  Hr.Sec.School, Main  Building,  1st  room  from  South  Room No  1  ,  Innasiarpuram","1.Thoothukudi  Corporation  Krishnarajapuram  2nd  Street  -  Ward  10  , 999.OVERSEAS  ELECTORS",All  Voters,29.19254658385093,15.83850931677019,7.142857142857142,0.9316770186335404,0.3105590062111801,0.0,0.0,0.0,0.6211180124223602,45.65217391304348,0.3105590062111801,0.3105590062111801,Tamilaga Vettri Kazhagam,147,94,53,Dravida Munnetra Kazhagam,2,3,4,5,7,9,9,9,6,1,7,9,9,9,9,16.45962732919255,1
97,177,78,31,2,0,0,0,1,2,233,0,0,0,0,0,524,0,0,524,0,Innasiarpuram,"St.  Thomas  Matricultion  Hr  Sec,  School,  B.P. Peters  Block,  1st  room  from  North,  Room  No. 1,  Innasiarpuram","1.Thoothukudi  Corporation  Krishnarajapuram  6th  Street  -  Ward  11  , 999.OVERSEAS  ELECTORS",All  Voters,33.77862595419847,14.88549618320611,5.916030534351145,0.3816793893129771,0.0,0.0,0.0,0.1908396946564885,0.3816793893129771,44.46564885496183,0.0,0.0,Tamilaga Vettri Kazhagam,233,177,56,Dravida Munnetra Kazhagam,2,3,4,5,8,8,8,7,5,1,8,8,8,8,8,10.68702290076336,0
98,147,85,25,1,3,0,0,1,1,256,1,0,1,0,0,521,0,1,522,0,Innasiarpuram,"St.  Thomas  Matricultion  Hr  Sec,  School,  B.P. Peters  Block,  2nd  room  from  North,  Room No.  2,  Innasiarpuram","1.Thoothukudi  Corporation  krishnarajapuram  7th  street  -  Ward  11  , 3.Thoothukudi  Corporation  krishnarajapuram  9th  street  -  Ward  11  , 999.OVERSEAS  ELECTORS",All  Voters,28.21497120921305,16.3147792706334,4.798464491362764,0.1919385796545106,0.5758157389635317,0.0,0.0,0.1919385796545106,0.1919385796545106,49.1362763915547,0.1919385796545106,0.3838771593090211,Tamilaga Vettri Kazhagam,256,147,109,Dravida Munnetra Kazhagam,2,3,4,6,5,11,11,6,6,1,6,11,6,11,11,20.92130518234165,2
99,64,56,17,2,0,0,1,0,0,199,1,1,0,0,0,341,0,1,342,1,Innasiarpuram,"St.  Thomas  Matricultion  Hr  Sec,  School,  B.P. Peters  Block,  3rd  room  from  South,  Room No.  5,  Innasiarpuram","2.Thoothukudi  Corporation  Krishnarajapuram  8th  street  -  Ward  11  , 999.OVERSEAS  ELECTORS",All  Voters,18.7683284457478,16.42228739002933,4.98533724340176,0.5865102639296188,0.0,0.0,0.2932551319648094,0.0,0.0,58.35777126099707,0.2932551319648094,0.5865102639296188,Tamilaga Vettri Kazhagam,199,64,135,Dravida Munnetra Kazhagam,2,3,4,5,9,9,6,9,9,1,6,6,9,9,9,39.58944281524926,2
100,206,70,59,0,0,0,0,0,0,302,2,0,1,1,0,641,0,0,641,0,Innasiarpuram,"St.  Thomas  Matricultion  Hr  Sec,  School,  B.P. Peters  Block,  1st  room  from  South,  Room  No. 7,  Innasiarpuram","1.Thoothukudi  Corporation  Sundravelpuram  1st  Street  -  Ward  10  , 2.Thoothukudi  Corporation  Sundravelpuram  2nd  street  -  Ward  10  ,
3.Thoothukudi  Corporation  Krishnarajapuram  6th  Street  -  Ward  11  ,
999.OVERSEAS  ELECTORS",All  Voters,32.13728549141966,10.9204368174727,9.204368174726989,0.0,0.0,0.0,0.0,0.0,0.0,47.11388455538221,0.0,0.62402496099844,Tamilaga Vettri Kazhagam,302,206,96,Dravida Munnetra Kazhagam,2,3,4,8,8,8,8,8,8,1,5,8,6,6,8,14.97659906396256,4
101,149,106,37,1,0,2,1,0,0,326,0,1,0,0,0,623,0,1,624,0,Innasiarpuram,"St.  Thomas  CBSC  School,  Main  Building  1st room  from  west,  Innasiarpuram","1.Thoothukudi  Corporation  Krishnarajapuram  7th  Street  -  Ward  11  , 2.Thoothukudi  Corporation  Krishnarajapuram  8th  street  -  Ward  11  , 3.Thoothukudi  Corporation  Krishsnarajapuram  9th  Street  -  Ward  11  , 999.OVERSEAS  ELECTORS",All  Voters,23.91653290529695,17.01444622792938,5.93900481540931,0.1605136436597111,0.0,0.3210272873194221,0.1605136436597111,0.0,0.0,52.32744783306581,0.1605136436597111,0.1605136436597111,Tamilaga Vettri Kazhagam,326,149,177,Dravida Munnetra Kazhagam,2,3,4,6,9,5,6,9,9,1,9,6,9,9,9,28.41091492776886,1
102,280,127,71,0,0,1,0,0,0,413,4,2,0,0,0,898,0,3,901,0,Innasiarpuram,"St.  Thomas  CBSC  School,  Main  Building  2nd room  from  west,  Innasiarpuram","1.Thoothukudi  Corporation  Krishnarajapuram  1st  Street  -  Ward  10  , 999.OVERSEAS  ELECTORS",All  Voters,31.1804008908686,14.14253897550111,7.906458797327394,0.0,0.0,0.111358574610245,0.0,0.0,0.0,45.99109131403118,0.334075723830735,0.6681514476614699,Tamilaga Vettri Kazhagam,413,280,133,Dravida Munnetra Kazhagam,2,3,4,8,8,7,8,8,8,1,5,6,8,8,8,14.81069042316258,6
103,127,51,30,0,0,1,0,1,0,158,0,0,0,0,0,368,0,2,370,0,Innasiarpuram,"St.  Thomas  CBSC  School,  Main  Building  3rd room  from  west,  Innasiarpuram","1.Thoothukudi  Corporation  Krishnarajapuram  5th  Street  -  Ward  10  , 999.OVERSEAS  ELECTORS",All  Voters,34.51086956521739,13.85869565217391,8.152173913043478,0.0,0.0,0.2717391304347826,0.0,0.2717391304347826,0.0,42.93478260869566,0.5434782608695652,0.0,Tamilaga Vettri Kazhagam,158,127,31,Dravida Munnetra Kazhagam,2,3,4,7,7,5,7,5,7,1,7,7,7,7,7,8.423913043478262,0
104,181,96,54,1,1,0,1,0,0,386,3,2,2,1,0,728,0,4,732,0,Innasiarpuram,"St.  Thomas  CBSC  School,  Main  Building  4th room  from  west,  Innasiarpuram","1.Thoothukudi  Corporation  Sundravelpuram  3rd  Street  -  Ward  10  ,
2.Thoothukudi  Corporation  Sundravelpuram  3rd  Street  West  -  Ward  10  , 3.Thoothukudi  Corporation  Sundravelpuram  4th  Street  -  Ward  10  , 999.OVERSEAS  ELECTORS",All  Voters,24.86263736263736,13.18681318681319,7.417582417582418,0.1373626373626374,0.1373626373626374,0.0,0.1373626373626374,0.0,0.0,53.02197802197802,0.5494505494505495,1.098901098901099,Tamilaga Vettri Kazhagam,386,181,205,Dravida Munnetra Kazhagam,2,3,4,8,8,12,8,12,12,1,5,6,6,8,12,28.15934065934066,8
105,145,61,30,0,0,2,0,0,0,197,1,1,1,1,0,439,0,4,443,0,Innasiarpuram,"St.  Ignatious  Primary  School,  North  Portion, Innasiarpuram","1.Thoothukudi  Corporation  Sundaravelpuram  Block  5  -  Ward  6  , 999.OVERSEAS  ELECTORS",All  Voters,33.02961275626424,13.89521640091116,6.83371298405467,0.0,0.0,0.4555808656036446,0.0,0.0,0.0,44.874715261959,0.9111617312072893,0.9111617312072893,Tamilaga Vettri Kazhagam,197,145,52,Dravida Munnetra Kazhagam,2,3,4,10,10,5,10,10,10,1,6,6,6,6,10,11.84510250569476,4
106,199,49,25,4,0,1,0,1,1,242,0,2,0,0,0,524,0,1,525,0,Innasiarpuram,"St.  Ignatious  Primary  School,  East  Building, 2nd  Room  from  south,  Innasiarpuram","1.Thoothukudi  Corporation  Sathya  Nagar  -  Ward  6  ,  2.Thoothukudi Corporation  Ambedhkar  Nagar  Street  1  -  Ward  6  ,  999.OVERSEAS ELECTORS",All  Voters,37.97709923664122,9.351145038167939,4.770992366412214,0.7633587786259541,0.0,0.1908396946564885,0.0,0.1908396946564885,0.1908396946564885,46.18320610687023,0.1908396946564885,0.3816793893129771,Tamilaga Vettri Kazhagam,242,199,43,Dravida Munnetra Kazhagam,2,3,4,5,10,7,10,7,7,1,10,6,10,10,10,8.206106870229007,2
107,249,87,41,0,0,0,1,1,2,441,3,1,1,0,0,827,0,6,833,0,Innasiarpuram,"St.  Ignatious  Primary  School,  South  Portion, Innasiarpuram","1.Thoothukudi  Corporation  Ambedhkar  Nagar  Street  2  -  Ward  6  , 2.Thoothukudi  Corporation  Ambedhkar  Nagar  Street  3  -  Ward  6  , 999.OVERSEAS  ELECTORS",All  Voters,30.10882708585248,10.51995163240629,4.957678355501813,0.0,0.0,0.0,0.120918984280532,0.120918984280532,0.2418379685610641,53.32527206771464,0.7255139056831923,0.6045949214026602,Tamilaga Vettri Kazhagam,441,249,192,Dravida Munnetra Kazhagam,2,3,4,11,11,11,7,7,6,1,5,7,7,11,11,23.21644498186215,5
108,234,143,65,1,0,1,2,0,1,367,1,3,1,0,1,820,0,2,822,0,Innasiarpuram,"St.  Ignatious  Hr.Sec.  School,  St.Marys  Hall (STD  XII  A),  Innasiarpuram","1.Thoothukudi  Corporation  Muthukrishnapuram  3rd  Lane  -  Ward  12  , 2.Thoothukudi  Corporation  Muthukrishnapuram  4th  Lane  -  Ward  12  , 3.Thoothukudi  Corporation  MuthuKrishnapuram  5th  Lane  -  Ward  12  , 4.Thoothukudi  Corporation  Krishnarajapuram  3rd  Street  -  Ward  10  , 5.Thoothukudi  Corporation  Krishnarajapuram  4th  Street  -  Ward  10  , 999.OVERSEAS  ELECTORS",All  Voters,28.53658536585366,17.4390243902439,7.926829268292683,0.1219512195121951,0.0,0.1219512195121951,0.2439024390243902,0.0,0.1219512195121951,44.75609756097561,0.2439024390243902,0.7317073170731708,Tamilaga Vettri Kazhagam,367,234,133,Dravida Munnetra Kazhagam,2,3,4,7,13,7,6,13,7,1,7,5,7,13,7,16.21951219512195,6
109,99,21,24,1,2,0,0,1,0,160,0,0,0,0,0,308,0,1,309,0,Innasiarpuram,"St.  Ignatious  Hr.  Sec.  School,  St.Marys  Hall (STD  XII  D),  Innasiarpuram","1.Thoothukudi  Corporation  Muthukrishnapuram  2nd  street  -  Ward  12  , 999.OVERSEAS  ELECTORS",All  Voters,32.14285714285715,6.818181818181817,7.792207792207792,0.3246753246753247,0.6493506493506493,0.0,0.0,0.3246753246753247,0.0,51.94805194805194,0.3246753246753247,0.0,Tamilaga Vettri Kazhagam,160,99,61,Dravida Munnetra Kazhagam,2,4,3,6,5,8,8,6,8,1,8,8,8,8,8,19.80519480519481,0
110,232,89,43,0,0,0,0,1,1,352,1,1,1,0,0,721,0,3,724,0,Innasiarpuram,"St.  Ignatious  Hr.  Sec.  School,  Arch  Bishop Peter  Fernando  Hall,  2nd  room  from  North (STD  XI  C),  Innasiarpuram","1.Thoothukudi  Corporation  Muthukrishnapuram  6th  Street  -  Ward  11  ,
,  999.OVERSEAS  ELECTORS",All  Voters,32.17753120665742,12.34396671289875,5.963938973647712,0.0,0.0,0.0,0.0,0.1386962552011096,0.1386962552011096,48.82108183079057,0.4160887656033287,0.4160887656033287,Tamilaga Vettri Kazhagam,352,232,120,Dravida Munnetra Kazhagam,2,3,4,10,10,10,10,5,5,1,5,5,5,10,10,16.64355062413315,3
111,233,110,40,2,0,0,0,0,0,327,0,0,0,0,0,712,0,2,714,0,Innasiarpuram,"St.  Ignatious  Hr.  Sec.  School,  Arch  Bishop Peter  Fernando  Hall,  (STD  X  A), Innasiarpuram","1.Thoothukudi  Corporation  Muthukrishnapuram  6th  Street  -  Ward  11  , 2.Thoothukudi  Corporation  Muthukrishnapuram  7th  Street  -  Ward  12  , 3.Thoothukudi  Corporation  Muthukrishnapuram  8th  street  -  Ward  12  , 4.Thoothukudi  Corporation  Muthukrishnapuram  9th  Street  -  Ward  12  , 5.Thoothukudi  Corporation  Muthukrishnapuram  10th  street  -  Ward  12  , 999.OVERSEAS  ELECTORS",All  Voters,32.7247191011236,15.44943820224719,5.617977528089887,0.2808988764044944,0.0,0.0,0.0,0.0,0.0,45.92696629213483,0.2808988764044944,0.0,Tamilaga Vettri Kazhagam,327,233,94,Dravida Munnetra Kazhagam,2,3,4,5,6,6,6,6,6,1,6,6,6,6,6,13.20224719101124,0
112,314,96,42,1,0,1,0,1,1,255,0,1,0,1,0,713,0,2,715,0,Innasiarpuram,"St.  Ignatious  Hr.  Sec.  School,  South  Building (Room  next  to  Gents  Staff  Room), Innasiarpuram","1.Thoothukudi  Corporation  Innasiyarpuram-Ward  9
2.Thoothukudi  Corporation  Innasiyarpuram  1  -  Ward  9  , 3.Thoothukudi  Corporation  Innasiyarpuram  2  -  Ward  9  , 4.Thoothukudi  Corporation  Innasiyarpuram  3  -  Ward  9  ,
5.Thoothukudi  Corporation  Muthukrishnapuram  2nd  Sandhu  -  Ward  12 6.Thoothukudi  Corporation  Muthukrishnapuram  7th  Street  -  Ward  12  , 7.Thoothukudi  Corporation  Muthukrishnapuram  8th  street  -  Ward  12  , 8.Thoothukudi  Corporation  Muthukrishnapuram  9th  street  -  Ward  12  , 9.Thoothukudi  Corporation  Muthukrishnapuram  10th  street  -  Ward  12  ,
999.OVERSEAS  ELECTORS",All  Voters,44.03927068723703,13.46423562412342,5.890603085553997,0.1402524544179523,0.0,0.1402524544179523,0.0,0.1402524544179523,0.1402524544179523,35.76437587657784,0.2805049088359046,0.2805049088359046,Dravida Munnetra Kazhagam,314,255,59,Tamilaga Vettri Kazhagam,1,3,4,5,11,5,11,5,5,2,11,5,11,5,11,8.274894810659186,2
113,131,69,25,0,0,0,0,0,0,229,1,3,0,0,0,458,0,0,458,0,Alagesapuram,"Malar  Nursery  and  Primary  School,  Main Building,  1st  room  from  West, Alagesapuram,  Thoothukudi","1.Thoothukudi  Corporation  Ponnagaram  (Door  No.  from  1  to  70B)  -  Ward 13  ,  999.OVERSEAS  ELECTORS",All  Voters,28.60262008733624,15.06550218340611,5.458515283842795,0.0,0.0,0.0,0.0,0.0,0.0,50.0,0.0,0.8733624454148471,Tamilaga Vettri Kazhagam,229,131,98,Dravida Munnetra Kazhagam,2,3,4,7,7,7,7,7,7,1,6,5,7,7,7,21.39737991266376,4
114,161,88,27,1,0,1,0,0,0,211,1,1,2,0,0,493,0,4,497,0,Alagesapuram,"Malar  Nursery  and  Primary  School,  Main Building,  2nd  room  from  West, Alagesapuram,  Thoothukudi","1.Thoothukudi  Corporation  Ponnagaram  (Door  No.  after  70B)  -  Ward  13  , 999.OVERSEAS  ELECTORS",All  Voters,32.65720081135903,17.8498985801217,5.476673427991886,0.2028397565922921,0.0,0.2028397565922921,0.0,0.0,0.0,42.79918864097363,0.8113590263691683,0.8113590263691683,Tamilaga Vettri Kazhagam,211,161,50,Dravida Munnetra Kazhagam,2,3,4,6,10,6,10,10,10,1,6,6,5,10,10,10.1419878296146,4
115,223,90,43,5,0,1,1,0,1,366,1,3,1,1,0,736,0,0,736,1,Thiraviapuram,"T.N.D.T.A  Middle  School,  South  Building,  1st room  from  west,  Thiraviapuram","1.Thoothukudi  Corporation  Muthukrishnapuram  2nd  Sandhu  -  Ward  12  , 999.OVERSEAS  ELECTORS",All  Voters,30.29891304347826,12.22826086956522,5.842391304347826,0.6793478260869565,0.0,0.1358695652173913,0.1358695652173913,0.0,0.1358695652173913,49.72826086956522,0.0,0.8152173913043478,Tamilaga Vettri Kazhagam,366,223,143,Dravida Munnetra Kazhagam,2,3,4,5,13,7,7,13,7,1,7,6,7,7,13,19.42934782608696,6
116,197,138,43,0,0,0,1,1,1,373,0,0,2,2,2,760,0,3,763,0,Thiraviapuram,"T.N.D.T.A  Middle  School,  East  Building,  2nd room  from  North,  Thiraviapuram","1.Thoothukudi  Corporation  Thiraviapuram  4th  Sandhu  -  Ward  13  , 2.Thoothukudi  Corporation  Thiraviapuram  5th  Sandhu  -  Ward  13  , 3.Thoothukudi  Corporation  Thiraviapuram  6th  Sandhu  -  Ward  13  , 4.Thoothukudi  Corporation  Thiraviapuram  2nd  Street  -  Ward  13  , 5.Thoothukudi  Corporation  Thiraviapuram  3rd  Street  -  Ward  13  , 999.OVERSEAS  ELECTORS",All  Voters,25.92105263157895,18.15789473684211,5.657894736842105,0.0,0.0,0.0,0.131578947368421,0.131578947368421,0.131578947368421,49.07894736842105,0.3947368421052632,0.7894736842105263,Tamilaga Vettri Kazhagam,373,197,176,Dravida Munnetra Kazhagam,2,3,4,11,11,11,8,8,8,1,11,11,5,5,5,23.15789473684211,6
117,207,72,48,3,0,4,0,1,0,351,0,3,1,1,3,694,0,4,698,0,Thiraviapuram,"T.N.D.T.A  Middle  School,  East  Building,  1st room  from  North,  Thiraviapuram","1.Thoothukudi  Corporation  Boobalarayarpuram  10th  Street  -  Ward  12  , 2.Thoothukudi  Corporation  Boobalarayarpuram  9th  Street  -  Ward  12  , 3.Thoothukudi  Corporation  Boobalarayarpuram  8th  Street  -  Ward  12  , 4.Thoothukudi  Corporation  Boobalarayarpuram  7th  Street  -  Ward  12  , 5.Thoothukudi  Corporation  Boobalarayarpuram  6th  Street  -  Ward  12  , 6.Thoothukudi  Corporation  Boobalarayarpuram  5th  Street  -  Ward  12  , 999.OVERSEAS  ELECTORS",All  Voters,29.82708933717579,10.37463976945245,6.9164265129683,0.4322766570605188,0.0,0.5763688760806917,0.0,0.1440922190201729,0.0,50.57636887608069,0.5763688760806917,1.152737752161383,Tamilaga Vettri Kazhagam,351,207,144,Dravida Munnetra Kazhagam,2,3,4,6,12,5,12,9,12,1,12,6,9,9,6,20.7492795389049,8
118,123,21,23,2,0,0,1,0,0,191,0,0,0,0,0,361,0,1,362,0,Thiraviapuram,"T.N.D.T.A  Middle  School,  North  New Building,  West  Portion,  Thiraviapuram","1.Thoothukudi  Corporation  Boobalarayarpuram  1st  street  -  Ward  12  ,
2.Thoothukudi  Corporation  Boobalarayarpuram  1st  street  Lane  1  -  Ward 12  ,  3.Thoothukudi  Corporation  Boopalarayarpuram  6th  Street  -  Ward  12
,  4.Thoothukudi  Corporation  Boobalarayerpuram  2nd  Street  -  Ward  12  , 5.Thoothukudi  Corporation  Boobalarayarpuram  3rd  Street  -  Ward  12  , 6.Thoothukudi  Corporation  Boobalarayarpuram  4th  Street  -  Ward  12  , 7.Thoothukudi  Corporation  Boobalarayarpuram  5th  Street  -  Ward  12  , 8.Thoothukudi  Corporation  Boobalarayarpuram  7th  Street  -  Ward  12  , 9.Thoothukudi  Corporation  Boobalarayarpuram  8th  Street  -  Ward  12  , 10.Thoothukudi  Corporation  Boobalarayarpuram  9th  Street  -  Ward  12  ,
999.OVERSEAS  ELECTORS",All  Voters,34.07202216066482,5.817174515235457,6.371191135734072,0.554016620498615,0.0,0.0,0.2770083102493075,0.0,0.0,52.90858725761773,0.2770083102493075,0.0,Tamilaga Vettri Kazhagam,191,123,68,Dravida Munnetra Kazhagam,2,4,3,5,7,7,6,7,7,1,7,7,7,7,7,18.83656509695291,0
119,201,104,50,1,1,0,0,1,0,403,2,3,0,1,0,767,0,2,769,0,Muthukrishnapura m,"Sathya  Nursery  and  Primary  School,  North building,  East  portion  room, Muthukrishnapuram","1.Thoothukudi  Corporation  Boobalarayarpuram  1st  street  -  Ward  12  , 2.Thoothukudi  Corporation  Boobalarayarpuram  1st  Street  Lane  1  -
Ward  12  ,
3.Thoothukudi  Corporation  Muthukrishnapuram  1st  Sandhu  -  Ward  12
,
4.Thoothukudi  Corporation  Muthukrishnapuram  6th  Street  -  Ward  11  , 999.OVERSEAS  ELECTORS",All  Voters,26.20599739243807,13.5593220338983,6.51890482398957,0.1303780964797914,0.1303780964797914,0.0,0.0,0.1303780964797914,0.0,52.54237288135594,0.2607561929595828,0.7822685788787485,Tamilaga Vettri Kazhagam,403,201,202,Dravida Munnetra Kazhagam,2,3,4,7,7,11,11,7,11,1,6,5,11,7,11,26.33637548891786,6
120,157,48,35,0,0,0,0,0,1,283,1,1,0,1,0,527,0,1,528,0,Muthukrishnapura m,"Sathya  Nursery  and  Primary  School,  North building,  West  portion  2nd  room, Muthukrishnapuram","1.Thoothukudi  Corporation  Boobalarayarpuram  2nd  Street  -  Ward  12  , 2.Thoothukudi  Corporation  Boobalarayarpuram  4th  Street  -  Ward  12, 999.OVERSEAS  ELECTORS",All  Voters,29.79127134724858,9.108159392789373,6.641366223908918,0.0,0.0,0.0,0.0,0.0,0.189753320683112,53.70018975332068,0.189753320683112,0.5692599620493358,Tamilaga Vettri Kazhagam,283,157,126,Dravida Munnetra Kazhagam,2,3,4,9,9,9,9,9,5,1,5,5,9,5,9,23.9089184060721,3
121,120,43,29,1,0,0,0,0,1,209,1,0,0,0,0,404,0,1,405,0,Muthukrishnapura m,"Sathya  Nursery  and  Primary  School,  North building,  West  portion  1st  room, Muthukrishnapuram","1.Thoothukudi  Corporation  Boobalarayerpuram  3rd  Street  -  Ward  12  , 2.Thoothukudi  Corporation  Boobalarayarpuram  1st  Street  Lane  2  -
Ward  12,
3.Thoothukudi  Corporation  Muthukrishnapuram  Main  -  Ward  12  ,  , 999.OVERSEAS  ELECTORS",All  Voters,29.7029702970297,10.64356435643564,7.178217821782177,0.2475247524752475,0.0,0.0,0.0,0.0,0.2475247524752475,51.73267326732673,0.2475247524752475,0.2475247524752475,Tamilaga Vettri Kazhagam,209,120,89,Dravida Munnetra Kazhagam,2,3,4,5,8,8,8,8,5,1,5,8,8,8,8,22.02970297029703,1
122,232,63,39,1,0,0,0,0,0,400,1,2,0,0,0,738,0,0,738,0,Alangarathattu,"ICDS  Centre,  (R.C.  Primary  School  Campus) Alangarathattu","1.Thoothukudi  Corporation  Koilpillaivilai  Block  1  -  Ward  17  , 999.OVERSEAS  ELECTORS",All  Voters,31.43631436314363,8.536585365853659,5.284552845528456,0.1355013550135501,0.0,0.0,0.0,0.0,0.0,54.20054200542005,0.0,0.4065040650406505,Tamilaga Vettri Kazhagam,400,232,168,Dravida Munnetra Kazhagam,2,3,4,6,8,8,8,8,8,1,6,5,8,8,8,22.76422764227642,3
123,184,24,29,1,0,0,0,1,1,244,1,0,0,0,0,485,0,0,485,0,Alangarathattu,"R.C.  Primary  School,  Main  Building,  1st room  from  East,  STD  V,  Alangarathattu","1.Thoothukudi  Corporation  Saint  Marys  Colony  -  Ward  17  , 999.OVERSEAS  ELECTORS",All  Voters,37.93814432989691,4.948453608247423,5.979381443298969,0.2061855670103093,0.0,0.0,0.0,0.2061855670103093,0.2061855670103093,50.30927835051546,0.0,0.2061855670103093,Tamilaga Vettri Kazhagam,244,184,60,Dravida Munnetra Kazhagam,2,4,3,5,9,9,9,5,5,1,5,9,9,9,9,12.37113402061856,1
124,191,41,66,0,0,3,1,2,1,433,1,1,0,1,0,741,0,3,744,0,Alangarathattu,"R.C.  Primary  School,  Main  Building,  3rd room  from  East,  STD  III,  Alangarathattu","1.Thoothukudi  Corporation  Mela  Alangarathattu  -  Ward  17  , 999.OVERSEAS  ELECTORS",All  Voters,25.77597840755735,5.53306342780027,8.906882591093117,0.0,0.0,0.4048582995951417,0.1349527665317139,0.2699055330634278,0.1349527665317139,58.43454790823211,0.4048582995951417,0.4048582995951417,Tamilaga Vettri Kazhagam,433,191,242,Dravida Munnetra Kazhagam,2,4,3,12,12,5,7,6,7,1,7,7,12,7,12,32.65856950067476,3
125,122,22,37,0,3,0,0,0,1,253,0,1,0,0,0,439,0,5,444,0,Alangarathattu,"R.C.  Primary  School,  Main  Building,  3rd room  from  West,  STD  II,  Alangarathattu","1.Thoothukudi  Corporation  Keela  Alangarathattu  -  Ward  17  , 999.OVERSEAS  ELECTORS",All  Voters,27.79043280182232,5.011389521640091,8.428246013667426,0.0,0.683371298405467,0.0,0.0,0.0,0.2277904328018223,57.63097949886104,1.138952164009112,0.2277904328018223,Tamilaga Vettri Kazhagam,253,122,131,Dravida Munnetra Kazhagam,2,4,3,8,5,8,8,8,6,1,8,6,8,8,8,29.84054669703872,1
126,233,67,54,1,0,1,0,1,0,477,0,0,0,0,0,834,0,2,836,0,Alangarathattu,"R.C.  Primary  School,  Main  Building,  2nd room  from  West,  STD  I,  Alangarathattu","1.Thoothukudi  Corporation  Thasnavis  Nagar  -  Ward  17  ,  2.Thoothukudi Corporation  Bharathi  Nagar  (Saint  Mary  Colony)  -  Ward  17  ,
3.Thoothukudi  Corporation  John  Xavier  Nagar  -  Ward  17  ,
999.OVERSEAS  ELECTORS",All  Voters,27.93764988009592,8.03357314148681,6.474820143884892,0.1199040767386091,0.0,0.1199040767386091,0.0,0.1199040767386091,0.0,57.19424460431654,0.2398081534772182,0.0,Tamilaga Vettri Kazhagam,477,233,244,Dravida Munnetra Kazhagam,2,3,4,5,8,5,8,5,8,1,8,8,8,8,8,29.25659472422063,0
127,277,106,77,1,1,0,0,1,2,490,1,0,2,0,1,959,0,3,962,0,Krishnarajapuram,"Infant  Matric.  Hr.  Sec.  School,  South Building,  1st  room  from  west, Krishnarajapuram","1.Thoothukudi  Corporation  Ayyar  Villai  Block  1  -  Ward  17  , 999.OVERSEAS  ELECTORS",All  Voters,28.88425443169968,11.05318039624609,8.02919708029197,0.1042752867570386,0.1042752867570386,0.0,0.0,0.1042752867570386,0.2085505735140772,51.09489051094891,0.3128258602711158,0.4171011470281543,Tamilaga Vettri Kazhagam,490,277,213,Dravida Munnetra Kazhagam,2,3,4,7,7,12,12,7,5,1,7,12,5,12,7,22.21063607924922,4
128,123,96,38,0,0,1,0,1,0,206,1,0,1,0,1,468,0,3,471,0,Krishnarajapuram,"Infant  Matric.  Hr.  Sec.  School,  South Building,  2nd  room  from  West, Krishnarajapuram","1.Thoothukudi  Corporation  Ponsubbaiah  Nagar  Block  2  -  Ward  17  , 999.OVERSEAS  ELECTORS",All  Voters,26.28205128205128,20.51282051282051,8.11965811965812,0.0,0.0,0.2136752136752137,0.0,0.2136752136752137,0.0,44.01709401709402,0.641025641025641,0.641025641025641,Tamilaga Vettri Kazhagam,206,123,83,Dravida Munnetra Kazhagam,2,3,4,10,10,5,10,5,10,1,5,10,5,10,5,17.73504273504274,3
129,106,69,34,4,0,0,0,0,0,268,1,0,0,1,1,484,0,1,485,0,Krishnarajapuram,"Infant  Matric.  Hr.  Sec.  School,  South Building,  5th  room  from  East, Krishnarajapuram","1.Thoothukudi  Corporation  Krishnarajapuram  -  Ward  18  (Door  No.  1  to 7-30A)  ,  999.OVERSEAS  ELECTORS",All  Voters,21.90082644628099,14.25619834710744,7.024793388429752,0.8264462809917356,0.0,0.0,0.0,0.0,0.0,55.37190082644629,0.2066115702479339,0.6198347107438017,Tamilaga Vettri Kazhagam,268,106,162,Dravida Munnetra Kazhagam,2,3,4,5,9,9,9,9,9,1,6,9,9,6,6,33.47107438016529,3
130,186,66,24,4,1,0,0,0,1,263,0,0,0,0,1,546,0,0,546,0,Krishnarajapuram,"Infant  Matric.  Hr.  Sec.  School,South Building,  4th  room  from  East, Krishnarajapuram","1.Thoothukudi  Corporation  Krishnarajapuram  -  Ward  18  (Door  No.  After 7-30A)  ,  999.OVERSEAS  ELECTORS",All  Voters,34.06593406593407,12.08791208791209,4.395604395604396,0.7326007326007326,0.1831501831501831,0.0,0.0,0.0,0.1831501831501831,48.16849816849817,0.0,0.1831501831501831,Tamilaga Vettri Kazhagam,263,186,77,Dravida Munnetra Kazhagam,2,3,4,5,6,9,9,9,6,1,9,9,9,9,6,14.1025641025641,1
131,231,46,43,1,0,0,1,0,2,628,5,4,0,0,1,962,0,1,963,0,Thirespuram,"R.C.  Primary  School,  1st  room  from  east (STD  I  A)  Thireshpuram","1.Thoothukudi  Corporation  Jeeva  Nagar  Block  4  -  Ward  18  ,
2.Thoothukudi  Corporation  Lourdhammalpuram  Block  3  -  Ward  18  , 3.Thoothukudi  Corporation  Kalaingar  Nagar  Block  3  -  Ward  18  , 999.OVERSEAS  ELECTORS",All  Voters,24.01247401247401,4.781704781704782,4.46985446985447,0.103950103950104,0.0,0.0,0.103950103950104,0.0,0.2079002079002079,65.28066528066529,0.103950103950104,1.03950103950104,Tamilaga Vettri Kazhagam,628,231,397,Dravida Munnetra Kazhagam,2,3,4,8,11,11,8,11,7,1,5,6,11,11,8,41.26819126819127,10
132,141,28,21,0,3,2,0,0,0,440,0,3,1,1,0,640,0,1,641,0,Thirespuram,"R.C.  Primary  School,  2nd  room  from  West, (STD  I  C),  Thireshpuram","1.Thoothukudi  Corporation  Lourdhammalpuram  Block  4  -  Ward  18  (Door No.  1  to  5-40)  ,
999.OVERSEAS  ELECTORS",All  Voters,22.03125,4.375,3.28125,0.0,0.46875,0.3125,0.0,0.0,0.0,68.75,0.15625,0.78125,Tamilaga Vettri Kazhagam,440,141,299,Dravida Munnetra Kazhagam,2,3,4,10,5,7,10,10,10,1,10,5,8,8,10,46.71875,5
133,194,25,15,0,0,0,0,0,0,409,0,0,1,1,0,645,0,3,648,0,Thirespuram,"R.C.  Primary  School,  1st  room  from  West, (STD  II  A),  Thireshpuram","1.Thoothukudi  Corporation  Lourdhammalpuram  Block  4  -  Ward  18  (Door No.  After  5-40)  ,
2.  Thoothukudi  Corporation  Lourdhammalpuram  Block  5  -  Ward  18  ,
999.OVERSEAS  ELECTORS",All  Voters,30.07751937984496,3.875968992248062,2.325581395348837,0.0,0.0,0.0,0.0,0.0,0.0,63.41085271317829,0.4651162790697674,0.310077519379845,Tamilaga Vettri Kazhagam,409,194,215,Dravida Munnetra Kazhagam,2,3,4,7,7,7,7,7,7,1,7,7,5,5,7,33.33333333333333,2
134,110,35,16,1,3,0,0,1,0,344,0,1,0,0,0,511,0,2,513,0,Thirespuram,"Little  Flower,  R.C.  High  School,  North Building,  1st  room  from  East  (STD  VI  A), Thireshpuram","1.Thoothukudi  Corporation  Packiyanathanvilai  -  Ward  17  , 2.Thoothukudi  Corporation  Sangukuli  Colony  -  Ward  18  , 999.OVERSEAS  ELECTORS",All  Voters,21.52641878669276,6.849315068493151,3.131115459882583,0.1956947162426614,0.5870841487279843,0.0,0.0,0.1956947162426614,0.0,67.31898238747553,0.3913894324853229,0.1956947162426614,Tamilaga Vettri Kazhagam,344,110,234,Dravida Munnetra Kazhagam,2,3,4,6,5,9,9,6,9,1,9,6,9,9,9,45.79256360078278,1
135,90,40,11,0,1,1,1,0,0,353,4,2,1,0,1,505,0,2,507,0,Thirespuram,"Little  Flower,  R.C.  High  School,  North Building,  2nd  room  from  East  (STD  IX  A), Thireshpuram","1.Thoothukudi  Corporation  Kalavasal  -  Ward  18  ,  2.Thoothukudi Corporation  Thireshpuram  -  Ward  20  ,  999.OVERSEAS  ELECTORS",All  Voters,17.82178217821782,7.920792079207921,2.178217821782178,0.0,0.198019801980198,0.198019801980198,0.198019801980198,0.0,0.0,69.9009900990099,0.3960396039603961,1.584158415841584,Tamilaga Vettri Kazhagam,353,90,263,Dravida Munnetra Kazhagam,2,3,4,12,7,7,7,12,12,1,5,6,7,12,7,52.07920792079208,8
136,92,24,9,1,0,0,2,1,3,423,4,1,1,0,1,562,0,5,567,0,Thirespuram,"Little  Flower,  R.C.  High  School,  North Building,  2nd  room  from  West  (Class  X  A), Thireshpuram","1.Thoothukudi  Corporation  Swami  Vivekanandha  Nagar  -  Ward  17  ,
2.Thoothukudi  Corporation  Meenavar  Colony  -  Ward  17  ,  999.OVERSEAS ELECTORS",All  Voters,16.37010676156584,4.270462633451958,1.601423487544484,0.1779359430604982,0.0,0.0,0.3558718861209964,0.1779359430604982,0.5338078291814947,75.26690391459074,0.8896797153024912,1.245551601423488,Tamilaga Vettri Kazhagam,423,92,331,Dravida Munnetra Kazhagam,2,3,4,8,13,13,7,8,6,1,5,8,8,13,8,58.89679715302491,7
137,145,26,14,1,0,0,1,1,0,357,1,4,0,0,1,551,0,3,554,0,Thirespuram,"Little  Flower,  R.C.  High  School,  North Building,  1st  room  from  West  (STD  VIII), Thireshpuram","1.Thoothukudi  Corporation  Mettupatti,  Therespuram  -  Ward  18  , 999.OVERSEAS  ELECTORS",All  Voters,26.31578947368421,4.71869328493648,2.540834845735027,0.1814882032667877,0.0,0.0,0.1814882032667877,0.1814882032667877,0.0,64.7912885662432,0.5444646098003629,1.088929219600726,Tamilaga Vettri Kazhagam,357,145,212,Dravida Munnetra Kazhagam,2,3,4,6,11,11,6,6,11,1,6,5,11,11,6,38.47549909255898,6
138,94,22,18,0,0,0,0,2,3,405,2,1,0,0,0,547,0,1,548,0,Thirespuram,"Auxilium  Matriculation  Hr.  Sec.  School, Main  Building,  2nd  room  from  North  (STD XII  A)  Thirespuram","1.Thoothukudi  Corporation  Thireshpuram  -  Ward  20  (Door  No.  1  to  21D)  , 999.OVERSEAS  ELECTORS",All  Voters,17.18464351005484,4.021937842778794,3.290676416819013,0.0,0.0,0.0,0.0,0.3656307129798903,0.5484460694698354,74.04021937842778,0.1828153564899452,0.5484460694698354,Tamilaga Vettri Kazhagam,405,94,311,Dravida Munnetra Kazhagam,2,3,4,9,9,9,9,6,5,1,6,8,9,9,9,56.85557586837295,3
139,97,10,30,1,1,0,0,1,1,438,3,1,0,1,0,584,0,1,585,0,Thirespuram,"Auxilium  Matriculation  Hr.  Sec.  School, Main  Building,  3rd  room  from  North  (STD  XI B)  Thirespuram","1.Thoothukudi  Corporation  Thireshpuram  -  Ward  20  (Door  No.  After  21D)
,  999.OVERSEAS  ELECTORS",All  Voters,16.60958904109589,1.712328767123288,5.136986301369863,0.1712328767123288,0.1712328767123288,0.0,0.0,0.1712328767123288,0.1712328767123288,75.0,0.1712328767123288,0.8561643835616438,Tamilaga Vettri Kazhagam,438,97,341,Dravida Munnetra Kazhagam,2,4,3,6,6,12,12,6,6,1,5,6,12,6,12,58.39041095890411,5
140,92,21,22,1,1,1,0,0,1,284,0,0,0,0,0,423,0,2,425,0,Thirespuram,"Auxilium  Matriculation  Hr.  Sec.  School, Main  Buiding  4th  room  from  North  (STD  XII B),  Thirespuram","1.Thoothukudi  Corporation  Rajeev  Gandhi  Nagar  -  Ward  18  , 2.Thoothukudi  Corporation  Thiruvalluvarpuram  -  Ward  17  ,
3.Thoothukudi  Corporation  Sivarajapuram  -  Ward  18  ,  999.OVERSEAS
ELECTORS",All  Voters,21.74940898345154,4.964539007092199,5.200945626477541,0.2364066193853428,0.2364066193853428,0.2364066193853428,0.0,0.0,0.2364066193853428,67.13947990543736,0.4728132387706856,0.0,Tamilaga Vettri Kazhagam,284,92,192,Dravida Munnetra Kazhagam,2,4,3,5,5,5,9,9,5,1,9,9,9,9,9,45.39007092198582,0
141,186,19,39,0,1,0,0,0,4,547,0,0,0,0,0,796,0,0,796,0,Thirespuram,"Auxilium  Matriculation  Hr.  Sec.  School, Main  Buiding  4th  room  from  South  (STD  X), Thirespuram","1.Thoothukudi  Corporation  Thireshpuram  -  Ward  21  (Door  No.  1  to  206)  , 999.OVERSEAS  ELECTORS",All  Voters,23.36683417085427,2.386934673366834,4.899497487437186,0.0,0.1256281407035176,0.0,0.0,0.0,0.5025125628140703,68.71859296482413,0.0,0.0,Tamilaga Vettri Kazhagam,547,186,361,Dravida Munnetra Kazhagam,2,4,3,7,6,7,7,7,5,1,7,7,7,7,7,45.35175879396985,0
142,113,13,38,0,0,0,0,0,1,488,2,1,0,0,0,656,0,0,656,0,Thirespuram,"Auxilium  Matriculation  Hr.  Sec.  School, Main  Buiding  3rd  room  from  South  (STD L.K.G),  Thirespuram","1.Thoothukudi  Corporation  Thireshpuram  -  Ward  21  (Door  No.  207  to 281-104)  ,  999.OVERSEAS  ELECTORS",All  Voters,17.22560975609756,1.981707317073171,5.792682926829269,0.0,0.0,0.0,0.0,0.0,0.1524390243902439,74.39024390243902,0.0,0.4573170731707317,Tamilaga Vettri Kazhagam,488,113,375,Dravida Munnetra Kazhagam,2,4,3,8,8,8,8,8,6,1,5,6,8,8,8,57.16463414634146,3
143,117,25,16,0,0,0,0,0,0,415,3,1,0,0,1,578,0,1,579,2,Thirespuram,"Auxilium  Matriculation  Hr.  Sec.  School, Main  Buiding  2nd  room  from  South  (STD U.K.G),  Thirespuram","1.Thoothukudi  Corporation  Thireshpuram  -  Ward  21  (Door  No.  After 281-104)  ,  999.OVERSEAS  ELECTORS",All  Voters,20.24221453287197,4.325259515570934,2.768166089965398,0.0,0.0,0.0,0.0,0.0,0.0,71.79930795847751,0.1730103806228374,0.8650519031141869,Tamilaga Vettri Kazhagam,415,117,298,Dravida Munnetra Kazhagam,2,3,4,8,8,8,8,8,8,1,5,6,8,8,6,51.55709342560554,5
144,95,38,17,2,0,0,0,1,0,253,0,1,0,0,0,407,0,1,408,1,Samuelpuram,"Corporation  Primary  School,  East  Building 1st  room  from  North  (STD  UKG  B), Samuelpuram","1.Thoothukudi  Corporation  Boobalarayarpuram  1st  Street  -  Ward  19  , 2.Thoothukudi  Corporation  Boobalarayarpuram  9th  Street  -  Ward  19  , 999.OVERSEAS  ELECTORS",All  Voters,23.34152334152334,9.336609336609335,4.176904176904177,0.4914004914004914,0.0,0.0,0.0,0.2457002457002457,0.0,62.16216216216216,0.2457002457002457,0.2457002457002457,Tamilaga Vettri Kazhagam,253,95,158,Dravida Munnetra Kazhagam,2,3,4,5,8,8,8,6,8,1,8,6,8,8,8,38.82063882063882,1
145,140,33,21,0,0,0,0,0,1,236,0,1,1,0,0,433,0,0,433,0,Samuelpuram,"Corporation  Primary  School,  East  Building North  portion  2nd  room  (STD  UKG  A), Samuelpuram","1.Thoothukudi  Corporation  Boobalarayarpuram  2nd  Street  -  Ward  19  , 2.Thoothukudi  Corporation  Boobalarayarpuram  3rd  Street  -  Ward  19  , 3.Thoothukudi  Corporation  Boobalarayarpuram  8th  Street  -  Ward  19  , 4.Thoothukudi  Corporation  Boobalarayarpuram  11th  Street  -  Ward  19  , 999.OVERSEAS  ELECTORS",All  Voters,32.33256351039261,7.621247113163972,4.849884526558892,0.0,0.0,0.0,0.0,0.0,0.2309468822170901,54.50346420323326,0.0,0.4618937644341801,Tamilaga Vettri Kazhagam,236,140,96,Dravida Munnetra Kazhagam,2,3,4,8,8,8,8,8,5,1,8,5,5,8,8,22.17090069284065,2
146,127,21,15,0,0,0,0,1,0,260,0,0,0,0,0,424,0,1,425,0,Samuelpuram,"Corporation  Primary  School,  East  Building South  portion  2nd  room  (STD  LKG  B), Samuelpuram.","1.Thoothukudi  Corporation  Boobalarayarpuram  1st  Street  -  Ward  19  , 2.Thoothukudi  Corporation  Boobalarayarpuram  2nd  Street  -  Ward  19  , 3.Thoothukudi  Corporation  Boobalarayarpuram  3rd  Street  -  Ward  19  , 999.OVERSEAS  ELECTORS",All  Voters,29.95283018867925,4.952830188679245,3.537735849056604,0.0,0.0,0.0,0.0,0.2358490566037736,0.0,61.32075471698113,0.2358490566037736,0.0,Tamilaga Vettri Kazhagam,260,127,133,Dravida Munnetra Kazhagam,2,3,4,6,6,6,6,5,6,1,6,6,6,6,6,31.36792452830189,0
147,97,21,19,0,1,0,0,0,0,236,0,0,0,0,0,374,0,0,374,0,Samuelpuram,"Corporation  Primary  School,  West  Building, 1st  room  from  South  (STD  I  A), Samuelpuram","1.Thoothukudi  Corporation  Boobalarayarpuram  4th  Street  -  Ward  19  , 2.Thoothukudi  Corporation  Boobalarayarpuram  5th  Street  -  Ward  19  , 999.OVERSEAS  ELECTORS",All  Voters,25.93582887700535,5.614973262032086,5.080213903743315,0.0,0.267379679144385,0.0,0.0,0.0,0.0,63.10160427807487,0.0,0.0,Tamilaga Vettri Kazhagam,236,97,139,Dravida Munnetra Kazhagam,2,3,4,6,5,6,6,6,6,1,6,6,6,6,6,37.16577540106952,0
148,213,60,26,0,1,0,0,2,0,373,1,4,0,1,0,681,0,4,685,0,Samuelpuram,"Corporation  Primary  School,  West  Building, 2nd  room  from  South  (STD  1  B), Samuelpuram","1.Thoothukudi  Corporation  Boobalarayarpuram  6th  Street  -  Ward  20  , 2.Thoothukudi  Corporation  Boobalarayarpuram  7th  Street  -  Ward  20  , 3.Thoothukudi  Corporation  Boobalarayarpuram  8th  Street  -  Ward  20  , 4.Thoothukudi  Corporation  Boobalarayarpuram  9th  Street  -  Ward  20  , 5.Thoothukudi  Corporation  Boobalarayarpuram  10th  Street  -  Ward  20  , 6.Thoothukudi  Corporation  Boobalarayarpuram  11th  Street  -  Ward  20  , 999.OVERSEAS  ELECTORS",All  Voters,31.27753303964758,8.81057268722467,3.81791483113069,0.0,0.1468428781204112,0.0,0.0,0.2936857562408223,0.0,54.77239353891336,0.5873715124816447,0.881057268722467,Tamilaga Vettri Kazhagam,373,213,160,Dravida Munnetra Kazhagam,2,3,4,10,7,10,10,6,10,1,7,5,10,7,10,23.49486049926578,6
149,235,64,44,2,1,1,2,1,0,434,1,3,0,1,1,790,0,0,790,2,Boopalrayerpuram (RV  Puram),"Johnson  Nursery  and  primary  School,  East Building,  2nd  room  from  North, Boopalrayerpuram  (RV  Puram)","1.Thoothukudi  Corporation  Boobalarayarpuram  4th  Street  -  Ward  20  , 2.Thoothukudi  Corporation  Boobalarayarpuram  3rd  Street  -  Ward  20  , 3.Thoothukudi  Corporation  Boobalarayarpuram  5th  Street  -  Ward  20  , 4.Thoothukudi  Corporation  Boobalarayarpuram  6th  Street  -  Ward  20  , 5.Thoothukudi  Corporation  Boobalarayarpuram  7th  Street  -  Ward  20  , 999.OVERSEAS  ELECTORS",All  Voters,29.74683544303797,8.10126582278481,5.569620253164556,0.2531645569620253,0.1265822784810127,0.1265822784810127,0.2531645569620253,0.1265822784810127,0.0,54.9367088607595,0.0,0.7594936708860759,Tamilaga Vettri Kazhagam,434,235,199,Dravida Munnetra Kazhagam,2,3,4,6,8,8,6,8,14,1,8,5,14,8,8,25.18987341772152,6
150,218,26,30,0,0,0,0,0,0,245,2,2,0,0,1,524,0,1,525,0,Boopalrayerpuram (RV  Puram),"Johnson  Nursery  and  primary  School,  East Building,  1st  room  from  South, Boopalrayerpuram  (RV  Puram)","1.Thoothukudi  Corporation  Boobalarayarpuram  8th  Street  -  Ward  20  , 2.Thoothukudi  Corporation  Boobalarayarpuram  9th  Street  -  Ward  20  , 3.Thoothukudi  Corporation  Boobalarayarpuram  10th  Street  -  Ward  20  , 4.Thoothukudi  Corporation  Boobalarayarpuram  11th  Street  -  Ward  20  , 999.OVERSEAS  ELECTORS",All  Voters,41.6030534351145,4.961832061068702,5.725190839694656,0.0,0.0,0.0,0.0,0.0,0.0,46.75572519083969,0.1908396946564885,0.9541984732824428,Tamilaga Vettri Kazhagam,245,218,27,Dravida Munnetra Kazhagam,2,4,3,8,8,8,8,8,8,1,5,5,8,8,7,5.152671755725191,5
151,83,40,14,0,1,1,0,2,2,313,1,2,0,1,0,460,0,1,461,0,Cruzpuram,"St.Joseph  Girls  Hr.Sec.  School,  South Building,  1st  room  from  East  (STD  VIII-B), Cruzpuram","1.Thoothukudi  Corporation  Thirespuram  -  Ward  21  (Door  No.  1  to  198)  , 999.OVERSEAS  ELECTORS",All  Voters,18.04347826086957,8.695652173913043,3.043478260869565,0.0,0.2173913043478261,0.2173913043478261,0.0,0.4347826086956522,0.4347826086956522,68.04347826086956,0.2173913043478261,0.8695652173913043,Tamilaga Vettri Kazhagam,313,83,230,Dravida Munnetra Kazhagam,2,3,4,12,8,8,12,5,5,1,8,5,12,8,12,50.0,4
152,116,32,25,0,1,0,0,2,1,393,2,0,1,0,0,573,0,1,574,0,Cruzpuram,"St.Joseph  Girls  Hr.Sec.  School,  South Building,  2nd  room  from  East,  Cruzpuram","1.Thoothukudi  Corporation  Thirespuram  -  Ward  21  (Door  No.  After  198)  , 999.OVERSEAS  ELECTORS",All  Voters,20.24432809773124,5.584642233856894,4.363001745200698,0.0,0.1745200698080279,0.0,0.0,0.3490401396160558,0.1745200698080279,68.58638743455498,0.1745200698080279,0.5235602094240838,Tamilaga Vettri Kazhagam,393,116,277,Dravida Munnetra Kazhagam,2,3,4,10,7,10,10,5,7,1,5,10,7,10,10,48.34205933682373,3
153,189,47,30,0,1,1,0,0,0,491,2,3,1,0,0,765,0,2,767,0,Cruzpuram,"St.Joseph  Girls  Hr.Sec.  School,  South Building,  3rd  room  from  East,  Cruzpuram","1.Thoothukudi  Corporation  Thirespuram  1st  Street(Sanguli  Colony)  - Ward  18  ,  2.Thoothukudi  Corporation  Thirespuram  2nd  Street(Sanguli Colony)  -  Ward  18  ,  3.Thoothukudi  Corporation  Thirespuram  3rd  Street
(Sanguli  Colony)  -  Ward  18  ,  4.Thoothukudi  Corporation  Thirespuram  4th Street  (Sanguli  Colony)  -  Ward  18  ,  5.Thoothukudi  Corporation
Thirespuram  Main  -  Ward  18  ,  999.OVERSEAS  ELECTORS",All  Voters,24.70588235294118,6.143790849673202,3.92156862745098,0.0,0.130718954248366,0.130718954248366,0.0,0.0,0.0,64.18300653594771,0.261437908496732,0.7843137254901961,Tamilaga Vettri Kazhagam,491,189,302,Dravida Munnetra Kazhagam,2,3,4,10,7,7,10,10,10,1,6,5,7,10,10,39.47712418300654,6
154,239,40,14,2,0,1,2,0,1,465,3,2,0,0,1,770,0,4,774,0,Cruzpuram,"St.Joseph  Girls  Hr.Sec.  School,  West Building,  2nd  room  from  South  (STD  IX  A), Cruzpuram","1.Thoothukudi  Corporation  Thirespuram  4th  Street  -  Ward  18  ,
2.Thoothukudi  Corporation  Anna  Colony  Beach  road  Thirespuram  -  Ward 18  ,  3.Thoothukudi  Corporation  Palli  Vasal  Front  Street  -  Ward  18  ,
4.Thoothukudi  Corporation  Thommaiar  Kovil  Street  -  Ward  18  , 5.Thoothukudi  Corporation  Thirespuram  5th  Street  -  Ward  18  , 6.Thoothukudi  Corporation  Thirespuram  6th  Street  -  Ward  18  ,
999.OVERSEAS  ELECTORS",All  Voters,31.03896103896104,5.194805194805195,1.818181818181818,0.2597402597402597,0.0,0.1298701298701299,0.2597402597402597,0.0,0.1298701298701299,60.3896103896104,0.5194805194805194,0.7792207792207793,Tamilaga Vettri Kazhagam,465,239,226,Dravida Munnetra Kazhagam,2,3,4,6,12,9,6,12,9,1,5,6,12,12,9,29.35064935064935,6
155,161,26,14,0,0,1,1,0,2,354,2,1,0,1,0,563,0,3,566,0,Cruzpuram,"St.Joseph  Girls  Hr.Sec.  School,  West Building,  4th  room  from  North  (STD  X  A), Cruzpuram","1.Thoothukudi  Corporation  Thirespuram  1st  street  -  Ward  18  ,
2.Thoothukudi  Corporation  Thirespuram  2nd  Street  Sangu  kuli  Colony  - Ward  18  ,  3.Thoothukudi  Corporation  Thirespuram  3rd  Street  Sangu  kuli Colony  -  Ward  18  ,  4.Thoothukudi  Corporation  Thirespuram  Main  -  Ward 18  ,  5.Thoothukudi  Corporation  Thirespuram  4th,5th,6th  Street  -  Ward 18  ,  6.Thoothukudi  Corporation  Thirespuram  Main  -  Ward  18  ,
7.Thoothukudi  Corporation  Thirespuram  7th  Street  -  Ward  18  , 8.Thoothukudi  Corporation  Thirespuram  8th  Street  -  Ward  18  , 9.Thoothukudi  Corporation  Thirespuram  9th  Street  -  Ward  18  ,
999.OVERSEAS  ELECTORS",All  Voters,28.59680284191829,4.618117229129663,2.486678507992895,0.0,0.0,0.1776198934280639,0.1776198934280639,0.0,0.3552397868561279,62.87744227353463,0.5328596802841918,0.7104795737122558,Tamilaga Vettri Kazhagam,354,161,193,Dravida Munnetra Kazhagam,2,3,4,11,11,7,7,11,5,1,5,7,11,7,11,34.28063943161634,4
156,117,16,16,1,1,1,0,0,0,347,1,1,2,1,0,504,0,6,510,0,Cruzpuram,"St.Joseph  Girls  Hr.Sec.  School,  West Building,  3rd  room  from  North  (STD  X  B), Cruzpuram","1.Thoothukudi  Corporation  Thirespuram  -  Ward  20  , 999.OVERSEAS  ELECTORS",All  Voters,23.21428571428572,3.174603174603174,3.174603174603174,0.1984126984126984,0.1984126984126984,0.1984126984126984,0.0,0.0,0.0,68.84920634920636,1.19047619047619,0.992063492063492,Tamilaga Vettri Kazhagam,347,117,230,Dravida Munnetra Kazhagam,2,3,3,6,6,6,12,12,12,1,6,6,5,6,12,45.63492063492063,5
157,110,20,17,3,0,1,0,0,1,473,3,1,0,0,0,629,0,1,630,1,Cruzpuram,"St.Joseph  Girls  Hr.Sec.  School,  West Building,  2nd  room  from  North  (STD  X  C), Cruzpuram","1.Thoothukudi  Corporation  Mathavanayar  Colony  -  Ward  20  , 999.OVERSEAS  ELECTORS",All  Voters,17.48807631160572,3.179650238473767,2.702702702702703,0.4769475357710651,0.0,0.1589825119236884,0.0,0.0,0.1589825119236884,75.19872813990462,0.1589825119236884,0.6359300476947536,Tamilaga Vettri Kazhagam,473,110,363,Dravida Munnetra Kazhagam,2,3,4,5,10,7,10,10,7,1,5,7,10,10,10,57.71065182829889,4
158,145,21,46,0,0,0,0,0,0,300,1,0,0,0,0,513,0,2,515,0,Beach  Road,"Caldwell  Hr  Sec  School,  East  Building,  North portion  3rd  Room,  Beach  Road","1.Thoothukudi  Corporation  St.George  sandhu  -  Ward  21  ,  2.Thoothukudi Corporation  St.George  Street  -  Ward  21  ,  3.Thoothukudi  Corporation
Tharuvai  Sandhu  -  Ward  21  ,
999.OVERSEAS  ELECTORS",All  Voters,28.26510721247563,4.093567251461988,8.966861598440545,0.0,0.0,0.0,0.0,0.0,0.0,58.47953216374269,0.3898635477582846,0.1949317738791423,Tamilaga Vettri Kazhagam,300,145,155,Dravida Munnetra Kazhagam,2,4,3,6,6,6,6,6,6,1,5,6,6,6,6,30.21442495126706,1
159,141,59,18,0,0,0,0,0,1,241,2,0,0,0,0,462,0,4,466,0,Beach  Road,"Caldwell  Hr  Sec  School,  East  Building,  2nd room  from  South  (STD  XII  A1  Bio  and  CS), Beach  Road","1.Thoothukudi  Corporation  Narayanan  Street  -  Ward  22  ,  999.OVERSEAS ELECTORS",All  Voters,30.51948051948052,12.77056277056277,3.896103896103896,0.0,0.0,0.0,0.0,0.0,0.2164502164502164,52.16450216450217,0.8658008658008658,0.4329004329004329,Tamilaga Vettri Kazhagam,241,141,100,Dravida Munnetra Kazhagam,2,3,4,7,7,7,7,7,6,1,5,7,7,7,7,21.64502164502164,2
160,244,39,16,0,0,0,0,1,1,436,5,2,1,1,0,746,0,1,747,0,Beach  Road,"Caldwell  Hr  Sec  School,  East  Building,  1st room  from  South  (STD  XII  A2  Bio  and  CS), Beach  Road","1.Thoothukudi  Corporation  Beach  Road  -  Ward  21  ,  2.Thoothukudi Corporation  Anna  Colony  -  Ward  21  ,  3.Thoothukudi  Corporation St.Soosaiapper  Colony  -  Ward  21  ,  4.Thoothukudi  Corporation  Karikalam colony  -  Ward  21  ,  999.OVERSEAS  ELECTORS",All  Voters,32.70777479892762,5.227882037533512,2.144772117962467,0.0,0.0,0.0,0.0,0.1340482573726542,0.1340482573726542,58.4450402144772,0.1340482573726542,1.206434316353887,Tamilaga Vettri Kazhagam,436,244,192,Dravida Munnetra Kazhagam,2,3,4,11,11,11,11,7,7,1,5,6,7,7,11,25.7372654155496,9
161,190,27,32,0,2,0,0,0,0,216,1,3,0,0,0,471,0,0,471,0,Beach  Road,"Caldwell  Primary  School  New  Building,  2nd room  from  North,Vadi  Street","1.Thoothukudi  Corporation  Thattar  street  -  Ward  21  ,  2.Thoothukudi Corporation  Thattar  Sandhu  -  Ward  21,  3.Thoothukudi  Corporation
Kaliappapillai  Sandhu  -  Ward  24  ,  4.Thoothukudi  Corporation  St.Peter
Koil  Sannathi  Street  -  Ward  24  ,  999.OVERSEAS  ELECTORS",All  Voters,40.33970276008493,5.732484076433122,6.794055201698514,0.0,0.4246284501061571,0.0,0.0,0.0,0.0,45.85987261146497,0.0,0.8492569002123143,Tamilaga Vettri Kazhagam,216,190,26,Dravida Munnetra Kazhagam,2,4,3,8,6,8,8,8,8,1,7,5,8,8,8,5.520169851380043,4
162,155,54,32,0,0,0,0,1,1,309,1,1,0,0,1,555,0,2,557,0,Beach  Road,"Caldwell  Primary  School  New  Building,  1st room  from  North,Vadi  Street","1.Thoothukudi  Corporation  Nattukottai  Chetti  Street  -  Ward  23, 2.Thoothukudi  Corporation  Thattar  Street  Extension  -  Ward  24  , 999.OVERSEAS  ELECTORS",All  Voters,27.92792792792793,9.72972972972973,5.765765765765765,0.0,0.0,0.0,0.0,0.1801801801801802,0.1801801801801802,55.67567567567567,0.3603603603603603,0.5405405405405406,Tamilaga Vettri Kazhagam,309,155,154,Dravida Munnetra Kazhagam,2,3,4,10,10,10,10,5,5,1,5,5,10,10,5,27.74774774774775,3
163,221,34,32,1,0,0,1,1,0,301,1,0,0,0,0,592,0,2,594,0,North  Gopalsamy Street,"Thatchar  Street  Middle  School,  Main Building,  East  Portion,  North  Gopalsamy Street","1.Thoothukudi  Corporation  North  raja  street  -  Ward  24  ,  2.Thoothukudi Corporation  Vadakku  Raja  Sandhu  -  Ward  24  ,  999.OVERSEAS ELECTORS",All  Voters,37.33108108108108,5.743243243243244,5.405405405405405,0.1689189189189189,0.0,0.0,0.1689189189189189,0.1689189189189189,0.0,50.8445945945946,0.3378378378378378,0.1689189189189189,Tamilaga Vettri Kazhagam,301,221,80,Dravida Munnetra Kazhagam,2,3,4,5,9,9,5,5,9,1,5,9,9,9,9,13.51351351351351,1
164,154,39,22,0,0,0,0,0,1,182,0,0,1,0,0,399,0,4,403,0,North  Gopalsamy Street,"Thatchar  Street  Middle  School,  Main Building,  West  Portion,  North  Gopalsamy Street","1.Thoothukudi  Corporation  Kaliappar  Street  -  Ward  24  ,  999.OVERSEAS ELECTORS",All  Voters,38.59649122807017,9.774436090225564,5.513784461152882,0.0,0.0,0.0,0.0,0.0,0.2506265664160401,45.61403508771929,1.00250626566416,0.2506265664160401,Tamilaga Vettri Kazhagam,182,154,28,Dravida Munnetra Kazhagam,2,3,4,7,7,7,7,7,5,1,7,7,5,7,7,7.017543859649122,1
165,120,61,19,3,0,0,0,0,0,245,1,0,0,0,0,449,0,2,451,0,North  Gopalsamy Street,"S.A.V.Primary  School,  West  Building,  North Portion,  North  Gopalsamy  Street","1.Thoothukudi  Corporation  Ayyalu  lane  -  Ward  23  ,  2.Thoothukudi Corporation  Ayyalu  Street  -  Ward  23  ,  3.Thoothukudi  Corporation Tharuvai  Street  -  Ward  23  ,  999.OVERSEAS  ELECTORS",All  Voters,26.7260579064588,13.58574610244989,4.231625835189309,0.6681514476614699,0.0,0.0,0.0,0.0,0.0,54.56570155902004,0.4454342984409799,0.22271714922049,Tamilaga Vettri Kazhagam,245,120,125,Dravida Munnetra Kazhagam,2,3,4,5,7,7,7,7,7,1,6,7,7,7,7,27.83964365256125,1
166,185,19,25,3,0,0,0,0,0,206,0,1,0,1,0,440,0,2,442,0,North  Gopalsamy Street,"S.A.V.  Primary  School,  West  Building  Central Portion,North  Gopalsamy  Street","1.Thoothukudi  Corporation  Chinnakadai  street  -  Ward  24  ,
2.Thoothukudi  Corporation  Chinnakadai  Sandhu  -  Ward  24  , 3.Thoothukudi  Corporation  Parthasarathi  Street  -  Ward  24  , 999.OVERSEAS  ELECTORS",All  Voters,42.04545454545455,4.318181818181818,5.681818181818182,0.6818181818181818,0.0,0.0,0.0,0.0,0.0,46.81818181818182,0.4545454545454545,0.4545454545454545,Tamilaga Vettri Kazhagam,206,185,21,Dravida Munnetra Kazhagam,2,4,3,5,8,8,8,8,8,1,8,6,8,6,8,4.772727272727273,2
167,153,49,20,0,1,0,0,1,0,231,0,0,1,0,0,456,0,4,460,0,North  Gopalsamy Street,"S.A.V.  Primary  School,  West  Building,  South Portion,  North  Gopalsamy  Street","1.Thoothukudi  Corporation  Gopalsamy  Street  -  Ward  24  ,  2.Thoothukudi Corporation  Vadi  Street  -  Ward  24  ,  999.OVERSEAS  ELECTORS",All  Voters,33.55263157894737,10.74561403508772,4.385964912280701,0.0,0.2192982456140351,0.0,0.0,0.2192982456140351,0.0,50.6578947368421,0.8771929824561403,0.2192982456140351,Tamilaga Vettri Kazhagam,231,153,78,Dravida Munnetra Kazhagam,2,3,4,8,5,8,8,5,8,1,8,8,5,8,8,17.10526315789474,1
168,219,29,20,2,0,1,0,1,2,276,1,1,0,0,0,552,0,1,553,0,Cruzpuram,"R.C.  Primary  School,  North  Building,  East Portion  (STD  I  A),  Cruzpuram","1.Thoothukudi  Corporation  Cruzpuram  -  Ward  22  (Door  No.  From  1  to  152)  ,  999.OVERSEAS  ELECTORS",All  Voters,39.67391304347826,5.253623188405797,3.623188405797102,0.3623188405797101,0.0,0.1811594202898551,0.0,0.1811594202898551,0.3623188405797101,50.0,0.1811594202898551,0.3623188405797101,Tamilaga Vettri Kazhagam,276,219,57,Dravida Munnetra Kazhagam,2,3,4,5,11,7,11,7,5,1,7,7,11,11,11,10.32608695652174,2
169,227,25,31,3,0,0,1,3,0,342,0,0,0,0,0,632,0,0,632,0,Cruzpuram,"R.C.  Primary  School,  North  Building,  (STD-II C),  Cruzpuram","1.Thoothukudi  Corporation  Cruzpuram  -
Ward  22  (Door  No.  From  153  to  last)  ,  999.OVERSEAS  ELECTORS",All  Voters,35.91772151898734,3.955696202531646,4.90506329113924,0.4746835443037975,0.0,0.0,0.1582278481012658,0.4746835443037975,0.0,54.11392405063291,0.0,0.0,Tamilaga Vettri Kazhagam,342,227,115,Dravida Munnetra Kazhagam,2,4,3,5,8,8,7,5,8,1,8,8,8,8,8,18.19620253164557,0
170,226,38,18,2,0,0,0,1,0,337,0,1,0,0,0,623,0,0,623,0,Cruzpuram,"R.C.  Primary  School,West  Building,  2nd room  from  South  (STD  V  A),  Cruzpuram","1.Thoothukudi  Corporation  Santhanamariamman  koil  street  -  Ward  22  , 999.OVERSEAS  ELECTORS",All  Voters,36.27608346709471,6.099518459069021,2.889245585874799,0.3210272873194221,0.0,0.0,0.0,0.1605136436597111,0.0,54.09309791332263,0.0,0.1605136436597111,Tamilaga Vettri Kazhagam,337,226,111,Dravida Munnetra Kazhagam,2,3,4,5,8,8,8,6,8,1,8,6,8,8,8,17.81701444622793,1
171,185,62,32,5,0,0,1,3,1,340,2,2,0,1,1,635,0,4,639,0,Cruzpuram,"R.C.  Primary  School,  South  Building,  2nd room  from  East,  Cruzpuram","1.Thoothukudi  Corporation  Sathya  Nadar  Street  -  Ward  22  ,
2.Thoothukudi  Corporation  Vadakku  Pillaiar  Koil  Street  -  Ward  23  ,
3.Thoothukudi  Corporation  Sethuraja  Street  -  Ward  23  ,  999.OVERSEAS ELECTORS",All  Voters,29.13385826771653,9.763779527559056,5.039370078740157,0.7874015748031495,0.0,0.0,0.1574803149606299,0.4724409448818898,0.1574803149606299,53.54330708661418,0.6299212598425197,0.9448818897637795,Tamilaga Vettri Kazhagam,340,185,155,Dravida Munnetra Kazhagam,2,3,4,5,13,13,9,6,9,1,7,7,13,9,9,24.40944881889764,6
172,290,92,42,3,0,1,0,0,0,329,1,1,0,0,0,759,0,1,760,0,Kovil  Street,"T.N.D.T.A.  Middle  School,  South  Building West  Portion,  Kovil  Street,  Thoothukudi","1.Thoothukudi  Corporation  Muthusamy  street  -  Ward  23  ,  2.Thoothukudi Corporation  Utchimakaliamman  Koil  Street  -  Ward  23  ,  3.Thoothukudi Corporation  Carpenter  Street  -  Ward  16  ,  4.Thoothukudi  Corporation Ratchanyapuram  East  -  Ward  16  ,  5.Thoothukudi  Corporation Ratchanyapuram  West  -  Ward  16  ,  6.Thoothukudi  Corporation  Nadar
Street  Vadakku  -  Ward  16  ,  7.Thoothukudi  Corporation  Nadar  Street
South  -  Ward  16  ,  999.OVERSEAS  ELECTORS",All  Voters,38.20816864295125,12.12121212121212,5.533596837944664,0.3952569169960474,0.0,0.1317523056653492,0.0,0.0,0.0,43.34650856389987,0.1317523056653492,0.2635046113306983,Tamilaga Vettri Kazhagam,329,290,39,Dravida Munnetra Kazhagam,2,3,4,5,9,6,9,9,9,1,6,6,9,9,9,5.138339920948617,2
173,291,85,36,4,2,1,1,1,0,336,1,0,0,0,0,758,0,3,761,0,Kovil  Street,"T.N.D.T.A  Middle  School  South  Building Middle  Portion,  Kovil  Street,  Thoothukudi","1.Thoothukudi  Corporation  Raman  villai  street  -  Ward  16  ,
2.Thoothukudi  Corporation  Koil  Street  -  Ward  16  ,  3.Thoothukudi Corporation  Simon  Street  -  Ward  16  ,  4.Thoothukudi  Corporation Vathiyar  Street  -  Ward  16  ,  5.Thoothukudi  Corporation  Manakavalen Street  -  Ward  23  ,  999.OVERSEAS  ELECTORS",All  Voters,38.39050131926121,11.21372031662269,4.749340369393139,0.5277044854881267,0.2638522427440633,0.1319261213720317,0.1319261213720317,0.1319261213720317,0.0,44.32717678100263,0.395778364116095,0.1319261213720317,Tamilaga Vettri Kazhagam,336,291,45,Dravida Munnetra Kazhagam,2,3,4,5,6,7,7,7,11,1,7,11,11,11,11,5.936675461741425,1
174,187,72,42,3,0,0,1,1,1,254,0,0,0,0,0,561,0,5,566,0,North Pathirakaliammank oil  street,"Corporation  Middle  School,  North  Building,
1st  room  from  East,  North  Pathirakaliamman Kovil  Street","1.Thoothukudi  Corporation  Davispuram  Road  -  Ward  23  ,  2.Thoothukudi Corporation  Piramuthuvilai  -  Ward  23  ,  3.Thoothukudi  Corporation Pandarasivan  vilai  street  -  Ward  23  ,  999.OVERSEAS  ELECTORS",All  Voters,33.33333333333333,12.83422459893048,7.48663101604278,0.53475935828877,0.0,0.0,0.17825311942959,0.17825311942959,0.17825311942959,45.27629233511586,0.8912655971479502,0.0,Tamilaga Vettri Kazhagam,254,187,67,Dravida Munnetra Kazhagam,2,3,4,5,9,9,6,6,6,1,9,9,9,9,9,11.94295900178253,0
175,297,78,34,0,0,0,0,1,1,268,3,0,0,0,1,683,0,2,685,0,North Pathirakaliammank oil  street,"Corporation  Middle  School,  East  Building, 1st  room  from  North,  North Pathirakaliamman  Kovil  Street","1.Thoothukudi  Corporation  Mohammed  Sadhalipuram  -  Ward  14  ,
2.Thoothukudi  Corporation  Yadhavar  Street  -  Ward  16  ,  3.Thoothukudi Corporation  Valaiyananthaswami  Koil  Street  -  Ward  16  ,  4.Thoothukudi Corporation  Nambikkai  roach  Vilai  -  Ward  16  ,  999.OVERSEAS ELECTORS",All  Voters,43.48462664714495,11.42020497803807,4.978038067349927,0.0,0.0,0.0,0.0,0.1464128843338214,0.1464128843338214,39.23865300146413,0.2928257686676428,0.5856515373352855,Dravida Munnetra Kazhagam,297,268,29,Tamilaga Vettri Kazhagam,1,3,4,9,9,9,9,6,6,2,5,9,9,9,6,4.24597364568082,4
176,145,52,31,1,0,0,0,1,0,184,0,2,0,0,0,416,0,1,417,0,North Pathirakaliammank oil  street,"Corporation  Middle  School,  South  Middle Building,  North  Pathirakaliamman  Kovil Street","1.Thoothukudi  Corporation  Vadakku  Patthirakaliamman  Koil  street  - Ward  16  ,  2.Thoothukudi  Corporation  Nainarvillai  Vadakku  -  Ward  16  , 999.OVERSEAS  ELECTORS",All  Voters,34.85576923076923,12.5,7.451923076923077,0.2403846153846154,0.0,0.0,0.0,0.2403846153846154,0.0,44.23076923076923,0.2403846153846154,0.4807692307692308,Tamilaga Vettri Kazhagam,184,145,39,Dravida Munnetra Kazhagam,2,3,4,6,8,8,8,6,8,1,8,5,8,8,8,9.375,2
177,107,61,28,0,1,1,0,0,0,180,1,1,0,0,0,380,0,1,381,0,North Pathirakaliammank oil  street,"Corporation  Middle  School,  South  Building, 1st  room  from  West,  North Pathirakaliamman  Kovil  Street","1.Thoothukudi  Corporation  Nainarvillai  West  -  Ward  16  ,  2.Thoothukudi Corporation  Nainarvillai  South  -  Ward  16  ,  3.Thoothukudi  Corporation St.John  Street  -  Ward  16  ,  999.OVERSEAS  ELECTORS",All  Voters,28.1578947368421,16.05263157894737,7.368421052631578,0.0,0.2631578947368421,0.2631578947368421,0.0,0.0,0.0,47.36842105263158,0.2631578947368421,0.5263157894736842,Tamilaga Vettri Kazhagam,180,107,73,Dravida Munnetra Kazhagam,2,3,4,9,5,5,9,9,9,1,5,5,9,9,9,19.21052631578947,2
178,180,92,34,0,0,1,1,0,1,288,0,0,0,0,1,598,0,5,603,0,North Pathirakaliammank oil  street,"Corporation  Middle  School,  West  Building (Near  Staircase),  North  Pathirakaliamman Kovil  Street","1.Thoothukudi  Corporation  Vaniyanvillai  South  -  Ward  16  ,
2.Thoothukudi  Corporation  Vaniyanvilai  Vadakku  -  Ward  16  ,
3.Thoothukudi  Corporation  S.S.Pillai  Street  -  Ward  16  ,  4.Thoothukudi Corporation  Subbah  Naicker  Street  -  Ward  16  ,  999.OVERSEAS ELECTORS",All  Voters,30.10033444816054,15.38461538461539,5.68561872909699,0.0,0.0,0.1672240802675585,0.1672240802675585,0.0,0.1672240802675585,48.16053511705686,0.8361204013377926,0.1672240802675585,Tamilaga Vettri Kazhagam,288,180,108,Dravida Munnetra Kazhagam,2,3,4,9,9,5,5,9,5,1,9,9,9,9,5,18.06020066889632,1
179,174,126,28,4,2,0,0,1,1,363,2,0,0,0,0,701,0,2,703,0,Rathinapuram,"R.C.  Primary  School,  East  New  Building, North  Portion,  Rathnapuram","1.Thoothukudi  Corporation  Alagesapuram  1st  street  -  Ward  9  , 999.OVERSEAS  ELECTORS",All  Voters,24.82168330955777,17.97432239657632,3.994293865905849,0.5706134094151213,0.2853067047075606,0.0,0.0,0.1426533523537803,0.1426533523537803,51.78316690442225,0.2853067047075606,0.2853067047075606,Tamilaga Vettri Kazhagam,363,174,189,Dravida Munnetra Kazhagam,2,3,4,5,6,10,10,8,8,1,6,10,10,10,10,26.96148359486448,2
180,187,79,27,3,0,0,0,0,2,246,0,0,1,0,0,545,0,2,547,0,Rathinapuram,"R.C.  Primary  School,  East  New  Building, South  portion,  Rathnapuram","1.Thoothukudi  Corporation  Rathinapuram  street  -  Ward  14  ,
2.Thoothukudi  Corporation  Yathavar  Street  -  Ward  16  ,  999.OVERSEAS ELECTORS",All  Voters,34.31192660550459,14.4954128440367,4.954128440366973,0.5504587155963303,0.0,0.0,0.0,0.0,0.3669724770642202,45.13761467889908,0.3669724770642202,0.1834862385321101,Tamilaga Vettri Kazhagam,246,187,59,Dravida Munnetra Kazhagam,2,3,4,5,8,8,8,8,6,1,8,8,7,8,8,10.8256880733945,1
181,188,108,32,0,1,0,1,0,0,274,1,4,0,1,0,610,0,0,610,0,Rathinapuram,"R.C.  High  School,  North  New  Building,  3rd room  from  West,  Rathnapuram","1.Thoothukudi  Corporation  Thiraviapuram  1st  street  -  Ward  13  , 2.Thoothukudi  Corporation  Thiraviapuram  3rd  Street  -  Ward  13  ,
3.Thoothukudi  Corporation  Parvathiamman  Koil  Street  -  Ward  13  ,
999.OVERSEAS  ELECTORS",All  Voters,30.81967213114754,17.70491803278689,5.245901639344262,0.0,0.1639344262295082,0.0,0.1639344262295082,0.0,0.0,44.91803278688525,0.0,0.9836065573770493,Tamilaga Vettri Kazhagam,274,188,86,Dravida Munnetra Kazhagam,2,3,4,10,6,10,6,10,10,1,6,5,10,6,10,14.0983606557377,6
182,299,126,36,2,0,1,0,2,0,456,0,1,0,0,1,924,0,7,931,0,Rathinapuram,"R.C.  High  School,  North  New  Building,  4th room  from  West,  Rathnapuram","1.Thoothukudi  Corporation  Muniasamy  koil  street  -  Ward  14  ,
2.Thoothukudi  Corporation  Sudalaimadasamy  Koil  Street  -  Ward  14  , 999.OVERSEAS  ELECTORS",All  Voters,32.35930735930736,13.63636363636363,3.896103896103896,0.2164502164502164,0.0,0.1082251082251082,0.0,0.2164502164502164,0.0,49.35064935064935,0.7575757575757576,0.2164502164502164,Tamilaga Vettri Kazhagam,456,299,157,Dravida Munnetra Kazhagam,2,3,4,5,10,7,10,5,10,1,10,7,10,10,7,16.99134199134199,2
183,200,115,32,4,1,0,0,0,1,319,0,0,1,0,0,673,0,5,678,0,Pandurengan  street,"Corporation  Middle  School,  East  building  1st room  from  North,  Melur  Pandurengan  Street","1.Thoothukudi  Corporation  Alagesapuram  main  -  Ward  8  ,  2.Thoothukudi Corporation  Alagesapuram  1st  Sandhu  -  Ward  9  ,  999.OVERSEAS ELECTORS",All  Voters,29.71768202080238,17.08766716196137,4.75482912332838,0.5943536404160475,0.1485884101040119,0.0,0.0,0.0,0.1485884101040119,47.39970282317979,0.7429420505200593,0.1485884101040119,Tamilaga Vettri Kazhagam,319,200,119,Dravida Munnetra Kazhagam,2,3,4,5,6,9,9,9,6,1,9,9,6,9,9,17.68202080237742,1
184,196,137,44,9,0,0,2,0,0,409,1,0,1,0,1,800,0,0,800,0,Pandurengan  street,"Corporation  Middle  School,  North  Building West  Portion,  Melur  Pandurengan  Street","1.Thoothukudi  Corporation  Alagesapuram  1st  street  -  Ward  9  ,
2.Thoothukudi  Corporation  Alagesapuram  2nd  Sandhu  -  Ward  9  , 999.OVERSEAS  ELECTORS",All  Voters,24.5,17.125,5.5,1.125,0.0,0.0,0.25,0.0,0.0,51.125,0.0,0.375,Tamilaga Vettri Kazhagam,409,196,213,Dravida Munnetra Kazhagam,2,3,4,5,10,10,6,10,10,1,7,10,7,10,7,26.625,3
185,149,74,21,3,1,0,0,1,1,215,1,0,0,0,0,466,0,1,467,0,Melur  Chathram Street,"Corporation  Middle  School,  East  Building, 2nd  room  from  North,  (STD  VI  A),  Melur, Chathram  Street","1.Thoothukudi  Corporation  Vandimarichamman  koil  street  -  Ward  15  , 2.Thoothukudi  Corporation  Santhi  Vinayagar  Koil  Street  -  Ward  15  ,
999.OVERSEAS  ELECTORS",All  Voters,31.97424892703863,15.87982832618026,4.506437768240343,0.6437768240343348,0.2145922746781116,0.0,0.0,0.2145922746781116,0.2145922746781116,46.13733905579399,0.2145922746781116,0.2145922746781116,Tamilaga Vettri Kazhagam,215,149,66,Dravida Munnetra Kazhagam,2,3,4,5,6,10,10,6,6,1,6,10,10,10,10,14.16309012875537,1
186,145,55,16,0,1,0,0,0,0,180,0,0,0,0,0,397,0,1,398,0,Melur  Chathram Street,"Corporation  Middle  School,  South  Building, 5th  room  from  West,  (STD  VIII  B),  Melur, Chathram  Street","1.Thoothukudi  Corporation  Santh  Vinayagar  Koil  Sandhu  -  Ward  15  , 2.Thoothukudi  Corporation  Kamatchiamman  Koil  Street  -  Ward  15  , 3.Thoothukudi  Corporation  Mohammed  Sadhalipuram  -  Ward  14  ,
4.Thoothukudi  Corporation  Muniasamy  Kovil  Street  -  Ward  14  ,
999.OVERSEAS  ELECTORS",All  Voters,36.52392947103274,13.85390428211587,4.030226700251889,0.0,0.2518891687657431,0.0,0.0,0.0,0.0,45.34005037783375,0.2518891687657431,0.0,Tamilaga Vettri Kazhagam,180,145,35,Dravida Munnetra Kazhagam,2,3,4,6,5,6,6,6,6,1,6,6,6,6,6,8.816120906801007,0
187,139,80,30,2,1,0,1,2,1,196,0,0,0,1,0,453,0,2,455,0,Chatram  street,"S.A.V.  Hr.  Sec.  School,  Centenary  Hall,  1st room  from  West,  Chatram  Street","1.Thoothukudi  Corporation  Muthu  street  -  Ward  15  , 999.OVERSEAS  ELECTORS",All  Voters,30.68432671081678,17.66004415011038,6.622516556291391,0.4415011037527594,0.2207505518763797,0.0,0.2207505518763797,0.4415011037527594,0.2207505518763797,43.26710816777042,0.4415011037527594,0.2207505518763797,Tamilaga Vettri Kazhagam,196,139,57,Dravida Munnetra Kazhagam,2,3,4,5,7,11,7,5,7,1,11,11,11,7,11,12.58278145695364,1
188,147,61,25,1,3,0,0,0,1,212,1,0,0,0,0,451,0,2,453,0,Chatram  street,"S.A.V.  Hr.  Sec.  School,  Centenary  Hall,  2nd room  from  West,  Chatram  Street","1.Thoothukudi  Corporation  Karuppasamy  Koil  Street  -  Ward  15  ,
2.Thoothukudi  Corporation  Subbiah  Street  -  Ward  15  ,  999.OVERSEAS ELECTORS",All  Voters,32.59423503325942,13.52549889135255,5.543237250554324,0.221729490022173,0.6651884700665188,0.0,0.0,0.0,0.221729490022173,47.00665188470067,0.4434589800443459,0.221729490022173,Tamilaga Vettri Kazhagam,212,147,65,Dravida Munnetra Kazhagam,2,3,4,6,5,9,9,9,6,1,6,9,9,9,9,14.41241685144124,1
189,157,119,32,2,0,0,0,1,0,298,0,0,0,0,2,611,0,4,615,0,Chatram  street,"S.A.V.  Hr.  Sec.  School,  Centenary  Hall,  3rd room  from  West,  Chatram  Street","1.Thoothukudi  Corporation  Nammalwar  street  -  Ward  15  ,  2.Thoothukudi Corporation  Chathram  Street  -  Ward  15  ,  999.OVERSEAS  ELECTORS",All  Voters,25.69558101472995,19.47626841243862,5.237315875613748,0.3273322422258593,0.0,0.0,0.0,0.1636661211129296,0.0,48.77250409165303,0.6546644844517185,0.3273322422258593,Tamilaga Vettri Kazhagam,298,157,141,Dravida Munnetra Kazhagam,2,3,4,5,8,8,8,7,8,1,8,8,8,8,5,23.07692307692308,2
190,193,135,31,0,0,0,0,3,0,331,0,1,1,0,0,695,0,3,698,0,Chatram  street,"S.A.V.  Hr.  Sec.  School,  West  Building,  3rd room  from  South  (STD  XI  B),  Chatram  Street","1.Thoothukudi  Corporation  Pandurangan  street  -  Ward  15  , 2.Thoothukudi  Corporation  Sarankapani  Street  -  Ward  15  , 999.OVERSEAS  ELECTORS",All  Voters,27.76978417266187,19.42446043165468,4.460431654676259,0.0,0.0,0.0,0.0,0.4316546762589928,0.0,47.62589928057554,0.4316546762589928,0.2877697841726619,Tamilaga Vettri Kazhagam,331,193,138,Dravida Munnetra Kazhagam,2,3,4,8,8,8,8,5,8,1,8,6,6,8,8,19.85611510791367,2
191,133,88,23,1,0,1,0,2,1,229,1,1,0,0,1,481,0,1,482,0,Chatram  street,"S.A.V.  Hr.  Sec.  School,  West  Building,  4th room  from  South  (STD  XII  C),  Chatram
Street","1.Thoothukudi  Corporation  Rajamannar  street  -  Ward  15  ,  2.Thoothukudi Corporation  Keelarathaveethi  Extension  -  Ward  15  ,  999.OVERSEAS ELECTORS",All  Voters,27.65072765072765,18.2952182952183,4.781704781704782,0.2079002079002079,0.0,0.2079002079002079,0.0,0.4158004158004158,0.2079002079002079,47.60914760914761,0.2079002079002079,0.6237006237006237,Tamilaga Vettri Kazhagam,229,133,96,Dravida Munnetra Kazhagam,2,3,4,6,12,6,12,5,6,1,6,6,12,12,6,19.95841995841996,3
192,133,110,17,3,1,0,1,0,2,231,1,1,0,0,0,500,0,2,502,0,Chatram  street,"S.A.V.  Hr.  Sec.  School,  West  Building,  5th room  from  South  (STD  XII  D),  Chatram
Street","1.Thoothukudi  Corporation  Andal  Street  -  Ward  15  ,  2.Thoothukudi Corporation  Kathiresan  Koil  Street  -  Ward  15  ,  999.OVERSEAS ELECTORS",All  Voters,26.6,22.0,3.4,0.6,0.2,0.0,0.2,0.0,0.4,46.2,0.4,0.4,Tamilaga Vettri Kazhagam,231,133,98,Dravida Munnetra Kazhagam,2,3,4,5,7,11,7,11,6,1,7,7,11,11,11,19.6,2
193,317,59,18,0,0,0,0,0,0,206,1,1,0,1,1,604,0,2,606,0,Renganathapuram,"C.M.  Hr.  Sec.  School,  West  Building, Renganathapuram","1.Thoothukudi  Corporation  Ragamathullapuram  East  -  Ward  40  , 2.Thoothukudi  Corporation  Ragamathullapuram  West  -  Ward  39  , 999.OVERSEAS  ELECTORS",All  Voters,52.48344370860926,9.7682119205298,2.980132450331126,0.0,0.0,0.0,0.0,0.0,0.0,34.10596026490067,0.3311258278145696,0.6622516556291391,Dravida Munnetra Kazhagam,317,206,111,Tamilaga Vettri Kazhagam,1,3,4,9,9,9,9,9,9,2,5,5,9,5,5,18.37748344370861,4
194,165,164,20,0,1,0,1,1,1,321,0,0,0,2,1,677,0,2,679,0,Renganathapuram,"C.M.  Hr  Sec.  School,  South  Building,  East portion,  Renganathapuram","1.Thoothukudi  Corporation  Pathirakaliamman  Koil  Street  -  Ward  25  ,  , 999.OVERSEAS  ELECTORS",All  Voters,24.37223042836041,24.2245199409158,2.954209748892171,0.0,0.1477104874446086,0.0,0.1477104874446086,0.1477104874446086,0.1477104874446086,47.41506646971935,0.2954209748892171,0.4431314623338257,Tamilaga Vettri Kazhagam,321,165,156,Dravida Munnetra Kazhagam,2,3,4,11,6,11,6,6,6,1,11,11,11,5,6,23.04283604135894,3
195,95,80,22,2,1,0,0,3,1,212,2,0,0,1,0,419,0,4,423,0,Renganathapuram,"C.M.  Primary  School,  North  Building,  West Portion,  Renganathapuram","1.Thoothukudi  Corporation  Renganathapuram  West  -  Ward  25  , 999.OVERSEAS  ELECTORS",All  Voters,22.67303102625298,19.09307875894988,5.250596658711217,0.477326968973747,0.2386634844868735,0.0,0.0,0.7159904534606205,0.2386634844868735,50.59665871121718,0.9546539379474941,0.7159904534606205,Tamilaga Vettri Kazhagam,212,95,117,Dravida Munnetra Kazhagam,2,3,4,6,8,11,11,5,8,1,6,11,11,8,11,27.9236276849642,3
196,120,117,23,2,3,0,1,2,1,224,1,1,1,1,0,497,0,1,498,0,Melarathaveethi,"Victoria  Girls  Hr.  Sec  School,  South  building, 1st  room  from  East,  (STD  VII  D),  Mela  Ratha Veethi,  Thoothukudi","1.Thoothukudi  Corporation  Vadakku  Ratha  Veethi  -  Ward  25  , 999.OVERSEAS  ELECTORS",All  Voters,24.14486921529175,23.54124748490946,4.627766599597585,0.4024144869215292,0.6036217303822937,0.0,0.2012072434607646,0.4024144869215292,0.2012072434607646,45.07042253521127,0.2012072434607646,0.8048289738430584,Tamilaga Vettri Kazhagam,224,120,104,Dravida Munnetra Kazhagam,2,3,4,6,5,14,8,6,8,1,8,8,8,8,14,20.92555331991952,4
197,65,65,12,5,0,1,0,1,0,110,0,0,0,0,0,259,0,1,260,0,Melarathaveethi,"Victoria  Girls  Hr.  Sec  School,  South  building, 2nd  room  from  East,  (STD  VIII  B),  Mela Ratha  Veethi,  Thoothukudi","1.Thoothukudi  Corporation  Vadakku  Ratha  veethi  Extension  -  Ward  25  , 2.Thoothukudi  Corporation  Varadharajapuram  -  Ward  26  , 999.OVERSEAS  ELECTORS",All  Voters,25.0965250965251,25.0965250965251,4.633204633204633,1.93050193050193,0.0,0.3861003861003861,0.0,0.3861003861003861,0.0,42.47104247104247,0.3861003861003861,0.0,Tamilaga Vettri Kazhagam,110,65,45,All India Anna Dravida Munnetra Kazhagam,2,2,4,5,8,6,8,6,8,1,8,8,8,8,8,17.37451737451737,0
198,90,98,13,0,0,0,0,1,1,178,2,1,0,0,0,384,0,2,386,0,Melarathaveethi,"Victoria  Girls  Hr.  Sec  School,  South  building, 3rd  room  from  East,  (STD  VIII  C),  Mela  Ratha Veethi,  Thoothukudi","1.Thoothukudi  Corporation  Keelaratha  veethi  -  Ward  26  ,  2.Thoothukudi Corporation  Perumal  Koil  Street  -  Ward  26  ,  3.Thoothukudi  Corporation Vadakku  Sambanthamoorthy  Street  -  Ward  26  ,  4.Thoothukudi Corporation  Mela  Peria  Cotton  Road  -  Ward  25  ,  999.OVERSEAS ELECTORS",All  Voters,23.4375,25.52083333333333,3.385416666666667,0.0,0.0,0.0,0.0,0.2604166666666666,0.2604166666666666,46.35416666666667,0.5208333333333333,0.78125,Tamilaga Vettri Kazhagam,178,98,80,All India Anna Dravida Munnetra Kazhagam,3,2,4,9,9,9,9,6,6,1,5,6,9,9,9,20.83333333333334,3
199,151,58,18,1,1,0,0,0,0,169,0,0,0,0,0,398,0,4,402,0,Melarathaveethi,"Victoria  Girls  Hr.  Sec  School,  South  building, 4th  room  from  East,  (STD  VIII  D),  Mela  Ratha  Veethi,  Thoothukudi","1.Thoothukudi  Corporation  Renganathapuram  East  -  Ward  25  ,
2.Thoothukudi  Corporation  Mela  Rathaveethi  -  Ward  25  ,  999.OVERSEAS ELECTORS",All  Voters,37.93969849246231,14.57286432160804,4.522613065326634,0.2512562814070352,0.2512562814070352,0.0,0.0,0.0,0.0,42.46231155778894,1.005025125628141,0.0,Tamilaga Vettri Kazhagam,169,151,18,Dravida Munnetra Kazhagam,2,3,4,5,5,7,7,7,7,1,7,7,7,7,7,4.522613065326634,0
200,158,77,27,1,1,1,0,6,2,189,0,0,2,0,0,464,0,2,466,0,T.R.  Naidu  Street,"C.M.  High  School,  Main  Building  1st  room from  East  (STD  VII  A),  T.R.  Naidu  Street, Thoothukudi","1.Thoothukudi  Corporation  Vadakku  cotton  road  -  Ward  26  ,
2.Thoothukudi  Corporation  Ramasamy  Street  -  Ward  26  ,  3.Thoothukudi Corporation  Railway  Station  Road  -  Ward  26  ,  999.OVERSEAS ELECTORS",All  Voters,34.05172413793103,16.5948275862069,5.818965517241379,0.2155172413793103,0.2155172413793103,0.2155172413793103,0.0,1.293103448275862,0.4310344827586207,40.73275862068966,0.4310344827586207,0.4310344827586207,Tamilaga Vettri Kazhagam,189,158,31,Dravida Munnetra Kazhagam,2,3,4,8,8,8,11,5,6,1,11,11,6,11,11,6.68103448275862,2
201,150,75,29,0,0,0,0,1,0,167,0,1,1,0,0,424,0,5,429,0,T.R.  Naidu  Street,"C.M.  High  School,  Main  Building  3rd  room from  East  (STD  X  B),  T.R.  Naidu  Street,
Thoothukudi","1.Thoothukudi  Corporation  Railway  Colony  -  Ward  26  ,  2.Thoothukudi Corporation  Selvizer  1st  Street  -  Ward  26  ,  3.Thoothukudi  Corporation Selvizer  2nd  Street  -  Ward  26  ,  4.Thoothukudi  Corporation  Selvizer  3rd Street  -  Ward  26  ,  999.OVERSEAS  ELECTORS",All  Voters,35.37735849056604,17.68867924528302,6.839622641509433,0.0,0.0,0.0,0.0,0.2358490566037736,0.0,39.38679245283019,1.179245283018868,0.4716981132075472,Tamilaga Vettri Kazhagam,167,150,17,Dravida Munnetra Kazhagam,2,3,4,8,8,8,8,5,8,1,8,5,5,8,8,4.009433962264151,2
202,82,116,20,1,1,0,0,0,0,159,1,1,1,0,0,382,0,4,386,0,T.R.  Naidu  Street,"C.M.  High  School,  Main  Building  4th  room from  East  (STD  IX  B),  T.R.  Naidu  Street,
Thoothukudi","1.Thoothukudi  Corporation  Ganagasabapathi  Street  -  Ward  26  , 2.Thoothukudi  Corporation  Theppakulam  Street  -  Ward  26  ,
3.Thoothukudi  Corporation  Theppakulam  2nd  Sandhu  -  Ward  26  , 4.Thoothukudi  Corporation  Sivan  Koil  Sandhu  -  Ward  26  ,
999.OVERSEAS  ELECTORS",All  Voters,21.46596858638744,30.36649214659686,5.235602094240837,0.2617801047120419,0.2617801047120419,0.0,0.0,0.0,0.0,41.62303664921466,1.047120418848168,0.7853403141361256,Tamilaga Vettri Kazhagam,159,116,43,All India Anna Dravida Munnetra Kazhagam,3,2,4,5,5,10,10,10,10,1,5,5,5,10,10,11.2565445026178,3
203,128,95,27,0,1,0,1,0,0,162,0,0,0,0,0,414,0,4,418,0,T.R.  Naidu  Street,"C.M.  High  School,  Main  Building  5th  room from  East,  T.R.  Naidu  Street,  Thoothukudi","1.Thoothukudi  Corporation  Theppakulam  1st  Sandhu  -  Ward  26  ,
2.Thoothukudi  Corporation  Sivan  Koil  Street  -  Ward  26  ,  999.OVERSEAS ELECTORS",All  Voters,30.91787439613526,22.94685990338164,6.521739130434782,0.0,0.2415458937198068,0.0,0.2415458937198068,0.0,0.0,39.1304347826087,0.966183574879227,0.0,Tamilaga Vettri Kazhagam,162,128,34,Dravida Munnetra Kazhagam,2,3,4,7,5,7,5,7,7,1,7,7,7,7,7,8.212560386473431,0
204,107,1,13,0,1,1,1,0,0,174,0,0,0,0,0,298,0,3,301,0,Periya  Cotton  Road,"Karapettai  Nadar  (South)  Primary  School, Main  Building,  3rd  room  from  North  (3rd door),  Periya  Cotton  Road,  Thoothukudi","1.Thoothukudi  Corporation  Victoria  Street  -  Ward  24  ,  2.Thoothukudi Corporation  St.Helina  Sandhu  -  Ward  24  ,  3.Thoothukudi  Corporation Yuvan  Pillai  Sandhu  -  Ward  24  ,  4.Thoothukudi  Corporation  Peria  Kadai Street  -  Ward  24,  5.Thoothukudi  Corporation  Peraiyara  Street  -  Ward  24, 999.OVERSEAS  ELECTORS",All  Voters,35.90604026845637,0.3355704697986577,4.36241610738255,0.0,0.3355704697986577,0.3355704697986577,0.3355704697986577,0.0,0.0,58.38926174496645,1.006711409395973,0.0,Tamilaga Vettri Kazhagam,174,107,67,Dravida Munnetra Kazhagam,2,4,3,8,4,4,4,8,8,1,8,8,8,8,8,22.48322147651007,0
205,225,14,32,0,0,0,0,0,0,312,0,0,0,0,0,583,0,2,585,0,Periya  Cotton  Road,"Karapettai  Nadar  Girls  Higher  Secondary School,  East  Building,  4th  room  form  North
(STD  XI  G),  Periya  Cotton  Road,  Thoothukudi","1.Thoothukudi  Corporation  South  Cotton  Road  -  Ward  24  (Door  No.  1  to 150)  ,
999.OVERSEAS  ELECTORS",All  Voters,38.59348198970841,2.401372212692967,5.48885077186964,0.0,0.0,0.0,0.0,0.0,0.0,53.51629502572899,0.3430531732418525,0.0,Tamilaga Vettri Kazhagam,312,225,87,Dravida Munnetra Kazhagam,2,4,3,5,5,5,5,5,5,1,5,5,5,5,5,14.92281303602058,0
206,191,7,20,0,0,3,0,0,1,297,0,2,0,0,0,521,0,1,522,0,Periya  Cotton  Road,"Karapettai  Nadar  Girls  Higher  Secondary School,  East  Building,  5th  room  form  North (STD  XII  G),  Periya  Cotton  Road,
Thoothukudi","1.Thoothukudi  Corporation  South  Cotton  Road  -  Ward  24  (Door  No.  After 151)  ,
999.OVERSEAS  ELECTORS",All  Voters,36.66026871401152,1.343570057581574,3.838771593090211,0.0,0.0,0.5758157389635317,0.0,0.0,0.1919385796545106,57.00575815738963,0.1919385796545106,0.3838771593090211,Tamilaga Vettri Kazhagam,297,191,106,Dravida Munnetra Kazhagam,2,4,3,8,8,5,8,8,7,1,8,6,8,8,8,20.34548944337812,2
207,167,9,13,0,0,0,2,2,0,221,0,1,0,0,1,416,0,1,417,0,Periya  Cotton  Road,"Karapettai  Nadar  Girls  Higher  Secondary School,  East  Building,  6th  room  form  North (STD  X  A),  Periya  Cotton  Road,  Thoothukudi","1.Thoothukudi  Corporation  South  Cotton  Road  -  Ward  24  (Door  No.  1  to 300)  ,  999.OVERSEAS  ELECTORS",All  Voters,40.14423076923077,2.163461538461538,3.125,0.0,0.0,0.0,0.4807692307692308,0.4807692307692308,0.0,53.125,0.2403846153846154,0.4807692307692308,Tamilaga Vettri Kazhagam,221,167,54,Dravida Munnetra Kazhagam,2,4,3,9,9,9,5,5,9,1,9,7,9,9,7,12.98076923076923,2
208,190,8,23,0,0,0,0,0,0,276,1,1,1,0,0,500,0,1,501,0,Periya  Cotton  Road,"Karapettai  Nadar  Girls  Higher  Secondary School,  East  Building,  7th  room  form  North (STD  X  A1),  Periya  Cotton  Road,
Thoothukudi","1.Thoothukudi  Corporation  South  Cotton  Road  -  Ward  24  (Door  No.  After 301)  ,  999.OVERSEAS  ELECTORS",All  Voters,38.0,1.6,4.6,0.0,0.0,0.0,0.0,0.0,0.0,55.2,0.2,0.6,Tamilaga Vettri Kazhagam,276,190,86,Dravida Munnetra Kazhagam,2,4,3,8,8,8,8,8,8,1,5,5,5,8,8,17.2,3
209,232,10,20,1,1,1,1,0,2,303,0,0,1,0,0,572,0,1,573,0,Periya  Cotton  Road,"Karapettai  Nadar  Girls  Higher  Secondary School,  West  Building,  2nd  room  form  South (STD  X  C),  Periya  Cotton  Road,  Thoothukudi","1.Thoothukudi  Corporation  South  Cotton  Road  -  Ward  24  , 999.OVERSEAS  ELECTORS",All  Voters,40.55944055944056,1.748251748251748,3.496503496503497,0.1748251748251748,0.1748251748251748,0.1748251748251748,0.1748251748251748,0.0,0.3496503496503496,52.97202797202797,0.1748251748251748,0.1748251748251748,Tamilaga Vettri Kazhagam,303,232,71,Dravida Munnetra Kazhagam,2,4,3,6,6,6,6,11,5,1,11,11,6,11,11,12.41258741258741,1
210,182,4,29,0,0,0,0,0,0,358,2,0,1,0,0,576,0,1,577,0,Lions  Town,"Karapettai  Nadar  Boys  Hr.  Sec.  School, Golden  Jubilee  Year  Block,  2nd  room  from West,  Room  No.  39  Lionstown","1.Thoothukudi  Corporation  Lions  Town  -  Ward  31  (Door  No.  1  to  367B), 999.OVERSEAS  ELECTORS",All  Voters,31.59722222222222,0.6944444444444444,5.034722222222222,0.0,0.0,0.0,0.0,0.0,0.0,62.15277777777778,0.1736111111111111,0.5208333333333333,Tamilaga Vettri Kazhagam,358,182,176,Dravida Munnetra Kazhagam,2,4,3,7,7,7,7,7,7,1,5,7,6,7,7,30.55555555555556,3
211,164,3,22,0,0,0,0,0,0,271,2,0,0,0,0,462,0,1,463,0,Lions  Town,"Karapettai  Nadar  Boys  Hr.  Sec.  School, Golden  Jubilee  Year  Block,  3rd  room  from West,  Room  No.  40  Lionstown","1.Thoothukudi  Corporation  Lions  Town  -  Ward  31  (Door  No.  After  367B), 999.OVERSEAS  ELECTORS",All  Voters,35.4978354978355,0.6493506493506493,4.761904761904762,0.0,0.0,0.0,0.0,0.0,0.0,58.65800865800865,0.2164502164502164,0.4329004329004329,Tamilaga Vettri Kazhagam,271,164,107,Dravida Munnetra Kazhagam,2,4,3,6,6,6,6,6,6,1,5,6,6,6,6,23.16017316017316,2
212,144,8,27,0,0,0,0,2,1,350,1,0,0,0,0,533,0,0,533,0,Lions  Town,"Karapettai  Nadar  Boys  Hr.  Sec.  School, North  Building,  3rd  room  from  East,  Room No.  3,  Lionstown","1.Thoothukudi  Corporation  Lions  Town  -  Ward  31  ,  2.Thoothukudi Corporation  Annai  Theresa  Colony  -  Ward  31  ,  999.OVERSEAS ELECTORS",All  Voters,27.01688555347092,1.50093808630394,5.065666041275797,0.0,0.0,0.0,0.0,0.375234521575985,0.1876172607879925,65.66604127579737,0.0,0.1876172607879925,Tamilaga Vettri Kazhagam,350,144,206,Dravida Munnetra Kazhagam,2,4,3,8,8,8,8,5,6,1,6,8,8,8,8,38.64915572232646,1
213,137,17,27,0,0,0,0,0,1,304,0,1,0,0,0,487,0,1,488,0,Lions  Town,"Karapettai  Nadar  Boys  Hr.  Sec.  School, North  Building,  2nd  room  from  East,  Room No.  4,  Lionstown","1.Thoothukudi  Corporation  George  Road  -  Ward  24  ,  999.OVERSEAS ELECTORS",All  Voters,28.13141683778234,3.490759753593429,5.544147843942506,0.0,0.0,0.0,0.0,0.0,0.2053388090349076,62.42299794661191,0.2053388090349076,0.2053388090349076,Tamilaga Vettri Kazhagam,304,137,167,Dravida Munnetra Kazhagam,2,4,3,7,7,7,7,7,5,1,7,5,7,7,7,34.29158110882957,1
214,232,7,13,1,0,0,0,0,0,296,2,1,0,0,1,553,0,2,555,1,George  Road,"P.M.  Ornales  Lasal  Hr.  Sec.  School,  Martin Building  (STD  X  A),  George  Road","1.Thoothukudi  Corporation  Narayanan  Sandhu  -  Ward  24  ,
2.Thoothukudi  Corporation  Emperor  Street  -  Ward  32  ,  3.Thoothukudi Corporation  South  Emperor  Street  -  Ward  32  ,  4.Thoothukudi Corporation  Vaikundam  Street  -  Ward  24  ,  5.Thoothukudi  Corporation Peria  kovil  Street  -  Ward  24  ,  999.OVERSEAS  ELECTORS",All  Voters,41.95298372513562,1.265822784810127,2.350813743218807,0.1808318264014467,0.0,0.0,0.0,0.0,0.0,53.52622061482821,0.3616636528028933,0.7233273056057866,Tamilaga Vettri Kazhagam,296,232,64,Dravida Munnetra Kazhagam,2,4,3,6,9,9,9,9,9,1,5,6,9,9,6,11.57323688969259,4
215,217,10,28,0,0,0,0,1,0,325,0,0,0,0,0,581,0,0,581,1,George  Road,"P.M.  Ornales  Lasal  Hr.  Sec.  School,  Martin Building  (STD  IX  A),  George  Road","1.Thoothukudi  Corporation  Marakudi  Street  -  Ward  24  ,  2.Thoothukudi Corporation  Manuel  Jacob  lane  -  Ward  32  ,  3.Thoothukudi  Corporation St.Peter  kovil  Street  -  Ward  24  ,  4.Thoothukudi  Corporation  St.  Peter
Kovil  Lane  -  Ward  24  ,  999.OVERSEAS  ELECTORS",All  Voters,37.34939759036144,1.721170395869191,4.819277108433735,0.0,0.0,0.0,0.0,0.1721170395869191,0.0,55.93803786574871,0.0,0.0,Tamilaga Vettri Kazhagam,325,217,108,Dravida Munnetra Kazhagam,2,4,3,6,6,6,6,5,6,1,6,6,6,6,6,18.58864027538726,0
216,233,10,15,1,0,0,0,0,1,227,1,0,0,0,0,488,0,1,489,0,George  Road,"P.M.  Ornales  Lasal  Hr.  Sec.  School,  Lasalle Block,  2nd  room  from  South,  George  Road","1.Thoothukudi  Corporation  Santhapper  Lane  -  Ward  24  ,  2.Thoothukudi Corporation  Meiyappar  Lane  -  Ward  24  ,  3.Thoothukudi  Corporation
Thandal  Lane  -  Ward  24  ,  4.Thoothukudi  Corporation  Saveria  Pitchai Lane  -  Ward  32  ,  5.Thoothukudi  Corporation  South  Raja  Street  -  Ward  32
,  6.Thoothukudi  Corporation  Gurusadi  Lane  -  Ward  24  ,  7.Thoothukudi Corporation  Grahop  Street  -  Ward  32  ,  8.Thoothukudi  Corporation Anthoniyar  Sandhu  -  Ward  24  ,  9.Thoothukudi  Corporation  Pachek
Sandhu  -  Ward  24  ,  10.Thoothukudi  Corporation  Japjak  Sandhu  -  Ward 24  ,  11.Thoothukudi  Corporation  Theerappar  Sandhu  -  Ward  32  ,
12.Thoothukudi  Corporation  Rosario  Sandhu  -  Ward  32  ,  13.Thoothukudi Corporation  Keyithan  Sorees  Sandhu  -  Ward  24,  14.Thoothukudi Corporation  St.Pavul  Sandhu  -  Ward  32  ,  15.Thoothukudi  Corporation Beach  Road  -  Ward  24  ,  16.Thoothukudi  Corporation  Malaiappar  Sandhu
-  Ward  24  ,  999.OVERSEAS  ELECTORS",All  Voters,47.74590163934426,2.049180327868852,3.073770491803279,0.2049180327868853,0.0,0.0,0.0,0.0,0.2049180327868853,46.51639344262295,0.2049180327868853,0.2049180327868853,Dravida Munnetra Kazhagam,233,227,6,Tamilaga Vettri Kazhagam,1,4,3,5,8,8,8,8,5,2,5,8,8,8,8,1.229508196721312,1
217,210,11,19,0,0,0,1,0,2,438,0,1,0,0,0,682,0,2,684,0,George  Road,"P.M.  Ornales  Lasal  Hr.  Sec.  School,  Lasalle Block,  3rd  room  from  South,  George  Road","1.  Thoothukudi  Corporation  Manal  Street  -  Ward  32,  2.Thoothukudi Corporation  Fisheries  Colony  (Inigo  Nagar)  -  Ward  24  ,  3.Thoothukudi Corporation  Piramuthu  Sandhu  -  Ward  23  ,  4.Thoothukudi  Corporation St.Peter  Kovil  Gurusadi  Sandhu  -  Ward  24  ,  999.OVERSEAS  ELECTORS",All  Voters,30.79178885630499,1.612903225806452,2.785923753665689,0.0,0.0,0.0,0.1466275659824047,0.0,0.2932551319648094,64.22287390029325,0.2932551319648094,0.1466275659824047,Tamilaga Vettri Kazhagam,438,210,228,Dravida Munnetra Kazhagam,2,4,3,8,8,8,6,8,5,1,8,6,8,8,8,33.43108504398827,1
218,154,12,18,0,0,0,0,2,0,207,1,0,0,0,0,394,0,0,394,0,George  Road,"P.M.  Ornales  Lasal  Hr.  Sec.  School,  Lasalle Block,  4th  room  from  South,  George  Road","1.Thoothukudi  Corporation  George  road  -  Ward  31  , 999.OVERSEAS  ELECTORS",All  Voters,39.08629441624365,3.045685279187818,4.568527918781726,0.0,0.0,0.0,0.0,0.5076142131979695,0.0,52.53807106598985,0.0,0.2538071065989848,Tamilaga Vettri Kazhagam,207,154,53,Dravida Munnetra Kazhagam,2,4,3,7,7,7,7,5,7,1,6,7,7,7,7,13.45177664974619,1
219,164,14,16,1,1,1,0,0,2,369,1,0,0,0,0,569,0,1,570,0,George  Road,"P.M.  Ornales  Lasal  Hr.  Sec.  School,  Lasalle Block,  2nd  room  from  North,  George  Road","1.Thoothukudi  Corporation  Gandhi  Nagar  -  Ward  31  ,  999.OVERSEAS ELECTORS",All  Voters,28.82249560632689,2.460456942003515,2.81195079086116,0.1757469244288225,0.1757469244288225,0.1757469244288225,0.0,0.0,0.351493848857645,64.8506151142355,0.1757469244288225,0.1757469244288225,Tamilaga Vettri Kazhagam,369,164,205,Dravida Munnetra Kazhagam,2,4,3,6,6,6,10,10,5,1,6,10,10,10,10,36.02811950790861,1
220,142,17,12,0,0,0,0,0,0,375,1,0,1,0,0,548,0,2,550,0,George  Road,"Dasnevis  Matha  Girls  Hr.  Sec.  School,  Main building,  STD:  XII  A  (Near  to  office  room), George  Road.","1.  Thoothukudi  Corporation  Beach  Road  -  Ward  24  ,  2.Thoothukudi Corporation  South  Beach  Road  -  Ward  24  ,  999.OVERSEAS  ELECTORS",All  Voters,25.91240875912409,3.102189781021898,2.18978102189781,0.0,0.0,0.0,0.0,0.0,0.0,68.43065693430657,0.364963503649635,0.364963503649635,Tamilaga Vettri Kazhagam,375,142,233,Dravida Munnetra Kazhagam,2,3,4,7,7,7,7,7,7,1,5,7,5,7,7,42.51824817518249,2
221,189,0,15,0,0,0,0,1,0,213,1,0,0,0,0,419,0,2,421,0,George  Road,"Dasnevis  Matha  Girls  Hr.  Sec.  School,  Main building,  STD:  XII  B  (Near  to  office  room), George  Road.","1.Thoothukudi  Corporation  Roch  Colony  -  Ward  24  ,  2.Thoothukudi Corporation  Rajeev  Gandhi  Nagar  -  ward  49  ,  999.OVERSEAS  ELECTORS",All  Voters,45.10739856801909,0.0,3.579952267303103,0.0,0.0,0.0,0.0,0.2386634844868735,0.0,50.83532219570406,0.477326968973747,0.2386634844868735,Tamilaga Vettri Kazhagam,213,189,24,Dravida Munnetra Kazhagam,2,6,3,6,6,6,6,4,6,1,4,6,6,6,6,5.727923627684964,1
222,199,23,35,0,0,0,0,1,0,556,3,0,1,0,0,818,0,3,821,0,George  Road,"Gandhi  Nagar  Primary  School,  North  room, George  Road,  Thoothukudi","1.Thoothukudi  Corporation  Fathima  Nagar  1st  Street  -  Ward  31  , 2.Thoothukudi  Corporation  Fathima  Nagar  2nd  Street  -  Ward  31  , 3.Thoothukudi  Corporation  Fathima  Nagar  3rd  Street  -  Ward  31  , 999.OVERSEAS  ELECTORS",All  Voters,24.32762836185819,2.811735941320293,4.278728606356968,0.0,0.0,0.0,0.0,0.1222493887530562,0.0,67.97066014669927,0.3667481662591687,0.4889975550122249,Tamilaga Vettri Kazhagam,556,199,357,Dravida Munnetra Kazhagam,2,4,3,8,8,8,8,6,8,1,5,8,6,8,8,43.64303178484107,4
223,100,11,21,0,0,0,0,0,0,401,0,0,0,0,0,533,0,3,536,0,George  Road,"Gandhi  Nagar  Primary  School,  Middle  Room, George  Road,  Thoothukudi","1.Thoothukudi  Corporation  George  Road  -  Ward  33  ,  2.  Thoothukudi Corporation  George  Road  Extension  -  Ward  33,  3.Thoothukudi Corporation  Fathima  Nagar  street  4,  5,  6  -  Ward  33  ,  999.OVERSEAS ELECTORS",All  Voters,18.76172607879925,2.063789868667917,3.939962476547842,0.0,0.0,0.0,0.0,0.0,0.0,75.23452157598499,0.5628517823639775,0.0,Tamilaga Vettri Kazhagam,401,100,301,Dravida Munnetra Kazhagam,2,4,3,5,5,5,5,5,5,1,5,5,5,5,5,56.47279549718574,0
224,151,7,18,1,1,0,0,1,2,315,1,1,0,0,0,498,0,1,499,0,George  Road,"Gandhi  Nagar  Primary  School,  2nd  room from  South,  George  Road,  Thoothukudi","1.Thoothukudi  Corporation  George  Road  Street  4  -  Ward  33  , 2.Thoothukudi  Corporation  George  Road  Street  5  -  Ward  33  , 3.Thoothukudi  Corporation  George  Road  Street  6  -  Ward  33  ,
4.Thoothukudi  Corporation  Fisheries  Colony  George  Road  -  Ward  33,
999.OVERSEAS  ELECTORS",All  Voters,30.32128514056225,1.405622489959839,3.614457831325301,0.2008032128514056,0.2008032128514056,0.0,0.0,0.2008032128514056,0.4016064257028112,63.25301204819277,0.2008032128514056,0.4016064257028112,Tamilaga Vettri Kazhagam,315,151,164,Dravida Munnetra Kazhagam,2,4,3,6,6,11,11,6,5,1,6,6,11,11,11,32.93172690763052,2
225,198,124,38,2,1,1,0,1,0,269,1,0,0,0,0,635,0,4,639,0,SPG  Kovil  1st  Street,"T.N.D.T.A  Middle  School,  Centenary Building,  1st  room  from  South,  S.P.G.  Kovil 1st  Street,  Thoothukudi","1.Thoothukudi  Corporation  Shanmugapuram  street  1  -  Ward  28  , 2.Thoothukudi  Corporation  Shanmugapuram  Street  2  -  Ward  28  , 999.OVERSEAS  ELECTORS",All  Voters,31.18110236220473,19.52755905511811,5.984251968503937,0.3149606299212598,0.1574803149606299,0.1574803149606299,0.0,0.1574803149606299,0.0,42.36220472440944,0.6299212598425197,0.1574803149606299,Tamilaga Vettri Kazhagam,269,198,71,Dravida Munnetra Kazhagam,2,3,4,5,6,6,10,6,10,1,6,10,10,10,10,11.18110236220472,1
226,147,49,21,1,1,0,0,0,1,144,3,0,0,0,0,367,0,1,368,0,SPG  Kovil  1st  street,"T.N.D.T.A  Middle  School,  New  South Building,  1st  room  from  East  (1st  Door),
S.P.G.  Kovil  1st  Street,  Thoothukudi","1.Thoothukudi  Corporation  S.P.G.Kovil  Street  1  -  Ward  28  , 2.Thoothukudi  Corporation  S.P.G  Kovil  Street  2  -  Ward  28  , 3.Thoothukudi  Corporation  S.P.G.  Kovil  Street  3  -  Ward  28  , 4.Thoothukudi  Corporation  S.P.G.Kovil  Street  4  -  Ward  28  , 999.OVERSEAS  ELECTORS",All  Voters,40.05449591280654,13.35149863760218,5.722070844686648,0.2724795640326975,0.2724795640326975,0.0,0.0,0.0,0.2724795640326975,39.23705722070845,0.2724795640326975,0.8174386920980926,Dravida Munnetra Kazhagam,147,144,3,Tamilaga Vettri Kazhagam,1,3,4,6,6,9,9,9,6,2,5,9,9,9,9,0.8174386920980926,3
227,154,55,29,1,0,0,0,0,1,211,0,0,0,0,1,452,0,1,453,0,SPG  Kovil  1st  street,"T.N.D.T.A  Middle  School,  New  South Building,  3rd  room  from  East  (3rd  Door),
S.P.G.  Kovil  1st  Street,  Thoothukudi","1.Thoothukudi  Corporation  Shanmugapuram  pirapper  street  -  Ward  28 (Door  No.  1  to  195)  ,  999.OVERSEAS  ELECTORS",All  Voters,34.07079646017699,12.16814159292035,6.415929203539823,0.2212389380530974,0.0,0.0,0.0,0.0,0.2212389380530974,46.68141592920354,0.2212389380530974,0.2212389380530974,Tamilaga Vettri Kazhagam,211,154,57,Dravida Munnetra Kazhagam,2,3,4,5,8,8,8,8,5,1,8,8,8,8,5,12.61061946902655,1
228,123,56,23,0,1,0,0,1,0,213,0,0,0,0,0,417,0,2,419,0,SPG  Kovil  1st  street,"T.N.D.T.A  Middle  School,  New  South Building,  5th  room  from  East  (5th  Door),
S.P.G.  Kovil  1st  Street,  Thoothukudi","1.Thoothukudi  Corporation  Shanmugapuram  pirapper  street  -  Ward  28 (Door  No.  After  195)  ,  999.OVERSEAS  ELECTORS",All  Voters,29.49640287769784,13.42925659472422,5.515587529976019,0.0,0.2398081534772182,0.0,0.0,0.2398081534772182,0.0,51.07913669064749,0.4796163069544364,0.0,Tamilaga Vettri Kazhagam,213,123,90,Dravida Munnetra Kazhagam,2,3,4,7,5,7,7,5,7,1,7,7,7,7,7,21.58273381294964,0
229,257,34,12,0,0,0,0,3,0,227,1,0,0,0,0,534,0,2,536,0,VE  Road,"Holy  Cross  Girls  Higher  Secondary  School, North  building,  1st  room  from  West,  Room No.1  VE  Road  Thoothukudi","1.Thoothukudi  Corporation  Anthoniyar  kovil  street  -  Ward  27  ,
2.Thoothukudi  Corporation  V.E.  Road  -  Ward  27  ,  999.OVERSEAS ELECTORS",All  Voters,48.12734082397004,6.367041198501873,2.247191011235955,0.0,0.0,0.0,0.0,0.5617977528089888,0.0,42.50936329588015,0.3745318352059925,0.1872659176029963,Dravida Munnetra Kazhagam,257,227,30,Tamilaga Vettri Kazhagam,1,3,4,7,7,7,7,5,7,2,6,7,7,7,7,5.617977528089887,1
230,204,7,25,1,2,0,0,0,1,435,1,1,0,0,0,677,0,0,677,0,VE  Road,"Holy  Cross  Girls  Higher  Secondary  School, St.  Joseph  Block,  2nd  room  from  East,  V.E. Road,  Thoothukudi","1.Thoothukudi  Corporation  Telephone  Colony  -  Ward  49  , 2.Thoothukudi  Corporation  P.V.R.  Puram  -  Ward  49
3.  Thoothukudi  Corporation  Pul  Thottam  (Telephone  Colony)  -  ward  49  ,
999.OVERSEAS  ELECTORS",All  Voters,30.13293943870015,1.03397341211226,3.692762186115214,0.1477104874446086,0.2954209748892171,0.0,0.0,0.0,0.1477104874446086,64.25406203840473,0.0,0.2954209748892171,Tamilaga Vettri Kazhagam,435,204,231,Dravida Munnetra Kazhagam,2,4,3,6,5,10,10,10,6,1,6,6,10,10,10,34.12112259970458,2
231,174,32,16,1,2,0,0,1,1,249,2,0,0,0,0,478,0,1,479,0,VE  Road,"Holy  Cross  Girls  Higher  Secondary  School, St.  Joseph  Block,  2nd  room  from  West,  V.E. Road,  Thoothukudi","1.Thoothukudi  Corporation  Convent  road  -  Ward  27  ,  2.Thoothukudi Corporation  George  Road  -  Ward  31  ,  999.OVERSEAS  ELECTORS",All  Voters,36.40167364016737,6.694560669456067,3.347280334728033,0.2092050209205021,0.4184100418410042,0.0,0.0,0.2092050209205021,0.2092050209205021,52.09205020920502,0.2092050209205021,0.4184100418410042,Tamilaga Vettri Kazhagam,249,174,75,Dravida Munnetra Kazhagam,2,3,4,7,5,10,10,7,7,1,5,10,10,10,10,15.69037656903766,2
232,80,25,4,1,0,0,0,2,2,127,1,0,0,0,0,242,0,1,243,0,VE  Road,"Holy  Cross  Girls  Higher  Secondary  School, St.  Joseph  Block,  1st  room  from  West,  V.E. Road,  Thoothukudi","1.Thoothukudi  Corporation  Market  Road  -  Ward  28  ,  999.OVERSEAS ELECTORS",All  Voters,33.05785123966943,10.33057851239669,1.652892561983471,0.4132231404958678,0.0,0.0,0.0,0.8264462809917356,0.8264462809917356,52.47933884297521,0.4132231404958678,0.4132231404958678,Tamilaga Vettri Kazhagam,127,80,47,Dravida Munnetra Kazhagam,2,3,4,7,9,9,9,5,5,1,7,9,9,9,9,19.42148760330578,1
233,154,105,35,2,0,1,0,1,1,249,0,0,0,0,0,548,0,2,550,0,VE  Road,"Holy  Cross  Primary  School,  East  Building, 2nd  room  from  South,  (STD  I  A),  V.E.  Road, Thoothukudi","1.Thoothukudi  Corporation  Kumarar  street  -  Ward  25  ,  999.OVERSEAS ELECTORS",All  Voters,28.1021897810219,19.16058394160584,6.386861313868613,0.364963503649635,0.0,0.1824817518248175,0.0,0.1824817518248175,0.1824817518248175,45.43795620437956,0.364963503649635,0.0,Tamilaga Vettri Kazhagam,249,154,95,Dravida Munnetra Kazhagam,2,3,4,5,9,6,9,6,6,1,9,9,9,9,9,17.33576642335766,0
234,117,65,30,2,0,0,0,5,1,197,1,0,0,0,1,419,0,2,421,0,VE  Road,"Holy  Cross  Primary  School,  North  Building, 2nd  room  from  West,  (STD  III  A),  V.E.  Road, Thoothukudi","1.Thoothukudi  Corporation  Sivanthakulam  Road  1  -  Ward  29  , 999.OVERSEAS  ELECTORS",All  Voters,27.9236276849642,15.51312649164678,7.159904534606206,0.477326968973747,0.0,0.0,0.0,1.193317422434367,0.2386634844868735,47.01670644391408,0.477326968973747,0.477326968973747,Tamilaga Vettri Kazhagam,197,117,80,Dravida Munnetra Kazhagam,2,3,4,6,10,10,10,5,7,1,7,10,10,10,7,19.09307875894988,2
235,98,72,17,3,0,0,0,0,0,163,0,0,0,0,0,353,0,0,353,0,VE  Road,"Holy  Cross  Primary  School,  West  Building, 3rd  room  from  North,  (STD  I  C),  V.E.  Road, Thoothukudi","1.Thoothukudi  Corporation  Sivanthakulam  Road  2  -  Ward  29  , 2.Thoothukudi  Corporation  Sivanthakulam  Road  3  -  Ward  29  ,
3.Thoothukudi  Corporation  Sivanthakulam  1st  Street  -  Ward  30  ,
999.OVERSEAS  ELECTORS",All  Voters,27.76203966005666,20.39660056657224,4.815864022662889,0.84985835694051,0.0,0.0,0.0,0.0,0.0,46.1756373937677,0.0,0.0,Tamilaga Vettri Kazhagam,163,98,65,Dravida Munnetra Kazhagam,2,3,4,5,6,6,6,6,6,1,6,6,6,6,6,18.41359773371105,0
236,280,57,24,1,1,0,0,1,0,198,0,1,0,0,0,563,0,1,564,0,VE  Road,"Holy  Cross  Primary  School,  South  Building, 1st  room  from  West,  (STD  II),  V.E.  Road,
Thoothukudi","1.Thoothukudi  Corporation  M.K.  Street  -  Ward  27  ,  999.OVERSEAS ELECTORS",All  Voters,49.7335701598579,10.12433392539964,4.262877442273535,0.1776198934280639,0.1776198934280639,0.0,0.0,0.1776198934280639,0.0,35.16873889875666,0.1776198934280639,0.1776198934280639,Dravida Munnetra Kazhagam,280,198,82,Tamilaga Vettri Kazhagam,1,3,4,5,5,9,9,5,9,2,9,5,9,9,9,14.56483126110124,1
237,223,30,5,0,0,0,0,0,1,93,0,0,0,0,0,352,0,2,354,0,South  New  Street,"Corporation  Middle  School,  West  Portion, (Near  Office  Room),  South  New  Street,
Thoothukudi","1.Thoothukudi  Corporation  Jeyalani  Street  -  ward  27  (Door  No.  1  to  79)
,  999.OVERSEAS  ELECTORS",All  Voters,63.35227272727273,8.522727272727272,1.420454545454545,0.0,0.0,0.0,0.0,0.0,0.2840909090909091,26.42045454545455,0.5681818181818182,0.0,Dravida Munnetra Kazhagam,223,93,130,Tamilaga Vettri Kazhagam,1,3,4,6,6,6,6,6,5,2,6,6,6,6,6,36.93181818181818,0
238,237,33,9,0,0,0,0,0,1,109,0,1,1,0,0,391,0,1,392,0,South  New  Street,"Corporation  Middle  School,  East  Portion, South  New  Street,  Thoothukudi","1.Thoothukudi  Corporation  Jeyalani  Street  -  ward  27  (Door  No.  After  79)
,  999.OVERSEAS  ELECTORS",All  Voters,60.61381074168798,8.439897698209718,2.301790281329923,0.0,0.0,0.0,0.0,0.0,0.2557544757033248,27.87723785166241,0.2557544757033248,0.5115089514066496,Dravida Munnetra Kazhagam,237,109,128,Tamilaga Vettri Kazhagam,1,3,4,8,8,8,8,8,5,2,8,5,5,8,8,32.73657289002558,2
239,318,64,33,0,6,0,0,2,0,169,0,0,2,0,0,594,0,4,598,0,South  New  Street,"Corporation  Middle  School,  West  portion, South  New  Street,  Thoothukudi","1.Thoothukudi  Corporation  Therku  pudu  Street  -  ward  26  , 999.OVERSEAS  ELECTORS",All  Voters,53.53535353535354,10.77441077441077,5.555555555555555,0.0,1.01010101010101,0.0,0.0,0.3367003367003367,0.0,28.45117845117845,0.6734006734006733,0.3367003367003367,Dravida Munnetra Kazhagam,318,169,149,Tamilaga Vettri Kazhagam,1,3,4,8,5,8,8,6,8,2,8,8,6,8,8,25.08417508417509,2
240,125,78,29,1,0,0,0,1,0,221,0,1,0,0,1,457,0,1,458,0,South  New  Street,"Corporation  Middle  School,  South  Facing Room,  (School  Back  Side),  South  New  Street, Thoothukudi","1.Thoothukudi  Corporation  Telegram  Office  Road  -  ward  26  , 2.Thoothukudi  Corporation  Railway  Station  road  -  ward  26  , 3.Thoothukudi  Corporation  Peria  Cotton  Road  -  ward  27
4.Thoothukudi  Corporation  South  Sampanthamoorthy  Street  -  ward  26  , 5.Thoothukudi  Corporation  Mela  peria  cotton  Road  -  ward  26  ,
999.OVERSEAS  ELECTORS",All  Voters,27.35229759299781,17.06783369803064,6.345733041575492,0.2188183807439825,0.0,0.0,0.0,0.2188183807439825,0.0,48.35886214442014,0.2188183807439825,0.437636761487965,Tamilaga Vettri Kazhagam,221,125,96,Dravida Munnetra Kazhagam,2,3,4,5,9,9,9,5,9,1,9,5,9,9,5,21.00656455142232,2
241,238,126,49,2,0,0,1,0,0,403,0,1,0,1,0,821,0,6,827,0,Gin  Factory  Road,"Corporation  Middle  School,  South  building, 1st  room  from  West,  Gin  Factory  Road,
Thoothukudi","1.Thoothukudi  Corporation  Melur  Bangalow  Street  -  ward  25  ,
2.Thoothukudi  Corporation  Gin  Factory  road  -  ward  25  ,  3.Thoothukudi Corporation  Subramaniapuram  -  ward  40  ,  999.OVERSEAS  ELECTORS",All  Voters,28.98903775883069,15.34713763702801,5.968331303288672,0.243605359317905,0.0,0.0,0.1218026796589525,0.0,0.0,49.08647990255785,0.730816077953715,0.243605359317905,Tamilaga Vettri Kazhagam,403,238,165,Dravida Munnetra Kazhagam,2,3,4,5,9,9,6,9,9,1,9,6,9,6,9,20.09744214372716,2
242,125,92,18,4,0,0,0,0,1,227,1,2,1,1,0,472,0,2,474,0,Gin  Factory  Road,"Anganvadi  Centre  (Centre  No.  56  - Corporation  Middle  School  campus),  Gin Factory  Road,  Thoothukudi","1.Thoothukudi  Corporation  Balavinayagar  Koil  Street  -  ward  40  ,
2.Thoothukudi  Corporation  Avudaiarpuram  -  ward  40  ,  3.Thoothukudi Corporation  Gibsonpuram  -  ward  25  ,  4.Thoothukudi  Corporation
Palayamkottai  Road  -  ward  40  ,  999.OVERSEAS  ELECTORS",All  Voters,26.48305084745763,19.49152542372881,3.813559322033898,0.847457627118644,0.0,0.0,0.0,0.0,0.211864406779661,48.09322033898305,0.423728813559322,1.059322033898305,Tamilaga Vettri Kazhagam,227,125,102,Dravida Munnetra Kazhagam,2,3,4,5,11,11,11,11,7,1,7,6,7,7,11,21.61016949152543,5
243,140,58,32,1,0,0,0,0,0,262,0,0,0,0,0,493,0,0,493,0,Vannar  3rd  Street,"Corporation  Middle  School,  Main  Building, North  Portion,  (2nd  Door),  Vannar  3rd  Street, Thoothukudi","1.Thoothukudi  Corporation  Vannar  3rd  street  -  ward  30  (Door  No.  1  to 39F)  ,  999.OVERSEAS  ELECTORS",All  Voters,28.39756592292089,11.76470588235294,6.490872210953347,0.2028397565922921,0.0,0.0,0.0,0.0,0.0,53.14401622718052,0.0,0.0,Tamilaga Vettri Kazhagam,262,140,122,Dravida Munnetra Kazhagam,2,3,4,5,6,6,6,6,6,1,6,6,6,6,6,24.74645030425964,0
244,141,62,30,2,0,0,2,1,0,228,2,0,0,0,0,468,0,0,468,1,Vannar  3rd  Street,"Corporation  Middle  School,  Main  Building, North  Portion,  (3rd  Door),  Vannar  3rd  Street, Thoothukudi","1.Thoothukudi  Corporation  Vannar  3rd  street  -  ward  30  (Door  No.  After 39F)  ,  999.OVERSEAS  ELECTORS",All  Voters,30.12820512820513,13.24786324786325,6.41025641025641,0.4273504273504274,0.0,0.0,0.4273504273504274,0.2136752136752137,0.0,48.71794871794872,0.0,0.4273504273504274,Tamilaga Vettri Kazhagam,228,141,87,Dravida Munnetra Kazhagam,2,3,4,5,9,9,5,8,9,1,5,9,9,9,9,18.58974358974359,2
245,159,91,33,0,0,0,0,1,0,242,0,0,0,1,1,528,0,2,530,0,Vannar  3rd  Street,"Corporation  Middle  School,  Main  Building, North  Portion,  (4th  Door),  Vannar  3rd  Street, Thoothukudi","1.Thoothukudi  Corporation  Perumal  street  -  ward  29  ,  999.OVERSEAS ELECTORS",All  Voters,30.11363636363636,17.23484848484848,6.25,0.0,0.0,0.0,0.0,0.1893939393939394,0.0,45.83333333333333,0.3787878787878788,0.3787878787878788,Tamilaga Vettri Kazhagam,242,159,83,Dravida Munnetra Kazhagam,2,3,4,8,8,8,8,5,8,1,8,8,8,5,5,15.71969696969697,2
246,155,94,47,3,1,0,0,1,0,257,0,0,0,1,0,559,0,2,561,0,Vannar  3rd  Street,"Corporation  Middle  School,  New  Main Building,  2nd  room  from  South,  Vannar  3rd Street,  Thoothukudi","1.Thoothukudi  Corporation  Vannar1st  Street  -  ward  30  ,  999.OVERSEAS ELECTORS",All  Voters,27.72808586762075,16.81574239713775,8.407871198568873,0.5366726296958855,0.1788908765652952,0.0,0.0,0.1788908765652952,0.0,45.97495527728086,0.3577817531305904,0.1788908765652952,Tamilaga Vettri Kazhagam,257,155,102,Dravida Munnetra Kazhagam,2,3,4,5,6,9,9,6,9,1,9,9,9,6,9,18.24686940966011,1
247,241,109,45,4,0,0,0,0,1,339,0,0,1,0,0,740,0,8,748,0,Vannar  3rd  Street,"Corporation  Middle  School,  New  Main Building,  1st  room  from  South,  Vannar  3rd Street,  Thoothukudi","1.Thoothukudi  Corporation  Vannar  2nd  street  -  ward  30  , 999.OVERSEAS  ELECTORS",All  Voters,32.56756756756756,14.72972972972973,6.081081081081082,0.5405405405405406,0.0,0.0,0.0,0.0,0.1351351351351351,45.81081081081081,1.081081081081081,0.1351351351351351,Tamilaga Vettri Kazhagam,339,241,98,Dravida Munnetra Kazhagam,2,3,4,5,8,8,8,8,6,1,8,8,6,8,8,13.24324324324324,1
248,224,27,37,8,0,0,0,1,2,453,1,1,1,1,0,756,0,0,756,0,Tiruchendur  Road,"Kamaraj  College,  Main  Building,  Hall  No.3, Tiruchendur  Road,  Thoothukudi","1.Thoothukudi  Corporation  George  road  -  ward  31  ,  999.OVERSEAS ELECTORS",All  Voters,29.62962962962963,3.571428571428571,4.894179894179894,1.058201058201058,0.0,0.0,0.0,0.1322751322751323,0.2645502645502645,59.92063492063492,0.0,0.5291005291005291,Tamilaga Vettri Kazhagam,453,224,229,Dravida Munnetra Kazhagam,2,4,3,5,12,12,12,7,6,1,7,7,7,7,12,30.29100529100529,4
249,163,44,24,0,0,0,0,0,0,320,1,0,0,0,1,553,0,3,556,0,Tiruchendur  Road,"Kamaraj  College,Main  Building,  Hall No.5,Tiruchendur  Road,Thoothukudi","1.Thoothukudi  Corporation  George  road  -  ward  31  ,  999.OVERSEAS ELECTORS",All  Voters,29.47558770343581,7.956600361663653,4.339963833634719,0.0,0.0,0.0,0.0,0.0,0.0,57.86618444846293,0.5424954792043399,0.3616636528028933,Tamilaga Vettri Kazhagam,320,163,157,Dravida Munnetra Kazhagam,2,3,4,7,7,7,7,7,7,1,5,7,7,7,5,28.39059674502712,2
250,102,15,16,0,0,0,0,0,0,303,0,0,0,0,0,436,0,0,436,0,Tiruchendur  Road,"Kamaraj  College,  Main  Building,  Hall  No.7, Tiruchendur  Road,Thoothukudi","1.Thoothukudi  Corporation  Indira  Nagar  -  ward  31  ,  999.OVERSEAS ELECTORS",All  Voters,23.39449541284404,3.440366972477064,3.669724770642202,0.0,0.0,0.0,0.0,0.0,0.0,69.4954128440367,0.0,0.0,Tamilaga Vettri Kazhagam,303,102,201,Dravida Munnetra Kazhagam,2,4,3,5,5,5,5,5,5,1,5,5,5,5,5,46.10091743119266,0
251,173,50,37,0,0,2,1,2,2,281,1,1,0,0,1,551,0,1,552,0,Tiruchendur  Road,"Kamaraj  College,  Main  Building  Hall  No.8, Tiruchendur  Road,Thoothukudi","1.Thoothukudi  Corporation  Sivanthakulam  Road  -  ward  29  , 2.Thoothukudi  Corporation  Ganesa  Nagar  -  ward  48  ,
3.Thoothukudi  Corporation  Karunanithi  Nagar  -  ward  49  ,  ,
999.OVERSEAS  ELECTORS",All  Voters,31.39745916515426,9.074410163339383,6.715063520871143,0.0,0.0,0.3629764065335753,0.1814882032667877,0.3629764065335753,0.3629764065335753,50.99818511796733,0.1814882032667877,0.5444646098003629,Tamilaga Vettri Kazhagam,281,173,108,Dravida Munnetra Kazhagam,2,3,4,12,12,5,8,5,5,1,8,8,12,12,8,19.60072595281307,3
252,186,81,28,0,0,0,0,0,0,182,0,0,0,0,0,477,0,2,479,0,Tiruchendur  Road,"Kamaraj  College,  Main  Building,  Hall  No.  16, Tiruchendur  Road  Thoothukudi","1.Thoothukudi  Corporation  New  Salt  Colony  Block  4  -  ward  49  ,
2.Thoothukudi  Corporation  Central  Government  Employees  Colony  Block 4  -  ward  49  ,  3.Thoothukudi  Corporation  Post  Officers  Quarters  -  ward  49
,  999.OVERSEAS  ELECTORS",All  Voters,38.9937106918239,16.9811320754717,5.870020964360587,0.0,0.0,0.0,0.0,0.0,0.0,38.15513626834382,0.419287211740042,0.0,Dravida Munnetra Kazhagam,186,182,4,Tamilaga Vettri Kazhagam,1,3,4,5,5,5,5,5,5,2,5,5,5,5,5,0.8385744234800839,0
253,163,116,40,2,0,1,1,1,0,368,0,2,2,0,2,698,0,2,700,0,Tiruchendur  Road,"Annammal  College  of  Education  for  Women,
D.  Shenbagamurthi  Hall,  West  Portion,  Room No.  GF-3,  Tiruchendur  Road,  Thoothukudi","1.Thoothukudi  Corporation  Coats  Nagar  -  ward  50  ,  2.Thoothukudi Corporation  Sakthi  Nagar  -  ward  48  ,  3.Thoothukudi  Corporation  S.N.R. Nagar  -  ward  49  ,  999.OVERSEAS  ELECTORS",All  Voters,23.35243553008596,16.6189111747851,5.730659025787966,0.2865329512893983,0.0,0.1432664756446991,0.1432664756446991,0.1432664756446991,0.0,52.72206303724928,0.2865329512893983,0.8595988538681949,Tamilaga Vettri Kazhagam,368,163,205,Dravida Munnetra Kazhagam,2,3,4,5,12,9,9,9,12,1,12,5,5,12,5,29.36962750716333,6
254,255,122,55,4,0,0,1,1,1,512,0,0,1,0,0,952,0,4,956,0,Tiruchendur  Road,"Annammal  College  of  Education  for  Women,
D.  Shenbagamurthi  Hall,  East  Portion,  Room No.GF-4,  Tiruchendur  Road  Thoothukudi","1.Thoothukudi  Corporation  Selseeni  Colony  -  ward  50  ,  999.OVERSEAS ELECTORS",All  Voters,26.78571428571428,12.81512605042017,5.777310924369748,0.4201680672268908,0.0,0.0,0.1050420168067227,0.1050420168067227,0.1050420168067227,53.78151260504202,0.4201680672268908,0.1050420168067227,Tamilaga Vettri Kazhagam,512,255,257,Dravida Munnetra Kazhagam,2,3,4,5,10,10,6,6,6,1,10,10,6,10,10,26.99579831932773,1
255,193,85,49,3,0,0,1,0,0,355,0,0,0,0,0,686,0,4,690,0,Tiruchendur  Road,"Annammal  College  of  Education  for  Women, South  building,  Room  No.GF-10,Tiruchendur Road,  Thoothukudi","1.Thoothukudi  Corporation  Santhi  Nagar  -  ward  48  ,  999.OVERSEAS ELECTORS",All  Voters,28.13411078717201,12.39067055393586,7.142857142857142,0.4373177842565598,0.0,0.0,0.1457725947521866,0.0,0.0,51.74927113702624,0.5830903790087464,0.0,Tamilaga Vettri Kazhagam,355,193,162,Dravida Munnetra Kazhagam,2,3,4,5,7,7,6,7,7,1,7,7,7,7,7,23.61516034985423,0
256,232,78,41,3,1,2,0,0,4,369,1,0,0,0,2,733,0,5,738,0,Rajapandi  Nagar,"Nirmal  Rural  Development  Centre  Project Office  (SCAD),  South  Building,  2nd  Room from  East,  Rajapandi  Nagar","1.Thoothukudi  Corporation  Sathya  Nagar  -  ward  50  ,  2.Thoothukudi Corporation  Mudukkukadu  -  ward  50  ,  999.OVERSEAS  ELECTORS",All  Voters,31.65075034106412,10.64120054570259,5.593451568894952,0.4092769440654843,0.1364256480218281,0.2728512960436562,0.0,0.0,0.5457025920873124,50.34106412005457,0.6821282401091405,0.4092769440654843,Tamilaga Vettri Kazhagam,369,232,137,Dravida Munnetra Kazhagam,2,3,4,6,9,7,11,11,5,1,9,11,11,11,7,18.69031377899045,3
257,181,59,19,0,1,0,1,0,0,282,1,0,1,0,0,545,0,2,547,0,Rajapandi  Nagar,"Nirmal  Rural  Development  Centre  Project Office  (SCAD),  South  Building,  3rd  Room from  East,  Rajapandi  Nagar","1.Thoothukudi  Corporation  Rajapandi  Nagar  -  ward  50  ,  999.OVERSEAS ELECTORS",All  Voters,33.21100917431193,10.8256880733945,3.486238532110092,0.0,0.1834862385321101,0.0,0.1834862385321101,0.0,0.0,51.74311926605505,0.3669724770642202,0.3669724770642202,Tamilaga Vettri Kazhagam,282,181,101,Dravida Munnetra Kazhagam,2,3,4,9,5,9,5,9,9,1,5,9,5,9,9,18.53211009174312,2
258,178,63,24,9,0,1,3,0,4,330,2,0,0,0,0,614,0,5,619,0,Rajapandi  Nagar,"Nirmal  Rural  Development  Center  Project Office  (SCAD),  South  Building,  3rd  Room from  West,  Rajapandi  Nagar","1.  Thoothukudi  Corporation  Periyasamy  Nagar
2.  Thoothukudi  Corporation  MGR  Nagar  ,  999.OVERSEAS  ELECTORS",All  Voters,28.99022801302932,10.26058631921824,3.908794788273615,1.465798045602606,0.0,0.1628664495114007,0.4885993485342019,0.0,0.6514657980456027,53.74592833876222,0.8143322475570033,0.3257328990228013,Tamilaga Vettri Kazhagam,330,178,152,Dravida Munnetra Kazhagam,2,3,4,5,10,9,7,10,6,1,8,10,10,10,10,24.7557003257329,2
259,223,70,37,2,2,0,0,1,4,360,3,1,1,0,2,706,0,2,708,0,Caldwell  Colony  4th Street,"Infant  Jesus  Nursery  and  Primary  School, 1st  room  from  East,  Caldwell  Colony  4th Street","1.Thoothukudi  Corporation  Anthonyarpuram  -  ward  50  (Door  No.  1  to 44-346)  ,  999.OVERSEAS  ELECTORS",All  Voters,31.58640226628895,9.91501416430595,5.240793201133145,0.28328611898017,0.28328611898017,0.0,0.0,0.141643059490085,0.56657223796034,50.99150141643059,0.28328611898017,0.9915014164305949,Tamilaga Vettri Kazhagam,360,223,137,Dravida Munnetra Kazhagam,2,3,4,7,7,13,13,10,5,1,6,10,10,13,7,19.40509915014164,7
260,180,55,23,0,1,0,1,2,1,217,2,0,1,0,0,483,0,4,487,0,Caldwell  Colony  4th Street,"Infant  Jesus  Nursery  and  Primary  School, 2nd  Room  from  East,  Caldwell  Colony  4th Street","1.Thoothukudi  Corporation  Anthonyarpuram  -  ward  50  (Door  No.  Above 44-346)  ,  999.OVERSEAS  ELECTORS",All  Voters,37.26708074534162,11.3871635610766,4.761904761904762,0.0,0.2070393374741201,0.0,0.2070393374741201,0.4140786749482402,0.2070393374741201,44.92753623188405,0.8281573498964804,0.6211180124223602,Tamilaga Vettri Kazhagam,217,180,37,Dravida Munnetra Kazhagam,2,3,4,11,7,11,7,5,7,1,5,11,7,11,11,7.660455486542443,3
261,353,77,64,0,0,0,1,1,1,378,2,1,1,0,0,879,0,5,884,0,Caldwell  Colony  4th Street,"Infant  Jesus  Nursery  and  Primary  School, 3rd  Room  from  East,  Caldwell  Colony  4th Street","1.Thoothukudi  Corporation  Caldwell  Colony  -  ward  49  (Door  No.  1  to 5A-466)  ,  999.OVERSEAS  ELECTORS",All  Voters,40.15927189988624,8.75995449374289,7.281001137656427,0.0,0.0,0.0,0.1137656427758817,0.1137656427758817,0.1137656427758817,43.00341296928327,0.5688282138794084,0.4550625711035267,Tamilaga Vettri Kazhagam,378,353,25,Dravida Munnetra Kazhagam,2,3,4,11,11,11,6,6,6,1,5,6,6,11,11,2.844141069397042,4
262,211,68,37,2,0,0,0,0,2,269,1,1,1,0,0,592,0,1,593,0,Caldwell  Colony  4th Street,"Infant  Jesus  Nursery  and  Primary  School, 1st  Room  from  West,  Caldwell  Colony  4th Street","1.Thoothukudi  Corporation  Caldwell  Colony  -  ward  49  (Door  No.  Above 5A-466)  ,  999.OVERSEAS  ELECTORS",All  Voters,35.64189189189189,11.48648648648649,6.25,0.3378378378378378,0.0,0.0,0.0,0.0,0.3378378378378378,45.43918918918919,0.1689189189189189,0.5067567567567568,Tamilaga Vettri Kazhagam,269,211,58,Dravida Munnetra Kazhagam,2,3,4,5,10,10,10,10,5,1,7,7,7,10,10,9.797297297297296,3
263,173,77,43,1,1,0,2,1,0,298,0,0,0,0,1,597,0,2,599,0,Caldwell  Colony  4th Street,"Thiru  Kudumbam  Tamil  Middle  School, North  Building,  West  to  Auditorium,  Caldwell Colony  4th  Street","1.Thoothukudi  Corporation  Ganesan  Colony  -  Ward  49  (Door  No.  1  to 3B-220)  ,  999.OVERSEAS  ELECTORS",All  Voters,28.97822445561139,12.89782244556114,7.202680067001675,0.1675041876046901,0.1675041876046901,0.0,0.3350083752093803,0.1675041876046901,0.0,49.91624790619765,0.3350083752093803,0.1675041876046901,Tamilaga Vettri Kazhagam,298,173,125,Dravida Munnetra Kazhagam,2,3,4,6,6,10,5,6,10,1,10,10,10,10,6,20.93802345058626,1
264,122,57,30,2,0,0,2,0,0,177,1,0,0,0,1,392,0,7,399,0,Caldwell  Colony  4th Street,"Thiru  Kudumbam  Tamil  Middle  School, North  Building,  East  to  Auditorium,  Caldwell Colony  4th  Street","1.Thoothukudi  Corporation  Ganesan  Colony  -  Ward  49  (Door  No.  After 3B-220)  ,  999.OVERSEAS  ELECTORS",All  Voters,31.12244897959184,14.54081632653061,7.653061224489796,0.5102040816326531,0.0,0.0,0.5102040816326531,0.0,0.0,45.1530612244898,1.785714285714286,0.5102040816326531,Tamilaga Vettri Kazhagam,177,122,55,Dravida Munnetra Kazhagam,2,3,4,5,9,9,5,9,9,1,7,9,9,9,7,14.03061224489796,2
265,164,88,36,1,0,1,1,0,3,266,0,0,0,1,1,562,0,3,565,0,Caldwell  Colony  4th Street,"Thiru  Kudumbam  Tamil  Middle  School,  East Building,  1st  room  from  North,  (STD  III)
Caldwell  Colony  4th  Street","1.Thoothukudi  Corporation  Vallinayagapuram  Block  4  -  ward  49  (Door No.  1  to  3C-150),  999.OVERSEAS  ELECTORS",All  Voters,29.18149466192171,15.65836298932384,6.405693950177936,0.1779359430604982,0.0,0.1779359430604982,0.1779359430604982,0.0,0.5338078291814947,47.33096085409252,0.5338078291814947,0.3558718861209964,Tamilaga Vettri Kazhagam,266,164,102,Dravida Munnetra Kazhagam,2,3,4,6,11,6,6,11,5,1,11,11,11,6,6,18.14946619217082,2
266,121,70,35,0,0,2,1,1,0,256,1,0,1,0,1,489,0,2,491,0,Caldwell  Colony  4th Street,"Thiru  Kudumbam  Tamil  Middle  School,  East Building,  3rd  room  from  North,  (STD  II)
Caldwell  Colony  4th  Street","1.Thoothukudi  Corporation  Vallinayagapuram  Block  4  -  ward  49  (Door No.  After  3C-150),  999.OVERSEAS  ELECTORS",All  Voters,24.74437627811861,14.31492842535787,7.157464212678937,0.0,0.0,0.408997955010225,0.2044989775051125,0.2044989775051125,0.0,52.3517382413088,0.408997955010225,0.6134969325153374,Tamilaga Vettri Kazhagam,256,121,135,Dravida Munnetra Kazhagam,2,3,4,11,11,5,6,6,11,1,6,11,6,11,6,27.60736196319019,3
267,129,92,42,5,0,0,3,0,0,313,0,1,1,1,0,587,0,2,589,0,Caldwell  Colony  4th Street,"Thiru  Kudumbam  Tamil  Middle  School,  East Building,  2nd  room  from  South,  (STD  I  E)
Caldwell  Colony  4th  Street","1.Thoothukudi  Corporation  Amutha  Nagar  -  ward  48  (Door  No.  1  to 5D-250)  ,  999.OVERSEAS  ELECTORS",All  Voters,21.97614991482113,15.67291311754685,7.155025553662692,0.8517887563884157,0.0,0.0,0.5110732538330494,0.0,0.0,53.32197614991482,0.3407155025553663,0.5110732538330494,Tamilaga Vettri Kazhagam,313,129,184,Dravida Munnetra Kazhagam,2,3,4,5,10,10,6,10,10,1,10,7,7,7,10,31.3458262350937,3
268,147,72,36,1,0,0,0,0,0,196,2,1,0,0,0,455,0,2,457,0,Caldwell  Colony  4th Street,"Thiru  Kudumbam  Tamil  Middle  School,  East Building,  1st  room  from  South,  (STD  I)
Caldwell  Colony  4th  Street","1.Thoothukudi  Corporation  Amutha  Nagar  -  ward  48  (Door  No.  After 5D-250)  ,  2.Thoothukudi  Corporation  Kowsalyapuram  -  Ward  35  , 999.OVERSEAS  ELECTORS",All  Voters,32.30769230769231,15.82417582417582,7.912087912087912,0.2197802197802198,0.0,0.0,0.0,0.0,0.0,43.07692307692308,0.4395604395604396,0.6593406593406593,Tamilaga Vettri Kazhagam,196,147,49,Dravida Munnetra Kazhagam,2,3,4,6,8,8,8,8,8,1,5,6,8,8,8,10.76923076923077,3
269,239,128,38,3,0,2,0,3,2,344,1,2,1,1,0,764,0,10,774,0,Tiruchendur  Road,"Bharat  Ratna  Kamarajar  Matriculation  Hr. Sec.  School,  Main  Block,  Room  No.  105, Tiruchendur  Road,  Thoothukudi","1.Thoothukudi  Corporation  Muniasamypuram  2nd  street  -  ward  46  ,
2.  Thoothukudi  Corporation  Muniasamypuram  West  -  Ward  46 999.OVERSEAS  ELECTORS",All  Voters,31.28272251308901,16.75392670157068,4.973821989528796,0.3926701570680628,0.0,0.2617801047120419,0.0,0.3926701570680628,0.2617801047120419,45.0261780104712,1.308900523560209,0.6544502617801047,Tamilaga Vettri Kazhagam,344,239,105,Dravida Munnetra Kazhagam,2,3,4,5,13,7,13,5,7,1,10,7,10,10,13,13.7434554973822,5
270,186,79,31,2,0,0,0,2,0,198,1,1,0,0,0,500,0,1,501,0,Tiruchendur  Road,"Bharat  Ratna  Kamarajar  Matriculation  Hr. Sec.  School,  Main  Block,  Room  No.  106, Tiruchendur  Road,  Thoothukudi","1.Thoothukudi  Corporation  Bangalow  Street  (Sivanthakulam)  -  ward  46  , 2.Thoothukudi  Corporation  Pakkilpuram  -  ward  46  ,  999.OVERSEAS ELECTORS",All  Voters,37.2,15.8,6.2,0.4,0.0,0.0,0.0,0.4,0.0,39.6,0.2,0.4,Tamilaga Vettri Kazhagam,198,186,12,Dravida Munnetra Kazhagam,2,3,4,5,9,9,9,5,9,1,7,7,9,9,9,2.4,2
271,198,124,63,1,1,1,2,1,1,444,7,3,0,1,0,847,0,4,851,0,Tiruchendur  Road,"Bharat  Ratna  Kamarajar  Matriculation  Hr. Sec.  School,  Main  Block,  6th  Room  from East,  Tiruchendur  Road,  Thoothukudi","1.Thoothukudi  Corporation  Levenchipuram  -  ward  47  ,  2.Thoothukudi Corporation  Levenchipuram  Salt  Bangalow  Street  -  ward  46  ,
3.Thoothukudi  Corporation  Levenchipuram  2nd  Street  -  ward  47  ,
999.OVERSEAS  ELECTORS",All  Voters,23.37662337662337,14.63990554899646,7.43801652892562,0.1180637544273908,0.1180637544273908,0.1180637544273908,0.2361275088547816,0.1180637544273908,0.1180637544273908,52.42030696576151,0.4722550177095631,1.298701298701299,Tamilaga Vettri Kazhagam,444,198,246,Dravida Munnetra Kazhagam,2,3,4,8,8,8,7,8,8,1,5,6,14,8,14,29.04368358913814,11
272,172,79,36,1,0,0,0,0,0,244,2,0,0,0,0,534,0,2,536,0,Tiruchendur  Road,"Bharat  Ratna  Kamarajar  Matriculation  Hr. Sec.  School,  Main  Block,  Room  No.  107, Tiruchendur  Road,  Thoothukudi","1.Thoothukudi  Corporation  Pakkilpuram  -  Ward  46  ,  2.Thoothukudi Corporation  Sivanthakulam  First  Street  -  Ward  47  ,  3.Thoothukudi Corporation  Sivanthakulam  Middle  Street  -  Ward  49  ,  4.Thoothukudi Corporation  Sivanthakulam  Middle  Street  -  Ward  49  ,  999.OVERSEAS ELECTORS",All  Voters,32.20973782771536,14.7940074906367,6.741573033707865,0.1872659176029963,0.0,0.0,0.0,0.0,0.0,45.69288389513109,0.3745318352059925,0.3745318352059925,Tamilaga Vettri Kazhagam,244,172,72,Dravida Munnetra Kazhagam,2,3,4,6,7,7,7,7,7,1,5,7,7,7,7,13.48314606741573,2
273,225,86,49,3,0,0,8,1,1,419,3,0,0,1,1,797,0,3,800,0,Tiruchendur  Road,"Bharat  Ratna  Kamarajar  Matriculation  Hr. Sec.  School,  Main  Block,  Room  No.  108, Tiruchendur  Road,  Thoothukudi","1.Thoothukudi  Corporation  Levenchipuram  1st  Street  -  Ward  47  (Door No.  1  to  26B)  ,  999.OVERSEAS  ELECTORS",All  Voters,28.23086574654956,10.79046424090339,6.148055207026349,0.3764115432873275,0.0,0.0,1.003764115432873,0.1254705144291091,0.1254705144291091,52.57214554579674,0.3764115432873275,0.6273525721455459,Tamilaga Vettri Kazhagam,419,225,194,Dravida Munnetra Kazhagam,2,3,4,6,12,12,5,8,8,1,6,12,12,8,8,24.34127979924718,5
274,164,92,42,3,0,1,1,1,1,237,4,0,0,1,2,549,0,3,552,0,Tiruchendur  Road,"Bharat  Ratna  Kamarajar  Matriculation  Hr. Sec.  School,  Main  Block,  Room  No.  110, Tiruchendur  Road,  Thoothukudi","1.Thoothukudi  Corporation  Levenchipuram  1st  Street  -  Ward  47  (Door No.  Above  26B)
999.OVERSEAS  ELECTORS",All  Voters,29.87249544626594,16.75774134790528,7.650273224043716,0.546448087431694,0.0,0.1821493624772313,0.1821493624772313,0.1821493624772313,0.1821493624772313,43.16939890710383,0.546448087431694,1.275045537340619,Tamilaga Vettri Kazhagam,237,164,73,Dravida Munnetra Kazhagam,2,3,4,6,13,8,8,8,8,1,5,13,13,8,7,13.29690346083789,7
275,251,141,35,0,0,2,0,1,0,337,0,0,0,0,0,767,0,3,770,0,VE  Road,"DMNS.  Dr.  Sivanthi  Adithanar  Matriculation Hr.Sec.  School,  North  Building,  3rd  room from  West,  (STD  U.K.G.  B),  V.E  Road","1.Thoothukudi  Corporation  Mela  Shanmugapuram  2nd  Street  -  Ward  45  , 999.OVERSEAS  ELECTORS",All  Voters,32.72490221642764,18.38331160365059,4.563233376792699,0.0,0.0,0.2607561929595828,0.0,0.1303780964797914,0.0,43.9374185136897,0.3911342894393742,0.0,Tamilaga Vettri Kazhagam,337,251,86,Dravida Munnetra Kazhagam,2,3,4,7,7,5,7,6,7,1,7,7,7,7,7,11.21251629726206,0
276,220,124,32,0,1,0,0,1,0,374,2,2,2,0,0,758,0,6,764,0,VE  Road,"DMNS.  Dr.  Sivanthi  Adithanar  Matriculation Hr.Sec.  School,  North  Building,  4th  room from  West,  (STD  U.K.G.  A),  V.E  Road","1.Thoothukudi  Corporation  Melashanmugapuram  1st  Street  -  Ward  45  , 999.OVERSEAS  ELECTORS",All  Voters,29.02374670184696,16.35883905013193,4.221635883905013,0.0,0.1319261213720317,0.0,0.0,0.1319261213720317,0.0,49.34036939313985,0.79155672823219,0.79155672823219,Tamilaga Vettri Kazhagam,374,220,154,Dravida Munnetra Kazhagam,2,3,4,10,8,10,10,8,10,1,5,5,5,10,10,20.31662269129288,6
277,142,64,42,0,1,0,0,1,0,231,0,0,0,0,0,481,0,2,483,0,Devarpuram  Road,"Ceena  Vana  Govt  Hr.  Sec.  School,  Main Building,  West  portion,  Room  No.  3, Devarpuram  Road,  Thoothukkudi","1.Thoothukudi  Corporation  V.E.Road  -  Ward  27  ,  999.OVERSEAS ELECTORS",All  Voters,29.52182952182952,13.30561330561331,8.731808731808732,0.0,0.2079002079002079,0.0,0.0,0.2079002079002079,0.0,48.02494802494802,0.4158004158004158,0.0,Tamilaga Vettri Kazhagam,231,142,89,Dravida Munnetra Kazhagam,2,3,4,7,5,7,7,5,7,1,7,7,7,7,7,18.5031185031185,0
278,101,40,13,2,0,0,0,0,0,164,0,0,1,0,0,321,0,3,324,0,Devarpuram  Road,"Ceena  Vana  Govt  Hr.  Sec.  School,  Main Building,  West  portion,  Room  No.  2, Devarpuram  Road,  Thoothukkudi","1.Thoothukudi  Corporation  Vannar  6th  Street  -  Ward  29  ,  2.Thoothukudi Corporation  Sivanthakulam  Road  -  Ward  29  ,  3.Thoothukudi  Corporation Aavudaiyarpuram  -  Ward  40  ,  999.OVERSEAS  ELECTORS",All  Voters,31.46417445482866,12.46105919003115,4.049844236760125,0.6230529595015576,0.0,0.0,0.0,0.0,0.0,51.09034267912772,0.9345794392523363,0.3115264797507788,Tamilaga Vettri Kazhagam,164,101,63,Dravida Munnetra Kazhagam,2,3,4,5,7,7,7,7,7,1,7,7,6,7,7,19.62616822429906,1
279,105,33,9,0,0,1,0,0,0,142,0,1,0,0,0,291,0,1,292,0,Devarpuram  Road,"Subbiah  Vidhyalayam  Girls  Hr.  Sec.  School, Annammal  Subbiah  Nadar  Building,  North Facing  Room,  (STD  VI  D),  Devarpuram  Road","1.Thoothukudi  Corporation  Poldenpuram  2nd  street  -  Ward  44  , 999.OVERSEAS  ELECTORS",All  Voters,36.08247422680412,11.34020618556701,3.092783505154639,0.0,0.0,0.3436426116838488,0.0,0.0,0.0,48.79725085910653,0.3436426116838488,0.3436426116838488,Tamilaga Vettri Kazhagam,142,105,37,Dravida Munnetra Kazhagam,2,3,4,7,7,5,7,7,7,1,7,5,7,7,7,12.7147766323024,1
280,204,41,20,0,0,0,1,0,0,234,1,0,0,0,0,501,0,4,505,0,Devarpuram  Road,"Subbiah  Vidhyalayam  Girls  Hr.  Sec.  School, Annammal  Subbiah  Nadar  Building,  3rd room  from  South,  (STD  VI  F),  Devarpuram Road","1.Thoothukudi  Corporation  Poldenpuram  3rd  Street  -  Ward  44  , 999.OVERSEAS  ELECTORS",All  Voters,40.7185628742515,8.183632734530939,3.992015968063872,0.0,0.0,0.0,0.1996007984031936,0.0,0.0,46.7065868263473,0.7984031936127743,0.1996007984031936,Tamilaga Vettri Kazhagam,234,204,30,Dravida Munnetra Kazhagam,2,3,4,7,7,7,5,7,7,1,5,7,7,7,7,5.988023952095809,1
281,187,128,42,0,1,0,0,4,3,257,0,0,0,0,0,622,0,6,628,0,Devarpuram  Road,"Subbiah  Vidhyalayam  Girls  Hr.  Sec.  School, Annammal  Subbiah  Nadar  Building,  1st room  from  West,  (STD  IX  G),  Devarpuram Road","1.Thoothukudi  Corporation  Devarpuram  road  -  Ward  40  ,  2.Thoothukudi Corporation  Brahmin  colony  -  Ward  40  ,  999.OVERSEAS  ELECTORS",All  Voters,30.06430868167202,20.57877813504823,6.752411575562702,0.0,0.1607717041800643,0.0,0.0,0.6430868167202572,0.482315112540193,41.31832797427653,0.964630225080386,0.0,Tamilaga Vettri Kazhagam,257,187,70,Dravida Munnetra Kazhagam,2,3,4,8,7,8,8,5,6,1,8,8,8,8,8,11.2540192926045,0
282,251,172,56,7,3,0,0,1,0,386,1,0,0,0,0,877,0,5,882,0,Devarpuram  Road,"Subbiah  Vidhyalayam  Girls  Hr.  Sec.  School, Annammal  Subbiah  Nadar  Building,  2nd room  from  West,  (STD  IX  H),  Devarpuram Road","1.Thoothukudi  Corporation  Thamothara  nagar  -  Ward  45  (Door  No.  After 66)  ,  2.Thoothukudi  Corporation  Bagampriyal  Street  -  Ward  25  , 999.OVERSEAS  ELECTORS",All  Voters,28.62029646522235,19.61231470923603,6.385404789053592,0.798175598631699,0.3420752565564424,0.0,0.0,0.1140250855188141,0.0,44.01368301026226,0.5701254275940707,0.1140250855188141,Tamilaga Vettri Kazhagam,386,251,135,Dravida Munnetra Kazhagam,2,3,4,5,6,9,9,7,9,1,7,9,9,9,9,15.39338654503991,1
283,153,130,45,4,0,0,0,0,0,273,1,1,0,0,0,607,0,0,607,0,Devarpuram  Road,"Subbiah  Vidhyalayam  Girls  Hr.  Sec.  School, Annammal  Subbiah  Nadar  Building,  3rd room  from  West,  (STD  VI  E),  Devarpuram Road","1.Thoothukudi  Corporation  Thamothara  Nagar  -  Ward  45  (Door  No.  1  to 66)  ,  999.OVERSEAS  ELECTORS",All  Voters,25.20593080724877,21.4168039538715,7.413509060955518,0.6589785831960462,0.0,0.0,0.0,0.0,0.0,44.97528830313015,0.0,0.3294892915980231,Tamilaga Vettri Kazhagam,273,153,120,Dravida Munnetra Kazhagam,2,3,4,5,8,8,8,8,8,1,6,6,8,8,8,19.76935749588138,2
284,103,65,24,3,0,0,1,0,0,200,0,1,0,0,0,397,0,1,398,0,Devarpuram,"Bharathiyar  Vidhyalayam  Hr.  Sec.  School, Main  Building  (STD  X),  Devarpuram","1.Thoothukudi  Corporation  Ramasamypuram  -  ward  44  ,  2.Thoothukudi Corporation  Ramasamypuram  1st  Street  -  ward  44  ,  3.Thoothukudi Corporation  Ramasamypuram  2nd  Street  -  ward  44  ,  4.Thoothukudi Corporation  Ramasamypuram  3rd  Street  -  ward  44  ,  999.OVERSEAS ELECTORS",All  Voters,25.94458438287154,16.3727959697733,6.045340050377834,0.7556675062972292,0.0,0.0,0.2518891687657431,0.0,0.0,50.37783375314861,0.2518891687657431,0.2518891687657431,Tamilaga Vettri Kazhagam,200,103,97,Dravida Munnetra Kazhagam,2,3,4,5,8,8,6,8,8,1,8,6,8,8,8,24.43324937027708,1
285,120,73,31,1,0,0,0,1,0,180,1,0,0,0,0,407,0,2,409,0,Devarpuram,"Bharathiyar  Vidhyalayam  Hr.  Sec.  School, Main  Building  (STD  XI  A),  Devarpuram","1.Thoothukudi  Corporation  Sankarapuram  -  ward  40  ,  2.Thoothukudi Corporation  Sankarapuram  1st  Lane  -  ward  40  ,  999.OVERSEAS ELECTORS",All  Voters,29.48402948402948,17.93611793611794,7.616707616707617,0.2457002457002457,0.0,0.0,0.0,0.2457002457002457,0.0,44.22604422604422,0.4914004914004914,0.2457002457002457,Tamilaga Vettri Kazhagam,180,120,60,Dravida Munnetra Kazhagam,2,3,4,5,8,8,8,5,8,1,5,8,8,8,8,14.74201474201474,1
286,282,83,31,1,0,2,0,0,1,473,0,1,0,0,1,875,0,5,880,0,Devarpuram,"Bharathiyar  Vidhyalayam  Hr.  Sec.  School, North  Building,  East  portion,  2nd  room, Devarpuram","1.Thoothukudi  Corporation  Poldenpuram  1st  Street  -  ward  44  , 999.OVERSEAS  ELECTORS",All  Voters,32.22857142857143,9.485714285714286,3.542857142857143,0.1142857142857143,0.0,0.2285714285714286,0.0,0.0,0.1142857142857143,54.05714285714286,0.5714285714285714,0.2285714285714286,Tamilaga Vettri Kazhagam,473,282,191,Dravida Munnetra Kazhagam,2,3,4,6,10,5,10,10,6,1,10,6,10,10,6,21.82857142857143,2
287,174,83,46,5,0,0,0,2,4,295,0,1,0,0,0,610,0,3,613,0,Devarpuram,"Bharathiyar  Vidhyalayam  Hr.  Sec.  School, North  Building,  East  portion,  1st  room, Devarpuram","1.Thoothukudi  Corporation  Perumalpuram  -  ward  45  ,  999.OVERSEAS ELECTORS",All  Voters,28.52459016393443,13.60655737704918,7.540983606557377,0.819672131147541,0.0,0.0,0.0,0.3278688524590164,0.6557377049180327,48.36065573770492,0.4918032786885246,0.1639344262295082,Tamilaga Vettri Kazhagam,295,174,121,Dravida Munnetra Kazhagam,2,3,4,5,9,9,9,7,6,1,9,8,9,9,9,19.83606557377049,1
288,243,36,32,0,1,0,1,2,0,234,1,0,0,1,2,553,0,2,555,0,Subbiahpuram  2nd Street,"St.  Charles  Middle  School,  South  Building, 1st  room  from  West  (1st  door), Subbiahpuram  2nd  Street","1.Thoothukudi  Corporation  Subbiahpuram  1st  Street  -  Ward  44  ,
2.Thoothukudi  Corporation  Subbaiahpuram  2nd  Street  -  Ward  44  , 999.OVERSEAS  ELECTORS",All  Voters,43.94213381555154,6.50994575045208,5.786618444846293,0.0,0.1808318264014467,0.0,0.1808318264014467,0.3616636528028933,0.0,42.31464737793852,0.3616636528028933,0.7233273056057866,Dravida Munnetra Kazhagam,243,234,9,Tamilaga Vettri Kazhagam,1,3,4,11,7,11,7,5,11,2,7,11,11,7,5,1.62748643761302,4
289,253,55,45,1,0,0,0,0,0,322,0,0,1,0,1,678,0,7,685,0,Subbiahpuram  2nd Street,"St.  Charles  Middle  School,  South  Building, 2nd  room  from  West  (2nd  door), Subbiahpuram  2nd  Street","1.Thoothukudi  Corporation  Subbiahpuram  3rd  street  -  ward  44  , 2.Thoothukudi  Corporation  Subbaiahpuram  4th  Street  -  ward  44  , 3.Thoothukudi  Corporation  Subbaiahpuram  5th  Street  -  ward  44  , 999.OVERSEAS  ELECTORS",All  Voters,37.31563421828908,8.112094395280236,6.637168141592921,0.1474926253687316,0.0,0.0,0.0,0.0,0.0,47.49262536873156,1.032448377581121,0.2949852507374631,Tamilaga Vettri Kazhagam,322,253,69,Dravida Munnetra Kazhagam,2,3,4,5,8,8,8,8,8,1,8,8,5,8,5,10.17699115044248,2
290,167,48,27,1,1,0,0,2,0,177,0,0,0,2,0,425,0,1,426,0,Subbiahpuram  2nd Street,"St.  Charles  Middle  School,  South  Building, 3rd  room  from  West  (3rd  door), Subbiahpuram  2nd  Street","1.Thoothukudi  Corporation  Masilamanipuram  1st  street  -  ward  44  , 2.Thoothukudi  Corporation  Masilamanipuram  2nd  Street  -  ward  44  , 3.Thoothukudi  Corporation  Masilamanipuram  3rd  Street  -  ward  44  , 4.Thoothukudi  Corporation  Masilamanipuram  4th  Street  -  ward  44  , 999.OVERSEAS  ELECTORS",All  Voters,39.29411764705883,11.29411764705882,6.352941176470588,0.2352941176470588,0.2352941176470588,0.0,0.0,0.4705882352941176,0.0,41.64705882352941,0.2352941176470588,0.4705882352941176,Tamilaga Vettri Kazhagam,177,167,10,Dravida Munnetra Kazhagam,2,3,4,7,7,9,9,5,9,1,9,9,9,5,9,2.352941176470588,2
291,97,75,26,1,1,1,0,1,0,200,2,0,0,0,0,404,0,3,407,0,Doovipuram  4th Street,"Bell  Matric.  Hr.  Sec.  School,  Eastern Building,  Doovipuram  4th  Street,
Thoothukudi","1.Thoothukudi  Corporation  Doovipuram  5th  street  -  ward  38  , 2.Thoothukudi  Corporation  Doovipuram  6th  Street  -  ward  38  , 999.OVERSEAS  ELECTORS",All  Voters,24.00990099009901,18.56435643564356,6.435643564356436,0.2475247524752475,0.2475247524752475,0.2475247524752475,0.0,0.2475247524752475,0.0,49.50495049504951,0.7425742574257426,0.495049504950495,Tamilaga Vettri Kazhagam,200,97,103,Dravida Munnetra Kazhagam,2,3,4,6,6,6,10,6,10,1,5,10,10,10,10,25.49504950495049,2
292,238,103,39,0,0,0,0,1,1,389,1,0,1,1,0,774,0,3,777,0,Doovipuram  4th Street,"Bell  Matric.  Hr.  Sec.  School,  South  Building, Doovipuram  4th  Street  Thoothukudi","1.Thoothukudi  Corporation  Doovipuram  10th  Street  -  Ward  38  , 2.Thoothukudi  Corporation  Doovipuram  11th  Street  -  Ward  38  , 999.OVERSEAS  ELECTORS",All  Voters,30.74935400516796,13.30749354005168,5.038759689922481,0.0,0.0,0.0,0.0,0.1291989664082688,0.1291989664082688,50.25839793281654,0.3875968992248062,0.3875968992248062,Tamilaga Vettri Kazhagam,389,238,151,Dravida Munnetra Kazhagam,2,3,4,10,10,10,10,5,5,1,5,10,5,5,10,19.50904392764858,3
293,223,102,66,2,0,0,1,1,2,368,0,2,0,1,0,768,0,1,769,0,Doovipuram  4th Street,"Bell  Matric.  Hr.  Sec.  School,  North  Building, 2nd  room  from  West,  Doovipuram  4th  Street Thoothukudi","1.Thoothukudi  Corporation  Doovipuram  Main  Road  -  Ward  41 2.Thoothukudi  Corporation  Mangalapuram-Ward  3
3.Thoothukudi  Corporation  Mahilchipuram-Ward  3
,  999.OVERSEAS  ELECTORS",All  Voters,29.03645833333333,13.28125,8.59375,0.2604166666666666,0.0,0.0,0.1302083333333333,0.1302083333333333,0.2604166666666666,47.91666666666667,0.1302083333333333,0.390625,Tamilaga Vettri Kazhagam,368,223,145,Dravida Munnetra Kazhagam,2,3,4,5,11,11,8,8,5,1,11,5,11,8,11,18.88020833333334,3
294,237,98,36,3,0,0,0,6,0,289,0,2,0,1,1,673,0,3,676,0,Doovipuram  11th Street,"Corporation  Primary  School,  North  Building, West  portion  1st  room,  Doovipuram  11th Street,  Thoothukudi","1.Thoothukudi  Corporation  Ettayapuram  Road  -  Ward  40  , 2.Thoothukudi  Corporation  Jeyaraj  road  -  Ward  38
3.Thoothukudi  Corporation  V.V.D.Road  -  Ward  41
4.Thoothukudi  Corporation  Doovipuram  8th  Street  -  Ward  37  , 999.OVERSEAS  ELECTORS",All  Voters,35.21545319465082,14.56166419019317,5.349182763744428,0.4457652303120356,0.0,0.0,0.0,0.8915304606240713,0.0,42.94205052005943,0.4457652303120356,0.5943536404160475,Tamilaga Vettri Kazhagam,289,237,52,Dravida Munnetra Kazhagam,2,3,4,6,10,10,10,5,10,1,10,7,10,8,8,7.726597325408618,4
295,225,158,52,2,0,1,0,0,2,318,0,0,0,0,0,758,0,5,763,0,Doovipuram  11th Street,"Corporation  Primary  School,  North  Building, Middle  portion  room,  Doovipuram  11th
Street  Thoothukudi","1.Thoothukudi  Corporation  Meenatchipuram  East  -  Ward  40  , 2.Thoothukudi  Corporation  Meenatchipuram  West  -  Ward  40  , 999.OVERSEAS  ELECTORS",All  Voters,29.68337730870713,20.844327176781,6.860158311345646,0.2638522427440633,0.0,0.1319261213720317,0.0,0.0,0.2638522427440633,41.95250659630607,0.6596306068601583,0.0,Tamilaga Vettri Kazhagam,318,225,93,Dravida Munnetra Kazhagam,2,3,4,5,8,7,8,8,5,1,8,8,8,8,8,12.26912928759894,0
296,226,121,52,5,0,0,0,0,4,344,3,0,0,0,0,755,0,1,756,0,Doovipuram  11th Street,"Corporation  Primary  School,  South  Building, 1st  room  (Near  Staircase),  Doovipuram  11th Street,  Thoothukudi","1.Thoothukudi  Corporation  Ettayapuram  Road  -  Ward  40  ,
2.Thoothukudi  Corporation  Doovipuram  4th  Street  -  Ward  38  , 999.OVERSEAS  ELECTORS",All  Voters,29.93377483443709,16.02649006622516,6.887417218543046,0.6622516556291391,0.0,0.0,0.0,0.0,0.5298013245033113,45.56291390728477,0.1324503311258278,0.3973509933774834,Tamilaga Vettri Kazhagam,344,226,118,Dravida Munnetra Kazhagam,2,3,4,5,8,8,8,8,6,1,7,8,8,8,8,15.62913907284768,3
297,148,72,29,2,1,3,0,0,0,234,1,0,0,1,0,491,0,1,492,0,Doovipuram  11th Street,"ICDS  centre,  Sankaranarayanan  Park Campus,  Centre  No.  34  (Near  Ration  Shop), Doovipuram  11th  Street,  Thoothukudi","1.Thoothukudi  Corporation  Anna  Nagar  8  -  Ward  37  (Door  No.  1  to  40) 2.Thoothukudi  Corporation  Housing  Board  Colony  -  Ward  41  ,
3.Thoothukudi  Corporation  Doovipuram  7th  Street  -  Ward  37  ,  ,
999.OVERSEAS  ELECTORS",All  Voters,30.14256619144603,14.66395112016293,5.906313645621181,0.4073319755600814,0.2036659877800407,0.6109979633401221,0.0,0.0,0.0,47.65784114052953,0.2036659877800407,0.4073319755600814,Tamilaga Vettri Kazhagam,234,148,86,Dravida Munnetra Kazhagam,2,3,4,6,7,5,10,10,10,1,7,10,10,7,10,17.5152749490835,2
298,118,66,22,0,0,1,0,0,0,176,0,1,1,1,0,386,0,2,388,0,Doovipuram  11th Street,"ICDS  centre,  Sankaranarayanan  Park Campus,  Centre  No.  35,  Doovipuram  11th Street,  Thoothukudi","1.Thoothukudi  Corporation  Anna  Nagar  8  -  Ward  37  (Door  No.  After  40)  , 999.OVERSEAS  ELECTORS",All  Voters,30.5699481865285,17.09844559585492,5.699481865284974,0.0,0.0,0.2590673575129534,0.0,0.0,0.0,45.59585492227979,0.5181347150259068,0.7772020725388601,Tamilaga Vettri Kazhagam,176,118,58,Dravida Munnetra Kazhagam,2,3,4,9,9,5,9,9,9,1,9,5,5,5,9,15.0259067357513,3
299,231,114,41,1,0,0,0,2,0,268,1,1,0,0,0,659,0,1,660,0,Doovipuram  2nd Street,"St.  James  English  School  (T.N.D.T.A.  Middle School  Campus),  North  portion,  Doovipuram 2nd  Street","1.Thoothukudi  Corporation  Doovipuram  3rd  Street  -  Ward  41  , 999.OVERSEAS  ELECTORS",All  Voters,35.05311077389985,17.298937784522,6.22154779969651,0.1517450682852807,0.0,0.0,0.0,0.3034901365705615,0.0,40.66767830045524,0.1517450682852807,0.3034901365705615,Tamilaga Vettri Kazhagam,268,231,37,Dravida Munnetra Kazhagam,2,3,4,6,9,9,9,5,9,1,6,6,9,9,9,5.614567526555387,2
300,246,68,56,4,3,1,0,0,2,314,0,1,0,0,0,695,0,6,701,1,Doovipuram  2nd Street,"St.  James  English  School  (T.N.D.T.A.  Middle School  Campus),  South  portion,  Doovipuram 2nd  Street","1.Thoothukudi  Corporation  Anna  Nagar  6  -  Ward  37  ,  999.OVERSEAS ELECTORS",All  Voters,35.39568345323741,9.784172661870503,8.057553956834532,0.5755395683453237,0.4316546762589928,0.1438848920863309,0.0,0.0,0.2877697841726619,45.17985611510792,0.8633093525179856,0.1438848920863309,Tamilaga Vettri Kazhagam,314,246,68,Dravida Munnetra Kazhagam,2,3,4,5,6,8,10,10,7,1,10,8,10,10,10,9.784172661870503,1
301,238,118,55,1,2,2,1,2,1,416,5,1,0,2,0,844,0,6,850,0,Doovipuram  2nd Street,"T.N.D.T.A  Middle  School,  Main  Building,  1st room  from  North,  Doovipuram  2nd  Street,
Thoothukkudi","1.Thoothukudi  Corporation  Anna  nagar  7  -  Ward  37  ,  999.OVERSEAS ELECTORS",All  Voters,28.19905213270142,13.98104265402844,6.516587677725119,0.1184834123222749,0.2369668246445498,0.2369668246445498,0.1184834123222749,0.2369668246445498,0.1184834123222749,49.28909952606635,0.7109004739336493,0.9478672985781991,Tamilaga Vettri Kazhagam,416,238,178,Dravida Munnetra Kazhagam,2,3,4,10,6,6,10,6,10,1,5,10,14,6,14,21.09004739336493,8
302,214,101,63,4,0,2,0,0,0,352,0,0,1,1,2,740,0,4,744,0,Doovipuram  2nd Street,"T.N.D.T.A  Middle  School,  Main  Building, Middle  portion,  Doovipuram  2nd  Street, Thoothukkudi","1.Thoothukudi  Corporation  Doovipuram  west  10th  street  -  Ward  37 2.Thoothukudi  Corporation  Anna  Nagar  10th  Street  -  Ward  37  ,
999.OVERSEAS  ELECTORS",All  Voters,28.91891891891892,13.64864864864865,8.513513513513514,0.5405405405405406,0.0,0.2702702702702703,0.0,0.0,0.0,47.56756756756757,0.5405405405405406,0.5405405405405406,Tamilaga Vettri Kazhagam,352,214,138,Dravida Munnetra Kazhagam,2,3,4,5,10,6,10,10,10,1,10,10,8,8,6,18.64864864864865,4
303,101,68,23,2,0,0,0,0,1,206,0,2,0,0,0,403,0,0,403,0,Doovipuram  2nd Street,"T.N.D.T.A  Middle  School,  Main  Building,  1st room  from  South,  Doovipuram  2nd  Street, Thoothukkudi","1.Thoothukudi  Corporation  Mani  Nagar  -  Ward  41  ,  2.Thoothukudi Corporation  Doovipuram  9th  Street  -  Ward  38  ,  3.Thoothukudi Corporation  Annanagar  9th  Street  North  -  Ward  37  ,  999.OVERSEAS ELECTORS",All  Voters,25.06203473945409,16.87344913151365,5.707196029776675,0.4962779156327544,0.0,0.0,0.0,0.0,0.2481389578163772,51.1166253101737,0.0,0.4962779156327544,Tamilaga Vettri Kazhagam,206,101,105,Dravida Munnetra Kazhagam,2,3,4,5,8,8,8,8,7,1,8,5,8,8,8,26.0545905707196,2
304,218,101,24,1,0,0,0,3,0,198,1,0,0,0,0,546,0,4,550,0,Doovipuram  2nd Street,"T.N.D.T.A  Middle  School,  Sathya  Daniel  Hall, East  facing  room,  Doovipuram  2nd  Street,
Thoothukkudi","1.Thoothukudi  Corporation  Doovipuram  2nd  Street  -  Ward  41  , 999.OVERSEAS  ELECTORS",All  Voters,39.92673992673993,18.4981684981685,4.395604395604396,0.1831501831501831,0.0,0.0,0.0,0.5494505494505495,0.0,36.26373626373626,0.7326007326007326,0.1831501831501831,Dravida Munnetra Kazhagam,218,198,20,Tamilaga Vettri Kazhagam,1,3,4,6,8,8,8,5,8,2,6,8,8,8,8,3.663003663003663,1
305,169,103,46,1,1,0,1,0,1,327,1,0,0,0,0,650,0,2,652,0,Doovipuram  2nd Street,"T.N.D.T.A  Middle  School,  Sathya  Daniel  Hall, North  facing  room,  Doovipuram  2nd  Street, Thoothukkudi","1.Thoothukudi  Corporation  Anna  Nagar  9  -  Ward  37  ,  2.Thoothukudi Corporation  Doovipuram  West  9th  Street  -  Ward  37  ,  999.OVERSEAS ELECTORS",All  Voters,26.0,15.84615384615385,7.076923076923077,0.1538461538461539,0.1538461538461539,0.0,0.1538461538461539,0.0,0.1538461538461539,50.30769230769231,0.3076923076923077,0.1538461538461539,Tamilaga Vettri Kazhagam,327,169,158,Dravida Munnetra Kazhagam,2,3,4,5,5,10,5,10,5,1,5,10,10,10,10,24.30769230769231,1
306,139,51,20,0,0,0,0,5,0,150,0,0,0,0,0,365,0,3,368,0,Chidambara  nagar,"Crescent  Matric.  Hr.  Sec.  School,  Main Building,  Room  No,  4,  Chidambaranagar, Thoothukudi","1.Thoothukudi  Corporation  Chidambara  nagar  east  -  Ward  42  , 2.Thoothukudi  Corporation  Chidambara  Nagar  West  -  Ward  42  ,
3.Thoothukudi  Corporation  Chidambara  Nagar  South  -  Ward  42  , 4.Thoothukudi  Corporation  Chidambara  Nagar  North  -  Ward  42  ,
5.Thoothukudi  Corporation  Chidambara  Nagar  Main  Road  -  Ward  42  ,
6.Thoothukudi  Corporation  Chidambara  Nagar  1st  Street  -  Ward  42  , 999.OVERSEAS  ELECTORS",All  Voters,38.08219178082192,13.97260273972603,5.47945205479452,0.0,0.0,0.0,0.0,1.36986301369863,0.0,41.0958904109589,0.821917808219178,0.0,Tamilaga Vettri Kazhagam,150,139,11,Dravida Munnetra Kazhagam,2,3,4,6,6,6,6,5,6,1,6,6,6,6,6,3.013698630136986,0
307,141,78,33,3,0,1,0,0,0,168,2,0,0,0,0,426,0,0,426,0,Chidambara  nagar,"Crescent  Matric.  Hr.  Sec.  School,  Main Building,  Room  No  5,  Chidambaranagar, Thoothukudi","1.Thoothukudi  Corporation  Chidambara  Nagar  Auto  Colony  -  Ward  42  , 2.Thoothukudi  Corporation  Chidambara  Nagar  2nd  Street  -Ward  42  ,
3.Thoothukudi  Corporation  Chidambara  Nagar  3rd  Street  -  Ward  42  , 4.Thoothukudi  Corporation  Chidambara  Nagar  4th  Street  -  Ward  42  , 5.Thoothukudi  Corporation  Chidambara  Nagar  5th  Street  -  Ward  42  , 6.Thoothukudi  Corporation  Chidambara  Nagar  6th  Street  -  Ward  42  ,
999.OVERSEAS  ELECTORS",All  Voters,33.09859154929578,18.30985915492958,7.746478873239436,0.7042253521126761,0.0,0.2347417840375587,0.0,0.0,0.0,39.43661971830986,0.0,0.4694835680751174,Tamilaga Vettri Kazhagam,168,141,27,Dravida Munnetra Kazhagam,2,3,4,5,8,7,8,8,8,1,6,8,8,8,8,6.338028169014084,2
308,240,97,44,5,0,0,1,6,0,237,0,0,0,1,0,631,0,2,633,0,Chidambara  nagar,"Crescent  Matric.  Hr.  Sec.  School,  Main Building,  Room  No  9,  Chidambaranagar, Thoothukudi","1.Thoothukudi  Corporation  Bryant  nagar  1st  street  -  Ward  73  ,
2.Thoothukudi  Corporation  Bryant  Nagar  2nd  Street  -  Ward  43  , 999.OVERSEAS  ELECTORS",All  Voters,38.03486529318542,15.37242472266244,6.973058637083994,0.7923930269413629,0.0,0.0,0.1584786053882726,0.9508716323296356,0.0,37.5594294770206,0.3169572107765452,0.1584786053882726,Dravida Munnetra Kazhagam,240,237,3,Tamilaga Vettri Kazhagam,1,3,4,6,9,9,7,5,9,2,9,9,9,7,9,0.4754358161648178,1
309,256,93,50,3,0,0,0,1,1,312,0,0,0,1,0,717,0,1,718,0,Chidambara  nagar,"Crescent  Matric.  Hr.  Sec.  School,  Main Building,  Room  No  11,  Chidambaranagar, Thoothukudi","1.Thoothukudi  Corporation  Bryant  Nagar  3rd  street  -  Ward  43  , 2.Thoothukudi  Corporation  Bryant  Nagar  4th  Street  -  Ward  43  ,
999.OVERSEAS  ELECTORS",All  Voters,35.70432357043236,12.97071129707113,6.97350069735007,0.4184100418410042,0.0,0.0,0.0,0.1394700139470014,0.1394700139470014,43.51464435146444,0.1394700139470014,0.1394700139470014,Tamilaga Vettri Kazhagam,312,256,56,Dravida Munnetra Kazhagam,2,3,4,5,9,9,9,6,6,1,9,9,9,6,9,7.810320781032078,1
310,191,94,33,3,0,2,2,0,0,281,3,0,0,0,0,609,0,1,610,0,Chidambara  nagar,"Crescent  Matric.  Hr.  Sec.  School,  Main Building,  Room  No  13,  Chidambaranagar, Thoothukudi","1.Thoothukudi  Corporation  Bryant  Nagar  5th  street  -  Ward  43  , 999.OVERSEAS  ELECTORS",All  Voters,31.36288998357964,15.43513957307061,5.41871921182266,0.4926108374384237,0.0,0.3284072249589491,0.3284072249589491,0.0,0.0,46.14121510673235,0.1642036124794745,0.4926108374384237,Tamilaga Vettri Kazhagam,281,191,90,Dravida Munnetra Kazhagam,2,3,4,5,9,7,7,9,9,1,5,9,9,9,9,14.77832512315271,3
311,103,78,41,2,0,0,0,2,0,199,0,1,0,0,0,426,0,1,427,0,Bryant  Nagar  7th Street,"T.N.D.T.A  Primary  School,  East  Building North  Portion,  Bryant  Nagar  7th  Street, Thoothukudi","1.Thoothukudi  Corporation  Bryant  nagar  10th  street  middle  -  Ward  43  , 999.OVERSEAS  ELECTORS",All  Voters,24.17840375586854,18.30985915492958,9.624413145539906,0.4694835680751174,0.0,0.0,0.0,0.4694835680751174,0.0,46.71361502347418,0.2347417840375587,0.2347417840375587,Tamilaga Vettri Kazhagam,199,103,96,Dravida Munnetra Kazhagam,2,3,4,5,8,8,8,5,8,1,8,7,8,8,8,22.53521126760564,1
312,113,63,13,0,0,0,0,2,0,152,0,0,0,0,0,343,0,1,344,0,Bryant  Nagar  7th Street,"T.N.D.T.A  Primary  School,  East  Building, South  Portion,  Bryant  Nagar  7th  Street, Thoothukudi","1.Thoothukudi  Corporation  Bryant  Nagar  11th  Street  -  Ward  47  , 999.OVERSEAS  ELECTORS",All  Voters,32.94460641399417,18.36734693877551,3.790087463556851,0.0,0.0,0.0,0.0,0.5830903790087464,0.0,44.31486880466473,0.2915451895043732,0.0,Tamilaga Vettri Kazhagam,152,113,39,Dravida Munnetra Kazhagam,2,3,4,6,6,6,6,5,6,1,6,6,6,6,6,11.37026239067055,0
313,115,60,21,1,0,0,0,0,0,208,0,1,0,0,2,408,0,6,414,0,Bryant  Nagar  7th Street,"T.N.D.T.A  Primary  School,  West  Building, North  portion,  Bryant  Nagar  7th  Street,
Thoothukudi","1.Thoothukudi  Corporation  Bryant  Nagar  7th  Street  -  Ward  43  (Door  No. 1  to  30)  ,  999.OVERSEAS  ELECTORS",All  Voters,28.18627450980392,14.70588235294118,5.147058823529411,0.2450980392156863,0.0,0.0,0.0,0.0,0.0,50.98039215686274,1.470588235294118,0.7352941176470588,Tamilaga Vettri Kazhagam,208,115,93,Dravida Munnetra Kazhagam,2,3,4,6,8,8,8,8,8,1,8,6,8,8,5,22.79411764705882,3
314,118,58,19,3,0,0,1,0,0,125,0,2,1,0,0,327,0,3,330,0,Bryant  Nagar  7th Street,"T.N.D.T.A  Primary  School,  West  Building, Middle  portion,  Bryant  Nagar  7th  Street, Thoothukudi","1.Thoothukudi  Corporation  Bryant  Nagar  7th  Street  -  Ward  43  (Door  No. After  30)  ,  999.OVERSEAS  ELECTORS",All  Voters,36.08562691131498,17.73700305810398,5.81039755351682,0.9174311926605505,0.0,0.0,0.3058103975535168,0.0,0.0,38.22629969418961,0.9174311926605505,0.9174311926605505,Tamilaga Vettri Kazhagam,125,118,7,Dravida Munnetra Kazhagam,2,3,4,5,9,9,7,9,9,1,9,6,7,9,9,2.140672782874617,3
315,135,126,36,7,1,0,0,1,1,220,0,1,0,1,0,529,0,2,531,0,Bryant  Nagar  7th Street,"T.N.D.T.A  Primary  School,  West  Building, South  Portion,  Bryant  Nagar  7th  Street, Thoothukudi","1.Thoothukudi  Corporation  Bryant  nagar  8th  street  -  Ward  43  , 999.OVERSEAS  ELECTORS",All  Voters,25.51984877126654,23.81852551984877,6.805293005671078,1.323251417769376,0.1890359168241966,0.0,0.0,0.1890359168241966,0.1890359168241966,41.58790170132325,0.3780718336483932,0.3780718336483932,Tamilaga Vettri Kazhagam,220,135,85,Dravida Munnetra Kazhagam,2,3,4,5,6,11,11,6,6,1,11,6,11,6,11,16.06805293005671,2
316,147,80,33,8,0,1,3,1,0,216,2,1,0,0,0,492,0,1,493,0,Bryant  Nagar  3rd Street  (East),"Good  Shepherd  Hr.  Sec.  School  for  Hearing Impaired,  South  Middle  Building,  East Portion,  Bryant  Nagar  3rd  Street  (East)","1.Thoothukudi  Corporation  Bryant  Nagar  9th  Street  -  Ward  43  , 999.OVERSEAS  ELECTORS",All  Voters,29.8780487804878,16.26016260162601,6.707317073170732,1.626016260162602,0.0,0.2032520325203252,0.6097560975609756,0.2032520325203252,0.0,43.90243902439025,0.2032520325203252,0.6097560975609756,Tamilaga Vettri Kazhagam,216,147,69,Dravida Munnetra Kazhagam,2,3,4,5,11,8,6,8,11,1,7,8,11,11,11,14.02439024390244,3
317,187,82,43,2,0,0,0,1,0,268,0,0,0,2,1,586,0,2,588,0,Bryant  Nagar  3rd Street  (East),"Good  Shepherd  Hr.  Sec.  School  for  Hearing Impaired,  South  Middle  Building,  West Portion,  Bryant  Nagar  3rd  Street  (East)","1.Thoothukudi  Corporation  Bryant  Nagar  6th  Street  -  Ward  43  , 999.OVERSEAS  ELECTORS",All  Voters,31.91126279863481,13.99317406143345,7.337883959044368,0.3412969283276451,0.0,0.0,0.0,0.1706484641638225,0.0,45.73378839590443,0.3412969283276451,0.5119453924914675,Tamilaga Vettri Kazhagam,268,187,81,Dravida Munnetra Kazhagam,2,3,4,5,9,9,9,7,9,1,9,9,9,5,7,13.82252559726962,3
318,146,63,23,4,0,0,0,1,0,201,1,3,0,0,0,442,0,1,443,0,Bryant  Nagar  3rd Street  (East),"Good  Shepherd  Hr.  Sec.  School  for  Hearing Impaired,  Good  Shepherd  Home  Block,
Bryant  Nagar  3rd  Street  (East)","1.Thoothukudi  Corporation  Bryant  Nagar  Amman  Koil  Main  -  Ward  42  , 2.Thoothukudi  Corporation  Bryant  Nagar  Amman  Kovil  Lane  -  Ward  42  , 999.OVERSEAS  ELECTORS",All  Voters,33.03167420814479,14.25339366515837,5.203619909502263,0.904977375565611,0.0,0.0,0.0,0.2262443438914027,0.0,45.47511312217195,0.2262443438914027,0.904977375565611,Tamilaga Vettri Kazhagam,201,146,55,Dravida Munnetra Kazhagam,2,3,4,5,9,9,9,7,9,1,7,6,9,9,9,12.44343891402715,4
319,101,38,12,0,0,0,0,1,0,160,0,0,0,0,0,312,0,2,314,0,Levengipuram,"ICDS  Centre  No.  42,  West  portion (Corporation  Primary  School  campus), Levengipuram,  Thoothukudi","1.Thoothukudi  Corporation  Muniasamypuram  Extension  1  -  Ward  46  , 2.Thoothukudi  Corporation  Ambedhkar  Colony  -  Ward  46  ,
3.Thoothukudi  Corporation  Muniyasamypuram  Extension  3  -  Ward  46  , 4.Thoothukudi  Corporation  Kamarajar  Road  -  Ward  46  ,  999.OVERSEAS
ELECTORS",All  Voters,32.37179487179488,12.17948717948718,3.846153846153846,0.0,0.0,0.0,0.0,0.3205128205128205,0.0,51.28205128205128,0.641025641025641,0.0,Tamilaga Vettri Kazhagam,160,101,59,Dravida Munnetra Kazhagam,2,3,4,6,6,6,6,5,6,1,6,6,6,6,6,18.91025641025641,0
320,157,43,17,0,0,0,0,1,1,199,1,0,0,0,0,419,0,1,420,0,Levengipuram,"ICDS  Centre  No.  44,  East  portion (Corporation  Primary  School  campus), Levengipuram,  Thoothukudi","1.Thoothukudi  Corporation  Sudalai  Colony  -  Ward  46  ,  2.Thoothukudi Corporation  Muniyasamypuram  2  -  Ward  46  ,  999.OVERSEAS ELECTORS",All  Voters,37.47016706443914,10.26252983293556,4.05727923627685,0.0,0.0,0.0,0.0,0.2386634844868735,0.2386634844868735,47.49403341288782,0.2386634844868735,0.2386634844868735,Tamilaga Vettri Kazhagam,199,157,42,Dravida Munnetra Kazhagam,2,3,4,8,8,8,8,5,5,1,5,8,8,8,8,10.02386634844869,1
321,223,86,35,0,0,0,0,2,0,337,0,0,0,0,1,684,0,0,684,0,Levengipuram,"Corporation  Primary  School,  North  Building, 2nd  room  from  west,  Levengipuram,
Thoothukkudi","1.Thoothukudi  Corporation  Sivanthakualam  1st  street  -  Ward  47  , 2.Thoothukudi  Corporation  Sivanthakulam  2nd  Street  -  Ward  47  ,
3.Thoothukudi  Corporation  Muniasamypuram  1st  Street  Extension  -
Ward  46  ,  999.OVERSEAS  ELECTORS",All  Voters,32.60233918128655,12.57309941520468,5.116959064327485,0.0,0.0,0.0,0.0,0.2923976608187134,0.0,49.26900584795322,0.0,0.1461988304093567,Tamilaga Vettri Kazhagam,337,223,114,Dravida Munnetra Kazhagam,2,3,4,7,7,7,7,5,7,1,7,7,7,7,6,16.66666666666666,1
322,153,79,24,2,0,1,1,0,0,254,0,2,0,0,0,516,0,4,520,0,Levengipuram,"Corporation  Primary  School,  North  Building, 3rd  room  from  west,  Levengipuram,
Thoothukkudi","1.Thoothukudi  Corporation  Muniasamypuram  2nd  Street  Extension- Ward  -46  ,  2.Thoothukudi  Corporation  Muniasamypuram  3rd  Street Extension  -  Ward  46  ,  3.Thoothukudi  Corporation  Muniasamypuram  1st Street  -Ward-47  ,  4.Thoothukudi  Corporation  Muniasamypuram  2nd
Street  -  Ward-46  ,  999.OVERSEAS  ELECTORS",All  Voters,29.65116279069768,15.31007751937984,4.651162790697675,0.3875968992248062,0.0,0.1937984496124031,0.1937984496124031,0.0,0.0,49.22480620155039,0.7751937984496124,0.3875968992248062,Tamilaga Vettri Kazhagam,254,153,101,Dravida Munnetra Kazhagam,2,3,4,5,9,7,7,9,9,1,9,5,9,9,9,19.57364341085271,2
323,244,127,60,1,0,1,0,1,0,400,5,0,0,0,0,839,0,3,842,0,Levengipuram,"Corporation  Primary  School,  East  Building, North  portion,  Levenchipuram,  Thoothukudi","1.Thoothukudi  Corporation  Bryant  nagar  12th  street  -  ward  47  (Door  No. 1  to  78)  ,  999.OVERSEAS  ELECTORS",All  Voters,29.08224076281287,15.13706793802145,7.151370679380214,0.1191895113230036,0.0,0.1191895113230036,0.0,0.1191895113230036,0.0,47.67580452920143,0.3575685339690107,0.5959475566150179,Tamilaga Vettri Kazhagam,400,244,156,Dravida Munnetra Kazhagam,2,3,4,6,9,6,9,6,9,1,5,9,9,9,9,18.59356376638856,5
324,201,106,37,1,0,0,2,3,0,272,1,0,0,1,0,624,0,5,629,0,Levengipuram,"Corporation  Primary  School,  East  Building, South  portion,  Levenchipuram,  Thoothukudi","1.Thoothukudi  Corporation  Bryant  nagar  12th  street  -  ward  47  (Door  No. Above  78)  ,  2.Thoothukudi  Corporation  SivanthaKulam  -  1  -  ward  47  , 999.OVERSEAS  ELECTORS",All  Voters,32.21153846153847,16.98717948717949,5.929487179487179,0.1602564102564102,0.0,0.0,0.3205128205128205,0.4807692307692308,0.0,43.58974358974359,0.8012820512820512,0.3205128205128205,Tamilaga Vettri Kazhagam,272,201,71,Dravida Munnetra Kazhagam,2,3,4,7,10,10,6,5,10,1,7,10,10,7,10,11.37820512820513,2
325,77,71,14,0,0,1,0,1,0,123,0,1,1,1,0,290,0,0,290,0,Veeranayakkanthatt u,"Corporation  Primary  School,  2nd  room  from South,  Veeranaickanthattu","1.Thoothukudi  Corporation  Veeranaickanthattu  -  ward  51  , 999.OVERSEAS  ELECTORS",All  Voters,26.55172413793103,24.48275862068965,4.827586206896552,0.0,0.0,0.3448275862068966,0.0,0.3448275862068966,0.0,42.41379310344828,0.0,1.03448275862069,Tamilaga Vettri Kazhagam,123,77,46,Dravida Munnetra Kazhagam,2,3,4,10,10,5,10,5,10,1,10,5,5,5,10,15.86206896551724,3
326,173,89,42,1,0,1,0,1,0,295,1,1,1,0,0,605,0,3,608,0,"J.S.  Nagar, Muthiahpuram","Special  Training  Centre  for  disabled  children,
J.S.  Nagar,  Muthiahpuram","1.Thoothukudi  Corporation  Sundar  Nagar  Block  4  -  ward  54  (Door  No. From  1  to  4-210-4)  ,  999.OVERSEAS  ELECTORS",All  Voters,28.59504132231405,14.71074380165289,6.942148760330578,0.1652892561983471,0.0,0.1652892561983471,0.0,0.1652892561983471,0.0,48.7603305785124,0.4958677685950413,0.4958677685950413,Tamilaga Vettri Kazhagam,295,173,122,Dravida Munnetra Kazhagam,2,3,4,5,11,5,11,5,11,1,5,5,5,11,11,20.16528925619835,3
327,192,94,25,0,1,1,0,1,0,218,2,1,0,1,0,536,0,0,536,0,"J.S.  Nagar, Muthiahpuram","Corporation  Primary  School,  New  Building, 2nd  Room  from  East,  J.S.Nagar, Muthiahpuram","1.Thoothukudi  Corporation  Sundar  Nagar  Block  4  -  ward  54  (Door  No. From  4-210-5  to  Last)  ,  999.OVERSEAS  ELECTORS",All  Voters,35.82089552238806,17.53731343283582,4.664179104477612,0.0,0.1865671641791045,0.1865671641791045,0.0,0.1865671641791045,0.0,40.67164179104478,0.0,0.7462686567164178,Tamilaga Vettri Kazhagam,218,192,26,Dravida Munnetra Kazhagam,2,3,4,11,6,6,11,6,11,1,5,6,11,6,11,4.850746268656716,4
328,138,70,32,0,0,0,0,0,0,229,1,0,1,0,1,472,0,1,473,0,"J.S.  Nagar, Muthiahpuram","Corporation  Primary  School,  New  Building, 1st  Room  from  west,  J.S.Nagar, Muthiahpuram","1.Thoothukudi  Corporation  Sundaram  nagar  -  ward  54  (Door  No.  1  to 4-210)  ,  999.OVERSEAS  ELECTORS",All  Voters,29.23728813559322,14.83050847457627,6.779661016949152,0.0,0.0,0.0,0.0,0.0,0.0,48.51694915254237,0.211864406779661,0.6355932203389831,Tamilaga Vettri Kazhagam,229,138,91,Dravida Munnetra Kazhagam,2,3,4,8,8,8,8,8,8,1,5,8,5,8,5,19.27966101694915,3
329,109,71,31,1,1,0,0,0,0,166,1,1,0,0,1,382,0,2,384,0,"J.S.  Nagar, Muthiahpuram","Community  Hall,  West  portion  J.S.Nagar, Muthiahpuram","1.Thoothukudi  Corporation  Sundaram  nagar  -  ward  54  (Door  No.  After 4-210)  ,  999.OVERSEAS  ELECTORS",All  Voters,28.53403141361256,18.58638743455498,8.115183246073299,0.2617801047120419,0.2617801047120419,0.0,0.0,0.0,0.0,43.45549738219896,0.5235602094240838,0.7853403141361256,Tamilaga Vettri Kazhagam,166,109,57,Dravida Munnetra Kazhagam,2,3,4,5,5,10,10,10,10,1,5,5,10,10,5,14.92146596858639,3
330,161,280,86,0,1,0,0,1,0,314,1,0,0,0,1,845,0,6,851,0,Pottalkadu,"Govt.  High  School,  North  building,  East Portion,  Pottalkadu","1.Mullakkadu  Part  2  (R.V)  And  (P)  Pottalkadu  North  Street  ,  2.Mullakkadu Part  2  (R.V)  And  (P)  Pottalkadu  South  Street  ,  3.Mullakkadu  Part  2  (R.V)
And  (P)  Pottalkadu  Amman  Kovil  Street  ,  4.Mullakkadu  Part  2  (R.V)  And
(P)  Pottalkadu  Nesamani  Nagar  ,  5.Mullakkadu  Part  2  (R.V)  And  (P) Mullakadu  West  Street  ,  999.OVERSEAS  ELECTORS",All  Voters,19.05325443786982,33.13609467455622,10.17751479289941,0.0,0.1183431952662722,0.0,0.0,0.1183431952662722,0.0,37.15976331360947,0.7100591715976331,0.2366863905325444,Tamilaga Vettri Kazhagam,314,280,34,All India Anna Dravida Munnetra Kazhagam,3,2,4,9,5,9,9,5,9,1,5,9,9,9,5,4.023668639053255,2
331,198,260,41,0,1,0,0,2,2,328,0,5,1,0,0,838,0,6,844,0,Mullakadu,"T.N.D.T.A  MIddle  School,  South BuildingMullakadu","1.Mullakkadu  Part  2  (R.V)  And  (P)  North  street  ,  2.Mullakkadu  Part  2
(R.V)  And  (P)  West  Street  ,  3.Mullakkadu  Part  2  (R.V)  ANd  (P)  Meenavar Colony  ,  999.OVERSEAS  ELECTORS",All  Voters,23.62768496420048,31.02625298329356,4.892601431980907,0.0,0.1193317422434368,0.0,0.0,0.2386634844868735,0.2386634844868735,39.14081145584726,0.7159904534606205,0.7159904534606205,Tamilaga Vettri Kazhagam,328,260,68,All India Anna Dravida Munnetra Kazhagam,3,2,4,10,8,10,10,6,6,1,10,5,8,10,10,8.1145584725537,6
332,303,210,101,1,3,2,2,1,1,448,2,1,0,0,4,1079,0,3,1082,0,M.Thangammalpura m,"Govt.  Hr  Sec.  School,  Arignar  Anna Centenary  Memorial  Building,  1st  room  from East  M.Thangammalpuram","1.Thoothukudi  Corporation  M.  Thangammalpuram  -  ward  54  , 999.OVERSEAS  ELECTORS",All  Voters,28.08155699721965,19.46246524559778,9.360518999073216,0.09267840593141798,0.2780352177942539,0.185356811862836,0.185356811862836,0.09267840593141798,0.09267840593141798,41.51992585727525,0.2780352177942539,0.6487488415199258,Tamilaga Vettri Kazhagam,448,303,145,Dravida Munnetra Kazhagam,2,3,4,10,6,7,7,10,10,1,7,10,14,14,5,13.43836886005561,7
333,291,106,31,2,1,1,1,0,2,371,0,0,0,1,3,810,0,7,817,0,M.Thangammalpura m,"Govt  Hr  Sec  School  West  Building,  1st  room from  South,  M.  Thangammalpuram","1.Thoothukudi  Corporation  Harbour  Construction  Road  -  ward  52  ,
2.Thoothukudi  Corporation  Shunmugapuram  -  ward  54  ,  3.Thoothukudi Corporation  Soosai  Nagar  -  ward  52  ,  999.OVERSEAS  ELECTORS",All  Voters,35.92592592592593,13.08641975308642,3.827160493827161,0.2469135802469136,0.1234567901234568,0.1234567901234568,0.1234567901234568,0.0,0.2469135802469136,45.80246913580247,0.8641975308641975,0.4938271604938271,Tamilaga Vettri Kazhagam,371,291,80,Dravida Munnetra Kazhagam,2,3,4,6,8,8,8,12,6,1,12,12,12,8,5,9.876543209876543,4
334,114,81,69,3,0,0,1,0,0,299,0,0,1,0,0,568,0,4,572,0,Muthiapuram,"A.V.S.Primary  School,  West  Building,  1st room  from  North,  Muthiahpuram","1.Thoothukudi  Corporation  Ayyan  kovil  street  -  ward  52  (Door  No.  1  to 4-84-50)  ,  999.OVERSEAS  ELECTORS",All  Voters,20.07042253521127,14.26056338028169,12.14788732394366,0.528169014084507,0.0,0.0,0.176056338028169,0.0,0.0,52.64084507042254,0.7042253521126761,0.176056338028169,Tamilaga Vettri Kazhagam,299,114,185,Dravida Munnetra Kazhagam,2,3,4,5,8,8,6,8,8,1,8,8,6,8,8,32.57042253521127,1
335,94,99,38,1,0,0,2,0,0,273,0,0,1,0,1,509,0,2,511,0,Muthiapuram,"A.V.S.Primary  School,  West  Building,  2nd room  from  North,  Muthiahpuram","1.Thoothukudi  Corporation  Ayyan  kovil  street  -  ward  52  (Door  No. 4-84-51  to  4-143)  ,  999.OVERSEAS  ELECTORS",All  Voters,18.46758349705305,19.44990176817289,7.465618860510806,0.1964636542239686,0.0,0.0,0.3929273084479371,0.0,0.0,53.63457760314342,0.3929273084479371,0.3929273084479371,Tamilaga Vettri Kazhagam,273,99,174,All India Anna Dravida Munnetra Kazhagam,3,2,4,6,9,9,5,9,9,1,9,9,6,9,6,34.18467583497053,2
336,145,151,43,2,0,2,1,0,1,255,0,1,0,0,0,601,0,2,603,0,Muthiapuram,"A.V.S.  Primary  School,  Main  building,  1st room  from  North,  Muthiahpuram","1.Thoothukudi  Corporation  Ayyan  kovil  street  -  ward  52  (Door  No.  After 4-144)  ,  999.OVERSEAS  ELECTORS",All  Voters,24.12645590682196,25.12479201331115,7.154742096505824,0.3327787021630615,0.0,0.3327787021630615,0.1663893510815308,0.0,0.1663893510815308,42.42928452579035,0.3327787021630615,0.1663893510815308,Tamilaga Vettri Kazhagam,255,151,104,All India Anna Dravida Munnetra Kazhagam,3,2,4,5,10,5,7,10,7,1,10,7,10,10,10,17.3044925124792,1
337,95,75,42,0,0,1,0,1,0,220,2,1,0,0,0,437,0,0,437,0,Muthiapuram,"A.V.S.  Primary  School,  Main  building,  2nd room  from  North,  Muthiahpuram","1.Thoothukudi  Corporation  Ayyan  kovil  street  -  ward  52  (Door  No.  1  to 4-75B)  ,
999.OVERSEAS  ELECTORS",All  Voters,21.73913043478261,17.16247139588101,9.610983981693364,0.0,0.0,0.2288329519450801,0.0,0.2288329519450801,0.0,50.34324942791763,0.0,0.6864988558352403,Tamilaga Vettri Kazhagam,220,95,125,Dravida Munnetra Kazhagam,2,3,4,9,9,6,9,6,9,1,5,6,9,9,9,28.60411899313501,3
338,149,75,36,0,0,0,0,1,2,168,0,1,0,0,0,432,0,2,434,0,Muthiapuram,"A.V.S.  Primary  School,  Main  building,  1st room  from  South,  Muthiahpuram","1.Thoothukudi  Corporation  Ayyan  kovil  street  -  ward  52  (Door  No.  After 4-75B)  ,  999.OVERSEAS  ELECTORS",All  Voters,34.49074074074074,17.36111111111111,8.333333333333332,0.0,0.0,0.0,0.0,0.2314814814814815,0.4629629629629629,38.88888888888889,0.4629629629629629,0.2314814814814815,Tamilaga Vettri Kazhagam,168,149,19,Dravida Munnetra Kazhagam,2,3,4,8,8,8,8,6,5,1,8,6,8,8,8,4.398148148148148,1
339,136,54,30,0,0,0,0,1,1,223,0,1,1,0,1,448,0,1,449,0,"North  Street, Muthiahpuram","Chandy  Matric  Hr.Sec.  School,  East Building,  Room  No.  2  North  Street, Muthiahpuram","1.Thoothukudi  Corporation  Thoppu  Street  -  ward  52  ,  2.Thoothukudi Corporation  South  Street  -  ward  52  ,  999.OVERSEAS  ELECTORS",All  Voters,30.35714285714285,12.05357142857143,6.696428571428571,0.0,0.0,0.0,0.0,0.2232142857142857,0.2232142857142857,49.77678571428572,0.2232142857142857,0.6696428571428571,Tamilaga Vettri Kazhagam,223,136,87,Dravida Munnetra Kazhagam,2,3,4,10,10,10,10,5,5,1,10,5,5,10,5,19.41964285714286,3
340,222,135,54,1,0,0,0,0,1,364,1,0,2,3,0,783,0,5,788,0,"North  Street, Muthiahpuram","Chandy  Matric  Hr.Sec.  School,  East Building,  Room  No.  4,  North  Street, Muthiahpuram","1.Thoothukudi  Corporation  North  Street  Block  2  -  ward  53  , 999.OVERSEAS  ELECTORS",All  Voters,28.35249042145594,17.24137931034483,6.896551724137931,0.1277139208173691,0.0,0.0,0.0,0.0,0.1277139208173691,46.48786717752235,0.6385696040868455,0.7662835249042145,Tamilaga Vettri Kazhagam,364,222,142,Dravida Munnetra Kazhagam,2,3,4,7,10,10,10,10,7,1,7,10,6,5,10,18.13537675606641,6
341,153,125,25,0,0,0,0,0,2,294,0,0,0,0,1,600,0,1,601,0,Muthiapuram,"K.T.  Kosalram  High  School,  P.V.  Muthiah Memorial  Block,  1st  room  from  West,  (1st door),  Muthiahpuram","1.Thoothukudi  Corporation  East  Street  -  ward  52  (Door  No.  1  to  1-79-14)
,  999.OVERSEAS  ELECTORS",All  Voters,25.5,20.83333333333334,4.166666666666666,0.0,0.0,0.0,0.0,0.0,0.3333333333333334,49.0,0.1666666666666667,0.1666666666666667,Tamilaga Vettri Kazhagam,294,153,141,Dravida Munnetra Kazhagam,2,3,4,7,7,7,7,7,5,1,7,7,7,7,6,23.5,1
342,193,148,16,3,0,0,1,0,4,180,0,0,0,0,2,547,0,4,551,0,Muthiapuram,"K.T.  Kosalram  High  School,  P.V.  Muthiah Memorial  Block,  3rd  room  from  West,  (3rd door),  Muthiahpuram","1.Thoothukudi  Corporation  East  Street  -  ward  52  (Door  No.  After  1-79-14)
,  999.OVERSEAS  ELECTORS",All  Voters,35.28336380255941,27.05667276051188,2.925045703839122,0.5484460694698354,0.0,0.0,0.1828153564899452,0.0,0.7312614259597806,32.90676416819013,0.7312614259597806,0.3656307129798903,Dravida Munnetra Kazhagam,193,180,13,Tamilaga Vettri Kazhagam,1,3,4,6,9,9,8,9,5,2,9,9,9,9,7,2.376599634369287,2
343,245,45,21,1,1,0,0,0,0,179,0,1,0,0,0,493,0,2,495,0,Muthiapuram,"K.T.  Kosalram  High  School,  North  East Building,  1st  room  from  East, Muthiahpuram","1.Thoothukudi  Corporation  Muslim  Street  -  ward  52  ,  999.OVERSEAS ELECTORS",All  Voters,49.69574036511156,9.127789046653144,4.259634888438134,0.2028397565922921,0.2028397565922921,0.0,0.0,0.0,0.0,36.30831643002028,0.4056795131845842,0.2028397565922921,Dravida Munnetra Kazhagam,245,179,66,Tamilaga Vettri Kazhagam,1,3,4,5,5,8,8,8,8,2,8,5,8,8,8,13.38742393509128,1
344,145,77,47,3,0,0,0,0,0,293,2,0,0,0,0,567,0,3,570,0,Muthiapuram,"K.T.  Kosalram  High  School,  South  Building West  Portion  Muthiahpuram","1.Thoothukudi  Corporation  Kaliamman  Koil  Street  -  ward  52  (Door  No.  1 to  3-500)  ,
999.OVERSEAS  ELECTORS",All  Voters,25.5731922398589,13.58024691358025,8.289241622574956,0.5291005291005291,0.0,0.0,0.0,0.0,0.0,51.67548500881834,0.5291005291005291,0.3527336860670194,Tamilaga Vettri Kazhagam,293,145,148,Dravida Munnetra Kazhagam,2,3,4,5,7,7,7,7,7,1,6,7,7,7,7,26.10229276895943,2
345,181,81,19,2,1,0,0,1,0,185,1,1,0,0,0,472,0,1,473,0,Muthiapuram,"K.T.  Kosalram  High  School,  South  Building East  Portion  Muthiahpuram","1.Thoothukudi  Corporation  Kaliamman  Koil  Street  -  ward  52  (Door  No. After  3-500)  ,
999.OVERSEAS  ELECTORS",All  Voters,38.34745762711864,17.16101694915254,4.025423728813559,0.423728813559322,0.211864406779661,0.0,0.0,0.211864406779661,0.0,39.19491525423729,0.211864406779661,0.423728813559322,Tamilaga Vettri Kazhagam,185,181,4,Dravida Munnetra Kazhagam,2,3,4,5,6,10,10,6,10,1,6,6,10,10,10,0.847457627118644,2
346,76,46,26,0,0,0,0,0,0,140,0,0,0,0,0,288,0,3,291,0,"Spic  Nagar, Muthiapuram","Spic  Nagar  Hr.  Sec.  School,  East  building, Room  No  3,  Spic  Nagar,  Muthiahpuram","1.Thoothukudi  Corporation  Spic  Nagar  Sector  O  -  ward  54  , 2.Thoothukudi  Corporation  Spic  Nagar  B  Sector  -  ward  54  , 3.Thoothukudi  Corporation  Spic  Nagar  C  Sector  -  ward  54  , 4.Thoothukudi  Corporation  Spic  Nagar  Sector  A  -  ward  54  , 5.Thoothukudi  Corporation  Spic  Nagar  Sector  D  -  ward  54  ,
999.OVERSEAS  ELECTORS",All  Voters,26.38888888888889,15.97222222222222,9.027777777777777,0.0,0.0,0.0,0.0,0.0,0.0,48.61111111111111,1.041666666666667,0.0,Tamilaga Vettri Kazhagam,140,76,64,Dravida Munnetra Kazhagam,2,3,4,5,5,5,5,5,5,1,5,5,5,5,5,22.22222222222222,0
347,67,37,14,2,0,0,0,0,0,150,0,0,1,0,0,271,0,0,271,0,"Spic  Nagar, Muthiapuram","Spic  Nagar  Hr,  Sec  School,  East  building, Room  No  5,  Spic  Nagar,  Muthiahpuram","1.Thoothukudi  Corporation  Spic  Nagar  D  Sector  -  ward  54  , 2.Thoothukudi  Corporation  Tac  Nagar  -  ward  59
3.Thoothukudi  Corporation  Spic  Nagar  G  Sector  -  ward  54  ,  ,
999.OVERSEAS  ELECTORS",All  Voters,24.72324723247232,13.65313653136531,5.166051660516605,0.7380073800738007,0.0,0.0,0.0,0.0,0.0,55.35055350553506,0.0,0.3690036900369004,Tamilaga Vettri Kazhagam,150,67,83,Dravida Munnetra Kazhagam,2,3,4,5,7,7,7,7,7,1,7,7,6,7,7,30.62730627306273,1
348,105,23,28,0,0,0,0,0,0,153,1,0,0,0,0,310,0,3,313,0,Thermal  nagar Camp-1,"St.Thomas  Nursery  and  Primary  School,  East portion,  1st  room  from  West,  Thermal  Nagar","1.Thoothukudi  Corporation  Camp  2  Sector  1  -  ward  53  , 999.OVERSEAS  ELECTORS",All  Voters,33.87096774193548,7.419354838709677,9.032258064516128,0.0,0.0,0.0,0.0,0.0,0.0,49.35483870967742,0.967741935483871,0.3225806451612903,Tamilaga Vettri Kazhagam,153,105,48,Dravida Munnetra Kazhagam,2,4,3,6,6,6,6,6,6,1,5,6,6,6,6,15.48387096774194,1
349,169,51,36,5,2,0,0,0,0,236,0,0,2,0,0,501,0,0,501,0,Thermal  nagar Camp-1,"St.Thomas  Nursery  and  Primary  School,  2nd room  from  West,  Thermal  Nagar","1.Thoothukudi  Corporation  Camp  2  Sector  2  -  ward  53  ,  2.Thoothukudi Corporation  Pearl  City  -  ward  51  ,  999.OVERSEAS  ELECTORS",All  Voters,33.73253493013972,10.17964071856287,7.18562874251497,0.998003992015968,0.3992015968063872,0.0,0.0,0.0,0.0,47.1057884231537,0.0,0.3992015968063872,Tamilaga Vettri Kazhagam,236,169,67,Dravida Munnetra Kazhagam,2,3,4,5,6,8,8,8,8,1,8,8,6,8,8,13.37325349301397,2
350,105,22,17,2,0,0,0,0,0,143,0,1,1,0,0,291,0,1,292,0,Thermal  nagar Camp-1,"St.Thomas  Nursery  and  Primary  School,  3rd room  from  West,  Thermal  Nagar","1.Thoothukudi  Corporation  Thermal  Power  Station  Housing  Board  Type  2 Sector  G  -  ward  53  ,  2.Thoothukudi  Corporation  Thermal  Power  Station Housing  Board  Type  2  Sector  1  -  ward  53  ,  999.OVERSEAS  ELECTORS",All  Voters,36.08247422680412,7.560137457044673,5.841924398625429,0.6872852233676976,0.0,0.0,0.0,0.0,0.0,49.14089347079037,0.3436426116838488,0.6872852233676976,Tamilaga Vettri Kazhagam,143,105,38,Dravida Munnetra Kazhagam,2,3,4,5,8,8,8,8,8,1,8,6,6,8,8,13.05841924398626,2
351,118,59,27,8,1,3,1,0,0,225,2,0,1,0,0,445,0,0,445,0,Thermal  nagar Camp-1,"St.Thomas  Nursery  and  Primary  School,  2nd room  from  East,  Thermal  Nagar","1.Thoothukudi  Corporation  Thermal  Power  Station  Housing  Board  Type  2 Sector  2  -  ward  53  ,  2.Thoothukudi  Corporation  Thermal  Power  Station Housing  Board  Type  2  Sector  3  -  ward  53  ,  3.Thoothukudi  Corporation
Thermal  Power  Station  Housing  Board  Type  2  Sector  4  -  ward  53  ,
4.Thoothukudi  Corporation  Pandukarai  West  -  ward  53  ,  5.Thoothukudi Corporation  Pandukarai  East  -  ward  53  ,  999.OVERSEAS  ELECTORS",All  Voters,26.51685393258427,13.25842696629214,6.067415730337078,1.797752808988764,0.2247191011235955,0.6741573033707865,0.2247191011235955,0.0,0.0,50.56179775280899,0.0,0.6741573033707865,Tamilaga Vettri Kazhagam,225,118,107,Dravida Munnetra Kazhagam,2,3,4,5,8,6,8,11,11,1,7,11,8,11,11,24.04494382022472,3
352,136,89,49,15,1,0,2,1,0,281,0,2,1,1,0,578,0,1,579,0,Thermal  nagar Camp-1,"Thoothukudi  Panchayat  Union  Middle School,  South  Building,  1st  room  from  West, Thermal  Nagar","1.Thoothukudi  Corporation  Kadher  Meeran  Nagar  Block  1  -  ward  51  , 999.OVERSEAS  ELECTORS",All  Voters,23.52941176470588,15.39792387543253,8.477508650519031,2.59515570934256,0.1730103806228374,0.0,0.3460207612456748,0.1730103806228374,0.0,48.6159169550173,0.1730103806228374,0.6920415224913495,Tamilaga Vettri Kazhagam,281,136,145,Dravida Munnetra Kazhagam,2,3,4,5,8,12,6,8,12,1,12,6,8,8,12,25.08650519031142,4
353,168,59,35,11,0,0,0,1,0,243,4,1,0,1,1,524,0,0,524,0,Thermal  nagar Camp-1,"Thoothukudi  Panchayat  Union  Middle School,  South  Building,  2nd  room  from West,  Thermal  Nagar","1.Thoothukudi  Corporation  Koilpillai  Nagar  Block  2  -  ward  51  , 999.OVERSEAS  ELECTORS",All  Voters,32.06106870229007,11.25954198473282,6.679389312977099,2.099236641221374,0.0,0.0,0.0,0.1908396946564885,0.0,46.37404580152672,0.0,1.33587786259542,Tamilaga Vettri Kazhagam,243,168,75,Dravida Munnetra Kazhagam,2,3,4,5,11,11,11,7,11,1,6,7,11,7,7,14.31297709923664,7
354,188,64,44,1,2,1,0,2,0,244,1,0,1,0,0,548,0,2,550,0,Thermal  nagar Camp-1,"A.V.S.  Primary  School,  2nd  room  from  West, Thermal  Nagar","1.Thoothukudi  Corporation  Camp  1  Type  DG  43  -  Ward  53  ,
2.Thoothukudi  Corporation  Camp  1  Type  1  -  Ward  53  ,  3.Thoothukudi Corporation  Camp  1  Type  2  -  Ward  53  ,  4.Thoothukudi  Corporation  Camp 1  Type  3  -  Ward  53  ,  5.Thoothukudi  Corporation  Camp  1  Type  4  -  Ward 53  ,  6.Thoothukudi  Corporation  Camp  1  Type  4F  -  ward  53  ,
7.Thoothukudi  Corporation  Camp  1  MG  Type  -  Ward  53  ,  999.OVERSEAS
ELECTORS",All  Voters,34.3065693430657,11.67883211678832,8.02919708029197,0.1824817518248175,0.364963503649635,0.1824817518248175,0.0,0.364963503649635,0.0,44.52554744525548,0.364963503649635,0.364963503649635,Tamilaga Vettri Kazhagam,244,188,56,Dravida Munnetra Kazhagam,2,3,4,7,5,7,11,5,11,1,7,11,7,11,11,10.21897810218978,2
355,94,37,22,2,0,0,0,0,0,136,0,0,0,0,0,291,0,3,294,0,Thermal  nagar Camp-1,"A.V.S.  Primary  School,  3rd  room  from  West, Thermal  Nagar","1.Thoothukudi  Corporation  Thermal  Nagar  Camp  1  -  Ward  53  , 999.OVERSEAS  ELECTORS",All  Voters,32.30240549828179,12.7147766323024,7.560137457044673,0.6872852233676976,0.0,0.0,0.0,0.0,0.0,46.73539518900343,1.030927835051546,0.0,Tamilaga Vettri Kazhagam,136,94,42,Dravida Munnetra Kazhagam,2,3,4,5,6,6,6,6,6,1,6,6,6,6,6,14.43298969072165,0
356,171,61,19,0,2,0,0,1,0,244,0,0,1,1,0,500,0,3,503,0,Thermal  nagar Camp-1,"A.V.S.Primary  School,  East  portion  2nd room,  Thermal  Nagar,","1.Thoothukudi  Corporation  Thermal  Nagar  Camp1  Type  1  -  Ward  53  , 999.OVERSEAS  ELECTORS",All  Voters,34.2,12.2,3.8,0.0,0.4,0.0,0.0,0.2,0.0,48.8,0.6,0.4,Tamilaga Vettri Kazhagam,244,171,73,Dravida Munnetra Kazhagam,2,3,4,9,5,9,9,6,9,1,9,9,6,6,9,14.6,2
357,117,24,13,1,0,0,2,1,0,76,0,0,0,0,0,234,0,2,236,0,New  Harbour,"J.I.Coilpillai  Memorial  Hr.  Sec.  School,  East portion,  Room  No  15,  New  Harbour","1.Thoothukudi  Corporation  Bharathi  Nagar  Shoping  Complex,  Post  Office Complex  -  Ward  60  ,  2.Thoothukudi  Corporation  New  Harbour  MVA Quarters,  CIS  Quarters  -  Ward  60  ,  3.Thoothukudi  Corporation  Type  2 Harbour  Housing  Board  -Ward  60  ,  4.Thoothukudi  Corporation  Harbour Housing  Board  Customs  Quarters  -  Ward  60  ,  999.OVERSEAS ELECTORS",All  Voters,50.0,10.25641025641026,5.555555555555555,0.4273504273504274,0.0,0.0,0.8547008547008548,0.4273504273504274,0.0,32.47863247863248,0.8547008547008548,0.0,Dravida Munnetra Kazhagam,117,76,41,Tamilaga Vettri Kazhagam,1,3,4,6,8,8,5,6,8,2,8,8,8,8,8,17.52136752136752,0
358,85,18,14,1,0,0,0,1,0,95,0,0,0,0,0,214,0,1,215,0,New  Harbour,"J.I.Coilpillai  Memorial  Hr.  Sec.  School,  East portion,  Room  No  16,  New  Harbour","1.Thoothukudi  Corporation  Bharathi  Nagar  Type  1,  2,  3,  4  -  Ward  60  , 999.OVERSEAS  ELECTORS",All  Voters,39.71962616822429,8.411214953271028,6.542056074766355,0.4672897196261682,0.0,0.0,0.0,0.4672897196261682,0.0,44.39252336448598,0.4672897196261682,0.0,Tamilaga Vettri Kazhagam,95,85,10,Dravida Munnetra Kazhagam,2,3,4,5,7,7,7,5,7,1,7,7,7,7,7,4.672897196261682,0
359,157,182,20,3,2,0,0,0,8,430,5,0,0,0,0,807,0,2,809,0,New  Harbour,"J.I.Coilpillai  Memorial  Hr.  Sec.  School,  West Portion,  Room  No.  19,  New  Harbour","1.Thoothukudi  Corporation  Temporary  Fishermens  Quarters  -  Ward  60  , 2.Thoothukudi  Corporation  New  Harbour  -Ward  60  ,  3.Thoothukudi Corporation  Railway  colony  -  Ward  60  ,  999.OVERSEAS  ELECTORS",All  Voters,19.454770755886,22.55266418835192,2.478314745972739,0.3717472118959108,0.2478314745972739,0.0,0.0,0.0,0.9913258983890955,53.28376703841388,0.2478314745972739,0.6195786864931847,Tamilaga Vettri Kazhagam,430,182,248,All India Anna Dravida Munnetra Kazhagam,3,2,4,7,8,9,9,9,5,1,6,9,9,9,9,30.73110285006196,5
360,220,79,34,6,1,0,0,0,0,290,2,3,2,1,0,638,0,0,638,0,New  Harbour,"J.I.Coilpillai  Memorial  Hr.  Sec.  School,  West Portion,  Room  No.  21,  New  Harbour","1.Thoothukudi  Corporation  New  Harbour  Quarters  Block  1  -  Ward  60  , 2.Thoothukudi  Corporation  New  Harbour  Side  Temporary  Quarters  -
Ward  60  ,  3.Thoothukudi  Corporation  Bharathi  Nagar  Kovil  Street  -  Ward
60  ,  4.Thoothukudi  Corporation  Bharathi  Nagar  Pillaiyar  Kovil  -  Ward  60  , 999.OVERSEAS  ELECTORS",All  Voters,34.48275862068966,12.38244514106583,5.329153605015674,0.9404388714733543,0.1567398119122257,0.0,0.0,0.0,0.0,45.45454545454545,0.0,1.253918495297806,Tamilaga Vettri Kazhagam,290,220,70,Dravida Munnetra Kazhagam,2,3,4,5,9,11,11,11,11,1,7,6,7,9,11,10.9717868338558,8
