Serial No. Of Polling Station,Dravida Munnetra Kazhagam,Naam Tamilar Katchi,Bharatiya Janata Party,All India Puratchi Thalaivar Makkal Munnettra Kazhagam,Naam Indiar Party,Puthiya Makkal Tamil Desam Katchi,Tamilaga Vettri Kazhagam,Tamizhaga Vaazhvurimai Katchi,Independent,Independent.1,Independent.2,Independent.3,Independent.4,Total of Valid Votes,No. Of Rejected Votes,NOTA,Total,No. Of Tendered Votes,Location and Name of Building in which Polling Station Located,Polling Area,Polling Station Type,Winner_Party,Winner_Votes,Runner_Up_Votes,Margin_Of_Victory,Runner_Up_Party,Dravida Munnetra Kazhagam_Rank,Naam Tamilar Katchi_Rank,Bharatiya Janata Party_Rank,All India Puratchi Thalaivar Makkal Munnettra Kazhagam_Rank,Naam Indiar Party_Rank,Puthiya Makkal Tamil Desam Katchi_Rank,Tamilaga Vettri Kazhagam_Rank,Tamizhaga Vaazhvurimai Katchi_Rank,Independent_Rank,Margin_Percentage,Total_Independent_Votes,DMK_share_pct,NTK_share_pct,BJP_share_pct,AIPTMK_share_pct,NIP_share_pct,PMTDK_share_pct,TVK_share_pct,TAVAK_share_pct,IND_share_pct,Cluster_ID
1,144,29,184,0,0,2,180,3,7,2,1,1,2,549,0,3,552,0,"Hindu Primary School, Kurangani","1.Mavadipannai (R.V), Kurangkani (p) Sannathi street block 1,
2.Mavadipannai (R.V), Kurangkani (P) Kurangkani Block 2,
3.Mavadipannai (R.V), Kurangkani (P) Manjal vilai Block 3,
4.Mavadipannai (R.V), Kurangkani (P) Thottiyan kudiruppu Block 4, 999.OVERSEAS ELECTORS",General,Bharatiya Janata Party,184,180,4,Tamilaga Vettri Kazhagam,3,4,1,8,8,7,2,6,5,0.728597449908925,7,26.2295081967213,5.28233151183971,33.5154826958106,0.0,0.0,0.364298724954463,32.7868852459016,0.546448087431694,1.27504553734062,3
2,138,33,115,0,0,1,168,1,0,0,0,0,0,456,0,0,456,0,Govt Higher Secondary School New Building North Portion 1st Room Thentiruperail,"1.thenthiruperai (S.G.T.P) Manalmedu, 2.thenthiruperai (S.G.T.P)
Manalmedu North Street, 3.thenthiruperai (S.G.T.P) Padara Street,
4.thenthiruperai (S.G.T.P) NaduStreet, 5.thenthiruperai (S.G.T.P) SanathiStreet, 6.thenthiruperai (S.G.T.P) Kelamadaveethi,
7.thenthiruperai (S.G.T.P) North MadaStreet, 999.OVERSEAS
ELECTORS",General,Tamilaga Vettri Kazhagam,168,138,30,Dravida Munnetra Kazhagam,2,4,3,7,7,5,1,5,7,6.57894736842105,0,30.2631578947368,7.23684210526316,25.219298245614,0.0,0.0,0.219298245614035,36.8421052631579,0.219298245614035,0.0,3
3,166,30,98,3,0,0,96,0,2,0,0,0,1,395,0,2,397,0,Govt Higher Secondary School New building west portion 2st room thenthiruperai,"1.thenthiruperai (S.G.T.P) North rathaveethni, 2.thenthiruperai
(S.G.T.P) South Street, ward-10, 3.thenthiruperai (S.G.T.P) Kasbha Maveedu pannai, 4.thenthiruperai (S.G.T.P) West Street, 999.OVERSEAS ELECTORS",General,Dravida Munnetra Kazhagam,166,98,68,Bharatiya Janata Party,1,4,2,5,7,7,3,7,6,17.2151898734177,2,42.0253164556962,7.59493670886076,24.8101265822785,0.759493670886076,0.0,0.0,24.3037974683544,0.0,0.506329113924051,3
4,233,54,195,2,0,1,170,0,12,1,1,1,8,667,0,6,673,0,"Panchayat Union Primary School New Building North Portion Ist Room, Thenthiruperai.","1.thenthiruperai (S.G.T.P) PuliamaraStreet, 2.thenthiruperai (S.G.T.P) Arundhathier Street, 3.thenthiruperai (S.G.T.P) Kaliamman Kovil Street, 4.thenthiruperai (S.G.T.P) Yadavar Street,
5.thenthiruperai (S.G.T.P) Thevar Street, 6.thenthiruperai (S.G.T.P) Pillaiyar Kovil Street, 7.thenthiruperai (S.G.T.P) Kurangkani Road,
8.thenthiruperai (S.G.T.P) Arignnar Anna Street, 9.thenthiruperai (S.G.T.P) Mahathma Gandi Road, 10.thenthiruperai (S.G.T.P) Kaleyammankovil Street Ward - 1, 11.thenthiruperai (S.G.T.P) Yadavar Street Santhu -1 Ward - 1, 12.thenthiruperai (S.G.T.P) Yadavar Street Santhu - 2 Ward - 1, 13.thenthiruperai (S.G.T.P) Yadavar Street Santhu - 3 Ward - 1, 14.thenthiruperai (S.G.T.P) Yadavar Street Santhu - 4 Ward - 1, 15.thenthiruperai (S.G.T.P)
Thevar Street - 1 Ward - 6, 999.OVERSEAS ELECTORS",General,Dravida Munnetra Kazhagam,233,195,38,Bharatiya Janata Party,1,4,2,6,8,7,3,8,5,5.69715142428786,12,34.9325337331334,8.095952023988,29.2353823088456,0.299850074962519,0.0,0.149925037481259,25.4872563718141,0.0,1.79910044977511,3
5,175,33,219,1,0,3,185,1,5,0,1,0,3,622,0,2,624,0,"Panchayat Union Primary School New Building Middle Room, Thenthiruperai.","1.thenthiruperai (S.G.T.P) Sundarapandi vinayagar Street,
2.thenthiruperai (S.G.T.P) Sivan Kovil Street, 3.thenthiruperai (S.G.T.P) marthandam pillai Street, 4.thenthiruperai (S.G.T.P) PuduStreet, 5.thenthiruperai (S.G.T.P) TheradiStreet,
6.thenthiruperai (S.G.T.P) Authour road, 7.thenthiruperai (S.G.T.P) Subbiyar Street, 8.thenthiruperai (S.G.T.P) Marthandampillai Santhi South Street, 9.thenthiruperai (S.G.T.P) Merasupillai Street,
10.thenthiruperai (S.G.T.P) Maruthuvar Street -1 Ward - 6,
11.thenthiruperai (S.G.T.P) Maruthuvar Street - 2 Ward - 6,
12.thenthiruperai (S.G.T.P) Pandither nadu Street,
13.thenthiruperai (S.G.T.P) New Athuor road, 14.thenthiruperai (S.G.T.P) Melarathaveethi, 999.OVERSEAS ELECTORS",General,Bharatiya Janata Party,219,185,34,Tamilaga Vettri Kazhagam,3,4,1,7,9,6,2,7,5,5.46623794212219,5,28.1350482315113,5.30546623794212,35.2090032154341,0.160771704180064,0.0,0.482315112540193,29.7427652733119,0.160771704180064,0.803858520900322,3
6,322,69,185,1,1,0,320,1,4,1,0,0,1,903,0,4,907,0,"T.N.D.T.A Primary School, Rajapathi","1.Rajapathy (R.V) And (P) Rajapathy kasbhanorth Block 1,
2.Rajapathy (R.V) And (P) Sethu Subramaniyapuram Block 2,
3.Rajapathy (R.V) And (P) Thiruvela vattam Blocl 3, 4.Rajapathy (R.V) And (P) Rajapathy Naduvoor Southuvoor Block 4, 5.Rajapathy (R.V) And (P) Manathi Melauvoor Block 5, 6.Rajapathy (R.V) And (P) Karavelai Block 6, 7.Rajapathy (R.V) And (P) Karutthankudiruppu Block 1, 8.Rajapathy (R.V) And (P) Manathi keelauvoor Block 5, 999.OVERSEAS ELECTORS",General,Dravida Munnetra Kazhagam,322,320,2,Tamilaga Vettri Kazhagam,1,4,3,6,6,9,2,6,5,0.221483942414175,4,35.6589147286822,7.64119601328904,20.4872646733112,0.110741971207087,0.110741971207087,0.0,35.437430786268,0.110741971207087,0.44296788482835,3
7,222,33,80,1,0,0,214,3,1,0,0,0,1,554,0,2,556,0,"TN.D.T.A Primary School East Portion, Kulaikkangudi Kurukattur","1.Kurukattur (R.V) And (P) Thottiyankudiyiiruppu Block 1,
2.Kurukattur (R.V) And (P) Erandam Pannavellai Block 2,
3.Kurukattur (R.V) And (P) North Kottuor Block 3, 4.Kurukattur (R.V) And (P) Muthuramalingapuram Block 4, 5.Kurukattur (R.V) And (P) Kuttiyalaganoor Block 6, 6.Kurukkaatoor (R.V) And (P) Kurukkaatoor North Street Block 8, 999.OVERSEAS ELECTORS",General,Dravida Munnetra Kazhagam,222,214,8,Tamilaga Vettri Kazhagam,1,4,3,6,8,8,2,5,6,1.44404332129964,1,40.072202166065,5.95667870036101,14.4404332129964,0.180505415162455,0.0,0.0,38.6281588447653,0.541516245487365,0.180505415162455,2
8,215,43,68,0,0,1,192,0,0,0,0,0,0,519,0,2,521,0,"TN.D.T.A Primary School West Portion, Kulaikkangudi Kurukattur","1.Kurukattur (R.V) And (P) Rasaangapuram Block 5, 2.Kurukattur (R.V) And (P) South Kottuor Block 7, 3.Kurukattur (R.V) And (P) Kurukattur Melauvor Block 9, 4.Kurukattur (R.V) And (P) Kurukattur Keelauvor Block 10, 999.OVERSEAS ELECTORS",General,Dravida Munnetra Kazhagam,215,192,23,Tamilaga Vettri Kazhagam,1,4,3,6,6,5,2,6,6,4.43159922928709,0,41.4258188824663,8.28516377649326,13.102119460501,0.0,0.0,0.192678227360308,36.9942196531792,0.0,0.0,2
9,147,25,156,0,0,3,188,1,2,0,0,0,1,522,0,2,524,0,"Panchayat Union Primary School, Keelakalamparai","1.thenthiruperai (S.G.T.P) ManathiKutti Thottam Ward 3,
2.thenthiruperai (S.G.T.P) Mela kallaampaarai, 3.thenthiruperai
(S.G.T.P) Keelakalamparai, 4.thenthiruperai (S.G.T.P) Pandimaar Street, 999.OVERSEAS ELECTORS",General,Tamilaga Vettri Kazhagam,188,156,32,Bharatiya Janata Party,3,4,2,8,8,5,1,7,6,6.13026819923372,2,28.1609195402299,4.78927203065134,29.8850574712644,0.0,0.0,0.574712643678161,36.0153256704981,0.191570881226054,0.383141762452107,3
10,208,36,123,2,0,0,175,0,1,0,1,0,0,545,0,0,545,0,"Panchayat Union Primary School, Mela kadamba","1.thenthiruperai (S.G.T.P) Melakadamba vadakkuoor,
2.thenthiruperai (S.G.T.P) Melakadambha Therkkoor Ward 4,
3.thenthiruperai (S.G.T.P) Muthukrishnapuram, 4.thenthiruperai (S.G.T.P) Kuttakarai, 5.thenthiruperai (S.G.T.P) Sivasubbramaniyapuram, 6.thenthiruperai (S.G.T.P) Annanagar,
7.thenthiruperai (S.G.T.P) Sivasubbramaniyapuramsendhu-1 Ward
- 5, 8.thenthiruperai (S.G.T.P) Siva subramaniyapuram sendhu 2 Ward - 5, 999.OVERSEAS ELECTORS",General,Dravida Munnetra Kazhagam,208,175,33,Tamilaga Vettri Kazhagam,1,4,3,5,7,7,2,7,6,6.05504587155963,1,38.1651376146789,6.60550458715596,22.5688073394495,0.36697247706422,0.0,0.0,32.1100917431193,0.0,0.18348623853211,3
11,443,54,48,0,2,0,221,1,4,2,0,0,0,773,0,5,778,0,"Panchayat Union Middle School West Building,Puraiyoor","1.Puraiyoor (R.V) And (P) Pandaravelaiuvor Block 1, 2.Puraiyoor (R.V) And (P) Alauvkkaran colony Block 1, 3.Puraiyoor (R.V) And (P) Palaniyandi colony Block 1, 4.Puraiyoor (R.V) And (P) Vannar villai Block 1, 5.Puraiyoor (R.V) And (P) Paneermaadan colony Block 1,
6.Puraiyoor (R.V) And (P) Annaiyappa pillai Sathiram block 1,
7.Puraiyoor (R.V) And (P) Melastreet Block 2, 8.Puraiyoor (R.V) And
(P) North Street Block 2, 9.Puraiyoor (R.V) And (P) Odaikkarai Block 2, 10.Puraiyoor (R.V) And (P) ChinaStreet Block 3, 11.Puraiyoor (R.V) And (P) Parather Street BLOCK 3, 12.Puraiyoor (R.V) And (P) KammangkudiStreet BLOCK 3, 13.Puraiyoor (R.V) And (P) Salaiyadi Street Block 5, 14.Puraiyoor (R.V) And (P) Palli Street Block 3,
15.Puraiyur (R.V) And (P) Kattapulitheradu Block 1, 16.Puraiyur
(R.V) And (P) Nettaiyan Colony Block 1, 999.OVERSEAS ELECTORS",General,Dravida Munnetra Kazhagam,443,221,222,Tamilaga Vettri Kazhagam,1,3,4,8,6,8,2,7,5,28.7192755498059,4,57.3091849935317,6.98576972833118,6.20957309184993,0.0,0.258732212160414,0.0,28.5899094437257,0.129366106080207,0.517464424320828,2
12,285,53,66,0,0,3,282,0,0,0,0,0,0,689,0,0,689,0,"Hindu Primary School East Portion, Nazareth","1.Nazareth (S.G.T.P) Valadi Street 1, 2.Nazareth (S.G.T.P)
ValaiyadiStreet 2, 3.Nazareth (S.G.T.P) Valaiyadi Street 3,
4.Nazareth (S.G.T.P) Valaiyadi Street 4, 5.Nazareth (S.G.T.P) Valaiyadi Street 5, 6.Nazareth (S.G.T.P) Valaiyadi Street 6,
7.Nazareth (S.G.T.P) Valaiyadi Street 7, 8.Nazareth (S.G.T.P)
Valaiyadi Street 8,, 999.OVERSEAS ELECTORS",General,Dravida Munnetra Kazhagam,285,282,3,Tamilaga Vettri Kazhagam,1,4,3,6,6,5,2,6,6,0.435413642960813,0,41.3642960812772,7.69230769230769,9.57910014513788,0.0,0.0,0.435413642960813,40.9288824383164,0.0,0.0,2
13,180,21,63,0,0,0,118,1,2,0,1,1,0,385,0,2,387,0,TNDTA PRIMARY SCHOOL SOUTH PORTION AGAPPAIKULAM NAZARETH,"1.Nazareth (S.G.T.P) Agapaikkulam Street 1, 2.Nazareth (S.G.T.P) Agaipaikkulam 12, 3.Nazareth (S.G.T.P) Agaipaikulam Street 11,
4.Nazareth (S.G.T.P) Agaipaikkulam Street 2, 5.Nazareth (S.G.T.P) Agaipaikulam Street 3, 6.Nazareth (S.G.T.P) Agaipaikkulam Street 4, 7.Nazareth (S.G.T.P) Agaipaikulam Steet 5, 8.Nazareth (S.G.T.P) Agaipaikkulam street 6, 9.Nazareth (S.G.T.P) Agaipaikkulam Street 7, 10.Nazareth (S.G.T.P) Agaipaikulam Street 8, 11.Nazareth (S.G.T.P) Agaipaikulam Street 9, 12.Nazareth (S.G.T.P)
Agaipaikkulam Street 10, 999.OVERSEAS ELECTORS",General,Dravida Munnetra Kazhagam,180,118,62,Tamilaga Vettri Kazhagam,1,4,3,7,7,7,2,6,5,16.1038961038961,2,46.7532467532467,5.45454545454545,16.3636363636364,0.0,0.0,0.0,30.6493506493507,0.25974025974026,0.519480519480519,2
14,341,41,11,0,0,2,240,0,1,1,0,0,0,636,0,3,639,0,"Margochis Higher Secondary School Room No 6 Standard XI  B, Nazareth","1.Nazareth (S.G.T.P) Draviyapuram, 2.Nazareth (S.G.T.P)
Brotherton Street, 3.Nazareth (S.G.T.P) Jubilee Street, 4.Nazareth (S.G.T.P) Nattaiar Street, 5.Nazareth (S.G.T.P) East Street,
6.Nasrath (S.G.T.P) Masilas Street Ward 12, 999.OVERSEAS
ELECTORS",General,Dravida Munnetra Kazhagam,341,240,101,Tamilaga Vettri Kazhagam,1,3,4,7,7,5,2,7,6,15.8805031446541,1,53.6163522012579,6.44654088050314,1.72955974842767,0.0,0.0,0.314465408805031,37.7358490566038,0.0,0.157232704402516,2
15,342,26,5,0,0,0,93,0,1,0,1,0,0,467,0,1,468,0,"Margochis Higher Secondary School
Class Room XIA Standard, Nazareth.","1.Nazareth (S.G.T.P) Market street ward 6, 2.Nazareth (S.G.T.P)
Thirumaraiuoor, , 999.OVERSEAS ELECTORS",General,Dravida Munnetra Kazhagam,342,93,249,Tamilaga Vettri Kazhagam,1,3,4,6,6,6,2,6,5,53.3190578158458,1,73.2334047109208,5.56745182012848,1.07066381156317,0.0,0.0,0.0,19.9143468950749,0.0,0.214132762312634,1
16,174,19,6,0,0,0,84,0,0,0,0,0,0,283,0,1,284,0,"Margochis Higher Secondary School Class Room XIIB Standard, Nazareth.","1.Nasrath (S.G.T.P) Y.M.CA Sadukam 1st Street Ward 12,
2.Nasrath (S.G.T.P) Y.M.CA Sadukam 2nd Street Ward 12,
3.Nasrath (S.G.T.P) Y.M.CA Sadukam 3rd Street Ward 12,
4.Nazareth (S.G.T.P) Kanagaraj Street ward 12., 999.OVERSEAS ELECTORS",General,Dravida Munnetra Kazhagam,174,84,90,Tamilaga Vettri Kazhagam,1,3,4,5,5,5,2,5,5,31.8021201413428,0,61.4840989399293,6.71378091872792,2.12014134275618,0.0,0.0,0.0,29.6819787985866,0.0,0.0,2
17,447,44,36,0,0,0,246,1,3,1,0,1,0,777,0,5,782,0,"Margochis Higher Secondary School, XII A Standard, Nazareth","1.Nazareth (S.G.T.P) 2nd kailasapuram street ward 9, 2.Nazareth
(S.G.T.P) 1 Gemar Street, 3.Nazareth (S.G.T.P) Kailasapuram Street, 4.Nazareth (S.G.T.P) Willams Street, 5.Nazareth (S.G.T.P) Lasaras Street, 6.Nazareth (S.G.T.P) Sethirabalan Street,
7.Nazareth (S.G.T.P) Kornelious Street, 8.Nazareth (S.G.T.P) Samual Iyyer Street, 9.Nazareth (S.G.T.P) Hospital Road,
999.OVERSEAS ELECTORS",General,Dravida Munnetra Kazhagam,447,246,201,Tamilaga Vettri Kazhagam,1,3,4,7,7,7,2,6,5,25.8687258687259,3,57.5289575289575,5.66280566280566,4.63320463320463,0.0,0.0,0.0,31.6602316602317,0.128700128700129,0.386100386100386,2
18,203,51,97,1,0,3,275,0,2,0,1,0,0,632,0,2,634,0,"St.Joseph R.C. Primary School East Portion Class Room I and II, Kanthasamypuram, Nazareth","1.Nazareth (S.G.T.P) kandasamypuram First Street, 2.Nazareth
(S.G.T.P) Kandasamypuram 2nd Street, 3.Nazareth (S.G.T.P) Kandasamypuram 3rd Street, 4.Nazareth (S.G.T.P) Thiruvalluvar colony, 999.OVERSEAS ELECTORS",General,Tamilaga Vettri Kazhagam,275,203,72,Dravida Munnetra Kazhagam,2,4,3,7,8,5,1,8,6,11.3924050632911,2,32.120253164557,8.06962025316456,15.3481012658228,0.158227848101266,0.0,0.474683544303797,43.5126582278481,0.0,0.316455696202532,2
19,267,26,48,0,1,0,174,0,2,0,1,0,1,518,0,2,520,0,"St.Joseph R.C. Primary School East Portion Class Room IV and V, Kanthasamypuram","1.Nazareth (S.G.T.P) Vaguthan Kuppam 4th Street, 2.Nazareth
(S.G.T.P) VaguthanKuppam 5th Street, 3.Nazareth (S.G.T.P) Vaguthan Kuppam 6 Street, 4.Nazareth (S.G.T.P) Vaguthan Kuppam 7th Street, 5.Nazareth (S.G.T.P) Vaguthan Kuppam Road, 999.OVERSEAS ELECTORS",General,Dravida Munnetra Kazhagam,267,174,93,Tamilaga Vettri Kazhagam,1,4,3,7,6,7,2,7,5,17.9536679536679,2,51.5444015444015,5.01930501930502,9.26640926640927,0.0,0.193050193050193,0.0,33.5907335907336,0.0,0.386100386100386,2
20,223,16,40,0,1,0,189,0,2,0,0,0,2,471,0,2,473,0,"St Joseph RC Primary School West
Portion Class Room I and II Kanthasamypuram, Nazareth","1.Nazareth (S.G.T.P) Mill Road, 2.Nazareth (S.G.T.P) Manikkavasakepuram Ward - 11, 999.OVERSEAS ELECTORS",General,Dravida Munnetra Kazhagam,223,189,34,Tamilaga Vettri Kazhagam,1,4,3,7,6,7,2,7,5,7.21868365180467,2,47.3460721868365,3.39702760084926,8.49256900212314,0.0,0.212314225053079,0.0,40.1273885350318,0.0,0.424628450106157,2
21,310,54,164,5,0,1,352,2,3,1,0,1,0,891,0,4,895,0,"St. Joseph R.C Primary School West
Portion Standard 4 Class Room, Kanthasamypuram, Nazareth","1.Nazareth (S.G.T.P) Bethaniya nagar, 2.Nazareth (S.G.T.P) Maninagar, , 999.OVERSEAS ELECTORS",General,Tamilaga Vettri Kazhagam,352,310,42,Dravida Munnetra Kazhagam,2,4,3,5,9,8,1,7,6,4.71380471380471,3,34.7923681257015,6.06060606060606,18.4062850729517,0.561167227833894,0.0,0.112233445566779,39.5061728395062,0.224466891133558,0.336700336700337,3
22,263,22,21,0,0,0,139,0,1,0,0,0,0,446,0,2,448,0,"T.N.D.T.A Kaspa Primary School, East Building, Thasan street, Nazareth.","1.Nazareth (S.G.T.P) Sanathi Street, 2.Nazareth (S.G.T.P) ethan Street, 3.Nazareth (S.G.T.P) Dosan Street, 4.Nazareth (S.G.T.P) Rani Queen Street, 5.Nazareth (S.G.T.P) Petter Street, 6.Nazareth (S.G.T.P) Kalanjiyam, 7.Nazareth (S.G.T.P) Stayply Street,
8.Nazareth (S.G.T.P) Jubilee Street, 999.OVERSEAS ELECTORS",General,Dravida Munnetra Kazhagam,263,139,124,Tamilaga Vettri Kazhagam,1,3,4,6,6,6,2,6,5,27.8026905829596,1,58.9686098654709,4.93273542600897,4.7085201793722,0.0,0.0,0.0,31.1659192825112,0.0,0.224215246636771,2
23,215,41,12,0,0,0,139,1,4,1,0,1,0,412,0,0,412,0,"T.N.D.T.A Kaspa Primary School South
Building, West portion, Thasan street, Nazareth.","1. Nazareth (S.P) Kovil Street 2) Nazareth (S.G.T.P) Immanual
Street, 3) .Nazareth (S.G.T.P) Asirwathapuram,, 999.OVERSEAS ELECTORS",General,Dravida Munnetra Kazhagam,215,139,76,Tamilaga Vettri Kazhagam,1,3,4,7,7,7,2,6,5,18.4466019417476,4,52.1844660194175,9.95145631067961,2.9126213592233,0.0,0.0,0.0,33.7378640776699,0.242718446601942,0.970873786407767,2
24,238,27,56,1,1,0,179,0,1,0,0,0,1,503,0,1,504,0,"Dr.MaduramT.N.T.A Kaspa Middle School South Building North Side,Nazareth.","1.Nazareth (S.G.T.P) DenialStreet, 2.Nazareth (S.G.T.P) Samuel
Street, 3.Nasarath(S.G.T.P) Samu gnaana Vilas Street Ward 15
4.Nazareth (S.G.T.P) Moses Street Ward 16, 999.OVERSEAS ELECTORS",General,Dravida Munnetra Kazhagam,238,179,59,Tamilaga Vettri Kazhagam,1,4,3,5,5,8,2,8,5,11.7296222664016,1,47.3161033797217,5.36779324055666,11.1332007952286,0.198807157057654,0.198807157057654,0.0,35.5864811133201,0.0,0.198807157057654,2
25,159,32,100,1,1,1,214,0,0,0,0,0,0,508,0,1,509,0,"Dr.MaduramT.N.T.A Kaspa Middle
School North Building North Side, Nazareth.","1.Nazareth (S.G.T.P) Viayabarikal Street, 2.Nazareth (S.G.T.P)
Packyapuram, 3.Nazareth (S.G.T.P) 2th Isack Street,, 999.OVERSEAS ELECTORS",General,Tamilaga Vettri Kazhagam,214,159,55,Dravida Munnetra Kazhagam,2,4,3,5,5,5,1,8,8,10.8267716535433,0,31.2992125984252,6.2992125984252,19.6850393700787,0.196850393700787,0.196850393700787,0.196850393700787,42.1259842519685,0.0,0.0,2
26,229,30,51,1,0,0,166,0,0,0,0,0,0,477,0,1,478,0,"St. Mariannai Middle School, Room 5, Prakasapuram, Nazareth.","1.Nazareth (S.G.T.P) Prakasapuram 1 Street Ward 3, 2.Nazareth
(S.G.T.P) Prakasapuram 2nd Street Ward 3, 3.Nazareth (S.G.T.P) Prakasapuram 3rd Street Ward 3, 4.Nazerath Prakasapuram 4m Street Ward 3, 5.Nazarath (S.G.T.P) Prakasapuram 5th Street Ward 18, 6.Nazarath (S.G.T.P) Prakasapuram Ward 3, 999.OVERSEAS ELECTORS",General,Dravida Munnetra Kazhagam,229,166,63,Tamilaga Vettri Kazhagam,1,4,3,5,6,6,2,6,6,13.2075471698113,0,48.0083857442348,6.28930817610063,10.6918238993711,0.209643605870021,0.0,0.0,34.8008385744235,0.0,0.0,2
27,203,30,46,2,1,0,162,0,1,0,0,0,0,445,0,1,446,0,"St. Mariannai Middle School, Room No.3, Parakasapuram, Nazareth.","1.Nazareth (S.G.T.P) Vinayagar Street Ward 18, 2.Nazareth
(S.G.T.P) JeyapandianStreet Ward 18, 3.Nazareth (S.G.T.P) Margoschis Street Ward 18, , 4.Nazareth (S.G.T.P) First Isack Street, 5.Nazareth (S.G.T.P) Margoschis Road Ward 16, 6.Nazarath (S.G.T.P) N.T.N Street 1st Lane Ward 18, 999.OVERSEAS
ELECTORS",General,Dravida Munnetra Kazhagam,203,162,41,Tamilaga Vettri Kazhagam,1,4,3,5,6,8,2,8,6,9.21348314606742,1,45.6179775280899,6.74157303370786,10.3370786516854,0.449438202247191,0.224719101123595,0.0,36.4044943820225,0.0,0.224719101123595,2
28,144,30,127,15,0,2,201,0,2,1,0,0,0,521,0,0,521,0,"James Memorial Metriculation. Hr.Sec. of S.D.A. School, Elementry Section Building, IV th Room, Prakasapuram","1.Nazareth (S.G.T.P) Velarikkuoorani Pudu Street, 2.Nazareth
(S.G.T.P) Velarikkaiyoorani New Street 2 Street, 3.Nazareth (S.G.T.P) Velarikkaiuorani Pudu Street 3rd street, 4.Nazareth (S.G.T.P) Velarikkaiuoorani Pudutheru 4th Street, 5.Nazareth (S.G.T.P) Velarikkaiuoorani Pudutheru 5th Street, 6.Nazareth (S.G.T.P) Prakasapuram First Street, 7.Nazareth (S.G.T.P) Prakasapuram second Street, 999.OVERSEAS ELECTORS",General,Tamilaga Vettri Kazhagam,201,144,57,Dravida Munnetra Kazhagam,2,4,3,5,8,6,1,8,6,10.9404990403071,2,27.6391554702495,5.75815738963532,24.3761996161228,2.87907869481766,0.0,0.383877159309021,38.5796545105566,0.0,0.383877159309021,0
29,178,30,35,1,1,0,127,0,1,0,0,0,0,373,0,0,373,0,"JAMES MEMORIAL MATRICULATION HR.SEC.OF S.D.A. SCHOOL Elementry
section building III Room prakasapuram","1.Nazareth (S.G.T.P) Prakasapuram 3rd Street, 2.Nazareth (S.G.T.P) Prakasapuram 4th Street, 3.Nazareth (S.G.T.P) Prakasapuram 5th Street, 4.Nazareth (S.G.T.P) Prakasapuram 6th Street Block 2,
5.Nazareth (S.G.T.P) Prakasapuram 7th Street Block 2, 6.Nazareth (S.G.T.P) Prakasapuram 8th Street Block 2, 7.Nazareth (S.G.T.P) Prakasapuram 1st Street Block 1, 8.Nazareth (S.G.T.P) Prakasapuram 2nd Street Block 1, 999.OVERSEAS ELECTORS",General,Dravida Munnetra Kazhagam,178,127,51,Tamilaga Vettri Kazhagam,1,4,3,5,5,8,2,8,5,13.6729222520107,1,47.7211796246649,8.04289544235925,9.38337801608579,0.268096514745308,0.268096514745308,0.0,34.0482573726542,0.0,0.268096514745308,2
30,193,35,18,0,2,1,169,1,0,0,0,0,0,419,0,2,421,0,"Eka Ratchakar Sabai Middle School East
Building, South portion, (Ground Floor), Mookkuperi.","1.Mookkuperi (R.V) And (p) South street block 8, 2.Mookkuperi
(R.V) And (P) Kovil Street Block 9, 3.Mookkuperi (R.V) And (P) Old Post Office Street Block 10, , 999.OVERSEAS ELECTORS",General,Dravida Munnetra Kazhagam,193,169,24,Tamilaga Vettri Kazhagam,1,3,4,8,5,6,2,6,8,5.72792362768496,0,46.0620525059666,8.35322195704057,4.29594272076372,0.0,0.477326968973747,0.238663484486873,40.3341288782816,0.238663484486873,0.0,2
31,265,61,62,5,0,2,352,0,1,0,0,1,0,748,0,2,750,0,"Eka Ratchakar Sabai Middle School East
Building North Portion (Ground Floor) West Side, Mookkuperi.","1. Mookkuperi (R.V) And (P) Gnanarajnagar Post Office Street
BLock 11, 2.Mookkuperi (R.V) And (P) Chithar Street Block 12, 999.OVERSEAS ELECTORS",General,Tamilaga Vettri Kazhagam,352,265,87,Dravida Munnetra Kazhagam,2,4,3,5,8,6,1,8,7,11.6310160427808,1,35.427807486631,8.15508021390374,8.28877005347594,0.668449197860963,0.0,0.267379679144385,47.0588235294118,0.0,0.133689839572192,2
32,204,31,15,0,0,0,149,0,0,0,0,0,0,399,0,1,400,0,"St. Marks Higher Secondary School Middle Building East Portion (Class XI B), Mookkuperi.","1.Mookkuberi(R.V) And (p) Mookkuberi block 1, 2.Mookkuberi (R.V)
And (P) Mookkuberi Block 2, 3.Mookkuperi (R.V) And (P) Mookkuperi Block 3, 4.Mookkuperi (R.V) And (P) Santhainagar Block 4, , 999.OVERSEAS ELECTORS",General,Dravida Munnetra Kazhagam,204,149,55,Tamilaga Vettri Kazhagam,1,3,4,5,5,5,2,5,5,13.7844611528822,0,51.1278195488722,7.76942355889724,3.7593984962406,0.0,0.0,0.0,37.34335839599,0.0,0.0,2
33,208,41,52,1,0,0,210,0,1,0,1,0,0,513,0,3,516,0,"St. Marks Higher Secondary School
Middle Building West Portion (Class XI  D
), Mookkuperi.","1.Mookkuperi (R.V) And (P) Oyyankudi Block 5, 2.Mookkuperi (R.V)
And (P) Mookkuperi Block 6, 3.Mookkupeeri (R.V) And (P) Mookkupeeri Block 7, 999.OVERSEAS ELECTORS",General,Tamilaga Vettri Kazhagam,210,208,2,Dravida Munnetra Kazhagam,2,4,3,5,7,7,1,7,5,0.389863547758285,1,40.5458089668616,7.99220272904483,10.1364522417154,0.194931773879142,0.0,0.0,40.9356725146199,0.0,0.194931773879142,2
34,241,47,51,0,0,1,157,1,0,0,0,0,0,498,0,2,500,0,"Asoka Vidhyalaya Middle School Central Portion VII th Standard Room, Kachinavillai.","1.kachanavilai (R.V) And (P) kachanavilai Block 16,
2.kachanavilai(R.V) And (P) kachanavilai Block 17, 3.kachanavilai (R.V) And (P) Pattakkarai Block 18, 4.kachanavilai (R.V) And (P) Pattakkarai Block 19, 5.kachanavilai (R.V) And (P) Pattiakarai Block 20, 999.OVERSEAS ELECTORS",General,Dravida Munnetra Kazhagam,241,157,84,Tamilaga Vettri Kazhagam,1,4,3,7,7,5,2,5,7,16.8674698795181,0,48.3935742971888,9.43775100401606,10.2409638554217,0.0,0.0,0.200803212851406,31.5261044176707,0.200803212851406,0.0,2
35,174,25,50,0,0,2,164,0,1,1,0,0,0,416,0,0,416,0,"Asoka Vidhyalaya Middle School, West Portion, Kachinavillai.","1.kachanavilai (R.V) And (P) Ramalingapuram Block 12,
2.kachanavilai (R.V) And (P) Punnaiyadi Block 13, 3.kachanavilai (R.V) And (P) Neivelai Block 14, 4.kachanavilai (R.V) And (P) Neivelai Block 15, 999.OVERSEAS ELECTORS",General,Dravida Munnetra Kazhagam,174,164,10,Tamilaga Vettri Kazhagam,1,4,3,7,7,5,2,7,6,2.40384615384615,1,41.8269230769231,6.00961538461539,12.0192307692308,0.0,0.0,0.480769230769231,39.4230769230769,0.0,0.240384615384615,2
36,238,55,120,3,1,4,338,0,1,0,1,0,0,760,0,2,762,0,"Grama Panchayat Sevai Maiyam,Idaiyanvilai","1.kachanavilai (R.V) And (P) Vadalivilai Block 1, 2.kachanavilai (R.V) And (P) Vadalivelai Block 2, 3.kachanavilai (R.V) And (P) Thandaiyarvelai Block 3, 4.kachanavilai (R.V) And (P) Puraiyoor Block 4, 5.kachanavilai (R.V) And (P) Puraiuoor Mohamediar street Block 5, 6.kachanavilai (R.V) And (P) Kannivillai, NallanvillaiBlock 7, 7.kachanavilai (R.V) And (P) Kattaiyanoor Block 8,
8.kachanavilai (R.V) And (P) Idaiyanvelai Block 9, 9.kachanavilai (R.V) And (P) Idaiyanvelai Block 10, 10.kachanavilai (R.V) And (P) Savarimuthu nadar Kudiruppa Block 11, 11.kachanavilai (R.V) And
(P) Shanmukapuram Block 6, 999.OVERSEAS ELECTORS",General,Tamilaga Vettri Kazhagam,338,238,100,Dravida Munnetra Kazhagam,2,4,3,6,7,5,1,9,7,13.1578947368421,1,31.3157894736842,7.23684210526316,15.7894736842105,0.394736842105263,0.131578947368421,0.526315789473684,44.4736842105263,0.0,0.131578947368421,2
37,373,53,82,4,0,1,276,5,3,0,0,1,1,797,0,7,804,0,"Panchayat Union Primary school, East Building, Sethukuvaithan.","1.Sethuku vaithan (R.V) And (P) Musulim Street Block 2,
2.Sethukku vaithan (R.V) And (P) Musleem mela street, parather
street, sasthaingkovil street block 3, 3.Sethukuvaithan (R.V) And
(P) Chokkapplamkarai block 6, 999.OVERSEAS ELECTORS",General,Dravida Munnetra Kazhagam,373,276,97,Tamilaga Vettri Kazhagam,1,4,3,6,9,8,2,5,7,12.1706398996236,3,46.8005018820577,6.64993726474278,10.2885821831869,0.501882057716437,0.0,0.125470514429109,34.6298619824341,0.627352572145546,0.376411543287328,2
38,218,50,111,2,1,1,269,2,4,1,1,0,1,658,0,4,662,0,"St.Xavier Middle School, Anto Hall, Sethukuvaithan.","1.Sethukkuvaithan (R.V) And (P) Sethukkuvaithan keelastreet
block 1, 2.Sethukkuvaithan (R.V) And (P) Nedungaraipunthottam block 5, 999.OVERSEAS ELECTORS",General,Tamilaga Vettri Kazhagam,269,218,51,Dravida Munnetra Kazhagam,2,4,3,6,8,8,1,6,5,7.75075987841945,4,33.1306990881459,7.59878419452887,16.8693009118541,0.303951367781155,0.151975683890578,0.151975683890578,40.8814589665653,0.303951367781155,0.60790273556231,3
39,232,39,31,0,2,3,230,0,1,0,0,1,0,538,0,1,539,0,"St.Xavier Middle School, West side
Building, Sethukuvaithan","1.Sethukkuvaithan (R.V) And (P) Nadar street pudunagar block4,
999.OVERSEAS ELECTORS",General,Dravida Munnetra Kazhagam,232,230,2,Tamilaga Vettri Kazhagam,1,3,4,8,6,5,2,8,7,0.371747211895911,1,43.1226765799257,7.24907063197026,5.76208178438662,0.0,0.371747211895911,0.557620817843866,42.7509293680297,0.0,0.185873605947955,2
40,214,48,122,2,0,4,416,0,1,1,0,0,0,807,0,1,808,0,"Panchayat Union Primaryschool Eastern South side Building, Mela Authoor","1.Mela Authoor (R.V) And (P) Kuchikadu block 1, 999.OVERSEAS ELECTORS",General,Tamilaga Vettri Kazhagam,416,214,202,Dravida Munnetra Kazhagam,2,4,3,6,8,5,1,8,7,25.0309789343247,1,26.5179677819083,5.94795539033457,15.1177199504337,0.247831474597274,0.0,0.495662949194548,51.5489467162329,0.0,0.123915737298637,2
41,195,59,261,2,0,1,214,0,1,0,0,1,0,733,0,2,735,0,"Anganwadi Center Eastern side Building, North Portion, Mela Authoor.","1.Mela Authoor (R.V) And (P) Mela Mela Authoor block 3, 2.Mela
Authoor (R.V) And (P) Mela Authoor block 4, 3.Mela Authoor (R.V) And (P) Punnaisathan kurichi block 5, 4.Mela Authoor (R.V) And (P) Subramaniyapuram block 999.OVERSEAS ELECTORS",General,Bharatiya Janata Party,261,214,47,Tamilaga Vettri Kazhagam,3,4,1,5,8,6,2,8,6,6.41200545702592,1,26.6030013642565,8.04911323328786,35.6070941336971,0.272851296043656,0.0,0.136425648021828,29.1950886766712,0.0,0.136425648021828,3
42,221,65,146,4,0,4,360,2,2,0,0,1,0,804,0,2,806,0,"R,C. Primary school West Side, Koluvainallur, Mela Authoor.","1.MelAuthoor (R.V) And (P) Koluvainallur nadar street block 11,
2.Mela Authoor (R.V) And (P) Koluvainallur parather street block 12, 3.Mela Authoor (R.V) And (P) Koluvainallur thevar street block 13,, 999.OVERSEAS ELECTORS",General,Tamilaga Vettri Kazhagam,360,221,139,Dravida Munnetra Kazhagam,2,4,3,5,9,5,1,7,7,17.2885572139303,2,27.4875621890547,8.08457711442786,18.1592039800995,0.497512437810945,0.0,0.497512437810945,44.7761194029851,0.248756218905473,0.248756218905473,3
43,199,11,37,0,0,1,136,1,0,0,0,0,0,385,0,2,387,0,"R.C. Primaryschool East Side,
KoluvaiNallur, Mela Authoor.","1. Mela Authoor (R.V) And (P) Narasinghanvillai block 14,
999.OVERSEAS ELECTORS",General,Dravida Munnetra Kazhagam,199,136,63,Tamilaga Vettri Kazhagam,1,4,3,7,7,5,2,5,7,16.3636363636364,0,51.6883116883117,2.85714285714286,9.61038961038961,0.0,0.0,0.25974025974026,35.3246753246753,0.25974025974026,0.0,2
44,647,12,7,1,0,1,89,1,3,2,0,0,1,761,0,5,766,0,"Panchayat Union Middle school
Pallivasal north Building South facing East side,South Authoor.","1.Mela Authoor (R.V) And (P) Musleem melastreet block 6, 2.Mela
Authoor (R.V) And (P) Musleem keelastreet block 7, 999.OVERSEAS ELECTORS",General,Dravida Munnetra Kazhagam,647,89,558,Tamilaga Vettri Kazhagam,1,3,4,6,9,6,2,6,5,73.3245729303548,3,85.0197109067017,1.57687253613666,0.919842312746386,0.131406044678055,0.0,0.131406044678055,11.6951379763469,0.131406044678055,0.394218134034166,1
45,206,50,167,6,1,2,340,1,2,0,0,1,0,775,0,1,776,0,"Panchayat Union Middle school
Pallivasal north Building South facing West side,South Authoor.","1.Mela Authoor (R.V) And (P) Moopanar street block 8, 2.Mela
Authoor (R.V) And (P) Thevar street block 9, 3.Mela Authoor (R.V) And (P) Nadar street block 10, 999.OVERSEAS ELECTORS",General,Tamilaga Vettri Kazhagam,340,206,134,Dravida Munnetra Kazhagam,2,4,3,5,8,6,1,8,6,17.2903225806452,2,26.5806451612903,6.45161290322581,21.5483870967742,0.774193548387097,0.129032258064516,0.258064516129032,43.8709677419355,0.129032258064516,0.258064516129032,3
46,97,22,143,3,0,0,177,1,1,0,0,0,1,444,0,3,447,0,"Government Higher Secondary School , Ist Building X th Standard Room, Authoor.","1.Authoor (S.G.T.P) South car street ward 5, 2.Authoor (S.G.T.P)
Old village ward 5, 3.Authoor (S.G.T.P) West car street ward 5,
4.Authoor (S.G.T.P) Mariamman kovil street ward 8, 999.OVERSEAS ELECTORS",General,Tamilaga Vettri Kazhagam,177,143,34,Bharatiya Janata Party,3,4,2,5,8,8,1,6,6,7.65765765765766,1,21.8468468468468,4.95495495495495,32.2072072072072,0.675675675675676,0.0,0.0,39.8648648648649,0.225225225225225,0.225225225225225,3
47,155,29,100,0,1,2,243,0,5,1,2,0,1,535,0,2,537,0,"Government Higher Secondary School
East BuildingWest facing Middle portion side Authoor.","1.Authoor (S.G.T.P) North car street ward 8, 2.Authoor (S.G.T.P) Puliadi street ward 8, 999.OVERSEAS ELECTORS",General,Tamilaga Vettri Kazhagam,243,155,88,Dravida Munnetra Kazhagam,2,4,3,8,7,6,1,8,5,16.4485981308411,5,28.9719626168224,5.42056074766355,18.6915887850467,0.0,0.186915887850467,0.373831775700935,45.4205607476636,0.0,0.934579439252336,2
48,182,37,131,0,0,1,225,1,1,0,1,0,0,578,0,5,583,0,"Government Higher Secondary School ,
West Building, South side, East Facing , Authoor.","1.Authoor (S.G.T.P) Mela street ward, 2.Authoor (S.G.T.P)
Mudukkuth streetward 6, 3.Authoor (S.G.T.P) First Santhai street ward, , 999.OVERSEAS ELECTORS",General,Tamilaga Vettri Kazhagam,225,182,43,Dravida Munnetra Kazhagam,2,4,3,8,8,5,1,5,5,7.43944636678201,1,31.4878892733564,6.40138408304498,22.6643598615917,0.0,0.0,0.173010380622837,38.9273356401384,0.173010380622837,0.173010380622837,3
49,104,25,88,0,0,1,139,1,0,0,0,0,0,358,0,2,360,0,"Govt.Hr. sec. school, East Building,North side,West Facing , Authoor.","1. Authoor (S.G.T.P) Keelaratha veethi ward 12, 9, 999.OVERSEAS ELECTORS",General,Tamilaga Vettri Kazhagam,139,104,35,Dravida Munnetra Kazhagam,2,4,3,7,7,5,1,5,7,9.77653631284916,0,29.0502793296089,6.98324022346369,24.5810055865922,0.0,0.0,0.279329608938548,38.8268156424581,0.279329608938548,0.0,3
50,466,16,2,0,0,0,161,3,0,0,0,0,0,648,0,0,648,0,"Govt. Hr. sec school West New building
class VIth standard North Portion, Authoor.","1.Authoor (S.G.T.P) Attankarai street ward 13, 2.Authoor (S.G.T.P) Muslimwest street ward 14, 999.OVERSEAS ELECTORS",General,Dravida Munnetra Kazhagam,466,161,305,Tamilaga Vettri Kazhagam,1,3,5,6,6,6,2,4,6,47.0679012345679,0,71.9135802469136,2.46913580246914,0.308641975308642,0.0,0.0,0.0,24.8456790123457,0.462962962962963,0.0,1
51,300,12,5,0,0,0,66,0,2,1,0,0,0,385,0,2,387,0,"Govt. Hr. sec school East Building South side, Authoor.","1.Authoor (S.G.T.P) Kulattankarai Street Ward 15, 2.Authoor
(S.G.T.P) Peria street ward 15, 3.Authoor (S.G.T.P) Rahman street ward 15, 999.OVERSEAS ELECTORS",General,Dravida Munnetra Kazhagam,300,66,234,Tamilaga Vettri Kazhagam,1,3,4,6,6,6,2,6,5,60.7792207792208,2,77.9220779220779,3.11688311688312,1.2987012987013,0.0,0.0,0.0,17.1428571428571,0.0,0.519480519480519,1
52,210,46,110,1,0,1,289,0,0,0,0,0,0,657,0,2,659,0,"Shunmuga Sundara Nadar Primary School, West Building, North portion, Authoor.","1) Authoor (S.G.T.P) Maraikayer street ward 10 2) Authoor (S.G.T.P)
Pettai street ward 11 3) Authoor (S.G.T.P) Keelamuttharamman koil street ward 11 4) Authoor (S.G.T.P) Barather street ward 11 5) Authoor (S.G.T.P) Senaiarstreet ward 11, 999.OVERSEAS ELECTORS.",General,Tamilaga Vettri Kazhagam,289,210,79,Dravida Munnetra Kazhagam,2,4,3,5,7,5,1,7,7,12.0243531202435,0,31.9634703196347,7.00152207001522,16.7427701674277,0.15220700152207,0.0,0.15220700152207,43.9878234398782,0.0,0.0,2
53,173,38,143,0,0,4,244,0,7,1,0,0,3,609,0,2,611,0,"Shunmuga Sundara Nadar Primary School, West Building, South Portion, Authoor.","1) Authoor (S.G.T.P) Muttharammankoil street ward 10 2) Authoor
(S.G.T.P) Maruthuvar street ward 11 3) Authoor (S.G.T.P) Thalavaisamy koil theru ward11 4) Authoor (S.G.T.P) Punnakayel road ward 12 5) Authoor (S.G.T.P) Yathavar street ward 13,
999.OVERSEAS ELECTORS",General,Tamilaga Vettri Kazhagam,244,173,71,Dravida Munnetra Kazhagam,2,4,3,7,7,6,1,7,5,11.6584564860427,7,28.4072249589491,6.23973727422003,23.4811165845649,0.0,0.0,0.656814449917898,40.0656814449918,0.0,1.14942528735632,3
54,164,37,197,0,1,1,188,1,1,0,0,0,0,590,0,1,591,0,"Hindu Primary School, Keeranoor.","1.Authoor (S.G.T.P) Keela Keeranur Ward2, 2.Authoor (S.G.T.P)
Keeranur ward 4, 999.OVERSEAS ELECTORS",General,Bharatiya Janata Party,197,188,9,Tamilaga Vettri Kazhagam,3,4,1,9,5,5,2,5,5,1.52542372881356,1,27.7966101694915,6.27118644067797,33.3898305084746,0.0,0.169491525423729,0.169491525423729,31.864406779661,0.169491525423729,0.169491525423729,3
55,211,95,176,7,0,3,380,2,2,0,0,2,0,876,0,2,878,0,"Panchayat Union Primary School ,South
Building, Thalaivanvadali.","1.Authoor (S.G.T.P) Thalaivanvadali ward 2, 999.OVERSEAS
ELECTORS",General,Tamilaga Vettri Kazhagam,380,211,169,Dravida Munnetra Kazhagam,2,4,3,5,9,6,1,7,7,19.2922374429224,2,24.0867579908676,10.8447488584475,20.0913242009132,0.799086757990868,0.0,0.342465753424658,43.37899543379,0.228310502283105,0.228310502283105,3
56,104,52,153,2,0,1,311,0,3,0,0,1,0,626,0,1,627,0,"Panchayat Union Middle School ,S.S.A Building, Avaraiuoor","1.Authoor (S.G.T.P) Puthunagar Ward 1, 2.Authoor (S.G.T.P)
Avaraiur Ward 1, 3.Authoor (S.G.T.P) Thalaivanvadali, 999.OVERSEAS ELECTORS",General,Tamilaga Vettri Kazhagam,311,153,158,Bharatiya Janata Party,3,4,2,6,8,7,1,8,5,25.2396166134185,3,16.6134185303514,8.30670926517572,24.4408945686901,0.319488817891374,0.0,0.159744408945687,49.6805111821086,0.0,0.479233226837061,3
57,182,37,149,0,0,1,311,1,2,0,1,0,0,683,0,3,686,0,"St.Michael R.C. Middle School ,North
building ,Eastern Portion, Sernthamangalam.","1.Sernthamangalam (R.V) And (P) Sernthamangalam kasba block 1, 999.OVERSEAS ELECTORS",General,Tamilaga Vettri Kazhagam,311,182,129,Dravida Munnetra Kazhagam,2,4,3,8,8,6,1,6,5,18.887262079063,2,26.6471449487555,5.41727672035139,21.8155197657394,0.0,0.0,0.146412884333821,45.5344070278185,0.146412884333821,0.292825768667643,2
58,135,23,84,13,0,0,264,1,0,0,0,0,0,520,0,0,520,0,"St.Michael R.C. Middle School ,North building ,Western Portion, Sernthamangalam.","1.Sernthamangalam (R.V) And (P) Parather street block 2,
2.Sernthamangalam (R.V) And (P) Maravar street block 3,
3.Serntha poo Mangalam(R.V), Mukkani (P) Serntha poo Mangalam Block 11, 999.OVERSEAS ELECTORS",General,Tamilaga Vettri Kazhagam,264,135,129,Dravida Munnetra Kazhagam,2,4,3,5,7,7,1,6,7,24.8076923076923,0,25.9615384615385,4.42307692307692,16.1538461538461,2.5,0.0,0.0,50.7692307692308,0.192307692307692,0.0,0
59,100,54,83,1,0,2,176,1,1,0,0,1,0,418,0,0,418,0,"Panchayat Union Primary School,
Selvanputhiyanoor.","1.Sernthamangalam (R.V) And (P) Kumarapannaiur
selvanpuduyanur block 4, 999.OVERSEAS ELECTORS",General,Tamilaga Vettri Kazhagam,176,100,76,Dravida Munnetra Kazhagam,2,4,3,6,9,5,1,6,6,18.1818181818182,1,23.9234449760766,12.9186602870813,19.8564593301435,0.239234449760765,0.0,0.478468899521531,42.1052631578947,0.239234449760765,0.239234449760765,3
60,164,42,17,1,0,0,236,0,1,0,0,0,0,461,0,0,461,0,"St.Joseph Hr.Sec.School West Building
Middle Room, North Side Punnakayal.","1.Punnakayal (R.V) And (P) South street block 1(Door No 01-79),
999.OVERSEAS ELECTORS",General,Tamilaga Vettri Kazhagam,236,164,72,Dravida Munnetra Kazhagam,2,3,4,5,7,7,1,7,5,15.6182212581345,1,35.5748373101952,9.11062906724512,3.68763557483731,0.216919739696312,0.0,0.0,51.1930585683297,0.0,0.216919739696312,2
61,196,25,24,0,0,0,288,0,0,0,0,0,0,533,0,1,534,0,"St.Joseph Hr. Sec.School West Building Middle Room, South Side Punnakayal.","1.Punnakayal (R.V) And (P) South street block 1 ( Door No.79-797), 999.OVERSEAS ELECTORS",General,Tamilaga Vettri Kazhagam,288,196,92,Dravida Munnetra Kazhagam,2,3,4,5,5,5,1,5,5,17.2607879924953,0,36.7729831144465,4.69043151969981,4.50281425891182,0.0,0.0,0.0,54.0337711069418,0.0,0.0,2
62,182,17,38,0,0,4,489,1,0,0,0,0,0,731,0,0,731,0,"St. Joseph Hr.Sec. School West portion,
Punnakayal.","1.Punnakayal (R.V) And (P) North street block 3, 999.OVERSEAS
ELECTORS",General,Tamilaga Vettri Kazhagam,489,182,307,Dravida Munnetra Kazhagam,2,4,3,7,7,5,1,6,7,41.9972640218878,0,24.8974008207934,2.32558139534884,5.19835841313269,0.0,0.0,0.547195622435021,66.8946648426813,0.136798905608755,0.0,2
63,144,16,19,0,0,1,320,1,0,0,0,0,0,501,0,1,502,0,"St. Joseph Hr. Sec. School East portion,
Punnakayal.","1.Punnakayal (R.V) And (P) Ponmanicka street block 4 Door no 1 to
50, 999.OVERSEAS ELECTORS",General,Tamilaga Vettri Kazhagam,320,144,176,Dravida Munnetra Kazhagam,2,4,3,7,7,5,1,5,7,35.1297405189621,0,28.7425149700599,3.1936127744511,3.79241516966068,0.0,0.0,0.199600798403194,63.872255489022,0.199600798403194,0.0,2
64,131,11,29,1,0,0,226,4,3,0,1,0,2,405,0,2,407,0,"St Xaviers Nursery and primary School
East building west facing north side Punnaikayal","1.Punnakayal (R.V) And (P) Ponmanicka street block 4 Above Door no.50, 999.OVERSEAS ELECTORS",General,Tamilaga Vettri Kazhagam,226,131,95,Dravida Munnetra Kazhagam,2,4,3,7,8,8,1,5,6,23.4567901234568,3,32.3456790123457,2.71604938271605,7.16049382716049,0.246913580246914,0.0,0.0,55.8024691358025,0.987654320987654,0.740740740740741,2
65,218,15,9,0,0,1,323,1,0,0,0,0,0,567,0,0,567,0,"St. Joseph Primary School, West Portion
South Building, North Portion, Punnakayal.","1.Punnakayal (R.V) And (P) South street (iruthayapuram, bowlanagr ) Block 1, 999.OVERSEAS ELECTORS",General,Tamilaga Vettri Kazhagam,323,218,105,Dravida Munnetra Kazhagam,2,3,4,7,7,5,1,5,7,18.5185185185185,0,38.4479717813051,2.64550264550265,1.58730158730159,0.0,0.0,0.17636684303351,56.9664902998236,0.17636684303351,0.0,2
66,298,37,28,1,0,1,572,0,2,0,0,0,0,939,0,5,944,0,"St. Joseph Primary School, Eastern
Portion, South Building, Punnakayal","1.Punnakkayal (R.V) And (P) Nooruveedu block 1, 999.OVERSEAS
ELECTORS",General,Tamilaga Vettri Kazhagam,572,298,274,Dravida Munnetra Kazhagam,2,3,4,6,8,6,1,8,5,29.1799787007455,2,31.7358892438765,3.94036208732694,2.98189563365282,0.106496272630458,0.0,0.106496272630458,60.9158679446219,0.0,0.212992545260916,2
67,175,24,25,0,0,1,291,0,0,0,0,0,0,516,0,0,516,0,"St. Marys Middle school, North side,
Class IInd Standard, Punnakayal","1.Punnakayal (R.V) And (P) Melastreet block 2 (Door No. 01-64),
999.OVERSEAS ELECTORS",General,Tamilaga Vettri Kazhagam,291,175,116,Dravida Munnetra Kazhagam,2,4,3,6,6,5,1,6,6,22.4806201550388,0,33.9147286821705,4.65116279069767,4.84496124031008,0.0,0.0,0.193798449612403,56.3953488372093,0.0,0.0,2
68,237,22,10,0,0,0,250,0,0,0,0,0,0,519,0,0,519,0,"St. Marys Middle school , North Side,
South Portion, Class IIIrd Standard, Punnakayal.","1.Punnakayal (R.V) And (P) Melastreet block 2 (Door No. 64 - 569), 999.OVERSEAS ELECTORS",General,Tamilaga Vettri Kazhagam,250,237,13,Dravida Munnetra Kazhagam,2,3,4,5,5,5,1,5,5,2.50481695568401,0,45.6647398843931,4.23892100192678,1.92678227360308,0.0,0.0,0.0,48.1695568400771,0.0,0.0,2
69,176,50,219,2,0,0,216,3,3,0,1,1,1,669,0,4,673,0,"Grama Middle School, Main Building, VellaKovil, Suganthalai.","1.Suganthalai (R.V) And (P) Suganthalai kasba block 1,
2.Suganthalai (R.V) And (P) Velakkovil block 2, 3.Suganthalai (R.V) And (P) Suganthalai colony Block 3, 999.OVERSEAS ELECTORS",General,Bharatiya Janata Party,219,216,3,Tamilaga Vettri Kazhagam,3,4,1,7,8,8,2,5,5,0.448430493273543,3,26.3079222720478,7.47384155455904,32.7354260089686,0.298953662182362,0.0,0.0,32.2869955156951,0.448430493273543,0.448430493273543,3
70,237,74,244,0,0,2,274,2,3,0,0,2,0,836,0,1,837,0,"T.N.D.T.A. Issac DuraisaamyNadar
HighSchool North Portion, Miss.Grace Pappa Building, North Maranthalai.","1.Suganthalai (R.V) And (P) Maranthalai block 3, 999.OVERSEAS ELECTORS",General,Tamilaga Vettri Kazhagam,274,244,30,Bharatiya Janata Party,3,4,2,8,8,6,1,6,5,3.58851674641148,3,28.3492822966507,8.85167464114833,29.1866028708134,0.0,0.0,0.239234449760765,32.7751196172249,0.239234449760765,0.358851674641148,3
71,202,26,182,1,1,0,283,1,3,0,0,2,1,699,0,3,702,1,"Hindu Middle School, Main Building, East Room, Varandiyavel, Suganthalai","1.Suganthalai (R.V), Varandivel (P) Maykkan nadar kudiruppu
block 1, 2.Sungathalai (R.V), Varandivel (P) Varandivel block 2,
3.Suganthalai (R.V) Varandivel (P) A. Gopalapuram Thanneerpanthal Block 3, 999.OVERSEAS ELECTORS",General,Tamilaga Vettri Kazhagam,283,202,81,Dravida Munnetra Kazhagam,2,4,3,6,6,9,1,6,5,11.587982832618,3,28.898426323319,3.71959942775393,26.0371959942775,0.143061516452074,0.143061516452074,0.0,40.486409155937,0.143061516452074,0.429184549356223,3
72,178,59,215,1,0,0,262,0,3,0,0,0,0,718,0,3,721,0,"Barathi Primary School , North Building, Alagappapuram.","1.Angamangalam (R.V) Alagappapuram (P) West alagappapuram block 1, 2.Angamangalam ( R.V) Alagappapuram (P) East Alagappapuram block 2, 3.Angamangalam (R.V) Alagappapuram (P) Periamuthuvilai block 3, 4.Angamangalam (R.V), Angamanagalam
(P) Arulananthapuram block 9, 999.OVERSEAS ELECTORS",General,Tamilaga Vettri Kazhagam,262,215,47,Bharatiya Janata Party,3,4,2,6,7,7,1,7,5,6.54596100278552,3,24.7910863509749,8.21727019498607,29.9442896935933,0.139275766016713,0.0,0.0,36.4902506963788,0.0,0.417827298050139,3
73,126,14,75,0,0,0,186,0,1,0,0,1,0,402,0,1,403,0,"St. Lucia High School, Esat Building,Middle Portion, Kurumbur.","1.Angamangalam (R.V) And (P) Thonippalam subbramaniapuram
block 1, 2.Angamangalam (R.V) And (P) Arunththayar colony block 2, 3.Angamangalam (R.V) And (P) Maylodai Block 2, 999.OVERSEAS ELECTORS",General,Tamilaga Vettri Kazhagam,186,126,60,Dravida Munnetra Kazhagam,2,4,3,6,6,6,1,6,5,14.9253731343284,1,31.3432835820896,3.48258706467662,18.6567164179104,0.0,0.0,0.0,46.2686567164179,0.0,0.248756218905473,2
74,194,34,20,0,0,1,243,0,0,0,0,0,0,492,0,2,494,0,St Lucia high school south building Middle Portion kurumbur,"1.Angamangalam (R.V) and (P) Bharather north street block 3,
2.Angamangalam (R.V) Angamanagalam (P) Bharathar south street block 8, 999.OVERSEAS ELECTORS",General,Tamilaga Vettri Kazhagam,243,194,49,Dravida Munnetra Kazhagam,2,3,4,6,6,5,1,6,6,9.95934959349593,0,39.4308943089431,6.91056910569106,4.0650406504065,0.0,0.0,0.203252032520325,49.390243902439,0.0,0.0,2
75,155,33,118,0,0,1,262,1,2,2,0,0,0,572,0,0,572,0,"St. Lucia High School , South side building East side portion, Kurumbur.","1.Angamangalam (R.V) And (P) Kottarvilai block 5,
2.Angamangalam (R.V) And (P) Annanager block 5,
3.Angamangalam (R.V) And (P) Angamangalam block 5,
4.Angamangalam (R.V) And (P) Sundaramoorthyiapuram Block 6, , 999.OVERSEAS ELECTORS",General,Tamilaga Vettri Kazhagam,262,155,107,Dravida Munnetra Kazhagam,2,4,3,8,8,6,1,6,5,18.7062937062937,2,27.0979020979021,5.76923076923077,20.6293706293706,0.0,0.0,0.174825174825175,45.8041958041958,0.174825174825175,0.34965034965035,2
76,226,16,22,0,0,0,176,2,2,0,0,2,0,444,0,0,444,0,"St. Lucia High School , South side west Portion, Kurumbur.","1.Angamangalam (R.V) And (P) North musleem block 4,
2.Angamangalam (R.V) And (P) Periya musulim street block 7, 999.OVERSEAS ELECTORS",General,Dravida Munnetra Kazhagam,226,176,50,Tamilaga Vettri Kazhagam,1,4,3,7,7,7,2,5,5,11.2612612612613,2,50.9009009009009,3.6036036036036,4.95495495495495,0.0,0.0,0.0,39.6396396396396,0.450450450450451,0.450450450450451,2
77,198,33,70,1,0,1,218,1,2,1,0,0,1,524,0,2,526,0,"T.N.D.T.A Primary School, North
Shunmugapuram,west portion, Kurumbur.","1.Nalumavadi (R.V) And (P) North shunmugapuram sundrarajapuram block 1, 999.OVERSEAS ELECTORS",General,Tamilaga Vettri Kazhagam,218,198,20,Dravida Munnetra Kazhagam,2,4,3,6,9,6,1,6,5,3.81679389312977,2,37.7862595419847,6.29770992366412,13.3587786259542,0.190839694656489,0.0,0.190839694656489,41.6030534351145,0.190839694656489,0.381679389312977,2
78,197,21,40,2,1,0,185,0,2,1,1,0,0,448,0,2,450,0,"T.N.D.T.A Primary School, North
Shunmugapuram, east portion, Kurumbur.","1.Nalumavadi (R.V) And (P) Kurumbur (nalumavadi ) block 2, 999.OVERSEAS ELECTORS",General,Dravida Munnetra Kazhagam,197,185,12,Tamilaga Vettri Kazhagam,1,4,3,5,7,8,2,8,5,2.67857142857143,2,43.9732142857143,4.6875,8.92857142857143,0.446428571428571,0.223214285714286,0.0,41.2946428571428,0.0,0.446428571428571,2
79,237,27,129,0,0,0,172,0,1,1,0,0,0,566,0,2,568,0,"TN.D.T.A Middle School , Middle Room VIII Std, Nalumavadi.","1.Nalumavadi (R.V) And (P) Nalumavadi South Street Block 8,
2.Nalumavadi (R.V) And (P) Thevar street musleem street block 9,
3.Nalumavadi (R.V) And (P) Christenstreet (kovil street) block 10, 999.OVERSEAS ELECTORS",General,Dravida Munnetra Kazhagam,237,172,65,Tamilaga Vettri Kazhagam,1,4,3,6,6,6,2,6,5,11.4840989399293,1,41.8727915194346,4.77031802120141,22.791519434629,0.0,0.0,0.0,30.3886925795053,0.0,0.176678445229682,2
80,151,64,73,1,2,2,254,0,3,1,0,0,2,550,0,1,551,0,"TN.D.T.A Middle School , South Room IV Std, Nalumavadi.","1.Nalumavadi (R.V) And (P) Melastreet (samynagar) block 11,
2.Nalumavadi (R.V) And (P) Vadakku street block 12, 999.OVERSEAS ELECTORS",General,Tamilaga Vettri Kazhagam,254,151,103,Dravida Munnetra Kazhagam,2,4,3,8,6,6,1,9,5,18.7272727272727,3,27.4545454545454,11.6363636363636,13.2727272727273,0.181818181818182,0.363636363636364,0.363636363636364,46.1818181818182,0.0,0.545454545454546,2
81,218,50,129,0,1,0,273,0,1,0,0,1,0,672,0,0,672,0,"Sri Ganesar Hr, Sec, School, VOC Block West portion, Panikkanadarkudieruppu.","1.Nalumavadi (R.V) And (P) Valasubbramaniapuram block 3,
2.Nalumavadi (R.V) And (P) Thirumalarpuram Block 4,
3.Nalumavadi (R.V) And (P) Keela nalumavadi block 5,
4.Nalumavadi (R.V) And (P) PanikkaNadar kudiyiruppu block 6, 999.OVERSEAS ELECTORS",General,Tamilaga Vettri Kazhagam,273,218,55,Dravida Munnetra Kazhagam,2,4,3,7,5,7,1,7,5,8.18452380952381,1,32.4404761904762,7.44047619047619,19.1964285714286,0.0,0.148809523809524,0.0,40.625,0.0,0.148809523809524,2
82,95,8,60,0,0,0,118,0,1,0,0,0,1,282,0,1,283,0,"Sri Ganesar Hr, Sec School,VOC Block East portion, Panikkanadarkudieruppu.","1.Nalumavadi (R.V) And (P) Panikkanadar kudiruppu westside
block 7, 2.Nalumavadi (R.V) And (P) Lakshmipuram block 13, 999.OVERSEAS ELECTORS",General,Tamilaga Vettri Kazhagam,118,95,23,Dravida Munnetra Kazhagam,2,4,3,6,6,6,1,6,5,8.15602836879433,1,33.6879432624113,2.83687943262411,21.2765957446809,0.0,0.0,0.0,41.8439716312057,0.0,0.354609929078014,2
83,304,39,106,10,0,0,351,1,3,0,0,0,1,814,0,2,816,0,"Grama Panchayat E-Service centre building, Nallur","1.Nallur (R.V) and (P) North nallur block 1, 2.Nallur (R.V) and (P)
Suyambulingapuram Block 1, 3.Nallur (R.V) And (P) Kulakkanathapuram Block 1, 4.Nallur (R.V) And (P) South nallur block 2, 5.Nallur (R.V) And (P) Nallur block 2, 999.OVERSEAS ELECTORS",General,Tamilaga Vettri Kazhagam,351,304,47,Dravida Munnetra Kazhagam,2,4,3,5,8,8,1,7,6,5.77395577395577,3,37.3464373464373,4.79115479115479,13.022113022113,1.22850122850123,0.0,0.0,43.1203931203931,0.122850122850123,0.368550368550368,2
84,235,36,127,7,0,2,219,3,4,0,2,1,0,633,0,0,633,0,"Panchayat Union Primary School,North Building West Side , Nallur","1.Nallur (R.V) And (P) Pillaimar Street Block 3, 2.Nallur (R.V) and
(P) Asarimar street block 3, 3.Nallur (R.V) And (P) Nagkanniyapuram block 4, 999.OVERSEAS ELECTORS",General,Dravida Munnetra Kazhagam,235,219,16,Tamilaga Vettri Kazhagam,1,4,3,5,9,8,2,7,6,2.52764612954186,4,37.1248025276461,5.68720379146919,20.0631911532385,1.10584518167457,0.0,0.315955766192733,34.5971563981043,0.473933649289099,0.631911532385466,3
85,119,30,82,6,0,0,179,1,3,0,0,1,1,420,0,1,421,0,"Panchayat Union Primary School, North Building East Side, Nallur","1.Nallur (R.V) And (P) Muthumalaivillai block 4, 25.Nallur (R.V)
And (P) Kuranganthattu block 6, 3.Nallur (R.V) And (P) Sasthanvillai block 7, 999.OVERSEAS ELECTORS",General,Tamilaga Vettri Kazhagam,179,119,60,Dravida Munnetra Kazhagam,2,4,3,5,8,8,1,7,6,14.2857142857143,3,28.3333333333333,7.14285714285714,19.5238095238095,1.42857142857143,0.0,0.0,42.6190476190476,0.238095238095238,0.714285714285714,3
86,188,28,90,3,2,0,169,0,2,0,0,1,0,482,0,0,482,0,"T.N.D.T.A Middle School, South Building, Veermanickam","1.veeramanickam (R.V) And (P) veeramanickam Block 1,
2.veeramanickam (R.V) And (P) Ambalaprappu Block 2, 999.OVERSEAS ELECTORS",General,Dravida Munnetra Kazhagam,188,169,19,Tamilaga Vettri Kazhagam,1,4,3,5,6,8,2,8,6,3.94190871369295,2,39.0041493775934,5.80912863070539,18.6721991701245,0.622406639004149,0.4149377593361,0.0,35.0622406639004,0.0,0.4149377593361,2
87,162,31,124,1,0,0,90,0,1,0,0,0,0,409,0,0,409,0,"Devakani Primary School , West portion, Melaputhukudi","1.Melapudukudi (R.V) And (P) Melapudhukudi Sunaipudhur Block
1, 2.Melapudhukkudi (R.V) And (P) Melapudhukkudi Koorinthan Villai Block2, 999.OVERSEAS ELECTORS",General,Dravida Munnetra Kazhagam,162,124,38,Bharatiya Janata Party,1,4,2,5,7,7,3,7,5,9.29095354523227,1,39.6088019559902,7.57946210268949,30.317848410758,0.244498777506113,0.0,0.0,22.0048899755501,0.0,0.244498777506113,3
88,272,39,62,1,1,3,334,1,3,1,1,0,1,716,0,2,718,0,"Panchayat Union Primary School, Middle Building, South portion Ammanpuram.","1) Ammanpuram (R.V) And (P) Agarakaram Street Block 1, 2)
Ammanpuram (R.V) And (P) Kailasapuram Block 1, 3) Ammanpuram (R.V) And (P) Thiruvalluvar Street East Block 1, 4) Ammanpuram (R.V) And (P) Pilayarkovil Street Block1, 5) Ammanpuram (R.V) And (P) Ganavillai Block 1, 6) Ammanpuram (R.V) And (P) Pudur Street Block 1, 999.OVERSEAS ELECTORS",General,Tamilaga Vettri Kazhagam,334,272,62,Dravida Munnetra Kazhagam,2,4,3,7,7,5,1,7,5,8.65921787709497,3,37.9888268156424,5.44692737430168,8.65921787709497,0.139664804469274,0.139664804469274,0.418994413407821,46.6480446927374,0.139664804469274,0.418994413407821,2
89,212,16,43,5,0,1,184,0,3,0,0,0,1,464,0,1,465,0,"Panchayat Union Primary School, Middle Building, North portion Ammanpuram","1) Ammanpuram (R.V) And (P) Main Road Block 1, 2)
Ammanpuram (R.V) And (P) Keelapudukudi Vadakkoor Block 2, 3) Ammanpuram (R.V) And (P) Thiruvalluvar Street West Block 2, 4) Ammanpuram (R.V) And (P) Keelapudhukudi Therkkuoor Block 2,
5) Ammanpuram (R.V) And (P) Kulakkarai South North Block 2 6) Ammanpuram (R.V) And (P) KuranganThattu Block 2, 7) Ammanpuram (R.V) And (P) Muthumaalai vilai Block 2,
999.OVERSEAS ELECTORS",General,Dravida Munnetra Kazhagam,212,184,28,Tamilaga Vettri Kazhagam,1,4,3,5,8,7,2,8,6,6.03448275862069,3,45.6896551724138,3.44827586206896,9.26724137931035,1.07758620689655,0.0,0.21551724137931,39.6551724137931,0.0,0.646551724137931,2
90,143,66,184,0,1,5,334,2,9,2,2,2,1,744,0,0,744,0,"Hindu Primary School , Molakkarai","1.Moolakkarai (R.V) And (P) Kandankudiruppu MelaStreet Block 1,
2.Moolakkarai (R.V) And (P) Kandankudiruppau North Street Block 2, 3.Moolakkarai (R.V) And (P) Kuppathrade Subhas Street Natustreet Blcok 3, 4.Moolakkarai (R.V) And (P) Keela Street South
Street Block 4, 999.OVERSEAS ELECTORS",General,Tamilaga Vettri Kazhagam,334,184,150,Bharatiya Janata Party,3,4,2,9,8,6,1,7,5,20.1612903225806,9,19.2204301075269,8.87096774193548,24.7311827956989,0.0,0.134408602150538,0.672043010752688,44.8924731182796,0.268817204301075,1.20967741935484,3
91,186,49,208,0,2,3,355,4,5,1,0,2,0,812,0,4,816,0,"Hindu Hr Sec School Dr.Sivanthi Aditanar Hall, South Side, Class X A, Arumuganeri.","1.Arumuganeri (S.G.T.P) Kaniyalar street ward 23, 2.Arumuganeri (S.G.T.P) Swamy sanathi street ward 2, 3.Arumuganeri (S.G.T.P) Swamy Sannathi South Street Ward 2, 4.Arumuganaeri (S.G.T.P) Kaniyalar South Street Ward 3, 999.OVERSEAS ELECTORS",General,Tamilaga Vettri Kazhagam,355,208,147,Bharatiya Janata Party,3,4,2,9,8,7,1,6,5,18.1034482758621,5,22.9064039408867,6.03448275862069,25.615763546798,0.0,0.246305418719212,0.369458128078818,43.7192118226601,0.492610837438424,0.61576354679803,3
92,196,37,209,0,0,1,313,1,1,0,0,0,1,758,0,2,760,0,"Hindu Hr.Sec.School, Gandhi Hall, Poovarasur, Arumuganeri.","1.Arumuganeri (S.G.T.P) Subbramaniyasamy koil street ward 3,
2.Arumuganeri (S.G.T.P) Subbramaiaswamy kovil South Street Ward 3, 3.Arumuganeri (S.G.T.P) Jain nagar ward 3, 999.OVERSEAS ELECTORS",General,Tamilaga Vettri Kazhagam,313,209,104,Bharatiya Janata Party,3,4,2,8,8,5,1,5,5,13.7203166226913,1,25.8575197889182,4.88126649076517,27.5725593667546,0.0,0.0,0.131926121372032,41.2928759894459,0.131926121372032,0.131926121372032,3
93,131,30,147,0,0,4,243,1,1,0,1,0,0,557,0,0,557,0,"Hindu Hr.Sec.School, Sivanthi Aditanar
Hall, North Protion Room, Poovarasur, Arumuganeri.","1.Arumuganeri (S.G.T.P) Localfund road ward 3,
2.Arumuganeri(S.G.T.P) Local fund 2 street, 999.OVERSEAS ELECTORS",General,Tamilaga Vettri Kazhagam,243,147,96,Bharatiya Janata Party,3,4,2,8,8,5,1,6,6,17.2351885098743,1,23.5188509874327,5.38599640933573,26.3913824057451,0.0,0.0,0.718132854578097,43.6265709156194,0.179533213644524,0.179533213644524,3
94,154,40,279,5,0,5,308,2,3,2,0,1,0,796,0,5,801,0,"Panchayat Union Primary School, Valavilai, Arumuganeri.","1.Arumuganeri (S.G.T.P) Keela Navvaladivilai sandu ward 2,
2.Arumuganeri (S.G.T.P) Keelanavaladivillai north street ward 2,
3.Arumuganeri (S.G.T.P) Keelanowladivillai north street 1 sandu,
4.Arumuganeri (S.G.T.P) Keelanowladivilai North Street 2nd Sandu,
5.Arumuganeri (S.G.T.P) Keelanowladivilai North Street 3rd sandu,
6.Arumuganeri (S.G.T.P) Keelanowladivilai northstreet 4rh sandu,
7.Arumuganeri (S.G.T.P) Keelanowladi villai Center Street Ward 2,
8.Arumuganaeri (S.G.T.P) Saltline north street ganeshpuram, 999.OVERSEAS ELECTORS",General,Tamilaga Vettri Kazhagam,308,279,29,Bharatiya Janata Party,3,4,2,5,9,5,1,8,7,3.64321608040201,3,19.3467336683417,5.0251256281407,35.0502512562814,0.628140703517588,0.0,0.628140703517588,38.6934673366834,0.251256281407035,0.376884422110553,3
95,136,13,97,1,0,1,192,0,2,1,0,1,0,442,0,2,444,0,"Panchayat Union Middle School,
Selvarajapuram, West Side Building, Arumuganeri.","1.Arumuganeri (S.G.T.P) Selvarajapuram ward 18, 999.OVERSEAS ELECTORS",General,Tamilaga Vettri Kazhagam,192,136,56,Dravida Munnetra Kazhagam,2,4,3,6,8,6,1,8,5,12.6696832579185,2,30.7692307692308,2.94117647058823,21.9457013574661,0.226244343891403,0.0,0.226244343891403,43.4389140271493,0.0,0.452488687782805,2
96,144,51,230,5,3,4,295,1,3,1,0,1,0,736,0,6,742,0,"Panchayat Union Middle School, , West
Building, East facing north side Selvarajapuram, Arumuganeri.","1.Arumuganeri (S.G.T.P) Perumalpuram ward 18, 2.Arumuganeri (S.G.T.P) Periyaanvilai ward 18, 999.OVERSEAS ELECTORS",General,Tamilaga Vettri Kazhagam,295,230,65,Bharatiya Janata Party,3,4,2,5,7,6,1,9,7,8.83152173913044,3,19.5652173913044,6.92934782608696,31.25,0.679347826086957,0.407608695652174,0.543478260869565,40.0815217391304,0.135869565217391,0.407608695652174,3
97,155,30,328,4,0,1,203,0,1,0,0,0,1,722,0,0,722,0,"Thiraviam Primery School,West Portion, Arumuganeri.","1.Arumuganaeri (S.G.T.P) KutthukalswamyKoil Street Ubachandhu Ward 17, 2.Arumuganeri (S.G.T.P) Gandhi street ward 17,
3.Arumuganeri (S.G.T.P) Center Street Ward 17, 4.Arumuganeri (S.G.T.P) Lakshmiammankovil street ward 17, 5.Arumuganeri (S.G.T.P) Mutharammankovil Street Ward 17, 6.Arumuganeri (S.G.T.P) Narayanaswamy Koil Street Ward 17, 7.Arumuganeri (S.G.T.P) ValavillaiMutharammankovil Ward 17, 8.Arumuganeri (S.G.T.P) Mela Navvaladi vilai Ward 17, 9.Arumuganeri (S.G.T.P) Elangathammankovil Street Ward 17, 10.Arumuganeri (S.G.T.P) Kuthukkal Swamy Kovil Street Ward 17, 11.Arumuganeri (S.G.T.P)
L.F.Road Sub Santhu Ward -17, 999.OVERSEAS ELECTORS",General,Bharatiya Janata Party,328,203,125,Tamilaga Vettri Kazhagam,3,4,1,5,8,6,2,8,6,17.3130193905817,1,21.4681440443213,4.15512465373961,45.4293628808864,0.554016620498615,0.0,0.138504155124654,28.1163434903047,0.0,0.138504155124654,3
98,50,11,72,0,0,1,86,1,0,0,0,0,0,221,0,0,221,0,"Kamaraj Somasundari Nursery &
Primary School, East Building East Portion, Somasundariamman Kovil street, Arumuganeri.","1.Arumuganeri (S.G.T.P) Logalpandu road Keelpagam Ward 1,
2.Arumuganeri (S.G.T.P) Localfund Road Melpakam Ward 1,
3.Arumuganeri (S.G.T.P) Melashanmugapuram Ward 1, 999.OVERSEAS ELECTORS",General,Tamilaga Vettri Kazhagam,86,72,14,Bharatiya Janata Party,3,4,2,7,7,5,1,5,7,6.33484162895928,0,22.6244343891403,4.97737556561086,32.579185520362,0.0,0.0,0.452488687782805,38.9140271493213,0.452488687782805,0.0,3
99,138,28,221,0,1,2,263,1,3,0,1,2,0,657,0,0,657,0,Kamaraj Somasundari Nursery and Primary School North Building West Side South Facing SomasunariammanKovil street Arumuganeri,"1.Arumuganeri (S.G.T.P) Keelashanmugapuram ward 1, 999.OVERSEAS ELECTORS",General,Tamilaga Vettri Kazhagam,263,221,42,Bharatiya Janata Party,3,4,2,9,7,6,1,7,5,6.39269406392694,3,21.0045662100457,4.26179604261796,33.6377473363775,0.0,0.15220700152207,0.30441400304414,40.0304414003044,0.15220700152207,0.45662100456621,3
100,153,20,279,0,1,1,171,0,0,0,0,0,0,625,0,3,628,0,"Kamaraj Somasundari Nursery & Primary School, New Building North West Portion, Somasundariamman Kovil Street, Arumuganeri","1.Arumuganeri (S.G.T.P) Somasundari amman kovil street ward 16,
2.Arumuganeri (S.G.T.P) L.f. road ward 16, 3.Arumuganeri (S.G.T.P) Vinayagar kovil street ward 16, 4.Arumuganeri (S.G.T.P) Vinayagar KovilStreet Ward 16, 5.Arumuganeri (S.G.T.P) Mela street ward 16, 6.Arumuganeri (S.G.T.P) Mutharamman Kovil Street Ward 16, 7.Arumuganeri (S.G.T.P) Uchinimahaliamman Kovil Street Ward 16, 8.Arumuganeri (S.G.T.P) Acharymar Street Ward 16, 999.OVERSEAS ELECTORS",General,Bharatiya Janata Party,279,171,108,Tamilaga Vettri Kazhagam,3,4,1,7,5,5,2,7,7,17.28,0,24.48,3.2,44.64,0.0,0.16,0.16,27.36,0.0,0.0,3
101,185,41,285,2,0,1,262,0,2,0,1,1,0,778,0,4,782,0,"T.N.D.T.A . Primary School, Poovarasur, Arumuganeri.","1.Arumuganeri (S.G.T.P) Mariamman koil street ward 14,
2.Arumuganeri (S.G.T.P) Lakshmi managaramsouth street ward 14,
3.Arumuganeri (S.G.T.P) Thesaykaval north street ward 14,
4.Arumuganeri (S.G.T.P) Thesaykaval Middle street ward 14, ,
5.Arumuganeri (S.G.T.P) Thesaykaval south street ward 14,
6.Arumuganeri (S.G.T.P) Gandhi Street Ward 14, 999.OVERSEAS ELECTORS",General,Bharatiya Janata Party,285,262,23,Tamilaga Vettri Kazhagam,3,4,1,5,8,7,2,8,5,2.95629820051414,2,23.7789203084833,5.26992287917738,36.6323907455013,0.25706940874036,0.0,0.12853470437018,33.6760925449871,0.0,0.25706940874036,3
102,229,37,298,0,0,0,240,2,3,0,1,1,0,809,0,2,811,0,"Hindu Saraswathi Middle School , West Building North portion, Arumuganeri.","1.Arumugaaneri (S.G.T.P) Gandhi street ward 14, 2.Arumuganeri (S.G.T.P) Chettier Street Ward 15, 3.Arumuganeri (S.G.T.P) Gandhi Street Ward 15, 4.Arumuganeri (S.G.T.P) Mariammankovil street ward 15, 5.Arumuganeri (S.G.T.P) Pachaiperumalnadar street ward 15, 6.Arumuganeri (S.G.T.P) Lakshmimanagaram north street ward 15, 7.Arumuganeri (S.G.T.P) Lakshmimanagaram center street ward 15, 999.OVERSEAS ELECTORS",General,Bharatiya Janata Party,298,240,58,Tamilaga Vettri Kazhagam,3,4,1,7,7,7,2,6,5,7.16934487021014,3,28.3065512978986,4.57354758961681,36.8355995055624,0.0,0.0,0.0,29.6662546353523,0.247218788627936,0.370828182941904,3
103,150,19,214,1,1,1,154,0,2,0,1,0,1,542,0,1,543,0,"K.A.Higher Secondary School , North Building East Portion West Side Class XB, Peiyanvillai, Arumuganeri.","1.Arumuganeri (S.G.T.P) Peyanvilai west street ward 4,
2.Arumuganeri (S.G.T.P) Peyanvilai north street ward 4,
3.Arumuganeri (S.G.T.P) PeyanvilaiKeelaStreet vadapakam Ward 4,
4.Arumuganeri (S.G.T.P) Peyanvilai center street ward 4,
5.Arumuganeri (S.G.T.P) Peyanvilai south street ward 4,
6.Arumuganeri (S.G.T.P) Local fund road 1 jain nagar ward 1,
7.Arumuganeri (S.G.T.P) Peyanvilai south street first sandu,
8.Arumuganeri (S.G.T.P) Peyanvilai MelaStreet First Sandu,
9.Arumuganeri (S.G.T.P) Local fund road jainnagar 2nd street ward 4, 999.OVERSEAS ELECTORS",General,Bharatiya Janata Party,214,154,60,Tamilaga Vettri Kazhagam,3,4,1,6,6,6,2,9,5,11.070110701107,2,27.6752767527675,3.50553505535055,39.4833948339483,0.18450184501845,0.18450184501845,0.18450184501845,28.4132841328413,0.0,0.3690036900369,3
104,135,35,121,1,2,1,205,2,2,0,0,0,1,504,0,4,508,0,"K.A.Higher Secondary School ,North
Building East Portion East Side Class XA, Peiyanvillai, Arumuganeri.","1.Arumuganeri(S.G.T.P) Krishnapuram Ward 4, 2.Arumuganeri
(S.G.T.P) Pudhur muthuaramman kovil street ward 5, 999.OVERSEAS ELECTORS",General,Tamilaga Vettri Kazhagam,205,135,70,Dravida Munnetra Kazhagam,2,4,3,8,5,8,1,5,5,13.8888888888889,2,26.7857142857143,6.94444444444444,24.0079365079365,0.198412698412698,0.396825396825397,0.198412698412698,40.6746031746032,0.396825396825397,0.396825396825397,3
105,93,30,123,1,0,0,202,0,2,0,0,1,0,451,0,3,454,0,"KAHigher Secondary School, North
Building Western Side South Facing Class VIA Peiyanvillai Arumuganeri","1.Arumuganeri(S.G.T.P) Pudur north street ward 5,
2.Arumuganeri(S.G.T.P) Bharathi nagar ward 5, 3.Arumuganeri (S.G.T.P) Pudhur south street ward 5, 999.OVERSEAS ELECTORS",General,Tamilaga Vettri Kazhagam,202,123,79,Bharatiya Janata Party,3,4,2,6,7,7,1,7,5,17.5166297117517,2,20.6208425720621,6.65188470066519,27.2727272727273,0.221729490022173,0.0,0.0,44.7893569844789,0.0,0.443458980044346,3
106,269,32,214,2,0,0,274,0,1,0,0,0,1,792,0,3,795,0,"T.N.D.T.A.Primary School, Madathuvilai, Arumuganeri.","1.Arumuganeri (S.G.T.P) Selvavinayagar Street Ward 13,
2.Arumuganeri (S.G.T.P) Misson KOvil Street Ward 13,
3.Arumuganeri (S.G.T.P) Poovarasoor south street ward 13,
4.Arumuganeri (S.G.T.P) Poovarasoor south street ward 13,
5.Arumuganeri (S.G.T.P) Poovarasoor MelaStreet Ward 13,
6.Arumuganeri (S.G.T.P) Madathuvilai Antoniyaar kovilStreet Ward 13, 7.Arumuganeri (S.G.T.P) TheyaheSomaSundraeswar street Ward 13, 8.Arumuganeri (S.G.T.P) Madathuvilai MelasTreet Ward 13, 9.Arumuganeri (S.G.T.P) Madathuvilai KeelaStreet Ward 13, 999.OVERSEAS ELECTORS",General,Tamilaga Vettri Kazhagam,274,269,5,Dravida Munnetra Kazhagam,2,4,3,5,7,7,1,7,6,0.631313131313131,1,33.9646464646465,4.04040404040404,27.020202020202,0.252525252525252,0.0,0.0,34.5959595959596,0.0,0.126262626262626,3
107,246,64,231,0,1,1,321,2,5,0,0,0,2,871,0,1,872,0,"Santhanasama Middle School ,East portion, Madathuvillai, Arumuganeri.","1.Arumuganeri (S.G.T.P) Catholikarkovil Street Ward 12,
2.Arumuganeri (S.G.T.P) Kandasamypuramroad ward 12,
3.Arumuganeri (S.G.T.P) North Subbramaiapuram Elangathammankovil Street Ward 12, 4.Arumuganeri(S.G.T.P) North subbramaniapuram ammankovilstreet ward 12, 999.OVERSEAS ELECTORS",General,Tamilaga Vettri Kazhagam,321,246,75,Dravida Munnetra Kazhagam,2,4,3,9,7,7,1,6,5,8.61079219288175,5,28.2433983926521,7.34787600459242,26.5212399540758,0.0,0.114810562571757,0.114810562571757,36.8541905855339,0.229621125143513,0.574052812858783,3
108,158,46,132,0,0,0,257,0,3,0,0,2,1,596,0,2,598,0,"Santhanasama Middle School ,Northern Building, East Protion, Madathuvillai, Arumuganeri.","1.Arumuganeri(S.G.T.P) subbramaniapuram Ammankovil street
Ward 11, 2.Arumuganeri(S.G.T.P) Muthusamypuram Ward 11,
3.Arumuganeri(S.G.T.P) Kadasamypuram Road Ward 11,
4.Arumuganeri(S.G.T.P) Rajamanniyapuram AmmanKovil Street Ward 11, 5.Arumuganeri(S.G.T.P) Rajamanniapuram Middle Street Ward 11, 999.OVERSEAS ELECTORS",General,Tamilaga Vettri Kazhagam,257,158,99,Dravida Munnetra Kazhagam,2,4,3,6,6,6,1,6,5,16.6107382550336,3,26.510067114094,7.71812080536913,22.1476510067114,0.0,0.0,0.0,43.1208053691275,0.0,0.503355704697987,3
109,154,33,149,2,0,3,344,4,4,1,1,1,1,693,0,2,695,0,"Santhanasama Middle School ,South Building, Middle Protion, Madathuvillai, Arumuganeri.","1.Arumuganeri(S.G.T.P) Sadhukkai Street Ward 11,
2.Arumuganeri(S.G.T.P) Subramaniapuram South Street Ward 11,
3.Arumuganeri(S.G.T.P) Tiruchendur road, ward 11, 999.OVERSEAS ELECTORS",General,Tamilaga Vettri Kazhagam,344,154,190,Dravida Munnetra Kazhagam,2,4,3,8,9,7,1,5,5,27.4170274170274,4,22.2222222222222,4.76190476190476,21.5007215007215,0.288600288600289,0.0,0.432900432900433,49.6392496392496,0.577200577200577,0.577200577200577,3
110,151,29,144,1,0,0,184,1,0,0,0,0,0,510,0,1,511,0,"Govt girls Hr.Sec.school, North Building west side south facing,Arumuganeri.","1.Arumuganeri(S.G.T.P) Kamarajapuram Ward 6, Door No 1- 79
,999.OVERSEAS ELECTORS",General,Tamilaga Vettri Kazhagam,184,151,33,Dravida Munnetra Kazhagam,2,4,3,5,7,7,1,5,7,6.47058823529412,0,29.6078431372549,5.68627450980392,28.2352941176471,0.196078431372549,0.0,0.0,36.078431372549,0.196078431372549,0.0,3
111,97,25,82,1,0,2,106,0,0,0,0,0,0,313,0,0,313,0,"T.N.D.T.A Middle
School,Muthukrishnapuram, Arumuganeri.","1.Arumuganeri(S.G.T.P) Rajamanniapuram kurukku street ward 6,
2.Arumuganeri(S.G.T.P) Rajamanniapuram Misson kovil Street Ward 6, 999.OVERSEAS ELECTORS",General,Tamilaga Vettri Kazhagam,106,97,9,Dravida Munnetra Kazhagam,2,4,3,6,7,5,1,7,7,2.87539936102236,0,30.9904153354633,7.98722044728434,26.1980830670927,0.319488817891374,0.0,0.638977635782748,33.8658146964856,0.0,0.0,3
112,173,42,220,1,1,1,267,0,3,0,0,1,1,708,0,2,710,0,"T.N.D.T.A Middle School, South Portion, Muthukrishnapuram, Arumuganeri.","1.Arumuganeri (sp) Thiruchendur road ward 6, 2.Arumuganeri(SP)
Muthukrishnapuram North Street Ward 6, 3.Arumuganeri(SP) Muthukrishnapuram Center Street Ward 6, 4.Arumuganeri(SP) Kandasamypuram Road Ward 6, 5.Arumuganeri(sp) Muthukrishnapuram south street ward 6, 6.Arumuganeri(SP) Muthukrishnapuram Pajanaikovil Street Ward 6,
7.Arumuganeri(SP) Bajanai Street(Kandasamypuram) Ward 6,
8.Arumuganeri(SP) Rani Maharajapuram Road (Muthukrishnapuram) Ward 6, 9.Arumuganeri(SP) Muthukrishnapuram (Kandasamypuram)Ward 6, 999.OVERSEAS",General,Tamilaga Vettri Kazhagam,267,220,47,Bharatiya Janata Party,3,4,2,6,6,6,1,9,5,6.63841807909604,3,24.4350282485876,5.93220338983051,31.0734463276836,0.141242937853107,0.141242937853107,0.141242937853107,37.7118644067797,0.0,0.423728813559322,3
113,302,106,92,1,1,0,231,1,1,0,0,0,0,735,0,3,738,0,"Arockiya Annai Middle School East Building Middle portion (Ground Floor), Adaikkalapuram.","1E.LAErCumTOuRgSaneri(S.G.T.P) Adaikalapuram south street ward 7,
2.Arumuganeri(S.G.T.P) Adaikalapuram Keelastreet Ward 7,
3.Arumuganeri(S.G.T.P) Adaikalapuram center street ward 7,
4.Arumuganeri(S.G.T.P) Pudu Street Ward 7,
5.Arumuganeri(S.G.T.P) ArokkyaMatha KovilStreet Ward 7,, 999.OVERSEAS ELECTORS",General,Dravida Munnetra Kazhagam,302,231,71,Tamilaga Vettri Kazhagam,1,3,4,5,5,9,2,5,5,9.65986394557823,1,41.0884353741497,14.421768707483,12.5170068027211,0.136054421768707,0.136054421768707,0.0,31.4285714285714,0.136054421768707,0.136054421768707,2
114,185,66,80,0,0,0,122,0,0,0,0,0,0,453,0,1,454,0,"Arockiya Annai Middle School South Building, Adaikkalapuram.","1.Arumuganeri(S.G.T.P) Jothipuri Street Ward 7,
2.Arumuganeri(S.G.T.P) Adaikalapuram melastreet ward 7,
3.Arumuganeri(S.G.T.P) Jebamaalai Mathakovil StreetWard-7, 999.OVERSEAS ELECTORS",General,Dravida Munnetra Kazhagam,185,122,63,Tamilaga Vettri Kazhagam,1,4,3,5,5,5,2,5,5,13.9072847682119,0,40.8388520971302,14.5695364238411,17.6600441501104,0.0,0.0,0.0,26.9315673289183,0.0,0.0,3
115,146,40,157,7,0,0,158,0,1,0,0,0,0,509,0,1,510,0,"Illainjer Aramba vidhya saalai New
Building West Portion Ranimaharajapurtam, Arumuganeri.","1.Arumuganeri(S.G.T.P) RaniMaharajapuram North street Ward 9,
2.Arumuganeri(S.G.T.P) Ranimaharajapuram South Street Ward 8, 999.OVERSEAS ELECTORS",General,Tamilaga Vettri Kazhagam,158,157,1,Bharatiya Janata Party,3,4,2,5,7,7,1,7,6,0.196463654223969,1,28.6836935166994,7.85854616895874,30.8447937131631,1.37524557956778,0.0,0.0,31.041257367387,0.0,0.196463654223969,3
116,200,29,125,3,2,5,282,4,3,0,0,1,1,653,0,2,655,0,"Illainjer Aramba vidhya saalai New
Building, East Portion, Ranimaharajapurtam, Arumuganeri","1.Arumuganeri(S.G.T.P) Ranimaharajpuram MelaStreet Ward 8,
2.Arumuganeri(S.G.T.P) Gandhipuram Ward 9, 999.OVERSEAS ELECTORS",General,Tamilaga Vettri Kazhagam,282,200,82,Dravida Munnetra Kazhagam,2,4,3,7,9,5,1,6,7,12.5574272588055,3,30.6278713629403,4.44104134762634,19.1424196018377,0.459418070444104,0.306278713629403,0.765696784073507,43.1852986217458,0.612557427258806,0.459418070444104,3
117,262,16,146,0,0,0,210,0,1,0,0,0,0,635,0,4,639,0,"Panchayat Union Primary School (West portion), Vannimanagaram, Arumuganeri.","1.Arumuganeri(S.G.T.P) Koilvilai Ward 7, 2.Arumuganeri(S.G.T.P) Vannimanagaram South Street Ward 9, 3.Arumuganeri(S.G.T.P) Vannimanagaram North Street Ward 9, 4.Arumuganeri(S.G.T.P) Manakkadu Ward 9, 999.OVERSEAS ELECTORS",General,Dravida Munnetra Kazhagam,262,210,52,Tamilaga Vettri Kazhagam,1,4,3,6,6,6,2,6,5,8.18897637795276,1,41.259842519685,2.51968503937008,22.992125984252,0.0,0.0,0.0,33.0708661417323,0.0,0.15748031496063,2
118,274,49,187,4,0,5,273,3,8,1,0,2,1,803,0,4,807,0,"Hindu Arulneri High School, Thirumalaiyappa puram, Sonaganvillai.","1.Arumuganeri(S.G.T.P) Kaniyalam pudur KeelaStreet Ward 10,
2.Arumuganeri(S.G.T.P) Nalayuramudaiyarkulam Ward 10,
3.Arumuganeri(S.G.T.P) Thirumalayappapuram Ward 10,
4.Arumuganeri(S.G.T.P) Kanniyalanpudur North Street Ward 10,
5.Arumuganeri(S.G.T.P) Mutharammankovil Street Ward 10, 999.OVERSEAS ELECTORS",General,Dravida Munnetra Kazhagam,274,273,1,Tamilaga Vettri Kazhagam,1,4,3,7,9,6,2,8,5,0.12453300124533,8,34.1220423412204,6.10211706102117,23.2876712328767,0.49813200498132,0.0,0.62266500622665,33.9975093399751,0.37359900373599,0.99626400996264,3
119,427,25,74,0,0,1,241,2,2,0,0,1,0,772,0,5,777,0,"LK Matriculation Higher Secondary
School North Building Middle portion South Facing class room XI  A Kayalpattanam",1..Kayalpattinam(Municipality) North mutharamman kovil street wrad 18.999.OVERSEAS ELECTORS,General,Dravida Munnetra Kazhagam,427,241,186,Tamilaga Vettri Kazhagam,1,4,3,8,8,7,2,5,5,24.0932642487047,2,55.3108808290155,3.23834196891192,9.58549222797927,0.0,0.0,0.129533678756477,31.2176165803109,0.259067357512953,0.259067357512953,2
120,464,28,7,0,1,1,158,4,6,6,0,0,0,669,0,3,672,0,"L.K Matriculation Hr Sec School North
Building South Facing Class Room XI  C, Sivankovil street, Kayalpattanam","1.Kayalpattinam(Municipality) Seethakathi nagar ward 15, , 999.OVERSEAS ELECTORS",General,Dravida Munnetra Kazhagam,464,158,306,Tamilaga Vettri Kazhagam,1,3,4,9,7,7,2,6,5,45.7399103139013,6,69.3572496263079,4.18535127055306,1.04633781763827,0.0,0.149476831091181,0.149476831091181,23.6173393124066,0.597907324364723,0.896860986547085,1
121,507,26,42,4,0,1,121,1,5,5,0,0,0,707,0,4,711,0,"L.K Matriculation Hr Sec School, South
Building West Side Class Room 1stB, Kayalpattanam","1.Kayalpattinam(Municipality) Sivan kovil street ward 15, 999.OVERSEAS ELECTORS",General,Dravida Munnetra Kazhagam,507,121,386,Tamilaga Vettri Kazhagam,1,4,3,6,9,7,2,7,5,54.5968882602546,5,71.7114568599717,3.67751060820368,5.94059405940594,0.565770862800566,0.0,0.141442715700141,17.1145685997171,0.141442715700141,0.707213578500707,1
122,130,10,11,0,0,0,110,0,3,2,1,0,0,264,0,1,265,0,"Municipality Middle school,North
Building,South Facing,East side,Thaikka street,Kayalpattinam","1.Kayalpattinam(Municipality) GulamSahib thambi thootam ward 18, 999.OVERSEAS ELECTORS",General,Dravida Munnetra Kazhagam,130,110,20,Tamilaga Vettri Kazhagam,1,4,3,6,6,6,2,6,5,7.57575757575758,3,49.2424242424242,3.78787878787879,4.16666666666667,0.0,0.0,0.0,41.6666666666667,0.0,1.13636363636364,2
123,88,32,149,0,0,0,131,0,2,0,0,1,0,402,0,0,402,0,"Municipality Middle School,West
building, East facing, South side,Thaikka street,Kayalpattinam","1.Kayalpattinam(Municipality) Koman pudur ward 18,
2.Kayalpattinam(Municipality) Gurusadi (DCW Quarters) Ward 18, 999.OVERSEAS ELECTORS",General,Bharatiya Janata Party,149,131,18,Tamilaga Vettri Kazhagam,3,4,1,6,6,6,2,6,5,4.47761194029851,2,21.8905472636816,7.96019900497512,37.0646766169154,0.0,0.0,0.0,32.5870646766169,0.0,0.497512437810945,3
124,203,19,73,5,0,3,135,0,3,1,0,0,1,441,0,0,441,0,"Municipality Middle School, East
Building South portion, Thaikka street, kayalpattinam.","1.Kayalpattinam(Municipality) Sethu raja street ward 18, 999.OVERSEAS ELECTORS",General,Dravida Munnetra Kazhagam,203,135,68,Tamilaga Vettri Kazhagam,1,4,3,5,8,6,2,8,6,15.4195011337869,3,46.031746031746,4.30839002267574,16.5532879818594,1.13378684807256,0.0,0.680272108843537,30.6122448979592,0.0,0.680272108843537,3
125,160,26,152,2,0,0,258,6,1,0,0,0,0,605,0,2,607,0,"Municipality Middle School,Eastern
Building, North Side, Thaikka street, kayalpattinam","1.Kayalpattinam(Municipality) Mangalvinayagar kovil street ward
15, 2.Kayalpattinam(Municipality) Uchimagaliamman kovil street ward 15, Door No 1 to 36 999.OVERSEAS ELECTORS",General,Tamilaga Vettri Kazhagam,258,160,98,Dravida Munnetra Kazhagam,2,4,3,6,8,8,1,5,7,16.198347107438,1,26.4462809917355,4.29752066115702,25.1239669421488,0.330578512396694,0.0,0.0,42.6446280991736,0.991735537190083,0.165289256198347,3
126,187,30,155,2,0,2,218,11,3,1,1,0,0,608,0,0,608,0,"Municipality Middle School, North
Building West Side, Ground Floor, Thaikka Street, Kayalpattanam","1.Kayalpattinam(Municipality) Uchimagaliamman kovil street ward 15, Door No 37 to 199, 999.OVERSEAS ELECTORS",General,Tamilaga Vettri Kazhagam,218,187,31,Dravida Munnetra Kazhagam,2,4,3,7,9,7,1,5,6,5.09868421052632,3,30.7565789473684,4.93421052631579,25.4934210526316,0.328947368421053,0.0,0.328947368421053,35.8552631578947,1.80921052631579,0.493421052631579,3
127,544,22,27,0,0,0,310,0,0,0,0,0,0,903,0,10,913,0,"ArulRaj Primary School, Eastern Building, Rathinapuri, kayalpattinam.","1.Kayalpattinam (Municipality) Local fund road 2 ward 14,
2.Kayalpattinam (Municipality) Rethinapuri block 14, 999.OVERSEAS ELECTORS",General,Dravida Munnetra Kazhagam,544,310,234,Tamilaga Vettri Kazhagam,1,4,3,5,5,5,2,5,5,25.9136212624585,0,60.2436323366556,2.43632336655592,2.99003322259136,0.0,0.0,0.0,34.3300110741971,0.0,0.0,2
128,329,53,134,2,1,5,281,0,1,0,0,0,0,806,0,3,809,0,"ArulRaj Primary School West Building, Rathinapuri, Kayalapattanam.","1.kayalpattinam (Municipality) Localfund road 1 ward 14,
2.Kayalpattinam (Municipality) Alagapuri block 14,
3.Kayalpattinam (Municipality) Alagapuri south street block 14,
4.Kayalpattinam (Municipality) Santhanamariamman Kovil Street Block 14, 5.Kayalpattinam (Municipality) New Colony Block 14,
6.Kayalpattinam (Municipality) Pasi Nagar Block 14,
999.OVERSEAS ELECTORS",General,Dravida Munnetra Kazhagam,329,281,48,Tamilaga Vettri Kazhagam,1,4,3,6,7,5,2,9,7,5.95533498759305,1,40.818858560794,6.57568238213399,16.6253101736973,0.248138957816377,0.124069478908189,0.620347394540943,34.863523573201,0.0,0.124069478908189,2
129,289,37,43,0,1,0,278,0,2,2,0,0,0,650,0,2,652,0,"National Primary School Eastern
Building, Arunachalapuram, kayalpattinam.","1.Kayalpattinam(Municipality) Arunachalapuram ward 1, , 999.OVERSEAS ELECTORS",General,Dravida Munnetra Kazhagam,289,278,11,Tamilaga Vettri Kazhagam,1,4,3,7,6,7,2,7,5,1.69230769230769,2,44.4615384615385,5.69230769230769,6.61538461538462,0.0,0.153846153846154,0.0,42.7692307692308,0.0,0.307692307692308,2
130,122,29,11,1,0,1,301,1,1,0,0,1,0,467,0,1,468,0,"National Primary School New East
Building, North side West facing Arunachalapuram, kayalpattinam.","1.Kayalpattinam(Municipality) Kadayankudi block 1, 999.OVERSEAS ELECTORS",General,Tamilaga Vettri Kazhagam,301,122,179,Dravida Munnetra Kazhagam,2,3,4,5,9,5,1,5,5,38.3297644539615,1,26.1241970021413,6.20985010706638,2.35546038543897,0.214132762312634,0.0,0.214132762312634,64.4539614561028,0.214132762312634,0.214132762312634,2
131,700,19,5,1,0,0,128,0,3,3,0,0,0,856,0,3,859,0,"Central Primary (Matriculation) School North Block Play Room, Sathukai street, kayalpattinam.","1.Kayalpattinam (Municipality) Komon west street block 1,
2.Kayalpattinam (Municipality) Komon middle street block 1,
3.Kayalpattinam (Municipality) Komon east street block 1, 999.OVERSEAS ELECTORS",General,Dravida Munnetra Kazhagam,700,128,572,Tamilaga Vettri Kazhagam,1,3,4,6,7,7,2,7,5,66.8224299065421,3,81.7757009345794,2.2196261682243,0.58411214953271,0.116822429906542,0.0,0.0,14.9532710280374,0.0,0.350467289719626,1
132,533,7,1,0,0,0,37,0,2,2,0,0,0,580,0,1,581,0,"Central Primary School (matriculation) North Block Hall No III, Sathukai street, kayalpattinam.","1.kayalpattinam (Municipality) Ke.mu. kachichery street ward 5,
2.kayalpattinam (Municipality) Magathum street ward 5,
3.Kayalpattinam(Municipality) Mohaideen Street Ward 5, 999.OVERSEAS ELECTORS",General,Dravida Munnetra Kazhagam,533,37,496,Tamilaga Vettri Kazhagam,1,3,5,6,6,6,2,6,4,85.5172413793103,2,91.8965517241379,1.20689655172414,0.172413793103448,0.0,0.0,0.0,6.37931034482759,0.0,0.344827586206897,1
133,222,27,13,0,1,1,494,0,3,1,0,0,1,761,0,1,762,0,"Govt. Girls Hr. Sec School, North
Building East Portion, Theevu street, Kayalapattanam.","1.Kayalpattinam(Municipality) Karpudaiyar palli vattam singidurai ward 7, Door no 1 to 162, 999.OVERSEAS ELECTORS",General,Tamilaga Vettri Kazhagam,494,222,272,Dravida Munnetra Kazhagam,2,3,4,8,6,6,1,8,5,35.742444152431,3,29.1721419185283,3.54796320630749,1.70827858081472,0.0,0.131406044678055,0.131406044678055,64.9145860709593,0.0,0.394218134034166,2
134,247,21,11,0,0,2,277,1,5,4,0,0,1,564,0,2,566,0,"Govt Girls Hr Sec School West Building North Side ,East Facing Theevu street, Kayalapattanam","1.Kayalpattinam(Municipality) Karpudaiyar palli vattam singidurai
ward 7, Above door No.162 , 2.kayalpattinam(Municipality) KeelaNaina street (mangarastreet) ward 7, 999.OVERSEAS ELECTORS",General,Tamilaga Vettri Kazhagam,277,247,30,Dravida Munnetra Kazhagam,2,3,4,8,8,6,1,7,5,5.31914893617021,5,43.7943262411347,3.72340425531915,1.95035460992908,0.0,0.0,0.354609929078014,49.113475177305,0.177304964539007,0.886524822695036,2
135,520,29,0,0,0,0,46,0,1,1,0,0,0,596,0,1,597,0,"Govt. Girls Hr. Sec School, North
Building Middle Portion, Theevu street, kayalpattinam","1.Kayalpattinam(Municipality) Pandakasalai karanar street theevu street block 7, 999.OVERSEAS ELECTORS",General,Dravida Munnetra Kazhagam,520,46,474,Tamilaga Vettri Kazhagam,1,3,5,5,5,5,2,5,4,79.5302013422819,1,87.248322147651,4.86577181208054,0.0,0.0,0.0,0.0,7.71812080536913,0.0,0.167785234899329,1
136,263,4,3,0,0,0,46,0,7,6,1,0,0,323,0,0,323,0,"Govt Girls Hr Sec School North Building
middle portion South facing Theevu street kayalpattinam","1.kayalpattinam (Municipality) (mangarastreet )keela nainar street ward 3, 999.OVERSEAS ELECTORS",General,Dravida Munnetra Kazhagam,263,46,217,Tamilaga Vettri Kazhagam,1,4,5,6,6,6,2,6,3,67.1826625386997,7,81.4241486068111,1.23839009287926,0.928792569659443,0.0,0.0,0.0,14.2414860681115,0.0,2.1671826625387,1
137,536,23,9,0,1,2,144,1,1,1,0,0,0,717,0,0,717,0,"Govt. Girls Hr Sec School North Block
West Portion, Class No VI C Theevu street, kayalpattinam.","1.Kayalpattinam (Municipality) Kadarkarai street ward 9, 999.OVERSEAS ELECTORS",General,Dravida Munnetra Kazhagam,536,144,392,Tamilaga Vettri Kazhagam,1,3,4,9,6,5,2,6,6,54.6722454672245,1,74.7559274755927,3.20781032078103,1.25523012552301,0.0,0.139470013947001,0.278940027894003,20.0836820083682,0.139470013947001,0.139470013947001,1
138,241,27,84,1,0,1,187,0,1,0,1,0,0,542,0,3,545,0,"Govt Girls Hr. Sec School, North
building East side. south facing Theevu street, kayalpattinam.","1.kayalpattinam (Municipality) Vechalachiamman kovil street ward, 2.999.OVERSEAS ELECTORS",General,Dravida Munnetra Kazhagam,241,187,54,Tamilaga Vettri Kazhagam,1,4,3,5,8,5,2,8,5,9.96309963099631,1,44.4649446494465,4.98154981549815,15.4981549815498,0.18450184501845,0.0,0.18450184501845,34.5018450184502,0.0,0.18450184501845,2
139,574,9,1,1,0,0,34,0,1,0,0,0,0,620,0,0,620,0,"Muhyiddeen Matriculation Hr. Sec.
School, North Building, Ground Floor Room No14, Keela nainar street, Kayalapattanam","1) kayalpattinam (Municipality) Nainar street ward 3, 999.OVERSEAS ELECTORS",General,Dravida Munnetra Kazhagam,574,34,540,Tamilaga Vettri Kazhagam,1,3,4,4,7,7,2,7,4,87.0967741935484,1,92.5806451612903,1.45161290322581,0.161290322580645,0.161290322580645,0.0,0.0,5.48387096774194,0.0,0.161290322580645,1
140,539,11,4,0,0,0,39,3,1,0,0,0,0,597,0,4,601,0,"Muhyiddeen Matriculation Hr. Sec.
School, North Building, Ground Floor Room No.13, Keela Nainar Street, Kayalpattanam","1.kayalpattinam (Municipality) Nainar street ward 3 Part II, 999.OVERSEAS ELECTORS",General,Dravida Munnetra Kazhagam,539,39,500,Tamilaga Vettri Kazhagam,1,3,4,7,7,7,2,5,6,83.7520938023451,1,90.284757118928,1.84254606365159,0.670016750418761,0.0,0.0,0.0,6.53266331658291,0.50251256281407,0.16750418760469,1
141,405,20,1,0,0,0,58,1,12,12,0,0,0,497,0,1,498,0,"Central Hr.Sec School, North Building
Class VIIIth B, kayalpattinam.","1.Kayalpattinam (Municipality) Citthan street ward 6,
999.OVERSEAS ELECTORS",General,Dravida Munnetra Kazhagam,405,58,347,Tamilaga Vettri Kazhagam,1,3,5,7,7,7,2,5,4,69.8189134808853,12,81.4889336016097,4.02414486921529,0.201207243460765,0.0,0.0,0.0,11.6700201207244,0.201207243460765,2.41448692152917,1
142,506,9,1,0,0,0,43,0,0,0,0,0,0,559,0,3,562,0,"Central Hr.Sec School, North Building
Class VIIth B, Sathukai street, kayalpattinam.","1.Kayalpattinam(Municipality) Dhushtarayan street ward 6,
2.Kayalpattinam(Municipality) Ambala marakayar street ward 6, 999.OVERSEAS ELECTORS",General,Dravida Munnetra Kazhagam,506,43,463,Tamilaga Vettri Kazhagam,1,3,4,5,5,5,2,5,5,82.8264758497317,0,90.5187835420394,1.61001788908766,0.178890876565295,0.0,0.0,0.0,7.69230769230769,0.0,0.0,1
143,526,4,6,0,0,0,19,0,5,1,0,0,0,560,0,2,562,0,"Central Hr, Sec school, Class-VIIth c
,North Side, Sathukai street, kayalpattinam.","1.Kayalpattinam(Municipality) Cross street ward 4,
2.kayalpattinam (Municipality) Aarampalli street ward 5, 999.OVERSEAS ELECTORS",General,Dravida Munnetra Kazhagam,526,19,507,Tamilaga Vettri Kazhagam,1,5,3,6,6,6,2,6,4,90.5357142857143,5,93.9285714285714,0.714285714285714,1.07142857142857,0.0,0.0,0.0,3.39285714285714,0.0,0.892857142857143,1
144,370,3,0,0,0,0,35,1,6,2,0,0,1,415,0,1,416,0,"Subaitha Girls Higher Secondary School,
East Building, Middle Portion, Kayalpattanam","1.kayalpattinam (Municipality) Sathukkaith street wad 2(Door No.1ST 01-200), 999.OVERSEAS ELECTORS",General,Dravida Munnetra Kazhagam,370,35,335,Tamilaga Vettri Kazhagam,1,4,6,6,6,6,2,5,3,80.7228915662651,6,89.1566265060241,0.72289156626506,0.0,0.0,0.0,0.0,8.43373493975904,0.240963855421687,1.44578313253012,1
145,539,12,0,1,0,0,34,1,4,4,0,0,0,591,0,1,592,0,"Subaitha Girls Higher Secondary School
North Building (Class IVB), kayalpattinam.","1.kayalpattinam (Municipality) Sathukkaith street ward 4 (Door No. 201-End), 999.OVERSEAS ELECTORS",General,Dravida Munnetra Kazhagam,539,34,505,Tamilaga Vettri Kazhagam,1,3,7,5,7,7,2,5,4,85.4483925549915,4,91.2013536379019,2.03045685279188,0.0,0.169204737732657,0.0,0.0,5.75296108291032,0.169204737732657,0.676818950930626,1
146,488,3,7,1,0,0,114,0,7,6,0,0,0,620,0,2,622,0,"Subaitha Girls Hr.Sec. School, East
Building South Portion, kayalpattinam.","1.kayalpattinam (Municipality) Kattu thaikkastreet ward 17,
999.OVERSEAS ELECTORS",General,Dravida Munnetra Kazhagam,488,114,374,Tamilaga Vettri Kazhagam,1,5,3,6,7,7,2,7,3,60.3225806451613,7,78.7096774193548,0.483870967741935,1.12903225806452,0.161290322580645,0.0,0.0,18.3870967741936,0.0,1.12903225806452,1
147,661,12,2,0,0,0,44,0,1,1,0,0,0,720,0,2,722,0,"Subaitha Girls Hr.Sec School ,West Block Ground Floor, kayalpattinam.","1.kayalpattinam (Municipality) Kuthukkalstreet ward 4,
2.kayalpattinam (Municipality) Kuthukkalstreet ward 17, 999.OVERSEAS ELECTORS",General,Dravida Munnetra Kazhagam,661,44,617,Tamilaga Vettri Kazhagam,1,3,4,6,6,6,2,6,5,85.6944444444444,1,91.8055555555556,1.66666666666667,0.277777777777778,0.0,0.0,0.0,6.11111111111111,0.0,0.138888888888889,1
148,456,24,9,0,0,0,59,0,1,1,0,0,0,549,0,5,554,0,"L.K. Hr. Sec School, Southeren South
Building West Side Class XI  A, Kayalpattanam","1.kayalpattinam (Municipality) Maruthuvar street ward 16,
2.kayalpattinam (Municipality.) Pudukkadai street ward 16, 999.OVERSEAS ELECTORS",General,Dravida Munnetra Kazhagam,456,59,397,Tamilaga Vettri Kazhagam,1,3,4,6,6,6,2,6,5,72.3132969034608,1,83.0601092896175,4.37158469945355,1.63934426229508,0.0,0.0,0.0,10.7468123861566,0.0,0.182149362477231,1
149,277,9,3,0,0,0,28,0,2,2,0,0,0,319,0,1,320,0,"L.K. Hr. Sec School, South building
Class XID, kayalpattinam.","1.kayalpattinam (Municipality) Kaji appa thaikka street ward 13,
999.OVERSEAS ELECTORS",General,Dravida Munnetra Kazhagam,277,28,249,Tamilaga Vettri Kazhagam,1,3,4,6,6,6,2,6,5,78.0564263322884,2,86.833855799373,2.82131661442006,0.940438871473354,0.0,0.0,0.0,8.77742946708464,0.0,0.626959247648903,1
150,438,11,2,1,0,0,45,2,3,1,0,0,1,502,0,2,504,0,"LK Hr. Sec School, South building North facing XII A Class, kayalpattinam.","1.kayalpattinam (Municipality.) Thaikka street ward 16, 999.OVERSEAS ELECTORS",General,Dravida Munnetra Kazhagam,438,45,393,Tamilaga Vettri Kazhagam,1,3,5,7,8,8,2,5,4,78.2868525896414,3,87.2509960159363,2.19123505976096,0.398406374501992,0.199203187250996,0.0,0.0,8.96414342629482,0.398406374501992,0.597609561752988,1
151,567,10,3,1,0,0,93,1,9,8,0,0,0,684,0,2,686,0,"L.K. Primary School, West building
Ground floor, Northern Portion, kayalpattinam","1.kayalpattinam (Municipality.) Peria nesavu street ward 11, 999.OVERSEAS ELECTORS",General,Dravida Munnetra Kazhagam,567,93,474,Tamilaga Vettri Kazhagam,1,3,5,6,8,8,2,6,4,69.2982456140351,9,82.8947368421053,1.46198830409357,0.43859649122807,0.146198830409357,0.0,0.0,13.5964912280702,0.146198830409357,1.31578947368421,1
152,452,4,1,0,1,0,39,1,3,3,0,0,0,501,0,2,503,0,"L.K. Primary School, North building
West portion Ground Floor, Lebaithambi street, kayalpattinam","1.kayalpattinam (Municipality) Karuthambi marakayer street ward 11, 999.OVERSEAS ELECTORS",General,Dravida Munnetra Kazhagam,452,39,413,Tamilaga Vettri Kazhagam,1,3,5,8,5,8,2,5,4,82.435129740519,3,90.2195608782435,0.798403193612774,0.199600798403194,0.0,0.199600798403194,0.0,7.78443113772455,0.199600798403194,0.598802395209581,1
153,500,14,7,1,0,2,119,0,4,3,0,0,0,647,0,3,650,0,"L.K. Primary School , Middle Portion, North Building Class IIIA, kayalpattinam.","1.Kayalpattinam (Municipality) Chinnanesauv street ward 10,
2.kayalpattinam (Municipality) Parimar Street Ward 10, 999.OVERSEAS ELECTORS",General,Dravida Munnetra Kazhagam,500,119,381,Tamilaga Vettri Kazhagam,1,3,4,7,8,6,2,8,5,58.887171561051,4,77.2797527047913,2.16383307573416,1.08191653786708,0.154559505409583,0.0,0.309119010819165,18.3925811437403,0.0,0.618238021638331,1
154,545,7,4,0,1,0,70,0,3,2,0,0,0,630,0,5,635,0,"L.K. Primary School , West Building
Ground Floor Southern Portion, kayalpattinam.","1.kayalpattinam (Municipality) Aliyarstreet ward 10, 999.OVERSEAS ELECTORS",General,Dravida Munnetra Kazhagam,545,70,475,Tamilaga Vettri Kazhagam,1,3,4,7,6,7,2,7,5,75.3968253968254,3,86.5079365079365,1.11111111111111,0.634920634920635,0.0,0.158730158730159,0.0,11.1111111111111,0.0,0.476190476190476,1
155,155,21,56,0,0,0,242,4,1,0,0,0,0,479,0,4,483,0,"Thulir School for Special Children,
Thulir Arangam West Portion North Side Rathinapuri, kayalpattinam.","1.kayalpattinam (Municipality) Keela lakshmipuram ward 14, 999.OVERSEAS ELECTORS",General,Tamilaga Vettri Kazhagam,242,155,87,Dravida Munnetra Kazhagam,2,4,3,7,7,7,1,5,6,18.1628392484342,1,32.3590814196242,4.38413361169102,11.6910229645094,0.0,0.0,0.0,50.5219206680584,0.835073068893528,0.208768267223382,2
156,157,29,98,1,0,1,265,2,1,0,0,0,1,554,0,4,558,0,"Thulir School for Special Children,
Thulir Arangam, South side Building East side, Rathinapuri kayalpattinam.","1.kayalpattinam (Municipality) Lakshmipuram ward 14, 999.OVERSEAS ELECTORS",General,Tamilaga Vettri Kazhagam,265,157,108,Dravida Munnetra Kazhagam,2,4,3,6,9,6,1,5,6,19.4945848375451,1,28.3393501805054,5.23465703971119,17.6895306859206,0.180505415162455,0.0,0.180505415162455,47.8339350180506,0.36101083032491,0.180505415162455,2
157,609,13,6,0,0,0,95,0,3,2,0,0,0,726,0,2,728,0,"Municipality Primary School, Fathima
Hall east portion, Theevu street, kayalpattinam.","1.kayalpattinam (Municipality) Solukkar street ward 8, 999.OVERSEAS ELECTORS",General,Dravida Munnetra Kazhagam,609,95,514,Tamilaga Vettri Kazhagam,1,3,4,6,6,6,2,6,5,70.7988980716253,3,83.8842975206611,1.79063360881543,0.826446280991736,0.0,0.0,0.0,13.0853994490358,0.0,0.413223140495868,1
158,588,25,10,0,1,2,188,3,10,8,0,0,1,827,0,2,829,0,"Municipality Primary School, South Side, Middle Portion, Theevu street, kayalpattinam.","1.kayalpattinam (Municipality) Kochiyar street ward 8,
2.kayalpattinam (Municipality) Pandhasalai Street Ward 8,
3.kayalpattinam (Municipality) Thankaipandakasalai street ward 8,
4.kayalpattinam (Municipality) Muthuvapathikka Street ward 8, 999.OVERSEAS ELECTORS",General,Dravida Munnetra Kazhagam,588,188,400,Tamilaga Vettri Kazhagam,1,3,4,9,8,7,2,6,4,48.3675937122128,10,71.1003627569528,3.0229746070133,1.20918984280532,0.0,0.120918984280532,0.241837968561064,22.73276904474,0.362756952841596,1.20918984280532,1
159,181,34,69,3,0,0,133,2,1,0,0,0,1,423,0,0,423,0,Municipality Primary School Middle Building West Side South Facing Theevu Street Kayalpattanam,"1.Kayalpattanam (Municipality) Maruthum Alauddin Thottam Ward
13, 2.kayalpattinam (Municipality) Vannakkudistreet ward 13, 3. kayalpattinam (Municipality) Veera sadaichi ammankovil street ward 13, 999.OVERSEAS ELECTORS",General,Dravida Munnetra Kazhagam,181,133,48,Tamilaga Vettri Kazhagam,1,4,3,5,8,8,2,6,7,11.3475177304965,1,42.789598108747,8.03782505910165,16.3120567375887,0.709219858156028,0.0,0.0,31.4420803782506,0.472813238770686,0.236406619385343,3
160,359,11,5,0,0,0,46,1,2,2,0,0,0,424,0,4,428,0,"Municipality Primary School, West
Building, K.T.M. Street, Kayalpattanam","1.kayalpattinam (Municipality) Appapalli street ward 9,
999.OVERSEAS ELECTORS",General,Dravida Munnetra Kazhagam,359,46,313,Tamilaga Vettri Kazhagam,1,3,4,7,7,7,2,6,5,73.8207547169811,2,84.6698113207547,2.59433962264151,1.17924528301887,0.0,0.0,0.0,10.8490566037736,0.235849056603774,0.471698113207547,1
161,379,10,1,0,0,0,53,1,1,1,0,0,0,445,0,11,456,0,"Anganwadi centre North Building,south facing K.T.M. Street, kayalpattinam.","1.kayalpattinam (Municipality) Kaytheymillath Nagar ward 10,
2.kayalpattinam (Municipality) Tiruchendur road ward 10, 999.OVERSEAS ELECTORS",General,Dravida Munnetra Kazhagam,379,53,326,Tamilaga Vettri Kazhagam,1,3,4,7,7,7,2,4,4,73.2584269662921,1,85.1685393258427,2.24719101123596,0.224719101123595,0.0,0.0,0.0,11.9101123595506,0.224719101123595,0.224719101123595,1
162,278,14,45,1,1,1,236,0,1,0,1,0,0,577,0,1,578,0,"Municipality Middle School, New Building East portion, Odakarai, kayalpattinam.","1.kayalpattinam ward 12 Mangalavadi ward 12, 2.kayalpattinam
(Municipality) Mela nesavustreet ward 12, 3.kayalpattinam
(Municipality) Mottaiyan Thottam Ward 12, 999.OVERSEAS ELECTORS",General,Dravida Munnetra Kazhagam,278,236,42,Tamilaga Vettri Kazhagam,1,4,3,5,5,5,2,9,5,7.2790294627383,1,48.1802426343154,2.4263431542461,7.79896013864818,0.173310225303293,0.173310225303293,0.173310225303293,40.9012131715771,0.0,0.173310225303293,2
163,168,23,124,2,0,0,186,1,5,1,1,1,1,509,0,0,509,0,"Municipality Middle School, West Building East Portion, Odakarai, kayalpattinam.","1.kayalpattinam (Municipality) Odaikarai north street ward 12,
2.kayalpattinam (Municipality) Vandimalachiammankovilstreet ward 12, 3.kayalpattinam (Municipality) Vaneyakudi street ward 12, 999.OVERSEAS ELECTORS",General,Tamilaga Vettri Kazhagam,186,168,18,Dravida Munnetra Kazhagam,2,4,3,6,8,8,1,7,5,3.53634577603143,5,33.0058939096267,4.51866404715128,24.3614931237721,0.392927308447937,0.0,0.0,36.5422396856582,0.196463654223969,0.982318271119843,3
164,146,19,195,1,0,1,224,1,1,0,1,0,0,588,0,0,588,0,Municipality Middle School West Building Odakkarai Kayalpattanam,"1.kayalpattinam (Municipality) Kadipichaithottam(rajakovil street
)ward 12, 2.kayalpattinam (Municipality) Poonthottam ward 12,
3.kayalpattinam (Municipality) PuduSouthvadi (thaikkapuram ) Ward 12, 999.OVERSEAS ELECTORS",General,Tamilaga Vettri Kazhagam,224,195,29,Bharatiya Janata Party,3,4,2,5,9,5,1,5,5,4.93197278911565,1,24.8299319727891,3.2312925170068,33.1632653061224,0.170068027210884,0.0,0.170068027210884,38.0952380952381,0.170068027210884,0.170068027210884,3
165,148,30,165,0,0,0,115,1,2,0,0,1,0,461,0,2,463,0,"Municipality Middle School, West
Building East Facing, Odakarai, kayalpattinam.","1.Kayalpatanam (Municipality.) Odakkarai ward 12, 999.OVERSEAS ELECTORS",General,Bharatiya Janata Party,165,148,17,Dravida Munnetra Kazhagam,2,4,1,7,7,7,3,6,5,3.68763557483731,2,32.1041214750542,6.50759219088937,35.7917570498915,0.0,0.0,0.0,24.9457700650759,0.216919739696312,0.433839479392625,3
166,371,25,46,4,0,0,286,1,2,0,0,0,1,735,0,2,737,0,"St.Thomas Hr.Sec School, South Building West Side, Veerpandiyanpattanam.","1.Veerapandianpattinam (R.V) And (P) Jesurajaveethi Block 1,
2.Veerapandianpattinam (R.V) And (P) Fathima Street NehruStreet Block 1, 3.Veerapandianpattinam (R.V) And (P) Medona Street Block 1, 999.OVERSEAS ELECTORS",General,Dravida Munnetra Kazhagam,371,286,85,Tamilaga Vettri Kazhagam,1,4,3,5,8,8,2,7,6,11.5646258503401,2,50.4761904761905,3.40136054421769,6.25850340136054,0.54421768707483,0.0,0.0,38.9115646258503,0.136054421768707,0.272108843537415,2
167,207,27,30,1,0,0,283,0,4,0,1,1,2,552,0,4,556,0,"St.Thomas Hr.Sec School, South
Building, East Side, Veerapandiyanpattanam","1.Veerapandianpattinam (R.V) And (P) Prasanthnagar Block 1,
8.Veerapandian Pattinam (R.V), 2. Veerapandian Pattinam Rural (P) KattumoguthumBlock, 999.OVERSEAS ELECTORS",General,Tamilaga Vettri Kazhagam,283,207,76,Dravida Munnetra Kazhagam,2,4,3,6,7,7,1,7,5,13.768115942029,4,37.5,4.89130434782609,5.43478260869565,0.181159420289855,0.0,0.0,51.268115942029,0.0,0.72463768115942,2
168,161,33,71,1,1,0,178,1,0,0,0,0,0,446,0,3,449,0,"StThomas Hr.Sec School, North
Building, East Side, Veerapandiyanpattanam","1.Veerapandianpattinam (R.V) And (P) Kurunchinagar Block 1,
2.Veerapandianpattinam (R.V) And (P) Kurinchinagar, Santhinagar Extension Block 1, 999.OVERSEAS ELECTORS",General,Tamilaga Vettri Kazhagam,178,161,17,Dravida Munnetra Kazhagam,2,4,3,5,5,8,1,5,8,3.81165919282511,0,36.0986547085202,7.39910313901345,15.9192825112108,0.224215246636771,0.224215246636771,0.0,39.9103139013453,0.224215246636771,0.0,2
169,280,19,17,0,0,2,189,0,1,0,0,0,0,508,0,2,510,0,"St. Thomas Hr.Sec School ,North Building West Side, IX A Standard,Veerapandiyanpattanam","1.Veerapandianpattinam (R.V) And (P) Veerapandianpattinam
(U.P)Thomas Veethi Block 2, 2.Veerapandianpattinam (R.V) And (P) Veerapandianpattinam (U.P) Main Road Block 2,
3.Veerapandianpattinam (R.V) And (P) Veerapandianpattinam (U.P) Kadarkarai Bypass Salai Block 2, 4.Veerapandianpattinam (R.V) And (P) Veerapandianpattinam (U.P) Joseph Street Block 2,
5.Veerapandianpattinam (R.V) And (P) Veerapandianpattinam (U.P) Petter Street (North ) Block 2, 6.Veerapandianpattinam (R.V) And
(P) Veerapandianpattinam (U.P) M.M.Street 1 Block 3,
7.Veerapandianpattinam (R.V) And (P) Veerapandianpattinam (U.P) Lookas Street Block 3 8.Veerapandianpattinam (R.V) And (P) Santhi",General,Dravida Munnetra Kazhagam,280,189,91,Tamilaga Vettri Kazhagam,1,3,4,7,7,5,2,7,6,17.9133858267716,1,55.1181102362205,3.74015748031496,3.34645669291339,0.0,0.0,0.393700787401575,37.2047244094488,0.0,0.196850393700787,2
170,269,19,68,2,0,0,242,0,1,0,0,0,1,601,0,0,601,0,"St. Thomas Hr.Sec School , North Building West Side Class Room XII A Standard, Veerapandiyanpattanam","1N.aVgeaerraBploacnkdi1a,n9p9a9tt.iOnVaEmR(SRE.VA)SAEnLdE(CP)TROaRjSKannanagar, Main Road
Block 2, 2.Veerapandianpattinam (R.V) And (P) Petter Street South Block 2, 3.Veerapandianpattinam (R.V) And (P) Rajkanna Nagar Extend Block 2, 4.Veerapandianpattinam (R.V) And (P) M.M. Street 2 Block 3, 5.Veerapandianpattinam (R.V) And (P) Johnveethi Block 3, 999.OVERSEAS ELECTORS",General,Dravida Munnetra Kazhagam,269,242,27,Tamilaga Vettri Kazhagam,1,4,3,5,7,7,2,7,6,4.49251247920133,1,44.7587354409318,3.16139767054908,11.3144758735441,0.332778702163061,0.0,0.0,40.2662229617304,0.0,0.166389351081531,2
171,235,23,59,1,2,0,293,2,1,0,1,0,0,616,0,2,618,0,"St. Thomas Hr. Sec School North Building West side Middle room, XI  B Standard,Veerapandiyanpattanam","1.Veerapandianpattinam (R.V) And (P) Johnveethi Block4,
2.Veerapandianpattinam (R.V) And (P) Johnveethi (East) Block 4,
3.Veerapandianpattinam (R.V) And (P) Senthilveethi Block 4,
4.Veerapandianpattinam (R.V) And (P) Meenavarcolony Velankanninagar block 4, 999.OVERSEAS ELECTORS",General,Tamilaga Vettri Kazhagam,293,235,58,Dravida Munnetra Kazhagam,2,4,3,7,5,9,1,5,7,9.41558441558442,1,38.1493506493507,3.73376623376623,9.57792207792208,0.162337662337662,0.324675324675325,0.0,47.5649350649351,0.324675324675325,0.162337662337662,2
172,279,18,25,1,0,0,502,0,2,0,0,1,0,827,0,1,828,0,"St. Thomas Hr. Sec School North
Building East Side room,XI  A Standard Veerapandiyanpattanam","1.Veerapandianpattinam (R.V) And (P) Xavier Street Block 4, 999.OVERSEAS ELECTORS",General,Tamilaga Vettri Kazhagam,502,279,223,Dravida Munnetra Kazhagam,2,4,3,6,7,7,1,7,5,26.9649334945587,2,33.7363966142684,2.17654171704958,3.0229746070133,0.120918984280532,0.0,0.0,60.7013301088271,0.0,0.241837968561064,2
173,178,40,114,0,0,4,419,3,3,0,0,1,2,761,0,3,764,0,"Panchayat Union Primary School, South Building, Shanmugapuram.","1.Veerapandianpattinam (R.V), Veerapandianpattinam Rural (P)
ShunmugapuramValliammalpuram Ganthinagar (Door No.1 to 130), 999.OVERSEAS ELECTORS",General,Tamilaga Vettri Kazhagam,419,178,241,Dravida Munnetra Kazhagam,2,4,3,8,8,5,1,6,6,31.6688567674113,3,23.3902759526938,5.25624178712221,14.9802890932983,0.0,0.0,0.525624178712221,55.0591327201051,0.394218134034166,0.394218134034166,2
174,150,28,93,1,0,3,292,0,3,0,0,1,0,570,0,2,572,0,"Panchayat Union Primary School, North Building, Shanmugapuram.","1.Veerapandianpattinam (R.V), Veerapandianpattinam Rural (P)
ShanmugapuramValliammalpuram Ganthinagar Part II (Door No. 131 and above), 999.OVERSEAS ELECTORS",General,Tamilaga Vettri Kazhagam,292,150,142,Dravida Munnetra Kazhagam,2,4,3,7,8,5,1,8,5,24.9122807017544,3,26.3157894736842,4.91228070175439,16.3157894736842,0.175438596491228,0.0,0.526315789473684,51.2280701754386,0.0,0.526315789473684,2
175,147,41,25,2,0,1,99,1,3,0,1,1,1,319,0,8,327,0,"Punitha Susai Primary School(Study
Hall Western wing)Southern Portion,
Adaikkalapuram, Veerapandiyanpattanam.","1.Veerapandianpattinam (R.V), Veerapandianpattinam Rural (P)
Adaikkalapuram, Thomaiyar Street Block, 2.Veerapandianpattinam
(R.V), Veerapandianpattinam Rural (P) Soosai Aranilaiyam Block 2, 999.OVERSEAS ELECTORS",General,Dravida Munnetra Kazhagam,147,99,48,Tamilaga Vettri Kazhagam,1,3,4,6,9,7,2,7,5,15.0470219435737,3,46.0815047021944,12.8526645768025,7.83699059561129,0.626959247648903,0.0,0.313479623824451,31.0344827586207,0.313479623824451,0.940438871473354,3
176,175,50,59,0,1,2,228,0,1,1,0,0,0,516,0,1,517,0,"Punitha Susai Primary School South
Building Middle Portion, North Facing Adaikkalapuram, Veerapandiyanpattanam.","1.Veerapandian Pattinam (R.V), Veerapandian Pattinam Rural (P) SebasthiyanStreet, Bilomi Nagar, 999.OVERSEAS ELECTORS",General,Tamilaga Vettri Kazhagam,228,175,53,Dravida Munnetra Kazhagam,2,4,3,8,6,5,1,8,6,10.2713178294574,1,33.9147286821705,9.68992248062016,11.4341085271318,0.0,0.193798449612403,0.387596899224806,44.1860465116279,0.0,0.193798449612403,2
177,271,56,106,3,0,2,267,0,1,0,0,0,0,706,0,4,710,0,"T.N.D.T.A Middle Scholl, Sonanganvillai","1.kannam(T.P) Kurathanvillai Waed2, 2.Kannam(T.P) Theeri Vadali
Neelpuram Ward3, 3.Kannam (T.P) Sonaganvillai North Ward4,
4.Kannam(T.P) Sonaganvillai South Ward5, 5.Kannam(T.P) Moolaipoli Ward5, , 999.OVERSEAS ELECTORS",General,Dravida Munnetra Kazhagam,271,267,4,Tamilaga Vettri Kazhagam,1,4,3,5,8,6,2,8,7,0.56657223796034,1,38.385269121813,7.93201133144476,15.014164305949,0.424929178470255,0.0,0.28328611898017,37.8186968838527,0.0,0.141643059490085,2
178,184,20,120,0,0,1,137,0,2,0,0,0,2,464,0,1,465,0,"Panchayat Union Middle School, East Side, Kanam","1.Kanam(T.P) Vanubanvillai Ward 6, 2.Kanam(T.P) Kanam kasbha
Keelapakuthi Ward 7, 3.Kanam (T.P) Kanam Kasbha mel Side Ward 8, 4.Kanam(T.P) kanam Kasbha Ward 9,, 999.OVERSEAS ELECTORS",General,Dravida Munnetra Kazhagam,184,137,47,Tamilaga Vettri Kazhagam,1,4,3,7,7,6,2,7,5,10.1293103448276,2,39.6551724137931,4.31034482758621,25.8620689655172,0.0,0.0,0.21551724137931,29.5258620689655,0.0,0.431034482758621,3
179,253,37,172,1,1,3,346,1,1,0,0,1,0,815,0,3,818,0,"T.N.D.T.A . Middle School, South Building South Portion, Vallivillai","1.Kanam(T.P) Melakananm Ward 1, 2.Kanam(T.P) Pudumanai
Ward 1, 3.Kanam (T.P) ValliVilai Ward-10, 4.Kanam (T.P) Senthamaraivilai (Colony) Ward11, 5.Kanam (T.P) Vallivilai Ward
11, 999.OVERSEAS ELECTORS",General,Tamilaga Vettri Kazhagam,346,253,93,Dravida Munnetra Kazhagam,2,4,3,6,6,5,1,6,6,11.4110429447853,1,31.0429447852761,4.5398773006135,21.1042944785276,0.122699386503067,0.122699386503067,0.368098159509202,42.4539877300613,0.122699386503067,0.122699386503067,2
180,146,19,96,0,0,0,163,1,1,1,0,0,0,426,0,1,427,0,"Panchayat Union Primary School, East Building, Nathankinaru.",", 1.Pallipathu (R.V) And (P) Nathankennru Keelastreet poochikadu
Block 4, 2.Pallipathu (R.V) And (P) Nathankinaru Melastreet chettyaavilai block-5, 999.OVERSEAS ELECTORS",General,Tamilaga Vettri Kazhagam,163,146,17,Dravida Munnetra Kazhagam,2,4,3,7,7,7,1,5,5,3.9906103286385,1,34.2723004694836,4.46009389671362,22.5352112676056,0.0,0.0,0.0,38.2629107981221,0.234741784037559,0.234741784037559,3
181,215,51,99,6,2,1,287,2,3,1,0,2,0,666,0,2,668,0,"Panchayat Union Primary School, Kudieruppuvillai","1. Pallipathu (R.V) and (P) Pallipathu Kaspa Block.1 2).Pallipathu
(R.V) And (P) Pandaravilai Block 1, 3).Pallipathu (R.V) And (P) Elayaperumalvilai Block 1, 4).Pallipathu (R.V) And (P) Perialadivilai Block 1, 5).Pallipathu (R.V) And (P) Kudiruppuvillai Block 2, 999.OVERSEAS ELECTORS",General,Tamilaga Vettri Kazhagam,287,215,72,Dravida Munnetra Kazhagam,2,4,3,5,7,9,1,7,6,10.8108108108108,3,32.2822822822823,7.65765765765766,14.8648648648649,0.900900900900901,0.3003003003003,0.15015015015015,43.0930930930931,0.3003003003003,0.450450450450451,2
182,244,44,112,0,0,1,301,0,6,0,0,0,3,708,0,4,712,0,"Hindu High School, East Side, Poochikadu, Pallipathu","1).Pallipathu (R.V) And (P) Erusalam Serivilai Block 3, 2).Pallipathu
(R.V) And (P) Mannanvilai vanubhanvilai, Senguli Block 6, 3).Pallipathu (R.V) And (P) Edayanvilai, Neduvalam, Block 7, 999.OVERSEAS ELECTORS",General,Tamilaga Vettri Kazhagam,301,244,57,Dravida Munnetra Kazhagam,2,4,3,7,7,6,1,7,5,8.05084745762712,6,34.4632768361582,6.21468926553672,15.819209039548,0.0,0.0,0.141242937853107,42.5141242937853,0.0,0.847457627118644,2
183,158,47,290,1,0,1,144,1,2,2,0,0,0,644,0,2,646,0,"Panchayat Union Primary School, Therikudieruppu, Kayamozhi","1.Kayamozhi (R.V) And (P) Therikudiruppu block 8, 2.Kayamozhi
(R.V) And (P) Therikudiruppu Block 9, 3.Kayamozhi (R.V) And (P) Therikudyiruppu Block 10, 999.OVERSEAS ELECTORS",General,Bharatiya Janata Party,290,158,132,Dravida Munnetra Kazhagam,2,4,1,6,9,6,3,6,5,20.4968944099379,2,24.5341614906832,7.29813664596273,45.0310559006211,0.15527950310559,0.0,0.15527950310559,22.360248447205,0.15527950310559,0.31055900621118,3
184,172,43,175,1,0,2,304,1,2,0,0,0,0,700,0,0,700,0,"Kalaivani Primaryschool, West Portion, Subramaniyapuram, Kayamozhi","1.Kayamozhi (R.V) And (P) Ramanathapuram(Adithanar colony,
thangamalpuram) Bl, 2.Kayamozhi (R.V) And (P) Kandasamypuram(Ammalpuram) Block 12, 999.OVERSEAS ELECTORS",General,Tamilaga Vettri Kazhagam,304,175,129,Bharatiya Janata Party,3,4,2,7,9,5,1,7,5,18.4285714285714,2,24.5714285714286,6.14285714285714,25.0,0.142857142857143,0.0,0.285714285714286,43.4285714285714,0.142857142857143,0.285714285714286,3
185,161,30,129,0,1,0,198,0,3,1,0,0,1,522,0,2,524,0,"Kalaivani Primaryschool, East Portion, Subramaniapuram, Kayamozhi","1.Kayamozhi (R.V) And (P) Uthaangkarai vilai Block 13,
2.Kayamozhi (R.V) And (P) Subbramaniapuram Ramalingapuram Block 14, 3.Kayamozhi (R.V) And (P) Kumarasamypuram,
Ramanathapuram block 15, 999.OVERSEAS ELECTORS",General,Tamilaga Vettri Kazhagam,198,161,37,Dravida Munnetra Kazhagam,2,4,3,7,6,7,1,7,5,7.08812260536398,3,30.8429118773946,5.74712643678161,24.7126436781609,0.0,0.191570881226054,0.0,37.9310344827586,0.0,0.574712643678161,3
186,151,27,170,1,0,0,159,0,3,1,0,1,1,511,0,1,512,0,"Si .Pa.Adithanar.Govt Hr.Sec School, East Block, Std XIth D, Ramanathapuram, Kayamozhi","1) Kayamozhi (R.V) And (P) Kayamozhi Kasbha Valluvar nagar
Block 3 2) Kayamozhi (R.V) And (P) Mela arasoor Block 4 3) Kayamozhi (R.V) And (P) SavukkaiStreet, VadappooStreet block 5, 999.OVERSEAS ELECTORS",General,Bharatiya Janata Party,170,159,11,Tamilaga Vettri Kazhagam,3,4,1,6,7,7,2,7,5,2.15264187866928,3,29.5499021526419,5.28375733855186,33.2681017612525,0.195694716242661,0.0,0.0,31.1154598825832,0.0,0.587084148727984,3
187,259,16,49,0,0,0,113,2,3,3,0,0,0,442,0,2,444,0,"Si .Pa.Adithanar.Govt Hr.Sec School,
East wing, southern building, Ramanathapuram, Kayamozhi","1) Kayamozhi (R.V) And (P) Musleem Street Pillaiyar Street Block 6
2).Kayamozhi (R.V) And (P) North musleem street block 7, 999.OVERSEAS ELECTORS",General,Dravida Munnetra Kazhagam,259,113,146,Tamilaga Vettri Kazhagam,1,4,3,7,7,7,2,6,5,33.0316742081448,3,58.5972850678733,3.61990950226244,11.0859728506787,0.0,0.0,0.0,25.5656108597285,0.452488687782805,0.678733031674208,1
188,149,40,191,0,0,0,237,0,0,0,0,0,0,617,0,7,624,0,"T.N.D.T.A . Primary School, Arumugapuram, Kayamozhi","1.Kayamozhi (R.V) And (P) Pallathur Block 1, 2.Kayamozhi (R.V)
And (P) Arumugapuram, Mathimanvilai, New Colony Block 2, 999.OVERSEAS ELECTORS",General,Tamilaga Vettri Kazhagam,237,191,46,Bharatiya Janata Party,3,4,2,5,5,5,1,5,5,7.45542949756888,0,24.1491085899514,6.48298217179903,30.9562398703404,0.0,0.0,0.0,38.4116693679092,0.0,0.0,3
189,195,58,189,1,1,0,315,0,4,0,1,0,2,763,0,5,768,0,"Pothu Nala Ikiya Sanga Primary School ,
West Side, Thalavaipuram, MelaTiruchendur","1.MelaTiruchendur (R.V) And (P) Thalavaipuram Vanniyankadu Muthukirshnapuram Blcok1, 999.OVERSEAS ELECTORS",General,Tamilaga Vettri Kazhagam,315,195,120,Dravida Munnetra Kazhagam,2,4,3,6,6,8,1,8,5,15.7273918741809,4,25.5570117955439,7.60157273918742,24.7706422018349,0.131061598951507,0.131061598951507,0.0,41.2844036697248,0.0,0.524246395806029,3
190,462,18,17,2,0,3,213,2,1,1,0,0,0,718,0,7,725,0,"Panchayat Union middle School,
Keelanalumoolaikinaru","1.Mela Tiruchendur (R.V) And (P) Therkoornalumoolaikinaru,
Murugankuruchi Block3, 999.OVERSEAS ELECTORS",General,Dravida Munnetra Kazhagam,462,213,249,Tamilaga Vettri Kazhagam,1,3,4,6,9,5,2,6,8,34.6796657381616,1,64.3454038997214,2.50696378830084,2.36768802228412,0.278551532033426,0.0,0.417827298050139,29.6657381615599,0.278551532033426,0.139275766016713,2
191,430,33,41,0,0,1,230,0,2,0,0,0,1,737,0,13,750,0,"Panchayat Union Middle School, East Building, North Room, N.Muthaiahpuram","1. MelaTiruchendur (R.V) And (P) Ayyangovilvilai muthaiyapuram block 4, 999.OVERSEAS ELECTORS",General,Dravida Munnetra Kazhagam,430,230,200,Tamilaga Vettri Kazhagam,1,4,3,7,7,6,2,7,5,27.1370420624152,2,58.3446404341927,4.47761194029851,5.56309362279512,0.0,0.0,0.135685210312076,31.2075983717775,0.0,0.271370420624152,2
192,470,19,27,0,2,1,162,0,3,0,0,2,1,684,0,5,689,0,"Panchayat Union Middle School,
Northwestern Building, South Room, N.Muthaiahpuram","1. MelaTiruchendur (R.V) And (P) Ayyangovilvilai muthaiyapuram block 4 Part II, 999.OVERSEAS ELECTORS",General,Dravida Munnetra Kazhagam,470,162,308,Tamilaga Vettri Kazhagam,1,4,3,8,6,7,2,8,5,45.0292397660819,3,68.7134502923977,2.77777777777778,3.94736842105263,0.0,0.292397660818713,0.146198830409357,23.6842105263158,0.0,0.43859649122807,1
193,228,50,134,2,0,0,210,0,0,0,0,0,0,624,0,0,624,0,"St. Antony Middle School, Pitchivillai.","1.Mela Tiruchendur (R.V), Pichivilai (P) Pichiviali
Pudukenathanvilai pudur Block 1, 2, 3, 999.OVERSEAS ELECTORS",General,Dravida Munnetra Kazhagam,228,210,18,Tamilaga Vettri Kazhagam,1,4,3,5,6,6,2,6,6,2.88461538461538,0,36.5384615384615,8.01282051282051,21.474358974359,0.32051282051282,0.0,0.0,33.6538461538462,0.0,0.0,3
194,199,51,133,1,0,1,160,0,0,0,0,0,0,545,0,2,547,0,"Panchayat Union Primary School, South
Building West Portion, Pitchivillai, Paramankuruchi","1.Paramankuruchi (R.V), Pichivilai (P) Pichivilai Maravanvilai Block
14, 2.Paramankuruchi (R.V), Pichivilai (P) Pichivilai South Street Block 15, 999.OVERSEAS ELECTORS",General,Dravida Munnetra Kazhagam,199,160,39,Tamilaga Vettri Kazhagam,1,4,3,5,7,5,2,7,7,7.15596330275229,0,36.5137614678899,9.35779816513761,24.4036697247706,0.18348623853211,0.0,0.18348623853211,29.3577981651376,0.0,0.0,3
195,399,20,27,0,0,1,154,2,2,0,1,0,1,605,0,13,618,0,"Panchayat Union Primary School, South
Side, East Portion, Nadu Nalumoolaikinaru.","1.Mela Tiruchendur (R.V) And (P) Nadunalumoolaikinaru Block 2 (Door No. 1 to 200), 999.OVERSEAS ELECTORS",General,Dravida Munnetra Kazhagam,399,154,245,Tamilaga Vettri Kazhagam,1,4,3,8,8,7,2,5,5,40.495867768595,2,65.9504132231405,3.30578512396694,4.46280991735537,0.0,0.0,0.165289256198347,25.4545454545454,0.330578512396694,0.330578512396694,1
196,404,15,30,0,0,1,166,0,1,0,0,0,1,617,0,10,627,0,"Panchayat Union Primary School, North
Side, East West Portion, Nadunalumoolaikinaru.","1.Mela Tiruchendur (R.V) And (P) Nadunalumoolaikinaru Block 2 Part II (Door No. 201 and above), 999.OVERSEAS ELECTORS",General,Dravida Munnetra Kazhagam,404,166,238,Tamilaga Vettri Kazhagam,1,4,3,7,7,5,2,7,5,38.5737439222042,1,65.4781199351702,2.43111831442463,4.86223662884927,0.0,0.0,0.162074554294976,26.904376012966,0.0,0.162074554294976,1
197,171,52,143,0,0,3,219,0,1,0,0,0,1,589,0,0,589,0,"Arulmigu Senthilandavar Govt Boys
Higher Secondary School, New Building, South Portion, East Room T.B.Road, Tiruchendur.","1.Tiruchendur (Municipality )Kalyanasundravinayagarkoiltheru Ward20, 2.Tiruchendur (Municipality )SaravanapoikaiRoad Ward 20, , 999.OVERSEAS ELECTORS",General,Tamilaga Vettri Kazhagam,219,171,48,Dravida Munnetra Kazhagam,2,4,3,7,7,5,1,7,6,8.14940577249576,1,29.0322580645161,8.82852292020373,24.2784380305603,0.0,0.0,0.509337860780985,37.1816638370119,0.0,0.169779286926995,3
198,183,51,183,0,0,1,267,0,2,0,0,1,0,687,0,4,691,0,"Arulmigu Senthilandavar Govt Boys
Higher Secondary School, North Building, Middle Porton, T.B.Road, Tiruchendur","1.Tiruchendur (Municipality )Railway Feeder Road Ward 20,
2.Tiruchendur (Municipality )Bharathiyar Street Ward 20, 999.OVERSEAS ELECTORS",General,Tamilaga Vettri Kazhagam,267,183,84,Bharatiya Janata Party,2,4,2,7,7,6,1,7,5,12.2270742358079,2,26.6375545851528,7.4235807860262,26.6375545851528,0.0,0.0,0.145560407569141,38.8646288209607,0.0,0.291120815138282,3
199,139,18,69,1,0,1,282,0,1,0,0,1,0,511,0,1,512,0,"Municipality Primary School West
Building South Side, T.B.Road, Tiruchendur.","1.Tiruchendur (Municipality )JeevaNagar
VeilukathammankovilStreet Ward 1 DOOR NO 1 TO 103, 999.OVERSEAS ELECTORS",General,Tamilaga Vettri Kazhagam,282,139,143,Dravida Munnetra Kazhagam,2,4,3,5,8,5,1,8,5,27.9843444227006,1,27.2015655577299,3.52250489236791,13.5029354207436,0.195694716242661,0.0,0.195694716242661,55.1859099804305,0.0,0.195694716242661,2
200,154,34,97,0,0,2,271,0,1,0,0,0,0,559,0,5,564,0,"Municipality Primary School West Building North Side, T.B.Road, Tiruchendur.","1.Tiruchendur (Municipality )JeevaNagar
VeilukathammankovilStreet Ward 1 above Door no 103 ,
2.Tiruchendur (Municipality )kayalpattinam Road Ward 1,999.OVERSEAS ELECTORS",General,Tamilaga Vettri Kazhagam,271,154,117,Dravida Munnetra Kazhagam,2,4,3,7,7,5,1,7,6,20.9302325581395,1,27.5491949910555,6.08228980322004,17.3524150268336,0.0,0.0,0.35778175313059,48.479427549195,0.0,0.178890876565295,2
201,180,33,154,1,1,1,230,0,1,0,0,0,1,601,0,2,603,0,"Municipality Primary School East side Old Building South portion, T.B.Road, Tiruchendur","1.Tiruchendur (Municipality )Keelaveilukandammankovil Street East Ward 2 , 2.Tiruchendur (Municipality
)VeilukandanammankovilStreet Ward 2,999.OVERSEAS ELECTORS",General,Tamilaga Vettri Kazhagam,230,180,50,Dravida Munnetra Kazhagam,2,4,3,5,5,5,1,9,5,8.31946755407654,1,29.9500831946755,5.49084858569052,25.6239600665557,0.166389351081531,0.166389351081531,0.166389351081531,38.2695507487521,0.0,0.166389351081531,3
202,219,18,45,0,0,0,265,0,0,0,0,0,0,547,0,3,550,0,"Municipality Primary School North
Building West Portion T.B. Road, Tiruchendur","1.Tiruchendur (Municipality )Salavaiyalar Mariamman Kovil Street
Ward 2, 2.Tiruchendur (Municipality )North Mariamman Kovil Street Ward-2, 999.OVERSEAS ELECTORS",General,Tamilaga Vettri Kazhagam,265,219,46,Dravida Munnetra Kazhagam,2,4,3,5,5,5,1,5,5,8.40950639853748,0,40.036563071298,3.29067641681901,8.22669104204753,0.0,0.0,0.0,48.4460694698355,0.0,0.0,2
203,154,27,193,2,0,3,216,0,2,0,0,2,0,597,0,3,600,1,"Panchayat Union Primary School , Tiruchendur","1.Tiruchendur (Municipality )Theppakulam Street Ward 18,
2.Tiruchendur (Municipality )East CarStreet Anantharaman Sandhu(South) Ward-18, 3.Tiruchendur (Municipality )West carStreet Anantharaman Sanduku North Ward 1, 4.Tiruchendur (Municipality )Vadikal Street Ward 18, 999.OVERSEAS ELECTORS",General,Tamilaga Vettri Kazhagam,216,193,23,Bharatiya Janata Party,3,4,2,6,8,5,1,8,6,3.85259631490787,2,25.7956448911223,4.52261306532663,32.3283082077052,0.33500837520938,0.0,0.50251256281407,36.1809045226131,0.0,0.33500837520938,3
204,116,40,101,2,1,0,191,1,1,0,0,0,1,453,0,3,456,0,"Senthil murugan Govt,Girls Hr,Sec
School New Building South Side East Room Tiruchendur","1.Tiruchendur (Municipality)Veeraragavapuram street ward 7 DOOR NO 1-278, 999.OVERSEAS ELECTORS",General,Tamilaga Vettri Kazhagam,191,116,75,Dravida Munnetra Kazhagam,2,4,3,5,6,9,1,6,6,16.5562913907285,1,25.60706401766,8.83002207505519,22.2958057395143,0.441501103752759,0.22075055187638,0.0,42.1633554083885,0.22075055187638,0.22075055187638,3
205,146,28,111,2,1,2,229,1,1,0,0,0,1,521,0,5,526,0,"Senthil murugan Govt Girls Hr Sec
School New Building West side Hall Room no 2 Tiruchendur.","1.Tiruchendur (Municipality)Veeraragavapuram street ward 7
above DOOR NO 278, 2.Tiruchendur (Municipality) Veeraragawapuram Ward 8, 999.OVERSEAS ELECTORS",General,Tamilaga Vettri Kazhagam,229,146,83,Dravida Munnetra Kazhagam,2,4,3,5,7,5,1,7,7,15.9309021113244,1,28.0230326295585,5.3742802303263,21.3051823416507,0.383877159309021,0.191938579654511,0.383877159309021,43.9539347408829,0.191938579654511,0.191938579654511,2
206,57,13,302,1,0,2,133,1,0,0,0,0,0,509,0,3,512,0,"Senthilmurugan Govt Girls Hr Sec School, New Building South Side, Middle Portion, Tiruchendur.","1.Tiruchendur (Municipality )Keelaratha navvaladi Sandhu South
Street Ward 8, 2.Tiruchendur (Municipality )Frist Santhi Street Ward 8, 3.Tiruchendur (Municipality )2nd Santhi Street Ward 8,
4.Tiruchendur (Municipality )Mailappuram Street Ward 8,
5.Tiruchendur (Municipality )Keelarathaveethi Navvaladi Santhu North Street Ward-8, 999.OVERSEAS ELECTORS",General,Bharatiya Janata Party,302,133,169,Tamilaga Vettri Kazhagam,3,4,1,6,8,5,2,6,8,33.2023575638507,0,11.1984282907662,2.55402750491159,59.3320235756385,0.196463654223969,0.0,0.392927308447937,26.1296660117878,0.196463654223969,0.0,3
207,128,40,172,0,2,1,192,3,9,0,0,0,6,547,0,0,547,0,"Senthil Murugan Govt Girls High Sec School, Old Building North Portion South Facing East Side Tiruchendur","1.Tiruchendur (Municiplaity) Mutharamkmankovil keelaStreet
Ward 9, 2.Tiruchendur (Municipality) KeelapuduStreet Ward 9,
3.Tiruchendur (Municipality)South PuduStreet 1st Sandu Thachiar Street Ward 9, 4. Tiruchendur (Municipality) Veerakaliammankovil Street Ward 9, 999.OVERSEAS ELECTORS",General,Tamilaga Vettri Kazhagam,192,172,20,Bharatiya Janata Party,3,4,2,9,7,8,1,6,5,3.6563071297989,9,23.400365630713,7.31261425959781,31.4442413162706,0.0,0.36563071297989,0.182815356489945,35.1005484460695,0.548446069469835,1.64533820840951,3
208,112,29,97,0,2,3,189,0,5,1,0,3,0,437,0,1,438,0,"Senthil Murugan Govt girls Hr sec
School old building NorthPortion West side South Facing Tiruchendur.","1.Tiruchendur (Municipality)South pudu Street Ward, 999.OVERSEAS ELECTORS",General,Tamilaga Vettri Kazhagam,189,112,77,Dravida Munnetra Kazhagam,2,4,3,8,7,6,1,8,5,17.6201372997712,5,25.629290617849,6.63615560640732,22.1967963386728,0.0,0.45766590389016,0.68649885583524,43.2494279176201,0.0,1.1441647597254,3
209,190,27,280,2,0,0,278,1,2,0,1,1,0,780,0,6,786,0,"Senthil murugan Govt,Girls Hr,Sec School New Building South Portion North Facing West Room","1.Tiruchendur (Municipality )Otthamada Street Ward 21,
2.Tiruchendur (Municipality )North Mada Street Ward 21,
3.Tiruchendur (Municipality )Frist SanthikurukuStreet Ward 21,
4.Tiruchendur (Municipality) Tiruchendur (Municipality
)Palayamkottai Road Ward 21, 6.Tiruchendur (Municipality )Noth CarStreet Ward 21, 7.Tiruchendur (Municipality )East car street Ward 21, 8.Tiruchendur (Municipality )North ratha veethi Ward 21, 999.OVERSEAS ELECTORS",General,Bharatiya Janata Party,280,278,2,Tamilaga Vettri Kazhagam,3,4,1,5,8,8,2,7,5,0.256410256410256,2,24.3589743589744,3.46153846153846,35.8974358974359,0.256410256410256,0.0,0.0,35.6410256410256,0.128205128205128,0.256410256410256,3
210,162,39,161,0,0,0,229,1,3,1,0,0,2,595,0,8,603,0,"Senthilmurugan Govt Girls High Sec
School, New Building West Portion East Facing North side Tiruchendur","1.Tiruchendur (Municipality)Mutharamankovil Street Ward 10,
2.Tiruchendur (Municipality) Mutharammankovil South Street ward 11, 999.OVERSEAS ELECTORS",General,Tamilaga Vettri Kazhagam,229,162,67,Dravida Munnetra Kazhagam,2,4,3,7,7,7,1,6,5,11.2605042016807,3,27.2268907563025,6.5546218487395,27.0588235294118,0.0,0.0,0.0,38.4873949579832,0.168067226890756,0.504201680672269,3
211,45,22,103,0,0,0,141,2,2,2,0,0,0,315,0,5,320,0,"Senthilmurugan Govt Girls Higher
Secondary School, New Building West portion South Side East facing Tiruchendur","1.Tiruchendur (Municipality)KrishnankovilStreet Ward 10,
2.Tiruchendur (Municipality) Veerakaliammankovil KeelaStreet Ward 10, , 999.OVERSEAS ELECTORS",General,Tamilaga Vettri Kazhagam,141,103,38,Bharatiya Janata Party,3,4,2,7,7,7,1,5,5,12.0634920634921,2,14.2857142857143,6.98412698412698,32.6984126984127,0.0,0.0,0.0,44.7619047619048,0.634920634920635,0.634920634920635,3
212,259,33,136,1,0,2,263,0,0,0,0,0,0,694,0,5,699,0,"Hindu Primary School, SouthSide NewBuilding, V.O.C Street, Tiruchendur","1.Tiruchendur (Municipality )Santhanamariamman kovil Street Ward 3, 999.OVERSEAS ELECTORS",General,Tamilaga Vettri Kazhagam,263,259,4,Dravida Munnetra Kazhagam,2,4,3,6,7,5,1,7,7,0.576368876080692,0,37.3198847262248,4.75504322766571,19.5965417867435,0.144092219020173,0.0,0.288184438040346,37.8962536023055,0.0,0.0,2
213,276,29,218,3,0,2,374,1,2,0,1,0,1,905,0,4,909,0,"Hindu Primary School South Facing North Building V.O.C Street, Tiruchendur","1.Tiruchendur (Municipality )Kovil Street Ward 4, 2..Tiruchendur
(Municipality )Subbramaniapuram Ward-4 999.OVERSEAS ELECTORS",General,Tamilaga Vettri Kazhagam,374,276,98,Dravida Munnetra Kazhagam,2,4,3,5,9,6,1,8,6,10.828729281768,2,30.4972375690608,3.20441988950276,24.0883977900553,0.331491712707182,0.0,0.220994475138122,41.3259668508287,0.110497237569061,0.220994475138122,3
214,106,13,58,1,0,0,149,0,1,0,0,1,0,328,0,0,328,0,"Hindu Primary School V.O.C Street,
South Buidling North Facing, Tiruchendur","1.Tiruchendur (Municipality )V.O.C. Street Ward 5, 999.OVERSEAS ELECTORS",General,Tamilaga Vettri Kazhagam,149,106,43,Dravida Munnetra Kazhagam,2,4,3,5,7,7,1,7,5,13.109756097561,1,32.3170731707317,3.96341463414634,17.6829268292683,0.304878048780488,0.0,0.0,45.4268292682927,0.0,0.304878048780488,2
215,117,21,125,1,1,0,206,1,3,1,0,0,1,475,0,2,477,0,"Saravana Iyer middle school
Ramachandra Iyer Ninaivarangam, North Building West Portion, panthal Mandabam, Keelaratha Veethi, Tiruchendur.","1.Tiruchendur (Municipality )Sabapathipuram street ward 5, 999.OVERSEAS ELECTORS",General,Tamilaga Vettri Kazhagam,206,125,81,Bharatiya Janata Party,3,4,2,6,6,9,1,6,5,17.0526315789474,3,24.6315789473684,4.42105263157895,26.3157894736842,0.210526315789474,0.210526315789474,0.0,43.3684210526316,0.210526315789474,0.631578947368421,3
216,198,42,167,1,0,0,314,1,0,0,0,0,0,723,0,2,725,0,"Saravana Iyer middle school Ramachandra Iyer Ninaivarangam, North Building, East Portion, East car street, panthal Mandabam, Tiruchendur","1.Tiruchendur (Municipality )PuliadiStreet Ward 6, 2.Tiruchendur (Municipality )Sannathi Street eastPortionStreet Ward 6,
3.Tiruchendur (Municipality )SannathiStreet WestPortion Ward 6, 999.OVERSEAS ELECTORS",General,Tamilaga Vettri Kazhagam,314,198,116,Dravida Munnetra Kazhagam,2,4,3,5,7,7,1,5,7,16.0442600276625,0,27.3858921161826,5.80912863070539,23.0982019363762,0.138312586445367,0.0,0.0,43.4301521438451,0.138312586445367,0.0,2
217,223,63,208,2,0,1,381,4,7,0,1,0,6,889,0,8,897,0,"Stars Model Matriculation Higher Secondary School Main Building, Southern wing, (Class III Std B) (Ground Floor), Kumarapuram, Tiruchendur","1.Tiruchendur (Municipality )Kumarapuram ward-19, 999.OVERSEAS ELECTORS",General,Tamilaga Vettri Kazhagam,381,223,158,Dravida Munnetra Kazhagam,2,4,3,7,9,8,1,6,5,17.7727784026997,7,25.0843644544432,7.08661417322835,23.3970753655793,0.224971878515186,0.0,0.112485939257593,42.8571428571428,0.449943757030371,0.78740157480315,3
218,102,20,110,0,0,1,106,0,2,0,0,0,0,341,0,1,342,0,"Panchayat Union Primary School,
Sankivillai, Tiruchendur","1.Tiruchendur (Municipality )Sankilivilai @ Ramasamypuram ward
19, 999.OVERSEAS ELECTORS",General,Bharatiya Janata Party,110,106,4,Tamilaga Vettri Kazhagam,3,4,1,7,7,6,2,7,5,1.17302052785924,2,29.9120234604106,5.86510263929619,32.258064516129,0.0,0.0,0.293255131964809,31.0850439882698,0.0,0.586510263929619,3
219,82,18,330,2,0,1,125,1,3,0,0,0,3,562,0,3,565,0,"S.R.B.M Senthilmurugan Middle School North Side, South car street, Tiruchendur","1.Tiruchendur (Municipality )South rathaveethi Keelpukuthi Ward
17, 2.Tiruchendur (Municipality )Mutharammankovil First sandu Ward 17, 3.Tiruchendur (Municipality )Mutharammankovil 2nd Sandu ward 17, 4.Tiruchendur (Municipality )Mutharammankovil 3rd Sandu Ward 17, 5.Tiruchendur (Municipality
)Mutharammankovil 4th Sandu Ward 17, 999.OVERSEAS
ELECTORS",General,Bharatiya Janata Party,330,125,205,Tamilaga Vettri Kazhagam,3,4,1,6,9,7,2,7,5,36.4768683274021,3,14.5907473309609,3.20284697508897,58.7188612099644,0.355871886120996,0.0,0.177935943060498,22.2419928825623,0.177935943060498,0.533807829181495,3
220,119,20,221,2,1,2,140,0,2,0,0,0,2,507,0,3,510,0,"S.R.B.M Senthilmurugan Middle School South Portion, South car street, Tiruchendur","1.Tiruchendur (Municipality )Mariammnkovil Street Ward 11,
2.Tiruchendur (Municipality )Mutharammankovil 1st Keelsandu Ward 11, 3.Tiruchendur (Municipality )Mutharammankovil 2nd Sandu Ward 11, 4.Tiruchendur (Municipality )South RathaVeethi Melpukuthi Ward 17, 999.OVERSEAS ELECTORS",General,Bharatiya Janata Party,221,140,81,Tamilaga Vettri Kazhagam,3,4,1,5,8,5,2,9,5,15.9763313609467,2,23.4714003944773,3.94477317554241,43.5897435897436,0.394477317554241,0.19723865877712,0.394477317554241,27.6134122287969,0.0,0.394477317554241,3
221,155,63,118,0,0,1,235,1,1,0,0,0,1,574,0,3,577,0,"TN.D.T.A . Primary School west Portion,
Keelavannaduraivilai, Tiruchendur","1.Tiruchendur (Municipality )Muthumalaiamman kovil 3rd sandu
street ward 11, 999.OVERSEAS ELECTORS",General,Tamilaga Vettri Kazhagam,235,155,80,Dravida Munnetra Kazhagam,2,4,3,8,8,5,1,5,5,13.9372822299652,1,27.0034843205575,10.9756097560976,20.5574912891986,0.0,0.0,0.174216027874564,40.9407665505227,0.174216027874564,0.174216027874564,3
222,159,59,176,1,1,0,255,1,3,0,0,1,0,655,0,5,660,0,"TN.D.T.A . Primary School East Portion, Keelavannaduraivilai, Tiruchendur","1.Tiruchendur (Municipality )Muthumalaiamman Kovil First Street Ward 13, 2.Tiruchendur (Municipality )Muthumalaiammnkovil Street 2nd Ward 13, 999.OVERSEAS ELECTORS",General,Tamilaga Vettri Kazhagam,255,176,79,Bharatiya Janata Party,3,4,2,6,6,9,1,6,5,12.0610687022901,3,24.2748091603053,9.00763358778626,26.8702290076336,0.152671755725191,0.152671755725191,0.0,38.9312977099237,0.152671755725191,0.458015267175573,3
223,262,27,70,0,1,1,327,0,1,1,0,0,0,689,0,5,694,0,"Govt Adhidravidar Primary School South Building, Thoppur, Tiruchendur","1.Tiruchendur (Municipality )Karamabavilai Ward 14,
2.Tiruchendur (Municipality )Benjamin Colony Ward 14, , 999.OVERSEAS ELECTORS",General,Tamilaga Vettri Kazhagam,327,262,65,Dravida Munnetra Kazhagam,2,4,3,8,5,5,1,8,5,9.43396226415094,1,38.0261248185776,3.91872278664731,10.1596516690856,0.0,0.145137880986938,0.145137880986938,47.4600870827286,0.0,0.145137880986938,2
224,431,26,40,1,0,2,294,2,4,1,0,1,0,800,0,7,807,0,"Govt Adhidravidar Primary School
Additional Building , Thoppur, Tiruchendur","1.Tiruchendur (Municipality )Thoppur Block 14, 999.OVERSEAS ELECTORS",General,Dravida Munnetra Kazhagam,431,294,137,Tamilaga Vettri Kazhagam,1,4,3,8,9,6,2,6,5,17.125,4,53.875,3.25,5.0,0.125,0.0,0.25,36.75,0.25,0.5,2
225,165,36,20,0,0,2,482,1,1,0,0,0,0,707,0,0,707,0,"R.C Primary School South Building West
Portion Tiruchendur","1.Tiruchendur (Municipality )Amalinagar ward 12 Door no 1 TO 90,
999.OVERSEAS ELECTORS",General,Tamilaga Vettri Kazhagam,482,165,317,Dravida Munnetra Kazhagam,2,3,4,8,8,5,1,6,6,44.8373408769448,1,23.3380480905233,5.09193776520509,2.82885431400283,0.0,0.0,0.282885431400283,68.1753889674682,0.141442715700141,0.141442715700141,2
226,162,21,20,1,2,2,326,0,0,0,0,0,0,534,0,0,534,0,"RC Primary School south Building East
Portion Tiruchendur.","1.Tiruchendur (Municipality )Amalinagar ward 12 above door no
90, 999.OVERSEAS ELECTORS",General,Tamilaga Vettri Kazhagam,326,162,164,Dravida Munnetra Kazhagam,2,3,4,7,5,5,1,8,8,30.7116104868914,0,30.3370786516854,3.93258426966292,3.74531835205992,0.187265917602996,0.374531835205992,0.374531835205992,61.0486891385768,0.0,0.0,2
227,180,16,29,0,0,1,549,0,4,2,1,1,0,779,0,1,780,0,"R.C Primary School, East Building
Eastern portion, Amalinagar, Tiruchendur","1.Tiruchendur (Municipality )Sweaken colony Ward 12,
2.Tiruchendur (Municipality )Roch Colony Ward 12, 999.OVERSEAS ELECTORS",General,Tamilaga Vettri Kazhagam,549,180,369,Dravida Munnetra Kazhagam,2,4,3,7,7,6,1,7,5,47.3684210526316,4,23.1065468549422,2.05391527599487,3.72272143774069,0.0,0.0,0.128369704749679,70.4749679075738,0.0,0.513478818998716,2
228,198,37,130,1,0,2,375,1,2,1,0,0,0,746,0,4,750,0,"Thiru Kudumbam High School West Portion, IIIrd Std , Alanthalai","1.Tiruchendur (Municipality )Ganeshpuram Ward 15,
2.Tiruchendur (Municipality )Kandasamypuram ward 15, 999.OVERSEAS ELECTORS",General,Tamilaga Vettri Kazhagam,375,198,177,Dravida Munnetra Kazhagam,2,4,3,7,9,5,1,7,5,23.7265415549598,2,26.5415549597855,4.9597855227882,17.426273458445,0.134048257372654,0.0,0.268096514745308,50.2680965147453,0.134048257372654,0.268096514745308,2
229,380,12,8,0,0,0,509,0,1,0,0,0,0,910,0,0,910,0,"Thiru Kudumbam, High School , East Portion, IIIrd Std , Alanthalai","1.Tiruchendur (Municipality )Alanthalai north street ward 15,
2.Tiruchendur (Municipality )Alanthalai Kadarkarai Street Ward 15, 3.Tiruchendur (Municipality )Alanthalai North Street Puducolony Ward 15, 999.OVERSEAS ELECTORS",General,Tamilaga Vettri Kazhagam,509,380,129,Dravida Munnetra Kazhagam,2,3,4,6,6,6,1,6,5,14.1758241758242,1,41.7582417582418,1.31868131868132,0.879120879120879,0.0,0.0,0.0,55.9340659340659,0.0,0.10989010989011,2
230,243,12,10,0,0,1,464,1,1,0,0,1,0,732,0,1,733,0,"Carmal Middle School, South East
Building, Alanthalai","1.Tiruchendur (Municipality )Alanthalai south street ward 16, 16,
999.OVERSEAS ELECTORS",General,Tamilaga Vettri Kazhagam,464,243,221,Dravida Munnetra Kazhagam,2,3,4,8,8,5,1,5,5,30.1912568306011,1,33.1967213114754,1.63934426229508,1.36612021857923,0.0,0.0,0.136612021857924,63.3879781420765,0.136612021857924,0.136612021857924,2
231,121,20,14,2,1,5,332,3,4,2,0,0,2,502,0,0,502,0,"Carmal Middle School, South Building, Alanthalai","1.Tiruchendur (Municipality )Alanthalai South puduStreet(Rosaray colony Ward 16, 2.Tiruchendur (Municipality )Soosaikudiyathu Ward 16, 3.Tiruchendur (Municipality )PallivasalAathalaiStreet Ward 16, 4.Tiruchendur (Municipality Alanthalai singharavelarkudiruppu Ward 16, 999.OVERSEAS ELECTORS",General,Tamilaga Vettri Kazhagam,332,121,211,Dravida Munnetra Kazhagam,2,3,4,8,9,5,1,7,6,42.0318725099602,4,24.1035856573705,3.98406374501992,2.78884462151394,0.398406374501992,0.199203187250996,0.99601593625498,66.1354581673307,0.597609561752988,0.796812749003984,2
232,275,32,192,2,1,0,208,0,5,1,0,0,4,715,0,0,715,0,"Duraisivan Primary School, West portion, Paramankuruchi","1.Paramankuruchi (R.V) And (P) Murugeshapuram block 1,
2.Paramankuruchi (R.V) And (P) Aazathnagar Pillayaar kovil Street Block 2, 999.OVERSEAS ELECTORS",General,Dravida Munnetra Kazhagam,275,208,67,Tamilaga Vettri Kazhagam,1,4,3,6,7,8,2,8,5,9.37062937062937,5,38.4615384615385,4.47552447552448,26.8531468531468,0.27972027972028,0.13986013986014,0.0,29.0909090909091,0.0,0.699300699300699,3
233,157,26,165,1,0,2,138,0,2,1,1,0,0,491,0,4,495,0,"Duraisivan Primary School, East portion, Paramankuruchi","1.Paramankuruchi (R.V) And (P) Sasthankovilvilai West Bhadai
Street Block 3, 2.Paramankuruchi (R.V) And (P) Karisanvilai Ramanpuram Block 8, 999.OVERSEAS ELECTORS",General,Bharatiya Janata Party,165,157,8,Dravida Munnetra Kazhagam,2,4,1,7,8,5,3,8,5,1.62932790224033,2,31.9755600814664,5.29531568228106,33.6048879837067,0.203665987780041,0.0,0.407331975560081,28.1059063136456,0.0,0.407331975560081,3
234,242,17,181,1,0,2,228,0,0,0,0,0,0,671,0,1,672,0,"Panchayat Union Primary School, Seerudaiyarpuram, Paramankuruchi","1.Paramankuruchi (R.V) And (P) Gurunathapuram Block 4,
2.Paramankuruchi (R.V) And (P) Colony Musleem Pudustreet Block 5, 3.Paramankuruchi (R.V) And (P) Musleem Center Street Mela Street Block 6, 4.Paramankuruchi (R.V) And (P) Sherudaiyarpuram Samathuvapuram Block 6, 5.Paramankuruchi (R.V) And (P) Veerappa Nadar Kudiruppu Block 7, 999.OVERSEAS ELECTORS",General,Dravida Munnetra Kazhagam,242,228,14,Tamilaga Vettri Kazhagam,1,4,3,6,7,5,2,7,7,2.08643815201192,0,36.0655737704918,2.53353204172876,26.9746646795827,0.14903129657228,0.0,0.29806259314456,33.9791356184799,0.0,0.0,3
235,253,49,214,0,0,0,202,1,0,0,0,0,0,719,0,3,722,0,"T.N.D.T.A Primary School, New Building, Potharanganvilai, Paramankuruchi","1.Paramankuruchi (R.V) And (P) Aranganvilai Block 9,
2.Paramankuruchi (R.V) And (P) Potharanganvilai Block 10,
3.Paramankuruchi (R.V) And (P) Koola Periavanvilai Block 11,
4.Paramankuruchi (R.V) And (P) Kulathangarai vilai Block 13, 999.OVERSEAS ELECTORS",General,Dravida Munnetra Kazhagam,253,214,39,Bharatiya Janata Party,1,4,2,6,6,6,3,5,6,5.42420027816412,0,35.1877607788595,6.81502086230876,29.7635605006954,0.0,0.0,0.0,28.0945757997218,0.139082058414464,0.0,3
236,119,50,181,3,1,1,146,0,1,0,0,0,1,502,0,2,504,0,"K.K.R. T.N.D.T.A High School, North Building West Room, Paramankuruchi","1.Paramankuruchi (R.V) And (P) Paramankuruchi Kasbha Mela Street Block 19, 2.Paramankuruchi (R.V) And (P) Paramankuruchi Kasbha Center Street Block 20, 999.OVERSEAS ELECTORS",General,Bharatiya Janata Party,181,146,35,Tamilaga Vettri Kazhagam,3,4,1,5,6,6,2,9,6,6.97211155378486,1,23.7051792828685,9.9601593625498,36.0557768924303,0.597609561752988,0.199203187250996,0.199203187250996,29.0836653386454,0.0,0.199203187250996,3
237,390,28,106,0,2,4,361,0,5,0,1,1,2,896,0,4,900,0,"K.K.R T.N.D.T.A. High School, South Building WestRoom, Paramankuruchi","1.Paramankuruchi (R.V) And (P) Thotttharvilai Block 12,
2.Paramankuruchi (R.V) And (P) Mudrithottam Block 13,
3.Paramankuruchi (R.V) And (P) Paramankuruchi yathar street, Singharayarpuram blo, 999.OVERSEAS ELECTORS",General,Dravida Munnetra Kazhagam,390,361,29,Tamilaga Vettri Kazhagam,1,4,3,8,7,6,2,8,5,3.23660714285714,5,43.5267857142857,3.125,11.8303571428571,0.0,0.223214285714286,0.446428571428571,40.2901785714286,0.0,0.558035714285714,2
238,262,48,33,1,0,0,195,1,1,0,0,1,0,541,0,1,542,0,"T.N.D.T.A Bishop Azaria Memorial
Hr.Sec School, West Building North Room, Class Xth A, Vellalanvillai","1.Paramankuruchi (R.V) And (P) Seeyon nagar Perumalpuram
block 16, 2.Paramankuruchi (R.V) And (P) Seeyonnagar South Street Block 17, 999.OVERSEAS ELECTORS",General,Dravida Munnetra Kazhagam,262,195,67,Tamilaga Vettri Kazhagam,1,3,4,5,8,8,2,5,5,12.3844731977819,1,48.4288354898337,8.8724584103512,6.09981515711645,0.184842883548983,0.0,0.0,36.0443622920518,0.184842883548983,0.184842883548983,2
239,159,50,172,1,0,0,173,0,4,1,0,0,2,559,0,0,559,0,"T.N.D.T.A. Bishop Azaria Memorial
Hr.Sec School,West Building Middle Room,Class XIIth A std, Vellalanvillai","1.Paramankuruchi (R.V) And (P) Velalanvilai north street block 21,
2.Paramankuruchi (R.V) And (P) Vattanvilai Manadu Block 22, 999.OVERSEAS ELECTORS",General,Tamilaga Vettri Kazhagam,173,172,1,Bharatiya Janata Party,3,4,2,6,7,7,1,7,5,0.178890876565295,4,28.4436493738819,8.94454382826476,30.7692307692308,0.178890876565295,0.0,0.0,30.9481216457961,0.0,0.715563506261181,3
240,122,26,76,1,0,0,159,0,0,0,0,0,0,384,0,1,385,0,"Panchayat Union Primary School Eluvillai, Kuthiraimozhi","1.Kuthiraimozhi (R.V) And (P) Therikudiruppu, Harisanvilai, Kovil vilai Block 1, 2.Kuthiraimozhi (R.V) And (P) Sarvarnaperivanvilai, Punguamalpuram vilai, 999.OVERSEAS ELECTORS",General,Tamilaga Vettri Kazhagam,159,122,37,Dravida Munnetra Kazhagam,2,4,3,5,6,6,1,6,6,9.63541666666667,0,31.7708333333333,6.77083333333333,19.7916666666667,0.260416666666667,0.0,0.0,41.40625,0.0,0.0,2
241,285,46,152,27,0,0,219,0,5,0,2,2,1,734,0,2,736,0,"T.N.D.T.A Primary School New Building, Pavanasapuram, Soolaikudieruppu, Kuthiraimozhi","1.Kuthiraimozhi (R.V) And (P) Sundarapuram Block 3,
2.Kuthiraimozhi (R.V) And (P) Varatharajapuram Manadu Solaikudirupu Block 4, 3.Kuthiraimozhi (R.V) And (P) Kailasapuram Block 5, 999.OVERSEAS ELECTORS",General,Dravida Munnetra Kazhagam,285,219,66,Tamilaga Vettri Kazhagam,1,4,3,5,7,7,2,7,6,8.99182561307902,5,38.8283378746594,6.26702997275204,20.708446866485,3.67847411444142,0.0,0.0,29.8365122615804,0.0,0.681198910081744,0
242,195,48,173,1,0,1,320,1,4,1,0,0,2,743,0,5,748,0,"Panchayat Union Primary School, New Building, Semmarikulam","1.Semmarikulam (R.V) And (P) Semmarikulam kasbha Block 1,
2.Semmarikulam (R.V) And (P) Thamaraikulam Sathya Nagar Block 5, 999.OVERSEAS ELECTORS",General,Tamilaga Vettri Kazhagam,320,195,125,Dravida Munnetra Kazhagam,2,4,3,6,9,6,1,6,5,16.8236877523553,4,26.2449528936743,6.46029609690444,23.2839838492598,0.134589502018843,0.0,0.134589502018843,43.0686406460296,0.134589502018843,0.53835800807537,3
243,165,46,185,2,1,0,207,0,1,1,0,0,0,607,0,5,612,0,"T.N.D.T.A. Primary School, Immanualpuram, Seemarikulam","1.Semmarikulam (R.V) And (P) Kumaralakshmipuram Block 1,
2.Semmarikulam (R.V) And (P) Valliammalpuram, Immanualpuram Block 1, 999.OVERSEAS ELECTORS",General,Tamilaga Vettri Kazhagam,207,185,22,Bharatiya Janata Party,3,4,2,5,6,8,1,8,6,3.62438220757825,1,27.1828665568369,7.57825370675453,30.4777594728171,0.329489291598023,0.164744645799011,0.0,34.1021416803954,0.0,0.164744645799011,3
244,246,45,190,15,0,0,217,0,3,1,0,0,0,716,0,11,727,0,"T.N.D.T.A Middle school, Kalvilai","1.Semmarikulam (R.V) And (P) Valasaikennaru Ramasamypuram
Block 2, 2.Semmarikulam (R.V) And (P) Kalvilai Arualananthapuram Block 4, 999.OVERSEAS ELECTORS",General,Dravida Munnetra Kazhagam,246,217,29,Tamilaga Vettri Kazhagam,1,4,3,5,7,7,2,7,6,4.05027932960894,3,34.3575418994413,6.28491620111732,26.536312849162,2.09497206703911,0.0,0.0,30.3072625698324,0.0,0.418994413407821,0
245,182,51,62,0,1,1,139,1,0,0,0,0,0,437,0,1,438,0,"T.N.D.T.A Primary School, New Building, Anaithalai, Seemarikulam","1.Semmarikulam (R.V) And (P) Asirwathapuram
Ramasubramaniapuram Block 2, 2.Semmarikulam (R.V) And (P) Anaithlai, poolikudiyiruppu Thirupani Block 3, 999.OVERSEAS ELECTORS",General,Dravida Munnetra Kazhagam,182,139,43,Tamilaga Vettri Kazhagam,1,4,3,8,5,5,2,5,8,9.83981693363844,0,41.6475972540046,11.6704805491991,14.187643020595,0.0,0.22883295194508,0.22883295194508,31.8077803203661,0.22883295194508,0.0,2
246,177,35,152,5,0,0,252,1,0,0,0,0,0,622,0,5,627,0,"St. Annis Primary School, North Portion, Keelaramansamyapuram, Nangaimozhi","1.Nangaimozhi (R.V) And (P) Nangaimozhi block 1, 2.Nangaimozhi (R.V) And (P) Elanganathapuram Block 2, 3.Nangaimozhi (R.V) And
(P) Dharamapuri colony Block 4, 4.Nangaimozhi (R.V) And (P) Melaramasamypuram Block 6, 5.Nangaimozhi (R.V) And (P) Anaiyour Block 7, 999.OVERSEAS ELECTORS",General,Tamilaga Vettri Kazhagam,252,177,75,Dravida Munnetra Kazhagam,2,4,3,5,7,7,1,6,7,12.0578778135048,0,28.4565916398714,5.62700964630225,24.4372990353698,0.803858520900322,0.0,0.0,40.5144694533762,0.160771704180064,0.0,3
247,103,12,143,0,0,0,132,0,1,0,0,0,0,391,0,1,392,0,"St. Annis High School South Side, East
Portion, Keelaramasamyapuram, Nangaimozhi","1.Nangaimozhi (R.V) And (P) Kelaramasamypuram block 5,
2.Nangaimozhi (R.V) And (P) Adaikalapuram Block 3, 999.OVERSEAS ELECTORS",General,Bharatiya Janata Party,143,132,11,Tamilaga Vettri Kazhagam,3,4,1,6,6,6,2,6,5,2.81329923273657,1,26.3427109974424,3.0690537084399,36.5728900255754,0.0,0.0,0.0,33.7595907928389,0.0,0.255754475703325,3
248,169,24,181,1,0,2,153,2,2,0,1,1,0,534,0,1,535,0,"T.N.D.T.A. Primary School Marudhoorkarai, Y.M.C.A Building, Lakshmipuram","1.Lakshmipuram (R.V) And (P) Lakshmipuram Maruthurkarai
block 1, 2.Lakshmipuram (R.V) And (P) Kumaralakshmipuram, Chitanvilai Block 3, 3.Lakshmipuram (R.V) And (P) Ramanathapuram Block 3, 4.Lakshmipuram (R.V) And (P) Vagaivilai Block 4, 999.OVERSEAS ELECTORS",General,Bharatiya Janata Party,181,169,12,Dravida Munnetra Kazhagam,2,4,1,8,9,5,3,5,5,2.24719101123596,2,31.6479400749064,4.49438202247191,33.8951310861423,0.187265917602996,0.0,0.374531835205992,28.6516853932584,0.374531835205992,0.374531835205992,3
249,177,34,69,0,0,0,130,0,0,0,0,0,0,410,0,0,410,0,"TN.D.T.A Primary School, Aroickyapuram, Lakshmipuram","1.Lakshmipuram (R.V) And (P) Sankaralingapuram
Poologapandivilai block 5, 2.Lakshmipuram (R.V) And (P) Arockkyapuram Block 6, 999.OVERSEAS ELECTORS",General,Dravida Munnetra Kazhagam,177,130,47,Tamilaga Vettri Kazhagam,1,4,3,5,5,5,2,5,5,11.4634146341463,0,43.1707317073171,8.29268292682927,16.8292682926829,0.0,0.0,0.0,31.7073170731707,0.0,0.0,2
250,403,68,78,1,0,2,238,4,1,0,1,0,0,795,0,7,802,0,"Ambrose Boys Hr.Sec School Old
Students Bulding, Meiganapuram","1.Mejagannapuram (R.V) And (P) Madathuvilai block 1,
999.OVERSEAS ELECTORS",General,Dravida Munnetra Kazhagam,403,238,165,Tamilaga Vettri Kazhagam,1,4,3,7,9,6,2,5,7,20.7547169811321,1,50.6918238993711,8.55345911949686,9.81132075471698,0.125786163522013,0.0,0.251572327044025,29.937106918239,0.50314465408805,0.125786163522013,2
251,391,93,89,0,0,1,203,1,0,0,0,0,0,778,0,3,781,0,"Ambrose boys Hr.Sec.School Eastern Block, Class XIIth A, Meiganapuram","1.Meignanapuram (R.V) And (P) School street block 2,
2.Meignanapuram (R.V) And (P) North Street Block 3,
3.Meignanapuram (R.V) And (P) Marudhoorkarai Block-9,
4.Meignanapuram (R.V) And (P) Shanthapuram Block 10,
5.Meignanapuram (R.V) And (P) Elanganathapuram Block 1, 999.OVERSEAS ELECTORS",General,Dravida Munnetra Kazhagam,391,203,188,Tamilaga Vettri Kazhagam,1,3,4,7,7,5,2,5,7,24.1645244215938,0,50.2570694087404,11.9537275064267,11.439588688946,0.0,0.0,0.12853470437018,26.0925449871465,0.12853470437018,0.0,2
252,345,71,177,2,1,9,274,1,1,0,0,0,1,881,0,3,884,0,"Eliot Tuxford Girls Hr. Sec.School South Block Class XIIth A1, Meiganapuram","1).Meignanapuram (R.V) And (P) Rottustreet block 4,
2).Meignanapuram (R.V) And (P) Navaladivilai Block 5, 3)
Meignanapuram (R.V) And (P) Muthulakshmipuram Block 6, 999.OVERSEAS ELECTORS",General,Dravida Munnetra Kazhagam,345,274,71,Tamilaga Vettri Kazhagam,1,4,3,6,7,5,2,7,7,8.05902383654938,1,39.1600454029512,8.05902383654938,20.0908059023837,0.227014755959137,0.113507377979569,1.02156640181612,31.1010215664018,0.113507377979569,0.113507377979569,3
253,129,6,9,1,0,2,101,1,0,0,0,0,0,249,0,2,251,0,"Eliot Tuxford Girls Hr. Sec.School South Block Class XIIth A, Meiganapuram","1) Meignanapuram (R.V) And (P) Manikapuram Block 7, 2)
Meignanapuram (R.V) And (P) Kumarasamypuram Block 8, 999.OVERSEAS ELECTORS",General,Dravida Munnetra Kazhagam,129,101,28,Tamilaga Vettri Kazhagam,1,4,3,6,8,5,2,6,8,11.2449799196787,0,51.8072289156626,2.40963855421687,3.6144578313253,0.401606425702811,0.0,0.803212851405622,40.5622489959839,0.401606425702811,0.0,2
254,268,33,67,0,0,0,270,0,2,0,0,2,0,640,0,1,641,0,"T.N.D.T.A Bishop Azaria Memorial Primary School EastPortion, Vellalanvillai","1.Manaduthandupathu (R.V), Velalanvilai (P) Seeranisalai,
Koravialai, Kuttatharvilai block 1, 2.Manaduthandupathu (R.V), Velalanvilai (P) Suthanthara Nagar North Street Block 2,
3.Manaduthandupathu (R.V), Vellalanvilai (P) Suthanthiranagar
SouthStreet Block-3, 999.OVERSEAS ELECTORS",General,Tamilaga Vettri Kazhagam,270,268,2,Dravida Munnetra Kazhagam,2,4,3,6,6,6,1,6,5,0.3125,2,41.875,5.15625,10.46875,0.0,0.0,0.0,42.1875,0.0,0.3125,2
255,287,59,56,0,1,0,123,0,0,0,0,0,0,526,0,2,528,0,"T.N.D.T.A Bisoph Azaria Memorial Primary School West Portion, Vellalanvillai","1.Manaduthandupathu (R.V), Velalanvilai (P) Nainarpuram Keela
Street Mela Street Block 4, 2.Manaduthandupathu (R.V), Velalanvilai (P) Velalanvilai Mela Street Block 5,
3.Manaduthandupathu (R.V), Velalanvilai (P) Velalanvilai
KeelaStreet nadustreet Block 6, 999.OVERSEAS ELECTORS",General,Dravida Munnetra Kazhagam,287,123,164,Tamilaga Vettri Kazhagam,1,3,4,6,5,6,2,6,6,31.1787072243346,0,54.5627376425856,11.2167300380228,10.6463878326996,0.0,0.190114068441065,0.0,23.384030418251,0.0,0.0,2
256,262,29,162,2,1,1,157,0,1,0,0,0,0,615,0,3,618,0,"Shunmugakani Ammal Memorial Panchayat Union MiddleSchool, East Portion, Thandupathu","1.Manaduthandupathu (R.V) And (P) Thandapathu north street block 1, 2.Manaduthandupathu (R.V) And (P) Thandapathu South Street Block 2, 3.Manaduthandupathu (R.V) And (P) Thandapathu Mela Street Puducolony Block 3, 4.Manaduthandupathu (R.V) And
(P) Athiyadithattu Block 4, 999.OVERSEAS ELECTORS",General,Dravida Munnetra Kazhagam,262,162,100,Bharatiya Janata Party,1,4,2,5,6,6,3,9,6,16.260162601626,1,42.6016260162602,4.71544715447155,26.3414634146341,0.32520325203252,0.16260162601626,0.16260162601626,25.5284552845529,0.0,0.16260162601626,3
257,163,37,217,8,0,0,233,2,5,1,0,0,2,665,0,1,666,0,"T.N.D.T.A. Primary School, East Portion, Chithabarapuram, Thandupathu","1.Manaduthandupathu (R.V) And (P) Chettivillai block 5,
2.Manaduthandupathu (R.V) And (P) Chidambarapuram MathaKovil St., (Chidambarapuram ) Mela Street Block 6,
3.Manaduthandupathu (R.V) And (P) Manadu Block 7,
999.OVERSEAS ELECTORS",General,Tamilaga Vettri Kazhagam,233,217,16,Bharatiya Janata Party,3,4,2,5,8,8,1,7,6,2.40601503759398,5,24.5112781954887,5.56390977443609,32.6315789473684,1.20300751879699,0.0,0.0,35.0375939849624,0.300751879699248,0.75187969924812,3
258,162,26,260,0,0,0,155,0,2,0,1,0,0,605,0,1,606,0,"T.N.D.T.A Middle School, West Building, Seerkachi","1.Manaduthandupathu (R.V), Seerkatchi (P) Vijayanarayanapuram
Block 1, 2.Manaduthandupathu (R.V), Seerkatchi (P) Sheerkachi Keelatheru Block 2, 3.Manaduthandupathu (R.V), Seerkatchi (P) Seerkatchi MelaStreet Block 3, 4.Manaduthandupathu (R.V), Seerkatchi (P) Veerabhakupuram Block 4, 999.OVERSEAS
ELECTORS",General,Bharatiya Janata Party,260,162,98,Dravida Munnetra Kazhagam,2,4,1,6,6,6,3,6,5,16.198347107438,2,26.7768595041322,4.29752066115702,42.9752066115703,0.0,0.0,0.0,25.6198347107438,0.0,0.330578512396694,3
259,118,38,210,2,1,3,231,0,3,0,0,0,2,606,0,3,609,0,"Panchayat Union Primary school, western portion, Nainarpathu","1.Manaduthandupathu (R.V), Nainarpathu (P) Inam Nainarpathu
block 1, 2.Manaduthandupathu (R.V), Nainarpathu (P) Ammanpuram Block 2, , 999.OVERSEAS ELECTORS",General,Tamilaga Vettri Kazhagam,231,210,21,Bharatiya Janata Party,3,4,2,7,8,5,1,9,5,3.46534653465347,3,19.4719471947195,6.27062706270627,34.6534653465347,0.33003300330033,0.165016501650165,0.495049504950495,38.1188118811881,0.0,0.495049504950495,3
260,51,10,177,1,0,2,109,0,1,0,1,0,0,351,0,1,352,0,"Panchayat Union Primary School Eastern Portion, Nainarpathu","1.Manaduthandupathu (R.V), Nainarpathu (P) Ponvandu
Ayyanarpuram Nainarpathu Block 3, 2.Manaduthandupathu (R.V), Nainarpathu (P) Thaikkavoor keela Street, West Street, South Street Block 4, 999.OVERSEAS ELECTORS",General,Bharatiya Janata Party,177,109,68,Tamilaga Vettri Kazhagam,3,4,1,6,8,5,2,8,6,19.3732193732194,1,14.5299145299145,2.84900284900285,50.4273504273504,0.284900284900285,0.0,0.56980056980057,31.0541310541311,0.0,0.284900284900285,3
261,156,48,359,1,0,2,257,1,1,0,0,0,1,825,0,1,826,0,"Panchayat Union Middle School, Naina Pillai Street, East Building South Portion, VIIIth Std, Kalankudiyiruppu","1.Udankudi (S.G.T.P) Sivalvilaipudur North Street Ward 1,
2.Udankudi (S.G.T.P) Sivaivillapudur South Street ward 1,
3.Udankudi (S.G.T.P) North Subbramaniapuram Ward 1,
4.Udankudi (S.G.T.P) North kalan kuddirupu east street ward 1,
5.Udankudi (S.G.T.P) School Street Ward 1, 6.Udankudi (S.G.T.P) Mutharamman kovil Street Ward 1, 7.Udankudi (S.G.T.P) Vadakkukudieruppu Vadakku Street Ward1, 8.Udankudi (S.G.T.P) North Kalan Kudiruppu VellangkudiStreet Ward 1, 9.Udankudi (S.G.T.P) Sivalvillai pudur Road Ward 1, 10.Udankudi (S.G.T.P) Sivalvilaipudur Center Street 1, 11.Udankudi (S.G.T.P) Sivalvilaipudur West street ward 1, 12.Udankudi (S.G.T.P)
Nadukkadak Street Ward 3, 999.OVERSEAS ELECTORS",General,Bharatiya Janata Party,359,257,102,Tamilaga Vettri Kazhagam,3,4,1,6,9,5,2,6,6,12.3636363636364,1,18.9090909090909,5.81818181818182,43.5151515151515,0.121212121212121,0.0,0.242424242424242,31.1515151515151,0.121212121212121,0.121212121212121,3
262,569,31,97,1,1,1,243,1,2,0,1,0,0,946,0,1,947,0,"Panchayat Union Middle School, Naina Pillai Street, East Building, North Side Room, Kalankudiyiruppu","1.Udankudi (S.G.T.P) Pichakuvillai colony ward 2, 2.Udankudi
(S.G.T.P) PeriyaStreet Ward 2, 3.Udankudi (S.G.T.P) Kothuwappallivasal Street Ward 3, 4.Udankudi (S.G.T.P) Natukkalankudiruppu North Street Ward 3, 5.Udankudi (S.G.T.P) Nadukkalankudiyeruppu West Street Ward -3, 999.OVERSEAS ELECTORS",General,Dravida Munnetra Kazhagam,569,243,326,Tamilaga Vettri Kazhagam,1,4,3,6,6,6,2,6,5,34.46088794926,2,60.1479915433404,3.276955602537,10.2536997885835,0.105708245243129,0.105708245243129,0.105708245243129,25.6871035940803,0.105708245243129,0.211416490486258,2
263,267,30,147,0,0,0,180,1,2,2,0,0,0,627,0,1,628,0,"Najath Nursery and Primary School East Building North Side , Udankudi","1.Udankudi (S.G.T.P) Santhaiyadi Street ward 17, 2.Udankudi
(S.G.T.P) Coola Street Ward 17, 3.Udankudi (S.G.T.P) kalan Kudiruppu Ward 17, 999.OVERSEAS ELECTORS",General,Dravida Munnetra Kazhagam,267,180,87,Tamilaga Vettri Kazhagam,1,4,3,7,7,7,2,6,5,13.8755980861244,2,42.5837320574163,4.78468899521531,23.444976076555,0.0,0.0,0.0,28.7081339712919,0.159489633173844,0.318979266347687,3
264,231,13,52,2,0,1,105,0,1,1,0,0,0,405,0,0,405,0,"Najath Nursery and Primary School, west Building South side, Udankudi","1.Udankudi (S.G.T.P) Nadukkadai SawyakkaraStreet Ward 17,
2.Udankudi (S.G.T.P) VannarkudiStreet Ward 4, 3.Udankudi (S.G.T.P) Kombudaiyar Street Ward 4, 4.Udankudi (S.G.T.P) Kalam Pudu Street Ward 4, 999.OVERSEAS ELECTORS",General,Dravida Munnetra Kazhagam,231,105,126,Tamilaga Vettri Kazhagam,1,4,3,5,8,6,2,8,6,31.1111111111111,1,57.037037037037,3.20987654320988,12.8395061728395,0.493827160493827,0.0,0.246913580246914,25.9259259259259,0.0,0.246913580246914,2
265,353,37,97,0,0,1,296,1,2,0,0,0,2,787,0,5,792,0,"Govt Middle School, East Building North Side, Vithyasalai, Udankudi","1.Udankudi (S.G.T.P) Suntanpuram south street ward 5,
2.Udankudi (S.G.T.P) Nadukkadai colony Ward 5, 3.Udankudi (S.G.T.P) Sulthanpuram North Street Ward 5, 4.Udankudi (S.G.T.P) Sulthanpuram Sandu Ward 5, 5.Udankudi (S.G.T.P) Pudhu Colony Ward 5, 6.Udankudi (S.G.T.P) Colony Road Ward 5, 7.Udankudi (S.G.T.P) Udankudi colony North Street Ward 5, 8.Udankudi (S.G.T.P) Udankudi Colony Southu Street Ward 5, 999.OVERSEAS ELECTORS",General,Dravida Munnetra Kazhagam,353,296,57,Tamilaga Vettri Kazhagam,1,4,3,8,8,6,2,6,5,7.24269377382465,2,44.853875476493,4.70139771283355,12.3252858958069,0.0,0.0,0.127064803049555,37.6111817026684,0.127064803049555,0.254129606099111,2
266,133,17,109,0,0,0,192,1,0,0,0,0,0,452,0,1,453,0,"Govrnment Middle School, , North Building, West side, Vithyasalai, Udankudi","1.Udankudi (S.G.T.P) Kottaivillai colony Ward 8, 2.Udankudi
(S.G.T.P) Kottaivillai colony south Street Ward 8, 3.Udankudi (S.G.T.P) Kottaivillai Puducolony Ward 8, 4.Udankudi (S.G.T.P) Subramaniapuram South Street Ward 9, 5.Udankudi (S.G.T.P) Subbramaniapuram North Street Ward 9, 6.Udankudi (S.G.T.P) Satharakkonvilaisanthu Ward 9, 999.OVERSEAS ELECTORS",General,Tamilaga Vettri Kazhagam,192,133,59,Dravida Munnetra Kazhagam,2,4,3,6,6,6,1,5,6,13.0530973451327,0,29.424778761062,3.76106194690265,24.1150442477876,0.0,0.0,0.0,42.4778761061947,0.221238938053097,0.0,2
267,234,20,65,1,1,0,117,0,0,0,0,0,0,438,0,0,438,0,"St Antony R.C. Middle School, South
Building, West Hall, Udankudi","1.Udankudi (S.G.T.P) Pudhumanai pallivaasal street ward 8,
999.OVERSEAS ELECTORS",General,Dravida Munnetra Kazhagam,234,117,117,Tamilaga Vettri Kazhagam,1,4,3,5,5,7,2,7,7,26.7123287671233,0,53.4246575342466,4.5662100456621,14.8401826484018,0.228310502283105,0.228310502283105,0.0,26.7123287671233,0.0,0.0,2
268,190,28,107,1,0,0,187,0,0,0,0,0,0,513,0,5,518,1,"St Antony R.C. Middle School, South Building, East Hall, Udankudi","1.Udankudi (S.G.T.P) Pudumanai Pudhu Street Ward 5,
2.Udankudi (S.G.T.P) Villi Kudiyiruppu Ward 7, 999.OVERSEAS ELECTORS",General,Dravida Munnetra Kazhagam,190,187,3,Tamilaga Vettri Kazhagam,1,4,3,5,6,6,2,6,6,0.584795321637427,0,37.037037037037,5.45808966861598,20.8576998050682,0.194931773879142,0.0,0.0,36.4522417153996,0.0,0.0,2
269,129,18,113,1,0,0,182,0,3,0,0,0,3,446,0,1,447,0,"St Antony R.C. Middle School, North Side, West Hall, Udankudi","1.Udankudi (S.G.T.P) North Street Ward 6, 2.Udankudi (S.G.T.P)
Nadutheru Ward 6, 3.Udankudi (S.G.T.P) Keela Street Ward 6,
4.Udankudi (S.G.T.P) Bustand Road Ward 6, 5.Udankudi (S.G.T.P) Melastreet ward 6, 6.Udankudi (S.G.T.P) Mowlakudi Street Ward 7,
7.Udankudi (S.G.T.P) Fernandos Street Ward 7, 8.Udankudi (S.G.T.P) Parather Street Sandu ward 7, 9.Udankudi (S.G.T.P) PerungkadaiStreet Ward 7, 10.Udankudi (S.G.T.P) R.C. Kovil Street 7, 11.Udankudi (S.G.T.P) South Street Ward 7, 999.OVERSEAS
ELECTORS",General,Tamilaga Vettri Kazhagam,182,129,53,Dravida Munnetra Kazhagam,2,4,3,6,7,7,1,7,5,11.8834080717489,3,28.9237668161435,4.03587443946188,25.3363228699552,0.224215246636771,0.0,0.0,40.8071748878924,0.0,0.672645739910314,3
270,116,25,153,0,1,4,182,1,0,0,0,0,0,482,0,1,483,0,"St. Antony R.C. Middle School, North Building, Middle Hall, Udankudi","1.Udankudi (S.G.T.P) Santhaikadai Street Ward 6, 2.Udankudi
(S.G.T.P) Keela Pudu Street Ward 6, 3.Udankudi (S.G.T.P) Thesayanvillai Road ward6, 999.OVERSEAS ELECTORS",General,Tamilaga Vettri Kazhagam,182,153,29,Bharatiya Janata Party,3,4,2,8,6,5,1,6,8,6.01659751037344,0,24.0663900414938,5.18672199170125,31.7427385892116,0.0,0.20746887966805,0.829875518672199,37.7593360995851,0.20746887966805,0.0,3
271,92,23,380,1,0,0,182,0,2,0,0,0,2,680,0,4,684,0,"Panchayat Union Middle school Central Hall, Idachivillai, Udankudi","1.Udankudi (S.G.T.P) Thandavankadu Road ward 10, 2.Udankudi (S.G.T.P) Muthaukrishnapuram North Street Ward 10, 3.Udankudi (S.G.T.P) Muthukrishnapuram KeelaStreet Ward 10, 4.Udankudi (S.G.T.P) Lakshmipuram NOrth Street Ward 10, 5.Udankudi (S.G.T.P) Lakshmipuram south Street Ward 10, 6.Udankudi (S.G.T.P) Muthukrishnapuram South Street Ward 10, 7.Udankudi (S.G.T.P) Muthukrishnapuram PeriaStreet Ward 10, 8.Udankudi (S.G.T.P) Muthukrishnapuram MelaStreet Ward 10, 9.Udankudi (S.G.T.P) Idaychivillai Ward 10, 10.Udankudi (S.G.T.P) Kottankadu South Street Ward 10, 11.Udankudi (S.G.T.P) Kottankadu North Street Ward 10, 12.Udankudi (S.G.T.P) Kottankaadu colony Ward
10, 999.OVERSEAS ELECTORS",General,Bharatiya Janata Party,380,182,198,Tamilaga Vettri Kazhagam,3,4,1,6,7,7,2,7,5,29.1176470588235,2,13.5294117647059,3.38235294117647,55.8823529411765,0.147058823529412,0.0,0.0,26.7647058823529,0.0,0.294117647058823,3
272,179,32,363,2,1,1,227,2,3,2,0,0,1,810,0,3,813,0,"Mary Ann Best Girls Hr,sec School, Main Building , Middle Room ,XIthStd D.D.M Room, Pandarachittivillai","1.Udankudi (S.G.T.P) pandarangchettyvillai South Street Ward 11,
2.Udankudi (S.G.T.P) Pandaranchetteyvillai North Street Ward 11,
3.Udankudi (S.G.T.P) Thandavankadu Road Ward 11, 4.Udankudi (S.G.T.P) Thanganagaram Ward 11, 5.Udankudi (S.G.T.P) Renkanathapuram Keela Street Ward 11, 6.Udankudi (S.G.T.P) Renkanathapuram West Street Ward 11, 7.Udankudi (S.G.T.P) Satharakonvillai South Street Ward 11, 8.Udankudi (S.G.T.P) Satharanakonvillai North Street Ward 11, 999.OVERSEAS
ELECTORS",General,Bharatiya Janata Party,363,227,136,Tamilaga Vettri Kazhagam,3,4,1,6,8,8,2,6,5,16.7901234567901,3,22.0987654320988,3.95061728395062,44.8148148148148,0.246913580246914,0.123456790123457,0.123456790123457,28.0246913580247,0.246913580246914,0.37037037037037,3
273,156,40,312,2,0,0,226,0,0,0,0,0,0,736,0,0,736,0,"Mary Ann Best Girls Hr.sec.School, Middle Building, North side, PanarachittivillaiNorth Building Class VIIIth C, Pandarachittivillai","1.Udankudi (S.G.T.P) Santhaiyadiuor Mutharamman kovil Street Ward 11, 2.Udankudi (S.G.T.P) Thandavankadu Road Ward 12,
3.Udenkudi (S.G.T.P) Santhaiyadiur South Street Ward 12,
4.Udankudi (S.G.T.P) Santhaiyadiuor Narayansamy Street Ward 12, 5.Udankudi (S.G.T.P) Pandaravillai Ward 12, 6.Udankudi (S.G.T.P) Sathiyanagaram Ward 12, 7.Udankudi (S.G.T.P) Somathapuram Ward 12, 8.Udankudi (S.G.T.P) Somanathapuram South Street Ward-12, 999.OVERSEAS ELECTORS",General,Bharatiya Janata Party,312,226,86,Tamilaga Vettri Kazhagam,3,4,1,5,6,6,2,6,6,11.6847826086957,0,21.195652173913,5.43478260869565,42.3913043478261,0.271739130434783,0.0,0.0,30.7065217391304,0.0,0.0,3
274,258,28,34,1,0,0,111,1,1,0,0,0,1,434,0,4,438,0,"Mary Ann Best Girls Hr.Sec School,
SouthPortion Main Building, Pandarachittiviilai","1.Udankudi (S.G.T.P) Pudumanai MelaStreet (Pudustreet) Ward 8,
2.Udankudi (S.G.T.P) Pudumanai North Street Ward 8, 999.OVERSEAS ELECTORS",General,Dravida Munnetra Kazhagam,258,111,147,Tamilaga Vettri Kazhagam,1,4,3,5,8,8,2,5,5,33.8709677419355,1,59.4470046082949,6.45161290322581,7.83410138248848,0.230414746543779,0.0,0.0,25.5760368663594,0.230414746543779,0.230414746543779,2
275,125,43,201,0,0,0,205,0,1,0,0,0,0,575,0,3,578,0,"Mary Ann Best Girls Hr.Sec School, East Building, Middle room 10B, Pandarachittiviilai","1.Udankudi (S.G.T.P) Santhaiyadiuor Natu Street Ward 13,
2.Udankudi (S.G.T.P) Santhaiyadiuor Meluor Ward 13, 3.Udankudi (S.G.T.P) Mariyamalpuram Ward 13, 4.Udankudi (S.G.T.P) Thesayanvillai Road Ward 13, 5.Udankudi (S.G.T.P) Santhaiyadiuor MutharammankovilStreet Ward 13, 999.OVERSEAS ELECTORS",General,Tamilaga Vettri Kazhagam,205,201,4,Bharatiya Janata Party,3,4,2,6,6,6,1,6,5,0.695652173913043,1,21.7391304347826,7.47826086956522,34.9565217391304,0.0,0.0,0.0,35.6521739130435,0.0,0.173913043478261,3
276,329,43,71,1,0,2,171,0,1,0,0,0,1,618,0,3,621,0,"T.N.D.T.A Boys Hr. Sec School East Portion, East Building, Christianagaram","1.Udankudi (S.G.T.P) Christeyanagaram North Street Ward 15,
2.Udankudi (S.G.T.P) Christeya Nagaram South Street Ward 15,
3.Udankudi (S.G.T.P) ChristeyaNagaram Center Street Ward 15,
4.Udankudi (S.G.T.P) Sathiya moorthy Bazhar Ward 15, 999.OVERSEAS ELECTORS",General,Dravida Munnetra Kazhagam,329,171,158,Tamilaga Vettri Kazhagam,1,4,3,6,8,5,2,8,6,25.5663430420712,1,53.2362459546925,6.957928802589,11.4886731391586,0.161812297734628,0.0,0.323624595469256,27.6699029126214,0.0,0.161812297734628,2
277,187,31,346,2,0,3,337,0,45,0,0,2,43,951,0,4,955,0,"T.N.D.T.A Boys Hr.Sec School,East Portion New Building,Class Xth A, Christianagaram","1.Udankudi (S.G.T.P) Kattuvathattu street ward 14, 2.Udankudi (S.G.T.P) Vaithaiyalingapuram East Street Ward 14, 3.Udankudi (S.G.T.P) Vaithaiyalingapuram EdakkudiStreet Ward 14,
4.Udankudi (S.G.T.P) Vaitheiyalingapuram KammalarSouth Street Ward 14, 5.Udankudi (S.G.T.P) Vaithelingapuram KamalarNorth Street Ward 14, 6.Udankudi (S.G.T.P) Perumal sanathiStreet Ward 14, 7.Udankudi (S.G.T.P) VaitheiyalingapuramMelaStreet Ward 14,
8.Udankudi (S.G.T.P) Vaithaiyalingapuram MelaStreet2 Ward 14,
999.OVERSEAS ELECTORS",General,Bharatiya Janata Party,346,337,9,Tamilaga Vettri Kazhagam,3,5,1,7,8,6,2,8,4,0.946372239747634,45,19.6635120925342,3.25972660357518,36.3827549947424,0.210304942166141,0.0,0.315457413249211,35.4363827549948,0.0,4.73186119873817,3
278,209,41,278,6,0,2,229,0,2,2,0,0,0,767,0,2,769,0,"T.N.D.T.A Boys Hr.Sec School, Western New Building, X std D,Muslim Wellwishers Block, Christianagaram","1.Udankudi (S.G.T.P) Venkatachalapuram north street ward 16,
2.Udankudi (S.G.T.P) Venkatachalapuram South Street Ward16,
3.Udankudi (S.G.T.P) Venkatachalapuram East Street Ward 16,
4.Udankudi (S.G.T.P) Pillaiyar Periavanthattu South Street Ward 15, 5.Udankudi (S.G.T.P) Pillaiyar Periyavan thattu Sandu Ward 16, 6.Udankudi (S.G.T.P) Venkatachalapuram East Street 1 Ward 16, 7.Udankudi (S.G.T.P) Venkatachalapuram West Street 2 Ward 16, 8.Udankudi (S.G.T.P) Pillaiyar periyavanthattu North Street Ward 16, 9.Udankudi (S.G.T.P) Venkatachalapuram west Street 3, 999.OVERSEAS ELECTORS",General,Bharatiya Janata Party,278,229,49,Tamilaga Vettri Kazhagam,3,4,1,5,8,6,2,8,6,6.38852672750978,2,27.2490221642764,5.34550195567145,36.245110821382,0.782268578878748,0.0,0.260756192959583,29.8565840938722,0.0,0.260756192959583,3
279,688,23,23,1,0,0,154,0,0,0,0,0,0,889,0,4,893,0,"Panchayat Union Primary School West
Building, Periya Street, Kalankudiyiruppu","1.Udankudi (S.G.T.P) Nainar Pillai Street Ward 18, 2.Udankudi
(S.G.T.P) ChedambaraStreet Ward 18, 3.Udankudi (S.G.T.P) Mohiden Pudu Street Ward 18, 999.OVERSEAS ELECTORS",General,Dravida Munnetra Kazhagam,688,154,534,Tamilaga Vettri Kazhagam,1,3,3,5,6,6,2,6,6,60.0674915635545,0,77.3903262092238,2.58717660292463,2.58717660292463,0.112485939257593,0.0,0.0,17.3228346456693,0.0,0.0,1
280,127,11,217,0,1,2,167,1,3,1,1,0,1,529,0,1,530,0,"Panchayat Union Primary School New
Building, South Side, Chettiyapathu","1.Chettiapathu (R.P) And (P) Chettiapathu Block 2, 999.OVERSEAS
ELECTORS",General,Bharatiya Janata Party,217,167,50,Tamilaga Vettri Kazhagam,3,4,1,9,7,6,2,7,5,9.45179584120983,3,24.007561436673,2.07939508506616,41.0207939508507,0.0,0.189035916824197,0.378071833648393,31.5689981096408,0.189035916824197,0.56710775047259,3
281,88,16,154,1,1,0,128,0,2,0,0,0,1,390,0,2,392,0,"Anganwadi centre, Chettyapathu","1.Chettiapathu (R.V) And (P) Vathiyarkudiruppu Block 9,
2.Chettiapathu (R.V) And (P) Muthukrishnapuram Block 10,
3.Chettiapathu (R.V) And (P) Kumaralakshmipuram Block 1,
4.Chettiapathu (R.V) And (P) Arunachalapuram Block 2, 999.OVERSEAS ELECTORS",General,Bharatiya Janata Party,154,128,26,Tamilaga Vettri Kazhagam,3,4,1,6,6,8,2,8,5,6.66666666666667,2,22.5641025641026,4.1025641025641,39.4871794871795,0.256410256410256,0.256410256410256,0.0,32.8205128205128,0.0,0.512820512820513,3
282,140,39,311,0,0,2,320,1,4,0,0,0,4,817,0,5,822,0,"T.N.D.T.A Primary School South Portion, Theriuoor","1.Chettiapathu (R.V) And (P) Theriuor Melpuram Block 3,
2.Chettiapathu (R.V) And (P) Theriuor Keelpuram Block 4, 999.OVERSEAS ELECTORS",General,Tamilaga Vettri Kazhagam,320,311,9,Bharatiya Janata Party,3,4,2,8,8,6,1,7,5,1.1015911872705,4,17.1358629130967,4.77356181150551,38.0660954712362,0.0,0.0,0.244798041615667,39.1676866585067,0.122399020807834,0.489596083231334,3
283,105,24,167,0,0,0,225,0,0,0,0,0,0,521,0,3,524,0,"Sri Ramakrishna Chithambaraeswar Hr
Sec School, West Building North Side Room No5, Therioor","1.Chettiapathu (R.V) And (P) Sivaluor Block 5, 999.OVERSEAS ELECTORS",General,Tamilaga Vettri Kazhagam,225,167,58,Bharatiya Janata Party,3,4,2,5,5,5,1,5,5,11.1324376199616,0,20.1535508637236,4.60652591170825,32.0537428023033,0.0,0.0,0.0,43.1861804222649,0.0,0.0,3
284,114,24,187,1,0,0,177,1,1,1,0,0,0,505,0,1,506,0,"Sri Ramakrishna Chithambareswarar Hr.Sec.School West Building North Side, Class no 7,Therioor","1.Chettiapathu (R.V) And (P) Aandivillai Block 1, 2.Chettiapathu (R.V) And (P) Kottankadu Block 6, 3.Chettiapathu (R.V) And (P) Thangai Pandarapuram Block 7, 4.Chettiapathu (R.V) And (P) Thangai Ramachandrapuram Block 8, 999.OVERSEAS ELECTORS",General,Bharatiya Janata Party,187,177,10,Tamilaga Vettri Kazhagam,3,4,1,5,8,8,2,5,5,1.98019801980198,1,22.5742574257426,4.75247524752475,37.029702970297,0.198019801980198,0.0,0.0,35.049504950495,0.198019801980198,0.198019801980198,3
285,219,26,220,1,0,0,158,0,2,0,0,0,0,626,0,0,626,0,"T.N.D.T.A, Middle School, Meyoor","1.Venkataramanujapuram (R.V) And (P) Narayanapuram Block 1,
2.Venkataramanujapuram (R.V) And (P) Subbramaniyapuram Block 1, 3.Venkataramanujapuram (R.V) And (P) Mayoor Block 12,
4.Venkataramanujapuram (R.V) And (P) Venkataramanujapuram Kasbha Block 13, 5.Venkataramanujapuram (R.V) And (P) Thangaikailasapuram Block 14, 999.OVERSEAS ELECTORS",General,Bharatiya Janata Party,220,219,1,Dravida Munnetra Kazhagam,2,4,1,6,7,7,3,7,5,0.159744408945687,2,34.9840255591054,4.15335463258786,35.1437699680511,0.159744408945687,0.0,0.0,25.2396166134185,0.0,0.319488817891374,3
286,35,23,155,0,0,1,85,1,1,0,1,0,0,301,0,2,303,0,"Panchayat Union Primary School, Piraikudieruppu","1.Venkataramanujapuram (R.V) And (P) Ramasamydharmapuram
Block 8, 2.Venkataramanujapuram (R.V) And (P) Braikudiruppu Block 9, 3.Venkataramanujapuram (R.V) And (P) Kaliyanvillai Block 10, , 999.OVERSEAS ELECTORS",General,Bharatiya Janata Party,155,85,70,Tamilaga Vettri Kazhagam,3,4,1,8,8,5,2,5,5,23.2558139534884,1,11.6279069767442,7.64119601328904,51.4950166112957,0.0,0.0,0.332225913621263,28.2392026578073,0.332225913621263,0.332225913621263,3
287,152,29,283,1,0,0,197,0,3,1,0,1,1,665,0,2,667,0,"Panchayat Union Primary School, Uthiramadankudieruppu","1.Venkataramanujapuram (R.V) And (P) Uthiramadankudiruppu
Block 6, 2.Venkataramanujapuram (R.V) And (P)
Sembulinagapuram Block 6, 3.Venkataramanujapuram (R.V) And
(P) Kandasamypuram Block 7, 999.OVERSEAS ELECTORS",General,Bharatiya Janata Party,283,197,86,Tamilaga Vettri Kazhagam,3,4,1,6,7,7,2,7,5,12.9323308270677,3,22.8571428571429,4.3609022556391,42.5563909774436,0.150375939849624,0.0,0.0,29.6240601503759,0.0,0.451127819548872,3
288,58,7,140,0,0,1,95,0,1,0,0,0,1,302,0,0,302,0,"Govt High School, Venkatrananugapuram, New Building , East Portion,Uthiramadankudieruppu","1.Venkataramanujapuram (R.V) And (P) Kandapuram Block 2,
2.Venkataramanujapuram (R.V) And (P) Madavillai Annanagar Block 3, 3.Venkataramanujapuram (R.V) And (P) Nesapuram Block 4, 999.OVERSEAS ELECTORS",General,Bharatiya Janata Party,140,95,45,Tamilaga Vettri Kazhagam,3,4,1,7,7,5,2,7,5,14.9006622516556,1,19.205298013245,2.31788079470199,46.3576158940397,0.0,0.0,0.33112582781457,31.4569536423841,0.0,0.33112582781457,3
289,180,28,317,1,0,1,232,1,5,0,0,3,1,765,0,2,767,0,"Panchayat Union Primery School West Side, Gnaniyakudieruppu","1.Athiyakuruchi (R.V) And (P) Teethathapuram Block 1,
2.Athiyakuruchi (R.V) And (P) Gnnear kuddiruppu Block 2,
3.Athiyakuruchi (R.V) And (P) Vedakottavillai Block 3,
4.Athiyakuruchi (R.V) And (P) Ramasamypuram Block 4, 999.OVERSEAS ELECTORS",General,Bharatiya Janata Party,317,232,85,Tamilaga Vettri Kazhagam,3,4,1,6,9,6,2,6,5,11.1111111111111,5,23.5294117647059,3.66013071895425,41.437908496732,0.130718954248366,0.0,0.130718954248366,30.3267973856209,0.130718954248366,0.65359477124183,3
290,195,36,237,4,0,0,245,0,10,0,2,1,6,727,0,2,729,0,"PandarasivanSenthilArumugam Memorial Middle School, West End Building Kulasekaranpattanam","1.Kulasekaranpattinam (R.V) And (P) Melaratha Veethi Block 1,
2.Kulasekaranpattinam (R.V) And (P) South car Street Block 1,
3.Kulasekaranpattinam (R.V) And (P) Perumal Kovil Street Block 1,
4.Kulasekaranpattinam (R.V) And (P) Yadavar East Street Block 1,
5.Kulasekaranpattinam (R.V) And (P) Yadavar South East Street Block 1, 999.OVERSEAS ELECTORS",General,Tamilaga Vettri Kazhagam,245,237,8,Bharatiya Janata Party,3,4,2,6,7,7,1,7,5,1.10041265474553,10,26.8225584594223,4.95185694635488,32.5997248968363,0.550206327372765,0.0,0.0,33.7001375515818,0.0,1.37551581843191,3
291,145,40,244,2,0,5,211,0,11,0,0,0,10,658,0,4,662,0,Pandarasivan SenthilArumugam Memory Middle School K.S Ananathakumar Memoriyal Block South Portion Kulasekaranpattanam,"1.Kulasekaranpattinam (R.V) And (P) Karunkaliamman sannathi
Street Block 1, 2.Kulasekaranpattinam (R.V) And (P) Karungkaliamman sannathi West Street Block 1,
3.Kulasekaranpattinam (R.V) And (P) Pudustreet Block 2,
999.OVERSEAS ELECTORS",General,Bharatiya Janata Party,244,211,33,Tamilaga Vettri Kazhagam,3,4,1,7,8,6,2,8,5,5.01519756838906,11,22.0364741641337,6.0790273556231,37.0820668693009,0.303951367781155,0.0,0.759878419452888,32.0668693009118,0.0,1.67173252279635,3
292,136,23,188,17,0,0,150,2,5,0,0,0,3,521,0,2,523,0,Pandarasivan SenthilArumugam Memory Middle School K.S Ananathakumar Memoriyal Block North Portion Kulasekaranpattanam,"1.Kulasekaranpattinam (R.V) And (P) West Street Block 2,
2.Kulasekaranpattinam (R.V) And (P) Maruthuvar Street Block 2,
3.Kulasekaranpattinam (R.V) And (P) Center Street Block 2,
4.Kulasekaranpattinam (R.V) And (P) South Street Block 2,
5.Kulasekaranpattinam (R.V) And (P) Udayamarthandan Vinayagar Kovil Street Block 2, 6.Kulasekaranpattinam (R.V) And (P) Mela Aandi Street Block 2, 7.Kulasekaranpattinam (R.V) And (P) Mubbedariammankovil sanathi keela Street Block 3,
8.Kulasekaranpattinam (R.V) And (P) Keelamarakkudi Street Block
3, 999.OVERSEAS ELECTORS",General,Bharatiya Janata Party,188,150,38,Tamilaga Vettri Kazhagam,3,4,1,5,8,8,2,7,6,7.2936660268714,5,26.1036468330134,4.41458733205374,36.084452975048,3.26295585412668,0.0,0.0,28.7907869481766,0.383877159309021,0.959692898272553,0
293,155,12,32,2,1,0,124,0,0,0,0,0,0,326,0,2,328,0,"T.N.D.T.A Primary School,
Kulasekaranpattanam","1.Kulasekaranpattinam (R.V) And (P) Vadakoor block 1,
999.OVERSEAS ELECTORS",General,Dravida Munnetra Kazhagam,155,124,31,Tamilaga Vettri Kazhagam,1,4,3,5,6,7,2,7,7,9.50920245398773,0,47.5460122699387,3.68098159509202,9.8159509202454,0.613496932515337,0.306748466257669,0.0,38.0368098159509,0.0,0.0,2
294,134,20,75,1,0,1,253,0,2,0,0,0,1,486,0,1,487,0,"Panchayat Union Primary school,
Kallamozhi.","1..Udankudi (S.G.T.P) Kallamoli Block 1, 999.OVERSEAS
ELECTORS",General,Tamilaga Vettri Kazhagam,253,134,119,Dravida Munnetra Kazhagam,2,4,3,6,8,6,1,8,5,24.4855967078189,2,27.5720164609053,4.11522633744856,15.4320987654321,0.205761316872428,0.0,0.205761316872428,52.0576131687243,0.0,0.411522633744856,2
295,403,15,54,2,0,0,192,0,2,0,0,0,1,668,0,2,670,0,"Thiru Arul Higher Sec. School, South Building, Kulasekaranpattanam","1.Kulasekaranpattanam(R.V) And (P) Muthuaramman
Melamalayan Street Block 3, 2.Kulasekaranpattinam (R.V) And (P) Vaniyakudi Street Block 3, 3.Kulasekaranpattinam (R.V) And (P) Melaravutharpalayam Block 3, 4.Kulasekaranpattinam (R.V) And
(P) Keelaraovuther palayam Block 3, 5.Kulasekaranpattinam (R.V) And (P) Kothuwapallivasal South Street Block 4,
6.Kulasekaranpattanam (R.V) And (P) Kothuvapallivasal Sannathi Street Block 4, 7.Kulasekaranpattinam (R.V) And (P) Vadakkanar Street Block 4, 8.Kulasekaranpattinam (R.V) And (P) Pandakasalai Street Block 4, 9.Kulasekaranpattinam (R.V) And (P) Kothuwapallivasal North Street Block 4, 999.OVERSEAS
ELECTORS",General,Dravida Munnetra Kazhagam,403,192,211,Tamilaga Vettri Kazhagam,1,4,3,5,7,7,2,7,5,31.5868263473054,2,60.3293413173653,2.24550898203593,8.08383233532934,0.29940119760479,0.0,0.0,28.7425149700599,0.0,0.29940119760479,2
296,123,21,77,20,0,1,277,0,0,0,0,0,0,519,0,2,521,0,"Thiru Arul Hr. Sec School North Building East Portion, Kulasekaranpattanam","1.Kulasekaranpattinam (R.V) And (P) Xaiver Koil Sannathi Street
Block 3, 2.Kulasekaranpattinam (R.V) And (P) Xavier kovil Kurukku Street Block 3, 3.Kulasekaranpattinam (R.V) And (P) Xavierkovil Street Block 3, 4.Kulasekaranpattinam (R.V) And (P) Mutharammankovil Street Keelamalayan Street Block 3,
5.Kulasekaranpattinam (R.V) And (P) Katcherry Street Block 3,
6.Kulasekaranpattinam (R.V) And (P) Sawyakkarakudi Street Block 3, 7.Kulasekaranpattinam (R.V) And (P) Melamarakkudi Street",General,Tamilaga Vettri Kazhagam,277,123,154,Dravida Munnetra Kazhagam,2,4,3,5,7,6,1,7,7,29.6724470134875,0,23.6994219653179,4.04624277456647,14.8362235067437,3.85356454720616,0.0,0.192678227360308,53.3718689788054,0.0,0.0,0
297,474,22,29,1,0,0,223,0,3,3,0,0,0,752,0,6,758,0,"Hasania Middle School, Southern End East building, Northern Side, Hasania street, Kulasekaranpattanam","1B.lKocukla3s,ek9a9r9a.OnpVaEtRtinSaEmAS(RE.LVE) CATnOd R(PS) Melapudustreet Block 4,
2.Kulasekaranpattinam (R.V) And (P) Keela Pudustreet Block 5,
3.Kulasekaranpattinam (R.V) And (P) Hasaniya Street Block 5,
4.Kulasekaranpattinam (R.V) And (P) Madasamypuram Block 5,
5.Kulasekaranpattinam (R.V) And (P) Mangalapuram Theyakarajapruam Block 5, 6.Kulasekaranpattinam (R.V) And (P) Ianthuvarna Street Block 5, 7.Kulasekaranpattinam (R.V) And (P) Mohaiden Street Block 5, 999.OVERSEAS ELECTORS",General,Dravida Munnetra Kazhagam,474,223,251,Tamilaga Vettri Kazhagam,1,4,3,6,7,7,2,7,5,33.3776595744681,3,63.031914893617,2.92553191489362,3.8563829787234,0.132978723404255,0.0,0.0,29.6542553191489,0.0,0.398936170212766,1
298,248,35,41,3,2,4,222,0,1,0,0,0,1,556,0,3,559,0,"Hasania Middle School west building, Hasania street, Kulasekaranpattanam","1.Kulasekaranpattinam (R.V) And (P) Kathireya sanathi Street
Block 5, 2.Kulasekaranpattinam (R.V) And (P) Vannakkudistreet Block 5, 3.Kulasekaranpattinam (R.V) And (P) Kathereya South Street Block 5, 4.Kulasekaranpattinam (R.V) And (P) Bharathi Street Block 5, 5.Kulasekaranpattinam (R.V) And (P)
Anukoolapuram block 5, 999.OVERSEAS ELECTORS",General,Dravida Munnetra Kazhagam,248,222,26,Tamilaga Vettri Kazhagam,1,4,3,6,7,5,2,9,8,4.67625899280576,1,44.6043165467626,6.29496402877698,7.37410071942446,0.539568345323741,0.359712230215827,0.719424460431655,39.9280575539568,0.0,0.179856115107914,2
299,131,12,22,0,1,2,247,1,0,0,0,0,0,416,0,0,416,0,"St. Joseph Higher Secondary School
West Side VictoriaHall, XIIth std, Manapadu","1.Manapadu (R.V) And (P) Raja Street Block 1 (Door No.01 - 116), 999.OVERSEAS ELECTORS",General,Tamilaga Vettri Kazhagam,247,131,116,Dravida Munnetra Kazhagam,2,4,3,8,6,5,1,6,8,27.8846153846154,0,31.4903846153846,2.88461538461538,5.28846153846154,0.0,0.240384615384615,0.480769230769231,59.375,0.240384615384615,0.0,2
300,209,23,54,0,0,3,354,1,0,0,0,0,0,644,0,2,646,0,"St. Joseph Higher Secondary School
East Side VictoriaHall Xth Std Manapadu","1.Manapadu (R.V) And (P) Raja Street Block 1 (Door No.117 - 742),
2.Manapadu (R.V) And (P) Kadarkarai Street Block 1, 999.OVERSEAS ELECTORS",General,Tamilaga Vettri Kazhagam,354,209,145,Dravida Munnetra Kazhagam,2,4,3,7,7,5,1,6,7,22.5155279503106,0,32.4534161490683,3.57142857142857,8.38509316770186,0.0,0.0,0.46583850931677,54.9689440993789,0.15527950310559,0.0,2
301,315,44,47,1,0,0,488,1,0,0,0,0,0,896,0,0,896,0,"St. Joseph Hr. Sec. School, Centenary Hall, Manapadu","1.Manapadu (R.V) And (P) James Street Block 2, 2.Manapadu (R.V)
And (P) Middle Street Block 2, 3.Manapadu (R.V) And (P) Pudhu & Gundal Street Block 3, 999.OVERSEAS ELECTORS",General,Tamilaga Vettri Kazhagam,488,315,173,Dravida Munnetra Kazhagam,2,4,3,5,7,7,1,5,7,19.3080357142857,0,35.15625,4.91071428571429,5.24553571428571,0.111607142857143,0.0,0.0,54.4642857142857,0.111607142857143,0.0,2
302,139,25,20,1,0,1,387,0,2,0,0,0,1,575,0,0,575,0,"St. Joseph Hr. Sec. School Golden Jubilee , East side, Manapadu.","1.Manapadu (R.V) And (P) Periakovil Sannathi Street Block 3,
2.Manapadu (R.V) And (P) Meenavar colony Light house Street Block 3 Door no 1 to 280, 999.OVERSEAS ELECTORS",General,Tamilaga Vettri Kazhagam,387,139,248,Dravida Munnetra Kazhagam,2,3,4,6,8,6,1,8,5,43.1304347826087,2,24.1739130434783,4.34782608695652,3.47826086956522,0.173913043478261,0.0,0.173913043478261,67.304347826087,0.0,0.347826086956522,2
303,170,8,42,1,0,2,303,1,0,0,0,0,0,527,0,0,527,0,"St Joseph Hr. Sec. School, Golden
Jubilee Building 12th Typing Class Room, Manapadu","1.Manapadu (R.V) And (P) Meenavar colony Light house Street Block 3 Above door no 280, 999.OVERSEAS ELECTORS",General,Tamilaga Vettri Kazhagam,303,170,133,Dravida Munnetra Kazhagam,2,4,3,6,8,5,1,6,8,25.2371916508539,0,32.258064516129,1.5180265654649,7.9696394686907,0.189753320683112,0.0,0.379506641366224,57.4952561669829,0.189753320683112,0.0,2
304,275,53,79,1,0,1,386,0,2,0,0,0,1,797,0,4,801,0,"St Marys Middle School, East Building West Side, Manapadu","1.Manapadu (R.V) And (P) North Street Block 2, 2.Manapadu (R.V) And (P) Malai Street Block 3, 3.Manapadu (R.V) And (P) Lawsus Street Block 4, .4Manapadu (R.V) And (P) Pudu Kudiyetru Block 4,
5.Manapadu (R.V) And (P) Puspa Street Block 4, 6.Manapadu (R.V) And (P) Sabapathypuram Block 4, 999.OVERSEAS ELECTORS",General,Tamilaga Vettri Kazhagam,386,275,111,Dravida Munnetra Kazhagam,2,4,3,6,8,6,1,8,5,13.9272271016311,2,34.504391468005,6.64993726474278,9.91217063989962,0.125470514429109,0.0,0.125470514429109,48.4316185696361,0.0,0.250941028858218,2
305,113,15,200,0,0,0,158,0,0,0,0,0,0,486,0,2,488,0,"R.M.V. Middle School, Sirunadarkudieruppu.","1.Kulasekarapattinam (R.V), Sirunadarkudiruppu (P)
Kandasamypuram Block 1, 2.Kulasekarapattinam (R.V), Sirunadarkudiruppu (P) Meluor Block 2, 3.Kulasekarapattinam (R.V), Sirunadar Kudieruppu (P) SirunadarKudieruppu Vadapagam Block 3, 4.Kulasekarapattinam (R.V), Sirunadar Kudieruppu (P)
South Street Block 4, 999.OVERSEAS ELECTORS",General,Bharatiya Janata Party,200,158,42,Tamilaga Vettri Kazhagam,3,4,1,5,5,5,2,5,5,8.64197530864197,0,23.2510288065844,3.08641975308642,41.1522633744856,0.0,0.0,0.0,32.5102880658436,0.0,0.0,3
306,182,14,194,0,0,1,138,1,5,0,1,2,2,535,0,1,536,0,"Hindu Primary School, East Portion, Thandavankadu, Madhavankuruchi","1.Madhavankuruchi (R.V) And (P) Karangkadu Block 1,
2.Madhavankuruchi (R.V) And (P) Kuodal Nagar Block 1,
3.Madhavankuruchi (R.V) And (P) Thandavankadu Block 2,
4.Madavan Kuruchi (R.V) And (P) Narayanapuram Block 3, 999.OVERSEAS ELECTORS",General,Bharatiya Janata Party,194,182,12,Dravida Munnetra Kazhagam,2,4,1,8,8,6,3,6,5,2.24299065420561,5,34.0186915887851,2.61682242990654,36.2616822429907,0.0,0.0,0.186915887850467,25.7943925233645,0.186915887850467,0.934579439252336,3
307,150,17,129,0,0,1,110,0,8,0,0,1,5,415,0,1,416,0,"Hindu Primary School West Building, Madhavankuruchi","1.Madhavankuruchi (R.V) And (P) Madhavankuruchi Meluor Block 4, 2.Madhavankuruchi (R.V) And (P) Madhavankuruchi keelur Block 5, 3.Madhavankuruchi (R.V) And (P) Madhavankuruchi Amarapuram Block 6, 999.OVERSEAS ELECTORS",General,Dravida Munnetra Kazhagam,150,129,21,Bharatiya Janata Party,1,4,2,7,7,6,3,7,5,5.06024096385542,8,36.144578313253,4.09638554216868,31.0843373493976,0.0,0.0,0.240963855421687,26.5060240963855,0.0,1.92771084337349,3
110A,125,57,118,1,0,1,240,1,4,0,0,2,2,547,0,1,548,0,"Govt girls Hr.Sec.school,North Middle
building South Facing West portion Building Arumuganeri.","1.Arumuganeri(S.G.T.P) Kamarajapuram Ward 6 Above Door no 80, 999.OVERSEAS ELECTORS",Auxiliary,Tamilaga Vettri Kazhagam,240,125,115,Dravida Munnetra Kazhagam,2,4,3,6,9,6,1,6,5,21.0237659963437,4,22.8519195612431,10.4204753199269,21.5722120658135,0.182815356489945,0.0,0.182815356489945,43.8756855575868,0.182815356489945,0.731261425959781,3
