serial no. of polling station,all india anna dravida munnetra kazhagam,bahujan samaj party,naam tamilar katchi,dravida munnetra kazhagam,samata party,makkal nalvaazhvuk katchi,tamizhaga vaazhvurimai katchi,veerath thiyagi viswanathadoss thozhilalarkal katchi,desiya makkal sakthi katchi,republican party of india (athawale),tamilaga vettri kazhagam,independent,independent.1,independent.2,independent.3,independent.4,independent.5,independent.6,independent.7,independent.8,independent.9,independent.10,independent.11,independent.12,independent.13,independent.14,independent.15,independent.16,independent.17,independent.18,independent.19,independent.20,independent.21,independent.22,independent.23,total of valid votes,no. of rejected votes,nota,total,no. of tendered votes,location and name of building in which polling station located,polling area,polling station type,building_clean,location_clean,Winner_Party,Winner_Votes,Runner_Up_Votes,Margin_Of_Victory,Runner_Up_Party,AIADMK_Rank,DMK_Rank,NTK_Rank,TVK_Rank,TAVAK_Rank,BSP_Rank,SAP_Rank,VTVTK_Rank,DMSK_Rank,RPI(A)_Rank,NOTA_Rank,IND1_Rank,IND2_Rank,IND3_Rank,IND4_Rank,IND5_Rank,IND6_Rank,IND7_Rank,IND8_Rank,IND9_Rank,IND10_Rank,IND11_Rank,IND12_Rank,IND13_Rank,IND14_Rank,IND15_Rank,IND16_Rank,IND17_Rank,IND18_Rank,IND19_Rank,IND20_Rank,IND21_Rank,IND22_Rank,IND23_Rank,IND24_Rank,Margin_Percentage,Total_Independent_Votes
1,88,2,34,190,0,0,0,1,0,2,471,0,0,0,2,1,2,0,2,0,0,1,0,0,0,0,1,1,0,1,0,1,1,0,0,801,0,3,804,0,"Everwin Global Kids School No 46G4 &27G, 100 feet road, Selvi Nagar, Kolathur, Chennai-99","1 - Kolathur [ Ward No.64 ] Thiruvalluvar Nagar Kanniyamman Koil Street
2 - Kolathur [ Ward No.64] Thiruvalluvar Nagar Kannagi Street
3 - Kolathur [ Ward No.64] Thiruvalluvar Nagar Kambar Street
4 - Kolathur [ Ward No.64] Thiruvalluvar Nagar
5 - Kolathur [ Ward No.64] Thiruvalluvar Nagar Thirumurugan Street",All Voters,"Everwin Global Kids School No 46G4 &27G, 100 feet road, Selvi Nagar, Kolathur",Chennai-99,tamilaga vettri kazhagam,471,190,281,dravida munnetra kazhagam,3,2,4,1,19,6,19,11,19,6,5,19,19,19,6,11,6,19,6,19,19,11,19,19,19,19,11,11,19,11,19,11,11,19,19,35.08114856429464,13
2,84,0,29,207,1,0,0,0,0,2,255,0,0,0,0,0,0,0,0,0,0,0,0,1,0,0,0,0,0,0,0,0,0,0,0,579,0,4,583,0,"everwin globan kids school no46G4 27G,100feet road, selvi nagar,kolathur,chennai-99north facing
L.K.G C","1 - Kolathur [ Ward No.64] Krishna Nagar 1st Street
2 - Kolathur [ Ward No.64 ] Krishna Nagar 2nd Street
3 - Kolathur [ Ward No.64] Krishna Nagar 3rd Street
4 - Kolathur [ Ward No.64] Krishna Nagar 4th Street
5 - Kolathur [ Ward No.64] V.K.Main Road Vivekanandhar Nagar
6 - Kolathur [ Ward No.64 ] Thirumalai Nagar",All Voters,"everwin globan kids school no46G4 27G,100feet road, selvi nagar,kolathur","chennai-99north facing
L.K.G C",tamilaga vettri kazhagam,255,207,48,dravida munnetra kazhagam,3,2,4,1,9,9,7,9,9,6,5,9,9,9,9,9,9,9,9,9,9,9,9,7,9,9,9,9,9,9,9,9,9,9,9,8.290155440414509,1
3,96,0,29,323,0,0,0,0,0,1,312,0,0,0,0,1,0,0,0,0,0,0,0,0,0,0,0,0,0,0,0,0,0,0,1,763,0,3,766,1,"Everwin Global Kids School No 46G4 &27G, 100 feet road, Selvi Nagar, Kolathur, Chennai-99","1 - Kolathur [ Ward No.64] Mohammed Hussian Colony
2 - Kolathur [ Ward No.64] Ganesh Nagar G.J.V
3 - Kolathur [ Ward No.64] Jayanthi Nagar
4 - Kolathur [ Ward No.64 ] Thuraimugam Colony Harbour 999 - Overseas Elector",All Voters,"Everwin Global Kids School No 46G4 &27G, 100 feet road, Selvi Nagar, Kolathur",Chennai-99,dravida munnetra kazhagam,323,312,11,tamilaga vettri kazhagam,3,1,4,2,9,9,9,9,9,6,5,9,9,9,9,6,9,9,9,9,9,9,9,9,9,9,9,9,9,9,9,9,9,9,6,1.441677588466579,2
4,84,0,23,87,0,0,0,0,0,4,409,1,0,0,0,0,0,0,0,2,0,0,0,0,0,0,1,0,0,0,1,0,0,0,0,612,0,1,613,0,"Everwin Global Kids School No 46G4 &27G, 100 feet road, Selvi Nagar, Kolathur, Chennai-99","1 - Kolathur [ Ward No.64]Bharath Rajiv Gandhi Nagar 1st Street
2 - Kolathur [ Ward No.64] Bharath Rajiv Gandhi Nagar 1st Cross Street
3 - Kolathur [ ward No.64] Bharath Rajiv Gandhi Nagar 2nd Street
4 - Kolathur [ ward No.64] Bhrath Rajiv Gandhi Nagar 2nd Cross Street
5 - (Kolathur [ ward No.64] Bharath Rajiv Gandhi Nagar 3rd Street
6 - Kolathur [ ward No.64] Bharath Rajiv Gandhi Nagar 3rd Cross Street
7 - Kolathur [ ward No.64 ] Bharath Rajiv Gandhi Nagar 4th Street
8 - Kolathur [ Ward No.64 ] Selvam Nagar",All Voters,"Everwin Global Kids School No 46G4 &27G, 100 feet road, Selvi Nagar, Kolathur",Chennai-99,tamilaga vettri kazhagam,409,87,322,dravida munnetra kazhagam,3,2,4,1,11,11,11,11,11,5,7,7,11,11,11,11,11,11,11,6,11,11,11,11,11,11,7,11,11,11,7,11,11,11,11,52.61437908496733,5
5,81,1,19,204,0,0,0,0,0,2,268,0,0,1,1,1,0,0,0,0,0,0,0,0,0,0,0,0,0,0,0,0,0,0,0,578,0,1,579,0,"Everwin globan kids school no46G4 27G,100feet road, selvi nagar,kolathur,chennai-99north facing
L.K.G A","1 - Kolathur [ Ward No.64 ] Venus Nagar 1st Main Road
2 - Kolathur [ Ward No.64 ] Venus Nagar 2nd Main Road
3 - Kolathur [ Ward No.64 ] Venus Nagar 3rd Main Road
4 - Kolathur [ Ward No.64 ] Anthony Nagar
5 - Kolathur [ Ward No. 64 ] Vivekanandhar Nagar
6 - Kolathur [ Ward No.64 ] Malligai Avenue",All Voters,"Everwin globan kids school no46G4 27G,100feet road, selvi nagar,kolathur","chennai-99north facing
L.K.G A",tamilaga vettri kazhagam,268,204,64,dravida munnetra kazhagam,3,2,4,1,11,6,11,11,11,5,6,11,11,6,6,6,11,11,11,11,11,11,11,11,11,11,11,11,11,11,11,11,11,11,11,11.07266435986159,3
6,89,0,22,316,0,0,0,0,0,4,294,0,0,0,0,0,0,0,0,0,0,0,0,0,0,1,0,0,0,1,0,0,0,0,0,727,0,5,732,0,"Everwin Global Kids School No 46G4 &27G, 100 feet road, Selvi Nagar, Kolathur, Chennai-99","1 - Kolathur [ ward No.64 ] Subramaniapuram Main Road
2 - Kolathur [ Ward No.64] Mahaveer Nagar
3 - Kolathur [ Ward No.64 ] Thillai Nagar 1st Main Road
4 - Kolathur [ Ward No.64 ] Thillai Nagar 2nd Main Road
5 - Kolathur [ ward No.64 ] Thillai Nagar 2nd Cross Street
6 - Kolathur [ ward No.64 ] Thillai Nagar 3th Cross Street
7 - Kolathur [ ward No.64 ] Thillai Nagar 4th Cross Street
8 - Kolathur [ ward No.64 ] Thillai Nagar 5th Cross Street
9 - Kolathur [ ward No.64 ] Selvi Nagar 2nd Street
10 - Kolathur [ ward No.64 ] Selvi Nagar 3rd Street
11 - Kolathur [ ward No.64 ] Selvi Nagar 4th Street
12 - Kolathur [ ward No.64 ] Selvi Nagar 5th Street
13 - Kolathur [ ward No.64 ] Dhanrajpuram
14 - Kolathur [ ward No.64 ] Thillai Nagar 1st Cross Street 999 - Overseas Elector",All Voters,"Everwin Global Kids School No 46G4 &27G, 100 feet road, Selvi Nagar, Kolathur",Chennai-99,dravida munnetra kazhagam,316,294,22,tamilaga vettri kazhagam,3,1,4,2,9,9,9,9,9,6,5,9,9,9,9,9,9,9,9,9,9,9,9,9,9,7,9,9,9,7,9,9,9,9,9,3.026134800550206,2
7,89,1,28,279,0,0,0,0,0,2,298,0,0,1,0,0,1,3,0,0,0,0,0,0,0,0,0,0,0,0,0,0,0,0,0,702,0,5,707,0,"Doon Nursery and Primary School, No 57 , 4th cross Street Senthil Nagar Kolathur Chennai-99","1 - Kolathur [ Ward No.64 ] Senthil Nagar 1st Main Road
2 - Kolathur [ Ward No.64 ] Senthil Nagar 2nd Main Road
3 - Kolathur [ Ward No.64 ] Senthil Nagar 1st Cross street
4 - Kolathur [ Ward No.64 ] Senthil Nagar 2nd Cross Street
5 - Kolathur [ Ward No.64 ] Senthil Nagar 3rd Street
6 - Kolathur [ Ward No.64 ] Senthil Nagar 4th Street
7 - Kolathur [ Ward No.64 ] Senthil Nagar 5th Cross Street
8 - Kolathur [ Ward No.64 ] Senthil Nagar 6th Cross Street
9 - Kolathur [ Ward No.64 ] Senthil Nagar 7th Cross Street",All Voters,"Doon Nursery and Primary School, No 57",4th cross Street Senthil Nagar Kolathur Chennai-99,tamilaga vettri kazhagam,298,279,19,dravida munnetra kazhagam,3,2,4,1,11,8,11,11,11,7,5,11,11,8,11,11,8,6,11,11,11,11,11,11,11,11,11,11,11,11,11,11,11,11,11,2.706552706552706,5
8,109,0,18,211,1,1,0,0,0,0,241,0,0,0,0,0,0,0,0,0,0,0,0,0,0,0,0,0,1,0,0,0,0,0,0,582,0,7,589,0,"Doon Nursery and Primary School, No 57 , 4th cross Street Senthil Nagar Kolathur Chennai-99 North Facing Room Number 5","1 - Kolathur [ Ward No.64 ] Senthil Nagar 8th Cross Street
2 - Kolathur [ Ward No.64 ] Senthil Nagar 3rd Main Road
3 - Kolathur [ Ward No.64 ] Sivananda Nagar
4 - Kolathur [ Ward No.64 ] Senthil Nagar 9th Cross Street
5 - Kolathur [ Ward No.64 ] Senthil Nagar 10th Cross Street
6 - Kolathur [ ward No.64] Subramaniapuram 1st Street
7 - Kolathur [ ward No.64] Subramaniapuram 2nd Street
8 - Kolathur [ ward No.64] Subramaniapuram 3rd Street",All Voters,"Doon Nursery and Primary School, No 57",4th cross Street Senthil Nagar Kolathur Chennai-99 North Facing Room Number 5,tamilaga vettri kazhagam,241,211,30,dravida munnetra kazhagam,3,2,4,1,8,8,6,8,8,8,5,8,8,8,8,8,8,8,8,8,8,8,8,8,8,8,8,8,6,8,8,8,8,8,8,5.154639175257731,1
9,85,0,15,248,0,0,0,0,0,4,198,0,1,0,0,0,0,0,1,0,1,0,0,0,0,0,0,0,2,1,0,0,0,0,0,556,0,4,560,0,"Doon Nursery and Primary School, No 57 , 4th cross Street Senthil Nagar Kolathur Chennai-99","1 - Kolathur [ Ward No.64 ] Senthil Nagar 11th Cross Street
2 - Kolathur [ Ward No.64 ] Senthil Nagar 12th Cross Street
3 - Kolathur [ Ward No.64 ] Senthil Nagar 13th Cross Street
4 - Kolathur [ Ward No.64 ] Senthil Nagar 14th Cross Street
5 - Kolathur [ Ward No.64 ] Senthil Nagar 15th Cross Street
6 - Kolathur [ Ward No.64 ] Senthil Nagar 16th Cross Street 999 - Overseas Elector",All Voters,"Doon Nursery and Primary School, No 57",4th cross Street Senthil Nagar Kolathur Chennai-99,dravida munnetra kazhagam,248,198,50,tamilaga vettri kazhagam,3,1,4,2,12,12,12,12,12,5,5,12,8,12,12,12,12,12,8,12,8,12,12,12,12,12,12,12,7,8,12,12,12,12,12,8.992805755395683,6
10,85,0,19,256,0,0,0,0,0,3,248,0,0,0,0,0,0,0,1,0,0,1,1,0,0,0,0,0,0,0,0,1,0,0,0,615,0,3,618,1,"Chennai Primary School,West Facing/ Room No 2 ,3rd main road, Srinivasa Nagar, Kolathur ,Chennai-99","1 - Kolathur [ Ward No.64 ] Srinivasa Nagar 3rd Main Road
2 - Kolathur [ Ward No.64 ] Srinivasa Nagar 1st Cross Street
3 - Kolathur [ Ward No.64 ] T.K. Road Srinivasan Nagar
4 - Kolathur [ Ward No.64 ] Srinivasa Nagar 1st Main Road
5 - Kolathur [ Ward No.64 ] Srinivasa Nagar 2nd Main Road
6 - Kolathur [ Ward No.64 ] Thirumurugan Nagar",All Voters,"Chennai Primary School,West Facing/ Room No 2 ,3rd main road, Srinivasa Nagar, Kolathur",Chennai-99,dravida munnetra kazhagam,256,248,8,tamilaga vettri kazhagam,3,1,4,2,11,11,11,11,11,5,5,11,11,11,11,11,11,11,7,11,11,7,7,11,11,11,11,11,11,11,11,7,11,11,11,1.300813008130081,4
11,103,0,17,207,1,0,0,0,0,2,186,0,0,0,0,0,0,0,1,0,0,0,0,0,0,0,0,0,0,0,0,0,0,0,0,517,0,4,521,0,"Chennai Primary School 3rd main road, Srinivasa Nagar, Kolathur ,Chennai-99","1 - Kolathur [ Ward No.64 ] Srinrvasa Nagar 2nd Cross Street
2 - Kolathur [ Ward No.64 ] Srinivasa Nagar 5th Cross Street
3 - Kolathur [ Ward No.64 ] Srinivasa Nagar 6th Cross Street
4 - Kolathur [ Ward No.64] Srinivasa Nagar 7th Cross Street
5 - Kolathur [ Ward No.64 ] Srinivasa Nagar 3rd Cross Street
6 - Kolathur [ Ward No.64 ] Srinivasa Nagar 4th Cross Street",All Voters,"Chennai Primary School 3rd main road, Srinivasa Nagar, Kolathur",Chennai-99,dravida munnetra kazhagam,207,186,21,tamilaga vettri kazhagam,3,1,4,2,9,9,7,9,9,6,5,9,9,9,9,9,9,9,7,9,9,9,9,9,9,9,9,9,9,9,9,9,9,9,9,4.061895551257253,1
12,53,1,15,259,3,0,0,0,2,1,335,0,0,0,0,1,0,0,0,0,1,0,0,0,0,0,0,0,1,0,1,1,0,0,1,675,0,1,676,0,"Chennai Primary School 3rd main road, Srinivasa Nagar, Kolathur ,Chennai-99","1 - Kolathur [ ward No.64 ] Makkaram Thottam Perumal Koil Street
2 - Kolathur [ Ward No.64 ] Makkaram Thottam Nehru Street
3 - Kolathur [ Ward No.64 ] Makkaram Thottam Bharathi Street
4 - Kolathur [ Ward No.64 ] Makkaram Thottam Periyar Street
5 - Kolathur [ ward No.64 ] Makkaram Thottam Kamarajar Street
6 - Kolathur [ Ward No.64 ] Makkaram Thottam V.O.C Steet
7 - Kolathur [ Ward No.64] Makkaram Thottam Karumariamman Street
999 - Overseas Elector",All Voters,"Chennai Primary School 3rd main road, Srinivasa Nagar, Kolathur",Chennai-99,tamilaga vettri kazhagam,335,259,76,dravida munnetra kazhagam,3,2,4,1,16,7,5,16,6,7,7,16,16,16,16,7,16,16,16,16,7,16,16,16,16,16,16,16,7,16,7,7,16,16,7,11.25925925925926,6
13,58,0,21,204,0,0,1,0,0,1,275,0,0,1,0,1,0,0,0,0,0,0,0,1,0,1,0,0,1,0,0,0,0,0,0,565,0,3,568,0,"Chennai Primary School, West Facing/Room No.7, 3rd Main Road, Srinivasa Nagar, Kolathur, Chennai-99","1 - Kolathur [ Ward No.64 ] Makkaram Thottam Avvai Street
2 - Kolathur [ Ward No.64 ] Makkaram Thottam Ethirajan Street
3 - Kolathur [ Ward No.64 ] Makkaram Thottam Redhills Road
4 - Kolathur [ Ward No.64 ] Makkaram Thottam Anna Street
5 - Kolathur [ Ward No.64 ] Makkaram Thottam Thiruvalluar Street
6 - Kolathur [ Ward No.64 ] Pa.Vu.Shanmugam Nagar",All Voters,"Chennai Primary School, West Facing/Room No.7, 3rd Main Road, Srinivasa Nagar, Kolathur",Chennai-99,tamilaga vettri kazhagam,275,204,71,dravida munnetra kazhagam,3,2,4,1,6,13,13,13,13,6,5,13,13,6,13,6,13,13,13,13,13,13,13,6,13,6,13,13,6,13,13,13,13,13,13,12.56637168141593,5
14,96,1,30,253,0,0,0,0,0,1,340,0,0,0,0,0,0,0,1,0,0,0,0,0,0,0,0,0,1,0,0,1,0,0,0,724,0,7,731,0,"Chennai Primary School 3rd main road, Srinivasa Nagar, Kolathur ,Chennai-99","1 - Kolathur [ Ward No.65 ] Annai Sathya Nagar Neelakandan Street
2 - (Kolathur [ Ward No.65] Annai Sathya Nagar Sagayamadha Street
3 - Kolathur [ Ward No.65 ] Annai Sathya Nagar Anna Street
4 - Kolathur [ Ward No.65 ] Rajan Nagar 1st Main Street
5 - Kolathur [ Ward No.65 ] Rajan Nagar 2nd Street
6 - Kolathur[ Ward No.65 ]Rajan Nagar 3rd Street
7 - Kolathur [ Ward No.65 ]Rajan Nagar 4th Street
8 - Koathur [ Ward No.65 Rajan Nagar 1st Street 999 - Overseas Elector",All Voters,"Chennai Primary School 3rd main road, Srinivasa Nagar, Kolathur",Chennai-99,tamilaga vettri kazhagam,340,253,87,dravida munnetra kazhagam,3,2,4,1,11,6,11,11,11,6,5,11,11,11,11,11,11,11,6,11,11,11,11,11,11,11,11,11,6,11,11,6,11,11,11,12.01657458563536,3
15,83,0,20,267,0,1,0,0,0,3,298,0,0,0,0,0,0,0,0,0,2,0,0,0,0,0,1,0,0,0,0,1,1,0,0,677,0,6,683,0,"Chennai Primary School 3rd main road, Srinivasa Nagar, Kolathur ,Chennai-99","1 - Kolathur Ward No.65Thenpazhani Nagar Vinaygar Koil Street
2 - Kolathur [Ward No.65]Thenpazhani Nagar Thiruvalluvar Street
3 - Kolathur [Ward No.65]Thenpazhani Nagar Nehru Street
4 - Kolathur [Ward No.65]Thenpazhani Nagar Kamarajar Street
5 - Kolathur [Ward No.65]Thenpazhani Nagar Vinayagam Colony
6 - Kolathur [Ward No.65]Thenpazhani Nagar Periyar Street
7 - Kolathur [Ward No.65]Thenpazhani Nagar RedhillsRoad
8 - Kolathur [ Ward No.65 ] Thenpazhani Nagar Thiru Vi Ka Street
9 - Kolathur [Ward No.65]Thenpazhani Nagar Azhagiri Street
10 - Kolathur [Ward No.65]Thenpazhani Nagar Rajaji Street",All Voters,"Chennai Primary School 3rd main road, Srinivasa Nagar, Kolathur",Chennai-99,tamilaga vettri kazhagam,298,267,31,dravida munnetra kazhagam,3,2,4,1,11,11,11,11,11,6,5,11,11,11,11,11,11,11,11,11,7,11,11,11,11,11,8,11,11,11,11,8,8,11,11,4.579025110782865,5
16,76,0,22,250,0,0,0,0,0,4,328,0,0,1,0,0,1,0,0,1,0,0,0,0,1,0,0,0,1,1,0,0,0,0,0,686,0,0,686,0,"Chennai Primary School, West Facing/Room No.10, 3rd Main Road, Srinivasa Nagar, Kolathur, Chennai-99","1 - Kolathur [ Ward No.65 ] Thenpazhani Nagar Jeeva Street
2 - Kolathur [Ward No.65]Thenpazhani Nagar Ragavendra Street
3 - Kolathur [Ward No.65]Thenpazhani Nagar Quaid E Milleth Street
4 - Kolathur [ Ward No.65 ] Thenpazhani Nagar Gandhi Street
5 - Kolathur [Ward No.65]Ambedkar Nagar 1st Cross Street
6 - Kolathur [Ward No.65]Ambedkar Nagar 1st Street
7 - Kolathur [Ward No.65]Ambedkar Nagar 2nd Street",All Voters,"Chennai Primary School, West Facing/Room No.10, 3rd Main Road, Srinivasa Nagar, Kolathur",Chennai-99,tamilaga vettri kazhagam,328,250,78,dravida munnetra kazhagam,3,2,4,1,12,12,12,12,12,5,12,12,12,6,12,12,6,12,12,6,12,12,12,12,6,12,12,12,6,6,12,12,12,12,12,11.37026239067055,6
17,66,1,29,265,2,2,0,0,0,2,434,0,0,0,0,0,1,0,0,2,2,1,0,0,0,0,0,0,1,0,0,0,0,0,0,808,0,2,810,0,"Chennai Primary School 3rd main road, Srinivasa Nagar, Kolathur ,Chennai-99","1 - Kolathur [Ward No.65]Ambedkar Nagar 2nd Cross Street
2 - Kolathur [Ward No.65]Ambedkar Nagar 3rd Street
3 - Kolathur [Ward No.65]Ambedkar Nagar 4th Street
4 - Kolathur [ Ward No.65] Church Street Kannagi Nagar",All Voters,"Chennai Primary School 3rd main road, Srinivasa Nagar, Kolathur",Chennai-99,tamilaga vettri kazhagam,434,265,169,dravida munnetra kazhagam,3,2,4,1,14,10,5,14,14,5,5,14,14,14,14,14,10,14,14,5,5,10,14,14,14,14,14,14,10,14,14,14,14,14,14,20.91584158415841,7
18,46,1,26,265,2,1,1,0,0,1,274,0,0,0,0,0,0,2,0,0,0,0,0,0,0,0,0,0,1,0,0,0,0,0,0,620,0,4,624,0,"Chennai Primary School 3rd main road, Srinivasa Nagar, Kolathur ,Chennai-99","1 - Kolathur [Ward No.65]Lakshmi Nagar 1st Street
2 - Kolathur [Ward No.65]Lakshmi Nagar 2nd Street
3 - Kolathur [Ward No.65]Lakshmi Nagar 4th Street
4 - Kolathur [Ward No.65]Lakshmi Nagar 5th Street
5 - Kolathur [Ward No.65]Lakshmi Nagar 6th Steet
6 - Kolathur [Ward No.65]Lakshmi Nagar Junction
7 - Kolathur [Ward No.65]N.V.M Nagar Aerikarai
8 - Kolathur [Ward No.65]Lakshmi Nagar 7th Street",All Voters,"Chennai Primary School 3rd main road, Srinivasa Nagar, Kolathur",Chennai-99,tamilaga vettri kazhagam,274,265,9,dravida munnetra kazhagam,3,2,4,1,8,8,6,12,12,8,5,12,12,12,12,12,12,6,12,12,12,12,12,12,12,12,12,12,8,12,12,12,12,12,12,1.451612903225806,3
19,93,0,35,259,1,0,1,0,1,2,292,0,1,0,0,0,1,0,1,0,0,0,0,0,0,0,0,0,0,0,0,1,0,0,0,688,0,3,691,0,"Chennai Primary School 3rd main road, Srinivasa Nagar, Kolathur ,Chennai-99","1 - Kolathur [ Ward No.64 ] Dhayalu Nagar Main Road
2 - Kolathur [ Ward No.64] Dhayalu Nagar 1st Street
3 - Kolathur [ Ward No.64 ] Dhayalu Nagar 2nd Street
4 - Kolathur [ Ward No.64 ] Dhayalu Nagar 3rd Street
5 - Kolathur [ Ward No.64 ] Dhayalu Nagar 6th Street
6 - Kolathur [ Ward No.64 ] Dhayalu Nagar 7th Street
7 - Kolathur [ Ward No.64 ] Dhayalu Nagar 8th Street
8 - Kolathur [ Ward No.64 ] Dhayalu Nagar Extn
9 - Kolathur [ Ward No.64 ] Dhayalu Nagar 4th Street
10 - Kolathur [ Ward No.64 ] Sowbhagya Flats 4th Street
11 - Kolathur [ Ward No.64 ] Indira Nagar 1st Street
12 - Kolathur [ Ward No.64 ] Indira Nagar 2nd Street
13 - Kolathur [ Ward No.64 ] R.K.Syndicate Nagar 999 - Overseas Elector",All Voters,"Chennai Primary School 3rd main road, Srinivasa Nagar, Kolathur",Chennai-99,tamilaga vettri kazhagam,292,259,33,dravida munnetra kazhagam,3,2,4,1,7,14,7,14,7,6,5,14,7,14,14,14,7,14,7,14,14,14,14,14,14,14,14,14,14,14,14,7,14,14,14,4.796511627906977,4
20,83,1,30,341,0,0,1,0,0,5,287,0,0,0,0,0,0,0,0,0,0,0,0,0,1,0,0,0,1,0,0,0,0,0,0,750,0,7,757,0,"Don Bosco Matriculation Hr Sec School,Srinivasa Nagar,Kolathur, Chennai-99","1 - Kolathur [Ward No.65]Venkateswara Nagar Kamaraj Street
2 - Kolathur [Ward No.65]Venkateswara Nagar Anna Street
3 - Kolathur [Ward No.65]Venkateswara Nagar Vinayagar Street
4 - Kolathur [Ward No.65]Venkateswara Nagar Gandhi Street
5 - Kolathur [Ward No.65] Venkateswara Nagar Sasthri Street
6 - Kolathur [Ward No.65]Venkateswara Nagar Ambedhkar Street
7 - Kolathur [Ward No.65]Venkateswara Nagar Rajaji Street
8 - Kolathur [Ward No.65]Venkateswara Nagar Nehru Street
9 - Kolathur [Ward No.65]Venkateswara Nagar Kalpana Flat
10 - Kolathur [Ward No.65]Venkateswara Nagar Indira Street
11 - Kolathur [Ward No.65 ]Thenpazhani Nagar V.O.C. Street
12 - Kolathur [Ward No.65]Thenpazhani Nagar Nakkeeran Street
13 - Kolathur [Ward No.65] Thenpazhani Nagar Arignar Anna Street
14 - Kolathu [ Ward No.65 ] Thenpazhani Nagar Bharathiar Street",All Voters,"Don Bosco Matriculation Hr Sec School,Srinivasa Nagar,Kolathur",Chennai-99,dravida munnetra kazhagam,341,287,54,tamilaga vettri kazhagam,3,1,4,2,7,7,11,11,11,6,5,11,11,11,11,11,11,11,11,11,11,11,11,11,7,11,11,11,7,11,11,11,11,11,11,7.199999999999999,2
21,67,1,27,293,1,2,0,0,0,1,243,0,0,0,1,0,0,0,0,0,0,0,0,0,0,0,0,0,0,0,1,0,0,0,0,637,0,2,639,0,"Don Bosco Matriculation Hr Sec School,Srinivasa Nagar,Kolathur, Chennai-99","1 - Kolathur [ Ward No.64 ] Janakiram Reddy Colony
2 - Kolathur [ Ward No.64 ] Janakiram Reddy Colony 1st Street
3 - Kolathur [ Ward No.64 ] Janakiram Reddy Colony 1st Cross Street
4 - Kolathur [ Ward No.64 ] Janakiram Reddy Colony 2nd Street
5 - Kolathur [ Ward No.64 ] Janakiram Reddy Colony 2nd Cross Street
6 - Kolathur [ Ward No.64 ] Janakiram Reddy Colony 3rd Street
7 - Kolathur [ Ward No.64 ] Janakiram Reddy Colony 4th Street
8 - Kolathur [ Ward No.64 ] Janakiram Reddy Colony 5th Street",All Voters,"Don Bosco Matriculation Hr Sec School,Srinivasa Nagar,Kolathur",Chennai-99,dravida munnetra kazhagam,293,243,50,tamilaga vettri kazhagam,3,1,4,2,11,6,6,11,11,6,5,11,11,11,6,11,11,11,11,11,11,11,11,11,11,11,11,11,11,11,6,11,11,11,11,7.849293563579278,2
22,63,0,17,301,0,1,2,0,0,1,285,1,0,1,0,0,0,1,0,0,0,0,0,0,0,0,0,0,1,0,1,0,0,0,1,676,0,6,682,0,"Don Bosco Matriculation Hr Sec School,Srinivasa Nagar,Kolathur, Chennai-99","1 - Kolathur [ Ward No.64 ] Rangadass Reddy Colony
2 - Kolathur [ Ward No.64 ] Rangadass Reddy Colony 1st Street
3 - Kolathur [ Ward No.64 ] Rangadass Reddy Colony 2nd Street
4 - Kolathur [ Ward No.64] Rangadass Reddy Colony 3rd Street
5 - Kolathur [ Ward No.64 ] Janakiram Reddy Colony Ganesh Nagar Extn
6 - Kolathur [ Ward No.64 ] Janakiram Reddy Colony Ganesh
Nagar",All Voters,"Don Bosco Matriculation Hr Sec School,Srinivasa Nagar,Kolathur",Chennai-99,dravida munnetra kazhagam,301,285,16,tamilaga vettri kazhagam,3,1,4,2,6,14,14,14,14,7,5,7,14,7,14,14,14,7,14,14,14,14,14,14,14,14,14,14,7,14,7,14,14,14,7,2.366863905325444,6
23,46,0,27,220,0,0,0,0,0,0,230,0,0,0,0,0,1,2,0,0,0,0,0,0,0,0,0,0,0,0,0,0,0,0,0,526,0,6,532,0,"Don Bosco Matriculation Hr Sec School, No.5, Srinivasa Nagar, Kolathur, Chennai-99, South West Block, East Facing, Room 4","1 - Kolathur [ Ward No.64 ] Teachers Guild Colony 1st Street
2 - Kolathur [ Ward No.64 ] Teachers Guild Colony 2rd Street
3 - Kolathur [ Ward No.64 ] Teachers Guild Colony 3th Street
4 - Kolathur [ Ward No.64 ] Teachers Guild Colony 4th Street
5 - Kolathur [ Ward No.64 ] Teachers Guild Colony Main Road
6 - Kolathur [ Ward No.64 ] Bharathi Nagar Ext
7 - Kolathur [ Ward No.64 ] Abirami Nagar",All Voters,"Don Bosco Matriculation Hr Sec School, No.5, Srinivasa Nagar, Kolathur, Chennai-99, South West Block, East Facing",Room 4,tamilaga vettri kazhagam,230,220,10,dravida munnetra kazhagam,3,2,4,1,8,8,8,8,8,8,5,8,8,8,8,8,7,6,8,8,8,8,8,8,8,8,8,8,8,8,8,8,8,8,8,1.901140684410646,3
24,66,0,18,277,0,0,0,0,0,2,284,0,0,1,0,0,0,0,0,0,0,0,0,0,0,0,0,0,1,0,0,1,0,0,0,650,0,4,654,0,"Don Bosco Matriculation Hr Sec School,Srinivasa Nagar,Kolathur, Chennai-99","1 - Kolathur [ Ward No.64 ] Nethaji Nagar
2 - Kolathur [ Ward No.64 ] Silandhikuttai Ambedhkar Main Road
3 - Kolathur [ Ward No.64 ] Silandhikuttai 2nd Street
4 - Kolathur [ Ward No.64 ] Ambedkar Moganam Street
5 - Kolathur [ Ward No.64 ] Silandhikuttai 6th Street",All Voters,"Don Bosco Matriculation Hr Sec School,Srinivasa Nagar,Kolathur",Chennai-99,tamilaga vettri kazhagam,284,277,7,dravida munnetra kazhagam,3,2,4,1,10,10,10,10,10,6,5,10,10,7,10,10,10,10,10,10,10,10,10,10,10,10,10,10,7,10,10,7,10,10,10,1.076923076923077,3
25,74,0,23,296,0,0,0,0,1,1,287,0,0,0,0,0,1,1,0,0,0,1,0,0,0,0,0,0,1,0,0,1,0,0,0,687,0,3,690,0,"Don Bosco Matriculation Hr Sec School,Srinivasa Nagar,Kolathur, Chennai-99","1 - Kolathur [ Ward No.64 ] Annai Theresa Nagar
2 - Kolathur [ Ward No.64 ] Sashtri Nagar 1st Street
3 - Kolathur [ Ward No.64 ] Sashtri Nagar 2nd Street
4 - Kolathur [ Ward No.64 ] Sashtri Nagar 3rd Street
5 - Kolathur [ Ward No. 64 ] Rajiv Gandhi Nagar 1st Street
6 - Kolathur [ Ward No.64 ] Adhiammal Thottam
7 - Kolathur [ Ward No.64 ] Rajiv Gandhi Nagar 2nd Street
8 - Kolathur [ Ward No.64 ] Rajiv Gandhi Nagar 3rd Street
9 - Kolathur [ Ward No.64 ] Rajiv Gandhi 4th Street
10 - Kolathur [ Ward No.64 ] Rajiv Gandhi Nagar
11 - Kolathur [ ward No.64 ] Silandhikuttai 999 - Overseas Elector",All Voters,"Don Bosco Matriculation Hr Sec School,Srinivasa Nagar,Kolathur",Chennai-99,dravida munnetra kazhagam,296,287,9,tamilaga vettri kazhagam,3,1,4,2,13,13,13,13,6,6,5,13,13,13,13,13,6,6,13,13,13,6,13,13,13,13,13,13,6,13,13,6,13,13,13,1.310043668122271,5
26,71,0,14,276,0,0,1,0,0,0,270,0,1,1,0,0,0,1,0,1,1,0,0,0,0,0,0,1,0,1,0,0,0,0,0,639,0,5,644,0,"Don Bosco Matriculation Hr Sec School,Srinivasa Nagar,Kolathur, Chennai-99","1 - Kolathur [ Ward No.64 ] Thanigai Street Rajaji Nagar
2 - Kolathur [ Ward No.64] Thenaruvi Street Rajaji Nagar
3 - Kolathur [ Ward No.64 ] Venkateswara Street
4 - Kolathur [ Ward No.64 ] Jothi Avenue 5th Cross Street
5 - Kolathur [ Ward No.64 ] Vinayagar 5th Cross Street
6 - Kolathur [ Ward No. 64 ] Avvai Nagar
7 - Kolathur [ Ward No.64 ] Avvai Nagar 2nd Street 999 - Overseas Elector",All Voters,"Don Bosco Matriculation Hr Sec School,Srinivasa Nagar,Kolathur",Chennai-99,dravida munnetra kazhagam,276,270,6,tamilaga vettri kazhagam,3,1,4,2,6,14,14,14,14,14,5,14,6,6,14,14,14,6,14,6,6,14,14,14,14,14,14,6,14,6,14,14,14,14,14,0.9389671361502347,7
27,66,0,18,331,0,0,0,0,0,0,251,0,0,0,0,0,0,1,0,0,0,0,0,0,0,0,0,0,0,0,0,0,0,0,1,668,0,3,671,0,"Don Bosco Matriculation Hr Sec School,Srinivasa Nagar,Kolathur, Chennai-99","1 - Kolathur [ Ward No.64 ] Akbar Square 1st Street
2 - Kolathur [ Ward No.64] Akbar Square 2nd Street
3 - Kolathur [ Ward No.64 ] Akbar Square 3rd Street
4 - Kolathur [ Ward No.64] Akbar Square 4th Street
5 - Kolathur [ Ward No.64 ] East Railway Gate Kolathur Main Road
6 - Kolathur [ Ward No.64 ] East Railway Gate Cross Lane
7 - Kolathur [ Ward No.64] Kalaignar Karunanidhi Nagar 1st Street
8 - Kolathur [ Ward No.64 ] Kalaignar Karunanidhi Nagar 2nd Street
9 - Kolathur [ Ward No.64 ] Kalaignar Karunanidhi Nagar 3rd Street
10 - Kolathur [ Ward No.64 ] Kalaignar Karunanidhi Nagar Extension
11 - Kolathur [ Ward No.64] K.K.Nagar
12 - Kolathur [ Ward No.64 ] East Railway Gate Avvai Nagar 1st Street",All Voters,"Don Bosco Matriculation Hr Sec School,Srinivasa Nagar,Kolathur",Chennai-99,dravida munnetra kazhagam,331,251,80,tamilaga vettri kazhagam,3,1,4,2,8,8,8,8,8,8,5,8,8,8,8,8,8,6,8,8,8,8,8,8,8,8,8,8,8,8,8,8,8,8,6,11.97604790419162,2
28,126,1,31,274,1,0,0,0,0,1,500,1,0,0,0,0,4,1,0,0,0,0,0,0,1,0,1,0,2,0,0,0,0,0,0,944,0,4,948,0,"Don Bosco Matriculation Hr Sec School,Srinivasa Nagar,Kolathur, Chennai-99","1 - Kolathur [ Ward No.64 ] Rajaji Nagar 1st Street
2 - Kolathur [ Ward No.64 ] Rajaji Nagar 2rd Street
3 - Kolathur [ Ward No.64] Rajaji Nagar 3rd Street
4 - Kolathur [ Ward No.64 ] Rajaji Nagar 5th Street 999 - Overseas Elector",All Voters,"Don Bosco Matriculation Hr Sec School,Srinivasa Nagar,Kolathur",Chennai-99,tamilaga vettri kazhagam,500,274,226,dravida munnetra kazhagam,3,2,4,1,15,8,8,15,15,8,5,8,15,15,15,15,5,8,15,15,15,15,15,15,8,15,8,15,7,15,15,15,15,15,15,23.9406779661017,10
29,66,0,13,190,1,0,0,0,0,2,226,0,0,1,0,0,0,1,1,0,0,0,0,0,0,1,0,0,0,0,0,0,0,0,0,502,0,3,505,0,"Don Bosco Matriculation Hr Sec School,Srinivasa Nagar,Kolathur, Chennai-99","1 - Kolathur [ Ward No.64] Rajaji Nagar 4th Street
2 - Kolathur [ Ward No.64 ] Rajaji Nagar 6th Street",All Voters,"Don Bosco Matriculation Hr Sec School,Srinivasa Nagar,Kolathur",Chennai-99,tamilaga vettri kazhagam,226,190,36,dravida munnetra kazhagam,3,2,4,1,12,12,7,12,12,6,5,12,12,7,12,12,12,7,7,12,12,12,12,12,12,7,12,12,12,12,12,12,12,12,12,7.171314741035857,4
30,122,0,16,252,0,0,0,0,0,3,312,0,0,0,0,0,1,1,1,0,0,0,0,0,0,0,0,0,0,0,0,1,0,0,1,710,0,7,717,0,"Don Bosco Matriculation Hr Sec School, No.5, Srinivasa Nagar, Kolathur, Chennai-99, East Block, West Facing, Room 11","1 - Kolathur [ Ward No.64 ] Rajaji Nagar 7th Street
2 - Kolathur [ Ward No.64 ] Rajaji Nagar 8th Street
3 - Kolathur [ Ward No.64 ] Rajaji Nagar 9th Street
4 - Kolathur [ Ward No.64] Rajaji Nagar Subramania Street
5 - Kolathur [ Ward No.64 ] Rajaji Nagar Cauvery Street",All Voters,"Don Bosco Matriculation Hr Sec School, No.5, Srinivasa Nagar, Kolathur, Chennai-99, East Block, West Facing",Room 11,tamilaga vettri kazhagam,312,252,60,dravida munnetra kazhagam,3,2,4,1,12,12,12,12,12,6,5,12,12,12,12,12,7,7,7,12,12,12,12,12,12,12,12,12,12,12,12,7,12,12,7,8.450704225352112,5
31,101,1,11,279,2,0,0,0,0,2,304,0,0,0,1,0,0,0,0,0,0,0,0,0,0,0,1,0,0,0,0,0,0,0,0,702,0,5,707,0,"Don Bosco Matriculation Hr Sec School,Srinivasa Nagar,Kolathur, Chennai-99","1 - Kolathur [ Ward No.64 ] Rajaji Nagar Balaji Street
2 - Kolathur [ Ward No.64 ] Rajaji Nagar Murali Street
3 - Kolathur [ Ward No.64 ] Rajaji Nagar Parthiban Street
4 - Kolathur [ Ward No.64 ] Rajaji Nagar Ponni Street
5 - Kolathur [ Ward No.64 ] Pazhani Street Rajaji Nagar
6 - Kolathur [ Ward No.65] Arjun Nagar
7 - Kolathur [ Ward No.64 ] Muthamil Nagar",All Voters,"Don Bosco Matriculation Hr Sec School,Srinivasa Nagar,Kolathur",Chennai-99,tamilaga vettri kazhagam,304,279,25,dravida munnetra kazhagam,3,2,4,1,11,8,6,11,11,6,5,11,11,11,8,11,11,11,11,11,11,11,11,11,11,11,8,11,11,11,11,11,11,11,11,3.561253561253561,2
32,63,0,30,209,0,0,1,0,0,3,351,0,0,1,1,1,0,1,1,0,0,0,0,0,0,0,0,0,0,0,0,0,0,0,0,662,0,2,664,0,"Don Bosco Matriculation Hr Sec School,Srinivasa Nagar,Kolathur, Chennai-99","1 - Kolathur [ Ward No.65 ] Murugan Nagar 2nd MainRoad
2 - Kolathur [ Ward No.65] Murugan Nagar 1st Street
3 - Kolathur [ Ward No.65 ] Murugan Nagar 1st Cross Street
4 - Kolathur [ Ward No.65 ] Murugan Nagar 1st Street
5 - Kolathur [ Ward No.65] Murugan Nagar 1st Lane
6 - Kolathur [ Ward No.65 ] Murugan Nagar 3rd Street
7 - Kolathur [ Ward No.65 ] Muragan Nagar 4th Street
8 - Kolathur [ Ward No.65 ] Murugan Nagar 5th Street
9 - (Kolathur [ Ward No.65 ] Murugan Nagar Second Street
10 - Kolathur [ Ward No.65 ] Murugan Nagar 6th Street
11 - Kolathur [ Ward No.65] Murugan Nagar 7th Street",All Voters,"Don Bosco Matriculation Hr Sec School,Srinivasa Nagar,Kolathur",Chennai-99,tamilaga vettri kazhagam,351,209,142,dravida munnetra kazhagam,3,2,4,1,7,13,13,13,13,5,6,13,13,7,7,7,13,7,7,13,13,13,13,13,13,13,13,13,13,13,13,13,13,13,13,21.45015105740181,5
33,72,0,18,237,0,0,0,0,0,1,287,0,1,0,1,0,0,0,0,0,0,0,0,0,0,0,0,1,0,0,0,0,0,0,0,618,0,4,622,0,"Don Bosco Matriculation Hr Sec School,Srinivasa Nagar,Kolathur, Chennai-99","1 - Kolathur [ Ward No.64 ] Jagannathan Street
2 - Kolathur [ Ward No.64] Vegavathi Street
3 - Kolathur [ Ward No.64] Vegavathi Street Ext
4 - Kolathur [ Ward No.64] Rajaji Nagar Muthu Street
5 - Kolathur [ Ward No.64 ] Rajaji Nagar Rathinam Avenue",All Voters,"Don Bosco Matriculation Hr Sec School,Srinivasa Nagar,Kolathur",Chennai-99,tamilaga vettri kazhagam,287,237,50,dravida munnetra kazhagam,3,2,4,1,10,10,10,10,10,6,5,10,6,10,6,10,10,10,10,10,10,10,10,10,10,10,10,6,10,10,10,10,10,10,10,8.090614886731391,3
34,106,0,26,259,1,0,0,0,0,4,271,0,0,0,0,0,0,0,0,0,0,0,0,0,0,0,0,0,0,0,0,0,0,0,0,667,0,4,671,0,"Don Bosco Matriculation Hr Sec School,Srinivasa Nagar,Kolathur, Chennai-99","1 - Kolathur [ Ward No.64 ] Rajai Nagar Ganga Street
2 - Kolathur [ Ward No.64 ] Rajaji Nagar Venkataragava Street
3 - Kolathur [ Ward No.64 ] Rajaji Nagar Kamarajar Street
4 - Kolathur [ Ward No.64 ] Rajaji Nagar Rohini Street
5 - Kolathur [ Ward No.64 ] Rajaji Nagar Kalamegam Street
6 - Kolathur [ Ward No.64 ] Rajaji Nagar Subash Street
7 - Kolathur [ Ward No.64] Rajaji Nagar Peter Street",All Voters,"Don Bosco Matriculation Hr Sec School,Srinivasa Nagar,Kolathur",Chennai-99,tamilaga vettri kazhagam,271,259,12,dravida munnetra kazhagam,3,2,4,1,8,8,7,8,8,5,5,8,8,8,8,8,8,8,8,8,8,8,8,8,8,8,8,8,8,8,8,8,8,8,8,1.799100449775112,0
35,71,0,21,235,1,0,1,1,0,2,320,0,1,0,0,0,0,0,0,0,0,0,0,0,0,1,0,0,2,0,0,0,0,0,0,656,0,5,661,0,"Don Bosco Matriculation Hr Sec School, No 5,Srinivasa Nagar Kolathur Chennai - 99 East Block, West Facing Room 16","1 - Kolathur [ Ward No.64 ] Rajaji Nagar Bharathi Street
2 - Kolathur [ Ward No.64 ] Sivan Street
3 - Kolathur [ Ward No.64 ] Sashtri Avenue
4 - Kolathur [ Ward No.64 ] Rajaji Nagar Vaigai Street
5 - Kolathur [ Ward No.64 ] Rajaji Nagar Gokul 1st Street
6 - Kolathur [ Ward No.64 ] Rajaji Nagar Gokul 2nd Street",All Voters,"Don Bosco Matriculation Hr Sec School, No 5,Srinivasa Nagar Kolathur Chennai - 99 East Block",West Facing Room 16,tamilaga vettri kazhagam,320,235,85,dravida munnetra kazhagam,3,2,4,1,8,13,8,8,13,6,5,13,8,13,13,13,13,13,13,13,13,13,13,13,13,8,13,13,6,13,13,13,13,13,13,12.95731707317073,4
36,79,1,21,256,1,1,0,0,0,1,306,0,0,0,0,0,1,1,0,1,0,0,0,0,0,0,0,0,0,0,0,0,0,0,0,669,0,3,672,0,"Don Bosco Matriculation Hr Sec School,Srinivasa Nagar,Kolathur, Chennai-99","1 - Kolathur [ Ward No.64 ] Thanthai Periyar Kudil
2 - (Kolathur [ Ward No.64] V.V. Nagar 1st Street
3 - Kolathur [ Ward No.64 ] V.V. Nagar Ext
4 - Kolathur [ Ward No.64] V.V. Nagar 2nd Street
5 - Kolathur [ Ward No.64 ] V.V. Nagar 3rd Street
6 - Kolathur [ Ward No.64] V.V. Nagar 4th Street
7 - Kolathur [ Ward No.64 ] V.V. Nagar 5th Street
8 - Kolathur [ Ward No.64 ] V.V. Nagar 6th Street",All Voters,"Don Bosco Matriculation Hr Sec School,Srinivasa Nagar,Kolathur",Chennai-99,tamilaga vettri kazhagam,306,256,50,dravida munnetra kazhagam,3,2,4,1,12,6,6,12,12,6,5,12,12,12,12,12,6,6,12,6,12,12,12,12,12,12,12,12,12,12,12,12,12,12,12,7.473841554559043,3
37,47,0,18,252,0,0,0,0,1,2,387,0,0,0,1,1,0,0,0,0,0,0,0,0,0,0,0,0,1,0,0,0,0,0,0,710,0,2,712,0,"Don Bosco Matriculation Hr Sec School,Srinivasa Nagar,Kolathur, Chennai-99","1 - Kolathur [ Ward No.64 ] Kamarajar Nagar 1st Street
2 - Kolathur [ Ward No.64 ] Kamarajar Nagar 2nd Street
3 - Kolathur [ Ward No.64 ] Annai Indira Nagar 1st Avenue
4 - Kolathur [ Ward No.64 ] Annai Indira Nagar 2nd Avenue
5 - Kolathur [ Ward No.64 ] Annai Indira Nagar Continue",All Voters,"Don Bosco Matriculation Hr Sec School,Srinivasa Nagar,Kolathur",Chennai-99,tamilaga vettri kazhagam,387,252,135,dravida munnetra kazhagam,3,2,4,1,11,11,11,11,7,5,5,11,11,11,7,7,11,11,11,11,11,11,11,11,11,11,11,11,7,11,11,11,11,11,11,19.01408450704225,3
38,68,1,34,345,6,0,1,0,0,1,440,0,0,0,0,1,0,1,0,0,0,0,0,0,0,0,0,0,2,0,0,1,1,0,0,902,0,2,904,0,"Kulapati Dr.S.Balakrishna Joshi Gurukulam Matric Hr Sec School, 2nd Street V V Nagar, Kolathur, Ch-99","1 - G K M Colony [ Ward No.68 ] Sathiyavanimuthu Street
2 - Kolathur Ward No.68 Kennedy Street G K M Colony 26th Street Door Number 1 to 36",All Voters,"Kulapati Dr.S.Balakrishna Joshi Gurukulam Matric Hr Sec School, 2nd Street V V Nagar, Kolathur",Ch-99,tamilaga vettri kazhagam,440,345,95,dravida munnetra kazhagam,3,2,4,1,8,8,5,15,15,8,6,15,15,15,15,8,15,8,15,15,15,15,15,15,15,15,15,15,6,15,15,8,8,15,15,10.53215077605321,6
39,45,0,16,158,0,1,0,0,0,1,250,0,0,0,0,1,0,0,1,0,0,1,0,0,1,0,0,0,0,1,0,0,0,0,1,477,0,0,477,0,"Kulapati Dr.S.Balakrishna Joshi Gurukulam Matric Hr Sec School, 2nd Street V V Nagar, Kolathur, Ch-99","1 - Kolathur [ Ward No.68 ] Kennedy Nagar Ext Varalakshmi Nagar
2 - Kolathur [ Ward No.68] Punitha Sagayamadha Street G K M Colony 27th Street
999 - Overseas Elector",All Voters,"Kulapati Dr.S.Balakrishna Joshi Gurukulam Matric Hr Sec School, 2nd Street V V Nagar, Kolathur",Ch-99,tamilaga vettri kazhagam,250,158,92,dravida munnetra kazhagam,3,2,4,1,12,12,12,12,12,5,12,12,12,12,12,5,12,12,5,12,12,5,12,12,5,12,12,12,12,5,12,12,12,12,5,19.28721174004193,6
40,58,1,33,275,1,0,1,0,0,4,337,0,0,0,0,4,1,0,0,0,0,0,0,0,0,0,0,0,1,0,0,1,0,0,0,717,0,2,719,0,"Kulapati Dr.S.Balakrishna Joshi Gurukulam Matric Hr Sec School, 2nd Street V V Nagar, Kolathur, Ch-99","1 - Kolathur [ Ward No.68 ] G K M Colony 30th Street ( MGR Street)
2 - Kolathur [ Ward No.68 ] G K M Colony 29th Street(Sivaji street)",All Voters,"Kulapati Dr.S.Balakrishna Joshi Gurukulam Matric Hr Sec School, 2nd Street V V Nagar, Kolathur",Ch-99,tamilaga vettri kazhagam,337,275,62,dravida munnetra kazhagam,3,2,4,1,8,8,8,14,14,5,7,14,14,14,14,5,8,14,14,14,14,14,14,14,14,14,14,14,8,14,14,8,14,14,14,8.647140864714087,7
41,53,0,19,240,0,0,0,0,0,4,364,0,0,0,0,0,0,0,2,0,1,0,0,0,1,0,1,0,0,0,0,0,0,0,0,685,0,5,690,0,"Kulapati Dr. S. Balakrishna Joshi Gurukulam Matric Hr. Sec School, No.8, 2nd Street, V.V. Nagar, Kolathur, Ch-99, North Block, East Facing, Room 3","1 - Kolathur [ Ward No.68 ] G K M Colony 30th Street ( MGR Street)
2 - Kolathur [ Ward No.68] G K M Colony 28th Street Anand Balavinyagar koil street",All Voters,"Kulapati Dr. S. Balakrishna Joshi Gurukulam Matric Hr. Sec School, No.8, 2nd Street, V.V. Nagar, Kolathur, Ch-99, North Block, East Facing",Room 3,tamilaga vettri kazhagam,364,240,124,dravida munnetra kazhagam,3,2,4,1,11,11,11,11,11,6,5,11,11,11,11,11,11,11,7,11,8,11,11,11,8,11,8,11,11,11,11,11,11,11,11,18.1021897810219,5
42,69,0,23,293,1,0,1,0,0,2,368,0,0,0,0,2,2,0,0,0,0,0,0,0,0,0,0,1,1,0,0,0,0,0,0,763,0,3,766,0,"Kulapati Dr.S.Balakrishna Joshi Gurukulam Matric Hr Sec School, 2nd Street V V Nagar, Kolathur, Ch-99","1 - Kolathur [ Ward No.64 ] G K M Colony 32nd Street ( Jeevanandham Street )
2 - Kolathur [ Ward No.64 ] G K M Colony 31st Street (Ma.Po.Si.
Street)",All Voters,"Kulapati Dr.S.Balakrishna Joshi Gurukulam Matric Hr Sec School, 2nd Street V V Nagar, Kolathur",Ch-99,tamilaga vettri kazhagam,368,293,75,dravida munnetra kazhagam,3,2,4,1,9,13,9,13,13,6,5,13,13,13,13,6,6,13,13,13,13,13,13,13,13,13,13,9,9,13,13,13,13,13,13,9.82961992136304,6
43,47,0,21,219,0,1,0,0,0,2,277,0,0,0,0,0,0,0,0,0,0,1,0,0,0,0,1,0,0,0,0,0,0,0,0,569,0,2,571,0,"Kulapati Dr. S. Balakrishna Joshi Gurukulam Matric Hr. Sec School, No.8, 2nd Street, V.V. Nagar, Kolathur, Ch-99, North Block, East Facing, Room 6","1 - Kolathur [ Ward No.64 ] G K M Colony 32nd Street ( Jeevanandham Street )
2 - Kolathur [ Ward No.64 ] G K M Colony 33rd Street Thiru-Vi-Ka
Street",All Voters,"Kulapati Dr. S. Balakrishna Joshi Gurukulam Matric Hr. Sec School, No.8, 2nd Street, V.V. Nagar, Kolathur, Ch-99, North Block, East Facing",Room 6,tamilaga vettri kazhagam,277,219,58,dravida munnetra kazhagam,3,2,4,1,9,9,9,9,9,5,5,9,9,9,9,9,9,9,9,9,9,7,9,9,9,9,7,9,9,9,9,9,9,9,9,10.1933216168717,2
44,75,1,20,336,0,0,0,0,0,1,342,0,0,0,0,0,1,1,0,1,1,1,0,0,0,1,0,0,0,0,0,1,0,0,0,782,0,5,787,0,"Kulapati Dr.S.Balakrishna Joshi Gurukulam Matric Hr Sec School, 2nd Street V V Nagar, Kolathur, Ch-99","1 - Kolathur [ Ward No.64 ] G K M Colony 35th Street Azad Street
2 - Kolathur Ward No.64 G K M Colony 34th Street Vinobaaji Street Door No 47 To END",All Voters,"Kulapati Dr.S.Balakrishna Joshi Gurukulam Matric Hr Sec School, 2nd Street V V Nagar, Kolathur",Ch-99,tamilaga vettri kazhagam,342,336,6,dravida munnetra kazhagam,3,2,4,1,15,6,15,15,15,6,5,15,15,15,15,15,6,6,15,6,6,6,15,15,15,6,15,15,15,15,15,6,15,15,15,0.7672634271099744,7
45,39,0,14,357,1,0,1,0,0,2,358,0,0,0,0,0,1,1,0,0,1,0,0,0,0,0,0,0,0,0,0,0,0,0,0,775,0,6,781,0,"Kulapati Dr.S.Balakrishna Joshi Gurukulam Matric Hr Sec School, 2nd Street V V Nagar, Kolathur, Ch-99","1 - Kolathur [ Ward No.64 ] G K M Colony 34th Street Vinobaaji Street
2 - Kolathur [ Ward No.64 ] G K M Colony 36th Street Jayaprakash Street
999 - Overseas Elector",All Voters,"Kulapati Dr.S.Balakrishna Joshi Gurukulam Matric Hr Sec School, 2nd Street V V Nagar, Kolathur",Ch-99,tamilaga vettri kazhagam,358,357,1,dravida munnetra kazhagam,3,2,4,1,7,12,7,12,12,6,5,12,12,12,12,12,7,7,12,12,7,12,12,12,12,12,12,12,12,12,12,12,12,12,12,0.1290322580645161,3
46,41,0,14,203,2,0,0,0,0,1,248,0,0,0,0,2,1,0,0,0,0,0,0,0,0,0,0,1,0,0,0,0,0,0,0,513,0,0,513,0,"Kulapati Dr.S.Balakrishna Joshi Gurukulam Matric Hr Sec School, 2nd Street V V Nagar, Kolathur, Ch-99",1 - Kolathur [ Ward No.64 ] G K M Colony 37th Street Punidha Anthoniyaar Street,All Voters,"Kulapati Dr.S.Balakrishna Joshi Gurukulam Matric Hr Sec School, 2nd Street V V Nagar, Kolathur",Ch-99,tamilaga vettri kazhagam,248,203,45,dravida munnetra kazhagam,3,2,4,1,10,10,5,10,10,7,10,10,10,10,10,5,7,10,10,10,10,10,10,10,10,10,10,7,10,10,10,10,10,10,10,8.771929824561402,4
47,29,1,14,233,0,0,0,0,0,1,334,0,0,0,1,0,0,0,0,0,0,1,0,0,0,0,0,0,0,0,0,0,1,0,1,616,0,2,618,0,"Kulapati Dr.S.Balakrishna Joshi Gurukulam Matric Hr Sec School, 2nd Street V V Nagar, Kolathur, Ch-99","1 - Kolathur [ Ward No.64 ] G K M Colony 41st Street Sir.C.V.Raman Street
2 - Kolathur [ Ward No.64 ] G K M Colony 42nd Street Jagajeevanram Street
3 - Kolathur [ Ward No.64 ] G K M Colony 43rd Street Thillaiyaadi
Valliyammai Street",All Voters,"Kulapati Dr.S.Balakrishna Joshi Gurukulam Matric Hr Sec School, 2nd Street V V Nagar, Kolathur",Ch-99,tamilaga vettri kazhagam,334,233,101,dravida munnetra kazhagam,3,2,4,1,12,6,12,12,12,6,5,12,12,12,6,12,12,12,12,12,12,6,12,12,12,12,12,12,12,12,12,12,6,12,6,16.3961038961039,4
48,51,1,27,246,1,0,0,0,0,1,300,1,0,0,0,0,1,0,0,1,0,0,0,0,1,1,0,0,0,0,0,0,0,0,1,633,0,4,637,0,"Kulapati Dr. S. Balakrishna Joshi Gurukulam Matric Hr. Sec School, No.8, 2nd Street, V.V. Nagar, Kolathur, Ch-99, North Block, East Facing, Room 10","1 - Kolathur [ Ward No. 64 ] G K M Colony 39th Street Kakkanji Street
2 - Kolathur [ Ward No.64 ] G K M Colony 38th Street Ambedkar
Street",All Voters,"Kulapati Dr. S. Balakrishna Joshi Gurukulam Matric Hr. Sec School, No.8, 2nd Street, V.V. Nagar, Kolathur, Ch-99, North Block, East Facing",Room 10,tamilaga vettri kazhagam,300,246,54,dravida munnetra kazhagam,3,2,4,1,15,6,6,15,15,6,5,6,15,15,15,15,6,15,15,6,15,15,15,15,6,6,15,15,15,15,15,15,15,15,6,8.530805687203792,6
49,71,2,22,288,0,0,0,0,0,1,271,0,0,0,0,2,2,0,1,1,0,0,0,0,0,1,0,0,0,0,0,0,0,0,0,662,0,4,666,0,"Dhanish Matric Hr Sec School, Kambar Nagar , Chennai-82","1 - Kolathur [ Ward No.68 ] Adhiyamaan Nagar Rajiv Gandhi Street
2 - Kolathur [ Ward No.68 ] Adhiyamaan Nagar Rajiv Gandhi 1st Street
3 - Kolathur [ Ward No.68 ] Adhiyamaan Nagar Rajiv Gandhi Street Ext
4 - Kolathur [ Ward No.68 ] Kambar Nagar 6th Street
5 - Kolathur [ Ward No.68 ] Kambar Nagar 1st Cross Street
6 - Kolathur [ Ward No.68] Kambar Nagar Avvai Street
7 - Kolathur [ Ward No.68 ] Kambar Nagar 7th Street",All Voters,"Dhanish Matric Hr Sec School, Kambar Nagar",Chennai-82,dravida munnetra kazhagam,288,271,17,tamilaga vettri kazhagam,3,1,4,2,13,6,13,13,13,9,5,13,13,13,13,6,6,13,9,9,13,13,13,13,13,9,13,13,13,13,13,13,13,13,13,2.56797583081571,7
50,53,6,24,294,2,0,0,0,0,1,247,0,0,0,0,1,1,0,0,0,0,0,0,0,0,0,1,0,0,0,0,0,1,0,0,631,0,3,634,0,"Dhanish Matric Hr Sec School, Kambar Nagar , Chennai-82","1 - Kolathur [ Ward No.68 ] Vetri Selvi Anbalagan Nagar Buddhar Street
2 - Kolathur [ Ward No.68] Vetri Selvi Anbazhagan Nagar Sri Ranga Street
3 - Kolathur [ Ward No.68 ] Vetri Selvi Nagar Anbazhagan Nagar Nabinayakam Street
4 - Kolathur [ Ward No.68 ] Vetri Selvi Nagar Anbzhagan Nagar Ramanujam Street
5 - Kolathur [ Ward No.68 ] Vetri Selvi Anbazhagan Nagar Yesunathar Street
6 - Kolathur [ Ward No.68 ] Vetri Selvi Anbazhagan Nagar Thiruvalluvar Street
7 - Kolathur [ Ward No.68 ] Vetri Selvi Anbazhagan Nagar Buvaneswari Street
8 - Kolathur [ Ward No.68 ] Valmiki Street
9 - Kolathur [ Ward No.68 ] Valmiki Street Junction
10 - Kolathur [ Ward No.68 ] Vetri Selvi Anbazhagan Nagar Vallalar Street",All Voters,"Dhanish Matric Hr Sec School, Kambar Nagar",Chennai-82,dravida munnetra kazhagam,294,247,47,tamilaga vettri kazhagam,3,1,4,2,13,5,7,13,13,8,6,13,13,13,13,8,8,13,13,13,13,13,13,13,13,13,8,13,13,13,13,13,8,13,13,7.448494453248812,4
51,63,0,18,210,1,0,0,0,1,2,216,0,0,0,0,0,0,2,0,0,0,0,0,0,0,0,0,0,0,0,0,0,0,0,0,513,0,4,517,0,"Dhanish Matric Hr Sec School, No.2, Kambar Nagar, Chennai-82, West Block, East Facing, Room 3","1 - Kolathur [ Ward No.68 ] Kambar Nagar 1st Street
2 - Kolathur [ Ward No.68 ] Kambar Nagar 2nd Street
3 - Kolathur [ Ward No.68 ] Kambar Nagar 3rd Street
4 - Kolathur [ Ward No.68] Kambar Nagar 4th Street",All Voters,"Dhanish Matric Hr Sec School, No.2, Kambar Nagar, Chennai-82, West Block, East Facing",Room 3,tamilaga vettri kazhagam,216,210,6,dravida munnetra kazhagam,3,2,4,1,10,10,8,10,8,6,5,10,10,10,10,10,10,6,10,10,10,10,10,10,10,10,10,10,10,10,10,10,10,10,10,1.169590643274854,2
52,79,0,20,228,0,0,0,1,0,0,241,0,0,0,0,0,0,0,0,0,0,0,0,0,1,1,0,0,1,0,1,1,0,0,0,574,0,1,575,0,"Dhanish Matric Hr Sec School, Kambar Nagar , Chennai-82","1 - Kolathur [ Ward No.65 ] Vasantham Nagar 1st Street
2 - Kolathur [ Ward No.65 ] Vasantham Nagar 2nd Street
3 - Kolathur [ Ward No.65] Vasantham Nagar 3rd Street
4 - Kolathur [ Ward No.65 ] Vasantham Nagar Vasan Street
5 - Kolathur [ Ward No.65 ] Yamuna Nagar",All Voters,"Dhanish Matric Hr Sec School, Kambar Nagar",Chennai-82,tamilaga vettri kazhagam,241,228,13,dravida munnetra kazhagam,3,2,4,1,12,12,12,5,12,12,5,12,12,12,12,12,12,12,12,12,12,12,12,12,5,5,12,12,5,12,5,5,12,12,12,2.264808362369338,5
53,43,0,16,234,0,0,0,0,0,1,208,0,0,0,1,0,0,0,0,0,0,1,0,0,0,0,0,0,0,0,0,0,0,0,0,504,0,5,509,0,"Dhanish Matric Higher Secondary School, No.8, Kambar Nagar, Chennai-82, North Block, South Facing, Room 2A","1 - Kolathur [ Ward No.65] Kambar Nagar 5th Street
2 - Kolathur [ Ward No.65] Kambar Nagar 5th Cross Street
3 - Kolathur [ Ward No.65 ] Bharat Avenue",All Voters,"Dhanish Matric Higher Secondary School, No.8, Kambar Nagar, Chennai-82, North Block, South Facing",Room 2A,dravida munnetra kazhagam,234,208,26,tamilaga vettri kazhagam,3,1,4,2,9,9,9,9,9,6,5,9,9,9,6,9,9,9,9,9,9,6,9,9,9,9,9,9,9,9,9,9,9,9,9,5.158730158730158,2
54,73,1,14,222,0,0,0,0,0,0,256,0,0,0,0,0,0,0,0,1,0,0,0,0,0,0,0,0,0,1,0,0,1,0,0,569,0,6,575,0,"Dhanish Matric Hr Sec School, Kambar Nagar , Chennai-82","1 - Kolathur [ Ward No.65 ] Poombugar Nagar 1st Main Road
2 - Kolathur [ Ward No.65 ] Poombugar Nagar 2nd Main Road
3 - Kolathur [ Ward No.65 ] Poombugar Nagar 1st Sreet
4 - Kolathur [ Ward No.65 ] Poombugar Nagar 1st Cross Street",All Voters,"Dhanish Matric Hr Sec School, Kambar Nagar",Chennai-82,tamilaga vettri kazhagam,256,222,34,dravida munnetra kazhagam,3,2,4,1,10,6,10,10,10,10,5,10,10,10,10,10,10,10,10,6,10,10,10,10,10,10,10,10,10,6,10,10,6,10,10,5.975395430579964,3
55,95,0,17,217,0,0,0,0,2,0,222,1,0,0,0,0,0,0,1,0,0,1,0,0,0,0,0,0,0,1,0,0,0,1,0,558,0,4,562,0,"Dhanish Matric Hr Sec School, Kambar Nagar , Chennai-82","1 - Kolathur [ Ward No.65] Poombugar Nagar 2nd Street
2 - Kolathur [ Ward No.65] Poombugar Nagar 3rd Street
3 - Kolathur [ Ward No.65] Poombugar Nagar 3rd Cross Street
4 - Kolathur [ Ward No.65] Poombugar Nagar 4th Street
5 - Kolathur [ Ward No.65 ] Poombugar Nagar 5th Street
6 - Kolathur [ Ward No.65] Poombugar Nagar 6th Street",All Voters,"Dhanish Matric Hr Sec School, Kambar Nagar",Chennai-82,tamilaga vettri kazhagam,222,217,5,dravida munnetra kazhagam,3,2,4,1,12,12,12,12,6,12,5,7,12,12,12,12,12,12,7,12,12,7,12,12,12,12,12,12,12,7,12,12,12,7,12,0.8960573476702508,5
56,92,0,24,215,1,0,1,0,0,2,256,1,0,0,0,0,0,0,0,0,1,1,0,0,0,0,0,0,0,0,0,1,1,0,0,596,0,9,605,0,"Dhanish Matric Hr Sec School, No.8, Kambar Nagar, Chennai-82, North Block, South Facing, Room 5A","1 - Kolathur [ Ward No.65] Poombugar Nagar 7th Street
2 - Kolathur [ Ward No.65 ] Poombugar Nagar 8th Street
3 - Kolathur [ Ward No.64 ] Poombugar Nagar 9th Street
4 - Kolathur [ Ward No.65 ] Poombugar Nagar 9th Cross Street
5 - Kolathur [ Ward No.65] Poombugar Nagar 10th Cross Street
6 - Kolathur [ Ward No.65 ] Poombugar Nagar 11th Street
7 - Kolathur [ Ward No.65] Poombugar Nagar 12th Street
8 - Kolathur [ Ward No.65 ] Poombugar Nagar 13th Street",All Voters,"Dhanish Matric Hr Sec School, No.8, Kambar Nagar, Chennai-82, North Block, South Facing",Room 5A,tamilaga vettri kazhagam,256,215,41,dravida munnetra kazhagam,3,2,4,1,7,14,7,14,14,6,5,7,14,14,14,14,14,14,14,14,7,7,14,14,14,14,14,14,14,14,14,7,7,14,14,6.879194630872483,5
57,75,0,22,230,0,0,0,0,0,1,230,0,0,0,0,0,0,3,0,2,0,0,0,0,0,0,0,0,0,0,0,0,0,0,1,564,0,4,568,0,"Dhanish Matric Hr Sec School, Kambar Nagar , Chennai-82","1 - Kolathur [ Ward No.65 ] Poombugar Nagar 14th Street
2 - Kolathur [ Ward No.65 ] Poombugar Nagar 15th Street
3 - Kolathur [ Ward No.65 ] Poombugar Nagar 16th Street
4 - Kolathur [ Ward No.65 ] Poombugar Nagar 18th Street
5 - Kolathur [ Ward No.65 ] Poombugar Nagar 19th Street
6 - Kolathur [ Ward No.65] Poombugar Nagar Ganapathi Nagar
7 - Kolathur [ Ward No.65 ] Poombugar Nagar 10th Street
8 - Kolathur [ Ward No.65 ] Poombugar Nagar Extn",All Voters,"Dhanish Matric Hr Sec School, Kambar Nagar",Chennai-82,dravida munnetra kazhagam,230,230,0,tamilaga vettri kazhagam,3,1,4,1,10,10,10,10,10,8,5,10,10,10,10,10,10,6,10,7,10,10,10,10,10,10,10,10,10,10,10,10,10,10,8,0.0,6
58,30,0,15,165,0,0,3,0,0,0,191,0,0,0,1,0,0,0,1,0,0,0,0,0,1,0,0,0,1,0,0,0,0,1,0,409,0,1,410,0,"Dhanish Matric Hr Sec School, Kambar Nagar , Chennai-82","1 - Kolathur [ Ward No.65] Rajarajeswari Nagar 1st Street
2 - Kolathur [ Ward No.65 ] Rajarajeswari Nagar 2nd Street
3 - Kolathur [ Ward No.65 ] Rajarajeswari Nagar 3rd Street
4 - Kolathur [ Ward No.65] Rajarajeswari Nagar 4th Street
5 - Kolathur [ Ward No.65 ] Rajarajeswari Nagar 5th Street
6 - Kolathur [ Ward No.65] Rajarajeswari Nagar 6th Street
7 - Kolathur [ Ward No.65 ] Rajarajeswari Nagar 8th Street
8 - Kolathur [ Ward No.65 ] Kamarajar Nagar 1st Street
9 - Kolathur [ Ward No.65 ] Kamarajar Nagar 1st Cross Street
10 - Kolathur [ Ward No.65 ] Kamarajar Nagar 2nd Street 999 - Overseas Elector",All Voters,"Dhanish Matric Hr Sec School, Kambar Nagar",Chennai-82,tamilaga vettri kazhagam,191,165,26,dravida munnetra kazhagam,3,2,4,1,5,12,12,12,12,12,6,12,12,12,6,12,12,12,6,12,12,12,12,12,6,12,12,12,6,12,12,12,12,6,12,6.356968215158925,5
59,82,1,24,199,1,0,1,0,0,3,231,0,0,0,0,0,0,0,0,0,0,0,0,1,0,0,0,0,0,0,0,0,2,0,0,545,0,2,547,0,"Dhanish Matric Hr Sec School, Kambar Nagar , Chennai-82","1 - Kolathur [ Ward No.65 ] Ashok Avenue 1st Main Road Periyar Nagar
2 - Kolathur [ Ward No.65 ] Ashok Avenue 2nd Main Road Periyar Nagar
3 - Kolathur [ Ward No.65 ] Ashok Avenue 1st Cross Street Periyar Nagar
4 - Kolathur [ Ward No.65 ] Ashok Avenue 2nd Cross Street Periyar Nagar
5 - Kolathur [ Ward No.65 ] Ashok Avenue 3rd Cross Street Periyar Nagar
6 - Kolathur [ Ward No.65] Ashok Avenue 4th Cross Street Periyar Nagar
7 - Kolathur [ Ward No.65] Ashok Avenue 5th Cross Street Periyar Nagar
8 - Kolathur [ Ward No.65 ] Gandhi Nagar 1st Street
9 - Kolathur [ Ward No.65 ] Gandhi Nagar 2nd Street
10 - Kolathur [ Ward No.65 ] Gandhi Nagar 3rd Street
11 - Kolathur [ Ward No.65 ] Gandhi Nagar Annexe
12 - Kolathur [ Ward No.65 ] GandhiNagar Kamaraj Street 999 - Overseas Elector",All Voters,"Dhanish Matric Hr Sec School, Kambar Nagar",Chennai-82,tamilaga vettri kazhagam,231,199,32,dravida munnetra kazhagam,3,2,4,1,8,8,8,12,12,5,6,12,12,12,12,12,12,12,12,12,12,12,12,8,12,12,12,12,12,12,12,12,6,12,12,5.871559633027523,3
60,41,1,21,412,1,0,0,0,0,0,313,0,0,0,0,0,0,1,0,1,0,0,0,0,1,0,0,0,1,1,0,0,1,0,0,795,0,2,797,0,"SVM Primary School, Thiruveedhiamman Koil Street, Kolathur, Chennai-99",1 - Kolathur [ Ward No.65 ] Bagavathiammal Street 999 - Overseas Elector,All Voters,"SVM Primary School, Thiruveedhiamman Koil Street, Kolathur",Chennai-99,dravida munnetra kazhagam,412,313,99,tamilaga vettri kazhagam,3,1,4,2,14,6,6,14,14,14,5,14,14,14,14,14,14,6,14,6,14,14,14,14,6,14,14,14,6,6,14,14,6,14,14,12.45283018867925,6
61,58,2,15,360,2,0,0,0,0,2,299,0,0,0,0,0,1,1,0,0,0,1,0,0,0,0,0,0,0,0,0,0,0,0,0,741,0,2,743,0,"SVM Primary School, Thiruveedhiamman Koil Street, Kolathur, Chennai-99","1 - Kolathur [ Ward No.65 ] Haridas 2nd Cross Street
2 - Kolathur [ Ward No.65 ] Bharathi Nagar 1st Main Road
3 - Kolathur [ Ward No.65 ] Bharathi Nagar 1st Cross Street
4 - Kolathur [ Ward No.65 ] Bharathi Nagar 2nd Cross Street
5 - Kolathur [ Ward No.65 ] Unnamalai Street Ganesh Nagar
6 - Kolathur [ Ward No.65 ] Duraisamy Street 999 - Overseas Elector",All Voters,"SVM Primary School, Thiruveedhiamman Koil Street, Kolathur",Chennai-99,dravida munnetra kazhagam,360,299,61,tamilaga vettri kazhagam,3,1,4,2,12,5,5,12,12,5,5,12,12,12,12,12,9,9,12,12,12,9,12,12,12,12,12,12,12,12,12,12,12,12,12,8.232118758434549,3
62,53,0,20,306,0,0,0,1,0,3,306,0,1,0,0,2,1,0,1,0,1,0,0,0,0,1,0,0,1,0,0,0,0,1,1,699,0,1,700,0,"SVM Primary School, No.6, Thiruveedhiamman Koil Street, Kolathur, Chennai-99, East Block, West Facing, Room 2","1 - Kolathur [ Ward No.65 ] Haridas 1st Cross Street
2 - Kolathur [ Ward No.65 ] Haridas 3rd Street
3 - Kolathur [ Ward No.65 ] Bagavathiammal Street
4 - Kolathur [ Ward No.65 ] Haridas Main Road",All Voters,"SVM Primary School, No.6, Thiruveedhiamman Koil Street, Kolathur, Chennai-99, East Block, West Facing",Room 2,dravida munnetra kazhagam,306,306,0,tamilaga vettri kazhagam,3,1,4,1,17,17,17,7,17,5,7,17,7,17,17,6,7,17,7,17,7,17,17,17,17,7,17,17,7,17,17,17,17,7,7,0.0,10
63,56,3,11,287,0,0,0,0,0,2,267,0,0,1,0,1,0,0,0,0,0,0,0,1,1,0,0,1,0,0,0,1,0,0,0,632,0,1,633,0,"Chennai Primary School ,Thiruveedhiamman Koil Street, Kolathur ,Chennai-99","1 - Kolathur [ Ward No.65 ] East Street
2 - Kolathur [ Ward No.65 ] Lakewiew Vinayakar Koil Street",All Voters,"Chennai Primary School ,Thiruveedhiamman Koil Street, Kolathur",Chennai-99,dravida munnetra kazhagam,287,267,20,tamilaga vettri kazhagam,3,1,4,2,14,5,14,14,14,6,7,14,14,7,14,7,14,14,14,14,14,14,14,7,7,14,14,7,14,14,14,7,14,14,14,3.164556962025316,6
64,25,1,13,256,1,1,0,0,0,3,319,0,1,0,0,0,2,0,0,0,1,0,0,0,0,0,2,0,0,1,0,0,6,0,0,632,0,2,634,0,"Chennai Primary School ,Thiruveedhiamman Koil Street, Kolathur ,Chennai-99","1 - Kolathur [ Ward No.65 ] Thiruveethiamman Koil Street
2 - Kolathur [ Ward No.65 ] Thiruveethiamman Koil 1st Street
3 - Kolathur [ Ward No.65 ] Thiruveethiamman Koil 2nd Street
4 - Kolathur [ Ward No.65 ] SBM School Road Street",All Voters,"Chennai Primary School ,Thiruveedhiamman Koil Street, Kolathur",Chennai-99,tamilaga vettri kazhagam,319,256,63,dravida munnetra kazhagam,3,2,4,1,15,10,10,15,15,6,7,15,10,15,15,15,7,15,15,15,10,15,15,15,15,15,7,15,15,10,15,15,5,15,15,9.968354430379748,13
65,78,0,12,268,1,0,0,0,0,4,289,0,0,0,0,0,0,0,0,0,0,0,0,0,0,0,1,0,0,0,0,0,0,0,0,653,0,1,654,0,"Chennai Primary School ,Thiruveedhiamman Koil Street, Kolathur ,Chennai-99","1 - Kolathur [ Ward No.65 ] Sarojini Nagar 1st Street
2 - Kolathur [ Ward No.65 ] Sarojini Nagar 2nd Street
3 - Kolathur [ Ward No.65 ] Sarojini Nagar Extension
4 - Kolathur [ Ward No.65] Sarojini Nagar 3rd Street
5 - Kolathur [ Ward No.65 ] Bhajanai Koil Street 999 - Overseas Elector",All Voters,"Chennai Primary School ,Thiruveedhiamman Koil Street, Kolathur",Chennai-99,tamilaga vettri kazhagam,289,268,21,dravida munnetra kazhagam,3,2,4,1,9,9,6,9,9,5,6,9,9,9,9,9,9,9,9,9,9,9,9,9,9,9,6,9,9,9,9,9,9,9,9,3.215926493108729,1
66,55,4,10,265,0,0,1,0,0,2,327,0,0,0,0,0,0,0,0,0,0,1,0,0,0,2,0,0,0,1,0,0,0,0,0,668,0,3,671,0,"Chennai Primary School, No.4, Thiruveedhiamman Koil Street, Kolathur, Chennai-99, North Block, South Facing, Room 4","1 - Kolathur [ Ward No.65 ] Sivaparvathi Nagar Kavangarai Street
2 - Kolathur [ Ward No.65 ] Subramanian Nagar Anjugam Nagar West
3 - Kolathur [ Ward No.65] V.B. Sinthan Nagar
4 - Kolathur [ Ward No.65] Anjugam Nagar Main Road",All Voters,"Chennai Primary School, No.4, Thiruveedhiamman Koil Street, Kolathur, Chennai-99, North Block, South Facing",Room 4,tamilaga vettri kazhagam,327,265,62,dravida munnetra kazhagam,3,2,4,1,9,5,12,12,12,7,6,12,12,12,12,12,12,12,12,12,12,9,12,12,12,7,12,12,12,9,12,12,12,12,12,9.281437125748502,4
67,85,0,30,314,0,0,0,0,0,2,281,0,0,0,1,0,1,0,0,0,0,0,0,0,3,0,0,0,1,0,0,0,0,0,0,718,0,2,720,0,"Chennai Primary School ,Thiruveedhiamman Koil Street, Kolathur ,Chennai-99","1 - Kolathur [ Ward No.65] Anjugam Nagar Cross Road
2 - Kolathur [ Ward No.65 ] Anjagam Nagar 1st Street
3 - Kolathur [ Ward No.65 ] Anjugam Nagar 2nd Street
4 - Kolathur [ Ward No.65 ] Anjugam Nagar 3rd Street
5 - Kolathur [ Ward No.65 ] Anjugam Nagar 3rd Cross Street
6 - Kolathur [ Ward No.65 ] Anjugam Nagar 4th Street
7 - Kolathur [ Ward No.65 ] Anjugam Nagar 5th Cross Street
8 - Kolathur [ Ward No.65 ] Anjugam Nagar Cross Street Vetrivel Nagar
9 - Kolathur [ Ward No.65] Anjugam Nagar Vetrivel Nagar Main Road
999 - Overseas Elector",All Voters,"Chennai Primary School ,Thiruveedhiamman Koil Street, Kolathur",Chennai-99,dravida munnetra kazhagam,314,281,33,tamilaga vettri kazhagam,3,1,4,2,11,11,11,11,11,6,6,11,11,11,8,11,8,11,11,11,11,11,11,11,5,11,11,11,8,11,11,11,11,11,11,4.596100278551532,6
68,62,0,20,253,0,0,0,0,0,2,229,0,0,0,0,0,0,0,0,0,0,0,0,0,1,0,0,0,0,0,1,0,0,0,0,568,0,3,571,0,"Chennai Primary School ,Thiruveedhiamman Koil Street, Kolathur ,Chennai-99","1 - Kolathur [ Ward No.65 ] Vetrivel Nagar Extn 1st Street
2 - Kolathur [ Ward No.65] Vetrivel Nagar Extn 2nd Street
3 - Kolathur [ Ward No.65 ] Vetrivel Nagar Extn 3rd Street
4 - Kolathur [ Ward No.65 ] TNHB MIG Flats
5 - Kolathur [ Ward No.65 ] TNHB HIG Flats
6 - Kolathur [ Ward No.65] Anjugam Nagar 6th Street
7 - Kolathur [ Ward No.65 ] Anjugam Nagar 7th Street
8 - Kolathur [ Ward No.65 ] Anjugam Nagar 8th Street 999 - Overseas Elector",All Voters,"Chennai Primary School ,Thiruveedhiamman Koil Street, Kolathur",Chennai-99,dravida munnetra kazhagam,253,229,24,tamilaga vettri kazhagam,3,1,4,2,9,9,9,9,9,6,5,9,9,9,9,9,9,9,9,9,9,9,9,9,7,9,9,9,9,9,7,9,9,9,9,4.225352112676056,2
69,84,0,17,234,0,0,0,0,0,2,260,0,0,0,0,0,1,0,0,0,0,0,0,0,1,0,0,0,0,0,0,0,0,1,0,600,0,3,603,0,"Chennai Primary School ,Thiruveedhiamman Koil Street, Kolathur ,Chennai-99","1 - Kolathur [ Ward No.65 ] Anjugam Nagar 11th Street
2 - Kolathur [ Ward No.65 ] Anjugam Nagar 12th Street
3 - Kolathur [ Ward No.65 ] Anjugam Nagar 13th Street
4 - Kolathur [ Ward No.65 ] Anjugam Nagar 14th Street
5 - Kolathur [ Ward No.65 ] Anjugam Nagar 15th Street
6 - Kolathur [ Ward No.65 ] Anjugam Nagar 16th Street
7 - Kolathur [ Ward No.65 ] Anjugam Nagar 17th Street",All Voters,"Chennai Primary School ,Thiruveedhiamman Koil Street, Kolathur",Chennai-99,tamilaga vettri kazhagam,260,234,26,dravida munnetra kazhagam,3,2,4,1,10,10,10,10,10,6,5,10,10,10,10,10,7,10,10,10,10,10,10,10,7,10,10,10,10,10,10,10,10,7,10,4.333333333333334,3
70,77,0,30,285,0,0,1,0,0,4,270,0,0,0,0,0,0,0,1,0,0,0,0,0,0,0,1,0,0,0,0,2,0,0,0,671,0,2,673,0,"Chennai Primary School ,Thiruveedhiamman Koil Street, Kolathur ,Chennai-99","1 - Kolathur [ Ward No.65 ] Thulasi Nagar
2 - Kolathur [ Ward No.65 Pasumpon Nagar
3 - Kolathur [ Ward No.65 ] Poombugar Nagar 20th Street
4 - Kolathur [ Ward No.65] Poombugar Nagar 21st Street
5 - Kolathur [ Ward No.65 ] Poombugar Nagar 22nd Street
6 - Kolathur [ Ward No.65] Poombugar Nagar 23rd Street
7 - Kolathur [ Ward No.65] Poombugar Nagar 24th Street
8 - Kolathur [ Ward No.65] Anjugam Nagar 18th Street
9 - Kolathur [ Ward No.65 ] Anjugam Nagar 19th Street",All Voters,"Chennai Primary School ,Thiruveedhiamman Koil Street, Kolathur",Chennai-99,dravida munnetra kazhagam,285,270,15,tamilaga vettri kazhagam,3,1,4,2,8,11,11,11,11,5,6,11,11,11,11,11,11,11,8,11,11,11,11,11,11,11,8,11,11,11,11,6,11,11,11,2.235469448584203,4
71,75,1,16,315,0,0,0,0,0,2,287,0,0,0,0,0,0,0,0,0,0,0,0,0,0,0,0,0,1,0,0,1,2,0,0,700,0,10,710,0,"Conservancy Inspector Office , Anjugam Nagar 18th Street, Kolathur, Ch-99","1 - Kolathur [ Ward No.65] Shanthi Nagar Main Road
2 - Kolathur [ Ward No.65 ] Shanthi Nagar 1st Cross Street
3 - Kolathur [ Ward No.65] Shanthi Nagar 2nd Cross Street
4 - Kolathur [ Ward No.65 ] Shanthi Nagar 3rd Cross Street
5 - Kolathur [ Ward No.65] Shanthi Nagar 4th Cross Street
6 - Kolathur [ Ward No.65] Shanthi Nagar 5th Cross Street
7 - Kolathur [ Ward No.65] Shanthi Nagar 6th Cross Street
8 - Kolathur [ Ward No.65 ] Shanthi Nagar Extension
9 - Kolathur [ Ward No.65 ] Thearter Street
10 - Kolathur [ Ward No.65 ] Ambedhkar Salai
11 - Kolathur [ Ward No.65 ] Vijaya Nagar",All Voters,"Conservancy Inspector Office , Anjugam Nagar 18th Street, Kolathur",Ch-99,dravida munnetra kazhagam,315,287,28,tamilaga vettri kazhagam,3,1,4,2,11,8,11,11,11,6,5,11,11,11,11,11,11,11,11,11,11,11,11,11,11,11,11,11,8,11,11,8,6,11,11,4.0,4
72,71,0,25,274,0,0,4,0,1,0,244,0,0,0,0,0,0,1,0,0,0,0,0,0,0,0,1,0,1,0,0,0,1,0,0,623,0,5,628,0,"Conservancy Inspector Office , Anjugam Nagar 18th Street, Kolathur, Ch-99","1 - Kolathur [ Ward No.65 ] Poombugar Nagar 17th Street
2 - Kolathur [ Ward No.65 ] Poombugar Nagar 4th Cross Street
3 - Kolathur [ Ward No.65 ] Poombugar Nagar 5th Cross Street
4 - Kolathur [ Ward No.65] Poombugar Nagar 6th Cross Street
5 - .Kolathur [ Ward No.65 ] South Poombugar Nagar 1st Street
6 - Kolathur [ Ward No.65 ] South Poombugar Nagar 2nd Street
7 - Kolathur [ Ward No.65] West Poombugar Nagar 2nd Street
8 - Kolathur [ Ward No.65] Poombugar Nagar 7th Cross Street
9 - Kolathur [ Ward No.65] Poombugar Nagar 30th Street",All Voters,"Conservancy Inspector Office , Anjugam Nagar 18th Street, Kolathur",Ch-99,dravida munnetra kazhagam,274,244,30,tamilaga vettri kazhagam,3,1,4,2,6,12,12,12,7,12,5,12,12,12,12,12,12,7,12,12,12,12,12,12,12,12,7,12,7,12,12,12,7,12,12,4.815409309791333,4
73,98,0,24,187,2,0,1,0,0,0,240,2,0,0,0,0,0,1,0,0,0,0,0,0,1,1,1,0,0,1,0,0,0,0,0,559,0,1,560,0,"Mario Nursery & Primary School, 3.Samdharia Colony 4th Street, Kolathur, Chennai-99","1 - Kolathur [ Ward No.65] Kaveri Nagar
2 - (Kolathur [ Ward No.65] Kaveri Nagar 2nd Street
3 - Kolathur [ Ward No.65] Kaveri Nagar 4th Street
4 - Kolathur [ Ward No.65] Poombugar Nagar 11th Cross Street
5 - Kolathur [ Ward No.65] Redhills Main Road 999 - Overseas Elector",All Voters,"Mario Nursery & Primary School, 3.Samdharia Colony 4th Street, Kolathur",Chennai-99,tamilaga vettri kazhagam,240,187,53,dravida munnetra kazhagam,3,2,4,1,7,14,5,14,14,14,7,5,14,14,14,14,14,7,14,14,14,14,14,14,7,7,7,14,14,7,14,14,14,14,14,9.481216457960643,7
74,71,2,29,302,0,0,0,0,0,3,298,0,0,0,0,1,0,0,0,0,0,0,0,0,0,0,0,0,1,3,0,0,0,0,0,710,0,3,713,0,"Mario Nursery Primary School, No.1, 3rd Samdharia Colony, 4th Street, Kolathur, Chennai 99, West Side, East Facing, Room 3","1 - Kolathur [ Ward No.65 ] Poombugar Nagar 8th Cross Street
2 - Kolathur [ Ward No.65 ] Poombugar Nagar 27th Street
3 - Kolathur [ Ward No.65] Poombugar Nagar 28th Street
4 - Kolathur [ Ward No.65 ] Poombugar Nagar 29th Street Bashyam Street
5 - Kolathur [ Ward No.65] Poombugar Nagar 25th Street
6 - Kolathur [ Ward No.65 ] Poombugar Nagar 26th Street",All Voters,"Mario Nursery Primary School, No.1, 3rd Samdharia Colony, 4th Street, Kolathur, Chennai 99, West Side, East Facing",Room 3,dravida munnetra kazhagam,302,298,4,tamilaga vettri kazhagam,3,1,4,2,11,8,11,11,11,5,5,11,11,11,11,9,11,11,11,11,11,11,11,11,11,11,11,11,9,5,11,11,11,11,11,0.5633802816901409,5
75,86,1,30,178,0,0,1,0,1,4,482,1,0,0,0,0,0,0,0,1,1,1,1,0,0,0,0,0,2,0,0,0,0,0,0,790,0,2,792,0,"Chennai Hr Sec School , School Road , Kolathur , Ch-99",1 - Kolathur [ Ward No.65 ] Gangaiamman Koil Street 999 - Overseas Elector,All Voters,"Chennai Hr Sec School , School Road , Kolathur",Ch-99,tamilaga vettri kazhagam,482,178,304,dravida munnetra kazhagam,3,2,4,1,8,8,16,16,8,5,6,8,16,16,16,16,16,16,16,8,8,8,8,16,16,16,16,16,6,16,16,16,16,16,16,38.48101265822785,7
76,76,1,22,179,2,0,0,2,0,3,415,0,1,0,0,0,1,1,1,0,0,0,0,0,0,2,0,0,0,0,0,1,0,0,0,707,0,3,710,1,"Chennai Hr Sec School, No.2, School Road, Kolathur, Ch-99, North Block, East Facing, Room 2","1 - Kolathur [ Ward No.65 ] Thirumeni Nagar
2 - Kolathur [ Ward No.65] Varalakshmi Nagar
3 - Kolathur [ Ward No.65 ] Varalakshmi Nagar Extension
4 - Kolathur [ Ward No.65 ] Gangaiamman Koil Street",All Voters,"Chennai Hr Sec School, No.2, School Road, Kolathur, Ch-99, North Block, East Facing",Room 2,tamilaga vettri kazhagam,415,179,236,dravida munnetra kazhagam,3,2,4,1,16,10,7,7,16,5,5,16,10,16,16,16,10,10,10,16,16,16,16,16,16,7,16,16,16,16,16,10,16,16,16,33.38048090523338,7
77,92,0,26,212,1,0,0,0,0,1,305,0,0,0,0,0,0,0,0,0,0,0,0,1,0,0,0,0,0,0,0,0,0,0,0,638,0,8,646,0,"Chennai Hr Sec School , School Road , Kolathur , Ch-99","1 - Kolathur [ Ward No.65] Redhills Road
2 - Kolathur [ Ward No.65 ] Bhavani Nagar
3 - Kolathur [ Ward No.65] K.S.Nagar
4 - Kolathur [ Ward No.65 ] K.S.Nagar Pushpa Enclave Apartments
5 - Kolathur [ Ward No.65 ] Lakshmi Avenue
6 - Kolathur [ Ward No.65 ] Venkat Nagar
7 - Kolathur [ Ward No.65] Venkat Nagar Extn
8 - Kolathur [ Ward No.65 ] Padma Nagar 999 - Overseas Elector",All Voters,"Chennai Hr Sec School , School Road , Kolathur",Ch-99,tamilaga vettri kazhagam,305,212,93,dravida munnetra kazhagam,3,2,4,1,9,9,6,9,9,6,5,9,9,9,9,9,9,9,9,9,9,9,9,6,9,9,9,9,9,9,9,9,9,9,9,14.57680250783699,1
78,84,1,29,178,2,0,0,1,0,1,411,0,0,0,0,0,0,2,1,0,0,1,0,0,0,0,0,0,0,0,0,1,0,0,0,712,0,2,714,0,"Chennai Hr Sec School , School Road , Kolathur , Ch-99","1 - Kolathur [ Ward No.65 ] Sannathi Street
2 - Kolathur [ Ward No.65 ] East Mada Veedhi
3 - Kolathur [ Ward No.65 ] South Mada Veedhi
4 - Kolathur [ Ward No.65 ] School Road Lane",All Voters,"Chennai Hr Sec School , School Road , Kolathur",Ch-99,tamilaga vettri kazhagam,411,178,233,dravida munnetra kazhagam,3,2,4,1,14,8,5,8,14,8,5,14,14,14,14,14,14,5,8,14,14,8,14,14,14,14,14,14,14,14,14,8,14,14,14,32.7247191011236,5
79,108,1,11,195,0,0,0,0,0,4,438,0,0,0,1,1,1,0,0,0,0,1,0,1,0,0,0,0,0,0,0,0,0,0,0,762,0,1,763,0,"Chennai Hr Sec School , School Road , Kolathur , Ch-99","1 - Kolathur [ Ward No.65 ] Chitti Babu Nagar
2 - Kolathur [ Ward No.65] West Mada Veedhi
3 - Kolathur [ Ward No.65 ] North Mada Veedhi
4 - Kolathur [ Ward No.65 ] Bajanai Koil Street",All Voters,"Chennai Hr Sec School , School Road , Kolathur",Ch-99,tamilaga vettri kazhagam,438,195,243,dravida munnetra kazhagam,3,2,4,1,13,6,13,13,13,5,6,13,13,13,6,6,6,13,13,13,13,6,13,6,13,13,13,13,13,13,13,13,13,13,13,31.88976377952756,5
80,72,2,15,253,1,0,0,1,0,2,338,0,0,0,0,1,0,1,0,0,0,2,0,0,0,0,0,0,1,0,0,0,0,0,1,690,0,1,691,0,"Chennai Hr Sec School , School Road , Kolathur , Ch-99","1 - Kolathur [ Ward No.65 ] Mettu Street
2 - Kolathur [ Ward No.65] M.G.R.Nagar Muthumariamman Koil Street ]
3 - Kolathur [ Ward No.65 ] Varadhan Kuttai
4 - Kolathur [ Ward No.65] Moogambigai Koil Street
5 - .Kolathur [ Ward No.65 ] Dhurga Colony
6 - Kolathur [ Ward No.65 ] R.K.R.Nagar",All Voters,"Chennai Hr Sec School , School Road , Kolathur",Ch-99,tamilaga vettri kazhagam,338,253,85,dravida munnetra kazhagam,3,2,4,1,15,5,8,8,15,5,8,15,15,15,15,8,15,8,15,15,15,5,15,15,15,15,15,15,8,15,15,15,15,15,8,12.31884057971015,6
81,64,2,28,254,1,0,2,0,0,2,235,0,1,0,0,0,1,1,0,0,0,1,0,0,0,0,0,0,0,0,0,0,0,0,0,592,0,4,596,0,"Chennai Hr Sec School , School Road , Kolathur , Ch-99","1 - Kolathur [ Ward No.65] Jayaram Nagar 3rd Main Road
2 - Kolathur [ Ward No.65] Thiruvalluar Street Thanigai Nagar
3 - Kolathur [ Ward No.65 ] Veeramamuni Street Thanigai Nagar
4 - Kolathur [ Ward No.65 ] Kalamegam Street Thanigai Nagar
5 - Kolathur [ Ward No.65 ] Valmiki Street
6 - Kolathur [ Ward No.65 ] Jayaram Nagar 1st Main Road
7 - Kolathur [ Ward No.65 ] Jayaram Nagar 4th Main Road
8 - Kolathur [ Ward No.65 ] Jayaram Nagar 2nd Main Road 999 - Overseas Elector",All Voters,"Chennai Hr Sec School , School Road , Kolathur",Ch-99,dravida munnetra kazhagam,254,235,19,tamilaga vettri kazhagam,3,1,4,2,6,6,9,14,14,6,5,14,9,14,14,14,9,9,14,14,14,9,14,14,14,14,14,14,14,14,14,14,14,14,14,3.209459459459459,4
82,52,0,35,183,0,0,0,0,0,1,409,0,0,0,0,1,0,0,1,0,0,1,0,0,0,0,0,1,0,0,0,1,0,0,0,685,0,1,686,0,"Chennai Hr Sec School , School Road , Kolathur , Ch-99","1 - Kolathur [ Ward No.65 ] Sivasakthi Nagar 1st Street
2 - Kolathur [ Ward No.65 ] Sivasakthi Nagar 2nd Street
3 - Kolathur [ Ward No.65 ] Sivasakthi Nagar Extn 3rd Street",All Voters,"Chennai Hr Sec School , School Road , Kolathur",Ch-99,tamilaga vettri kazhagam,409,183,226,dravida munnetra kazhagam,3,2,4,1,12,12,12,12,12,5,5,12,12,12,12,5,12,12,5,12,12,5,12,12,12,12,12,5,12,12,12,5,12,12,12,32.992700729927,5
83,63,1,33,238,1,0,0,1,0,1,396,1,0,0,0,0,1,0,0,0,0,0,0,1,0,0,0,0,0,0,0,0,0,0,0,737,0,2,739,0,"Chennai Hr Sec School, No.2, School Road, Kolathur, Ch-99, West Block, North Facing, Room 2","1 - Kolathur [ Ward No.65 ] Sivasakthi Nagar Extn 4th Street
2 - Kolathur [ Ward No.65 ] Sivasakthi Nagar Extn 5th Street
3 - Kolathur [ Ward No.65] Sivasakthi Nagar Extn 6th Street
4 - Kolathur [ Ward No.65] Sivasakthi Nagar Extn 7th Street",All Voters,"Chennai Hr Sec School, No.2, School Road, Kolathur, Ch-99, West Block, North Facing",Room 2,tamilaga vettri kazhagam,396,238,158,dravida munnetra kazhagam,3,2,4,1,13,6,6,6,13,6,5,6,13,13,13,13,6,13,13,13,13,13,13,6,13,13,13,13,13,13,13,13,13,13,13,21.43826322930801,3
84,64,3,33,242,1,1,2,0,0,2,400,0,0,0,0,0,1,0,1,0,0,0,0,0,1,0,0,0,3,0,1,0,0,0,1,756,0,5,761,0,"Chennai Hr Sec School , School Road , Kolathur , Ch-99","1 - Kolathur [ Ward No.65 ] Sivasakthi Nagar Extn 8th Street
2 - Kolathur [ Ward No.65 ] Sivasakthi Nagar Extn 9th Street
3 - Kolathur [ Ward No.65 ] Sivasakthi Nagar Extn
4 - Kolathur [ Ward No.65 ] Sivasakthi Nagar Vinayagar Street
5 - Kolathur [ Ward No.65 ] Adinath Nagar
6 - Kolathur [ Ward No.65 ] Sivasakthi Nagar 1st Main Road
7 - Kolathur [ Ward No.65 ] Siva Sakthi Nagar Extension 2nd Main Road
8 - Kolathur Ward No.65 Sivasakthi Nagar Anex
999 - Overseas Elector",All Voters,"Chennai Hr Sec School , School Road , Kolathur",Ch-99,tamilaga vettri kazhagam,400,242,158,dravida munnetra kazhagam,3,2,4,1,8,6,10,16,16,8,5,16,16,16,16,16,10,16,10,16,16,16,16,16,10,16,16,16,6,16,10,16,16,16,10,20.8994708994709,8
85,93,1,18,241,1,0,0,0,0,5,407,0,0,0,0,1,0,0,1,0,0,0,0,0,0,0,0,0,1,0,0,1,0,0,0,770,0,0,770,0,"Chennai Hr Sec School , School Road , Kolathur , Ch-99","1 - Kolathur [ Ward No.65] Anusaya Nagar
2 - Kolathur [ Ward No.65 ] Umamaheswari Nagar
3 - Kolathur [ Ward No.65 ] M.G.R.1st Street
4 - Kolathur [ Ward No.65 ] M.G.R. 2nd Street
5 - Kolathur [ Ward No.65 ] M.G.R.Nagar Neelamagam Street
6 - Kolathur [ Ward No.65] Parvathi Amman Nagar
7 - Kolathur [ Ward No.65 ] Muthumariamman Koil Street",All Voters,"Chennai Hr Sec School , School Road , Kolathur",Ch-99,tamilaga vettri kazhagam,407,241,166,dravida munnetra kazhagam,3,2,4,1,12,6,6,12,12,5,12,12,12,12,12,6,12,12,6,12,12,12,12,12,12,12,12,12,6,12,12,6,12,12,12,21.55844155844156,4
86,63,1,28,209,0,0,0,0,0,1,466,0,0,0,0,1,0,1,1,1,0,1,0,0,0,0,2,0,3,0,0,0,0,1,1,780,0,2,782,0,"Chennai Hr Sec School , School Road , Kolathur , Ch-99","1 - Kolathur [ Ward No.65] Gandhi Nagar Avenue
2 - Kolathur [ Ward No.65] Mahathma Gandhi Nagar
3 - Kolathur [ Ward No.65 ] Mahathma Gandhi Nagar 2nd Main Road
4 - Kolathur [ Ward No.65 ] Mahathma Gandhi Nagar 100 Feet
Road",All Voters,"Chennai Hr Sec School , School Road , Kolathur",Ch-99,tamilaga vettri kazhagam,466,209,257,dravida munnetra kazhagam,3,2,4,1,17,8,17,17,17,8,6,17,17,17,17,8,17,8,8,8,17,8,17,17,17,17,6,17,5,17,17,17,17,8,8,32.94871794871795,12
87,74,0,25,186,1,0,0,0,0,1,473,0,2,0,0,0,0,0,0,0,0,0,0,1,1,1,0,0,1,0,0,1,0,0,0,767,0,1,768,0,"Chennai Hr Sec School , School Road , Kolathur , Ch-99","1 - Kolathur [ Ward No.65 ] Kannagi Nagar Avvai Street
2 - Kolathur [ Ward No.65] Subramanian Street Kannagi Nagar
3 - Kolathur [ Ward No.65 ] Kannagi Nagar Extn
4 - Kolathur [ Ward No.65 ] Kannagi Nagar Kambar Street
5 - Kolathur [ Ward No.65 ] Anna Street Kannagi Nagar Extension",All Voters,"Chennai Hr Sec School , School Road , Kolathur",Ch-99,tamilaga vettri kazhagam,473,186,287,dravida munnetra kazhagam,3,2,4,1,14,14,6,14,14,6,6,14,5,14,14,14,14,14,14,14,14,14,14,6,6,6,14,14,6,14,14,6,14,14,14,37.41851368970013,7
88,42,1,18,189,1,0,0,0,0,5,177,0,0,0,0,0,0,1,1,0,0,0,0,1,0,0,0,0,2,0,0,0,0,0,0,438,0,4,442,0,"Everwin Matric Hr Sec School , Redhills Road, Kolathur, Chennai - 99","1 - Kolathur [ Ward No.66 ] Balaji Nagar 1st Cross Street
2 - Kolathur [ Ward No.66 ] Balaji Nagar 2nd Cross Street
3 - Kolathur [ Ward No.66 ] Vivekanandhar Street Ramakrishna Nagar
4 - Kolathur [ Ward No.66 ] Saradhambal Street Ramakrishna
Nagar",All Voters,"Everwin Matric Hr Sec School , Redhills Road, Kolathur",Chennai - 99,dravida munnetra kazhagam,189,177,12,tamilaga vettri kazhagam,3,1,4,2,13,8,8,13,13,5,6,13,13,13,13,13,13,8,8,13,13,13,13,8,13,13,13,13,7,13,13,13,13,13,13,2.73972602739726,5
89,62,1,16,282,0,0,0,0,0,3,351,0,0,0,0,0,2,0,2,0,0,0,0,0,1,0,1,1,0,0,0,0,0,0,0,722,0,3,725,0,"Everwin Matric Hr Sec School, No.2, Redhills Road, Kolathur, Chennai-99, South East Block, South Facing, Room 2","1 - Kolathur [ Ward No.66 ] Ambedhkar Nagar Balaji Extension Slum area
2 - Kolathur [ Ward No.66 ] Balaji Nagar Main Road",All Voters,"Everwin Matric Hr Sec School, No.2, Redhills Road, Kolathur, Chennai-99, South East Block, South Facing",Room 2,tamilaga vettri kazhagam,351,282,69,dravida munnetra kazhagam,3,2,4,1,13,9,13,13,13,5,5,13,13,13,13,13,7,13,7,13,13,13,13,13,9,13,9,9,13,13,13,13,13,13,13,9.556786703601109,7
90,78,1,28,203,0,0,1,0,0,1,245,1,1,1,0,0,0,0,0,0,0,0,0,0,0,0,0,0,0,0,0,0,1,0,0,561,0,3,564,0,"Everwin Matric Hr Sec School , Redhills Road, Kolathur, Chennai - 99","1 - Kolathur [ Ward No.66 ] Balaji Nagar 3rd Cross Street
2 - Kolathur [ Ward No.66] Balaji Nagar 4th Cross Street
3 - Kolathur [ Ward No.66 ] Balaji Nagar 5th Cross Street
4 - Kolathur [ Ward No.66 ] Balaji Nagar 6th Cross Street
5 - Kolathur [ Ward No.66 ] Balaji Nagar 7th Cross Street
6 - Kolathur [ Ward No.66 ] Balaji Nagar 8th Cross Street
7 - Kolathur [ Ward No.66 ] Balaji Nagar 9th Cross Street",All Voters,"Everwin Matric Hr Sec School , Redhills Road, Kolathur",Chennai - 99,tamilaga vettri kazhagam,245,203,42,dravida munnetra kazhagam,3,2,4,1,6,6,13,13,13,6,5,6,6,6,13,13,13,13,13,13,13,13,13,13,13,13,13,13,13,13,13,13,6,13,13,7.48663101604278,4
91,124,0,24,229,0,1,0,0,0,1,315,0,0,0,0,1,1,1,0,0,0,0,0,0,0,1,0,0,0,0,0,0,0,0,0,698,0,1,699,0,"Everwin Matric Hr Sec School , Redhills Road, Kolathur, Chennai - 99","1 - Kolathur [ Ward No.66] Thirupathi Nagar 1st Main Road Extn
2 - Kolathur [ Ward No.66] Thirupathi Nagar 2nd Main Road
3 - Kolathur [ Ward No.66 ] Thirupathi Nagar 3rd Main Road",All Voters,"Everwin Matric Hr Sec School , Redhills Road, Kolathur",Chennai - 99,tamilaga vettri kazhagam,315,229,86,dravida munnetra kazhagam,3,2,4,1,11,11,11,11,11,5,5,11,11,11,11,5,5,5,11,11,11,11,11,11,11,5,11,11,11,11,11,11,11,11,11,12.32091690544413,4
92,108,1,15,214,2,0,0,0,1,0,292,0,0,1,0,1,0,0,0,0,0,0,0,0,2,1,0,0,0,0,0,1,1,0,0,640,0,3,643,0,"Everwin Matric Hr Sec School, No.2, Redhills Road, Kolathur, Chennai-99, South Block, South Facing, Room 5","1 - Kolathur [ Ward No.66] Annai Sathya Nagar M.G.R. Street
2 - Kolathur [ Ward No.66 ] Thirupathi Nagar 4th Cross Street
3 - Kolathur [ Ward No.66] Thirupathi Nagar 4th Main Road",All Voters,"Everwin Matric Hr Sec School, No.2, Redhills Road, Kolathur, Chennai-99, South Block, South Facing",Room 5,tamilaga vettri kazhagam,292,214,78,dravida munnetra kazhagam,3,2,4,1,15,8,6,15,8,15,5,15,15,8,15,8,15,15,15,15,15,15,15,15,6,8,15,15,15,15,15,8,8,15,15,12.1875,7
93,91,1,23,185,0,1,0,0,0,2,275,0,0,0,0,1,0,1,0,0,0,0,1,0,0,0,0,0,0,0,0,0,1,0,0,582,0,3,585,0,"Everwin Matric Hr Sec School , Redhills Road, Kolathur, Chennai - 99","1 - Kolathur [ Ward No.66 ] Thirupathi Nagar 2nd Cross Street
2 - Kolathur [ Ward No.66 ] Thirupathi Nagar 3rd Cross Street
3 - Kolathur [ Ward No.66 ] Thirupathi Nagar 1st Cross Street
4 - Kolathur [ Ward No.66 ] Thirupathi Nagar 5th Cross Street
5 - Kolathur [ Ward No.66 ] Thirupathi Nagar 6th Cross Street
6 - Kolathur [ Ward No.66 ] Thirupathi Nagar 4th Main Road Gandhi Street
7 - Kolathur [ Ward No.66] Krishnan Nagar Thirupathi Nagar Extn
999 - Overseas Elector",All Voters,"Everwin Matric Hr Sec School , Redhills Road, Kolathur",Chennai - 99,tamilaga vettri kazhagam,275,185,90,dravida munnetra kazhagam,3,2,4,1,12,7,12,12,12,6,5,12,12,12,12,7,12,7,12,12,12,12,7,12,12,12,12,12,12,12,12,12,7,12,12,15.4639175257732,4
94,89,1,19,293,1,0,0,0,0,4,368,0,0,0,0,1,0,0,0,0,0,0,1,0,0,1,0,0,1,0,0,0,0,0,1,780,0,4,784,0,"Everwin Matric Hr Sec School , Redhills Road, Kolathur, Chennai - 99","1 - Kolathur [ Ward No.66 ] Sri Vel Murugan Nagar 1st Main Road
2 - Kolathur [ Ward No.66 ] Sri Vel Murugan Nagar 2nd Main Road
3 - Kolathur [ Ward No.66 ] Sri Vel Murugan Nagar 1st Avenue
4 - Kolathur [ Ward No.66 ] Sri Vel Murugan Nagar 2nd Avenue
5 - Kolathur [ Ward No.66 ] Sri Vel Murugan Nagar 3rd Avenue
6 - .Kolathur [ Ward No.66 ] Sri Vel Murugan 4th Avenue
7 - Kolathur [ Ward No.66 ] Ambedhkar Nagar",All Voters,"Everwin Matric Hr Sec School , Redhills Road, Kolathur",Chennai - 99,tamilaga vettri kazhagam,368,293,75,dravida munnetra kazhagam,3,2,4,1,14,7,7,14,14,5,5,14,14,14,14,7,14,14,14,14,14,14,7,14,14,7,14,14,7,14,14,14,14,14,7,9.615384615384617,5
95,68,1,22,192,0,0,1,0,0,0,266,0,0,2,0,0,1,0,0,0,0,0,0,0,0,0,0,1,1,0,0,2,0,0,0,557,0,3,560,0,"Everwin Matric Hr Sec School, No.2, Redhills Road, Kolathur, Chennai-99, South Block, South Facing, Room 8","1 - Kolathur [ Ward No.66] Vel Murugan Nagar Continue Odai Paguthi
2 - Kolathur [ Ward No.66] Venkateswara Nagar
3 - Kolathur [ Ward No.66] Golden Avenue Thirupathi Nagar Extn
4 - Kolathur [ Ward No.66] Poongavanam Street Thirupathi Nagar Extn
5 - Kolathur [ Ward No.66 ] Bharathi Street Thirupathi Nagar Extn
6 - Kolathur [ Ward No.66 ] Veritas Street
7 - Kolathur [ Ward No.66 ] Kamaraj Street
8 - Kolathur [ Ward No.66 ] Nethaji Street
9 - Kolathur [ Ward No.66 ] Annai Indira Street",All Voters,"Everwin Matric Hr Sec School, No.2, Redhills Road, Kolathur, Chennai-99, South Block, South Facing",Room 8,tamilaga vettri kazhagam,266,192,74,dravida munnetra kazhagam,3,2,4,1,8,8,13,13,13,13,5,13,13,6,13,13,8,13,13,13,13,13,13,13,13,13,13,8,8,13,13,6,13,13,13,13.28545780969479,7
96,66,1,22,187,0,0,0,0,0,0,252,0,1,1,0,0,0,2,0,0,0,0,0,0,0,0,0,0,1,0,0,0,0,1,0,534,0,1,535,0,"Everwin Matric Hr Sec School , Redhills Road, Kolathur, Chennai - 99","1 - Kolathur [ Ward No.66 ] Vallalar Street
2 - Kolahtur [ Ward No.66 ] Jawahar Street
3 - Kolathur [ Ward No.66] Buddhar Street Thirupathi Nagar Extn
4 - Kolathur [ Ward No.66 ] Valarmathi Nagar 1st Street
5 - Kolathur [ Ward No.66 ] Valarmathi Nagar 2nd Street",All Voters,"Everwin Matric Hr Sec School , Redhills Road, Kolathur",Chennai - 99,tamilaga vettri kazhagam,252,187,65,dravida munnetra kazhagam,3,2,4,1,12,6,12,12,12,12,6,12,6,6,12,12,12,5,12,12,12,12,12,12,12,12,12,12,6,12,12,12,12,6,12,12.17228464419476,6
97,61,0,32,204,0,0,0,1,0,1,267,0,0,0,0,0,0,0,1,0,0,0,0,0,0,1,0,1,0,0,0,1,0,0,0,570,0,1,571,0,"Everwin Matric Hr Sec School , Redhills Road, Kolathur, Chennai - 99","1 - Kolathur [ Ward No.66 ] Annai Sathya Nagar Vinayagar Koil Street Odai Parts
2 - Kolathur [ Ward No.66 ] Valarmathi Nagar 3rd Street
3 - Kolathur [ Ward No.66 ] Valarmathi Nagar 4th Street
4 - Kolathur [ Ward No.66] Valarmathi Nagar 5th Street
5 - Kolathur [ Ward No.66 ] Perumal Nagar 999 - Overseas Elector",All Voters,"Everwin Matric Hr Sec School , Redhills Road, Kolathur",Chennai - 99,tamilaga vettri kazhagam,267,204,63,dravida munnetra kazhagam,3,2,4,1,12,12,12,5,12,5,5,12,12,12,12,12,12,12,5,12,12,12,12,12,12,5,12,5,12,12,12,5,12,12,12,11.05263157894737,4
98,92,1,15,175,0,0,0,0,0,3,278,0,1,0,0,0,0,1,0,0,0,0,0,0,0,0,0,0,0,1,0,0,0,0,0,567,0,5,572,0,"Everwin Matric Hr Sec School, No.2, Redhills Road, Kolathur, Chennai-99, West Block, East Facing, Room 11","1 - Kolathur [ Ward No.66 ] Dhanammal Nagar 1st Street
2 - Kolathur [ Ward No.66 ] Dhanammal Nagar 2nd Street
3 - Kolathur [ Ward No.66 ] Sri Jayaram Nagar
4 - Kolathur [ Ward No.66] Perundevi Nagar",All Voters,"Everwin Matric Hr Sec School, No.2, Redhills Road, Kolathur, Chennai-99, West Block, East Facing",Room 11,tamilaga vettri kazhagam,278,175,103,dravida munnetra kazhagam,3,2,4,1,11,7,11,11,11,6,5,11,7,11,11,11,11,7,11,11,11,11,11,11,11,11,11,11,11,7,11,11,11,11,11,18.1657848324515,3
99,79,1,9,182,0,0,0,0,0,1,267,0,0,0,0,0,0,1,0,0,0,1,0,0,0,0,0,0,0,0,0,0,0,0,0,541,0,1,542,0,"Everwin Matric Hr Sec School , Redhills Road, Kolathur, Chennai - 99","1 - Kolathur [ Ward No.66 ] Ragavendhara Nagar
2 - Kolathur [ Ward No.66] Sri Nagar Colony East Street
3 - Kolathur [ Ward No.66] Sri Nagar Colony Middle Street
4 - Kolathur [ Ward No.66 ] Sri Nagar Colony West Street
5 - Kolathur [ Ward No.66 ] Sri Nagar Colony 2nd Street
6 - Kolathur [ Ward No.66] Sri Nagar Colony Ext Main Road",All Voters,"Everwin Matric Hr Sec School , Redhills Road, Kolathur",Chennai - 99,tamilaga vettri kazhagam,267,182,85,dravida munnetra kazhagam,3,2,4,1,10,5,10,10,10,5,5,10,10,10,10,10,10,5,10,10,10,5,10,10,10,10,10,10,10,10,10,10,10,10,10,15.71164510166358,2
100,104,2,16,258,1,0,1,0,0,0,362,3,0,0,0,0,0,0,1,1,0,0,0,0,0,0,0,0,0,0,0,0,0,1,0,750,0,2,752,0,"Everwin Matric Hr Sec School , Redhills Road, Kolathur, Chennai - 99","1 - Kolathur [ Ward No.66 ] Sundaram Nagar 1st Street
2 - Kolathur [ Ward No.66 ] Sundaram Nagar 2nd Street
3 - Kolathur [ Ward No.66 ] Ramdas Nagar
4 - Kolathur [ Ward No.66 Kamaraj Nagar Oodai Paguthi
5 - Kolathur [ Ward No.66 ] Indira Avenue Sundaram Nagar Opposite
6 - Kolathur [ Ward No.66 ] Parvathi Nagar
7 - Kolathur [ Ward No.66] Velavan Nagar
8 - Kolathur [ Ward No.64 ] Bharathi Nagar Balaji Nagar Main Road",All Voters,"Everwin Matric Hr Sec School , Redhills Road, Kolathur",Chennai - 99,tamilaga vettri kazhagam,362,258,104,dravida munnetra kazhagam,3,2,4,1,8,6,8,13,13,13,6,5,13,13,13,13,13,13,8,8,13,13,13,13,13,13,13,13,13,13,13,13,13,8,13,13.86666666666667,6
101,73,0,18,328,1,0,1,0,0,3,307,0,1,0,0,0,0,0,0,1,0,0,0,0,0,0,0,0,0,0,0,0,0,0,1,734,0,3,737,0,"Everwin Matric Hr Sec School , Redhills Road, Kolathur, Chennai - 99","1 - Kolathur [ Ward No.66 ] Nermai Nagar
2 - Kolathur [ Ward No.65] Samudharia Colony
3 - Kolathur [ Ward No.65 ] Girija Nagar East",All Voters,"Everwin Matric Hr Sec School , Redhills Road, Kolathur",Chennai - 99,dravida munnetra kazhagam,328,307,21,tamilaga vettri kazhagam,3,1,4,2,7,12,7,12,12,5,5,12,7,12,12,12,12,12,12,7,12,12,12,12,12,12,12,12,12,12,12,12,12,12,7,2.861035422343324,3
102,104,2,22,263,0,1,0,0,0,1,369,0,0,0,0,1,0,0,0,0,0,0,0,1,0,0,0,0,0,0,0,0,0,0,0,764,0,3,767,0,"Everwin Matric Hr Sec School , Redhills Road, Kolathur, Chennai - 99","1 - Kolathur [ Ward No.66 ] Balakumaran Nagar Part A
2 - Kolathur [ Ward No.66 ] Balakumaran Nagar Part B",All Voters,"Everwin Matric Hr Sec School , Redhills Road, Kolathur",Chennai - 99,tamilaga vettri kazhagam,369,263,106,dravida munnetra kazhagam,3,2,4,1,10,6,10,10,10,7,5,10,10,10,10,7,10,10,10,10,10,10,10,7,10,10,10,10,10,10,10,10,10,10,10,13.87434554973822,2
103,69,2,20,231,2,0,0,0,0,0,324,0,0,0,0,0,0,1,0,0,0,0,0,0,2,1,0,0,0,0,0,0,0,0,0,652,0,5,657,0,"Everwin Matric Hr Sec School , Redhills Road, Kolathur, Chennai - 99","1 - Kolathur [ Ward No.65] Girija Nagar East Cross Street
2 - Kolathur [ Ward No.65 ] S.J.Avenue
3 - Kolathur [ Ward No.65] Meenakshi Nagar
4 - Kolathur [ Ward No.65 ] Angalamman Street
5 - Kolathur [ Ward No.65 ] Somanathapuram 1st Street
6 - Kolathur [ Ward No.65 ] Somanathapuram 2nd Street
7 - Kolathur [ Ward No.65] Somanathapuram 3rd Street
8 - Kolathur [ Ward No.65 ] Ganapathi Rao Nagar
9 - Kolathur [ Ward No.66 ] Balakumaran Nagar Part C",All Voters,"Everwin Matric Hr Sec School , Redhills Road, Kolathur",Chennai - 99,tamilaga vettri kazhagam,324,231,93,dravida munnetra kazhagam,3,2,4,1,11,6,6,11,11,11,5,11,11,11,11,11,11,9,11,11,11,11,11,11,6,9,11,11,11,11,11,11,11,11,11,14.2638036809816,4
104,130,0,14,187,1,0,0,1,0,0,279,0,0,0,1,0,1,1,0,1,0,0,0,0,0,0,0,0,0,0,0,0,0,0,0,616,0,0,616,0,"Everwin Matric Hr Sec School, No.2, Redhills Road, Kolathur, Chennai-99, North Block, South Facing, Room 17","1 - Kolathur [ Ward No.65 ] Swarnamalya Apartments
2 - Kolathur [ Ward No.65 ] Agatheeswarar Nagar
3 - Kolathur [ Ward No.65 ] Maankaali Needhimaan Nagar
4 - Kolathur [ Ward No.65 ] Maankaali Needhimaan Nagar 1st Street
5 - Kolathur [ Ward No.65 ] Maankaali Needhimaan Nagar 2nd Street
6 - Kolathur [ Ward No.65] Maankaali Needhimaan Nagar 3rd Street
7 - Kolathur [ Ward No.65] Maankaali Needhimaan Nagar 4th Street
8 - Kolathur [ Ward No.65 ] Maankaali Needhimaan Nagar 5th Street
9 - Kolathur [ Ward No.65 ] Maankaali Needhimaan Nagar 6th Street
10 - Kolathur [ Ward No.65] Maankaali Needhimaan Nagar 7th Street
11 - Kolathur [ Ward No.65] Naagamani Koil Street",All Voters,"Everwin Matric Hr Sec School, No.2, Redhills Road, Kolathur, Chennai-99, North Block, South Facing",Room 17,tamilaga vettri kazhagam,279,187,92,dravida munnetra kazhagam,3,2,4,1,11,11,5,5,11,11,11,11,11,11,5,11,5,5,11,5,11,11,11,11,11,11,11,11,11,11,11,11,11,11,11,14.93506493506493,4
105,107,0,21,177,0,0,0,0,0,2,307,0,0,0,0,0,0,0,0,0,0,0,0,0,0,0,0,0,1,0,0,1,0,0,0,616,0,3,619,0,"Everwin Matric Hr Sec School , Redhills Road, Kolathur, Chennai - 99","1 - Kolathur [ Ward No.65 ] Ganga Devi Nagar
2 - Kolathur [ Ward No.65 ] Ganga Nagar
3 - Kolathur [ Ward No.65 ] Chelliamman Koil Street
4 - Kolathur [ Ward No.65 ] Vinobaa Nagar
5 - Kolathur [ Ward No.65 ] Vinobaa Nagar Arignar Anna Street
6 - Kolathur [ Ward No.65] Girija Nagar West",All Voters,"Everwin Matric Hr Sec School , Redhills Road, Kolathur",Chennai - 99,tamilaga vettri kazhagam,307,177,130,dravida munnetra kazhagam,3,2,4,1,9,9,9,9,9,6,5,9,9,9,9,9,9,9,9,9,9,9,9,9,9,9,9,9,7,9,9,7,9,9,9,21.1038961038961,2
106,110,3,25,253,0,0,1,0,0,3,390,0,0,0,1,0,0,0,0,0,0,1,0,1,0,0,0,0,1,0,1,0,0,0,0,790,0,1,791,1,"Everwin Matric Hr Sec School , Redhills Road, Kolathur, Chennai - 99","1 - Kolathur [ Ward No.65] Chelliamman Nagar Extension
2 - Kolathur [ Ward No.65 ] Chelliamman Nagar Main Road
3 - Kolathur [ Ward No.65] Chelliamman Nagar 1st Street
4 - Kolathur [ Ward No.65] Chelliamman Nagar 2nd Street
5 - Kolathur [ Ward No.65 ] Chelliamman Nagar 3rd Street
6 - Kolathur [ Ward No.65 ] Chelliamman Nagar 4th Street
7 - Kolathur [ Ward No.65] Chelliamman Nagar 5th Street
8 - Kolathur [ Ward No.65] Vijayalakshmi Nagar
9 - Kolathur [ Ward No.65 ] Lakshmi Amman Koil Street
10 - Kolathur [ Ward No.65 ] Vivek Nagar 999 - Overseas Elector",All Voters,"Everwin Matric Hr Sec School , Redhills Road, Kolathur",Chennai - 99,tamilaga vettri kazhagam,390,253,137,dravida munnetra kazhagam,3,2,4,1,7,5,14,14,14,5,7,14,14,14,7,14,14,14,14,14,14,7,14,7,14,14,14,14,7,14,7,14,14,14,14,17.34177215189873,5
107,57,1,20,216,1,0,0,0,0,1,235,0,0,0,0,0,0,0,1,0,0,0,0,0,1,1,1,0,0,0,0,0,0,1,0,536,0,0,536,0,"Everwin Matric Hr Sec School , Redhills Road, Kolathur, Chennai - 99","1 - Kolathur [ Ward No.66 ] United Colony Main Road
2 - Kolathur [ Ward No.66 ] United Colony 1st Street
3 - Kolathur [ Ward No.66] United Colony 1st Cross Street
4 - Kolathur [ Ward No.66 ] United Colony 2nd Street
5 - Kolathur [ Ward No.66 ] United Colony 2nd Cross Street 999 - Overseas Elector",All Voters,"Everwin Matric Hr Sec School , Redhills Road, Kolathur",Chennai - 99,tamilaga vettri kazhagam,235,216,19,dravida munnetra kazhagam,3,2,4,1,13,5,5,13,13,5,13,13,13,13,13,13,13,13,5,13,13,13,13,13,5,5,5,13,13,13,13,13,13,5,13,3.544776119402985,5
108,49,0,18,159,1,0,1,0,0,3,196,0,0,0,0,0,0,0,0,0,1,0,0,0,0,0,0,0,0,0,0,1,0,1,0,430,0,1,431,0,"Everwin Matric Hr Sec School, No.2, Redhills Road, Kolathur, Chennai-99, North Block, South Facing, Room 21","1 - Kolathur [ Ward No.66] United Colony 3rd Street
2 - Kolathur [ Ward No.66] United Colony 4th Street
3 - Kolathur [ Ward No.66 ] Lingus Road
4 - Kolathur [ Ward No.66 ] Sathya Sai Nagar
5 - Kolathur [ Ward No.66 ] Greenland Avenue",All Voters,"Everwin Matric Hr Sec School, No.2, Redhills Road, Kolathur, Chennai-99, North Block, South Facing",Room 21,tamilaga vettri kazhagam,196,159,37,dravida munnetra kazhagam,3,2,4,1,6,12,6,12,12,5,6,12,12,12,12,12,12,12,12,12,6,12,12,12,12,12,12,12,12,12,12,6,12,6,12,8.604651162790699,3
109,57,0,11,205,1,0,0,0,0,0,215,0,0,0,0,0,1,0,0,1,0,0,0,0,0,0,0,0,0,0,0,1,0,0,0,492,0,2,494,0,"Chennai Middle School, SRP Koil Street North, Gopalapuram, TVK Nagar, Ch-82","1 - Perambur [ Ward No.66 ] Krishna Nagar 1st Street
2 - Perambur [ Ward No.66 ] Krishna Nagar 2nd Street
3 - Perambur [ Ward No.66] Krishna Nagar 3rd Street
4 - Perambur [ Ward No.66 ] Sarojas Krishna Nagar 3rd Street
5 - Perambur [ Ward No.66 ] Andal Flats
6 - Perambur [ Ward No.66 ] Andal Avenue 1st Street",All Voters,"Chennai Middle School, SRP Koil Street North, Gopalapuram, TVK Nagar",Ch-82,tamilaga vettri kazhagam,215,205,10,dravida munnetra kazhagam,3,2,4,1,10,10,6,10,10,10,5,10,10,10,10,10,6,10,10,6,10,10,10,10,10,10,10,10,10,10,10,6,10,10,10,2.032520325203252,3
110,46,0,8,203,0,0,1,0,0,2,213,0,0,0,0,0,0,0,0,0,0,0,0,0,0,0,0,0,0,0,1,0,0,0,0,474,0,2,476,0,"Chennai Middle School, SRP Koil Street North, Gopalapuram, TVK Nagar, Ch-82","1 - Perambur [ Ward No.66 ] Andal Avenue 2nd Street
2 - Perambur [ Ward No.66 ] A S Venus Court Andal Avenue 3rd Street
3 - Perambur [ Ward No.66 ] A S Venus Court Andal Avenue 2nd Street
4 - Perambur [ Ward No.66 ] A S Venus Court Andal Avenue 3rd cross Street
5 - Perambur [ Ward No.66 ] Bashyam Street
6 - Peravallur [ Ward No.66 ] Balaraman Street 999 - Overseas Elector",All Voters,"Chennai Middle School, SRP Koil Street North, Gopalapuram, TVK Nagar",Ch-82,tamilaga vettri kazhagam,213,203,10,dravida munnetra kazhagam,3,2,4,1,7,9,9,9,9,5,5,9,9,9,9,9,9,9,9,9,9,9,9,9,9,9,9,9,9,9,7,9,9,9,9,2.109704641350211,1
111,71,0,16,216,0,0,0,0,0,2,330,0,0,0,0,0,0,1,0,0,0,1,0,1,0,0,0,0,3,0,0,2,0,0,1,644,0,1,645,0,"Don Bosco Matriculation Hr Sec School,Papermills Road, Peravallur, Ch-82","1 - Peravallur [ Ward No.66 ] Annal Gandhi Street
2 - Peravallur [ Ward No.66 ] Annal Gandhi Cross Street
3 - Peravallur [ Ward No.66 ] Vetri Nagar Venugopal Street
4 - Peravallur [ Ward No.66 ] Vetri Nagar Prabhu Street
5 - Peravallur [ Ward No.66 ] Veerapandia Kattabomman Street
6 - Peravallur [ Ward No.66 ] Krishnamurthy Street",All Voters,"Don Bosco Matriculation Hr Sec School,Papermills Road, Peravallur",Ch-82,tamilaga vettri kazhagam,330,216,114,dravida munnetra kazhagam,3,2,4,1,13,13,13,13,13,6,8,13,13,13,13,13,13,8,13,13,13,8,13,8,13,13,13,13,5,13,13,6,13,13,8,17.70186335403727,9
112,121,1,19,256,0,0,0,0,0,2,390,1,0,0,0,0,0,1,0,0,0,0,0,0,0,1,0,1,2,0,0,3,0,0,0,798,0,5,803,1,"Don Bosco Matriculation Hr Sec School, Papermills Road, Peravallur, Ch-82, North Block, South Facing, Room 2","1 - Peravallur [ Ward No.66 ] Dhakshinamurthy Street
2 - Peravallur [ Ward No.66 ] Dhakshinamurthy Cross Street
3 - Peravallur [ Ward No.66 ] Chandran Street
4 - Peravallur [ Ward No.66 ] Dhanraj 2nd Street
5 - Peravallur [ Ward No.66 ] Kannappan Street
6 - Peravallur [ Ward No.66 ] Sakthi Vinayagar Koil Street
7 - Peravallur [ Ward No.66 ] Dhanraj 1st Street",All Voters,"Don Bosco Matriculation Hr Sec School, Papermills Road, Peravallur, Ch-82, North Block, South Facing",Room 2,tamilaga vettri kazhagam,390,256,134,dravida munnetra kazhagam,3,2,4,1,14,9,14,14,14,7,5,9,14,14,14,14,14,9,14,14,14,14,14,14,14,9,14,9,7,14,14,6,14,14,14,16.79197994987469,9
113,55,0,14,205,1,0,0,0,0,3,385,0,0,0,0,0,0,0,1,0,1,0,0,0,0,1,0,1,1,1,0,1,0,0,0,670,0,1,671,0,"Chennai Middle School, No.4, SRP Koil Street, North Gopalapuram, TVK Nagar, Ch-82, South Block, North Facing, Room 3","1 - Peravallur [ Ward No.66 ] Chelliamman Koil 1st Street
2 - Peravallur [ Ward No.66 ] Chelliamman Koil 2nd Street
3 - Peravallur [ Ward No.66 ] M G R Street Gandhi Nagar Huts
4 - Peravallur [ Ward No.66 ] Anna Street Gandhi Nagar Huts",All Voters,"Chennai Middle School, No.4, SRP Koil Street, North Gopalapuram, TVK Nagar, Ch-82, South Block, North Facing",Room 3,tamilaga vettri kazhagam,385,205,180,dravida munnetra kazhagam,3,2,4,1,15,15,6,15,15,5,6,15,15,15,15,15,15,15,6,15,6,15,15,15,15,6,15,6,6,6,15,6,15,15,15,26.86567164179105,7
114,73,0,23,238,1,0,0,0,0,3,242,0,1,0,0,0,0,0,0,0,0,0,0,0,0,0,0,0,0,0,0,0,0,0,0,581,0,1,582,0,"Don Bosco Matriculation Hr Sec School,Papermills Road, Peravallur, Ch-82","1 - Peravallur [ Ward No.68 ] Lakshmanan Nagar East Main Road
2 - Peravallur [ Ward No.68 ] Lakshman Nagar 1st Cross Street
3 - Peravallur [ Ward No.68 ] Lakshman Nagar 2nd Cross Street
4 - Peravallur [ Ward No.68 ] Lakshman Nagar Main Road
5 - Peravallur [ Ward No.68 ] Lakshman Nagar West",All Voters,"Don Bosco Matriculation Hr Sec School,Papermills Road, Peravallur",Ch-82,tamilaga vettri kazhagam,242,238,4,dravida munnetra kazhagam,3,2,4,1,9,9,6,9,9,5,6,9,6,9,9,9,9,9,9,9,9,9,9,9,9,9,9,9,9,9,9,9,9,9,9,0.6884681583476765,1
115,89,1,17,273,1,0,0,0,0,0,322,0,0,0,0,0,0,0,1,1,0,0,0,0,0,1,0,0,0,0,0,0,0,0,0,706,0,2,708,0,"Chennai Middle School, SRP Koil Street North, Gopalapuram, TVK Nagar, Ch-82","1 - Peravallur [ Ward No.68 ] Ramamoorthy Colony Main Road
2 - Peravallur [ Ward No.68 ] Ramamoorthy Colony Main Road Sl.No. 1 to 237
3 - Peravallur [ Ward No.68 ] Ramamoorthy Colony 1st Street
4 - Peravallur [ Ward No.68 ] Ramamoorthy Colony 2nd Street
5 - Peravallur [ Ward No.68 ] Ramamoorthy Colony 3rd Street
6 - Peravallur [ Ward No.68 ] Ramamoorthy Colony 4th Street
7 - Jawahar Nagar [ Ward No.66 ] Kamaraj Nagar 1st Street",All Voters,"Chennai Middle School, SRP Koil Street North, Gopalapuram, TVK Nagar",Ch-82,tamilaga vettri kazhagam,322,273,49,dravida munnetra kazhagam,3,2,4,1,11,6,6,11,11,11,5,11,11,11,11,11,11,11,6,6,11,11,11,11,11,6,11,11,11,11,11,11,11,11,11,6.940509915014164,3
116,115,1,18,257,0,0,0,0,0,2,246,0,0,1,0,1,0,1,0,0,0,0,0,0,0,1,0,0,0,0,0,0,0,0,0,643,0,4,647,0,"Srimathi Durga Devi Chowdary Vivekananda Vidyalaya, Sakthivel Nagar, Kolathur, Chennai-99","1 - Peravallur [ Ward No.66 ] Sakthivel Nagar 1st Cross Street
2 - Peravallur [ Ward No.66 ] Sakthivel Nagar Main Road
3 - Peravallur [ Ward No.66 ] Sakthivel Nagar 2nd Cross Street
4 - Peravallur [ Ward No.66 ] Sakthivel Nagar 3rd Cross Street
5 - Peravallur [ Ward No.66 ] Sakthivel Nagar 4th Cross Street
6 - Peravallur [ Ward No.66 ] Sakthivel Nagar 5th Cross Street
7 - Peravallur [ Ward No.66 ] Sakthivel Nagar 6th Cross Street
8 - Peravallur [ Ward No.66 ] Sakthivel Nagar 7th Cross Street
9 - Peravallur [ Ward No.66 ] Sakthivel Nagar 8th Cross Street",All Voters,"Srimathi Durga Devi Chowdary Vivekananda Vidyalaya, Sakthivel Nagar, Kolathur",Chennai-99,dravida munnetra kazhagam,257,246,11,tamilaga vettri kazhagam,3,1,4,2,12,7,12,12,12,6,5,12,12,7,12,7,12,7,12,12,12,12,12,12,12,7,12,12,12,12,12,12,12,12,12,1.710730948678072,4
117,67,1,19,185,0,0,0,0,1,2,209,0,1,0,0,0,0,1,0,0,0,0,0,0,0,0,0,0,1,0,0,0,0,0,0,487,0,6,493,0,"Srimathi Durga Devi Chowdary Vivekananda Vidyalaya, Sakthivel Nagar, Kolathur, Chennai-99","1 - Peravallur [ Ward No.66 ] Sakthivel Nagar School Road
2 - Peravallur [ Ward No.66 ] Kumaran Nagar 1st Main Road
3 - Peravallur [ Ward No.66 ] Kumaran Nagar 2nd Main Road
4 - Peravallur [ Ward No.66 ] Kumaran Nagar 3rd Main Road
5 - Peravallur [ Ward No.66 ] Kumaran Nagar 4th Main Road",All Voters,"Srimathi Durga Devi Chowdary Vivekananda Vidyalaya, Sakthivel Nagar, Kolathur",Chennai-99,tamilaga vettri kazhagam,209,185,24,dravida munnetra kazhagam,3,2,4,1,12,7,12,12,7,6,5,12,7,12,12,12,12,7,12,12,12,12,12,12,12,12,12,12,7,12,12,12,12,12,12,4.928131416837783,3
118,100,1,14,241,1,1,0,0,0,2,275,0,0,0,0,1,0,0,1,1,0,0,0,0,1,0,0,1,0,0,0,0,0,0,0,640,0,2,642,0,"Srimathi Durga Devi Chowdary Vivekananda Vidyalaya, Sakthivel Nagar, Kolathur, Chennai-99","1 - Peravallur [ Ward No.66 ] Kumaran Nagar 1st Cross Street
2 - Peravallur [ Ward No.66 ] Kumaran Nagar 2nd Cross Street
3 - Peravallur [ Ward No.66 ] Kumaran Nagar 3rd Cross Street
4 - Peravallur [ Ward No.66 ] Kumaran Nagar 4th Cross Street
5 - Peravallur [ Ward No.66 ] Kumaran Nagar 5th Cross Street
6 - Peravallur [ Ward No.66 ] Kumaran Nagar 6th Cross Street
7 - Peravallur [ Ward No.66 ] Kumaran Nagar 7th Cross Street
8 - Peravallur [ Ward No.66 ] Kumaran Nagar 80 Feet Road
9 - Peravallur [ Ward No.66 ] Ramanibai Colony
10 - Peravallur [ Ward No.66 ] Maryhelan Street
11 - Peravallur [ Ward No.66 ] Vishwanathan Street",All Voters,"Srimathi Durga Devi Chowdary Vivekananda Vidyalaya, Sakthivel Nagar, Kolathur",Chennai-99,tamilaga vettri kazhagam,275,241,34,dravida munnetra kazhagam,3,2,4,1,14,7,7,14,14,5,5,14,14,14,14,7,14,14,7,7,14,14,14,14,7,14,14,7,14,14,14,14,14,14,14,5.3125,5
119,45,0,5,159,0,0,1,0,0,2,283,0,0,1,0,2,0,2,1,0,0,0,0,0,0,0,0,0,0,0,0,0,0,0,0,501,0,1,502,0,"Chennai Middle School, SRP Koil Street North, Gopalapuram, TVK Nagar, Ch-82","1 - Jawahar Nagar [ Ward No.66 ] Kamaraj Nagar 2nd Street
2 - Jawahar Nagar [ Ward No.66 ] Kamaraj Nagar 2nd Cross Street
3 - Jawahar Nagar [ Ward No.66 ] Kamaraj Nagar 3rd Street
4 - Jawahar Nagar [ Ward No.66 ] Kamaraj Nagar 3rd Cross Street",All Voters,"Chennai Middle School, SRP Koil Street North, Gopalapuram, TVK Nagar",Ch-82,tamilaga vettri kazhagam,283,159,124,dravida munnetra kazhagam,3,2,4,1,8,12,12,12,12,5,8,12,12,8,12,5,12,5,8,12,12,12,12,12,12,12,12,12,12,12,12,12,12,12,12,24.75049900199601,6
120,71,0,27,302,0,0,1,0,0,0,320,0,0,0,0,0,0,1,0,0,1,0,0,0,2,0,0,0,1,0,0,0,0,0,0,726,0,3,729,1,"Don Bosco Matriculation Hr Sec School,Papermills Road, Peravallur, Ch-82","1 - Peravallur [ Ward No.68 ] Chelliamman Colony 1st Street
2 - Peravallur [ Ward No.68 ] Chelliamman Colony 2nd Street
3 - Peravallur [ Ward No.68 ] Ram Nagar 1st Main Road
4 - Peravallur [ Ward No.68 ] Ram Nagar 1st Main Road Extension
5 - Peravallur [ Ward No.68 ] Ram Nagar 1st Cross Street",All Voters,"Don Bosco Matriculation Hr Sec School,Papermills Road, Peravallur",Ch-82,tamilaga vettri kazhagam,320,302,18,dravida munnetra kazhagam,3,2,4,1,7,11,11,11,11,11,5,11,11,11,11,11,11,7,11,11,7,11,11,11,6,11,11,11,7,11,11,11,11,11,11,2.479338842975207,5
121,102,0,21,230,0,1,0,0,0,3,266,1,0,0,0,0,0,0,0,0,0,0,0,0,0,0,0,0,0,0,0,0,0,0,0,624,0,6,630,0,"Don Bosco Matriculation Hr Sec School,Papermills Road, Peravallur, Ch-82","1 - Peravallur [ Ward No.68 ] Ram Nagar 2nd Main Road
2 - Peravallur [ Ward No.68 ] Ram Nagar 2nd Main Road Extension
3 - Peravallur [ Ward No.68 ] Ram Nagar 3rd Main Road",All Voters,"Don Bosco Matriculation Hr Sec School,Papermills Road, Peravallur",Ch-82,tamilaga vettri kazhagam,266,230,36,dravida munnetra kazhagam,3,2,4,1,8,8,8,8,8,6,5,7,8,8,8,8,8,8,8,8,8,8,8,8,8,8,8,8,8,8,8,8,8,8,8,5.769230769230769,1
122,48,0,7,137,0,0,1,0,0,0,243,0,1,0,0,0,0,0,0,1,0,0,0,0,0,0,0,0,0,0,0,1,0,0,0,439,0,1,440,0,"Don Bosco Matriculation Hr Sec School,Papermills Road, Peravallur, Ch-82","1 - Peravallur [ Ward No.68 ] Ram Nagar 4th Main Road
2 - Peravallur [ Ward No.68 ] Ram Nagar 2nd Cross Street
3 - Peravallur [ Ward No.68 ] Ram Nagar 3rd Cross Street
4 - Peravallur [ Ward No.68 ] Ram Nagar New Street 999 - Overseas Elector",All Voters,"Don Bosco Matriculation Hr Sec School,Papermills Road, Peravallur",Ch-82,tamilaga vettri kazhagam,243,137,106,dravida munnetra kazhagam,3,2,4,1,5,10,10,10,10,10,5,10,5,10,10,10,10,10,10,5,10,10,10,10,10,10,10,10,10,10,10,5,10,10,10,24.14578587699317,3
123,67,0,26,220,1,0,0,0,0,3,279,0,0,0,0,0,0,1,0,0,0,0,0,0,0,1,0,0,1,0,0,0,0,0,0,599,0,2,601,0,"St.Moses Matriculation School, Jaganathan Street, Vetri Nagar, Chennai-82","1 - Vetri Nagar [ Ward No.66 ] Vetri Nagar Sivalingam Street
2 - Vetri Nagar [ Ward No.66 ] Sivabooshanam Street
3 - Vetri Nagar [ Ward No.66 ] Vetri Nagar Boopathy Street
4 - Vetri Nagar [ Ward No.66 ] Vetri Nagar Jagadeesan Street",All Voters,"St.Moses Matriculation School, Jaganathan Street, Vetri Nagar",Chennai-82,tamilaga vettri kazhagam,279,220,59,dravida munnetra kazhagam,3,2,4,1,11,11,7,11,11,5,6,11,11,11,11,11,11,7,11,11,11,11,11,11,11,7,11,11,7,11,11,11,11,11,11,9.84974958263773,3
124,86,0,17,239,2,1,1,0,0,2,291,0,0,1,0,0,0,2,0,0,0,0,0,0,0,0,0,0,0,0,0,0,0,0,0,642,0,0,642,0,"St.Moses Matriculation School, Jaganathan Street, Vetri Nagar, Chennai-82","1 - Vetri Nagar [ Ward No.66 ] Vetri Nagar Thangavelu Street
2 - Vetri Nagar [ Ward No.66 ] Vetri Nagar Rangasamy Street",All Voters,"St.Moses Matriculation School, Jaganathan Street, Vetri Nagar",Chennai-82,tamilaga vettri kazhagam,291,239,52,dravida munnetra kazhagam,3,2,4,1,8,10,5,10,10,5,10,10,10,8,10,10,10,5,10,10,10,10,10,10,10,10,10,10,10,10,10,10,10,10,10,8.09968847352025,3
125,58,0,18,177,0,0,0,0,0,0,283,0,0,0,0,0,0,0,0,0,0,0,0,0,0,0,0,0,2,1,0,0,0,0,0,539,0,2,541,0,"St.Moses Matriculation School, Jaganathan Street, Vetri Nagar, Chennai-82","1 - Jawahar Nagar [ Ward No.66 ] Vetri Nagar Karthik Street
2 - Jawahar Nagar [ Ward No.66 ] Vetri Nagar Nagammal Street
3 - Jawahar Nagar [ Ward No.66 ] Vetri Nagar Gandhimathi Street",All Voters,"St.Moses Matriculation School, Jaganathan Street, Vetri Nagar",Chennai-82,tamilaga vettri kazhagam,283,177,106,dravida munnetra kazhagam,3,2,4,1,8,8,8,8,8,8,5,8,8,8,8,8,8,8,8,8,8,8,8,8,8,8,8,8,5,7,8,8,8,8,8,19.66604823747681,3
126,68,0,15,208,1,0,0,0,0,2,284,0,0,0,0,0,2,0,2,0,0,0,0,0,0,0,0,0,1,0,0,1,1,0,1,586,0,2,588,0,"Ponnusamy Matric School, Kumaran Nagar, 4th Main Road, Peravallur, Ch-82, West Facing, Room Ist Std A","1 - Sembium [ Ward No.66 ] Vetri Nagar Varadharajan Street
2 - Vetri Nagar [ Ward No.66 ] Vetri Nagar Kuppusamy Street",All Voters,"Ponnusamy Matric School, Kumaran Nagar, 4th Main Road, Peravallur, Ch-82, West Facing",Room Ist Std A,tamilaga vettri kazhagam,284,208,76,dravida munnetra kazhagam,3,2,4,1,14,14,9,14,14,5,5,14,14,14,14,14,5,14,5,14,14,14,14,14,14,14,14,14,9,14,14,9,9,14,9,12.96928327645051,8
127,74,0,20,232,0,0,1,1,0,0,267,0,0,0,0,0,0,0,0,0,0,0,0,0,1,0,0,0,0,0,0,1,0,0,0,597,0,2,599,0,"St.Moses Matriculation School, Jaganathan Street, Vetri Nagar, Chennai-82","1 - Jawahar Nagar [ Ward No.66 ] Vetri Nagar Thiyagarajan Street
2 - Jawahar Nagar [ Ward No.66 ] Vetri Nagar Raghavan Street
3 - Jawahar Nagar [ Ward No.66 ] Vetri Nagar Paul Vargheese Street
4 - Jawahar Nagar [ Ward No.66 ] Vetri Nagar Kanniyappan Street",All Voters,"St.Moses Matriculation School, Jaganathan Street, Vetri Nagar",Chennai-82,tamilaga vettri kazhagam,267,232,35,dravida munnetra kazhagam,3,2,4,1,6,10,10,6,10,10,5,10,10,10,10,10,10,10,10,10,10,10,10,10,6,10,10,10,10,10,10,6,10,10,10,5.862646566164154,2
128,70,1,31,222,0,0,0,0,0,2,341,0,0,0,0,0,1,1,0,0,0,0,0,0,0,1,1,0,1,1,0,0,1,0,1,675,0,3,678,0,"St.Moses Matriculation School, Jaganathan Street, Vetri Nagar, Chennai-82","1 - Vetri Nagar [ Ward No.66 ] Vetri Nagar Saraswathy Street
2 - Vetri Nagar [ Ward No.66 ] Vetri Nagar Valliyammal Street
3 - Vetri Nagar [ Ward No.66 ] Vetri Nagar Kumaraswamy Street
4 - Vetri Nagar [ Ward No.66 ] Vetri Nagar Rajabadhar Street
5 - Vetri Nagar [ Ward No.66 ] Vetri Nagar Govindaswamy Street
6 - Vetri Nagar [ Ward No.66 ] Thiruvenkadam Street
7 - Vetri Nagar Ward No 66 Vetri Nagar Govindaswamy Street
8 - Vetri Nagar [ Ward No.66 ] Moorthy Lane 999 - Overseas Elector",All Voters,"St.Moses Matriculation School, Jaganathan Street, Vetri Nagar",Chennai-82,tamilaga vettri kazhagam,341,222,119,dravida munnetra kazhagam,3,2,4,1,16,7,16,16,16,6,5,16,16,16,16,16,7,7,16,16,16,16,16,16,16,7,7,16,7,7,16,16,7,16,7,17.62962962962963,8
129,82,0,23,268,0,0,0,0,0,0,319,0,0,0,0,0,0,0,0,0,0,0,0,0,0,0,0,1,0,0,0,0,0,1,0,694,0,5,699,0,"Ponnusamy Matric School, Kumaran Nagar 4th Main Road, Peravallur, Ch-82","1 - Vetri Nagar [ Ward No.66 ] Vetri Nagar Sivaprakasam Street
2 - Vetri Nagar [ Ward No.66 ] Vetri Nagar Devakiammal Street
3 - Vetri Nagar [ Ward No.66 ] Vetri Nagar Devakiammal Cross Street
4 - Vetri Nagar [ Ward No.66 ] Vetri Nagar Jagannathan Street
5 - Vetri Nagar [ Ward No.66 ] Moorthy Street 999 - Overseas Elector",All Voters,"Ponnusamy Matric School, Kumaran Nagar 4th Main Road, Peravallur",Ch-82,tamilaga vettri kazhagam,319,268,51,dravida munnetra kazhagam,3,2,4,1,8,8,8,8,8,8,5,8,8,8,8,8,8,8,8,8,8,8,8,8,8,8,8,6,8,8,8,8,8,6,8,7.348703170028818,2
130,70,3,25,284,1,0,0,0,0,2,384,0,0,0,0,0,2,0,2,0,0,2,0,0,0,1,0,3,1,0,0,0,0,0,0,780,0,8,788,0,"Ponnusamy Matric School, Kumaran Nagar 4th Main Road, Peravallur, Ch-82","1 - Vetri Nagar [ Ward No.66 ] Ramaswamy Street
2 - Vetri Nagar [ Ward No.66 ] Shanthi Street
3 - Vetri Nagar [ Ward No.66 ] Vetri Nagar Elumalai Street
4 - Vetri Nagar [ Ward No.66 ] Vetri Nagar Sugunaraj Street
5 - Vetri Nagar [ Ward No.66 ] Vetri Nagar Sundaram Street",All Voters,"Ponnusamy Matric School, Kumaran Nagar 4th Main Road, Peravallur",Ch-82,tamilaga vettri kazhagam,384,284,100,dravida munnetra kazhagam,3,2,4,1,15,6,12,15,15,8,5,15,15,15,15,15,8,15,8,15,15,8,15,15,15,12,15,6,12,15,15,15,15,15,15,12.82051282051282,11
131,64,0,27,254,0,1,0,0,1,3,319,1,0,0,0,1,2,0,2,0,0,0,0,0,0,1,0,1,0,0,0,0,0,0,0,677,0,3,680,0,"Ponnusamy Matric School, Kumaran Nagar 4th Main Road, Perallur, Ch-82","1 - Jawahar Nagar [ Ward No.66 ] Vetri Nagar Ayyalu Street
2 - Jawahar Nagar [ Ward No.66 ] Vetri Nagar Jayaraman Street (South)
3 - Jawahar Nagar [ Ward No.66 ] Vetri Nagar North Jayaraman Street
4 - Jawahar Nagar [ Ward No.66 ] Vetri Nagar Veeraragavan Street",All Voters,"Ponnusamy Matric School, Kumaran Nagar 4th Main Road, Perallur",Ch-82,tamilaga vettri kazhagam,319,254,65,dravida munnetra kazhagam,3,2,4,1,14,14,14,14,9,5,5,9,14,14,14,9,7,14,7,14,14,14,14,14,14,9,14,9,14,14,14,14,14,14,14,9.601181683899556,8
132,80,3,18,249,0,0,1,0,0,0,362,0,0,0,0,1,0,2,0,0,0,1,0,0,1,0,0,0,0,0,0,0,0,0,0,718,0,2,720,0,"Ponnusamy Matric School, Kumaran Nagar 4th Main Road, Perallur, Ch-82","1 - Jawahar Nagar [ Ward No.66 ] Vetri Nagar Ragavendra Street
2 - Jawahar Nagar [ Ward No.66 ] Vetri Nagar Loganathan Street
3 - Jawahar Nagar [ Ward No.66 ] Vetri Nagar Duraisamy Street
4 - Jawahar Nagar [ Ward No.66 ] Vetri Nagar Manavalan Street
5 - Jawahar Nagar [ Ward No.66 ] Vetri Nagar Subramaniyan Street
6 - Jawahar Nagar [ Ward No.66 ] Vetri Nagar Venkatesan Street
7 - Jawahar Nagar [ Ward No.66 ] Vetri Nagar Samundeeswari Street",All Voters,"Ponnusamy Matric School, Kumaran Nagar 4th Main Road, Perallur",Ch-82,tamilaga vettri kazhagam,362,249,113,dravida munnetra kazhagam,3,2,4,1,8,5,12,12,12,12,6,12,12,12,12,8,12,6,12,12,12,8,12,12,8,12,12,12,12,12,12,12,12,12,12,15.73816155988858,5
133,69,2,12,177,1,0,0,1,0,3,252,1,0,0,0,0,0,0,1,1,0,0,0,0,0,0,0,0,0,0,2,0,0,0,0,522,0,3,525,0,"Smt Chandabai Pagaria Jain Matric.Hr Sec School, Papermills Road, Perambur, Chennai-11","1 - Jawahar Nagar [ Ward No.68 ] Vengal Kannaiya Thottam 3rd Street
2 - Jawahar Nagar [ Ward No.68 ] Vengal Kannaiya Thottam 3rd
Cross Street",All Voters,"Smt Chandabai Pagaria Jain Matric.Hr Sec School, Papermills Road, Perambur",Chennai-11,tamilaga vettri kazhagam,252,177,75,dravida munnetra kazhagam,3,2,4,1,14,7,9,9,14,5,5,9,14,14,14,14,14,14,9,9,14,14,14,14,14,14,14,14,14,14,7,14,14,14,14,14.36781609195402,5
134,49,1,17,172,0,1,1,0,0,2,308,0,0,0,0,0,3,1,1,0,0,0,0,0,1,0,1,0,1,0,0,2,0,0,0,561,0,1,562,0,"Smt Chandabai Pagaria Jain Matric.Hr Sec School, Papermills Road, Perambur, Chennai-11",1 - Paper Mills Road [ Ward No.68 ] Vengal Kannaiya Thottam 1st Street,All Voters,"Smt Chandabai Pagaria Jain Matric.Hr Sec School, Papermills Road, Perambur",Chennai-11,tamilaga vettri kazhagam,308,172,136,dravida munnetra kazhagam,3,2,4,1,8,8,16,16,16,6,8,16,16,16,16,16,5,8,8,16,16,16,16,16,8,16,8,16,8,16,16,6,16,16,16,24.24242424242424,10
135,81,2,21,233,0,0,0,0,0,1,366,0,1,0,0,1,2,0,0,1,0,0,0,0,0,0,0,1,1,0,0,0,1,0,0,712,0,2,714,0,"Sri Chandabai Baharia Jain Higher Sec School, No.4, Paper Mills Road, Perambur, Chennai-11, West Block, East Facing, Room 3","1 - Jawahar Nagar [ Ward No.68 ] Vengal Kannaiya Thottam 4th Street Dr No:101 to End
2 - Paper Mills Road [ Ward No.68 ] Vengal Kannaiya Thottam 2nd
Street",All Voters,"Sri Chandabai Baharia Jain Higher Sec School, No.4, Paper Mills Road, Perambur, Chennai-11, West Block, East Facing",Room 3,tamilaga vettri kazhagam,366,233,133,dravida munnetra kazhagam,3,2,4,1,15,5,15,15,15,8,5,15,8,15,15,8,5,15,15,8,15,15,15,15,15,15,15,8,8,15,15,15,8,15,15,18.67977528089888,8
136,82,1,19,305,1,0,1,0,0,0,389,0,0,0,0,3,0,0,0,1,0,0,0,0,0,0,0,0,2,0,0,0,0,0,0,804,0,3,807,0,"Smt Chandabai Pagaria Jain Matric.Hr Sec School, Papermills Road, Perambur, Chennai-11","1 - Jawahar Nagar [ Ward No.68 ] Vengal Kannaiya Thottam 6th Cross Street
2 - Paper Mills Road [ Ward No.68 ] Vengal Kannaiya Thottam 5th Cross Street
3 - Paper Mills Road [ Ward No.68] Vengal Kannaiya Thottam 5th Street
4 - Jawahar Nagar [ Ward No.68] Vengal Kannaiya Thottam 6th Street
999 - Overseas Elector",All Voters,"Smt Chandabai Pagaria Jain Matric.Hr Sec School, Papermills Road, Perambur",Chennai-11,tamilaga vettri kazhagam,389,305,84,dravida munnetra kazhagam,3,2,4,1,8,8,8,12,12,12,5,12,12,12,12,5,12,12,12,8,12,12,12,12,12,12,12,12,7,12,12,12,12,12,12,10.44776119402985,6
137,81,1,21,264,0,1,0,0,0,1,432,0,0,0,1,0,0,2,0,0,1,0,0,0,0,0,2,0,0,0,0,0,0,0,0,807,0,2,809,0,"Smt Chandabai Pagaria Jain Matric.Hr Sec School, Papermills Road, Perambur, Chennai-11",1 - Jawahar Nagar [ Ward No.68 ] Vengal Kannaiya Thottam 4th Street Dr No:1 to 100,All Voters,"Smt Chandabai Pagaria Jain Matric.Hr Sec School, Papermills Road, Perambur",Chennai-11,tamilaga vettri kazhagam,432,264,168,dravida munnetra kazhagam,3,2,4,1,12,8,12,12,12,8,5,12,12,12,8,12,12,5,12,12,8,12,12,12,12,12,5,12,12,12,12,12,12,12,12,20.817843866171,6
138,41,0,15,240,2,0,0,0,1,2,279,0,1,0,0,0,0,0,0,0,0,1,0,0,0,0,1,0,1,1,0,0,0,0,0,585,0,2,587,0,"Jaya Gopal Garodia Matric Hr Sec School, SRP Colony 7th Street, Agaram , Chennai-82",1 - Jawahar Nagar [ Ward No.68 ] Paper Mills Road,All Voters,"Jaya Gopal Garodia Matric Hr Sec School, SRP Colony 7th Street, Agaram",Chennai-82,tamilaga vettri kazhagam,279,240,39,dravida munnetra kazhagam,3,2,4,1,14,14,5,14,8,5,5,14,8,14,14,14,14,14,14,14,14,8,14,14,14,14,8,14,8,8,14,14,14,14,14,6.666666666666667,5
139,68,0,19,275,1,0,1,0,0,0,305,0,1,0,0,0,1,0,1,0,0,0,0,0,0,2,1,0,0,0,0,0,0,0,0,675,0,0,675,0,"Jaya Gopal Garodia Matric Hr Sec School, SRP Colony 7th Street, Agaram , Chennai-82","1 - Jawahar Nagar [ Ward No.68 ] Raja Thottam
2 - Jawahar Nagar [ Ward No.68 ] Markandeyan Street
3 - Jawahar Nagar [ Ward No.68 ] A Block & B Block Raja Thottam T.N.S.C.B
4 - Agaram [ Ward No.68 ] C Block Raja Thottam T.N.S.C.B
5 - Agaram [ Ward No.68 ] D Block Raja Thottam T.N.S.C.B
6 - Agaram [ Ward No.68 ] E Block Raja Thottam T.N.S.C.B
7 - Agaram [ Ward No.68 ] S R P Colony 10th Street
8 - Agaram [ Ward No.68 ] S R P Colony 11th Street
9 - Agaram [ Ward No.68 ] S R P Colony 12th Street
10 - Agaram [ Ward No.68 ] S R P Colony 13th Street",All Voters,"Jaya Gopal Garodia Matric Hr Sec School, SRP Colony 7th Street, Agaram",Chennai-82,tamilaga vettri kazhagam,305,275,30,dravida munnetra kazhagam,3,2,4,1,6,12,6,12,12,12,12,12,6,12,12,12,6,12,6,12,12,12,12,12,12,5,6,12,12,12,12,12,12,12,12,4.444444444444445,6
140,66,3,11,290,2,0,1,0,0,1,187,0,0,0,1,0,0,1,0,0,0,0,0,0,0,0,0,0,0,0,0,1,0,0,0,564,0,5,569,0,"Jaya Gopal Garodia Matric Hr Sec School, SRP Colony 7th Street, Agaram , Chennai-82","1 - Agaram [ Ward No.68 ] S R P Colony 14th Street
2 - Agaram [ Ward No.68 ] S R P Colony 15th Street
3 - Agaram [ Ward No.68 ] S R P Colony 8th Street
4 - Agaram [ Ward No.68 ] S R P Colony Aarthi Apartments
5 - Jawahar Nagar [ Ward No.68 ] S.R.P. Colony 1st Street
6 - Agaram [ Ward No.68 ] S R P Colony 2nd Street",All Voters,"Jaya Gopal Garodia Matric Hr Sec School, SRP Colony 7th Street, Agaram",Chennai-82,dravida munnetra kazhagam,290,187,103,tamilaga vettri kazhagam,3,1,4,2,8,6,7,13,13,8,5,13,13,13,8,13,13,8,13,13,13,13,13,13,13,13,13,13,13,13,13,8,13,13,13,18.26241134751773,3
141,101,1,15,214,1,0,0,0,0,0,223,0,0,0,0,0,0,0,1,0,1,0,0,0,0,0,1,0,0,0,0,0,0,0,0,558,0,5,563,0,"Jaya Gopal Garodia Matric Hr Sec School, SRP Colony 7th Street, Agaram , Chennai-82","1 - Agaram [ Ward No.68 ] S R P Colony 3rd Street
2 - Agaram [ Ward No.68 ] S R P Colony 4th Street
3 - Agaram [ Ward No.68 ] S R P Colony 5th Street
4 - Agaram [ Ward No.68] S R P Colony 6th Street
5 - Agaram [ Ward No.68 ] S R P Colony 7th Street",All Voters,"Jaya Gopal Garodia Matric Hr Sec School, SRP Colony 7th Street, Agaram",Chennai-82,tamilaga vettri kazhagam,223,214,9,dravida munnetra kazhagam,3,2,4,1,11,6,6,11,11,11,5,11,11,11,11,11,11,11,6,11,6,11,11,11,11,11,6,11,11,11,11,11,11,11,11,1.612903225806452,3
142,87,0,13,235,0,0,0,0,0,3,193,0,0,0,0,0,0,0,0,0,0,1,0,1,0,0,0,0,0,0,0,0,0,0,0,533,0,3,536,0,"Jaya Gopal Garodia Matric Hr Sec School, SRP Colony 7th Street, Agaram , Chennai-82","1 - Agaram [ Ward No.68 ] Jawahar Nagar 4th Circular Road
2 - Agaram [ Ward No.68 ] V C Grand Canyon
3 - Agaram [ Ward No.68 ] Jawahar Nagar 3rd Circular Street
4 - Agaram [ Ward No.68 ] Jawahar Nagar 3rd Circular 1st Cross Street
5 - Agaram [ Ward No.68 ] Jawahar Nagar 3rd Circular 2nd Cross Street
6 - Agaram [ Ward No.68 ] Jawahar Nagar 2nd Circular 1st Cross
Street",All Voters,"Jaya Gopal Garodia Matric Hr Sec School, SRP Colony 7th Street, Agaram",Chennai-82,dravida munnetra kazhagam,235,193,42,tamilaga vettri kazhagam,3,1,4,2,9,9,9,9,9,5,5,9,9,9,9,9,9,9,9,9,9,7,9,7,9,9,9,9,9,9,9,9,9,9,9,7.879924953095685,2
143,49,0,13,177,0,0,0,0,0,0,151,1,0,0,0,0,0,0,0,0,0,0,0,0,0,0,0,0,0,0,0,0,0,0,0,391,0,2,393,0,"Jaya Gopal Garodia Matric Hr Sec School, No.3, SRP Colony, 7th Street, Agaram, Chennai-82, South Block, North Facing, Room 5","1 - Jawahar Nagar [ Ward No.68 ] Jawahar Nagar 1st Cross Street
2 - Jawahar Nagar [ Ward No.68 ] Anugraha (Jawahar Nagar 1st Cross Street)
3 - Jawahar Nagar [ Ward No.68 ] Jawahar Nagar Koil 1st Cross Street
4 - Jawahar Nagar [ Ward No.68 ] S.R.P Colony Main Road
5 - Agaram [ Ward No.68 ] S R P Colony 9th Street",All Voters,"Jaya Gopal Garodia Matric Hr Sec School, No.3, SRP Colony, 7th Street, Agaram, Chennai-82, South Block, North Facing",Room 5,dravida munnetra kazhagam,177,151,26,tamilaga vettri kazhagam,3,1,4,2,7,7,7,7,7,7,5,6,7,7,7,7,7,7,7,7,7,7,7,7,7,7,7,7,7,7,7,7,7,7,7,6.649616368286446,1
144,89,1,12,341,1,0,0,0,1,3,208,0,0,0,0,0,0,1,0,0,0,0,0,0,0,0,0,0,0,1,0,0,1,0,0,659,0,4,663,0,"Jaya Gopal Garodia Matric Hr Sec School, SRP Colony 7th Street, Agaram , Chennai-82","1 - Agaram [ Ward No.68 ] Jawahar Nagar Temple Street
2 - Agaram [ Ward No.68 ] Jawahar Nagar 5th Circular Road
3 - Agaram [ Ward No.68 ] Jawahar Nagar 1st Circular Road
4 - Agaram [ Ward No.68 ] Jawahar Nagar 2nd Circular Road
5 - Agaram [ Ward No.68 ] Jawahar Nagar Temple Road 2nd Cross Street
999 - Overseas Elector",All Voters,"Jaya Gopal Garodia Matric Hr Sec School, SRP Colony 7th Street, Agaram",Chennai-82,dravida munnetra kazhagam,341,208,133,tamilaga vettri kazhagam,3,1,4,2,13,7,7,13,7,6,5,13,13,13,13,13,13,7,13,13,13,13,13,13,13,13,13,13,13,7,13,13,7,13,13,20.18209408194234,3
145,79,2,18,242,0,0,0,1,0,1,270,0,0,0,0,0,0,2,0,0,0,0,0,0,0,0,0,1,0,0,0,0,0,0,0,616,0,9,625,0,"Jaya Gopal Garodia Matric Hr Sec School, SRP Colony 7th Street, Agaram , Chennai-82","1 - Jawahar Nagar [ Ward No.68 ] Jawahar Nagar (Jawahar Campus)
2 - Jawahar Nagar [ Ward No.68 ] Jawahar Nagar 4th Main Road
3 - Jawahar Nagar [ Ward No.68 ] Jawahar Nagar 70 Feet Road",All Voters,"Jaya Gopal Garodia Matric Hr Sec School, SRP Colony 7th Street, Agaram",Chennai-82,tamilaga vettri kazhagam,270,242,28,dravida munnetra kazhagam,3,2,4,1,11,6,11,8,11,8,5,11,11,11,11,11,11,6,11,11,11,11,11,11,11,11,11,8,11,11,11,11,11,11,11,4.545454545454546,3
146,110,0,19,273,0,0,0,0,0,0,192,0,0,0,0,0,0,0,0,0,0,0,0,0,0,0,0,0,0,0,0,0,0,0,0,594,0,6,600,0,"Jaya Gopal Garodia Matric Hr Sec School, SRP Colony 7th Street, Agaram , Chennai-82","1 - Jawahar Nagar [ Ward No.68 ] Jawahar Nagar 1st Main Road
2 - Jawahar Nagar [ Ward No.68 ] Jawahar Nagar 2nd Main Road
3 - Jawahar Nagar [ Ward No.68 ] Jawahar Nagar 3rd Main Road",All Voters,"Jaya Gopal Garodia Matric Hr Sec School, SRP Colony 7th Street, Agaram",Chennai-82,dravida munnetra kazhagam,273,192,81,tamilaga vettri kazhagam,3,1,4,2,6,6,6,6,6,6,5,6,6,6,6,6,6,6,6,6,6,6,6,6,6,6,6,6,6,6,6,6,6,6,6,13.63636363636363,0
147,62,1,9,157,0,0,1,0,0,0,151,0,0,0,1,0,1,1,0,0,0,0,0,0,0,0,0,0,1,0,0,0,0,0,0,385,0,5,390,0,"Jaya Gopal Garodia Matric Hr Sec School, SRP Colony 7th Street, Agaram , Chennai-82","1 - Jawahar Nagar [ Ward No.68 ] Jawahar Nagar 5th Main Road
2 - Jawahar Nagar [ Ward No.68 ] Jawahar Nagar 6th Main Road
3 - Jawahar Nagar [ Ward No.68 ] Jawahar Nagar 6th Main Road Kamaraj Campus",All Voters,"Jaya Gopal Garodia Matric Hr Sec School, SRP Colony 7th Street, Agaram",Chennai-82,dravida munnetra kazhagam,157,151,6,tamilaga vettri kazhagam,3,1,4,2,6,6,12,12,12,12,5,12,12,12,6,12,6,6,12,12,12,12,12,12,12,12,12,12,6,12,12,12,12,12,12,1.558441558441559,4
148,71,0,16,235,0,0,1,0,0,0,207,0,0,0,0,0,0,0,0,0,0,0,0,0,1,0,0,1,0,0,0,0,2,0,0,534,0,3,537,0,"Periyar Matric Higher Sec School, 5th Street, Periyar Nagar, Chennai-82","1 - Periyar Nagar [ Ward No.68 ] Chandrasekaran Salai
2 - Periyar Nagar [ Ward No.68 ] Periyar Nagar Venkatraman Salai",All Voters,"Periyar Matric Higher Sec School, 5th Street, Periyar Nagar",Chennai-82,dravida munnetra kazhagam,235,207,28,tamilaga vettri kazhagam,3,1,4,2,7,10,10,10,10,10,5,10,10,10,10,10,10,10,10,10,10,10,10,10,7,10,10,7,10,10,10,10,6,10,10,5.243445692883896,4
149,64,0,12,201,0,0,1,0,2,2,186,0,1,0,0,0,0,1,0,0,0,0,0,0,0,0,0,0,0,0,0,0,0,0,0,470,0,5,475,0,"Periyar Matric Higher Sec School, No.6, 5th Street, Periyar Nagar, Chennai-82, East Block, West Facing, Room 2","1 - Periyar Nagar [ Ward No.68 ] Periyar Nagar 1st Street
2 - Periyar Nagar [ Ward No.68 ] Periyar Nagar Karthikeyan Salai",All Voters,"Periyar Matric Higher Sec School, No.6, 5th Street, Periyar Nagar, Chennai-82, East Block, West Facing",Room 2,dravida munnetra kazhagam,201,186,15,tamilaga vettri kazhagam,3,1,4,2,8,11,11,11,6,6,5,11,8,11,11,11,11,8,11,11,11,11,11,11,11,11,11,11,11,11,11,11,11,11,11,3.191489361702128,2
150,97,0,16,289,0,0,0,0,0,0,237,1,0,0,0,0,2,0,0,0,0,0,1,0,0,0,1,0,0,0,0,0,0,1,0,645,0,9,654,0,"Periyar Matric Higher Sec School, 5th Street, Periyar Nagar, Chennai-82","1 - Periyar Nagar [ Ward No.68 ] Periyar Nagar 1st Cross Street
2 - Periyar Nagar [ Ward No.68 ] Periyar Nagar 2nd Street
3 - Periyar Nagar [ Ward No.68 ] Periyar Nagar 3rd Street
4 - Periyar Nagar [ Ward No.68 ] Periyar Nagar 4th Street
5 - Periyar Nagar [ Ward No.68 ] Periyar Nagar 5th Street
6 - Periyar Nagar [ Ward No.68 ] Periyar Nagar 5th Cross Street
7 - Periyar Nagar [ Ward No.68 ] Periyar Nagar 6th Cross Street",All Voters,"Periyar Matric Higher Sec School, 5th Street, Periyar Nagar",Chennai-82,dravida munnetra kazhagam,289,237,52,tamilaga vettri kazhagam,3,1,4,2,11,11,11,11,11,11,5,7,11,11,11,11,6,11,11,11,11,11,7,11,11,11,7,11,11,11,11,11,11,7,11,8.062015503875969,6
151,103,0,17,302,3,0,2,0,0,1,244,0,0,0,0,0,0,2,0,0,0,0,0,0,1,0,0,0,0,0,0,0,0,0,1,676,0,4,680,0,"Periyar Matric Higher Sec School, 5th Street, Periyar Nagar, Chennai-82","1 - Periyar Nagar [ Ward No.68 ] Periyar Nagar 7th Street
2 - Periyar Nagar [ Ward No.68 ] Periyar Nagar 8th Street
3 - Periyar Nagar [ Ward No.68 ] Periyar Nagar 9th Street
4 - Periyar Nagar [ Ward No.68 ] Periyar Nagar 10th Street
5 - Periyar Nagar [ Ward No.68 ] Periyar Nagar 11th Street
6 - Periyar Nagar [ Ward No.68 ] Periyar Nagar 12th Street
7 - Periyar Nagar [ Ward No.68 ] Periyar Nagar 6th Street",All Voters,"Periyar Matric Higher Sec School, 5th Street, Periyar Nagar",Chennai-82,dravida munnetra kazhagam,302,244,58,tamilaga vettri kazhagam,3,1,4,2,7,12,6,12,12,9,5,12,12,12,12,12,12,7,12,12,12,12,12,12,9,12,12,12,12,12,12,12,12,12,9,8.579881656804734,4
152,48,0,14,204,2,1,0,0,0,4,217,0,2,0,0,0,0,1,0,0,0,0,0,0,0,0,0,0,1,0,0,0,0,0,0,494,0,5,499,0,"Periyar Matric Higher Sec School, 5th Street, Periyar Nagar, Chennai-82","1 - Periyar Nagar [ Ward No.68 ] Periyar Nagar 12th 1st Cross Street
2 - Periyar Nagar [ Ward No.68 ] Periyar Nagar 12th 2nd Cross Street
3 - Periyar Nagar [ Ward No.68 ] Periyar Nagar 12th 3rd Cross Street
4 - Periyar Nagar [ Ward No.68 ] Periyar Nagar 12th 4th Cross Street
999 - Overseas Elector",All Voters,"Periyar Matric Higher Sec School, 5th Street, Periyar Nagar",Chennai-82,tamilaga vettri kazhagam,217,204,13,dravida munnetra kazhagam,3,2,4,1,11,11,7,11,11,6,5,11,7,11,11,11,11,9,11,11,11,11,11,11,11,11,11,11,9,11,11,11,11,11,11,2.631578947368421,4
153,83,1,23,268,0,0,1,0,0,0,244,0,0,0,0,0,0,0,0,0,0,0,0,0,0,0,1,0,1,0,0,0,0,1,0,623,0,5,628,0,"Periyar Matric Higher Sec School, 5th Street, Periyar Nagar, Chennai-82","1 - Periyar Nagar [ Ward No.68] Periyar Nagar Balasubramaniam Salai
2 - Periyar Nagar [ Ward No.68 ] Periyar Nagar Jagannathan Salai
3 - Periyar Nagar [ Ward No.68 ] Periyar Nagar Venkatesan Salai",All Voters,"Periyar Matric Higher Sec School, 5th Street, Periyar Nagar",Chennai-82,dravida munnetra kazhagam,268,244,24,tamilaga vettri kazhagam,3,1,4,2,6,6,11,11,11,11,5,11,11,11,11,11,11,11,11,11,11,11,11,11,11,11,6,11,6,11,11,11,11,6,11,3.852327447833066,3
154,71,0,17,275,2,0,0,0,0,1,303,0,0,0,0,0,1,3,0,0,0,1,0,0,0,0,0,0,2,1,0,0,0,1,0,678,0,8,686,0,"Periyar Matric Higher Sec School, 5th Street, Periyar Nagar, Chennai-82","1 - Periyar Nagar [ Ward No.68 ] Periyar Nagar 13th Street
2 - Periyar Nagar [ Ward No.68 ] Periyar Nagar 14th Street
3 - Periyar Nagar [ Ward No.68 ] Periyar Nagar 15th Street
4 - Periyar Nagar [ Ward No.68 ] Periyar Nagar 15th 1st Cross Street
5 - Periyar Nagar [ Ward No.68 ] Periyar Nagar 15th 2nd Cross Street
6 - Periyar Nagar [ Ward No.68 ] Periyar Nagar 15th 3rd Cross Street
7 - Periyar Nagar [ Ward No.68] Periyar Nagar 15th 4th Cross
Street",All Voters,"Periyar Matric Higher Sec School, 5th Street, Periyar Nagar",Chennai-82,tamilaga vettri kazhagam,303,275,28,dravida munnetra kazhagam,3,2,4,1,14,14,7,14,14,9,5,14,14,14,14,14,9,6,14,14,14,9,14,14,14,14,14,14,7,9,14,14,14,9,14,4.129793510324483,9
155,70,1,17,294,1,1,1,0,0,1,257,0,0,0,0,0,0,2,0,0,0,0,0,0,2,0,1,0,0,0,0,0,0,0,0,648,0,5,653,0,"Periyar Matric Higher Sec School, 5th Street, Periyar Nagar, Chennai-82","1 - Periyar Nagar [ Ward No.68 ] Periyar Nagar 16th Street
2 - Periyar Nagar [ Ward No.68 ] Periyar Nagar 17th Street
3 - Periyar Nagar [ Ward No.68] Periyar Nagar 18th Street
4 - Periyar Nagar [ Ward No.68 ] Periyar Nagar 18th 1st Cross Street
5 - Periyar Nagar [ Ward No.68 ] Periyar Nagar 18th 2nd Cross Street
6 - Periyar Nagar [ Ward No.68 ] Periyar Nagar 18th 3rd Cross
Street",All Voters,"Periyar Matric Higher Sec School, 5th Street, Periyar Nagar",Chennai-82,dravida munnetra kazhagam,294,257,37,tamilaga vettri kazhagam,3,1,4,2,8,8,8,13,13,8,5,13,13,13,13,13,13,6,13,13,13,13,13,13,6,13,8,13,13,13,13,13,13,13,13,5.709876543209877,5
156,54,0,12,257,0,0,0,0,0,1,211,0,0,0,0,0,0,0,0,0,0,0,0,0,1,0,0,0,0,0,0,0,0,0,0,536,0,3,539,0,"Periyar Matric Higher Sec School, 5th Street, Periyar Nagar, Chennai-82","1 - Periyar Nagar [ Ward No.68] Periyar Nagar 19th Street
2 - Periyar Nagar [ Ward No.68 ] Periyar Nagar 20th Street
3 - Periyar Nagar [ Ward No.68 ] Periyar Nagar 21st Street
4 - Periyar Nagar [ Ward No.68 ] Periyar Nagar 21st 1st Cross Street
5 - Periyar Nagar [ Ward No.68 ] Periyar Nagar 22nd Street
6 - Periyar Nagar [ Ward No.68 ] Periyar Nagar Kandaswamy Salai 999 - Overseas Elector",All Voters,"Periyar Matric Higher Sec School, 5th Street, Periyar Nagar",Chennai-82,dravida munnetra kazhagam,257,211,46,tamilaga vettri kazhagam,3,1,4,2,8,8,8,8,8,6,5,8,8,8,8,8,8,8,8,8,8,8,8,8,6,8,8,8,8,8,8,8,8,8,8,8.582089552238806,1
157,51,0,14,251,1,0,0,0,0,0,350,1,0,0,0,0,0,0,0,0,0,0,0,0,0,1,1,0,1,0,0,1,0,0,1,673,0,6,679,0,"CSI Middle School, Raghan Street, Perambur-Ch-11","1 - Sembium [ Ward No.67 ] Mariyanayagam Lane
2 - Sembium [ Ward No.67 ] Mariyanayagam Main Road
3 - Sembium [ Ward No.67 ] Sabapathy Street",All Voters,"CSI Middle School, Raghan Street",Perambur-Ch-11,tamilaga vettri kazhagam,350,251,99,dravida munnetra kazhagam,3,2,4,1,13,13,6,13,13,13,5,6,13,13,13,13,13,13,13,13,13,13,13,13,13,6,6,13,6,13,13,6,13,13,6,14.71025260029718,6
158,41,0,16,383,0,0,0,1,0,6,222,0,0,0,0,0,1,0,0,0,0,1,0,0,0,0,0,0,1,0,0,2,0,0,0,674,0,1,675,0,"CSI Middle School, Raghan Street, Perambur-Ch-11","1 - Perambur [ Ward No.67 ] Marianayagam Ist Street
2 - Perambur [ Ward No.67 ] Marianayagam 2nd Street
3 - Perambur [ Ward No.67 ] Watkins Street",All Voters,"CSI Middle School, Raghan Street",Perambur-Ch-11,dravida munnetra kazhagam,383,222,161,tamilaga vettri kazhagam,3,1,4,2,12,12,12,7,12,5,7,12,12,12,12,12,7,12,12,12,12,7,12,12,12,12,12,12,7,12,12,6,12,12,12,23.88724035608309,5
159,20,0,8,298,1,1,0,0,0,0,242,0,0,0,0,0,0,0,0,0,0,0,0,0,0,0,0,0,0,0,0,0,0,0,0,570,0,3,573,0,"Chennai Middle School, SRP Koil Street North, Gopalapuram, TVK Nagar, Ch-82",1 - Sembium [ Ward No.67 ] Gopalapuram 2nd Street,All Voters,"Chennai Middle School, SRP Koil Street North, Gopalapuram, TVK Nagar",Ch-82,dravida munnetra kazhagam,298,242,56,tamilaga vettri kazhagam,3,1,4,2,7,7,6,7,7,7,5,7,7,7,7,7,7,7,7,7,7,7,7,7,7,7,7,7,7,7,7,7,7,7,7,9.824561403508772,0
160,49,0,16,339,1,0,0,0,0,2,341,1,0,0,0,0,1,0,0,0,0,0,0,0,0,0,0,0,0,0,0,0,0,0,0,750,0,1,751,0,"Chennai Middle School, No.4, SRP Koil Street, North Gopalapuram, TVK Nagar, Ch-82, South Block, North Facing, Room 7","1 - Sembium [ Ward No.67 ] Gopalapuram 3rd Street
2 - Sembium [ Ward No.67 ] Gurumoorthy Nagar
3 - Perambur [ Ward No.67] Gopalapuram 1st Cross Street
4 - Perambur [ Ward No.67] Apparao Garden 1st Street
5 - Perambur [ Ward No.67 ] Anbazhagan Nagar 2nd Street
6 - Perambur [ Ward No.67] Apparao Garden 2nd Street
7 - Perambur [ Ward No.67 ] Apparao Garden 7th Street",All Voters,"Chennai Middle School, No.4, SRP Koil Street, North Gopalapuram, TVK Nagar, Ch-82, South Block, North Facing",Room 7,tamilaga vettri kazhagam,341,339,2,dravida munnetra kazhagam,3,2,4,1,10,10,6,10,10,5,6,6,10,10,10,10,6,10,10,10,10,10,10,10,10,10,10,10,10,10,10,10,10,10,10,0.2666666666666667,2
161,97,0,11,272,0,0,1,0,0,1,285,0,0,0,0,0,0,1,0,0,0,0,0,0,0,1,0,0,0,0,0,0,0,0,0,669,0,4,673,0,ICDS Building T.V.K Nagar 4th Street Chennai- 82 (Centre No.212),"1 - Perambur [ Ward No.67 ] S R P Koil Street North
2 - Perambur [ Ward No.67 ] Jassa Apartment S R P Koil Street
3 - Perambur [ Ward No.67] Anbazhagan Nagar Elango Street",All Voters,ICDS Building T.V.K Nagar 4th Street Chennai- 82 (Centre No.212),ICDS Building T.V.K Nagar 4th Street Chennai- 82 (Centre No.212),tamilaga vettri kazhagam,285,272,13,dravida munnetra kazhagam,3,2,4,1,6,10,10,10,10,6,5,10,10,10,10,10,10,6,10,10,10,10,10,10,10,6,10,10,10,10,10,10,10,10,10,1.943198804185351,2
162,45,3,10,327,1,0,2,0,0,1,296,1,0,0,0,0,0,0,0,0,0,0,0,0,0,0,0,0,1,0,0,2,0,0,0,689,0,3,692,0,"Chennai Middle School, SRP Koil Street North, Gopalapuram, TVK Nagar, Ch-82",1 - Perambur [ Ward No.68 ] Gopalapuram 1st Street,All Voters,"Chennai Middle School, SRP Koil Street North, Gopalapuram, TVK Nagar",Ch-82,dravida munnetra kazhagam,327,296,31,tamilaga vettri kazhagam,3,1,4,2,7,5,9,13,13,9,5,9,13,13,13,13,13,13,13,13,13,13,13,13,13,13,13,13,9,13,13,7,13,13,13,4.499274310595065,4
163,64,1,16,298,0,0,0,0,0,3,275,0,0,0,1,0,0,0,0,0,0,0,0,0,0,0,0,0,0,0,0,0,1,0,1,660,0,3,663,1,"Chennai Middle School, SRP Koil Street North, Gopalapuram, TVK Nagar, Ch-82","1 - Sembium [ Ward No.67 ] Anbazhagan 3rd Street
2 - Sembium [ Ward No.67 ] Anbazhagan 4th Street
3 - Sembium [ Ward No.67 ] Pallavan Street
4 - Perambur [ Ward No.67 ] Anbazhagan Nagar Cheran Street",All Voters,"Chennai Middle School, SRP Koil Street North, Gopalapuram, TVK Nagar",Ch-82,dravida munnetra kazhagam,298,275,23,tamilaga vettri kazhagam,3,1,4,2,11,7,11,11,11,5,5,11,11,11,7,11,11,11,11,11,11,11,11,11,11,11,11,11,11,11,11,11,7,11,7,3.484848484848485,3
164,72,0,21,296,2,0,0,0,0,1,366,0,0,1,0,0,0,0,0,1,0,0,0,0,0,1,0,0,1,0,0,0,0,0,0,762,0,4,766,0,ICDS Building T.V.K Nagar main Street Chennai- 82 (Centre No.213),1 - Sembium [ Ward No.67 ] T V K Nagar T.N.H.B Door no. 1 to 249 999 - Overseas Elector,All Voters,ICDS Building T.V.K Nagar main Street Chennai- 82 (Centre No.213),ICDS Building T.V.K Nagar main Street Chennai- 82 (Centre No.213),tamilaga vettri kazhagam,366,296,70,dravida munnetra kazhagam,3,2,4,1,12,12,6,12,12,7,5,12,12,7,12,12,12,12,12,7,12,12,12,12,12,7,12,12,7,12,12,12,12,12,12,9.186351706036746,4
165,75,0,13,239,0,0,0,0,0,0,302,0,0,0,0,0,1,0,0,0,0,0,0,0,0,0,0,0,2,1,0,0,0,0,0,633,0,3,636,0,ICDS Building T.V.K Nagar 4th Street Chennai- 82 (Centre No.211),1 - Sembium [ Ward No.67 ] T V K Nagar T.N.H.B Door No 250-746,All Voters,ICDS Building T.V.K Nagar 4th Street Chennai- 82 (Centre No.211),ICDS Building T.V.K Nagar 4th Street Chennai- 82 (Centre No.211),tamilaga vettri kazhagam,302,239,63,dravida munnetra kazhagam,3,2,4,1,9,9,9,9,9,9,5,9,9,9,9,9,7,9,9,9,9,9,9,9,9,9,9,9,6,7,9,9,9,9,9,9.95260663507109,4
166,82,1,16,225,0,0,0,0,0,1,313,0,0,0,0,0,0,1,0,0,0,0,0,0,0,1,0,0,0,0,0,0,0,0,0,640,0,1,641,0,"Chennai Primary School, No.2, Thiru Vi Ka Nagar, Sembium, Ch-11, West Facing, Room 1","1 - Sembium Ward No.67TVK Nagar T.N.H.B Door No 231 to 249
2 - Sembium [ Ward No.67 ] Otha Vadai 1st Street
3 - Sembium [ Ward No.67 ] Otha Vadai 2nd Street
4 - Sembium [ Ward No.67 ] T V K Nagar T.N.H.B Door no. 1 to 249",All Voters,"Chennai Primary School, No.2, Thiru Vi Ka Nagar, Sembium, Ch-11, West Facing",Room 1,tamilaga vettri kazhagam,313,225,88,dravida munnetra kazhagam,3,2,4,1,10,5,10,10,10,5,5,10,10,10,10,10,10,5,10,10,10,10,10,10,10,5,10,10,10,10,10,10,10,10,10,13.75,2
167,54,0,28,283,0,0,0,0,0,4,309,1,0,0,0,0,0,1,1,0,0,0,0,0,0,0,0,0,0,0,0,0,0,0,0,681,0,0,681,0,"Chennai Primary School, Thiru Vi Ka Nagar,Sembium, Chennai-11",1 - Sembium [ Ward No.67 ] T V K Nagar 999 - Overseas Elector,All Voters,"Chennai Primary School, Thiru Vi Ka Nagar,Sembium",Chennai-11,tamilaga vettri kazhagam,309,283,26,dravida munnetra kazhagam,3,2,4,1,9,9,9,9,9,5,9,6,9,9,9,9,9,6,6,9,9,9,9,9,9,9,9,9,9,9,9,9,9,9,9,3.81791483113069,3
168,80,0,12,235,0,0,0,0,2,1,257,0,0,0,0,0,1,0,0,1,0,0,0,0,0,0,0,0,2,0,0,0,1,0,0,592,0,3,595,0,"Chennai Primary School, Thiru Vi Ka Nagar,Sembium, Chennai-11","1 - Sembium [ Ward No.67 ] Thiruvalluvar Street Anbazhagan Nagar
2 - Sembium Ward No.67 Seethapathy Street",All Voters,"Chennai Primary School, Thiru Vi Ka Nagar,Sembium",Chennai-11,tamilaga vettri kazhagam,257,235,22,dravida munnetra kazhagam,3,2,4,1,12,12,12,12,6,8,5,12,12,12,12,12,8,12,12,8,12,12,12,12,12,12,12,12,6,12,12,12,8,12,12,3.716216216216216,5
169,58,1,15,259,0,0,0,0,0,1,294,0,0,0,0,0,1,0,0,0,0,1,0,0,0,0,0,0,0,0,0,0,0,0,0,630,0,5,635,0,"Chennai Primary School, Thiru Vi Ka Nagar,Sembium, Chennai-11","1 - Sembium [ Ward No.67 ] Thiruvalluvar Cross Street
2 - Sembium [ Ward No.67 ] Prakasam Street
3 - Sembium [ Ward No.67 ] Ayyavoo Grammani Street
4 - Sembium [ Ward No.67] Sivapatham Street 999 - Overseas Elector",All Voters,"Chennai Primary School, Thiru Vi Ka Nagar,Sembium",Chennai-11,tamilaga vettri kazhagam,294,259,35,dravida munnetra kazhagam,3,2,4,1,10,6,10,10,10,6,5,10,10,10,10,10,6,10,10,10,10,6,10,10,10,10,10,10,10,10,10,10,10,10,10,5.555555555555555,2
170,37,0,12,220,1,1,2,0,1,5,329,0,0,0,1,0,0,0,0,2,0,0,0,0,0,1,1,0,0,0,0,0,0,0,0,613,0,2,615,0,"Anganwadi CPS, Thiru Vi Ka Nagar,Sembium, Chennai-11","1 - Sembium [ Ward No.67 ] Chozhan Street
2 - Sembium [ Ward No.67 ] Otha Vadai Street
3 - Sembium [ Ward No.67 ] Kamarajar Street 999 - Overseas Elector",All Voters,"Anganwadi CPS, Thiru Vi Ka Nagar,Sembium",Chennai-11,tamilaga vettri kazhagam,329,220,109,dravida munnetra kazhagam,3,2,4,1,6,14,9,14,9,5,6,14,14,14,9,14,14,14,14,6,14,14,14,14,14,9,9,14,14,14,14,14,14,14,14,17.78140293637847,5
171,69,0,16,268,0,0,0,1,0,0,299,0,0,0,0,1,0,1,0,1,0,0,1,0,1,1,0,0,2,0,1,0,0,0,0,662,0,6,668,0,"St.Marys Girls Matric Hr Sec School, No.37,Madurai Samy Madam Street, Sembium, Chennai-11","1 - Sembium [ Ward No.67 ] Samundeeswari Nagar 1st Street
2 - Sembium [ Ward No.67 ] Samundeeswari Nagar 2nd Street
3 - Sembium [ Ward No.67 ] Kennedy Square Main Road
4 - Sembium [ Ward No.67] Kennedy Square 3rd Street
5 - Sembium [ Ward No.67 ] Gandhi Street",All Voters,"St.Marys Girls Matric Hr Sec School, No.37,Madurai Samy Madam Street, Sembium",Chennai-11,tamilaga vettri kazhagam,299,268,31,dravida munnetra kazhagam,3,2,4,1,15,15,15,7,15,15,5,15,15,15,15,7,15,7,15,7,15,15,7,15,7,7,15,15,6,15,7,15,15,15,15,4.682779456193353,9
172,43,1,8,252,1,0,0,0,0,2,274,0,0,0,0,0,0,0,0,0,0,0,0,0,0,0,0,0,0,0,0,0,0,0,0,581,0,2,583,0,"St Mary Girls Matriculation Higher Secondary School, No.37, Madurai Samy Madam Street, Sembium, Chennai-11, West Block, East Facing, Room 2","1 - Sembium [ Ward No.67 ] Thillaiyadi Valliyamman Street
2 - Sembium [ Ward No.67 ] Ponnusamy Nagar 3rd Street
3 - Sembium [ Ward No.67 ] K.K.R Avenue (Don Bosco Street)",All Voters,"St Mary Girls Matriculation Higher Secondary School, No.37, Madurai Samy Madam Street, Sembium, Chennai-11, West Block, East Facing",Room 2,tamilaga vettri kazhagam,274,252,22,dravida munnetra kazhagam,3,2,4,1,9,7,7,9,9,5,5,9,9,9,9,9,9,9,9,9,9,9,9,9,9,9,9,9,9,9,9,9,9,9,9,3.78657487091222,0
173,29,0,6,197,0,0,0,0,0,1,229,0,0,0,0,0,0,0,1,1,0,0,0,0,0,0,0,1,0,0,0,1,0,0,0,466,0,0,466,0,"St.Marys Girls Matric Hr Sec School, No.37,Madurai Samy Madam Street, Sembium, Chennai-11","1 - Sembium [ Ward No.67 ] Ponnusamy Nagar Bharathi Street
2 - Sembium [ Ward No.67 ] Ponnusamy Nagar 1st Street
3 - Sembium [ Ward No.67 ] Ponnusamy Nagar 2nd Street",All Voters,"St.Marys Girls Matric Hr Sec School, No.37,Madurai Samy Madam Street, Sembium",Chennai-11,tamilaga vettri kazhagam,229,197,32,dravida munnetra kazhagam,3,2,4,1,10,10,10,10,10,5,10,10,10,10,10,10,10,10,5,5,10,10,10,10,10,10,10,5,10,10,10,5,10,10,10,6.866952789699571,4
174,54,0,5,203,0,0,1,0,0,0,214,0,0,1,1,0,0,0,0,0,0,0,0,0,0,0,0,0,0,0,0,0,0,0,1,480,0,5,485,0,"Smt Chandabai Pagaria Jain Matric.Hr Sec School, Papermills Road, Perambur, Chennai-11","1 - Sembium [ Ward No.67 ] George Colony Thirunavukarasu Street
2 - Sembium [ Ward No.67 ] George Colony Raghavan Street
3 - Sembium [ Ward No.67 ] George Colony Patham Street
4 - Sembium [ Ward No.67 ] Elumalai Street
5 - Sembium [ Ward No.67 ] E S I Colony Gurusamy Salai 999 - Overseas Elector",All Voters,"Smt Chandabai Pagaria Jain Matric.Hr Sec School, Papermills Road, Perambur",Chennai-11,tamilaga vettri kazhagam,214,203,11,dravida munnetra kazhagam,3,2,4,1,6,10,10,10,10,10,4,10,10,6,6,10,10,10,10,10,10,10,10,10,10,10,10,10,10,10,10,10,10,10,6,2.291666666666667,3
175,48,1,22,256,1,1,0,0,0,4,351,2,0,0,0,0,0,2,0,0,0,0,0,0,0,0,1,0,0,0,0,0,0,0,1,690,0,3,693,0,"St.Marys Girls Matric Hr Sec School, No.37,Madurai Samy Madam Street, Sembium, Chennai-11","1 - Sembium [ Ward No.67 ] Madurai Samy Madam Street ( Door No- 1 to 60 )
999 - Overseas Elector",All Voters,"St.Marys Girls Matric Hr Sec School, No.37,Madurai Samy Madam Street, Sembium",Chennai-11,tamilaga vettri kazhagam,351,256,95,dravida munnetra kazhagam,3,2,4,1,13,9,9,13,13,5,6,7,13,13,13,13,13,7,13,13,13,13,13,13,13,13,9,13,13,13,13,13,13,13,9,13.76811594202899,6
176,49,1,25,213,1,0,0,0,0,1,275,0,0,0,0,0,0,2,0,0,0,0,0,1,0,0,0,0,0,0,0,0,0,0,1,569,0,3,572,0,"St Mary Girls Matriculation Higher Secondary School, No.37, Madurai Samy Madam Street, Sembium, Chennai-11, West Block, East Facing, Room 4","1 - Sembium Ward No.67 Madurai Samy Madam Street Door No 55 to 60
2 - Sembium [ Ward No.67] Madurai Samy Madam 2nd Street",All Voters,"St Mary Girls Matriculation Higher Secondary School, No.37, Madurai Samy Madam Street, Sembium, Chennai-11, West Block, East Facing",Room 4,tamilaga vettri kazhagam,275,213,62,dravida munnetra kazhagam,3,2,4,1,12,7,7,12,12,7,5,12,12,12,12,12,12,6,12,12,12,12,12,7,12,12,12,12,12,12,12,12,12,12,7,10.896309314587,4
177,72,2,13,253,0,1,1,0,0,4,301,0,1,0,1,1,1,0,0,0,5,0,1,0,0,1,2,0,0,0,0,1,0,0,0,661,0,1,662,0,"Chennai Urudu Primary School, Maduraisamy Madam Street, Sembium, Ch-11","1 - Sembium [ Ward No.67 ] Madurai Samy Madam Main Road
2 - Sembium [ Ward No.67 ] Madurai Samy Madam Huts",All Voters,"Chennai Urudu Primary School, Maduraisamy Madam Street, Sembium",Ch-11,tamilaga vettri kazhagam,301,253,48,dravida munnetra kazhagam,3,2,4,1,9,7,18,18,18,6,9,18,9,18,9,9,9,18,18,18,5,18,9,18,18,9,7,18,18,18,18,9,18,18,18,7.261724659606656,14
178,43,1,17,190,0,0,0,0,0,1,206,0,0,0,0,0,0,0,0,0,1,0,0,0,0,1,0,0,0,0,0,0,0,0,0,460,0,2,462,0,"Chennai Urudu Primary School, Maduraisamy Madam Street, Sembium, Ch-11","1 - Sembium [ Ward No.67 ] Madurai Samy Madam Street Dr No: 101 to End
2 - Sembium [Ward No:67] Madurai Samy Madam Street ( Door
No- 61 to End )",All Voters,"Chennai Urudu Primary School, Maduraisamy Madam Street, Sembium",Ch-11,tamilaga vettri kazhagam,206,190,16,dravida munnetra kazhagam,3,2,4,1,10,6,10,10,10,6,5,10,10,10,10,10,10,10,10,10,6,10,10,10,10,6,10,10,10,10,10,10,10,10,10,3.478260869565217,2
179,22,1,4,387,1,0,1,0,0,4,287,0,1,0,0,0,1,0,0,0,0,1,0,0,0,0,0,0,2,0,0,0,0,0,0,712,0,5,717,0,"Chennai Urudu Primary School , Maduraisamy Madam Street, Sembium, Chennai-11","1 - Sembium [ Ward No.67 ] Jaibeam Nagar 1st Street
2 - Sembium [ Ward No.67] Jaibeam Nagar 2nd Street
3 - Sembium [ Ward No.67 ] Jaibeam Nagar 3rd Street",All Voters,"Chennai Urudu Primary School , Maduraisamy Madam Street, Sembium",Chennai-11,dravida munnetra kazhagam,387,287,100,tamilaga vettri kazhagam,3,1,5,2,8,8,8,14,14,5,4,14,8,14,14,14,8,14,14,14,14,8,14,14,14,14,14,14,7,14,14,14,14,14,14,14.04494382022472,5
180,29,0,9,104,0,0,1,0,0,0,148,0,0,0,0,0,0,0,1,0,0,0,0,0,0,0,0,0,0,0,0,0,0,0,0,292,0,3,295,0,"Chennai Urudhu Primary School, No.4, Madurai Samy Madam Street, Sembium, CH-11, East and South Block, West Facing, Room 4","1 - Sembium [ Ward No.67] Madurai Samy Madam 1st Street
2 - Sembium [ Ward No.67 ] S B I Colony",All Voters,"Chennai Urudhu Primary School, No.4, Madurai Samy Madam Street, Sembium, CH-11, East and South Block, West Facing",Room 4,tamilaga vettri kazhagam,148,104,44,dravida munnetra kazhagam,3,2,4,1,6,8,8,8,8,8,5,8,8,8,8,8,8,8,6,8,8,8,8,8,8,8,8,8,8,8,8,8,8,8,8,15.06849315068493,1
181,43,1,9,313,1,0,0,0,0,0,296,0,0,0,0,2,0,0,1,2,0,0,0,0,1,0,1,0,0,0,0,0,0,0,0,670,0,0,670,0,"Chennai Urudu Primary School, Maduraisamy Madam Street, Sembium, Chennai-11","1 - Sembium [ Ward No.67 ] Madurai Samy Madam Lane (East Street)
2 - Sembium [ Ward No.67 ] Madurai Samy Madam Lane
3 - Sembium [ Ward No.67 ] Balamurugan Street",All Voters,"Chennai Urudu Primary School, Maduraisamy Madam Street, Sembium",Chennai-11,dravida munnetra kazhagam,313,296,17,tamilaga vettri kazhagam,3,1,4,2,12,7,7,12,12,12,12,12,12,12,12,5,12,12,7,5,12,12,12,12,7,12,7,12,12,12,12,12,12,12,12,2.537313432835821,7
182,71,0,19,375,1,0,0,0,0,2,394,0,1,0,0,0,2,0,0,0,1,1,0,1,1,0,0,0,4,0,0,1,0,0,0,874,0,4,878,0,"Chennai Urudu Primary School, Maduraisamy Madam Street, Sembium, Chennai-11","1 - Sembium [ Ward No.67 ] Jamaliya T.N.S.C.B
2 - Sembium [ Ward No.67 ] Kalayanasundaram Street
3 - Sembium [ Ward No.67] Jamaliya Lane S.C.B",All Voters,"Chennai Urudu Primary School, Maduraisamy Madam Street, Sembium",Chennai-11,tamilaga vettri kazhagam,394,375,19,dravida munnetra kazhagam,3,2,4,1,16,16,9,16,16,7,5,16,9,16,16,16,7,16,16,16,9,9,16,9,9,16,16,16,5,16,16,9,16,16,16,2.173913043478261,12
183,28,0,13,326,0,0,1,0,0,1,290,1,1,0,1,0,1,1,0,1,1,0,0,0,0,1,1,0,3,0,0,0,1,0,0,672,0,3,675,0,"Chennai Urudu Primary School, Maduraisamy Madam Street, Sembium, Chennai-11","1 - Sembium [ Ward No.67] Subramaniya Thottam Main Road
2 - Sembium [ Ward No.67 ] Subramaniya Thottam1st Street
3 - Sembium [ Ward No.67 ] Subramaniya Thottam 2nd Street",All Voters,"Chennai Urudu Primary School, Maduraisamy Madam Street, Sembium",Chennai-11,dravida munnetra kazhagam,326,290,36,tamilaga vettri kazhagam,3,1,4,2,7,19,19,19,19,7,5,7,7,19,7,19,7,7,19,7,7,19,19,19,19,7,7,19,5,19,19,19,7,19,19,5.357142857142857,13
184,17,1,11,287,1,0,0,0,0,2,366,0,0,0,0,1,2,0,1,3,1,1,0,0,0,1,0,0,1,0,0,0,0,0,0,696,0,0,696,0,"St.Marys Girls Matric Hr Sec School, No.37,Madurai Samy Madam Street, Sembium, Chennai-11","1 - Sembium [ Ward No.67 ] Subramaniya Thottam 5th Street
2 - Sembium [ Ward No.67 ] Ambedhkar Nagar 999 - Overseas Elector",All Voters,"St.Marys Girls Matric Hr Sec School, No.37,Madurai Samy Madam Street, Sembium",Chennai-11,tamilaga vettri kazhagam,366,287,79,dravida munnetra kazhagam,3,2,4,1,16,8,8,16,16,6,16,16,16,16,16,8,6,16,8,5,8,8,16,16,16,8,16,16,8,16,16,16,16,16,16,11.35057471264368,11
185,56,2,17,206,0,0,0,0,0,2,336,0,0,1,0,0,1,0,0,0,1,0,0,0,0,2,0,0,0,0,0,0,0,0,0,624,0,2,626,0,ICDS Building Teeds Garden 1st Street Perambur Chennai -11,1 - Sembium [ Ward No.67 ] Teeds Garden 4th Street,All Voters,ICDS Building Teeds Garden 1st Street Perambur Chennai -11,ICDS Building Teeds Garden 1st Street Perambur Chennai -11,tamilaga vettri kazhagam,336,206,130,dravida munnetra kazhagam,3,2,4,1,12,5,12,12,12,5,5,12,12,9,12,12,9,12,12,12,9,12,12,12,12,5,12,12,12,12,12,12,12,12,12,20.83333333333334,5
186,16,0,5,384,0,0,0,0,1,0,229,0,0,0,0,0,0,0,1,0,0,0,0,0,0,0,0,0,1,0,0,0,0,0,0,637,0,0,637,0,"Sri Champalal Baharia Jain Hr Sec School, Papermills Road, Perambur, Chennai-600011.",1 - Sembium [ Ward No.67 ] Teeds Garden 6th Cross Street,All Voters,"Sri Champalal Baharia Jain Hr Sec School, Papermills Road, Perambur",Chennai-600011.,dravida munnetra kazhagam,384,229,155,tamilaga vettri kazhagam,3,1,4,2,8,8,8,8,5,8,8,8,8,8,8,8,8,8,5,8,8,8,8,8,8,8,8,8,5,8,8,8,8,8,8,24.33281004709576,2
187,28,0,11,365,1,0,0,0,0,2,222,0,0,0,0,0,2,0,1,2,0,1,0,0,0,0,0,0,1,0,0,0,0,0,0,636,0,0,636,0,"Sri Champalal Baharia Jain Hr Sec School, Papermills Road, Perambur, Chennai-600011.","1 - Sembium [ Ward No.67 ] Teeds Garden 7th Street
2 - Sembium [ Ward No.67] Teeds Garden 1st Cross Street 999 - Overseas Elector",All Voters,"Sri Champalal Baharia Jain Hr Sec School, Papermills Road, Perambur",Chennai-600011.,dravida munnetra kazhagam,365,222,143,tamilaga vettri kazhagam,3,1,4,2,12,12,8,12,12,5,12,12,12,12,12,12,5,12,8,5,12,8,12,12,12,12,12,12,8,12,12,12,12,12,12,22.48427672955975,7
188,31,1,9,386,2,0,0,0,1,2,286,0,0,0,0,0,0,0,1,1,0,0,0,0,1,0,1,0,3,0,1,0,2,0,0,728,0,2,730,0,"Sri Champalal Baharia Jain Higher Sec School, No.8, Paper Mills Road, Perambur, Chennai-11, East Block, West Facing, Room 3","1 - Sembium [ Ward No.67 ] Teeds Garden 3rd Cross Street
2 - Sembium [ Ward No.67 ] Teeds Garden 5th Cross Street
3 - Sembium [ Ward No.67 ] Teeds Garden 1st Street",All Voters,"Sri Champalal Baharia Jain Higher Sec School, No.8, Paper Mills Road, Perambur, Chennai-11, East Block, West Facing",Room 3,dravida munnetra kazhagam,386,286,100,tamilaga vettri kazhagam,3,1,4,2,17,10,6,17,10,6,6,17,17,17,17,17,17,17,10,10,17,17,17,17,10,17,10,17,5,17,10,17,6,17,17,13.73626373626374,10
189,40,0,15,357,0,0,0,0,0,1,391,0,0,0,0,1,0,1,0,0,0,0,0,0,0,0,1,0,2,0,0,1,1,0,0,811,0,4,815,0,"Sri Champalal Baharia Jain Hr Sec School, Papermills Road, Perambur, Chennai-600011.","1 - Sembium [ Ward No.67 ] Malligaipoo Nagar 1st Street
2 - Sembium [ Ward No.67] Teeds Garden Lakshmi Nagar
3 - Sembium [ Ward No.67 ] Teeds Garden Lakshmi Nagar 1st Street
4 - Sembium [ Ward No.67 ] Teeds Garden Lakshmi Nagar 2nd Street
5 - Sembium [ Ward No.67 ] Lakshmi 3rd Street
6 - Sembium [ Ward No.67 ] Teeds Garden 4th Street Lakshmi Nagar",All Voters,"Sri Champalal Baharia Jain Hr Sec School, Papermills Road, Perambur",Chennai-600011.,tamilaga vettri kazhagam,391,357,34,dravida munnetra kazhagam,3,2,4,1,13,13,13,13,13,7,5,13,13,13,13,7,13,7,13,13,13,13,13,13,13,13,7,13,6,13,13,7,7,13,13,4.192355117139334,7
190,41,1,9,385,1,0,2,0,0,0,235,1,0,0,1,0,0,1,1,1,1,0,0,0,1,0,0,0,2,0,0,0,0,1,0,684,0,0,684,0,"Gandhiji Memorial Primary School, Papermills Road, Perambur, Ch-11","1 - Sembium [ Ward No.67 ] Janakiram 1st Main Road
2 - Sembium [ Ward No.67 ] janakiram Nagar 2nd Main Road
3 - Sembium [ Ward No.67 ] janakiram Nagar 1st Street
4 - Sembium [ Ward No.67 ] Janakiram 2nd Street",All Voters,"Gandhiji Memorial Primary School, Papermills Road, Perambur",Ch-11,dravida munnetra kazhagam,385,235,150,tamilaga vettri kazhagam,3,1,4,2,5,7,7,17,17,17,17,7,17,17,7,17,17,7,7,7,7,17,17,17,7,17,17,17,5,17,17,17,17,7,17,21.92982456140351,10
191,46,1,11,294,1,1,0,0,0,1,214,0,1,0,0,1,1,0,0,0,0,0,0,0,0,0,0,0,1,0,0,0,0,0,0,573,0,2,575,0,"Gandhiji Memorial Primary School, Papermills Road, Perambur, Ch-11","1 - Sembium [ Ward No.67 ] Janakiram Nagar 3rd Street
2 - Sembium [ Ward No.67] Janakiram Nagar 4th Street
3 - Sembium [ Ward No.67 ] Janakiram Nagar 5th Street
4 - Sembium [ Ward No.67] Janakiram Nagar 1st Street 1st Lane
5 - Sembium [ Ward No.67 ] Janakiram Nagar 1st Street 2nd Lane
6 - Sembium [ Ward No.67 ] Janakiram Nagar 6th Lane",All Voters,"Gandhiji Memorial Primary School, Papermills Road, Perambur",Ch-11,dravida munnetra kazhagam,294,214,80,tamilaga vettri kazhagam,3,1,4,2,13,6,6,13,13,6,5,13,6,13,13,6,6,13,13,13,13,13,13,13,13,13,13,13,6,13,13,13,13,13,13,13.96160558464223,4
192,29,1,8,368,3,1,0,0,0,0,268,0,0,0,0,0,0,0,0,1,0,0,0,0,1,0,1,0,1,0,0,0,0,0,0,682,0,3,685,0,ICDS Building Teeds Garden 1st Street Perambur Chennai -11,"1 - Sembium [ Ward No.67] Vasudevan 2nd Street
2 - Sembium [ Ward No.67 ] Vasudevan 3rd Street
3 - Sembium [ Ward No.67 ] Vasudevan 4th Street
4 - Sembium [ Ward No.67] Sajjath Hussain Street
5 - Sembium [ Ward No.67 ] Prakash Street
6 - Sembium [ Ward No.67 ] Aandiyappan Street
7 - Peravallur [ Ward No.67 ] Paper Mills Road Park Lane",All Voters,ICDS Building Teeds Garden 1st Street Perambur Chennai -11,ICDS Building Teeds Garden 1st Street Perambur Chennai -11,dravida munnetra kazhagam,368,268,100,tamilaga vettri kazhagam,3,1,4,2,12,7,5,12,12,12,5,12,12,12,12,12,12,12,12,7,12,12,12,12,7,12,7,12,7,12,12,12,12,12,12,14.66275659824047,4
193,32,0,10,380,1,0,0,0,0,2,184,0,0,0,0,0,0,0,0,0,0,0,0,0,0,0,0,0,1,0,0,0,0,0,0,610,0,2,612,0,"Gandhiji Memorial Primary School, Papermills Road, Perambur, Ch-11","1 - Sembium [ Ward No.67] Muhammadiar Street
2 - Sembium Ward No.67 Paper Mills Road Door No.221 to END",All Voters,"Gandhiji Memorial Primary School, Papermills Road, Perambur",Ch-11,dravida munnetra kazhagam,380,184,196,tamilaga vettri kazhagam,3,1,4,2,9,9,7,9,9,5,5,9,9,9,9,9,9,9,9,9,9,9,9,9,9,9,9,9,7,9,9,9,9,9,9,32.1311475409836,1
194,49,1,10,303,0,0,0,0,0,2,288,1,0,1,0,0,0,0,0,0,0,0,0,0,0,0,0,0,1,0,0,0,0,0,0,656,0,3,659,0,"Gandhiji Memorial Primary School, Papermills Road, Perambur, Ch-11","1 - Sembium [ Ward No.67 ] Vasudevan Street
2 - Perambur [ Ward No.67 ] Vasudevan 1st Street",All Voters,"Gandhiji Memorial Primary School, Papermills Road, Perambur",Ch-11,dravida munnetra kazhagam,303,288,15,tamilaga vettri kazhagam,3,1,4,2,11,7,11,11,11,6,5,7,11,7,11,11,11,11,11,11,11,11,11,11,11,11,11,11,7,11,11,11,11,11,11,2.286585365853659,3
195,53,0,14,306,0,0,1,1,0,3,292,0,1,0,0,1,0,0,0,0,0,1,0,0,0,0,0,0,1,0,0,0,0,0,0,674,0,2,676,0,ICDS Building Teeds Garden 1st Street Perambur Chennai -11,1 - Sembium [ Ward No.67 ] Teeds Garden 1st Street,All Voters,ICDS Building Teeds Garden 1st Street Perambur Chennai -11,ICDS Building Teeds Garden 1st Street Perambur Chennai -11,dravida munnetra kazhagam,306,292,14,tamilaga vettri kazhagam,3,1,4,2,7,13,13,7,13,5,6,13,7,13,13,7,13,13,13,13,13,7,13,13,13,13,13,13,7,13,13,13,13,13,13,2.077151335311572,4
196,51,0,13,340,2,0,1,0,0,1,369,0,0,1,1,0,0,0,0,0,0,0,0,1,0,0,0,0,0,0,0,1,1,0,0,782,0,4,786,0,"CSI (SPG) Primary School, Papermills Road, Perambur, Chennai-11","1 - Sembium [ Ward No.67 ] Teeds Garden 2nd Street
2 - Sembium [ Ward No.67 ] Teeds Garden 2nd Cross Street
3 - Sembium [ Ward No.67 ] Teeds Garden 3rd Street",All Voters,"CSI (SPG) Primary School, Papermills Road, Perambur",Chennai-11,tamilaga vettri kazhagam,369,340,29,dravida munnetra kazhagam,3,2,4,1,7,14,6,14,14,7,5,14,14,7,7,14,14,14,14,14,14,14,14,7,14,14,14,14,14,14,14,7,7,14,14,3.70843989769821,5
197,57,1,9,298,1,1,0,0,0,1,325,2,1,0,0,2,1,0,0,0,0,0,0,0,0,0,0,0,0,0,0,0,0,0,1,700,0,3,703,0,"CSI (SPG) Primary School, Papermills Road, Perambur, Chennai-11","1 - Sembium [ Ward No.67 ] Teeds Garden 5th Street
2 - Sembium [ Ward No.67 ] Paper Mills Road 5th lane
3 - Sembium [ Ward No.67 ] Maniyammai Nagar",All Voters,"CSI (SPG) Primary School, Papermills Road, Perambur",Chennai-11,tamilaga vettri kazhagam,325,298,27,dravida munnetra kazhagam,3,2,4,1,14,8,8,14,14,8,5,6,8,14,14,6,8,14,14,14,14,14,14,14,14,14,14,14,14,14,14,14,14,14,8,3.857142857142857,7
198,56,0,8,216,0,0,1,0,0,4,243,0,0,0,0,1,1,1,0,0,0,0,1,0,1,0,0,0,0,0,1,0,0,0,1,535,0,1,536,0,"CSI (SPG) Primary School, Papermills Road, Perambur, Chennai-11",1 - Sembium Ward No.67 Paper Mills Road Door 1 to 220,All Voters,"CSI (SPG) Primary School, Papermills Road, Perambur",Chennai-11,tamilaga vettri kazhagam,243,216,27,dravida munnetra kazhagam,3,2,4,1,6,15,15,15,15,5,6,15,15,15,15,6,6,6,15,15,15,15,6,15,6,15,15,15,15,15,6,15,15,15,6,5.046728971962617,7
199,15,0,11,495,1,0,0,0,1,1,220,0,0,0,0,0,0,0,0,0,2,0,0,0,0,1,1,0,1,0,0,0,1,0,0,750,0,3,753,0,"Sri Chandabai Baharia jain Higher Secondary School, Paper Mills Road Perambur, Chennai-11","1 - Sembium [ Ward No.67 ] Dhanammal Street
2 - Sembium [ Ward No.67 ] Gurusamy Street",All Voters,"Sri Chandabai Baharia jain Higher Secondary School, Paper Mills Road Perambur",Chennai-11,dravida munnetra kazhagam,495,220,275,tamilaga vettri kazhagam,3,1,4,2,14,14,7,14,7,7,5,14,14,14,14,14,14,14,14,14,6,14,14,14,14,7,7,14,7,14,14,14,7,14,14,36.66666666666666,6
200,12,0,5,519,1,0,0,0,0,4,211,1,0,0,0,1,1,1,0,0,0,0,0,0,0,1,1,1,1,0,0,0,0,0,0,760,0,0,760,0,"Sri Chandabai Baharia jain Higher Secondary School, Paper Mills Road Perambur, Chennai-11","1 - Sembium [ Ward No.67 ] Thillainayagam 3rd Street
2 - Sembium [ Ward No.67] Thillainayagam 5th Cross Lane
3 - Sembium [ Ward No.67 ] Thillainayagam 6th Street",All Voters,"Sri Chandabai Baharia jain Higher Secondary School, Paper Mills Road Perambur",Chennai-11,dravida munnetra kazhagam,519,211,308,tamilaga vettri kazhagam,3,1,4,2,15,15,6,15,15,5,15,6,15,15,15,6,6,6,15,15,15,15,15,15,15,6,6,6,6,15,15,15,15,15,15,40.52631578947368,8
201,35,0,5,395,0,0,0,0,0,3,172,0,0,1,0,0,1,0,0,0,0,0,0,0,0,0,0,0,0,0,0,0,0,0,0,612,0,2,614,0,"CSI (SPG) Primary School, Papermills Road, Perambur, Chennai-11","1 - Sembium [ Ward No.67 ] Thillainayagam 2nd Street
2 - Sembium [ Ward No.67 ] Prakasham Avenue
3 - Sembium [ Ward No.67 ] Thillainayagam Street
4 - Sembium [ Ward No.67 ] Thillainayagam 1st Street",All Voters,"CSI (SPG) Primary School, Papermills Road, Perambur",Chennai-11,dravida munnetra kazhagam,395,172,223,tamilaga vettri kazhagam,3,1,4,2,9,9,9,9,9,5,6,9,9,7,9,9,7,9,9,9,9,9,9,9,9,9,9,9,9,9,9,9,9,9,9,36.43790849673202,2
202,13,0,7,485,1,0,1,0,0,2,214,1,0,0,0,0,1,1,0,0,0,0,0,0,0,0,1,0,2,0,0,0,0,0,0,729,0,0,729,0,"CSI (SPG) Primary School, Papermills Road, Perambur, Chennai-11",1 - Sembium [ Ward No.67 ] Thillainayagam 5th Street,All Voters,"CSI (SPG) Primary School, Papermills Road, Perambur",Chennai-11,dravida munnetra kazhagam,485,214,271,tamilaga vettri kazhagam,3,1,4,2,7,13,7,13,13,5,13,7,13,13,13,13,7,7,13,13,13,13,13,13,13,13,7,13,5,13,13,13,13,13,13,37.17421124828532,6
203,61,0,26,304,1,0,0,0,0,0,275,0,0,0,0,0,0,1,0,0,0,0,0,0,0,0,0,1,1,0,0,0,0,0,0,670,0,3,673,0,"St.Marys Girls Matric Hr Sec School, No.37,Madurai Samy Madam Street, Sembium, Chennai-11","1 - Sembium [ Ward No.67 ] Kennedy Square 1st Cross Street
2 - Sembium [ Ward No.67] Kennedy Square 1st North Street
3 - Sembium [ Ward No.67 ] Kennedy Square 2nd North Street",All Voters,"St.Marys Girls Matric Hr Sec School, No.37,Madurai Samy Madam Street, Sembium",Chennai-11,dravida munnetra kazhagam,304,275,29,tamilaga vettri kazhagam,3,1,4,2,10,10,6,10,10,10,5,10,10,10,10,10,10,6,10,10,10,10,10,10,10,10,10,6,6,10,10,10,10,10,10,4.328358208955224,3
204,42,0,20,190,0,0,0,0,0,2,197,0,0,0,0,0,1,0,0,0,0,0,0,0,2,0,1,0,3,0,0,0,0,0,0,458,0,2,460,0,"St.Marys Girls Matric Hr Sec School, No.37,Madurai Samy Madam Street, Sembium, Chennai-11","1 - Sembium [ Ward No.67] Kennedy Square Kamarajar Street
2 - Sembium [ Ward No.67 ] Kennedy Square Kamarajar 1st Street
3 - Sembium [ Ward No.67 ] Kennedy Square Kamarajar 2nd Street
4 - Sembium [ Ward No.67 ] Kennedy Square Kamarajar 3rd Street
5 - Sembium [ Ward No.67 ] Sathiyanarayana Street",All Voters,"St.Marys Girls Matric Hr Sec School, No.37,Madurai Samy Madam Street, Sembium",Chennai-11,tamilaga vettri kazhagam,197,190,7,dravida munnetra kazhagam,3,2,4,1,11,11,11,11,11,6,6,11,11,11,11,11,9,11,11,11,11,11,11,11,6,11,9,11,5,11,11,11,11,11,11,1.528384279475983,7
205,47,1,12,191,1,0,0,0,0,5,281,0,0,0,0,0,1,1,1,0,0,0,0,0,1,0,0,0,0,0,0,0,0,0,0,542,0,0,542,0,"St Marys Girls Matriculation Higher Secondary School No 37 Madurai Samy Madam Street, Sembium, Chennai 11, West Block, East Facing, Room 6","1 - Sembium [ Ward No.67 ] Kennady Square South 1st Street
2 - Sembium [ Ward No.67 ] Kennedy Square 3rd North Street",All Voters,"St Marys Girls Matriculation Higher Secondary School No 37 Madurai Samy Madam Street, Sembium, Chennai 11, West Block, East Facing",Room 6,tamilaga vettri kazhagam,281,191,90,dravida munnetra kazhagam,3,2,4,1,12,6,6,12,12,5,12,12,12,12,12,12,6,6,6,12,12,12,12,12,6,12,12,12,12,12,12,12,12,12,12,16.60516605166052,4
206,26,0,8,244,0,0,2,0,0,3,219,0,0,0,0,0,0,0,0,0,0,0,0,0,0,1,0,0,0,0,1,0,0,0,0,504,0,4,508,0,"St.Marys Boys Matric Hr Sec School,
No.34-117,Raghan Street, Perambur, Chennai-11",1 - Perambur [ Ward No.70 ] Madhavaram High Road North,All Voters,"St.Marys Boys Matric Hr Sec School,
No.34-117,Raghan Street, Perambur",Chennai-11,dravida munnetra kazhagam,244,219,25,tamilaga vettri kazhagam,3,1,4,2,7,10,10,10,10,6,5,10,10,10,10,10,10,10,10,10,10,10,10,10,10,8,10,10,10,10,8,10,10,10,10,4.96031746031746,2
207,66,1,16,241,2,0,1,0,0,1,306,1,1,0,0,0,1,0,1,0,0,0,0,0,0,0,1,0,0,0,0,0,1,0,0,640,0,1,641,0,"St.Marys Boys Matric Hr Sec School,
No.34-117,Raghan Street, Perambur, Chennai-11","1 - Perambur [ Ward No.70 ] Thanikachalam Street
2 - Perambur [ Ward No.70 ] Dhamodharan Street
3 - Perambur [ Ward No.70 ] Madhavaram High Road 2nd Street
4 - Perambur [ Ward No.70 ] Madhavaram High Road 1st Lane",All Voters,"St.Marys Boys Matric Hr Sec School,
No.34-117,Raghan Street, Perambur",Chennai-11,tamilaga vettri kazhagam,306,241,65,dravida munnetra kazhagam,3,2,4,1,6,6,5,16,16,6,6,6,6,16,16,16,6,16,6,16,16,16,16,16,16,16,6,16,16,16,16,16,6,16,16,10.15625,6
208,26,1,14,262,1,0,0,0,0,2,404,0,0,0,0,0,1,0,0,0,0,1,0,1,0,0,1,0,1,0,0,0,0,0,0,715,0,3,718,0,"Don Bosco Hr Sec School, No.130, Madharam High Road, Perambur, Chennai-11",1 - Perambur [ Ward No.70 ] Somasundara Vinayagar Koil 1st Street ( Door No- 1 to 80 ),All Voters,"Don Bosco Hr Sec School, No.130, Madharam High Road, Perambur",Chennai-11,tamilaga vettri kazhagam,404,262,142,dravida munnetra kazhagam,3,2,4,1,14,7,7,14,14,6,5,14,14,14,14,14,7,14,14,14,14,7,14,7,14,14,7,14,7,14,14,14,14,14,14,19.86013986013986,5
209,38,1,6,234,0,0,0,0,0,2,268,1,0,0,0,0,0,0,0,0,1,0,0,0,1,0,0,1,0,0,0,0,0,0,0,553,0,3,556,0,"Don Bosco Hr Sec School, No.130, Madharam High Road, Perambur, Chennai-11",1 - Perambur [ Ward No.70 ] Somasundaram Vinayagar Koil 2nd Street,All Voters,"Don Bosco Hr Sec School, No.130, Madharam High Road, Perambur",Chennai-11,tamilaga vettri kazhagam,268,234,34,dravida munnetra kazhagam,3,2,4,1,12,7,12,12,12,6,5,7,12,12,12,12,12,12,12,12,7,12,12,12,7,12,12,7,12,12,12,12,12,12,12,6.148282097649186,4
210,56,0,13,261,0,0,0,0,0,1,336,0,0,0,0,0,0,0,0,0,0,0,0,0,1,0,0,0,0,0,0,0,0,0,0,668,0,0,668,0,"Don Bosco Hr Sec School, No.3, 130 M.H. Road, Perambur, Ch-11, South Block, South Facing, Room 3","1 - Perambur [ Ward No.70 ] Ambedhkar Street
2 - Perambur [ Ward No.70 ] Laskhmi Amman Koil Lane
3 - Perambur [ Ward No.70 ] Thanikachalam 1st Street
4 - Perambur [ Ward No.70 ] Somasundara Vinayagar Koil 1st Street ( Door No- 1 to 80 )
5 - Perambur [Ward No:70] Soma Sundara Vinayakar Koil 1st
Street ( Door No- 81 to End )",All Voters,"Don Bosco Hr Sec School, No.3, 130 M.H. Road, Perambur, Ch-11, South Block, South Facing",Room 3,tamilaga vettri kazhagam,336,261,75,dravida munnetra kazhagam,3,2,4,1,7,7,7,7,7,5,7,7,7,7,7,7,7,7,7,7,7,7,7,7,5,7,7,7,7,7,7,7,7,7,7,11.22754491017964,1
211,45,1,34,343,1,1,1,0,0,0,315,0,0,1,0,0,0,0,0,0,1,0,0,0,0,0,0,0,0,0,0,0,0,0,0,743,0,2,745,0,"Don Bosco Hr Sec School, No.130, Madharam High Road, Perambur, Chennai-11","1 - Perambur [ Ward No.70 ] Somasundaram Vinayagar Koil 3rd Street
2 - Perambur [ Ward No.70 ] Santhi Nagar 2nd Street
999 - Overseas Elector",All Voters,"Don Bosco Hr Sec School, No.130, Madharam High Road, Perambur",Chennai-11,dravida munnetra kazhagam,343,315,28,tamilaga vettri kazhagam,3,1,4,2,6,6,6,11,11,11,5,11,11,6,11,11,11,11,11,11,6,11,11,11,11,11,11,11,11,11,11,11,11,11,11,3.768506056527591,2
212,32,0,12,149,0,0,0,0,0,1,123,0,0,0,0,0,0,0,2,0,0,0,0,0,0,0,0,0,0,0,0,1,0,1,0,321,0,2,323,1,"Don Bosco Hr Sec School, No.130, Madharam High Road, Perambur, Chennai-11","1 - Perambur [ Ward No.70 ] Santhi Nagar Ist Street
2 - Perambur [ Ward No.70] Nithyananda Sagar Apartment
3 - Perambur [ Ward No.70 ] Ananda Apartments
4 - Perambur [ Ward No.70 ] K.K.R Apartments",All Voters,"Don Bosco Hr Sec School, No.130, Madharam High Road, Perambur",Chennai-11,dravida munnetra kazhagam,149,123,26,tamilaga vettri kazhagam,3,1,4,2,10,10,10,10,10,7,5,10,10,10,10,10,10,10,5,10,10,10,10,10,10,10,10,10,10,10,10,7,10,7,10,8.09968847352025,4
213,29,0,16,253,1,0,0,0,0,1,308,0,0,0,0,0,0,0,0,0,0,0,0,1,0,0,1,0,0,0,0,0,0,0,0,610,0,3,613,0,"Chennai Middle School, Maduma Nagar, Kabilar Street, Ch-11","1 - Sembium [ Ward No.70 ] St. Marys Road 1st Street
2 - Sembium [ Ward No.70] St. Marys Road 2nd Street
3 - Sembium [ Ward No.70 ] Kollan Thottam
4 - Sembium [ Ward No.70 ] Venkatesa Nagar Main Road
5 - Sembium [ Ward No.70 ] Venkatesa Nagar 1st Cross Street",All Voters,"Chennai Middle School, Maduma Nagar, Kabilar Street",Ch-11,tamilaga vettri kazhagam,308,253,55,dravida munnetra kazhagam,3,2,4,1,10,10,6,10,10,6,5,10,10,10,10,10,10,10,10,10,10,10,10,6,10,10,6,10,10,10,10,10,10,10,10,9.01639344262295,2
214,57,0,13,327,1,0,0,0,0,2,334,0,0,1,0,0,0,0,0,0,0,0,0,0,0,0,0,0,0,0,0,0,0,0,0,735,0,2,737,0,"Chennai Middle School, Maduma Nagar, Kabilar Street, Ch-11","1 - Sembium [ Ward No.70 ] vengadesa Nagar 1st Street
2 - Sembium [ Ward No.70 ] Venkatesa Nagar 2nd Street
3 - Sembium [ Ward No.70 ] Venkatesa Nagar 3rd Street
4 - Perambur [ Ward No.70 ] Chinnakulanthai Ist Street 999 - Overseas Elector",All Voters,"Chennai Middle School, Maduma Nagar, Kabilar Street",Ch-11,tamilaga vettri kazhagam,334,327,7,dravida munnetra kazhagam,3,2,4,1,9,9,7,9,9,5,5,9,9,7,9,9,9,9,9,9,9,9,9,9,9,9,9,9,9,9,9,9,9,9,9,0.9523809523809524,1
215,29,0,5,334,1,0,0,0,0,1,205,0,0,0,0,2,0,0,0,0,0,0,0,0,0,0,0,0,1,0,0,0,0,0,0,578,0,4,582,0,"Chennai Middle School, Maduma Nagar, Kabilar Street, Ch-11","1 - Perambur [ Ward No.70] Chinnakulanthai 2nd Street
2 - Perambur [ Ward No.70 ] Chinnakulanthai 3rd Street
3 - Perambur [ Ward No.70] Chinnakulanthai 4th Street",All Voters,"Chennai Middle School, Maduma Nagar, Kabilar Street",Ch-11,dravida munnetra kazhagam,334,205,129,tamilaga vettri kazhagam,3,1,4,2,10,10,7,10,10,7,5,10,10,10,10,6,10,10,10,10,10,10,10,10,10,10,10,10,7,10,10,10,10,10,10,22.31833910034602,3
216,37,2,15,333,0,1,0,0,0,1,318,0,0,1,0,0,0,1,0,0,1,0,0,0,0,0,0,0,3,0,1,0,0,1,0,715,0,1,716,0,"Chennai Middle School, No.6, Kabilar Street, Maduma Nagar, Perambur, Ch-11, South Block, South Facing, Room 4","1 - Sembium [ Ward No.70 ] Kabilar Street
2 - Perambur [ Ward No.70 ] Chokkalingam Street",All Voters,"Chennai Middle School, No.6, Kabilar Street, Maduma Nagar, Perambur, Ch-11, South Block, South Facing",Room 4,dravida munnetra kazhagam,333,318,15,tamilaga vettri kazhagam,3,1,4,2,14,6,14,14,14,7,7,14,14,7,14,14,14,7,14,14,7,14,14,14,14,14,14,14,5,14,7,14,14,7,14,2.097902097902098,8
217,52,1,19,282,1,1,0,0,0,2,340,0,0,0,0,0,1,2,0,0,0,0,0,0,0,0,1,0,0,0,0,0,0,0,0,702,0,3,705,1,"Chennai Middle School, Maduma Nagar, Kabilar Street, Ch-11","1 - Sembium [ Ward No.70 ] Chidhambaranar Street
2 - Perambur [ Ward No.70 ] Periyapalaiyathamman Koil Street
3 - Perambur [ Ward No.70 ] Mukundha Ramanujam Street
4 - Sembium [ Ward No.70] Jamunabai Nagar Main Road
5 - Sembium [ Ward No.70 ] Jamunabai Nagar 2nd Street
6 - Sembium [ Ward No.70 ] Jamunabai Nagar 1st Street",All Voters,"Chennai Middle School, Maduma Nagar, Kabilar Street",Ch-11,tamilaga vettri kazhagam,340,282,58,dravida munnetra kazhagam,3,2,4,1,12,8,8,12,12,6,5,12,12,12,12,12,8,6,12,12,12,12,12,12,12,12,8,12,12,12,12,12,12,12,12,8.262108262108262,4
218,49,0,19,375,0,0,0,0,0,0,394,0,1,0,0,0,0,0,0,1,0,0,0,0,0,1,0,0,2,0,0,1,0,0,0,843,0,2,845,0,"Chennai Middle School, Maduma Nagar, Kabilar Street, Ch-11",1 - Perambur [ Ward No.70 ] Gowthamapuram T.N.H.B 999 - Overseas Elector,All Voters,"Chennai Middle School, Maduma Nagar, Kabilar Street",Ch-11,tamilaga vettri kazhagam,394,375,19,dravida munnetra kazhagam,3,2,4,1,11,11,11,11,11,11,5,11,7,11,11,11,11,11,11,7,11,11,11,11,11,7,11,11,5,11,11,7,11,11,11,2.253855278766311,6
219,26,0,10,238,0,0,0,1,0,3,307,0,0,0,1,0,1,1,0,1,0,0,0,0,0,0,0,0,3,0,0,0,0,0,1,593,0,1,594,0,"Chennai Middle School, Maduma Nagar, Kabilar Street, Ch-11","1 - Perambur [ Ward No.70 ] Gowthampuram
2 - Sembium [ Ward No.70 ] Gowthampuram Extension
3 - Sembium [ Ward No.70 ] Gowthamar Street",All Voters,"Chennai Middle School, Maduma Nagar, Kabilar Street",Ch-11,tamilaga vettri kazhagam,307,238,69,dravida munnetra kazhagam,3,2,4,1,14,14,14,7,14,5,7,14,14,14,7,14,7,7,14,7,14,14,14,14,14,14,14,14,5,14,14,14,14,14,7,11.63575042158516,8
220,63,1,26,273,0,0,0,0,0,9,241,0,0,0,0,0,0,0,0,0,0,0,0,0,0,1,0,0,2,0,0,1,0,0,0,617,0,6,623,0,"Chennai Middle School, Maduma Nagar, Kabilar Street, Ch-11","1 - Sembium [ Ward No.70 ] Elango Street
2 - Sembium [ Ward No.70 ] Jawahar Street
3 - Sembium [ Ward No.70 ] Kambar Street
4 - Sembium [ Ward No.70 ] Raja Street
5 - Perambur [ Ward No.70] Ashok Street",All Voters,"Chennai Middle School, Maduma Nagar, Kabilar Street",Ch-11,dravida munnetra kazhagam,273,241,32,tamilaga vettri kazhagam,3,1,4,2,11,8,11,11,11,5,6,11,11,11,11,11,11,11,11,11,11,11,11,11,11,8,11,11,7,11,11,8,11,11,11,5.186385737439222,4
221,63,1,20,203,0,1,0,0,0,3,301,1,1,0,0,0,1,0,1,0,0,0,0,0,0,1,0,1,0,0,0,0,0,0,0,598,0,1,599,0,"CSI Middle School, Raghan Street, Perambur-Ch-11","1 - Perambur [ Ward No.70 ] Neels Garden 1st Street
2 - Perambur [ Ward No.70 ] Neels Garden 2nd Street",All Voters,"CSI Middle School, Raghan Street",Perambur-Ch-11,tamilaga vettri kazhagam,301,203,98,dravida munnetra kazhagam,3,2,4,1,14,6,14,14,14,5,6,6,6,14,14,14,6,14,6,14,14,14,14,14,14,6,14,6,14,14,14,14,14,14,14,16.38795986622074,6
222,48,0,16,195,2,0,1,0,0,1,332,0,1,0,0,0,0,2,0,1,0,1,0,0,0,0,1,0,1,0,0,1,1,1,0,605,0,5,610,0,"CSI Middle School, Raghan Street, Perambur-Ch-11","1 - Perambur [ Ward No.70 ] Neels Garden 3rd Street
2 - Perambur [ Ward No.70] Neels Garden 4th Street
3 - Perambur [ Ward No.70 ] BajanaiKoilStreet",All Voters,"CSI Middle School, Raghan Street",Perambur-Ch-11,tamilaga vettri kazhagam,332,195,137,dravida munnetra kazhagam,3,2,4,1,8,18,6,18,18,8,5,18,8,18,18,18,18,6,18,8,18,8,18,18,18,18,8,18,8,18,18,8,8,8,18,22.64462809917355,10
223,48,0,11,181,0,0,0,0,0,5,362,1,0,0,0,1,0,1,0,0,0,0,1,0,0,0,0,0,1,0,0,0,0,0,0,612,0,6,618,0,"St.Marys Boys Matric Hr Sec School,
No.34-117,Raghan Street, Perambur, Chennai-11",1 - Perambur [ Ward No.70 ] Thirunavukarasu Street,All Voters,"St.Marys Boys Matric Hr Sec School,
No.34-117,Raghan Street, Perambur",Chennai-11,tamilaga vettri kazhagam,362,181,181,dravida munnetra kazhagam,3,2,4,1,12,12,12,12,12,6,5,7,12,12,12,7,12,7,12,12,12,12,7,12,12,12,12,12,7,12,12,12,12,12,12,29.57516339869281,5
224,82,0,19,170,0,0,0,0,0,3,293,1,0,0,0,1,2,0,0,2,0,0,0,0,1,0,0,0,0,0,0,0,0,0,0,574,0,6,580,0,"St.Marys Boys Matric Hr Sec School,
No.34-117,Raghan Street, Perambur, Chennai-11","1 - Perambur [ Ward No.70 ] Puzhal Munusamy Street
2 - Perambur [ Ward No.70 ] Vajiravelu Street
3 - Perambur [ Ward No.70 ] Rajavelu Street",All Voters,"St.Marys Boys Matric Hr Sec School,
No.34-117,Raghan Street, Perambur",Chennai-11,tamilaga vettri kazhagam,293,170,123,dravida munnetra kazhagam,3,2,4,1,12,12,12,12,12,6,5,9,12,12,12,9,7,12,12,7,12,12,12,12,9,12,12,12,12,12,12,12,12,12,12,21.42857142857143,7
225,48,0,24,235,0,0,0,0,0,1,311,0,0,0,0,1,0,0,0,0,0,0,0,0,1,0,0,0,0,0,0,0,0,0,0,621,0,2,623,0,"St.Marys Boys Matric Hr Sec School,
No.34-117,Raghan Street, Perambur, Chennai-11",1 - Perambur [ Ward No.70 ] Muniyappa Street,All Voters,"St.Marys Boys Matric Hr Sec School,
No.34-117,Raghan Street, Perambur",Chennai-11,tamilaga vettri kazhagam,311,235,76,dravida munnetra kazhagam,3,2,4,1,9,9,9,9,9,6,5,9,9,9,9,6,9,9,9,9,9,9,9,9,6,9,9,9,9,9,9,9,9,9,9,12.23832528180354,2
226,96,2,22,225,1,0,0,0,0,2,318,1,0,0,0,0,0,0,0,0,1,0,0,0,0,0,1,0,1,0,0,0,0,1,0,671,0,4,675,0,"St.Marys Boys Matric Hr Sec School,
No.34-117,Raghan Street, Perambur, Chennai-11","1 - Sembium [ Ward No.70 ] Appulinga Vathiyar Street
2 - Perambur [ Ward No.70 ] Akash Flats
3 - Perambur [ Ward No.70 ] Nataraja Koil Street
4 - Perambur [ Ward No.70 ] Lakshmi Amman Koil Street
5 - Perambur [ Ward No.70] Srinivasa Raghavan Street",All Voters,"St.Marys Boys Matric Hr Sec School,
No.34-117,Raghan Street, Perambur",Chennai-11,tamilaga vettri kazhagam,318,225,93,dravida munnetra kazhagam,3,2,4,1,14,6,8,14,14,6,5,8,14,14,14,14,14,14,14,14,8,14,14,14,14,14,8,14,8,14,14,14,14,8,14,13.85991058122206,5
227,91,0,21,185,1,0,1,0,0,2,265,1,0,0,0,1,0,1,0,0,0,0,1,0,0,0,0,0,0,0,0,0,1,0,0,571,0,5,576,0,"St.Marys Boys Matric Hr Sec School,
No.34-117,Raghan Street, Perambur, Chennai-11",1 - Perambur [ Ward No.70 ] Raghavan Street,All Voters,"St.Marys Boys Matric Hr Sec School,
No.34-117,Raghan Street, Perambur",Chennai-11,tamilaga vettri kazhagam,265,185,80,dravida munnetra kazhagam,3,2,4,1,7,14,7,14,14,6,5,7,14,14,14,7,14,7,14,14,14,14,7,14,14,14,14,14,14,14,14,14,7,14,14,14.01050788091068,5
228,35,4,13,333,2,0,0,0,0,3,238,1,0,0,0,2,1,0,0,0,1,0,0,0,2,0,0,0,0,0,0,0,0,0,0,635,0,6,641,0,"Chennai Girls Hr Sec School, No.53, Market Street , Perambur, Chennai-11","1 - Perambur [ Ward No.70 ] Murugesan Street
2 - Perambur [ Ward No.70] Sabapathy Street
3 - Perambur [ Ward No.70 ] Jaganathan Colony",All Voters,"Chennai Girls Hr Sec School, No.53, Market Street , Perambur",Chennai-11,dravida munnetra kazhagam,333,238,95,tamilaga vettri kazhagam,3,1,4,2,14,6,8,14,14,7,5,11,14,14,14,8,11,14,14,14,11,14,14,14,8,14,14,14,14,14,14,14,14,14,14,14.96062992125984,7
229,31,0,7,328,0,1,0,0,0,2,241,0,0,0,0,0,1,0,0,6,0,0,0,0,0,1,0,0,0,0,0,1,0,0,0,619,0,5,624,0,"Chennai Girls Hr Sec School, No.53, Market Street , Perambur, Chennai-11",1 - Perambur Ward No.70 Foxen Street Door 1 to 80,All Voters,"Chennai Girls Hr Sec School, No.53, Market Street , Perambur",Chennai-11,dravida munnetra kazhagam,328,241,87,tamilaga vettri kazhagam,3,1,4,2,11,11,11,11,11,7,6,11,11,11,11,11,8,11,11,5,11,11,11,11,11,8,11,11,11,11,11,8,11,11,11,14.05492730210016,9
230,37,4,8,280,0,0,0,1,0,1,197,0,0,0,0,0,0,1,0,0,0,0,0,0,0,0,0,0,0,0,0,0,0,0,0,529,0,4,533,0,"Chennai Girls Hr Sec School, No.53, Market Street , Perambur, Chennai-11","1 - Perambur [ Ward No.70] Siruvallur Main Road
2 - Perambur [ Ward No.70 ] R.C. Regency
3 - Perambur [ Ward No.70 ] Mariya Towers
4 - Perambur [ Ward No.70 ] Foxen Street Palmgrove Apartment
5 - Perambur [ Ward No.70 ] R.S. Grace Land
6 - Perambur [ Ward No.70] R.C. Prince Royal
7 - Perambur [ Ward No.70] Valluvar Apartments
8 - Perambur [ Ward No.70 ] Sam Meshak Tower
9 - Perambur Ward No.70 Foxen Street Door No From 81 to end",All Voters,"Chennai Girls Hr Sec School, No.53, Market Street , Perambur",Chennai-11,dravida munnetra kazhagam,280,197,83,tamilaga vettri kazhagam,3,1,4,2,10,5,10,7,10,7,5,10,10,10,10,10,10,7,10,10,10,10,10,10,10,10,10,10,10,10,10,10,10,10,10,15.68998109640832,1
231,90,7,19,256,1,0,0,0,0,3,313,0,0,0,0,0,0,1,0,1,0,0,0,0,0,0,0,0,0,0,0,0,0,0,0,691,0,3,694,0,"Chennai Hr Sec School, No.38-42, Bunder Garden , Perambur, Chennai-11","1 - Perambur [ Ward No.70 ] Sundara Vinayakar Koil 1st Street
2 - Perambur [ Ward No.70 ] Bundher Garden Main Road
3 - Perarmbur [ Ward No.70 ] E Block Police Quarters",All Voters,"Chennai Hr Sec School, No.38-42, Bunder Garden , Perambur",Chennai-11,tamilaga vettri kazhagam,313,256,57,dravida munnetra kazhagam,3,2,4,1,11,5,8,11,11,6,6,11,11,11,11,11,11,8,11,8,11,11,11,11,11,11,11,11,11,11,11,11,11,11,11,8.24891461649783,2
232,70,4,23,225,0,1,0,0,0,0,311,0,1,0,0,0,0,0,0,0,0,0,0,0,0,1,0,0,1,0,0,0,0,1,0,638,0,3,641,0,"Chennai Hr Sec School, No.38-42, Bunder Garden , Perambur, Chennai-11","1 - Perambur [ Ward No.70] Carpentor Street
2 - Perambur [ Ward No.70 ] Sundara Vinayagar Koil 2nd Street
3 - Perambur [ Ward No.70 ] A Block Police Quarters
4 - Perambur [ Ward No.70 ] B Block Police Quarters
5 - Perambur [ Ward No.70 ] C Block Police Quarters",All Voters,"Chennai Hr Sec School, No.38-42, Bunder Garden , Perambur",Chennai-11,tamilaga vettri kazhagam,311,225,86,dravida munnetra kazhagam,3,2,4,1,11,5,11,11,11,11,6,11,7,11,11,11,11,11,11,11,11,11,11,11,11,7,11,11,7,11,11,11,11,7,11,13.47962382445141,4
233,43,1,10,196,0,0,0,0,0,0,315,0,0,0,0,1,1,2,0,0,0,0,0,0,0,0,0,0,0,0,0,0,0,0,0,569,0,3,572,0,"Chennai Hr Sec School, No.38-42, Bunder Garden , Perambur, Chennai-11","1 - Perambur [ Ward No.70 ] Sankaramadam Street
2 - Perambur [ Ward No.70 ] G Block Police Quarters
3 - Perambur [ Ward No.70 ] Bundher Garden 1st Street
4 - Perambur [ Ward No.70 ] F Block Police Quarters",All Voters,"Chennai Hr Sec School, No.38-42, Bunder Garden , Perambur",Chennai-11,tamilaga vettri kazhagam,315,196,119,dravida munnetra kazhagam,3,2,4,1,10,7,10,10,10,10,5,10,10,10,10,7,7,6,10,10,10,10,10,10,10,10,10,10,10,10,10,10,10,10,10,20.91388400702987,4
234,52,5,9,312,2,0,0,0,0,1,278,0,1,0,0,1,1,0,0,0,0,0,0,0,0,0,0,0,0,0,0,0,0,0,0,662,0,4,666,0,"Chennai Hr Sec School, No.38-42, Bunder Garden , Perambur, Chennai-11","1 - Perambur [ Ward No.70] Bundher Garden 2nd Street
2 - Perambur [ Ward No.70 ] Bundher Garden 3rd Street
3 - Perambur [ Ward No.70] Arumugam Street",All Voters,"Chennai Hr Sec School, No.38-42, Bunder Garden , Perambur",Chennai-11,dravida munnetra kazhagam,312,278,34,tamilaga vettri kazhagam,3,1,4,2,12,5,7,12,12,8,6,12,8,12,12,8,8,12,12,12,12,12,12,12,12,12,12,12,12,12,12,12,12,12,12,5.13595166163142,3
235,42,26,17,233,0,0,0,1,0,1,229,0,0,0,0,1,1,0,1,1,0,0,0,0,1,0,0,0,0,0,0,1,0,0,0,555,0,4,559,0,"St.Therasa Primary School, Papermills Road, Perambur, Chennai-11","1 - Perambur [ Ward No.70 ] Venugopalsamy Koil Street
2 - Perambur [ Ward No.70 ] Sadaiyappadoss Street
3 - Perambur [ Ward No.70 ] Police Quarters A Block
4 - Perambur [ Ward No.70] B Block Police Quarters
5 - Perambur [ Ward No.70] C Block Police Quarters
6 - Perambur [ Ward No.70 ] Sulekha Apartments
7 - Perambur [ Ward No.70 ] Shayam Satram Tower Paper Mills Road",All Voters,"St.Therasa Primary School, Papermills Road, Perambur",Chennai-11,dravida munnetra kazhagam,233,229,4,tamilaga vettri kazhagam,3,1,5,2,15,4,15,7,15,7,6,15,15,15,15,7,7,15,7,7,15,15,15,15,7,15,15,15,15,15,15,7,15,15,15,0.7207207207207207,6
236,47,2,11,182,0,0,0,0,0,0,190,0,0,0,0,1,1,1,3,0,0,0,0,0,0,1,1,0,0,0,0,0,0,0,0,440,0,7,447,0,"St.Therasa Primary School, Papermills Road, Perambur, Chennai-11",1 - Perambur [ Ward No.70 ] Paper Mills Road,All Voters,"St.Therasa Primary School, Papermills Road, Perambur",Chennai-11,tamilaga vettri kazhagam,190,182,8,dravida munnetra kazhagam,3,2,4,1,13,7,13,13,13,13,5,13,13,13,13,8,8,8,6,13,13,13,13,13,13,8,8,13,13,13,13,13,13,13,13,1.818181818181818,8
237,25,1,5,177,1,0,0,0,1,2,163,0,0,1,0,0,0,0,0,0,0,0,0,0,0,0,0,0,1,0,0,1,0,0,0,378,0,4,382,0,"Chennai Middle School, Vasantha Garden Madurai Street, Ayanaram, Chennai-23","1 - Ayanavaram [ Ward No.70] Brock Road
2 - Ayanavaram [ Ward No.70 ] Biesher Road
3 - Nagammaiyar Nagar [ Ward No.70 ] Vasantha Garden 1st Street Chennai
999 - Overseas Elector",All Voters,"Chennai Middle School, Vasantha Garden Madurai Street, Ayanaram",Chennai-23,dravida munnetra kazhagam,177,163,14,tamilaga vettri kazhagam,3,1,4,2,13,7,7,13,7,6,5,13,13,7,13,13,13,13,13,13,13,13,13,13,13,13,13,13,7,13,13,7,13,13,13,3.703703703703703,3
238,33,0,8,351,0,1,1,0,0,1,336,0,1,0,0,0,0,1,0,0,0,0,0,0,0,0,0,0,0,0,0,0,0,0,0,733,0,3,736,0,"Chennai Middle School, Vasantha Garden Madurai Street, Ayanaram, Chennai-23",1 - Ayanavaram [ Ward No.70 ] Maduraipillai Street Chennai,All Voters,"Chennai Middle School, Vasantha Garden Madurai Street, Ayanaram",Chennai-23,dravida munnetra kazhagam,351,336,15,tamilaga vettri kazhagam,3,1,4,2,6,10,10,10,10,6,5,10,6,10,10,10,10,6,10,10,10,10,10,10,10,10,10,10,10,10,10,10,10,10,10,2.046384720327422,2
239,32,0,6,296,1,1,1,0,0,0,252,0,0,0,0,0,1,0,1,2,1,1,0,0,0,0,1,0,1,0,0,1,0,0,1,599,0,0,599,0,"Chennai Middle School, Vasantha Garden Madurai Street, Ayanaram, Chennai-23","1 - Ayanavaram [ Ward No.70 ] Vasantha Garden 2nd Street
2 - Nagammaiyar Nagar [ Ward No.70 ] Vasantha Garden Huts Side",All Voters,"Chennai Middle School, Vasantha Garden Madurai Street, Ayanaram",Chennai-23,dravida munnetra kazhagam,296,252,44,tamilaga vettri kazhagam,3,1,4,2,6,16,6,16,16,16,16,16,16,16,16,16,6,16,6,5,6,6,16,16,16,16,6,16,6,16,16,6,16,16,6,7.345575959933222,10
240,102,2,17,257,0,1,0,0,0,0,362,0,0,1,0,0,2,0,0,0,0,0,0,0,1,0,0,0,1,0,1,0,0,0,1,748,0,4,752,0,"Chennai Middle School, Vasantha Garden Madurai Street, Ayanaram, Chennai-23","1 - Ayanavaram [ Ward No.70 ] Vasantha Garden Main Street
2 - Ayanavaram [ Ward No.70 ] Vasantha Garden 4th Street
3 - Ayanavaram [ Ward No.70 ] Srinivasalu Street
4 - Ayanavaram [ Ward No.70 ] Vasantha Garden 3rd Street",All Voters,"Chennai Middle School, Vasantha Garden Madurai Street, Ayanaram",Chennai-23,tamilaga vettri kazhagam,362,257,105,dravida munnetra kazhagam,3,2,4,1,13,6,13,13,13,13,5,13,13,8,13,13,6,13,13,13,13,13,13,13,8,13,13,13,8,13,8,13,13,13,8,14.03743315508022,7
241,46,0,11,253,0,1,0,0,0,0,287,0,0,0,0,0,0,0,0,0,0,0,1,0,0,1,0,1,0,0,1,1,0,0,0,603,0,3,606,0,"Chennai Middle School, Vasantha Garden Madurai Street, Ayanaram, Chennai-23","1 - Ayanavaram [ Ward No.70 ] Gnanambal Garden 1st Street
2 - Nagammaiyaar Nagar [ Ward No.70] Gnanambal Garden 2nd Street
3 - Nagammaiyaar Nagar [ Ward No.70 ] Vasantha Garden 1st
Lane",All Voters,"Chennai Middle School, Vasantha Garden Madurai Street, Ayanaram",Chennai-23,tamilaga vettri kazhagam,287,253,34,dravida munnetra kazhagam,3,2,4,1,11,11,11,11,11,11,5,11,11,11,11,11,11,11,11,11,11,11,6,11,11,6,11,6,11,11,6,6,11,11,11,5.638474295190713,5
242,72,1,13,230,0,0,0,0,0,2,269,0,0,0,0,0,1,0,1,0,0,1,0,0,0,1,1,0,0,0,0,0,0,0,0,592,0,4,596,0,Greater chennai corporation Dobikana Thikkualam Ayanavaram chennai-23,1 - Ayanavaram [ Ward No.70 ] Mylappa Street 999 - Overseas Elector,All Voters,Greater chennai corporation Dobikana Thikkualam Ayanavaram chennai-23,Greater chennai corporation Dobikana Thikkualam Ayanavaram chennai-23,tamilaga vettri kazhagam,269,230,39,dravida munnetra kazhagam,3,2,4,1,13,7,13,13,13,6,5,13,13,13,13,13,7,13,7,13,13,7,13,13,13,7,7,13,13,13,13,13,13,13,13,6.587837837837837,5
243,51,0,13,183,0,0,1,0,0,2,207,0,0,0,0,0,1,1,3,2,0,0,0,0,0,0,0,0,0,0,0,0,0,0,0,464,0,3,467,0,"Greater Chennai Corporation, No.2, Dobikana Thikkualam, Ayanavaram, Chennai-23, West Block, West Facing, Room 2","1 - Ayanavaram [ Ward No.70 ] Ackshaya Appartments
2 - Ayanavaram [ Ward No.70 ] Mylappa Cross Street
3 - Ayanavaram [ Ward No.70 ] Senbagavalli Street
4 - Nagammaiyaar Nagar [ Ward No.70 ] Pilkington Road ( Door No- 1 to 90 )
5 - Nagammaiyaar Nagar, Ward No.70, Bangaru Cross Street, Door
No.111 to End",All Voters,"Greater Chennai Corporation, No.2, Dobikana Thikkualam, Ayanavaram, Chennai-23, West Block, West Facing",Room 2,tamilaga vettri kazhagam,207,183,24,dravida munnetra kazhagam,3,2,4,1,9,12,12,12,12,7,5,12,12,12,12,12,9,9,5,7,12,12,12,12,12,12,12,12,12,12,12,12,12,12,12,5.172413793103448,7
244,71,1,17,291,2,1,1,0,0,3,350,4,0,0,0,0,0,0,1,2,1,0,0,0,0,0,0,2,0,0,0,1,0,0,0,748,0,0,748,0,Greater chennai corporation Dobikana Thikkualam Ayanavaram chennai-23,"1 - Ayanavaram [ Ward No.70 ] Ponnuvelpuram 1st & 2nd Street
2 - Ayanavaram [ Ward No.70 ] Ponnuvelpuram 4th Street
3 - Ayanavaram [ Ward No.70] Ponnuvelpuram 5th Street",All Voters,Greater chennai corporation Dobikana Thikkualam Ayanavaram chennai-23,Greater chennai corporation Dobikana Thikkualam Ayanavaram chennai-23,tamilaga vettri kazhagam,350,291,59,dravida munnetra kazhagam,3,2,4,1,10,10,7,15,15,6,15,5,15,15,15,15,15,15,10,7,10,15,15,15,15,15,15,7,15,15,15,10,15,15,15,7.887700534759358,11
245,35,0,12,277,1,1,0,0,0,4,485,0,0,1,0,0,2,1,0,0,0,1,0,0,1,0,0,0,2,0,0,0,0,1,0,824,0,0,824,0,Greater chennai corporation Dobikana Thikkualam Ayanavaram chennai-23,1 - Nagammaiyaar Nagar [ Ward No.70 ] Thikkakulam,All Voters,Greater chennai corporation Dobikana Thikkualam Ayanavaram chennai-23,Greater chennai corporation Dobikana Thikkualam Ayanavaram chennai-23,tamilaga vettri kazhagam,485,277,208,dravida munnetra kazhagam,3,2,4,1,14,14,8,14,14,5,14,14,14,8,14,14,6,8,14,14,14,8,14,14,8,14,14,14,6,14,14,14,14,8,14,25.24271844660194,9
246,110,1,13,212,1,0,2,0,0,0,256,0,0,0,0,0,0,0,0,0,0,0,0,1,0,0,0,0,0,1,0,0,0,0,0,597,0,5,602,0,"Regional Transport Office, Anderson Road, Aynaram, Ch-23","1 - Ayanavaram [ Ward No.70 ] Ponnuvelpuram 3rd Street
2 - Ayanavaram [ Ward No.70 ] Kasi Viswanathar Koil Street
3 - Nagammaiyaar Nagar [ Ward No.70] Phipps Road
4 - Nagammiyaar Nagar [ Ward No.70 ] Trivedhi Avenue
5 - Nagammiyaar Nagar [ Ward No.70 ] Anderson Road
6 - Nagammaiyaar Nagar [ Ward No.70] Railway Quartres Bramhaputra Apartment
7 - Nagammaiyaar Nagar [ Ward No.70 ] Annai Sathya Nagar",All Voters,"Regional Transport Office, Anderson Road, Aynaram",Ch-23,tamilaga vettri kazhagam,256,212,44,dravida munnetra kazhagam,3,2,4,1,6,7,7,11,11,11,5,11,11,11,11,11,11,11,11,11,11,11,11,7,11,11,11,11,11,7,11,11,11,11,11,7.370184254606365,2
247,43,1,13,145,0,0,0,0,0,5,338,0,0,0,0,0,1,1,0,0,2,0,0,0,0,1,0,0,0,0,0,1,0,0,1,552,0,1,553,0,"Regional Transport Office, Anderson Road, Aynaram, Ch-23","1 - Nagammaiyaar Nagar [ Ward No.70 ] Bangaru Street
2 - Nagammaiyaar Nagar [ Ward No.70 ] Artisian Shanmugam Street
999 - Overseas Elector",All Voters,"Regional Transport Office, Anderson Road, Aynaram",Ch-23,tamilaga vettri kazhagam,338,145,193,dravida munnetra kazhagam,3,2,4,1,14,7,14,14,14,5,7,14,14,14,14,14,7,7,14,14,6,14,14,14,14,7,14,14,14,14,14,7,14,14,7,34.96376811594203,7
248,61,4,24,189,0,1,1,0,0,2,273,0,1,0,0,0,2,0,0,0,0,0,0,0,0,0,0,0,0,0,0,0,0,0,0,558,0,2,560,0,"Regional Transport Office, Anderson Road, Aynaram, Ch-23","1 - Nagammiyaar Nagar [ Ward No.70 ] Bangaru Street
2 - Nagammaiyaar nagar [Ward No 70 ] Bangaru cross Street",All Voters,"Regional Transport Office, Anderson Road, Aynaram",Ch-23,tamilaga vettri kazhagam,273,189,84,dravida munnetra kazhagam,3,2,4,1,9,5,11,11,11,6,6,11,9,11,11,11,6,11,11,11,11,11,11,11,11,11,11,11,11,11,11,11,11,11,11,15.05376344086022,3
249,69,0,7,232,0,0,4,0,0,1,169,2,0,0,0,0,1,0,0,0,0,1,0,0,0,0,0,0,0,0,0,0,0,0,1,487,0,4,491,0,Greater chennai corporation Dobikana Thikkualam Ayanavaram chennai-23,1 - Nagammaiyar Nagar [Ward No:70 ] Pilkington Road ( Door No- 91 to End ),All Voters,Greater chennai corporation Dobikana Thikkualam Ayanavaram chennai-23,Greater chennai corporation Dobikana Thikkualam Ayanavaram chennai-23,dravida munnetra kazhagam,232,169,63,tamilaga vettri kazhagam,3,1,4,2,5,12,12,12,12,8,5,7,12,12,12,12,8,12,12,12,12,8,12,12,12,12,12,12,12,12,12,12,12,12,8,12.93634496919918,5
250,49,2,17,270,1,0,0,1,0,0,306,0,0,0,0,2,0,0,0,0,0,0,0,0,0,0,1,0,0,0,0,0,0,0,0,649,0,2,651,0,"Govt Model Hr Sec School, Jambulingam Main Road, GKM Colony, Ch-82","1 - Chitharanjan Colony [ Ward No.69 ] Anna Street
2 - Chitharanjan Colony [ Ward No.69 ] Thiruvalluvar Street
3 - Chitharanjan Colony [ Ward No.69 ] V.O.C.Street
4 - Annai Anjugam Nagar [ Ward No.69 ] Jeevanandam Street",All Voters,"Govt Model Hr Sec School, Jambulingam Main Road, GKM Colony",Ch-82,tamilaga vettri kazhagam,306,270,36,dravida munnetra kazhagam,3,2,4,1,11,5,8,8,11,11,5,11,11,11,11,5,11,11,11,11,11,11,11,11,11,11,8,11,11,11,11,11,11,11,11,5.546995377503852,3
251,41,1,18,192,1,0,0,0,0,2,244,1,0,0,0,0,0,0,0,0,0,0,0,0,0,0,0,0,0,0,0,1,0,0,0,501,0,3,504,0,"Govt Model Hr Sec School, Jambulingam Main Road, GKM Colony, Ch-82","1 - Annai Anjugam Nagar [ Ward No.69 ] Karunanidhi Street
2 - Annai Anjugam Nagar [ Ward No.69 ] Muthukumarappa Street",All Voters,"Govt Model Hr Sec School, Jambulingam Main Road, GKM Colony",Ch-82,tamilaga vettri kazhagam,244,192,52,dravida munnetra kazhagam,3,2,4,1,11,7,7,11,11,6,5,7,11,11,11,11,11,11,11,11,11,11,11,11,11,11,11,11,11,11,11,7,11,11,11,10.37924151696607,2
252,64,0,25,244,1,0,1,0,0,1,281,0,0,0,0,1,1,1,0,0,0,0,0,0,0,0,0,0,0,0,1,0,2,0,0,623,0,1,624,0,"Govt Model Hr Sec School, Jambulingam Main Road, GKM Colony, Ch-82","1 - Agaram [ Ward No.69 ] Gandhi Nagar Kasthuribai Street
2 - Agaram [ Ward No.69 ] Kambar Street
3 - Agaram [ Ward No.69 ] Kalaivanar Street
4 - Agaram [ Ward No.69 ] Chitharanjan Avenue
5 - Agaram G K M Colony [ Ward No.69 ] Bharathiyar Street Venkatesan Nagar
6 - Agaram G K M Colony [ Ward No.69 ] M G R Street Venkatesan Nagar
7 - Agaram G K M Colony [ Ward No.69] V O C Street Venkatesan
Nagar",All Voters,"Govt Model Hr Sec School, Jambulingam Main Road, GKM Colony",Ch-82,tamilaga vettri kazhagam,281,244,37,dravida munnetra kazhagam,3,2,4,1,6,14,6,14,14,6,6,14,14,14,14,6,6,6,14,14,14,14,14,14,14,14,14,14,14,14,6,14,5,14,14,5.93900481540931,6
253,35,1,18,212,0,0,0,0,0,0,227,0,0,1,0,0,2,1,0,1,0,1,0,0,0,0,0,0,0,0,0,1,0,0,0,500,0,2,502,0,"Chennai primary School Punitha Sagaya Matha Street
G.K.M Colony 27th street Chennai-82","1 - Agaram G K M Colony [ Ward No.69 ] Annai Theresa Street Venkatesan Nagar
2 - Agaram G K M Colony [ Ward No.69] Kattabomman Street Venkatesan Nagar
3 - Agaram [ Ward No.69 ] Vivekanandhar Street Annai Anjugam Nagar
4 - Agaram [ Ward No.69 ] Pillayar Koil Street Venkatesan Nagar",All Voters,"Chennai primary School Punitha Sagaya Matha Street
G.K.M Colony 27th street Chennai-82","Chennai primary School Punitha Sagaya Matha Street
G.K.M Colony 27th street Chennai-82",tamilaga vettri kazhagam,227,212,15,dravida munnetra kazhagam,3,2,4,1,13,7,13,13,13,13,5,13,13,7,13,13,5,7,13,7,13,7,13,13,13,13,13,13,13,13,13,7,13,13,13,3.0,7
254,78,0,28,300,0,0,0,0,0,0,275,0,0,0,0,0,0,0,0,0,0,1,0,0,0,0,0,0,0,0,0,0,0,0,0,682,0,6,688,0,"Chennai primary School Punitha Sagaya Matha Street
G.K.M Colony 27th street Chennai-82","1 - Jawahar Nagar [ Ward No.69 ] Kumaran Nagar 1st Street
2 - Jawahar Nagar [ Ward No.69 ] Kumaran Nagar 2nd Street
3 - Jawahar Nagar [ Ward No.69 ] Kumaran Nagar west extension
4 - Jawahar Nagar [ Ward No.69 ] Kumaran Nagar 3rd Street
5 - Kumaran Nagar [ Ward No.69 ] Radhakrishnan Nagar",All Voters,"Chennai primary School Punitha Sagaya Matha Street
G.K.M Colony 27th street Chennai-82","Chennai primary School Punitha Sagaya Matha Street
G.K.M Colony 27th street Chennai-82",dravida munnetra kazhagam,300,275,25,tamilaga vettri kazhagam,3,1,4,2,7,7,7,7,7,7,5,7,7,7,7,7,7,7,7,7,7,6,7,7,7,7,7,7,7,7,7,7,7,7,7,3.665689149560118,1
255,57,1,15,232,1,0,0,0,0,1,273,0,0,0,0,0,0,0,1,0,0,0,0,0,0,0,0,0,1,0,0,0,0,0,1,583,0,6,589,0,"Chennai primary School Punitha Sagaya Matha Street
G.K.M Colony 27th street Chennai-82","1 - Jawahar Nagar [ Ward No.69 ] Sai Nagar 1st Street
2 - Jawahar Nagar [ Ward No.69 ] Sai Nagar 2nd Street
3 - Jawahar Nagar [ Ward No.69 ] Sai Nagar 3rd Street
4 - Kumaran Nagar [ Ward No.69 ] Sai Nagar 4th Street 999 - Overseas Elector",All Voters,"Chennai primary School Punitha Sagaya Matha Street
G.K.M Colony 27th street Chennai-82","Chennai primary School Punitha Sagaya Matha Street
G.K.M Colony 27th street Chennai-82",tamilaga vettri kazhagam,273,232,41,dravida munnetra kazhagam,3,2,4,1,12,6,6,12,12,6,5,12,12,12,12,12,12,12,6,12,12,12,12,12,12,12,12,12,6,12,12,12,12,12,6,7.032590051457976,3
256,75,1,14,296,1,1,0,0,0,1,293,1,0,0,0,0,0,0,0,1,1,1,0,0,0,0,0,0,1,0,0,0,2,0,0,689,0,3,692,0,"Government Primary School 12th Papammal Street, GKM Colony Ch-82.","1 - Agaram [ Ward No.69 ] Thalamuthu Street Annai Anjugam Street
2 - G K M Colony [ Ward No.69 ] E V R Street
3 - G K M Colony [ Ward No.69] Bharathiyar Street",All Voters,Government Primary School 12th Papammal Street,GKM Colony Ch-82.,dravida munnetra kazhagam,296,293,3,tamilaga vettri kazhagam,3,1,4,2,15,7,7,15,15,7,5,7,15,15,15,15,15,15,15,7,7,7,15,15,15,15,15,15,7,15,15,15,6,15,15,0.4354136429608128,7
257,63,2,25,231,0,0,0,0,0,2,321,0,0,0,0,0,3,1,0,0,0,0,0,0,0,0,0,0,1,0,0,0,0,0,0,649,0,3,652,0,"Government primary school 12th Papammal St, GKM Colony Ch-82 North facing Room 2","1 - G K M Colony [ Ward No.69 ] 3rd Street Anandhan Street
2 - G K M Colony [ Ward No.69 ] Thiruvalluvar Street 4th Street
3 - G K M Colony [ Ward No.69 ] V O C Street 5th Street
4 - Agaram [ Ward No.69 ] Jambulingam Main Road",All Voters,Government primary school 12th Papammal St,GKM Colony Ch-82 North facing Room 2,tamilaga vettri kazhagam,321,231,90,dravida munnetra kazhagam,3,2,4,1,11,7,11,11,11,7,5,11,11,11,11,11,5,9,11,11,11,11,11,11,11,11,11,11,9,11,11,11,11,11,11,13.86748844375963,5
258,67,1,26,186,0,0,1,0,0,2,214,0,0,0,1,1,1,0,0,0,0,0,0,0,0,0,0,1,0,0,0,1,0,0,0,502,0,1,503,0,"Government primary school 12th Papammal St, GKM Colony Ch-82 North facing Room 3","1 - G K M.Colony [ Ward No.69 ] Kattabomman Street 7th Street
2 - G K M Colony [ Ward No.69 ] Karnal Sridhar Street 8th Street
3 - G K M Colony [ Ward No.69 ] Karunanidhi Street 9th Street
4 - G K M Colony [ Ward No.69] Kamarajar Street 10th Street",All Voters,Government primary school 12th Papammal St,GKM Colony Ch-82 North facing Room 3,tamilaga vettri kazhagam,214,186,28,dravida munnetra kazhagam,3,2,4,1,6,6,14,14,14,5,6,14,14,14,6,6,6,14,14,14,14,14,14,14,14,14,14,6,14,14,14,6,14,14,14,5.577689243027888,5
259,43,0,16,287,3,0,0,0,0,0,313,0,0,0,0,1,0,0,1,0,1,0,0,0,0,0,0,0,0,0,0,0,0,0,0,665,0,9,674,0,"Government Primary School 12th Papammal Street, GKM Colony Ch-82.","1 - G K M Colony [ Ward No.69 ] Lalbahadur Shasthri Street 11th Street
2 - G K M Colony [ Ward No.69 ] Pappammal Street 12th Street
3 - G K M Colony [ Ward No.69 ] Rajaji Street 6th Street",All Voters,Government Primary School 12th Papammal Street,GKM Colony Ch-82.,tamilaga vettri kazhagam,313,287,26,dravida munnetra kazhagam,3,2,4,1,10,10,6,10,10,10,5,10,10,10,10,7,10,10,7,10,7,10,10,10,10,10,10,10,10,10,10,10,10,10,10,3.909774436090226,3
260,79,2,28,395,3,0,0,0,0,4,345,0,1,0,0,0,1,0,0,0,1,0,0,1,0,0,0,0,1,0,1,0,1,0,0,863,0,7,870,0,"Government primary school 12th Papammal St, GKM Colony Ch-82 North facing Room 4","1 - Agaram [ Ward No.69 ] Jambulingam 13th Street
2 - Agaram [ Ward No.69 ] Anna 14th Street
3 - Agaram [ Ward No.69] General Coacher 15th Street
4 - Agaram [ Ward No.69 ] General Choudhry 16th Street",All Voters,Government primary school 12th Papammal St,GKM Colony Ch-82 North facing Room 4,dravida munnetra kazhagam,395,345,50,tamilaga vettri kazhagam,3,1,4,2,16,8,7,16,16,6,5,16,9,16,16,16,9,16,16,16,9,16,16,9,16,16,16,16,9,16,9,16,9,16,16,5.793742757821553,7
261,114,0,21,263,1,0,1,1,0,0,187,0,0,0,0,0,0,1,0,0,0,0,0,0,0,2,0,0,0,0,0,0,1,0,0,592,0,5,597,0,"Sacred Heart Nursery & Primary School, SRP Koil Street South, Jawahar Nagar, Chennai-82","1 - Agaram [ Ward No.69 ] Gopal Colony 1st Cross Street
2 - Agaram [ Ward No.69 ] Gopal Colony 2nd Cross Street
3 - Agaram [ Ward No.69] Gopal Colony 3rd Cross Street
4 - Agaram [ Ward No.69 ] Gopal Colony West Street
5 - Agaram [ Ward No.69 ] Gopal Reddy East Main Road",All Voters,"Sacred Heart Nursery & Primary School, SRP Koil Street South, Jawahar Nagar",Chennai-82,dravida munnetra kazhagam,263,187,76,tamilaga vettri kazhagam,3,1,4,2,7,12,7,7,12,12,5,12,12,12,12,12,12,7,12,12,12,12,12,12,12,6,12,12,12,12,12,12,7,12,12,12.83783783783784,4
262,69,0,33,265,2,0,0,0,0,3,380,1,0,0,1,1,0,0,1,0,0,0,0,0,0,0,1,0,1,1,2,2,0,0,0,763,0,2,765,0,"Government primary school 12th Papammal St, GKM Colony Ch-82 North facing Room 5","1 - Jawahar Nagar [ Ward No.69 ] 18th Street Subramaniyam Street
2 - Jawahar Nagar [ Ward No.69 ] 19th Street Nedunchezhian
Street",All Voters,Government primary school 12th Papammal St,GKM Colony Ch-82 North facing Room 5,tamilaga vettri kazhagam,380,265,115,dravida munnetra kazhagam,3,2,4,1,17,17,6,17,17,5,6,10,17,17,10,10,17,17,10,17,17,17,17,17,17,17,10,17,10,10,6,6,17,17,17,15.07208387942333,11
263,45,0,10,258,1,0,2,0,0,3,264,0,0,0,0,1,1,1,1,0,0,0,0,0,0,0,0,0,0,0,0,0,1,0,0,588,0,3,591,0,"Chennai primary School Punitha Sagaya Matha Street
G.K.M Colony 27th street Chennai-82","1 - Jawahar Nagar [ Ward No.69 ] 24th ""A"" Street Amman Koil Street
2 - Agaram [ Ward No.69 ] Aachin Lake Street 24th Street",All Voters,"Chennai primary School Punitha Sagaya Matha Street
G.K.M Colony 27th street Chennai-82","Chennai primary School Punitha Sagaya Matha Street
G.K.M Colony 27th street Chennai-82",tamilaga vettri kazhagam,264,258,6,dravida munnetra kazhagam,3,2,4,1,7,14,8,14,14,5,5,14,14,14,14,8,8,8,8,14,14,14,14,14,14,14,14,14,14,14,14,14,8,14,14,1.020408163265306,5
264,64,1,19,260,2,0,1,0,0,5,283,0,0,0,1,0,1,0,0,0,1,0,0,0,0,1,0,0,1,0,0,0,0,0,0,640,0,4,644,0,"Chennai primary School Punitha Sagaya Matha Street
G.K.M Colony 27th street Chennai-82","1 - Jawahar Nagar [ Ward No.69] 23rd Street Arulappan Street
2 - Agaram [ Ward No.69 ] Swarna Singh 17th Street 999 - Overseas Elector",All Voters,"Chennai primary School Punitha Sagaya Matha Street
G.K.M Colony 27th street Chennai-82","Chennai primary School Punitha Sagaya Matha Street
G.K.M Colony 27th street Chennai-82",tamilaga vettri kazhagam,283,260,23,dravida munnetra kazhagam,3,2,4,1,8,8,7,15,15,5,6,15,15,15,8,15,8,15,15,15,8,15,15,15,15,8,15,15,8,15,15,15,15,15,15,3.59375,5
265,33,0,7,174,1,0,0,0,0,1,176,0,0,0,0,0,0,0,1,0,1,0,0,0,0,0,0,0,0,0,0,0,0,0,0,394,0,2,396,0,"Chennai primary School Punitha Sagaya Matha Street
G.K.M Colony 27th street Chennai-82",1 - Agaram [ Ward No.69 ] Sarojini Street 999 - Overseas Elector,All Voters,"Chennai primary School Punitha Sagaya Matha Street
G.K.M Colony 27th street Chennai-82","Chennai primary School Punitha Sagaya Matha Street
G.K.M Colony 27th street Chennai-82",tamilaga vettri kazhagam,176,174,2,dravida munnetra kazhagam,3,2,4,1,10,10,6,10,10,6,5,10,10,10,10,10,10,10,6,10,6,10,10,10,10,10,10,10,10,10,10,10,10,10,10,0.5076142131979695,2
266,60,0,26,212,3,1,1,0,0,1,364,1,0,0,0,0,0,0,0,0,0,0,0,0,0,0,0,0,0,0,0,0,0,0,0,669,0,2,671,0,"Chennai primary School Punitha Sagaya Matha Street
G.K.M Colony 27th street Chennai-82","1 - Agaram [ Ward No.69] Nethaji Street
2 - Agaram [ Ward No.69 ] 22nd Mahadevan Street",All Voters,"Chennai primary School Punitha Sagaya Matha Street
G.K.M Colony 27th street Chennai-82","Chennai primary School Punitha Sagaya Matha Street
G.K.M Colony 27th street Chennai-82",tamilaga vettri kazhagam,364,212,152,dravida munnetra kazhagam,3,2,4,1,7,10,5,10,10,7,6,7,10,10,10,10,10,10,10,10,10,10,10,10,10,10,10,10,10,10,10,10,10,10,10,22.72047832585949,1
267,10,0,6,290,1,1,0,0,0,2,190,0,1,0,0,0,0,0,0,0,0,0,0,0,0,0,0,0,0,0,0,0,0,0,1,502,0,2,504,0,"Sri JRET Raghan Middle School, Kanakar Street South, Agaram, Ch-82",1 - Agaram [ Ward No.69] Jagannatha Raja Street,All Voters,"Sri JRET Raghan Middle School, Kanakar Street South, Agaram",Ch-82,dravida munnetra kazhagam,290,190,100,tamilaga vettri kazhagam,3,1,4,2,10,10,7,10,10,5,5,10,7,10,10,10,10,10,10,10,10,10,10,10,10,10,10,10,10,10,10,10,10,10,7,19.9203187250996,2
268,13,3,6,523,0,0,0,0,0,1,245,0,0,0,0,0,0,0,0,3,2,0,0,0,0,0,2,1,4,1,0,0,0,0,0,804,0,2,806,0,"Chennai High School, Somaiah Raja Street, Agaram, Ch-82, West Block, East Facing, Room 2","1 - Agaram [ Ward No.69 ] Dimmasamy Darga Street
2 - Agaram [ Ward No.69 ] Kannabiran Koil Street",All Voters,"Chennai High School, Somaiah Raja Street, Agaram, Ch-82, West Block, East Facing",Room 2,dravida munnetra kazhagam,523,245,278,tamilaga vettri kazhagam,3,1,4,2,14,6,14,14,14,11,8,14,14,14,14,14,14,14,14,6,8,14,14,14,14,14,8,11,5,11,14,14,14,14,14,34.57711442786069,13
269,27,1,10,278,1,0,0,0,0,2,382,0,1,0,0,2,0,0,1,0,0,1,1,0,0,0,1,1,0,0,0,0,0,0,0,709,0,3,712,0,"Sri JRET Raghan Middle School, Kanakar Street South, Agaram, Ch-82",1 - Agaram [ Ward No.69 ] Chengalvarayan Street,All Voters,"Sri JRET Raghan Middle School, Kanakar Street South, Agaram",Ch-82,tamilaga vettri kazhagam,382,278,104,dravida munnetra kazhagam,3,2,4,1,16,8,8,16,16,6,5,16,8,16,16,6,16,16,8,16,16,8,8,16,16,16,8,8,16,16,16,16,16,16,16,14.66854724964739,8
270,37,0,12,187,1,1,2,0,1,1,245,0,0,0,0,0,0,0,0,0,0,0,0,0,0,1,0,0,0,0,0,1,0,0,0,489,0,2,491,0,"Sri JRET Raghan Middle School, Kanakar Street South, Agaram, Ch-82",1 - Agaram [ Ward No.69 ] Moorthy Street,All Voters,"Sri JRET Raghan Middle School, Kanakar Street South, Agaram",Ch-82,tamilaga vettri kazhagam,245,187,58,dravida munnetra kazhagam,3,2,4,1,5,12,7,12,7,7,5,12,12,12,12,12,12,12,12,12,12,12,12,12,12,7,12,12,12,12,12,7,12,12,12,11.86094069529652,2
271,43,1,12,278,0,0,2,0,0,1,276,1,0,0,0,0,2,1,1,0,0,0,0,0,0,0,0,0,0,0,0,0,0,1,0,619,0,5,624,0,"Sri JRET Raghan Middle School, Kanakar Street South, Agaram, Ch-82","1 - Agaram [ Ward No.69 ] Chinnasamy Street
2 - Agaram [ Ward No.69 ] Sundaraja Perumal Koil Street",All Voters,"Sri JRET Raghan Middle School, Kanakar Street South, Agaram",Ch-82,dravida munnetra kazhagam,278,276,2,tamilaga vettri kazhagam,3,1,4,2,6,8,14,14,14,8,5,8,14,14,14,14,6,8,8,14,14,14,14,14,14,14,14,14,14,14,14,14,14,8,14,0.3231017770597738,6
272,23,0,14,355,0,0,0,0,0,0,247,0,0,0,0,0,0,0,0,1,0,0,0,0,0,0,0,0,0,0,0,0,0,0,0,640,0,4,644,0,"Sri JRET Raghan Middle School, Kanakar Street South, Agaram, Ch-82","1 - Agaram [ Ward No.69] Parthasarathy Street
2 - Agaram [ Ward No.69 ] Sivagami Street",All Voters,"Sri JRET Raghan Middle School, Kanakar Street South, Agaram",Ch-82,dravida munnetra kazhagam,355,247,108,tamilaga vettri kazhagam,3,1,4,2,7,7,7,7,7,7,5,7,7,7,7,7,7,7,7,6,7,7,7,7,7,7,7,7,7,7,7,7,7,7,7,16.875,1
273,58,0,16,282,2,0,0,0,0,1,332,0,1,0,0,0,0,0,1,1,0,0,0,0,0,1,0,0,0,0,0,0,2,0,0,697,0,7,704,0,"Chennai Girls Hr Sec School, No.53, Market Street , Perambur, Chennai-11","1 - Agaram [ Ward No.69 ] Market Street
2 - Agaram [ Ward No.69 ] Market Street Jaya Flats",All Voters,"Chennai Girls Hr Sec School, No.53, Market Street , Perambur",Chennai-11,tamilaga vettri kazhagam,332,282,50,dravida munnetra kazhagam,3,2,4,1,13,13,6,13,13,8,5,13,8,13,13,13,13,13,8,8,13,13,13,13,13,8,13,13,13,13,13,13,6,13,13,7.173601147776183,6
274,44,0,13,307,1,0,0,1,0,1,332,0,0,0,0,0,0,0,1,0,0,0,0,0,1,0,0,0,1,0,0,0,0,0,0,702,0,3,705,0,"Chennai Girls Hr Sec School, No.53, Market Street , Perambur, Chennai-11","1 - Agaram [ Ward No.69 ] Vanchinathan 4th Street
2 - Agaram [ Ward No.69 ] Vanchinathan 1st Street
3 - Agaram [ Ward No.69 ] Vanchinathan 2nd Street
4 - Agaram [ Ward No.69 ] Vanchinathan 3rd Street",All Voters,"Chennai Girls Hr Sec School, No.53, Market Street , Perambur",Chennai-11,tamilaga vettri kazhagam,332,307,25,dravida munnetra kazhagam,3,2,4,1,12,12,6,6,12,6,5,12,12,12,12,12,12,12,6,12,12,12,12,12,6,12,12,12,6,12,12,12,12,12,12,3.561253561253561,3
275,84,1,9,193,0,0,1,1,0,4,311,0,0,0,0,0,0,0,1,0,0,0,0,0,0,0,0,0,1,0,0,0,0,0,0,606,0,2,608,0,"Chennai Girls Hr Sec School, No.53, Market Street , Perambur, Chennai-11","1 - Agaram [ Ward No.69] Vanchinathan Main Street
2 - Agaram [ Ward No.69 ] Munusamy Street
3 - Agaram [ Ward No.69 ] Manicka Vinayagar Street",All Voters,"Chennai Girls Hr Sec School, No.53, Market Street , Perambur",Chennai-11,tamilaga vettri kazhagam,311,193,118,dravida munnetra kazhagam,3,2,4,1,7,7,12,7,12,5,6,12,12,12,12,12,12,12,7,12,12,12,12,12,12,12,12,12,7,12,12,12,12,12,12,19.47194719471947,2
276,76,1,24,225,0,1,0,0,0,2,267,0,0,0,1,2,0,3,0,0,0,0,0,0,0,0,0,0,1,0,0,0,0,1,0,604,0,4,608,0,"Chennai High School, Somaiah Raja Street, Agaram, Ch-82","1 - Agaram [ Ward No.69 ] Sambasivam Street
2 - Agaram [ Ward No.69 ] Amirthammal Colony
3 - Agaram [ Ward No.69 ] Narayanan Street
4 - Agaram [ Ward No.69 ] Kanakar Street
5 - Agaram [ Ward No.69 ] Akshaya Apartments
6 - Agaram [ Ward No.69 ] Ganesh Apartments
7 - Agaram [ Ward No.69] Baburaja Street",All Voters,"Chennai High School, Somaiah Raja Street, Agaram",Ch-82,tamilaga vettri kazhagam,267,225,42,dravida munnetra kazhagam,3,2,4,1,13,9,13,13,13,7,5,13,13,13,9,7,13,6,13,13,13,13,13,13,13,13,13,13,9,13,13,13,13,9,13,6.95364238410596,8
277,75,1,10,227,1,0,0,0,0,1,236,0,0,0,0,1,0,1,0,0,0,0,0,0,0,1,0,0,0,0,0,0,0,0,0,554,0,2,556,1,"Sacred Heart Nursery & Primary School, SRP Koil Street South, Jawahar Nagar, Chennai-82","1 - Agaram [ Ward No.69 ] Sundaraj Perumal Koil Street ( North )
2 - Agaram [ Ward No.69 ] Viswam Appartments
3 - Agaram [ Ward No.69 ] R.C. Windsor Castle
4 - Agaram [ Ward No.69 ] Kanagalakshimi Apartments
5 - Agaram [ Ward No.69 ] Sundaraja Perumal Koil Street RCV Vincer
6 - Agaram [ Ward No.69 ] Sundarraja Perumal Koil Street
Kanagalakshmi",All Voters,"Sacred Heart Nursery & Primary School, SRP Koil Street South, Jawahar Nagar",Chennai-82,tamilaga vettri kazhagam,236,227,9,dravida munnetra kazhagam,3,2,4,1,12,6,6,12,12,6,5,12,12,12,12,6,12,6,12,12,12,12,12,12,12,6,12,12,12,12,12,12,12,12,12,1.624548736462094,3
278,97,0,17,254,3,0,0,0,0,1,393,0,0,0,1,1,0,0,0,0,0,0,0,0,0,0,0,0,0,0,0,0,0,0,0,767,0,3,770,0,Sacred Heart Nursery and Primary School No 6 SRP Koil Street South jawahar nagar Chennai-600082 West Block East facing Room 2,"1 - Agaram [ Ward No.69 ] Sundaraja Perumal Koil Street South
2 - Agaram [ Ward No.69 ] Thanthoniamman Street
3 - Agaram [ Ward No.69 ] Loco Works Main Road
4 - Agaram [ Ward No.69 ] Chakarapani Thottam",All Voters,Sacred Heart Nursery and Primary School No 6 SRP Koil Street South jawahar nagar Chennai-600082 West Block East facing Room 2,Sacred Heart Nursery and Primary School No 6 SRP Koil Street South jawahar nagar Chennai-600082 West Block East facing Room 2,tamilaga vettri kazhagam,393,254,139,dravida munnetra kazhagam,3,2,4,1,10,10,5,10,10,7,5,10,10,10,7,7,10,10,10,10,10,10,10,10,10,10,10,10,10,10,10,10,10,10,10,18.122555410691,2
279,81,0,17,194,0,0,0,0,0,0,281,0,0,0,0,0,1,0,0,0,0,0,0,0,0,0,0,0,0,0,0,0,0,0,0,574,0,4,578,0,"Chennai High School, Somaiah Raja Street, Agaram, Ch-82","1 - Agaram [ Ward No.69 ] Loco Works 1st Street
2 - Agaram [ Ward No.69 ] Loco Works 2nd Street
3 - Agaram [ Ward No.69 ] Loco Works Road 1st Lane
4 - Agaram [ Ward No.69 ] Loco Works Road 2nd Lane
5 - Agaram [ Ward No.69 ] Loco Works Road 3rd Lane
6 - Agaram [ Ward No.69] Loco Scheme 1st Street",All Voters,"Chennai High School, Somaiah Raja Street, Agaram",Ch-82,tamilaga vettri kazhagam,281,194,87,dravida munnetra kazhagam,3,2,4,1,7,7,7,7,7,7,5,7,7,7,7,7,6,7,7,7,7,7,7,7,7,7,7,7,7,7,7,7,7,7,7,15.15679442508711,1
280,61,0,17,213,1,0,0,0,0,2,302,0,0,0,0,0,0,0,0,0,3,0,0,0,0,1,0,0,0,0,0,1,0,0,0,601,0,2,603,0,"Chennai High School, Somaiah Raja Street, Agaram, Ch-82","1 - Ayanavaram [ Ward No.69 ] Palavayal Street
2 - Agaram [ Ward No.69 ] Somaiya Raja Street
3 - Agaram [ Ward No.69 ] Rajbuth Street",All Voters,"Chennai High School, Somaiah Raja Street, Agaram",Ch-82,tamilaga vettri kazhagam,302,213,89,dravida munnetra kazhagam,3,2,4,1,11,11,8,11,11,6,6,11,11,11,11,11,11,11,11,11,5,11,11,11,11,8,11,11,11,11,11,8,11,11,11,14.80865224625624,5
281,79,0,19,207,0,0,1,0,0,1,196,1,0,0,1,1,1,0,0,1,0,0,0,1,0,0,0,0,1,1,0,1,0,0,0,512,0,3,515,0,"Chennai High School, Somaiah Raja Street, Agaram, Ch-82","1 - Agaram [ Ward No.69 ] Loco Scheme 2nd Street
2 - Agaram [ Ward No.69 ] Somasundaram 1st Street
3 - Agaram [ Ward No.69 ] Somasundaram 2nd Street",All Voters,"Chennai High School, Somaiah Raja Street, Agaram",Ch-82,dravida munnetra kazhagam,207,196,11,tamilaga vettri kazhagam,3,1,4,2,6,17,17,17,17,6,5,6,17,17,6,6,6,17,17,6,17,17,17,6,17,17,17,17,6,6,17,6,17,17,17,2.1484375,9
282,39,0,13,369,0,0,3,0,0,2,251,0,0,0,0,0,3,2,0,2,0,0,0,0,0,1,0,0,0,0,0,0,0,0,1,686,0,5,691,0,"Chennai Middle School, Rangasayee Street, Perambur, Chennai-11",1 - Agaram [ Ward No.69 ] Ballard Street 999 - Overseas Elector,All Voters,"Chennai Middle School, Rangasayee Street, Perambur",Chennai-11,dravida munnetra kazhagam,369,251,118,tamilaga vettri kazhagam,3,1,4,2,6,13,13,13,13,8,5,13,13,13,13,13,6,8,13,8,13,13,13,13,13,11,13,13,13,13,13,13,13,13,11,17.20116618075802,9
283,19,0,2,283,2,0,0,0,0,0,264,0,0,0,0,1,0,0,0,0,0,1,0,0,0,1,0,1,0,0,0,0,1,0,0,575,0,4,579,0,"Chennai Middle School, Rangasayee Street, Perambur, Chennai-11","1 - Agaram [ Ward No.69 ] Anandhabala Apartments
2 - Agaram [ Ward No.69 ] Yasmin Villas Apartments
3 - Agaram [ Ward No.69 ] Somaramasamy Street Main
4 - Agaram [ Ward No.69 ] Somaramasamy 1st Street
5 - Agaram [ Ward No.69 ] Somaramasamy 2nd Street
6 - Agaram [ Ward No.69 ] Somaramasamy 3rd Street",All Voters,"Chennai Middle School, Rangasayee Street, Perambur",Chennai-11,dravida munnetra kazhagam,283,264,19,tamilaga vettri kazhagam,3,1,5,2,12,12,5,12,12,12,4,12,12,12,12,7,12,12,12,12,12,7,12,12,12,7,12,7,12,12,12,12,7,12,12,3.304347826086956,5
284,60,1,19,265,0,0,1,0,0,1,336,0,0,0,0,0,0,0,0,0,1,0,0,0,0,0,0,0,0,1,0,0,2,0,0,687,0,6,693,1,"Chennai Middle School, Rangasayee Street, Perambur, Chennai-11","1 - Perambur [ Ward No.69 ] Besset Road
2 - Perambur [ Ward No.69 ] Govardhana Dass Street
3 - Perambur [ Ward No.69 ] Beershop Lane
4 - Perambur [ Ward No.69] Chidambaram Street
5 - Perambur [ Ward No.69 ] Govindarajulu Street 999 - Overseas Elector",All Voters,"Chennai Middle School, Rangasayee Street, Perambur",Chennai-11,tamilaga vettri kazhagam,336,265,71,dravida munnetra kazhagam,3,2,4,1,7,7,12,12,12,7,5,12,12,12,12,12,12,12,12,12,7,12,12,12,12,12,12,12,12,7,12,12,6,12,12,10.33478893740902,4
285,60,0,24,315,0,0,0,0,0,1,378,0,0,0,1,0,0,2,0,0,0,1,0,0,0,0,0,0,1,0,0,0,0,0,0,783,0,1,784,0,"Chennai Middle School, Rangasayee Street, Perambur, Chennai-11","1 - Perambur [ Ward No.69 ] Rangamannar Street
2 - Agaram [ Ward No.69] Thulukanathamman Koil Street
3 - Agaram [ Ward No.69 ] SriSai Flats
4 - Agaram [ Ward No.69] Rangasayee 1st Lane
5 - Agaram [ Ward No.69] Rangasayee Street",All Voters,"Chennai Middle School, Rangasayee Street, Perambur",Chennai-11,tamilaga vettri kazhagam,378,315,63,dravida munnetra kazhagam,3,2,4,1,11,11,11,11,11,6,6,11,11,11,6,11,11,5,11,11,11,6,11,11,11,11,11,11,6,11,11,11,11,11,11,8.045977011494253,5
286,56,1,10,213,0,0,0,0,0,1,232,0,0,0,0,0,1,0,1,2,0,1,1,0,0,0,0,0,2,0,0,1,2,0,0,524,0,2,526,0,"Chennai Girls Hr Sec School, No.53, Market Street , Perambur, Chennai-11",1 - Agaram ([ Ward No.69]) Rangasayee Street,All Voters,"Chennai Girls Hr Sec School, No.53, Market Street , Perambur",Chennai-11,tamilaga vettri kazhagam,232,213,19,dravida munnetra kazhagam,3,2,4,1,16,9,16,16,16,9,5,16,16,16,16,16,9,16,9,5,16,9,9,16,16,16,16,16,5,16,16,9,5,16,16,3.625954198473282,11
