Serial No. Of Polling Station,Dravida Munnetra Kazhagam,Naam Tamilar Katchi,All India Anna Dravida Munnetra Kazhagam,Puthiya Makkal Tamil Desam Katchi,Tamizhaga Vaazhvurimai Katchi,Naam Indiar Party,Tamilaga Vettri Kazhagam,Independent,Independent.1,Independent.2,Independent.3,Independent.4,Independent.5,Independent.6,Independent.7,Independent.8,Independent.9,Total of Valid Votes,No. Of Rejected Votes,NOTA,Total,No. Of Tendered Votes,Location and Name of Building in Which Polling Station Located,Polling Areas,Category,Building in Which Polling Station Located,location,Winner_Party,Winner_Votes,Runner_Up_Votes,Margin_Of_Victory,Runner_Up_Party,Dravida Munnetra Kazhagam_Rank,All India Anna Dravida Munnetra Kazhagam_Rank,Naam Tamilar Katchi_Rank,Puthiya Makkal Tamil Desam Katchi_Rank,Tamizhaga Vaazhvurimai Katchi_Rank,Naam Indiar Party_Rank,Tamilaga Vettri Kazhagam_Rank,Independent_Rank,Independent.1_Rank,Independent.2_Rank,Independent.3_Rank,Independent.4_Rank,Independent.5_Rank,Independent.6_Rank,Independent.7_Rank,Independent.8_Rank,Independent.9_Rank,Margin_Percentage,Total_Independent_Votes
1,174,18,103,0,0,0,230,0,0,0,1,0,0,1,0,1,0,528,0,2,530,0,"M.D.T Hindu College Hr. Sec.School, West Building,2nd Room From North, Tirunelveli Junction","1.Tirunelveli (C) Sindhupoondurai Ward 12 Salai Street ,  2.Tirunelveli (C) Sindhupoondurai Ward12 New Amman Kovil Street , 3.Sindhupoondurai Tirunelveli (C) Ward 30 S.N. High Road ,999.Overseas Electors",General,"M.D.T Hindu College Hr. Sec.School, West Building,2nd Room From North",Tirunelveli Junction,Tamilaga Vettri Kazhagam,230,174,56,Dravida Munnetra Kazhagam,2,3,4,8,8,8,1,8,8,8,5,8,8,5,8,5,8,10.60606060606061,3
2,146,22,91,0,0,0,221,1,1,0,0,1,0,1,0,0,0,484,0,1,485,0,"M.D.T.Hindu College Hr.Sec.School, West Building 3rd Room From North Tirunelveli. Junction","1.Tirunelveli (C) Sindhupoondurai. Ward No 30 Sindhupoondurai Middle Street. , 2.Tirunelveli (C) Sindhupoondurai Ward 12 Selvi Nagar. , 999.Overseas Electors",General,M.D.T.Hindu College Hr.Sec.School,West Building 3rd Room From North Tirunelveli. Junction,Tamilaga Vettri Kazhagam,221,146,75,Dravida Munnetra Kazhagam,2,3,4,9,9,9,1,5,5,9,9,5,9,5,9,9,9,15.49586776859504,4
3,232,41,55,0,1,0,311,0,0,0,2,0,0,1,0,1,0,644,0,1,645,0,"M.D.T Hindu College Hr. Sec.School, West Building, 4th Room From North, Tirunelveli Junction.","1.Tirunelveli (C) Sindupoondurai Ward 12 Kamarajar Street , 999.Overseas Electors",General,"M.D.T Hindu College Hr. Sec.School, West Building, 4th Room From North",Tirunelveli Junction.,Tamilaga Vettri Kazhagam,311,232,79,Dravida Munnetra Kazhagam,2,3,4,9,6,9,1,9,9,9,5,9,9,6,9,6,9,12.26708074534161,4
4,188,38,67,0,0,2,260,0,1,0,0,0,1,0,0,1,0,558,0,2,560,0,"M.D.T Hindu College Hr. Sec.School, West Building, 5th Room From North, Tirunelveli Junction","1.Tirunelveli (C) Sindhupoondurai Ward 30 Sindhupoondurai East Street , 2.Tirunelveli (C) Sindupoondurai Ward 30 Sindhupoondurai East Street (E) , 999.Overseas Electors",General,"M.D.T Hindu College Hr. Sec.School, West Building, 5th Room From North",Tirunelveli Junction,Tamilaga Vettri Kazhagam,260,188,72,Dravida Munnetra Kazhagam,2,3,4,9,9,5,1,9,6,9,9,9,6,9,9,6,9,12.90322580645161,3
5,92,17,42,0,0,0,65,1,0,0,0,0,0,0,0,1,0,218,0,1,219,0,"Matharasa Ishlamiya Primary School, ,Main Building, North Block, Kailasapuram.","1.Tirunelveli (C) Sindhupoondurai. Ward 30 Kailasapuram East Street , 2.Sindhupoondurai Tirunelveli (C) Ward 30 Kailasapuram Middle Street , 999.Overseas Electors",General,"Matharasa Ishlamiya Primary School, ,Main Building, North Block",Kailasapuram.,Dravida Munnetra Kazhagam,92,65,27,Tamilaga Vettri Kazhagam,1,3,4,7,7,7,2,5,7,7,7,7,7,7,7,5,7,12.38532110091743,2
6,212,26,88,1,1,1,416,0,1,0,0,0,1,2,1,2,0,752,0,0,752,0,"Corporation Primary School, ,North Portion 1st Room, Kailasapuram.","1.Sindhupoondurai Tirunelveli (C) Ward 30 Kailasapuram South Street , 2.Sindhupoondurai Tirunelveli (C) Ward 30 Ganeshapuram Atrankarai Erakkam
, 999.Overseas Electors",General,"Corporation Primary School, ,North Portion 1st Room",Kailasapuram.,Tamilaga Vettri Kazhagam,416,212,204,Dravida Munnetra Kazhagam,2,3,4,7,7,7,1,13,7,13,13,13,7,5,7,5,13,27.12765957446808,7
7,143,27,116,2,1,0,232,0,1,1,0,1,1,0,1,0,0,526,0,3,529,0,"M.D.T.Hindu College Hr.Sec.School, ,Eastern Building, Northern Last Room Tirunelveli.
Junction","1.Sindhupoondurai Tirunelveli (C) Ward 30 Perumal East Car Street , 2.Sindhupoondurai Tirunelveli (C) Ward 30 Perumal Sannathi Street , 3.Sindhupoondurai Tirunelveli (C) Ward 30 Madurai Road  Police Colony , 4.Tirunelveli (C) Sindhupoondurai. Ward 30 West Street , 999.Overseas Electors",General,"M.D.T.Hindu College Hr.Sec.School, ,Eastern Building","Northern Last Room Tirunelveli.
Junction",Tamilaga Vettri Kazhagam,232,143,89,Dravida Munnetra Kazhagam,2,3,4,5,6,12,1,12,6,6,12,6,6,12,6,12,12,16.92015209125475,5
8,214,28,119,0,1,0,239,2,2,0,0,1,0,2,0,0,2,610,0,5,615,0,"M.D T. Hindu College Hr.Sec.School, ,West Building, South Portion, Last Hall, Tirunelveli. Juntion","1.Melaveeraragavapuram Tirunelveli (C) Ward 30 Shreepuram , 2.Melaveeraragavapuram Tirunelveli (C) Ward 30 Swamy Nellaiyappar High Road , 3.Melaveeraragavapuram Tirunelveli (C) Ward 30 Palam Police Colony , 4.Melaveeraragavapuram Tirunelveli (C) Ward 30 Goyaksiyal Colony , 5.Melaveeraragavapuram Tirunelveli (C) Ward 30 Mothilal Street , 6.Sindhupoondurai Tirunelveli (C) Ward 30 Kailasapuram North Street , 999.Overseas Electors",General,"M.D T. Hindu College Hr.Sec.School, ,West Building, South Portion, Last Hall",Tirunelveli. Juntion,Tamilaga Vettri Kazhagam,239,214,25,Dravida Munnetra Kazhagam,2,3,4,11,9,11,1,5,5,11,11,9,11,5,11,11,5,4.098360655737705,9
9,122,28,121,0,0,0,231,1,1,0,0,0,0,2,2,2,0,510,0,4,514,0,"M.D T Hindu College Hr.Sec.School, ,West Building, Northern Portion, Last Hall, Tirunelveli Junction","1.Melaveeraragavapuram  Tirunelveli (C) Ward 29 Railway Goodshed Colony East , 2.Melaveeraragavapuram Tirunelveli (C) Ward 29 Railway Colony West , 3.Melaveeraragavapuram Tirunelveli (C) Ward 29  Railway Colony West 5Th Cross Street , 4.Melaveeraragavapuram Tirunelveli (C) Ward 29  Railway Colony West 7Th Cross Street , 5.Melaveeraragavapuram Tirunelveli (C) Ward 29 Railway Colony West 5Th Cross Street , 6.Melaveeraragavapuram Tirunelveli
(C) Ward 29  Railway Colony West 4Th Cross Street , 7.Tirunelveli (C) Mealveeraragavapuram. Ward 29  Railway Colony West 2Nd Cross Street , 8.Tirunelveli (C) Melaveeraragavapuram Ward 29  Railway Colony West 1St Cross Street , 9.Tirunelveli (C) Melaveeraragavapuram. Ward 30 Perumal West Car Street , 10.Tirunelveli (C) Melaveeraragavapuram Ward No 30 Perumal North Car Street , 11.Tirunelveli (C) Melaveeraragavapuram Ward 29Railway Colony ,  12.Tirunelveli (C) Sindhupoondurai Ward 30 North Street , 999.Overseas Electors",General,"M.D T Hindu College Hr.Sec.School, ,West Building, Northern Portion, Last Hall",Tirunelveli Junction,Tamilaga Vettri Kazhagam,231,122,109,Dravida Munnetra Kazhagam,2,3,4,10,10,10,1,8,8,10,10,10,10,5,5,5,10,21.37254901960784,8
10,131,18,99,1,2,1,229,0,0,0,0,0,1,0,1,0,0,483,0,5,488,0,"Corporation Health Inspector Office,
,Southern Side of Water Tank, Saniyasigramam.","1.Melaveeraragavapuram Tirunelveli (C) Ward 30 Perumal South Car Street , 999.Overseas Electors",General,"Corporation Health Inspector Office,
,Southern Side of Water Tank",Saniyasigramam.,Tamilaga Vettri Kazhagam,229,131,98,Dravida Munnetra Kazhagam,2,3,4,6,5,6,1,10,10,10,10,10,6,10,6,10,10,20.28985507246377,2
11,167,22,168,0,0,0,246,1,1,0,0,0,0,3,1,2,1,612,0,3,615,0,"Hindu Aided Middle School, ,North Portion, Sivapuram, Tirunelveli Junction.","1.Tirunelveli (C) Melaveeraragapuram Ward 29 Athithanar Street , 2.Melaveeraragavapuram Tirunelveli (C) Ward 30 Ethiraj Street , 3.Melaveeraragavapuram Tirunelveli (C) Ward 29 Sanniyasi Village , 4.Melaveeraragavapuram Tirunelveli (C) Ward 30 Varatharajapuram , 5.Melaveeraragavapuram Tirunelveli (C) Ward 29 Cithi Vinayagar Kovil Street , 999.Overseas Electors",General,"Hindu Aided Middle School, ,North Portion, Sivapuram",Tirunelveli Junction.,Tamilaga Vettri Kazhagam,246,168,78,All India Anna Dravida Munnetra Kazhagam,3,2,4,11,11,11,1,7,7,11,11,11,11,5,7,6,7,12.74509803921569,9
12,213,20,59,0,0,2,315,2,1,0,0,1,0,0,3,1,3,620,0,0,620,0,"Hindu Aided Middle School ,Main Building, South Portion, Sivapuram,Tirunelveli Junction.","1.Melaveeraragavapuram Tirunelveli (C) Ward 29 Bharathi Colony , 2.Melaveeraragavapuram Tirunelveli (C) Ward 29 Barani Street , 3.Melaveeeraragavapuram Tirunelveli (C) Ward 29 Sivapuram , 999.Overseas Electors",General,"Hindu Aided Middle School ,Main Building, South Portion, Sivapuram",Tirunelveli Junction.,Tamilaga Vettri Kazhagam,315,213,102,Dravida Munnetra Kazhagam,2,3,4,12,12,7,1,7,9,12,12,9,12,12,5,9,5,16.45161290322581,11
13,97,10,97,1,0,0,201,0,2,0,1,1,1,2,1,0,1,415,0,3,418,0,"Corporation Unit Office, ,(Thatchanallur Ward office) Meenatchipuram Tirunelveli Junction.","1.Melaveeraragavapuram Tirunelveli (C) Ward 30 Meenakshipuram North Street , 2.Melaveeraragavapuram Tirunelveli (C) Ward 30 Meenachipuram South Street , 999.Overseas Electors",General,"Corporation Unit Office,",(Thatchanallur Ward office) Meenatchipuram Tirunelveli Junction.,Tamilaga Vettri Kazhagam,201,97,104,Dravida Munnetra Kazhagam,2,2,4,7,13,13,1,13,5,13,7,7,7,5,7,13,7,25.06024096385542,9
14,168,32,138,3,1,1,378,1,1,1,1,0,0,1,0,0,0,726,0,3,729,0,"Corporation Girls Hr.sec.School, ,Main Building Western Side, Meenakshipuram,","1.Melaveeraragavapuram Tirunelveli (C) Ward 29 Meenakshipuram West Street
, 2.Melaveeraragavapuram Tirunelveli (C) Ward 29  Meenakshipuram East Street
, 999.Overseas Electors",General,"Corporation Girls Hr.sec.School, ,Main Building Western Side, Meenakshipuram",,Tamilaga Vettri Kazhagam,378,168,210,Dravida Munnetra Kazhagam,2,3,4,5,6,6,1,6,6,6,6,13,13,6,13,13,13,28.92561983471074,5
15,188,34,107,4,2,0,351,2,1,3,0,0,2,1,1,0,2,698,0,1,699,0,"Corporation Kartalil Inimai Primary School
,West Building, North Side, Pulianthoppu North Street, Melaveeraragavapuram.","1.Melaveeraragavapuram Tirunelveli (C) Ward 29 Pulianthopu North Street , 2.Melaveeraragavapuram Tirunelveli (C) Ward 29, Anna Nagar , 3.Melaveeraragavapuram Tirunelveli (C) Ward 29. Babuji Jegajeevanram Colony
, 4.Melaveeraragavapuram Tirunelveli (C) Ward 29, Veeraragavapuram Colony , 999.Overseas Electors",General,"Corporation Kartalil Inimai Primary School
,West Building, North Side, Pulianthoppu North Street",Melaveeraragavapuram.,Tamilaga Vettri Kazhagam,351,188,163,Dravida Munnetra Kazhagam,2,3,4,5,7,14,1,7,11,6,14,14,7,11,11,14,7,23.35243553008596,12
16,212,42,118,1,1,1,342,1,3,1,0,1,0,1,0,0,0,724,0,1,725,0,"Corporation Kartalil Inimai Primary School,
,East Building, East Side, Pulianthoppu North Street, Melaveeraragavapuram","1.Melaveeraragavapuram Tirunelveli (C) Ward 29 Puliyanthoppu South Street , 2.Melaveeraragavapuram Tirunelveli (C) Ward 29 Puliyamthoppu Middle Street
, 3.Melaveeraragavapuram Tirunelveli (C) Ward 29 Puliyanthoppu West Street , 999.Overseas Electors",General,"Corporation Kartalil Inimai Primary School,
,East Building, East Side, Pulianthoppu North Street",Melaveeraragavapuram,Tamilaga Vettri Kazhagam,342,212,130,Dravida Munnetra Kazhagam,2,3,4,6,6,6,1,6,5,6,13,6,13,6,13,13,13,17.95580110497238,7
17,238,41,119,1,0,1,370,1,0,0,1,0,0,1,0,5,4,782,0,4,786,0,"Perarignar Anna Corporation Primary School, ,Western Block Ist Room, C.N.Village.","1.Melaveeraragavapuram Tirunelveli (C) Ward 29 Cikka Narasinga Village West Street , 999.Overseas Electors",General,"Perarignar Anna Corporation Primary School, ,Western Block Ist Room",C.N.Village.,Tamilaga Vettri Kazhagam,370,238,132,Dravida Munnetra Kazhagam,2,3,4,7,12,7,1,7,12,12,7,12,12,7,12,5,6,16.87979539641944,12
18,137,28,128,2,0,0,215,1,2,0,2,0,0,0,0,0,1,516,0,5,521,0,"Perarignar Anna Corporation Primary School
, ,Eastern Block 1st Room, C.N.Village.","1.Melaveeraragavapuram Tirunelveli (C) Ward 29 Rajaji Street , 2.Melaveeraragavapuram Tirunelveli (C) Ward 29 East Street , 3.Melaveeragavapuram Tirunelveli (C) Ward 29 Mission Street , 999.Overseas Electors",General,"Perarignar Anna Corporation Primary School
, ,Eastern Block 1st Room",C.N.Village.,Tamilaga Vettri Kazhagam,215,137,78,Dravida Munnetra Kazhagam,2,3,4,5,10,10,1,8,5,10,5,10,10,10,10,10,8,15.11627906976744,6
19,96,33,107,0,0,0,279,2,1,0,0,1,0,1,0,0,0,520,0,2,522,0,"Perarignar Anna Corporation Primary School, Eastern Block, IIIrd Room, C.N. Village.","1.Tirunelveli (C) Melaveeraragavapuram Ward 29 Kurukkudurai Road , 2.Tirunelveli (C) Melaveeragavapuram Ward 29 Kurukkudurai East Car Road , 3.Tirunelveli (C) Melaveeraragavapuram Ward 29 Kurukkudurai East Car Street
, 4.Tirunelveli (C) Melaveeraragavapuram Ward 29 Kurukkudurai South Car Street , 5.Tirunelveli (C) Melaveeraragavapuram Ward 29 Kurukkudurai West Car Street , 6.Tirunelveli (C) Melaveeraragavapuram Ward 29 Muthuramalinganar Street , 999.Overseas Electors",General,"Perarignar Anna Corporation Primary School, Eastern Block, IIIrd Room",C.N. Village.,Tamilaga Vettri Kazhagam,279,107,172,All India Anna Dravida Munnetra Kazhagam,3,2,4,9,9,9,1,5,6,9,9,6,9,6,9,9,9,33.07692307692307,5
20,222,42,83,4,1,0,331,1,1,1,0,1,2,0,1,2,0,692,0,1,693,0,"Perarignar Anna Corporation Primary School, Western Block, 2nd Room, C.N. Village.","1.Tirunelveli (C) Melaveeraragavapuram Ward 29 Sorkkavasal Street , 2.Tirunelveli (C) Melaveeraragavapuram Ward 29 Lakshmipuram , 3.Tirunelveli
(C) Melaveeraragavapuram Ward 29 Lakshmipuram Puthumanai Street , 999.Overseas Electors",General,"Perarignar Anna Corporation Primary School, Western Block, 2nd Room",C.N. Village.,Tamilaga Vettri Kazhagam,331,222,109,Dravida Munnetra Kazhagam,2,3,4,5,8,14,1,8,8,8,14,8,6,14,8,6,14,15.7514450867052,9
21,243,50,68,1,1,1,306,0,17,1,1,1,4,0,0,2,5,701,0,2,703,0,"Purachi Thalaivar M.G.R Memorial Primary School, North Portion Thiruvannathapuram","1.Tirunelveli (C) Thiruvannathapuram. Ward 4 Mariamman Kovil Street , 2.Tirunelveli (C) Thiruvannathapuram Ward 4 Perumal Kovil Street , 3.Tirunelveli (C) Thiruvannathapuram Ward 4 Gayathiri Amman Kovil Street , 999.Overseas Electors",General,Purachi Thalaivar M.G.R Memorial Primary School,North Portion Thiruvannathapuram,Tamilaga Vettri Kazhagam,306,243,63,Dravida Munnetra Kazhagam,2,3,4,9,9,9,1,15,5,9,9,9,7,15,15,8,6,8.98716119828816,31
22,160,53,66,2,1,1,292,6,3,0,1,1,2,0,2,3,1,594,0,0,594,0,"Purachi Thalaivar M.G.R Memorial Primary School, South Portion Thiruvannathapuram","1.Tirunelveli (C) Thiruvannathapuram Ward 4 Antoniyar Kovil Street , 2.Tirunelveli (C) Thiruvannathapuram Ward 4 Jothi Street , 3.Tirunelveli (C) Thiruvannathapuram Ward 4 Muppudathiamman Kovil Street , 4.Tirunelveli (C) Thiruvannathapuram. Ward 4Kamarajar Nagar , 999.Overseas Electors",General,Purachi Thalaivar M.G.R Memorial Primary School,South Portion Thiruvannathapuram,Tamilaga Vettri Kazhagam,292,160,132,Dravida Munnetra Kazhagam,2,3,4,8,11,11,1,5,6,16,11,11,8,16,8,6,11,22.22222222222222,19
23,239,61,67,1,1,0,255,6,3,2,1,2,2,1,1,3,4,649,0,0,649,0,"Hindu Aided Primary School, ,Southern Portion, Padappakkurichi.","1.Tirunelveli (C) Thimmarajapuram Ward 4 V.O.C. Street (Padappakurichi) , 2.Tirunelveli (C) Thimmarajapuram Ward 4 Kamarajar Street (Padappakurichi) , 3.Tirunelveli (C) Thimmarajapuram. Ward 4 Gandhi Street (Padappakurichi) , 999.Overseas Electors
Page 4 of 78",General,"Hindu Aided Primary School, ,Southern Portion",Padappakkurichi.,Tamilaga Vettri Kazhagam,255,239,16,Dravida Munnetra Kazhagam,2,3,4,12,12,17,1,5,7,9,12,9,9,12,12,7,6,2.465331278890601,25
24,146,53,56,0,0,1,288,1,11,2,1,0,2,1,0,1,3,566,0,4,570,0,"Integrated Children Development Scheme, New building west portion, Padappakkurichi.","1.Tirunelveli (C) Thimmarajapuram Ward 4 Rice Mill Street (Padappakurichi) , 2.Tirunelveli (C) Thimmarajapuram Ward 4 Chettiyar Street , 3.Tirunelveli (C) Thimmarajapuram. Ward 4 Thimmarajapuram Melur , 4.Tirunelveli (C) Thimmarajapuram. Ward 4 Pasumpon Nagar , 999.Overseas Electors",General,"Integrated Children Development Scheme, New building west portion",Padappakkurichi.,Tamilaga Vettri Kazhagam,288,146,142,Dravida Munnetra Kazhagam,2,3,4,14,14,9,1,9,5,7,9,14,7,9,14,9,6,25.08833922261484,22
25,128,50,97,1,0,0,339,0,3,0,2,0,2,5,0,0,0,627,0,1,628,0,"Panchayath Union Primary School, West Portion, Venkateswarapuram, Thimmarajapuram.","1.Tirunelveli (C) Thimmarajapuram. Ward 5 Rajamannar Street , 2.Tirunelveli
(C) Thimmarajapuram. Ward 5 Sri Venkateswara Street , 3.Tirunelveli (C) Thimmarajapuram. Ward 5 Andal South Street , 4.Tirunelveli (C) Thimmarajapuram Ward 5 V.O.C. Street , 5.Tirunelveli (C) Thimmarajapuram. Ward 5 V.O.C. 1St Street , 6.Tirunelveli (C) Thimmarajapuram Ward 5 V.O.C. 2Nd Street , 999.Overseas Electors",General,"Panchayath Union Primary School, West Portion, Venkateswarapuram",Thimmarajapuram.,Tamilaga Vettri Kazhagam,339,128,211,Dravida Munnetra Kazhagam,2,3,4,9,10,10,1,10,6,10,7,10,7,5,10,10,10,33.65231259968103,12
26,227,70,36,0,0,0,224,9,2,0,0,0,2,2,0,0,2,574,0,1,575,0,"Kosalram Primary School, Kakkannagar Thimmarajapuram.","1.Tirunelveli (C) Thimmarajapuram. Ward 5 Kakkan Nagar , 2.Tirunelveli (C) Thimmarajapuram. Ward 5 Kakkan Nagar 7Th Street , 3.Tirunelveli (C) Thimmarajapuram. Ward 5 Kakkan Nagar 6Th Street , 999.Overseas Electors",General,Kosalram Primary School,Kakkannagar Thimmarajapuram.,Dravida Munnetra Kazhagam,227,224,3,Tamilaga Vettri Kazhagam,1,4,3,10,10,10,2,5,6,10,10,10,6,6,10,10,6,0.5226480836236934,17
27,139,33,68,1,1,0,153,0,1,0,0,0,0,4,1,0,1,402,0,6,408,0,"Community Hall, ,South Side, Santhi Nagar,","1.Tirunelveli (C) Thimmarajapuram. Ward 5 Police Colony I(Door no.1-L64), 999.Overseas Electors",General,"Community Hall, ,South Side, Santhi Nagar",,Tamilaga Vettri Kazhagam,153,139,14,Dravida Munnetra Kazhagam,2,3,4,6,6,11,1,11,6,11,11,11,11,5,6,11,6,3.482587064676617,7
28,141,41,62,0,0,0,259,0,0,0,0,0,0,8,0,0,1,512,0,3,515,0,"Community Hall, North Portion, Santhi Nagar","1.Tirunelveli (C) Thimmarajapuram. Ward 5 Venkateshvara Nagar 1St Street , 2.Tirunelveli (C) Thimmarajapuram Ward 5 Venkateshvara Nagar , 3.Tirunelveli
(C) Thimmarajapuram. Ward 5 Police Colony-II(Door no.L65-M26, 999.Overseas Electors",General,"Community Hall, North Portion",Santhi Nagar,Tamilaga Vettri Kazhagam,259,141,118,Dravida Munnetra Kazhagam,2,3,4,7,7,7,1,7,7,7,7,7,7,5,7,7,6,23.046875,9
29,178,36,95,3,1,0,377,1,5,1,0,0,1,5,1,2,1,707,0,1,708,0,"Old Panchayat Office, New building, Unit Office","1.Tirunelveli (C) Thimmarajapuram Ward 8 Thimmarajapuram Seevalaperi Main Road , 2.Tirunelveli (C) Thimmarajapuram. Ward 8 Thimmarajapuram 1St Street , 3.Tirunelveli (C) Thimmarajapuram. Ward 8 Thimmarajapuram 2Nd Street , 4.Tirunelveli (C) Thimmarajapuram Ward 8 Thimmarajapuram 3Th Street ,
5.Tirunelveli (C) Thimmarajapuram Ward 8 Thimmarajapuram 4Th Street , 6.Tirunelveli (C) Thimmarajapuram. Ward 8 Thimmarajapuram 5Th Street , 7.Tirunelveli (C) Thimmarajapuram Ward 8 Thimmarajapuram 6Th Street , 8.Tirunelveli (C)Thimmarajapuram. Ward 8 Thimmarajapuram 7Th Street , 9.Tirunelveli (C)Thimmarajapuram. Ward 8 Thimmarajapuram 8Th Street , 10.Tirunelveli (C) Thimmarajapuram. Ward 8 Thimmarajapuram 9Th Street , 999.Overseas Electors",General,"Old Panchayat Office, New building",Unit Office,Tamilaga Vettri Kazhagam,377,178,199,Dravida Munnetra Kazhagam,2,3,4,7,9,15,1,9,5,9,15,15,9,5,9,8,9,28.14710042432815,17
30,170,69,64,0,0,0,397,1,1,0,1,0,0,9,1,1,1,715,0,0,715,0,"Tirunelveli Corporation Anganvadi Centre No: 0429, Muppidathi Amman Kovil Street Thimmarajapuram","1.Tirunelveli (C) Thimmarajapuram. Ward 8 Ganapathiyapuram (Thimmarajapuram) , 2.Tirunelveli (C) Thimmarajapuram. Ward 8 Sevalaperi Road ,
3.Tirunelveli (C)Thimmarajapuram Ward 8 Ganapathiyarpuram , 4.Tirunelveli (C) Thimmarajapuram Ward 8 Thimmarajapuram 10Th Street , 5.Tirunelveli (C) Thimmarajapuram. Ward 8 Thimmarajapuram 11Th Street , 999.Overseas Electors",General,Tirunelveli Corporation Anganvadi Centre No: 0429,Muppidathi Amman Kovil Street Thimmarajapuram,Tamilaga Vettri Kazhagam,397,170,227,Dravida Munnetra Kazhagam,2,4,3,12,12,12,1,6,6,12,6,12,12,5,6,6,6,31.74825174825175,15
31,135,27,67,1,0,1,201,0,6,2,0,0,1,3,0,0,1,445,0,6,451,1,"Tamilnadu Government Public Library Department, Book reading centre (New Building West) Branch Library Thimmarajapuram,","1.Tirunelveli (C) Thimmarajapuram Ward 8 Thimmarajapuram 12Th Street , 2.Tirunelveli (C) Thimmarajapuram. Ward 5 Thimmai South Side 2nd Street , 3.Tirunelveli (C) Thimmarajapuram Ward 5 Thimmai South Side 5th Street , 4.Tirunelveli (C) Thimmarajapuram Ward 5 Thimmai Andal Street North Side , 999.Overseas Electors",General,"Tamilnadu Government Public Library Department, Book reading centre (New Building West) Branch Library Thimmarajapuram",,Tamilaga Vettri Kazhagam,201,135,66,Dravida Munnetra Kazhagam,2,3,4,8,12,8,1,12,5,7,12,12,8,6,12,12,8,14.8314606741573,13
32,163,39,93,2,0,1,274,1,2,0,1,0,2,4,0,1,3,586,0,3,589,0,"Integrated Child Care Centre No 10 Near Ward Office, Thimmarajapuram, Keezhur","1.Tirunelveli (C) Thimmarajapuram. Ward 5 Perumal Sannathi Street, 2.Tirunelveli (C) Thimmarajapuram Ward 5 Perumal Sannathi  Back Side, 3.Tirunelveli (C) Thimmarajapuram Ward 5 Thimmai South Side Ist Street, 4.Tirunelveli (C) Thimmarajapuram. Ward 5 Thimmai South Side Iiird Street, 5.Tirunelveli (C) Thimmarajapuram Ward 5 Thimmai South Side Ivth Street, 999.Overseas Electors",General,"Integrated Child Care Centre No 10 Near Ward Office, Thimmarajapuram",Keezhur,Tamilaga Vettri Kazhagam,274,163,111,Dravida Munnetra Kazhagam,2,3,4,7,14,10,1,10,7,14,10,14,7,5,14,10,6,18.9419795221843,14
33,217,73,52,0,0,1,296,11,1,0,0,0,0,6,0,2,1,660,0,0,660,0,"Panchayat Union Primary School ,East Portion, Venkateswarapuram Thimmarajapuram.","1.Tirunelveli (C) Thimmarajapuram. Ward 5 Valluvar Street , 2.Tirunelveli (C)Thimmarajapuram Ward 5 Gandhi Street , 3.Tirunelveli Thimmarajapuram Ward 5 Jothi Street , 4.Tirunelveli (C)Thimmarajapuram Ward 5 Anna Nagar , 5.Tirunelveli (C) Thimmarajapuram. Ward 5 New Colony , 6.Tirunelveli (C) Thimmarajapuram Ward 5 Pandian Street , 7.Tirunelveli (C) Thimmarajapuram. Ward 5 Sangeetha Nagar , 999.Overseas Electors",General,"Panchayat Union Primary School ,East Portion",Venkateswarapuram Thimmarajapuram.,Tamilaga Vettri Kazhagam,296,217,79,Dravida Munnetra Kazhagam,2,4,3,11,11,8,1,5,8,11,11,11,11,6,11,7,8,11.96969696969697,21
34,200,36,123,1,0,1,323,3,1,0,0,0,0,1,2,0,0,691,0,1,692,0,"Corporation Old Primary School, Main Northern Hall, Salai Street, Vannarpettai","1.Tirunelveli (C) Vannarpettai. Appar Swamigal Street, Ward No 11, 2.Tirunelveli (C) Vannarpettai. Thirukuripu Thondar Street, Ward No 11 999.Overseas Electors",General,"Corporation Old Primary School, Main Northern Hall, Salai Street",Vannarpettai,Tamilaga Vettri Kazhagam,323,200,123,Dravida Munnetra Kazhagam,2,3,4,7,11,7,1,5,7,11,11,11,11,7,6,11,11,17.80028943560058,7
35,184,36,109,1,1,0,306,0,4,0,0,0,0,1,1,2,1,646,0,1,647,0,"Corporation Old Primary School, ,Main Southern Hall. Salai Street, Vannarpettai","1.Tirunelveli (C) Vannarpettai. Ettuthogai Street. Ward No 11 , , 2.Tirunelveli
(C) Vannarpettai Thiruneelakanda Nayanar Street, Ward No 11 , 3.Tirunelveli
(C) Vannarpettai Patthu Pattu Street, Ward No 11 , 999.Overseas Electors",General,"Corporation Old Primary School, ,Main Southern Hall. Salai Street",Vannarpettai,Tamilaga Vettri Kazhagam,306,184,122,Dravida Munnetra Kazhagam,2,3,4,7,7,12,1,12,5,12,12,12,12,7,7,6,7,18.88544891640867,9
36,95,37,102,0,0,1,244,0,3,0,1,1,0,0,0,0,2,486,0,0,486,0,"Corporation New Middle school, East building North portion, Salai Street, Vannarpettai.","1.Tirunelveli Vannarpettai Indira Colony, Ward No 11. , 2.Tirunelveli (C) Vannarpettai. Kundalakesi Street, Ward No. 11 , 3.Tirunelveli (C) Vannarpettai. Appar Swamigal Street, Ward No 11. , 4.Tirunelveli (C) Vannarpettai Chinthamani Street, Ward No 11. , 999.Overseas Electors",General,"Corporation New Middle school, East building North portion, Salai Street",Vannarpettai.,Tamilaga Vettri Kazhagam,244,102,142,All India Anna Dravida Munnetra Kazhagam,3,2,4,10,10,7,1,10,5,10,7,7,10,10,10,10,6,29.21810699588477,7
37,177,27,112,1,1,0,318,1,0,0,0,0,0,2,2,0,0,641,0,0,641,0,"Corporation New Middle School, East Building,South Portion, Salai Street, Vannarpettai.","1.Tirunelveli (C) Vannarpettai Kuravanchi Street, Ward No 11, 2.Tirnelveli (C) Vannarpettai Vetri Veladi Vinayagar Koil Street, Ward No 11 , 3.Tirunelveli (C) Vannarpettai Salai Street -II, Ward No 11 999.Overseas Electors",General,"Corporation New Middle School, East Building,South Portion, Salai Street",Vannarpettai.,Tamilaga Vettri Kazhagam,318,177,141,Dravida Munnetra Kazhagam,2,3,4,7,7,10,1,7,10,10,10,10,10,5,5,10,10,21.99687987519501,5
38,199,48,106,0,0,0,329,0,0,1,0,0,0,5,0,1,0,689,0,4,693,1,"Corporation New Middle School, New South Building,East Portion, Salai Street, Vannarpettai.","1.Tirunelveli (C) Vannarpettai Kamparamayana Street, Ward No 11 , 999.Overseas Electors",General,"Corporation New Middle School, New South Building,East Portion, Salai Street",Vannarpettai.,Tamilaga Vettri Kazhagam,329,199,130,Dravida Munnetra Kazhagam,2,3,4,8,8,8,1,8,8,6,8,8,8,5,8,6,8,18.86792452830189,7
39,118,36,100,1,5,1,231,3,1,0,0,0,0,5,0,0,0,501,0,2,503,0,"Corporation New Middle School, South Building,East Portion, Salai Street, Vannarpettai.","1.Tirunelveli (C) Vannarpettai. Peratchi Amman Kovil Street,  Ward No 11 , 2.Tirunelveli (C) Vannarpettai. Balaji Nagar, Ward No 11 , 3.Tiruneveli (C) Vannarpettai. Indira Colony, Ward No 11 , 4.Tirunelveli (C) Vannarpettai Ramalingar Street, Ward No 11 , 5.Tirunelveli (C) Vannarpettai Bye Pass Road, Ward No 11 , 999.Overseas Electors",General,"Corporation New Middle School, South Building,East Portion, Salai Street",Vannarpettai.,Tamilaga Vettri Kazhagam,231,118,113,Dravida Munnetra Kazhagam,2,3,4,8,5,8,1,7,8,11,11,11,11,5,11,11,11,22.55489021956088,9
40,184,44,62,1,0,1,234,1,2,0,1,0,0,5,2,2,1,540,0,4,544,0,"Corporation New Middle School, North Building, West Portion, Salai Street, Vannarpettai","1.Tirunelveli (C) Vannarpettai Thirukovaiyar Street, Ward No 11, 2.Tirunelveli
(C) Vannarpettai Thiruvananthapuram Road, Ward No 11 , 3.Tirunelveli (C) Vannarpettai Manimehalai Street, Ward No 11 , 4.Tirunelveli (C) Vannarpettai Thirukural Street.Ward No 11 , 5.Tirunelveli (C) Vannarpettai. Silapathikara Street, Ward No 11 ,
6.Tirunelveli (C)  Vannarpettai. Valayapathi Street. Ward No 11 , 999.Overseas Electors",General,"Corporation New Middle School, North Building, West Portion, Salai Street",Vannarpettai,Tamilaga Vettri Kazhagam,234,184,50,Dravida Munnetra Kazhagam,2,3,4,9,14,9,1,9,6,14,9,14,14,5,6,6,9,9.25925925925926,14
41,137,33,137,1,0,0,324,0,0,1,1,1,0,2,1,0,0,638,0,1,639,1,"Corporation New Middle School, North Building, East Portion, Salai Street, Vannarpettai","1.Tirunelveli (C) Vannarpettai Salai Street, Ward No 11 , 999.Overseas Electors",General,"Corporation New Middle School, North Building, East Portion, Salai Street",Vannarpettai,Tamilaga Vettri Kazhagam,324,137,187,Dravida Munnetra Kazhagam,2,2,4,6,11,11,1,11,11,6,6,6,11,5,6,11,11,29.3103448275862,6
42,213,17,9,0,0,0,141,1,1,0,0,0,0,0,1,1,1,385,0,0,385,0,"Panchayat Union Primary School ,Eastern Portion,Vellakoil, Ward No. I","1.Tirunelveli (C) Vellakovil. Ward No 10  Vellakoil Burial Ground Southern Portion, , 2.Tirunelveli (C) Vellkovil Ward No 10 Santhanamariamman Koil Street, , 3.Tirunelveli (C) Vellakovil. Ward No 10 Utchinimahali Koil Street, , 999.Overseas Electors",General,"Panchayat Union Primary School ,Eastern Portion,Vellakoil",Ward No. I,Dravida Munnetra Kazhagam,213,141,72,Tamilaga Vettri Kazhagam,1,4,3,10,10,10,2,5,5,10,10,10,10,10,5,5,5,18.7012987012987,5
43,349,46,42,1,2,3,343,3,1,1,0,0,1,1,1,0,5,799,0,4,803,0,"Panchayat Union Primary School, ,Western Portion, North Bypass Road, Vellakoil, Ward No. II.","1.Tirunelveli (C) Vellakovil Ward No. 10 Ambethkar Nagar, Arunthathiyar Street , 2.Tirunelveli (C) Vellakovil Ward No. 10 North Street. , , 3.Tirunelveli (C) Vellakovil Ward No.10 Elango Nagar, 4.Tirunelveli (C) Vellakovil Ward No .10 Utchimahali Amman Koil Street (Kuttathurai) ,, 999.Overseas Electors",General,"Panchayat Union Primary School, ,Western Portion, North Bypass Road, Vellakoil",Ward No. II.,Dravida Munnetra Kazhagam,349,343,6,Tamilaga Vettri Kazhagam,1,4,3,9,8,6,2,6,9,9,15,15,9,9,9,15,5,0.7509386733416771,13
44,155,47,112,0,0,0,212,1,2,0,0,0,0,0,0,0,1,530,0,4,534,0,"Francis Xavier School (CBSE), west Building, Ground floor, Middle Portion, Barani Nagar
,Vannarpettai, Ward No.10.","1.Tirunelveli (C) Vellakovil Barani Nagar, Sowdampikai Street,  Wno 10 , 2.Tirunelveli (C) Vellakovil Ward No. 10 Barani Nagar Tulasi Ram Street, , 3.Tirunelveli (C) Vellakovil Ward No. 10 Barani Nagar Xaviers Street, , 4.Tirunelveli (C) Vellakovil Ward No. 10 Barani Nagar Pilliyarkoil Street, , 5.Tirunelveli (C) Vellakovil Ward No. 10 Barani Nagar Brindavanam Street, , 6.Tirunelveli (C) Vellakovil Ward No. 10 Barani Nagar V.O.C. Street, , 7.Tirunelveli (C) Vellakovil Ward No. 10 Barani Nagar Balaji Street, , 8.Tirunelveli (C) Vellakovil Ward No. 10 Barani Nagar Rojavana Street, , 9.Tirunelveli (C) Vellakovil Ward No. 10 Barani Nagar Parijatham Street, , 10.Tirunelveli (C) Vellakovil Ward No. 10 Barani Nagar Muthamil Street, , 11.Tirunelveli (C) Vellakovil Ward No.10 Barani Nagar Aravindar Street , 12.Tirunelveli (C) Vellakovil Ward No. 10 Vellakoil Barani Nagar Main Street, , 13.Tirunelveli (C) Vellkovil Ward No. 10 Venkatesh Bye Pass Road North,.
999.Overseas Electors",General,"Francis Xavier School (CBSE), west Building, Ground floor, Middle Portion, Barani Nagar
,Vannarpettai",Ward No.10.,Tamilaga Vettri Kazhagam,212,155,57,Dravida Munnetra Kazhagam,2,3,4,8,8,8,1,6,5,8,8,8,8,8,8,8,6,10.75471698113208,4
45,349,8,6,0,1,0,84,1,1,0,1,0,0,2,0,0,0,453,0,2,455,0,"Muslim Matharasa Primary School , West Side, Palayamkottur,","1.Tirunelveli (C) Palayamkottur, Ward No.8 Palayamkottur Muslim  Street, , 999.Overseas Electors",General,"Muslim Matharasa Primary School , West Side, Palayamkottur",,Dravida Munnetra Kazhagam,349,84,265,Tamilaga Vettri Kazhagam,1,4,3,10,6,10,2,6,6,10,6,10,10,5,10,10,10,58.49889624724062,5
46,161,23,60,1,1,0,198,1,0,0,1,0,2,8,0,0,1,457,0,4,461,0,"Muslim Matharasa Primary School , South Building East Portion, Palayamkottur,","1.Tirunelveli (C) Palayamkottur Ward No. 8 Pillaimar Street, , 2.Tirunelveli (C) Palayamkottur Ward No.8 Varusaipathu, , 3.Tirunelveli (C) Palayamkottur.
Ward No. 8 Kottur Rajakkal Street, , 999.Overseas Electors",General,"Muslim Matharasa Primary School , South Building East Portion, Palayamkottur",,Tamilaga Vettri Kazhagam,198,161,37,Dravida Munnetra Kazhagam,2,3,4,7,7,12,1,7,12,12,7,12,6,5,12,12,7,8.096280087527353,13
47,276,56,74,1,2,1,200,0,0,0,0,0,0,12,0,1,1,624,0,3,627,0,"Tamilnadu Government Public Library Department, Branch Library Thimmarajapuram,","1.Tirunelveli (C) Palayamkottur Ward No. 8 Nadar Street, ,
2.Tirunelveli (C) Palayamkottur Ward No. 8 Kottur Asari Street, 3.Tirunelveli (C) Palayakottur. Ward No. 8 Pallivasal Street, 4.Tirunelveli (C) Palayamkottur Ward No. 8 Panchayat Street , 5.Tirunelveli (C) Palayamkottai Ward No.6 Santhi Nagar 4Th Main Road, 6.Tirunelveli (C) Palayamkottai Ward No.6 Santhi Nagar 6Th Main Road, , 7.Tirunelveli (C) Palayamkottai Ward No. 6 Shanthi Nagar 5Th Street, 8.Tirunelveli (C) Palayamkottai Ward No.6 Shanthi Nagar 6Th  Street , 9.Tirunelveli (C) Palayamkottai Ward No.6 Shanthi Nagar  7Th  Street , 10.Tirunelveli (C) Palayamkottai Ward No.6 Shanthi Nagar 8Th Street Street,11.Tirunelveli (C) Palayamkottai Ward No. 6 Veda Koil Street
,999.Overseas Electors",General,"Tamilnadu Government Public Library Department, Branch Library Thimmarajapuram",,Dravida Munnetra Kazhagam,276,200,76,Tamilaga Vettri Kazhagam,1,3,4,7,6,7,2,11,11,11,11,11,11,5,11,7,7,12.17948717948718,14
48,187,27,43,0,1,0,186,0,3,0,0,0,0,11,0,0,0,458,0,2,460,0,"T.D.T.A. Primary School,North Building Eastern Wing,H.M.Room, Shanthi nagar,","1.Tirunelveli (C)  Palayamkottai. Ward No.6 Santhi Nagar 1St Street(Seevalaperi Road), , 2.Tirunelveli (C) Palayamkottai Ward No. 6 Santhi Nagar 1St  Street, , 3.Tirunelveli (C) Palayamkottai Ward No. 6 Santhi Nagar 2Nd  Street, , 4.Tirunelveli (C) Palayamkottai Ward No. 6 Santhi Nagar 3Rd  Street, , 5.Tirunelveli (C) Palayamkottai Ward No. 6 Santhi Nagar 4Th  Street, , 6.Tirunelveli (C) Palayamkottai Ward No.6 Santhi Nagar 2Nd Main Road, , 999.Overseas Electors",General,"T.D.T.A. Primary School,North Building Eastern Wing,H.M.Room, Shanthi nagar",,Dravida Munnetra Kazhagam,187,186,1,Tamilaga Vettri Kazhagam,1,3,4,8,7,8,2,8,6,8,8,8,8,5,8,8,8,0.2183406113537118,14
49,275,27,27,0,0,1,132,0,0,0,0,0,0,3,1,2,0,468,0,6,474,0,"T.D.T.A. Primary School ,Northern Building, Eastern Portion, Shanthi Nagar","1.Tirunelveli (C) Palayamkottai Ward No.6 Rajkamal Nagar, , 2.Tirunelveli (C) Palayamkottai Ward No.6 Rajkamal Nagar Street, , 3.Tirunelveli (C)Palayamkottai Ward No.6 Pallivasal 1St Street, , 4.Tirunelveli (C) Palayamkottai Ward No.6 Pallivasal  2Nd Street, , 5.Palayamkottai Ward No. 6 Shanthi Nagar 28Th Cross Street, , 6.Tirunelveli (C) Palayamkottai Ward No.6 Shanthi Nagar 30Th  Street , 999.Overseas Electors",General,"T.D.T.A. Primary School ,Northern Building, Eastern Portion",Shanthi Nagar,Dravida Munnetra Kazhagam,275,132,143,Tamilaga Vettri Kazhagam,1,3,3,9,9,7,2,9,9,9,9,9,9,5,7,6,9,30.55555555555556,6
50,226,40,79,0,1,0,250,1,0,0,0,1,0,11,2,0,0,611,0,1,612,0,"T.D.T.A. Primary School, ,Northern Building, Western Portion Shanthinagar","1.Tirunelveli (C) Palayamkottai Ward No.6 Shanthi Nagar 13Th Street , 2.Tirunelveli (C) Palayamkottai Ward No.6 Shanthi Nagar 14Th St , 3.Tirunelveli
(C) Palayamkottai Ward No. 6 Shanthi Nagar 15Th  Street, , 4.Tirunelveli (C) Palayamkottai Ward No. 6 Shanthi Nagar 16Th Street , 5.Tirunelveli (C) Palayamkottai Ward No.6 Shanthi Nagar 17Th  Street. , 6.Tirunelveli (C) Palayamkottai Ward No.6 Shanthi Nagar 18Th Street , 7.Tirunelveli (C) Palayamkottai Ward No. 6 Shanthi Nagar 19Th Street , 8.Tirunelveli (C) Palayamkottai Ward No.6 Shanthi Nagar 20Th Street , 9.Tirunelveli (C) Palayamkottai Ward No. 6 Shanthi Nagar 21St Street , 999.Overseas Electors",General,"T.D.T.A. Primary School, ,Northern Building",Western Portion Shanthinagar,Tamilaga Vettri Kazhagam,250,226,24,Dravida Munnetra Kazhagam,2,3,4,10,7,10,1,7,10,10,10,7,10,5,6,10,10,3.927986906710311,15
51,209,23,44,0,0,0,207,0,3,0,0,0,0,18,1,3,0,508,0,1,509,0,"T.D.T.A. Primary School, Northern Building, Northern Portion Shanthinagar","1.Tirunelveli (C) Palayamkottai Ward No. 6 Shanthi Nagar 22Nd Street , 2.Tirunelveli (C) Palayamkottai Ward No. 6 Shanthi Nagar 23Rd Street , 3.Tirunelveli (C) Palayamkottai Ward No. 6 Shanthi Nagar 24Th Street , 999.Overseas Electors",General,"T.D.T.A. Primary School, Northern Building",Northern Portion Shanthinagar,Dravida Munnetra Kazhagam,209,207,2,Tamilaga Vettri Kazhagam,1,3,4,9,9,9,2,9,6,9,9,9,9,5,8,6,9,0.3937007874015748,25
52,265,25,46,0,0,0,186,0,1,0,0,0,0,37,0,0,1,561,0,3,564,0,"T.D.T.A. Primary School, , South Building West Wing, Santhinagar.","1.Tirunelveli (C) Palayamkottai Ward No.6 Shanthi Nagar 28Th Street , 2.Tirunelveli (C) Palayamkottai Ward No. 6 Shanthinagar 29Th Street , 3.Tirunelveli (C) Palayamkottai Ward No.6 Shanthinagar 30Th Street , 999.Overseas Electors",General,"T.D.T.A. Primary School, , South Building West Wing",Santhinagar.,Dravida Munnetra Kazhagam,265,186,79,Tamilaga Vettri Kazhagam,1,3,5,8,8,8,2,8,6,8,8,8,8,4,8,8,6,14.08199643493761,39
53,261,23,74,0,0,0,188,0,2,0,0,0,0,18,0,0,0,566,0,6,572,0,"T.D.T.A. Primary School,   North Building East Portion, South Facing, Santhinagar.","1.Tirunelveli (C)Palayamkottai Ward No. 6 Shanthi Nagar 31St Street , 2.Tirunelveli (C) Palayamkottai Ward No. 6 Bell Amorses Colony, , 3.Tirunelveli
(C) Palayamkottai Ward No. 6 Bell Amorses Colony Ii , 999.Overseas Electors4.Tirunelveli (C)Palayamkottai Ward No. 6 Shanthi Nagar 25Th Street , 5.Tirunelveli Palayamkottai Ward No. 6 Shanthi Nagar 26Th Street , 6.Tirunelveli (C) Palayamkottai Ward No. 6 Shanthinagar 27Th Street , 7.Tirunelveli (C) Palayamkottai Ward No. 6 Shanthi Nagar 24Th Cross St. , 999.Overseas Electors
Page 11 of 78",General,"T.D.T.A. Primary School,   North Building East Portion, South Facing",Santhinagar.,Dravida Munnetra Kazhagam,261,188,73,Tamilaga Vettri Kazhagam,1,3,4,7,7,7,2,7,6,7,7,7,7,5,7,7,7,12.89752650176678,20
54,213,30,54,1,0,0,152,0,3,0,0,1,0,11,0,1,0,466,0,3,469,0,"Magdalene Matric Hr.Sec.School, Main Building North facing G1 Room,Rahmath Nagar,","1.Tirunelveli (C) Palayamkottai Ward No.7 Kamaraj Nagar, , 2.Tirunelveli (C) Palayamkottai Ward No.7Janaki Street, , 3.Tirunelveli (C) Palayamkottai Ward No.5 Rahmath Nagar 17Th Street, , 4.Tirunelveli (C) Palayamkottai Ward No.5 Rahmath Nagar 14Th Street, , 999.Overseas Electors",General,"Magdalene Matric Hr.Sec.School, Main Building North facing G1 Room,Rahmath Nagar",,Dravida Munnetra Kazhagam,213,152,61,Tamilaga Vettri Kazhagam,1,3,4,7,10,10,2,10,6,10,10,7,10,5,10,7,10,13.09012875536481,16
55,352,39,49,0,0,0,180,0,1,0,0,0,0,1,0,0,0,622,0,5,627,0,"Magdalene Matric Hr.Sec.School, Main Building North facing G3 Room,Rahmath Nagar,","1.Tirunelveli (C) Palayamkottai Ward No. 5 Rahumath Nagar 2Nd St , 2.Tirunelveli (C) Palayamkottai Ward No. 5 Rahumath Nagar 3Rd Street , 3.Tirunelveli (C)  Palayamkottai. Ward No. 5 Rahumath Nagar 4Th Street , 4.Tirunelveli (C) Palayamkottai. Ward No. 5 Rahumath Nagar 5Th St. , 5.Tirunelveli Palayamkottai Ward No.5 Rahumath Nagar 6Th St. , 6.Tirunelveli
(C) Palayamkottai Ward No. 5 Sathaq College Road, , 7.Tirunelveli  (C) Palayamkottai Ward No. 5 Rahmath Nagar 7Th Street, , 8.Tirunelveli (C) Palayamkottai Ward No. 5 Rahmath Nagar 40 Feet Street, , 9.Tirunelveli (C) Palayamkottai Ward No. 5 Rahumath Nagar 18Th Street , 10.Tirunelveli (C) Palayamkottai Ward No. 5 Rahumath Nagar 19Th Street , 11.Tirunelveli (C) Palayamkottai Ward No.5 Rahumath Nagar Extension Porition , 12.Tirunelveli
(C) Palayamkottai 36 Thrahumath Nagar  Ward No.5 ,  999.Overseas Electors",General,"Magdalene Matric Hr.Sec.School, Main Building North facing G3 Room,Rahmath Nagar",,Dravida Munnetra Kazhagam,352,180,172,Tamilaga Vettri Kazhagam,1,3,4,7,7,7,2,7,5,7,7,7,7,5,7,7,7,27.65273311897106,2
56,306,35,58,0,0,0,139,0,0,0,0,0,1,6,0,1,1,547,0,1,548,0,"Magdalene Matric Hr.Sec.School, Main Building North facing G5 Room,Rahmath Nagar,","1.Tirunelveli Palayamkottai Ward No. 5 Rahumath Nagar 20Th Street , 2.Tirunelveli (C) Palayamkottai Ward No. 5 Rahumath Nagar 26Th Street , 3.Tirunelveli (C) Palayamkottai Ward No. 5 Rahumathnagar 27Th Street , 4.Tirunelveli (C) Palayamkottai Ward No. 5 Rahumath Nagar 28Th Street , 5.Tirunelveli (C) Palayamkottai Ward No.5 Rahumath Nagar 29Th Street , 6.Tirunelveli (C) Palayamkottai Ward No. 5 Rahumath Nagar 30Th Street , 7.Tirunelveli (C) Palayamkottai Ward No. 5 Rahumath Nagar 31St Street , 8.Tirunelveli (C) Palayamkottai Ward No.5 Rahumath Nagar 32Nd Street , 9.Tirunelveli (C) Palayamkottai Ward No. 5 Rahumath Nagar 33Rd Street , 10.Tirunelveli (C) Palayamkottai Ward No.5 Shanthi Nagar Main Road Rahumath Nagar, , 11.Tirunelveli (C) Palayamkottai Ward No.5 Rahumath Nagar 8Th St. , 12.Tirunelveli (C) Palayamkottam Ward No.5 Rahumath Nagar 9Th St , 13.Tirunelveli (C) Palayamkottai Ward No.5 Rahumathnagar 10Th St. , 999.Overseas Electors",General,"Magdalene Matric Hr.Sec.School, Main Building North facing G5 Room,Rahmath Nagar",,Dravida Munnetra Kazhagam,306,139,167,Tamilaga Vettri Kazhagam,1,3,4,9,9,9,2,9,9,9,9,9,6,5,9,6,6,30.53016453382084,9
57,231,21,37,0,0,0,146,0,6,0,2,0,0,4,0,0,1,448,0,2,450,0,"Magdalene Matric Hr.Sec.School, Main Building North facing G6 Room,Rahmath Nagar","1.Tirunelveli (C) Palayamkottai Ward No.5 Rahumath Nagar 11Th St. , 2.Tirunelveli (C) Palayamkottai Rahumathnagar 12Th St. Ward No. 5 , 3.Tirunelveli (C) Palayamkottai Ward No.5 Rahumath Nagar 13Th St. , 4.Tirunelveli (C) Palayamkottai Ward No.5 Rahumath Nagar 15Th St. , 5.Tirunelveli (C) Palayamkottai Ward No.5 Rahumath Nagar 16Th St. , 6.Tirunelveli (C) Palayamkottai Ward No.5 Rahumath Nagar 60 Feet Road, , 999.Overseas Electors",General,"Magdalene Matric Hr.Sec.School, Main Building North facing G6 Room",Rahmath Nagar,Dravida Munnetra Kazhagam,231,146,85,Tamilaga Vettri Kazhagam,1,3,4,9,9,9,2,9,5,9,7,9,9,6,9,9,8,18.97321428571428,13
58,284,43,52,0,0,0,172,0,0,1,0,0,0,10,0,0,0,562,0,4,566,0,"Magdalene Matric Hr.Sec.School, Main Building North facing G8 Room,Rahmath Nagar","1.Tirunelveli (C) Palayamkottai Ward No.5 Rahumath Nagar 80 Feet Road, , 2.Tirunelveli (C) Palayamkottai Ward No.5 Rahumath Nagar 80Feet Road Right Side, , 3.Tirunelveli (C) Palayamkottai Ward No. 5 Rahumath Nagar 80 Feet Road 2Nd Lane, , 4.Tirunelveli (C) Palayamkottai Ward No.5 Rahumath Nagar 80 Feet Road Eastern Side, , 5.Tirunelveli (C) Palayamkottai Ward No.5 Vinayagar Avenue, , 6.Tirunelveli (C) Palayamkottai Ward No.5 Tiruchendur Road, , 7.Tirunelveli (C) Palayamkottai Ward No.5 Shantha Philip Colony 1St Street , 8.Tirunelveli (C) Palayamkottai Ward No.5 Shantha Philip Colony 2Nd St
, 9.Tirunelveli (C) Palayamkottai Ward No.5 Shantha Philip Colony 3Rd St , 10.Tirunelveli (C) Palayamkottai Ward No.5 Rahumath Nagar 60 Feet Right Side, , 11.Tirunelveli (C) Palayamkottai Ward No.5 Rahumath Nagar 60 Feet Road Left Side, , 12.Tirunelveli (C) Palayamkottai Ward No.5 Rahumath Nagar 21St Street , 13.Tirunelveli (C) Palayamkottai Ward No.5 Rahumath Nagar 37Th Steet , 14.Tirunelveli (C) Palayamkottai Ward No.5 Rahumath Nagar 38Th St. , 15.Tirunelveli (C) Palayamkottai Ward No.5 Rahumath Nagar 39Th St. , 999.Overseas Electors",General,"Magdalene Matric Hr.Sec.School, Main Building North facing G8 Room",Rahmath Nagar,Dravida Munnetra Kazhagam,284,172,112,Tamilaga Vettri Kazhagam,1,3,4,7,7,7,2,7,7,6,7,7,7,5,7,7,7,19.9288256227758,11
59,219,43,75,2,1,0,307,2,1,1,1,0,0,4,3,2,2,663,0,2,665,0,"Panchayat Union Middle School ,New Building, Western Block, Northern Portion, Piranthankulam.","1.Tirunelveli (C) Palayamkottai Ward No.7 Kamarajar Street,. , 2.Tirunelveli (C) Palayamkottai Ward No.7 Piranthankulam North Portion, 3.Tirunelveli (C) Palayamkottai Ward No.7 V.O.C. Street. , 999.Overseas Electors",General,"Panchayat Union Middle School ,New Building, Western Block, Northern Portion",Piranthankulam.,Tamilaga Vettri Kazhagam,307,219,88,Dravida Munnetra Kazhagam,2,3,4,7,11,15,1,7,11,11,11,15,15,5,6,7,7,13.27300150829563,16
60,196,51,54,2,3,0,317,1,2,3,1,1,1,4,0,2,1,639,0,2,641,0,"Panchayat Union Middle School ,South Building, Western Portion Piranthankulam.","1.Tirunelveli (C) Palayamkottai Ward No.7 Kennady Street, , 2.Tirunelveli (C) Palayamkottai Ward No.7 Mariamman Koil Street, , 3.Tirunelveli (C) Palayamkottai Ward No.7 Josiyar Street, , 4.Tirunelveli (C) Palayamkottai Ward No.7 Kasthuribai Street, , 5.Tirunelveli (C) Palayamkottai Ward No.7 Sanjai Gandhi Street, , 6.Tirunelveli (C) Palayamkottai Ward No.7 Karai Street, , 7.Tirunelveli (C) Palayamkottai Ward No.7 Sweeper Colony Street, , 999.Overseas Electors",General,"Panchayat Union Middle School ,South Building",Western Portion Piranthankulam.,Tamilaga Vettri Kazhagam,317,196,121,Dravida Munnetra Kazhagam,2,3,4,8,6,16,1,11,8,6,11,11,11,5,16,8,11,18.9358372456964,16
61,200,22,79,0,2,0,291,1,3,0,1,0,0,2,1,0,1,603,0,0,603,0,"Panchayat Union Middle School , New Building Western Block, South Portion, 1st Room Piranthankulam, Manakavalampillai Nagar.","1.Tirunelveli (C) Palayamkottai Ward No.7 Bharathiyar Street, , 2.Tirunelveli (C) Palayamkottai Ward No 7 Manakavalampillai Nagar, Gandhi North Street, , 3.Tirunelveli (C) Palayamkottai Ward No 7 Manakavalampillai Gandhi  Street, 4.Tirunelveli (C) Palayamkottai Ward No 7 Ulagamman Koil Street, , 999.Overseas Electors",General,"Panchayat Union Middle School , New Building Western Block, South Portion, 1st Room Piranthankulam",Manakavalampillai Nagar.,Tamilaga Vettri Kazhagam,291,200,91,Dravida Munnetra Kazhagam,2,3,4,12,6,12,1,8,5,12,8,12,12,6,8,12,8,15.09121061359867,9
62,247,42,57,0,0,0,343,1,0,0,0,1,0,1,1,2,1,696,0,1,697,0,"Panchayat Union Middle School , New Building Western Block, South Portion, IInd Room Piranthankulam, Manakavalampillai Nagar.","1.Tirunelveli (C) Palayamkottai Ward No.7 Esakki Amman Koil Street, , 2.Tirunelveli (C) Palayamkottai Ward No.7 Santhanamariamman Koil St , 3.Tirunelveli (C) Palayamkottai Ward No.7 Indira Gandhi Street, , 4.Tirunelveli
(C) Palayamkottai Ward No.7 Nehru Main Street, , 5.Tirunelveli (C) Palayamkottai Ward No.7 Veda Koil Street, , 6.Tirunelveli (C) Palayamkottai Ward No.7 Asath Street , 999.Overseas Electors",General,"Panchayat Union Middle School , New Building Western Block, South Portion, IInd Room Piranthankulam",Manakavalampillai Nagar.,Tamilaga Vettri Kazhagam,343,247,96,Dravida Munnetra Kazhagam,2,3,4,11,11,11,1,6,11,11,11,6,11,6,6,5,6,13.79310344827586,7
63,206,38,56,1,0,1,384,0,0,0,1,1,0,18,1,2,3,712,0,4,716,0,"Young Men Christrian Association Boys Hostel ,Main Building, West Portion, Palayamkottai","1.Tirunelveli (C) Palayamkottai Anna Street, Anna East Street, Ward No 6 , 999.Overseas Electors",General,"Young Men Christrian Association Boys Hostel ,Main Building, West Portion",Palayamkottai,Tamilaga Vettri Kazhagam,384,206,178,Dravida Munnetra Kazhagam,2,3,4,8,13,8,1,13,13,13,8,8,13,5,8,7,6,25.0,26
64,132,5,47,0,0,1,285,2,0,1,1,0,0,27,2,2,4,509,0,2,511,0,"Young Men Christrian Association Boys Hostel, Main Building, North Portion,Palayamkottai","1.Tirunelveli (C) Palayamkottai Ambethkar Colony-I (Door no.1-67)Ward No 16
, 999.Overseas Electors",General,"Young Men Christrian Association Boys Hostel, Main Building, North Portion",Palayamkottai,Tamilaga Vettri Kazhagam,285,132,153,Dravida Munnetra Kazhagam,2,3,5,13,13,10,1,7,13,10,10,13,13,4,7,7,6,30.05893909626719,39
65,64,6,38,0,0,0,271,0,0,0,0,0,0,18,0,0,0,397,0,1,398,0,"Young Men Christrian Association Boys Hostel, Main Building, East Portion, Palayamkottai","1.Tirunelveli (C) Palayamkottai Ambethkar Colony-II(Door no.68-661) Ward No 6 , 999.Overseas Electors",General,"Young Men Christrian Association Boys Hostel, Main Building, East Portion",Palayamkottai,Tamilaga Vettri Kazhagam,271,64,207,Dravida Munnetra Kazhagam,2,3,5,6,6,6,1,6,6,6,6,6,6,4,6,6,6,52.14105793450882,18
66,289,58,89,1,0,0,337,0,1,1,0,0,0,1,1,3,3,784,0,0,784,0,"Corporation Vadakkupadai Primary School, Main Hall, Eyarpagainayanar Street, Palayamkottai.","1.Tirunelveli (C) Palayamkottai Moorthy Nayanar Street, Ward No 10 , 2.Tirunelveli (C) Palayamkottai Ilayankudinayanar Street, Ward No 10 , 3.Tirunelveli (C) Palayamkottai Murugan Nayanar Street, Ward No 10 , 999.Overseas Electors",General,"Corporation Vadakkupadai Primary School, Main Hall, Eyarpagainayanar Street",Palayamkottai.,Tamilaga Vettri Kazhagam,337,289,48,Dravida Munnetra Kazhagam,2,3,4,7,12,12,1,12,7,7,12,12,12,7,7,5,5,6.122448979591836,10
67,192,40,85,0,1,0,381,2,0,1,2,1,0,0,2,1,0,708,0,3,711,0,"Corporation Vadkkupadai Primary School , New Building, Northern Portion Eyarpagainayanar Street, Palayamkottai","1.Tirunelveli (C) Palayamkottai Enathi Nayanar Street, Ward 10 , 2.Tirunelveli
(C) Palayamkottai Ulgamman Koil Street, Ward No. 10 , 3.Tirunelveli (C) Palayamkottai Kaligama Nayanar Street, Ward 10 , 4.Tirunelveli (C) Palayamkottai Thirugnana Sampantha Nayanar Street, Ward 4 , 5.Tirunelveli (C) Palayamkottai Thiruneelakanda Nayanar Street, Ward 10 , 6.Tirunelveli (C) Palayamkottai Athipaktha Nayanar Street, Ward 10 , 7.Tirunelveli (C) Palayamkottai Amarneethi Nayanar Street, Ward 10 , 8.Tirunelveli (C) Palayamkottai Kotpuli Nayanar Street, Ward 10 , 9.Tirunelveli (C) Palayamkottai Kootruva Nayanar Street. Ward No 10 ,
999.Overseas Electors",General,"Corporation Vadkkupadai Primary School , New Building, Northern Portion Eyarpagainayanar Street",Palayamkottai,Tamilaga Vettri Kazhagam,381,192,189,Dravida Munnetra Kazhagam,2,3,4,12,8,12,1,5,12,8,5,8,12,12,5,8,12,26.69491525423729,9
68,253,35,69,3,1,2,317,1,2,1,1,0,0,2,2,4,3,696,0,1,697,0,"Corporation Vadkkupadai Primary School
,New Building, Southern Portion Eyarpagainayanar Street, Palayamkottai","1.Tirunelveli (C) Palayamkottai Pugal Chola Nayanar Street, Ward 10 , 2.Tirunelveli (C) Palayamkottai Kungaliya Nayanar Street, Ward 10 , 3.Tirunelveli (C) Palayamkottai Maikanda Nayanar Street, Ward 10 , 4.Tirunelveli (C) Palayamkottai Siruthunai Nayanar Street, Ward 10 , 5.Tirunelveli (C) Palayamkottai Nabigal Nayagam Street, Ward 10 , 6.Tirunelveli
(C) Palayamkottai Visalatchi Amman Koil Street, Ward 10 , 7.Tirunelveli (C) Palayamkottai Pugal Thunai Nayanar Street, Ward No 10 , 999.Overseas Electors",General,"Corporation Vadkkupadai Primary School
,New Building, Southern Portion Eyarpagainayanar Street",Palayamkottai,Tamilaga Vettri Kazhagam,317,253,64,Dravida Munnetra Kazhagam,2,3,4,6,12,8,1,12,8,12,12,16,16,8,8,5,6,9.195402298850574,16
69,163,34,116,1,1,1,327,1,1,2,3,1,1,3,0,1,0,656,0,4,660,0,"C.M.S. Mary Arden Middle School, ,Arden Hall ,Northern Side,Palayamkottai","1.Tirunelveli (C) Palayamkottai Nedumaran Nayanar Street, Ward No 10 , 2.Tirunelveli (C) Palayamkottai Cheraman Peruman Nayanar Street, Ward No 4
, 3.Tirunelveli (C) Palayamkottai Kottur Road Ward 10, , 4.Tirunelveli (C) Palayamkottai Siruthondar Nayanar Street, Ward No 10 , 5.Tirunelveli (C) Palayamkottai Kottur Road Ward No.4 , 6.Tirunelveli (C) Palayamkottai Sakthi Nayanar Street Ward No 9 , 999.Overseas Electors",General,"C.M.S. Mary Arden Middle School, ,Arden Hall ,Northern Side",Palayamkottai,Tamilaga Vettri Kazhagam,327,163,164,Dravida Munnetra Kazhagam,2,3,4,8,8,8,1,8,8,7,5,8,8,5,16,8,16,25.0,13
70,207,37,75,1,0,0,295,8,0,0,1,1,2,1,0,0,2,630,0,2,632,0,"C.M.S, Mary Arden School, Arden Hall, South Portion, Palayamkottai","1.Tirunelveli (C) Palayamkottai Uruthira Pasupathi Nayanar Street, Ward No 4 2.Tirunelveli (C) Palayamkottai Narasingamunaiyaduvar Nayanar Street, Ward No 10 , 3.Tirunelveli (C) Palayamkottai Thirunavukarasu Nayanar Street, Ward No 10 , 999.Overseas Electors",General,"C.M.S, Mary Arden School, Arden Hall, South Portion",Palayamkottai,Tamilaga Vettri Kazhagam,295,207,88,Dravida Munnetra Kazhagam,2,3,4,8,12,12,1,5,12,12,8,8,6,8,12,12,6,13.96825396825397,15
71,142,44,72,1,0,1,260,1,3,0,1,0,0,1,1,0,0,527,0,6,533,0,"C.M.S, Mary Arden Milddle School, Western Portion Palayamkotai","1.Tirunelveli (C) Palayamkottai Parvathi Amman Koil Street, Ward No. 10 , 2.Tirunelveli (C) Palayamkottai Thirugnana Sampantha Nayanar Street, Ward No 10 , 999.Overseas Electors",General,"C.M.S, Mary Arden Milddle School",Western Portion Palayamkotai,Tamilaga Vettri Kazhagam,260,142,118,Dravida Munnetra Kazhagam,2,3,4,6,12,6,1,6,5,12,6,12,12,6,6,12,12,22.39089184060721,7
72,69,31,66,1,0,0,235,1,1,0,0,0,0,0,0,0,0,404,0,5,409,0,"Corporation Vadakkupadai Integrated Children Development Scheme Balar School
,Western Portion, Eyarpagainayanar Street, Palayamkottai","1.Tirunelveli (C) Palayamkottai Mupudathiamman West Street, Ward 9 , 2.Tirunelveli (C) Palayamkottai Selva Vinayagar Koil Street, Ward 9 , 999.Overseas Electors",General,"Corporation Vadakkupadai Integrated Children Development Scheme Balar School
,Western Portion, Eyarpagainayanar Street",Palayamkottai,Tamilaga Vettri Kazhagam,235,69,166,Dravida Munnetra Kazhagam,2,3,4,5,8,8,1,5,5,8,8,8,8,8,8,8,8,41.08910891089108,2
73,121,17,84,2,0,1,227,0,0,0,0,0,0,0,0,1,0,453,0,5,458,0,"Corporation Vadakkupadai Integrated Children Development Scheme Balar School, North Building East Portion, Eyarpagainayanar Street, Palayamkottai","1.Tirunelveli (C) Palayamkottai Thirumoola Nayanar Street, Ward 9 , 2.Tirunelveli (C) Palayamkottai Poosalar Nayanar Street, Ward 9 , 3.Tirunelveli
(C) Palayamkottai Ayyadigal Kadavarkon Koil Street, Ward 9 , 4.Tirunelveli (C) Palayamkottai Sudalai Koil Street, Ward 9 , 5.Tirunelveli (C) Palayamkottai Meiporul Nayanar Street, Ward 9 , 999.Overseas Electors",General,"Corporation Vadakkupadai Integrated Children Development Scheme Balar School, North Building East Portion, Eyarpagainayanar Street",Palayamkottai,Tamilaga Vettri Kazhagam,227,121,106,Dravida Munnetra Kazhagam,2,3,4,5,8,6,1,8,8,8,8,8,8,8,8,6,8,23.39955849889625,1
74,146,19,110,2,1,1,318,0,2,0,0,0,0,1,1,0,1,602,0,1,603,0,"Corporation Vaddakkupadai Intergrated Children Development Scheme Balar School, Easten Portion, Eyarpagainayanar Street, Palayamkottai","1.Tirunelveli (C) Palayamkottai Kanaganatha Nayanar Street, Ward 9 , 2.Tirunelveli (C) Palayamkottai Kanagam Pulla Nayanar Street, Ward 9 , 3.Tirunelveli (C) Palayamkottai Pathala Madan Koil Street, Ward No.9 , 4.Tirunelveli (C) Palayamkottai Kottur Road, Ward 9 , 5.Tirunelveli (C) Palayamkottai Sithi Vinayagar Kovil Street, Ward No. 9 , 6.Tirunelveli (C) Palayamkottai Sakkiya Nayanar Street, Ward No.9 , 999.Overseas Electors",General,"Corporation Vaddakkupadai Intergrated Children Development Scheme Balar School, Easten Portion, Eyarpagainayanar Street",Palayamkottai,Tamilaga Vettri Kazhagam,318,146,172,Dravida Munnetra Kazhagam,2,3,4,5,7,7,1,12,5,12,12,12,12,7,7,12,7,28.57142857142857,5
75,188,31,88,2,0,0,382,1,5,1,0,0,0,2,0,0,0,700,0,3,703,0,"C.M.S. Mary Arden Middle School ,Middle Room Western Side, Eyarpagainayanar Street Palayamkottai.","1.Tirunelveli (C) Palayamkottai Munaiaduvar Nayanar Street, Ward No.9 , 2.Tirunelveli (C) Palayamkottai Iyarpagainayanar Street, Ward No.9 , 3.Tirunelveli (C) Palayamkottai Kaliya Nayanar Street, Ward No.9 , 4.Tirunelveli
(C) Palayamkottai Pallivasal Street, Ward No.9 ,  5.Tirunelveli (C) Palayamkottai Kalikamba Nayanar Street Ward No.9 , 999.Overseas Electors",General,"C.M.S. Mary Arden Middle School ,Middle Room Western Side",Eyarpagainayanar Street Palayamkottai.,Tamilaga Vettri Kazhagam,382,188,194,Dravida Munnetra Kazhagam,2,3,4,6,10,10,1,8,5,8,10,10,10,6,10,10,10,27.71428571428572,9
76,175,25,63,0,0,0,220,0,1,0,0,1,0,4,0,2,0,491,0,0,491,0,"C.M.S Mary Arden Middle School, Selvin Hall, Eyarpagainayanar Street Palayamkottai","1.Tirunelveli (C) Palayamkottai Thiruchendur Road, Ward No 9 , 2.Tirunelveli
(C) Palayamkottai Bharathi Nagar, Police Colony, Ward No.9 , 3.Tirunelveli (C) Palayamkottai Arivatta Nayanar Street, Ward No.9 , 4.Tirunelveli (C) Palayamkottai Sandesuvara Nayanar Street, Ward No 9 , 5.Tirunelveli (C) Palayamkottai Vayilla Nayanar Street, Ward No. 9 ,6.Tirunelveli (C) Palayamkottai Lodikan Street, Ward No.9 , 7.Tirunelveli (C) Palayamkottai Sadaiyanayanar Street, Ward No. 9 , 999.Overseas Electors",General,"C.M.S Mary Arden Middle School, Selvin Hall",Eyarpagainayanar Street Palayamkottai,Tamilaga Vettri Kazhagam,220,175,45,Dravida Munnetra Kazhagam,2,3,4,9,9,9,1,9,7,9,9,7,9,5,9,6,9,9.164969450101832,8
77,134,37,57,1,0,2,296,1,1,1,0,0,0,0,1,1,2,534,0,2,536,0,"St.Joesph Matriculation School, Eastern Building Northern Wing, Senthilnagar (Ward 11) Palayamkottai","1.Tirunelveli (C) Palayamkottai Mupudathiamman Koil East Street, Ward No 9 , 2.Tirunelveli (C) Palayamkottai. Chokalinga Swami Koil Street-I, Ward No 9 , 3.Tirunelveli (C) Palayamkottai Chokalinga Swami Koil Street-II, Ward No 9 , 999.Overseas Electors",General,"St.Joesph Matriculation School, Eastern Building Northern Wing",Senthilnagar (Ward 11) Palayamkottai,Tamilaga Vettri Kazhagam,296,134,162,Dravida Munnetra Kazhagam,2,3,4,7,13,5,1,7,7,7,13,13,13,13,7,7,5,30.3370786516854,7
78,198,38,108,0,0,0,379,1,3,0,0,1,1,4,3,2,3,741,0,2,743,0,"St. Joesph Matriculation School, Eastern Building Middle Portion Senthilnagar (Ward 11) Palayamkottai","1.Tirunelveli (C) Palayamkottai Senthil Nagar, Ward No 8 , 2.Tirunelveli (C) Palayamkottai Ani Nagar, Ward No 8 , 999.Overseas Electors",General,St. Joesph Matriculation School,Eastern Building Middle Portion Senthilnagar (Ward 11) Palayamkottai,Tamilaga Vettri Kazhagam,379,198,181,Dravida Munnetra Kazhagam,2,3,4,13,13,13,1,10,6,13,13,10,10,5,6,9,6,24.42645074224022,18
79,157,28,68,1,0,1,256,2,2,0,1,0,1,0,1,0,0,518,0,2,520,0,"St.Joesph Matriculation School ,Southern Portion Eastren Building ,Senthil Nagar(Ward 11)Palayamkottai","1.Tirunelveli (C)  Palayamkottai Senthil Nagar, Ward No 8 , 2.Tirunelveli (C) Palayamkottai Manakanja Nayanar Street, Ward No 9 , 3.Tirunelveli (C) Palayamkottai. Abinaya Nagar, Ward No 8, 999.Overseas Electors",General,"St.Joesph Matriculation School ,Southern Portion Eastren Building",Senthil Nagar(Ward 11)Palayamkottai,Tamilaga Vettri Kazhagam,256,157,99,Dravida Munnetra Kazhagam,2,3,4,7,12,7,1,5,5,12,7,12,7,12,7,12,12,19.11196911196911,7
80,230,28,51,0,1,0,239,0,3,0,1,0,0,2,0,2,2,559,0,0,559,0,"TDTA Primary School, Western Building Christhu Koil Street. Samathanapuram","1.Tirunelveli (C) Palayamkottai Munaiyaduvar Nayanar Street, Ward No 9 , 2.Tirunelveli (C) Palayamkottai Seevalaperi Road, Ward No 8, 3.Tirunelveli (C) Palayamkottai Parathavar Street, Ward No 8, 4.Tirunelveli (C) Palayamkottai Gnana Ananthar Street, Ward No. 8 , 999.Overseas Electors
Page 18 of 78",General,TDTA Primary School,Western Building Christhu Koil Street. Samathanapuram,Tamilaga Vettri Kazhagam,239,230,9,Dravida Munnetra Kazhagam,2,3,4,11,9,11,1,11,5,11,9,11,11,6,11,6,6,1.610017889087657,10
81,198,39,53,0,0,0,240,2,0,1,0,0,0,14,0,1,0,548,0,2,550,0,"TDTA Primary School, ,Eastren Block, Backside room, Christhu Koil Street. Samathanapuram","1.Tirunelveli (C) Palayamkottai Aputhiran Street, Ward No 8 , 2.Tirunelveli (C) Palayamkottai. Sakthi Nagar, Ward No 8 , 3.Tirunelveli (C) Palayamkottai Pothu Nala Street, Ward No 8 , 4.Tirunelveli (C) Palayamkottai Nalvali Street, Ward No 8 , 5.Tirunelveli (C) Palayamkottai Kapilar Street, Ward No 8 , 6.Tirunelveli (C) Palayamkottai Kaliamman Koil Street, Ward No. 8 , 7.Tirunelveli (C) Palayamkottai Kananathanayanar Street Ward No 8, 999.Overseas Electors",General,"TDTA Primary School, ,Eastren Block, Backside room",Christhu Koil Street. Samathanapuram,Tamilaga Vettri Kazhagam,240,198,42,Dravida Munnetra Kazhagam,2,3,4,9,9,9,1,6,9,7,9,9,9,5,9,7,9,7.664233576642336,18
82,243,42,54,0,0,0,224,2,0,0,0,0,0,10,0,1,1,577,0,2,579,0,"TDTA Primary School ,Additional Building Christhu Koil Street Samathanapuram","1.Tirunelveli (C) Palayamkottai Parichutha Aavi Street, Ward No 8 2.Tirunelveli
(C) Palayamkottai Thiruchendur Road, Ward No. 8 , 3.Tirunelveli (C) Palayamkottai Thalavai Amman Koil Street, Ward No 8 , 4.Tirunelveli (C) Palayamkottai Anthoniar Koil Street, Ward No 8 , 5.Tirunelveli (C) Palayamkottai Sevadi Street, Ward No 8 , 6.Tirunelveli (C) Palayamkottai Veeramamunivar Street, Ward No. 8 , 999.Overseas Electors",General,TDTA Primary School,Additional Building Christhu Koil Street Samathanapuram,Dravida Munnetra Kazhagam,243,224,19,Tamilaga Vettri Kazhagam,1,3,4,9,9,9,2,6,9,9,9,9,9,5,9,7,7,3.292894280762565,14
83,95,17,110,1,0,0,218,1,3,0,1,0,1,0,0,0,0,447,0,4,451,0,"Corporation Middle School, ,R.C Terraced Portion in the back Side Southern Portion, Perumal Sannathi Street,Palayamkottai","1.Tirunelveli (C) Palayamkottai Perumal Sannathi Street, W.No 33 , 2.Tirunelveli
(C) Palayamkottai Krishnan Koil Middle Street, W.No 33 , 3.Tirunelveli (C) Palayamkottai Krishnan Koil South Street 2Nd Lane, W.No 33 , 4.Tirunelveli (C) Palayamkottai Krishnan Koil South Street Ist Lane, W.No 33 , 5.Tirunelveli (C) Palayamkottai Kaaykarikadai Street, W.No 33 , 6.Tirunelveli (C) Palayamkottai Paktharai Panivar Street, W.No 33 , 999.Overseas Electors",General,"Corporation Middle School, ,R.C Terraced Portion in the back Side Southern Portion, Perumal Sannathi Street",Palayamkottai,Tamilaga Vettri Kazhagam,218,110,108,All India Anna Dravida Munnetra Kazhagam,3,2,4,6,10,10,1,6,5,10,6,10,6,10,10,10,10,24.16107382550336,6
84,131,32,144,0,2,0,310,1,6,1,1,0,1,1,0,0,3,633,0,1,634,0,"Corporation Middle School, , R.C Shed, Northern Side, Perumal Sannathi Street, Palayamkottai","1.Tirunelveli (C) Palayamkottai Muniyankoil Street, W.No 33 , 2.Tirunelveli (C) Palayamkottai Perumal East Car Street, W.No 33 , 3.Tirunelveli (C) Palayamkottai Krishnan Koil West Street, W.No. 33 , 999.Overseas Electors",General,"Corporation Middle School, , R.C Shed, Northern Side, Perumal Sannathi Street",Palayamkottai,Tamilaga Vettri Kazhagam,310,144,166,All India Anna Dravida Munnetra Kazhagam,3,2,4,13,7,13,1,8,5,8,8,13,8,8,13,13,6,26.22432859399684,14
85,102,24,124,0,0,0,177,0,5,0,0,0,0,0,0,1,1,434,0,5,439,0,"Corporation Middle School, Integrated Childrens Nutrition CentreNo 77, Perumal Sannathi Street, Palayamkottai","1.Tirunelveli (C) Palayamkottai Pandu Rengan Street, W.No. 33 , 2.Tirunelveli
(C) Palayamkottai Paramanai Paduvar Street. W.No 33 , 3.Tirunelveli (P) Palayamkottai Sivan West Car Street, W.No 33 , 4.Tirunelveli (C) Palayamkottai Senpagavanastreet, W.No 33 , 999.Overseas Electors
Page 19 of 78",General,"Corporation Middle School, Integrated Childrens Nutrition CentreNo 77, Perumal Sannathi Street",Palayamkottai,Tamilaga Vettri Kazhagam,177,124,53,All India Anna Dravida Munnetra Kazhagam,3,2,4,8,8,8,1,8,5,8,8,8,8,8,8,6,6,12.21198156682028,7
86,249,33,84,0,1,0,269,0,4,0,0,1,0,5,0,0,1,647,0,3,650,0,"St Antonys Primary School, Main Building North Palayamkottai","1.Tirunelveli (C) Palayamkottai Paul Street, W.No 34 , 2.Tirunelveli (C) Palayamkottai Viswa Bramanar Street, W.No. 34 , 3.Tirunelveli (C) Palayamkottai Ambikapathi Street, W.No 34 , 4.Tirunelveli (C) Palayamkottai Thillaikootha Nayanar Street, W.No 34 , 5.Tirunelveli (C) Palayamkottai Chithirai Velaikara Street, W.No  34 , 6.Tirunelveli (C) Palayamkottai Sivaloganathar Street, W.No 34 , 7.Tirunelveli (C) Palayamkottai Emperumal Street, W.No. 34 , 8.Tirunelveli (C) Palayamkottai Jothi Street, W.No 34 , 9.Tirunelveli (C) Palayamkottai Perarul Street, W.No 34 , 10.Tirunelveli (C) Palayamkottai Devakirupai Street, W.No 34 , 999.Overseas Electors",General,St Antonys Primary School,Main Building North Palayamkottai,Tamilaga Vettri Kazhagam,269,249,20,Dravida Munnetra Kazhagam,2,3,4,10,7,10,1,10,6,10,10,7,10,5,10,10,7,3.091190108191654,11
87,348,25,60,0,0,0,240,0,0,0,0,0,0,4,0,0,1,678,0,2,680,0,"St Antonys Primary School ,Main Building, Main Hall, South Side, Palayamkottai","1.Tirunelveli (C) Palayamkottai Islamiar Street, W.No 34 , 2.Tirunelveli (C) Palayamkottai Mukthi Street, W.No 34 , 3.Tirunelveli (C) Palayamkottai East Uchimahali Amman Koil Street, W.No 34 , 4.Tirunelveli (C) Palayamkottai Kadikara Street, W.No 34 , 5.Tirunelveli (C) Palayamkottai Manakavalam Pillai Hospital Street, W.No 34 , 6.Tirunelveli (C) Palayamkottai Pitchuvana Street, W.No 34 , 7.Tirunelveli (C) Palayamkottai Esan Street, W.No 34 , 999.Overseas Electors",General,"St Antonys Primary School ,Main Building, Main Hall, South Side",Palayamkottai,Dravida Munnetra Kazhagam,348,240,108,Tamilaga Vettri Kazhagam,1,3,4,7,7,7,2,7,7,7,7,7,7,5,7,7,6,15.92920353982301,5
88,136,31,160,0,1,0,306,1,7,0,0,0,0,2,0,0,1,645,0,2,647,0,"Corporation Middle School ,(Front Hall) Western Wing, Perumal Sannathi Street, Palayamkottai","1.Tirunelveli (C) Palayamkottai Krishnan Koil South Street, W.No 33 , 2.Tirunelveli (C) Palayamkottai Krishnan Koil East Street, W.No 33 , 3.Tirunelveli (C) Palayamkottai Krishnan Koil North Street, W.No 33 , 4.Tirunelveli (C) Palayamkottai Manakavalam Pillai Hospital Street, W.No 33 , 5.Tirunelveli (C) Palayamkottai Market Street, W.No 33 , 6.Tirunelveli (C) Palayamkottai Kovalan Street, W.No 33 , 7.Tirunelveli (C) Palayamkottai Emperumal Street W.No. 33 , 999.Overseas Electors",General,"Corporation Middle School ,(Front Hall) Western Wing, Perumal Sannathi Street",Palayamkottai,Tamilaga Vettri Kazhagam,306,160,146,All India Anna Dravida Munnetra Kazhagam,3,2,4,10,7,10,1,7,5,10,10,10,10,6,10,10,7,22.63565891472868,11
89,141,34,82,2,0,0,250,0,5,0,0,0,0,1,1,0,0,516,0,3,519,1,"Corporation Middle School, ,(Front Hall) Eastern Wing, Perumal Sannathi Street,Palayamkottai","1.Tirunelveli (C) Palayamkottai W.No 34 Second Rajakkal Street, , 2.Tirunelveli
(C) Palayamkottai W.No. 34, 6Th Street(Pandia Vellalar Street), , 3.Tirunelveli
(C) Palayamkottai W.No 34 Sivan North Car Street, , 999.Overseas Electors",General,"Corporation Middle School, ,(Front Hall) Eastern Wing, Perumal Sannathi Street",Palayamkottai,Tamilaga Vettri Kazhagam,250,141,109,Dravida Munnetra Kazhagam,2,3,4,6,9,9,1,9,5,9,9,9,9,7,7,9,9,21.12403100775194,7
90,140,18,137,1,1,0,225,0,4,0,0,0,0,2,1,1,1,531,0,4,535,0,"Corporation Middle School   ,Perumal Sannathi Street (Front Hall) Middle Portion,, Palayamkottai","1.Tirunelveli (C) Palayamkottai Muthusamy Lane, W.No 33 , 2.Tirunelveli (C) Palayamkottai Sudalaikoil Lane, W.No 33 , 3.Tirunelveli (C) Palayamkottai North Uchimahaliamman Koil Street, W.No 33 ,  4.Tirunelveli (C) Palayamkottai W.No 34 Nellai Nayanar Street, , 5.Tirunelveli (C) Palayamkottai W.No 34Kannaki Street , 999.Overseas Electors",General,"Corporation Middle School   ,Perumal Sannathi Street (Front Hall) Middle Portion,",Palayamkottai,Tamilaga Vettri Kazhagam,225,140,85,Dravida Munnetra Kazhagam,2,3,4,7,7,12,1,12,5,12,12,12,12,6,7,7,7,16.0075329566855,9
91,152,33,173,0,0,0,231,0,7,0,0,0,3,1,1,0,0,601,0,5,606,0,"Usborne Memorial Middle School ,New Building Southern Side, Langarkhana Street Palayamkottai","1.Tirunelveli (C) Palayamkottai Perumal South Mada Veedhi, W.No 35 , 2.Tirunelveli (C)  Palayamkottai Perumal South Car Street, W.No. 35 , 3.Tirunelveli (C) Palayamkottai Thayumanavar Lane, W.No.35 , 4.Tirunelveli (C) Palayamkottai Sadagopan Lane, W.No. 35 , 5.Tirunelveli (C) Palayamkottai Perumal West Mada Veedhi, W.No. 33 , 6.Tirunelveli (C) Palayamkottai Perumal North Mada Street, W.No. 33 , 999.Overseas Electors",General,"Usborne Memorial Middle School ,New Building Southern Side",Langarkhana Street Palayamkottai,Tamilaga Vettri Kazhagam,231,173,58,All India Anna Dravida Munnetra Kazhagam,3,2,4,9,9,9,1,9,5,9,9,9,6,7,7,9,9,9.650582362728786,12
92,187,41,147,0,1,1,313,0,3,0,0,0,1,2,0,1,1,698,0,5,703,0,"Usborne Memorial Middle School , (Main Building) Lankarkana Street, Palayamkottai","1.Tirunelveli (C) Palayamkottai Perumal West Car Street, W.No 33 , 2.Tirunelveli
(C) Palayamkottai Perumal North Car Street, W.No 33 , 3.Tirunelveli (C) Palayamkottai Nallathambi Street, W.No 33 ,  999.Overseas Electors",General,"Usborne Memorial Middle School , (Main Building) Lankarkana Street",Palayamkottai,Tamilaga Vettri Kazhagam,313,187,126,Dravida Munnetra Kazhagam,2,3,4,12,7,7,1,12,5,12,12,12,7,6,12,7,7,18.05157593123209,8
93,150,40,114,0,0,2,240,0,16,1,1,3,0,1,1,0,1,570,0,7,577,0,"Usborne Memorial Middle School ,New Building Northern Side, Langarkhana Street Palayamkottai","1.Tirunelveli (C) Palayamkottai Thirupugal Street, W.No 33 , 2.Tirunelveli (C) Palayamkottai Thirumandira Street, W.No 33 , 3.Tirunelveli (C) Palayamkottai Thiruarutpayan Street, W.No 33 , 4.Tirunelveli (C) Palayamkottai Perasiriyar Street, W.No 33 , 5.Tirunelveli (C) Palayamkottai Langarkana Street, W.No 33 , 6.Tirunelveli (C) Palayamkottai. Pirasanna Vinayagar Koil Street, W.No 35 , 7.Tirunelveli (C) Palayamkottai Police Station Street, W.No 35 , 8.Tirunelveli (C) Palayamkottai Ramasamy Koil Agragaram, 9.Tirunelveli (C) Palayamkottai Sixth Street (Konar Pettai Lane) , W.No 34 , W.No 35 , 10.Tirunelveli (C) Palayamkottai Karunyan Street, W.No 33 , 11.Tirunelveli (C) Palayamkottai Theiva Street,  W.No 9 ,999.Overseas Electors",General,"Usborne Memorial Middle School ,New Building Northern Side",Langarkhana Street Palayamkottai,Tamilaga Vettri Kazhagam,240,150,90,Dravida Munnetra Kazhagam,2,3,4,13,13,7,1,13,5,8,8,6,13,8,8,13,8,15.78947368421053,24
94,210,44,45,0,0,0,204,0,5,0,1,1,0,4,0,1,0,515,0,2,517,0,"Sarah Tucker Branch Elementray School , (Northern Building) Chinnakoil Street., Adaikalapuram","1.Tirunelveli (C) Palayamkottai Thiruvananthapuram Road, W.No 32 , 2.Tirunelveli (C) Palayamkottai Anbu Street, W.No 32 , 3.Tirunelveli (C) Palayamkottai Raniel Street, W.No 32 , 4.Tirunelveli (C) Palayamkottai Chinna Koil Street, W.No 32 , 5.Tirunelveli (C) Palayamkottai Luther Street, W.No 32 , 6.Tirunelveli (C) Palayamkottai Ratchakar Street, W.No 32 , 7.Tirunelveli (C) Palayamkottai Thayaparan Street, W.No 9 , 8.Tirunelveli (C) Palayamkottai Thayaparan Street, W.No 9, 999.Overseas Electors",General,"Sarah Tucker Branch Elementray School , (Northern Building) Chinnakoil Street.",Adaikalapuram,Dravida Munnetra Kazhagam,210,204,6,Tamilaga Vettri Kazhagam,1,3,4,10,10,10,2,10,5,10,7,7,10,6,10,7,10,1.16504854368932,12
95,168,48,59,1,1,0,233,3,2,0,0,0,0,0,0,0,1,516,0,1,517,0,"Sarah Tucker Branch Elementary School , , Southern Building Chinnakoil Street Adaikalapuram","1.Tirunelveli (C) Palayamkottai Pudupettai Street, W.No 32, 2.Tirunelveli (C) Palayamkottai Pudupettai North Street, W.No 32 , 3.Tirunelveli (C) Palayamkottai Suvisesha Street, W.No 32 , 4.Tirunelveli (C) Palayamkottai Subramaniya Puram Theppakula Street, W.No 32, 5.Tirunelveli (C) Palayamkottai Nathan Street, W.No 32 , 6.Tirunelveli (C) Palayamkottai Asirvatham Street, W.No. 33 , 999.Overseas Electors",General,"Sarah Tucker Branch Elementary School ,",Southern Building Chinnakoil Street Adaikalapuram,Tamilaga Vettri Kazhagam,233,168,65,Dravida Munnetra Kazhagam,2,3,4,7,7,10,1,5,6,10,10,10,10,10,10,10,7,12.5968992248062,6
96,294,62,48,0,0,0,355,2,1,2,1,0,2,2,0,1,4,774,0,3,777,0,"Cathedral Higher Secondary School, ,New Block, Bishop Jebaraj Block, Murugankurichi","1.Tirunelveli (C) Murugankurichi. Vengu Street, Ward 10 , 2.Tirunelveli (C) Murugankurichi Thiruvananthapuram Road, Ward 10 , 3.Tirunelveli (C) Murugankurichi Guru Street, Ward 10 , 4.Tirunelveli (C) Murugankurichi Karunai Vallal Street, Ward 10 , 5.Tirunelveli (C) Murugankurichi Kadavul Street, Ward 10 , 6.Tirunelveli (C) Murugankurichi Paraparan Street, Ward 10 , 7.Tirunelveli (C) Murugankurichi Appavu Chitra Achiriyar Street, Ward 10 , 8.Tirunelveli (C) Murugankurichi Deva Piran Street, Ward 10 , 9.Tirunelveli (C) Murugankurichi Bye Pass Road, Ward 10 , 10.Tirunelveli (C) Murugankurichi Paranar Street, Ward 10 , 11.Tirunelveli (C) Murugankurichi Iraivan Street, Ward 10 , 12.Tirunelveli (C) Murugankurichi Maraiyavar Street, Ward 10 , 13.Tirunelveli (C) Murugankurichi Kalarsingha Nayanar Street, Ward 10 , 14.Tirunelveli Murugankurichi. Somachi Nayanar Street, Ward 10 , 15.Tirunelveli (C) Murugankurichi Kulachirainayanar Street, Ward 10 , 16.Tirunelveli ( C )Murugankurichi Viral Meenda Nayanar Street. Ward 10 , 999.Overseas Electors",General,"Cathedral Higher Secondary School, ,New Block, Bishop Jebaraj Block",Murugankurichi,Tamilaga Vettri Kazhagam,355,294,61,Dravida Munnetra Kazhagam,2,4,3,13,13,13,1,6,10,6,10,13,6,6,13,10,5,7.881136950904392,15
97,194,30,103,1,0,1,288,0,1,0,0,0,0,0,0,1,1,620,0,4,624,0,"Manoranjitham Middle School, Northern Block Eastern Side Ilangovadigal Street, Kokkirakulam","1.Tirunelveli (C) Kokkirakulam Guru Munivar Street, Ward No. 10 , 2.Tirunelveli (C) Kokirakulam Ilangovadigal Street, Ward No 10 , 3.Tirunelveli
(C) Kokkirakulam Ilampuvana Street, Ward No 10 , 4.Tirunelveli (C) Kokkirakulam Vasanth Nagar(Jeyalalitha Nagar) Ward 10 999.Overseas Electors",General,"Manoranjitham Middle School, Northern Block Eastern Side Ilangovadigal Street",Kokkirakulam,Tamilaga Vettri Kazhagam,288,194,94,Dravida Munnetra Kazhagam,2,3,4,5,10,5,1,10,5,10,10,10,10,10,10,5,5,15.16129032258064,3
98,162,28,106,0,1,1,226,1,7,0,0,0,0,1,3,3,0,539,0,3,542,0,"Manoranjitham Middle School, Western Block Western Side Ilangovadigal Street, Kokkirakulam","1.Tirunelveli (C) Kokirakulam Nachinikiniyar Street, Ward No 10 , 2.Tirunelveli
(C) Kokkirakulam Kavi Kamber Street, Ward No 10 , 3.Tirunelveli (C) Kokirakulam Katcheri Compound Street, Ward No 10 , 4.Tirunelveli (C) Kokirakulam Thirumangai Mannan Street, Ward No 10 , 5.Tirunelveli (C) Kokkirakulam Thiruvalluvar Street, Ward No. 10 , 6.Tirunelveli (C) Kokkirakulam Adiyarkku Nallar Street, Ward No 10 , 7.Tirunelveli (C) Kokkirakulam Perasiriyar Street, Ward No 10, 8.Tirunelveli (C) Kokirakulam Salai Street Ward No 10 , 999.Overseas Electors
Page 23 of 78",General,"Manoranjitham Middle School, Western Block Western Side Ilangovadigal Street",Kokkirakulam,Tamilaga Vettri Kazhagam,226,162,64,Dravida Munnetra Kazhagam,2,3,4,12,8,8,1,8,5,12,12,12,12,8,6,6,12,11.87384044526902,15
99,176,58,51,1,0,0,364,10,1,0,2,1,1,3,1,0,0,669,0,5,674,0,"Corporation Primary School, East Portion, Kurundudaiyarpuram.","1.Tirunelveli (C) Kokkirakulam Mariamman Koil Street, Ward 31 , 2.Tirunelveli
(C) Kokkirakulam Kurundudaiyarpuram Sivan West Street, Ward 31 , 3.Tirunelveli (C) Kokkirakulam Mutharamman Koil Street, Ward 10 , 4.Tirunelveli (C) Kokkirakulam Tholkapier Street, Ward 31 , 999.Overseas Electors",General,"Corporation Primary School, East Portion",Kurundudaiyarpuram.,Tamilaga Vettri Kazhagam,364,176,188,Dravida Munnetra Kazhagam,2,4,3,8,13,13,1,5,8,13,7,8,8,6,8,13,13,28.101644245142,19
100,194,27,86,0,0,1,297,6,1,0,3,0,0,4,0,0,0,619,0,0,619,0,"Stella Marys School, (National Creche Ministry of Women & Child Development), Kokkirakulam","1.Tirunelveli (C) Kokkirakulam Selva Vinayagar Koil Street, Ward No 31 , 2.Tirunelveli (C) Kokkirakulam Kannappa Nayanar Street, Ward 31, 3.Tirunelveli (C) Kokkirakulam Sivan West Street, Ward 31 , 4.Tirunelveli (C) Kokkirakulam Sivan North Street, Ward 31 , 5.Tirunelveli (C) Kokkirakulam Nethaji Road, Ward 31 , , 999.Overseas Electors",General,"Stella Marys School, (National Creche Ministry of Women & Child Development)",Kokkirakulam,Tamilaga Vettri Kazhagam,297,194,103,Dravida Munnetra Kazhagam,2,3,4,10,10,8,1,5,8,10,7,10,10,6,10,10,10,16.63974151857835,14
101,162,32,71,1,0,0,198,2,1,0,0,0,0,1,1,0,1,470,0,0,470,0,"Corporation Primary School, West Portion, Kurundudaiyarpuram.","1.Tirunelveli (C) Kokkirakulam Parimelalakar Street, Ward No 10 , 2.Tirunelveli
(C) Kokkirakulam Bharathiyar Street, Ward No 31 , 3.Tirunelveli (C) Kokkirakulam Pavala Street, Ward No. 31 , 4.Tirunelveli (C) Kokkirakulam Thirunalaikupovar Street, Ward No 31 , 5.Tirunelveli (C) Kokkirakulam Thirupanalvar Street, Ward No 31 , 6.Tirunelveli (C) Kokirakulam Manakudavar Street, Ward No 31 , 7.Tirunelveli (C) Kokkirakulam Sivan South Street, Ward No 31 , 8.Tirunelveli (C) Kokkirakulam Sivan East Street. Ward No 31 , 999.Overseas Electors",General,"Corporation Primary School, West Portion",Kurundudaiyarpuram.,Tamilaga Vettri Kazhagam,198,162,36,Dravida Munnetra Kazhagam,2,3,4,6,11,11,1,5,6,11,11,11,11,6,6,11,6,7.659574468085106,6
102,182,50,57,0,1,0,218,0,1,0,0,0,1,0,0,0,0,510,0,2,512,0,"Manivasagar Arulneri Middle School , South Room, Western Side, Pudupettai Middle Street Palayamkottai","1.Tirunelveli (C) Palayamkottai Daniel Thomas Street, W.No 32 , 2.Tirunelveli
(C) Palayamkottai Pudupettai South Street, W.No 32 , 3.Tirunelveli (C) Palayamkottai Puthupettai Middle St. W.No.32 , 999.Overseas Electors",General,"Manivasagar Arulneri Middle School , South Room, Western Side",Pudupettai Middle Street Palayamkottai,Tamilaga Vettri Kazhagam,218,182,36,Dravida Munnetra Kazhagam,2,3,4,8,5,8,1,8,5,8,8,8,5,8,8,8,8,7.058823529411764,2
103,204,43,42,0,0,0,198,2,1,0,0,1,0,2,0,0,1,494,0,2,496,0,"Manivasagar Arulneri Middle School, Southern Building. Eastern Side, South Room Puthu Pettai Middle Street, Palayamkottai","1.Tirunelveli (C) Palayamkottai Nandanar Street, W.No. 32 , 2.Tirunelveli (C) Palayamkottai Kariyanayanar Street, W.No 32 , 3.Tirunelveli (C) Palayamkottai Jothipuram South Street, W.No 32 , 4.Tirunelveli (C) Palayamkottai Jothipuram North Street, W.No 32 ,999.Overseas Electors",General,"Manivasagar Arulneri Middle School, Southern Building. Eastern Side, South Room Puthu Pettai Middle Street",Palayamkottai,Dravida Munnetra Kazhagam,204,198,6,Tamilaga Vettri Kazhagam,1,4,3,10,10,10,2,5,7,10,10,7,10,5,10,10,7,1.214574898785425,7
104,265,53,33,0,3,0,257,2,1,1,0,0,0,2,1,0,3,621,0,1,622,0,"Manivasagar Arulneri Middle School, North Building, East Portion, Puthu Pettai Middle Street, Palayamkottai","1.Tirunelveli (C) Palayamkottai Nesanayanar Street, W.No 32 , 2.Tirunelveli (C) Palayamkottai Eripathanayanar Street, W.No 32,3.Tirunelveli (C) Palayamkottai Mgr Colony, W.No 32 , 4.Tirunelveli (C) Palayamkottai Lakshmi Narasingapuram Teacher Quarters, W.No 32 , 5.Tirunelveli (C) Palayamkottai Lakshmi Narasingapuram Extension W.No 32 ,6.Tirunelveli (C) Palayamkottai Pudupettai West Street, W.No 32, 7.Tirunelveli (C) Palayamkottai Lakshmi Narasingapuram Street, W.No 32 999.Overseas Electors",General,"Manivasagar Arulneri Middle School, North Building, East Portion, Puthu Pettai Middle Street",Palayamkottai,Dravida Munnetra Kazhagam,265,257,8,Tamilaga Vettri Kazhagam,1,4,3,12,5,12,2,7,9,9,12,12,12,7,9,12,5,1.288244766505636,10
105,106,38,109,3,0,1,198,1,26,0,1,0,0,3,4,1,1,492,0,5,497,0,"Layola Convent Primary School , Western block 4th Room, From west Side to East Palayamkottai","1.Tirunelveli (C) Palayamkottai Guruparamparai Street, W.No ,35. 2.Tirunelveli
(C) Palayamkottai Kulasekara Alwar St. 35 , 3.Tirunelveli (C) Palayamkottai Yadavar West Street, W.No 35 , 4.Tirunelveli (C) Palayamkottai Sundaramoorthy Nayanar Street, W.No 35 , 5.Tirunelveli (C) Palayamkottai Periyalwar Street, W.No 35 , 5.Tirunelveli (C) Palayamkottai Uchimahali Sannathi Street, W.No 35
,999.Overseas Electors",General,"Layola Convent Primary School , Western block 4th Room",From west Side to East Palayamkottai,Tamilaga Vettri Kazhagam,198,109,89,All India Anna Dravida Munnetra Kazhagam,3,2,4,7,14,9,1,9,5,14,9,14,14,7,6,9,9,18.08943089430894,37
106,157,46,76,0,1,0,176,0,30,0,0,1,1,1,0,0,2,491,0,0,491,0,"Layola Convent Primary School , ,Western Wing 3rd Room, Palayamkottai","1.Tirunelveli (C) Palayamkottai Punithavathiyar Street, W.No 35 , 2.Tirunelveli (C Palayamkottai Mutharamman Koil Street, W.No 35 , 3.Tirunelveli Palayamkottai Andal Street, W.No 35 , 4.Tirunelveli (C) Palayamkottai Thiruvananthapuram Road, W.No 32 , 5.Tirunelveli (C) Palayamkottai Sarvagnana Street, W.No 35 999.Overseas Electors",General,"Layola Convent Primary School , ,Western Wing 3rd Room",Palayamkottai,Tamilaga Vettri Kazhagam,176,157,19,Dravida Munnetra Kazhagam,2,3,4,11,7,11,1,11,5,11,11,7,7,7,11,11,6,3.869653767820774,35
107,147,49,69,2,1,0,248,1,52,1,0,0,1,4,1,0,0,576,0,4,580,0,"Layola Convent Primary School ,South Building Middle Portion, Palayamkottai","1.Tirunelveli (C) Palayamkottai Post Office Street W.No 35 , 2.Tirunelveli (C) Palayamkottai Jamiya Pallivasal Street, W.No 35 , 3.Tirunelveli (C) Palayamkottai Ramasamy Sannathi Street, W.No 35, 4.Tirunelveli (C) Palayamkottai Uchimahali Sannathi Street, W.No 35 , 5.Tirunelveli (C) Palayamkottai Pattinathar Lane, W.No. 35 , 6.Tirunelveli (C) Palayamkottai Vaikundanatan Street, W.No. 35 , 7.Tirunelveli (C) Palayamkottai Thiruvempavai Street, W.No 35 ,8.Tirunelveli (C) Palayamkottai Thirupanalwar Street W.No 35,999.Overseas Electors",General,"Layola Convent Primary School ,South Building Middle Portion",Palayamkottai,Tamilaga Vettri Kazhagam,248,147,101,Dravida Munnetra Kazhagam,2,3,5,7,8,13,1,8,4,8,13,13,8,6,8,13,13,17.53472222222222,60
108,135,31,122,0,0,1,302,0,6,1,1,0,0,3,3,3,2,610,0,2,612,0,"Child Jesus Higher Secondary School South Block Building, Central Hall 6th C class Room, St. Mark Street, Palayamkottai","1.Tirunelveli (C) Palayamkottai Pattu Pillayar Koil Street, W.No 34 , 2.Tirunelveli (C) Palayamkottai Dharmar Lane, W.No. 34 , 3.Tirunelveli (C) Palayamkottai Mahavishnu Street, W.No 34 , 4.Tirunelveli (C) Palayamkottai Manimantra Street, W.No. 34 , 5.Tirunelveli (C) Palayamkottai Sivan South Mada Street, W.No 34 , 6.Tirunelveli (C) Palayamakottai Sivan East Car Street, W.No 34 999.Overseas Electors",General,"Child Jesus Higher Secondary School South Block Building, Central Hall 6th C class Room, St. Mark Street",Palayamkottai,Tamilaga Vettri Kazhagam,302,135,167,Dravida Munnetra Kazhagam,2,3,4,13,13,10,1,13,5,10,10,13,13,6,6,6,9,27.37704918032787,19
109,140,19,86,4,1,0,204,1,10,0,0,1,0,1,0,1,0,468,0,2,470,0,"Child Jesus Higher Secondary School ,West Block New Building Southern Ground Floor 11th E Class Room, St. Mark Salai Palayamkottai","1.Tirunelvelveli (C) Palayamkottai Thiruvadi Street, W.No 34 , 2.Tirunelveli (C) Palayamkotai Kumarakuruparan Koil Street, W.No 34 , 3.Tirunelveli (C) Palayamkottai Sowrashtra Ramasamy Koil Street, W.No 34, 4.Tirunelveli (C) Palayamkottai Sivan Koil West Mada Veedhi, W.No 34 , 5.Tirunelveli (C) Palayamkottai Sivan North Mada Veedhi. W.No 34 , 6.Tirunelveli (C) Palayamkottai Murugaperumal Street, W.No 34 , 7.Tirunelveli (C) Palayamkottai Uchimahaliamman Koil Street, W.No 34 , 999.Overseas Electors",General,"Child Jesus Higher Secondary School ,West Block New Building Southern Ground Floor 11th E Class Room",St. Mark Salai Palayamkottai,Tamilaga Vettri Kazhagam,204,140,64,Dravida Munnetra Kazhagam,2,3,4,6,7,12,1,7,5,12,12,7,12,7,12,7,12,13.67521367521368,14
110,222,42,63,2,0,1,229,0,12,1,0,0,0,2,0,0,1,575,0,6,581,0,"Child Jesus Higher Secondary School, Southern Block Western Side 6th B Class Room, Old Church Street, Palayamkottai","1.Tirunelveli (C) Palayamkottai Divya Prabantha Street W.No. 35 , 2.Tirunelveli
(C) Palayamkottai Mukuntha Malai Street W.No. 35 , 3.Tirunelveli (C) Palayamkottai Coorathalwar Street W.No. 35 , 4.Tirunelveli (C) Palayamkottai Thirumozhisai Alwar Street W.No.35 , 5.Tirunelveli (C) Palayamkottai Masthan Padal Street W.No.35 , 6.Tirunelveli (C) Palayamkottai Sivan South Car Street W.No. 35 , 7.Tirunelveli (C)Palayamkottai Ellamman Koil Street W.No. 35 , 8.Tirunelveli (C) Palayamkottai English Church Road W.No. 35 , 9.Tirunelveli
(C) Palayamkottai Thiruvaimoli Street Ward No 35 , 999.Overseas Electors",General,"Child Jesus Higher Secondary School, Southern Block Western Side 6th B Class Room, Old Church Street",Palayamkottai,Tamilaga Vettri Kazhagam,229,222,7,Dravida Munnetra Kazhagam,2,3,4,6,11,8,1,11,5,8,11,11,11,6,11,11,8,1.217391304347826,16
111,177,19,78,1,0,1,203,0,12,0,1,1,2,3,0,0,0,498,0,3,501,0,"Child Jesus Higher Secondary School , 11th D Class Room,Western Block Old Chruch Strreet, Palayamkottai","1.Tirunelveli (C) Palayamkottai Alavanthan Street, W.No 35 , 2.Tirunelveli (C) Palayamkottai Yadavar East Street, W.No 35 , 3.Tirunelveli (C) Palayamkottai Old Koil Street, W.No 35 , 4.Tirunelveli (C) Palayamkottai Thiruvai Mozhi Street W.No. 35 , 5.Tirunelveli ( C) Palayamkottai Arunagirinathar Street, W.No 35 , 6.Tirunelveli (C) Palayamkottai Agasthiyar Street, W.No 35 , 7.Tirunelveli (C) Palayamkottai Post Office Street, W.No 35 , 8.Tirunelveli (C) Palayamkottai Therayar Lane, W.No 35 , 9.Tirunelveli (C) Palayamkottai Pathrasiviyar Street,W.No 35 , 999.Overseas Electors",General,"Child Jesus Higher Secondary School , 11th D Class Room,Western Block Old Chruch Strreet",Palayamkottai,Tamilaga Vettri Kazhagam,203,177,26,Dravida Munnetra Kazhagam,2,3,4,8,12,8,1,12,5,12,8,8,7,6,12,12,12,5.220883534136546,19
112,192,55,47,1,0,0,364,2,2,1,0,2,1,10,1,1,4,683,0,2,685,0,"Corporation Middle School, Manakavalam Pillai Hospital Road, SouthSide, Near Sanitary Inspector’s Office, Samathanapuram","1.Tirunelveli (C) Palayamkottai Sathya Street, W.No 8 , 2.Tirunelveli (C) Palayamkottai Kulam Purampokku 1St Street, W.No 8 , 3.Tirunelveli (C) Palayamkottai Kulam Purampokku 2Nd Street, W.No 8 ,999.Overseas Electors",General,"Corporation Middle School, Manakavalam Pillai Hospital Road, SouthSide, Near Sanitary Inspector’s Office",Samathanapuram,Tamilaga Vettri Kazhagam,364,192,172,Dravida Munnetra Kazhagam,2,4,3,10,15,15,1,7,7,10,15,7,10,5,10,10,6,25.18301610541728,24
113,195,36,41,0,0,0,170,0,0,0,2,0,0,8,1,0,0,453,0,1,454,0,"Corporation Middle School, Manakavalam Pillai Hospital Road, Western Side, Near Sanitary Inspector’s Office, Samathanapuram","1.Tirunelveli (C) Palayamkottai Shanthi Nagar 1St. Street, Ward No 7 , 2.Tirunelveli (C) Palayamkottai Shanthi Nagar 2 Nd Street Ward No 7, , 3.Tirunelveli (C) Palayamkottai Shanthi Nagar 3Rd Street, Ward No. 7 , 4.Tirunelveli (C) Palayamkottai Shanthi Nagar 4Th Street, Ward No. 7 , 5.Tirunelveli (C) Palayamkottai Shanthi Nagar 11Th St, Ward No 7 , 6.Tirunelveli (C) Palayamkottai Shanthi Nagar 10Th St ,Ward No 7, 7.Tirunelveli
(C) Palayamkottai Shanthi Nagar 9Th St Ward No 7. , 8.Tirunelveli (C) Palayamkottai Shanthi Nagar Veda Koil Street, Ward No 7 , 9.Tirunevleli (C) Palayamkottai Shanthinagar 2Nd Main Road, Ward No.7 , 10.Tirunelveli (C) Palayamkottai Shanthi Nagar 12Th Street. Ward No 7 , 999.Overseas Electors",General,"Corporation Middle School, Manakavalam Pillai Hospital Road, Western Side, Near Sanitary Inspector’s Office",Samathanapuram,Dravida Munnetra Kazhagam,195,170,25,Tamilaga Vettri Kazhagam,1,3,4,8,8,8,2,8,8,8,6,8,8,5,7,8,8,5.518763796909492,11
114,144,47,66,1,0,0,351,0,0,2,0,0,1,1,0,4,3,620,0,1,621,0,"Corporation Middle School, Manakavalam Pillai Hospital Road, South Side Eastern Part, Near Sanitary Inspector’s Office, Samathanapuram","1.Tirunelveli (C) Palayamkottai Shanmugampillai Street, Ward No.7 , 2.Tirunelveli (C) Palayamkottai Thirumalai Street, Ward No 7 ,      999.Overseas Electors",General,"Corporation Middle School, Manakavalam Pillai Hospital Road, South Side Eastern Part, Near Sanitary Inspector’s Office",Samathanapuram,Tamilaga Vettri Kazhagam,351,144,207,Dravida Munnetra Kazhagam,2,3,4,8,11,11,1,11,11,7,11,11,8,8,11,5,6,33.38709677419354,11
115,208,40,44,1,1,1,333,2,2,2,0,1,1,3,2,0,4,645,0,7,652,0,"Corporation Middle School, Manakavalam Pillai Hospital Road, North Building East Portion, Near Sanitary Inspector’s Office, Samathanapuram","1.Tirunelveli (C) Palayamkottai Thiruvalluvar Street, Ward No 7 ,2.Tirunelveli
(C) Palayamkottai Maharajapillai Street, Ward No 7 , 3.Tirunelveli (C) Palayamkottai Maharajapillai Cross Street Ward No 7,4.Tirunelveli (C) Palayamkottai Thiruchendur Road, Ward No 7 , 999.Overseas Electors",General,"Corporation Middle School, Manakavalam Pillai Hospital Road, North Building East Portion, Near Sanitary Inspector’s Office",Samathanapuram,Tamilaga Vettri Kazhagam,333,208,125,Dravida Munnetra Kazhagam,2,3,4,11,11,11,1,7,7,7,16,11,11,6,7,16,5,19.37984496124031,17
116,358,41,44,1,1,0,240,0,0,0,0,0,0,5,0,0,2,692,0,5,697,0,"Corporation Community Hall ,Northern Wing Scavenger’s Colony Palayamkottai","1.Tirunelveli (C) Palayamkottai Poongapul Street, Ward No 8 , 2.Tirunelveli (C) Palayamkottai Avvaiyar Street, Ward No 8 , 3.Tirunevlei (C) Palayamkottai Chelunsudar Street, Ward No 14 , 4.Tiruneveli (C) Palayamkottai Senpagam Nagar, Ward No 8 , 5.Tirunelveli (C) Palayamkottai Christhu Koil Street, Ward No 8 , 6.Tirunelveli (C) Palayamkottai Kariya Nayanar Street, Ward No 34 , 7.Tirunelveli (C) Palayamkottai Millitary Line, Ward No 34, 8.Tirunelveli (C) Palayamkottai Ellam Vallavan Street Ward No 34 , 999.Overseas Electors",General,Corporation Community Hall,Northern Wing Scavenger’s Colony Palayamkottai,Dravida Munnetra Kazhagam,358,240,118,Tamilaga Vettri Kazhagam,1,3,4,7,7,9,2,9,9,9,9,9,9,5,9,9,6,17.05202312138728,7
117,293,31,48,2,0,0,250,0,1,0,0,1,1,1,0,0,0,628,0,3,631,0,"Corporation Community Hall ,Southern Wing Scavenger’s Colony Palayamkottai","1.Tiruneveli (C) Palayamkottai Arulmani Street, Ward No 34 , 2.Tiruneveli (C) Palayamkottai Nesanayanar Street, Ward No 34 , 3.Tirunelveli (C) Palayamkottai Kotchenga Chola Nayanar Street, Ward No 34 , 4.Tirunelveli (C) Palayamkottai Sankar Colony, Ward No 7 , 5.Tirunelveli (C)  Palayamkottai Eripatha Nayanar Street, Ward No 34 , 6.Tirunelveli (C) Palayamkottai Mangayarkarasi Street, Ward No 8 , 999.Overseas Electors",General,Corporation Community Hall,Southern Wing Scavenger’s Colony Palayamkottai,Dravida Munnetra Kazhagam,293,250,43,Tamilaga Vettri Kazhagam,1,3,4,5,10,10,2,10,6,10,10,6,6,6,10,10,10,6.847133757961783,4
118,308,20,56,2,1,2,475,1,1,0,0,0,0,2,1,0,1,870,0,1,871,0,"St Johns Higher Secondary School,PTA Building Room No 49 Palayamkottai","1.Tirunelveli (C) Palayamkottai Kamaraj Colony,  Ward No 36 , 2.Tirunelveli (C) Palayamkottai Gandhinagar 1St Street Ward No 36 , 3.Tirunelveli (C) Palayamakottai Gandhinagar 2Nd Street Ward No 36 , 4.Tirunelveli (C) Palayamkottai Gandhi Nagar 3Rd Street W.No. 36 , 5.Tirunelveli (C) Palayamkottai Gandhi Nagar 4Th Street W.No. 36 , 6.Tiruneveli (C) Palayamakottai Gandhi Nagar 5Th Street W.No.36 ,  999.Overseas Electors",General,St Johns Higher Secondary School,PTA Building Room No 49 Palayamkottai,Tamilaga Vettri Kazhagam,475,308,167,Dravida Munnetra Kazhagam,2,3,4,5,8,5,1,8,8,13,13,13,13,5,8,13,8,19.19540229885057,6
119,234,47,50,1,1,0,275,2,1,1,1,0,0,0,0,2,2,617,0,3,620,0,"St Johns Higher Secondary School ,Room No1 Main Block Northern Side, Palayamkottai","1.Tirunelveli (C) Palayamkottai Anna Nagar, Pnk Colony, West Street, Ward No 36 , 2.Tiruneveli (C) Palayamkottai North High  Ground Road, Ward No 36 , 3.Tiruneveli (C) Palayamkottai Indira Nagar Main Street, Ward No 36 , 4.Tirunelveli (C) Palayamkottai Annai Indira Nagar 1St And 2Nd Street, 1St Main Street, Ward No 36 ,  999.Overseas Electors",General,"St Johns Higher Secondary School ,Room No1 Main Block Northern Side",Palayamkottai,Tamilaga Vettri Kazhagam,275,234,41,Dravida Munnetra Kazhagam,2,3,4,8,8,13,1,5,8,8,8,13,13,13,13,5,5,6.645056726094004,9
120,305,45,51,1,1,2,265,8,1,0,2,0,0,2,0,0,5,688,0,1,689,0,"St Johns Higher Secondary School,Room No4 Main Block Southern Side, Palayamkottai","1.Tirunelveli (C) Palayamkottai Annai Indira Nagar South Street, Ward No 36 , 2.Tirunelveli (C) Palayamkottai Anna Nagar Pnk Colony North Street, Ward No 36 , 3.Tirunelveli (C) Palayamkottai Anna Nagar Pnk Colony East Street, Ward No 36 , 4.Tiruneveli (C) Palayamkottai Anna Nagar Main Road, Ward No 36 , 5.Tirunelveli (C) Palayamkottai Annanagar First Lane Ward No 36, 6.Tirunelveli
(C) Palayamkottai Annanagar Second Lane Ward No 36, 7.Tirunelveli (C) Palayamkottai Annanagar Third Lane Ward No 36 , 8.Tirunelveli (C) Palayamkottai Annanagar Fourth Lane Ward No 36, 9.Tirunelveli (C) Palayamkottai Annanagar Fifth Lane Ward No 36, 10.Tirunelveli (C) Palayamkottai Annanagar Eighth Lane Ward No 36, 11.Tiruneveli (C) Palayamkottai Annanagar Nineth Lane Ward No 36, 12.Tirunelveli (C) Palayamkottai Annanagar Ward No 36 , 13.Tiruneveli (C) Palayamkottai Indira Nagar 2Nd Cross Street Ward No 36 , 999.Overseas Electors",General,"St Johns Higher Secondary School,Room No4 Main Block Southern Side",Palayamkottai,Dravida Munnetra Kazhagam,305,265,40,Tamilaga Vettri Kazhagam,1,3,4,10,10,7,2,5,10,13,7,13,13,7,13,13,6,5.813953488372093,18
121,324,40,45,2,0,1,197,0,0,0,1,1,0,2,0,0,1,614,0,1,615,0,"St Johns Higher Secondary School, PTA Room No 50 Palayamkottai","1.Tirunelveli (C) Palayamkottai Lalitha Nagar W.No. 36 , 2.Tirunelveli (C) Palayamkottai Jeya Nagar W.No. 36 , 3.Tiruneveli (C) Palayamkottai S.N.V. Nagar W.No. 36 , 4.Tirunelveli (C) Palayamkottai Collector Nagar W.No. 36 , 5.Tirunelveli (C) Palayamkottai Balaji Nagar W.No.36 , 6.Tirunelveli (C) Palayamkottai Everest Street W.No.36 , 7.Tirunelveli (C) Palayamkottai Kadhir Nagar(Muparak Nagar), Ward No 36 , 8.Tirunelveli (C) Palayamkottai A.D.J. Nagar W.No. 36 , 9.Tirunelveli (C) Palayamkottai Devaloga Street W.No. 36 , 10.Tirunelveli (C) Palayamkottai Vip Colony, Ward No 36 ,11.Tirunelveli (C) Palayamkottai St. Lukes Street, Arulmani Street Ward No 36 , 12.Tirunelveli (C) Palayam Kottai Annai Indira Nagar 2Nd Street, Ward No 36 , 13.Tirunelveli (C) Palayamkottai Annai Indira Nagar North Street, Ward No 36 ,   999.Overseas Electors",General,St Johns Higher Secondary School,PTA Room No 50 Palayamkottai,Dravida Munnetra Kazhagam,324,197,127,Tamilaga Vettri Kazhagam,1,3,4,5,11,7,2,11,11,11,7,7,11,5,11,11,7,20.68403908794788,5
122,314,38,58,0,1,0,278,0,1,0,0,0,0,4,1,0,0,695,0,2,697,0,"St Johns Higher Secondary School, PTA Room No 51 Palayamkottai","1.Tirunelveli (C) Palayamkottai Paranjsudar Street, Ward No 34 , 2.Tirunelveli
(C) Palayamkottai Vinnavar Street W.No. 34 , 3.Tirurnelveli (C) Palayamkottai Vinayagar Street W.No.34 , 4.Tirunelveli (C) Palayamkottai Rail Nagar W.No. 36
, 5.Tirunelveli (C) Palayamkottai Joint Director Of Agriculture Quarters, Ward No 36 , 6.Tirunelveli (C)  Palaymkottai Reporters Colony, Ward No 36 , 7.Tirunelveli (C) Palayamkottai Pwd Colony Campus, Ward No 36 , 8.Tirunelveli (C) Palayamkottai Civil Surgeons Quarters, Ward No 36, 9.Tirunelveli Palayamkottai Gandhi Nagar 6Th Street W.No.36 , 10.Tirunelveli
(C) Palayamkottai Gandhi Nagar 7Th Street W.No. 36 , 11.Tirunelveli Palayamkottai Gandhi Nagar 8Th Street W.No. 36 , 999.Overseas Electors",General,St Johns Higher Secondary School,PTA Room No 51 Palayamkottai,Dravida Munnetra Kazhagam,314,278,36,Tamilaga Vettri Kazhagam,1,3,4,9,6,9,2,9,6,9,9,9,9,5,6,9,9,5.179856115107913,6
123,273,28,36,0,2,3,244,1,0,0,1,1,0,4,0,1,0,594,0,1,595,0,"St Johns Higher Secondary School, Room No6 Main Portion, South Side Palayamkottai","1.Tirunelveli (C) Palaymkottai. Kirupakaran Street, W.No 34 , 2.Tirunelveli (C) Palaymakottai Johns College Road W.No. 36 , 3.Tirunelveli (C) Palayamkottai St.Mark Street W.No.36 , 4.Tirunelveli (C) Palayamkottai Karuniyar Street W.No.34 , 5.Tirunelveli (C) Palayamkottai Perinba Street W.No. 34 , 6.Tirunelveli
(C) Palayamkottai Old Police Hospital Road,W.No 34 , 7.Tirunelveli (C) Palayamkottai St. Marks Road W.No 35 , 999.Overseas Electors",General,"St Johns Higher Secondary School, Room No6 Main Portion",South Side Palayamkottai,Dravida Munnetra Kazhagam,273,244,29,Tamilaga Vettri Kazhagam,1,3,4,12,7,6,2,8,12,12,8,8,12,5,12,8,12,4.882154882154882,8
124,216,54,48,2,0,2,288,2,0,0,0,0,0,2,1,1,0,616,0,3,619,0,"Sarah Tucker Higher Secondary School ,
,Howard Memorial Hall, 2nd Hall From West Palayamkottai","1.Tirunelveli (C) Palayamkottai Commissioner Bunglaw Street, W.No 32 , 2.Tirunelveli (C) Palayamkottai Subramania Swamy Koil Street, W.No 32 , 3.Tirunelveli (C) Palayamkottai Nambikai Nagar, W.No 32 , 4.Tirunelveli (C) Palayamkottai Railway Station Road, W.No 32 , 5.Tirunelveli (C) Palayamkottai Rajendra Nagar, 5Th Street, W.No 32 ,  999.Overseas Electors",General,"Sarah Tucker Higher Secondary School ,
,Howard Memorial Hall",2nd Hall From West Palayamkottai,Tamilaga Vettri Kazhagam,288,216,72,Dravida Munnetra Kazhagam,2,4,3,5,11,5,1,5,11,11,11,11,11,5,9,9,11,11.68831168831169,6
125,268,40,34,0,0,0,217,1,1,0,0,1,0,2,0,1,3,568,0,5,573,0,"Sarah Tucker Girl’s Higher Secondary School, ,Howard Memorial Hall, Eastern Side, Last Room, Palayamkottai.","1.Tirunelveli (C) Palayamkottai Rajendra Nagar1 St Street, W.No 32 , 2.Tirunelveli (C) Palayamkottai Jepamaligai Nagar, W.No 32 , 3.Tirunelveli (C) Palayamkottai Rajendra Nagar,  6Th Street, W.No 32 , 4.Tirunelveli (C) Palayamkottai All India Radio Adukkumadi Kudieruppu, W.No 32 , 5.Tirunelveli (C) Palayamkottai Government Poramboku Railway Station Road W.No 32 , 999.Overseas Electors",General,"Sarah Tucker Girl’s Higher Secondary School, ,Howard Memorial Hall, Eastern Side, Last Room",Palayamkottai.,Dravida Munnetra Kazhagam,268,217,51,Tamilaga Vettri Kazhagam,1,4,3,11,11,11,2,7,7,11,11,7,11,6,11,7,5,8.97887323943662,9
126,151,37,60,0,1,0,226,1,2,1,0,0,0,0,0,1,0,480,0,5,485,0,"Sarah Tucker Girl’s Higher Secondary School, ,Howard Memorial Hall,Middle Portion, Last Room, Palayamkottai.","1.Tirunelveli (C) Palayamkottai St. Pauls Road-I (Door no.1-17)W.No 32 , 999.Overseas Electors",General,"Sarah Tucker Girl’s Higher Secondary School, ,Howard Memorial Hall,Middle Portion, Last Room",Palayamkottai.,Tamilaga Vettri Kazhagam,226,151,75,Dravida Munnetra Kazhagam,2,3,4,10,6,10,1,6,5,6,10,10,10,10,10,6,10,15.625,5
127,153,31,83,0,1,0,172,0,0,0,0,0,0,1,0,3,2,446,0,3,449,0,"Sarah Tucker Girl’s Higher Secondary School,North Building West Portion, I standard 'C' Section Palayamkottai.","1.Tirunelveli (C) Palayamkottai St. Pauls Road -II(Door no.18-C271) W.No 32 , 999.Overseas Electors",General,"Sarah Tucker Girl’s Higher Secondary School,North Building West Portion",I standard 'C' Section Palayamkottai.,Tamilaga Vettri Kazhagam,172,153,19,Dravida Munnetra Kazhagam,2,3,4,9,7,9,1,9,9,9,9,9,9,7,9,5,6,4.260089686098654,6
128,274,32,42,0,1,0,214,0,3,0,1,0,0,1,0,1,1,570,0,1,571,0,"Sarah Tucker Girls Higher Secondary School,
,Eastern side East Block, Central Hall, New Building, III B Class Room, Palayamkottai,","1.Tirunelveli (C) Palayamkottai St. Pauls Road, W.No 32 , 2.Tirunelveli (C) Palayamkottai Rajendra Nagar 2Nd Street, W.No 32 , 3.Tirunelveli (C) Palayamkottai North High Ground Road W.No 36 , 999.Overseas Electors",General,"Sarah Tucker Girls Higher Secondary School,
,Eastern side East Block, Central Hall, New Building, III B Class Room, Palayamkottai",,Dravida Munnetra Kazhagam,274,214,60,Tamilaga Vettri Kazhagam,1,3,4,11,6,11,2,11,5,11,6,11,11,6,11,6,6,10.52631578947368,7
129,225,29,69,4,0,2,277,0,2,0,3,0,0,6,1,2,1,621,0,4,625,1,"Corporation Primary School , South Building, Eastern Porition, A.R. Line, Palayamkottai","1.Tirunelveli (C) Palayamkottai Ward 39 M.L.Pillai Nagar, , 2.Tirunelveli (C) Palayamkottai Ward 39 Indhira Nagar, , 3.Tirunelveli (C) Palayamkottai Ward  39 A.R Line Quarters O  Block To S Block, , 4.Tirunelveli (C) Palayamkottai Ward 39 A.R. Line Quarters Block , 5.Tirunelveli (C) Palayamkottai Ward 39 A.R. Line U Block, , 6.Tirunelveli (C) Palayamkottai Ward 39 A.R. Line New Quarters And 1 & A1 To G6, , 999.Overseas Electors",General,"Corporation Primary School , South Building, Eastern Porition, A.R. Line",Palayamkottai,Tamilaga Vettri Kazhagam,277,225,52,Dravida Munnetra Kazhagam,2,3,4,6,13,8,1,13,8,13,7,13,13,5,11,8,11,8.373590982286634,15
130,161,36,48,2,0,0,189,1,1,1,0,0,0,3,0,0,0,442,0,1,443,0,"Corporation Primary School ,Northern Wing, West Portion, A.R. Line Palayamkottai","1.Tirunelveli (C) Palayamkottai Ward No 39 St. Thomas Road, , 2.Tirunelveli (C) Palayamkottai Ward No 39 Reserve Line New Block, J Block, A Block To N Block, , 3.Tirunelveli (C) Palayamkottai Ward No 36 North High Ground Road, , 4.Tirunelveli (C) Palayamkottai Ward No 36 St Johns College Road , 5.Tirunelveli (C) Palayamkottai Ward 39 A.R. Line Upstairs Quarters 1A To 27F , 999.Overseas Electors",General,"Corporation Primary School ,Northern Wing, West Portion",A.R. Line Palayamkottai,Tamilaga Vettri Kazhagam,189,161,28,Dravida Munnetra Kazhagam,2,3,4,6,10,10,1,7,7,7,10,10,10,5,10,10,10,6.334841628959276,6
131,214,31,40,0,0,0,290,1,0,0,1,0,0,3,0,0,1,581,0,2,583,0,"Corporation Primary School, ,North Building, East Portion, A.R. Line, Palayamkottai","1.Tirunelveli (C) Palayamkottai Ward No 36 Periyar Nagar, , 2.Tirunelveli (C) Palayamkottai Ward No 36 Periyar Nagar North Street. , 3.Tirunelveli (C) Palayamkottai Ward No 36 St. Mathew Street, , 999.Overseas Electors",General,"Corporation Primary School, ,North Building, East Portion, A.R. Line",Palayamkottai,Tamilaga Vettri Kazhagam,290,214,76,Dravida Munnetra Kazhagam,2,3,4,9,9,9,1,6,9,9,6,9,9,5,9,9,6,13.08089500860585,6
132,163,12,39,1,0,0,183,2,2,2,2,0,0,2,0,1,0,409,0,2,411,0,"Integrated Children Development Scheme Corporation Primary School, ,North Building, East Portion, A.R. Line, Palayamkottai","1.Tirunelveli (C) Palayamkottai Ward No 36 Periyar Nagar, South Street, , 2.Tirunelveli (C) Palayamkottai Ward No 36 Arul Nagar, , 3.Tirunelveli (C) Palayamkottai Ward No 36 M.G.R Colony, , 4.Tirunelveli (C) Palayamkottai Ward No 39 Tamilnadu Police Quarters , 999.Overseas Electors",General,"Integrated Children Development Scheme Corporation Primary School, ,North Building, East Portion, A.R. Line",Palayamkottai,Tamilaga Vettri Kazhagam,183,163,20,Dravida Munnetra Kazhagam,2,3,4,10,12,12,1,5,5,5,5,12,12,5,12,10,12,4.88997555012225,11
133,138,32,61,0,0,1,134,0,1,0,1,0,0,1,0,0,0,369,0,0,369,0,"Rose Mary Marticulation School ,1std ‘A’ Section ,Ram Nagar, Thiyagarajanagar","1.Tirunelveli (C) Maharaja Nagar Ward 55 Maharajanagar E.B. Colony, , 999.Overseas Electors",General,"Rose Mary Marticulation School ,1std ‘A’ Section ,Ram Nagar",Thiyagarajanagar,Dravida Munnetra Kazhagam,138,134,4,Tamilaga Vettri Kazhagam,1,3,4,9,9,5,2,9,5,9,5,9,9,5,9,9,9,1.084010840108401,3
134,187,53,136,0,0,0,240,1,2,1,1,0,1,0,1,1,2,626,0,5,631,1,"Rosemary Matriculation Higher Secondary School, South side middle portion hall no. 17 Ram Nagar, Thiyagaraja Nagar.","1.Tirunelveli (C) Maharaja Nagar Ward 40 Ram Nagar, , 2.Tirunelveli (C) V.M.Chatram Sixth North Street Ward No 39 , 3.Tirunelveli (C) V.M.Chatram Thiyagaraja Nagar 8Th Middle Street, Ward No 55 , 4.Tirunelveli (C) V.M.Chatram Thiyagaraja Nagar 9Th Middle Street, Ward No 55 , 5.Tirunelveli
(C) V.M.Chatram Thiyagaraja Nagar 9Th South Street, Ward No 55 , 6.Tirunelveli (C) V.M.Chatram Thiyagaraja Nagar 10Th Middle Street, Ward No 55 , 999.Overseas Electors",General,"Rosemary Matriculation Higher Secondary School, South side middle portion hall no. 17 Ram Nagar",Thiyagaraja Nagar.,Tamilaga Vettri Kazhagam,240,187,53,Dravida Munnetra Kazhagam,2,3,4,13,13,13,1,7,5,7,7,13,7,13,7,7,5,8.466453674121405,10
135,93,19,31,0,0,0,143,3,1,1,0,0,1,0,0,0,0,292,0,2,294,0,"Sri Jeyandra Swaimigal Silver Jubilee Higher Secondary School, Hall No:5 Valli Mandram, Maharajanagar, Palayamkottai","1.Tirunelveli (C) Maharaja Nagar Ward No.40, L.K.S. Nagar, , 2.Tirunelveli (C) Maharajanagar Ward 39 T.N.H.B Quarters, , 3.Tirunelveli (C) Maharajanagar Ward 39 Magistrate Quarters , 4.Tirunelveli (C) Maharajanagar Ward 39 All India Radio  Quarters High Ground, 5.Tirunelveli (C) Maharajanagar Ward 39 3Rd Cross Street. , 999.Overseas Electors",General,"Sri Jeyandra Swaimigal Silver Jubilee Higher Secondary School, Hall No:5 Valli Mandram, Maharajanagar",Palayamkottai,Tamilaga Vettri Kazhagam,143,93,50,Dravida Munnetra Kazhagam,2,3,4,9,9,9,1,5,6,6,9,9,6,9,9,9,9,17.12328767123288,6
136,165,32,105,0,0,1,163,0,2,0,0,0,0,2,0,0,0,470,0,6,476,0,"Nellaiappar Anbu Asiramam Primary School
, Dining Hall,Maharaja Nagar","1.Tirunelveli (C) Maharaja Nagar Ward 39 1 St Cross Street, , 2.Tirunelveli (C) Maharaja Nagar Ward 39 2Nd Cross Street, ,  3.Tirunelveli (C) Maharajanagar Ward 39 4Th Cross Street, , 4.Tirunelveli (C) Maharajanagar Ward 39 5Th Cross Street, , 5.Tirunelveli (C) Maharajanagar Ward 39 6Th Cross Street , 6.Tirunelveli
(C)  Maharaja Nagar Ward 39 St Thomas Road , , 999.Overseas Electors",General,"Nellaiappar Anbu Asiramam Primary School
, Dining Hall",Maharaja Nagar,Dravida Munnetra Kazhagam,165,163,2,Tamilaga Vettri Kazhagam,1,3,4,8,8,7,2,8,5,8,8,8,8,5,8,8,8,0.425531914893617,4
137,106,18,73,0,1,0,104,0,0,0,1,0,0,0,0,0,1,304,0,4,308,0,"Sri Jeyandra Saraswathi Swamigal SilverJubilee Hr. Sec. School , Valli Mandram Hall No. 4 Maharaja Nagar","1.Tirunelveli (C) Maharaja Nagar Ward No 39 Maharaja Nagar 10Th Cross Street, , 2.Tirunelveli (C) Maharaja Nagar Ward No 39 11Th Cross Street, Maharaja Nagar. , 3.Tirunelveli (C) Maharaja Nagar Ward No 39 12Th  Cross Street, Maharaja Nagar. , 4.Tirunelveli (C) Maharaja Nagar Ward No 39 13Th Cross Street, Maharaja Nagar. , 5.Tirunelveli (C) Maharaja Nagar Ward No 39 14Th Cross Street, Maharaja Nagar. , 6.Tirunelveli (C) Maharaja Nagar Ward No 39 15Th Cross Street, Maharaja Nagar. , 7.Tirunelveli (C) Maharaja Nagar Ward No 39 16Th Cross Street, Maharaja Nagar. , 8.Tirunelveli (C) Maharaja Nagar Ward No 39 17Th Cross Street, Maharaja Nagar. , 9.Tirunelveli (C) Maharaja Nagar Ward No 39 18Th Cross Street, Maharaja Nagar. , 10.Tirunelveli (C) Maharaja Nagar Ward No 39 19Th Cross Street, Maharaja Nagar. , 11.Tirunelveli
(C) Maharaja Nagar Ward No 39 20Th Cross Street, Maharaja Nagar. , 12.Tirunelveli (C) Maharaja Nagar Ward No 39 21St Cross Street, Maharaja Nagar. , 999.Overseas Electors",General,Sri Jeyandra Saraswathi Swamigal SilverJubilee Hr. Sec. School,Valli Mandram Hall No. 4 Maharaja Nagar,Dravida Munnetra Kazhagam,106,104,2,Tamilaga Vettri Kazhagam,1,3,4,8,5,8,2,8,8,8,5,8,8,8,8,8,5,0.6578947368421052,2
138,214,43,114,1,2,0,190,0,0,0,1,0,1,0,0,0,0,566,0,10,576,0,"Sri Jeyandra Saraswathi Swamigal SilverJubilee Higher Secondary School , Valli Mandapam Hall Room No 3 Maharaja Nagar","1.Tirunelveli (C) Maharaja Nagar Ward No 39 22Nd Cross Street, Maharaja Nagar. , 2.Tirunelveli (C) Maharaja Nagar Ward No 39 23Rd Cross Street, Maharaja Nagar. , 3.Tirunelveli (C) Maharaja Nagar Ward No 39 24Th Cross Street, Maharaja Nagar. , 4.Tirunelveli (C) Maharaja Nagar Ward No 39 25Th Cross Street, Maharaja Nagar. , 5.Tirunelveli (C) Maharaja Nagar Ward No 39 26Th Cross Street, Maharaja Nagar. , 6.Tirunelveli (C) Maharaja Nagar Ward No 39 27Th Cross Street, Maharaja Nagar. , 7.Tirunelveli (C) Maharaja Nagar Ward No 39 Sivanthipatti Mainroad, Maharaja N , 8.Tirunelveli (C) Maharaja Nagar Ward No 39 Sivanthi Patti Road 1,2,3,4Th  Street Maharaja Nagar. ,9.Tirunelveli
(C) Maharajanagar Ward No. 39 Kalyanai Nagar, 999.Overseas Electors",General,Sri Jeyandra Saraswathi Swamigal SilverJubilee Higher Secondary School,Valli Mandapam Hall Room No 3 Maharaja Nagar,Dravida Munnetra Kazhagam,214,190,24,Tamilaga Vettri Kazhagam,1,3,4,6,5,9,2,9,9,9,6,9,6,9,9,9,9,4.240282685512367,2
139,158,27,117,0,0,0,165,0,2,0,0,0,0,2,1,0,0,472,0,2,474,0,"Sri Jeyandra Saraswathi Swamigal Silver Jubilee Higher Secondary School, Manimandapam Hall No.19, Maharaja Nagar","1.Tirunelveli (C) Maharaja Nagar Ward No 39  2Nd Main Road, Maharajanagar.
, 2.Tirunelveli (C) Maharaja Nagar Ward No 39 3Rd Main Road, Maharajanagar.
, 3.Tirunelveli (C) Maharaja Nagar Ward No 39 4Th Main Road, Maharajanagar.
, 4.Tirunelveli (C) Maharaja Nagar Ward No 39 5Th Main Road, Maharajanagar.
, 5.Tirunelveli (C) Maharaja Nagar Ward No 39 7Thcross Street, Maharajanagar. , 6.Tirunelveli (C) Maharaja Nagar Ward No 39 8Th Cross Street Maharajanagar , 7.Tirunelveli (C) Maharaja Nagar Ward No 39 9Th Cross Street, Maharajanagar. , 8.Tirunelveli (C) Maharaja Nagar Ward No 39  State Bank Colony(Officer Colony) Maharajanagar. , 9.Tirunelveli (C) Maharaja Nagar Ward No 39 Municipal Colony, Maharajanagar. , 10.Tirunelveli (C) Maharaja Nagar Ward No 39 1St Main Road, Maharajanagar. , 999.Overseas Electors",General,"Sri Jeyandra Saraswathi Swamigal Silver Jubilee Higher Secondary School, Manimandapam Hall No.19",Maharaja Nagar,Tamilaga Vettri Kazhagam,165,158,7,Dravida Munnetra Kazhagam,2,3,4,8,8,8,1,8,5,8,8,8,8,5,7,8,8,1.483050847457627,5
140,185,45,128,1,0,0,180,2,3,0,0,0,0,0,1,0,0,545,0,10,555,0,"Sri Jeyandra Saraswathi Swamigal Silver Jubilee Higher Secondary School
,Manimandapam Hall No.16, Maharaja Nagar","1.Tirunelveli (C) Maharaja Nagar Ward No 38 Maharajanagar I.O.B. Colony, , 2.Tirunelveli (C) Maharaja Nagar Ward No 39 Asirvatham  Nagar, , 3.Tirunelveli
(C) Maharaja Nagar Ward No 39 Vasantham Colony, , 4.Tirunelveli (C)  Maharaja Nagar Ward No.39 Ponmani Nagar, , 5.Tirunelveli (C) Maharaja Nagar Ward No 39 Vengadeshwara Nagar, , 6.Tirunelveli (C) Maharaja Nagar Ward No 39 Velavan Colony, Velavan West Colony,  999.Overseas Electors",General,"Sri Jeyandra Saraswathi Swamigal Silver Jubilee Higher Secondary School
,Manimandapam Hall No.16",Maharaja Nagar,Dravida Munnetra Kazhagam,185,180,5,Tamilaga Vettri Kazhagam,1,3,4,7,9,9,2,6,5,9,9,9,9,9,7,9,9,0.9174311926605505,6
141,182,44,96,0,1,0,323,2,2,0,1,0,0,1,1,1,0,654,0,3,657,0,"Rosemary Marticulation Higher Secondary School, East to West 5th Entrance, L.K.G C Section, Tuticorin Road, V.M. Chatram","1.Tirunelveli (C) V.M. Chathram V.M. Chatram Jeyanthi Nagar, Wno 37 , 2.Tirunelveli (C) V.M. Chathram T.N.H.B.Quarters Phase III-1 (Door no.1-M5)Wno 37 , 999.Overseas Electors",General,"Rosemary Marticulation Higher Secondary School, East to West 5th Entrance, L.K.G C Section, Tuticorin Road",V.M. Chatram,Tamilaga Vettri Kazhagam,323,182,141,Dravida Munnetra Kazhagam,2,3,4,12,7,12,1,5,5,12,7,12,12,7,7,7,12,21.55963302752294,8
142,269,44,102,2,0,0,260,2,3,0,0,0,1,4,0,0,0,687,0,2,689,0,"Rosemary Marticulation Higher Secondary School, South Building East Portion, U.K.G B section Tuticorin Road, V.M. Chatram","1.Tirunelveli (C) V.M. Chathram T.N.H.B.Quarters Phase III-2(Door no.M6-M174), Wno 37 , 2.Tirunelveli (C) V.M. Chathram Sri Mookambigai Nagar,  Wno 37 , 3.Tirunelveli (C) V.M. Chathiram Ayiswariya Nagar, Ward No. 37 , 4.Tirunelveli (C) V.M. Chathiram Welcome Colony, Ward No 37 , 999.Overseas Electors",General,"Rosemary Marticulation Higher Secondary School, South Building East Portion, U.K.G B section Tuticorin Road",V.M. Chatram,Dravida Munnetra Kazhagam,269,260,9,Tamilaga Vettri Kazhagam,1,3,4,7,10,10,2,7,6,10,10,10,9,5,10,10,10,1.310043668122271,10
143,174,64,137,1,2,1,370,2,2,1,1,2,0,2,0,0,0,759,0,6,765,0,"Rosemary Marticulation Higher Secondary School, Middle Portion 2nd room from west Tuticorin Road, V.M. Chatram Palayamkottai","1.Tirunelveli (C) V.M. Chathram Sri Kamatchi Nagar(Opp Oyasis School)  Ward No 37 , 2.Tirunelveli (C) V.M. Chathram V.O.C. Nagar,Ward No 37 999.Overseas Electors",General,"Rosemary Marticulation Higher Secondary School, Middle Portion 2nd room from west Tuticorin Road",V.M. Chatram Palayamkottai,Tamilaga Vettri Kazhagam,370,174,196,Dravida Munnetra Kazhagam,2,3,4,10,5,10,1,5,5,10,10,5,14,5,14,14,14,25.82345191040843,10
144,204,67,100,1,1,1,397,2,6,0,0,1,1,0,2,0,1,784,0,4,788,0,"Rosemary Marticulation Higher Secondary School, Ist A Section, Tuticorin Road, V.M. Chatram Palayamkottai","Wno 17 , 1.Tirunelveli (C) V.M. Chathram Srinivasa Nagar B Colony,  Wno 37 , 2.Tirunelveli (C) V.M. Chathram Kasi Viswanath Koil Street,  Wno 38 , 3.Tirunelveli (C) V.M. Chathram Jawahar Street, Wno 38 , 4.Tirunelveli (C) V.M. Chathram West Street V.M. Chatram, W.No 38 ,5.Tirunelveli (C) V.M.Chatram Yadavar East Street, , 6.Tirunelveli (C) V.M.Chatram Ward No 38 Ramar Koil Street, , 7.Tirunelveli (C) V.M.Chatram Ward No 38 Nadar Street , 999.Overseas Electors",General,"Rosemary Marticulation Higher Secondary School, Ist A Section, Tuticorin Road",V.M. Chatram Palayamkottai,Tamilaga Vettri Kazhagam,397,204,193,Dravida Munnetra Kazhagam,2,3,4,8,8,8,1,6,5,14,14,8,8,14,6,14,8,24.61734693877551,13
145,156,49,98,2,0,0,212,0,1,0,1,0,0,0,1,0,1,521,0,2,523,0,"Panchayat Union Primary School, New Building Western Portion West side V.M.Chathram","1.Tirunelveli (C) V.M. Chathram Nethaji Street(Subash Chandra Bose) ,  Wno 38
, 2.Tirunelveli (C) V.M.Chathram Kennady Street, Ward No 38 , 3.Tirunelveli (C) V.M.Chathram Kannan Puthu Colony 1St St Ward No 38 , 4.Tirunelveli (C) V.M.Chathram Kannan Puthu Colony 2Nd St Ward No 38 , 5.Tirunelveli (C) V.M.Chathram Kannan Puthu Colony 4Th  St Ward No 38 , 6.Tirunelveli (C) V.M.Chathram Kannan Puthu Colony Main Street,  Ward No 38 , 7.Tirunelveli
(C) V.M.Chathram Athithanar Nagar 1St Street, Ward No 38 , 8.Tirunelveli (C) V.M.Chathram Athithanar Nagar 2Nd Street, Ward No 38 , 9.Tirunelveli (C)
V.M. Chathram Athithanar Nagar 3Rd St Ward No 38 , 10.Tirunelveli (C) V.M.Chathram Athithanar Nagar 4Th St Ward No 38 , 11.Tirunelveli (C) V.M.Chathram Athithanar Nagar 5Th St Ward No 38 , 12.Tirunelveli (C) V.M.Chathram V.M. Chatram Telephone Exchange Quaters,  Ward No 38 , 13.Tirunelveli (C) V.M.Chathram Sundarar Street  Ward No. 38 , 999.Overseas Electors",General,Panchayat Union Primary School,New Building Western Portion West side V.M.Chathram,Tamilaga Vettri Kazhagam,212,156,56,Dravida Munnetra Kazhagam,2,3,4,5,10,10,1,10,6,10,6,10,10,10,6,10,6,10.74856046065259,4
146,182,64,130,2,1,0,276,3,10,1,0,0,2,1,1,1,1,675,0,4,679,0,"Panchayat Union Primary School, North Part Building ,Northern Portion, V.M. Chatram","1.Tirunelveli (C) V.M. Chathiram Aravindar Street, W.No. 38 , 2.Tirunelveli (C)
V.M. Chathram Kavitha Nagar  2Nd ,W,No. 38 , 3.Tirunelveli (C) V.M. Chathram Kavitha Nagar 3Rd W.No. 38 , 4.Tirunelveli (C) V.M. Chathram Kavitha Nagar 4Th Street W.No. 38 , 999.Overseas Electors",General,"Panchayat Union Primary School, North Part Building ,Northern Portion",V.M. Chatram,Tamilaga Vettri Kazhagam,276,182,94,Dravida Munnetra Kazhagam,2,3,4,7,9,15,1,6,5,9,15,15,7,9,9,9,9,13.92592592592593,20
147,138,36,71,2,0,0,171,0,2,1,1,0,0,1,2,1,1,427,0,3,430,0,"Panchayat Union Primary School, North Part Building,Southern Portion, V.M. Chatram","1.Tirunelveli (C) V.M. Chathram Brindavan Street,  W.No. 38 , 2.Tirunelveli (C)
V.M. Chathram South Street  Ward No 38 ,999.Overseas Electors",General,"Panchayat Union Primary School, North Part Building,Southern Portion",V.M. Chatram,Tamilaga Vettri Kazhagam,171,138,33,Dravida Munnetra Kazhagam,2,3,4,5,13,13,1,13,5,8,8,13,13,8,5,8,8,7.728337236533958,9
148,212,64,102,0,0,0,254,0,5,0,1,1,0,0,1,0,0,640,0,2,642,0,"Panchayat Union Primary School, New Building Western Portion V.M.Chathram","1.Tirunelveli (C) V.M. Chathram Saranya Nagar,  W.No. 38 , 2.Tirunelveli (C)
V.M. Chathram Srinivasa Nagar, W.No. 38 ,  999.Overseas Electors",General,Panchayat Union Primary School,New Building Western Portion V.M.Chathram,Tamilaga Vettri Kazhagam,254,212,42,Dravida Munnetra Kazhagam,2,3,4,9,9,9,1,9,5,9,6,6,9,9,6,9,9,6.5625,8
149,198,38,126,0,0,0,229,1,1,0,0,0,0,1,0,0,0,594,0,2,596,0,"Rosemary Matriculation Higher Secondary School, , East Portion, Ist Room Tuticorin Road, V.M.Chatram.","1.Tirunelveli (C) V.M. Chathram Kattabomman Nagar 1St. Street W.No.37 , 2.Tirunelveli (C) V.M. Chathram Kattabomman Nagar 2Nd Street W.No.37 , 3.Tirunelveli (C) V.M. Chathram Kattabomman Nagar 3Rd Street W.No. 37 , 4.Tirunelveli (C) V.M. Chathram Kattabomman Nagar 4Th Street W.No.37 , 5.Tirunelveli (C) V.M. Chathram Kattabomman Nagar 5Th Street W.No.37 , 6.Tirunelveli (C) V.M. Chathram Kattabomman Nagar 2Nd Cross Streets, W.No.37 , 7.Tirunelveli (C) V.M.Chathram Kattabomman Nagar 2Nd Cross Streets, Ward No 37 , 8.Tirunelveli (C) V.M. Chathram Mangamma Salai, W.No. 38 , 9.Tirunelveli (C) V.M. Chathram Lakshmi Puram,  W.No.37 , 10.Tirunelveli
(C) V.M. Chathram Lakshmi Puram, 1St Lane. , 11.Tirunelveli (C) V.M. Chathram Lakshmi Puram 2Nd Lane W.No.37 , 12.Tirunelveli (C) V.M. Chathram Lakshmipuram 3Rd Street,  W.No.37 , 13.Tirunelveli (C) V.M. Chathram Co Optex Colony,  W.No.37 , 14.Tirunelveli (C) V.M.Chathram Astalakshmi Nagar, W.No.37 , 999.Overseas Electors",General,"Rosemary Matriculation Higher Secondary School, , East Portion, Ist Room Tuticorin Road",V.M.Chatram.,Tamilaga Vettri Kazhagam,229,198,31,Dravida Munnetra Kazhagam,2,3,4,8,8,8,1,5,5,8,8,8,8,5,8,8,8,5.218855218855219,3
150,252,46,81,0,0,1,260,2,1,0,0,0,0,2,1,0,0,646,0,1,647,0,"Rosemary Matriculation Higher Secondary School, , East Portion, Forth Room Tuticorin Road, V.M.Chatram.","1.Tirunelveli (C) V.M. Chathram Ayya Subiramaniyan Nagar,W.No.17 , 2.Tirunelveli (C) V.M. Chathram Darling Nagar,  W.No.17 , 3.Tirunelveli (C)
V.M. Chathram Vettri Thiru Nagar, W.No.17 , 4.Tirunelveli (C) V.M. Chathram Kasim Nagar,  W.No.17 ,999.Overseas Electors",General,"Rosemary Matriculation Higher Secondary School, , East Portion, Forth Room Tuticorin Road",V.M.Chatram.,Tamilaga Vettri Kazhagam,260,252,8,Dravida Munnetra Kazhagam,2,3,4,10,10,7,1,5,7,10,10,10,10,5,7,10,10,1.238390092879257,6
151,250,58,58,0,0,2,336,5,0,0,0,3,0,7,0,0,0,719,0,8,727,0,"Rosemary Matriculation Higher Secondary School,
South building middle portion, Tuticorin Road, V.M.Chatram.","1.Tirunelveli (C) V.M. Chathram Adi Dravidar Colony W,No. 38 ,2.Tirunelveli
(C) V.M. Chathram Tamilnadu Housing Board Phase 2  Quarters ,Ward No.37,3.Tirunelveli (C) V.M. Chathram Pothys Nagar, W.No.37, 999.Overseas Electors",General,"Rosemary Matriculation Higher Secondary School,
South building middle portion, Tuticorin Road",V.M.Chatram.,Tamilaga Vettri Kazhagam,336,250,86,Dravida Munnetra Kazhagam,2,3,3,9,9,8,1,6,9,9,9,7,9,5,9,9,9,11.96105702364395,15
152,182,54,126,1,0,1,263,7,2,1,1,2,0,3,0,2,2,647,0,9,656,0,"Rosemary Matriculation Higher Secondary School , West Portion 3rd Room, Tuticorin Road, V.M.Chatram.","1.Tirunelveli (C) V.M. Chathram Mangala Nagar,  W.No.37 , 2.Tirunelveli (C)
V.M. Chathram Kamatchi Nagar, 1St  Main Street W.No.37 , 3.Tirunelveli (C)
V.M. Chathram Ward No 37 Kamatchi Nagar, 3Rd  Main Street , 4.Tirunelveli
(C) V.M. Chathram Ward No 37 Kamatchi Nagar, 4Th  Main Street , 5.Tirunelveli (C) V.M. Chathram Ward No 38 Kamatchi Nagar, 5Th  Main Street
, 999.Overseas Electors",General,"Rosemary Matriculation Higher Secondary School , West Portion 3rd Room, Tuticorin Road",V.M.Chatram.,Tamilaga Vettri Kazhagam,263,182,81,Dravida Munnetra Kazhagam,2,3,4,11,15,11,1,5,7,11,11,7,15,6,15,7,7,12.5193199381762,20
153,187,50,51,0,0,0,249,0,2,0,0,0,0,4,0,0,0,543,0,4,547,0,"Rosemary Matriculation Higher Secondary School , West Portion 1t Room Tuticorin Road, V.M.Chatram.","1.Tirunelveli (C) V.M. Chathram Ward No 37 Kamatchi Nagar, 6Th Main Street.
,   2.Tirunelveli (C) V.M. Chathram Ward No 37 Kamatchi Nagar, 7Th Main Street.3.Tirunelveli (C) V.M.Chathram Kamatchi Nagar, 8Th  Main Street Ward No.37 , 4.Tirunelveli (C) V.M. Chathram Tamilnadu Housing Board Phase 1,Quarters Ward No.37 ,  999.Overseas Electors",General,"Rosemary Matriculation Higher Secondary School , West Portion 1t Room Tuticorin Road",V.M.Chatram.,Tamilaga Vettri Kazhagam,249,187,62,Dravida Munnetra Kazhagam,2,3,4,7,7,7,1,7,6,7,7,7,7,5,7,7,7,11.41804788213628,6
154,167,67,90,5,1,0,315,4,3,0,1,0,1,3,2,0,0,659,0,5,664,0,"Sri P.M.Sankara Subbiah Memorial I.T.I., Main Hall V.M.Chatram","1.Tirunelveli (C) V.M. Chathram Sivanadiyarkulam,  W.No.5 , 2.Tirunelveli (C)
V.M. Chathram Abdul Rahuman  Muthalali Nagar,  W,No.38 , 3.Tirunelveli (C)
V.M. Chathram Kannaki Street W.No.38  , 999.Overseas Electors",General,Sri P.M.Sankara Subbiah Memorial I.T.I.,Main Hall V.M.Chatram,Tamilaga Vettri Kazhagam,315,167,148,Dravida Munnetra Kazhagam,2,3,4,5,10,13,1,6,7,13,10,13,10,7,9,13,13,22.45827010622155,14
155,258,88,41,1,0,0,388,4,2,2,3,3,1,2,3,3,2,801,0,4,805,0,"St. Joseph High School, West Part Arockianathapuram","1.Tirunelveli (C) V.M. Chathram Arockianathapuram 1St Main Street, W.No.38 2.Tirunelveli (C) V.M. Chathram Arockianathapuram2Nd Main Street, W,No,38 , 3.Tirunelveli (C) V.M. Chathram Arockianathapuram 3Rd Main Street, W,No,38
, 4.Tirunelveli (C) V.M. Chathram Arockianathapuram 4Th Main Street, W.No. 38 , 5.Tirunelveli (C) V.M. Chathram Atchimadam, W.No.38,, 999.Overseas Electors",General,St. Joseph High School,West Part Arockianathapuram,Tamilaga Vettri Kazhagam,388,258,130,Dravida Munnetra Kazhagam,2,4,3,14,16,16,1,5,10,10,6,6,14,10,6,6,10,16.22971285892634,25
156,230,38,90,0,1,0,209,2,2,1,0,0,0,2,0,0,0,575,0,4,579,0,"Rosemary Matriculation Higher Secondary School ,U.K.G., A- Section, West to East 1st room, Ram nagar, Thiyagaraja Nagar","1.Tirunelveli (C) V.M. Chathram W.No 55 Thiryagarajanagar 1St Middle Street, , 2.Tirunelveli (C) V.M. Chathram W.No.55, Thiryagarajanagar 2Nd Middle Street, , 3.Tirunelveli (C) V.M. Chathram W.No.55, Thiryagarajanagar 3Rd Middle Street, , 4.Tirunelveli (C) V.M. Chathram W.No.55,Thiyagarajanagar 1St South Street, , 5.Tirunelveli (C) V.M. Chathram W.No.55,Thiyagarajanagar 2Nd South Street, , 6.Tirunelveli (C) V.M. Chathram W.No.55 Thiyagarajanagar 3Rd South Street, , 999.Overseas Electors",General,"Rosemary Matriculation Higher Secondary School ,U.K.G., A- Section, West to East 1st room, Ram nagar",Thiyagaraja Nagar,Dravida Munnetra Kazhagam,230,209,21,Tamilaga Vettri Kazhagam,1,3,4,10,8,10,2,5,5,8,10,10,10,5,10,10,10,3.652173913043478,7
157,70,26,73,2,1,1,179,1,3,0,0,0,0,0,1,1,0,358,0,0,358,0,"St. Antony’s Public School, 2nd Std Class Room, V.M.Chathram","1.Tirunelveli (C) V.M. Chathram W.No 38 Tiruvalluvar Street Eastern Side, , 2.Tirunelveli (C) V.M. Chathram Lakshmi Nagar (V.M. Chathram), W.No.38 , 999.Overseas Electors",General,"St. Antony’s Public School, 2nd Std Class Room",V.M.Chathram,Tamilaga Vettri Kazhagam,179,73,106,All India Anna Dravida Munnetra Kazhagam,3,2,4,6,7,7,1,7,5,12,12,12,12,12,7,7,12,29.60893854748604,6
158,186,30,96,1,0,0,217,0,0,0,0,0,0,2,0,0,0,532,0,3,535,0,"Rosemary Marticulation Higher Secondary School , First Standard, B Section, Ram Nagar, Thiyagaraja Nagar.","1.Tirunelveli (C) V.M.Chatram Sivanthipatti Road Ward No 39 , 2.Tirunelveli (C) V.M.Chatram First North Street, Ward 39 , 3.Tirunelveli (C) V.M.Chatram Second North Street Ward No 39 , 4.Tirunelveli (C) V.M.Chatram Third North Street Ward No 39 , 5.Tirunelveli (C) V.M.Chatram Fourth North Street Ward No 39 , 6.Tirunelveli (C) V.M.Chatram Fifth North Street Ward No 39 ,  7.Tirunelveli
(C) V.M.Chatram Seventh North Street Ward No 39 , 8.Tirunelveli (C) V.M.Chatram Eighth North Street Ward No 39 , 999.Overseas Electors",General,"Rosemary Marticulation Higher Secondary School , First Standard, B Section, Ram Nagar",Thiyagaraja Nagar.,Tamilaga Vettri Kazhagam,217,186,31,Dravida Munnetra Kazhagam,2,3,4,6,7,7,1,7,7,7,7,7,7,5,7,7,7,5.827067669172932,2
159,211,39,107,1,1,1,204,0,3,0,1,0,0,2,0,0,1,571,0,7,578,0,"Pushpalatha Matric Higher Secondary School, East Part, South Portion, Thiyagarajanagar, Palayamkottai","1.Tirunelveli (C) V.M.Chatram James Nagar Ward No 55 , 2.Tirunelveli (C) V.M.Chatram P.A. Pillai Nagar,  Ward No 39 , 3.Tirunelveli (C) V.M.Chatram Bharathi Street,  Ward No 55 , 4.Tirunelveli (C) V.M.Chatram T.V.S. Nagar,  (Ist Cross St To 5Th Cross Street)Ward No.39, , 999.Overseas Electors",General,"Pushpalatha Matric Higher Secondary School, East Part, South Portion, Thiyagarajanagar",Palayamkottai,Dravida Munnetra Kazhagam,211,204,7,Tamilaga Vettri Kazhagam,1,3,4,7,7,7,2,12,5,12,7,12,12,6,12,12,7,1.225919439579685,7
160,234,56,99,0,0,0,313,1,1,0,0,0,0,2,1,0,0,707,0,8,715,0,"Pushbalatha Matric Higher Secondary
School, 5th Std ‘C’ Class Room Palayamkottai","1.Tirunelveli (C) V.M.Chatram Perathu Selvi Nagar, Ward No 55 , 2.Tirunelveli
(C) V.M.Chatram Saibaba Colony, Ward No 55 , 3.Tirunelveli (C) V.M.Chatram Sankar Colony,  Ward No 55 , 4.Tirunelveli (C) V.M.Chatram Kumaresan Nagar, Ward No 55 , 5.Tirunelveli (C) V.M.Chatram V.I.P. Colony Ward No 55 , 6.Tirunelveli (C) V.M.Chatram Ramalinganar Veedhi,  Ward No 55 , 7.Tirunelveli (C) V.M.Chatram Mallika Colony, 2Nd Streets Ward No 55 , 8.Tirunelveli (C) V.M.Chatram Mallika Colony, 5Th Street Ward No. 55 , 9.Tirunelveli (C) V.M.Chatram Mallika Colony, 6Th Street Ward No. 55 , 10.Tirunelveli (C) V.M.Chatram L.I.C. Colony 2Nd Street, Ward No 55 , 11.Tirunelveli (C) V.M.Chatram Malliga Colony 4Th Street Ward No 19 , 999.Overseas Electors",General,"Pushbalatha Matric Higher Secondary
School",5th Std ‘C’ Class Room Palayamkottai,Tamilaga Vettri Kazhagam,313,234,79,Dravida Munnetra Kazhagam,2,3,4,9,9,9,1,6,6,9,9,9,9,5,6,9,9,11.17397454031117,5
161,228,45,112,3,0,0,244,3,0,0,1,2,0,2,0,1,0,641,0,3,644,0,"Pushbalatha Matric Higher Secondary School,Eastern Wing Northern Portion Palayamkottai","1.Tirunelveli (C) V.M.Chatram Tirumal Nagar, Barathidasan Veedhi,  Ward No 55 , 2.Tirunelveli (C) V.M.Chatram Malliga Colony,  Ward No 55 ,3.Tirunelveli
(C) V.M.Chatram T.V.S. Nagar 6Th Cross Street,  Ward No 39 , 4.Tirunelveli (C) V.M.Chatram T.K.C. Nagar, Ward No.55, 5.Tirunelveli (C) V.M.Chatram Gokilam Nagar, Ward No 55 , 6.Tirunelveli (C) V.M.Chatram L.I.C. Colony Ist Street,  Ward No 54 , 7.Tirunelveli (C) V.M.Chatram T.V.S. Nagar 7Th Cross Street, Ward No 39 , 8.Tirunelveli (C) V.M.Chatram T.V.S. Nagar 6Th Cross Street , Ward No 39 , 9.Tirunelveli (C) V.M.Chatram T.V.S. Nagar 7Th Cross Street, Ward No 39 , 10.Tirunelveli (C) V.M.Chatram V.O.C Veedhi Tirumal Nagar. Ward No 55 , 999.Overseas Electors",General,Pushbalatha Matric Higher Secondary School,Eastern Wing Northern Portion Palayamkottai,Tamilaga Vettri Kazhagam,244,228,16,Dravida Munnetra Kazhagam,2,3,4,5,11,11,1,5,11,11,9,7,11,7,11,9,11,2.49609984399376,9
162,214,52,107,0,0,0,257,3,3,0,3,0,2,1,0,1,2,645,0,6,651,0,"Pushbalatha Matric Higher Secondary School, Northern Wing Eastern Portion Palayamkottai","1.Tirunelveli (C) V.M.Chatram T.V.S. Nagar 10Th  Cross Street,Ward No.39 , 2.Tirunelveli (C) V.M.Chatram T.V.S. Nagar 11Th  Cross Street,Ward No.39 , 3.Tirunelveli (C) V.M.Chatram T.V.S. Nagar, 1St Main Road,  Ward No 39 , 4.Tirunelveli (C) V.M.Chatram T.V.S. Nagar, 2Nd Main Road,  Ward No 39 , 5.Tirunelveli (C) V.M.Chatram T.V.S. Nagar, 3Rd Main Road,  Ward No 39 , 6.Tirunelveli (C) V.M.Chatram T.V.S. Nagar, 4Th Main Road,  Ward No 39 , 7.Tirunelveli (C) V.M.Chatram T.V.S. Nagar, 5Th Main Road,  Ward No 39 , 8.Tirunelveli (C) V.M.Chatram Tirumal Nagar Bharathi Dasan Veedhi,  Ward No 55 , 9.Tirunelveli (C) V.M.Chatram Tirumal Nagar, Rasikamani T.K.C. Veedhi, Ward No 55 , 10.Tirunelveli (C) V.M.Chatram Tirumal Nagar Jai Kandan  Veedhi, Ward No 55 , 11.Tirunelveli (C) V.M.Chatram Tirumal Nagar Puthumaipithan Veedhi,  Ward No 55 , 12.Tirunelveli (C) V.M.Chatram Kavimani Veedhi, Thirumal Nagar Ward No 55 ,  999.Overseas Electors",General,Pushbalatha Matric Higher Secondary School,Northern Wing Eastern Portion Palayamkottai,Tamilaga Vettri Kazhagam,257,214,43,Dravida Munnetra Kazhagam,2,3,4,12,12,12,1,5,5,12,5,12,8,10,12,10,8,6.666666666666667,15
163,185,57,113,0,0,2,257,4,1,2,0,0,0,2,0,0,0,623,0,6,629,0,"Rosemary Matriculation School, ,U.K.G, B Section, Ramnagar, Thiyagarajanagar","1.Tirunelveli (C) V.M. Chathram Thiyagarajanagar 5Th Middle Street, Ward No 55 , 2.Tirunelveli (C) V.M. Chathram Thiyagarajanagar  4Th South Streets, Ward No 55 , 3.Tirunelveli (C) V.M. Chathram Thiyagarajanagar  5Th South Street, Ward No 55 , 4.Tirunelveli (C) V.M. Chathram Thiyagarajanagar  6Th South Street, Ward No 55 , 5.Tirunelveli (C) V.M. Chathram Thiyagarajanagar Indira Nagar,  Ward No 54 , 6.Tirunelveli (C) V.M. Chathram Ward No 54, Postal And Telegraph Colony, , 7.Tirunelveli (C) V.M. Chathram Ward No 54 T.N.C.S.C Quarters, , 8.Tirunelveli (C) V.M. Chathram Ward No.54,New Nehru Nagar , 999.Overseas Electors",General,"Rosemary Matriculation School, ,U.K.G, B Section, Ramnagar",Thiyagarajanagar,Tamilaga Vettri Kazhagam,257,185,72,Dravida Munnetra Kazhagam,2,3,4,10,10,6,1,5,9,6,10,10,10,6,10,10,10,11.5569823434992,9
164,169,51,106,2,0,0,238,0,9,1,1,0,0,0,0,0,1,578,0,3,581,0,"Rosemary Matriculation Higher Secondary School ,Pre .K.G. Section, Ram Nagar, Thiyagaraja Nagar.","1.Tirunelveli (C) V.M.Chatram Thiyagaraja Nagar 4Th Middle Street, Ward No 55 , 2.Tirunelveli (C) V.M.Chatram Thiyagaraja Nagar 6Th Middle Street, Ward No 55 , 3.Tirunelveli (C) V.M.Chatram Thiyagaraja Nagar 7Th Middle Street, Ward No 55 , 4.Tirunelveli (C) V.M.Chatram Thiyagaraja Nagar 7Th South Street, Ward No 55 , 5.Tirunelveli (C) V.M.Chatram Thiyagaraja Nagar 8Th South Street, Ward No 55 ,  999.Overseas Electors",General,"Rosemary Matriculation Higher Secondary School ,Pre .K.G. Section, Ram Nagar",Thiyagaraja Nagar.,Tamilaga Vettri Kazhagam,238,169,69,Dravida Munnetra Kazhagam,2,3,4,6,10,10,1,10,5,7,7,10,10,10,10,10,7,11.93771626297578,12
165,244,53,150,0,1,0,239,3,2,0,1,0,0,1,0,0,0,694,0,5,699,0,"Pushbalatha Matric Higher Secondary School, Northern Wing Western Portion Palayamkottai","1.Tirunelveli (C) V.M.Chatram Thiyagaraja Nagar 10Th South Street, Ward No. 55 , 2.Tirunelveli (C) V.M.Chatram Thiyagaraja Nagar  12Th South Street, Ward No.55, 3.Tirunelveli (C) V.M.Chatran Thiyagaraja Nagar 13Th South Street, Ward No. 55 , 4.Tirunelveli (C) V.M.Chatram Thiyagaraja Nagar 14Th South Street, Ward No 55 , 5.Tirunelveli (C) V.M.Chatram Thiyagaraja Nagar 15Th South Street, Ward No.55 , 999.Overseas Electors",General,Pushbalatha Matric Higher Secondary School,Northern Wing Western Portion Palayamkottai,Dravida Munnetra Kazhagam,244,239,5,Tamilaga Vettri Kazhagam,1,3,4,10,7,10,2,5,6,10,7,10,10,7,10,10,10,0.7204610951008645,7
166,147,25,65,0,0,0,148,0,0,0,1,0,0,0,0,0,1,387,0,6,393,0,"Pushbalatha Matric Higher Secondary School, Middle Portion Palayamkottai","1.Tirunelveli (C) V.M.Chatram Thiyagaraja Nagar 16Th South Streets, Ward No 55 , 2.Tirunelveli (C) V.M.Chatram Thiyagaraja Nagar 17Th South Street, Ward No. 55 , 3.Tirunelveli (C) V.M.Chatram South Streets 1 To 7 Ward No 55 , 4.Tirunelveli (C) V.M.Chatram Thamirabathi Colony Ward No 54 , 999.Overseas Electors",General,Pushbalatha Matric Higher Secondary School,Middle Portion Palayamkottai,Tamilaga Vettri Kazhagam,148,147,1,Dravida Munnetra Kazhagam,2,3,4,7,7,7,1,7,7,7,5,7,7,7,7,7,5,0.2583979328165375,2
167,281,45,47,0,1,1,238,1,1,0,0,0,1,4,1,1,2,624,0,3,627,0,"Corporation Primary School , South to North, 8th Entrance, Perumalpuram","1.Tirunelveli (C) Perumalpuram Perumalpuram Ochankulam Kamarajar Salai, W.No 41 , 2.Tirunelveli (C) Perumalpuram Ochankulam S.T.C. Road, W.No 41 , 3.Tirunelveli (C) Perumalpuram Ochankulam Park Street, W.No 41 , 4.Tirunelveli (C) Perumalpuram Ochankulam 1St East Street, W.No 41 , 5.Tirunelveli (C) Perumalpuram Ochankulam 1St West Street, W.No 41 , 6.Tirunelveli (C) Perumalpuram Ochankulam Thomas East Street, W.No 41 , 7.Tirunelveli (C) Perumalpuram Ochankulam Thomas 1St Streets, W.No 42 , 8.Tirunelveli (C) Perumalpuram Ochankulam Thomas 2Nd Street, W.No 42 , 9.Tirunelveli (C) Peurmalpuram Ochankulam Thomas 3Rd Street, W.No 42 , 999.Overseas Electors",General,"Corporation Primary School , South to North, 8th Entrance",Perumalpuram,Dravida Munnetra Kazhagam,281,238,43,Tamilaga Vettri Kazhagam,1,3,4,14,7,7,2,7,7,14,14,14,7,5,7,7,6,6.891025641025641,11
168,256,58,50,0,0,0,220,0,0,2,0,0,0,1,0,0,0,587,0,6,593,0,"Corporation Primary School , Northern Portion 10th Entrance, Perumalpuram","1.Tirunelveli (C) Perumalpuram Ochankulam Thomas 4Th Street, W.No 42 , 2.Tirunelveli (C) Perumalpuram Ochankulam Thomas 5Th Street, W.No 42 , 3.Tirunelveli (C) Perumalpuram Ochankulam Thomas 6Th Street, W.No 42 , 4.Tirunelveli (C) Perumalpuram Ochankulam 1St  Cross Street, W.No 42 , 5.Tirunelveli (C) Perumalpuram Ochankulam 2Nd Cross Street, W.No 42 , 6.Tirunelveli (C) Perumalpuram Ochankulam  Main Street, W.No 42 , 7.Tirunelveli (C) Perumalpuram Ochankulam S.T.C. Church Street, W.No 42 , 8.Tirunelveli (C) Perumalpuram Ochankulam  S.T.C. 1St North Street, W.No 42 , 9.Tirunelveli (C) Perumalpuram Ochankulam S.T.C. North Street, W.No 42 , 10.Tirunelveli (C) Perumalpuram C.S.I. Church South Street, W.No 42 , 11.Tirunelveli (C) Perumalpuram St. Pieter Street, W.No. 42 ,  999.Overseas Electors",General,"Corporation Primary School , Northern Portion 10th Entrance",Perumalpuram,Dravida Munnetra Kazhagam,256,220,36,Tamilaga Vettri Kazhagam,1,4,3,7,7,7,2,7,7,5,7,7,7,6,7,7,7,6.132879045996593,3
169,175,41,103,2,0,0,210,0,0,0,0,0,0,1,1,0,0,533,0,3,536,0,"Corporation Primary School , South to North, 6th Entrance Eastern Portion, Perumalpuram","1.Tirunelveli (C) Perumalpuram Perumalpuram 1St Street, W.No 42 , 2.Tirunelveli (C) Peurmalpuram Perumalpuram 2Nd Street,  W.No 42 , 3.Tirunelveli (C) Peurmalpuram Perumalpuram 3Rd Street, W.No 42 , 4.Tirunelveli (C) Peurmalpuram Perumalpuram Post Office Street, W.No 42 , 5.Tirunelveli (C) Perumalpuram Perumalpuram Post Office 4Th Street, W.No 42
, 6.Tirunelveli (C) Perumalpuram Perumalpuram Garaden Street, W.No. 41 , 7.Tirunelveli (C) Perumalpuram Perumalpuam 5 Th Street W.No 42 , 8.Tirunelveli (C) Perumalpuram Perumalpuam 6Th Street, W.No 42 , 9.Tirunelveli (C) Perumalpuram Joseph Street C S.I. Church North Street, W.No 42 , 999.Overseas Electors",General,"Corporation Primary School , South to North, 6th Entrance Eastern Portion",Perumalpuram,Tamilaga Vettri Kazhagam,210,175,35,Dravida Munnetra Kazhagam,2,3,4,5,8,8,1,8,8,8,8,8,8,6,6,8,8,6.566604127579738,2
170,202,26,118,1,0,0,211,1,3,0,0,0,0,1,0,0,0,563,0,3,566,0,"Corporation Primary School , South to North, 6th Entrance Western Portion, Perumalpuram","1.Tirunelveli (C) Perumalpuram Perumalpuram C Colonymain Road, W.No 42 , 2.Tirunelveli (C) Perumalpuram Perumalpuram C Colony 1St Street, W.No. 42 , 3.Tirunelveli (C) Prumalpuram C Colony 1Th Cross Street, W.No 42 , 4.Tirunelveli (C) Perumalpuram Sankarapuram 1St Street, W.No 41 , 5.Tirunelveli (C) Perumalpuram Sankarapuram 2Nd Street, W.No 41 , 6.Tirunelveli (C) Perumalpuram C Colony 2Nd Street, W.No 42 , 7.Tirunelveli
(C) Perumalpuram C Colony 2Nd Cross Street W.No 42 , 8.Tirunelveli (C) Perumalpuram C Colony Water Tank Street, W.No 42 , 9.Tirunelveli (C) Perumalpuram P And T  Colony, W.No. 41 , 10.Tirunelveli (C) Perumalpuram Perumalpuram Lukkas Nagar W.No 42 , 999.Overseas Electors",General,"Corporation Primary School , South to North, 6th Entrance Western Portion",Perumalpuram,Tamilaga Vettri Kazhagam,211,202,9,Dravida Munnetra Kazhagam,2,3,4,6,9,9,1,6,5,9,9,9,9,6,9,9,9,1.598579040852576,5
171,163,39,75,1,0,0,178,1,1,1,0,0,0,4,0,0,0,463,0,3,466,0,"Corporation Primary School , South to North, 7th Entrance Perumalpuram","1.Tirunelveli (C) Perumalpuram Perumalpuram 7Th Street, W.No 42 , 2.Tirunelveli (C) Perumalpuram Kamaraj Salai, W.No 40 , 3.Tirunelveli (C) Perumalpuram Kamarajar Salai 3Rd Street, W.No. 40 , 4.Tirunelveli (C) Perumalpuram Anbu Nagar Nobel 2Nd North Street, W.No 40 , 5.Tirunelveli (C) Perumalpuram Perumalpuram1St Cross Street, W.No 42 , 6.Tirunelveli (C) Perumalpuram Second North Street, W.No 42 , 999.Overseas Electors
Page 45 of 78",General,"Corporation Primary School , South to North",7th Entrance Perumalpuram,Tamilaga Vettri Kazhagam,178,163,15,Dravida Munnetra Kazhagam,2,3,4,6,10,10,1,6,6,6,10,10,10,5,10,10,10,3.239740820734342,7
172,125,16,33,1,0,1,129,0,1,0,0,0,0,2,0,0,0,308,0,3,311,0,"Corporation Primary School ,South to North, 4th Entrance, Perumalpuram","1.Tirunelveli (C) Perumalpuram Third North Street, W.No 42 , 2.Tirunelveli (C) Perumalpuram Water Tank 3Rd South Street, W.No 40 , 3.Tirunelveli (C) Perumalpuram Water Tank 1St Cross Street, W.No 40 , 4.Tirunelveli (C) Perumalpuram Second Cross St W.No 40 , 5.Tirunelveli (C) Perumalpuram Third Cross St W.No 40 , 6.Tirunelveli (C) Perumalpuram Nobel 1St North Street, W.No 40 , 7.Tirunelveli (C) Perumalpuram Nobel 2Nd South  Street, W.No 40 , 8.Tirunelveli (C) Perumalpuram Water Tank 4Th Street, W.No 40 , 9.Tirunelveli (C) Perumalpuram Water Tank 4Th Cross Street W.No 40 , 999.Overseas Electors",General,"Corporation Primary School ,South to North, 4th Entrance",Perumalpuram,Tamilaga Vettri Kazhagam,129,125,4,Dravida Munnetra Kazhagam,2,3,4,6,9,6,1,9,6,9,9,9,9,5,9,9,9,1.298701298701299,3
173,157,36,52,0,0,0,178,0,2,1,0,1,1,2,0,1,0,431,0,3,434,0,"Corporation Primary School, South to North, 11th Entrance, Perumalpuram","1.Tirunelveli (C) Perumalpuram Perumalpuram Police Quarters Anbu Nagar Kamaraj Salai, W.No 40 , 2.Tirunelveli (C) Perumalpuram Kamaraj Salai  3Rd Street,  W.No. 40 , 3.Tirunelveli (C) Perumalpuram Kamarajar Salai  4Th Street W.No 40 , 4.Tirunelveli (C) Perumalpuram Kamarajar Salai  East Street, W.No 40
, 5.Tirunelveli (C) Perumalpuram Nobel 2Nd Cross Street, W.No 40 , 6.Tirunelveli (C) Perumalpuram Nobel North Street, W.No 40 , 7.Tirunelveli (C) Perumalpuram East Street, W.No 40 , 8.Tirunelveli (C) Perumalpuram Kamarajar Salai 2Nd South Street, W.No 40 , 9.Tirunelveli (C) Perumalpuram Kamarajar Salai 1St South Street, W.No 40 , 10.Tirunelveli (C) Perumalpuram Third South Street, W.No 40 , 11.Tirunelveli (C) Perumalpuram Water Tank 2Nd South Street, W.No 40 , 999.Overseas Electors",General,"Corporation Primary School, South to North, 11th Entrance",Perumalpuram,Tamilaga Vettri Kazhagam,178,157,21,Dravida Munnetra Kazhagam,2,3,4,11,11,11,1,11,5,7,11,7,7,5,11,7,11,4.872389791183294,8
174,161,37,58,0,0,0,197,1,2,1,0,1,0,1,1,0,0,460,0,4,464,0,"Corporation Primary School, South to North,9th Entrance, Perumalpuram","1.Tirunelveli (C) Perumalpuram Nobel 1St North Street, W.No 40 , 2.Tirunelveli
(C) Perumalpuram Perumalpuram 1St Street, W.No 42 , 3.Tirunelveli (C) Perumalpuram Water Tank 1St Cross Street, W.No 40 , 4.Tirunelveli (C) Perumalpuram Anbu Nagar Rental New Quarters, W.No 40 ,5.Tirunelveli (C) Perumalpuram Ward 40 Anbu Nagar West Street, , 6.Tirunelveli (C) Perumalpuram Ward 40 Anbu Nagar East Street, 7.Tirunelveli (C) Perumalpuram Ward 40 Perumalpuramanbu Nagar S.T.C. Road, , 8.Tirunelveli
(C) Perumalpuram Ward 40 Anbu Nagar S.T.C. Church Street, 9.Tirunelveli (C) Perumalpuram Ward 40 Anbu Nagar Telephone Exchange Railway Feeder St, , ,
,999.Overseas Electors",General,"Corporation Primary School, South to North,9th Entrance",Perumalpuram,Tamilaga Vettri Kazhagam,197,161,36,Dravida Munnetra Kazhagam,2,3,4,11,11,11,1,6,5,6,11,6,11,6,6,11,11,7.82608695652174,7
175,131,30,33,0,0,0,153,0,1,0,1,0,0,2,0,1,0,352,0,3,355,0,"Corporation Primary School, South to North,13th Entrance, Perumalpuram","1.Tirunelveli (C) Perumalpuram Anbu Nagar Officers Quarters, W.No 40 , 999.Overseas Electors",General,"Corporation Primary School, South to North,13th Entrance",Perumalpuram,Tamilaga Vettri Kazhagam,153,131,22,Dravida Munnetra Kazhagam,2,3,4,9,9,9,1,9,6,9,6,9,9,5,9,6,9,6.25,5
176,211,43,75,1,1,0,175,0,3,0,0,0,0,0,1,0,1,511,0,1,512,0,"Corporation Primary School ,South to North, 12th Entrance, Perumalpuram","1.Tirunelveli (C) Perumalpuram Kamaraj Salai 1St South Street, W.No 40 , 2.Tirunelveli (C) Perumalpuram Kamaraj Salai 4Th Street W.No. 40 , 3.Tirunelveli (C) Perumalpuram Water Tank 1St South Street, W.No 40 , 4.Tirunelveli (C) Perumalpuram Kamaraj Salai 5Th South Street, W.No 40 , 5.Tirunelveli (C) Perumalpuram Water Tank Main Road, W.No 40 , 6.Tirunelveli
(C) Perumalpuram Water Tank 4Th Cross Street, W.No 40 , 7.Tirunelveli (C) Perumalpuram Water Tank4Th South Street, Wno 40 , 8.Tirunelveli (C) Perumalpuram Anbu Nagar East Street, W.No 40 , 9.Tirunelveli (C) Perumalpuram Anbu Nagar 3Rd North Street, W.No 40 , 10.Tirunelveli (C) Perumalpuram Anbunagar 1St North Street, W.No 40 , 11.Tirunelveli (C) Perumalpuram Noble 1St Street, W.No 40 , 12.Tirunelveli (C) Perumalpuram Noble Street W.No. 40 , 999.Overseas Electors",General,"Corporation Primary School ,South to North, 12th Entrance",Perumalpuram,Dravida Munnetra Kazhagam,211,175,36,Tamilaga Vettri Kazhagam,1,3,4,6,6,10,2,10,5,10,10,10,10,10,6,10,6,7.045009784735812,5
177,237,20,67,0,0,0,164,0,2,1,0,0,0,0,0,0,1,492,0,3,495,0,"Corporation Primary School ,South to North, 5th Entrance, Perumalpuram","1.Tirunelveli (C) Perumalpuram Neihbour Hood Colony 1St Main St, W.No 26 , 2.Tirunelveli (C) Perumalpuram Neihbour Hood Colony Main Street, W.No 26 , 3.Tirunelveli (C) Perumalpuram Neihbour Hood Colony 2Nd Main St, W.No 26 , 4.Tirunelveli (C) Perumalpuram Neihbour Hood Colony 1St  Cross Street, W.No 26 , 5.Tirunelveli (C) Perumalpuram Neihbour Hood Colony 2Nd Cross Street, W.No 42 , 6.Tirunelveli (C) Perumalpuram Neihbour Hood Colony 3Rd Cross Street, W.No 42 , 7.Tirunelveli (C) Perumalpuram Neihbour Hood Colony 4Th Cross Street, W.No 42 , 8.Tirunelveli (C) Perumalpuram Neihbour Hood Colony 5Th Cross Street, W.No 42 , 9.Tirunelveli (C) Perumalpuram Neihbour Hood Colony 6Th Cross Street, W.No 42 , 10.Tirunelveli (C) Perumalpuram Neihbour Hood Colony 7Th Cross Street, W.No 42 , 11.Tirunelveli (C) Perumalpruam Neihbour Hood Colony Kamaraj Salai W.No 42 , 12.Tirunelveli (C) Perumalpuram Neihbourhood Colony 8Th Cross Street, W.No 42 , 13.Tirunelveli
(C) Perumalpuram Neihbourhood Colony 9Th Cross Street, W.No 42 , 14.Tirunelveli (C) Perumalpuram Neihbourhood Colony10Th Cross Street, W.No 42 , 15.Tirunelveli (C) Perumalpuram Neihbourhood Colony 11Th Cross Street, W.No 42 , 16.Tirunelveli (C) Perumalpuram Neihbourhood Colony 12Th Cross Street, W.No 42 , 17.Tirunelveli (C) Perumalpuram Neihbourhood Colony 13Th Cross Street, W.No 42 , 18.Tirunelveli (C) Perumalpuram Neihbourhood Colony 14Th Cross Street, W.No 42 , 19.Tirunelveli (C) Perumalpuram Neihbour Hood Colony Nobel Street W.No 26 , 999.Overseas Electors",General,"Corporation Primary School ,South to North, 5th Entrance",Perumalpuram,Dravida Munnetra Kazhagam,237,164,73,Tamilaga Vettri Kazhagam,1,3,4,8,8,8,2,8,5,6,8,8,8,8,8,8,6,14.83739837398374,4
178,209,37,66,1,0,1,238,0,1,0,0,0,10,3,1,0,0,567,0,4,571,0,"St. Jospeh Girls Higher Secondary School XII Std ’A’Class Room south Building, N.G.O.A. Colony","1.Tirunelveli (C) Perumalpuram Pothigai Nagar South Street, W.No 41 , 2.Tirunelveli (C) Perumalpuram Pothigai Nagar Poonga East Street, W.No 41 , 3.Tirunelveli (C) Perumalpuram Pothigai Nagar 1St South Street, W.No 41 , 4.Tirunelveli (C) Perumalpuram Pothigai Nagar 2Nd South Street, W.No 41 , 5.Tirunelveli (C) Perumalpuram Pothigai Nagar Pillaiyar Koil West Street, W.No 41 , 6.Tirunelveli (C) Perumalpuram Pothigai Nagar Pillaiyar Koil East St, W.No 41 , 7.Tirunelveli (C) Perumalpuram Pothigai Nagar Pillaiyar Koil North St, W.No 41 , 8.Tirunelveli (C) Perumalpuram Pothigai Nagar Pillaiyar Koil South St, W.No 41 , 9.Tirunelveli (C) Perumalpuram Pothigai Nagar 1 Cross Street, W.No 41 , 10.Tirunelveli (C) Perumalpuram Pothigai Nagar 2Nd Cross Street, W.No 41 , 999.Overseas Electors",General,St. Jospeh Girls Higher Secondary School XII Std ’A’Class Room south Building,N.G.O.A. Colony,Tamilaga Vettri Kazhagam,238,209,29,Dravida Munnetra Kazhagam,2,3,4,7,11,7,1,11,7,11,11,11,5,6,7,11,11,5.114638447971781,15
179,165,16,60,0,1,1,150,3,2,0,0,0,1,1,1,0,0,401,0,1,402,0,"St. Jospeh Girls Higher Secondary School Campus St. Xavier Nursery and Primary School, New Building Ist Std Class Room,
N.G.O.A. Colony","1.Tirunelveli (C) Perumalpuram Pothigai Nagar 3Rd Cross Street, W.No 41 , 2.Tirunelveli (C) Perumalpuram Pothigai Nagar Poonga South Street, W.No 41 , 3.Tirunelveli (C) Perumalpuram Pothigai Nagar Poonga 1St Cross St, W.No 41 , 4.Tirunelveli (C) Perumalpuram Pothigai Nagar 2Nd Cross Street, W.No 41 , 5.Tirunelveli (C) Perumalpuram Pothigai Nagar 1St South Street, W.No 41 , 6.Tirunelveli (C) Perumalpuram Pothigai Nagar West Street, W.No 41 , 7.Tirunelveli (C) Perumalpuram Pothigai Nagar Poonga North St, W.No 41 , 8.Tirunelveli (C) Perumalpuram Pothigainagar East St, W.No.41, 9.Tirunelveli
(C) Perumalpuram Pothigainagar North St.,W.No.41, 999.Overseas Electors",General,"St. Jospeh Girls Higher Secondary School Campus St. Xavier Nursery and Primary School, New Building Ist Std Class Room",N.G.O.A. Colony,Dravida Munnetra Kazhagam,165,150,15,Tamilaga Vettri Kazhagam,1,3,4,12,7,7,2,5,6,12,12,12,7,7,7,12,12,3.740648379052369,8
180,173,28,88,0,0,0,167,1,1,1,0,0,1,1,0,1,1,463,0,3,466,0,"Corporation Primary School ,South to North, 2nd Entrance, Perumalpuram","1.Tirunelveli (C) Perumalpuram Ward 40 Anbu Nagar Kamaraj Salai, , 2.Tirunelveli (C) Perumalpuram Ward 40 Ponvizha Nagar East Street, , 3.Tirunelveli (C) Perumalpuram Ward 40 Ponvizha Nagar West Street, , 4.Tirunelveli (C) Perumalpuram Ward 40 Ponvizha Nagarnorth Street, , 5.Tirunelveli (C) Perumalpuram Ward 40 Ponvizha Nagarmain Street, , 6.Tirunelveli (C) Perumalpuram Ward 40 Ponvizha Nagar South Street, , 7.Tirunelveli (C) Perumalpuram Ward 40 Ponvizha Nagar1 St South Street , 999.Overseas Electors",General,"Corporation Primary School ,South to North, 2nd Entrance",Perumalpuram,Dravida Munnetra Kazhagam,173,167,6,Tamilaga Vettri Kazhagam,1,3,4,12,12,12,2,5,5,5,12,12,5,5,12,5,5,1.295896328293737,7
181,234,40,80,0,1,0,195,0,0,0,0,0,0,5,0,0,1,556,0,3,559,0,"St.Joseph Girls Hr.Sec.School , Eastern Building 12th A Class Room, N.G.O.A. Colony","1.Tirunelveli (C) N.G.O. Colony Ward No. 41 Packianathan Street, , 2.Tirunelveli
(C) N.G.O. Colony Ward No 41  Victor Street, , 3.Tirunelveli (C) N.G.O. Colony Ward No 41 Bharathi Street, , 4.Tirunelveli (C) N.G.O.Colony Ward No.41 Bharathi Street, South N.G.O. Colony ,   5.Tirunelveli (C) N.G.O. Colony Ward No.53 Driver Office Assistant Colony 1st North Street , 6.Tirunelveli (C) N.G.O. Colony Ward No 53 Driver Office Assistant Colony, 2nd North Street, , 7.Tirunelveli (C) N.G.O. Colony Ward No 53 Driver Office Assistant Colony, South Street, , 8.Tirunelveli (C) N.G.O. Colony Ward No 53 Driver Office Assistant Colony, 1St South Street , 9.Tirunelveli (C) N.G.O.Colony Ward No 53 Driver Office Assistant Colony, West Street, , 10.Tirunelveli (C) N.G.O. Colony Ward No 53 Driver Office Assistant Colony, East Street, , 11.Tirunelveli (C) N.G.O.Colony Ward No 41 Bharathi Nagar 3Rd Street Near S.T.C. College, , 12.Tirunelveli (C) N.G.O. Colony Ward No 41 Karunya Nagar, , 13.Tirunelveli
(C) N.G.O.Colony Ward No 41 Nehru Nagar, , 999.Overseas Electors",General,"St.Joseph Girls Hr.Sec.School , Eastern Building 12th A Class Room",N.G.O.A. Colony,Dravida Munnetra Kazhagam,234,195,39,Tamilaga Vettri Kazhagam,1,3,4,8,6,8,2,8,8,8,8,8,8,5,8,8,6,7.014388489208632,6
182,287,40,139,0,0,0,207,0,1,0,0,0,0,0,2,0,1,677,0,7,684,0,"St.Joseph Girls Hr.Sec.School , Eastern Building 12th B Class Room, N.G.O. A. Colony.","1.Tirunelveli (C) N.G.O Colony Ward No 54 Manicka Nagar, 2.Tirunelveli (C)
N.G.O Colony Ward No 54 Vimas  Sqare 1St St,3.Tirunelveli (C) N.G.O.Colony Ward No 54 Vimas Sqare  2Nd Street, 4.Tirunelveli (C) N.G.O.Colony Ward No 41 V.G.P Nagar, 5.Tirunelveli (C) N.G.O. Colony Ward No 41 Bharathi Nagar Extension Near S.T.C. College, , 6.Tirunelveli (C) N.G.O. Colony Ward No 41 Bharathi Nagar 6Th Street,Extension Near S.T.C.College,7.Tirunelveli (C) N.G.O.Colony Ward No 54 Masia Nagar,8.Tirunelveli (C) N.G.O. Colony Ward No 41 K.M.A. Nagar,9.Tirunelveli (C) N.G.O Colony Ward No 54 Cathidral Colony,10.Tirunelveli (C) N.G.O.Colony Ward No 41 Bharathi Nagar 1St Street, Near S.T.C. College ,11.Tirunelveli (C) N.G.O.Colony Ward No 41 Barathi Nagar 2Nd Street, Near S.T.C College ,12.Tirunelveli (C) N.G.O. Colony Ward No 41 Bharathi Nagar Cross Street(4Th Street) ,13.Tirunelveli (C) N.G.O.Colony Ward No 54 New Nehru Nagar, 14.Tirunelveli (C) Ngo Colony Ward No 41 S.T.C. Road, 999.Overseas Electors",General,"St.Joseph Girls Hr.Sec.School , Eastern Building 12th B Class Room",N.G.O. A. Colony.,Dravida Munnetra Kazhagam,287,207,80,Tamilaga Vettri Kazhagam,1,3,4,8,8,8,2,8,6,8,8,8,8,8,5,8,6,11.81683899556868,4
183,294,42,147,1,0,0,235,1,3,0,0,0,2,2,0,0,0,727,0,4,731,0,"St.Joseph Girls Hr.Sec.School , South Building XI the B Class Room N.G.O. A. Colony.","1.Tirunelveli (C) N.G.O.Colony Ward No 41  Thendral Nagar, , 2.Tirunelveli (C) N.G.O.Colony Ward No 54 Alagar Nagar, , 3.Tirunelveli (C) N.G.O.Colony Ward No 54 Marphy Nagar, , 4.Tirunelveli (C) N.G.O.Colony Ward No 41 Nethaji Nagar, , 5.Tirunelveli (C) N.G.O.Colony Ward No 54 Spencer Colony, , 6.Tirunelveli (C) N.G.O.Colony Ward No 41 Apollo  Colony, , 7.Tirunelveli (C) N.G.O.Colony Ward No 54 State Bank Colony, 8.Tirunelveli (C) N.G.O.Colony Ward No 54 Valluvar Colony, , 9.Tirunelveli (C) N.G.O.Colony Ward No 54 Valluvar Colony South Side, , 10.Tirunelveli (C) N.G.O.Colony Ward No 54 Vinayakar Colony 1St  Street, , 11.Tirunelveli (C) N.G.O.Colony Ward No 54 Vinayakar Colony  3Rd  Street, , 12.Tirunelveli (C) N.G.O.Colony Ward No 54 Vinayakar Colony  3Rd  Street, , 13.Tirunelveli (C) N.G.O.A. Colony Ward No 54 Vinayakar Colony  4Th Street, , 999.Overseas Electors",General,St.Joseph Girls Hr.Sec.School,South Building XI the B Class Room N.G.O. A. Colony.,Dravida Munnetra Kazhagam,294,235,59,Tamilaga Vettri Kazhagam,1,3,4,8,10,10,2,8,5,10,10,10,6,6,10,10,10,8.11554332874828,8
184,285,53,76,3,0,0,267,0,2,1,0,0,1,4,0,1,0,693,0,1,694,0,"St. Joseph Girls Hr. Sec. School ,Eastern Building, 11th A Class Room, N.G.O. A. Colony.","1.Tirunelveli (C) Ngo Colony Ward No. 41 S.T.C 1St Cross Street, , 2.Tirunelveli
(C) Ngo Colony Ward No. 41 Hariraj Street, , 3.Tirunelveli (C) Ngo Colony Ward No 41  Kurinchi Avenue, , 4.Tirunelveli (C) Ngo Colony Ward No 51 Chellathai Nagar 1St  Street, , 5.Tirunelveli (C) Ngo Colony Ward No 51 Chellathai Nagar 2Nd Street, , 6.Tirunelveli (C) Ngo Colony Ward No 51 Kurnichi Nagar North Street, , 7.Tirunelveli (C) Ngo Colony Ward No. 51 Kurinchi Nagar South Street,
, 8.Tirunelveli (C) Ngo Colony Ward No 51 Jail Singh Nagar South Street, , 9.Tirunelveli (C) Ngo Colony Ward No 51 Jail Singh Nagar East Street, , 10.Tirunelveli (C) Ngo Colony Ward No 51 Jail Singh Nagar North Street, , 11.Tirunelveli (C) Ngo Colony Ward No 51 Jail Singh Nagar 1St Street, , 12.Tirunelveli (C) Ngo Colony Ward No 51 Jail Singh Nagar 2Nd Street, , 13.Tirunelveli (C) Ngo Colony Ward No 51 Jail Singh Nagar 3Rd Street, , 14.Tirunelveli (C) Ngo Clony Ward No. 51 Mother Therasa Street, , 15.Tirunelveli (C) Ngo Colony Ward No 53 Iyyappa Nagar 1St Cross Street, , 16.Tirunelveli (C) Ngo Colony Ward No 53 Iyyappa Nagar  2Nd Cross Street, , 17.Tirunelveli (C) N.G.O.Colony Ward No 53 Iyyappa Nagar East Main Road, , 18.Tirunelveli (C) Ngo Colony Ward No 54 Aanaiyarkulam North Street, , 19.Tirunelveli (C) Ngocolony Ward No 53 Pillaiyar Kovil St , 20.Tirunelveli (C)
N.G.O Colony Ward No 54 Aanaiyarkulam North Street, ,  999.Overseas Electors",General,"St. Joseph Girls Hr. Sec. School ,Eastern Building, 11th A Class Room",N.G.O. A. Colony.,Dravida Munnetra Kazhagam,285,267,18,Tamilaga Vettri Kazhagam,1,3,4,6,11,11,2,11,7,8,11,11,8,5,11,8,11,2.597402597402597,9
185,229,32,101,1,2,0,204,0,2,0,2,0,0,0,0,1,2,576,0,1,577,0,"St. Joseph Girls Hr. Sec. School ,Eastern Building, 12th C Class Room, N.G.O. A. Colony.","1.Tirunelveli (C) Ngo Colony Ward No 54 Sivanthi Athithan Colony, , 2.Tirunelveli (C) Ngo Colony Ward No 54 Canarabank Colony 1St Street, , 3.Tirunelveli (C) Ngo Colony Ward No 54 Canarabank Colony  2Nd Street , 4.Tirunelveli (C) Ngo Colony Ward No 54 Canarabank Colony  3Rd Street(South Middle Street) , 5.Tirunelveli (C) Ngo Colony Ward No 54 Canara Bank Colony 4Th  Middle Street, , 6.Tirunelveli (C) Ngo Colony Ward No 54 Canara Bank Colony  5Th  Middle Street,, , 7.Tirunelveli (C) Ngo Colony Ward No 54 Canara Bank Colony  6Th Middle Street, , 8.Tirunelveli (C) Ngo Colony Ward No 54 Vasanth Nagar 2Nd Cross Street , 9.Tirunelveli (C) Ngo Colony Ward No 54 Vasanth Nagar, , 10.Tirunelveli (C) Ngo Colony N.G.O. Colony Ward No 54 1St Cross Street, 11.Tirunelveli (C) Ngo Colony Ward No 54 Slum Clerance Board Colony, , 12Tirunelveli (C) Ngo Colony Ward No 54 Geerthi Nagar, , 13.Tirunelveli (C) Ngo Colony Ward No 54 Sri Ram Square, ,14.Tirunelveli (C) N.G.O.Colony Ward No 54 Besent Nagar, , 999.Overseas Electors",General,"St. Joseph Girls Hr. Sec. School ,Eastern Building, 12th C Class Room",N.G.O. A. Colony.,Dravida Munnetra Kazhagam,229,204,25,Tamilaga Vettri Kazhagam,1,3,4,9,5,11,2,11,5,11,5,11,11,11,11,9,5,4.340277777777778,7
186,195,42,93,0,0,0,215,0,1,0,0,0,0,2,0,0,0,548,0,3,551,0,St. Joseph Girls Hr. Sec. School Campus St. Xavier Nursery and Primary School New Building L.K.G. Class Room N.G.O. A. Colony.,"1.Tirunelveli (C) Ngo Colony Ward No 54 Thirumal Nagar-I(Door no.1-167), , 999.Overseas Electors",General,St. Joseph Girls Hr. Sec. School Campus St. Xavier Nursery and Primary School New Building L.K.G. Class Room N.G.O. A. Colony.,St. Joseph Girls Hr. Sec. School Campus St. Xavier Nursery and Primary School New Building L.K.G. Class Room N.G.O. A. Colony.,Tamilaga Vettri Kazhagam,215,195,20,Dravida Munnetra Kazhagam,2,3,4,7,7,7,1,7,6,7,7,7,7,5,7,7,7,3.64963503649635,3
187,178,33,83,0,0,0,271,1,1,1,0,0,0,5,1,1,1,576,0,5,581,0,"St. Joseph Girls Hr. Sec. School, southern block western side east portion  N.G.O. A. Colony.","1.Tirunelveli (C) Ngo Colony Ward No 54 Thirumal Nagar-II(Door no.167E2-Q15), , 999.Overseas Electors",General,St. Joseph Girls Hr. Sec. School,southern block western side east portion  N.G.O. A. Colony.,Tamilaga Vettri Kazhagam,271,178,93,Dravida Munnetra Kazhagam,2,3,4,12,12,12,1,6,6,6,12,12,12,5,6,6,6,16.14583333333334,11
188,228,53,105,0,0,0,176,0,1,1,0,0,0,2,0,0,0,566,0,5,571,0,"St. Joseph Girls Hr. Sec. School , Western Builidng, East Side. N.G.O. A. Colony, Palayamkottai","1.Tirunelveli (C) Ngocolony Ward No 54 N.G.O Colony 11Th Cross Street, , 2.Tirunelveli (C) Ngocolony Ward No 54 N.G.O Colony 12Th Cross Street, , 3.Tirunelveli (C) Ngo Colony Ward No 54 N.G.O Colony 13Th Cross Street, , 4.Tirunelveli (C) Ngo Colony Ward No 54 N.G.O Colony 14Th Cross Street, , 5.Tirunelveli (C) Ngo Colony Ward No 54 N.G.O Colony 15Th Cross Street, , 6.Tirunelveli (C) Ngo Colony Ward No 54 N.G.O Colony 16Th Cross Street, , 7.Tirunelveli (C) Ngo Colony Ward No 54 Slum Clearance Board Colony Main Street, , 8.Tirunelveli (C) Ngo Colony Ward No 54 Slum Clerance Board Colony,
, 9.Tirunelveli (C) Ngo Colony Ward No 41 Asirvatha Nagar, , 10.Tirunelveli (C) Ngo Colony Ward No 41 Saron Street, , 11.Tirunelveli (C) Ngo Colony Ward No. 41 Narayanan Nagar, , 12.Tirunelveli (C) Ngo Colony Ward No 41 Thriuvalluvar Street, , 13.Tirunelveli (C) Ngo Colony Ward No 41 Thirumarai Nagar, , 14.Tirunelveli (C) Ngo Colony Ward No 41 K.L.N. Colony, , 15.Tirunelveli (C) Ngo Colony Ward No 51 Sivasakthi Nagar, , 16.Tirunelveli (C) N.G.O Colony Ward No 51 Isak Nagar , 999.Overseas Electors",General,"St. Joseph Girls Hr. Sec. School , Western Builidng, East Side. N.G.O. A. Colony",Palayamkottai,Dravida Munnetra Kazhagam,228,176,52,Tamilaga Vettri Kazhagam,1,3,4,8,8,8,2,8,6,6,8,8,8,5,8,8,8,9.187279151943462,4
189,167,25,87,1,0,0,170,2,2,0,0,0,2,1,0,0,1,458,0,2,460,0,"St. Joseph Girls Hr. Sec. School , Western building, Western Side, N.G.O.A. Colony, Palayamcottai","1.Tirunelveli (C) N.G.O. Colony Ward No 54 N.G.O Colony North Main Road, , 2.Tirunelveli (C) Ngo Colony Ward No 54 1St Cross Street, , 3.Tirunelveli (C) Ngo Colony Ward No 54 2Ngo Colony  2Nd Cross Street, , 4.Tirunelveli (C) Ngo Colony Ward No 54 2Nd Cross Street, , 5.Tirunelveli (C) Ngo Colony Ward No 54 3Rd, Cross Street, , 6.Tirunelveli (C) Ngo Colony Ward No 54 4Th Cross Street, , 7.Tirunelveli (C) Ngo Colony Ward No 54 5Th Cross Street, , 8.Tirunelveli (C) Ngo Colony Ward No 54 6Th Cross Street, , 999.Overseas Electors",General,"St. Joseph Girls Hr. Sec. School , Western building, Western Side, N.G.O.A. Colony",Palayamcottai,Tamilaga Vettri Kazhagam,170,167,3,Dravida Munnetra Kazhagam,2,3,4,8,11,11,1,5,5,11,11,11,5,8,11,11,8,0.6550218340611353,8
190,166,28,64,0,0,0,131,0,3,0,4,0,1,2,0,0,0,399,0,4,403,0,"St. Joseph Girls Hr. Sec. School ,Eastern Builidng, Western Side XI F Std Class Room ,
N.G.O.A. Colony, Palayamcottai","1.Tirunelveli (C) Ngo Colony Ward No 54 7Th Cross Street, , 2.Tirunelveli (C) Ngo Colony Ward No 54 8Th Cross Street, , 3.Tirunelveli (C) Ngo Colony Ward No 53 9Th Cross Street, , 4.Tirunelveli (C) Ngo Colony Ward No 54 10Th Cross Street, , 5.Tirunelveli (C) Ngo Colony Ward No 54 N.G.O Colony East Main Road, , 6.Tirunelveli (C) Ngo Colony Ward No 53 West Main Road, , 7.Tirunelveli (C) Ngo Colony Ward No 53 Thergu Vill Thaduppu Street, , 8.Tirunelveli (C) Ngocolony Ward No 53 South Main Road , 999.Overseas Electors",General,"St. Joseph Girls Hr. Sec. School ,Eastern Builidng, Western Side XI F Std Class Room ,
N.G.O.A. Colony",Palayamcottai,Dravida Munnetra Kazhagam,166,131,35,Tamilaga Vettri Kazhagam,1,3,4,9,9,9,2,9,6,9,5,9,8,7,9,9,9,8.771929824561402,10
191,219,53,82,2,0,1,299,0,0,1,0,0,0,1,0,0,0,658,0,8,666,0,"St.Joseph Primary School, , Eastern Wing, Near R.T.O Office N.G.O.B Colony, Palayamkottai","1.Tirunelveli (C) N.G.O.Colony Ward No 51  Thiru Nagar T.N.H.B. Colony, West Street, , 2.Tirunelveli (C) N.G.O.Colony Ward No 51  Thiru Nagar T.N.H.B. Colony, 1St West Street, , 3.Tirunelveli (C) N.G.O.Colony Ward No 51  Thiru Nagar T.N.H.B. Colony,South Street, , 4.Tirunelveli (C) N.G.O.Colony Ward No
51  Thiru Nagar T.N.H.B. Colony, 1St South Street, , 5.Tirunelveli (C) N.G.O.Colony Ward No 51 Thiru Nagar T.N.H.B. Colony Reddiyar Patti, East Street , 6.Tirunelveli (C) N.G.O.Colony Ward No 51  Thiru Nagar T.N.H.B. Colony East Street, , 7.Tirunelveli (C) N.G.O.Colony Ward No 51  Tirunagar
T.N.H.B. Colony North Street, , 8.Tirunelveli (C) N.G.O.Colony Ward No 51 Tirunagar T.N.H.B. Colony  Water Tank Street, , 9.Tirunelveli (C) N.G.O.Colony Ward No 51 T.N.H.B. Colony 1St Street, , 10.Tirunelveli (C) N.G.O Colony Ward No 51 T.N.H.B. Colony 2Nd St , 11.Tirunelveli (C) N.G.O.Colony Ward No 51
T.N.H.B. Colony  Middle Street, 12.Tirunelveli (C) N.G.O.Colony Ward No 53 Drivers Office Assistant Colony,  3Rd Cross Street, , 13.Tirunelveli (C) N.G.O.Colony Ward No 53 Driver Office Assistant Colony,  1st Pillaiyar Koil Street, , 14.Tirunelveli (C) N.G.O. Colony Ward No 53 Driver Office Assistant Colony, 2nd Pillaiyar Koil Street, , 15.Tirunelveli (C) N.G.O.Colony Ward No 53 Driver Office Assistant Colony, 3rd  Pillaiyar Koil Street, , 16.Tirunelveli (C) N.G.O.Colony Ward No 53 Driver Office Assistant Colony, 4th Pillaiyar Koil Street,  999.Overseas Electors",General,"St.Joseph Primary School, , Eastern Wing, Near R.T.O Office N.G.O.B Colony",Palayamkottai,Tamilaga Vettri Kazhagam,299,219,80,Dravida Munnetra Kazhagam,2,3,4,5,9,6,1,9,9,6,9,9,9,6,9,9,9,12.1580547112462,2
192,217,40,103,0,0,0,279,0,0,0,0,0,0,2,0,2,1,644,0,2,646,0,"St.Joseph Primary School , western Wing,IIIrd A Class Room Near R.T.O Office
N.G.O.B Colony, Palayamkottai","1.Tirunelveli (C) N.G.O.Colony Ward No 51  Rajnagar 1St St, , 2.Tirunelveli (C) N.G.O.Colony Ward No 51 Rajnagar 2Nd Street, , 3.Tirunelveli (C) N.G.O.Colony Ward No 51 Rajnagar 3Rd Street, , 4.Tirunelveli (C) N.G.O.Colony Ward No 51 Rajnagar West Street, , 5.Tirunelveli (C) N.G.O.Colony Ward No 51 Rajnagar  South Street , 6.Tirunelveli (C) N.G.O.Colony Ward No 51 Rajnagar  South West Street , 7.Tirunelveli (C) N.G.O.Colony Ward No 51 Rajnagar East Street, , 8.Tirunelveli (C) N.G.O.Colony Ward No 51 Karpaga Vinayagar North Street, , 9.Tirunelveli (C) N.G.O.Colony Ward No 51 Karpaga Vinayagar Main Road, , 10.Tirunelveli (C) N.G.O.Colony Ward No 51 Karpaga Vinayagar Nagar South Street, , 11.Tirunelveli (C) N.G.O.Colony Ward No 51 Sieon Street, , 12.Tirunelveli (C) N.G.O.Colony Ward No 53 N.G.O. A. Colony Extension 1St Street, , 13.Tirunelveli (C) N.G.O.Colony Ward No 53 N.G.O. A. Colony Extension North Street , 14.Tirunelveli (C) N.G.O.Colony Ward No 53 N.G.O. A. Colony Extension  2Nd Street, , 15.Tirunelveli (C) N.G.O.Colony Ward No 53 N.G.O. A. Colony Extension South Street, , 16.Tirunelveli (C) N.G.O.Colony Ward No 53
N.G.O. A. Colony Extension East Street, , 17.Tirunelveli (C) N.G.O.Colony Ward No 51 Madurai.H.B. Colony, 18.Tirunelveli (C) N.G.O.Colony Ward No 53 Drivers Office Assistant Colony,  1 Cross Street, , 19.Tirunelveli (C) N.G.O. Colony Ward No 53 Drivers Office Assistant Colony,  2Nd  Cross Street, 999.Overseas Electors",General,"St.Joseph Primary School , western Wing,IIIrd A Class Room Near R.T.O Office
N.G.O.B Colony",Palayamkottai,Tamilaga Vettri Kazhagam,279,217,62,Dravida Munnetra Kazhagam,2,3,4,8,8,8,1,8,8,8,8,8,8,5,8,5,7,9.627329192546584,5
193,205,67,111,1,1,0,400,0,1,0,0,0,0,2,1,1,0,790,0,8,798,0,"St.Joseph Primary School , Western Portion
R.T.O Office N.G.O.B Colony, Palayamkottai","1.Tirunelveli (C) N.G.O.Colony Ward No 51 Mahizhchi Nagar-I(Door no.1-L121), , 999.Overseas Electors",General,"St.Joseph Primary School , Western Portion
R.T.O Office N.G.O.B Colony",Palayamkottai,Tamilaga Vettri Kazhagam,400,205,195,Dravida Munnetra Kazhagam,2,3,4,6,6,11,1,11,6,11,11,11,11,5,6,6,11,24.68354430379747,5
194,244,52,94,2,1,0,210,1,1,0,0,0,0,1,2,2,0,610,0,5,615,0,"St.Joseph Primary School ,Western Wing, IV Class room Near R.T.O Office, N.G.O.B Colony, Palayamkottai","1.Tirunelveli (C) N.G.O. Colony, Ward No 51 Rajendra Nagar, , 2.Tirunelveli (C)
N.G.O. Colony, Ward No 51 Krishna Nagar, , 3.Tirunelveli (C) N.G.O. Colony, Ward No 51 Reddiyarpatti Road, , 4.Tirunelveli (C) N.G.O. Colony,Ward No 53
N.G.O. Colony 6Th Street, , 5.Tirunelveli (C) N.G.O. Colony,Ward No 53 N.G.O. Colony 7Th Street, , 6.Tirunelveli (C) N.G.O. Colony,Ward No 53 N.G.O. Colony 8Th Street, , 7.Tirunelveli (C) N.G.O. Colony,Ward No 53 N.G.O. Colony 9Th Street, , 8.Tirunelveli (C) N.G.O. Colony,Ward No 53 East Street, , 9.Tirunelveli
(C) N.G.O. Colony,Ward No 53 Tenth Street, , 10.Tirunelveli (C) N.G.O. Colony,Ward No 53 Eleventh Street, , 11.Tirunelveli (C) N.G.O. Colony,Ward No 53 South Street, , 12.Tirunelveli (C) N.G.O. Colony,Ward No 53 Twelth Street, , 13.Tirunelveli (C) N.G.O.New Colony,Ward No 53 N.G.O.New Colony 13Th Street, , 14.Tirunelveli (C) N.G.O.New Colony, Ward No 53 N.G.O.New Colony 14Th Street, , 15.Tirunelveli (C) N.G.O.New Colony,Ward No 53  N.G.O.New Colony 15Th Street, , 16.Tirunelveli (C) N.G.O.New Colony,Ward No 53 N.G.O.New Colony 16Th Street, , 17.Tirunelveli (C) N.G.O.New Colony,Ward No 53 N.G.O.New Colony 17Th Street, , 18.Tirunelveli (C) N.G.O.New Colony,Ward No 53 Neela Kanda Nagar, , 19.Tirunelveli (C) N.G.O.New Colony, Ward No 53 West Street, East Street, South Street, North Street, , 20.Tirunelveli (C) N.G.O.New Colony,Ward No 51 N.G.O.New Colony,Roja Nagar West Street, East Street, South Street, North Street , 21.Tirunelveli (C) N.G.O.New Colony,Ward No 51 Rajendra Nagar South Street, North Street, , 22.Tirunelveli (C) N.G.O.New Colony,Ward No 51 Central Excise Colony, ,",General,"St.Joseph Primary School ,Western Wing, IV Class room Near R.T.O Office, N.G.O.B Colony",Palayamkottai,Dravida Munnetra Kazhagam,244,210,34,Tamilaga Vettri Kazhagam,1,3,4,5,8,12,2,8,8,12,12,12,12,8,5,5,12,5.573770491803279,7
195,175,40,49,2,0,1,216,0,3,1,1,1,0,1,0,0,0,490,0,2,492,0,"St.Joseph Primary School, North Building, East portion  Near R.T.O Office, N.G.O.B Colony, Palayamkottai","1.Tirunelveli (C) N.G.O. Colony, Ward No 53 R.T.O. Road, , 2.Tirunelveli (C)
N.G.O. Colony, Ward No 51 Neelakandan Nagar, , 3.Tirunelveli (C) N.G.O. Colony, Ward No 51 Central Excise Colony, 4.Tirunelveli (C) N.G.O. Colony, Ward No 51 Roja Nagar, 5.Tirunelveli (C) N.G.O.Colony Ward No 51 Mahizhchi Nagar-II(Door no.L123-L1597),999.Overseas Electors",General,"St.Joseph Primary School, North Building, East portion  Near R.T.O Office, N.G.O.B Colony",Palayamkottai,Tamilaga Vettri Kazhagam,216,175,41,Dravida Munnetra Kazhagam,2,3,4,6,12,7,1,12,5,7,7,7,12,7,12,12,12,8.36734693877551,7
196,177,37,115,0,0,0,183,1,2,0,0,1,0,1,0,1,0,518,0,1,519,0,"Amala Primary School, North Part, 1st Room
N.G.O.B Colony, Jawahar Nagar Palayamcottai","1.Tirunelveli (C) N.G.O. Colony Ward No 53 N.G.O. B Colony 1St Street, , 2.Tirunelveli (C) N.G.O.Colony Ward No 53 N.G.O. B Colony 2Ndstreet, , 3.Tirunelveli (C) N.Go.Colony Ward No 53 N.G.O. B Colony 3Rd Street, , 4.Tirunelveli (C) N.G.O.Colony Ward No 53 N.G.O. B Colony 4Th Street(Pallivasal Street) , 5.Tirunelveli (C) N.G.O.Colony Ward No 53 Ngo B Colony 5Th Street, , 6.Tirunelveli (C) N.G.O.Colony Ward No 53 Ngo B Colony 6Th Street, , 7.Tirunelveli (C) N.G.O.Colony Ward No 53 Ngo B Colony 7Th Street, , 8.Tirunelveli (C) N.G.O.Colony Ward No 53 Ngo B Colony 8Th Street, , 9.Tirunelveli (C) N.G.O.Colony Ward No 53 Ngo B Colony 9Th Street, , 10.Tirunelveli (C) N.G.O.Co.Ony Ward No 53 Ngo B Colony 10Th Street, 11.Tirunelveli (C) N.G.O.Colony Ward No 53 Ngo B Colony 11Th Street, , , 999.Overseas Electors",General,"Amala Primary School, North Part, 1st Room
N.G.O.B Colony",Jawahar Nagar Palayamcottai,Tamilaga Vettri Kazhagam,183,177,6,Dravida Munnetra Kazhagam,2,3,4,10,10,10,1,6,5,10,10,6,10,6,10,6,10,1.158301158301158,6
197,163,41,113,0,1,0,165,0,2,1,0,0,1,1,1,0,0,489,0,4,493,0,"Amala Primary School North part IInd Room
N.G.O.B Colony, Jawahar Nagar Palayamcottai","1.Tirunelveli (C) N.G.O.Colony Ward No 53 Ngo B Colony 12Th Street, ,
2.Tirunelveli (C) N.G.O.Colony Ward No 53 Ngo B Colony 13Th Street, , 3.Tirunelveli (C) N.G.O. Colony Ward No 53 Ngo B Colony 14Th Street, , 4.Tirunelveli (C) N.G.O.Colony Ward No 53 Ngo B Colony 15Th Street, , 5.Tirunelveli (C) N.G.O.Colony Ward No 53 Ngo B Colony 16Th Street, , 6.Tirunelveli (C) N.G.O.Colony Ward No 53 Ngo B Colony 17Th Street, , 7.Tirunelveli (C) N.G.O.Colony Ward No 53 Ngo B Colony 18Th Street, , 8.Tirunelveli (C) N.G.O.Colony Ward No 53 Ngo B Colony 19Th Street, , 9.Tirunelveli (C) N.G.O.Colony Ward No 53 Ngo B Colony 20Th Street, , 10.Tirunelveli (C) N.G.O.Colony Ward No 53 Ngo B Colony 21Th Street, , 11.Tirunelveli (C) N.G.O.Cilony Ward No 53 Ngo B Colony 22Nd Street, , 12.Tirunelveli (C) N.G.O. Colony Ward No 53 Ngo B Colony 23Rd Street, , 13.Tirunelveli (C) N.G.O. Colony Ward No 53 Ngo B Colony 24Th Street, , 14.Tirunelveli (C) N.G.O. Colony Ward No 53 Ngo B Colony 25Th Street, , 15.Tirunelveli (C) N.G.O. Colony Ward No 41 Pioneer Kumarasamy Nagar West Street, , 16.Tirunelveli (C) N.G.O. Colony Ward No 41 Pioneer Kumarasamy Nagar South Street, , 17.Tirunelveli (C) N.G.O. Colony Ward No 41 Pioneer Kumarasamy Nagar North Street, , 18.Tirunelveli (C) N.G.O. Colony Ward No 41 Pioneer Kumarasamy Nagar 1St Street, , 19.Tirunelveli (C) N.G.O. Colony Ward No 41 Pioneer Kumarasamy Nagar  2Nd Street, , 20.Tirunelveli (C) N.G.O.Colony Ward No 41 Pioneer Kumarasamy Nagar, Main Street , 21.Tirunelveli (C) N.G.O. Colony Ward No 41 Pioneer Kumarasamy Nagar  4Th",General,"Amala Primary School North part IInd Room
N.G.O.B Colony",Jawahar Nagar Palayamcottai,Tamilaga Vettri Kazhagam,165,163,2,Dravida Munnetra Kazhagam,2,3,4,11,6,11,1,11,5,6,11,11,6,6,6,11,11,0.408997955010225,6
198,166,27,60,1,0,0,111,0,4,0,1,1,3,1,0,0,1,376,0,5,381,0,"Amala Primary School North Part 3rd Room
N.G.O.B Colony, Jawahar Nagar Palayamkottai","1.Tirunelveli (C) Ngo Collony Ward No 53 N.G.O. Colony Mullai Nagar North St, , 2.Tirunelveli (C) Ngo Colony Ward No 53 N.G.O. Colony Mullai Nagar Middle Street, , 3.Tirunelveli (C) Ngo Colony Ward No 53 N.G.O. Colony Mullai Nagar  East Street, , 4.Tirunelveli (C) Ngo Colony Ward No 53 N.G.O. Colony Mullai Nagar  South Street, , 5.Tirunelveli (C) Ngo Colony Ward No 53 Anna Nagar, , 6.Tirunelveli (C) Ngo Colony Ward No 53 Saron Nagar West Street, , 7.Tirunelveli (C) Ngo Colony Ward No 53 Saron Nagar North Street, , 8.Tirunelveli (C) Ngo Colony Ward No 53 Saron Nagar South Street, , 9.Tirunelveli (C) Ngo Colony Ward No 53 State Bank Colony R.T.O Road, , 10.Tirunelveli (C) Ngo Colony Ward No 53 State Bank Colony East Street, , 11.Tirunelveli (C) Ngo Colony Ward No 53 State Bank Colony North Street, , 12.Tirunelveli (C) Ngo Colony Ward No 53 State Bank Colony Middle Street, , 13.Tirunelveli (C) Ngo Colony Ward No 53 State Bank Colony South Street, , 14.Tirunelveli (C) Ngo Colony Ward No 53 State Bank Colony Post Office Street,
, 15.Tirunelveli (C) Ngo Colony Ward No 53 State Bank Colony Post Office West Street, , 16.Ngo Colony Ward No 53 Sb Colony West Street, , 999.Overseas Electors",General,"Amala Primary School North Part 3rd Room
N.G.O.B Colony",Jawahar Nagar Palayamkottai,Dravida Munnetra Kazhagam,166,111,55,Tamilaga Vettri Kazhagam,1,3,4,7,12,12,2,12,5,12,7,7,6,7,12,12,7,14.62765957446809,11
199,234,64,119,0,0,1,209,1,0,0,0,0,1,0,1,0,0,630,0,6,636,0,"Amala Primary School ,Southern Portion, Hostal, N.G.O.B Colony, Jawahar Nagar Palayamcottai","1.Tirunelveli (C) N.G.O Colony Ward No 53 Near Thiruvananthapuram Rajarajeshwari Nagar North Street, ,2.Tirunelveli (C) N.G.O Colony Ward No 53Thiruvanantaha Puram Road Rajarajeshwari Nagar 4Th North Street, , 3.Tirunelveli (C) N.G.O Colony Ward No 53 Thiruvandrum Road Samibam Raja Rajesgwarinagar South Street, , 4.Tiruneveli ( C ) N.G.O Colony Ward No 53 Thiruvandrum Road Samibam Rajarajeshwari 1St South Street, , 5.Tiruneveli ( C
) N.G.O Colony Ward No 53 Ram Vilas Nagar North Street, , 6.Tirunelveli (C) N.G.O.Colony Ward No 53 Ram Vilas Nagar Middle Street, , 7.Tirunelveli (C)N.G.O.Colony Ward No 53 Ram Vilas Nagar South Street, , 8.Tirunelveli (C) N.G.O.Colony Ward No 51 Sakthi Nagar 1St Street, , 9.Tirunelveli (C) N.G.O.Colony Ward No 51 Sakthi Nagar 3Rd Street, , 10.Tirunelveli (C) N.G.O.Colony Ward No 51 Sakthi Nagar 2Nd Street, , 11.Tirunelveli (C) N.G.O.Colony Ward No 51 Vinobhanagar, , 12.Tirunelveli (C) N.G.O.Colony Ward No 51 Roja Nagar Extension South Street, , 13.Tirunelveli (C) N.G.O.Colony Ward No 51 Roja Nagar Extension South Street, , 14.Tirunelveli
(C) N.G.O.Colony Ward No 53 Udaya Nagar West Street, , 15.Tirunelveli (C) N.G.O.Colony Ward No 53 Udaya Nagar 1St West Street, , 16.Tirunelveli (C) N.G.O.Colony Ward No 53 Udayanagar Main Street , 17.Tirunelveli (C) N.G.O.Colony Ward No 53 Udayanagar  1St East Street, , 18.Tirunelveli (C) N.G.O.Colony Ward No 53 Udayanagar 2Nd East Street, , 19.Tirunelveli (C) N.G.O.Colony Ward No 53 Udayanagar 1St West Street, , 20.Tirunelveli (C) N.G.O.Colony Ward No 53 Udaya Nagar North Street , 999.Overseas Electors",General,"Amala Primary School ,Southern Portion, Hostal, N.G.O.B Colony",Jawahar Nagar Palayamcottai,Dravida Munnetra Kazhagam,234,209,25,Tamilaga Vettri Kazhagam,1,3,4,9,9,5,2,5,9,9,9,9,5,9,5,9,9,3.968253968253968,3
200,192,33,40,0,0,0,141,3,0,0,0,1,0,8,0,0,1,419,0,3,422,0,"TDTA Jeyaraj Annapackiam Matric Hr.Sec. School ,Main Building North Portion, Xth and XIth Class Room Tuckarammalpuram","1.Tirunelveli (C) N.G.O.Colony Ward No 51 Tamil Nagar East Street, , 2.Tirunelveli (C) N.G.Ocolony Ward No 51 Tamil Nagar 1 St East Street, , 3.Tirunelveli (C) N.G.O.Colony Ward No 51 Tamil Nagar 3Rd Middle East Street, , 4.Tirunelveli (C) N.G.O.Colony Ward No 51 Tamil Nagar West Street, , 5.Tirunelveli (C) N.G.O.Colony Ward No 51 Tamilnagar 1St West Street, , 6.Tirunelveli (C) N.G.O.Colony Ward No 51 Tamilnagar 1St Middle Street, , 7.Tirunelveli (C) N.G.O.Colony Ward No 51 Tamilnagar  2Nd Middle Street , 8.Tirunelveli (C) N.G.O.Colony Ward No 51 Tamilnagar  3Rd Middle Street, 9.Tirunelveli (C) Melapalayam Ward No 51 Teachers Colony, , 10.Tirunelveli (C) Melapalayam Ward No 51 Engineer College Servents Quarters , 999.Overseas Electors",General,"TDTA Jeyaraj Annapackiam Matric Hr.Sec. School ,Main Building North Portion",Xth and XIth Class Room Tuckarammalpuram,Dravida Munnetra Kazhagam,192,141,51,Tamilaga Vettri Kazhagam,1,3,4,9,9,9,2,6,9,9,9,7,9,5,9,9,7,12.17183770883055,13
201,267,61,32,0,1,0,150,5,1,0,0,1,0,2,0,0,2,522,0,2,524,0,"TDTA Jeyaraj Annapackiam Matric Hr.Sec. School ,Main Building North Portion, Hall no. 10 Tuckarammalpuram","1.Tirunelveli (C) Melapalayam Ward No 51 Tuckkerammal Puram, 999.Overseas Electors",General,"TDTA Jeyaraj Annapackiam Matric Hr.Sec. School ,Main Building North Portion",Hall no. 10 Tuckarammalpuram,Dravida Munnetra Kazhagam,267,150,117,Tamilaga Vettri Kazhagam,1,4,3,11,8,11,2,5,8,11,11,8,11,6,11,11,6,22.41379310344828,11
202,155,47,133,1,0,0,264,0,13,0,0,1,1,1,0,1,0,617,0,4,621,0,"T.D.T.A Primary School, ,Northern hall, Westpotion , Pandidurai 2nd Street. Ward 1. Kulavanigarpuram","1.Tirunelveli (C) Kulavanikarpuram Ward No 43 Kulavanigarpuram Yadavar 1St Street, , 2.Tirunelveli (C) Kulavanikarpuram Ward No 43 Kulavanigarpuram Yadavar 2Nd Street, , 3.Tirunelveli (C) Kulavanikarpuram Ward No 43 Kulavanigarpuram Yadavar 3Rdstreet, , 4.Tirunelveli (C) Kulavanikarpuram Ward No 43 Kulavanigarpuram Yadavar 4Th Street, , 5.Tirunelveli (C) Kulavanikarpuram Ward No 31 Jeba Malai Street, Madhakoil Street , 999.Overseas Electors",General,"T.D.T.A Primary School, ,Northern hall, Westpotion",Pandidurai 2nd Street. Ward 1. Kulavanigarpuram,Tamilaga Vettri Kazhagam,264,155,109,Dravida Munnetra Kazhagam,2,3,4,6,11,11,1,11,5,11,11,6,6,6,11,6,11,17.66612641815235,17
203,170,52,61,1,0,2,288,1,4,0,2,0,0,3,1,1,3,589,0,3,592,0,"T.D.T.A Primary School, Eastern Portion, Northern hall, Pandithurai2ndst Kulavanigarpuram","1.Tirunelveli (C) Kulavanikarpuram Ward No 31 Melakulavanigarpuram Road, , 2.Tirunelveli (C) Kulavanikarpuram Ward No 31 Pilliyar Koil 1St Street, , 3.Tirunelveli (C) Kulavanikarpuram Ward No 31 Pilliyar Koil 2Nd Street, , 4.Tirunelveli (C) Kulavanikarpuram Ward No 31 Pilliyar Koil 3rd Street, , 5.Tirunelveli (C) Kulavanikarpuram Ward No 31 Pilliyar Koil 4Th Street, ,, 6.Tirunelveli (C) Kulavanikarpuram Ward No 31 Pandidurai 3Rd Street, , 999.Overseas Electors
Page 63 of 78",General,"T.D.T.A Primary School, Eastern Portion, Northern hall",Pandithurai2ndst Kulavanigarpuram,Tamilaga Vettri Kazhagam,288,170,118,Dravida Munnetra Kazhagam,2,3,4,10,14,8,1,10,5,14,8,14,14,6,10,10,6,20.0339558573854,15
204,126,47,113,5,0,2,334,0,5,1,0,1,2,1,4,2,1,644,0,2,646,0,"T.D.T.A Primary School, SouthPortion Eastern Hall, Pandithurai 2nd st Kulavanigarpuram","1.Tirunelveli (C) Kulavanikarpuram Ward No 31 Kulavanigarpuram Pandidurai Ist Street, 2.Tirunelveli (C) Kulavanikarpuram Ward No 31 Pandidurai 2Nd Street , 999.Overseas Electors",General,"T.D.T.A Primary School, SouthPortion Eastern Hall",Pandithurai 2nd st Kulavanigarpuram,Tamilaga Vettri Kazhagam,334,126,208,Dravida Munnetra Kazhagam,2,3,4,5,15,8,1,15,5,11,15,11,8,11,7,8,11,32.29813664596274,17
205,199,38,87,0,0,1,254,3,4,0,0,1,1,3,0,3,1,595,0,2,597,0,Integrated Child Development Centre Building No:89 Kulavanigarpuram,"1.Tirunelveli (C) Kulavanikarpuram Ward No 31 Kulvanigarpuram Mainroad, , 999.Overseas Electors",General,Integrated Child Development Centre Building No:89 Kulavanigarpuram,Integrated Child Development Centre Building No:89 Kulavanigarpuram,Tamilaga Vettri Kazhagam,254,199,55,Dravida Munnetra Kazhagam,2,3,4,13,13,9,1,6,5,13,13,9,9,6,13,6,9,9.243697478991598,16
206,302,49,50,0,0,1,128,0,3,0,1,0,0,1,0,0,1,536,0,2,538,0,"Flowrence sweinson Deaf and Dum High School ,Auditorium Hall North Portion Eastern Side, Thiruvanandapuram Road, Kulavanigarpuram,","1.Tirunelveli (C) Kulavanikarpuram Ward No 43 Ambasamudram Road, , 2.Tirunelveli (C) Kulavanikarpuram Ward No 43 Masilamani Nagar 1St Street, ,
,  999.Overseas Electors",General,"Flowrence sweinson Deaf and Dum High School ,Auditorium Hall North Portion Eastern Side, Thiruvanandapuram Road, Kulavanigarpuram",,Dravida Munnetra Kazhagam,302,128,174,Tamilaga Vettri Kazhagam,1,3,4,10,10,6,2,10,5,10,6,10,10,6,10,10,6,32.46268656716418,6
207,290,30,53,1,1,0,184,2,0,0,0,0,0,2,0,0,0,563,0,1,564,0,"Flowrence sweinson Deaf and Dum High School ,Auditorium Hall North Portion Western Side, Thiruvanandapuram Road, Kulavanigarpuram,","1.Tirunelveli (C) Kulavanikarpuram Ward No 52 Xavier Colony 1St Lane, , 2.Tirunelveli (C) Kulavanikarpuram Ward No 52 Xavier Colony,2Nd Street, , 3.Tirunelveli (C) Kulavanikarpuram Ward No 52 Xavier Colony,3Rd Street, , 4.Tirunelveli (C) Kulavanikarpuram Ward No 52 Xavier Colony 4Th Street , 5.Tirunelveli (C) Kulavanikarpuram Ward No 52 Xavier Colony 5Th Street , 6.Tirunelveli (C) Kulavanikarpuram Ward No 52 Xavier Colony 6Th Street , 7.Tirunelveli (C) Kulavanikarpuram Ward No 52 Xavier Colony 7Th Street , 8.Tirunelveli (C) Kulavanikarpuram Ward No 52 Xavier Colony,3Rd Cross Street, , 9.Tirunelveli (C) Kulavanikarpuram Ward No 52 Xavier Colony, 8Th Street , 10.Tirunelveli (C) Kulavanikarpuram Ward No 52 Xavier Colony, 9Th Street , 11.Tirunelveli (C) Kulavanikarpuram Ward No 52 Xavier Colony, 10Th Street , 12.Tirunelveli (C) Kulavanikarpuram Ward No 52 Xavier Colony, 11Th Street , 13.Tirunelveli (C) Kulavanikarpuram Ward No 52 Xavier Colony, S.T. Thomas Street, , 14.Tirunelveli (C) Kulavanikarpuram Ward No 43 Bye Pass Road, , 15.Tirunelveli (C) Kulavanikarpuram Ward No 43 Jeba Nagar 2Nd Street,
, 16.Tirunelveli (C) Kulavanikarpuram Ward No 43 T.Nagar, , 17.Tirunelveli (C) Kulavanikarpuram Ward No 43 Natchiar Colony, , 18.Tirunelveli (C) Kulavanikarpuram Ward No 52 Xavier Colony Main Road, , 19.Tirunelveli (C) Kulavanikarpuram Ward No 52 Meena Typing Compound, , 20.Tirunelveli (C) Kulavankrpuarm Engineers Colony Ward 52 , 999.Overseas Electors",General,"Flowrence sweinson Deaf and Dum High School ,Auditorium Hall North Portion Western Side, Thiruvanandapuram Road, Kulavanigarpuram",,Dravida Munnetra Kazhagam,290,184,106,Tamilaga Vettri Kazhagam,1,3,4,7,7,9,2,5,9,9,9,9,9,5,9,9,9,18.82770870337478,4
208,314,48,48,1,1,0,224,1,0,0,0,0,0,4,0,0,1,642,0,4,646,0,"Flowrence sweinson Deaf and Dum High School, South building middle portion, Thiruvanandapuram Road, Kulavanigarpuram,","1.Tirunelveli (C) Kulavanikarpuram Ward No 52 Xavier Colony,2.Kulavanikarpuram Ward No 43 Masilamani Nagar 2Nd Street, 3.Tirunelveli (C) Kulavanikarpuram Ward No 43 Masilamani Nagar 3Rd Street,
,4.Tirunelveli (C) Kulavanikarpuram Ward No 43 Siyon Nagar, , 4.Tirunelveli
(C) Kulavanikarpuram Ward No 28 Happy Colony, , 6.Tirunelveli (C) Kulavanikarpuram Ward No 28 Kulavanigarpuram Chruch Street, , 7.Tirunelveli
(C) Kulavanikarpuram Ward No 29 Central Jail Police Quarters,  , 999.Overseas Electors",General,"Flowrence sweinson Deaf and Dum High School, South building middle portion, Thiruvanandapuram Road, Kulavanigarpuram",,Dravida Munnetra Kazhagam,314,224,90,Tamilaga Vettri Kazhagam,1,3,3,6,6,10,2,6,10,10,10,10,10,5,10,10,6,14.01869158878505,6
209,636,14,1,1,4,2,91,6,0,1,0,0,0,1,1,1,1,760,0,1,761,0,"St. Thomas High School ,Central Portion, Eastern Building, Section 9th – A, Kulavanigarpuram Main Road, Kurichi.","1.Tirunelveli (C) Melapalayam Ward No 44 Seigul Akbar Street -I(Door no.1-152a), 999.Overseas Electors",General,"St. Thomas High School ,Central Portion, Eastern Building, Section 9th – A, Kulavanigarpuram Main Road",Kurichi.,Dravida Munnetra Kazhagam,636,91,545,Tamilaga Vettri Kazhagam,1,7,3,7,5,6,2,4,14,7,14,14,14,7,7,7,7,71.71052631578947,11
210,380,14,50,0,0,0,147,1,0,0,0,0,0,1,0,0,3,596,0,3,599,0,"St. Thomas High School ,Central Block, Eastern Portion, section XA Kulavanigarpuram Main Road, Kurichi.","3.Tirunelveli (C) Melapalayam Ward No 45  Andaver 3Rd Street, , 4.Tirunelveli
(C) Melapalayam Ward No 45  Kokattikualm Road, , 5.Tirunelveli (C) Melapalayam Ward No. 45  Kalvath Nayagam Street, , 6.Tirunelveli (C) Melapalayam Ward No 45  Abulkalam Asath Street , 7.Tirunelveli (C) Melapalayam Ward No 45  Hospital Road, , 999.Overseas Electors",General,"St. Thomas High School ,Central Block, Eastern Portion, section XA Kulavanigarpuram Main Road",Kurichi.,Dravida Munnetra Kazhagam,380,147,233,Tamilaga Vettri Kazhagam,1,3,4,8,8,8,2,6,8,8,8,8,8,6,8,8,5,39.09395973154363,5
211,355,12,39,2,2,0,170,1,0,0,1,0,1,0,0,0,3,586,0,1,587,0,"St. Thomas High School ,Central Portion, middle building hall no. 4 Kulavanigarpuram Main Road, Kurichi.","1.Tirunelveli (C) Melapalayam Ward No 45 Andavar 1St Street, 2.Tirunelveli (C) Melapalayam Ward No 45  Andaver 2Nd Street,3.Tirunelveli (C) Melapalayam Ward No 44 Seigul Akbar Street -II(Door no.163-316),999.Overseas Electors",General,"St. Thomas High School ,Central Portion, middle building hall no. 4 Kulavanigarpuram Main Road",Kurichi.,Dravida Munnetra Kazhagam,355,170,185,Tamilaga Vettri Kazhagam,1,3,4,6,6,11,2,8,11,11,8,11,8,11,11,11,5,31.56996587030716,6
212,168,38,138,0,0,0,341,3,3,0,1,2,1,1,0,2,1,699,0,2,701,0,"Corporation Primary School, 3rd Std Class Room West Portion,Nethaji Road Kurichi, Melapalayam","1.Tirunelveli (C) Kurichi Ward No 45  Choka Nathakoil Sannathi Street, , 2.Tirunelveli (C) Kurichi Ward No 45  Maruthupandiar 2Nd Street, , 3.Tirunelveli (C) Kurichi Ward No 45  Maruthu Pandiar 3Rd Street, , 4.Tirunelveli (C) Kurichi Ward No 45  Maruthupandiar 4Th Street, , 5.Tirunelveli
(C) Kurichi Ward No 45  Maruthupandiar Lane, , 6.Tirunelveli (C) Kurichi Ward No 45  Old  Police Station Street, , 7.Tirunelveli (C) Kurichi Ward No 45 Chokanatha Samy Koil 1St Street, , 8.Tirunelveli (C) Kurichi Ward No 45 Chokanatha Samy Koil  2Nd Street, , 9.Tirunelveli (C) Kurichi Ward No 45 Chokanatha Samy Koil 3Rd Street, , 10.Tirunelveli (C) Kurichi Ward No 45 Chokanatha Samy Koil 4Th Street, ,  999.Overseas Electors",General,"Corporation Primary School, 3rd Std Class Room West Portion,Nethaji Road Kurichi",Melapalayam,Tamilaga Vettri Kazhagam,341,168,173,Dravida Munnetra Kazhagam,2,3,4,13,13,13,1,5,5,13,9,7,9,9,13,7,9,24.74964234620887,14
213,164,53,110,1,1,0,368,0,1,1,1,0,2,0,0,0,0,702,0,2,704,0,"Corporation Primary School, ,North Bulding West Portion Nethaji Road Kurichi, Melapalayam","1.Tirunelveli (C) Kurichi Ward No 31 Santhamoorthi Street, , 2.Tirunelveli (C) Kurichi Ward No 31 Santahmoorthi Lane, , 3.Tirunelveli (C) Kurichi Ward No 31 Rajathi Nagar, , 999.Overseas Electors",General,"Corporation Primary School, ,North Bulding West Portion Nethaji Road Kurichi",Melapalayam,Tamilaga Vettri Kazhagam,368,164,204,Dravida Munnetra Kazhagam,2,3,4,6,6,11,1,11,6,6,6,11,5,11,11,11,11,29.05982905982906,5
214,163,30,82,0,0,1,304,0,1,0,0,0,1,1,0,0,3,586,0,1,587,0,"Integrated Child Development Centre, Corporation Primary School Campus
,Nethaji Road, Kurichi, Melapalayam","1.Tirunelveli (C) Kurichi Ward No 31 Agraharammela Kulavanigarpuram Pillaiyar Koil Street, , 2.Tirunelveli (C) Kurichi Ward No 31 Mela Kulavanigarpuram Pillaiyar Koil 2Nd Street, , 3.Tirunelveli (C) Kurichi Ward No 31 Mela Kulavanigarpuram Agraharam Street, 4.Tirunelveli (C) Kurichi Ward No 45  Maruthupandiar 1St Street , 5.Tirunelveli (C) Kurichi Ward No 45  Choka Natha Samy Koil Street, , 999.Overseas Electors",General,"Integrated Child Development Centre, Corporation Primary School Campus
,Nethaji Road, Kurichi",Melapalayam,Tamilaga Vettri Kazhagam,304,163,141,Dravida Munnetra Kazhagam,2,3,4,10,10,6,1,10,6,10,10,10,6,6,10,10,5,24.06143344709898,6
215,142,35,80,0,1,1,229,4,0,0,0,1,0,0,0,1,0,494,0,3,497,0,"Corporation Primary School, ,Westblock, South Building West Portion Nethaji Road Kurichi, Melapalayam","1.Tirunelveli (C) Kurichi Ward No 31 Kurichi Pilliyar Koil Street, , 2.Tirunelveli
(C) Kurichi Ward No 31 Mutharamman Koil Street, , 3.Tirunelveli (C) Kurichi Ward No 31 Kurichi Nethaji Road, , 4.Tirunelveli (C) Kurichi Ward No 31 South Kurunthudaiyarpuram, , 999.Overseas Electors",General,"Corporation Primary School, ,Westblock, South Building West Portion Nethaji Road Kurichi",Melapalayam,Tamilaga Vettri Kazhagam,229,142,87,Dravida Munnetra Kazhagam,2,3,4,10,6,6,1,5,10,10,10,6,10,10,10,6,10,17.61133603238866,6
216,233,54,57,2,1,1,318,7,1,0,0,1,1,2,1,3,6,688,0,3,691,0,"Corporation Primary School, ,South Building, West Portion, Nethaji Road Kurichi, Melapalayam","1.Tirunelveli (C) Keelaveeraraghavapuram Ward No 31 Kamarajarpuram , 2.Tirunelveli (C) Kurichi Ward No 31 Krishnan Koil Street, , 3.Tirunelveli (C) Kurichi Ward No 43 Alagiri Puram , 999.Overseas Electors
Page 66 of 78",General,"Corporation Primary School, ,South Building, West Portion, Nethaji Road Kurichi",Melapalayam,Tamilaga Vettri Kazhagam,318,233,85,Dravida Munnetra Kazhagam,2,3,4,8,10,10,1,5,10,16,16,10,10,8,10,7,6,12.3546511627907,22
217,466,13,2,0,9,0,42,0,0,1,0,0,0,1,0,0,1,535,0,1,536,0,"Sri Ganesamoorthy Middle School,Southern Building , 8th Std Class Room, Maruthupandiar 3rd Street Kurichi, Melapalayam","1.Tirunelveli (C) Kurichi Ward No 45 Jamaliya  Thaikka Street, , 999.Overseas Electors",General,"Sri Ganesamoorthy Middle School,Southern Building , 8th Std Class Room, Maruthupandiar 3rd Street Kurichi",Melapalayam,Dravida Munnetra Kazhagam,466,42,424,Tamilaga Vettri Kazhagam,1,5,3,9,4,9,2,9,9,6,9,9,9,6,9,9,6,79.25233644859813,3
218,630,12,8,0,11,0,54,0,0,0,0,0,1,0,1,1,1,719,0,1,720,0,"Sri Ganesamoorthy Middle School, ,Southern Building , 1st Room, Maruthupandiar 3rd Street Kurichi, Melapalayam","1.Tirunelveli (C) Kurichi Ward No 45 Mothai Meera Pillai Street , 999.Overseas Electors",General,"Sri Ganesamoorthy Middle School, ,Southern Building , 1st Room, Maruthupandiar 3rd Street Kurichi",Melapalayam,Dravida Munnetra Kazhagam,630,54,576,Tamilaga Vettri Kazhagam,1,5,3,10,4,10,2,10,10,10,10,10,6,10,6,6,6,80.11126564673157,4
219,221,79,45,0,3,1,343,6,1,1,1,1,0,0,1,1,2,706,0,5,711,0,"Muslim Higher Secondary School, ,North Block, Additional New Building, East Part West Portion, Nethaji Road, Kurichi, Melapalayam","1.Tirunelveli (C) Kurichi Ward No 44 Nagammalpuram, ,2.Tirunelveli (C) Kurichi Ward No 44 Sivaraja Puram, , 3.Tirunelveli (C) Kurichi Ward No 44 Sivarajapuram East(Gandhi Nagar) ,  4.Tirunelveli (C) Kurichi Ward No 43 Veeramanickapuram West Street, , 5.Tirunelveli (C) Kurichi Ward No 43 Veeramanickapuram Cross Street, , 999.Overseas Electors",General,"Muslim Higher Secondary School, ,North Block, Additional New Building, East Part West Portion, Nethaji Road, Kurichi",Melapalayam,Tamilaga Vettri Kazhagam,343,221,122,Dravida Munnetra Kazhagam,2,4,3,15,6,8,1,5,8,8,8,8,15,15,8,8,7,17.28045325779037,14
220,419,29,19,0,3,0,166,4,0,0,0,1,0,0,1,2,2,646,0,2,648,0,"Muslim Hr.sec. School, north block, east part, west portion, Kurichi, melapalayam","1.Tirunelveli (C) Kurichi Ward No 43 Veeramanickapuram 3Rd Street,2.Tirunelveli (C) Melapalayam Ward No 44 Vellaikaliba Sahib Street-II(Door no.157-210), 3.Tirunelveli (C) Melapalayam Ward No 44 Quai De Milleth Street-II(Door no.139-488B1), 4.Tirunelveli (C) Kurichi Ward No 43 Kumara Veedhi ,  999.Overseas Electors",General,"Muslim Hr.sec. School, north block, east part, west portion, Kurichi",melapalayam,Dravida Munnetra Kazhagam,419,166,253,Tamilaga Vettri Kazhagam,1,4,3,11,6,11,2,5,11,11,11,9,11,11,9,7,7,39.1640866873065,10
221,273,71,64,2,1,0,350,1,0,0,0,1,1,1,0,0,3,768,0,3,771,0,"Muslim Higher Secondary School, ,North Block, Additional New Building, West Part West Portion, Nethaji Road, Kurichi, Melapalayam","1.Tirunelveli (C) Kurichi Ward No 43 Vasanthapuram North Street, , 2.Tirunelveli (C) Kurichi Ward No 43 Vasanthapuram North East Street, , , 3.Tirunelveli (C) Kurichi Ward No 43 Vasanthapuram North Street(Siyon Nagar)
, , 4.Tirunelveli (C) Kurichi Ward No 43 Vasanthapuram South Street, , 5.Tirunelveli (C) Kurichi Ward No 43 Vasanthapuram South 1St Street , 6.Tirunelveli (C) Kurichi Ward No 43 Vasanthapuram South 2Nd Street , 7.Tirunelveli (C) Kurichi Ward No 43 Vasanthapuram South 3Rd Street , 8.Tirunelveli (C) Kurichi Ward No 43 Vasanthapuram South 4Th Street , 9.Tirunelveli (C) Kurichi Ward No 43 Jeba Nagar(Vasantha Puram South Street) , 999.Overseas Electors",General,"Muslim Higher Secondary School, ,North Block, Additional New Building, West Part West Portion, Nethaji Road, Kurichi",Melapalayam,Tamilaga Vettri Kazhagam,350,273,77,Dravida Munnetra Kazhagam,2,4,3,6,7,12,1,7,12,12,12,7,7,7,12,12,5,10.02604166666667,7
222,220,74,55,1,1,1,325,0,2,1,0,0,2,1,2,0,0,685,0,0,685,0,"Muslim Higher Secondary School, North Block Additional New Building, West Part West Portion 1st Room Nethaji Road, Kurichi.","1.Tirunelveli (C) Kurichi Ward No 43 Veeramanicka Puram 1St Street, , 2.Tirunelveli (C) Kurichi Ward No 43 Veeramanicka Puram 2Nd Street, , 3.Tirunelveli (C) Kurichi Ward No 43 Thomai Michael Puram, , 999.Overseas Electors",General,"Muslim Higher Secondary School, North Block Additional New Building, West Part West Portion 1st Room Nethaji Road",Kurichi.,Tamilaga Vettri Kazhagam,325,220,105,Dravida Munnetra Kazhagam,2,4,3,8,8,8,1,13,5,8,13,13,5,8,5,13,13,15.32846715328467,8
223,105,41,71,2,1,0,370,0,0,1,0,0,1,1,0,0,2,595,0,3,598,0,"Muslim Higher Secondary School, North Block Additional New Building, West Part West Portion 2nd Room Nethaji Road, Kurichi.","1.Tirunelveli (C) Kurichi Ward No 43 Jeba Malligai 1St Street, , 2.Tirunelveli (C) Kurichi Ward No 43 Jeba Malligai 2Nd  Street, , 3.Tirunelveli (C) Kurichi Ward No 43 Jeba Malligai 3Rd  Street, , 4.Tirunelveli (C) Kurichi Ward No 43 Jeba Malligai 4Th Street, , 5.Tirunelveli (C) Kurichi Ward No 43 Muppidathi Amman Koil Street, , 999.Overseas Electors",General,"Muslim Higher Secondary School, North Block Additional New Building, West Part West Portion 2nd Room Nethaji Road",Kurichi.,Tamilaga Vettri Kazhagam,370,105,265,Dravida Munnetra Kazhagam,2,3,4,5,7,11,1,11,11,7,11,11,7,7,11,11,5,44.53781512605043,5
224,646,23,7,0,5,0,66,2,0,0,0,1,0,0,0,0,4,754,0,2,756,0,"Nehru Primary School, Western Portion Basheerappa North street Melapalayam","1.Tirunelveli (C) Melapalayam Ward No 46 Samayina Kadhar Methin Moopan Street, , 2.Tirunelveli (C) Melapalayam Ward No 46 Samayina Sheik Mohamed Moopan Street, , 999.Overseas Electors",General,Nehru Primary School,Western Portion Basheerappa North street Melapalayam,Dravida Munnetra Kazhagam,646,66,580,Tamilaga Vettri Kazhagam,1,4,3,9,5,9,2,7,9,9,9,8,9,9,9,9,6,76.92307692307693,7
225,565,16,46,0,1,1,93,2,0,0,0,0,0,0,0,0,7,731,0,2,733,0,"The Muslim Girls Hr.Sec.School, North Building 2nd room, M L M Nagar,Melapalayam.","1.Tirunelveli (C) Melapalayam Ward No 46 Hasarath Bilal Street, , 2.Tirunelveli
(C) Melapalayam Ward No 46 Amman Koil Lane, , 3.Tirunelveli (C) Melapalayam Ward No 46 North Amman Koil  Street, , 999.Overseas Electors",General,"The Muslim Girls Hr.Sec.School, North Building 2nd room, M L M Nagar",Melapalayam.,Dravida Munnetra Kazhagam,565,93,472,Tamilaga Vettri Kazhagam,1,3,4,9,7,7,2,6,9,9,9,9,9,9,9,9,5,64.56908344733242,9
226,653,21,4,0,4,0,72,10,0,0,0,0,1,1,0,1,2,769,0,2,771,0,"Quide Millath Corporation Higher Secondary School High School Block ,New Building, Ground Floor Northern Block East Hall, Melapalayam","1.Tirunelveli (C) Melapalayam Ward No 45 Umaru Pulavar Street, , 2.Tirunelveli
(C) Melapalayam Ward No 45 School Street , 999.Overseas Electors",General,"Quide Millath Corporation Higher Secondary School High School Block ,New Building, Ground Floor Northern Block East Hall",Melapalayam,Dravida Munnetra Kazhagam,653,72,581,Tamilaga Vettri Kazhagam,1,5,3,11,5,11,2,4,11,11,11,11,8,8,11,8,7,75.55266579973993,15
227,639,16,4,0,11,0,57,2,0,0,0,0,0,2,2,5,2,740,0,2,742,0,"Quide Millath Corporation Higher Secondary School Highschool Block, New Building Northern Block, WestSide Room Melapalayam","1.Tirunelveli (C) Melapalayam Ward 45 Aala Pillai Street, 2.Tirunelveli (C) Melapalayam Ward No 46 Khaja Nayagam Street-II(Door no.171-207) , 999.Overseas Electors",General,"Quide Millath Corporation Higher Secondary School Highschool Block, New Building Northern Block",WestSide Room Melapalayam,Dravida Munnetra Kazhagam,639,57,582,Tamilaga Vettri Kazhagam,1,6,3,11,4,11,2,7,11,11,11,11,11,7,7,5,7,78.64864864864865,13
228,516,5,13,0,10,0,68,1,0,0,0,0,2,0,0,1,2,618,0,0,618,0,"Quide Millath Corporation Higher Secondary School, Primary School Block 3rd Std Class Room West Portion, Melapalayam","1.Tirunelveli (C) Melapalayam Ward 45 Selva Kadhar Steet, , 999.Overseas Electors",General,"Quide Millath Corporation Higher Secondary School, Primary School Block 3rd Std Class Room West Portion",Melapalayam,Dravida Munnetra Kazhagam,516,68,448,Tamilaga Vettri Kazhagam,1,3,5,10,4,10,2,8,10,10,10,10,6,10,10,8,6,72.49190938511327,6
229,667,14,10,0,3,0,70,3,0,0,0,0,0,0,1,0,0,768,0,4,772,0,"Quide Millath Corporation Higher Secondary School, Southern Building, (Primary Section) Melapalayam","1.Tirunelveli (C) Melapalayam Ward No 46 Mylakkhader Street , 999.Overseas Electors",General,"Quide Millath Corporation Higher Secondary School, Southern Building",(Primary Section) Melapalayam,Dravida Munnetra Kazhagam,667,70,597,Tamilaga Vettri Kazhagam,1,4,3,8,5,8,2,5,8,8,8,8,8,8,7,8,8,77.734375,4
230,608,14,5,0,7,0,64,1,0,0,0,0,0,0,1,0,0,700,0,2,702,0,"Quide Millath Corporation Higher Secondary School High School Block , Eastern Building, Eastern Portion Melapalayam","1.Tirunelveli (C) Melapalayam Ward No 46 Khaja Nayagam Street-I (Door no.1-170), 999.Overseas Electors",General,"Quide Millath Corporation Higher Secondary School High School Block , Eastern Building",Eastern Portion Melapalayam,Dravida Munnetra Kazhagam,608,64,544,Tamilaga Vettri Kazhagam,1,5,3,8,4,8,2,6,8,8,8,8,8,8,6,8,8,77.71428571428571,2
231,82,32,68,0,0,0,355,2,6,2,1,1,0,0,1,0,0,550,0,1,551,0,"Panchayat Union Primary School, ,Western Portion, Melanatham","1.Tirunelveli (C) Melanatham Ward No 46 South Street(Melanatham), Main Road East Street , 2.Tirunelveli (C) Melanatham Ward No 46 Pilliyar Koil Street, , 999.Overseas Electors",General,"Panchayat Union Primary School, ,Western Portion",Melanatham,Tamilaga Vettri Kazhagam,355,82,273,Dravida Munnetra Kazhagam,2,3,4,11,11,11,1,6,5,6,8,8,11,11,8,11,11,49.63636363636363,13
232,95,49,66,1,0,0,441,2,3,0,0,0,0,0,1,2,1,661,0,2,663,0,"Panchayat Union Primary School, Northern Portion, Melanatham","1.Tirunelveli (C) Melanatham Ward No 46 Pilliyar Koilstreet(Panchayat Union Street), , 2.Tirunelveli (C) Melanatham Ward No 46 Amman Koil Street, , 3.Tirunelveli (C) Melanatham Ward No 46 Sivan Koil Street, , 4.Tirunelveli (C) Melanatham Ward No 46 Ambethkar Quarters , 999.Overseas Electors",General,"Panchayat Union Primary School, Northern Portion",Melanatham,Tamilaga Vettri Kazhagam,441,95,346,Dravida Munnetra Kazhagam,2,3,4,8,11,11,1,6,5,11,11,11,11,11,8,6,8,52.34493192133132,9
233,91,38,21,0,0,0,154,0,0,0,1,0,0,2,0,1,0,308,0,0,308,0,"Integrated Children Development Scheme Centre No: 43 ,karuppanthurai (near Water Tank) Karrupandurai","1.Tirunelveli (C) Karuppanthurai Ward No 46 Karuppandurai Sathiya Nagar, , 2.Tirunelveli (C) Karupanthurai Ward No 46 Karuppandurai 1St South Street, , 999.Overseas Electors",General,Integrated Children Development Scheme Centre No: 43,karuppanthurai (near Water Tank) Karrupandurai,Tamilaga Vettri Kazhagam,154,91,63,Dravida Munnetra Kazhagam,2,4,3,8,8,8,1,8,8,8,6,8,8,5,8,6,8,20.45454545454546,4
234,273,100,56,0,0,1,295,7,3,1,0,0,0,3,0,1,0,740,0,2,742,1,"St. James Primary School, South Building middle portion, Karrupandurai","1.Tirunelveli (C) Karupanthurai Ward No 46 Karuppandurai 2Nd South Street, , 2.Tirunelveli (C) Karupanthurai Ward No 46 North Street, , 3.Tirunelveli (C) Karupandurai Ward No 46 Amman Koil North Street,  Indhira Nagar, , 4.Tirunelveli (C) Karupanthurai Ward No 46 North Puthu Manai Street , 999.Overseas Electors",General,"St. James Primary School, South Building middle portion",Karrupandurai,Tamilaga Vettri Kazhagam,295,273,22,Dravida Munnetra Kazhagam,2,4,3,11,11,8,1,5,6,8,11,11,11,6,11,8,11,2.972972972972973,15
235,161,37,28,2,2,0,113,2,1,0,2,0,3,2,0,0,1,354,0,5,359,0,"Panchayat Union Primary School ,Vilagam","1.Tirunelveli (C) Vilagam Ward No 46 North Vilagam, Vilagam North Street, , 2.Tirunelveli (C) Vilagam Ward No 46 South Vilagam, Vilagam South Street, , 999.Overseas Electors",General,Panchayat Union Primary School,Vilagam,Dravida Munnetra Kazhagam,161,113,48,Tamilaga Vettri Kazhagam,1,4,3,6,6,13,2,6,11,13,6,13,5,6,13,13,11,13.5593220338983,11
236,507,16,13,0,8,0,116,36,0,0,0,0,1,2,1,0,1,701,0,7,708,0,"Arabic Madarasha Building ,Vava Pallivasal Compound Methamarpalayam, 3rd Street Melapalayam","1.Tirunelveli (C) Melapalayam Ward No 45 Methamar Palayam 1St Street, , 2.Tirunelveli (C) Melapalayam Ward No 45 Methamar Palayam 2Nd Street, , 3.Tirunelveli (C) Melapalayam Ward No 45 Methamar Palayam 3Rdstreet, , 4.Tirunelveli (C) Melapalayam Ward No 45 Abulkalam Asath Road , 999.Overseas Electors
Page 69 of 78",General,"Arabic Madarasha Building ,Vava Pallivasal Compound Methamarpalayam",3rd Street Melapalayam,Dravida Munnetra Kazhagam,507,116,391,Tamilaga Vettri Kazhagam,1,5,4,11,6,11,2,3,11,11,11,11,8,7,8,11,8,55.7774607703281,41
237,147,44,119,1,1,1,349,2,3,0,1,0,0,0,1,2,1,672,0,0,672,0,"Integrated Children Development Scheme Centre , No 33 Corporation ward office Melapalayam","1.Tirunelveli (C) Kurichi Ward No 44 Gurunatha Puram, , 2.Tirunelveli (C) Kurichi Ward No 31 Ashoka Veethi 1St  Street, , 3.Tirunelveli (C) Kurichi Ward No 31 Ashoka Veethi 2Nd  Street , , 4.Tirunelveli (C) Kurichi Ward No 44 Tiru Neelakanda Nayanar Steet, , 999.Overseas Electors",General,Integrated Children Development Scheme Centre,No 33 Corporation ward office Melapalayam,Tamilaga Vettri Kazhagam,349,147,202,Dravida Munnetra Kazhagam,2,3,4,8,8,8,1,6,5,14,8,14,14,14,8,6,8,30.05952380952381,10
238,528,18,13,1,2,0,80,3,0,0,0,0,1,2,0,0,1,649,0,6,655,0,"Nehru Primary School, ,North Side, Baseerappa North St Melapalayam","1.Tirunelveli (C) Melapalayam Ward No 47 Pooli Puthu Street, , 2.Tirunelveli (C) Melapalayam Ward No 47 Mohideen Andavar Street , 3.Tirunelveli (C) Melapalayam Ward No 47 Anna Veedhi, 999.Overseas Electors",General,"Nehru Primary School, ,North Side",Baseerappa North St Melapalayam,Dravida Munnetra Kazhagam,528,80,448,Tamilaga Vettri Kazhagam,1,4,3,8,6,11,2,5,11,11,11,11,8,6,11,11,8,69.02927580893683,7
239,692,11,10,0,4,0,71,2,0,0,1,0,0,1,0,1,5,798,0,0,798,0,"Nehru Primary School, ,South Side
,Baseerappa North St Melapalayam","1.Tirunelveli (C) Melapalayam Ward No 47 Baseerappa Street, , 999.Overseas Electors",General,"Nehru Primary School, ,South Side",Baseerappa North St Melapalayam,Dravida Munnetra Kazhagam,692,71,621,Tamilaga Vettri Kazhagam,1,4,3,11,6,11,2,7,11,11,8,11,11,8,11,8,5,77.81954887218046,10
240,261,7,0,0,0,0,70,10,0,0,0,0,0,0,0,0,1,349,0,0,349,0,"Quide Millath Corporation Higher Secondary School Primary School  South Block,Eastern Portion Melapalayam","1.Tirunelveli (C) Melapalayam Ward No 47 Methammar Palayam 4Th Street, , 2.Tirunelveli (C) Melapalayam Ward No 47 Methammar Palayam 5Th Street , 999.Overseas Electors",General,Quide Millath Corporation Higher Secondary School Primary School  South Block,Eastern Portion Melapalayam,Dravida Munnetra Kazhagam,261,70,191,Tamilaga Vettri Kazhagam,1,6,4,6,6,6,2,3,6,6,6,6,6,6,6,6,5,54.72779369627507,11
241,499,17,14,1,2,0,88,3,0,0,0,0,0,1,0,0,1,626,0,3,629,0,"The Muslim Girls Hr.Sec.School, South Building 2nd room, M L M Nagar,Melapalayam.","1.Tirunelveli (C) Melapalayam Ward No 47 Buhari Thangal Thaikka Street, , 2.Tirunelveli (C) Melapalayam Ward No 47 Pound Road, , 3.Tirunelveli (C) Melapalayam Ward No 46 Ibrahim Sha Thaika Street, 999.Overseas Electors",General,"The Muslim Girls Hr.Sec.School, South Building 2nd room, M L M Nagar",Melapalayam.,Dravida Munnetra Kazhagam,499,88,411,Tamilaga Vettri Kazhagam,1,4,3,7,6,10,2,5,10,10,10,10,10,7,10,10,7,65.65495207667732,5
242,419,23,80,0,4,0,203,2,0,0,1,0,0,1,0,4,6,743,0,3,746,0,"The Muslim Girls Hr.Sec.School, South Building Last room, M L M Nagar,Melapalayam.","1.Tirunelveli (C) Melapalayam Ward No 47 Bharathiyar Street, , 2.Tirunelveli (C) Melapalayam Ward No 46 Seyad Ismail Thangalthaikka Street, , 3.Tirunelveli (C) Melapalayam Ward No.47 Bharathiyar Street(Kannivinayagar Koil St) , 999.Overseas Electors",General,"The Muslim Girls Hr.Sec.School, South Building Last room, M L M Nagar",Melapalayam.,Dravida Munnetra Kazhagam,419,203,216,Tamilaga Vettri Kazhagam,1,3,4,11,6,11,2,8,11,11,9,11,11,9,11,6,5,29.07133243606999,14
243,223,31,59,1,1,0,197,3,1,0,1,0,1,0,0,1,6,525,0,1,526,0,"The Muslim Girls Hr.Sec.School, North Building Last room, M L M Nagar,Melapalayam.","1.Tirunelveli (C) Melapalayam Ward No 47 Baseerappa North Street, , 2.Tirunelveli (C) Melapalayam Ward No 46 Amman Koil Street, , 3.Tirunelveli
(C) Melapalayam Ward No 47 Varatharajaperumal 1St Street, , 4.Tirunelveli (C) Melapalayam Ward No 47 Varatharajaperumal  2Nd Street, , 5.Tirunelveli (C) Melapalayam Ward No 47 Varatharaja Perumal East Street, , 6.Tirunelveli (C) Melapalayam Ward No 46 Santhanammal Puram,  7.Tirunelveli (C) Melapalayam Ward No 46 Valluvar Street , 999.Overseas Electors
Page 70 of 78",General,"The Muslim Girls Hr.Sec.School, North Building Last room, M L M Nagar",Melapalayam.,Dravida Munnetra Kazhagam,223,197,26,Tamilaga Vettri Kazhagam,1,3,4,7,7,13,2,6,7,13,7,13,7,13,13,7,5,4.952380952380953,13
244,591,25,6,0,12,0,91,1,0,0,0,0,1,0,0,1,0,728,0,0,728,0,"Corporation Azath Primary School, Western Block, 3rd Room, Melapalayam","1.Tirunelveli (C) Melapalayam Ward No 49 Aasura Keela Street -I(Door no.1-128A), , 999.Overseas Electors",General,"Corporation Azath Primary School, Western Block, 3rd Room",Melapalayam,Dravida Munnetra Kazhagam,591,91,500,Tamilaga Vettri Kazhagam,1,5,3,9,4,9,2,6,9,9,9,9,6,9,9,6,9,68.68131868131869,3
245,422,5,8,0,3,0,53,4,0,0,0,0,0,0,0,0,2,497,0,1,498,0,"Corporation Azath Primary School, Western Block, 4th Room, Melapalayam","1.Tirunelveli (C) Melapalayam Ward No 49 Asura 3Rd Lane, , 2.Tirunelveli (C) Melapalayam Ward No 49 Asura 3Rd Lane, , 3.Tirunelveli (C) Melapalayam Ward No 49 Asura 1St Lane, 4.Tirunelveli (C) Melapalayam Ward No 49 Aasura Keela Street-II(Door no.129-258), 999.Overseas Electors",General,"Corporation Azath Primary School, Western Block, 4th Room",Melapalayam,Dravida Munnetra Kazhagam,422,53,369,Tamilaga Vettri Kazhagam,1,3,4,8,6,8,2,5,8,8,8,8,8,8,8,8,7,74.24547283702213,6
246,503,8,4,1,7,0,55,2,0,0,0,0,1,1,0,2,3,587,0,1,588,0,"Ganesapuram East Primary School,South Side, Melapalayam","1.Tirunelveli (C) Melapalayam Ward No 47 Periya Kothba Palli Vasal South West Street, 2.Tirunelveli (C) Melapalayam Ward No 49  Periya Kothba Palli Vasal 1St Sotuh Lane -II(Door no.48-252) , 3.Tirunelveli (C) Melapalayam Ward No 49 Ganeshapuram 2Nd South Street ,  999.Overseas Electors",General,"Ganesapuram East Primary School,South Side",Melapalayam,Dravida Munnetra Kazhagam,503,55,448,Tamilaga Vettri Kazhagam,1,5,3,9,4,12,2,7,12,12,12,12,9,9,12,7,6,76.32027257240205,9
247,461,9,3,0,7,0,74,0,0,1,0,0,0,0,0,1,0,556,0,2,558,0,"Hameem Middle School, Western Block, Easternportion , Periakothuva Pallivasal South East St, Melapalayam","1.Tirunelveli (C) Melepalayam Ward No 49 Periya Kothba Palli Vasal South Lane,(Door No Suitable Room:1To 105)  , 999.Overseas Electors",General,"Hameem Middle School, Western Block, Easternportion , Periakothuva Pallivasal South East St",Melapalayam,Dravida Munnetra Kazhagam,461,74,387,Tamilaga Vettri Kazhagam,1,5,3,8,4,8,2,8,8,6,8,8,8,8,8,6,8,69.60431654676259,2
248,409,7,24,0,4,0,65,2,0,0,0,0,1,0,0,0,3,515,0,0,515,0,"Hameem Middle School,South Portion, South Side, Periakothuva Pallivasal South East St, Melapalayam","1.Tirunelveli (C) Melepalayam Ward No 49 Periya Kothba Palli Vasal South Lane Door No Suitable Room: 106 To , , 999.Overseas Electors",General,"Hameem Middle School,South Portion, South Side, Periakothuva Pallivasal South East St",Melapalayam,Dravida Munnetra Kazhagam,409,65,344,Tamilaga Vettri Kazhagam,1,3,4,9,5,9,2,7,9,9,9,9,8,9,9,9,6,66.79611650485437,6
249,337,19,45,0,1,3,316,0,2,0,1,1,1,2,1,2,6,737,0,3,740,0,"Ganesapuram East Primary School,North Side, Melapalayamm","1.Tirunelveli (C) Melapalayam Ward No 49  Periya Kothba Palli Vasal 1St Sotuh Lane-I(Door no.1-46), 2.Tirunelveli (C) Melapalayam (P) Ward No 44 Bharathiyar Puram, 3.Tirunelveli (C) Melapalayam Ward No 44 Reddiyarpatti Road, 999.Overseas Electors",General,"Ganesapuram East Primary School,North Side",Melapalayamm,Dravida Munnetra Kazhagam,337,316,21,Tamilaga Vettri Kazhagam,1,3,4,15,10,6,2,15,7,15,10,10,10,7,10,7,5,2.849389416553596,16
250,476,7,6,0,6,0,40,1,0,0,1,0,0,0,0,0,1,538,0,3,541,0,"Hasanathuil Ulum Primaryschool, ,Southern Portion Ground Floor, Moolanahamedpillai Street Melapalayam","1.Tirunelveli (C) Melapalayam Ward No 44 Moolan Ahamed Pillai Street -I(Door no.1-103), 999.Overseas Electors",General,"Hasanathuil Ulum Primaryschool, ,Southern Portion Ground Floor",Moolanahamedpillai Street Melapalayam,Dravida Munnetra Kazhagam,476,40,436,Tamilaga Vettri Kazhagam,1,4,3,9,4,9,2,6,9,9,6,9,9,9,9,9,6,81.04089219330855,3
251,334,8,5,0,3,0,31,2,0,0,0,0,1,2,0,0,1,387,0,1,388,0,"Hasanathuil Ulum Primaryschool,    North side,  Moolanahamedpillai Street Melapalayam","1.Tirunelveli (C) Melapalayam Ward No 44 Moolan Ahamed Pillai Street-II(Door no.104-203), 999.Overseas Electors",General,"Hasanathuil Ulum Primaryschool,    North side",Moolanahamedpillai Street Melapalayam,Dravida Munnetra Kazhagam,334,31,303,Tamilaga Vettri Kazhagam,1,4,3,10,5,10,2,6,10,10,10,10,8,6,10,10,8,78.29457364341084,6
252,661,22,8,2,4,0,120,7,2,1,0,0,1,2,1,0,2,833,0,2,835,0,"Melapalayam Ward Office, Main Hall
,Melapalayam","1.Tirunelveli (C) Melapalayam Ward No 49 Nehruji Road, , 2.Tirunelveli (C) Melapalayam Ward No 44 Housing Board Nethaji Road, , 3.Tirunelveli (C) Melapalayam Ward No 49 Periya Kothba Palli Vasal North East Street, , 999.Overseas Electors
Page 71 of 78",General,"Melapalayam Ward Office, Main Hall",Melapalayam,Dravida Munnetra Kazhagam,661,120,541,Tamilaga Vettri Kazhagam,1,4,3,7,6,14,2,5,7,11,14,14,11,7,11,14,7,64.94597839135653,16
253,566,15,8,0,2,2,153,0,0,0,0,1,0,0,0,0,1,748,0,4,752,0,"Integrated Children Development Scheme, Centre No.98 ,Melapalayam Ward Office campus, Melapalayam","1.Tirunelveli (C) Melapalayam Ward No 49 Periya Kothba Palli Vasal, North East Street, , 2.Tirunelveli (C) Melapalayam Ward No 44 Sanitary Employee Colony, , 999.Overseas Electors",General,"Integrated Children Development Scheme, Centre No.98 ,Melapalayam Ward Office campus",Melapalayam,Dravida Munnetra Kazhagam,566,153,413,Tamilaga Vettri Kazhagam,1,4,3,9,5,5,2,9,9,9,9,7,9,9,9,9,7,55.21390374331551,2
254,667,22,21,0,11,1,45,1,0,0,0,0,0,0,1,0,1,770,0,1,771,0,"Muslim Higher Sec. School , Southern Block, Central Portion, Western Wing ,Room No, 3, Nethaji Road,Kurichi Melapalayam","1.Tirunelveli (C) Melapalayam Ward No 44 Vellaikaliba Sahib Street-I (Door no.1-156), 2.Tirunelveli (C) Melapalayam Ward No 44 Kottikulam Road , 999.Overseas Electors",General,"Muslim Higher Sec. School , Southern Block, Central Portion, Western Wing ,Room No, 3, Nethaji Road",Kurichi Melapalayam,Dravida Munnetra Kazhagam,667,45,622,Tamilaga Vettri Kazhagam,1,4,3,10,5,6,2,6,10,10,10,10,10,10,6,10,6,80.77922077922078,3
255,597,18,10,1,7,0,76,1,1,0,0,0,1,0,0,1,1,714,0,2,716,0,"Muslim Hr.sec. School South Block Room No
: 5, melapalayam","1.Tirunelveli (C) Melapalayam Ward No 44 Quai De Milleth Street -I(Door no.1-138), 999.Overseas Electors",General,"Muslim Hr.sec. School South Block Room No
: 5",melapalayam,Dravida Munnetra Kazhagam,597,76,521,Tamilaga Vettri Kazhagam,1,4,3,6,5,12,2,6,6,12,12,12,6,12,12,6,6,72.96918767507002,5
256,486,17,8,0,2,0,122,1,0,2,1,0,0,0,1,0,0,640,0,1,641,0,"Muslim Hr.sec. School ,South Block East Part Room No: 5,Nethaji Road Kurichi Melapalayam","1.Tirunelveli (C) Melapalayam Ward No 44 Kattu Chekku 1St Street, , 2.Tirunelveli (C) Melapalayam Ward No 44 Kattu Chekku 2Nd Street , 3.Tirunelveli (C) Melapalayam Ward No 44 Methamar Palayam Keela Puthu Street , 999.Overseas Electors",General,"Muslim Hr.sec. School ,South Block East Part Room No: 5",Nethaji Road Kurichi Melapalayam,Dravida Munnetra Kazhagam,486,122,364,Tamilaga Vettri Kazhagam,1,4,3,10,5,10,2,7,10,5,7,10,10,10,7,10,10,56.875,5
257,305,38,37,0,1,1,293,1,2,0,1,0,0,1,2,1,0,683,0,0,683,0,"Ganesapuram West Primary School, ,New Building, Northern Wing , Ganesapuram South Street, Melapalayam","1.Tirunelveli (C) Melapalayam Ward No 49 Ganesha Puram North Street, ,  , 2.Tirunelveli (C) Melapalayam Ward No 44 Natarajapuram , 999.Overseas Electors",General,"Ganesapuram West Primary School, ,New Building, Northern Wing , Ganesapuram South Street",Melapalayam,Dravida Munnetra Kazhagam,305,293,12,Tamilaga Vettri Kazhagam,1,4,3,13,7,7,2,7,5,13,7,13,13,7,5,7,13,1.756954612005857,8
258,546,21,11,0,6,0,133,6,0,1,1,0,1,0,0,0,3,729,0,5,734,0,"Ganesapuram West Primary School, , New Building, Northern Wing ,South Side, Ganesapuram South Street, Melapalayam .","1.Tirunelveli (C) Melapalayam Ward No 49 Ganeshapuram South Street, , 2.Tirunelveli (C) Melapalayam Ward No 49 Bangalappa Nagar 3Rd Street, , 3.Tirunelveli (C) Melapalayam Ward No 49 Bangalappa Nagar 4 Th Street, , 999.Overseas Electors",General,"Ganesapuram West Primary School, , New Building, Northern Wing ,South Side, Ganesapuram South Street",Melapalayam .,Dravida Munnetra Kazhagam,546,133,413,Tamilaga Vettri Kazhagam,1,4,3,11,5,11,2,5,11,8,8,11,8,11,11,11,7,56.65294924554184,12
259,595,11,8,0,9,0,83,3,2,0,0,0,0,0,0,0,2,713,0,3,716,0,"Ganesapuram West Primary School, , Southern Tiled Old Building Eastern side, Ganesapuram South Street, Melapalayam","1.Tirunelveli (C) Melapalayam Ward No 50 Sappani Aalim East Street , 2.Tirunelveli (C) Melapalayam Ward No 49 Bangalappa Nagar 2Nd Street, , 999.Overseas Electors",General,"Ganesapuram West Primary School, , Southern Tiled Old Building Eastern side, Ganesapuram South Street",Melapalayam,Dravida Munnetra Kazhagam,595,83,512,Tamilaga Vettri Kazhagam,1,5,3,9,4,9,2,6,7,9,9,9,9,9,9,9,7,71.80925666199158,7
260,387,34,49,0,4,0,273,3,0,0,2,1,0,1,0,0,3,757,0,1,758,0,"Ganesapuram West Primary School, , Southern Tiled Old Building Western side, Ganesapuram South Street, Melapalayam","1.Tirunelveli (C) Melapalayam Ward No 50 Gnaniyarappa 6Th Street, , 2.Tirunelveli (C) Melapalayam Ward No 44 Anna Nagar1St Street, , 3.Tirunelveli
(C) Melapalayam Ward No 44 Anna Nagar 2Nd Street, , 4.Tirunelveli (C) Melapalayam Ward No 44 Anna Nagar 3Rd Street, , 5.Tirunelveli (C) Melapalayam Ward No 51 Thai Nagar 1St   Street, , 6.Tirunelveli (C) Melapalayam Ward No 51 Thai Nagar 2Nd  Street, , 7.Tirunelveli (C) Melapalayam Ward No 51 Thai Nagar 3Rd   Street, , 8.Tirunelveli (C) Melapalayam Ward No 51 Thai Nagar 4Th  Street, , 9.Tirunelveli (C) Melapalayam Ward No 51 Thai Nagar 5Th  Street, , 10.Tirunelveli (C) Melapalayam Ward No 51 Thai Nagar West Street , 999.Overseas Electors",General,"Ganesapuram West Primary School, , Southern Tiled Old Building Western side, Ganesapuram South Street",Melapalayam,Dravida Munnetra Kazhagam,387,273,114,Tamilaga Vettri Kazhagam,1,3,4,11,5,11,2,6,11,11,8,9,11,9,11,11,6,15.05944517833553,10
261,568,15,4,0,8,0,75,5,0,0,0,0,0,0,0,0,0,675,0,1,676,1,"Adi Diravidar Primary School, ,Newbuilding West Portion, East Part Ambikapuram Melapalayam","1.Tirunelveli (C) Melapalayam Ward No 48 Akbar Street, ,  999.Overseas Electors",General,"Adi Diravidar Primary School, ,Newbuilding West Portion",East Part Ambikapuram Melapalayam,Dravida Munnetra Kazhagam,568,75,493,Tamilaga Vettri Kazhagam,1,6,3,7,4,7,2,5,7,7,7,7,7,7,7,7,7,73.03703703703704,5
262,639,18,10,0,6,0,71,1,0,0,0,0,0,0,2,4,4,755,0,2,757,0,"Adi Diravidar Primary School, , Southern Building, East Part Ambikapuram Melapalayam","1.Tirunelveli (C) Melapalayam Ward No 48 Gnanniyarappa Periya Street, , 2.Tirunelveli (C) Melapalayam Ward No 49 Bangalappa Nagar, 5Th Street, , 999.Overseas Electors",General,"Adi Diravidar Primary School, , Southern Building",East Part Ambikapuram Melapalayam,Dravida Munnetra Kazhagam,639,71,568,Tamilaga Vettri Kazhagam,1,4,3,10,5,10,2,9,10,10,10,10,10,10,8,6,6,75.23178807947019,11
263,433,43,46,0,5,0,163,5,0,1,0,0,1,4,1,1,5,708,0,2,710,0,"Adi Diravidar Primary School, Northern Building Middle portion, Ambikapuram Melapalayam","1.Tirunelveli (C) Melapalayam Ward No 49 Bangalappa Nagar 1St Street,2.Tirunelveli (C) Melapalayam Ward No 48 Ragumaniya Puram North Street,3.Tirunelveli (C) Melapalayam Ward No 49 Selva Vinayakar Street, , 999.Overseas Electors",General,"Adi Diravidar Primary School, Northern Building Middle portion",Ambikapuram Melapalayam,Dravida Munnetra Kazhagam,433,163,270,Tamilaga Vettri Kazhagam,1,3,4,13,5,13,2,5,13,9,13,13,9,8,9,9,5,38.13559322033898,18
264,543,25,17,0,3,1,138,2,0,0,1,0,0,2,0,1,7,740,0,3,743,0,"Adi Diravidar Primary School, (Old Building) ,Northbuilding, Northern Portion Ambikapuram Melapalayam","1.Tirunelveli (C) Melapalayam Ward No 50 Gnanniyarappa 4Th Street, Ambai Road , 2.Tirunelveli (C) Melapalayam Ward No 47 Ganniyarappa Chinna Street,
,  ,3.Tirunelveli (C) Melapalayam Ward No 48 Ambikapuram South Street, , 4.Tirunelveli (C) Melapalayam Ward No 50 Gnanniyarappa 4Th Cross Street , 999.Overseas Electors",General,"Adi Diravidar Primary School, (Old Building) ,Northbuilding",Northern Portion Ambikapuram Melapalayam,Dravida Munnetra Kazhagam,543,138,405,Tamilaga Vettri Kazhagam,1,4,3,12,6,9,2,7,12,12,9,12,12,7,12,9,5,54.72972972972973,13
265,495,16,12,0,2,0,47,5,0,0,0,0,0,1,0,1,2,581,0,2,583,0,"Adi Diravidar Primary School, (Old Building) ,Northern Building, South Portion Ambikapuram Melapalayam","1.Tirunelveli (C) Melapalayam Ward No 47  Jubilee Bazar Road, , 2.Tirunelveli
(C) Melapalayam Ward No 47 South Thaika Street, , 999.Overseas Electors",General,"Adi Diravidar Primary School, (Old Building) ,Northern Building",South Portion Ambikapuram Melapalayam,Dravida Munnetra Kazhagam,495,47,448,Tamilaga Vettri Kazhagam,1,4,3,10,6,10,2,5,10,10,10,10,10,8,10,8,6,77.10843373493977,9
266,553,20,4,0,4,1,71,5,0,0,0,0,0,2,0,0,0,660,0,2,662,0,"Ganesapuram West Primary School , New Building, Southern Portion, South Part Ganesapuram South Street, Melapalayam .","1.Tirunelveli (C) Melapalayam Ward No 47 North Thaika Street, , 999.Overseas Electors",General,"Ganesapuram West Primary School , New Building, Southern Portion, South Part Ganesapuram South Street",Melapalayam .,Dravida Munnetra Kazhagam,553,71,482,Tamilaga Vettri Kazhagam,1,5,3,9,5,8,2,4,9,9,9,9,9,7,9,9,9,73.03030303030303,7
267,680,11,5,0,4,0,79,2,0,0,0,0,1,3,0,2,6,793,0,2,795,0,"Ganesapuram West Primary School ,Noon Meal Centre, Ganesapuram South Street, Melapalayam","1.Tirunelveli (C) Melapalayam Ward No 47 Ekkin Pillai West Street, , 2.Tirunelveli (C) Melapalayam Ward No 49 Ekkin Pillai East Street , 999.Overseas Electors",General,"Ganesapuram West Primary School ,Noon Meal Centre, Ganesapuram South Street",Melapalayam,Dravida Munnetra Kazhagam,680,79,601,Tamilaga Vettri Kazhagam,1,5,3,11,6,11,2,8,11,11,11,11,10,7,11,8,4,75.78814627994956,14
268,547,12,12,0,9,0,70,2,0,0,0,0,0,0,0,1,2,655,0,2,657,0,"Corporation Azath Primary School,
,Southern Block FirstRoom Police Station Road Melapalayam","1.Tirunelveli (C) Melapalayam Ward No 47 Aasura West Street, , 999.Overseas Electors",General,"Corporation Azath Primary School,",Southern Block FirstRoom Police Station Road Melapalayam,Dravida Munnetra Kazhagam,547,70,477,Tamilaga Vettri Kazhagam,1,3,3,9,5,9,2,6,9,9,9,9,9,9,9,8,6,72.82442748091603,5
269,528,12,6,0,6,0,62,2,0,0,0,1,0,1,0,0,2,620,0,2,622,0,"Corporation Azath Primary School, ,Western Block IIrd Room Police Station Road Melapalayam","1.Tirunelveli (C) Melapalayam Ward No 47 Sabbani Aalim West Street, , 999.Overseas Electors",General,"Corporation Azath Primary School,",Western Block IIrd Room Police Station Road Melapalayam,Dravida Munnetra Kazhagam,528,62,466,Tamilaga Vettri Kazhagam,1,4,3,10,4,10,2,6,10,10,10,8,10,8,10,10,6,75.16129032258064,6
270,418,8,5,0,6,0,52,2,0,0,0,0,0,1,0,1,1,494,0,2,496,0,"Periya Kothuba PalliVasal Women Arabic Matharasa, Periya Kothuba Pallivasal North West Street, Melapalayam","1.Tirunelveli (C) Melapalayam Ward No 47 Periya Kothba Pallivasal  North West Street-I, (Rawther) , 999.Overseas Electors",General,"Periya Kothuba PalliVasal Women Arabic Matharasa, Periya Kothuba Pallivasal North West Street",Melapalayam,Dravida Munnetra Kazhagam,418,52,366,Tamilaga Vettri Kazhagam,1,5,3,10,4,10,2,6,10,10,10,10,10,7,10,7,7,74.08906882591093,5
271,423,9,4,0,3,1,41,2,0,0,0,0,1,1,0,0,0,485,0,1,486,0,"Periya Kothuba PalliVasal Women Arabic Matharasa, Periya Kothuba Pallivasal Middle portion North West Street, Melapalayam","1.Tirunelveli (C) Melapalayam Ward No 47 Periya Kothba Pallivasal  North West Street-II, (Rawther)999.Overseas Electors",General,"Periya Kothuba PalliVasal Women Arabic Matharasa, Periya Kothuba Pallivasal Middle portion North West Street",Melapalayam,Dravida Munnetra Kazhagam,423,41,382,Tamilaga Vettri Kazhagam,1,4,3,10,5,7,2,6,10,10,10,10,7,7,10,10,10,78.76288659793815,4
272,174,42,94,1,1,2,334,0,2,0,1,0,0,1,1,3,2,658,0,9,667,0,"Corporation Primary School , Eastern Wing Karungulam","1.Tirunelveli (C) Karungulam Ward No 48 Periya Maruthu Pandiar Street, , 2.Tirunelveli (C) Karungulam Ward No 48 Selva Puram , 3.Tirunelveli (C) Karungulam Ward No 48 Pasumpon Muthuramlingam Street, , 4.Tirunelveli (C) Karungulm Ward No 48 Bagavathar Street, , 5.Tirunelveli (C) Karungulam Ward No 48 Thiruneelkandar Street, ,999.Overseas Electors",General,Corporation Primary School,Eastern Wing Karungulam,Tamilaga Vettri Kazhagam,334,174,160,Dravida Munnetra Kazhagam,2,3,4,9,9,6,1,14,6,14,9,14,14,9,9,5,6,24.3161094224924,10
273,245,43,83,3,2,1,304,4,2,0,1,0,1,2,0,2,0,693,0,6,699,0,"Corporation primary school ,Southern Side Block Karungulam","1.Tirunelveli (C) Karungulam Dr Ambedkar St Wno 48 , 2.Tirunelveli (C) Karungulam Rajaji St Wno 48 , 3.Tirunelveli (C) Karungulam Subash Chandra Bose St Wno 48 ,  999.Overseas Electors",General,Corporation primary school,Southern Side Block Karungulam,Tamilaga Vettri Kazhagam,304,245,59,Dravida Munnetra Kazhagam,2,3,4,6,7,11,1,5,7,14,11,14,11,7,14,7,14,8.513708513708513,12
274,291,29,79,0,2,0,240,5,1,1,0,2,1,0,0,0,0,651,0,3,654,0,"Corporation primary school,  Southern Side West Building Karungulam","1.Tirunelveli (C) Karungulam Karungulam North St Wno 48 ,2.Tirunelveli (C) Karungulam Ward No 48 Ambasamudram Road, , 3.Tirunelveli (C) Karungulam Ward No 48 Government Employees Colony , 999.Overseas Electors",General,Corporation primary school,Southern Side West Building Karungulam,Dravida Munnetra Kazhagam,291,240,51,Tamilaga Vettri Kazhagam,1,3,4,11,6,11,2,5,8,8,11,6,8,11,11,11,11,7.834101382488479,10
275,259,56,60,0,2,0,330,5,2,2,0,1,2,3,1,1,0,724,0,2,726,0,"Corporation primary school ,Western Side Room Side Block Karungulam","1.Tirunelveli (C) Karungulam Thanthai Periyar St & Parris Nagar Wno 48 , 2.Tirunelveli (C) Karungulam Asoka Puram St Wno 48 , 3.Tirunelveli (C) Karungulam Chinna Maruthupandiyar St W.No. 48 , 4.Tirunelveli (C) Karungulam Sathya Moorthy St W.No. 48 , 5.Tirunelveli (C) Karungulam Wno 48 Asokapuram East Part Ambairoad Government W , 999.Overseas Electors",General,Corporation primary school,Western Side Room Side Block Karungulam,Tamilaga Vettri Kazhagam,330,259,71,Dravida Munnetra Kazhagam,2,3,4,14,7,14,1,5,7,7,14,11,7,6,11,11,14,9.806629834254144,17
276,393,5,2,0,4,0,70,7,0,0,0,0,0,1,0,0,4,486,0,0,486,0,"South Mohideen Jamath Primary School, 4th Class room , New Building , Western Portion, South Mohideen Pallivasal Street, Melapalayam","1.Tirunelveli (C) Melapalayam Ward No 47 Gnaniyar Appa Periya Puthu Street ,
, 2.Tirunelveli (C) Melapalayam Ward No 48 South Mohideen Palli Vasal Street, , 999.Overseas Electors",General,"South Mohideen Jamath Primary School, 4th Class room , New Building , Western Portion, South Mohideen Pallivasal Street",Melapalayam,Dravida Munnetra Kazhagam,393,70,323,Tamilaga Vettri Kazhagam,1,7,4,9,5,9,2,3,9,9,9,9,9,8,9,9,5,66.46090534979425,12
277,270,8,4,0,5,0,47,1,0,0,0,0,0,0,0,1,0,336,0,0,336,0,"South Mohideen Jamath Primary School, 2nd and 3rdClss room, New Building , Western Portion,South Mohideen Pallivasal Street, Melapalayam","1.Tirunelveli (C) Melapalayam Ward No 48 Kalungu Chinna Mohideen Street, , 999.Overseas Electors",General,"South Mohideen Jamath Primary School, 2nd and 3rdClss room, New Building , Western Portion,South Mohideen Pallivasal Street",Melapalayam,Dravida Munnetra Kazhagam,270,47,223,Tamilaga Vettri Kazhagam,1,5,3,8,4,8,2,6,8,8,8,8,8,8,8,6,8,66.36904761904762,2
278,593,12,13,0,8,0,75,1,0,0,0,0,0,4,0,0,0,706,0,2,708,0,"South Mohideen Jamath Primary School, Eastern Portion, I Std Calss Room ,South Mohideen Pallivasal Street, Melapalayam","1.Tirunelveli (C) Melapalayam Ward No 48 Sayan Tharagan Street , , 999.Overseas Electors",General,"South Mohideen Jamath Primary School, Eastern Portion, I Std Calss Room ,South Mohideen Pallivasal Street",Melapalayam,Dravida Munnetra Kazhagam,593,75,518,Tamilaga Vettri Kazhagam,1,3,4,8,5,8,2,7,8,8,8,8,8,6,8,8,8,73.37110481586402,5
279,516,14,3,0,8,2,78,1,0,0,0,0,0,0,0,0,0,622,0,5,627,0,"Azmath Primary and Nursery School,North Building East Facing, 112,NabiNagar , Melapalayam","1.Tirunelveli (C) Melapalayam Ward No 48 Kattu Puthu Street-I(Door no.1-130) , 999.Overseas Electors",General,"Azmath Primary and Nursery School,North Building East Facing, 112,NabiNagar",Melapalayam,Dravida Munnetra Kazhagam,516,78,438,Tamilaga Vettri Kazhagam,1,5,3,8,4,6,2,7,8,8,8,8,8,8,8,8,8,70.41800643086816,1
280,574,20,4,0,4,0,71,2,0,0,0,0,0,2,1,1,2,681,0,1,682,0,"Azmath Primary and Nursery School,North Building West Facing, 112,NabiNagar , Melapalayam","1.Tirunelveli (C) Melapalayam Ward No 48 Asan Tharagan Street, 2.Tirunelveli
(C) Melapalayam Ward No 48 Kattu Puthu Street -II(Door no.131-220), 999.Overseas Electors",General,"Azmath Primary and Nursery School,North Building West Facing, 112,NabiNagar",Melapalayam,Dravida Munnetra Kazhagam,574,71,503,Tamilaga Vettri Kazhagam,1,4,3,11,4,11,2,6,11,11,11,11,11,6,9,9,6,73.86196769456681,8
281,571,22,45,1,4,0,121,5,2,0,0,0,0,1,1,1,1,775,0,1,776,0,"Adi Dravidar Primary School, South New Building, North Portion South Street, Ambikapuram Melapalayam","1.Tirunelveli (C) Melapalayam Ward No 50 Gnaniyarappa Nagar 1St Street, , 2.Tirunelveli (C) Melapalyam Ward No 50 Gnaniyarappa Nagar 2Nd Street, , 3.Tirunelveli (C) Melapalayam Ward No 50 Gnaniyarappa Nagar 3Rd Street, , 4.Tirunelveli (C) Melapalayam Ward No 49 Selva Vinayagar South Street,5.Tirunelveli (C) Melapalayam Ward No 51 Teachers Colony(Nethaji Nagar), ,999.Overseas Electors",General,"Adi Dravidar Primary School, South New Building, North Portion South Street",Ambikapuram Melapalayam,Dravida Munnetra Kazhagam,571,121,450,Tamilaga Vettri Kazhagam,1,3,4,8,6,13,2,5,7,13,13,13,13,8,8,8,8,58.06451612903226,11
282,524,29,18,0,7,1,161,10,0,0,0,0,0,1,1,4,3,759,0,0,759,0,"Adi Dravidar Primary School, Old Building South west Part( Headmistress) Room, Ambikapuram Melapalayam","1.Tirunelveli (C) Melapalayam Ward No 50 Gnaniyarappa Nagar 5Th Street, , 2.Tirunelveli (C) Melapalayam Ward No 50 Gnaniyarappa Nagar 7Th Street, , 3.Tirunelveli (C) Melapalayam Ward No 50 Gnaniyarappa Nagar 8Th Street , 4.Tirunelveli (C) Melapalayam Ward No 48 Ambikapuram North Street, 999.Overseas Electors",General,"Adi Dravidar Primary School, Old Building South west Part( Headmistress) Room",Ambikapuram Melapalayam,Dravida Munnetra Kazhagam,524,161,363,Tamilaga Vettri Kazhagam,1,4,3,12,6,9,2,5,12,12,12,12,12,9,9,7,8,47.82608695652174,19
283,474,48,24,0,5,0,178,6,1,0,0,0,0,0,0,0,3,739,0,3,742,0,"Adi Dravidar Primary School, South New Building, South Portion Ambikapuram South Street Melapalayam","1.Tirunelveli (C) Melapalayam Ward No 52 Nethaji Road, , 2.Tirunelveli (C) Melapalayam Ward No 48 Ragumaniyapuram South Street, , 3.Tirunelveli (C) Melapalayam Ward No 52 Amutha Nagar, , 4.Tirunelveli (C) Melapalayam Ward No 52 Sathiya Vel Nagar , 999.Overseas Electors",General,"Adi Dravidar Primary School, South New Building",South Portion Ambikapuram South Street Melapalayam,Dravida Munnetra Kazhagam,474,178,296,Tamilaga Vettri Kazhagam,1,4,3,9,6,9,2,5,8,9,9,9,9,9,9,9,7,40.05412719891746,10
284,327,13,3,0,6,0,98,3,2,0,1,0,1,0,1,4,0,459,0,0,459,0,"Corporation Primary School ,New Building Southern Block west side room Westpart, Hameempuram Melapalayam","1.Tirunelveli (C) Melapalayam Ward No 50 Hameem Puram 1 St Street-I(Door no.1-130)(South), , 999.Overseas Electors",General,"Corporation Primary School ,New Building Southern Block west side room Westpart",Hameempuram Melapalayam,Dravida Munnetra Kazhagam,327,98,229,Tamilaga Vettri Kazhagam,1,6,3,12,4,12,2,6,8,12,9,12,9,12,9,5,12,49.89106753812636,12
285,358,8,1,0,4,0,69,3,1,0,0,1,1,0,0,0,1,447,0,2,449,0,"Corporation Primary School , North Building, Middle portion, Hameempuram Melapalayam","1.Tirunelveli (C) Melapalayam Ward No 50 Hameem Puram 1 St Street-II(Door no.131-220)(South),",General,"Corporation Primary School , North Building, Middle portion",Hameempuram Melapalayam,Dravida Munnetra Kazhagam,358,69,289,Tamilaga Vettri Kazhagam,1,6,3,11,4,11,2,5,6,11,11,6,6,11,11,11,6,64.65324384787472,7
286,496,15,12,1,11,2,125,6,1,0,1,0,0,2,0,2,1,675,0,3,678,0,"Corporation Primary School New Building
,South Portion, Western Part Room (west Part)Hameempuram Melapalayam","1.Tirunelveli (C) Melapalayam Ward No 50 Hameem Puram 2Nd Street(South), , 999.Overseas Electors",General,"Corporation Primary School New Building
,South Portion",Western Part Room (west Part)Hameempuram Melapalayam,Dravida Munnetra Kazhagam,496,125,371,Tamilaga Vettri Kazhagam,1,4,3,10,5,7,2,6,10,14,10,14,14,7,14,7,10,54.96296296296295,13
287,678,23,4,1,14,1,107,3,1,1,0,0,0,1,0,1,1,836,0,1,837,0,"Corporation Primary School, ,New Building Southern Block East Side. Hameempuram Melapalayam","1.Tirunelveli (C) Melapalayam Ward No 50 Hameem Puram South 1St Street, , 2.Tirunelveli (C) Melapalayam Ward No 50 Hameem Puram South 2Nd Street , 999.Overseas Electors",General,"Corporation Primary School,",New Building Southern Block East Side. Hameempuram Melapalayam,Dravida Munnetra Kazhagam,678,107,571,Tamilaga Vettri Kazhagam,1,5,3,7,4,7,2,6,7,7,14,14,14,7,14,7,7,68.30143540669856,8
288,625,18,11,0,10,1,146,3,0,1,0,0,0,1,1,2,3,822,0,2,824,0,"Integrated Children Development Centre No. 105,Corporation Primary School campus, Hameempuram, Melapalayam","1.Tirunelveli (C) Melapalayam Ward No 50 Hameem Puram South 3Rd St. , 999.Overseas Electors",General,"Integrated Children Development Centre No. 105,Corporation Primary School campus, Hameempuram",Melapalayam,Dravida Munnetra Kazhagam,625,146,479,Tamilaga Vettri Kazhagam,1,4,3,13,5,9,2,6,13,9,13,13,13,9,9,8,6,58.27250608272506,11
289,415,14,4,0,13,0,70,0,1,0,0,0,2,0,0,2,1,522,0,1,523,0,"Integrated Children Development Centre No. 105, 2nd Entrance, Corporation Primary School campus, Hameempuram, Melapalayam","1.Tirunelveli (C) Melapalayam Ward No 50 Hameem Puram North Street , 999.Overseas Electors",General,"Integrated Children Development Centre No. 105, 2nd Entrance, Corporation Primary School campus, Hameempuram",Melapalayam,Dravida Munnetra Kazhagam,415,70,345,Tamilaga Vettri Kazhagam,1,5,3,10,4,10,2,10,8,10,10,10,6,10,10,6,8,66.0919540229885,6
290,561,35,18,0,6,0,150,8,0,0,1,0,0,5,1,2,3,790,0,3,793,0,Rahumania Higher Secondary School Middle Block 9th A Section Melapalayam,"1.Tirunelveli (C) Melapalayam Ward No 50 Hameem Puram South 4Th Street, , 2.Tirunelveli (C) Melapalayam Ward No 50 Siddiq Street, , 999.Overseas Electors",General,Rahumania Higher Secondary School Middle Block 9th A Section Melapalayam,Rahumania Higher Secondary School Middle Block 9th A Section Melapalayam,Dravida Munnetra Kazhagam,561,150,411,Tamilaga Vettri Kazhagam,1,4,3,12,6,12,2,5,12,12,10,12,12,7,10,9,8,52.0253164556962,20
291,475,27,7,0,8,2,153,9,0,0,0,0,0,5,0,1,2,689,0,3,692,0,Rahumania Higher Secondary School Middle Block 9th B Section Melapalayam,"1.Tirunelveli (C) Melapalayam Ward No 50 Hameem Puram 5Th Street, , 999.Overseas Electors",General,Rahumania Higher Secondary School Middle Block 9th B Section Melapalayam,Rahumania Higher Secondary School Middle Block 9th B Section Melapalayam,Dravida Munnetra Kazhagam,475,153,322,Tamilaga Vettri Kazhagam,1,6,3,11,5,8,2,4,11,11,11,11,11,7,11,10,8,46.73439767779391,17
292,492,33,28,0,9,0,231,4,2,0,0,0,2,0,1,2,6,810,0,1,811,0,"Rahumania Higher Secondary School Eastern side middle block middle portion, Melapalayam","1.Tirunelveli (C) Melapalayam Ward No 50 Hameem Puram6Th Street, , 2.Tirunelveli (C) Melapalayam Ward No 50 Hameem Puram South 10Th Street , 3.Tirunelveli (C) Melapalayam Ward No 50 Hameem Puram South 11Th Street , 999.Overseas Electors",General,Rahumania Higher Secondary School Eastern side middle block middle portion,Melapalayam,Dravida Munnetra Kazhagam,492,231,261,Tamilaga Vettri Kazhagam,1,4,3,12,5,12,2,7,8,12,12,12,8,12,11,8,6,32.22222222222222,17
293,538,52,27,1,12,2,279,5,0,1,0,0,2,6,0,0,2,927,0,1,928,0,Rahumania Higher Secondary School Middle Block 9th C Section Melapalayam,"1.Tirunelveli (C) Melapalayam Ward No 50 Hameem Puram7Th Street, , 2.Tirunelveli (C) Melapalayam Ward No 50 Hameem Puram8Th Street , 3.Tirunelveli (C) Melapalayam Ward No 50 Hameem Puram,9Th Street, 4.Tirunelveli (C) Kulavanikarpuram Ward No 52 Rajanagar 4Th Street,5.Tirunelveli (C)Annai kadheeja Garden Word no.52, 999.Overseas Electors",General,Rahumania Higher Secondary School Middle Block 9th C Section Melapalayam,Rahumania Higher Secondary School Middle Block 9th C Section Melapalayam,Dravida Munnetra Kazhagam,538,279,259,Tamilaga Vettri Kazhagam,1,4,3,11,5,8,2,7,13,11,13,13,8,6,13,13,8,27.93959007551241,16
294,181,43,78,0,1,1,289,2,3,0,0,0,0,0,0,1,1,600,0,3,603,0,Rahumania Higher Secondary School Middle Block 9th D Section Melapalayam,"1.Tirunelveli (C) Kulavanikarpuram Ward No 52 Rajanagar 2Nd Street , 2.Tirunelveli (C) Kulavanikarpuram Ward No 52 Rajanagar 3Rd  Street , 999.Overseas Electors",General,Rahumania Higher Secondary School Middle Block 9th D Section Melapalayam,Rahumania Higher Secondary School Middle Block 9th D Section Melapalayam,Tamilaga Vettri Kazhagam,289,181,108,Dravida Munnetra Kazhagam,2,3,4,11,7,7,1,6,5,11,11,11,11,11,11,7,7,18.0,7
295,262,52,69,1,1,2,312,1,0,0,0,0,0,2,0,0,0,702,0,3,705,0,Rahumania Higher Secondary School South Portion 9th Std Class Room Melapalayam,"1.Tirunelveli (C) Kulavanikarpuram Ward No 52 Melapalayam Reddiyarpatti Road, , 2.Tirunelveli (C) Kulavanikarpuram Ward No 52 Rajanagar 5Th Street , 3.Tirunelveli (C) Kulavanikarpuram Ward No 52 Rajanagar 6Th  Street , 4.Tirunelveli (C) Kulavanikarpuram Ward No 52 Rajanagar Cross Street, , 5.Tirunelveli (C) Kulavanikarpuram Ward No 52 Rose Nagar , 999.Overseas Electors",General,Rahumania Higher Secondary School South Portion 9th Std Class Room Melapalayam,Rahumania Higher Secondary School South Portion 9th Std Class Room Melapalayam,Tamilaga Vettri Kazhagam,312,262,50,Dravida Munnetra Kazhagam,2,3,4,7,7,5,1,7,10,10,10,10,10,5,10,10,10,7.122507122507122,3
296,133,65,35,0,1,1,175,5,0,0,0,0,2,4,0,1,4,426,0,2,428,0,Panchayath Union Primary School New Building West Facing Rajagopalapuram,"1.Tirunelveli (C) Rajagopalapuram Rajagopalapuram South Street, W.No.55 , 2.Tirunelveli (C) Rajagopalapuram Rajagopalapuram North Street  Wno 55 , 999.Overseas Electors",General,Panchayath Union Primary School New Building West Facing Rajagopalapuram,Panchayath Union Primary School New Building West Facing Rajagopalapuram,Tamilaga Vettri Kazhagam,175,133,42,Dravida Munnetra Kazhagam,2,4,3,12,9,9,1,5,12,12,12,12,8,6,12,9,6,9.859154929577464,16
