SL. NO.,Polling Station No.,Dravida Munnetra Kazhagam,All India Anna Dravida Munnetra Kazhagam,Bahujan Samaj Party,Naam Tamilar Katchi,Tamilaga Vettri Kazhagam,All India Puratchi Thalaivar Makkal Munnettra Kazhagam,Tamizhaga Vaazhvurimai Katchi,Independent,Independent.1,NOTA,Total of valid votes,No. of rejected Votes,Total,No. of tendered votes,S No,Location and Name of the Building in which Polling station is located,Polling Area,Whether for all voters or men only or women only,Winner_Party,Winner_Votes,Runner_Up_Votes,Margin_Of_Victory,Runner_Up_Party,Dravida Munnetra Kazhagam_Rank,All India Anna Dravida Munnetra Kazhagam_Rank,Bahujan Samaj Party_Rank,Naam Tamilar Katchi_Rank,Tamilaga Vettri Kazhagam_Rank,All India Puratchi Thalaivar Makkal Munnettra Kazhagam_Rank,Tamizhaga Vaazhvurimai Katchi_Rank,Margin_Percentage,Total_Independent_Votes
1,1,184,249,3,22,295,0,1,0,3,2,759,0,759,0,1,Panchayat Union Middle School North Facing Building Nelvoy,"1.Nelvoy (P) And (R.V), Ward 2 colony main road
2.Nelvoy (P) And (R.V), Ward 2 Nelveli Road
3.Nelvoy (P) And (R.V), Ward 2 Nelveli Road Cross St
4.Nelvoy (P) And (R.V), Ward 2 Old Colony St
5.Nelvoy (P) And (R.V), Ward 2 Mariamman Koil St 1st St
6.Nelvoy (P) And (R.V), Ward 2 Colony Main Road Left
7.Nelvoy (P) And (R.V), Ward 2 Kinatrangarai St
8.Nelvoy (P) And (R.V), Ward 2 Kinatrangarai Cross St
9.Nelvoy (P) And (R.V), Ward 2 Thoguppu Veedu 1st St
10.Nelvoy (P) And (R.V), Ward 2 Thoguppu Veedu 2nd St
11.Nelvoy (P) And (R.V), Ward 2 Thoguppu Veedu 3rd St
12.Nelvoy (P) And (R.V), Ward 1 Village Main Road Right
13.Nelvoy (P) And (R.V), Ward 1 Gangaiamman Koil St
14.Nelvoy (P) And (R.V), Ward 1 Gangaiamman Koil St
15.Nelvoy (P) And (R.V), Ward 1 Main Road Cross St 999.Overseas Electors",All Voters,Tamilaga Vettri Kazhagam,295,249,46,All India Anna Dravida Munnetra Kazhagam,3,2,5,4,1,7,6,6.060606060606061,3
2,2,133,243,2,16,179,1,0,0,1,4,579,0,579,0,2,Panchayat Union Middle School North Facing Building Nelvoy,"1.Nelvoy (P) And (R.V), Ward 1 Village Main Road
2.Nelvoy (P) And (R.V), Ward 1 Sandhai Medu Part St
3.Nelvoy (P) And (R.V), Ward 1 Ponniamman Koil St
4.Nelvoy (P) And (R.V), Ward 1 Mariamman Koil 2nd St
5.Nelvoy (P) And (R.V), Ward 1 Pillaiyar Koil Cross St
6.Nelvoy (P) And(R.V), Ward 1 Pallikuda St Cross St
7.Nelvoy (P) And (R.V), Ward 1 Irular St
8.Nelvoy (P) And (R.V), Ward 1 Milk Depo St
9.Nelvoy (P) And (R.V), Ward 1 Milk Society Cross St
10.Nelvoy (P) And (R.V), Ward 1 Pillaiyar Koil St
11.Nelvoy (P) And (R.V), Ward 1 Iyyangar St
12.Nelvoy (P) And (R.V), Ward 1 Tapal St 2
13.Nelvoy (P) And (R.V), Ward 2 Kaipampu St
14.Nelvoy (P) And (R.V), Ward 2 Mariamman Koil St 3rd St
15.Nelvoy (P) And (R.V), Ward 2 Er Ethirvai Puravadai Part 999.Overseas Electors",All Voters,All India Anna Dravida Munnetra Kazhagam,243,179,64,Tamilaga Vettri Kazhagam,3,1,5,4,2,6,7,11.05354058721934,1
3,3,275,291,3,52,282,0,0,0,2,3,908,0,908,0,3,"Panchayat Union Primary School, Mangalam South Facing East Side","1.Mangalam (P) And (R.V), Ward 1 main road salai
2.Mangalam (P) And (R.V), Ward 1 Nadu St 1
3.Mangalam (P) And (R.V), Ward 1 Kammalar St
4.Mangalam (P) And (R.V), Ward 1 Kudimi St
5.Mangalam (P) And (R.V), Ward 1 Perumal Koil St
6.Mangalam (P) And (R.V), Ward 1 Ponniamman Koil St
7.Mangalam (P) And (R.V), Ward 1 Perunkonraiyamman Koil St
8.Mangalam (P) And (R.V), Ward 1 Mariamman Koil St
9.Mangalam (P) And (R.V), Ward 1 Nadu St 2nd St
10.Mangalam (P) And (R.V), Ward 1 Pallikkuda St
11.Mangalam (P) And (R.V), Ward 1 Esu Koil St
12.Mangalam (P) And (R.V), Ward 1 Colony Graval Kula St 999.Overseas Electors",All Voters,All India Anna Dravida Munnetra Kazhagam,291,282,9,Tamilaga Vettri Kazhagam,3,1,5,4,2,6,6,0.9911894273127754,2
4,4,347,208,0,21,391,2,2,0,1,5,977,0,977,0,4,"Panchayat Union Primary School, Nelvoy X Road North Facing West Side","1.Mangalam (P) And (R.V), Ward 2 Manchamman Koil St
2.Mangalam (P) And (R.V), Ward 2 Nelvoy Koottu Salai St
3.Mangalam (P) And (R.V), Ward 2 Madurantakam Nedunchalai
4.Mangalam (P) And (R.V), Ward 2 kanniamman koil st
5.Mangalam (P) And (R.V), Ward 2 Pallikuda St
6.Mangalam (P) And (R.V), Ward 2 krishnapuram salai
7.Mangalam (P) And (R.V), Ward 2 Pallikooda St 2nd St
8.Mangalam (P) And (R.V), Ward 2 Rajiv Gandhi St
9.Mangalam (P) And (R.V), Ward 2 EB St
10.Mangalam (p) And (R.V), Ward 2 dr ambedhkar st
11.Mangalam (P) And (R.V), Ward 2 Esu Koil St 2
12.Mangalam (P) And (R.V), Ward 2 pillaiyar koil st
13.Mangalam (P) And (R.V), Ward 2 Dr MGR St
14.Mangalam (P) And (R.V), Ward 2 Gangaiamman Koil St
15.Mangalam (P) And (R.V), Ward 2 Road St
16.Mangalam (P) And (R.V), Ward 2 Mariamman Koil St
17.Mangalam (P) And (R.V), Ward 2 Indrapuram Pallikuda St 999.Overseas Electors",All Voters,Tamilaga Vettri Kazhagam,391,347,44,Dravida Munnetra Kazhagam,2,3,7,4,1,5,5,4.503582395087001,1
5,5,166,189,1,11,209,0,0,0,2,1,579,0,579,0,5,PANCHAYAT UNION PRIMARY SCHOOL KARIKILI EAST FACING EAST SIDE ROOM 1,"1.Karikili (P) And (R.V), Ward 1 Bajanai Koil Street
2.Karikili (P) And (R.V), Ward 2 Palla Street
3.Karikili (P) And (R.V), Ward1 Chithamur 3rd cross Street
4.Karikili (P) And (R.V), Ward 1 Chithamur 4th Street
5.Karikili (P) And (R.V), Ward 1 Chithamur Kulakkarai Street
6.Karikili (P) And (R.V), Ward 3 Chithamur Colony Main Road
7.Karikili (P) And (R.V), Ward 3 Chithamur Colony 3rd cross street
8.Karikili (P) And (R.V), Ward3 Chithamur Mariyamman Koil Street
9.Karikili (P) And (R.V), Ward3 Chithamur Rattina Kinaru Street
10.Karikili (P) And (R.V), Ward 1 Mariyamman Koil Street
11.Karikili (P) And (R.V), Ward1 Krishnapuram Main road
12.Karikili (P) And (R.V), Ward7 Kolathur main road
13.Karikili (P) And (R.V), Ward 6 Kolathur Dengu Street
14.Karikili (P) And (R.V), Ward 6 Kolathur mariyamman Koil St 999.Overseas Electors",All Voters,Tamilaga Vettri Kazhagam,209,189,20,All India Anna Dravida Munnetra Kazhagam,3,2,5,4,1,6,6,3.454231433506045,2
6,6,156,110,3,13,193,2,0,0,0,3,480,0,480,0,6,PUP School Karikili East Facing East side Room No 2,"1.Karikili (P) And (R.V), Ward1 Karikili chithamur cross st
2.Karikili (P) And (R.V), Ward1 Karikili Village Erikkarai St
3.Karikili (P) And (R.V), Ward1 Karikili pillaiyar koil street
4.Karikili (P) And (R.V), Ward 1 Utr to MKM Road
5.Karikili (P) And (R.V), Ward1 Karikili Anna Nagar
6.Karikili (P) And (R.V), Ward 4 Malai colony Road
7.Karikili (P) And (R.V), Ward4 Malai Colony Mariyamman Koil Street
8.Karikili (P) And (R.V), Ward4 Malai Colony North Cross Street
9.Karikili (P) And (R.V), Ward4 Malai colony South Cross Street
10.Karikili (P) And (R.V), Ward4 Malai Colony East Cross Street 999.Overseas Electors",All Voters,Tamilaga Vettri Kazhagam,193,156,37,Dravida Munnetra Kazhagam,2,3,5,4,1,6,7,7.708333333333334,0
7,7,295,197,2,32,354,1,0,0,0,3,884,0,884,0,7,"Panchayat Union middle School, Puzhuthivakkam North Facing West Side","1.Puzhuthivakkam (P) And (R.V), Ward 3 1st st mariamman koil st
2.Puzhuthivakkam (P) And (R.V), Ward 3 Dharmaraja Koil 2nd St
3.Puzhuthivakkam (P) And (R.V), Ward 3 Mettu St 3rd St
4.Puzhuthivakkam (P) And (R.V), Ward 4 Bharathi Nagar 4th koot Road
5.Puzhuthivakkam (P) And (R.V), Ward 4 Thiyagi Rettamalai Srinivasan St
6.Puzhuthivakkam (P) And (R.V), Ward 4 Thiyagi Kuili St
7.Puzhuthivakkam (P) And (R.V), Ward 4 Thiyagi Sundaralingam
8.Puzhuthivakkam (P) And (R.V), Ward 4 Indra Nagar 1st St 999.Overseas Electors",All Voters,Tamilaga Vettri Kazhagam,354,295,59,Dravida Munnetra Kazhagam,2,3,5,4,1,6,7,6.67420814479638,0
8,8,179,283,3,18,181,0,1,1,3,7,676,0,676,0,8,"Panchayat Union Primary School, Nelli, East Facing North sideRoom No 1","1.Nelli (P) And (R.V), Ward 1 kammavar st
2.Nelli (P) And (R.V), Ward 1 Mariamman Koil St
3.Nelli (P) And (R.V), Ward 2 Mettu St
4.Nelli (P) And (R.V), Ward 2 rice mill main road
5.Nelli (P) And (R.V), Ward 2 Bajanai Koil St 999.Overseas Electors",All Voters,All India Anna Dravida Munnetra Kazhagam,283,181,102,Tamilaga Vettri Kazhagam,3,1,5,4,2,7,6,15.0887573964497,4
9,9,99,212,1,20,83,0,0,0,0,0,415,0,415,0,9,"Panchayat Union Primary School, Nelli, East Facing North SideRoom No 2","1.Nelli (P) And (R.V), Ward 3 ambedhkar st
2.Nelli (P) And (R.V), Ward 2 1st
3.Nelli (P) And (R.V), Ward 2 Ganesan Shop St
4.Nelli (P) And (R.V), Ward 2 Kunnankolathur Mettu St
5.Nelli (P) And (R.V), Ward 2 Pallikuda St 999.Overseas Electors",All Voters,All India Anna Dravida Munnetra Kazhagam,212,99,113,Dravida Munnetra Kazhagam,2,1,5,4,3,6,6,27.2289156626506,0
10,10,250,323,1,37,374,1,2,1,0,5,994,0,994,0,10,"Panchayat Union Primary School, South Facing Building Palliyagaram","1.Karunagaracherry (P) And (R.V), Ward 1 madhakoil st
2.Karunagaracherry (P) And (R.V), Ward 1 Mettu St
3.Karunagaracherry (P) And (R.V), Ward 1 Pillaiyar Koil St
4.Karunagaracherry (P) And (R.V), Ward 1 Eswaran Koil St
5.Karunagaracherry (P) And (R.V), Ward 1 Perumal Koil St
6.Karunagaracherry (P) And (R.V), Ward 2 Thennanthoppu
7.Karunagaracherry (P) And (R.V), Ward 2 Ramar Koil St
8.Karunagaracherry (P) And (R.V), Ward 3 Nadu St
9.Karunagaracherry (P) And (R.V), Ward 3 Thulukkanathamman Koil St
10.Karunagaracherry (P) And (R.V), Ward 3 Pa Vadiva St
11.Karunagaracherry (P) And (R.V), Ward 4 Ambedhkar 4th St
12.Karunagaracherry (P) And (R.V), Ward 4 Ambedhkar 3rd St
13.Karunagaracherry (P) And (R.V), Ward 4 Ambedhkar 2nd St
14.Karunagaracherry (P) And (R.V), Ward 4 Ambedhkar 1st St
15.Karunagaracherry (P) And (R.V), Ward 4 Main Road UTR 999.Overseas Electors",All Voters,Tamilaga Vettri Kazhagam,374,323,51,All India Anna Dravida Munnetra Kazhagam,3,2,6,4,1,6,5,5.130784708249498,1
11,11,243,379,2,19,267,0,3,0,0,7,920,0,920,0,11,"Panchayat Union Primary School,Kumaravadi East Facing South Side","1.Kumaravadi (P) And (R.V), Ward 1 ambedhkar st
2.Kumaravadi (P) And (R.V), Ward 1 MGR Nagar
3.Kumaravadi (P) And (R.V), Ward 1 Madha Koil St
4.Kumaravadi (P) And (R.V), Ward 2 Dheedir Nagar
5.Kumaravadi (P) And (R.V), Ward 4 Iyyangar St
6.Kumaravadi (P) And (R.V), Ward 4 Bajanai Koil St
7.Kumaravadi (P) And (R.V), Ward 3 Nadu St
8.Kumaravadi (P) And (R.V), Ward 3 Karunigar St
9.Kumaravadi (P) And (R.V), Ward 3 Mettu St
10.Kumaravadi (P) And (R.V), Ward 2 Pallikuda St
11.Kumaravadi (P) And (R.V), Ward 2 Thoppu St 999.OVERSEAS ELECTORS",All Voters,All India Anna Dravida Munnetra Kazhagam,379,267,112,Tamilaga Vettri Kazhagam,3,1,6,4,2,7,5,12.17391304347826,0
12,12,215,211,2,8,229,0,0,0,1,1,667,0,667,0,12,Panchayat Union Primary School Karunagaracherry East Facing South Side,"1.Karunagaracherry (P) And (R.V), Ward 1 Thulukkanathamman Koil St
2.Karunagaracherry (P) And (R.V), Ward 1 Kulakkarai St
3.Karunagaracherry (P) And (R.V), Ward 2 Palla St
4.Karunagaracherry (P) And (R.V), Ward 2 Ammaniamman Koil St
5.Karunagaracherry (P) And (R.V), Ward 2 Irular Qtrs St
6.Karunagaracherry (P) And (R.V), Ward 2 Perumal Koil St
7.Karunagaracherry (P) AND (R.V), Ward 2 Salavakkam koot Road Main Road 999.Overseas Electors",All Voters,Tamilaga Vettri Kazhagam,229,215,14,Dravida Munnetra Kazhagam,2,3,5,4,1,6,6,2.098950524737631,1
13,13,137,248,5,24,200,4,0,0,1,0,619,0,619,0,13,"Govt. High School, Primary Section building.Bukkathurai East Facing North Side","1.Pukkathurai (p) And (R.V), Ward 1 Kodithandalam Village 1nd St
2.Pukkathurai (p) And (R.V), Ward 1 Kodithandalam Village 2nd St
3.Pukkathurai (P) And (R.V), Ward 1 kodithandalam village 3rd st
4.Pukkathurai (P) And (R.V), Ward 1 Kodithandalam Village 4th St
5.Pukkathurai (P) And (R.V), Ward 1 Kodithandalam Village 5th St
6.Pukkathurai (P) And (R.V), Ward 1 Kodithandalam Colony 1st St
7.Pukkathurai (P) And (R.V), Ward 1 Kodithandalam Colony 2nd St
8.Pukkathurai (P) And (R.V), Ward 1 Kodithandalam Colony 3rd St
9.Pukkathurai (P) And (R.V), Ward 1 Kodithandalam Colony 4th St
10.Pukkathurai (P) And (R.V), Ward 1 Kodithandalam Colony MGR St
11.Pukkathurai (P) And (R.V), Ward 1 natarajapuram 1st st
12.Pukkathurai (P) And (R.V), Ward 1 Natarajapuram Pillaiyar Koil St 999.Overseas Electors",All Voters,All India Anna Dravida Munnetra Kazhagam,248,200,48,Tamilaga Vettri Kazhagam,3,1,5,4,2,6,7,7.754442649434572,1
14,14,190,148,1,14,209,0,0,0,1,3,566,0,566,0,14,"Govt. High School, Primary Section building Pukkadurai South Facing North Side","1.Pukkathurai (P) And (R.V), Ward 1 Natarajapuram Highway St
2.Pukkathurai (P) And (R.V), Ward 1 Natarajapuram 3rd St
3.Pukkathurai (P) And (R.V), Ward 1 Natarajapuram Colony St
4.Pukkathurai (P) And (R.V), Ward 1 Samathuvapuram 1st St
5.Pukkathurai (P) And (R.V), Ward 1 Samathuvapuram 2nd St
6.Pukkathurai (P) And (R.V), Ward 1 Samathuvapuram 3rd St
7.Pukkathurai (P) And (R.V), Ward 1 Samathuvapuram 4th St
8.Pukkathurai (P) And (R.V), Ward 1 Samathuvapuram 5th St
9.Pukkathurai (P) And (R.V), Ward 2 Samathuvapuram Thapalmedu 999.Overseas Electors",All Voters,Tamilaga Vettri Kazhagam,209,190,19,Dravida Munnetra Kazhagam,2,3,5,4,1,6,6,3.356890459363958,1
15,15,159,229,1,18,182,0,0,0,2,5,596,0,596,0,15,"Govt. High School, Primary Section building Pukkadurai East Facing","1.Pukkathurai (P) And (R.V), Ward 2 pukkathurai 1st st
2.Pukkathurai (P) And(R.V), Ward 1 Pukkathurai 2nd St
3.Pukkathurai (P) And (R.V), Ward 2 pukkathurai 3rd st
4.Pukkathurai (P) And (R.V), Ward 2 Pukkathurai Reddiyar St
5.Pukkathurai (P) And (R.V), Ward 2 Pukkathurai Old Colony
6.Pukkathurai (P) And (R.V), Ward 2 pukkathurai 2nd st
7.Pukkathurai (P) And (R.V), Ward 2 Pukkathurai old Colony
8.Pukkathurai (P) And (R.V), Ward 2 Pukkathurai old Colony Koil St 999.Overseas Electors",All Voters,All India Anna Dravida Munnetra Kazhagam,229,182,47,Tamilaga Vettri Kazhagam,3,1,5,4,2,6,6,7.885906040268456,2
16,16,183,145,0,15,192,0,1,1,2,2,541,0,541,0,16,"Govt. High School, Primary Section building Pukkadurai South Facing","1.Pukkathurai (P) And (R.V), Ward 3 Pukkathurai Colony Qtrs
2.Pukkathurai (P) And (R.V), Ward 3 Pukkathurai Colony Qtrs
3.Pukkathurai (P) And (R.V), Ward 3 Pukkathurai Colony Qtrs
4.Pukkathurai (P) And (R.V), Ward 2 Pukkathurai Old Colony 2nd St
5.Pukkathurai (P) And (R.V), Ward 3 Pukkathurai Colony Qtrs 3rd
6.Pukkathurai (P) And (R.V), Ward 3 pukkathurai 5th st
7.Pukkathurai (P) And (R.V), Ward 3 Pukkathurai Qtrs New Colony 999.Overseas Electors",All Voters,Tamilaga Vettri Kazhagam,192,183,9,Dravida Munnetra Kazhagam,2,3,6,4,1,6,5,1.66358595194085,3
17,17,158,177,1,23,187,0,1,1,2,4,554,0,554,0,17,"Panchayat Union Middle School, Mamandur Vadapathi North Facing","1.Mamandoor (P) And Mamandoor (R.V), Ward 1 vadapathi anna nagar
2.Mamandoor (P) And Mamandoor (R.V), Ward 1 Pettai St
3.Mamandur (P) Mamandur (R.V), Ward 1 Mettu St
4.Mamandur (P) Mamandur (R.V), Ward 1 mudhaliyar st
5.Mamandur (P) Mamandur (R.V), Ward 1 Sannathi St 999.Overseas Electors",All Voters,Tamilaga Vettri Kazhagam,187,177,10,All India Anna Dravida Munnetra Kazhagam,3,2,5,4,1,7,5,1.805054151624549,3
18,18,222,197,3,23,214,1,1,0,2,1,664,0,664,0,18,"Panchayat Union Middle School, Mamandur Vadapathi North Facing","1.Mamandur (P) Mamandur (R.V), Ward 1 Irular Part
2.Mamandur (P) And Mamandur (R.V), Ward 2 vadapathi old colony 999.Overseas Electors",All Voters,Dravida Munnetra Kazhagam,222,214,8,Tamilaga Vettri Kazhagam,1,3,5,4,2,6,6,1.204819277108434,2
19,19,233,139,1,13,223,0,1,0,3,2,615,0,615,0,19,"Panchayat Union Middle School, Mamandur Vadapathi North Facing","1.Mamandur (P) And Mamandur (R.V), Ward 1 Vadapathi New Colony
2.Mamandur (P) And Mamandur (R.V), Ward 1 Chembar Part
3.Mamandur (P) And Mamandur (R.V), Ward 1 checkpost
4.Mamandur (P) And Mamandur (R.V), Ward 1 Atrankarai 999.Overseas Electors",All Voters,Dravida Munnetra Kazhagam,233,223,10,Tamilaga Vettri Kazhagam,1,3,5,4,2,7,5,1.626016260162602,3
20,20,252,244,1,45,378,0,0,1,0,2,923,0,923,0,20,"Panchayat Union Middle School, Mamandur Thenpathi North Facing","1.Mamandur (P) And Mamandur (R.V), Ward 3 muthumariyamman koil st
2.Mamandur (P) And Mamandur(R.V), Ward 3 kamarajar colony
3.Mamandur (P) And Mamandur (R.V), Ward 3 Gangaiamman Koil St 999.Overseas Electors",All Voters,Tamilaga Vettri Kazhagam,378,252,126,Dravida Munnetra Kazhagam,2,3,5,4,1,6,6,13.65113759479957,1
21,21,293,288,2,23,345,3,0,1,0,2,957,0,957,0,21,"Panchayat Union Middle School, Mamandur Thenpathi North Facing","1.Mamandur (P) And Mamandur (R.V), Ward 3 Library St
2.Mamandur (P) And Mamandur (R.V), Ward 3 Mudhaliyar St
3.Mamandur (P) And Mamandur (R.V), Ward 3 Eswaran Koil St
4.Mamandur (P) And Mamandur (R.V), Ward 3 Irular St
5.Mamandur (P) And Mamandur (R.V), Ward 3 Kammala St
6.Mamandur (P) And Mamandur (R.V), Ward 4 mamandoor old colony
7.Mamandur (P) And (R.V), Ward 3 GST Road
8.Mamandur (P) And Mamandur(R.V), Ward 3 GST Road 999.Overseas Electors",All Voters,Tamilaga Vettri Kazhagam,345,293,52,Dravida Munnetra Kazhagam,2,3,6,4,1,5,7,5.433646812957157,1
22,22,114,291,3,15,195,0,0,0,0,2,620,0,620,0,22,"Panchayat Union Primary School, Meyyur East Facing","1.Maiyur(P)AndMaiyur(R.V), Ward 3 kammalar st
2.Maiyur(P)And Maiyur(R.V), Ward 3 Pappara st
3.Maiyur(P)AndMaiyur(R.V), Ward 3 Brammanar st
4.Maiyur(P) And Maiyur(R.V), Ward 3 Vellalar st
5.Maiyur(P) And Maiyur(R.V), Ward 3,4 Mariamman koil st
6.Maiyur(P)And Maiyur(R.V), Wad 4 Vaniar st 999.Overseas Electors",All Voters,All India Anna Dravida Munnetra Kazhagam,291,195,96,Tamilaga Vettri Kazhagam,3,1,5,4,2,6,6,15.48387096774194,0
23,23,153,221,1,16,279,0,0,0,2,2,674,0,674,0,23,"Panchayat Union Primary School, Meyyur East Facing","1.Maiyur(P) And Maiyur(R.V), Ward 3,4 Tharmaraja koil st
2.Maiyur (P) And Maiyur(R.V), Ward 3,4 Kozhikal st
3.Maiyur(P) And Maiyur(R.V), Ward 4 Pallikooda st
4.Maiyur(P)And Maiyur(R.V), Ward 4 Erular Colony
5.Maiyur(P)And Maiyur(R.V), Ward 4 Indira nagar main st
6.Maiyur(P)And Maiyur(R.V), Ward 4 Indira nagar cross st 999.Overseas Electors",All Voters,Tamilaga Vettri Kazhagam,279,221,58,All India Anna Dravida Munnetra Kazhagam,3,2,5,4,1,6,6,8.605341246290802,2
24,24,308,351,5,20,320,0,1,0,1,2,1008,0,1008,0,24,"Panchayat Union Primary School,Ambedkar Nagar, Meyyur South Facing","1.Maiyur(P) And Maiyur(R.V), Ward 1 ambedkar nagar periya colony
2.Maiyur(P)AndMaiyur(R.V), Ward 1 Ambedkar nagar Thoguppu veethy
3.Maiyur(P)And Maiyur(R.V), Ward 1,2 anna nagar main road
4.Maiyur (P) And Maiyur (R.V), Ward 2 Maiyur Mettu st 999.Overseas Electors",All Voters,All India Anna Dravida Munnetra Kazhagam,351,320,31,Tamilaga Vettri Kazhagam,3,1,5,4,2,7,6,3.075396825396825,1
25,25,256,201,1,27,267,0,1,0,3,1,757,0,757,0,25,"Govt. High School, Sithandi South Facing","1.Chethandi(P)And Chethandi(R.V), Ward 1 bharathiyar st
2.Chethandi(P) And Chethandi(R.V), Ward 1Annai Indiragandhi st
3.Chethandi (P) And Chethandi(R.V), Ward 1 Thiruvalluvar st
4.Chethandi(P) And Chethandi(R.V), Ward 1 Rajiv Gandhi st
5.Chethandi(P) And Chethandi(R.V), Ward 1 Doctor Ambedkar st
6.Chethandi(P)And Chethandi(R.V), Ward 1 V.O.Chidabaranar st
7.Chithandi(P)And Chithandi(R.V), Ward 1 Nehru st
8.Chithandi(P) And Chithandi(R.V), Ward 2 Kattabomman st
9.Chithandi (p) And Chithandi(R V), Ward 1 Nethaji st 999.Overseas Electors",All Voters,Tamilaga Vettri Kazhagam,267,256,11,Dravida Munnetra Kazhagam,2,3,5,4,1,7,5,1.453104359313078,3
26,26,280,189,3,19,211,3,1,0,2,2,710,0,710,0,26,"Govt. High School, Sithandi South Facing West Side","1.Chithandi ,Athiyur(P)And Chithandi,Athiyur(R.V), Wad 2 Kakkan st
2.Chithandi Athiyur(P) And Chithandi Athiyur(R.V), Ward 2 Bharathidasan st
3.Chithandi Athiyur(P)And Chithandi Athiyur(R.V), Ward 2 Kamarajar st
4.Chithandi Athiyur(P)And Chithandi Athiyur(R.V), Ward 2 Subramania siva st
5.Chithandi, Athiyur(P)AndChithandi, Athiyur(R.V), Ward 2 Theeran Chinnamalai st
6.Chithandi, Athiyur(p)And Chithandi, Athiyur(R.V), Ward 2 Annai Therasa s
7.Chithandi, Athiyur(P)Chithandi, Athiyur(R.V), Ward 2 Kodikathakumarn st
8.Chithandi, Athiyur(P) And Chithandi, Athiyur(R.V), Ward 2 Vallabai Patel st
9.Chithandi, Athiyur(P) And Chithandi, Athiyur(RV), Ward 2 Magadma Gandhi st
10.Chithandi, Sampathi nallur(P) And Chithandi, Sampathi nallur(RV), Ward 3 Anna st
11.Chithandi, Sampathi nallur(P) And Chithandi, Sampathi nallur(RV), Ward MGR st
12.Chithandi(P) And Chithandi(RV), Ward 1 Vanjinathan st
999.Overseas Electors",All Voters,Dravida Munnetra Kazhagam,280,211,69,Tamilaga Vettri Kazhagam,1,3,5,4,2,5,7,9.71830985915493,2
27,27,271,403,5,45,255,0,1,0,2,8,990,0,990,0,27,Panchayat Union Primary School Pillapur South Facing East Side,"1.Pillapur(P)And Pilllapur(R.V), Ward 1 magadma gandhi st
2.Pillapur(P)And Pillapur(R.V), Ward 1 Thiruvalluvar veethy
3.Pillapur(P)And Pillapur(R.V), Ward 1 Indira Gandhi st
4.Pillapur(P)And Pillapur(R.V), Ward 1 elangovadikal st
5.Pillapur(P)And Pillapur(R.V), Ward 2 Bharathiyar st
6.Pillapur(P)And Pillapur(R.V), Ward 1 Nethajai st
7.Pillapur(P)And Pillapur(R.V), Ward 1 Bharathidasan st
8.Pillapur(P)And Pillapur(R.V), Ward 2,3 Kamarajar st
9.Pillapur(P)And Pillapur(R.V), Ward 2 Kannadasan st
10.Pillapur(P)And Pillapur(R.V), Ward 2 Arinjar Anna st
11.Pillapur(P)And Pillapur(R.V), Ward 3 Jawaharlal st
12.Pillapur(P)And Pillapur(R.V), Ward 3 V.O.Chidabaranar st
13.Pillapur(P)And Pillapur(R.V), Ward 3 Thilakar st
14.Pillapur(P)And Pillapur(R.V), Ward 3 Doctor Ambedkar st
15.Pillapur(P)And Pillapur(R.V), Ward 3 Kambar st 999.Overseas Electors",All Voters,All India Anna Dravida Munnetra Kazhagam,403,271,132,Dravida Munnetra Kazhagam,2,1,5,4,3,7,6,13.33333333333333,2
28,28,392,260,1,54,319,1,0,0,3,1,1031,0,1031,0,28,Panchayat Union Middle School Pazhamathur West Facing North Side,"1.Pazhamathur (P) And (R.V), Ward 1 kamarajar st
2.Pazhamathur (P) And (R.V), Ward 2 Perarinjar Anna St
3.Pazhamathur (P) And (R.V), Ward 2 Dr Ambedhkar St
4.Pazhamathur (P) And (R.V), Ward 2 Kakkan St
5.Pazhamathur (P) And (R.V), Ward 2 sridevi thulukanathamman koil st
6.Pazhamathur (P) And (R.V), Ward 2 Bharathidasan St
7.Pazhamathur (P) And (R.V), Ward 2 evr periar st
8.Pazhamathur (P) And (R.V), Ward 2 thiru kannadasan st
9.Pazhamathur (P) And (R.V), Ward 2 Thiruvalluvar St
10.Pazhamathur (P) And (R.V), Ward 2 Thilagar
11.Pazhamathur (P) And (R.V), Ward 2 ovvaiar st
12.Pazhamathur (P) And (R.V), Ward 2 sri durgaiamman koil st 999.Overseas Electors",All Voters,Dravida Munnetra Kazhagam,392,319,73,Tamilaga Vettri Kazhagam,1,3,5,4,2,5,7,7.080504364694471,3
29,29,184,267,0,17,171,1,0,1,0,3,644,0,644,0,29,"Panchayat Union Middle School, Pazhamathur, South Facing East Side","1.Pazhamathur (P) And (R.V), Ward 2 Vivekanadar St
2.Pazhamathur (P) And (R.V), Ward 1 Rajiv Gandhi St
3.Pazhamathur (P) And (R.V), Ward 1 Nehru St
4.Pazhamathur (P) And (R.V), Ward 3 Annai Therasa St
5.Pazhamathur (P) And (R.V), Ward 2 VOC St
6.Pazhamathur (P) And (R.V), Ward 1 Elangovadigal St
7.Pazhamathur (P) And (R.V), Ward 1 Rajaji St
8.Pazhamathur (P) And (R.V), Ward 1 Nethaji St
9.Pazhamathur (P) And (R.V), Ward 1 Pillaiyar Koil St
10.Pazhamathur (P) And (R.V), Ward 1 Sri Mariamman Koil St
11.Pazhamathur (P) And (R.V), Ward 1 Bharathiyar St
12.Pazhamathur (P) And (R.V), Ward 3 Kambar St
13.Pazhamathur (P) And (R.V), Ward 3 Gandhi St 999.Overseas Electors",All Voters,All India Anna Dravida Munnetra Kazhagam,267,184,83,Dravida Munnetra Kazhagam,2,1,6,4,3,5,6,12.88819875776398,1
30,30,235,185,1,48,254,4,2,1,1,2,733,0,733,0,30,Panchayat Union Middle School Pazhiyanur West Facing North Side,"1.Pazhiyanur (P) And (R.V), Ward pakavan koil street
2.Pazhiyanur (P) And (R.V), Ward 2 Vampathamman Koil Street 999.Overseas Electors",All Voters,Tamilaga Vettri Kazhagam,254,235,19,Dravida Munnetra Kazhagam,2,3,7,4,1,5,6,2.592087312414734,2
31,31,90,224,0,13,196,3,0,0,0,0,526,0,526,0,31,Panchayat Union Middle School Pazhiyanur West Facing North Side Room 4,"1.Pazhiyanur (P) And (R.V), Ward 2 Palla St
2.Pazhiyanur (P) And (R.V), Ward 3 Eswaran Koil St
3.Pazhiyanur (P) And (R.V), Ward 2 Yadhavar St
4.Pazhiyanur (P) And (R.V), Ward 3 Perumal Koil St
5.Pazhiyanur (P) And (R.V), Ward 3 Achari St
6.Pazhiyanur (P) And (R.V), Ward 3 Agraharam St
7.Pazhiyanur (P) And (R.V), Ward 3 Bajanai Koil St
8.Pazhiyanur (P) And (R.V), Ward 3 Muthumariamman Koil St 999.Overseas Electors",All Voters,All India Anna Dravida Munnetra Kazhagam,224,196,28,Tamilaga Vettri Kazhagam,3,1,6,4,2,5,6,5.323193916349809,0
32,32,299,285,1,41,330,9,0,1,3,4,973,0,973,0,32,Panchayat Union Middle School Pazhiyanur West Facing North Side Room 5,"1.Pazhiyanur (P) And (R.V), Ward 1 thulukanathamman koil st
2.Pazhiyanur (P) And (R.V), Ward 3 Agraharam St
3.Pazhiyanur (P) And (R.V), Ward 3 Cheyyur Salai
4.Pazhiyanur (P) And (R.V), Ward 2 Yadhavar St
5.Pazhiyanur (P) And (R.V), Ward 3 mudhaliyar st 999.Overseas Electors",All Voters,Tamilaga Vettri Kazhagam,330,299,31,Dravida Munnetra Kazhagam,2,3,6,4,1,5,7,3.186022610483042,4
33,33,257,310,5,24,473,2,0,1,6,3,1081,0,1081,0,33,"Panchayat Union Middle School, Vaiyavoor North facing Building (East side)","1.Vaiyavoor (P) And (R.V), Ward 1 colony 1st st
2.Vaiyavoor (P) And (R.V), Ward 1 Colony 2nd St
3.Vaiyavoor (P) And (R.V), Ward 1 Colony 3rd St
4.Vaiyavoor (P) And (R.V), Ward 1 Colony 4th St
5.Vaiyavoor (P) And (R.V), Ward 1 Colony Cross St
6.Vaiyavoor (P) And (R.V), Ward 1 Padavattamman Koil St
7.Vaiyavoor (P) And (R.V), Ward 1 vedanthangal road
8.Vaiyavoor (P) And (R.V), Ward 1 Mudhaliyar St
9.Vaiyavoor (P) And (R.V), Ward 1 New Colony Road 999.Overseas Electors",All Voters,Tamilaga Vettri Kazhagam,473,310,163,All India Anna Dravida Munnetra Kazhagam,3,2,5,4,1,6,7,15.0786308973173,7
34,34,146,266,1,23,337,3,0,0,1,7,784,0,784,0,34,"Panchayat Union Middle School, Vaiyavoor South facing East side","1.Vaiyavoor (P) And (R.V), Ward 3 vedanthangal road
2.Vaiyavoor (P) And (R.V), Ward 3 Pettai Colony 1st St
3.Vaiyavoor (P) And (R.V), Ward 3 Pettai Colony 2nd St
4.Vaiyavoor (P) And (R.V), Ward 3 Moosivakkam Village salai
5.Vaiyavoor (P) And (R.V), Ward 3 Old Colony 1st St
6.Vaiyavoor (P) And (R.V), Ward 3 Padavattamman Koil St
7.Vaiyavoor (P) And (R.V), Ward 3 Old Colony Cross St
8.Vaiyavoor (P) And (R.V), Ward 1 Pandithar St
9.Vaiyavoor (P) And (R.V), Ward 1 Braminar St
10.Vaiyavoor (P) And (R.V), Ward 1 Old Colony East St
11.Vaiyavoor (P) And (R.V), Ward 1 Old Colony North St
12.Vaiyavoor (P) And (R.V), Ward 1 New Colony East St
13.Vaiyavoor (P) And (R.V), Ward 1 New Colony North St
14.Vaiyavoor (P) And (R.V), Ward 1 Kulakkarai St 999.Overseas Electors",All Voters,Tamilaga Vettri Kazhagam,337,266,71,All India Anna Dravida Munnetra Kazhagam,3,2,6,4,1,5,7,9.056122448979592,1
35,35,107,242,1,12,317,2,1,2,2,3,689,0,689,0,35,"Panchayat Union Middle School, Vaiyavoor North facing West side","1.Vaiyavoor (P) And (R.V), Ward 2 1st St
2.Vaiyavoor (P) And (R.V), Ward 2 2nd St
3.Vaiyavoor (P) And (R.V), Ward 2 3rd St
4.Vaiyavoor (P) And (R.V), Ward 2 Peria Palayathamman St
5.Vaiyavoor (P) And (R.V), Ward 2 Mudhaliyar St
6.Vaiyavoor (P) And (R.V), Ward 2 Mambattu Patvari Nagar
7.Vaiyavoor (P) And (R.V), Ward 1 Padalam Nedunchalai 999.Overseas Electors",All Voters,Tamilaga Vettri Kazhagam,317,242,75,All India Anna Dravida Munnetra Kazhagam,3,2,6,4,1,5,6,10.88534107402032,4
36,36,246,406,2,21,324,2,0,1,3,2,1007,0,1007,0,36,Panchayat union primary school Soorai north facing building,"1.Soorai (P) And (R.V), Ward 1 1st st
2.Soorai (P) And (R.V), Ward 1 Ammaniamman Koil St
3.Soorai (P) And (R.V), Ward 1 Pillaiyar Koil St
4.Soorai (P) And (R.V), Ward 1 Gangaiamman Koil St
5.Soorai (P) And (R.V), Ward 1 4th St
6.Soorai (P) And (R.V), Ward 1 1st St Ambedhkar St
7.Soorai (P) And (R.V), Ward 1 2nd St Pachiamman Koil St
8.Sithamangalam (P) And (R.V), Ward 2 Bajanai Koil St
9.Sithamangalam(P) And (R.V), Ward 2 Sri Udhaya Vinayagar Koil St
10.Sithamangalam(P) And (R.V), Ward 2 Gangaiamman Koil St
11.Sithamangalam(P) And (R.V), Ward 2 1st St
12.Sithamangalam(P) And (R.V), Ward 2 2nd St 999.Overseas Electors",All Voters,All India Anna Dravida Munnetra Kazhagam,406,324,82,Tamilaga Vettri Kazhagam,3,1,5,4,2,5,7,8.14299900695134,4
37,37,175,435,5,19,272,2,1,0,3,4,916,0,916,0,37,Panchayat Union Middle School Vedavakkam South facing East side,"1.Andavakkam (P) And (R.V), Ward 3 Mettu St
2.Andavakkam (P) And (R.V), Ward 3 Ganapathi St
3.Andavakkam (P) And (R.V), Ward 3 Mariyamman Koil St
4.Andavakkam (P) And (R.V), Ward 3 Pallar St
5.Andavakkam (P) And (R.V), Ward 3 Colony Mariyamman Koil St
6.Andavakkam (P) And (R.V), Ward 3 MGR Nagar
7.Andavakkam (P) And (R.V), Ward 2 Vellaikalmedu Pillaiyar Koil St
8.Andavakkam (P) And (R.V), Ward 2 West St
9.Andavakkam (P) And (R.V), Ward 2 Uthiramerur Highway
10.Andavakkam (P) And (R.V), Ward 2 Vetavakkam New Road
11.Andavakkam (P) And (R.V), Ward 2 Thanthoniyamman Koil St
12.Andavakkam (P) And (R.V), Ward 2 Palla St
13.Andavakkam (P) And (R.V), Ward Basumpoor road Bountary
14.Andavakkam (P) And (R.V), Ward 2 Mettu St
15.Andavakkam (P) And (R.V), Ward 3 Samanthira St 999.Overseas Electors",All Voters,All India Anna Dravida Munnetra Kazhagam,435,272,163,Tamilaga Vettri Kazhagam,3,1,5,4,2,6,7,17.79475982532751,3
38,38,308,279,0,18,252,1,0,0,2,6,866,0,866,0,38,Panchayat Union Middle School Vedavakkam West facing North side,"1.Andavakkam (P) And (R.V), Ward 3 Colony Mariyamman St
2.Andavakkam (P) And (R.V), Ward 3 Colony Mariyamman 2nd St
3.Andavakkam (P) And (R.V), Ward 3 Colony Kizhandai St
4.Andavakkam (P) And (R.V), Ward 3 Colony 1st Cross St
5.Andavakkam (P) And (R.V), Ward 3 Colony 2nd Cross St
6.Andavakkam (P) And (R.V), Ward 1 AntavakkamVillage 1st St
7.Andavakkam (P) And (R.V), Ward 1 Pillaiyar Koil St
8.Andavakkam (P) And (R.V), Ward 1 Pillaiyar Koil 2nd St
9.Andavakkam (P) And (R.V), Ward 1 Erikkarai St
10.Andavakkam (P) And (R.V), Ward 1 Mettu St
11.Andavakkam (P) And (R.V), Ward 1 Thiruvalluvar Nagar
12.Andavakkam (P) And (R.V), Ward 1 Mettu St
13.Andavakkam (P) And (R.V), Ward 2 Colony 1st
14.Andavakkam (P) And (R.V), Ward 2 Udukkattu Ellaiyamman Koil St
15.Andavakkam (P) And (R.V), Ward 2 Colony Mettu St
16.Andavakkam (P) And (R.V), Ward 2 Colony Kilantai St 999.Overseas Electors",All Voters,Dravida Munnetra Kazhagam,308,279,29,All India Anna Dravida Munnetra Kazhagam,1,2,6,4,3,5,6,3.348729792147806,2
39,39,305,228,1,19,380,0,0,2,2,4,941,0,941,0,39,"GOVT.HIGHER SEC. SCHOOL
VEDANTHANGAL South facing building","1.Vedanthangal (P) And (R.V), Ward 1 Vadathangal park Main Road
2.Vedanthangal (P) And (R.V), Ward1 Thiruvalluvar nagar 1st street
3.Vedanthangal (P) And (R.V), Ward1 Thiruvalluvar nagar 2nd street
4.Vedanthangal (P) And (R.V), Ward 1 Thiruvalluvar nagar 1st street
5.Vedanthangal (P) And (R.V), Ward1 Thiruvalluvar nagar 2nd street
6.Vedanthangal (P) And (R.V), Ward1 Meddu street main road
7.Vedanthangal (P) And (R.V), Ward1 Muthammal koil street
8.Vedanthangal (P) And (R.V), Ward 1 Erikarai salai
9.Vedanthangal (P) And (R.V), WARD 1 RATINAKINARU ST, PILLAIYARKOIL ST
10.Vedanthangal (P) And (R.V), Ward1 Bajanai Koil St
11.Vedanthangal (P) And (R.V), Ward 1 Ellaiyamman Koil St
12.Vedanthangal (P) And (R.V), Ward1 Tamil nadu Hotel St
13.Vedanthangal (P) And (R.V), Ward 1 Padavattamman Koil Street
14.Vedanthangal (P) And (R.V), Ward 1 Padavattamman Kulakkarai St
15.Vedanthangal (P) And (R.V), Ward 1 Nagathamman Koil Street
16.Vedanthangal (P) And (R.V), Ward 1 Paramasivam Veedu St
17.Vedanthangal (P) And (R.V), Ward 1 Gengaiyamman Koil Street
18.Vedanthangal (P) And (R.V), Ward1 Kadaisi Kulakkarai St
19.Vedanthangal (P) And (R.V), Ward 1 Govinda sami St
20.Vedanthangal (P) And (R.V), Ward1 Rattina kinaru St 999.Overseas Electors",All Voters,Tamilaga Vettri Kazhagam,380,305,75,Dravida Munnetra Kazhagam,2,3,5,4,1,6,6,7.970244420828905,4
40,40,347,220,2,25,258,0,3,2,0,7,864,0,864,0,40,GOVT.HIGHER SEC. SCHOOL VEDANTHANGAL ROOM OFFICE WEST FACING SOUTH SIDE,"1.Vedanthangal (P) And (R.V), Ward1 Vedanthangal Chithiraikoodam
2.Vedanthangal (P) And (R.V), Ward 1 Mariyamman Koil St
3.Vedanthangal (P) And (R.V), Ward1 Mari St
4.Vedanthangal (P) And (R.V), Ward 1 Tholaikkatchi St
5.Vedanthangal (P) And (R.V), Ward 1 Kulakkarai St
6.Vedanthangal (P) And (R.V), Ward 1 Muthallamman Koil St
7.Vedanthangal (P) And (R.V), Ward 1 Main Road Renukapuram
8.Vedanthangal (P) And (R.V), Ward 1 SHT Thotti St
9.Vedanthangal (P) And (R.V), Ward 1 Renukapuram 1 st cross St
10.Vedanthangal (P) And (R.V), Ward 1 Valayaputhur koot road
11.Vedanthangal (P) And (R.V), Ward 1 Pillaiyar Koil St
12.Vedanthangal (P) And (R.V), Ward 1 Valaiyaputhur Main road
13.Vedanthangal (P) And (R.V), Ward 1 Annammal Nagar 1st St
14.Vedanthangal (P) And (R.V), Ward 1 Annammal Nagar 2nd Cross St
15.Vedanthangal (P) And (R.V), Ward 1 Annammal Nagar 3rd Cross St
16.Vedanthangal (P) And (R.V), Ward 1 Annammal Nagar 4th Cross St
17.Vedanthangal (P) And (R.V), Ward 1 Annammal Nagar 5th Cross St
18.Vedanthangal (P) And (R.V), Ward1 Ambedkar St
19.Vedanthangal (P) And (R.V), Ward 1 Thanthoniamman Koil St
20.Vedanthangal (P) And (R.V), Ward 1 Vettaikkara St
21.Vedanthangal (P) And (R.V), Ward 1 Iyyar St
22.Vedanthangal (P) And (R.V), Ward 1 Pillaiyar Koil St
23.Vedanthangal (P) And (R.V), Ward 1 Muthumariyamman Koil St
24.Vedanthangal (P) And (R.V), Ward 1 Valaiyathur 1st cross St
25.Vedanthangal (P) And (R.V), Ward 1 Valaiyathur 2nd cross St
26.Vedanthangal (P) And (R.V), Ward 1 village main road
27.Vedanthangal (P) And (R.V), Ward 1 Pillaiyar Koil St 2 st
28.Vedanthangal (P) And (R.V), Ward 1 Pillaiyar Koil 1st Cross St
29.Vedanthangal (P) And (R.V), Ward 1 Rattina Kinaru 1st St
30.Vedanthangal (P) And (R.V), Ward 1 Pillaiyar Koil 2nd st 999.Overseas Electors",All Voters,Dravida Munnetra Kazhagam,347,258,89,Tamilaga Vettri Kazhagam,1,3,6,4,2,7,5,10.30092592592593,2
41,41,179,161,1,15,195,0,1,0,2,0,554,0,554,0,41,GOVT.HIGHER SEC. SCHOOL VEDANTHANGAL ROOM OFFICE WEST FACING NORTH SIDE,"1.Vedanthangal (P) And (R.V), Ward 1 Manickam St
2.Vedanthangal (P) And (R.V), Ward 1 Bajanai Koil St
3.Vedanthangal (P) And (R.V), Ward 1 Loganathan St
4.Vedanthangal (P) And (R.V), Ward 1 Chithathur main road
5.Vedanthangal (P) And (R.V), Ward 1 Pillaiyar Koil St
6.Vedanthangal (P) And (R.V), Ward 1 Pasuvan Naidu St
7.Vedanthangal (P) And (R.V), Ward 1 Gengaiamman Koil St
8.Vedanthangal (P) And (R.V), Ward 1 Chithathur Colony 1st Cross St
9.Vedanthangal (P) And (R.V), Ward 1 Chithathur Colony 2nd Cross St
10.Vedanthangal (P) And (R.V), Ward 2 Chithathur main 1st st
11.Vedanthangal (P) And (R.V), Ward 2 Thulukkanathamman Koil St
12.Vedanthangal (P) And (R.V), Ward 2 Chithathur 2nd main road
13.Vedanthangal (P) And (R.V), Ward 2 Chithathur main road
14.Vedanthangal (P) And (R.V), Ward 2 Thuraiyur Main road
15.Vedanthangal (P) And (R.V), Ward 2 Thuraiyur main road
16.Vedanthangal (P) And (R.V), Ward 2 Thuraiyur Colony Main road
17.Vedanthangal (P) And (R.V), Ward 3 Thuraiyur 1st Cross St
18.Vedanthangal (P) And (R.V), Ward 3 Thuraiyur Colony 2nd cross st 999.Overseas Electors",All Voters,Tamilaga Vettri Kazhagam,195,179,16,Dravida Munnetra Kazhagam,2,3,5,4,1,7,5,2.888086642599278,2
42,42,241,145,2,9,233,1,0,0,1,0,632,0,632,0,42,GOVT.HIGHER SEC. SCHOOL ROOM OFFICE EAST FACING SOUTH SIDE,"1.Vedanthangal (P) And (R.V), Ward 3 Vinayaga nallur Kulakkarai St
2.Vedanthangal (P) And (R.V), Ward 3 Vinayaganallur Bajanai Koil St
3.Vedanthangal (P) And (R.V), Ward 3 Kakkan Kollai St
4.Vedanthangal (P) And (R.V), Ward 3 Vinayaganallur Road
5.Vedanthangal (P) And (R.V), Ward3 Irular St
6.Vedanthangal (P) And (R.V), Ward 3 Vinayaga nallur Kadaisi St
7.Vedanthangal (P) And (R.V), Ward 3 Vinayaganallur Anna St
8.Vedanthangal (P) And (R.V), Ward 3 Vinayaganallur Ambedkar St
9.Vedanthangal (P) And (R.V), Ward 3 Vinayaganallur Indra gandhiSt
10.Vedanthangal (P) And (R.V), Ward 3 Vinayaganallur Nehru St
11.Vedanthangal (P) And (R.V), Ward 3 Vinayaganallur Gandhi St
12.Vedanthangal (P) And (R.V), Ward 3 Erikkarai St 999.Overseas Electors",All Voters,Dravida Munnetra Kazhagam,241,233,8,Tamilaga Vettri Kazhagam,1,3,5,4,2,6,7,1.265822784810127,1
43,43,327,268,1,35,312,2,0,1,5,7,958,0,958,0,43,Panchayat Union Middle School Vellaputhur North facing East side,"1.Vellaputhur (P) And (R.V), Ward 1 Palakadu
2.Vellaputhur (P) And (R.V), Ward1 Andimedu
3.Vellaputhur (P) And (R.V), Ward1 Mettu Street
4.Vellaputhur (P) And (R.V), Ward1 Chelliamman Koil Street
5.Vellaputhur (P) And (R.V), Ward 1 Kanniyamman Koil Street
6.Vellaputhur (P) And (R.V), Ward 1 Arunthathipalayam
7.Vellaputhur (P) And (R.V), Ward1 Kallankollai
8.Vellaputhur (P) And (R.V), Ward1 Ambedkar Nagar
9.Vellaputhur (P) And (R.V), Ward1 Sungakkollai
10.Vellaputhur (P) And (R.V), Ward2 Pillaiyar Koil Street
11.Vellaputhur (P) And (R.V), Ward2 Throwpathikoil Street
12.Vellaputhur (P) And (R.V), Ward2 Kaliyamman Koil Street
13.Vellaputhur (P) And (R.V), Ward2 Padacettamman Koil St
14.Vellaputhur (P) And (R.V), Ward2 Padavettamman Koil Cross St 999.Overseas Electors",All Voters,Dravida Munnetra Kazhagam,327,312,15,Tamilaga Vettri Kazhagam,1,3,6,4,2,5,7,1.565762004175365,6
44,44,180,425,1,17,225,1,2,1,3,1,856,0,856,0,44,Panchayat Union Primary School Pappanallur North facing West side,"1.Pappanallur (P) And (R.V), Ward 2 valluvan kollai st
2.Pappanallur (P) And (R.V), Ward2 Pallikuda street
3.Pappanallur (P) And (R.V), Ward2 Busstand Street
4.Pappanallur (P) And (R.V), Ward 1, 2 main road
5.Pappanallur (P) And (R.V), Ward 1 Kulakkarai St
6.Pappanallur (P) And (R.V), Ward1 Chelliamman Koil St
7.Pappanallur (P) And (R.V), Ward1 Mettu St
8.Pappanallur (P) And (R.V), Ward1 Sarkkar Well St
9.Pappanallur (P) And (R.V), Ward1 Bajanai Koil St
10.Pappanallur (P) And (R.V), Ward 1 Mariyamman Koil St
11.Pappanallur (P) And (R.V), Ward2 Thirosapuram mada koil street
12.Pappanallur (P) And (R.V), Ward 2 Antonyar nagar new street
13.Pappanallur (P) And (R.V), Ward2 Reddyyar thotam new street
14.Pappanallur (P) And (R.V), Ward 2 Ellaiyamman koil street
15.Pappanallur (P) And (R.V), Ward2 Tangal street 999.Overseas Electors",All Voters,All India Anna Dravida Munnetra Kazhagam,425,225,200,Tamilaga Vettri Kazhagam,3,1,6,4,2,6,5,23.36448598130841,4
45,45,186,337,3,14,274,5,1,0,6,5,831,0,831,0,45,PANCHAYAT UNION PRIMARY SCHOOL KOZHIYALAM WEST FACING SOUTH SIDE,"1.Pappanallur (P) And (R.V), Ward2 Thiruvenkidapuram
2.Koliyalam (P) And (R.V), Ward 1 Ettiyamman Koil St
3.Koliyalam (P) And (R.V), Ward 1 Vinayagar Koil St
4.Koliyalam (P) And (R.V), Ward 2 South Kulakkarai St
5.Koliyalam (P) And (R.V), Ward 2 Mariyamman Koil St
6.Koliyalam (P) And (R.V), Ward 2 West Kulakkarai St
7.Koliyalam (P) And (R.V), Ward 2 1 st Mettu St
8.Koliyalam (P) And (R.V), Ward 2 Colony Mariyamman Koil St
9.Koliyalam (P) And (R.V), Ward2 Colony 2nd Mettu St
10.Koliyalam (P) And (R.V), Ward 2 Colony 1st Street
11.Koliyalam (P) And (R.V), Ward3 Mariyamman Koil Street
12.Koliyalam (P) And (R.V), Ward 3 Palla Street
13.Koliyalam (P) And (R.V), Ward 3 Rettiyar St
14.Koliyalam (P) And (R.V), Ward3 Bajanai Koil Street
15.Koliyalam (P) And (R.V), Ward 3 Mariyamman Kozhiyalam Street 999.Overseas Electors",All Voters,All India Anna Dravida Munnetra Kazhagam,337,274,63,Tamilaga Vettri Kazhagam,3,1,6,4,2,5,7,7.581227436823104,6
46,46,180,197,3,8,117,2,0,0,2,6,515,0,515,0,46,"Panchayat Union Middle School, Theettalam South Facing Room No 1","1.Theettalam (P) And (R.V), Ward 1 arunthathi muthu mariyamman koil st
2.Theettalam (P) And (R.V), Ward 1 Theettalam village main road
3.Theettalam (P) And (R.V), Ward 2 Annanagar Colony st
4.Theettalam (P) And (R.V), Ward 1 Kulakkarai St
5.Theettalam (P) And (R.V), Ward 1 kulakarai mettu st
6.Theettalam (P) And (R.V), Ward 1 Kozhiyalam main salai
7.Theettalam (P) And (R.V), Ward 1 Ellalaiyamman koil st
8.Theettalam (P) And (R.V), Ward 1 Yadavar Street
9.Theettalam (P) And (R.V), Ward 1 Arasamara Street
10.Theettalam (P) And (R.V), Ward 1 Kizhakku Street
11.Theettalam (P) And (R.V), Ward 1 Bajanai Koil Street
12.Theettalam (P) And (R.V), Ward 1 Nadu Street
13.Theettalam (P) And (R.V), Ward 1 Mettu Street 999.Overseas Electors",All Voters,All India Anna Dravida Munnetra Kazhagam,197,180,17,Dravida Munnetra Kazhagam,2,1,5,4,3,6,7,3.300970873786408,2
47,47,102,208,0,18,101,0,0,0,0,0,429,0,429,0,47,"PUM School, Theettalam, South facing Room No 2","1.Theettalam (P) And (R.V), Ward 2 C.S.I.School Street
2.Theettalam (P) And (R.V), Ward 2 Mada Koil Street
3.Theettalam (P) And (R.V), Ward 2 Thulukkathamman Koil Street
4.Theettalam (P) And (R.V), Ward 2 Muthu Pillayar Manyam St 999.Overseas Electors",All Voters,All India Anna Dravida Munnetra Kazhagam,208,102,106,Dravida Munnetra Kazhagam,2,1,5,4,3,5,5,24.70862470862471,0
48,48,163,223,4,18,152,2,2,1,2,7,574,0,574,0,48,"PANCHAYAT UNION PRIMARY SCHOOLL
KADAMBUR North Facing west Side","1.Nelli (P) And (R.V), Ward 1 Vadakku St
2.Nelli (P) And (R.V), Ward 1 Nadu St
3.Nelli (P) And (R.V), Ward 1 West St
4.Nelli (P) And (R.V), Ward 1 South St
5.Kadambur (P) And (R.V), Ward 1 Uthiramerur Road St
6.Kadambur (P) And (R.V), Ward 1 Amman Koil St
7.Kadambur (P) And (R.V), Ward 1 Ambedkar West St
8.Kadambur (P) And (R.V), Ward 2 Ayyanar Koil St
9.Kadambur (P) And (R.V), Ward 2 Ambedkar West St
10.Kadambur (P) And (R.V), Ward 2 Naidu St
11.Kadambur (P) And (R.V), Ward 2 Reddi St
12.Kadambur (P) And (R.V), Ward 2 Amman Koil St
13.Kadambur (P) And (R.V), Ward 2 Brammanar St
14.Kadambur (P) And (R.V), Ward 2 Amman Koil South St
15.Kadambur (P) And (R.V), Ward 1 Villiyar St
16.Kadambur (P) And (R.V), Ward 2 Anna Nagar
17.AYYAPAKKAM (P) And (R.V), Ward 2 Anna Nagar South St 999.Overseas Electors",All Voters,All India Anna Dravida Munnetra Kazhagam,223,163,60,Dravida Munnetra Kazhagam,2,1,5,4,3,6,6,10.45296167247387,3
49,49,212,268,0,6,224,1,0,0,4,5,720,0,720,0,49,"PANCHAYAT UNION PRIMARY SCHOOL
ALAPAKKAM West Facing South Side","1.AYYAPAKKAM (P) And (R.V), Ward 1 Ambedkar North St
2.AYYAPAKKAM (P) And (R.V), Ward 1 Ambedkar Nadu St
3.AYYAPAKKAM (P) And (R.V), Ward 1 Ambedkar South St
4.AYYAPAKKAM (P) And (R.V), Ward 1 Pillaiyar Koil St
5.AYYAPAKKAM (P) And (R.V), Ward 1 Arunthathi Palayam
6.AYYAPAKKAM (P) And (R.V), Ward 1 Road St
7.AYYAPAKKAM (P) And (R.V), Ward 2 Ellaiyamman Koil St
8.AYYAPAKKAM (P) And (R.V), Ward 2 Bajanai Koil St
9.AYYAPAKKAM (P) And (R.V), Ward 2 Gandhi St
10.AYYAPAKKAM (P) And (R.V), Ward 3 Bada Salai St 999.Overseas Electors",All Voters,All India Anna Dravida Munnetra Kazhagam,268,224,44,Tamilaga Vettri Kazhagam,3,1,6,4,2,5,6,6.111111111111111,4
50,50,296,334,1,14,265,1,1,0,2,5,919,0,919,0,50,PANCHAYAT UNION PRIMARY SCHOOL L.ENDATHUR SOUTH FACING EAST SIDE,"1.L. Endathur (P) And (R.V), Ward 2 bharathi nagar mgr nagar
2.L. Endathur (P) And (R.V), Ward 1 Perumal Koil st
3.L. Endathur (P) And (R.V), Ward 1 Mariyamman Koil St
4.L. Endathur (P) And (R.V), Ward 1 Nethaji St
5.L. Endathur (P) And (R.V), Ward 1 Annai Therasa St
6.L. Endathur (P) And (R.V), Ward 1 Bazar St
7.L. Endathur (P) And (R.V), Ward 1 Mettu St
8.L. Endathur (P) And (R.V), Ward 1 Varasakthi Vinayagar Koil St
9.L. Endathur (P) And (R.V), Ward 1 Kanniamman Koil St
10.L. Endathur (P) And (R.V), Ward 1 Osuramman Koil Kurukku St
11.L. Endathur (P) And (R.V), Ward 1 Thropathiamman Koil St
12.L. Endathur (P) And (R.V), Ward 1 Thurkaiamman Koil St
13.L. Endathur (P) And (R.V), Ward 2 Mariamman Koil St 999.Overseas Electors",All Voters,All India Anna Dravida Munnetra Kazhagam,334,296,38,Dravida Munnetra Kazhagam,2,1,5,4,3,5,5,4.134929270946682,2
51,51,273,214,1,18,198,0,1,0,1,2,708,0,708,0,51,PANCHAYAT UNION PRIMARY SCHOOL L.ENDATHUR SOUTH FACING EAST SIDE,"1.L. Endathur (P) And (R.V), Ward 2 Nethaji Suba Chandra Bose St
2.L. Endathur (P) And (R.V), Ward 2 Annai Indira St
3.L. Endathur (P) And (R.V), Ward 2 Kamarajar St
4.L. Endathur (P) And (R.V), Ward 2 Thiruvalluvar St
5.L. Endathur (P) And (R.V), Ward 2 Annal ambedkar nagar
6.L. Endathur (P) And (R.V), Ward 3 Janakirama Reddiyar St
7.L. Endathur (P) And (R.V), Ward 3 Kullathamman Koil St
8.L. Endathur (P) And (R.V), Ward 3 Palla St
9.L. Endathur (P) And (R.V), Ward Magatma Gandhi St
10.L. Endathur (P) And (R.V), Ward 3 Nehru St
11.L. Endathur (P) And (R.V), Ward 3 Thanthai periyar st
12.L. Endathur (P) And (R.V), Ward 3 Kumaran st
13.L. Endathur (P) And (R.V), Ward 3 Pudu Nagar 999.Overseas Electors",All Voters,Dravida Munnetra Kazhagam,273,214,59,All India Anna Dravida Munnetra Kazhagam,1,2,5,4,3,7,5,8.333333333333332,1
52,52,170,157,1,15,231,1,3,2,0,3,583,0,583,0,52,"PANCHAYAT UNION PRIMARY SCHOOL
VAIPANAI North facing","1.Perumbakkam (P) And (R.V), Ward 1 ellangadu
2.Perumbakkam (P) And (R.V), Ward 1 Muthumariyamman Koil St
3.Perumbakkam (P) And (R.V), Ward 1 Mettu St
4.Perumbakkam (P) And (R.V), Ward 1 Palla St
5.Perumbakkam (P) And (R.V), Ward 1 Main Road
6.Perumbakkam (P) And (R.V), Ward 1 Thulukathamman Koil St
7.Perumbakkam (P) And (R.V), Ward 1 Church St
8.Perumbakkam (P) And (R.V), Ward 1 Tank St
9.Perumbakkam (P) And (R.V), Ward 1 Kullakarai St
10.Perumbakkam (P) And (R.V), Ward 1 Buthur 999.Overseas Electors",All Voters,Tamilaga Vettri Kazhagam,231,170,61,Dravida Munnetra Kazhagam,2,3,6,4,1,6,5,10.4631217838765,2
53,53,160,429,1,14,199,0,0,0,3,1,807,0,807,0,53,"Panchayat Union Middle School, Perumbakkam West facing","1.Perumbakkam (P) And (R.V), Ward 2 Perumbakkam 1 st street
2.Perumbakkam (P) And (R.V), Ward 2 Kullakarai st
3.Perumbakkam (P) And (R.V), Ward 2 Ricemill st
4.Perumbakkam (P) And (R.V), Ward 2 alarimedu
5.Perumbakkam (P) And (R.V), Ward 2 Thenandai st
6.Perumbakkam (P) And (R.V), Ward 3 Perumbakkam 6st Street 999.Overseas Electors",All Voters,All India Anna Dravida Munnetra Kazhagam,429,199,230,Tamilaga Vettri Kazhagam,3,1,5,4,2,6,6,28.50061957868649,3
54,54,203,259,1,28,287,1,0,0,5,9,793,0,793,0,54,"Panchayat Union Middle School, Perumbakkam South facing","1.Perumbakkam (P) And (R.V), Ward 3 Perumbakkam 7st Street
2.Perumbakkam (P) And (R.V), Ward 3 Perumbakkam 8 st Street
3.Perumbakkam (P) And (R.V), Ward 3 Perumbakkam 9th Street
4.Perumbakkam (P) And (R.V), Ward 3 Perumbakkam 10th street
5.Perumbakkam (P) And (R.V), Ward 1 Koodapakkam 1st Street
6.Perumbakkam (P) And (R.V), Ward 1 Koodapakkam 2nd Street
7.Perumbakkam (P) And (R.V), Ward 1 Koodapakkam 3th st
8.Perumbakkam (P) And (R.V), Ward 1 Koodappakkam 4th st
9.Perumbakkam (P) And (R.V), Ward 1 Koodappakkam 5 th st
10.Perumbakkam (P) And (R.V), Ward 1 Koodappakkam 6th St
11.Perumbakkam (P) And (R.V), Ward 1 Koodappakam 7th st
12.Perumbakkam (P) And (R.V), Ward 1 Koodappakam 8th st
13.Perumbakkam (P) And (R.V), Ward1 Reddiyar Street 999.Overseas Electors",All Voters,Tamilaga Vettri Kazhagam,287,259,28,All India Anna Dravida Munnetra Kazhagam,3,2,5,4,1,5,7,3.530895334174023,5
55,55,266,281,2,16,174,1,0,0,0,2,742,0,742,0,55,PANCHAYAT UNION PRIMARY SCHOOL THANDARAIPUDUCHERRY WEST FACING,"1.Thandaraipuducherry (P) And (R.V), Ward 1 Puducherry Udaiyar St
2.Thandaraipuducherry (P) And (R.V), Ward 1 Puducherry Rajiv Gandhi St
3.Thandaraipuducherry (P) And (R.V), Ward 1 Puducherry Villae Dr St
4.Thandaraipuducherry (P) And (R.V), Ward 1 Thiruvalluvar St
5.Thandaraipuducherry (P) And (R.V), Ward 1 Uthukottai St
6.Thandaraipuducherry (P) And (R.V), Ward 1 Kambar St
7.Thandaraipuducherry (P) And (R.V), Ward 1 M G R St
8.Thandaraipuducherry (P) And (R.V), Ward 1 Pillaiyar Koil St
9.Thandaraipuducherry (P) And (R.V), Ward 1 Annai indra St
10.Thandaraipuducherry (P) And (R.V), Ward 1 Puducerry then
11.Thandaraipuducherry (P) And (R.V), Ward 1 Puducherry North
12.Thandaraipuducherry (P) And (R.V), Ward 1 Thandarai village
13.Thandaraipuducherry (P) And (R.V), Ward 1 Thandarai Village Tharuma 999.Overseas Electors",All Voters,All India Anna Dravida Munnetra Kazhagam,281,266,15,Dravida Munnetra Kazhagam,2,1,5,4,3,6,7,2.021563342318059,0
56,56,194,277,0,2,155,0,0,0,1,1,630,0,630,0,56,Panchayat Union Primary School Thandaraipuducherry West Facing South Side,"1.Thandaraipuducherry (P) And (R.V), Ward 1 Thandarai Nadaiya
2.Thandaraipuducherry (P) And (R.V), Ward 1 Thandarai pet colny cross St
3.Thandaraipuducherry (P) And (R.V), Ward 2 Thandaraipet colony cross St
4.Thandaraipuducherry (P) And (R.V), Ward 2 Thandaraipet colony
5.Thandaraipuducherry (P) And (R.V), Ward 2 Thandarai pet colony Water tank
6.Thandaraipuducherry (P) And (R.V), Ward 2 Gengaiamman koil St
7.Thandaraipuducherry (P) And (R.V), Ward 2 Mettu St
8.Thandaraipuducherry (P) And (R.V), Ward 2 Sri Angalaparameswari St
9.Thandaraipuducherry (P) And (R.V), Ward2 Kulakkarai Street
10.Thandaraipuducherry (P) And (R.V), Ward2 Nadu Street
11.Thandaraipuducherry (P) And (R.V), Ward2 Kusuman Kuttai Street 999.Overseas Electors",All Voters,All India Anna Dravida Munnetra Kazhagam,277,194,83,Dravida Munnetra Kazhagam,2,1,5,4,3,5,5,13.17460317460318,1
57,57,261,311,1,13,335,0,0,0,2,1,924,0,924,0,57,Panchayat Union Middle School Puthupattu East Facing,"1.Puthupatu (P) Pillanthikuppam (P) And (R.V), Ward 1 pillanthikuppam village st
2.Puthupatu (P) Pillanthikuppam (R.V), Ward 1 Pillanthikuppam Colony St
3.Puthupatu (P) Sathamai and (R.V), Ward 2 Sathamai main Road
4.Puthupatu (P) Sathamai (R.V), Ward 2 East St
5.Puthupatu (P) Sathamai And (R.V), Ward 2 Sathamai Colony Main Road
6.Puthupatu (P) Sathamai (R.V), Ward 2 Sathamai 1st St
7.Puthupatu (P) Sathamai (R.V), Ward 2 Sathamai 2nd St
8.Pudupattu (P) Sathamai (R.V), Ward 2 Malai Mettu Colony St
9.Puthupattu (p) Sathamai (R.V), Ward 2 Village St
10.Puthupattu (P) Sathamai (R.V), Ward 2 Kulakkarai St
11.Puthupattu (P) Sathamai (R.V), Ward 2 Sathamai Mettu St
12.Puthupattu (P) And (R.V), Ward 3 Puthupattu Colony St
13.Puthupattu (P) And (R.V), Ward 3 Puthupattu Mettu Colony
14.Puthupattu (P) And (R.V), Ward 3 Puthupattu Malai Mettu Colony
15.Puthupattu (P) And (R.V), Ward 3 puthupattu old colony Street
16.Puthupattu (P) And (R.V), Ward 3 Millai Nagar St
17.Puthupattu (P) And (R.V), Ward 3 Rankadas Nagar 1st St
18.Puthupattu (P) And (R.V), Ward 3 Rangadas Nagar 2nd St
19.Puthupattu (P) And (R.V), Ward 3 Rangadas Nagar 3rd St 999.Overseas Electors",All Voters,Tamilaga Vettri Kazhagam,335,311,24,All India Anna Dravida Munnetra Kazhagam,3,2,5,4,1,6,6,2.597402597402597,2
58,58,129,176,1,6,152,1,0,0,3,2,470,0,470,0,58,Panchayat Union Middle School Puthupattu East Facing South Side,"1.Puthupattu (P) And (R.V), Ward 3 Puthupattu Village Main Road
2.Puthupattu (P) And (R.V), Ward 3 Palli St
3.Puthupattu (P) And (R.V), Ward 3 Vanniyar St
4.Puthupattu (P) And (R.V), Ward 3 Murugan Koil St
5.Puthupattu (P) And (R.V), Ward 3 Postman St
6.Puthupattu (P) And (R.V), Ward 3 Mariyamman Koil St
7.Puthupattu (P) And (R.V), Ward 3 Pillaiyar Koil St
8.Puthupattu (P) Kunnavakkam (R.V), Ward 4 Kunnavakkam 1st St
9.Puthupattu (P) Kunnavakkam (R.V), Ward 4 Kunnavakkam 2nd St
10.Puthupattu Kunnavakkam (R.V), Ward 4 Kunnavakkam 3rd St
11.Puthupattu (P) Pasumpur (R.V), Ward 5 Pasumpur Main Road
12.Puthupattu (P) Pasumpur (R.V), Ward 5 Pasumpur 1 st St
13.Puthupattu (P) Pasumpur (R.V), Ward 5 Pasumpur 2nd St
14.Puthupattu (P) Pasumpur (R.V), Ward 5 Pasumpur 3rd St
15.Puthupattu (P) Pasumpur (R.V), Ward 5 Pasumpur Cross St
16.Pthupattu (P) Pasumpur (R.V), Ward 5 Pasumpur RajivGandhi St
17.Pthupattu (P) Pasumpur (R.V), Ward 5 Ezhil Nagar 1st St
18.Puthupattu (P) Pasumpur (R.V), Ward 5 Ezhil Nagar 2nd St 999.Overseas Electors",All Voters,All India Anna Dravida Munnetra Kazhagam,176,152,24,Tamilaga Vettri Kazhagam,3,1,5,4,2,5,7,5.106382978723404,3
59,59,189,180,0,14,188,0,1,0,0,1,573,0,573,0,59,"Panchayat Union Primary School, Melavalampettai west facing North side","1.Melavallam village, Ward1 melavallam pettai china
2.Melavallam village, Ward1 Melavallam Pettai Perriya Street
3.Melavallam village, Ward1 kollu muthali street
4.Melavallam Village, Ward1 Thirukazukundram Bazar Street
5.Melavallam village, Ward2 Melavallam G.S.T. Salai 999.Overseas Electors",All Voters,Dravida Munnetra Kazhagam,189,188,1,Tamilaga Vettri Kazhagam,1,3,6,4,2,6,5,0.1745200698080279,0
60,60,256,239,2,17,223,1,0,0,0,3,741,0,741,0,60,"Panchayat Union Primary School, Melavalampettai North facing East side","1.Melavallam village, Ward1 malavi pettai
2.Melavallam Village, Ward14 Gannakirresvaran Pettai
3.Melavallam village, Ward15 palla pettai 999.Overseas Electors",All Voters,Dravida Munnetra Kazhagam,256,239,17,All India Anna Dravida Munnetra Kazhagam,1,2,5,4,3,6,7,2.294197031039137,0
61,61,186,191,1,19,277,1,0,0,0,2,677,0,677,0,61,"Panchayat Union Primary School, Melavalampettai West Facing North Side Room 3","1.Karukuzhi village, Ward14 athivasi nagar
2.Karukuzhi Village, Ward14 Annai Abirami Street
3.Karukuzhi Village, Ward14 Athivasi Nagar Kuruku Street
4.Karukuzhi village, Ward14 sriram street
5.Karukuzhi Village, Ward1 Uthramerur Salai
6.Karukuzhi Village, Ward14 Eswaran Koil Kullakarai Street
7.Karukuzhi Village, WArd14 Kalvai Pettai
8.Karukuzhi Village, Ward14 Valluvar Street 999.OVERSEAS ELECTORS",All Voters,Tamilaga Vettri Kazhagam,277,191,86,All India Anna Dravida Munnetra Kazhagam,3,2,5,4,1,5,7,12.70310192023634,0
62,62,198,209,1,19,160,0,0,0,0,3,590,0,590,0,62,Govt.Higher Secondary School Melavalam South Facing Room No 1,"1.Karukuzhi, Ward3 magalakshmi nagar
2.Karukuzhi, Ward3 Thirukazikundaram Arisi Aalai Street
3.Karukuzhi, Ward3 thirukazikundram salai
4.Karukuzhi, Ward3 amothagarpaga vinayagar koil street
5.Karunkuzhi, Ward 3 Melavalam Hr.Sec.School Salai
6.Karukuzhi, Ward5 nesavallar street
7.Karukuzhi, Ward3 Seshama Nagar 999.Overseas Electors",All Voters,All India Anna Dravida Munnetra Kazhagam,209,198,11,Dravida Munnetra Kazhagam,2,1,5,4,3,6,6,1.864406779661017,0
63,63,133,179,0,31,197,2,1,0,1,3,547,0,547,0,63,Govt Hr Sec School Melvalam South Facing Room No 2,"1.Karukuzhi, Ward3 pazaya colony street
2.Karukuzhi, Ward2 Bairavi Street
3.Karukuzhi, Ward2 Kuttai Street
4.Karukuzhi, Ward2 1st street
5.Karukuzhi, Ward2 Mayana Street 999.Overseas Electors",All Voters,Tamilaga Vettri Kazhagam,197,179,18,All India Anna Dravida Munnetra Kazhagam,3,2,7,4,1,5,6,3.290676416819013,1
64,64,204,268,1,11,294,1,0,1,2,5,787,0,787,0,64,Govt.High School Malaipalayam West facing South side I St Standard (Room no.1),"1.Karukuzhi, Ward11 adisan thoppu
2.Karukuzhi, Ward11 Adisan Thoppu Kurukku Street
3.Karukuzhi, Ward11 anumantha kuppam
4.Karukuzhi, Ward11 Mettu Street Anamatha Kuttai
5.Karukuzhi, Ward11 Malaiyadivaram Anumantha Kuppam
6.Karukuzhi, Ward12 eari colony 1st street
7.Karukuzhi, Ward12 Bajanai Koil Kuruku Street
8.Karukuzhi, Ward12 bajanai koil street
9.Karukuzhi, Ward12 1st Quartares Street
10.Karukuzhi, Ward12 2nd Quarters Street
11.Karukuzhi, Ward12 Quarters Cross Street 999.Overseas Electors",All Voters,Tamilaga Vettri Kazhagam,294,268,26,All India Anna Dravida Munnetra Kazhagam,3,2,5,4,1,5,7,3.303684879288437,3
65,65,260,209,1,24,286,1,1,1,4,4,791,0,791,0,65,Govt.High School Malaipalayam West facing South side II nd Standard (Room no.2),"1.Karukuzhi, Ward13 periya colony main road
2.Karukuzhi, Ward13 Periya Palaiyathamman Koil Street
3.Karukuzhi, Ward13 1st sandu Periya Colony
4.Karukuzhi, Ward T.V. Room Street
5.Karukuzhi, Ward13 T.V. Room Opposit Street
6.Karukuzhi, Ward13 2nd Sandu Periya Colony
7.Karukuzhi, Ward 3rd Street Cement Road
8.Karukuzhi, Ward13 Gannabigai Pettai
9.Karukuzhi, Ward11 Bangla Street
10.Karukuzhi, Ward13 theedir nagar 999.Overseas Electors",All Voters,Tamilaga Vettri Kazhagam,286,260,26,Dravida Munnetra Kazhagam,2,3,5,4,1,5,5,3.286978508217446,5
66,66,118,173,1,10,142,0,0,0,1,3,448,0,448,0,66,Govt.High School Malaipalayam West facing South side III rd Standard (Room no.3),"1.Karukuzhi, Ward9 1st kavangkari street
2.Karukuzhi, Ward9 2nd Kavangarai Street
3.Karukuzhi, Ward9 Darga Street
4.Karukuzhi, Ward9 cross street
5.Karukuzhi, Ward9 pillaiyar koil East Street
6.Karunkuzhi, Ward 9 Pillaiyar Koil South Street
7.Karukuzhi, Ward9 Pillaiyar Koil Street South
8.Karukuzhi, Ward9 Pillaiyar Koil North Street
9.Karunkuzhi, Ward 9 Melnilai Nirthekka thotti Street
10.Karungkuzhi, Ward9 Mettu Street 999.Overseas Electors",All Voters,All India Anna Dravida Munnetra Kazhagam,173,142,31,Tamilaga Vettri Kazhagam,3,1,5,4,2,6,6,6.919642857142858,1
67,67,222,177,1,18,220,2,1,0,1,0,642,0,642,0,67,Govt.High School Malaipalayam West facing North Side,"1.Karungkuzhi, Ward9 Malaiyadivaram
2.Karungkuzhi, Ward10 valluvar street
3.Karungkuzhi, Ward10 Pallikuda Street
4.Karungkuzhi, Ward10 Ellammal Koil Street
5.Karungkuzhi, Ward10 Mettu Street Bangala Colony
6.Karungkuzhi, Ward10 Bangala Thoppu
7.Karungkuzhi, Ward10 Thedeel Nagar
8.Karungkuzhi, Ward10 Lane Street 999.Overseas Electors",All Voters,Dravida Munnetra Kazhagam,222,220,2,Tamilaga Vettri Kazhagam,1,3,6,4,2,5,6,0.3115264797507788,1
68,68,351,289,0,37,280,1,0,0,1,4,963,0,963,0,68,"Adi-Dravidar Welfare Middle School, Janakipuram East Facing South Side","1.Janakipuram Arayapakkam (P) And (R.V), Ward 1 1st Cross St
2.Janakipuram Arayapakkam (P) And (R.V), Ward 1 2nd Cross St
3.Janakipuram Arayapakkam (P) And (R.V), Ward 1 3rd Cross St
4.Janakipuram Arayapakkam (P) And (R.V), Ward 1 4th Cross St
5.Janakipuram Arayapakkam (P) And (R.V), Ward 1 5th Cross St
6.Janakipuram Arayapakkam (P) And (R.V), Ward 1 6th Cross St
7.Janakipuram Arayapakkam (P) And (R.V), Ward 1 Kalvoy Mettu St
8.Janakipuram Arayapakkam (P) And (R.V), Ward 1 Union Salai
9.Janakipuram Arayapakkam (P) And (R.V), Ward 1 Valaichayamman koil St
10.Janakipuram Arayapakkam (P) And (R.V), Ward 1 Salavai Thozhilalar St
11.Janakipuram Arayapakkam (P) And (R.V), Ward 1 chinna st
12.Janakipuram Arayapakkam (P) And (R.V), Ward 1 Ponniamman Koil St
13.Janakipuram Arayapakkam (P) And (R.V), Ward 1 raman st
14.Janakipuram Arayapakkam (P) And (R.V), Ward 2 Pillaiyar Koil St 999.Overseas Electors",All Voters,Dravida Munnetra Kazhagam,351,289,62,All India Anna Dravida Munnetra Kazhagam,1,2,6,4,3,5,6,6.438213914849429,1
69,69,139,476,0,10,151,0,0,0,0,1,777,0,777,0,69,"Adi-Dravidar Welfare Middle School, Janakipuram East Facing North Side","1.Janakipuram Arayapakkam (P) And (R.V), Ward 2 Eswaran Koil St
2.Janakipuram Arayapakkam (P) And (R.V), Ward 2 irular st
3.Janakipuram Arayapakkam (P) And (R.V), Ward 2 Muthumariamman Koil St
4.Janakipuram Arayapakkam (P) And (R.V), Ward 2 Perumal Koil St
5.Janakipuram Arayapakkam (P) And (R.V), Ward 1 Muthumariamman Koil St
6.Janakipuram Arayapakkam (P) And (R.V), Ward 1 east st
7.Janakipuram Arayapakkam (P) And (R.V), Ward 1 Vadakku St
8.Janakipuram Arayapakkam (P) And (R.V), Ward 1 South St
9.Janakipuram Arayapakkam (P) And (R.V), Ward 1 Kavankarai Vadakku St
10.Janakipuram Arayapakkam (P) And (R.V), Ward 1 Kavankarai South St
11.Janakipuram Arayapakkam (P) And (R.V), Ward 1 Valachiamman Koil St
12.Janakipuram Arayapakkam (P) And (R.V), Ward 1 kulakkarai east st
13.Janakipuram Arayapakkam (P) And (R.V), Ward 1 Kulakkarai North St 999.Overseas Electors",All Voters,All India Anna Dravida Munnetra Kazhagam,476,151,325,Tamilaga Vettri Kazhagam,3,1,5,4,2,5,5,41.82754182754182,0
70,70,237,188,1,42,381,3,15,0,4,5,876,0,876,0,70,"Village Samuthaya kudam, Kolampakkam East Facing","1.Kolampakkam, Ward 4 vaiyavoor salai
2.Kolampakkam, Ward 4 thoppu colony
3.Kolampakkam, Ward 4 Mudhaliyar St
4.Kolampakkam, Ward 4 Giramani St 1
5.Kolampakkam, Ward 4 Giramani St 2
6.Kolampakkam, Ward 4 Chinna Kolapakkam
7.Kolampakkam, Ward 4 Padalam Salai
8.Kolampakkam, Ward 4 Gangaiamman Koil St
9.Kolampakkam, Ward 4 Church Road 999.Overseas Electors",All Voters,Tamilaga Vettri Kazhagam,381,237,144,Dravida Munnetra Kazhagam,2,3,7,4,1,6,5,16.43835616438356,4
71,71,273,163,0,12,177,0,4,0,0,2,631,0,631,0,71,Panchayat Union Primary School Athimanam South Facing,"1.Kolampakkam, Ward 4 gst salai perumal koil st
2.Kolampakkam, Ward 4 Irular St
3.Kolampakkam, Ward 4 Palla St
4.Kolambakkam, Ward 4 Chailliyamman Str
5.Kolambakkam, Ward 4 Thulukkanathamman Koil Street
6.Kolambakkam, Ward 4 Yerikarai Street 999.Overseas Electors",All Voters,Dravida Munnetra Kazhagam,273,177,96,Tamilaga Vettri Kazhagam,1,3,6,4,2,6,5,15.21394611727417,0
72,72,296,243,1,21,333,2,2,0,0,2,900,0,900,0,72,"Govt.High.School, Kallabiranpuram East facing building","1.Kallabiranpuram (P) And (R.V), Ward GST St
2.Kallabiranpuram (P) And (R.V), Ward 3 Mettu St
3.Kallabiranpuram (P) And (R.V), Ward3 Pillaiyar Koil Street
4.Kallabiranpuram (P) And (R.V), Ward3 Selliyamman Koil Street
5.Kallabiranpuram (P) And (R.V), Ward3 Aruthathiyar Street
6.Kallabiranpuram (P) And (R.V), Ward2 Pajanai Koil Street
7.Kallabiranpuram (P) And (R.V), Ward2 colony puthu street
8.Kallabiranpuram (P) And (R.V), Ward2 Colony Mettu Street 999.Overseas Electors",All Voters,Tamilaga Vettri Kazhagam,333,296,37,Dravida Munnetra Kazhagam,2,3,7,4,1,5,5,4.111111111111112,0
73,73,225,228,2,16,227,2,0,1,1,2,704,0,704,0,73,"Govt.High.School, Kallabiranpuram East facing building","1.Kallabiranpuram (P) And (R.V), Ward2 Pallastreet
2.Kallabiranpuram (P) And (R.V), Ward2 colony pillaiyar koil street
3.Kallabiranpuram (P) And (R.V), Ward2 Ottar Street
4.Kallabiranpuram (P) And (R.V), Ward2 Pillaiyar Koil Street
5.Kallabiranpuram (P) And (R.V), Ward2 kuruku street
6.Kallabiranpuram (P) And (R.V), Ward Neyikuppi Village Mettu Street
7.Kallabiranpuram (P) And (R.V), Ward Neyi Village Palla Street
8.Kallabiranpuram (P) And (R.V), Ward1 Throbathiyamman Koil Street
9.Kallabiranpuram (P) And (R.V), Ward2 Anthiyamman Koil Street
10.Kallabiranpuram (P) And (R.V), Ward2 New Colony
11.Kallabiranpuram (P) And (R.V), Ward1 Pazaya Colony 999.Overseas Electors",All Voters,All India Anna Dravida Munnetra Kazhagam,228,227,1,Tamilaga Vettri Kazhagam,3,1,5,4,2,5,7,0.1420454545454546,2
74,74,180,324,1,19,315,1,3,0,2,2,847,0,847,0,74,"Panchayat Union Middle School, Padalam South Facing West Side","1.Padalam (P) And (R.V), Ward 2 kuyavar st
2.Padalam (P) And (R.V), Ward 2 Kanakkar
3.Padalam (P) And (R.V), Ward 2 Chetty medu Main Road
4.Padalam (P) And (R.V), Ward 2 New Colony St
5.Padalam (P) And (R.V), Ward 2 Middle Colony St
6.Padalam (P) And (R.V), Ward 2 Mettu Colony St 999.Overseas Electors",All Voters,All India Anna Dravida Munnetra Kazhagam,324,315,9,Tamilaga Vettri Kazhagam,3,1,6,4,2,6,5,1.062573789846517,2
75,75,167,199,1,11,194,0,0,0,0,2,574,0,574,0,75,"Panchayat Union Middle School, Padalam South Facing East Side","1.Padalam (P) And (R.V), Ward 2 peria st
2.Padalam (P) And (R.V), Ward 2 Chinna St
3.Padalam (P) And (R.V), Ward 2 Vijay Nagar St
4.Padalam (P) And (R.V), Ward 2 Eswaran Koil St
5.Padalam (P) And (R.V), Ward 2 Vettaikarar St
6.Padalam (P) And (R.V), Ward 2 Padalam Alai Qtrs
7.Padalam (P) And (R.V), Ward 2 Kanniamman Koil St
8.Padalam (P) And (R.V), Ward 2 Padalam Cheyyur Road Street 999.Overseas Electors",All Voters,All India Anna Dravida Munnetra Kazhagam,199,194,5,Tamilaga Vettri Kazhagam,3,1,5,4,2,6,6,0.8710801393728222,0
76,76,218,242,0,19,337,1,2,1,4,3,827,0,827,0,76,"Panchayat Union Middle School, Padalam East Facing North Side","1.Padalam (P) And (R.V), Ward 3 padalam cheyyur main road
2.Padalam (P) And (R.V), Ward 3 Padalam Ambedhkar St
3.Padalam (P) And (R.V), Ward 3 padalam mettu st 999.Overseas Electors",All Voters,Tamilaga Vettri Kazhagam,337,242,95,All India Anna Dravida Munnetra Kazhagam,3,2,7,4,1,6,5,11.48730350665054,5
77,77,153,290,1,27,326,3,1,0,0,0,801,0,801,0,77,"Panchayat Union Middle School, Padalam, East Facing South Side","1.Padalam (P) And (R.V), Ward 3 Padalam Uthukkadu Amman Koil St
2.Padalam (P) And (R.V), Ward 3 Padalam Madhakoil St
3.Padalam (P) And (R.V), Ward 3 Padalam Gangaiamman Koil St
4.Padalam (P) And (R.V), Ward 3 Padalam New Colony Main Road 999.Overseas Electors",All Voters,Tamilaga Vettri Kazhagam,326,290,36,All India Anna Dravida Munnetra Kazhagam,3,2,6,4,1,5,6,4.49438202247191,0
78,78,182,350,2,22,244,1,0,1,0,4,806,0,806,0,78,Panchayat Union Middle School Lakshminarayanapuram North Facing,"1.Lakshminarayanapuram (P) And (R.V), Ward 4 L N Puram Colony
2.Lakshmi Narayanapuram (P) And (R.V), Ward 4 L N Puram Colony Nadu Street
3.Lakshminarayanapuram (P) And (R.V), Ward 4 Gandhi Nagar Mainroad
4.Lakshminarayanapuram (P) And (R.V), Ward 23 L..N. Puram Village yathavar St
5.Lakshminarayanapuram (P) And (R.V), Ward 3 L N Puram Village Padalam Salai
6.Lakshminarayanapuram (P) And (R.V), L N Puram Village Pillaiyar Koil Street
7.Lakshminarayanapuram (P) And (R.V), Ward 3 L N Puram Village Theradi Street
8.Lakshminarayanapuram (P) And (R.V), Ward 3 L.N.Puram Village Mettu St
9.Lakshminarayanapuram (P) And (R.V), Ward 3 Erular St
10.Lakshminarayanapuram (P) And (R.V), Ward 3Arasar kovil Village
11.Lakshminarayanapuram (P) And (R.V), Ward 3 Arasar Kovil Village Palla St 999.Overseas Electors",All Voters,All India Anna Dravida Munnetra Kazhagam,350,244,106,Tamilaga Vettri Kazhagam,3,1,5,4,2,6,7,13.15136476426799,1
79,79,298,213,2,40,312,1,1,0,0,3,870,0,870,0,79,Adi-Dravidar Welfare Primary School Pathur South Facing,"1.Lakshminarayanapuram (P) And (R.V), Ward 3 Arasar Kovil varatharajaparumal St
2.Lakshminarayanapuram (P) And (R.V), Ward 3 Arasar kovil Village Mettu Street
3.Lakshminarayanapuram (P) And (R.V), Ward 2 Chettymedu Padalam cheyyur Road
4.Lakshminarayanapuram (P) And (R.V), Ward 2 chettymedu colany atthoram St
5.Lakshminarayanapuram (P) And (R.V), Ward 2 Chettimedu Patthur Salai
6.Lakshminarayanapuram (P) And (R.V), Ward 2 Chettimedu Colony Kavankarai Street
7.Lakshminarayanapuram (P) And (R.V), Ward 2 Chettymedu Colony Palla Steet
8.Lakshminarayanapuram (P) And (R.V), Ward 2 Chettymedu Village Kavalankarai Street
9.Lakshminarayanapuram (P) And (R.V), Ward 2 Chettymedu Colony Madha Koil Steet
10.Lakshminarayanapuram (P) And (R.V), Ward 1 pathur village mettu street
11.Laksmi narayanapuram (P) And (R.V), Ward 1 paththuoor kalani periya st
12.Lakshmi Narayanapuram (P) And (R.V), Ward 1 Mazhuvankoillai Colony Nadu Steet
999.Overseas Electors",All Voters,Tamilaga Vettri Kazhagam,312,298,14,Dravida Munnetra Kazhagam,2,3,5,4,1,6,6,1.609195402298851,0
80,80,201,317,1,15,172,0,0,1,0,3,710,0,710,0,80,"Panchayat Union Primary School, Budur East Facing","1.Budoor (P) And (R.V), Ward 1 irular colony st
2.Budoor (P) And (R.V), Ward 1 Eswaran Koil St
3.Budoor (P) And (R.V), Ward 2 Iyyangar St
4.Budoor (P) And (R.V), Ward 2 Mudaliar St
5.Budoor (P) And (R.V), Ward 2 Mariamman Koil St
6.Budoor(P) And (R.V), Ward 3 Nadu St
7.Budoor(P) And (R.V), Ward 3 Cross St
8.Budoor(P) And (R.V), Ward 3 Main Road
9.Budoor(P) And (R.V), Ward 4 Reddiyar St
10.Budoor(P) And (R.V), Ward 10 Sagaya Nagar 999.Overseas Electors",All Voters,All India Anna Dravida Munnetra Kazhagam,317,201,116,Dravida Munnetra Kazhagam,2,1,5,4,3,6,6,16.33802816901408,1
81,81,190,164,1,15,283,0,1,1,0,3,658,0,658,0,81,"Panchayat Union Primary School, Budur East Facing","1.Budur (P) And (R.V), Ward 2 poodur colony big st
2.Budur (P) And (R.V), Ward 2 Poodur Colony Small St
3.Pudur (P) And (R.V), Ward 2 Poodur Colony East St 999.Overseas Electors",All Voters,Tamilaga Vettri Kazhagam,283,190,93,Dravida Munnetra Kazhagam,2,3,5,4,1,7,5,14.13373860182371,1
82,82,132,78,1,7,202,0,0,0,0,2,422,0,422,0,82,"PUP School Budur, North facing III rd Standard Room no 3","1.Budur (P) And (R.V), Ward 2 Poodur Colony Mariamman Koil St
2.Budur (P) And (R.V), Ward 2 Boodur Colony Pillyar Koil St
3.Budur (P) And (R.V), Ward 2 Boodur Colony 1st Cross St
4.Pudur (P) And (R.V), Ward 2 Poodur Colony 2nd Cross St
5.Budur (P) And (R.V), Ward 2 Boodur Colony 3rd Cross St
6.Budur (P) And (R.V), Ward 2 Boodur Colony 4th Cross St
7.Budur (P) And (R.V), Ward 2 Budhur Colony Thoguppu Veedukal
8.Budur (P) And (R.V), Ward 2 Boodur Colony Thatchar Salai 999.Overseas Electors",All Voters,Tamilaga Vettri Kazhagam,202,132,70,Dravida Munnetra Kazhagam,2,3,5,4,1,6,6,16.58767772511848,0
83,83,210,233,3,16,192,0,0,1,0,1,656,0,656,0,83,Panchayat Union Middle School Essur north face building,"1.Pudur (P) And (R.V), Ward 1 agrahara st
2.Pudur (P) And (R.V), Ward 1 Theradi St
3.Pudur (P) And (R.V), Ward 2 Bajanai Koil St
4.Pudur (P) And (R.V), Ward 3 Kulakkarai St
5.Pudur (P) And (R.V), Ward 3 Ponniamman Koil St
6.Pudur (P) And (R.V), Ward 3 Thatchoor Neelamangalam Road
7.Pudur (P) And (R.V), Ward 3 Thirukalikundram Road 999.Overseas Electors",All Voters,All India Anna Dravida Munnetra Kazhagam,233,210,23,Dravida Munnetra Kazhagam,2,1,5,4,3,6,6,3.50609756097561,1
84,84,172,217,1,11,174,0,0,0,1,3,579,0,579,0,84,Panchayat Union Middle School Essur north face building,"1.Pudur (P) And (R.V), Ward 4 manthaiveli st
2.Pudur (P) And (R.V), Ward 4 East St
3.Pudur (P) And (R.V), Ward 4 Palla St
4.Pudur (P) And (R.V), Ward 4 Pillayar Koil St
5.Pudur (P) And (R.V), Ward 4 Seniamman Koil St
6.Pudur (P) And (R.V), Ward 4 Thideer Nagar 999.Overseas Electors",All Voters,All India Anna Dravida Munnetra Kazhagam,217,174,43,Tamilaga Vettri Kazhagam,3,1,5,4,2,6,6,7.426597582037997,1
85,85,236,305,1,20,217,1,0,1,1,1,783,0,783,0,85,Panchayat Union Middle School Kunnathur South facing,"1.Kunnathur (P) And (R.V), Ward 1 kodi st
2.Kunnathur (P) And (R.V), Ward 1 Nadu St
3.Kunnathur (P) And (R.V), Ward 1 Muthumariamman Koil St
4.Kunnathur (P) And (R.V), Ward 1 Palla St
5.Kunnathur (P) And (R.V), Ward 1 Pillayar Koil St
6.Kunnathur (P) And (R.V), Ward 2 Thatchoor Erikarai St
7.Kunnathur (P) And (R.V), Ward 2 Karkazhani St
8.Kunnathur (P) And (R.V), Ward 2 mettu st
9.Kunnathur (P) And (R.V), Ward 2 Otteri St
10.Kunnathur (P) And (R.V), Ward 2 Mada Koil St
11.Kunnathur (P) And (R.V), Ward 1 Kunnathur Kollamedu 999.Overseas Electors",All Voters,All India Anna Dravida Munnetra Kazhagam,305,236,69,Dravida Munnetra Kazhagam,2,1,5,4,3,5,7,8.812260536398467,2
86,86,275,183,2,22,299,0,0,2,0,1,784,0,784,0,86,"R.C.Mission High School, Main building, Thatchur East Facing East Side","1.Kunnathur (P) And (R.V), Ward 3 thachur colony thakkaraithangal
2.Kunnathur (P) And (R.V), Ward 3 Thatchoor Colony Sudukadu St
3.Kunnathur (P) And (R.V), Ward 3 Thatchoor Colony Palla St
4.Kunnathur (P) And (R.V), Ward 4 Thatchoor Arunthathi Palayam Vanathu Chinnappar Koil St
5.Kunnathur (P) And (R.V), Ward 4 Thatchur Arunthathiyar Palayam Metu St
6.Kunnathur (P) And (R.V), Ward 4 Thachur Palayam Madhakoil Street
7.Kunnathur (P) And (R.V), Ward 4 Thatchurpalayam Palla St
8.Kunnathur (P) And (R.V), Ward 4 Thatchur Koot Road Mada Koil St
9.Kunnathur (P) And (R.V), Ward 4 Thatchoor KootRoad Madurantagam Salai
10.Kunnathur (P) And (R.V), Ward 4 Thatchur Neelamangalam Salai 999.Overseas Electors",All Voters,Tamilaga Vettri Kazhagam,299,275,24,Dravida Munnetra Kazhagam,2,3,5,4,1,6,6,3.061224489795918,2
87,87,90,269,1,8,57,4,0,0,1,0,430,0,430,0,87,"Panchayat Union Primary School, Veeranakunnam South Facing","1.Veeranakunnam (P) And (R.V), Ward 1 poondu nagar
2.Veeranakunnam (P) And (R.V), Ward 1 Child Aeasu Nagar
3.Veeranakunnam (P) And (R.V), Ward 1 Earusalam Nagar
4.Veeranakunnam (P) And (R.V), Ward 1 M,G,R, Nagar
5.Veeranakunnam (P) And (R.V), Ward 1 north street
6.Veeranakunnam (P) And (R.V), Ward 2 South Street
7.Veeranakunnam (P) And (R.V), Ward 2 pillaiyar koil street
8.Veeranakunnam (P) And (R.V), Ward 2 naidu st 999.Overseas Electors",All Voters,All India Anna Dravida Munnetra Kazhagam,269,90,179,Dravida Munnetra Kazhagam,2,1,6,4,3,5,7,41.62790697674419,1
88,88,224,287,5,17,202,0,0,0,1,3,739,0,739,0,88,"Panchayat Union Primary School, Veeranakunnam South Facing West Side","1.Veeranakunnam (P) And (R.V), Ward 2 Iyyar St
2.Veeranakunnam (P) And (R.V), Ward 1 Meattu St
3.Veeranakunnam (P) And (R.V), Ward 2 Udaiyar St
4.Veeranakunnam (P) And (R.V), Ward 1 1st Cross St Meatu St
5.Veeranakunnam (P) And (R.V), Ward 1 2nd Cross St Metu St
6.Veeranakunnam (P) And (R.V), Ward 1 Mariyamman Koil St
7.Veeranakunnam (P) And (R.V), Ward 2 Vailliyamman Koil St
8.Veeranakunnam (P) And (R.V), Ward 2 Irular St
9.Veeranakunnam (P) And (R.V), Ward 2 1st St Colany
10.Veeranakunnam (P) And (R.V), Ward 2 Muthumariyamman Koil St
11.Veeranakunnam (P) And (R.V), Ward 2 Nagakanni Amman Koil St 999.Overseas Electors",All Voters,All India Anna Dravida Munnetra Kazhagam,287,224,63,Dravida Munnetra Kazhagam,2,1,5,4,3,6,6,8.525033829499323,1
89,89,214,224,2,7,132,1,0,0,3,0,583,0,583,0,89,Panchayat Union Primary school Kizhapattu North Facing East Side,"1.Veeranakunnam (P) And (R.V), Ward 1 c s i charch st (colany)
2.Veeranakunnam (P) And (R.V), Ward 3 Meatu Colany
3.Veeranakunnam (P) And (R.V), Ward 3 1st St (Colany)
4.Veeranakunnam (P) And (R.V), Ward 3 2nd St (Colany)
5.Veeranakunnam (P) And (R.V), Ward 3 3rd St (Colany)
6.Veeranakunnam (P) And (R.V), Ward 3 Barathiyar (Yur)
7.Veeranakunnam (P) And (R.V), Ward 3 Mettu St
8.Veeranakunnam (P) And (R.V), Ward 3 Poonniyamman Koil St
9.Veeranakunnam (P) And (R.V), Ward 3 Pillaiyar Koil St
10.Veeranakunnam (P) And (R.V), Ward 3 Ambathkar Nagar
11.Veeranakunnam (P) And (R.V), Ward 3 Irular Colany 999.Overseas Electors",All Voters,All India Anna Dravida Munnetra Kazhagam,224,214,10,Dravida Munnetra Kazhagam,2,1,5,4,3,6,7,1.715265866209263,3
90,90,300,346,1,16,314,1,1,2,0,6,987,0,987,0,90,Panchayat Union Middle School Kinar East facing North Side,"1.Kinar (P) And (R.V), Ward 1 thottanaval highway street
2.Kinar (P) And (R.V), Ward1 Thottanaval 1st Cross Street
3.Kinar (P) And (R.V), Ward1 Thottanaval 2nd Street
4.Kinar (P) And (R.V), Thotanaval 3rd cross street
5.Kinar (P) And (R.V), Ward 1 Thandu Mariyamman Koil Street
6.Kinar (P) And (R.V), Ward1 palli sellum street
7.Kinar (P) And (R.V), Ward1 kinar mettu street
8.Kinar (P) And (R.V), Ward1 Mettu Colony 1st Cross Street
9.Kinar (P) And (R.V), Ward1 Ellaiyamman Koil Street
10.Kinar (P) And (R.V), Ward1 Kinar Mettu Colony Nedusalai Street
11.Kinar (P) And (R.V), Ward1 Bajanai Koil Street
12.Kinar (P) And (R.V), Ward 3 Perumal Koil Street
13.Kinar (P) And (R.V), Ward 3 Muthu Mariamman Koil Street 999.Overseas Electors",All Voters,All India Anna Dravida Munnetra Kazhagam,346,314,32,Tamilaga Vettri Kazhagam,3,1,5,4,2,5,5,3.242147922998987,2
91,91,351,347,0,24,244,4,12,1,2,2,987,0,987,0,91,Panchayat Union Middle School Kinar North facing South Side,"1.Kinar (P) And (R.V), Ward 3 village highway street
2.Kinar (P) And (R.V), Ward 3 Biramanar Veethi
3.Kinar (P) And (R.V), Ward 3 Eswaran Koil Street
4.Kinar (P) And (R.V), Ward 3 gramani street
5.Kinar (P) And (R.V), Ward 3 Oodai Street
6.Kinar (P) And (R.V), Ward 3 Kinar Colony Highway Street
7.Kinar (P) And (R.V), Ward 3 Kinar Colony Keezhandai Street
8.Kinar (P) And (R.V), Ward 3 Gangaiamman Koil Street
9.Kinar (P) And (R.V), Ward 3 kinar colony 1st street
10.Kinar (P) And (R.V), Ward3 Erubakkam Village Railway Street
11.Kinar (P) And (R.V), Ward3 Erupakkam Colony 1st Street
12.Kinar (P) And (R.V), Ward2 erupakkam colony 3rd street
13.Kinar (P) And (R.V), Ward3 Erupakkam Colony 3rd Street
14.Kinar (P) And (R.V), Ward3 Erubakkam Colony Ambathkar Street
15.Kinar (P) And (R.V), Ward3 Thulukanathamman Koil Street 999.Overseas Electors",All Voters,Dravida Munnetra Kazhagam,351,347,4,All India Anna Dravida Munnetra Kazhagam,1,2,7,4,3,6,5,0.4052684903748734,3
92,92,158,253,1,8,210,1,2,0,3,2,638,0,638,0,92,Panchayat union primary school Keezhavalam South Facing,"1.Keezhavalam (P) And (R.V), Ward 1 yadavar st
2.Keezhavalam, Ward 1 Mariamman Koil St
3.Keezhavalam, Ward 1 Keezhavalam Ist St
4.Keezhavalam, Ward 2 Keezhavalam 2nd St
5.Keezhavalam, Ward 2 Eswaran Koil St
6.Keezhavalam, Ward 3 Perumal Koil St
7.Keezhavalam, Ward 4 mada koil st
8.Keezhavalam, Ward 4 Keezhavalam 3rd St
9.Keezhavalam, Ward 5 New Colony 999.OVERSEAS ELECTORS",All Voters,All India Anna Dravida Munnetra Kazhagam,253,210,43,Tamilaga Vettri Kazhagam,3,1,6,4,2,6,5,6.739811912225706,3
93,93,180,377,1,14,212,5,0,0,2,4,795,0,795,0,93,Panchayat union Middle school Arayapakkam North Facing,"1.Irayapakkam (P) And (R.V), Ward 1 Iyyangar St
2.Irayapakkam (P) And (R.V), Ward 2 Palla St
3.Arayapakkam (P) And (R.V), Ward 2 mettu st
4.Arayapakkam (P) And (R.V), Ward 3 Yadavar St
5.Arayapakkam (P) And (R.V), Ward 4 Kulakkarai St
6.Arayapakkam (P) And (R.V), Ward 4 Kulakkarai Irular St
7.Arayapakkam (P) And (R.V), Ward 5 Thulukkanathamman Koil St 999.Overseas Electors",All Voters,All India Anna Dravida Munnetra Kazhagam,377,212,165,Tamilaga Vettri Kazhagam,3,1,6,4,2,5,7,20.75471698113208,2
94,94,193,199,0,13,196,0,0,0,0,5,606,0,606,0,94,Panchayat Union Middle school Karunkuzhi West Facing South Side,"1.Karunguzhi, Ward6 pavazagaraveethi
2.Karunguzhi, Ward6 Bramana Street
3.Karunguzhi, Ward5 Bajanai Koil Street
4.Karunguzhi, Ward5 Tharmaraja Koil Street
5.Karunguzhi, Ward5 vayani vinayagar koil street
6.Karunguzhi, Ward5 Durai Kullakarai
7.Karunguzhi, Ward5 Settipettai Cement Street 999.Overseas Electors",All Voters,All India Anna Dravida Munnetra Kazhagam,199,196,3,Tamilaga Vettri Kazhagam,3,1,5,4,2,5,5,0.495049504950495,0
95,95,330,139,1,18,194,1,0,0,2,2,687,0,687,0,95,Panchayat Union Middle school Karunkuzhi West Facing North Side,"1.Karunguzhi, Ward5 Settipettai
2.Karunguzhi, Ward4 Kizhandai Colony
3.Karunguzhi, Ward4 Kizhandai Coloby 2nd Street
4.Karunguzhi, Ward4 Thirukazhukundram Salai
5.Karunguzhi, Ward4 Padavettamman Muttumariyamman Koil Street
6.Karunguzhi, Ward4 1st cement salai
7.Karunguzhi, Ward4 2nd Cement Street 999.Overseas Electors",All Voters,Dravida Munnetra Kazhagam,330,194,136,Tamilaga Vettri Kazhagam,1,3,5,4,2,5,7,19.7962154294032,2
96,96,238,148,1,14,241,0,0,0,0,1,643,0,643,0,96,C.S.I.Middle School Karunkuzhi South Facing East Side,"1.Karunguzhi, Ward7 Rettikulam
2.Karunguzhi, Ward G.S.T. Road
3.Karunguzhi, Ward7 Pillaiyar Koil Street West
4.Karunguzhi, Ward7 Pillaiyar Koil Street North
5.Karunguzhi, Ward7 Pillaiyar Koil East
6.Karunguzhi, WArd7 Komutti Street
7.Karunguzhi, Ward7 Old Post Office Street
8.Karunguzhi, Ward8 Saththani Street
9.Karunguzhi, Ward8 Nathavethar Street 999.Overseas Electors",All Voters,Tamilaga Vettri Kazhagam,241,238,3,Dravida Munnetra Kazhagam,2,3,5,4,1,6,6,0.4665629860031105,0
97,97,223,204,2,15,263,0,0,0,0,4,711,0,711,0,97,C.S.I.Middle School Karunkuzhi South Facing West Side,"1.Karunguzhi, Ward8 Pattai Street
2.Karunguzhi, Ward8 bazar street
3.Karunguzhi, Ward8 bharvatharaja kula street
4.Karunguzhi, Ward8 Thupullavar Street
5.Karunguzhi, Ward8 Thattara Street
6.Karunguzhi, Ward8 Othhavadai Street
7.Karunguzhi, Ward8 Pazaya Pattai Street
8.Karunguzhi, Ward8 Kavangkarai Saththani Street 999.Overseas Electors",All Voters,Tamilaga Vettri Kazhagam,263,223,40,Dravida Munnetra Kazhagam,2,3,5,4,1,6,6,5.625879043600563,0
98,98,99,131,0,14,121,0,0,0,1,0,366,0,366,0,98,Agasthiyasamy ITI East facing Madurantakam,"1.Mathuranthagam, Ward6 rangan street
2.Mathuranthagam, Ward1 G.S.T. Road 999.Overseas Electors",All Voters,All India Anna Dravida Munnetra Kazhagam,131,121,10,Tamilaga Vettri Kazhagam,3,1,5,4,2,5,5,2.73224043715847,1
99,99,228,205,0,11,247,1,0,0,1,0,693,0,693,0,99,Agasthiyasamy ITI East facing Madurantakam,"1.Mathuranthagam, Ward1 selliyamman theradi street
2.Mathuranthagam, Ward1 Vengadaeswara Nagar
3.Mathuranthagam, Ward1 Rajabather Nagar 999.Overseas Electors",All Voters,Tamilaga Vettri Kazhagam,247,228,19,Dravida Munnetra Kazhagam,2,3,6,4,1,5,6,2.741702741702742,1
100,100,192,268,1,13,223,1,3,0,0,1,702,0,702,0,100,Agasthiyasamy ITI East facing Madurantakam Room 2,"1.Mathuranthagam, Ward3 middle street
2.Mathuranthaga, Ward3 Othavadai Street
3.Mathuranthaga, Ward2, 4 Tharmaraja Koil Street 999.Overseas Electors",All Voters,All India Anna Dravida Munnetra Kazhagam,268,223,45,Tamilaga Vettri Kazhagam,3,1,6,4,2,6,5,6.41025641025641,0
101,101,183,356,2,7,266,0,1,0,1,4,820,0,820,0,101,"Municipal Primary schoolMaduranthagam chilliamman koil Street Madurantakam East Facing West
Side","1.Mathuranthagam, Ward2 Selva Vinayagar Koil Street
2.Mathuranthagam, Ward4 Bhathsingh Street 999.Overseas Electors",All Voters,All India Anna Dravida Munnetra Kazhagam,356,266,90,Tamilaga Vettri Kazhagam,3,1,5,4,2,7,6,10.97560975609756,1
102,102,205,226,1,6,236,0,0,2,0,4,680,0,680,0,102,"PTNVKS Middle School, Chelliamman Theradi Street South Facing West Side","1.Mathuranthagam, Ward5 rangasami street
2.Mathuranthagam, Ward5 Kumith Street
3.Madurantakam M, Ward 4 Mettu Street
4.Mathuranthagam, Ward4 Kambar Street
5.Mathuranthagam, Ward4 Narayanan Street
6.Maduranthagam (T), Ward 2 Mettu Street 999.Overseas Electors",All Voters,Tamilaga Vettri Kazhagam,236,226,10,All India Anna Dravida Munnetra Kazhagam,3,2,5,4,1,6,6,1.470588235294118,2
103,103,131,255,1,15,261,2,1,0,0,3,669,0,669,0,103,"PTNVKS Middle School, Chelliamman Theradi Street South Facing East Side","1.Mathuranthagam, Ward3 Santhikarai Street
2.Mathuranthagam, Ward3,5 Solliyamman Theradi Street
3.Mathuranthagam, Ward3 Solliyamman Theradi 1st Street 999.Overseas Electors",All Voters,Tamilaga Vettri Kazhagam,261,255,6,All India Anna Dravida Munnetra Kazhagam,3,2,6,4,1,5,6,0.8968609865470852,0
104,104,183,241,0,19,362,0,1,1,1,6,814,0,814,0,104,Gengusamy Matriculation High School North Facing,"1.Mathuranthagam, Ward10 power station street
2.Mathuranthagam, Ward10 Santhai Street
3.Mathuranthagam, Ward9 Hospital Road
4.Mathuranthagam, Ward9 murugan koil street
5.Madurantakam, Ward9 kalaignar karunanidhi Nagar 999.Overseas Electors",All Voters,Tamilaga Vettri Kazhagam,362,241,121,All India Anna Dravida Munnetra Kazhagam,3,2,6,4,1,6,5,14.86486486486486,2
105,105,123,152,1,3,154,0,0,0,1,1,435,0,435,0,105,Gengusamy Matriculation High School North Facing,"1.Mathuranthagam, Ward5 kottanagara street
2.Mathuranthagam, Ward9 Rajaji Street
3.Mathuranthagam, Ward Sundarram Nagar
4.Mathuranthagam, Ward10 Santhai 2nd Street 999.Overseas Electors",All Voters,Tamilaga Vettri Kazhagam,154,152,2,All India Anna Dravida Munnetra Kazhagam,3,2,5,4,1,6,6,0.4597701149425287,1
106,106,270,132,0,24,175,1,0,1,0,3,606,0,606,0,106,Saint Josap Matriculation Higher secondary schoolMaduranthagam east west face north building,"1.Mathuranthagam, Ward11 railway station street
2.Mathuranthagam, Ward11 mandabam street
3.Mathuranthagam, Ward11 Mugamthir Street 999.Overseas Electors",All Voters,Dravida Munnetra Kazhagam,270,175,95,Tamilaga Vettri Kazhagam,1,3,6,4,2,5,6,15.67656765676568,1
107,107,204,108,0,13,183,0,0,1,0,1,510,0,510,0,107,Saint Josap Matriculation Higher secondary schoolMaduranthagam North facing East Side building,"1.Mathuranthagam, Ward11 Mandabam Cross Street
2.Mathuranthagam, Ward11 bharathiyar nagar main road
3.Mathuranthagam, Ward11 Bharathiyar Nagar 1st Street
4.Mathuranthagam, Ward11 Bharathiyar Nagar 2nd Street
5.Mathuranthagam, Ward11 Bharathiyar Nagar 3rd Street
6.Mathuranthagam, Ward11 Bharathiyar Nagar 4th Street
7.Mathuranthagam, Ward11 Bharathiyar Nagar 5th Street
8.Mathuranthagam, Ward11 Bharathiyar Nagar 6th Street
9.Mathuranthagam, Ward11Bharathiyar Nagar 7th Street
10.Mathuranthagam, Ward11 bharathiyar nagar 8th street
11.Mathuranthagam, Ward11 Bharathiyar Nagar 10th Street
12.Mathuranthagam, Ward11 Bharathiyar Nagar 11th Street
13.Mathuranthagam, Ward11 Bharathiyar 1st Cross Street
14.Mathuranthagam, Ward11 Bharathiyar 3rd Cross Street
15.Maduranthagam (T), Ward 2 Barathiyar Nagar 2nd Cross Street 999.Overseas Electors",All Voters,Dravida Munnetra Kazhagam,204,183,21,Tamilaga Vettri Kazhagam,1,3,5,4,2,5,5,4.117647058823529,1
108,108,177,162,0,11,197,0,0,0,0,4,551,0,551,0,108,SriAgobila madam Samaskirutha collegeMaduranthagam north st building first room,"1.Mathuranthagam, Ward8 bharathsarathi street
2.Mathuranthagam, Ward8 Pazhaya Police Line
3.Mathuranthagam, Ward8 New Police Line
4.Mathuranthagam, Ward8 Perumal Koil Street
5.Mathuranthagam, Ward8 Sanathi Street 999.OVERSEAS ELECTORS",All Voters,Tamilaga Vettri Kazhagam,197,177,20,Dravida Munnetra Kazhagam,2,3,5,4,1,5,5,3.629764065335753,0
109,109,178,185,0,17,262,0,0,0,0,5,647,0,647,0,109,"SriAgobila madam Samaskirutha college
Maduranthagam East Facing North Side","1.Mathuranthagam, Ward6,9,10 Theradi Street
999.Overseas Electors",All Voters,Tamilaga Vettri Kazhagam,262,185,77,All India Anna Dravida Munnetra Kazhagam,3,2,5,4,1,5,5,11.90108191653787,0
110,110,56,66,0,6,86,1,1,0,0,2,218,0,218,0,110,Sri Agobila madam Samaskirutha college Maduranthagam East Facing South Side,"1.Mathuranthagam, Ward6,8 Bazar Street
2.Mathuranthagam, Ward8 new kavalar appartments
3.Mathuranthagam, Othavaadai Street
4.Mathuranthagam, Theradi Street 999.Overseas Electors",All Voters,Tamilaga Vettri Kazhagam,86,66,20,All India Anna Dravida Munnetra Kazhagam,3,2,7,4,1,5,5,9.174311926605505,0
111,111,128,161,0,7,184,1,0,0,0,0,481,0,481,0,111,Municipal Primary School Senguntharpettai Madurantakam West Facing North Side,"1.Mathuranthagam, Ward19 Kullakarai 2nd Street
2.Mathuranthagam, Ward19 Kullakarai 1st Street Eurular Appartments
3.Mathuranthagam, Ward18 Ponniyamman Koil Street 999.Overseas Electors",All Voters,Tamilaga Vettri Kazhagam,184,161,23,All India Anna Dravida Munnetra Kazhagam,3,2,6,4,1,5,6,4.781704781704782,0
112,112,169,182,1,10,244,1,0,0,0,2,609,0,609,0,112,"Municipal Primary School Senguntharpettai Madurantakam West
Facing North Side","1.Mathuranthagam, Ward14,15,18 Arulaleeswaran Koil Street 999.Overseas Electors",All Voters,Tamilaga Vettri Kazhagam,244,182,62,All India Anna Dravida Munnetra Kazhagam,3,2,5,4,1,5,7,10.18062397372742,0
113,113,237,201,1,16,261,0,0,1,2,4,723,0,723,0,113,Municipal Primary School Senguntharpettai Madurantakam West Facing South Side,"1.Mathuranthagam, Ward19 othiyan kullakarai street
2.Mathuranthagam, Ward18 Devamannar Avenu
3.Mathuranthagam, Ward18 arulaleeswarn koil street
4.Mathuranthagam, Ward18 Arulaleeswaran Koil Street
5.Maduranthagam (T), Ward 2 A.E. Koil Street
6.Mathuranthagam, Ward19 Chinna Colony 999.OVERSEAS ELECTORS",All Voters,Tamilaga Vettri Kazhagam,261,237,24,Dravida Munnetra Kazhagam,2,3,5,4,1,6,6,3.319502074688797,3
114,114,221,203,1,50,266,2,0,0,2,2,747,0,747,0,114,"C.S.I Primary School Acharapakkam Main Roed Maduranthagam West
Facing South Side","1.Mathuranthagam, Ward19 indra nagar
2.Mathuranthagam, Ward15 Pazhaya Machine Road
3.Mathuranthagam, Ward19 Mettu Street
4.Madurantakam, Ward19 Suriya Gardan 999.Overseas Electors",All Voters,Tamilaga Vettri Kazhagam,266,221,45,Dravida Munnetra Kazhagam,2,3,6,4,1,5,7,6.024096385542169,2
115,115,176,69,3,9,156,0,1,0,0,5,419,0,419,0,115,"C.S.I Primary School Acharapakkam Main Roed Maduranthagam West
Facing North Side","1.Mathuranthagam, Ward19 Pazaveri Kuttai
2.Mathuranthagam, Ward19 Acharapakkam Road
3.Mathuranthagam, Ward19 Malattukkuttai Street 1st
4.Mathuranthagam, Ward19 Bangala Colony
5.Mathuranthagam, Ward Malattukuttai Street 2nd 999.Overseas Electors",All Voters,Dravida Munnetra Kazhagam,176,156,20,Tamilaga Vettri Kazhagam,1,3,5,4,2,7,6,4.77326968973747,0
116,116,181,260,2,15,262,0,0,0,0,2,722,0,722,0,116,"C.S.I Primary School Acharapakkam Main Roed Maduranthagam West
Facing South Side","1.Mathuranthagam, Ward15 Arunankullam
2.Mathuranthagam, Ward15 Thiru.V.K. Street
3.Mathuranthagam, Ward14,15 Acharapakkam Road
4.Mathuranthagam, Ward14 pillaiyar koil street
5.Mathuranthagam, Ward14 Variyar Street 999.Overseas Electors",All Voters,Tamilaga Vettri Kazhagam,262,260,2,All India Anna Dravida Munnetra Kazhagam,3,2,5,4,1,6,6,0.2770083102493075,0
117,117,154,248,0,5,121,2,0,0,0,3,533,0,533,0,117,Municipal Middle school East Facing Mocherry Maduranthagam,"1.Mathuranthagam, Ward17 Mochserri West Street
2.Mathuranthagam, Ward17 Mochserri North Street
3.Mathuranthagam, Ward17 Mochserri Middle Street 999.Overseas Electors",All Voters,All India Anna Dravida Munnetra Kazhagam,248,154,94,Dravida Munnetra Kazhagam,2,1,6,4,3,5,6,17.6360225140713,0
118,118,220,342,0,20,231,1,1,1,2,1,819,0,819,0,118,Municipal Middle school East Facing Mocherry Maduranthagam,"1.Mathuranthagam, Ward16 Mochserri South Street
2.Mathuranthagam, Ward16 Mochserri Colony
3.Mathuranthagam, Ward16 Mochserri East Street 999.Overseas Electors",All Voters,All India Anna Dravida Munnetra Kazhagam,342,231,111,Tamilaga Vettri Kazhagam,3,1,7,4,2,5,5,13.55311355311355,3
119,119,219,199,0,10,167,0,1,0,0,7,603,0,603,0,119,Hindu Garnesan Midde School Mdurantakam South Facing,"1.Mathuranthagam, Ward7 Kachcherry Steert
2.Mathuranthagam, Ward7 Ramanujam Street
3.Mathuranthagam, Ward7 PalliPattu Narasiman Street
4.Mathuranthagam, Ward7 Bharthasarthy Street
5.Mathuranthagam, Ward7 rajagopal street
6.Mathuranthagam, Ward7,9, Sunambedu Road 999.Overseas Electors",All Voters,Dravida Munnetra Kazhagam,219,199,20,All India Anna Dravida Munnetra Kazhagam,1,2,6,4,3,6,5,3.316749585406302,0
120,120,145,137,1,9,186,0,0,0,0,4,482,0,482,0,120,Hindu Garnesan Midde School Mdurantakam East Facing,"1.Mathuranthagam, Ward7 meenakshi amman koil street
2.Mathuranthagam, Ward7 Maruthi Nagar
3.Mathuranthagam, Ward7 Ananth Nagar Main Road
4.Mathuranthagam, Ward7 Ananth Nagar 2nd Main Road
5.Mathuranthagam, Ward7 Ananth Nagar 3rd Street
6.Maduranthagam, Ward 2 Anand Nagar 4th Cross Street
7.Madhuranthakam, Ward 7,9 Sunambedu Road 999.Overseas Electors",All Voters,Tamilaga Vettri Kazhagam,186,145,41,Dravida Munnetra Kazhagam,2,3,5,4,1,6,6,8.506224066390041,0
121,121,278,205,1,13,309,0,1,2,0,0,809,0,809,0,121,Saint Josap Matriculation Higher secondary schoolMaduranthagam North Facing,"1.Mathuranthagam, Ward1 Kadpperri
2.Mathuranthagam, Ward12 venkatteswaran koil street
3.Mathuranthagam, Ward12 Vivekanathar Street
4.Mathuranthagam, Ward12 Bajanai Koil Street
5.Mathuranthagam, Ward12 Kadpperri Punthottam
6.Madurantakam, Ward12 Amrith Nagar 999.Overseas Electors",All Voters,Tamilaga Vettri Kazhagam,309,278,31,Dravida Munnetra Kazhagam,2,3,5,4,1,7,5,3.831891223733003,2
122,122,255,183,0,20,286,0,1,0,1,4,750,0,750,0,122,Hindu Garnesan Midde School Mdurantakam South Facing,"1.Mathuranthagam, Ward13 Bharthasarthy Street
2.Mathuranthagam, Ward3 appan street
3.Mathuranthagam, Ward13 Bharathy Street
4.Mathuranthagam, Ward13 Mariyamman Koil Street
5.Mathuranthagam, Ward13 illango street
6.Mathuranthagam, Ward13 Thiruvalluvar Street
7.Madurantakam, Ward13 Eri Sai Ram Nagar Street 999.Overseas Electors",All Voters,Tamilaga Vettri Kazhagam,286,255,31,Dravida Munnetra Kazhagam,2,3,6,4,1,6,5,4.133333333333333,1
123,123,217,209,3,8,193,0,0,0,3,3,636,0,636,0,123,"R.C Middle School, Mangalore tiled West facing Room 6","1.Mathuranthagam, Ward22 kalakkapur
2.Mathuranthagam, Ward22 Sathannur Colony
3.Mathuranthagam, Ward22 Sathanur Mariyamman Koil Street
4.Mathuranthagam, Ward22 Sathanur New Street
5.Mathuranthagam, Ward21 Lurthupuram
6.Mathuranthagam, Ward21 Gangaiyamman Koil Street 999.Overseas Electors",All Voters,Dravida Munnetra Kazhagam,217,209,8,All India Anna Dravida Munnetra Kazhagam,1,2,5,4,3,6,6,1.257861635220126,3
124,124,176,142,0,14,311,0,0,0,0,3,646,0,646,0,124,R.C.High School North Facing Maduranthagam Gandhi nagar,"1.Maduranthagam, Ward 22 Housing Board
2.Maduranthagam, Ward 21 Arungunam Road
3.Mathuranthagam, Ward22 sathanoor pillaiyar koil street
4.Mathuranthagam, Ward21 Ghandhi Nagar East Street 999.Overseas Electors",All Voters,Tamilaga Vettri Kazhagam,311,176,135,Dravida Munnetra Kazhagam,2,3,5,4,1,5,5,20.89783281733746,0
125,125,195,93,3,18,226,2,3,0,0,4,544,0,544,0,125,R.C.High School North Facing Room 7 Maduranthagam Gandhi nagar,"1.Mathuranthagam, Ward22 kalakkapur
2.Mathuranthagam, Ward20 Ghandhi Nagar North Street
3.Mathuranthagam, Ward20 Ghandhi Nagar West Street 999.Overseas Electors",All Voters,Tamilaga Vettri Kazhagam,226,195,31,Dravida Munnetra Kazhagam,2,3,5,4,1,7,5,5.698529411764706,0
126,126,213,131,0,9,189,1,0,0,1,3,547,0,547,0,126,R.C.High School West Facing gandhi nagar Maduranthagam,"1.Mathuranthagam, Ward20 mariyamman koil street
2.Mathuranthagam, Ward20 Railway Station Road
3.Mathuranthagam, Ward20 govt. appartment thirvalluvar street
4.Mathuranthagam, Ward20 Nethaji Street
5.Mathuranthagam, Ward20 Kambar Street
6.Mathuranthagam (t), Ward20 gov.appartment kannadasan street
7.Mathuranthagam (T), Ward 1 Thiruvalluvar Street 999.Overseas Electors",All Voters,Dravida Munnetra Kazhagam,213,189,24,Tamilaga Vettri Kazhagam,1,3,6,4,2,5,6,4.387568555758683,1
127,127,170,163,1,7,204,0,0,0,0,3,548,0,548,0,127,Municipal Primary school mambakkam North side West Facing Room No 1,"1.Mathuranthagam, Ward23 pazhaya mambakkam colony
2.Madhurathagam, Ward23 sunambedu road 999.Overseas Electors",All Voters,Tamilaga Vettri Kazhagam,204,170,34,Dravida Munnetra Kazhagam,2,3,5,4,1,6,6,6.204379562043796,0
128,128,182,195,0,14,200,0,1,0,1,3,596,0,596,0,128,"Municipal Primary school Mampakkam, West facing South side Room No 2","1.Mathuranthagam, Ward23 bajanai koil street
2.Madhurathagam, Ward23 Ghandhiji Street
3.Madhurathagam, Ward23 Mariyamman Koil Street 999.Overseas Electors",All Voters,Tamilaga Vettri Kazhagam,200,195,5,All India Anna Dravida Munnetra Kazhagam,3,2,6,4,1,6,5,0.8389261744966443,1
129,129,288,291,1,29,355,0,2,1,3,5,975,0,975,0,129,Gurukulam Government High School West Facing,"1.Madhurathagam, Ward24 PudhuMambakkammariyamman Koil Street
2.Madhurathagam, Ward24 NewMambakkam Banajnai Koil Street
3.Madhurathagam, Ward24 New Mambakkam Pillaiyar Koil Street
4.Madhurathagam, Ward24 new mambakkam sunambedu road
5.Madhurathagam, Ward24 NewMamabakkam Gurukullam
6.Madhurathagam, Ward24 new mambakkam kattuk colony
7.Madhurathagam, Ward24 New Mamabakkam Sunambedu Road
8.Madhurathagam, Ward24 Veeranam Road
9.Madurantakam(M), Selva Vinayagar Street 999.Overseas Electors",All Voters,Tamilaga Vettri Kazhagam,355,291,64,All India Anna Dravida Munnetra Kazhagam,3,2,6,4,1,7,5,6.564102564102564,4
130,130,253,166,0,14,215,1,0,0,1,3,653,0,653,0,130,"R.C.Higher Secondary School, Thandalam South Facing East Side","1.Thandalam (P) And (R.V), Ward 4 Pettai st
2.Thandalam (P) And (R.V), Ward 4 2nd st
3.Thandalam (P) And (R.V), Ward 4 3rd st
4.Thandalam (P) And (R.V), Ward 4 4th st
5.Thandalam (P) And (R.V), Ward 4 5th st 999.Overseas Electors",All Voters,Dravida Munnetra Kazhagam,253,215,38,Tamilaga Vettri Kazhagam,1,3,6,4,2,5,6,5.819295558958652,1
131,131,229,110,0,5,187,0,1,0,0,1,533,0,533,0,131,"R.C.Higher Secondary School, Thandalam South Facing West Side","1.Thandalam (P) And (R.V), Ward 4 6th st Mettucolony st
2.Thandalam (P) And (R.V), Ward 4 Mada koil st
3.Thandalam (P) And (R.V), Ward 4 Santhu st
4.Thandalam (P) And (R.V), Ward 4 Thandalam village 999.Overseas Electors",All Voters,Dravida Munnetra Kazhagam,229,187,42,Tamilaga Vettri Kazhagam,1,3,6,4,2,6,5,7.879924953095685,0
132,132,184,273,1,13,176,0,1,1,0,3,652,0,652,0,132,"Government Higher Secondary School,Morapakkam East Facing Room 1","1.Morapakkam (P) And (R.V), Ward 3 allampadi st
2.Morapakkam (P) And (R.V), Ward 3 South st
3.Morapakkam (P) And (R.V), Ward 3 perumal koil st
4.Morapakkam (P) And (R.V), Ward 2 mariamman koil st
5.Morapakkam (P) And (R.V), Ward 2 Pillaiyarkoil st
6.Morapakkam (P) And (R.V), Ward 2 Ricemill st
7.Morapakkam (P) And (R.V), Ward w Mettu st
8.Morapakkam (P) And (R.V), Ward 3 Kullakarai st 999.Overseas Electors",All Voters,All India Anna Dravida Munnetra Kazhagam,273,184,89,Dravida Munnetra Kazhagam,2,1,5,4,3,7,5,13.65030674846626,1
133,133,140,227,1,14,268,2,0,0,1,2,655,0,655,0,133,"Government Higher Secondary School,Morapakkam East Facing Room 2","1.Morapakkam (P) And (R.V), Ward 3 Gangaiamman koil st
2.Morapakkam (P) And (R.V), Ward 3 Govt.Higher Secondary School st
3.Morapakkam (P) And (R.V), Ward 3 JJNagar Pillaiyar koil st
4.Morapakkam (P) And (R.V), Ward 3 JJ Nagar Killakku St
5.Morapakkam (P) And (R.V), Ward 3 Abiramapuram Kodalur salai
6.Morapakkam (P) And (R.V), Ward 3 Abiramapuram Mariamman Koil st
7.Morapakkam (P) And (R.V), Ward 3 L. Endathur Salai
8.Morapakkam (P) And (R.V), Ward 3 West St 999.Overseas Electors",All Voters,Tamilaga Vettri Kazhagam,268,227,41,All India Anna Dravida Munnetra Kazhagam,3,2,6,4,1,5,7,6.259541984732825,1
134,134,202,382,1,8,214,3,2,1,5,2,820,0,820,0,134,"Government Higher Secondary SChool,Morapakkam West Facing Room 1","1.Morappakkam (P) And (R.V), Ward 4 pillaiyar koil st, karunakara valagam
2.Morappakkam (P) And (R.V), Ward 4 Mariamman Koil st, Karunakara Valagam
3.Morappakkam (P) And (R.V), Ward 1 Pillaiyar Koil st Puthur
4.Morappakkam (P) And (R.V), Ward 1 mariamman koil st, puthur
5.Morappakkam (P) And (R.V), Ward 1 Achari St, Puthur
6.Morappakkam (P) And (R.V), Ward 1 pal society st, puthur
7.Morappakkam (P) And (R.V), Ward 1 Mocheri Salai, Puthur
8.Morappakkam (P) And (R.V), Ward 4 Maduranthagam Salai, Chinna Karunakara Valagam
9.Morappakkam (P) And (R.V), Ward 1 tank st, chinna karunakara valagam
10.Morappakkam (P) And (R.V), Ward 1 Vanniyar St, Chinna Karunakara Valagam 999.Overseas Electors",All Voters,All India Anna Dravida Munnetra Kazhagam,382,214,168,Tamilaga Vettri Kazhagam,3,1,7,4,2,5,6,20.48780487804878,6
135,135,196,191,1,12,155,0,0,0,2,4,561,0,561,0,135,"Government Higher Secondary School,Morapakkam West Facing Room 2","1.Morappakkam (P) And (R.V), Mariamman Koil st Colony
2.Morappakkam (P) And (R.V), Ward 4 West st Kalani
3.Morappakkam (P) And (R.V), Ward 4 North st Kalani
4.Morappakkam (P) And (R.V), Ward 4 Nadu st 1 Kalani
5.Morappakkam (P) And (R.V), Ward 4 South st Kalani
6.Morappakkam (P) And (R.V), Ward 4 Nadu st 2 Kalani
7.Morappakkam (P) And (R.V), Ward 4 North st 2 Kalani
8.Morappakkam (P) And (R.V), Ward 1 Buthur Salai, Arunthathipalayam
9.Morappakkam (P) And (R.V), Ward 1 Mariamman Koil st, Arunthathipalayam 999.Overseas Electors",All Voters,Dravida Munnetra Kazhagam,196,191,5,All India Anna Dravida Munnetra Kazhagam,1,2,5,4,3,6,6,0.8912655971479502,2
136,136,278,283,0,10,295,1,1,0,0,3,871,0,871,0,136,PANCHAYAT UNION MIDDLE SCHOOL GUDALORE WEST FACING NORTH SIDE,"1.Kodalur (P) And (R.V), Ward 1 Shcool St
2.Kodalur (P) And (R.V), Ward 1 Bajanai Koil st
3.Kodalur (P) And (R.V), Ward 1 Yadavar St
4.Kodalur (P) And (R.V), Ward 3 Indira Colony St
5.Kodalur (P) And (R.V), Ward 1 Koodalur Colony Salai
6.Kodalur (P) And (R.V), Ward 2 Koodalur Colony Nadu st
7.Kodalur (P) And (R.V), Ward 2 Mariamman Koil st
8.Kodalur (P) And (R.V), Ward 2 2nd Cross st
9.Kodalur (P) And (R.V), Ward 2 3rd Cross st
10.Kodalur (P) And (R.V), Ward 2 Kambar St
11.Kodalur (P) And (R.V), Ward 2 Bathar st
12.Kodalur (P) And (R.V), Ward 3 Periya Andavar St
13.Kodalur (P) And (R.V), Ward 3 Gandhi st 999.Overseas Electors",All Voters,Tamilaga Vettri Kazhagam,295,283,12,All India Anna Dravida Munnetra Kazhagam,3,2,7,4,1,5,5,1.377726750861079,0
137,137,303,253,1,8,192,1,0,1,2,4,765,0,765,0,137,"Panchayat Union Middle School, Gudalore West Facing South Side","1.Kodalur (P) And (R.V), Ward 3 Jothi nagar st
2.Kodalur (P) And (R.V), Ward 3 Nehru st
3.Kodalur (P) And (R.V), Ward 3 Kamarajar St
4.Kodalur (P) And (R.V), Ward 3 Uthukkattuamman 1 st cross st
5.Kodalur (P) And (R.V), Ward 3 Uthukkattuamman st
6.Kodalur (P) And (R.V), Ward 3 Uthukkattuamman 2nd cross st
7.Kodalur (P) And (R.V), Ward 3 Gangaiamman koil st
8.Kodalur (P) And (R.V), Ward 3 Uthukkattamman 3rd cross st
9.Kodalur (P) And (R.V), Ward 1 Kazhanipakkam village
10.Kodalur (P) And (R.V), Ward 1 Tank St 1
11.Kodalur (P) And (R.V), Ward 1 Kazhanipakkam 1 Cross st
12.Kodalur (P) And (R.V), Ward 1 Kazhanipakkam Mariamman koil st
13.Kodalur (P) And (R.V), Ward 1 Kazhanipakkam 2 cross st 999.Overseas Electors",All Voters,Dravida Munnetra Kazhagam,303,253,50,All India Anna Dravida Munnetra Kazhagam,1,2,5,4,3,5,7,6.535947712418301,3
138,138,120,350,1,6,105,0,1,2,3,1,589,0,589,0,138,"Panchayat Union Middle School, Mathur South Facing East side","1.Mathur (P) And (R.V), Ward 1 kulakarai st
2.Mathur (P) And (R.V), Ward 1 Vinayagar koil st
3.Mathur (P) And (R.V), Ward 1 Nadu St
4.Mathur (P) And (R.V), Ward 1 perumal koil st
5.Mathur (P) And (R.V), Ward 1 Acharai st
6.Mathur (P) And (R.V), Ward 1 Thropathi amman koil st
7.Mathur (P) And (R.V), Ward 1 Pallikooda st 999.Overseas Electors",All Voters,All India Anna Dravida Munnetra Kazhagam,350,120,230,Dravida Munnetra Kazhagam,2,1,5,4,3,7,5,39.04923599320883,5
139,139,242,133,1,15,169,0,2,0,0,2,564,0,564,0,139,"Panchayat Union Middle School, Mathur South Facing North side","1.Mathur (P) And (R.V), Ward 2 Mariamman koil st
2.Mathur (P) And (R.V), Ward 2 Killakku st
3.Mathur (P) And (R.V), Ward 2 Mada koil st
4.Mathur (P) And (R.V), Ward 2 Kurukku st
5.Mathur (P) And (R.V), Ward 2 Mariamman koil st
6.Mathur (P) And (R.V), Ward 2 Gangaiamman koil st
7.Mathur (P) And (R.V), Ward 2 Reddiyar st (Chinthamani)
8.Mathur (P) And (R.V), Ward 2 Reddiyar st (Muniyanthangal)
9.Mathur (P) And (R.V), Ward 2 Chettiyar st
10.Mathur (P) And (R.V), Ward 2 Ponniyamman koil st 999.Overseas Electors",All Voters,Dravida Munnetra Kazhagam,242,169,73,Tamilaga Vettri Kazhagam,1,3,6,4,2,7,5,12.94326241134752,0
140,140,105,216,1,4,72,0,0,0,0,1,399,0,399,0,140,Panchayat Union Primary School Sempoondi West Facing North Side,"1.Chempoondi (P) And (R.V), Ward 1 Keizhandai Main Road
2.Chempoondi (P) And (R.V), Ward 1 Andi St
3.Chempoondi (P) And (R.V), Ward 1 Bajanai koil st
4.Chempoondi (P) And (R.V), Ward 1 Manambathan st 999.Overseas Electors",All Voters,All India Anna Dravida Munnetra Kazhagam,216,105,111,Dravida Munnetra Kazhagam,2,1,5,4,3,6,6,27.81954887218045,0
141,141,126,466,1,8,148,1,1,1,2,3,757,0,757,0,141,Panchayat Union Primary School Sempoondi West Facing,"1.Chempoondi (P) And (R.V), Ward 1 Erikarai St
2.Chempoondi (P) And (R.V), Ward 1 Mariamman Koil st
3.Chempoondi (P) And (R.V), Ward 2 Mellandai Main Road
4.Chempoondi (P) And (R.V), Ward 2 Acharai st
5.Chempoondi (P) And (R.V), Ward 2 Gangaiamman koil st
6.Chempoondi (P) And (R.V), Ward s MGR Nagar
7.Chempoondi (P) And (R.V), Ward 1 Perumal Koil st
8.Chempoondi (P) And (R.V), Ward 1 Kanniamman Koil st 999.Overseas Electors",All Voters,All India Anna Dravida Munnetra Kazhagam,466,148,318,Tamilaga Vettri Kazhagam,3,1,5,4,2,5,5,42.00792602377807,3
142,142,271,381,1,10,96,0,0,0,1,8,768,0,768,0,142,Panchayat Union Middle School Kiliyanagar West Facing Room no 1,"1.Kiliya nagar (P) And (R.V), Ward 4 kill vada st
2.Kiliya nagar (P) And (R.V), Ward 4 Brammanar St
3.Kiliya nagar (P) And (R.V), Ward 3 Kottai medu St
4.Kiliya nagar (P) And (R.V), Ward 3 mariamman Koil St
5.Kiliya nagar (P) And (R.V), Ward 3 Reddiyar St
6.Kiliya nagar (P) And (R.V), Ward 3 Pillaiyar Koil St
7.Kiliya nagar (P) And (R.V), Ward 3 Thropathiamman Koil St 999.Overseas Electors",All Voters,All India Anna Dravida Munnetra Kazhagam,381,271,110,Dravida Munnetra Kazhagam,2,1,5,4,3,6,6,14.32291666666667,1
143,143,125,208,1,3,86,0,0,0,0,2,425,0,425,0,143,Panchayat Union Middle School Kiliyanagar West Facing Room no 2,"1.Kiliya nagar (P) And (R.V), Ward 2 Keizh colony st
2.Kiliya nagar (P) And (R.V), Ward 2 Vinayagapuram
3.Kiliya nagar (P) And (R.V), Ward 2 Eswaran Koil st
4.Kiliya nagar (P) And (R.V), Ward 2 Kullakarai st
5.Kiliya nagar (P) And (R.V), Ward 2 Room Nagar
6.Kiliya nagar (P) And (R.V), Ward 4 Keaivadai Street 999.Overseas Electors",All Voters,All India Anna Dravida Munnetra Kazhagam,208,125,83,Dravida Munnetra Kazhagam,2,1,5,4,3,6,6,19.52941176470588,0
144,144,227,440,2,18,189,3,0,0,1,1,881,0,881,0,144,Panchayat Union Primary schoolWest Side Ottakoil,"1.Killiya nagar (P) And (R.V), Ward 1 ottakkoil salai
2.Killiya nagar (P) And (R.V), Ward 1 Mettupalayam
3.Killiya nagar (P) And (R.V), Ward 1 Ullunda salai
4.Killiya nagar (P) And (R.V), Ward 1 Sunayamparai Ambedkar Nagar
5.Killiya nagar (P) And (R.V), Ward 1 Sunayamparai 999.Overseas Electors",All Voters,All India Anna Dravida Munnetra Kazhagam,440,227,213,Dravida Munnetra Kazhagam,2,1,6,4,3,5,7,24.17707150964813,1
145,145,99,77,0,11,67,0,0,0,0,1,255,0,255,0,145,"PANCHAYAT UNION MIDDLE SCHOOL
Pathiri North facing","1.Bathiri (P) And (R.V), Ward 1 Ellamman st
2.Bathiri (P) And (R.V), Ward 1 kullakarai st
3.Bathiri (P) And (R.V), Ward 1 Brammanar st
4.Bathiri (P) And (R.V), Ward 2 Kuttaikarai st
5.Bathiri (P) And (R.V), Ward 1 Battai st
6.Bathiri (P) And (R.V), Ward 1 Sivarambattai st
7.Bathiri (P) And (R.V), Ward 1 Kammalar st
8.Bathiri (P) And (R.V), Ward 1 Othavadai st 999.Overseas Electors",All Voters,Dravida Munnetra Kazhagam,99,77,22,All India Anna Dravida Munnetra Kazhagam,1,2,5,4,3,5,5,8.627450980392156,0
146,146,193,409,2,27,277,0,1,1,1,4,915,0,915,0,146,"PANCHAYAT UNION MIDDLE SCHOOL
Pathiri East Facing","1.Bathiri (P) And (R.V), Ward 1 Periya st
2.Bathiri (P) And (R.V), Ward 2 Mariamman Koil st
3.Bathiri (P) And (R.V), Ward 2 Palayam st
4.Bathiri (P) And (R.V), Ward 3 Anna Nagar
5.Bathiri (P) And (R.V), Ward 3 Mariamman koil st
6.Bathiri (P) And (R.V), Ward 3 Pillaiyar st
7.Bathiri (P) And (R.V), Ward 3 Mettu st 999.Overseas Electors",All Voters,All India Anna Dravida Munnetra Kazhagam,409,277,132,Tamilaga Vettri Kazhagam,3,1,5,4,2,7,6,14.42622950819672,2
147,147,236,365,0,12,254,1,0,0,0,2,870,0,870,0,147,"Panchayat Union Primary School, Velamur South Facing","1.Velamur (P) And (R.V), Ward 1 madakoil st
2.Velamur (P) And (R.V), Ward 1 Battai st
3.Velamur (P) And (R.V), Ward 1 Cross st
4.Velamur (P) And (R.V), Ward 1 North st
5.Velamur (P) And (R.V), Ward 1 Pillaiyar koil st
6.Velamur (P) And (R.V), Ward 1 Muthumariamman koil st
7.Velamur (P) And (R.V), Ward 1 Brammanar st
8.Velamur (P) And (R.V), Ward 1 Ratinakinaru st
9.Velamur (P) And (R.V), Ward 1 mariamman koil st
10.Velamur (P) And (R.V), Ward 1 Tank st
11.Velamur (P) And (R.V), Ward 1 2nd street
12.Velamur (P) And (R.V), Ward 1 1st street
13.Velamur (P) And (R.V), Ward 2 Chunnambu battai st
14.Velamur (P) And (R.V), Ward 2 Mariamman koil st
15.Velamur (P) And (R.V), Ward 2 Chilliamman koil st
16.Velamur (P) And (R.V), Ward 2 Melvadakku st
17.Velamur (P) And (R.V), Ward 1 Bathiri road 999.Overseas Electors",All Voters,All India Anna Dravida Munnetra Kazhagam,365,254,111,Tamilaga Vettri Kazhagam,3,1,6,4,2,5,6,12.75862068965517,0
148,148,141,344,0,14,178,0,0,0,2,4,683,0,683,0,148,PANCHAYAT UNION PRIMARY SCHOOL RAMAPURAM EAST FACING SOUTH SIDE,"1.Velamur (P) And (R.V), Ward 4 new st
2.Velamur (P) And (R.V), Ward 4 Reddiyar st
3.Velamur (P) And (R.V), Ward 4 Nadu st
4.Velamur (P) And (R.V), Ward 4 Periya Palayathamman st
5.Velamur (P) And (R.V), Ward 4 Kullakarai st
6.Velamur (P) And (R.V), Ward 4 Erular st
7.Velamur (P) And (R.V), Ward 4 Battai st
8.Velamur (P) And (R.V), Ward 4 Pudu st
9.Velamur (P) And (R.V), Ward 4 Mariamman koil st
10.Velamur (P) And (R.V), Ward 4 Kangu reddiyar st 999.Overseas Electors",All Voters,All India Anna Dravida Munnetra Kazhagam,344,178,166,Tamilaga Vettri Kazhagam,3,1,5,4,2,5,5,24.30453879941435,2
149,149,136,404,3,24,234,0,0,3,2,5,811,0,811,0,149,PANCHAYAT UNION PRIMARY SCHOOL RAMAPURAM EAST FACING,"1.Velamur (P) And (R.V), Ward 4 Murugan koil st
2.Velamur (P) And (R.V), Ward 3 Elappakkam st road
3.Velamur (P) And (R.V), Ward 3 Balanaickan palayam st
4.Velamur (P) And (R.V), Ward 3 Pillaiyar Koil st
5.Velamur (P) And (R.V), Ward Nadu st
6.Velamur (P) And (R.V), Ward 3 Mel St
7.Velamur (P) And (R.V), Ward 3 Vandavashi Road 999.Overseas Electors",All Voters,All India Anna Dravida Munnetra Kazhagam,404,234,170,Tamilaga Vettri Kazhagam,3,1,5,4,2,6,6,20.96177558569667,5
150,150,295,284,3,13,229,1,1,0,1,2,829,0,829,0,150,Panchayat Union Middle School Kizhamur North Facing,"1.Keizhamur (P) And (R.V), Keizhamur village main road
2.Keizhamur (P) And (R.V), Ward 4 Pillaiyar Koil st
3.Keizhamur (P) And (R.V), Ward 4 Mettu st
4.Keizhamur (P) And (R.V), Ward 2 Naidu st
5.Keizhamur (P) And (R.V), Ward 2 Tank St
6.Keizhamur (P) And (R.V), Ward 3 Keizhamur colony main road
7.Keizhamur (P) And (R.V), Ward 3 Keizhamur colony Muthumariamman koil st
8.Keizhamur (P) And (R.V), Ward 2 Munamalai pattu village
9.Keizhamur (P) And (R.V), Ward 1 Pasuvankaranai village main road
10.Keizhamur (P) And (R.V), Ward 1 Pasuvankaranai village 1st street
11.Keizhamur (P) And (R.V), Ward 1 Pasuvankaranai village nadu st 999.Overseas Electors",All Voters,Dravida Munnetra Kazhagam,295,284,11,All India Anna Dravida Munnetra Kazhagam,1,2,5,4,3,6,6,1.326899879372738,1
151,151,148,188,0,9,203,0,0,2,1,2,553,0,553,0,151,"PANCHAYAT UNION PRIMARY SCHOOL
ORATHUR East Facing","1.Orathur (P) And (R.V), Ward 4 pillaiyar koil st
2.Orathur (P) And (R.V), Ward 4 Brammanar st
3.Orathur (P) And (R.V), Ward 1 Mariamman koil st
4.Orathur (P) And (R.V), Ward 1 Erikarai st
5.Orathur (P) And (R.V), Ward 3 1st Nedukku st
6.Orathur (P) And (R.V), Ward 3 1 st Cross st
7.Orathur (P) And (R.V), Ward 3 2nd cross st
8.Orathur (P) And (R.V), Ward 1 3rd cross st
9.Orathur (P) And (R.V), Ward 1 2nd Nedukku st
10.Orathur (P) And (R.V), Ward 2 1st Cross st
11.Orathur (P) And (R.V), Ward 2 2nd colony
12.Orathur (P) And (R.V), Ward 2 3rd cross st
13.Orathur (P) And (R.V), Ward 2 Nedukku st 999.Overseas Electors",All Voters,Tamilaga Vettri Kazhagam,203,188,15,All India Anna Dravida Munnetra Kazhagam,3,2,5,4,1,5,5,2.7124773960217,3
152,152,214,224,0,13,237,1,0,0,0,1,690,0,690,0,152,Panchayat Union Middle School Kattukudalore North Facing,"1.Kattukoodalur (P) And (R.V), Ward 1 villi st
2.Kattukoodalur (P) And (R.V), Ward 1 Pillaiyar koil st
3.Kattukoodalur (P) And (R.V), Ward 2 Amman koil st
4.Kattukoodalur (P) And (R.V), Ward 2 Nadu st
5.Kattukoodalur (P) And (R.V), Ward 3 First st
6.Nemam (P) And (R.V), Ward 2 Mariamman koil st 999.OVERSEAS ELECTORS",All Voters,Tamilaga Vettri Kazhagam,237,224,13,All India Anna Dravida Munnetra Kazhagam,3,2,6,4,1,5,6,1.884057971014493,0
153,153,273,149,0,23,342,0,0,1,0,3,791,0,791,0,153,PANCHAYAT UNION PRIMARY SCHOOL ATHIVAKKAM WEST FACING,"1.Nemam (P) And (R.V), Ward 2 Thidir Nagar
2.Nemam (P) And (R.V), Ward 2 Mariamman koil st
3.Nemam (P) And (R.V), Ward 2 Mada koil st
4.Nemam (P) And (R.V), Ward 2 Odai st
5.Nemam (P) And (R.V), Ward 3 Odai st
6.Nemam (P) And (R.V), Ward 3 Nemam Pudu colony
7.Nemam (P) And (R.V), Ward 3 neman pudu colony
8.Athivakkam (P) And (R.V), Athivakkam Main Road
9.Athivakkam (P) And (R.V), Ward 1 Vettaikara st
10.Athivakkam (P) And (R.V), Ward 1 mettu st 999.Overseas Electors",All Voters,Tamilaga Vettri Kazhagam,342,273,69,Dravida Munnetra Kazhagam,2,3,5,4,1,5,5,8.72313527180784,1
154,154,129,127,2,9,104,0,0,0,0,1,372,0,372,0,154,Panchayat Union Primary School Kattukarani East Facing South Side,"1.Kattukaranai (P) And (R.V), Ward 1 vadavandai st
2.Kattukaranai (P) And (R.V), Ward 1 Mettu st
3.Kattukaranai (P) And (R.V), Ward 2 Santhu st
4.Kattukaranai (P) And (R.V), Ward 2 Mariamman koil st
5.Kattukaranai (P) And (R.V), Ward 1 Bajanai koil st
6.Kattukaranai (P) And (R.V), Ward 1 Gangaiamman koil st
7.Kattukaranai (P) And (R.V), Ward Vettaikara st 999.Overseas Electors",All Voters,Dravida Munnetra Kazhagam,129,127,2,All India Anna Dravida Munnetra Kazhagam,1,2,5,4,3,6,6,0.5376344086021506,0
155,155,228,319,2,20,188,1,3,0,4,7,772,0,772,0,155,Panchayat Union Primary School Kattukarani East Facing North Side,"1.Kattukaranai (P) And (R.V), Ward 3 Kulakarai st
2.Kattukaranai (P) And (R.V), Ward 3 Boovadaiamman st
3.Kattukaranai (P) And (R.V), Ward 3 Mariamman koil st colony
4.Kattukaranai (P) And (R.V), Ward 3 Vanniar st
5.Kattukaranai (P) And (R.V), Ward 3 Pillaiyar koil st
6.Kattukaranai (P) And (R.V), Ward 3 Anna nagar west
7.Kattukaranai (P) And (R.V), Ward 3 Anna nagar west 999.Overseas Electors",All Voters,All India Anna Dravida Munnetra Kazhagam,319,228,91,Dravida Munnetra Kazhagam,2,1,6,4,3,7,5,11.78756476683938,4
156,156,214,211,2,21,245,0,0,0,0,3,696,0,696,0,156,Panchayat Union Primary School Mogalvadi East Facing,"1.Mogalvadi (P) And (R.V), Ward 1 kattkaranai road
2.Mogalvadi (P) And (R.V), Ward 1 Kurukku st
3.Mogalvadi (P) And (R.V), Ward 1 Mariamman koil st
4.Mogalvadi (P) And (R.V), Ward 1 Mettu st
5.Mogalvadi (P) And (R.V), Ward 1 Pillaiyar koil st
6.Mogalvadi (P) And (R.V), Ward 2 south st
7.Mogalvadi (P) And (R.V), Ward 1 East St
8.Mogalvadi (P) And (R.V), Ward 1 School st
9.Mogalvadi (P) And (R.V), Ward 1 Santhu St
10.Mogalvadi (P) And (R.V), Ward 1 Elappakkam road
11.Mogalvadi (P) And (R.V), Ward 1 Kuripedu road
12.Mogalvadi (P) And (R.V), Ward 2 Sekkilar st
13.Mogalvadi (P) And (R.V), Ward 2 Valluvar St
14.Mogalvadi (P) And (R.V), Ward 2 Kannadasan St
15.Mogalvadi (P) And (R.V), Ward 2 Elango st
16.Mogalvadi (P) And (R.V), Ward 2 Renugambal st
17.Mogalvadi (P) And (R.V), Ward 2 Kamban st
18.Mogalvadi (P) And (R.V), Ward 2 V.O.C, st
19.Mogalvadi (P) And (R.V), Ward 2 Bus Stand st
20.Mogalvadi (P) And (R.V), Ward 2 Tholaikatchi st
21.Mogalvadi (P) And (R.V), Ward 2 Mellandai cross st
22.Mogalvadi (P) And (R.V), Ward 2 Keillandai cross st
23.Mogalvadi (P) And (R.V), Ward 2 Mariammankoil colony st 999.Overseas Electors",All Voters,Tamilaga Vettri Kazhagam,245,214,31,Dravida Munnetra Kazhagam,2,3,5,4,1,6,6,4.454022988505748,0
157,157,304,306,0,24,278,1,2,0,2,7,924,0,924,0,157,Government Higher Secondary school Elapakkam North Side,"1.Elapakkam (P) And (R.V), Ward 1 thorapathi amman koil st
2.Elapakkam (P) And (R.V), Ward 1 Sri mariamman koil st
3.Elapakkam (P) And (R.V), Ward 1 pirathana salai
4.Elapakkam (P) And (R.V), Ward 2 Mada koil st
5.Elapakkam (P) And (R.V), Ward 3 Bazzar st
6.Elapakkam (P) And (R.V), Ward 3 Thatchan kulam st
7.Elapakkam (P) And (R.V), Ward 3 Annaikundram salai
8.Elapakkam (P) And (R.V), Ward 4 Bajanai koil st
9.Elapakkam (P) And (R.V), Ward 4 Mada koil st
10.Elapakkam (P) And (R.V), Ward 4 Sri Mariamman koil st 999.Overseas Electors",All Voters,All India Anna Dravida Munnetra Kazhagam,306,304,2,Dravida Munnetra Kazhagam,2,1,7,4,3,6,5,0.2164502164502164,2
158,158,290,272,2,20,170,2,0,1,0,1,758,0,758,0,158,Government Higher Secondary school Ellapakkam South side,"1.Elapakkam (P) And (R.V), Warad 2 hospital road
2.Elapakkam (P) And (R.V), Ward 2 Sri Balamurugan koil st
3.Elapakkam (P) And (R.V), Ward 2 Cross st
4.Elapakkam (P) And (R.V), Ward 2 Higher secondary school st
5.Elapakkam (P) And (R.V), Ward 2 Sri Subramaniar koil st
6.Elapakkam (P) And (R.V), Ward 3 Kulakarai veethy
7.Elapakkam (P) And (R.V), Ward 3 Post Office st
8.Elapakkam (P) And (R.V), Ward 3 Mettu st
9.Elapakkam (P) And (R.V), Ward 2 Electricity Office st
10.Elapakkam (P) And (R.V), Ward 2 pannaithoppu st 999.Overseas Electors",All Voters,Dravida Munnetra Kazhagam,290,272,18,All India Anna Dravida Munnetra Kazhagam,1,2,5,4,3,5,7,2.37467018469657,1
159,159,254,401,2,22,218,0,1,0,4,1,903,0,903,0,159,Panchayat Union Primary School Annaikunnam North Facing west side,"1.Annaikunnam (P) And (R.V), Ward 1 kanniamman koil st
2.Annaikunnam (P) And (R.V), Ward 1 Kamarajar st
3.Annaikunnam (P) And (R.V), Ward 1 Gandhi st
4.Annaikunnam (P) And (R.V), Ward 1 Cross st
5.Annaikunnam (P) And (R.V), Ward 1 Pallikooda st
6.Annaikunnam (P) And (R.V), Ward 1 Pooniamman koil st
7.Annaikunnam (P) And (R.V), Ward 1 Raja veethy
8.Annaikunnam (P) And (R.V), Ward 1 mariamman koil st
9.Annaikunnam (P) And (R.V), Ward 1 Pillaiyar koil st
10.Annaikunnam (P) And (R.V), Ward 1 Orathi salai
11.Annaikunnam (P) And (R.V), Ward 2 Muthumariamman koil st colony
12.Annaikunnam (P) And (R.V), Ward 2 Anna st colony
13.Annaikunnam (P) And (R.V), Ward 2 Ambedkar st colony
14.Annaikunnam (P) And (R.V), Ward 2 MGR st (Ammanur) 999.Overseas Electors",All Voters,All India Anna Dravida Munnetra Kazhagam,401,254,147,Dravida Munnetra Kazhagam,2,1,5,4,3,7,6,16.27906976744186,4
160,160,164,211,1,9,174,0,0,0,2,1,562,0,562,0,160,Panchayat Union Primary School Porpanankarani North Side,"1.Poorpanankaranai (P) And (R.V), Ward 2 bharathiar veethy
2.Poorpanankaranai (P) And (R.V), Ward 1 Mariamman koil st
3.Poorpanankaranai (P) And (R.V), Ward 2 Orathi main salai
4.Poorpanankaranai (P) And (R.V), Ward 1 Nehru veethy
5.Poorpanankaranai (P) And (R.V), Ward 1 Thiruvalluvar st
6.Poorpanankaranai (P) And (R.V), Ward 1 Doctor Ramadoss veethy
7.Poorpanankaranai (P) And (R.V), Ward 1 Pallavar st
8.Poorpanankaranai (P) And (R.V), Ward 2 MGR Veeti
9.Poorpanankaranai (P) And (R.V), Ward 2 Gandhi Veethy
10.Poorpanankaranai (P) And (R.V), Ward 2 Anna Veethy
11.Poorpanankaranai (P) And (R.V), Ward 2 Indiragandhi veethy
12.Poorpanankaranai (P) And (R.V), Ward 2 Doctor Ambedkar Veethy 999.Overseas Electors",All Voters,All India Anna Dravida Munnetra Kazhagam,211,174,37,Tamilaga Vettri Kazhagam,3,1,5,4,2,6,6,6.583629893238434,2
161,161,158,143,0,14,152,2,1,0,2,3,475,0,475,0,161,Panchayat Union Primary School Baburayanpettai West Face East Side,"1.Baburayanpettai (P) And (R.V), Ward 1 vinayagar koil st
2.Baburayanpettai (P) And (R.V), Ward 1 Andalkuppam st
3.Baburayanpettai (P) And (R.V), Ward 2 Bharathiar Veety
4.Baburayanpettai (P) And (R.V), Ward 2 Mariamman koil st
5.Baburayanpettai (P) And (R.V), Ward 1 Doctor Ambedkar st
6.Baburayanpettai (P) And (R.V), Ward 2 Ratinakinaru st
7.Baburayanpettai (P) And (R.V), Ward 1 Cross st 999.Overseas Electors",All Voters,Dravida Munnetra Kazhagam,158,152,6,Tamilaga Vettri Kazhagam,1,3,7,4,2,5,6,1.263157894736842,2
162,162,154,193,0,17,116,1,0,0,0,3,484,0,484,0,162,Panchayat Union Primary School Koonangarani North Side,"1.Annankal (P) And (R.V), Ward 1 Sivan koil east st
2.Annankal (P) And (R.V), Ward 1 Sivan Koil West st
3.Annankal (P) And (R.V), Ward 1 Thurgaiamman koil st
4.Annankal (P) And (R.V), Ward 1 Mettu st
5.Annankal (P) And (R.V), Ward 1 Mariamman koil st
6.Annankal (P) And (R.V), Ward 1 Kunakaranai village st
7.Annankal (P) And (R.V), Ward 1 Muthallamman koil st
8.Annankal (P) And (R.V), Ward 1 Kunankaranai colony mariamman koil st
9.Annankal (P) And (R.V), Ward 1 Cross st
10.Annankal (P) And (R.V), Ward 1 Kunankaranai colony st
11.Annankal (P) And (R.V), Ward 1 Pazhavanthangal odai 999.Overseas Electors",All Voters,All India Anna Dravida Munnetra Kazhagam,193,154,39,Dravida Munnetra Kazhagam,2,1,6,4,3,5,6,8.057851239669422,0
163,163,149,173,0,17,141,0,1,0,0,4,485,0,485,0,163,Panchayat Union Primary School Koonangarani South Side,"1.Annankal (P) And (R.V), Ward 2 Annankal tar salai st
2.Annankal (P) And (R.V), Ward 2 Annankal village st
3.Annankal (P) And (R.V), Ward 2 annankal village 1st street
4.Annankal (P) And (R.V), Ward 2 Annankal village 2nd st
5.Annankal (P) And (R.V), Ward 2 Annankal colony
6.Annankal (P) And (R.V), Ward 2 Rajapalayam colony
7.Annankal (P) And (R.V), Ward 2 Rajapalayam Mariamman koil st
8.Annankal (P) And (R.V), Ward 2 Rajapalayam mariamman koil st
9.Annankal (P) And (R.V), Ward 2 Rajapalayam mariamman cross st 999.Overseas Electors",All Voters,All India Anna Dravida Munnetra Kazhagam,173,149,24,Dravida Munnetra Kazhagam,2,1,6,4,3,6,5,4.948453608247423,0
164,164,184,196,4,25,219,0,1,0,4,3,636,0,636,0,164,Panchayat Union Primary School Porakal North Facing,"1.Poorakal (P) And (R.V), Ward 1 Annankal poorakal salai
2.Poorakal (P) And (R.V), Ward 1 Poorakal village st
3.Poorakal (P) And (R.V), Ward 1 Annankal poorakal salai
4.Poorakal (P) And (R.V), Ward 2 Old colony 1st street
5.Poorakal (P) And (R.V), Ward 2 Old colony 2nd st
6.Poorakal (P) And (R.V), Ward 2 Old colony 3rd st
7.Poorakal (P) And (R.V), Ward 2 Mariamman koil st
8.Poorakal (P) And (R.V), Ward 2 Elapakkam salai
9.Poorakal (P) And (R.V), Ward 2 New colony 1st st
10.Poorakal (P) And (R.V), Ward 2 New colony 2nd st 999.Overseas Electors",All Voters,Tamilaga Vettri Kazhagam,219,196,23,All India Anna Dravida Munnetra Kazhagam,3,2,5,4,1,7,6,3.616352201257861,4
165,165,212,480,1,20,308,1,1,0,1,3,1027,0,1027,0,165,Panchayat Union Middle School Kizhathivakkam North Facing,"1.Keizh athivakkam (P) And (R.V), Ward 1 elapakkam main road
2.Keizh athivakkam (P) And (R.V), Ward 1 keizhandai veethy
3.Keizh athivakkam (P) And (R.V), Ward 1 Cross st
4.Keizh athivakkam (P) And (R.V), Ward 1 mariamman koil st
5.Keizh athivakkam (P) And (R.V), Ward 2 Nadu st
6.Keizh athivakkam (P) And (R.V), Ward 2 Mettu st
7.Keizh athivakkam (P) And (R.V), Ward 2 Pallikooda st
8.Keizh athivakkam (P) And (R.V), Ward 2 Kulakarai st
9.Keizh athivakkam (P) And (R.V), Ward 2 Buthur
10.Keizh athivakkam (P) And (R.V), Ward 2 Mettu kudisai
11.Keizh athivakkam (P) And (R.V), Ward 1 Baburayanpettai road
12.Keizh athivakkam (P) And (R.V), Ward 1 Thoguppuhouse st
13.Keizh athivakkam (P) And (R.V), Ward 1 Nadi st colony
14.Keizh athivakkam (P) And (R.V), Ward 1 Mariamman koil st colony
15.Keizh athivakkam (P) And (R.V), Ward 1 Cross st colony 999.Overseas Electors",All Voters,All India Anna Dravida Munnetra Kazhagam,480,308,172,Tamilaga Vettri Kazhagam,3,1,5,4,2,5,5,16.74780915287245,1
166,166,212,172,0,19,168,0,0,2,2,2,577,0,577,0,166,Govt.Higher Secondary School Orathi South facing Room 1,"1.Orathi (P) And (R.V), Ward 1 Seliyamman Kovil St
2.Orathi (P) And (R.V), Ward 1 Eswaran Koil st
3.Orathi (P) And (R.V), Ward 1 Kollaimedu st
4.Orathi (P) And (R.V), Ward 1 Police station road
5.Orathi (P) And (R.V), Ward 1 Old Rice mill st
6.Orathi (P) And (R.V), Ward 1 New Rice mill st 999.Overseas Electors",All Voters,Dravida Munnetra Kazhagam,212,172,40,All India Anna Dravida Munnetra Kazhagam,1,2,5,4,3,5,5,6.932409012131716,4
167,167,183,239,0,14,134,1,0,1,0,2,574,0,574,0,167,Govt.Higher Secondary School Orathi South facing Room 2,"1.Orathi (P) And (R.V), Ward 2 Naidu st
2.Orathi (P) And (R.V), Ward 2 Thropathiamman koil st
3.Orathi (P) And (R.V), Ward 2 Pallikooda st
4.Orathi (P) And (R.V), Ward 3 Brammanar st
5.Orathi (P) And (R.V), Ward 3 Karnam st
6.Orathi (P) And (R.V), Ward 3 Keizhandai st 999.OVERSEAS ELECTORS",All Voters,All India Anna Dravida Munnetra Kazhagam,239,183,56,Dravida Munnetra Kazhagam,2,1,6,4,3,5,6,9.75609756097561,1
168,168,163,106,0,3,127,0,1,0,1,2,403,0,403,0,168,Govt.Higher Secondary School Orathi South facing Room 3,"1.Orathi (P) And (R.V), Ward 4,Ksttu Pillsiysr koil st
2.Orathi (P) And (R.V), Ward 4 TV Nagar 1st street
3.Orathi (P) And (R.V), Ward 4 Grouphouse st
4.Orathi (P) And (R.V), Ward 4 mariamman koil st
5.Orathi (P) And (R.V), Ward 4 Cross st 999.Overseas Electors",All Voters,Dravida Munnetra Kazhagam,163,127,36,Tamilaga Vettri Kazhagam,1,3,6,4,2,6,5,8.933002481389577,1
169,169,232,292,2,11,192,1,0,1,2,2,735,0,735,0,169,Govt.Higher Secondary School Orathi South facing Room 4,"1.Orathi (P) And (R.V), Ward 4 Main Road
2.Orathi (P) And (R.V), Ward 4 Veppankaranai salai
3.Orathi (P) And (R.V), Ward 4 Keizhchembedu salai
4.Orathi (P) And (R.V), Ward 4 Kulakarai st
5.Orathi (P) And (R.V), Ward 4 Tindivanam salai
6.Orathi (P) And (R.V), Ward 4 Malaiyadivaram
7.Orathi (P) And (R.V), Ward 4 Ettipatti salai
8.Orathi (P) And (R.V), Ward 4 North puthur salai 999.Overseas Electors",All Voters,All India Anna Dravida Munnetra Kazhagam,292,232,60,Dravida Munnetra Kazhagam,2,1,5,4,3,6,7,8.16326530612245,3
170,170,148,283,1,10,125,0,0,0,0,1,568,0,568,0,170,Panchayat Union Primary School Vepangaranai South Facing,"1.Vadamanipakkam (P) And (R.V), Ward 1 tindivanam veppankarai salai
2.Vadamanipakkam (P) And (R.V), Ward 1 Orathi Highway
3.Vadamanipakkam (P) And (R.V), Ward 1 Vinayagar koil st
4.Vadamanipakkam (P) And (R.V), Ward 1 Vembathamman koil st
5.Vadamanipakkam (P) And (R.V), Ward 1 Naidu st
6.Vadamanipakkam (P) And (R.V), Ward 1 Pallivasal st
7.Vadamanipakkam (P) And (R.V), Ward 1 Thiruvalluvar st
8.Vadamanipakkam (P) And (R.V), Ward 1 Kamarajar st
9.Vadamanipakkam (P) And (R.V), Ward 1 Ambedkar st
10.Vadamanipakkam (P) And (R.V), Ward 1 Patel st
11.Vadamanipakkam (P) And (R.V), Ward 1 Old colony st
12.Vadamanipakkam (P) And (R.V), Ward 1 Muthaliar st
13.Vadamanipakkam (P) And (R.V), Ward 1 Udaiyar st 999.Overseas Electors",All Voters,All India Anna Dravida Munnetra Kazhagam,283,148,135,Dravida Munnetra Kazhagam,2,1,5,4,3,6,6,23.76760563380282,0
171,171,225,321,1,29,169,1,0,1,1,6,754,0,754,0,171,Government High School Vadamanipakkam South Facing 10th Std (Room 1),"1.Vadamanipakkam (P) And (R.V), Ward 2 north new tar salai
2.Vadamanipakkam (P) And (R.V), Ward 2 mariamman koil st
3.Vadamanipakkam (P) And (R.V), Ward 2 Gandhi veethy
4.Vadamanipakkam (P) And (R.V), Ward 2 Nehru veethy
5.Vadamanipakkam (P) And (R.V), Ward 3 Tindivanam orathi highway
6.Vadamanipakkam (P) And (R.V), Ward 3 Choolaimedu
7.Vadamanipakkam (P) And (R.V), Ward 3 Padasalai st
8.Vadamanipakkam (P) And (R.V), Ward 5 Gangaiamman koil st 999.Overseas Electors",All Voters,All India Anna Dravida Munnetra Kazhagam,321,225,96,Dravida Munnetra Kazhagam,2,1,5,4,3,5,7,12.73209549071618,2
172,172,145,230,0,12,104,0,1,0,1,2,495,0,495,0,172,Government High School Vadamanipakkam South Facing 10th std (Room 2),"1.Vadamanipakkam (P) And (R.V), Ward 5 Mariamman koil st
2.Vadamanipakkam (P) And (R.V), Ward 1 Vinayagar koil st
3.Vadamanipakkam (P) And (R.V), Ward 4 Murugan koil st
4.Vadamanipakkam (P) And (R.V), Ward 4 Kallankothu st
5.Vadamanipakkam (P) And (R.V), Ward 4 Konkaraimampattu salai
6.Vadamanipakkam (P) And (R.V), Ward 4 Thulukathamman koil st
7.Vadamanipakkam (P) And (R.V), Ward 4 Arunthathi st 999.Overseas Electors",All Voters,All India Anna Dravida Munnetra Kazhagam,230,145,85,Dravida Munnetra Kazhagam,2,1,6,4,3,6,5,17.17171717171717,1
173,173,200,211,1,25,161,0,2,0,2,4,606,0,606,0,173,Panchayat Union Primary School Vinnampoondi West Facing,"1.Vinnampoondi (P) And (R.V), Ward 2 mettu st
2.Vinnampoondi (P) And (R.V), Ward 2 Sathiyavadi salai
3.Vinnampoondi (P) And (R.V), Ward 2 Pillaiyar koil st
4.Vinnampoondi (P) And (R.V), Ward 2 Palvadi st
5.Vinnampoondi (P) And (R.V), Ward 2 Tholaikatchi st
6.Vinnampoondi (P) And (R.V), Ward 1 1st cross st
7.Vinnampoondi (P) And (R.V), Ward 1 2nd cross st
8.Vinnampoondi (P) And (R.V), Ward 1 Veppankarai st
9.Vinnampoondi (P) And (R.V), Ward 2 kulakarai st 999.Overseas Electors",All Voters,All India Anna Dravida Munnetra Kazhagam,211,200,11,Dravida Munnetra Kazhagam,2,1,6,4,3,7,5,1.815181518151815,2
174,174,176,196,2,9,140,0,0,0,1,2,526,0,526,0,174,Panchayat Union Middle School Thinnalur East Facing,"1.Thinnalur (P) And (R.V), Ward 3 thalayari salai
2.Thinnalur (P) And (R.V), Ward 4 Siruvan Kundram
3.Thinnalur (P) And (R.V), Ward 4 Siruvan Kundram colony
4.Thinnalur (P) And (R.V), Ward 1 Mettu Mariamman koil st
5.Thinnalur (P) And (R.V), Ward 1 Pullianthoppur st
6.Thinnalur (P) And (R.V), Ward 1 Maligaikara st
7.Thinnalur (P) And (R.V), Ward 1 Ottapalayam st
8.Thinnalur (P) And (R.V), Ward 3 Ottapalayam colony
9.Thinnalur (P) And (R.V), Thindivan Salai 999.Overseas Electors",All Voters,All India Anna Dravida Munnetra Kazhagam,196,176,20,Dravida Munnetra Kazhagam,2,1,5,4,3,6,6,3.802281368821293,1
175,175,215,251,2,15,193,3,0,1,0,4,684,0,684,0,175,Panchayat Union Middle School Thinnalur South Facing,"1.Thinnalur (P) And (R.V), Ward 3 Thinnalur main road
2.Thinnalur (P) And (R.V), Ward 3 Thinnalur mariamman koil st
3.Thinnalur (P) And (R.V), Ward 2 Pulliyanthoppu st
4.Thinnalur (P) And (R.V), Ward 2 Wannarapettai
5.Thinnalur (P) And (R.V), Ward 2 Malaikara st
6.Thinnalur (P) And (R.V), Ward 2 Kannabiran koil st
7.Thinnalur (P) And (R.V), Ward Palla st
8.Thinnalur (P) And (R.V), Ward 2 Poolachiamman koil st
9.Thinnalur (P) And (R.V), Ward 2 Kula st
10.Thinnalur (P) And (R.V), Ward 2 Erular st
11.Thinnalur (P) And (R.V), Ward 2 Vanniyapettai 999.Overseas Electors",All Voters,All India Anna Dravida Munnetra Kazhagam,251,215,36,Dravida Munnetra Kazhagam,2,1,6,4,3,5,7,5.263157894736842,1
176,176,318,319,2,18,147,0,0,0,1,5,810,0,810,0,176,Panchayat Union Primary School Ananthamangalam South Facing West Side,"1.Ananthamangalam (P) And (R.V), Ward 1 vinayagar st
2.Ananthamangalam (P) And (R.V), Ward 1 Busstand st
3.Ananthamangalam (P) And (R.V), Ward 1 Pallikooda st
4.Ananthamangalam (P) And (R.V), Ward 2 Mandi st
5.Ananthamangalam (P) And (R.V), Ward 2 Ricemill st
6.Ananthamangalam (P) And (R.V), Ward 2 Eswaran koil st
7.Ananthamangalam (P) And (R.V), Ward 2 Chilliamman koil st
8.Ananthamangalam (P) And (R.V), Ward 2 Nadu st
9.Ananthamangalam (P) And (R.V), Ward 2 Post Office st 999.Overseas Electors",All Voters,All India Anna Dravida Munnetra Kazhagam,319,318,1,Dravida Munnetra Kazhagam,2,1,5,4,3,6,6,0.1234567901234568,1
177,177,281,233,1,21,207,0,1,0,3,4,751,0,751,0,177,Panchayat Union Primary School Ananthamangalam South Facing South Side,"1.Ananthamangalam (P) And (R.V), Ward 3 colony 2nd st
2.Ananthamangalam (P) And (R.V), Ward 3 Water tank st
3.Ananthamangalam (P) And (R.V), Ward 3 Rajivgandhi water tank st
4.Ananthamangalam (P) And (R.V), Ward 3 Alamara st
5.Ananthamangalam (P) And (R.V), Ward 3 Kuttai st
6.Ananthamangalam (P) And (R.V), Ward 3 Ratinakinaru st
7.Ananthamangalam (P) And (R.V), Ward 3 Ratinakinar st 2
8.Ananthamangalam (P) And (R.V), Ward 3 Murugan koil st
9.Ananthamangalam (P) And (R.V), Ward 1 K.J. Nagar
10.Ananthamangalam (P) And (R.V), Ward 3 Mariamman koil st 999.Overseas Electors",All Voters,Dravida Munnetra Kazhagam,281,233,48,All India Anna Dravida Munnetra Kazhagam,1,2,5,4,3,7,5,6.391478029294275,3
178,178,181,261,2,14,211,1,0,0,1,3,674,0,674,0,178,Panchayat Union Primary School Siruthamur North Facing,"1.Siruthamur (P) And (R.V), Ward 1 vinayagar koil st
2.Siruthamur (P) And (R.V), Ward 1 kulakarai st
3.Siruthamur (P) And (R.V), Ward 1 Naidu st
4.Siruthamur (P) And (R.V), Ward 1 Vanniar st
5.Siruthamur (P) And (R.V), Ward 1 Cross st
6.Siruthamur (P) And (R.V), Ward 1 mariamman koil st
7.Siruthamur (P) And (R.V), Ward 1 Cement salai
8.Siruthamur (P) And (R.V), Ward 1 Pillaiyar koil st
9.Siruthamur (P) And (R.V), Ward 1 J.J. Nagar
10.Siruthamur (P) And (R.V), Ward 2 Kamban st
11.Siruthamur (P) And (R.V), Ward 2 Valluvar st
12.Siruthamur (P) And (R.V), Ward 2 Ambedkar st
13.Siruthamur (P) And (R.V), Ward 2 Munieswaran koil st
14.Siruthamur (P) And (R.V), Ward 2 Mariamman koil st
15.Siruthamur (P) And (R.V), Ward 2 Kuppan st
16.Siruthamur (P) And (R.V), Ward 2 1st cross st
17.Siruthamur (P) And (R.V), Ward 3 2nd cross st
18.Siruthamur (P) And (R.V), Ward 3 3rd cross st 999.Overseas Electors",All Voters,All India Anna Dravida Munnetra Kazhagam,261,211,50,Tamilaga Vettri Kazhagam,3,1,5,4,2,6,7,7.418397626112759,1
179,179,155,327,1,14,182,0,0,0,0,1,680,0,680,0,179,Panchayat Union Primary School Siruthamur West Facing,"1.Siruthamur (P) And (R.V), Ward 3 Mettu st
2.Siruthamur (P) And (R.V), Ward 3 Arunthathiyar st
3.Siruthamur (P) And (R.V), Ward 3 Ratinakinaru st
4.Siruthamur (P) And (R.V), Ward 3 Erular st
5.Siruthamur (P) And (R.V), Ward 3 Pallikooda st
6.Siruthamur (P) And (R.V), Ward 4 Brammanar st
7.Siruthamur (P) And (R.V), Ward 4 Erikarai st
8.Siruthamur (P) And (R.V), Ward 4 Palla st
9.Siruthamur (P) And (R.V), Ward 4 Olakur salai
10.Siruthamur (P) And (R.V), Ward 4 Killandai veethy 999.Overseas Electors",All Voters,All India Anna Dravida Munnetra Kazhagam,327,182,145,Tamilaga Vettri Kazhagam,3,1,5,4,2,6,6,21.32352941176471,0
180,180,106,198,1,8,71,1,0,0,1,3,389,0,389,0,180,Panchayat Union Middle School Konkaraimampattu East Faccing North Side,"1.Konkaraimampattu (P) And (R.V), Ward 1 thidir nagar
2.Konkaraimampattu (P) And (R.V), Ward 1 Palli kooda st
3.Konkaraimampattu (P) And (R.V), Ward 1 Mettu st
4.Konkaraimampattu (P) And (R.V), Ward 1 Nadu st
5.Konkaraimampattu (P) And (R.V), Ward 1 Perumal koil st
6.Konkaraimampattu (P) And (R.V), Ward 1 Mudaliyar(Palla ) st 999.Overseas Electors",All Voters,All India Anna Dravida Munnetra Kazhagam,198,106,92,Dravida Munnetra Kazhagam,2,1,5,4,3,5,7,23.65038560411311,1
181,181,200,238,0,20,167,1,0,0,0,3,629,0,629,0,181,Panchayat Union Middle School Konkaraimampattu East Faccing South Side,"1.Konkaraimampattu (P) And (R.V), Ward 2 Karasankal salai
2.Konkaraimampattu (P) And (R.V), Ward 2 Mariamman koil st
3.Konkaraimampattu (P) And (R.V), Ward 2 Ambedkar st
4.Konkaraimampattu (P) And (R.V), Ward 2 Mampattu
5.Konkaraimampattu (P) And (R.V), Ward 2 Vaithakarambu
6.Konkaraimampattu (P) And (R.V), Soolaimedu 999.Overseas Electors",All Voters,All India Anna Dravida Munnetra Kazhagam,238,200,38,Dravida Munnetra Kazhagam,2,1,6,4,3,5,6,6.041335453100159,0
182,182,138,270,1,10,195,0,0,1,2,3,620,0,620,0,182,Panchayat Union Middle School Murungai West Side,"1.Murungai (P) And (R.V), Ward 2 kullakarai st
2.Murungai (P) And (R.V), Ward 2 Sivasakthi koil st
3.Murungai (P) And (R.V), Ward 2 Bajanai koil st
4.Murungai (P) And (R.V), Ward 2 Mariamman koil st
5.Murungai (P) And (R.V), Ward 2 Mettu st
6.Murungai (P) And (R.V), Ward 2 Quarters st
7.Murungai (P) And (R.V), Ward 2 Mariamman koil st
8.Murungai (P) And (R.V), Ward 1 Quarters st
9.Murungai (P) And (R.V), Ward 1 mariamman koil st
10.Murungai (P) And (R.V), Ward 1 mariamman koil st
11.Murungai (P) And (R.V), Ward 1 Pambathamman koil st
12.Murungai (P) And (R.V), Ward 1 Pambathamman koil 1st street
13.Murungai (P) And (R.V), Ward 1 Pambathamman Koil 2nd st 999.Overseas Electors",All Voters,All India Anna Dravida Munnetra Kazhagam,270,195,75,Tamilaga Vettri Kazhagam,3,1,5,4,2,6,6,12.09677419354839,3
183,183,227,318,0,15,180,0,0,0,1,4,745,0,745,0,183,Panchayat Union Middle School Murungai East Side,"1.Murungai (P) And (R.V), Ward 1 Olakur salai
2.Murungai (P) And (R.V), Ward 1 kulakarai st
3.Murungai (P) And (R.V), Ward 1 Iyanar koil st
4.Murungai (P) And (R.V), Ward 1 Perumal koil st
5.Murungai (P) And (R.V), Ward 2 Nadu st
6.Murungai (P) And (R.V), Ward 2 mankaran st
7.Murungai (P) And (R.V), Ward 2 Koolneyan st
8.Murungai (P) And (R.V), Ward 1 Mariamman koil st
9.Murungai (P) And (R.V), Ward 1 Killandai st
10.Murungai (P) And (R.V), Ward 2 kavankarai st
11.Murungai (P) And (R.V), Ward 2 Quarters st
12.Murungai (P) And (R.V), Ward 2 mariamman koil st
13.Murungai (P) And (R.V), Ward 2 Mettu st
14.Murungai (P) And (R.V), Ward 2 Olakur salai
15.Murungai (P) And (R.V), Ward 1 Gonkarai salai 999.Overseas Electors",All Voters,All India Anna Dravida Munnetra Kazhagam,318,227,91,Dravida Munnetra Kazhagam,2,1,5,4,3,5,5,12.21476510067114,1
184,184,247,237,3,16,176,0,0,0,0,2,681,0,681,0,184,Panchayat Union Primary School Nedunkal West Facing,"1.Nendunkal And (R.V), Ward 1 voc st
2.Nendunkal (P) And (R.V), Ward 1 APJ Abdul kalam st
3.Nendunkal (P) And (R.V), Ward 1 Bharathiyar st
4.Nendunkal (P) And (R.V), Ward 1 thiruvallur st
5.Nendunkal (P) And (R.V), Ward 1 Vivekandandar st
6.Nendunkal (P) And (R.V), Ward 2 Ambedkar st
7.Nendunkal (P) And (R.V), Ward 2 Nethaji st
8.Nendunkal (P) And (R.V), Ward 2 Kamarajar st
9.Nendunkal (P) And (R.V), Ward 1 Gandhiadikal st
10.Nendunkal (P) And Karasankal (R.V), Ward 2 Erular Quarters 999.Overseas Electors",All Voters,Dravida Munnetra Kazhagam,247,237,10,All India Anna Dravida Munnetra Kazhagam,1,2,5,4,3,6,6,1.468428781204111,0
185,185,266,261,2,11,178,0,0,0,0,5,723,0,723,0,185,Panchayat Union Primary School Karasangal South Facing,"1.Nendunkal (P) And Karasankal (R.V), Ward 1 Cement road
2.Nendunkal And Karasankal (P) (R.V), Ward 1 Mettu st
3.Nendunkal And Karasankal (P) (R.V), Ward 1 Kulakarai st
4.Nendunkal, And Karasankal (P) (R.V), Ward 1 Padasalai st
5.Nendunkal, And Karasankal (P) (R.V), Ward 1 Cross st
6.Nendunkal (P) And Karasankal (R.V), Ward 1 Tar salai
7.Nendunkal (P) And Karasankal (R.V), Ward 1 Reddi st
8.Nendunkal (P) And Karasankal (R.V), Ward 1 Mariamman koil st
9.Nendunkal (P) And Karasankal (R.V), Ward 2 Mada koil st
10.Nendunkal (P) And Karasankal (R.V), Ward 1 colony cross st
11.Nendunkal (P) And Karasankal (R.V), Ward 2 Thulukanam st
12.Nendunkal (P) And Karasankal (R.V), Ward 2 Thalayari st
13.Nendunkal (P) And Karasankal (R.V), Ward 2 Mattukaran st
14.Nendunkal (P) And Karasankal (R.V), Ward 2 Ratinakinaru st
15.Nendunkal (P) And Karasankal (R.V), Ward 2 Colony tar sslai 999.Overseas Electors",All Voters,Dravida Munnetra Kazhagam,266,261,5,All India Anna Dravida Munnetra Kazhagam,1,2,5,4,3,6,6,0.6915629322268326,0
186,186,305,433,4,26,239,0,2,2,1,3,1015,0,1015,0,186,Panchayat Union Middle School Kalathur South Facing,"1.Kalathur (P) And (R.V), Ward 1 mettu st kattupillaiyar koil
2.Kalathur (P) And (R.V), Ward 2 Palla st kattu pillaiyar koil
3.Kalathur (P) And (R.V), Ward 1 ammakollamedu Mariamman koil
4.Kalathur (P) And (R.V), Ward 1 Nadu st kalathur
5.Kalathur (P) And (R.V), Ward 1 Palla st Kalathur
6.Kalathur (P) And (R.V), Ward 2 Thropathi amman koil st
7.Kalathur (P) And (R.V), Ward 2 Kalathur colonymariamman koil st
8.Kalathur (P) And (R.V), Ward 2 Muthallamman koil st
9.Kalathur (P) And (R.V), Ward 2 colony mariamman koil st
10.Kalathur (P) And (R.V), Ward 2 colony vinayagar koil st
11.Kalathur (P) And (R.V), Ward 2 J.J.Nagar
12.Kalathur (P) And (R.V), Mariammankoil Street 999.Overseas Electors",All Voters,All India Anna Dravida Munnetra Kazhagam,433,305,128,Dravida Munnetra Kazhagam,2,1,5,4,3,7,6,12.61083743842364,3
187,187,175,278,0,7,143,1,0,1,2,2,609,0,609,0,187,PANCHAYAT UNION MIDDLE SCHOOL MINNAL CHITHAMUR EAST FACING,"1.Minnal chithamur (P) And (R.V), Ward 1 murugan koil st
2.Minnal chithamur (P) And (R.V), Ward 1 Erikarai st
3.Minnal chithamur (P) And (R.V), Ward 1 Post office st
4.Minnal chithamur (P) And (R.V), Ward 1 Karpagavinayagar koil st
5.Minnal chithamur (P) And (R.V), Ward 1 Mariamman koil st
6.Minnal chithamur (P) And (R.V), Ward 1 Mettu st
7.Minnal chithamur (P) And (R.V), Ward 1 Kattukara st
8.Minnal Chithamur (P) Minnal keizh minnal village (R.V), Ward 3 Muthu mariamman koil st
9.Minnal keizh minnal village (R.V), Ward 3 Kullakarai st
10.Minnal keizh minnal village (R.V), Ward 3 Perumal koil st
11.Minnal keizh minnal village (P) And (R.V), Ward 3 road st 999.Overseas Electors",All Voters,All India Anna Dravida Munnetra Kazhagam,278,175,103,Dravida Munnetra Kazhagam,2,1,6,4,3,5,6,16.91297208538588,3
188,188,250,220,2,39,221,0,3,0,6,1,742,0,742,0,188,PANCHAYAT UNION MIDDLE SCHOOL MINNAL CHITHAMUR NORTH FACING,"1.Minnal chithamur (P) Keizhpattu And (R.V), Ward 2 Kailasapuram
2.Minnal chithamur (P) Keizhpattu And (R.V), Ward 2 New Mariamman koil st
3.Minnal chithamur (P) Keizhpattu And (R.V), Ward 2 Karumariamman koil st
4.Minnal chithamur (P) Keizhpattu And (R.V), Ward 2 Old Mariamman koil st
5.Minnal chithamur (P) Keizhpattu And (R.V), Ward 2 4th cross st
6.Minnal chithamur (P) Keizhpattu And (R.V), Ward 2 3rd Cross st
7.Minnal chithamur (P) Keizhpattu And (R.V), Ward 2 2nd Cross st
8.Minnal chithamur (P) Keizhpattu And (R.V), Ward 2 1st cross st
9.Minnal chithamur (P) Keizhpattu And (R.V), Ward 2 Vinayagar koil st
10.Minnal keizh minnal village (P) And (R.V), Ward 3 Boor st
11.Minnal keizh minnal village (P) And (R.V), Ward 3 Samutha Kooda st 999.Overseas Electors",All Voters,Dravida Munnetra Kazhagam,250,221,29,Tamilaga Vettri Kazhagam,1,3,6,4,2,7,5,3.908355795148248,6
189,189,187,385,1,23,233,1,1,1,1,3,836,0,836,0,189,Panchayat Union Primary School Edayalam South Facing,"1.Edaiyalam (P) And (R.V), Ward 2 mettu st colony
2.Edaiyalam (P) And (R.V), Ward 2 Palla st
3.Edaiyalam (P) And (R.V), Ward 2 Raod st
4.Edaiyalam (P) And (R.V), Ward 1 Vinayagar koil st
5.Edaiyalam (P) And (R.V), Ward 1 Kathirimedu st
6.Edaiyalam (P) And (R.V), Ward 1 Pandara st
7.Edaiyalam (P) And (R.V), Ward 2 Mariamman koil st
8.Edaiyalam (P) And (R.V), Ward 2 Mariamman koil st
9.Edaiyalam (P) And (R.V), Ward 2 Santhu st
10.Edaiyalam (P) And (R.V), Ward 1 Erikarai st
11.Edaiyalam (P) And (R.V), Ward 1 Anchaneyar koil st
12.Edaiyalam (P) And (R.V), Ward 1 Mariamman koil st
13.Edaiyalam (P) And (R.V), Ward 1 Nadu st
14.Edaiyalam (P) And (R.V), Ward 1 Pallikooda Salai
15.Edaiyalam (P) And (R.V), Ward 1 Mettu st ( Puthu edaiyalam) 999.Overseas Electors",All Voters,All India Anna Dravida Munnetra Kazhagam,385,233,152,Tamilaga Vettri Kazhagam,3,1,5,4,2,5,5,18.18181818181818,2
190,190,265,499,0,11,140,0,1,0,2,2,920,0,920,0,190,Panchayat Union Middle School Veliyampakkam South Side,"1.Villiyampakkam (P) And (R.V), Ward 1 palla st
2.Villiyampakkam (P) And (R.V), Ward 2 Cross st
3.Villiyampakkam (P) And (R.V), Ward 1 Nadu st
4.Villiyampakkam (P) And (R.V), Ward 1 kulakarai st
5.Villiyampakkam (P) And (R.V), Ward 1 road st
6.Villiyampakkam (P) And (R.V), Ward 1 mettu st
7.Villiyampakkam (P) And (R.V), Ward 2 Gangaiamman koil st
8.Villiyampakkam (P) And (R.V), Ward 2 Cross st
9.Villiyampakkam (P) And (R.V), Ward 2 Nadu st
10.Villiyampakkam (P) And (R.V), Ward 2 Erular colony 999.Overseas Electors",All Voters,All India Anna Dravida Munnetra Kazhagam,499,265,234,Dravida Munnetra Kazhagam,2,1,6,4,3,6,5,25.43478260869565,2
191,191,153,302,1,15,143,4,0,1,0,0,619,0,619,0,191,Panchayat Union Middle School Athur South Facing East Side,"1.Athur (P) And (R.V), Ward 1 east st
2.Athur (P) And (R.V), Ward 1 Nadu st
3.Athur (P) And (R.V), Ward 1 Akkarakara st
4.Athur (P) And (R.V), Ward 1 Pallikooda st
5.Athur (P) And (R.V), Ward 1 Kullakarai st
6.Athur (P) And (R.V), Ward 1 Mettu st 999.Overseas Electors",All Voters,All India Anna Dravida Munnetra Kazhagam,302,153,149,Dravida Munnetra Kazhagam,2,1,6,4,3,5,7,24.07108239095315,1
192,192,306,133,3,14,242,0,0,0,2,5,705,0,705,0,192,Panchayat Union Middle School Athur West Facing,"1.Athur (P) And (R.V), Ward 1 New colony
2.Athur (P) And (R.V), Ward 1 ICW colony
3.Athur (P) And (R.V), Ward 2 Palvadi st
4.Athur (P) And (R.V), Ward 2 Mettu st
5.Athur (P) And (R.V), Wad 2 Nadu st
6.Athur (P) And (R.V), Ward 2 East st
7.Athur (P) And (R.V), Ward 2 Road St 999.Overseas Electors",All Voters,Dravida Munnetra Kazhagam,306,242,64,Tamilaga Vettri Kazhagam,1,3,5,4,2,6,6,9.078014184397164,2
193,193,215,225,1,14,236,1,0,0,4,2,698,0,698,0,193,Govt. Higher secondary school Thozhupedu South Facing West Side,"1.Thozhupedu (P) And (R.V), Ward 1 colony 1st street
2.Thozhupedu (P) And (R.V), Ward 1 Colony 2nd st
3.Thozhupedu (P) And (R.V), Ward 1 Colony 3rd st
4.Thozhupedu (P) And (R.V), Ward 1 Colony 4th st
5.Thozhupedu (P) And (R.V), Ward 2 Muthallu amman koil st
6.Thozhupedu (P) And (R.V), Ward 1 Olod colony
7.Thozhupedu (P) And (R.V), Ward 2 Mariamman koil st 999.OVERSEAS ELECTORS",All Voters,Tamilaga Vettri Kazhagam,236,225,11,All India Anna Dravida Munnetra Kazhagam,3,2,5,4,1,5,7,1.575931232091691,4
194,194,151,147,3,12,187,0,1,0,0,3,504,0,504,0,194,Govt. Higher secondary school Thozhupedu South Facing East Side,"1.Thozhupedu (P) And (R.V), Ward 2 Theradi st
2.Thozhupedu (P) And (R.V), Ward 2 East Kulakarai st
3.Thozhupedu (P) And (R.V), Ward 2 Ramar st
4.Thozhupedu (P) And (R.V), Ward 2 Chumanpedu salai
5.Thozhupedu (P) And (R.V), Ward 2 Erular st
6.Thozhupedu (P) And (R.V), Ward 2 Veeranam Salai
7.Thozhupedu (P) And (R.V), Ward 2 Arunthathiyar colony
8.Thozhupedu (P) And (R.V), Ward 2 Cross st
9.Thozhupedu (P) And (R.V), Ward 2 Poolamma kulam
10.Thozhupedu (P) And (R.V), Ward 2 Bharathiyar st
11.Thozhupedu (P) And (R.V), Ward 1 Pallikooda st
12.Thozhupedu (P) And (R.V), Ward 2 west kulakarai st 999.Overseas Electors",All Voters,Tamilaga Vettri Kazhagam,187,151,36,Dravida Munnetra Kazhagam,2,3,5,4,1,7,6,7.142857142857142,0
195,195,236,218,0,20,201,1,1,1,0,1,679,0,679,0,195,Panchayat Union Middle School Kadamalaiputhur West Facing North Side,"1.Kadamalaiputhur (P) And (R.V), Ward 1 national highway (nh45)
2.Kadamalaiputhur (P) And (R.V), Ward 1 Perumber Kandigai salai
3.Kadamalaiputhur (P) And (R.V), Ward 1 2nd Cross st
4.Kadamalaiputhur (P) And (R.V), Ward 1 Orathi salai
5.Kadamalaiputhur (P) And (R.V), Ward 2 Mariamman koil st
6.Kadamalaiputhur (P) And (R.V), Ward 2 1st Cross st
7.Kadamalaiputhur (P) And (R.V), Ward 2 Nadu st
8.Kadamalaiputhur (P) And (R.V), Ward 2 Periya Palayathamman st
9.Kadamalaiputhur (P) And (R.V), Ward 2 Pooniyamman st
10.Kadamalaiputhur (P) And (R.V), Ward 2 Mariamman st (East Paguthi) 999.Overseas Electors",All Voters,Dravida Munnetra Kazhagam,236,218,18,All India Anna Dravida Munnetra Kazhagam,1,2,7,4,3,5,5,2.650957290132548,1
196,196,115,169,0,11,131,4,1,0,0,2,433,0,433,0,196,Panchayat Union Middle School Kadamalaiputhur North Facing East Side,"1.Kadamalaiputhur (P) And (R.V), Ward 2 Mariamman st (West paguthir)
2.Kadamalaiputhur (P) And (R.V), Ward 2 Vinayagar koil st (West Paguthir)
3.Kadamalaiputhur (P) And (R.V), Ward 1 Vinayagar koil st ( East Paguthi)
4.Kadamalaiputhur (P) And (R.V), Ward 1 Perumal koil st
5.Kadamalaiputhur (P) And (R.V), Ward 1 Vinayagar koil st (South paguthi)
6.Kadamalaiputhur (P) And (R.V), Ward 1 Kuttaikarai st (South paguthi)
7.Kadamalaiputhur (P) And (R.V), Ward 1 Kuttaikarai st (North paguthi)
8.Kadamalaiputhur (P) And (R.V), Ward 1 Kuttaikarai 1st cross st
9.Kadamalaiputhur (P) And (R.V), Ward 1 Gangaiamman st 999.Overseas Electors",All Voters,All India Anna Dravida Munnetra Kazhagam,169,131,38,Tamilaga Vettri Kazhagam,3,1,7,4,2,5,6,8.775981524249422,0
197,197,139,381,2,7,120,1,0,0,0,1,651,0,651,0,197,Panchayat Union Middle School Siruperpandi East Facing,"1.Siruperpandi (P) And (R.V), Ward 2 Hospital st
2.Siruperpandi (P) And (R.V), Ward 2 Bajanai koil st
3.Siruperpandi (P) And (R.V), Ward 2 north st
4.Siruperpandi (P) And (R.V), Ward 2 Mariamman koil st
5.Siruperpandi (P) And (R.V), Ward 2 Thurgaiamman koil st
6.Siruperpandi (P) And (R.V), Ward 2 Elapakkam salai
7.Siruperpandi (P) And (R.V), Ward 2 Pillaiyar koil st
8.Siruperpandi (P) And (R.V), Ward 2 Mettu st 999.Overseas Electors",All Voters,All India Anna Dravida Munnetra Kazhagam,381,139,242,Dravida Munnetra Kazhagam,2,1,5,4,3,6,7,37.17357910906298,0
198,198,164,334,0,9,99,0,0,0,0,1,607,0,607,0,198,Panchayat Union Middle School Kalliyakunam North Facing,"1.Siruperpandi (P) And (R.V), Ward 1 Erikarai st
2.Siruperpandi (P) And (R.V), Ward 1 Pillaiyar koil st
3.Siruperpandi (P) And (R.V), Ward 1 Mariamman Koil st
4.Siruperpandi (P) And (R.V), Ward 3 Siruperpandy salai
5.Siruperpandi (P) And (R.V), Ward 3 Elapakkam salai
6.Siruperpandi (P) And (R.V), Ward 3 Mettu st
7.Siruperpandi (P) And (R.V), Ward 3 Thurgaiamman koil st
8.Siruperpandi (P) And (R.V), Ward 3 Pillaiyar koil st
9.Siruperpandi (P) And (R.V), Ward 3 Cross st
10.Siruperpandi (P) And (R.V), Ward 3 Iyar st
11.Siruperpandi (P) And (R.V), Ward 3 Erikarai St
12.Siruperpandi (P) And (R.V), Ward 3 Kuyavar st 999.OVERSEAS ELECTORS",All Voters,All India Anna Dravida Munnetra Kazhagam,334,164,170,Dravida Munnetra Kazhagam,2,1,5,4,3,5,5,28.00658978583196,0
199,199,175,119,1,10,152,0,0,0,0,3,460,0,460,0,199,Panchayat Union Middle School Perumperkandikai Eat Facing,"1.Perumperkandikai (P) And (R.V), Ward 1 karpagavinayagar kovil St
2.Perumperkandikai (P) And (R.V), Ward 2 Erular colony 1st street
3.Perumperkandikai (P) And (R.V), Ward 2 Erular colony 2nd street
4.Perumperkandikai (P) And (R.V), Ward 1 Thropathikoil st
5.Perumperkandikai (P) And (R.V), Ward 1 Sundravinayagar koil st
6.Perumperkandikai (P) And (R.V), Ward 1 Perumal koil st (north paguthi)
7.Perumperkandikai (P) And (R.V), Ward 1 Perumal koil st (south paguthia)
8.Perumperkandikai (P) And (R.V), Ward 1 E.B. Office st
9.Perumperkandikai (P) And (R.V), Ward 1 Post Office st
10.Perumperkandikai (P) And (R.V), Ward 1 Ellaiamman koil st
11.Perumperkandikai (P) And (R.V), Ward 1 Chathira st
12.Perumperkandikai (P) And (R.V), Ward 1 Muthumariamman koil st
13.Perumperkandikai (P) And (R.V), Ward 2 Munieswarar koil st
14.Perumperkandikai (P) And (R.V), Ward 2 Pallikooda st 999.OVERSEAS ELECTORS",All Voters,Dravida Munnetra Kazhagam,175,152,23,Tamilaga Vettri Kazhagam,1,3,5,4,2,6,6,5.0,0
200,200,267,122,1,14,131,1,0,0,0,3,539,0,539,0,200,"Panchayat Union Middle School Perumperkandikai, East facing South side Room No 2","1.Perumperkandikai (P) And (R.V), Ward 2 Kulakarai
2.Perumperkandikai (P) And (R.V), Ward 2 Valluvar st
3.Perumperkandikai (P) And (R.V), Ward 3 vinayagar koil st
4.Perumperkandikai (P) And (R.V), Ward 3 Mariamman koil st (West paguthi)
5.Perumperkandikai (P) And (R.V), Ward 3 Mariamman koil st (North paguthi)
6.Perumperkandikai (P) And (R.V), Ward 3 Mariamman koil Nadu st
7.Perumperkandikai (P) And (R.V), Ward 3 Mariamman koil st ( south paguthi)
8.Perumperkandikai (P) And (R.V), Ward 3 Mariamman koil st (East Paguthi) 999.Overseas Electors",All Voters,Dravida Munnetra Kazhagam,267,131,136,Tamilaga Vettri Kazhagam,1,3,5,4,2,5,7,25.23191094619666,0
201,201,291,304,0,36,239,2,2,0,5,3,882,0,882,0,201,Panchayat Union Middle School Thimmapuram north Facing,"1.Thimmapuram (P) And (R.V), Mariamman koil st colony
2.Thimmapuram (P) And (R.V), Colony east st
3.Thimmapuram (P) And (R.V), East st colony
4.Thimmapuram (P) And (R.V), Erikarai st
5.Thimmapuram (P) And (R.V), Erikarai cross st
6.Thimmapuram (P) And (R.V), Murugar koil st
7.Thimmapuram (P) And (R.V), Ist Cross st
8.Thimmapuram (P) And (R.V), Cross st 2nd
9.Thimmapuram (P) And (R.V), IIi nd Cross st
10.Thimmapuram (P) And (R.V), Cross st 4th
11.Thimmapuram (P) And (R.V), Cross st 5th
12.Thimmapuram (P) And (R.V), Cross st 6th
13.Thimmapuram (P) And (R.V), Colony salai
14.Thimmapuram (P) And (R.V), Elapakkam salai
15.Thimmapuram (P) And (R.V), Thorapathi amman koil st
16.Thimmapuram (P) And (R.V), Village cross st
17.Thimmapuram (P) And (R.V), Theradi st
18.Thimmapuram (P) And (R.V), Elapakkam colony mariamman koil st
19.Thimmapuram (P) And (R.V), Perumal koil st
20.Thimmapuram (P) And (R.V), Pillaiyar koil st
21.Thimmapuram (P) And (R.V), Mariamman koil cross st 999.Overseas Electors",All Voters,All India Anna Dravida Munnetra Kazhagam,304,291,13,Dravida Munnetra Kazhagam,2,1,7,4,3,5,5,1.473922902494331,5
202,202,343,212,1,27,284,1,3,1,3,9,884,0,884,0,202,Panchayat Union Middle School Seethapuram East Facing,"1.Thimmapuram (P) Seethapuram (R.V), Perumber kandigai salai
2.Thimmapuram (P) Seethapuram (R.V), Kulakarai salai
3.Thimmapuram (P) Seethapuram (R.V), Gangaiamman koil st
4.Thimmapuram (P) Seethapuram (R.V), Reddiyar st
5.Thimmapuram (P) Seethapuram (R.V), Erular st
6.Thimmapuram (P) Seethapuram (R.V), Otraivadai st
7.Thimmapuram (P) Seethapuram (R.V), Perumberkangigai mariamman koil st
8.Thimmapuram (P) Seethapuram (R.V), Ambedkar nagar 1 st street
9.Thimmapuram (P) Seethapuram (R.V), Ambedkar nagar 2nd st
10.Thimmapuram (P) Seethapuram (R.V), Ambedkar nagar 3rd st
11.Thimmapuram (P) Seethapuram (R.V), Ambedkar nagar 4th st
12.Thimmapuram (P) Seethapuram (R.V), Ambedkar nagar 5th st 999.Overseas Electors",All Voters,Dravida Munnetra Kazhagam,343,284,59,Tamilaga Vettri Kazhagam,1,3,6,4,2,6,5,6.67420814479638,4
203,203,186,537,4,29,147,0,0,1,1,3,908,0,908,0,203,PANCHAYAT UNION PRIMARY SCHOOL MATHUR WEST FACING,"1.Mathur (P) And (R.V), Ward 1 mathur colony
2.Mathur (P) And (R.V), Ward 1 Acharapakkam salai
3.Mathur (P) And (R.V), Ward 1 Salai cross st
4.Mathur (P) And (R.V), Ward 1 Chillamman koil st
5.Mathur (P) And (R.V), Ward 1 Chilliamman koil 1st street
6.Mathur (P) And (R.V), Ward 1 Chilliamman 2nd cross st
7.Mathur (P) And (R.V), Ward 2 Madava perumal koil st
8.Mathur (P) And (R.V), Ward 2 Palla st
9.Mathur (P) And (R.V), Ward 2 Sri Pillaiyar koil st
10.Mathur (P) And (R.V), Ward 2 Mettu st
11.Mathur (P) And (R.V), Ward 1 Mariamman koil st
12.Mathur (P) And (R.V), Ward 1 Karpaga vinayagar koil st
13.Mathur (P) And (R.V), Ward 1 Elapakkam salai
14.Mathur (P) And (R.V), Ward 1 Elapakkam kulakarai st 999.Overseas Electors",All Voters,All India Anna Dravida Munnetra Kazhagam,537,186,351,Dravida Munnetra Kazhagam,2,1,5,4,3,6,6,38.65638766519824,2
204,204,219,313,2,32,352,2,3,0,1,1,925,0,925,0,204,Panchayat union primary school Kottakayapakakm North Facing,"1.Villangadu (P) And (R.V), Ward 1 Gangaiamman koil st
2.Villangadu (P) And (R.V), Ward 1 Pooniamman koil st
3.Villangadu (P) And (R.V), Ward 2 Ankalamman koil 1st street
4.Villangadu (P) And (R.V), Ward 2 Ankalamman koil street 2nd st
5.Villangadu (P) And (R.V), Ward 2 Ankalamman koil 3rd st
6.Villangadu (P) And (R.V), Ward 2 Ankalamman koil 4th st
7.Villangadu (P) And (R.V), Ward 3 Ankalamman koil 5th st
8.Villangadu (P) And (R.V), Ward 3 Cement road 1st st
9.Villangadu (P) And (R.V), Ward 3 Cement road 2nd st
10.Villangadu (P) And (R.V), Ward 3 Villangadu colony gangaiamman koil st
11.Villangadu (P) And (R.V), Ward 3 Villangadu colony gangaiamman koil st
12.Villangadu (P) And (R.V), Ward 3 Villangadu colony gangaiamman koil st
13.Villangadu (P) And (R.V), Ward 3 Villangadu colony gangaiamman koil st
14.Villangadu (P) And (R.V), Ward 3 Villangadu colony gangaiamman koil st
15.Villangadu (P) And (R.V), Ward 3 Villangadu colony gangaiamman koil st
16.Villangadu (P) And (R.V), Ward 4 Thandavarayan 1st st
17.Villangadu (P) And (R.V), Ward 4 Thandavarayan 2nd st
18.Villangadu (P) And (R.V), Ward 4 Muthumariamman 1st street
19.Villangadu (P) And (R.V), Ward 4 Muthumariamman 2nd st
20.Villangadu (P) And (R.V), Ward 4 Munusamy st
21.Villangadu (P) And (R.V), Ward 4 Annamalai st
22.Villangadu (P) And (R.V), Ward 5 Kuppusamy 1st street
23.Villangadu (P) And (R.V), Ward 5 Kuppusamy 4th st
24.Villangadu (P) And (R.V), Ward 5 Erular 1st street
25.Villangadu (P) And (R.V), Ward 6 Kottakayapakkam gangaiamman koil st
26.Villangadu (P) And (R.V), Ward 6 Kotta kayapakkanm gangaiamman koil st
27.Villangadu (P) And (R.V), Ward 6 Kottakayapakkam gangaiamman koil st
28.Villangadu (P) And (R.V), Ward 6 Kottakayapakkam gangaiamman koil st 999.Overseas Electors",All Voters,Tamilaga Vettri Kazhagam,352,313,39,All India Anna Dravida Munnetra Kazhagam,3,2,6,4,1,6,5,4.216216216216216,1
205,205,225,110,0,10,231,2,0,0,0,5,583,0,583,0,205,Panchayat Union Primary School Uthamanallur East Facing 5th Standard,"1.Thirumukadu Village (P) And (R.V), Ward 1 reddiar st
2.Thirumukadu Village (P) And (R.V), Ward 1 Mariamman koil back side st
3.Thirumukadu Village (P) And (R.V), Ward 1 West Cross st
4.Thirumukadu Village (P) And (R.V), Ward 1 Mariamman koil st
5.Thirumukadu Village (P) And (R.V), Ward 1 Madakoil st
6.Thirumukadu Village (P) And (R.V), Ward 1 East cross st
7.Thirumukadu Village (P) And (R.V), Ward 1 Road st
8.Thirumukadu Village (P) And (R.V), Ward 1 New colony 1st cross st
9.Thirumukadu Village (P) And (R.V), Ward 1 New colony 2nd cross st
10.Thirumukadu Village (P) And (R.V), Ward 1 Cement salai
11.Thirumukadu Village (P) And (R.V), Ward 1 East st
12.Thirumukadu Village (P) And (R.V), Ward 1 Puravadai st 999.Overseas Electors",All Voters,Tamilaga Vettri Kazhagam,231,225,6,Dravida Munnetra Kazhagam,2,3,6,4,1,5,6,1.029159519725558,0
206,206,217,228,0,31,351,2,0,1,2,4,836,0,836,0,206,Panchayat Union Primary School Uthamanallur South Side,"1.Uthamanallur village (P) And (R.V), Ward 2 Uthamanallur east cross st
2.Uthamanallur village (P) And (R.V), Ward 2 Manmathan koil cross st
3.Uthamanallur village (P) And (R.V), Ward 2 Manmathan koil st
4.Uthamanallur village (P) And (R.V), Ward 2 Mariamman koil st
5.Uthamanallur village (P) And (R.V), Ward 2 Bajanai koil st
6.Uthamanallur village (P) And (R.V), Ward 2 Pillaiyar koil st
7.Uthamanallur village (P) And (R.V), Ward 2 Road st
8.Uthamanallur village (P) And (R.V), Ward 2 Erular Quarters
9.Uthamanallur village (P) And (R.V), Ward 2 New cross st
10.Uthamanallur village (P) And (R.V), Ward 2 Mariamman koil st
11.Uthamanallur village (P) And (R.V), Ward 2 kathavarayan koil st
12.Uthamanallur village (P) And (R.V), Ward 2 Mada koil st
13.Uthamanallur village (P) And (R.V), Ward 2 East cross st
14.Uthamanallur village (P) And (R.V), Ward 2 South cross st
15.Uthamanallur village (P) And (R.V), Ward 2 South st
16.Uthamanallur village (P) And (R.V), Ward 2 Keenaru st
17.Uthamanallur village (P) And (R.V), Ward 2 East Cross st
18.Uthamanallur village (P) And (R.V), Ward 2 Tar road st 999.Overseas Electors",All Voters,Tamilaga Vettri Kazhagam,351,228,123,All India Anna Dravida Munnetra Kazhagam,3,2,6,4,1,5,6,14.71291866028708,3
207,207,264,220,1,15,333,4,0,0,6,6,849,0,849,0,207,Panchayat Union Middle school Venkatesapuram (East Facing),"1.Acharapakkam, Ward 2 kazhanivilli colony
2.Acharappakam, Ward 2 Vanndikuppam colony santhu st
3.Acharappakam, Ward 2 Vannikuppam colony main st
4.Acharappakam, Ward 2 Vanndikuppam colony 1 st cross st
5.Acharapakkam, Ward 2 Vanndikuppam colony 2nd cross st
6.Acharapakkam, Ward 12 Mettu colony road
7.Acharapakkam, Ward 12 Mettu colony road 1 st street.
8.Acharapakkam, Ward 12 Mettu colony road 2nd st
9.Acharapakkam, Ward 12 Mettu colony road 3rd st
10.Acharapakkam, Ward 12 Mettu colony road 4th st
11.Acharapakkam, Ward 12 Vatjirapuram village
12.Acharapakkam, Ward 12 Edayar paguthi 999.Overseas Electors",All Voters,Tamilaga Vettri Kazhagam,333,264,69,Dravida Munnetra Kazhagam,2,3,6,4,1,5,7,8.12720848056537,6
208,208,195,365,0,10,162,1,0,0,2,3,738,0,738,0,208,Panchayat Union Middle school Venkatesapuram (West Facing),"1.Acharapakkam, Ward 14 kalakadi salai
2.Acharapakkam, Ward 14 Venkatesapuram1 st Street
3.Acharapakkam, Ward 14 Venkatesapuram 2nd st
4.Acharapakkam, Ward 15 Venkatesapuram 3 rd st
5.Acharapakkam, Ward 15 Venkatesapuram 4th street 999.Overseas Electors",All Voters,All India Anna Dravida Munnetra Kazhagam,365,195,170,Dravida Munnetra Kazhagam,2,1,6,4,3,5,6,23.03523035230352,2
209,209,118,255,0,9,155,0,3,1,3,2,546,0,546,0,209,PANCHAYAT UNION MIDDLE SCHOOL VENKATESAPURAM EAST FACING EAST SIDE,"1.Acharapakkam, Ward 1 Venkatesapuram 5 th street
2.Acharapakkam, Ward 15 veeranam salai
3.Acharapakkam, Ward 14 Ravathanallur village 1st Street
4.Acharapakkam, Ward 14 Ravathanallur village 2nd St
5.Acharapakkam, Ward 14 Ravathanallur colony first st
6.Acharapakkam, Ward 14 Ravathanallur village colony 2nd St
7.Acharapakkam, Ward 14 Ravathanallur village main salai
8.Acharapakkam, Ward 14 Ravathanallur village VIP nagar 999.Overseas Electors",All Voters,All India Anna Dravida Munnetra Kazhagam,255,155,100,Tamilaga Vettri Kazhagam,3,1,6,4,2,6,5,18.31501831501831,4
210,210,270,117,1,15,181,1,1,0,0,2,588,0,588,0,210,Panchayat union Primary School West Facing JVVD Building Acharapakkam East side,"1.Acharapakkam, Ward 9 acharapakkam pallipettai road
2.Acharapakkam, Ward 9 Varathareddi colony 1st street
3.Acharapakkam, Ward 9 Varathareddi 2nd st
4.Acharapakkam, Ward 9 Varathareddi 3rd st
5.Acharapakkam, Ward 9 Omsakthi nagar extension
6.Acharapakkam, Ward 9 Omsakthi nagar extension 1st street
7.Acharapakkam, Ward 9 Omsakthi nagar extension 3rd street
8.Acharapakkam, Ward 9 karimedu
9.Acharapakkam, Ward 7,8,9 Pankalara agoram complex
10.Acharapakkam, Ward 7,8,9 Veterinary Medical Car Shed
11.Acharapakkam, Ward 9,10 Town panchayat Mada koil 999.Overseas Electors",All Voters,Dravida Munnetra Kazhagam,270,181,89,Tamilaga Vettri Kazhagam,1,3,5,4,2,5,5,15.13605442176871,0
211,211,175,172,4,8,136,0,1,1,1,1,499,0,499,0,211,Panchayat union Primary schoolJVVD Building Acharapakkam South side,"1.Acharapakkam, Ward 9 Railway Quarters
2.Acharapakkam, Ward 10 Vadakku colony st
3.Acharapakkam, Ward 10 Vadakku colony east st
4.Acharapakkam, Ward 10 Vadakku colony south st
5.Acharapakkam, Ward 12 Nadu st 999.Overseas Electors",All Voters,Dravida Munnetra Kazhagam,175,172,3,All India Anna Dravida Munnetra Kazhagam,1,2,5,4,3,7,6,0.6012024048096193,2
212,212,179,226,2,9,156,0,0,0,1,2,575,0,575,0,212,MARWAR GOVT.HR.SEC.SCHOO NORTH WING EAST BLOCK ACH,"1.Acharapakkam, Ward 11 vadakku mada veethi
2.Acharapakkam, Ward 12 East mada veethi 999.Overseas Electors",All Voters,All India Anna Dravida Munnetra Kazhagam,226,179,47,Dravida Munnetra Kazhagam,2,1,5,4,3,6,6,8.17391304347826,1
213,213,123,161,0,9,122,0,0,0,0,2,417,0,417,0,213,"MARWAR GOVT.HR.SEC.SCHOOL North
Facing West Side Acharpakkam","1.Acharapakkam, Ward 13 South mada veethi
2.Acharapakkam, Ward 13 West mada veethi
3.Acharapakkam, Ward 1 V.M. St
4.Acharapakkam, Ward 1 Bajanai Koil Street 999.Overseas Electors",All Voters,All India Anna Dravida Munnetra Kazhagam,161,123,38,Dravida Munnetra Kazhagam,2,1,5,4,3,5,5,9.112709832134293,0
214,214,373,193,1,19,296,1,0,0,0,4,887,0,887,0,214,"MARWAR GOVT.HR.SEC.SCHOOL South
Facing West Side Acharapakkam","1.Acharapakkam, Ward 5 kasturi nagar
2.Acharapakkam, Ward 7 Union Office Quarters
3.Acharapakkam, Ward 7 Elapakkam salai
4.Acharapakkam, Ward 7 Otravadao 1st street
5.Acharapakkam, Ward 7 Otravadi 2 nd st
6.Acharapakkam, Ward 8 Periyar nagar 1st street
7.Acharapakkam, Ward 8 Periyar nagar 2nd st
8.Acharapakkam, Ward 8 Periyar nagar 3rd st
9.Acharapakkam, Ward 8 Periyar nagar 4th st
10.Acharapakkam, Ward 8 Periyar nagar 5th st
11.Acharapakkam, Ward 8 Periyar nagar 6th st
12.Acharapakkam, Ward 8 Periyar nagar main road
13.Acharapakkam, Ward 8 Periyar nagar santhu st
14.Acharapakkam, Ward 10 Thamarai kulam salai
15.Acharapakkam, Ward 8 MGR nagar 1st street
16.Acharapakkam, Ward 8 MGR nagar 2nd street
17.Acharapakkam, Ward 7 Jinna Nagar Main road
18.Acharapakkam, Ward 7 Jinna nagar 1st street
19.Acharapakkam, Ward 7 Jinna nagar 2nd street 999.Overseas Electors",All Voters,Dravida Munnetra Kazhagam,373,296,77,Tamilaga Vettri Kazhagam,1,3,5,4,2,5,7,8.680947012401354,0
215,215,318,231,1,16,289,1,0,0,0,3,859,0,859,0,215,"MARWAR GOVT.HR.SEC.SCHOOL West
Facing North Side Acharapakkam","1.Acharapakkam, Ward 4 national highway
2.Acharapakkam, Ward 5 Gandhi nagar 1st street
3.Acharapakkam, Ward 5 Gandhinagar 2 nd St
4.Acharapakkam, Ward 4 Gandhi nagar 3 rd st
5.Acharapakkam, Ward 4 Gandhi nagar 4th st
6.Acharapakkam, Ward 4 Gandhi nagar 5th st
7.Acharapakkam, Ward 4 Gandhi nagar 6th st
8.Acharapakkam, Ward 4 Gandhi nagar 7th st
9.Acharapakkam, Ward 3 Kanni koil medu
10.Acharapakkam, Ward 3 Kothandaramar nagar 999.Overseas Electors",All Voters,Dravida Munnetra Kazhagam,318,289,29,Tamilaga Vettri Kazhagam,1,3,5,4,2,5,7,3.376018626309663,0
216,216,344,213,2,29,271,1,0,0,3,6,869,0,869,0,216,"MARWAR GOVT.HR.SEC.SCHOOL West
Facing South Side","1.Acharapakkam, Ward 6 acharapakkam loop road(tpo to old anjan
2.Acharapakkam, Ward 6 Loop road 1st cross st
3.Acharapakkam, Ward 6 Looproad 2nd cross st
4.Acharapakkam, Ward 6 Nehru nagar 1st street
5.Acharapakkam, Ward 6 Nehru nagar 2nd street
6.Acharapakkam, Ward 6 Nehru nagar 3rd st
7.Acharapakkam, Ward 4 Gandhi nagar extension 3rd st
8.Acharapakkam, Ward 3 Malai nagar old colony
9.Acharapakkam, Ward 3 Malai nagar new colony
10.Acharapakkam, Ward 3 Tholaibesi Oozhiar Kudiyiruppu 999.Overseas Electors",All Voters,Dravida Munnetra Kazhagam,344,271,73,Tamilaga Vettri Kazhagam,1,3,5,4,2,6,7,8.400460299194476,3
217,217,298,286,2,14,259,0,0,0,0,1,860,0,860,0,217,Panchayat Union Primary School Pallipettai East Sise,"1.Pallipettai (P) And (R.V), Ward 1 pallipettai melmaruvathur road
2.Pallipettai (P) And (R.V), Ward 1 First st
3.Pallipettai (P) And (R.V), Ward 1 Second st
4.Pallipettai (P) And (R.V), Ward 1 Kuyavar st
5.Pallipettai (P) And (R.V), Ward 1 Third st
6.Pallipettai (P) And (R.V), Ward 1 Masuthi st
7.Pallipettai (P) And (R.V), Ward 1 Erikarai Cross st
8.Pallipettai (P) And (R.V), Ward 1 Pooniamman koil st
9.Pallipettai (P) And (R.V), Ward 1 Pallipettai Maruvur Avenue 999.Overseas Electors",All Voters,Dravida Munnetra Kazhagam,298,286,12,All India Anna Dravida Munnetra Kazhagam,1,2,5,4,3,6,6,1.395348837209302,0
286,218,384,169,0,30,336,1,1,0,0,0,921,0,921,0,218,Panchayat Union Primary School Pallipettai West Side,"1.Pallipettai (P), kalaiger nager And (R.V), Ward 2 elappakkam salai
2.Pallipettai (P), kalaiger nager And (R.V), Ward 2 Mada koil st
3.Pallipettai (P), kalaiger nager And (R.V), Ward 2 Masuthi st
4.Pallipettai (P), kalaiger nager And (R.V), Ward 2 Cross st
5.Pallipettai (P), kalaiger nager And (R.V), Ward 2 Kalaiger Nager
6.Pallipettai (P), kalaiger nager And (R.V), Ward 2 Otravadai Joint st
7.Pallipettai (P), kalaiger nager And (R.V), Ward 2 Mariamman koil st
8.Pallipettai (P) (R.V), Ward 2 EB colony first st
9.Pallipettai (P) (R.V), Ward 2 EB Colony 2 nd st
10.Pallipettai (P) (R.V), Ward 2 EB colony 3rd st
11.Pallipettai (P) (R.V), Ward 2 EB colony 4th st
12.Pallipettai (P) (R.V), Ward 2 EB colony 5th st
13.Pallipettai (P) (R.V), Ward 2 EB colony Palla st
14.Pallipettai (P) (R.V), Ward 2 Gopalapuram First st
15.Pallipettai (P) (R.V), Ward 2 Ambedkar Nagar Chunnambu colony
16.Pallipettai (P) (R.V), Ward 2 Ambedkar Nagar Chunambu colony 999.Overseas Electors",All Voters,Dravida Munnetra Kazhagam,384,336,48,Tamilaga Vettri Kazhagam,1,3,7,4,2,5,5,5.211726384364821,0
218,218,0,0,0,0,0,0,0,0,0,0,0,0,0,0,218,Panchayat Union Primary School Pallipettai West Side,"1.Pallipettai (P), kalaiger nager And (R.V), Ward 2 elappakkam salai
2.Pallipettai (P), kalaiger nager And (R.V), Ward 2 Mada koil st
3.Pallipettai (P), kalaiger nager And (R.V), Ward 2 Masuthi st
4.Pallipettai (P), kalaiger nager And (R.V), Ward 2 Cross st
5.Pallipettai (P), kalaiger nager And (R.V), Ward 2 Kalaiger Nager
6.Pallipettai (P), kalaiger nager And (R.V), Ward 2 Otravadai Joint st
7.Pallipettai (P), kalaiger nager And (R.V), Ward 2 Mariamman koil st
8.Pallipettai (P) (R.V), Ward 2 EB colony first st
9.Pallipettai (P) (R.V), Ward 2 EB Colony 2 nd st
10.Pallipettai (P) (R.V), Ward 2 EB colony 3rd st
11.Pallipettai (P) (R.V), Ward 2 EB colony 4th st
12.Pallipettai (P) (R.V), Ward 2 EB colony 5th st
13.Pallipettai (P) (R.V), Ward 2 EB colony Palla st
14.Pallipettai (P) (R.V), Ward 2 Gopalapuram First st
15.Pallipettai (P) (R.V), Ward 2 Ambedkar Nagar Chunnambu colony
16.Pallipettai (P) (R.V), Ward 2 Ambedkar Nagar Chunambu colony 999.Overseas Electors",All Voters,Dravida Munnetra Kazhagam,0,0,0,All India Puratchi Thalaivar Makkal Munnettra Kazhagam,1,1,1,1,1,1,1,0.0,0
219,219,246,207,4,22,375,1,1,1,0,8,865,0,865,0,219,Panchayat union primary school South facing Pudupettai,"1.Pallipettai (P) (R.V), Ward 2 Ambedkar Nagar first st
2.Pallipettai (P) (R.V), Ward 2 Ambedkar Nagar first st
3.Pallipettai (P) (R.V), Ward 2 Pillaiyar koil st
4.Pallipettai (P) (R.V), Ward 2 4th st
5.Pallipettai (P) (R.V), Ward 2 chilliamman koil st
6.Pallipettai (P) (R.V), Ward 2 Cross st
7.Pallipettai (P) (R.V), Ward 2 First st
8.Pallipettai (P) (R.V), Ward 2 2nd st
9.Pallipettai (P) (R.V), Ward 2 National Highway salai
10.Pallipettai (P) (R.V), Ward 2 Cresent nagar 999.Overseas Electors",All Voters,Tamilaga Vettri Kazhagam,375,246,129,Dravida Munnetra Kazhagam,2,3,5,4,1,6,6,14.91329479768786,1
220,220,308,204,2,10,234,0,1,0,0,0,759,0,759,0,220,Panchayat union primary school Sendivakkam South Side,"1.Agali (P) And (R.V), Ward 3 mariamman koil st
2.Agali (P) And (R.V), Ward 3 Vinayagar koil st
3.Agali (P) And (R.V), Ward 3 Mettu st
4.Agali (P) And (R.V), Ward 3 Nadu st
5.Agali (P) And (R.V), Ward 3 Anthoniyar koil st
6.Agali (P) And (R.V), Ward 3 Mada koil st
7.Agali (P) And (R.V), Ward 3 New st
8.Agali (P) And (R.V), Ward 3 Erular Nagar
9.Agali (P) And (R.V), Ward 2 Mariamman koil st 999.Overseas Electors",All Voters,Dravida Munnetra Kazhagam,308,234,74,Tamilaga Vettri Kazhagam,1,3,5,4,2,7,6,9.749670619235836,0
221,221,261,219,4,18,208,1,1,0,1,2,715,0,715,0,221,Panchayat union primary school Sendivakkam East Side,"1.Agali (P) And (R.V), Ward 2 New colony
2.Agali (P) And (R.V), Ward 2 Tank St
3.Agali (P) And (R.V), Ward 2 Cross st
4.Agali (P) And (R.V), Ward 1 Pooniamman koil st
5.Agali (P) And (R.V), Ward 1 Mariamman koil st
6.Agali (P) And (R.V), Ward 1 Perumal Koil st
7.Agali (P) And (R.V), Ward 1 Vinayaga koil st
8.Agali (P) And (R.V), Ward 1 Kanniamman koil st
9.Agali (P) And (R.V), Ward 1 Erular Nagar
10.Agali (P) And (R.V), Ward 1 Chendivakkam salai
11.Agali (P) And (R.V), Ward 1 Kollamedu st 999.Overseas Electors",All Voters,Dravida Munnetra Kazhagam,261,219,42,All India Anna Dravida Munnetra Kazhagam,1,2,5,4,3,6,6,5.874125874125874,1
222,222,241,206,2,26,273,2,0,0,4,9,763,0,763,0,222,Panchayat Union Middle School Unamalai South Facing Room 1,"1.Unamalai (P) And (R.V), Ward 1 erular colony nadu st
2.Unamalai (P) And (R.V), Ward 1 Aruthiyar colony varavu kalvai st
3.Unamalai (P) And (R.V), Ward 1 Old colony morapakkam salai
4.Unamalai (P) And (R.V), Ward 1 Old colony mariamman koil st
5.Unamalai (P) And (R.V), Ward 1 Muniyanthal salai
6.Unamalai (P) And (R.V), Ward 1 Puducolony vadakku veethi
7.Unamalai (P) And (R.V), Ward 1 Puducolony nadu st
8.Unamalai (P) And (R.V), Ward 1 Pallithangal st
9.Unamalai (P) And (R.V), Ward 1 Munianthangal cross st
10.Unamalai (P) And (R.V), Ward 2 Sesharayanpettai vinayagar koil st
11.Unamalai (P) And (R.V), Ward 2 Sesharayanpettai Mariamman Koil st
12.Unamalai (P) And (R.V), Ward 2 Sesharayanpettai Muniyanthangal salai 999.Overseas Electors",All Voters,Tamilaga Vettri Kazhagam,273,241,32,Dravida Munnetra Kazhagam,2,3,5,4,1,5,7,4.193971166448231,4
223,223,146,223,0,11,133,1,3,0,1,3,521,0,521,0,223,Panchayat Union Middle School unamalai South Facing Room 2,"1.Unamalai (P) And (R.V), Ward 2 Unamalai Thozhilalar veethi
2.Unamalai (P) And (R.V), Ward 2 Thozhilalar Veethi cross st
3.Unamalai (P) And (R.V), Ward 2 Unamalai palla st
4.Unamalai (P) And (R.V), Ward 2 Unamalai kullakarai st
5.Unamalai (P) And (R.V), Ward 2 Unamalaiperumal koil st
6.Unamalai (P) And (R.V), Ward 3 Thoppu st north veethy
7.Unamalai (P) And (R.V), Ward 3 Vinayagar koil st
8.Unamalai (P) And (R.V), Ward 3 School St
9.Unamalai (P) & Sirunagalur (R.V), Ward 3 Mettu Unamalai colony
10.Unamalai (P) & Sirunagalur (R.V), Ward 3 Kothandaramar koil st
11.Unamalai (P) & Sirunagalur (R.V), Ward 3 Mariamman koil st
12.Unamalai (P) & Sirunagalur (R.V), Ward 3 Vinayagar koil st 999.Overseas Electors",All Voters,All India Anna Dravida Munnetra Kazhagam,223,146,77,Dravida Munnetra Kazhagam,2,1,7,4,3,6,5,14.77927063339731,1
224,224,139,116,0,11,177,2,0,0,1,1,447,0,447,0,224,Panchayat union primary school Sirunagalur South Facing,"1.Sirunagalur (P) And (R.V), Ward 1 Vayalvilli st
2.Sirunagalur (P) And (R.V), Ward 1 Mariamman koil st
3.Sirunagalur (P) And (R.V), Ward 1 Colony Theradi st
4.Sirunagalur (P) And (R.V), Ward 1 Viilage north st
5.Sirunagalur (P) And (R.V), Ward 2 Angan vadi st
6.Sirunagalur (P) And (R.V), Ward 2 Bajanai koil st
7.Sirunagalur (P) And (R.V), Ward 2 Kullakarai mel st
8.Sirunagalur (P) And (R.V), Ward 2 Balamurugan koil st
9.Sirunagalur (P) And (R.V), Ward 2 Thoguppu Houses 1st st
10.Sirunagalur (P) And (R.V), Ward 2 1 st Cross st
11.Sirunagalur (P) And (R.V), Ward 2 2nd Cross st
12.Sirunagalur (P) And (R.V), Ward 2 3rd Cross st
13.Sirunagalur (P) And (R.V), Ward 2 4th Cross st
14.Sirunagalur (P) And (R.V), Ward 2 Pappathikulam road 999.Overseas Electors",All Voters,Tamilaga Vettri Kazhagam,177,139,38,Dravida Munnetra Kazhagam,2,3,6,4,1,5,6,8.501118568232663,1
225,225,178,302,0,7,156,0,0,2,2,1,648,0,648,0,225,Panchayat Union Primary School Pakkam North Facing,"1.Thathangkuppam, Ward 1 pillaiyar koil street
2.Thathangkuppam, Ward 1 Bajanai Koil Street
3.Thathangkuppam, Ward 1 south street
4.Pakkam (P) And (R.V), Ward 2 Bajanai Koil Steet
5.Pakkam (P) And (R.V), Ward 2 Nadu Street
6.Pakkam (P) And (R.V), Ward 2 South Street
7.Pakkam (P) And (R.V), Ward 2 Mariamman Koil Street 999.Overseas Electors",All Voters,All India Anna Dravida Munnetra Kazhagam,302,178,124,Dravida Munnetra Kazhagam,2,1,5,4,3,5,5,19.1358024691358,4
226,226,270,218,1,20,181,0,0,0,0,4,694,0,694,0,226,Panchayat Union Primary School Pakkam West Facing Building,"1.Pakkam Colony (P) And (R.V), Ward 2 West Street
2.Pakkam Colony (P) And (R.V), Ward 2 Pakkam GST Salai
3.Bakkam Colony (P) And (R.V), Ward 2 Palaiyar Koil Street
4.Bakkam Colony (P) And (R.V), Ward 2 Gankayamman Koil Strret
5.Bakkam Colony (P) And (R.V), Ward 2, Mareyamman Koil Street
6.Vayaloor, Ward 2 South Street
7.Vayaloor, Ward 2 Nadu Street
8.Vayallur, Ward1 Crosse Street 999.Overseas Electors",All Voters,Dravida Munnetra Kazhagam,270,218,52,All India Anna Dravida Munnetra Kazhagam,1,2,5,4,3,6,6,7.492795389048991,0
227,227,160,246,0,6,213,0,1,0,0,3,629,0,629,0,227,"VM Matriculation School, Iyyanar Koil Silavattam East Facing Room 2","1.Silavattam (P) And (R.V), Ward 1 sirukulathur north kulakkarai st
2.Silavattam (P) And (R.V), Ward 1 Sirukulathur South Kulakkarai St
3.Silavattam (P) And (R.V), Ward 1 Sirukulathur Vangiyamman Koil St
4.Silavattam (P) And (R.V), Ward 1 G S T Road
5.Silavattam (P) And (R.V), Ward Sirukulathur Kannadasan First St
6.Silavattam (P) And (R.V), Ward 1 Iyyanar Nagar Iyyanar Kulam St
7.Silavattam (P) And (R.V), Ward 1 Iyyanar Nagar L Endathur Road
8.Silavattam (P) And (R.V), Ward 1 Iyyanar Nagar Bharathi St
9.Silavattam (P) And (R.V), Ward 1 Iyyanar Nagar Thiruvalluvar St
10.Silavattam (P) And (R.V), Ward 1 Iyyanar Nagar Bharathidasan St
11.Silavattam (P) And (R.V), Ward 1 Iyyanar St Elangovadigal St
12.Silavattam (P) And (R.V), Ward 1 iyyanar st kambar st
13.Silavattam (P) And (R.V), Ward 1 Iyyanar St Pillaiyar Koil St
14.Silavattam (P) And (R.V), Ward 1 Kaligner Colony Godown St 999.Overseas Electors",All Voters,All India Anna Dravida Munnetra Kazhagam,246,213,33,Tamilaga Vettri Kazhagam,3,1,6,4,2,6,5,5.246422893481717,0
228,228,118,207,0,15,157,1,0,0,0,0,498,0,498,0,228,"VM Matriculation School, Iyyanar Koil Silavattam East Facing Room 3","1.Silavattam (P) And (R.V), Ward 1 Kaligner Colony G S T Road
2.Silavattam (P) And (R.V), Ward 1 Kaligner Colony First North St
3.Silavattam (P) And (R.V), Ward 1 Kaligner Colony First South St
4.Silavattam (P) And (R.V), Ward 1 Kaligner Colony 2nd North St
5.Silavattam (P) And (R.V), Ward 1 Kaligner Colony 2nd South St
6.Silavattam (P) And (R.V), Ward 1 Kaligner Colony 3rd North St
7.Silavattam (P) And (R.V), Ward 1 Kaligner Colony Nadu St
8.Silavattam (P) And (R.V), Ward 1 Kaligner Colony 4th North St
9.Silavattam (P) And (R.V), Ward Kaligner Colony Old Colony First St
10.Silavattam (P) And (R.V), Ward 1 Old Colony 2nd St
11.Silavattam (P) And (R.V), Ward 1 Kaligner Colony E V P College Back Side
12.Silavattam (P) And (R.V), Ward 1 MaleSilavattam Krishnan Koil St
13.Silavattam (P) And (R.V), Ward 1 MaleSilavattam Earikarai St
14.Silavattam (P) And (R.V), Ward 1 MaleSilavattam Arasamara Kulakkarai St 999.Overseas Electors",All Voters,All India Anna Dravida Munnetra Kazhagam,207,157,50,Tamilaga Vettri Kazhagam,3,1,6,4,2,5,6,10.04016064257028,0
229,229,145,173,1,15,154,0,1,0,0,0,489,0,489,0,229,Panchayat Union Middle school Silavattam west face,"1.Silavattam (P) And (R.V), Ward 1 MaleSilavattam Cross St
2.Silavattam (P) And (R.V), Ward 1 Ozhuppakkam First St
3.Silavattam (P) And (R.V), Ward 1 Ozhuppakkam G S T Road
4.Silavattam (P) And (R.V), Ward 2 ozhuppakkam vengatesa perumal koil st
5.Silavattam (P) And (R.V), Ward 2 Anna Nagar Nadu St
6.Silavattam (P) And (R.V), Ward 2 Anna Nagar Mettu Colony St
7.Silavattam (P) And (R.V), Ward 3 Silavattam Marriyamman Koil St
8.Silavattam (P) And (R.V), Silavattam Rise Mill Back Side St
9.Silavattam (P) And (R.V), Ward 3 Silavattam Hand Pump St
10.Silavattam (P) And (R.V), Ward 3 Silavattam Thirowpathiamman Koil St
11.Silavattam (P) And (R.V), Ward 3 Silavattam Rice Mill St
12.Silavattam (P) And (R.V), Ward 3 Silavattam Mariamman Koil St 999.Overseas Electors",All Voters,All India Anna Dravida Munnetra Kazhagam,173,154,19,Tamilaga Vettri Kazhagam,3,1,5,4,2,7,5,3.885480572597137,0
230,230,126,234,2,10,148,1,1,0,0,4,526,0,526,0,230,Panchayat Union Middle School Silavattam East facing South side,"1.Silavattam (P) And (R.V), Ward 3 Silavattam Mariamman Koil St
2.Silavattam (P) And (R.V), Ward 3 silavattam bajanai koil st
3.Silavattam (P) And (R.V), Ward 3 Bajanai Koil Cross St
4.Silavattam (P) And (R.V), Ward 3 Silavattam Murugan Koil St
5.Silavattam (P) And (R.V), Ward 3 Silavattam SRG Veethi
6.Silavattam (P) And (R.V), Ward 3 Silavattam Murugar Koil St
7.Silavattam (P) And (R.V), Ward 3 Silavattam Kozhi Pannai
8.Silavattam (P) And (R.V), Ward 3 Silavattam School St
9.Silavattam (P) And (R.V), Ward 3 Chinna Colony 999.Overseas Electors",All Voters,All India Anna Dravida Munnetra Kazhagam,234,148,86,Tamilaga Vettri Kazhagam,3,1,5,4,2,6,6,16.34980988593156,0
231,231,294,426,1,28,297,0,0,0,2,1,1049,0,1049,0,231,V.K.M. High school Villvarayanallur North Facing,"1.Vilvarayannallur (P) And (R.V), Ward 1 govitharajpuram Vinayagar koil St
2.Vilvarayannallur (P) And (R.V), Ward 1 Vilvarayanallur Main Road
3.Vilvarayannallur (P) And (R.V), Ward 1 muthumariamman koil st
4.Vilvarayannallur (P) And (R.V), Ward 2 Vanniyar St
5.Vilvarayannallur (P) And (R.V), Ward 2 Othavadai St
6.Vilvarayannallur (P) And (R.V), Ward 2 Pillaiyar Koil St
7.Vilvarayannallur (P) And (R.V), Ward 2 Bajanai Koil St
8.Vilvarayannallur (P) And (R.V), Ward 2 Padaveduamman Koil St
9.Vilvarayannallur (P) And (R.V), Ward 2 bramanar st 999.Overseas Electors",All Voters,All India Anna Dravida Munnetra Kazhagam,426,297,129,Tamilaga Vettri Kazhagam,3,1,5,4,2,6,6,12.29742612011439,2
232,232,132,188,0,6,211,1,2,0,3,4,547,0,547,0,232,Panchayat union primary school Nethapakkam South Facing East Side,"1.Nethapakkam (P) And (R.V), Ward 2 Nethapakkam Colony 1st St
2.Nethapakkam (P) And (R.V), Ward 2 Nethapakkam Colony 2nd St
3.Nethapakkam (P) And (R.V), Ward 2 Nethapakkam Colony 3rd St
4.Nethapakkam (P) And (R.V), Ward 2 Nethapakkam Colony 4th St
5.Nethapakkam (P) And (R.V), Ward 2 Nethapakkam Colony 5th St
6.Nethapakkam (P) And (R.V), Ward 2 Nethapakkam Colony 6th St
7.Nethapakkam (P) And (R.V), Ward 2 Nethapakkam Colony 7th St
8.Nethapakkam (P) And (R.V), Ward 2 Nethapakkam Puthoor St
9.Nethapakkam (P) And (R.V), Ward 2 Puthina Thottam 1st St
10.Nethapakkam (P) And (R.V), Ward 2 Puthina Thottam 2nd St
11.Nethapakkam (P) And (R.V), Ward 2 Puthina Thottam 3rd St
12.Nethapakkam (P) And (R.V), Ward 2 Koozhamangalam Colony 1st St
13.Nethapakkam (P) And (R.V), Ward 2 Koozhamangalam New Colony 2nd St
14.Nethapakkam (P) And (R.V), Ward 2 Koozhamangalam New Colony 3rd St
15.Nethapakkam (P) And (R.V), Ward 2 Koozhamangalam Pillayar Koil St 999.Overseas Electors",All Voters,Tamilaga Vettri Kazhagam,211,188,23,All India Anna Dravida Munnetra Kazhagam,3,2,7,4,1,6,5,4.204753199268739,3
233,233,255,237,4,5,177,1,2,0,5,5,691,0,691,0,233,"Panchayat union primary school, Vasanthavadi East facing building","1.Nethapakkam (P) And (R.V), Ward 1 Amayampattu Gangaiamman Koil St
2.Nethapakkam (P) And (R.V), Ward 1 Amayampattu Pillyar Koil St
3.Nethapakkam (P) And (R.V), Ward 1 Pulikoradu West St
4.Nethapakkam (P) And (R.V), Ward 1 Pulikoradu LD St
5.Nethapakkam (P) And (R.V), Ward 1 Pulikoradu St
6.Nethapakkam (P) And (R.V), Ward 1 Vasanthavadi Mariamman Koil St
7.Nethapakkam (P) And (R.V), Ward 1 Vasanthavadi Bajanai Koil St
8.Nethapakkam (P) And (R.V), Ward 1 Vasanthavadi Muthumariamman Koil St
9.Nethapakkam (P) And (R.V), Ward 1 Vasanthavadi East St
10.Nethapakkam (P) And (R.V), Ward 1 Vasanthavadi LD St 999.Overseas Electors",All Voters,Dravida Munnetra Kazhagam,255,237,18,All India Anna Dravida Munnetra Kazhagam,1,2,5,4,3,7,6,2.604920405209841,5
234,234,170,187,0,12,236,2,0,0,1,1,609,0,609,0,234,Muthamalla Middle school Main Building Sirunallur South Facing,"1.Sirunallur (P) And (R.V), Ward 1 mariamman koil st
2.Sirunallur (P) And (R.V), Ward 1 Gangaiamman Koil St
3.Sirunallur (P) And (R.V), Ward 1 selliamman koil st
4.Sirunallur (P) And (R.V), Ward 1 new quarters area
5.Sirunallur (P) And (R.V), Ward 1 Pillayar Koil St
6.Sirunallur (P) And (R.V), Ward 1 kulakkarai st
7.Sirunallur (P) And (R.V), Ward 1 Pallikooda St 999.Overseas Electors",All Voters,Tamilaga Vettri Kazhagam,236,187,49,All India Anna Dravida Munnetra Kazhagam,3,2,6,4,1,5,6,8.045977011494253,1
235,235,134,284,0,8,194,0,1,0,1,1,623,0,623,0,235,"Panchayat union primary school, Kendiracherry North Facing East side","1.Sirunallur (P) And (R.V), Ward 3 gendiracheri south colony
2.Sirunallur (P) And (R.V), Ward 3 Gendiracheri Colony Thideer Nagar
3.Sirunallur (P) And (R.V), Ward 3 Madura Mudugarai Choonambedu
4.Sirunallur (P) And (R.V), Ward 3 Madura Mudugarai Big St
5.Sirunallur (P) And (R.V), Ward 3 Mudugarai Erikarai Quarters 999.Overseas Electors",All Voters,All India Anna Dravida Munnetra Kazhagam,284,194,90,Tamilaga Vettri Kazhagam,3,1,6,4,2,6,5,14.446227929374,1
236,236,243,483,3,18,264,1,0,1,5,9,1027,0,1027,0,236,Panchayat union Middle school East Facing Mudukarai,"1.Sirunallur (P) And (R.V), Ward 2 colony st
2.Sirunallur (P) And (R.V), Ward 2 kannagi st
3.Sirunallur (P) And (R.V), Ward 2 Mootha Mettu St
4.Sirunallur (P) And (R.V), Ward 3 Malliga St
5.Sirunallur (P) And (R.V), Ward 3 Ponniamman Koil St
6.Sirunallur (P) And (R.V), Ward 3 Nadu St
7.Sirunallur (P) And (R.V), Ward 3 Keezhandai St 999.Overseas Electors",All Voters,All India Anna Dravida Munnetra Kazhagam,483,264,219,Tamilaga Vettri Kazhagam,3,1,5,4,2,6,7,21.32424537487829,6
237,237,111,190,0,8,144,0,2,0,0,1,456,0,456,0,237,Panchayat union primary school Gendirachary North Facing Room 5,"1.Kendiracherry (P) And (R.V), Ward 1 mariamman koil st
2.Kendiracherry (P) And (R.V), Ward 1 Mariamman Koil Cross St
3.Kendiracherry (P) And (R.V), Ward 1 Pillaiyar Koil St
4.Kendiracherry (P) And (R.V), Ward 1 North Colony Mariamman Koil St
5.Kendiracherry (P) And (R.V), Ward 1 North Colony Mariamman Koil St 999.Overseas Electors",All Voters,All India Anna Dravida Munnetra Kazhagam,190,144,46,Tamilaga Vettri Kazhagam,3,1,6,4,2,6,5,10.08771929824561,0
238,238,143,467,2,10,329,1,0,4,1,8,965,0,965,0,238,Panchayat Union Middle school Arunkunam North Facing,"1.Arunkunam (P) And (R.V), Ward 1 arunkunam road
2.Arunkunam (P) And (R.V), Ward 1 Mariyamman Koil St
3.Arunkunam (P) And (R.V), Ward 1 Melkulakkarai St
4.Arunkunam (P) And (R.V), Ward 1 north st
5.Arunkunam (P) And (R.V), Ward 1 Nadu St
6.Arunkunam (P) And (R.V), Ward 3 Bramanar St
7.Arunkunam (P) And (R.V), Ward 3 South St
8.Arunkunam (P) And (R.V), Ward 3 Yearikari St
9.Arunkunam (P) And (R.V), Ward 1 Puliyaranang kottai Road
10.Arunkunam (P) And (R.V), Ward 3 Meatu St 999.Overseas Electors",All Voters,All India Anna Dravida Munnetra Kazhagam,467,329,138,Tamilaga Vettri Kazhagam,3,1,5,4,2,6,7,14.30051813471503,5
239,239,176,334,2,25,304,0,2,1,0,4,848,0,848,0,239,Panchayat Union Middle school Arunkunam North Facing,"1.Arunkunam (P) And (R.V), Ward 3 akathippattu bajanai koil st
2.Arunkunam (P) And (R.V), Ward 2 mariyamman koil st
3.Arunkunam (P) And (R.V), Ward 2 Ambathkar St
4.Arunkunam (P) And (R.V), Ward 2 Pillaiyar Koil St
5.Arunkunam (P) And (R.V), Ward 2 devathudar road
6.Arunkunam (P) And (R.V), Ward 2 Meanavar St 1
7.Arunkunam (P) And (R.V), Ward 2 Meanavar St 2
8.Arunkunam (P) And (R.V), Ward 2 New St
9.Arunkunam (P) And (R.V), Ward 3 Panampattu Pillaiyar Koil St 999.Overseas Electors",All Voters,All India Anna Dravida Munnetra Kazhagam,334,304,30,Tamilaga Vettri Kazhagam,3,1,5,4,2,7,5,3.537735849056604,1
240,240,263,352,3,11,200,1,0,0,1,0,831,0,831,0,240,Panchayat Union Primary school Kaththirchery South Facing,"1.Munnuthikuppam (P) And (R.V), Ward1 kathirichseri village
2.Munnuthikuppam (P) And (R.V), Ward1 Kathiriseri Colony 1st Street
3.Munnuthikuppam (P) And (R.V), Ward1 Kathiriserri Colony 2nd Street
4.Munnuthikuppam (P) And (R.V), Ward1 Kathiriseri Colony 3rd Street
5.Munnuthikuppam (P) And (R.V), Ward1 Kathiriseri Colony 4th Street
6.Munnuthikuppam (P) And (R.V), Ward1 Kathiriseri Colony 5th Street
7.Munnuthikuppam (P) And (R.V), Ward1 Kathiriseri Colony 6th Street
8.Munnuthikuppam (P) And (R.V), Ward1 Valluvar Street
9.Munnuthikuppam (P) And (R.V), Ward1 Kathiriseri Pazhaya Colony
10.Munnuthikuppam (P) And (R.V), Ward1 Uzuthamangalam Village
11.Munnuthikuppam (P) And (R.V), Ward2 Uzudumangalam Colony Ellamman koil Street
12.Munnuthikuppam (P) And (R.V), Ward2 Uduthumangalam Colony Eswaran Koil Street
13.Munnuthikuppam (P) And (R.V), Ward2 Uduthumangalam Colony Mariyamman Koil Street
14.Munnuthikuppam (P) And (R.V), Ward2 Uzudumangalam Colony 3rd Street
999.Overseas Electors",All Voters,All India Anna Dravida Munnetra Kazhagam,352,263,89,Dravida Munnetra Kazhagam,2,1,5,4,3,6,7,10.70998796630566,1
241,241,153,283,1,13,224,0,1,2,0,2,679,0,679,0,241,Panchayat Union Middle School West facing Munnuthikuppam,"1.Munnuthikuppam (P) And (R.V), Ward3 munnuthikuppam vinayagar
2.Munnuthikuppam (P) And (R.V), Ward3 Mariyamman Koil Street
3.Munnuthikuppam (P) And (R.V), Ward3 Middle Street
4.Munnuthikuppam (P) And (R.V), Ward3 Erikarai Street
5.Munnuthikuppam (P) And (R.V), Ward3 Veeranam Road
6.Munnuthikuppam (P) And (R.V), Ward3 Veeranam South Road
7.Munnuthikuppam (P) And (R.V), Ward3 Ellamman Koil Street
8.Munnuthikuppam (P) And (R.V), Ward3 Veeranam North Road
9.Munnuthikuppam (P) And (R.V), Ward4 mulli village
10.Munnuthikuppam (P) And (R.V), Ward4 Mulli Colony
11.Munnuthikuppam (P) And (R.V), Ward5 Vallarpirai Colony 999.Overseas Electors",All Voters,All India Anna Dravida Munnetra Kazhagam,283,224,59,Tamilaga Vettri Kazhagam,3,1,5,4,2,7,5,8.689248895434462,2
242,242,122,150,1,6,129,0,1,0,0,4,413,0,413,0,242,R.C.Boys Primary School K.K.Buthur Kinar kandigai South Facing,"1.Kinar (P) And (R.V), Ward 2 154 irusamanallur tank salai
2.Kinar (P) And (R.V), Ward 2 154 Irusamanallur Pillaiyar Koil Street
3.Kinar (P) And (R.V), Ward 2 Irusamanallur 2nd Street
4.Kinar (P) And (R.V), Ward 2 Irusamanallur 1st Street
5.Kinar (P) And (R.V), Ward 2 Irusamanallur Panchayat Union Street 999.Overseas Electors",All Voters,All India Anna Dravida Munnetra Kazhagam,150,129,21,Tamilaga Vettri Kazhagam,3,1,5,4,2,7,5,5.084745762711865,0
243,243,244,266,0,27,292,0,1,0,1,2,833,0,833,0,243,"R.C. Boys Primary School, Additional Buildin West Side","1.Kinar (P) And (R.V), Ward 4 punitha susaiyappar koil south street
2.Kinar (P) And (R.V), Ward 4 punitha susaiyappar koil north street
3.Kinar (P) And (R.V), Ward 4 Punithasusaiyappar Koil West Street
4.Kinar (P) And (R.V), Ward 4 K K Padhur Tank Street
5.Kinar (P) And (R.V), Ward 4 anthoniyar koil street
6.Kinar (P) And (R.V), Ward 4 K K Pudhur 1st Street 999.Overseas Electors",All Voters,Tamilaga Vettri Kazhagam,292,266,26,All India Anna Dravida Munnetra Kazhagam,3,2,6,4,1,6,5,3.12124849939976,1
244,244,183,244,2,13,199,0,1,2,1,1,646,0,646,0,244,Panchayat Union Middle school kavathur West Facing North Side,"1.Kavathur (P) And (R.V), Ward 2 weast st
2.Kavathur (P) And (R.V), Ward 2 Pillaiyar Koil St
3.Kavathur (P) And (R.V), Ward East St
4.Kavathur (P) And (R.V), Ward 2 Amman Koil Cross St
5.Kavathur (P) And (R.V), Ward 2 Cavathur Gramam 2nd Crosse St
6.Kavathur (P) And (R.V), Ward 2 Mayana Salai
7.Kavathur (P) And (R.V), Ward 3 Mandavali St
8.Kavathur (P) And (R.V), Ward 2 Yearieaduvai St
9.Kavathur (P) And (R.V), Ward 2 Paiya St
10.Kavathur (P) And (R.V), Ward 2 othivadai st
11.Kavathur (P) And (R.V), Ward 2 Amman Koil St
12.Kavathur (P) And (R.V), Ward 2 cavathur colony kavankarai st
13.Cavathur colany, Ward 2 Cavathur Colany 1St Corss St
14.Cavathur (P) And (R.V), Ward 2 cavathur colany 2nd cross st 999.Overseas Electors",All Voters,All India Anna Dravida Munnetra Kazhagam,244,199,45,Tamilaga Vettri Kazhagam,3,1,5,4,2,7,6,6.96594427244582,3
245,245,120,192,1,19,167,0,1,0,1,4,505,0,505,0,245,Panchayat Union Middle school kavathur West Facing North Side,"1.Cavathur (P) And (R.V), Ward 2 Cavathur Colany 3rd Cross St
2.Cavathur (P) And (R.V), Ward 2 thachur pradana salai
3.Cavathur (P) And (R.V), Ward 2 4th Cross St
4.Cavathur (P) And (R.V), Ward 2 Lakshmipuram First St
5.Kavathoor Vilagam (P) And (R.V), Ward 1 Pradhana Salai
6.Kavathur Villagam (P) And (R.V), Ward 1 Amman Koil St
7.Kavathoor Villagam (P) And (R.V), Ward 1 Vilagar Crosse St
8.Kavathur Village Murukanchery (P) And (R.V), Ward 1 Atraingkarai St
9.Kavathur Village Kavanchery (P) And (R.V), Ward 1 Ramani Appartment
10.Kavathur Village Murukanchery (P) And (R.V), Ward 1 Mariyamman Koil St 999.Overseas Electors",All Voters,All India Anna Dravida Munnetra Kazhagam,192,167,25,Tamilaga Vettri Kazhagam,3,1,5,4,2,7,5,4.95049504950495,1
246,246,121,231,0,9,133,0,0,0,1,3,498,0,498,0,246,"Government (Adi-Dravidar Welfare) Middle School Devathur, SSA Building, North Facing East Side","1.Devathudam (P) And (R.V), Ward 1 Pillaiyar Koil St
2.Devathudam (P) And (R.V), Ward Kutturavu Bank St
3.Devathudam (P) And (R.V), Ward O,H,T, Road
4.Devathudam (P) And (R.V), Ward 1 Kulakkarak St
5.Devathudam (P) And (R.V), Ward 1 Cheailliyamman Koil St
6.Devathudam (P) And (R.V), Ward 1 Thaichu Main Road
7.Devathudam (P) And (R.V), Ward 1 Grama East St
8.Devathudam (P) And (R.V), Ward 1 South St
9.Devathudam (P) And (R.V), Ward 1 Grama Cross St
10.Devathudam (P) And (R.V), Ward 1 Pillaiyar Koil St
11.Devathudam (P) And (R.V), Ward 1 Grama Medil St
12.Devathudam (P) And (R.V), Ward 1 Mariyamman Koil St
13.Devathudam (P) And (R.V), Ward 1 North St
14.Devathudam (P) And (R.V), Ward 2 Colany Palvadi St 999.Overseas Electors",All Voters,All India Anna Dravida Munnetra Kazhagam,231,133,98,Tamilaga Vettri Kazhagam,3,1,5,4,2,5,5,19.67871485943775,1
247,247,198,144,1,20,144,0,0,1,1,0,509,0,509,0,247,A D.Nala Middle school Devathur North facing East side Room No 2,"1.Devathudam (P) And (R.V), Ward 2 Colany Uthukkattamman St
2.Devathudam (P) And (R.V), Ward 2 Colany Nadu St
3.Devathudam (P) And (R.V), Ward 2 Colany Weast St
4.Devathudam (P) And (R.V), Ward 2 Colany Vadakku First St
5.Devathudam (P) And (R.V), Ward 2 Colany Vadakku 2nd St
6.Devathudam (P) And (R.V), Ward 2 Colany Main Road
7.Devathudam (P) And (R.V), Ward 2 Colany Cross St
8.Devathudam (P) And (R.V), Ward 2 Malai Colany Pradhana St
9.Devathudam (P) And (R.V), Ward 2 Malai Colany East 1st St
10.Devathudam (P) And (R.V), Ward 2 Malai Colany East 2nd St
11.Devathudam (P) And (R.V), Ward 2 MalaiColany East 3rd St
12.Devathudam (P) And (R.V), Ward 2 Malaicolany East 4th St
13.Devathudam (P) And (R.V), Ward 2 Malaicolany East 5th St
14.Devathudam (P) And (R.V), Ward 2 Malaicolany East 6th St
15.Devathudam (P) And (R.V), Ward 2 Malaicolany Weast 1st St
16.Devathudam (P) And (R.V), Ward 2 Malaicolany Weast 2nd St
17.Devathudam (P) And (R.V), Ward 2 Malaicolany Weast 3rd St
18.Devathudam (P) And (R.V), Ward 2 Malaicolany Weast 5th St
19.Devathudam (P) And (R.V), Ward 2 Malaicolany Cross St 999.Overseas Electors",All Voters,Dravida Munnetra Kazhagam,198,144,54,Tamilaga Vettri Kazhagam,1,2,5,4,2,6,6,10.6090373280943,2
248,248,255,242,2,12,212,1,0,0,1,0,725,0,725,0,248,Panchayat Union Primary School Murukkampakkam East Facing,"1.Murukkampakkam (P) And (R.V), Ward 1 VOC street
2.Murukkampakkam (P) And (R.V), Ward 1 Nethaji Street
3.Murukkampakkam (P) And (R.V), Ward 1 Bharathiyar Street
4.Murukkampakkam (P) And (R.V), Ward 1 Kannadasan Street
5.Murukkampakkam (P) And (R.V), Ward 1 Vinayagar Koil Street
6.Murukkampakkam (P) And (R.V), Ward 1 Dr.Radhakrishnan Street
7.Murukkampakkam (P) And (R.V), Ward 1 Sardhar Vallabai patel Street
8.Murukkampakkam (P) And (R.V), Ward 1 Rajaji Street
9.Murukkampakkam (P) And (R.V), Ward 1 Nehru Street
10.Murukkampakkam (P) And (R.V), Ward 1 Avvaiyar Street
11.Murukkampakkam (P) And (R.V), Ward 1 Balagengadharar Street
12.Murukkampakkam (P) And (R.V), Ward 1 kannagi street
13.Murukkampakkam (P) And (R.V), Ward 1 Kovalan Street
14.Murukkampakkam (P) And (R.V), Ward 2 Kakkan Street
15.Murukkampakkam (P) And (R.V), Ward 2 Gandhi Street
16.Murukkampakkam (P) And (R.V), Ward 2 Dr Ambedkar Street
17.Murukkampakkam (P) And (R.V), Ward2 Gengaiyamman Koil Street
18.Murukkampakkam (P) And (R.V), Ward2 Cheran Street
19.Murukkampakkam (P) And (R.V), Ward2 Cholan Street
20.Murukkampakkam (P) And (R.V), Ward 2 Pandiyan St
21.Murukkampakkam (P) And (R.V), Ward 2 mariyyamman koil street
22.Murukkampakkam (P) And (R.V), Ward2 Muthalamman Koil Street
23.Murukkampakkam (P) And (R.V), Ward2 Ganapathy Street
24.Murukkampakkam (P) And (R.V), Ward 2 Ganapathy Street 2
25.Murukkampakkam (P) And (R.V), Ward2 Subash Chandrabose Street 999.Overseas Electors",All Voters,Dravida Munnetra Kazhagam,255,242,13,All India Anna Dravida Munnetra Kazhagam,1,2,5,4,3,6,7,1.793103448275862,1
249,249,130,239,1,26,224,1,0,0,2,1,624,0,624,0,249,Panchayat union primary school Mariputhur West Facing South Side,"1.Kavathur (v) Mariputhur (P) And (R.V), Ward 3 Perumal Koil St
2.Kavathur (V) Mariputhur (P) And (R.V), Ward 3 Vinayagar South St
3.Kavathur (v) Mariputhur (P) And (R.V), Ward 3 South
4.Kavathur (v) Mariputhur (P) And (R.V), Ward 3 School St
5.Kavathur (v) Mariputhur (P) And (R.V), Ward 3 Mettu St
6.Kavathur (v) Mariputhur (P) And (R.V), Ward 3 Vinayagar Koil North St
7.Kavathur (v) Mariputhur (P) And (R.V), Ward 3 Kainkaiyamman Koil St
8.Kavathur (v) Mariputhur (P) And (R.V), Ward 4 Colany Amman Koil St
9.Kavathur (v) Mariputhur (P) And (R.V), Ward 4 Colany South St
10.Kavathur (v) Mariputhur (P) And (R.V), Ward 4 Colany Weast St
11.Kavathur (v) Mariputhur (P) And (R.V), Ward 4 Crosse St
12.Kavathur (v) Mariputhur (P) And (R.V), Ward 3 Cheailliyamman Koil St
13.Kavathur (v) Mariputhur (P) And (R.V), Ward 4 prathana salai
14.Kavathur (v) Mariputhur (P) And (R.V), Ward 4 Colany First Cross St
15.Kavathur (v) Mariputhur (P) And (R.V), Ward 4 Colony 2nd Cross St
16.Kavathur (v) Mariputhur (P) And (R.V), Ward 4 Colony 3rd Cross St
17.Kavathur (v) Mariputhur (P) And (R.V), Ward 4 Colony Kulakkarai St
18.Kavathur (v) Mariputhur (P) And (R.V), Kamsalapuram Salai
19.Kavathur (v) Mariputhur (P) And (R.V), Ward 4 Kamsalapuram Perumal Koil St
20.Kavathur (v) Mariputhur (P) And (R.V), Ward 4 Kamsalapuram Amman Koil St
21.Kavathur (v) Mariputhur (P) And (R.V), Ward 4 Kamsalapuram East st 999.Overseas Electors",All Voters,All India Anna Dravida Munnetra Kazhagam,239,224,15,Tamilaga Vettri Kazhagam,3,1,5,4,2,5,7,2.403846153846154,2
250,250,172,149,0,17,179,1,1,0,0,4,523,0,523,0,250,Panchayat union primary school Puliyaranikottai East Facing North Side,"1.Puliyaranan Kottai (P) And (R.V), Ward 2 Pujjur Main Road
2.Puliyaranan Kottai (P) And (R.V), Ward 2 Pillaiyar Koil St
3.Puliyaranan Kottai (P) And (R.V), Ward 2 School St
4.Puliyaranan Kottai (P) And (R.V), Ward 2 Medil St
5.Puliyaranan Kottai (P) And (R.V), Ward 2 Mariyamman Koil St
6.Puliyaranan Kottai (P) And (R.V), Ward 1 KulakkaraI St
7.Puliyaranan Kottai (P) And (R.V), Ward 1 pillaiyar koil st
8.Puliyaranan Kottai (P) And (R.V), Ward 1 Thiruvalluvar St 999.Overseas Electors",All Voters,Tamilaga Vettri Kazhagam,179,172,7,Dravida Munnetra Kazhagam,2,3,7,4,1,5,5,1.338432122370937,0
251,251,133,219,2,24,135,0,1,0,0,1,515,0,515,0,251,Panchayat union primary school Puliyaranikottai East Facing South Side,"1.Puliyaranan Kottai (P) And (R.V), Ward 1 Mariyamman Koil St
2.Puliyaranan Kottai (P) And (R.V), Ward 1 perumal koil st
3.Puliyaranan Kottai (P) And (R.V), Ward 1 Madha Koil St
4.Puliyaranan Kottai (P) And (R.V), Ward 1 Pillaiyar Koil St
5.Puliyaranan Kottai (P) And (R.V), Ward 1 Mariyamman Koil St
6.Puliyaranan Kottai (P) And (R.V), Ward 2 Medil St
7.Puliyaranan Kottai (P) And (R.V), Ward 2 Anna Nagar St 999.Overseas Electors",All Voters,All India Anna Dravida Munnetra Kazhagam,219,135,84,Tamilaga Vettri Kazhagam,3,1,5,4,2,7,6,16.31067961165049,0
252,252,226,221,1,17,251,0,1,0,0,4,721,0,721,0,252,Panchayat union primary school Kizhakandai South Facing East Side,"1.Kizhakkandai, Ward 1 1st st
2.Kizhakkandai, Ward 1, 2th St
3.Kizhakkandai, Ward 1, 3rd st
4.Kizhakkandai, Ward 1, 4th St
5.Kizhakkandai, Ward 1, 5th St
6.Kizhakkandai, Ward 1, 6th St
7.Kizhakkandai, Ward 1, 7th St
8.Kizhakkandai, Ward 1, 8th St
9.Kizhakkandai, Ward 1, 9th St
10.Kizhakkandai, Ward 1, 10 th st
11.Kizhakkandai, Ward 1, 11th St
12.Kizhakkandai, Ward 1, 12 th St
13.Kizhakkandai, Ward 1, 13th St
14.Kizhakkandai, Ward 1, 14th St
15.Kizhakkandai, Ward 1, 15th St
16.Kizhakkandai, Ward 1, 16th St
17.Kizhakkandai, Ward 2, 17th St
18.Kizhakkandai, Ward 2, 18th St
19.Kizhakkandai, Ward 2, 19th St
20.Kizhakkandai, Ward 2, 20th St
21.Kizhakkandai, Ward 2, 21st St
22.Kizhakkandai, Ward 2, 22th St
23.Kizhakkandai, Ward 2, 23th St
24.Kizhakkandai, Ward 2, 24 th St
25.Kizhakkandai, Ward 2, 25th St
26.Kizhakkandai, Ward 2, 26 th St
27.Kizhakkandai, Ward 2, 27th St
28.Kizhakkandai, Ward 2, 28 th St 999.Overseas Electors",All Voters,Tamilaga Vettri Kazhagam,251,226,25,Dravida Munnetra Kazhagam,2,3,5,4,1,7,5,3.467406380027739,0
253,253,206,169,0,26,227,0,0,0,0,1,629,0,629,0,253,Panchayat union primary school Melakandai North Facing East Side,"1.Kizhakkandai, Ward 3, Bharathidasan St
2.Kizhakkandai, Ward 3 Ellamman Koil St
3.Kizhakkandai, Ward 3 Karpagavinayagar Koil St
4.Kizhakkandai, Ward 3 Kulakkarai St
5.Kizhakkandai, Ward 3 Athivakkam Road
6.Kizhakkandai, Ward 3 Dr.Ambedkar St
7.Kizhakkandai, Ward 3 Rajaji St
8.Kizhakkandai, Ward 3 Kamarajar Cross St
9.Kizhakkandai, Ward 3 Gandhiji St
10.Kizhakkandai, Ward 3 Perarignar Anna St 999.Overseas Electors",All Voters,Tamilaga Vettri Kazhagam,227,206,21,Dravida Munnetra Kazhagam,2,3,5,4,1,5,5,3.338632750397456,0
254,254,219,333,1,16,252,0,5,1,1,1,829,0,829,0,254,Government High School Zamin endathur West Facing,"1.Zamin endathur (P) And (R.V), Ward 1 jalli medu st
2.Zamin endathur (P) And (R.V), Ward 1 Main Road Reddi St
3.Zamin endathur (P) And (R.V), Ward 1 Post Office St
4.Zamin endathur (P) And (R.V), Ward 1 OHT St
5.Zamin endathur (P) And (R.V), Ward 1 vanniyar st
6.Zamin endathur (P) And (R.V), Ward 1 Higher Sec.School St
7.Zamin endathur (P) And (R.V), Ward 1 Irular St
8.Zamin endathur (P) And (R.V), Ward 2 Cheriamman Koil St 999.Overseas Electors",All Voters,All India Anna Dravida Munnetra Kazhagam,333,252,81,Tamilaga Vettri Kazhagam,3,1,6,4,2,7,5,9.7708082026538,2
255,255,340,233,1,17,184,1,0,0,6,2,784,0,784,0,255,Government High School Zamin endathur North Facing,"1.Zamin endathur (P) And (R.V), Ward 2 Keel Colony Mini Bore St
2.Zamin endathur (P) And (R.V), Ward 2 Radha Kadai St
3.Zamin endathur (P) And (R.V), Ward 2 Murugan Kadai St
4.Zamin endathur (P) And (R.V), Ward 2 Quarters Ist St
5.Zamin endathur (P) And (R.V), Ward 2 Quarters Murugan Koil St
6.Zamin endathur (P) And (R.V), Ward 2 Gotrass Kinaru St
7.Zamin endathur (P) And (R.V), Ward 2 Mini Motor St
8.Zamin endathur (P) And (R.V), Ward 2 Gotrass Othavatai St 999.Overseas Electors",All Voters,Dravida Munnetra Kazhagam,340,233,107,All India Anna Dravida Munnetra Kazhagam,1,2,5,4,3,5,7,13.64795918367347,6
256,256,301,402,2,35,297,3,0,0,2,3,1045,0,1045,0,256,Panchayat union primary school Arivumedu main building South Facing,"1.Avurimedu (P) And (R.V), Ward 2 mariamman koil st
2.Avurimedu (P) And (R.V), Ward 2 Bajanai Koil St
3.Avurimedu (P) And (R.V), Ward 2 Pillayar Koil St
4.Avurimedu (P) And (R.V), Ward 2 mariamman koil st
5.Avurimedu (P) And (R.V), Ward 2 Kullakkarai St
6.Avurimedu (P) And (R.V), Ward 1, 1st St
7.Avurimedu (P) And (R.V), Ward 1, 2nd St
8.Avurimedu (P) And (R.V), Ward 1, 3rd St
9.Avurimedu (P) And (R.V), Ward 1, 4th St
10.Avurimedu (P) And (R.V), Ward 1, 5th St
11.Avurimedu (P) And (R.V), Ward 1, 6th St
12.Avurimedu (P) And (R.V), Ward 1, 7th St
13.Avurimedu (P) And (R.V), Ward 1, 8th St
14.Avurimedu (P) And (R.V), Ward 1, 9th St
15.Avurimedu (P) And (R.V), Ward 1, 10 th St
16.Avurimedu (P) And (R.V), Ward 1, 11th St
17.Avurimedu (P) And (R.V), Ward 1, 12 th St
18.Avurimedu (P) And (R.V), Ward 1, 13 th St 999.Overseas Electors",All Voters,All India Anna Dravida Munnetra Kazhagam,402,301,101,Dravida Munnetra Kazhagam,2,1,6,4,3,5,7,9.665071770334928,2
257,257,155,180,0,11,155,1,0,0,2,2,506,0,506,0,257,Panchayat union Middle school Peruveli West Facing North Side,"1.Peruveli (P) And (R.V), Ward 1 Selliamman Koil St
2.Peruveli (P) And (R.V), Ward 1 Pillayar Koil St
3.Peruveli (P) And (R.V), Ward 1 Pillyar Koil Cross St
4.Peruveli (P) And (R.V), Ward 1 Amman Koil Ist St
5.Peruveli (P) And (R.V), Ward 1 Amman Koil 2th St
6.Peruveli (P) And (R.V), Ward 2 Peruveli Village Pillayar Koil St
7.Peruveli (P) And (R.V), Ward 2 Dharmaraja Koil St
8.Peruveli (P) And (R.V), Ward 2 Murugan Koil St
9.Peruveli (P) And (R.V), Ward 2,3 Vinayagar Koil St 999.Overseas Electors",All Voters,All India Anna Dravida Munnetra Kazhagam,180,155,25,Tamilaga Vettri Kazhagam,2,1,6,4,2,5,6,4.940711462450593,2
258,258,186,142,2,27,191,2,0,1,2,2,555,0,555,0,258,Panchayat union Middle school Peruveli South Facing East Side,"1.Peruveli (P) And (R.V), Ward 3 Ponniamman Koil St
2.Peruveli (P) And (R.V), Ward 2 Selliamman Koil St
3.Peruveli (P) And (R.V), Ward 3 Selliamman Cross St
4.Peruveli (P) And (R.V), Ward 3 Mariamman Koil Cross St
5.Peruveli (P) And (R.V), Ward 3 Mariamman Koil St
6.Peruveli (P) And (R.V), Ward 3 Ambedkar St
7.Peruveli (P) And (R.V), Ward 3 Muneeswaran Koil St
8.Peruveli (P) And (R.V), Ward 3 Madurai Veeran Koil St
9.Peruveli (P) And (R.V), Ward 3 Madurai Veeran Koil Cross St 999.Overseas Electors",All Voters,Tamilaga Vettri Kazhagam,191,186,5,Dravida Munnetra Kazhagam,2,3,5,4,1,5,7,0.9009009009009009,3
259,259,252,230,4,29,253,2,2,0,5,6,783,0,783,0,259,Panchayat Union Primary School South facingOzhavetti main building,"1.Zamin Endathur (P) And (R.V), Ward 3 Ozhavetti Kiraman 1st St
2.Zamin Endathur (P) And (R.V), Ward 3 Ozhavetti 2nd St
3.Zamin Endathur (P) And (R.V), Ward 3 Ozhavetti 3rd St
4.Zamin Endathur (P) And (R.V), Ward 3 Ozhavetti Kiramam 4th St
5.Zamin Endathur (P) And (R.V), Ward 3 Ozhavetti Kiramam 5th St
6.Zamin Endathur (P) And (R.V), Ward 3 Lakshmi Narayana Perumal St
7.Zamin Endathur (P) And (R.V), Ward 3 Kirama Cross St
8.Zamin Endathur (P) And (R.V), Ward 3 Reddiyar St
9.Zamin Endathur (P) And (R.V), Ward 3 Gongaiyamman Koil St
10.Zamin Endathur (P) And (R.V), Ward 3 Colony 1st St
11.Zamin Endathur (P) And (R.V), Ward 3 Colony Cross St
12.Zamin Endathur (P) And (R.V), Ward 3 Cross St
13.Zamin Endathur (P) And (R.V), Ward 3 Kullakkarai St
14.Zamin Endathur (P) And (R.V), Ward 3 Newcolony 1st St
15.Zamin Endathur (P) And (R.V), Ward 3 Newcolony 2nd St 999.Overseas Electors",All Voters,Tamilaga Vettri Kazhagam,253,252,1,Dravida Munnetra Kazhagam,2,3,5,4,1,6,6,0.1277139208173691,5
260,260,114,154,1,27,90,0,1,0,3,0,390,0,390,0,260,Panchayat Union Primary School South facing Dharmapuram,"1.Kizhakkandai, Ward 4, ist st
2.Kizhakkandai, Ward 4, IInd St
3.Kizhakkandai, Ward 4, IIIrd St
4.Kizhakkandai, Ward 4, IVth St
5.Kizhakkandai, Ward 4, 5th St
6.Kizhakkandai, Ward 4, 6th St
7.Kizhakkandai, Ward 4, 7th St
8.Kizhakkandai, Ward 4, 8th St
9.Kizhakkandai, Ward 4, 9th St
10.Kizhakkandai, Ward 4, 10th St 999.Overseas Electors",All Voters,All India Anna Dravida Munnetra Kazhagam,154,114,40,Dravida Munnetra Kazhagam,2,1,5,4,3,7,5,10.25641025641026,3
261,261,166,235,0,12,201,0,0,1,1,2,618,0,618,0,261,PANCHAYAT UNION PRIMARY SCHOOL CHINNA VENMANI SOUTH FACING WEST SIDE,"1.Chinna venmani (P) And (R.V), Ward 1 road st
2.Chinna venmani (P) And (R.V), Ward 1, 2th St
3.Chinna venmani (P) And (R.V), Ward 1, 3th St
4.Chinna venmani (P) And (R.V), Ward 1, Acharaiyar St
5.Chinna venmani (P) And (R.V), Ward 1 Big St
6.Chinna venmani (P) And (R.V), Ward 1, Beemeswaran Koil St
7.Chinna venmani (P) And (R.V), Ward 1 Erikkarai St
8.Chinna venmani (P) And (R.V), Ward 1 Malaimedu Colony 8th St
9.Chinna venmani (P) And (R.V), Ward 1 Malaimedu Colony 9th St
10.Chinna venmani (P) And (R.V), Ward 1 Malaimedu Colony 10th St
11.Chinna venmani (P) And (R.V), Ward 1 Malaimedu Colony 11th St 999.Overseas Electors",All Voters,All India Anna Dravida Munnetra Kazhagam,235,201,34,Tamilaga Vettri Kazhagam,3,1,5,4,2,5,5,5.501618122977346,2
262,262,202,256,3,12,246,1,1,2,1,1,725,0,725,0,262,Adhithiravidar Nala Primary school Netrambakkam South Facing East Side,"1.Netrampakkam (P) And (R.V), Ward 1 anna nagar
2.Netrampakkam (P) And (R.V), Ward 1 Erikkarai St
3.Netrampakkam (P) And (R.V), Ward 1 Road St
4.Netrampakkam (P) And (R.V), Ward 1 Cross St
5.Netrampakkam (P) And (R.V), Ward 1 Bajanai Koil St
6.Netrampakkam (P) And (R.V), Ward 1 North Mada St
7.Netrampakkam (P) And (R.V), Ward 1 Mariamman Koil St
8.Netrampakkam (P) And (R.V), Ward 4, 8th St
9.Netrampakkam (P) And (R.V), Ward 4, 9thSt
10.Netrampakkam (P) And (R.V), Ward 4, 10th St
11.Netrampakkam (P) And (R.V), Ward 4, 11th St
12.Netrampakkam (P) And (R.V), Ward 4, 12th St
13.Netrampakkam (P) And (R.V), Ward 4, 13th St
14.Netrampakkam (P) And (R.V), Ward 4, 14th St
15.Netrampakkam (P) And (R.V), Ward 4, 15th St
16.Netrampakkam (P) And (R.V), Ward 4, 16th St
17.Netrampakkam (P) And (R.V), Ward 4 School St
18.Netrampakkam (P) And (R.V), Ward 4, 18th St
19.Netrampakkam (P) And (R.V), Ward 4,19th St
20.Netrampakkam (P) And (R.V), Ward 4, 20th St
21.Netrampakkam (P) And (R.V), Ward 4, 21th St
22.Netrampakkam (P) And (R.V), Ward 4, Arunthathiar St
23.Netrampakkam (P) And (R.V), Ward 4, Old St 999.Overseas Electors",All Voters,All India Anna Dravida Munnetra Kazhagam,256,246,10,Tamilaga Vettri Kazhagam,3,1,5,4,2,6,6,1.379310344827586,3
263,263,189,97,0,15,235,1,0,0,1,0,538,0,538,0,263,"Village Service Centre, Saravambakkam East Facing Room No1","1.Saravambakkam, Ward 3 sothupakkam salar
2.Saravambakkam, Ward 1, Ist St
3.Saravambakkam, Ward 1, 2nd st
4.Saravambakkam, Ward 2, 2th Cross St
5.Saravambakkam, Ward 1, 3rd St
6.Saravambakkam, Ward 1, 3rd Cross St
7.Saravambakkam, Ward 1, 4th Cross St
8.Saravambakkam, Ward 1, 5th Cross St
9.Saravambakkam, Ward 1, Chunambedu Salai
10.Saravambakkam, Ward 1, Madurantagam Salai
11.Saravambakkam, Ward 1, 6th St
12.Saravambakkam, Ward 1, 7th St
13.Saravambakkam, Ward 1, 8th St
14.Saravambakkam, Ward 1, 9th St
15.Saravambakkam, Ward 1, 10th st
16.Saravambakkam, Ward 1, 11th St
17.Saravambakkam, Ward 1, 12th St 999.OVERSEAS ELECTORS",All Voters,Tamilaga Vettri Kazhagam,235,189,46,Dravida Munnetra Kazhagam,2,3,6,4,1,5,6,8.550185873605948,1
264,264,239,144,1,8,184,2,0,1,2,2,583,0,583,0,264,Village Service centre Saravambakkam West Facing Room no.2,"1.Saravambakkam, Ward 1, cheyyur salai
2.Saravambakkam, Ward 1, School Salai
3.Saravambakkam, Ward 1, reddiyar salai
4.Saravambakkam, Ward 1 Mariamman Koil St
5.Saravambakkam, Ward 1 Mariamman Ist Cross St
6.Saravambakkam, Ward 1 mariamman 2nd cross st
7.Saravambakkam, Ward 1, 13 th St
8.Saravambakkam, Ward 1, 14 th St
9.Saravambakkam, Ward 1, 15th St 999.Overseas Electors",All Voters,Dravida Munnetra Kazhagam,239,184,55,Tamilaga Vettri Kazhagam,1,3,6,4,2,5,7,9.433962264150944,3
265,265,265,228,1,59,239,0,0,0,1,1,794,0,794,0,265,Panchayat Union Middle SchoolNallamur Additional Building West FacingSouth Side,"1.Saravambakkam, Ward 1, 16th St
2.Saravambakkam, Ward 1, 17th St
3.Saravambakkam, Ward 1, 18th St
4.Saravambakkam, Ward 1, 19th St
5.Saravambakkam, Ward 1, 20th St
6.Saravambakkam, Ward 1, 21th St
7.Saravambakkam, Ward 1, 22nd St
8.Saravambakkam, Ward 1, 23rd St
9.Saravambakkam, Ward 1, 24th St
10.Saravambakkam, Ward 1, 25th St
11.Saravambakkam, Ward 1, 26th St
12.Saravambakkam, Ward 2, Kolathur Village St
13.Saravambakkam, Ward 2, 27th St
14.Saravambakkam, Ward 2, 28th St
15.Saravambakkam, Ward 2, 29th St
16.Saravambakkam, Ward 2, 30 St
17.Saravambakkam, Ward 2, 31st St
18.Saravambakkam, Ward 2, 32th st
19.Saravambakkam, Ward 2, 33th St
20.Saravambakkam, Ward 2, 34th St
21.Saravambakkam, Ward 2, 35th St
22.Saravambakkam, Ward 2 bharathi st
23.Saravambakkam, Ward 1, Peruveli Pathai
24.Saravambakkam, Ward 1, 36th St
25.Saravambakkam, Ward 1 Reddiyar St
26.Saravambakkam, Ward 2, 37 St 999.Overseas Electors",All Voters,Dravida Munnetra Kazhagam,265,239,26,Tamilaga Vettri Kazhagam,1,3,5,4,2,6,6,3.27455919395466,1
266,266,376,270,1,38,358,1,0,0,1,2,1047,0,1047,0,266,Panchayat Union Middle School Nallamur Additional Building South Facing West Side,"1.Nallamoor, Ward 1 chithamoor & chayyar road
2.Nallamoor, Ward 3 Thannadu Road
3.Nallamoor, Ward 1 Nallamoor Yerikarai St
4.Nallamoor, Ward 1 NallaMoor 1st St
5.Nallamoor, Ward 1 Nallamoor 2nd St
6.Nallamoor, Ward 1 Nallamoor 3rd St
7.Nallamoor, Ward 2 Nallamoor 4th St
8.Nallamoor, Ward 2 Nallamoor 5th St
9.Nallamoor, Ward 2 Nallamoor 6th St
10.Nallamoor, Ward 2 Nallamoor 7th St
11.Nallamoor, Ward 2 Nallamoor 8th St
12.Nallamoor, Ward 2 Nallamoor 9th St
13.Nallamoor, Ward 2 Nallamoor 10th St
14.Nallamoor, Ward 2 Nallamoor 11th St
15.Nallamoor, Ward 2 Nallamoor 12th St
16.Nallamoor, Ward 1 Nallamoor 13th St
17.Nallamoor, Ward 2 Nallamoor 14th St
18.Nallamoor, Ward 1 Nallamoor 15th St
19.Nallamoor, Ward 2 Nallamoor 16th St
20.Nallamoor, Ward 2 Nallamoor 17th St
21.Nallamoor, Ward 2 Pillaiyar Koil St
22.Nallamoor, Ward 2 Nallamoor 18th St
23.Nallamoor, Ward 2 Nallamoor 19th St
24.Nallamoor, Ward 3 Chayyur Salai
25.Nallamoor, Ward 3 Nallamoor 20th St
26.Nallamoor, Ward 3 Nallamoor 21th St
27.Nallamoor, Ward 3 Nallamoor 22nd St
28.Nallamoor, Ward 3 Nallamoor 24th St 999.OVERSEAS ELECTORS",All Voters,Dravida Munnetra Kazhagam,376,358,18,Tamilaga Vettri Kazhagam,1,3,5,4,2,5,7,1.71919770773639,1
267,267,306,276,4,13,215,0,0,1,3,1,819,0,819,0,267,Adhithiravidar Nala Primary School West Facing Thonnadu,"1.Thannadu, Ward 1 irular colany
2.Thannadu, Ward 1 Vainniyar St
3.Thannadu, Ward 1 Vainniyar Mettu St
4.Thannadu, Ward 1 vainniyar east st
5.Thannadu, Ward 1 Pillaiyar Koil St
6.Thannadu, Ward 1 Mariyamman Koil St
7.Thannadu, Ward 2 kainkaiyamman koil st
8.Thannadu, Ward 2 Kanniyamman St
9.Thannadu, Ward 2 Palla Colany
10.Thannadu, Ward 2 Color St Colany
11.Thannadu, Ward 1 Arulpuram 999.Overseas Electors",All Voters,Dravida Munnetra Kazhagam,306,276,30,All India Anna Dravida Munnetra Kazhagam,1,2,5,4,3,6,6,3.663003663003663,4
268,268,339,318,8,7,259,1,0,0,0,3,935,0,935,0,268,"Panchayath union primary school, melvasalai South Facing","1.Neerper (P) And (R.V), Ward 1 Ratiyar St
2.Neerper (P) And (R.V), Ward Mettu St
3.Neerper (P) And (R.V), Ward 1 Ponniyamman Koil First St
4.Neerper (P) And (R.V), Ward 1 Poonniyamman Koil Secound St
5.Neerper (P) And (R.V), Ward 2 Madha Koil St
6.Neerper (P) And (R.V), Ward 2 Mariyamman Koil St
7.Neerper (P) And (R.V), Ward 2 Kainkaiyamman Koil St
8.Neerper (P) And (R.V), Ward 3 Vinayagar Koil St
9.Neerper (P) And (R.V), Ward 3 Mariyamman Koil St
10.Neerper (P) And (R.V), Ward 3 Selliyamman Koil St
11.Neerper (P) And (R.V), Ward 3 Malaimetu St
12.Neerper (P) And (R.V), Ward 3 T,V,S Nagar 2nd St 999.Overseas Electors",All Voters,Dravida Munnetra Kazhagam,339,318,21,All India Anna Dravida Munnetra Kazhagam,1,2,4,5,3,6,7,2.245989304812834,0
268,268,339,318,8,7,259,1,0,0,0,3,935,0,935,0,286,286_No_data,286_No_data,All Voters,Dravida Munnetra Kazhagam,339,318,21,All India Anna Dravida Munnetra Kazhagam,1,2,4,5,3,6,7,2.245989304812834,0
269,269,243,218,10,6,110,0,2,0,1,0,590,0,590,0,269,"Panchayath union primary school, melvasalai South Facing West Side","1.Neerper (P) And (R.V), Ward 1 kizhvasalai pradhanasalai
2.Neerper (P) And (R.V), Ward 3 kizhvasalai 1st st
3.Neerper (P) And (R.V), Ward 3 Reatiyar St
4.Neerper (P) And (R.V), Ward 3Kizhvasalai 2nd St
5.Neerper (P) And (R.V), Ward 3 Kizhvasalai 3rd St
6.Neerper (P) And (R.V), Ward 4 nelamangalam first st
7.Neerper (P) And (R.V), Ward 4 Nelamangalam 2nd St
8.Neerper (P) And (R.V), Ward 4 Nelamangalai 3rd St
9.Neerper (P) And (R.V), Ward 4 Vinayagar Koil St
10.Neerper (P) And (R.V), Ward 4 Muthumariyamman Koil St
11.Neerper (P) And (R.V), Ward 4 Muthumariyamman Koil St
12.Neerper (P) And (R.V), Ward 1 t,v,s nagar first st 999.Overseas Electors",All Voters,Dravida Munnetra Kazhagam,243,218,25,All India Anna Dravida Munnetra Kazhagam,1,2,4,5,3,7,6,4.23728813559322,1
270,270,165,251,1,11,147,2,0,1,0,0,578,0,578,0,270,Village Service Centre Zamin Budur South Facing,"1.Jameenbudur (P) And (R.V), Ward 1 melandai 1st st
2.Jameenbudur (P) And (R.V), Ward 1 North Kulakkarai St
3.Jameenbudur (P) And (R.V), Ward 1 East Kullakkarai St
4.Jameenbudur (P) And (R.V), Ward 1 Bankala St
5.Jameenbudur (P) And (R.V), Ward 1 Kizh St
6.Jameenbudur (P) And (R.V), Ward 1 Kizhpudur Pradhana St
7.Jameenbudur (P) And (R.V), Ward 1 Lillivakkam Salai
8.Jameenbudur (P) And (R.V), Ward 1 Colany Mariyamman Koil St
9.Jameenbudur (P) And (R.V), Ward 1 Colany Kizh St 999.Overseas Electors",All Voters,All India Anna Dravida Munnetra Kazhagam,251,165,86,Dravida Munnetra Kazhagam,2,1,6,4,3,5,7,14.87889273356401,1
271,271,169,284,0,17,284,0,0,0,1,2,757,0,757,0,271,Govt. high school onambakkam West facing,"1.Onnampakkam, Ward 1 Colony 1st Street
2.Onampakam, Ward 1 Colony 2nd St
3.Onampakam, Ward 1 Santhu Veethi
4.Onampakam, Ward 1 Cross St
5.Onampakkam, Ward 1 Colony 5th St
6.Onampakkam, Ward 2 Onampakkam 4th St
7.Onampakkam, Ward 2 Onampakkam 3rd St
8.Onampakkam, Ward 2 Onampakkam Hospital Road
9.Onampakkam, Ward 2 Post Office St
10.Onampakkam, Ward 2 School St
11.Onampakkam, Ward 3 onampakkam cheyyur chithamur salai 999.Overseas Electors",All Voters,All India Anna Dravida Munnetra Kazhagam,284,284,0,All India Anna Dravida Munnetra Kazhagam,3,1,5,4,1,5,5,0.0,1
272,272,143,306,3,20,254,1,2,0,4,11,744,0,744,0,272,Government high school Onambakkam West facing,"1.Onampakkam, Ward 4 venmani road
2.Onampakkam, Ward 4 Main Road
3.Onampakkam, Ward 4 ln puram road
4.Onampakkam, Ward 4 main road
5.Onampakkam, Ward 4 Pudu Main Road
6.Onampakkam, Ward 4 Santhu St
7.Pavunthakaranai, Ward 1 Selliamman St
8.Pavunthakaranai, Ward 1 Colony
9.Pavunthakaranai, Ward 1 Selliamman Koil Main St 999.Overseas Electors",All Voters,All India Anna Dravida Munnetra Kazhagam,306,254,52,Tamilaga Vettri Kazhagam,3,1,5,4,2,7,6,6.989247311827956,4
273,273,184,293,0,22,281,1,2,1,0,5,789,0,789,0,273,PANCHAYAT UNION MIDDLE SCHOOL KATTUDEVADHUR EAST FACING NORTH SIDE,"1.Kattudevadhur (P) And (R.V), Ward 1 kattudevadhur main road
2.Kattudevadhur (P) And (R.V), Orankavali
3.Kattudevadhur (P) And (R.V), Ward 1 Mariyamman Koil St
4.Kattudevadhur (P) And (R.V), Ward 1 School St
5.Kattudevadhur (P) And (R.V), Ward 2 Colony First St
6.Kattudevadhur (P) And (R.V), Ward 2 Colony Main Road
7.Kattudevadhur (P) And (R.V), Ward 2 Colony Secound St
8.Kattudevadhur (P) And (R.V), Ward 1 Kulakkarai St
9.Kattudevadhur (P) And (R.V), Ward 3 Third St
10.Kattudevadhur (P) And (R.V), Ward 3 Secound St
11.Kattudevadhur (P) And (R.V), Ward 3 First St
12.Kattudevadhur (P) And (R.V), Ward 1 Chatti St
13.Kattudevadhur (P) And (R.V), Ward 1 Vilanganur Main Road 999.Overseas Electors",All Voters,All India Anna Dravida Munnetra Kazhagam,293,281,12,Tamilaga Vettri Kazhagam,3,1,7,4,2,6,5,1.520912547528517,1
274,274,100,78,0,14,122,0,1,0,0,2,317,0,317,0,274,Panchayat Union Primary School Vilanganur South Facing,"1.Kattudevadhur (P) And (R.V), Ward 1 Kambandham St
2.Kattudevadhur (P) And (R.V), Ward 1 Pillaiyar Koil St
3.Kattudevadhur (P) And (R.V), Ward 1 Sevanth St
4.Kattudevadhur (P) And (R.V), Ward 1 Sixth St
5.Kattudevadhur (P) And (R.V), Ward 1 Fifth St
6.Kattudevadhur (P) And (R.V), Ward 1 Forth St
7.Kattudevadhur (P) And (R.V), Ward 1 Third St
8.Kattudevadhur (P) And (R.V), Ward 1 Secound St
9.Kattudevadhur (P) And (R.V), Ward 1 First St
10.Kattudevadhur (P) And (R.V), Ward 1 Colony Weast St 999.Overseas Electors",All Voters,Tamilaga Vettri Kazhagam,122,100,22,Dravida Munnetra Kazhagam,2,3,6,4,1,6,5,6.940063091482649,0
275,275,188,272,0,14,173,0,0,0,0,0,647,0,647,0,275,A.D.Nala Primary school Vetoor North facing,"1.Vatoor, Ward 3 Guruvathanmedu Thodakkap Pailli
2.Vatoor, Ward 3 Anjalaiyamman Koil St
3.Vatoor, Ward 2 vatoor pradhana salai
4.Vatoor, Ward 2 Muthalamman Koil St
5.Vatoor, Ward 1 Doctor Ambathkar St
6.Vatoor, Ward 1 Dictor Ambathkar 2nd St
7.Vatoor, Ward 2 Vatoor Kankaiyamman Koil St 999.Overseas Electors",All Voters,All India Anna Dravida Munnetra Kazhagam,272,188,84,Dravida Munnetra Kazhagam,2,1,5,4,3,5,5,12.98299845440495,0
276,276,186,235,3,9,139,0,0,0,2,2,576,0,576,0,276,"Panchayat Union Primary School, Salaiyur east facing west side","1.Vatoor, Ward 1 Salaiyamman Koil St
2.Vatoor, Ward 1 Vinayagar Koil St
3.Vatoor, Ward 1 kulakkarai st
4.Vatoor, Ward 1 Perumal Koil St
5.Vatoor, Ward 1 Mariyamman Koil St
6.Vatoor, Ward 1 Thurkaiyamman Koil St 999.Overseas Electors",All Voters,All India Anna Dravida Munnetra Kazhagam,235,186,49,Dravida Munnetra Kazhagam,2,1,5,4,3,6,6,8.506944444444445,2
277,277,152,189,1,24,250,1,1,2,3,2,625,0,625,0,277,"Panchayat Union Primary School, Kollambakkam south facing west side","1.Netrampakkam (P) And (R.V), Ward 1 Kulakkarai St
2.Netrampakkam (P) And (R.V), Ward 1 Main Road
3.Netrampakkam (P) And (R.V), Ward 1 Kollambakkam Cross St
4.Netrampakkam (P) And (R.V), Ward 1 Kollampakkam 4th St
5.Netrampakkam (P) And (R.V), Ward 1 Kollampakkam 5th St
6.Netrampakkam (P) And (R.V), Ward 1 Kollampakkam 6th St
7.Netrampakkam (P) And (R.V), Ward 1 Kollampakkam 7th St
8.Netrampakkam (P) And (R.V), Ward 1 Kollampakkam 8th St
9.Netrampakkam (P) And (R.V), Ward 1 Kollampakkam 9th St
10.Netrampakkam (P) And (R.V), Ward 1 Kollampakkam 10th St
11.Netrampakkam (P) And (R.V), Ward 1 Kollampakkam 11th St
12.Netrampakkam (P) And (R.V), Ward 1 Kollampakkam 12th St
13.Netrampakkam (P) And (R.V), Ward 1 Kollampakkam 13th St 999.Overseas Electors",All Voters,Tamilaga Vettri Kazhagam,250,189,61,All India Anna Dravida Munnetra Kazhagam,3,2,5,4,1,5,5,9.76,5
278,278,110,233,2,10,142,0,1,1,3,3,505,0,505,0,278,"Panchayat Union Primary School, Chithamur South Facing","1.Netrampakkam (P) And (R.V), Ward 1 Kollampakkam 14th St
2.Netrampakkam (P) And (R.V), Ward 1 Kollampakkam 15th St
3.Netrampakkam (P) And (R.V), Ward 2 Pillayar Koil St
4.Netrampakkam (P) And (R.V), Ward 2 Perumal Koil St
5.Netrampakkam (P) And (R.V), Ward 2 Chithamur Cross St
6.Netrampakkam (P) And (R.V), Ward 2 Pazhaya Main Road
7.Netrampakkam (P) And (R.V), Ward 2 School St
8.Netrampakkam (P) And (R.V), Ward 2 chithamur 21st st
9.Netrampakkam (P) And (R.V), Ward 2 Chithmur 23th St
10.Netrampakkam (P) And (R.V), Ward 2 Chithamur 24th St
11.Netrampakkam (P) And (R.V), Ward 2 Chithmur 25th St
12.Netrampakkam (P) And (R.V), Ward 2 New Main Road
13.Netrampakkam (P) And (R.V), Ward 2 Assefa School St
14.Netrampakkam (P) And (R.V), Ward 1 Netrampakkam Salai 999.Overseas Electors",All Voters,All India Anna Dravida Munnetra Kazhagam,233,142,91,Tamilaga Vettri Kazhagam,3,1,5,4,2,7,6,18.01980198019802,4
279,279,127,134,3,17,197,0,1,0,0,0,479,0,479,0,279,"PUP School ,Nesapakkam South Facing Room 1","1.Nesapakkam ariyanur (P) And (R.V), Ward 1 ponniamman nagar main road
2.Nesapakkam ariyanur (P) And (R.V), Ward 1, Ponniamman Nagar St
3.Nesapakkam ariyanur (P) And (R.V), Ward 1 Giraraga Veethi
4.Nesapakkam ariyanur (P) And (R.V), Ward 1 Gangaiamman Koil St
5.Nesapakkam ariyanur (P) And (R.V), Ward 1 Colony, Main Salai
6.Nesapakkam ariyanur (P) And (R.V), Ward 1 Nesapakkam Periya Colony
7.Nesapakkam ariyanur (P) And (R.V), Ward 2 Nesapkkam Chinna Colony 999.Overseas Electors",All Voters,Tamilaga Vettri Kazhagam,197,134,63,All India Anna Dravida Munnetra Kazhagam,3,2,5,4,1,7,6,13.15240083507307,0
280,280,176,206,0,17,132,0,0,0,0,2,533,0,533,0,280,PUP School Nesapakkam South Facing Room 2,"1.Nesapakkam ariyanur (P) And (R.V), Ward 2 sesapakkam darga salai
2.Nesapakkam ariyanur (P) And (R.V), Ward 1 Dharmaraja Koil St
3.Nesapakkam ariyanur (P) And (R.V), Ward 1 Nathakollai St
4.Nesapakkam ariyanur (P) And (R.V), Ward 1 Erikarai St
5.Nesapakkam ariyanur (P) And (R.V), Ward 1 Kulakkarai St
6.Nesapakkam ariyanur (P) And (R.V), Ward 1 Colony Main Road
7.Nesapakkam ariyanur (P) And (R.V), Ward 2 Ist Cross St
8.Nesapakkam ariyanur (P) And (R.V), Ward 2, 2nd Cross St
9.Nesapakkam ariyanur (P) And (R.V), Ward 2, 3rd Cross St
10.Nesapakkam ariyanur (P) And (R.V), Ward 2, 4th Cross St
11.Nesapakkam ariyanur (P) And (R.V), Ward 2, 5th Cross St
12.Nesapakkam ariyanur (P) And (R.V), Ward 2 Pazhaya Colony
13.Nesapakkam ariyanur (P) And (R.V), Ward 2 Cross St
14.Nesapakkam ariyanur (P) And (R.V), Ward 2 Nedukku St 999.Overseas Electors",All Voters,All India Anna Dravida Munnetra Kazhagam,206,176,30,Dravida Munnetra Kazhagam,2,1,5,4,3,5,5,5.628517823639775,0
281,281,241,189,1,30,354,4,1,0,0,5,825,0,825,0,281,"Panchayat Union Middle School, Periyavenmani south facing west side","1.Periya venmani (P) And (R.V), Ward 1 ariyanur road
2.Periya venmani (P) And (R.V), Ward 1 Village Main Road
3.Periya venmani (P) And (R.V), Ward 1, Kuzhavar St
4.Periya venmani (P) And (R.V), Ward 1, primary school
5.Periya venmani (P) And (R.V), Ward 1 cheyyur road
6.Periya venmani (P) And (R.V), Ward 2, Group House St
7.Periya venmani (P) And (R.V), Ward 2, Poondi Road
8.Periya venmani (P) And (R.V), Ward 2, Colony Main Road
9.Periya venmani (P) And (R.V), Ward 2 Chinna Colony St
10.Periya venmani (P) And (R.V), Ward 3 Anumanthapuram Village St 999.Overseas Electors",All Voters,Tamilaga Vettri Kazhagam,354,241,113,Dravida Munnetra Kazhagam,2,3,6,4,1,5,6,13.6969696969697,0
282,282,147,286,4,21,290,2,1,2,0,3,756,0,756,0,282,"Panchayat Union Middle School, Periyavenmani north facing east side","1.Viraloor (P) And (R.V), Ward 1 malai st
2.Viraloor (P) And (R.V), Ward 1 Nagamalai
3.Viraloor (P) And (R.V), Ward 2 Pillayar Koil St
4.Viraloor (P) And (R.V), Ward 2 Colony
5.Viraloor (P) And (R.V), Ward 2 Vetkadu
6.Viraloor (P) And (R.V), Ward 3 Devanur Vanniyar St
7.Viraloor (P) And (R.V), Ward 3 Mariamman Koil St
8.Viraloor (P) And (R.V), Ward 3 Vellarai Bharathi Nagar 999.Overseas Electors",All Voters,Tamilaga Vettri Kazhagam,290,286,4,All India Anna Dravida Munnetra Kazhagam,3,2,5,4,1,6,7,0.5291005291005291,2
283,283,336,228,1,31,279,0,0,2,1,6,884,0,884,0,283,Village Service Centre Nallur South facing,"1.Naloor (P) And (R.V), Ward 1 chyyur & vandhavasi road
2.Naloor (P) And (R.V), Ward 2 parai mettu st
3.Naloor (P) And (R.V), Ward 2 Poonniyamman Koil St
4.Naloor (P) And (R.V), Ward 2 pillaiyar koil st
5.Naloor (P) And (R.V), Ward 2 Colony St
6.Naloor (P) And (R.V), Ward 1 Sunampedu Chyyur Road 999.Overseas Electors",All Voters,Dravida Munnetra Kazhagam,336,279,57,Tamilaga Vettri Kazhagam,1,3,5,4,2,6,6,6.447963800904978,3
284,284,192,145,3,20,138,0,1,0,3,0,502,0,502,0,284,"Welfare Higher Secondary School, Irumbedu East facing north side 6th Std","1.Irumpedu (P) And (R.V), Ward 1 mettucolany first st
2.Irumpedu (P) And (R.V), Ward 1 MettuColany Secound St
3.Irumpedu (P) And (R.V), Ward 1 Pariyakulam St
4.Irumpedu (P) And (R.V), Ward 1 Yerivai St
5.Irumpedu (P) And (R.V), Ward 1 Mayanapathi St
6.Irumpedu (P) And (R.V), Ward 1 Mettucolany Pogum St
7.Irumpedu (P) And (R.V), Ward 1 Nadu Colony First St
8.Irumpedu (P) And (R.V), Ward 1 Nadu Colony Secound St
9.Irumpedu (P) And (R.V), Ward 1 Naducolany Third St 999.Overseas Electors",All Voters,Dravida Munnetra Kazhagam,192,145,47,All India Anna Dravida Munnetra Kazhagam,1,2,5,4,3,7,6,9.362549800796813,3
285,285,180,188,1,21,162,1,1,0,1,3,558,0,558,0,285,"Welfare Higher Secondary School, Irumbedu, East facing south side 7th std","1.Irumpedu (P) And (R.V), Ward 2 yadavar St
2.Irumpedu (P) And (R.V), Ward 2 PallaColany Pogum St
3.Irumpedu (P) And (R.V), Ward 2 Pillaiyar Koil St
4.Irumpedu (P) And (R.V), Ward 2 Kulakkarai North St
5.Irumpedu (P) And (R.V), Ward 2 Kulakkari South St
6.Irumpedu (P) And (R.V), Ward 2 Sunampedu
7.Irumpedu (P) And (R.V), Ward 2 Pillaiyar Koil pathi
8.Irumpedu (P) And (R.V), Ward 2 pallacolany maniyamman koil st
9.Irumpedu (P) And (R.V), Ward 2 Pallacolany Cross St 999.Overseas Electors",All Voters,All India Anna Dravida Munnetra Kazhagam,188,180,8,Dravida Munnetra Kazhagam,2,1,5,4,3,5,5,1.433691756272401,1
