Serial No. Of Polling Station,All India Anna Dravida Munnetra Kazhagam,Naam Tamilar Katchi,Dravida Munnetra Kazhagam,Tamilaga Vettri Kazhagam,Naam Indiar Party,All India Puratchi Thalaivar Makkal Munnettra Kazhagam,Puthiya Tamilagam,Independent,Independent.1,Independent.2,Independent.3,Independent.4,Independent.5,Independent.6,Independent.7,Total of Valid Votes,No. Of Rejected Votes,NOTA,Total,No. Of Tendered Votes,Part No,Location and Name of Building in which Polling Station Located,Polling Area,Polling Station Type,Winner_Party,Winner_Votes,Runner_Up_Votes,Margin_Of_Victory,Runner_Up_Party,All India Anna Dravida Munnetra Kazhagam_Rank,Naam Tamilar Katchi_Rank,Dravida Munnetra Kazhagam_Rank,Tamilaga Vettri Kazhagam_Rank,Naam Indiar Party_Rank,All India Puratchi Thalaivar Makkal Munnettra Kazhagam_Rank,Puthiya Tamilagam_Rank,Independent_Rank,Margin_Percentage,Total_Independent_Votes,AIADMK_share_pct,NTK_share_pct,DMK_share_pct,TVK_share_pct,NIP_share_pct,AIPTMK_share_pct,PT_share_pct,IND_share_pct,Cluster_ID
1,347,22,213,221,0,2,0,6,1,0,0,2,1,1,1,811,0,6,817,0,1,"Panchayat  Union Middle School Main Building, Ayankarisalkulam","1.AyanKarisalKulam (R.V) And (P) AyanKarisalKulam Block 1 ,
2.AyanKarisalKulam (R.V) And(P) AyanKarisalKulam Block 2 , 3.AyanKarisalKulam (R.V) And(P) AyanKarisalKulam Block 3 99.OVERSEAS ELECTORS",General,All India Anna Dravida Munnetra Kazhagam,347,221,126,Tamilaga Vettri Kazhagam,1,4,3,2,7,6,7,5,15.5363748458693,6,42.78668310727497,2.712700369913687,26.26387176325524,27.25030826140567,0.0,0.2466091245376079,0.0,0.7398273736128237,2
2,255,45,204,172,1,1,2,5,0,0,0,1,0,2,1,685,0,4,689,0,2,Panchayat  Union Middle school North New Building Mavilpatti,"1.Ayan Karisalkulam (R.V) And (P) Mavilpatti Block1 2.Ayan
Karisalkulam (R.V) And (P) Mavilpatti Block2 3.Ayan Karisalkulam
(R.V) And (P) Mavilpatti Block3 4.Ayan Karisalkulam (R.V) And (P) Mavilpatti Block4 99.OVERSEAS ELECTORS",General,All India Anna Dravida Munnetra Kazhagam,255,204,51,Dravida Munnetra Kazhagam,1,4,2,3,7,7,6,5,7.445255474452554,5,37.22627737226277,6.569343065693431,29.78102189781022,25.10948905109489,0.145985401459854,0.145985401459854,0.291970802919708,0.7299270072992701,2
3,289,53,215,179,1,2,0,1,1,0,0,0,0,0,0,740,0,3,743,0,3,"Government  Higer  Secondary  School, Western Portion West Building, Vemboor","1.Vemboor  (R.V.) and (P), Vemboor  block 1 2.Vemboor  (R.V) and (P) Vemboor  Block-2 3.Vemboor  (R.V.) and (P) Vemboor  Block-3
99.OVERSEAS ELECTORS",General,All India Anna Dravida Munnetra Kazhagam,289,215,74,Dravida Munnetra Kazhagam,1,4,2,3,6,5,8,6,10.0,1,39.05405405405406,7.162162162162162,29.05405405405405,24.18918918918919,0.1351351351351351,0.2702702702702703,0.0,0.1351351351351351,2
4,71,15,133,121,0,0,4,1,0,0,0,0,0,1,0,345,0,1,346,0,4,"Governement  Higher  Seocndary  School, Anna Centinary Hall (2 Class Rooms),
West  Building Vemboor",1) Vemboor  (R.V.) and (P) Vemboor  Block-4 2) Vemboor  (R.V.) and (P) Vemboor  Block-5 99.OVERSEAS ELECTORS,General,Dravida Munnetra Kazhagam,133,121,12,Tamilaga Vettri Kazhagam,3,4,1,2,7,7,5,6,3.478260869565217,1,20.57971014492754,4.347826086956522,38.55072463768116,35.07246376811594,0.0,0.0,1.159420289855073,0.2898550724637681,1
5,183,73,246,219,0,2,8,9,1,0,1,0,0,2,1,740,0,1,741,0,5,"Government  Higher  Secondary  School, Western Portion, Vemboor","1.Kodangipatti (R.V), Vemboor  (P) RamasamyPuram Block 6 , 2.Kodangipatti (R.V), Vemboor  (P) Azhkapuri Block 7 , 3.Kodangipatti (R.V), Vemboor  (P) Kodangipatti Block 8 99.OVERSEAS ELECTORS",General,Dravida Munnetra Kazhagam,246,219,27,Tamilaga Vettri Kazhagam,3,4,1,2,8,7,6,5,3.648648648648649,9,24.72972972972973,9.864864864864865,33.24324324324324,29.59459459459459,0.0,0.2702702702702703,1.081081081081081,1.216216216216216,1
6,165,22,162,158,1,3,7,4,0,0,0,0,0,2,2,522,0,3,525,0,6,"Panchayat  Union Middle school Eastern Portion ,Melakaranthai","1.Melakaranthai (R.V) And (P) Melakaranthai Block 1 , 2.Melakaranthai (R.V) And (P) Melakaranthai Block 3 99.OVERSEAS
ELECTORS",General,All India Anna Dravida Munnetra Kazhagam,165,162,3,Dravida Munnetra Kazhagam,1,4,2,3,8,7,5,6,0.5747126436781609,4,31.60919540229885,4.21455938697318,31.03448275862069,30.26819923371648,0.1915708812260536,0.5747126436781609,1.340996168582375,0.7662835249042145,1
7,115,33,188,142,0,38,0,8,1,0,1,0,2,3,1,524,0,2,526,0,7,"Panchayat  Union Middle School
Eastern Building, Melakaranthai","1.Melakaranthai (R.V) And (P) Melakaranthai Block 2 99.OVERSEAS
ELECTORS",General,Dravida Munnetra Kazhagam,188,142,46,Tamilaga Vettri Kazhagam,3,5,1,2,7,4,7,6,8.778625954198473,8,21.94656488549618,6.297709923664121,35.87786259541985,27.09923664122137,0.0,7.251908396946565,0.0,1.526717557251908,3
8,205,36,204,234,1,0,2,5,1,0,0,1,1,1,0,687,0,4,691,0,8,"Panchayat  Union middle School
,Keelakaranthai","1.Kelakaranthai (R.V) And (P) Kelakaranthai Block 1 , 2.Kelakaranthai (R.V) And (P) Kelakaranthai Block 2 99.OVERSEAS
ELECTORS",General,Tamilaga Vettri Kazhagam,234,205,29,All India Anna Dravida Munnetra Kazhagam,2,4,3,1,7,8,6,5,4.221251819505095,5,29.83988355167395,5.240174672489083,29.69432314410481,34.06113537117904,0.1455604075691412,0.0,0.2911208151382824,0.727802037845706,1
9,137,13,243,112,1,0,6,9,0,1,1,0,2,3,1,521,0,2,523,0,9,"Panchayat  Union Middle School New
Building, Masarpatti","1.Masarpatti (R.V) And (P) Masarpatti Block 1 , 2.Masarpatti (R.V)
And (P) Masarpatti Block 2 99.OVERSEAS ELECTORS",General,Dravida Munnetra Kazhagam,243,137,106,All India Anna Dravida Munnetra Kazhagam,2,4,1,3,7,8,6,5,20.34548944337812,9,26.29558541266795,2.495201535508637,46.64107485604607,21.49712092130518,0.1919385796545106,0.0,1.151631477927063,1.727447216890595,3
10,125,8,203,141,0,3,0,4,0,0,0,0,0,2,2,484,0,5,489,0,10,"Panchayt  Union Primary  School New Building, Kailasapuram","1.Rajapatti (R.V) And (P) Rajapatti Block 1 , 2.Rajapatti (R.V) And (P) Kailasapuram Block 2 , 3.Rajapatti (R.V) And (P) Kailasapuram Block
3 99.OVERSEAS ELECTORS",General,Dravida Munnetra Kazhagam,203,141,62,Tamilaga Vettri Kazhagam,3,4,1,2,7,6,7,5,12.8099173553719,4,25.82644628099173,1.652892561983471,41.94214876033057,29.13223140495867,0.0,0.6198347107438017,0.0,0.8264462809917356,3
11,157,43,172,164,0,0,5,7,0,1,1,1,0,1,1,548,0,4,552,0,11,"Hindu Primary  School New Building, InamArunachaluram","1.Innam Arunachalapuram (R.V) And (P) Innam Arunachalapuram
Block 1 , 2.Thomalaipatti (R.V), Innam Arunachalapuram (P) TholMalaipatti Block 2 99.OVERSEAS ELECTORS",General,Dravida Munnetra Kazhagam,172,164,8,Tamilaga Vettri Kazhagam,3,4,1,2,7,7,6,5,1.45985401459854,7,28.64963503649635,7.846715328467154,31.38686131386861,29.92700729927008,0.0,0.0,0.9124087591240875,1.277372262773723,1
12,162,81,283,224,1,1,6,10,0,0,0,2,2,4,0,768,0,5,773,0,12,"Panchayat  Union middle
School,Thappatthi","1.Thappathi (R.V) And (P) Thappathi Block 1 , 2.Thappathi (R.V) And
(P) Thappathi Block 2 99.OVERSEAS ELECTORS",General,Dravida Munnetra Kazhagam,283,224,59,Tamilaga Vettri Kazhagam,3,4,1,2,7,7,6,5,7.682291666666667,10,21.09375,10.546875,36.84895833333333,29.16666666666667,0.1302083333333333,0.1302083333333333,0.78125,1.302083333333333,1
13,148,23,176,114,1,10,6,5,0,2,0,1,0,1,1,483,0,3,486,0,13,"Panchayat  Union Middle school New Building, Ayanvadamalapuram","1.Ayanvadamalapuram (R.V) and P Ayanvadamalapuram Block 1 2.Ayanvadamalapuram (R.V) and P Ayanvadamalapuram Block 2
99.OVERSEAS ELECTORS",General,Dravida Munnetra Kazhagam,176,148,28,All India Anna Dravida Munnetra Kazhagam,2,4,1,3,8,5,6,7,5.797101449275362,5,30.64182194616977,4.761904761904762,36.43892339544513,23.60248447204969,0.2070393374741201,2.070393374741201,1.24223602484472,1.0351966873706,1
14,101,41,129,143,0,40,0,8,0,0,0,2,0,6,0,462,0,2,464,0,14,"Panchayat  Union middle school East side Building , Front  room
Ayanvadamalapuram",1.Ayanvadamalapuram (R.V) and P Achiankulam Block 3 99.OVERSEAS ELECTORS,General,Tamilaga Vettri Kazhagam,143,129,14,Dravida Munnetra Kazhagam,3,4,2,1,7,5,7,6,3.03030303030303,8,21.86147186147186,8.874458874458876,27.92207792207792,30.95238095238095,0.0,8.658008658008658,0.0,1.731601731601732,1
15,258,37,188,137,0,2,0,5,0,0,1,0,1,1,1,627,0,5,632,0,15,"Hindu Nadar  Higher  sec School Centre
Building East  Side, N  Vedapatti","1.N.vedapatti (R.V) And (P) N.vedapatti block 1 , 2.N.Vedapatti (R.V)
And(P) N.Vedapatti Block 2 99.OVERSEAS ELECTORS",General,All India Anna Dravida Munnetra Kazhagam,258,188,70,Dravida Munnetra Kazhagam,1,4,2,3,7,6,7,5,11.16427432216906,5,41.14832535885167,5.901116427432217,29.98405103668261,21.85007974481659,0.0,0.3189792663476874,0.0,0.7974481658692184,2
16,315,22,295,219,0,3,0,15,1,0,0,3,4,7,0,869,0,2,871,0,16,"Panchayat  Union Middle School South Building Eastern Portion, Singlipatti","1.Singhelipatti (R.V), N.  Vedapatti (P) Singhelipatti Block 3 , 2.Singilipatti (R.V), N.  Vedapatti (P) Kalukkumi Block 1 , 3.Singilipatti (R.V), N.Vedapatti (P) Kallukkumi Block 2 99.OVERSEAS ELECTORS",General,All India Anna Dravida Munnetra Kazhagam,315,295,20,Dravida Munnetra Kazhagam,1,4,2,3,7,6,7,5,2.301495972382048,15,36.24856156501726,2.531645569620253,33.94706559263521,25.20138089758343,0.0,0.3452243958573072,0.0,1.726121979286536,1
17,361,60,216,189,0,4,0,4,0,0,0,1,1,1,1,834,0,6,840,0,17,"T.V.A.  Nallalagu Nadar  Higher  Sec. School North Building West Side, Perilovanpatti","1.Pherilovanpatti (R.V) And (P) Pherilovanpatti Block 1 ,
2.Pherilovanpatti (R.V) And (P) Pherilovanpatti Block 2 , 3.Pherilovanpatti (R.V) And (P) Mudalipatti Block 3 99.OVERSEAS ELECTORS",General,All India Anna Dravida Munnetra Kazhagam,361,216,145,Dravida Munnetra Kazhagam,1,4,2,3,7,5,7,5,17.38609112709832,4,43.28537170263789,7.194244604316546,25.89928057553957,22.66187050359712,0.0,0.4796163069544364,0.0,0.4796163069544364,2
18,90,25,110,101,1,0,0,3,0,0,0,0,2,1,0,330,0,1,331,0,18,"Hindu Primary  School,
Keelanambipuram","1.Nambipuram (R.V) And (P) Nambipuram Block 1 99.OVERSEAS
ELECTORS",General,Dravida Munnetra Kazhagam,110,101,9,Tamilaga Vettri Kazhagam,3,4,1,2,6,7,7,5,2.727272727272727,3,27.27272727272727,7.575757575757576,33.33333333333333,30.6060606060606,0.303030303030303,0.0,0.0,0.9090909090909091,1
19,266,56,273,191,1,3,7,9,1,0,0,1,1,4,1,806,0,4,810,0,19,"Panchayat  Union Middle School North Side, Melmambipuram",1.Nambipuram (R.V) And (P) Ponnaihpuram Block 2. 2.Nambipuram (R.V) And (P) Mela NambipuramBlock 3 . 3.Nambipuram (R.V) And (P) Mela Nambipuram Block 4. 4.Nambipuram (R.V) And (P) Mela Nambipuram Block 5. 99.OVERSEAS ELECTORS,General,Dravida Munnetra Kazhagam,273,266,7,All India Anna Dravida Munnetra Kazhagam,2,4,1,3,8,7,6,5,0.8684863523573202,9,33.00248138957816,6.947890818858562,33.87096774193548,23.69727047146402,0.1240694789081886,0.3722084367245658,0.8684863523573202,1.116625310173697,1
20,207,35,249,190,0,2,2,9,2,0,0,3,1,3,0,694,0,2,696,0,20,St.Valan R.C. Primary  School Kottur,"1.Muthulapuram (R.V) And (P) Muthulapuram (Kottur) Block 3 .
2.Muthulapuram (R.V) And (P) Muthulapuram Block 4 99.OVERSEAS ELECTORS",General,Dravida Munnetra Kazhagam,249,207,42,All India Anna Dravida Munnetra Kazhagam,2,4,1,3,8,6,6,5,6.051873198847262,9,29.82708933717579,5.043227665706052,35.87896253602306,27.37752161383285,0.0,0.2881844380403458,0.2881844380403458,1.296829971181556,1
21,215,21,136,204,0,1,0,2,0,0,0,0,0,1,1,579,0,3,582,0,21,"Panchayat  Union Primary  School New Building(west Portion), Kottur","1.Muthulapuram (R.V) And (P) Muthulapuram (Kottur) Block 5. 2.Muthulapuram (R.V) And (P) Muthulapuram Sourth Block 6.
99.OVERSEAS ELECTORS",General,All India Anna Dravida Munnetra Kazhagam,215,204,11,Tamilaga Vettri Kazhagam,1,4,3,2,7,6,7,5,1.899827288428325,2,37.13298791018998,3.626943005181347,23.4887737478411,35.23316062176166,0.0,0.1727115716753022,0.0,0.3454231433506045,1
22,49,23,112,68,0,0,4,0,0,0,0,0,0,0,0,256,0,0,256,0,22,"Hindu Nadar  Middle School North Side, Muthulapuram","1.Muthulapuram (R.V) And (P) Muthulapuram Block 1. 2.Muthulapuram (R.V) And (P) Muthulapuram Block 2.
99.OVERSEAS ELECTORS",General,Dravida Munnetra Kazhagam,112,68,44,Tamilaga Vettri Kazhagam,3,4,1,2,6,6,5,6,17.1875,0,19.140625,8.984375,43.75,26.5625,0.0,0.0,1.5625,0.0,3
23,121,33,173,181,0,4,3,4,0,0,1,0,0,1,1,519,0,0,519,0,23,"Panchayat  Union Primary  School, Keelnattukurichi","1.Keelnattukurichi (R.V), Muthulapuram (P) Keelnattukurichi Block 1
, 2.Sakeliyapatti (R.V), Muthulapuram (P) Sakeliyapatti Block 2 99.OVERSEAS ELECTORS",General,Tamilaga Vettri Kazhagam,181,173,8,Dravida Munnetra Kazhagam,3,4,2,1,8,5,7,5,1.541425818882466,4,23.3140655105973,6.358381502890173,33.33333333333333,34.8747591522158,0.0,0.7707129094412332,0.5780346820809248,0.7707129094412332,1
24,148,19,167,202,1,0,10,3,0,0,0,1,1,0,0,550,0,2,552,0,24,"Nethaji Middle School Main Building Centre Room, Veerapatti","1.Veerappatti (R.V) And (P) Veerappatti Block 1 , 2.Muthualapuram
(P) V. Kumarapuram Block 7. 3.Veerappatti (P) Veerappatti block 2. 99.OVERSEAS ELECTORS",General,Tamilaga Vettri Kazhagam,202,167,35,Dravida Munnetra Kazhagam,3,4,2,1,7,8,5,6,6.363636363636363,3,26.90909090909091,3.454545454545455,30.36363636363636,36.72727272727273,0.1818181818181818,0.0,1.818181818181818,0.5454545454545455,1
25,145,18,323,203,0,0,0,8,0,0,0,1,1,5,0,697,0,3,700,0,25,"Panchayat  Union primary  school ,
Karupoor","1.Karuppoor  (R.V) And (P) Karuppoor  Block 1 , 2.Karuppoor  (R.V) And
(P) Subbiahpuram Block 2 999.OVERSEAS ELECTORS",General,Dravida Munnetra Kazhagam,323,203,120,Tamilaga Vettri Kazhagam,3,4,1,2,6,6,6,5,17.21664275466284,8,20.80344332855093,2.582496413199426,46.34146341463415,29.12482065997131,0.0,0.0,0.0,1.14777618364419,3
26,68,29,75,108,0,0,0,3,0,0,0,0,0,1,1,283,0,1,284,0,26,"Hindu Nadar  Primary  School, Ayyakottaiyoor","1.Ayyakkottaiuor  (R.V) And (P) Ayyakkottaiuor  block 1 , 2.Ayyakkottaiuor  (R.V) And (P) Ayyakkottaiuor  Block 2 , 3.Ayyakkottaiuor  (R.V) And (P) Panaipatti Block 3 , 4.Ayyakkottaiuor (R.V) And (P) Venkatachalapuram Block 4 99.OVERSEAS ELECTORS",General,Tamilaga Vettri Kazhagam,108,75,33,Dravida Munnetra Kazhagam,3,4,2,1,6,6,6,5,11.66077738515901,3,24.02826855123675,10.24734982332155,26.5017667844523,38.16254416961131,0.0,0.0,0.0,1.060070671378092,1
27,79,26,159,185,1,0,0,4,0,0,0,1,1,2,0,454,0,4,458,0,27,"Panchayat  Union Middle School Middle Buidling South side, Meenachipuram","1.Meenachipuram (R.V) And (P) Meenachipuram block 1 ,
2.Meenachipuram (R.V) And (P) Meenachipuram Arichana colony Block 2 , 3.Meenachipuram (R.V) And (P) Meenachipuram Block 3 , 4.Meenachipuram (R.V) And (P) Malaipatti Block 4 , 5.Meenachipuram (R.V) And (P) Venkatachalapuram Block 6 99.OVERSEAS ELECTORS",General,Tamilaga Vettri Kazhagam,185,159,26,Dravida Munnetra Kazhagam,3,4,2,1,6,7,7,5,5.726872246696035,4,17.40088105726872,5.726872246696035,35.02202643171806,40.7488986784141,0.2202643171806168,0.0,0.0,0.881057268722467,1
28,190,40,244,95,0,1,5,4,0,0,1,1,0,2,0,579,0,1,580,0,28,"Panchayat  Union Middle School,
Urulaikudi","1.Urulaikudi (R.V) And (P) Urulaikudi block 1 , 99.OVERSEAS
ELECTORS",General,Dravida Munnetra Kazhagam,244,190,54,All India Anna Dravida Munnetra Kazhagam,2,4,1,3,8,7,5,6,9.32642487046632,4,32.81519861830743,6.90846286701209,42.14162348877375,16.40759930915371,0.0,0.1727115716753022,0.8635578583765112,0.690846286701209,3
29,125,21,306,140,0,0,4,0,0,0,0,0,0,0,0,596,0,0,596,0,29,"Panchayat  Union Primary  School,
Peekkilipatti","1. Urulaikudi (R.V) And (P) Peekkelipatti Block 2 99.OVERSEAS
ELECTORS",General,Dravida Munnetra Kazhagam,306,140,166,Tamilaga Vettri Kazhagam,3,4,1,2,6,6,5,6,27.85234899328859,0,20.97315436241611,3.523489932885906,51.34228187919463,23.48993288590604,0.0,0.0,0.6711409395973155,0.0,3
30,209,119,230,217,0,0,0,4,1,0,0,0,1,1,0,779,0,0,779,0,30,"T.N.D.T.A Middle School East  Building,
Kadalaiyur","1.Kadalaiyur (R.V) And (P) Kadalaiyur Block 1 99.OVERSEAS
ELECTORS",General,Dravida Munnetra Kazhagam,230,217,13,Tamilaga Vettri Kazhagam,3,4,1,2,6,6,6,5,1.668806161745828,4,26.82926829268293,15.27599486521181,29.52503209242619,27.85622593068036,0.0,0.0,0.0,0.5134788189987163,0
31,176,86,217,227,1,0,0,2,0,0,0,1,0,1,0,709,0,3,712,0,31,"T.N.D.T.A Middle School North Building,
Kadalaiyur","1.Kadalaiyur (R.V) And (P) Kadalaiyur Block 2, 2.Kadalaiyur (R.V)
And (P) Kadalaiyur Block 3 99.OVERSEAS ELECTORS",General,Tamilaga Vettri Kazhagam,227,217,10,Dravida Munnetra Kazhagam,3,4,2,1,6,7,7,5,1.410437235543018,2,24.82369534555712,12.12976022566996,30.6064880112835,32.01692524682652,0.1410437235543018,0.0,0.0,0.2820874471086037,1
32,225,54,278,261,0,1,3,17,0,0,1,2,3,8,1,839,0,9,848,0,32,"Sengundar High School
South Side Kadalaiyur East  Portion","1.Kadalaiyur (R.V) And (P) Chennaiampatti block 2 . 2.Kadalaiyur
(R.V) And (P) Kadalaiyur Block 4 3.Kadalaiyur (R.V) And (P) Kadalaiyur Block 5 4.Kadalaiyur (R.V) And (P) Kadalaiyur Block 6 5.Kadalaiyur (R.V) And (P) Kadalaiyur Block 7 6.Kadalaiyur (R.V) And
(P) Therkupatti Block 8 7.Kadalaiyur (R.V) And (P) Kadalaiyur Block 3
99.OVERSEAS ELECTORS",General,Dravida Munnetra Kazhagam,278,261,17,Tamilaga Vettri Kazhagam,3,4,1,2,8,7,6,5,2.026221692491061,17,26.81764004767581,6.436233611442193,33.134684147795,31.10846245530393,0.0,0.1191895113230036,0.3575685339690107,2.026221692491061,1
33,258,54,356,158,0,7,6,1,0,0,0,0,0,0,0,840,0,2,842,0,33,"Community  Hall, Varathampatti","1.Varathampatti (R.V) And (P) Varathampatti block 1 ,
2.Varathampatti (R.V) And (P) Vallinayakepuram Block 2
,3.Varathampatti (R.V) And (P) Kattramanpatti Block 3 99.OVERSEAS ELECTORS",General,Dravida Munnetra Kazhagam,356,258,98,All India Anna Dravida Munnetra Kazhagam,2,4,1,3,8,5,6,7,11.66666666666667,1,30.71428571428572,6.428571428571428,42.38095238095238,18.80952380952381,0.0,0.8333333333333334,0.7142857142857143,0.1190476190476191,3
34,171,83,246,162,0,0,7,1,0,0,1,0,0,0,0,670,0,3,673,0,34,Panchayat  Union Primary  School Chidambarapuram,"1.K.Chidhambarapuram (R.V),And (P) K.Chidhambarapuram North
Street Block1 , 2.K.Chidhambarapuram (R.V) And (P) K.Chidhambarapuram Middle Street Block1 , 3.K.Chidhambarapuram (R.V) And (P) K.Chidhambarapuram West
Street Block1 99.OVERSEAS ELECTORS",General,Dravida Munnetra Kazhagam,246,171,75,All India Anna Dravida Munnetra Kazhagam,2,4,1,3,7,7,5,6,11.19402985074627,1,25.52238805970149,12.38805970149254,36.71641791044776,24.17910447761194,0.0,0.0,1.044776119402985,0.1492537313432836,3
35,255,34,244,206,0,1,3,2,0,0,0,1,0,0,1,745,0,5,750,0,35,"Panchayat  Union Primary  School, New Buidling Chinnamalaikundru","1.Sinamalaikuntru (R.V) And (P) Sinamalaikuntru Block 1 ,
2.Sinamalaikuntru (R.V) And (P) Sathurappanaickarpatti Block 2 , 3.Sinamalaikuntru (R.V) And (P) Tippanoothu Block 3 , 4.Sinamalaikuntru (R.V) And (P) Uselampatti Block 4 99.OVERSEAS ELECTORS",General,All India Anna Dravida Munnetra Kazhagam,255,244,11,Dravida Munnetra Kazhagam,1,4,2,3,8,7,5,6,1.476510067114094,2,34.22818791946309,4.563758389261745,32.75167785234899,27.6510067114094,0.0,0.1342281879194631,0.4026845637583893,0.2684563758389262,1
36,150,3,105,58,0,0,1,6,0,0,0,1,0,3,0,323,0,3,326,0,36,"Viveganantha Vidhiyasala Primary School, Kumarettiapuram","1.Meenachipuram (R.V)And (P) Kumareddeyapuram block 5 , 2.Meenachipuram (R.V)And (P) Navalakkampatti Block 2
99.OVERSEAS ELECTORS",General,All India Anna Dravida Munnetra Kazhagam,150,105,45,Dravida Munnetra Kazhagam,1,5,2,3,7,7,6,4,13.93188854489164,6,46.43962848297213,0.9287925696594427,32.50773993808049,17.95665634674922,0.0,0.0,0.3095975232198143,1.857585139318885,2
37,239,15,263,177,2,13,0,6,0,0,1,0,0,4,0,715,0,4,719,0,37,"Panchayat  Union Middle School, South Building Sinthalakarai","1.Sinthalakkarai ((R.V) And (P) Duraisamypuram Block 1 , 2.Sinthalakkarai (R.V)And (P) Sinthalakkarai Block 2 99.OVERSEAS
ELECTORS",General,Dravida Munnetra Kazhagam,263,239,24,All India Anna Dravida Munnetra Kazhagam,2,4,1,3,7,5,8,6,3.356643356643357,6,33.42657342657343,2.097902097902098,36.78321678321678,24.75524475524475,0.2797202797202797,1.818181818181818,0.0,0.8391608391608392,1
38,103,10,123,83,0,0,0,5,0,0,0,2,0,1,1,324,0,1,325,0,38,"Panchayat  Union Primary  School, R. Venkadeshwerapuram","1.Sinthalakarai (R.V) ,R. Venkateshwarapuram (P) R.
Venkateshwarapuram Block 1 , 2.Sinthalakarai (R.V) ,R. Venkateshwarapuram (P) R. Venkateshwarapuram Block 2 99.OVERSEAS ELECTORS",General,Dravida Munnetra Kazhagam,123,103,20,All India Anna Dravida Munnetra Kazhagam,2,4,1,3,6,6,6,5,6.172839506172839,5,31.79012345679013,3.08641975308642,37.96296296296296,25.61728395061728,0.0,0.0,0.0,1.54320987654321,1
39,116,19,142,111,0,2,1,10,0,0,0,0,0,8,1,401,0,1,402,0,39,"Panchayat  Union Primary  School,
Ramanoothu","1.Ramanoothu (R.V) And (P) Ramanoothu Block 1 , 2.Ramanoothu
(R.V) And (P) Ramanoothu Block 2 99.OVERSEAS ELECTORS",General,Dravida Munnetra Kazhagam,142,116,26,All India Anna Dravida Munnetra Kazhagam,2,4,1,3,8,6,7,5,6.483790523690773,10,28.92768079800499,4.738154613466334,35.41147132169576,27.68079800498753,0.0,0.4987531172069825,0.2493765586034913,2.493765586034913,1
40,63,41,99,85,0,12,2,7,0,0,1,2,0,3,0,309,0,0,309,0,40,"Panchayat  Union Primary  School New Building, Thalaikattupuram","1.Thalaikkattupuram (R.V) And (P) Thalaikkattupuram Block 1 ,
2.Thalaikkattupuram (R.V) And (P) Thalaikkattupuram Block 2 ,
3.Thalaikkattupuram (R.V) And (P) Sankaralingapuram Block 3 99.OVERSEAS ELECTORS",General,Dravida Munnetra Kazhagam,99,85,14,Tamilaga Vettri Kazhagam,3,4,1,2,8,5,7,6,4.53074433656958,7,20.38834951456311,13.26860841423948,32.03883495145632,27.50809061488673,0.0,3.883495145631068,0.6472491909385114,2.26537216828479,0
41,113,34,69,60,0,2,0,0,0,0,0,0,0,0,0,278,0,1,279,0,41,Panchayat  Union Primary  School Kumarasubramaniyapuram,"1.Thalaikkattupuram (R.V) And (P) Thangammalpuram Block 4 ,
2.Thalaikkattupuram (R.V) And (P) Kumarasubramaniyapuram Block 5 , 3.Thalaikkattupuram (R.V) And (P) Chinnapuram Block 6 , 4.Thalaikkattupuram (R.V) And (P) Pudhupatti Block 7 99.OVERSEAS ELECTORS",General,All India Anna Dravida Munnetra Kazhagam,113,69,44,Dravida Munnetra Kazhagam,1,4,2,3,6,5,6,6,15.8273381294964,0,40.64748201438849,12.23021582733813,24.82014388489209,21.58273381294964,0.0,0.7194244604316548,0.0,0.0,2
42,202,17,244,169,2,27,0,8,0,0,1,0,0,6,1,669,0,1,670,0,42,"T.D.T.A primary School south side New
Building , Velidupatti","1.Velidupatti (R.V) And (P) Velidupatti Block 1 , 2.Velidupatti (R.V)
And (P) Velidupatti Block 2 999.OVERSEAS ELECTORS",General,Dravida Munnetra Kazhagam,244,202,42,All India Anna Dravida Munnetra Kazhagam,2,5,1,3,7,4,8,6,6.278026905829597,8,30.19431988041854,2.541106128550075,36.47234678624813,25.26158445440957,0.2989536621823617,4.035874439461884,0.0,1.195814648729447,1
43,209,31,202,124,0,15,24,6,2,0,0,1,0,1,0,611,0,1,612,0,43,"Panchayat  Union Primary  School East Building, Pillayarnatham","1.Chithavanayackanpatti (R.V), Pillaiyarnatham (P) Pillaiyarnatham
Block 1 , 2.Chithavanayackanpatti (R.V), Pillaiyarnatham (P) Chokalingapuram Block3 , 3.Chithavanayackanpatti (R.V), Pillaiyarnatham (P) Kumareddyapuram Block 4 99.OVERSEAS
ELECTORS",General,All India Anna Dravida Munnetra Kazhagam,209,202,7,Dravida Munnetra Kazhagam,1,4,2,3,8,6,5,7,1.145662847790507,6,34.20621931260229,5.073649754500818,33.06055646481178,20.29459901800327,0.0,2.454991816693944,3.927986906710311,0.9819967266775778,1
44,185,19,128,111,0,0,0,0,0,0,0,0,0,0,0,443,0,2,445,0,44,"Panchayat  Union Primary  School East New Building South facing,
Pillaiarnattham","2.Chithavanayackanpatti (R.V), Pillaiyarnatham (P) Pillaiyarnatham Block 2 , 99.OVERSEAS ELECTORS",General,All India Anna Dravida Munnetra Kazhagam,185,128,57,Dravida Munnetra Kazhagam,1,4,2,3,5,5,5,5,12.86681715575621,0,41.76072234762979,4.288939051918736,28.89390519187359,25.05643340857788,0.0,0.0,0.0,0.0,2
45,157,8,78,112,0,4,0,13,0,0,0,0,0,12,0,372,0,1,373,0,45,"Panchayat  Middle School New Building, Kalugalasapuram","1.Kalukashapuram (R.V) And (P) Kalukashapuram Block 1 , 2.Kalukashapuram ((R.V) And (P) Kumarareddyapuram Block2
99.OVERSEAS ELECTORS",General,All India Anna Dravida Munnetra Kazhagam,157,112,45,Tamilaga Vettri Kazhagam,1,5,3,2,7,6,7,4,12.09677419354839,13,42.20430107526882,2.150537634408602,20.96774193548387,30.10752688172043,0.0,1.075268817204301,0.0,3.494623655913978,2
46,163,37,179,133,1,2,6,12,0,0,1,1,2,7,0,533,0,0,533,0,46,"Panchayat  Union Middle School Centre Room, Neeravipudupatti","1.Neeravi Pudhupatti (R.V) And (P) Neeravi Pudhupatti Block 1 ,
2.Neeravi Pudhupatti (R.V) And(P) N.  Pudhupatti block 2 99.OVERSEAS ELECTORS",General,Dravida Munnetra Kazhagam,179,163,16,All India Anna Dravida Munnetra Kazhagam,2,4,1,3,8,7,6,5,3.00187617260788,12,30.58161350844278,6.941838649155723,33.58348968105066,24.953095684803,0.1876172607879925,0.375234521575985,1.125703564727955,2.25140712945591,1
47,205,32,209,151,0,1,1,19,0,0,0,1,0,17,1,618,0,2,620,0,47,"Govt  High School New Building, Padarnthapuli","1.Padaranthapuli (R.V) And (P) Padaranthapuli Block 1 2.Padaranthapuli (R.V) And (P) Padaranthapuli Block 2,
999.OVERSEAS ELECTORS",General,Dravida Munnetra Kazhagam,209,205,4,All India Anna Dravida Munnetra Kazhagam,2,4,1,3,8,6,6,5,0.6472491909385114,19,33.17152103559871,5.177993527508091,33.81877022653722,24.4336569579288,0.0,0.1618122977346279,0.1618122977346279,3.074433656957929,1
48,144,16,74,95,1,0,0,11,0,0,0,1,0,10,0,341,0,2,343,0,48,Panchayat  union primary  school old building Padarnthapuli,"1.Padaranthapuli (R.V) And (P) Padaranthapuli Block 3 2.Padaranthapuli (R.V) And (P) Duraisamypuram Block 4,
999.OVERSEAS ELECTORS",General,All India Anna Dravida Munnetra Kazhagam,144,95,49,Tamilaga Vettri Kazhagam,1,4,3,2,6,7,7,5,14.36950146627566,11,42.22873900293255,4.69208211143695,21.70087976539589,27.85923753665689,0.2932551319648094,0.0,0.0,3.225806451612903,2
49,157,42,228,321,0,1,3,5,1,0,0,1,0,2,1,757,0,5,762,0,49,Mariappa Uyarthara Aramba tharma Vidhyasalai Middle School west  side Ettaiyapuram,"1.Ettaiyapuram (sp) Naickar street , 2.Ettaiyapuram (SP) Naickar
Street 2 , 3.Ettaiyapuram (SP) South senayar  Street , 4.Ettaiyapuram (SP) Pillair  Kovil Street , 5.Ettaiyapuram (SP) Sudalaiandi Moopanar street , 6.Ettaiyapuram (Sp) Center  Street , 7.Ettaiyapuram (SP) Magarajapuram street 1 , 8.Ettaiyapuram (SP) Magarajapuram street",General,Tamilaga Vettri Kazhagam,321,228,93,Dravida Munnetra Kazhagam,3,4,2,1,8,7,6,5,12.28533685601057,5,20.73976221928666,5.548216644649933,30.11889035667107,42.40422721268164,0.0,0.1321003963011889,0.3963011889035667,0.6605019815059445,1
50,167,26,236,269,0,4,0,3,0,0,1,1,0,1,0,705,0,4,709,0,50,Mariappa Uyarthara Aramba tharma Vidhyasalai Middle School East  Portion Ettaiyapuram,"12.E99tt.aOiyVaEpRuSrEamAS(SEPL)EMCuTtOhRuSirulappapillai street 1 , 2.Ettaiyapuram
(SP) Kamachiammankovil Street (vedar  street) , 3.Ettaiyapuram (SP) Theppakkulastreet , 4.Ettaiyapuram (SP) Kavalar  kudirupu street , 5.Ettaiyapuram (SP) Kansapuram Street 1 , 6.Ettaiyapuram (SP) Kansapuram street 2 , 7.Ettaiyapuram (SP) Kansapuram Street 3 , 8.Ettaiyapuram (SP) North Senaiyar  Street , 9.Ettaiyapuram (Sp) Magarajapuram Street , 10.Ettaiyapuram (SP) North Arumugamudaliar  Street , 11.Ettaiyapuram (SP) Guruvamudaliar Street , 12.Ettaiyapuram (SP) Old Police Street 99.OVERSEAS
ELECTORS",General,Tamilaga Vettri Kazhagam,269,236,33,Dravida Munnetra Kazhagam,3,4,2,1,7,5,7,6,4.680851063829787,3,23.68794326241135,3.687943262411348,33.47517730496454,38.15602836879432,0.0,0.5673758865248227,0.0,0.425531914893617,1
51,189,31,262,259,0,0,3,5,1,0,0,0,1,2,1,749,0,1,750,0,51,"Sengunder  Middle School North side,Ettaiyapuram","1.Ettaiyapuram (SP) South arumuga mudaliar  street 1 , 2.Ettaiyapuram (Sp) South Arumuga mudaliar  street 2 , 3.Ettaiyapuram (SP) Guruvamudaliar  Street , 4.Ettaiyapuram (SP) Ayyamperumal Mudaliar  Street 1 , 5.Ettaiyapuram (SP) Ayyam perumal Mudaliar  Street 2 , 6.Ettaiyapuram (SP) Valavanthamudaliar street , 7.Ettaiyapuram (SP) Illathupillai Street 1 , 8.Ettaiyapuram (SP) IllathupillaiStreet 2 , 9.Ettaiyapuram (SP) North Mudaliar  Street 99.OVERSEAS ELECTORS",General,Dravida Munnetra Kazhagam,262,259,3,Tamilaga Vettri Kazhagam,3,4,1,2,7,7,6,5,0.4005340453938585,5,25.23364485981308,4.138851802403204,34.9799732977303,34.57943925233645,0.0,0.0,0.4005340453938585,0.6675567423230975,1
52,189,67,366,308,0,1,2,7,0,0,0,0,2,1,1,940,0,3,943,0,52,"Sengundar Middle School South side, Ettayapuram","1.Ettaiyapuram (sp) Amman koil first  street , 2.Ettaiyapuram (SP) Amman Kovil street 2 , 3.Ettaiyapuram (SP) Amman Kovil Street 3 , 4.Ettaiyapuram (SP) Kadhar  maitheen Roavuthar  Street , 5.Ettaiyapuram (SP) Vavanaravuthar  street 1 , 6.Ettaiyapuram (SP) Vavaunaravuthar  street 2 , 7.Ettaiyapuram (SP) Pudu amman Street
, 8.Ettaiyapuram (SP) Odaikadai Bazar  , 9.Ettaiyapuram (SP) South Santhana Mariamman Kovil street 99.OVERSEAS ELECTORS",General,Dravida Munnetra Kazhagam,366,308,58,Tamilaga Vettri Kazhagam,3,4,1,2,8,7,6,5,6.170212765957447,7,20.10638297872341,7.127659574468086,38.93617021276596,32.76595744680851,0.0,0.1063829787234043,0.2127659574468085,0.7446808510638299,1
53,119,53,284,269,1,8,0,7,0,0,0,2,0,3,0,741,0,2,743,0,53,"Raja Primary  School West Side Building, Ettaiyapuram","1.Ettaiyapuram (s.p) Umar pulavar street , 2.Ettaiyapuram (S.P) Poundustreet , 3.Ettaiyapuram (S.P) South rathaveethi
99.OVERSEAS ELECTORS",General,Dravida Munnetra Kazhagam,284,269,15,Tamilaga Vettri Kazhagam,3,4,1,2,7,5,8,6,2.024291497975709,7,16.05937921727395,7.152496626180836,38.32658569500675,36.30229419703104,0.1349527665317139,1.079622132253711,0.0,0.9446693657219973,1
54,94,27,178,125,1,7,0,1,0,0,0,0,0,1,0,433,0,3,436,0,54,"Raja Higher  secondary  School East  Side Building, (East Portion) Ettaiyapuram","1.Ettaiyapuram (S.P) Melarathaveethi , 2.Ettaiyapuram (S.P)
Kottaimelastreet , 3.Ettaiyapuram (S.P) Bharathiveethi , 4.Ettaiyapuram (S.P) Perumal Kovil Street , 5.Ettaiyapuram (S.P) Kottai South Street 99.OVERSEAS ELECTORS",General,Dravida Munnetra Kazhagam,178,125,53,Tamilaga Vettri Kazhagam,3,4,1,2,6,5,8,6,12.24018475750577,1,21.70900692840647,6.235565819861432,41.10854503464203,28.86836027713626,0.2309468822170901,1.616628175519631,0.0,0.2309468822170901,3
55,225,40,251,313,1,8,1,7,0,1,0,1,2,2,0,846,0,1,847,0,55,"Raja Hr. Sec School Middle Room East Side, Ettaiyapuram","1.Ettaiyapuram (s.p) Durgaiammankovil street , 2.Ettaiyapuram (S.P) Keela rathaveethi , 3.Ettaiyapuram (S.P) Poundustreet ,
4.Ettaiyapuram (S.P) South rathaveethi 99.OVERSEAS ELECTORS",General,Tamilaga Vettri Kazhagam,313,251,62,Dravida Munnetra Kazhagam,3,4,2,1,7,5,7,6,7.328605200945626,7,26.59574468085106,4.728132387706856,29.66903073286052,36.99763593380614,0.1182033096926714,0.9456264775413712,0.1182033096926714,0.8274231678486997,1
56,114,51,371,218,1,2,7,9,0,0,0,3,0,3,2,773,0,3,776,0,56,"Raja Hr. Sec School Centre Building West  Side, Ettaiyapuram","1.Ettaiyapuram (S.P) Kaliammankovil street , 2.Ettaiyapuram (S.P) Sakkeliar  Street , 3.Ettaiyapuram (S.P) Adidravedar  Street ,
4.Ettaiyapuram (S.P) R.C Street 99.OVERSEAS ELECTORS",General,Dravida Munnetra Kazhagam,371,218,153,Tamilaga Vettri Kazhagam,3,4,1,2,8,7,6,5,19.79301423027167,9,14.7477360931436,6.597671410090557,47.9948253557568,28.20181112548512,0.129366106080207,0.258732212160414,0.9055627425614489,1.164294954721863,3
57,138,39,219,224,1,4,0,9,1,1,0,1,1,4,0,634,0,1,635,0,57,"Raja Hr, Sec, School West Building South Room Ettayapuram,Ettaiyapuram","1.Ettaiyapuram (sp) Keelarathaveethi , 2.Ettaiyapuram (SP)
Melarathaveethi , 3.Ettaiyapuram (SP) North ratha Veethi 99.OVERSEAS ELECTORS",General,Tamilaga Vettri Kazhagam,224,219,5,Dravida Munnetra Kazhagam,3,4,2,1,7,6,8,5,0.7886435331230284,9,21.76656151419558,6.151419558359621,34.54258675078864,35.33123028391167,0.1577287066246057,0.6309148264984227,0.0,1.419558359621451,1
58,221,82,300,327,1,10,2,13,0,0,2,0,1,8,2,956,0,6,962,0,58,"Raja Hr, Sec, School West Building Middle Room Ettayapuram","1.Ettaiyapuram (SP) Kottai melastreet , 2.Ettaiyapuram (SP) Kottai North Street , 3.Ettaiyapuram (SP) SivanKovil Street , 4.Ettaiyapuram (SP) Aranmanai Vasal Street , 5.Ettaiyapuram (SP) Karthikai Veethei , 6.Ettaiyapuram (SP) Alangariamman Kovil Street , 7.Ettaiyapuram (SP) Pudu amman Kovil Street 99.OVERSEAS ELECTORS",General,Tamilaga Vettri Kazhagam,327,300,27,Dravida Munnetra Kazhagam,3,4,2,1,8,6,7,5,2.824267782426778,13,23.11715481171548,8.577405857740587,31.38075313807531,34.20502092050209,0.104602510460251,1.04602510460251,0.2092050209205021,1.359832635983264,1
59,146,32,141,197,1,1,0,7,4,0,0,2,0,0,0,525,0,1,526,0,59,"Raja Hr.Sec School west  building north room, Ettaiyapuram","1.Ettayapuram (SP), Muthuirulappapillai street
2.Ettayapuram (SP), North Senair  Street 3.Ettayapuram (SP), Senbhanathapillai sandhu 4.Ettayapuram (SP), Kavalar  Kudiruppu street 5.Ettayapuram (SP), Naduroad street 6.Ettayapuram (SP), pettai nadurodu street 999.OVERSEAS ELECTORS",General,Tamilaga Vettri Kazhagam,197,146,51,All India Anna Dravida Munnetra Kazhagam,2,4,3,1,6,6,8,5,9.714285714285714,7,27.80952380952381,6.095238095238095,26.85714285714286,37.52380952380953,0.1904761904761905,0.1904761904761905,0.0,1.333333333333333,1
60,78,31,164,165,0,1,0,1,0,0,0,0,0,1,0,440,0,2,442,0,60,"Raja Hr.Sec School south building west room, Ettaiyapuram","1.Ettayapuram (SP), North santhaimariamman kovil street
2.Ettayapuram (SP), Periakenattu Mudukku street  3.Ettayapuram (SP), Muthusamypillai sandu, 4.Ettayapuram (SP), Paraistreet
5.Ettayapuram (SP), Shunmugamudaliar  street
6.Ettayapuram (SP) ,Magalingamudaliar  street 999.OVERSEAS ELECTORS",General,Tamilaga Vettri Kazhagam,165,164,1,Dravida Munnetra Kazhagam,3,4,2,1,7,5,7,5,0.2272727272727273,1,17.72727272727273,7.045454545454545,37.27272727272727,37.5,0.0,0.2272727272727273,0.0,0.2272727272727273,1
61,123,43,239,245,5,14,0,6,1,0,1,0,0,3,1,675,0,4,679,0,61,"Panchyat  Union Primary  School South side East  building (Govt high School
campus) Ilambuvanam",1.Ilampuvanam(R.V) And (P) Ilampuvanam 999.OVERSEAS ELECTORS,General,Tamilaga Vettri Kazhagam,245,239,6,Dravida Munnetra Kazhagam,3,4,2,1,7,5,8,6,0.8888888888888888,6,18.22222222222222,6.37037037037037,35.40740740740741,36.2962962962963,0.7407407407407408,2.074074074074074,0.0,0.8888888888888888,1
62,127,29,181,163,0,15,0,17,0,0,2,3,5,4,2,532,0,6,538,0,62,"Panchayat  Union primary  school south
side west  buillding (Govt high school campus) ilambuvanam","1.Ilampuvanam (R.V) and (P) Ilambuvanam Block 2 , 999.OVERSEAS ELECTORS",General,Dravida Munnetra Kazhagam,181,163,18,Tamilaga Vettri Kazhagam,3,4,1,2,7,6,7,5,3.383458646616541,17,23.87218045112782,5.451127819548872,34.02255639097744,30.6390977443609,0.0,2.819548872180451,0.0,3.195488721804511,1
63,100,25,226,153,1,1,0,4,0,0,0,0,1,2,1,510,0,2,512,0,63,"Govt  high school East  side North
buillding (Govt high school campus) ilambuvanam","1.Ilampuvanam (R.V) and (P) Ilambuvanam Block 3, 999.OVERSEAS ELECTORS",General,Dravida Munnetra Kazhagam,226,153,73,Tamilaga Vettri Kazhagam,3,4,1,2,6,6,8,5,14.31372549019608,4,19.6078431372549,4.901960784313726,44.31372549019608,30.0,0.196078431372549,0.196078431372549,0.0,0.7843137254901961,3
64,12,9,32,32,0,1,0,1,0,0,0,0,0,0,0,87,0,2,89,0,64,"Panchyat  Union Primary  School, New Building Kuthulvaipatti","1.Suraikaipatti (R.V) And (P) Kulathuvaipatti , 2.Elampuvanam (R.V) And (P) Kumaragri , 3.Elampuvanam (R.V) And (P) Sothunaickanpatti
99.OVERSEAS ELECTORS",General,Dravida Munnetra Kazhagam,32,32,0,Dravida Munnetra Kazhagam,3,4,1,1,7,5,7,5,0.0,1,13.79310344827586,10.3448275862069,36.7816091954023,36.7816091954023,0.0,1.149425287356322,0.0,1.149425287356322,1
65,293,74,282,183,0,17,0,14,3,0,1,0,2,5,1,863,0,6,869,0,65,"R.C.Middle School East  Building North Side, Kasavankundru","1.Erachi (R.V) And (P) Kasavan Kuntru Block 7 , 2.Erachi (R.V) And
(P) Kasavan Kuntru Block 8 , 3.Erachi (R.V) And (P) Kasavan Kuntru Block 9 99.OVERSEAS ELECTORS",General,All India Anna Dravida Munnetra Kazhagam,293,282,11,Dravida Munnetra Kazhagam,1,4,2,3,7,5,7,6,1.274623406720742,14,33.9513325608343,8.574739281575898,32.67670915411356,21.20509849362688,0.0,1.969872537659328,0.0,1.622247972190035,1
66,128,73,327,192,0,14,6,5,1,0,1,0,1,2,0,745,0,6,751,0,66,"Senaiyar  Kalaimagal Primary  School
Centre Portion North Side, Erachi","1.Erachi (R.V) And (P) Erachi , 2.Erachi (R.V) And (P) Erachi Block 4 ,
3.Erachi (R.V) And (P) Erachi Block 5 99.OVERSEAS ELECTORS",General,Dravida Munnetra Kazhagam,327,192,135,Tamilaga Vettri Kazhagam,3,4,1,2,8,5,6,7,18.12080536912752,5,17.18120805369128,9.798657718120806,43.89261744966443,25.77181208053691,0.0,1.879194630872483,0.8053691275167786,0.6711409395973155,3
67,114,59,225,143,1,12,0,8,0,1,0,0,3,4,0,562,0,4,566,0,67,"Senaiyer  Kalaimagal High School Centre
Portion North Side, Erachi","1.Erachi (R.V) And (P) Erachi , 2.Erachi (R.V) And (P)
Pappunaickkanpatti Block 3 99.OVERSEAS ELECTORS",General,Dravida Munnetra Kazhagam,225,143,82,Tamilaga Vettri Kazhagam,3,4,1,2,7,5,8,6,14.59074733096085,8,20.2846975088968,10.49822064056939,40.0355871886121,25.44483985765125,0.1779359430604982,2.135231316725979,0.0,1.423487544483986,3
68,194,77,346,257,1,9,3,4,1,0,0,1,0,0,0,891,0,1,892,0,68,"Panchyat  Union Primary  School, New Building Semaputhur","1.Semappudur (R.V) And (P) Semappudur south street block 1 ,
2.Semappudur (R.V) And (P) Semappudur West Street Block 2 , 3.Semappudur (R.V) And (P) Semappudur North Street Block 3 , 4.Semappudur(R.V) And (P) Semappudur East  Street Block 4 , 5.Semappudur (R.V) And (P) North Semappudur Block 5 , 6.Semappudur (R.V) And (P) Anjuranpatti Block 6 99.OVERSEAS
ELECTORS",General,Dravida Munnetra Kazhagam,346,257,89,Tamilaga Vettri Kazhagam,3,4,1,2,8,5,7,6,9.988776655443322,4,21.77328843995511,8.641975308641975,38.8327721661055,28.84399551066218,0.1122334455667789,1.01010101010101,0.3367003367003367,0.4489337822671157,3
69,236,35,292,359,1,3,9,8,0,0,0,1,1,5,0,943,0,1,944,0,69,"Panchayat  Union Middle School , Suraikkaipatti","1.Suraikaipatti (R.V) And(P) Suraikaipatti block 1 , 2.Suraikaipatti
(R.V) And(P) Satirapatti Block 2 , 3.Suraikaipatti (R.V) And(P) Ranasuettu Nayakkanpatti Block 3 , 4.Elampavanam (R.V) And(P) Pethapuram Block 4 99.OVERSEAS ELECTORS",General,Tamilaga Vettri Kazhagam,359,292,67,Dravida Munnetra Kazhagam,3,4,2,1,8,7,5,6,7.104984093319194,8,25.02651113467656,3.711558854718982,30.96500530222693,38.06998939554613,0.1060445387062566,0.3181336161187699,0.9544008483563097,0.8483563096500532,1
70,133,55,254,140,1,0,15,2,0,1,0,0,0,0,1,600,0,2,602,0,70,"V.A.M.Rathinam Hindu Nadar  Middle
School West Building, Mela Eral",Mela Eral (R.V) and (P) Mela Eral Block 1 99.OVERSEAS ELECTORS,General,Dravida Munnetra Kazhagam,254,140,114,Tamilaga Vettri Kazhagam,3,4,1,2,7,8,5,6,19.0,2,22.16666666666667,9.166666666666666,42.33333333333334,23.33333333333333,0.1666666666666667,0.0,2.5,0.3333333333333334,3
71,148,20,143,120,1,0,1,10,1,2,1,2,1,3,0,443,0,2,445,0,71,"V.A.M.Rathinam Hindu Nadar  Middle
School, East  Building, Mela Eral",Mela Eral (R.V) and (P) Mela Eral Block 2 99.OVERSEAS ELECTORS,General,All India Anna Dravida Munnetra Kazhagam,148,143,5,Dravida Munnetra Kazhagam,1,4,2,3,6,8,6,5,1.128668171557562,10,33.40857787810384,4.514672686230249,32.27990970654628,27.08803611738149,0.2257336343115124,0.0,0.2257336343115124,2.257336343115124,1
72,113,39,228,273,1,2,2,8,0,0,1,1,3,1,0,666,0,1,667,0,72,T.D.T.A Primary School Keela Eral,"1.Keelaieral (R.V) And (P) Keelaieral Block 1 , 2.Keelaeral (R.V) And (P) Keelaeral Block 2 , 3.Keelaeral (R.V) And (P) Keelaeral Block 3
99.OVERSEAS ELECTORS",General,Tamilaga Vettri Kazhagam,273,228,45,Dravida Munnetra Kazhagam,3,4,2,1,8,6,6,5,6.756756756756757,8,16.96696696696697,5.855855855855856,34.23423423423424,40.99099099099099,0.1501501501501502,0.3003003003003003,0.3003003003003003,1.201201201201201,1
73,133,36,353,405,0,0,0,11,0,0,0,2,4,2,2,938,0,3,941,0,73,"Vel Vellasamy Middle School North
Building, Keela Eral","1.Keelaieral (R.V) And (P) Keelaieral Block 5 99.OVERSEAS
ELECTORS",General,Tamilaga Vettri Kazhagam,405,353,52,Dravida Munnetra Kazhagam,3,4,2,1,6,6,6,5,5.543710021321962,11,14.17910447761194,3.837953091684435,37.63326226012793,43.17697228144989,0.0,0.0,0.0,1.1727078891258,1
74,219,10,127,159,1,1,0,6,1,1,1,0,0,2,1,523,0,0,523,0,74,"Vel Vellasamy Middle School South Building, Keela Eral","1.Keelaieral (R.V) And (P) Keelaieral Block 4 , 2.Keelaieral (R.V) And
(P) Narkalikottai Block 6 , 3.Keelaieral (R.V) And (P) D.Arunachalapuram Block 7 99.OVERSEAS ELECTORS",General,All India Anna Dravida Munnetra Kazhagam,219,159,60,Tamilaga Vettri Kazhagam,1,4,3,2,6,6,8,5,11.47227533460803,6,41.87380497131931,1.912045889101339,24.282982791587,30.40152963671128,0.1912045889101338,0.1912045889101338,0.0,1.147227533460803,2
75,323,21,252,222,1,3,3,3,0,0,2,0,1,0,0,828,0,4,832,0,75,"Panchayat  Union Primary  School New Building, Ethilappanaickkanpatti","1.Ethilappanaickkanpatti (R.V) And (P) Ethilappanaickkanpatti ,
2.Manjanaickkanpatti (R.V) And (P) Kodangipatti , 3.Manjanaickkanpatti (R.V) And (P) Kovil Chinamma Naickkanpatti , 4.Manjanaickkanpatti (R.V) And (P) Bommulunaickkanpatti , 5.Manjanaickkanpatti (R.V) And (P) Arakamanaickkanpatti
99.OVERSEAS ELECTORS",General,All India Anna Dravida Munnetra Kazhagam,323,252,71,Dravida Munnetra Kazhagam,1,4,2,3,8,5,5,5,8.57487922705314,3,39.00966183574879,2.536231884057971,30.43478260869566,26.81159420289855,0.1207729468599034,0.3623188405797101,0.3623188405797101,0.3623188405797101,2
76,184,24,193,185,0,1,7,8,2,1,0,3,0,2,0,602,0,4,606,0,76,"Panchayat  Union Primary  School, Manjanaickkanpatti","1.Manjanaickkanpatti (R.V) And (P) Manjanaickkanpatti ,
2.Manjanaickkanpatti (R.V) And (P) Pulivadi Naickkanpatti , 3.Manjanaickkanpatti (R.V) And (P) Podinaickkanpatti 99.OVERSEAS ELECTORS",General,Dravida Munnetra Kazhagam,193,185,8,Tamilaga Vettri Kazhagam,3,4,1,2,8,7,6,5,1.32890365448505,8,30.56478405315615,3.986710963455149,32.05980066445183,30.73089700996678,0.0,0.1661129568106312,1.162790697674419,1.32890365448505,1
77,108,53,260,154,3,0,6,3,1,0,0,0,1,1,0,587,0,3,590,0,77,"Panchayat  Union Primary  School, Valampatti","1.Valampatti (R.V).Valampatti (P) Valampatti Block 3 , 2.Valampatti (R.V), Valampatti (P) Valempatti Block 4 99.OVERSEAS ELECTORS",General,Dravida Munnetra Kazhagam,260,154,106,Tamilaga Vettri Kazhagam,3,4,1,2,6,8,5,6,18.05792163543441,3,18.39863713798978,9.028960817717206,44.29301533219762,26.2350936967632,0.5110732538330494,0.0,1.022146507666099,0.5110732538330494,3
78,289,21,139,73,0,1,0,2,0,0,0,1,0,0,1,525,0,2,527,0,78,"Hindu Primary School,Thambapillaiyoorani D .
Shunmugapuram","1.D. shunmugapuram(R.V) And (P) D. shunmugapuram block 1 ,
2.D. Shunmugapuram(R.V) And (P) Vekampatti Block 2 99.OVERSEAS ELECTORS",General,All India Anna Dravida Munnetra Kazhagam,289,139,150,Dravida Munnetra Kazhagam,1,4,2,3,7,6,7,5,28.57142857142857,2,55.04761904761904,4.0,26.47619047619047,13.90476190476191,0.0,0.1904761904761905,0.0,0.3809523809523809,2
79,101,40,297,113,0,2,6,4,0,0,0,1,1,1,1,563,0,0,563,0,79,"Panchayat  Union Middle School, Athikinaru","1.D. Shunmugapuram (R.V) And (P) Aathikenar  Block 3 , 2.D.
Shunmugapuram (R.V) And (P) Kumarikulam Block 4 99.OVERSEAS ELECTORS",General,Dravida Munnetra Kazhagam,297,113,184,Tamilaga Vettri Kazhagam,3,4,1,2,8,7,5,6,32.68206039076377,4,17.93960923623446,7.104795737122557,52.75310834813499,20.07104795737123,0.0,0.3552397868561279,1.065719360568384,0.7104795737122558,3
80,161,21,293,160,0,55,0,7,3,0,1,0,2,0,0,697,0,5,702,0,80,"Community  Hall, Therku Bommaiyapuram","1.Podupatti (R.V) And (P) Podupatti Block 1 , 2.Podupatti (R.V) And
(P) North Bommiyapuram Block 2 , 3.Podupatti (R.V) And (P) Southu
Bommaiyapuram Block 3 , 4.Podupatti (R.V) And (P) Muthuramalingapuram Block 4 99.OVERSEAS ELECTORS",General,Dravida Munnetra Kazhagam,293,161,132,All India Anna Dravida Munnetra Kazhagam,2,5,1,3,7,4,7,6,18.93830703012912,7,23.09899569583931,3.012912482065997,42.03730272596843,22.95552367288379,0.0,7.890961262553802,0.0,1.004304160688666,3
81,199,66,242,176,0,17,4,10,0,1,0,1,3,3,1,714,0,9,723,0,81,"Panchayat  Union Middle School West Side, Pungavarnatham","1.Pungavarnatham (R.V) And (P) Pungavarnatham Block 1 ,
2.Pungavarnatham (R.V) And (P) Pungavarnatham Block 2 , 3.Pungavarnatham (R.V) And (P) Pungavarnatham Block 3 , 4.Pungavarnatham (R.V) And (P) Subramaniapuram Block 4 , 5.Pungavarnatham (R.V) And (P) LakammalDevi Block 5 99.OVERSEAS ELECTORS",General,Dravida Munnetra Kazhagam,242,199,43,All India Anna Dravida Munnetra Kazhagam,2,4,1,3,8,5,7,6,6.022408963585434,10,27.87114845938375,9.243697478991598,33.89355742296919,24.64985994397759,0.0,2.380952380952381,0.5602240896358543,1.400560224089636,1
82,162,74,239,252,0,2,1,3,0,1,0,0,0,2,0,733,0,4,737,0,82,"Hindu Nadar  Kamaraj Elementry School Main Building, Cholapuram , Cholapuram","1.Cholapuram (R.V) And (P) Cholapuram Block 1 , 2.Cholapuram (P)
Cholapuram Block 2 , 3.Cholapuram (R.V) And (P) Cholapuram Block 3 , 4.Cholapuram (R.V) And (P) Cholapuram Block 4 99.OVERSEAS ELECTORS",General,Tamilaga Vettri Kazhagam,252,239,13,Dravida Munnetra Kazhagam,3,4,2,1,8,6,7,5,1.773533424283765,3,22.10095497953615,10.09549795361528,32.60572987721692,34.37926330150069,0.0,0.2728512960436562,0.1364256480218281,0.4092769440654843,1
83,262,62,245,149,0,3,9,1,0,0,0,0,0,0,1,731,0,6,737,0,83,"Panchayat  Union Primary  School, Vellakkovil Thalavaipuram","1.Kannkatti (R.V) And (p) Kannkatti Block 1 , 2.Kannkatti (R.V) And
(P) Kannkatti Block 2 , 3.Kannkatti (R.V) And (P) VelaikovilThalavaipuram Block 3 99.OVERSEAS ELECTORS",General,All India Anna Dravida Munnetra Kazhagam,262,245,17,Dravida Munnetra Kazhagam,1,4,2,3,8,6,5,7,2.325581395348837,1,35.84131326949385,8.481532147742818,33.515731874145,20.38303693570452,0.0,0.4103967168262654,1.231190150478796,0.1367989056087551,2
84,149,5,127,65,2,0,0,0,0,0,0,0,0,0,0,348,0,2,350,0,84,"Indra Nehru Primary School Main Building, Kumareddiyapuram","1.Kumareddeyapuram (R.V) And ( P) Kumareddeyapuram Block 1 ,
2.Kumareddeyapuram (R.V) And (P) Kumareddeyapuram Block 2 99.OVERSEAS ELECTORS",General,All India Anna Dravida Munnetra Kazhagam,149,127,22,Dravida Munnetra Kazhagam,1,4,2,3,5,6,6,6,6.321839080459771,0,42.81609195402299,1.436781609195402,36.49425287356322,18.67816091954023,0.5747126436781609,0.0,0.0,0.0,2
85,210,61,333,299,1,17,36,3,0,0,0,1,0,0,0,960,0,2,962,0,85,"Hindu Primary  School, Meenachipuram","1.Meenachipuram (R.V) And (P) Meenachipuram Block 1 ,
2.Meenachipuram (R.V) And (P) Meenachipuram Block 2 , 3.Meenachipuram (R.V) And (P) Vitilapuram Block 3 , 4.Meenachipuram (R.V) And (P) K. Duraisamypuram Block 4
99.OVERSEAS ELECTORS",General,Dravida Munnetra Kazhagam,333,299,34,Tamilaga Vettri Kazhagam,3,4,1,2,8,6,5,7,3.541666666666667,3,21.875,6.354166666666666,34.6875,31.14583333333333,0.1041666666666667,1.770833333333333,3.75,0.3125,1
86,145,45,194,199,1,4,0,2,0,0,0,0,0,2,0,590,0,2,592,0,86,"Panchayat  Union Primary  School South Block, Pasuvanthanai","1.Pasuvanthanai (R.V) And (P) North car  street Block 1 ,
2.Pasuvanthanai (R.V) And (P) Sannathi Street Block 1 , 3.Pasuvanthanai (R.V) And(P) Pillaiar  Kovil Street Block 1 , 99.OVERSEAS ELECTORS",General,Tamilaga Vettri Kazhagam,199,194,5,Dravida Munnetra Kazhagam,3,4,2,1,7,5,8,6,0.847457627118644,2,24.57627118644068,7.627118644067797,32.88135593220339,33.72881355932203,0.1694915254237288,0.6779661016949152,0.0,0.3389830508474576,1
87,82,37,236,101,0,4,17,6,0,1,0,2,0,1,1,483,0,1,484,0,87,"Panchayat  Rural employment  Service center, Pasuvanthanai","4.Pasuvanthanai (R.V) And (P) North Kailasapuram Block 2 , 5.Pasuvanthanai (R.V) And (P) South Kailasapuram Block 2
99.OVERSEAS ELECTORS",General,Dravida Munnetra Kazhagam,236,101,135,Tamilaga Vettri Kazhagam,3,4,1,2,8,7,5,6,27.95031055900621,6,16.97722567287785,7.660455486542443,48.86128364389234,20.91097308488613,0.0,0.8281573498964804,3.519668737060042,1.24223602484472,3
88,143,69,265,248,0,2,0,2,0,0,0,0,0,0,1,729,0,2,731,0,88,"Panchayat  Union Primary  School East Side Building, Pasuvanthanai","1.Pasuvanthanai (R.V) And (P) Pasuvanthanai Block 2 , 2.Pasuvanthanai (R.V) And (P) Pasuvanthanai Block 3 99.OVERSEAS
ELECTORS",General,Dravida Munnetra Kazhagam,265,248,17,Tamilaga Vettri Kazhagam,3,4,1,2,7,5,7,5,2.331961591220851,2,19.6159122085048,9.465020576131687,36.35116598079561,34.01920438957476,0.0,0.2743484224965706,0.0,0.2743484224965706,1
89,91,47,204,166,0,0,3,4,0,0,0,0,1,2,1,515,0,2,517,0,89,"Panchayat  Union Primary  School North
Side,Pasuvanthanai","1.Pasuvanthanai (R.V) And (P) Pasuvanthanai Block 4 99.OVERSEAS
ELECTORS",General,Dravida Munnetra Kazhagam,204,166,38,Tamilaga Vettri Kazhagam,3,4,1,2,7,7,6,5,7.378640776699029,4,17.66990291262136,9.12621359223301,39.6116504854369,32.23300970873787,0.0,0.0,0.5825242718446602,0.7766990291262136,3
90,322,63,256,214,0,15,0,5,1,0,0,1,2,1,0,875,0,4,879,0,90,"Panchayat  Union Primary  School,
Nagampatti","1.Nagampatti (R.V) And (P) Nagampatti Block 1 , 2.Nagampatti
(R.V)And (P) Nagampatti Block 2 99.OVERSEAS ELECTORS",General,All India Anna Dravida Munnetra Kazhagam,322,256,66,Dravida Munnetra Kazhagam,1,4,2,3,7,5,7,6,7.542857142857143,5,36.8,7.199999999999999,29.25714285714286,24.45714285714286,0.0,1.714285714285714,0.0,0.5714285714285714,2
91,322,23,173,132,0,4,1,1,0,0,0,0,0,0,0,656,0,1,657,0,91,"Panchayat  Union Primary  School West Side, Jampulingapuram","1.Kuthiraikulam (R.V) And (P) Kuthiraikulam block 1 ,
2.Kuthiraikulam (R.V) And (P) Kumareddyapuram Block 2 , 3.Kuthiraikulam (R.V) And (P) Jambulingapuram Block 3 99.OVERSEAS ELECTORS",General,All India Anna Dravida Munnetra Kazhagam,322,173,149,Dravida Munnetra Kazhagam,1,4,2,3,8,5,6,6,22.71341463414634,1,49.08536585365854,3.50609756097561,26.3719512195122,20.1219512195122,0.0,0.6097560975609756,0.1524390243902439,0.1524390243902439,2
92,103,22,124,94,0,2,11,3,0,0,0,0,1,2,0,359,0,0,359,0,92,"Muthukaruppan.Hr  Sec School South Building East  Side I  st Room,
Subbammalpuram","1.Subbammalpuram (R.V), Sillankulam (P) Sillankulam Block 1 , 2.Subbammalpuram (R.V), Silankulam(P) Subbammalpuram Block 2
99.OVERSEAS ELECTORS",General,Dravida Munnetra Kazhagam,124,103,21,All India Anna Dravida Munnetra Kazhagam,2,4,1,3,8,7,5,6,5.849582172701949,3,28.6908077994429,6.128133704735376,34.54038997214484,26.18384401114206,0.0,0.5571030640668524,3.064066852367688,0.8356545961002786,1
93,228,30,337,93,0,4,28,8,0,0,1,2,1,2,1,728,0,3,731,0,93,"Muthukaruppan.Hr  Sec School South Building West Side I  st Room,
Subbammalpuram","1.Subbammalpuram (R.V), Sillankulam (P) O.Saravanapuram Block 3
, 2.Subbammalpuram (R.V), Sillankulam (P) Paraman pachiery  Block 4 99.OVERSEAS ELECTORS",General,Dravida Munnetra Kazhagam,337,228,109,All India Anna Dravida Munnetra Kazhagam,2,4,1,3,8,7,5,6,14.97252747252747,8,31.31868131868132,4.12087912087912,46.2912087912088,12.77472527472527,0.0,0.5494505494505495,3.846153846153846,1.098901098901099,3
94,238,67,309,270,2,12,18,9,1,0,4,1,2,0,1,925,0,8,933,0,94,"Panchayat  Union Middle School, Keelamangalam","1.Keelamangalam (R.V) And (P) Keelamangalam Block 1 ,
2.Keelamangalam (R.V) And (P) Keelamangalam Block 2 , 3.Keelamangalam (R.V) And (P) Kuppanapuram Block 3 99.OVERSEAS ELECTORS",General,Dravida Munnetra Kazhagam,309,270,39,Tamilaga Vettri Kazhagam,3,4,1,2,8,6,5,7,4.216216216216216,9,25.72972972972973,7.243243243243243,33.4054054054054,29.18918918918919,0.2162162162162162,1.297297297297297,1.945945945945946,0.9729729729729729,1
95,177,43,285,133,0,3,19,0,0,0,0,0,0,0,0,660,0,0,660,0,95,"Panchayat  Union Primary  School Main Building, Melamangalam","1.Keelamangalam (R.V) And (P) Melamangalam Block 5 ,
2.Keelamangalam (R.V) And (P) KappikulamBlock 6 99.OVERSEAS ELECTORS",General,Dravida Munnetra Kazhagam,285,177,108,All India Anna Dravida Munnetra Kazhagam,2,4,1,3,7,6,5,7,16.36363636363636,0,26.81818181818182,6.515151515151516,43.18181818181818,20.15151515151515,0.0,0.4545454545454545,2.878787878787879,0.0,3
96,131,30,158,151,0,1,1,0,0,0,0,0,0,0,0,472,0,2,474,0,96,"St.  Joseph Primary  School,Main Building, West Room, Keelamudiman","1.KeelaMudiman (R.V) And (P) KeelaMudiman Block 1 ,
2.KeelaMudiman (R.V) And (P) KeelaMudimanBlock 2 , 999.OVERSEAS ELECTORS",General,Dravida Munnetra Kazhagam,158,151,7,Tamilaga Vettri Kazhagam,3,4,1,2,7,5,5,7,1.483050847457627,0,27.75423728813559,6.35593220338983,33.47457627118644,31.99152542372881,0.0,0.211864406779661,0.211864406779661,0.0,1
97,101,23,150,126,1,0,11,4,0,1,0,1,0,0,1,416,0,0,416,0,97,"St.  Joseph Primary  School,Main Building, South Room, Keelamudiman","1.KeelaMudiman (R.V) And (P) KeelaMudiman Block 3 , 2.KeelaMudiman (R.V) And (P) KeelaMudiman Block 5
999.OVERSEAS ELECTORS",General,Dravida Munnetra Kazhagam,150,126,24,Tamilaga Vettri Kazhagam,3,4,1,2,7,8,5,6,5.769230769230769,4,24.27884615384615,5.528846153846153,36.05769230769231,30.28846153846154,0.2403846153846154,0.0,2.644230769230769,0.9615384615384616,1
98,133,33,167,130,0,7,3,4,0,0,1,1,0,0,1,477,0,3,480,0,98,"St.  Joseph Primary  School,Main Building,Central Portion, Keelamudiman","1.KeelaMudiman (R.V) And (P) MelaMudiman Block 6 ,
2.KeelaMudiman (R.V) And (P) MelaMudiman Block 7 , 3.KeelaMudiman (R.V) And (P) Melamudiman Block 8 99.OVERSEAS
ELECTORS",General,Dravida Munnetra Kazhagam,167,133,34,All India Anna Dravida Munnetra Kazhagam,2,4,1,3,8,5,7,6,7.127882599580712,4,27.88259958071279,6.918238993710692,35.0104821802935,27.25366876310272,0.0,1.467505241090147,0.628930817610063,0.8385744234800839,1
99,166,16,130,74,0,0,0,0,0,0,0,0,0,0,0,386,0,2,388,0,99,"St.  Joseph Primary  School, Western Building Hall, Keelamudiman","1.P. Duraisamypuram (R.V) And (P) North Street Block 1 , 2.P.
Duraisamypuram (R.V) And (P) East  Street Block 1 , 3.P.Duraisamypuram (R.V) And (P) West Street Block 1 , 4.P.Duraisamypuram (R.V) And (P) Matathu Street Block 1 , 5.P.Duraisamypuram (R.V) And (P) South Street Block 1 , 6.P.Duraisamypuram (R.V) And (P) Middle Street Block 1 , 7.P.Duraisamypuram (R.V) And (P) M.vengadesawarapuram North Street Block 2 , 8.P.Duraisamypuram (R.V) And (P) M.vengadeswarapuram West Street Block 2 , 9.P.Duraisamypuram (R.V) And (P) M.vengadeswarapuram Mariamman Kovil Street Block 2
, 10.P.Duraisamypuram (R.V) And (P) M.vengadeswarapuram East Street Block 2 , 11.P.Duraisamypuram (R.V) And (P) M.Vengedeswarapuram South Street Block 2 99.OVERSEAS",General,All India Anna Dravida Munnetra Kazhagam,166,130,36,Dravida Munnetra Kazhagam,1,4,2,3,5,5,5,5,9.32642487046632,0,43.00518134715026,4.145077720207254,33.67875647668394,19.17098445595855,0.0,0.0,0.0,0.0,2
100,140,77,241,173,0,2,25,3,1,0,0,1,0,0,0,661,0,2,663,0,100,"B.F.M. Primary  School, North Portion East side, Vellaram","1.Vellaram (R.V) And (P) Vellaram North street Block 1 , 2.Vellaram (R.V) And (P) Vellaram East Street Block 3 999.OVERSEAS
ELECTORS",General,Dravida Munnetra Kazhagam,241,173,68,Tamilaga Vettri Kazhagam,3,4,1,2,8,7,5,6,10.2874432677761,3,21.18003025718608,11.64901664145235,36.45990922844176,26.17246596066566,0.0,0.302571860816944,3.7821482602118,0.453857791225416,0
101,111,22,126,119,0,1,1,3,1,1,0,0,1,0,0,383,0,0,383,0,101,"B.F.M. Primary  School, North Portion,
West  Side, Vellaram","1.Vellaram (R.V) And (P) Vellaram South Street Block 2
,999.OVERSEAS ELECTORS",General,Dravida Munnetra Kazhagam,126,119,7,Tamilaga Vettri Kazhagam,3,4,1,2,8,6,6,5,1.827676240208877,3,28.98172323759791,5.744125326370757,32.89817232375979,31.07049608355091,0.0,0.2610966057441254,0.2610966057441254,0.7832898172323759,1
102,251,90,312,224,0,4,76,3,1,0,0,1,0,1,0,960,0,2,962,0,102,"T.D.T.A Middle School Main Building, Katcherithalavaipuram","1.KachieryThalavaipuram (R.V) And (P) KachieryThalavaipuram Block 1 , 2.KachiseryThalavaipuram (R.V) And (P) KachieryThalavaipuram Block 2 , 3.KachieryThalavaipuram (R.V) And (P) KachieryThalavaipuram Block 3 , 4.Kachiery  Thalavaipuram (R.V) And (P) Kachiery  Thalavaipuram Block 4 99.OVERSEAS ELECTORS",General,Dravida Munnetra Kazhagam,312,251,61,All India Anna Dravida Munnetra Kazhagam,2,4,1,3,8,6,5,7,6.354166666666666,3,26.14583333333334,9.375,32.5,23.33333333333333,0.0,0.4166666666666667,7.916666666666666,0.3125,0
103,135,45,259,196,7,1,12,3,1,0,0,0,0,1,1,658,0,2,660,0,103,"TNTDA Primary  School, New building South Portion Kakkarampatti","1.Kurukkusalai (R.V) And (P) S.kumarapuram Block 6 ,
2.Kurukkusalai (R.V) And (P) K.Velauthapuram Block 7 , 3.Kurukkusalai (R.V) And (P) Ramachandrapuram Block 8 99.OVERSEAS ELECTORS",General,Dravida Munnetra Kazhagam,259,196,63,Tamilaga Vettri Kazhagam,3,4,1,2,6,8,5,7,9.574468085106384,3,20.51671732522796,6.838905775075988,39.36170212765958,29.78723404255319,1.063829787234043,0.1519756838905775,1.82370820668693,0.4559270516717325,1
104,98,38,212,132,1,0,6,3,0,1,0,1,0,0,0,490,0,1,491,0,104,"TNTDA Primary  School, New building North Portion Kakkarampatti","1.Kurukkusalai (R.V) And (P) Kakarampatti Block 9 , 2.Kurukkusalai (R.V) And (P) Kila meanachipuram Block 10 99.OVERSEAS
ELECTORS",General,Dravida Munnetra Kazhagam,212,132,80,Tamilaga Vettri Kazhagam,3,4,1,2,7,8,5,6,16.3265306122449,3,20.0,7.755102040816326,43.26530612244898,26.93877551020408,0.2040816326530612,0.0,1.224489795918367,0.6122448979591837,3
105,165,62,237,217,1,0,8,1,0,0,0,0,0,0,0,691,0,4,695,0,105,"Hindu Primary  School South Building,
Chandragiri","1.Chandrageri (R.V) And (P) Chandrageri Block 1 , 2.Chandrageri
(R.V) And (P) Chandrageri Block 2 99.OVERSEAS ELECTORS",General,Dravida Munnetra Kazhagam,237,217,20,Tamilaga Vettri Kazhagam,3,4,1,2,6,8,5,6,2.894356005788712,1,23.87843704775687,8.972503617945007,34.29811866859624,31.40376266280753,0.1447178002894356,0.0,1.157742402315485,0.1447178002894356,1
106,111,74,101,98,0,0,0,2,0,0,0,0,1,1,0,386,0,0,386,0,106,T. D.  T. A. Primary School Melaseithalai,"1.Jegaveerapandiapuram (R.V) And (P) Melasayethalai Block 1 ,
2.Jegaveerapandiapuram (R.V) And (P) Melasayethalai Block 2 99.OVERSEAS ELECTORS",General,All India Anna Dravida Munnetra Kazhagam,111,101,10,Dravida Munnetra Kazhagam,1,4,2,3,6,6,6,5,2.590673575129534,2,28.75647668393783,19.17098445595855,26.16580310880829,25.38860103626943,0.0,0.0,0.0,0.5181347150259068,0
107,115,41,289,197,0,0,2,8,0,0,1,1,1,2,2,652,0,2,654,0,107,"Panchayat  Union Middle School, Keelaseithalai","1.Chandrageri (R.V) And (P) Keelasaythalai block 3 , 2.Chandrageri (R.V) And (P) Keelasayethalai Block 499.OVERSEAS ELECTORS",General,Dravida Munnetra Kazhagam,289,197,92,Tamilaga Vettri Kazhagam,3,4,1,2,7,7,6,5,14.11042944785276,8,17.63803680981595,6.288343558282208,44.32515337423312,30.21472392638037,0.0,0.0,0.3067484662576687,1.226993865030675,3
108,140,20,136,186,2,0,6,4,0,1,0,0,1,0,1,494,0,2,496,0,108,"Hindu Primary  School New Building, Jegaveerapandiapuram","1.Jegaveerapandiapuram (R.V) And (P) Aruthathiyar  Block 3 ,
2.Jegaveerapandiapuram (R.V) And (P) North Street Block 3 , 3.Jegaveerapandiyapuram (R.V) And(P) South Street Block 3 , 4.Jegaveerapandiyapuram (R.V) And (P) West Street Block 3 , 5.Jegaveerapandiyapuram (R.V) And(P) K.Subramaniyapuram North Block 4 , 6.Jegaveerapandiyapuram (R.V) And (P) K.Subramaniyapuram South Block 4 99.OVERSEAS ELECTORS",General,Tamilaga Vettri Kazhagam,186,140,46,All India Anna Dravida Munnetra Kazhagam,2,4,3,1,7,8,5,6,9.31174089068826,4,28.34008097165992,4.048582995951417,27.53036437246963,37.65182186234818,0.4048582995951417,0.0,1.214574898785425,0.8097165991902834,1
109,185,43,153,169,2,5,1,3,0,0,0,0,1,0,1,561,0,2,563,0,109,"Natarajam Higher  Sec. School South Building East  Portion
,Kattunayackanpatti","1.Kattunaickkan patti (R.V) And (P) Kattunaickkan patti Block 1 , 2.Kattunaickkan patti (R.V) And (P) Kattunaickkan patti Block 2 ,
99.OVERSEAS ELECTORS",General,All India Anna Dravida Munnetra Kazhagam,185,169,16,Tamilaga Vettri Kazhagam,1,4,3,2,7,5,8,6,2.85204991087344,3,32.97682709447415,7.66488413547237,27.27272727272727,30.12477718360071,0.35650623885918,0.8912655971479502,0.17825311942959,0.53475935828877,1
110,106,76,226,150,1,0,10,2,0,0,0,0,1,0,1,571,0,1,572,0,110,"Natarajam Higher  Sec. School South Building West Portion
,Kattunayackanpatti","1.Kattunaickkan patti (R.V) And (P) Kattunaickkan patti Block 3 ,
2.Kattunaickkan patti (R.V) And (P) Kattunaickkan patti Block 4 , 3.Kattunaicken patti (R.V) And (P) Kattunaicken patti Block 5 , 99.OVERSEAS ELECTORS",General,Dravida Munnetra Kazhagam,226,150,76,Tamilaga Vettri Kazhagam,3,4,1,2,7,8,5,6,13.30998248686515,2,18.56392294220665,13.30998248686515,39.57968476357268,26.26970227670753,0.1751313485113835,0.0,1.751313485113835,0.3502626970227671,3
111,143,28,311,252,1,31,2,5,0,0,0,1,1,2,1,773,0,2,775,0,111,"Hindu Nadar  Middle School South Side,
Athanur","1.Athanoor  (R.V) And (P) Athanoor  Block 1 , 2.Athanoor  (R.V) And (P)
Athanoor  Block 3 99.OVERSEAS ELECTORS",General,Dravida Munnetra Kazhagam,311,252,59,Tamilaga Vettri Kazhagam,3,5,1,2,8,4,7,6,7.632600258732213,5,18.4993531694696,3.622250970245795,40.23285899094437,32.60025873221216,0.129366106080207,4.010349288486417,0.258732212160414,0.646830530401035,3
112,185,41,282,145,1,3,29,5,1,0,1,0,0,0,0,691,0,0,691,0,112,"Hindu Nadar  Middle School Western
Block, Athanur","1.Athanoor  (R.V) And (P) Athanoor  Block 2 , 2.Athanoor  (R.V) And (P)
Milakunatham Block 4 99.OVERSEAS ELECTORS",General,Dravida Munnetra Kazhagam,282,185,97,All India Anna Dravida Munnetra Kazhagam,2,4,1,3,8,7,5,6,14.03762662807525,5,26.77279305354558,5.933429811866859,40.81041968162084,20.98408104196816,0.1447178002894356,0.4341534008683068,4.196816208393632,0.723589001447178,3
113,151,39,284,307,0,4,3,4,1,0,1,0,2,0,0,792,0,1,793,0,113,"Panchayat  Union Primary  School West side New building West portion
Eppothumventran","1.Eppothumventran (R.V) And (P) Eppothumventran Block 1 , 2.Eppothumventran (R.V) And (P) Eppothumventran Block 2
99.OVERSEAS ELECTORS",General,Tamilaga Vettri Kazhagam,307,284,23,Dravida Munnetra Kazhagam,3,4,2,1,8,5,7,5,2.904040404040404,4,19.06565656565657,4.924242424242424,35.85858585858585,38.76262626262626,0.0,0.5050505050505051,0.3787878787878788,0.5050505050505051,1
114,117,85,156,262,1,0,48,4,0,1,1,1,1,0,0,673,0,3,676,0,114,"Panchayat  Union Primary  School West
side New building East  portion Eppothumventran","1.Eppothumventran (R.V) And (P) Eppothumventran Block 5, Door No: 1 to 5, 999.OVERSEAS ELECTORS",General,Tamilaga Vettri Kazhagam,262,156,106,Dravida Munnetra Kazhagam,3,4,2,1,7,8,5,6,15.75037147102526,4,17.38484398216939,12.63001485884101,23.17979197622585,38.93016344725112,0.1485884101040119,0.0,7.13224368499257,0.5943536404160475,0
115,139,23,146,79,0,0,19,10,2,0,0,1,1,3,2,416,0,2,418,0,115,"Panchayat  Union Primary  School East
side New building East  portion Eppothumventran","1.Eppothumventran (R.V) And (P) Eppothumventran Block 5, above Door  No: 6 999.OVERSEAS ELECTORS",General,Dravida Munnetra Kazhagam,146,139,7,All India Anna Dravida Munnetra Kazhagam,2,4,1,3,7,7,5,6,1.682692307692308,10,33.41346153846153,5.528846153846153,35.09615384615385,18.99038461538461,0.0,0.0,4.567307692307692,2.403846153846154,0
116,105,49,255,211,0,8,2,9,1,1,1,4,1,0,1,639,0,6,645,0,116,"Panchayat  Union Primary  School East side New building, West Portion Eppothumventran","1.Eppothumventran (R.V) And (P) Eppothumventran Block 3
2.Eppothumventran (R.V) And (P) Eppothumventran Block 4 , 3.Eppothumventran (R.V) And (P) Eppothumventran Block 6 , 4.Eppothumventran (R.V) And (P) Kalukasapuram Block 7 99.OVERSEAS ELECTORS",General,Dravida Munnetra Kazhagam,255,211,44,Tamilaga Vettri Kazhagam,3,4,1,2,8,6,7,5,6.885758998435055,9,16.43192488262911,7.668231611893583,39.90610328638498,33.02034428794992,0.0,1.251956181533646,0.3129890453834116,1.408450704225352,1
117,159,47,237,123,0,0,5,8,0,1,1,0,0,4,1,579,0,2,581,0,117,"Panchayat  Union Middle School, Sakkammalpuram","1.Sakammalpuram (R.V) And (P) Sakammalpuram West Street Block
1 , 2.Sakammalpuram (R.V) And (P) Sakammalpuram East Street Block 2 99.OVERSEAS ELECTORS",General,Dravida Munnetra Kazhagam,237,159,78,All India Anna Dravida Munnetra Kazhagam,2,4,1,3,7,7,6,5,13.47150259067358,8,27.46113989637306,8.117443868739207,40.93264248704664,21.24352331606218,0.0,0.0,0.8635578583765112,1.381692573402418,3
118,133,36,281,161,0,0,0,4,0,0,0,0,0,4,0,615,0,1,616,0,118,"R.C.  Primary School West Side, Bommaiahpuram","1.Sakammalpuram (R.V) And (P) Bommaiapuram block 3 , 2.Sakammalpuram (R.V) And (P) Bommaiyapuram Block 4
99.OVERSEAS ELECTORS",General,Dravida Munnetra Kazhagam,281,161,120,Tamilaga Vettri Kazhagam,3,4,1,2,6,6,6,5,19.51219512195122,4,21.6260162601626,5.853658536585367,45.6910569105691,26.17886178861789,0.0,0.0,0.0,0.6504065040650406,3
119,156,14,163,122,0,0,0,2,0,0,0,0,0,2,0,457,0,3,460,0,119,"Panchayat  Union Primary  School South Portion, Veerapandiapuram","1.Veerapandiyapuram (R.V) And (P) Veerapandiyapuram Block 1 , 2.Veerapandiyapuram (R.V) And (P) Veerapandiyapuram Block 2
99.OVERSEAS ELECTORS",General,Dravida Munnetra Kazhagam,163,156,7,All India Anna Dravida Munnetra Kazhagam,2,4,1,3,6,6,6,5,1.531728665207877,2,34.13566739606127,3.063457330415755,35.66739606126914,26.69584245076587,0.0,0.0,0.0,0.437636761487965,1
120,172,7,90,24,0,0,0,1,0,0,0,0,0,1,0,294,0,3,297,0,120,"Panchayat  Union Primary  School, T. Subbiahpuram","1.T. Subbiahpuram (R.V) And (P) T. Subbiahpuram Block 1 , 2.T.
Subbiahpuram (R.V) And (P) T. Subbiahpuram Block 2 , 3.T. Subbiahpuram (R.V) And (P) Uoochimaychiyapuram Block 3 99.OVERSEAS ELECTORS",General,All India Anna Dravida Munnetra Kazhagam,172,90,82,Dravida Munnetra Kazhagam,1,4,2,3,6,6,6,5,27.89115646258503,1,58.50340136054422,2.380952380952381,30.61224489795918,8.16326530612245,0.0,0.0,0.0,0.3401360544217687,2
121,135,52,157,81,0,16,7,2,0,0,0,0,0,2,0,450,0,2,452,0,121,"St.  Antonyar  Primary  School New Building South Portion,, Marthandampatti","1.Marthandanpatti (R.V) And (P) Marthandanpatti Block 1 ,
2.Marthandanpatti (R.V) And (P) Marthandanpatti Block 2 , 3.Marthandanpatti (R.V) And (P) Marthandanpatti Block 3 99.OVERSEAS ELECTORS",General,Dravida Munnetra Kazhagam,157,135,22,All India Anna Dravida Munnetra Kazhagam,2,4,1,3,8,5,6,7,4.888888888888889,2,30.0,11.55555555555556,34.88888888888889,18.0,0.0,3.555555555555555,1.555555555555556,0.4444444444444444,0
122,127,18,98,124,0,3,2,5,0,0,0,0,1,0,3,377,0,0,377,0,122,"Panchayat  Union Primary  School, K.Kumarapuram","1.Marthandanpatti (R.V), Ayansengalpadai (P) Ayansengalpadai Block 1 , 2.Marthandanpatti (R.V), Ayansengalpadai (P) K. KUmarapuram
Block 5 99.OVERSEAS ELECTORS",General,All India Anna Dravida Munnetra Kazhagam,127,124,3,Tamilaga Vettri Kazhagam,1,4,3,2,8,6,7,5,0.7957559681697612,5,33.68700265251989,4.774535809018567,25.9946949602122,32.89124668435014,0.0,0.7957559681697612,0.5305039787798408,1.326259946949602,1
123,233,95,263,229,3,83,7,7,2,1,0,2,0,2,0,920,0,1,921,0,123,"Panchayat  Union Primary  School, Meenachipuram","1.Manthikulam (R.V) And (P) Manthikulam Block 1 , 2.Manthikulam (R.V) And (P) Meenachipuram Block 6 , 3.Kottanatham (R.V), Manthikulam(P) Kottanatham Block 6 99.OVERSEAS ELECTORS",General,Dravida Munnetra Kazhagam,263,233,30,All India Anna Dravida Munnetra Kazhagam,2,4,1,3,8,5,6,6,3.260869565217391,7,25.32608695652174,10.32608695652174,28.58695652173913,24.89130434782609,0.3260869565217391,9.021739130434783,0.7608695652173914,0.7608695652173914,1
124,271,38,236,206,0,1,5,15,1,8,1,1,0,1,2,772,0,4,776,0,124,Panchayat  Union Primary  School New building Vallinayagipuram,"1.Marthandanpatti (R.V), Vallinayagapuram (P) Vallinayagapuram
Block 1 , 2.Marthandanpatti (R.V), Vallinayagapuram (P) Venkateshwarapuram Block 2 , 3.Marthandanpatti (R.V), Vallinayagipuram (P) Arunachalapuram Block 3 99.OVERSEAS ELECTORS",General,All India Anna Dravida Munnetra Kazhagam,271,236,35,Dravida Munnetra Kazhagam,1,4,2,3,8,7,6,5,4.533678756476684,15,35.10362694300518,4.922279792746114,30.5699481865285,26.6839378238342,0.0,0.1295336787564767,0.6476683937823834,1.94300518134715,1
125,269,41,184,77,0,1,0,3,0,0,0,0,0,1,1,575,0,4,579,0,125,"Panchayat  Union Primary  School East building, Namasivayapuram","1.Namsivayapuram (R.V) And (P) Namsivayapuram Block 1 , 2.Namsivayapuram (R.V) And (P) K. Duraisamypuram Block 2
99.OVERSEAS ELECTORS",General,All India Anna Dravida Munnetra Kazhagam,269,184,85,Dravida Munnetra Kazhagam,1,4,2,3,7,6,7,5,14.78260869565217,3,46.78260869565217,7.130434782608695,32.0,13.39130434782609,0.0,0.1739130434782609,0.0,0.5217391304347827,2
126,353,48,319,237,0,8,0,7,2,1,0,0,1,3,0,972,0,4,976,0,126,"Govt  Higher  Sec. School Three classes Room Building, Middle Portion Sivaganapuram","1.Sivaganapuram (R.V) And (P) Sivaganapuram Block 1 ,
2.Sivaganapuram (R.V) And (P) Sivaganapuram Block 2 , 3.Sivaganapuram (R.V) And (P) Sivaganapuram Block 3 , 4.Sivaganapuram (R.V) And (P) A. Lakshmipuram Block 4 99.OVERSEAS ELECTORS",General,All India Anna Dravida Munnetra Kazhagam,353,319,34,Dravida Munnetra Kazhagam,1,4,2,3,7,5,7,6,3.497942386831276,7,36.31687242798354,4.938271604938271,32.81893004115226,24.38271604938272,0.0,0.823045267489712,0.0,0.720164609053498,2
127,237,27,183,172,1,3,2,5,0,0,1,2,0,1,1,630,0,0,630,0,127,"Panchayat  Union Primary  School New Building, K.Kumareddiapuram","1.K. kumareddyapuram (R.V) And (P) K. Kumareddyapuram Block 1 ,
2.K. Kumareddyapuram (R.V) And (P) Jegaveerapuram Block 4 , 3.K. Kumareddyapuram (R.V), A. Subramaniyapuram (P) P. Shunmugapuram Block 2 , 4.A. Subramaniyapuram (R.V), K. Kumareddyapuram (P) Inam Subramaniyapuram Block 1
99.OVERSEAS ELECTORS",General,All India Anna Dravida Munnetra Kazhagam,237,183,54,Dravida Munnetra Kazhagam,1,4,2,3,8,6,7,5,8.571428571428571,5,37.61904761904762,4.285714285714286,29.04761904761905,27.3015873015873,0.1587301587301587,0.4761904761904762,0.3174603174603174,0.7936507936507936,2
128,190,29,166,53,1,0,0,2,0,0,0,0,0,2,0,441,0,1,442,0,128,"Panchayat  Union Primary  School. New building East  Portion, A.Velayuthapuram",1.K. Kumareddyapuram (R.V) And (P) A. velauthapuram Block 2 99.OVERSEAS ELECTORS,General,All India Anna Dravida Munnetra Kazhagam,190,166,24,Dravida Munnetra Kazhagam,1,4,2,3,6,7,7,5,5.442176870748299,2,43.08390022675737,6.575963718820861,37.64172335600907,12.01814058956916,0.2267573696145125,0.0,0.0,0.453514739229025,2
129,109,19,114,97,0,12,122,8,1,0,1,2,0,1,2,481,0,2,483,0,129,"Hindu Nadar  Satthira Middle School North Side Building, Arunkulam","1.Arunkulam (R.V) And (P) Arunkulam Block 1 , 2.Arunkulam (R.V)
And (P) Arunkulam Block 2 , 3.Arunkulam (R.V) And (P) Akilandapuram Block 3 , 4.Arunkulam (R.V) And (P) Srirengapuram Block 4 99.OVERSEAS ELECTORS",General,Puthiya Tamilagam,122,114,8,Dravida Munnetra Kazhagam,3,5,2,4,8,6,1,7,1.663201663201663,8,22.66112266112266,3.950103950103951,23.7006237006237,20.16632016632017,0.0,2.494802494802495,25.36382536382537,1.663201663201663,0
130,275,43,254,190,0,6,1,9,1,2,0,1,0,3,0,778,0,4,782,0,130,Hindu Primary  School Vellaiammalpuram,"1.Velaiammalpuram (R.V) And (P) Velaiammalpuram Block 1 ,
2.Coothaluorani (R.V), Velaiammalpuram (P) Coothaluorani Block 2 , 3.S.Kumaragiri (R.V), Vellaiammalpuram (P) S.Kumaragiri Block 3 99.OVERSEAS ELECTORS",General,All India Anna Dravida Munnetra Kazhagam,275,254,21,Dravida Munnetra Kazhagam,1,4,2,3,8,6,7,5,2.699228791773779,9,35.34704370179949,5.526992287917738,32.64781491002571,24.42159383033419,0.0,0.7712082262210797,0.1285347043701799,1.156812339331619,1
131,212,53,177,141,1,7,0,5,1,1,0,0,1,1,0,596,0,1,597,0,131,"Panchayat  Union Primary  School New Building, Zaminsengalpadai","1.Jaminsengalpadai (R.V) And (P) Jaminsengalpadai block 1 ,
2.Jaminsengalpadai (R.V) And(P) Kandasamipuram Block 2 , 3.Jaminsengalpadai (R.V) And (P) Jegaveerapuram Block 3 99.OVERSEAS ELECTORS",General,All India Anna Dravida Munnetra Kazhagam,212,177,35,Dravida Munnetra Kazhagam,1,4,2,3,7,5,8,6,5.87248322147651,5,35.57046979865772,8.89261744966443,29.69798657718121,23.65771812080537,0.1677852348993289,1.174496644295302,0.0,0.8389261744966443,1
132,138,27,139,133,0,10,2,2,0,0,0,0,0,2,0,451,0,0,451,0,132,"Panchayat  Union Middle School West
Building South Side Kamalapuram","1.Kamalapuram (R.V) And (P) North street block 1 99.OVERSEAS
ELECTORS",General,Dravida Munnetra Kazhagam,139,138,1,All India Anna Dravida Munnetra Kazhagam,2,4,1,3,8,5,6,6,0.221729490022173,2,30.59866962305987,5.986696230598669,30.82039911308204,29.490022172949,0.0,2.217294900221729,0.4434589800443459,0.4434589800443459,1
133,223,53,257,257,3,6,11,5,0,0,0,0,3,0,0,815,0,8,823,0,133,"Panchayat  Union Middle School West
Building, Kamalapuram","2.Kamalapuram (R.V) And (P) KeelaMel South Street Block 2
99.OVERSEAS ELECTORS",General,Dravida Munnetra Kazhagam,257,257,0,Dravida Munnetra Kazhagam,3,4,1,1,8,6,5,7,0.0,5,27.36196319018405,6.503067484662576,31.53374233128834,31.53374233128834,0.3680981595092024,0.7361963190184049,1.349693251533742,0.6134969325153374,1
134,204,37,198,150,0,2,0,3,0,0,0,0,0,1,0,594,0,1,595,0,134,"T.D.T.A Middle School EastSide, Citthavanaickanpatti","1.Chithavanaickanpatti (R.V) And (P) Chithavanaickanpatti Block 1 ,
2.Chithavanaickanpatti (R.V) And (P) Chithavanaickanpatti Block 2 , 3.Chithavanaickanpatti (R.V) And (P) Mettupatti Block 3 99.OVERSEAS ELECTORS",General,All India Anna Dravida Munnetra Kazhagam,204,198,6,Dravida Munnetra Kazhagam,1,4,2,3,7,6,7,5,1.01010101010101,3,34.34343434343434,6.228956228956229,33.33333333333333,25.25252525252525,0.0,0.3367003367003367,0.0,0.5050505050505051,1
135,209,47,225,185,0,17,23,6,1,0,1,1,1,0,0,712,0,5,717,0,135,"T.N.T.D.T.A. Primary  School New Building, Attrankarai","1.Arttangarai (R.V) And (P) Arttangarai Block 1 , 2.Arttangarai (R.V)
And (P) Arttangarai Block 2 , 3.Arttangarai (R.V) And (P) Arttangarai Block 3 , 4.Arttangarai (R.V) And (P) AmmanKovilpatti Block 6 , 5.Arttangarai (R.V) And (P) Kandasamypuram Block 7 99.OVERSEAS ELECTORS",General,Dravida Munnetra Kazhagam,225,209,16,All India Anna Dravida Munnetra Kazhagam,2,4,1,3,8,6,5,7,2.247191011235955,6,29.35393258426966,6.601123595505618,31.60112359550562,25.98314606741573,0.0,2.387640449438202,3.230337078651686,0.8426966292134831,1
136,151,69,229,124,0,25,3,7,0,1,0,1,0,3,2,608,0,2,610,0,136,"Anganwady Centre, Attrankarai","1.Arttangarai (R.V) And (P) Arttangarai Block 4 , 2.Arttangarai (R.V)
And (P) Arttangarai Block 5 , 3.Arttangarai (R.V) And (P) O. Duraisamyapuram Block 8 , 4.Arttangarai (R.V) And (P) Chokalingapuram Block 8 , 5.Arttangarai (R.V) And (P) Thoppampatti Block 10 99.OVERSEAS ELECTORS",General,Dravida Munnetra Kazhagam,229,151,78,All India Anna Dravida Munnetra Kazhagam,2,4,1,3,8,5,7,6,12.82894736842105,7,24.83552631578948,11.34868421052632,37.66447368421053,20.39473684210526,0.0,4.111842105263158,0.4934210526315789,1.151315789473684,3
137,196,28,280,197,0,6,0,6,1,1,0,0,0,2,1,713,0,2,715,0,137,"Panchayat  Union Primary  School New Building, A.Kumarapuram","1.Guruwarpatti (R.V) And (P) Kumarapuram Block 4 , 2.Guruwarpatti (R.V) And (P) Karuthaiyapuram Block 5 99.OVERSEAS ELECTORS",General,Dravida Munnetra Kazhagam,280,197,83,Tamilaga Vettri Kazhagam,3,4,1,2,7,5,7,5,11.64095371669004,6,27.48948106591865,3.927068723702665,39.27068723702665,27.62973352033661,0.0,0.8415147265077139,0.0,0.8415147265077139,3
138,197,33,160,236,0,9,0,5,0,1,1,2,1,0,0,640,0,2,642,0,138,"T.N.D.T.A Primary  School West Hall, Guruvarpatti","1.Guruwarpatti (R.V) And (P) Guruwarpatti Block 1 , 2.Guruwarpatti (R.V) And (P) Guruwarpatti Block 2 99.OVERSEAS ELECTORS",General,Tamilaga Vettri Kazhagam,236,197,39,All India Anna Dravida Munnetra Kazhagam,2,4,3,1,7,5,7,6,6.09375,5,30.78125,5.15625,25.0,36.875,0.0,1.40625,0.0,0.78125,1
139,84,39,278,147,0,7,1,0,0,0,0,0,0,0,0,556,0,1,557,0,139,"T.N.D.T.A Primary  School East  Hall,
Guruvarpatti","1.Guruwarpatti (R.V) And (P) Guruwarpatti Block 3 99.OVERSEAS
ELECTORS",General,Dravida Munnetra Kazhagam,278,147,131,Tamilaga Vettri Kazhagam,3,4,1,2,7,5,6,7,23.56115107913669,0,15.10791366906475,7.014388489208632,50.0,26.43884892086331,0.0,1.258992805755396,0.1798561151079137,0.0,3
140,99,24,247,310,1,21,1,7,0,0,1,0,1,1,1,710,0,5,715,0,140,"Samy Ayya Nadar  Hr. Sec School Centre Building East  Side, Nagalapuram","1.Nagalapuram (R.V) And (P) Muthaliar  Street Block 1 ,
2.Nagalapuram (R.V) And (P) Ambedhkar Block 1 , 3.Nagalapuram (R.V) And (P) Arunthathiyar  Street Block 1 , 4.Nagalapuram (R.V) And
(P) Sivankovil Street Block 2 , 5.Nagalapuram (R.V) And (P) Asari
Street Block 99.OVERSEAS ELECTORS",General,Tamilaga Vettri Kazhagam,310,247,63,Dravida Munnetra Kazhagam,3,4,2,1,7,5,7,6,8.87323943661972,7,13.94366197183099,3.380281690140845,34.78873239436619,43.66197183098591,0.1408450704225352,2.957746478873239,0.1408450704225352,0.9859154929577465,1
141,73,41,237,201,1,11,4,3,0,0,0,1,2,0,0,571,0,1,572,0,141,"Samy AyyaNadar Hr. Sec School New Building Arunachalanadar Memorial Hall, Nagalapuram","1.Nagalapuram (R.V) And (P) Thevar Streeet  Block 3 , 2.Nagalapuram (R.V) And (P) Muslim street Block 4 , 3.Nagalapuram (R.V) And (P) Nadar  Street Block 4 99.OVERSEAS ELECTORS",General,Dravida Munnetra Kazhagam,237,201,36,Tamilaga Vettri Kazhagam,3,4,1,2,8,5,6,7,6.304728546409807,3,12.784588441331,7.180385288966725,41.5061295971979,35.20140105078809,0.1751313485113835,1.926444833625219,0.7005253940455342,0.5253940455341506,3
142,102,35,168,181,1,2,38,2,0,0,1,1,0,0,0,529,0,3,532,0,142,"Samy Ayya Nadar  Hr. Sec School New Building Southern Wing, East  Side,
Nagalapuram",1.Nagalapuram (R.V) And (P) South Street Block 5 99.OVERSEAS ELECTORS,General,Tamilaga Vettri Kazhagam,181,168,13,Dravida Munnetra Kazhagam,3,5,2,1,8,6,4,6,2.457466918714556,2,19.28166351606805,6.61625708884688,31.75803402646503,34.21550094517958,0.1890359168241966,0.3780718336483932,7.183364839319471,0.3780718336483932,0
143,167,74,276,363,0,5,31,7,0,1,0,1,0,2,3,923,0,6,929,0,143,Samy Ayyanadar Hr. Sec School Building North to Memorial hall Nagalapuram,"1.Nagalapuram (R.V) And (P) Pallivasalpatti Block 6 , 2.Nagalapuram (R.V) And (P) Adidravidarcolony Block 6 , 3.Nagalapuram (R.V) And
(P) Samathuvapuram Block 6 , 4.Nagalapuram (R.V) And (P) Bajar Pallivasalpatti Block 7 , 5.Nagalapuram (R.V) And (P) Bajar  Street Pallivasalpatti Block 7 99.OVERSEAS ELECTORS",General,Tamilaga Vettri Kazhagam,363,276,87,Dravida Munnetra Kazhagam,3,4,2,1,8,7,5,6,9.42578548212351,7,18.0931744312026,8.017334777898158,29.90249187432286,39.32827735644637,0.0,0.5417118093174431,3.358613217768147,0.7583965330444203,1
144,176,13,147,113,0,0,2,4,0,0,0,0,0,2,1,455,0,1,456,0,144,"Panchayat  Union Middle School New
Building West Portion , Vowalthothi","1.Vowvalthothi (R.V) And (P) Vowvalthothi Block 1 2.Vowvalthothi
(R.V) And (P) Pudhupatti Block 3 99.OVERSEAS ELECTORS",General,All India Anna Dravida Munnetra Kazhagam,176,147,29,Dravida Munnetra Kazhagam,1,4,2,3,7,7,6,5,6.373626373626373,4,38.68131868131869,2.857142857142857,32.30769230769231,24.83516483516484,0.0,0.0,0.4395604395604396,0.8791208791208791,2
145,100,35,205,153,0,15,12,1,0,0,0,0,1,0,0,521,0,1,522,0,145,"Panchayat  Union Middle School Central
Building, Vowalthothi","1.Vowvalthothi (R.V) And (P) Vowvalthothi BLock 2 99.OVERSEAS
ELECTORS",General,Dravida Munnetra Kazhagam,205,153,52,Tamilaga Vettri Kazhagam,3,4,1,2,8,5,6,7,9.980806142034549,1,19.19385796545106,6.71785028790787,39.34740882917466,29.36660268714012,0.0,2.879078694817658,2.303262955854127,0.1919385796545106,3
146,151,26,154,140,0,1,80,3,1,0,0,1,0,1,0,555,0,1,556,0,146,"Panchayat  Union Middle School New
Building, Vowalthothi","1.Vowvalthothi (R.V) And (P) Raguramapuram block 3 99.OVERSEAS
ELECTORS",General,Dravida Munnetra Kazhagam,154,151,3,All India Anna Dravida Munnetra Kazhagam,2,5,1,3,8,7,4,6,0.5405405405405406,3,27.20720720720721,4.684684684684685,27.74774774774775,25.22522522522522,0.0,0.1801801801801802,14.41441441441441,0.5405405405405406,0
147,95,36,224,211,1,4,0,3,0,0,1,0,0,1,0,574,0,2,576,0,147,"Hindu Nadar  Primary  School South Wing, New Building Eastern Side, Pudur","1.Pudthur  (S.P) Sathiyavani Muthu Street , 2.Pudthur  (S.P)
Sathiyavani 1 Street , 3.Pudthur  (S.P) Dr  Ambadkar  Street ,
4.Pudthur  (S.P) Dr  Ambadkar  1 Street , 5.Pudthur  (S.P) Gandhi Bazhar  , 6.Pudthur  (S.P) Nethaji Street , 7.Pudthur  (S.P) Nethaji Street , 8.Pudthur  (S.P) Nadar  Palli Street , 9.Pudthur  (S.P) Kamaraj 1 Street , 10.Pudthur  (S.P) Kamaraj 2 Street , 11.Pudthur  (S.P) Kamaraj 3 Street , 12.Pudthur  (S.P) Vilvamarathupatti Street ,
13.Pudthur  (S.P) Sasthiri Street , 14.Pudthur  (S.P) Vivakandar Street
, 15.Pudthur  (S.P) Madasamy Street , 16.Pudthur  (S.P) Anna High
1w.aPyu9d9th.OurVE(SR.PS)EHAaSriEjaLnEaCKTaOlRanSi , 2.Pudthur  (S.P) KadalKudi salai ,",General,Dravida Munnetra Kazhagam,224,211,13,Tamilaga Vettri Kazhagam,3,4,1,2,7,5,8,6,2.264808362369338,3,16.55052264808362,6.271777003484321,39.02439024390244,36.7595818815331,0.1742160278745645,0.6968641114982579,0.0,0.5226480836236934,1
148,272,31,216,344,2,2,0,4,0,0,0,0,1,2,0,871,0,3,874,0,148,"Hindu Nadar  Primary  School, South Wing Western side, Pudur","3.Pudthur  (S.P) Adidravidar Pudhukalani , 4.Pudthur  (S.P) Madathupatti Gopalsamy Street , 5.Pudthur  (S.P) Rajakambalam Street , 6.Pudthur  (S.P) Rajakambalam 1 Street , 7.Pudthur  (S.P) Madathupatt  Gopalsamy 1 Street , 8.Pudthur  (S.P) Madathupatti Gopalsamy 2 Street , 9.Pudthur  (S.P) Madathupatti Gopalsamy 3 Street , 10.Pudthur  (S.P) NalaMoopanar  Madam , 11.Pudur (S.P) New
Colony 99.OVERSEAS ELECTORS",General,Tamilaga Vettri Kazhagam,344,272,72,All India Anna Dravida Munnetra Kazhagam,2,4,3,1,6,6,8,5,8.266360505166476,4,31.22847301951779,3.559127439724455,24.79908151549943,39.49483352468427,0.2296211251435132,0.2296211251435132,0.0,0.4592422502870264,1
149,139,17,141,133,0,17,0,6,0,0,1,0,1,3,0,453,0,3,456,0,149,"Govt.  Hr. Sec.School South New Building
West  side, Senkottai","1.Sengkottai (R.V) And (P) Sengkottai Block 1 , 2.Sengkottai (R.V) And
(P) Sengkottai Block 2 99.OVERSEAS ELECTORS",General,Dravida Munnetra Kazhagam,141,139,2,All India Anna Dravida Munnetra Kazhagam,2,4,1,3,7,4,7,6,0.4415011037527594,6,30.68432671081678,3.752759381898454,31.12582781456953,29.3598233995585,0.0,3.752759381898454,0.0,1.324503311258278,1
150,221,50,154,186,1,2,0,3,1,1,0,1,0,0,0,617,0,0,617,0,150,"T.N.D.T.A Primary  School, Pattithevanpatti","1.Pattithevanpatti (R.V) And (P) Pattithevanpatti block 1 ,
2.Pattithevanpatti (R.V) And (P) Pattithevanpatti Block 2 , 3.Pattithevanpatti (R.V) And (P) Pattithevanpatti Block 3 99.OVERSEAS ELECTORS",General,All India Anna Dravida Munnetra Kazhagam,221,186,35,Tamilaga Vettri Kazhagam,1,4,3,2,7,6,8,5,5.672609400324149,3,35.81847649918963,8.103727714748784,24.95948136142626,30.14586709886548,0.1620745542949757,0.3241491085899514,0.0,0.4862236628849271,1
151,244,38,258,276,0,1,3,8,2,0,1,1,1,3,0,828,0,3,831,0,151,"Panchayat  Union Middle School East Building, Muthusamypuram","1.Muthusamypuram (R.V) And (P) Muthusamypuram Block 1 , 2.Muthusamypuram (R.V) And (P) Muthusamypuram Block 2
99.OVERSEAS ELECTORS",General,Tamilaga Vettri Kazhagam,276,258,18,Dravida Munnetra Kazhagam,3,4,2,1,8,7,6,5,2.173913043478261,8,29.46859903381642,4.589371980676328,31.15942028985507,33.33333333333333,0.0,0.1207729468599034,0.3623188405797101,0.966183574879227,1
152,100,23,99,110,0,6,1,2,0,0,0,0,0,2,0,341,0,4,345,0,152,"Panchayat  Union Primary  Schoo;. North
Muthaiyapuram","1.Muthusamypuram (R.V) And (P) North Muthaiyapuram Block 3
99.OVERSEAS ELECTORS",General,Tamilaga Vettri Kazhagam,110,100,10,All India Anna Dravida Munnetra Kazhagam,2,4,3,1,8,5,7,6,2.932551319648094,2,29.32551319648094,6.744868035190615,29.03225806451613,32.25806451612903,0.0,1.759530791788857,0.2932551319648094,0.5865102639296188,1
153,221,41,187,364,3,4,0,14,0,0,1,4,5,1,0,834,0,5,839,0,153,"Panchayat  Union Middle school Main Building, Mettilpatti","1.Mettilpatti (R.V) And (P) Mettilpatti Block 1 , 2.Mettilpatti (R.V) And
(P) Mettilpatti Block 2 , 3.Mettilpatti (R.V) And (P) Mettilpatti Block 3 , 4.Mettilpatti (R.V) And (P) Mettilpatti Block 4 , 5.Mettilpatti (R.V) And
(P) Perumalkovilpatti Block 5 , 6.Mettilpatti (R.V) And (P) Soorappanayakanpatti Block 6 99.OVERSEAS ELECTORS",General,Tamilaga Vettri Kazhagam,364,221,143,All India Anna Dravida Munnetra Kazhagam,2,4,3,1,7,6,8,5,17.1462829736211,14,26.49880095923261,4.916067146282973,22.42206235011991,43.64508393285372,0.3597122302158274,0.4796163069544364,0.0,1.678657074340528,1
154,237,16,316,248,0,0,0,4,0,1,1,0,0,1,1,821,0,3,824,0,154,"P.V.Krishnammal Subba Reddiar Govt.High School, North Building West Portion, Chennamareddipatti","1.Chenamareddypetti (R.V) And (P) Madthupatti Block 1 ,
2.Chenamareddypetti (R.V) And (P) Chenamareddypetti Block 2 , 3.Chenamareddypetti (R.V) And (P) Chenamareddypetti Block 3 , 4.Chenamareddypetti (R.V) And (P) Chenamareddypetti Block 4 , 5.Chenamareddypetti (R.V) And (P) Chenamareddypetti Block 5 , 6.Chenamareddypetti (R.V) And(P) Chenamareddypetti Block 6 99.OVERSEAS ELECTORS",General,Dravida Munnetra Kazhagam,316,248,68,Tamilaga Vettri Kazhagam,3,4,1,2,6,6,6,5,8.28258221680877,4,28.86723507917174,1.94884287454324,38.48964677222899,30.20706455542022,0.0,0.0,0.0,0.4872107186358099,1
155,311,19,175,161,0,8,1,7,0,0,1,2,1,2,1,682,0,4,686,0,155,"Panchayat  Union Middle School New Building Cenre Portion, Maniaykkaranpatti","1.ManiyaKaranPatti (R.V) And(P) ManiyaKaranPatti Block 1 ,
2.ManiyaKaranPatti (R.V) And (P) Melakumarasakanapuram Block 2 3.ManiyaKaranPatti (R.V) And (P) Thavasilingapuram Block 3 99.OVERSEAS ELECTORS",General,All India Anna Dravida Munnetra Kazhagam,311,175,136,Dravida Munnetra Kazhagam,1,4,2,3,8,5,7,6,19.94134897360704,7,45.60117302052786,2.785923753665689,25.65982404692082,23.60703812316716,0.0,1.173020527859238,0.1466275659824047,1.026392961876833,2
156,158,7,133,98,0,0,4,3,0,0,0,0,0,2,0,403,0,1,404,0,156,"Panchayat  Union primary  school New
Building, Kampathupatti","1.Sivalarpatti (R.V) And (P) Kambathupatti Block 5 99.OVERSEAS
ELECTORS",General,All India Anna Dravida Munnetra Kazhagam,158,133,25,Dravida Munnetra Kazhagam,1,4,2,3,7,7,5,6,6.20347394540943,3,39.20595533498759,1.73697270471464,33.00248138957816,24.31761786600496,0.0,0.0,0.9925558312655087,0.7444168734491315,2
157,154,28,72,79,1,13,0,4,0,0,0,1,1,1,0,351,0,0,351,0,157,"Panchayat  Union Primary  school, Mela Arunachalapuram","1.Vannipatti (R.V), Melaarunachalapuram (P) Melaarunachalapuram Block 1 , 2.Vannipatti (R.V), Melaarunachalapuram (P) Vannipatti Block 2 , 3.Vannipatti (R.V), Melaarunachalapuram (P) Ramalingapuram (pavanipuram) Block 3 99.OVERSEAS ELECTORS",General,All India Anna Dravida Munnetra Kazhagam,154,79,75,Tamilaga Vettri Kazhagam,1,4,3,2,7,5,8,6,21.36752136752137,4,43.87464387464387,7.977207977207977,20.51282051282051,22.50712250712251,0.2849002849002849,3.703703703703703,0.0,1.13960113960114,2
158,123,13,69,116,0,3,1,1,0,0,1,0,0,0,0,326,0,0,326,0,158,"Panchayat  Union Primary  school, Chennampatti","1.Chennampatti (R.V) And (P) Chennampatti Block 1 ,
2.Chennampatti (R.V) And (P) Madathupatti Block 2 , 3.Chennampatti (R.V) And (P) Mela Venkatdashapuram Block 3 99.OVERSEAS ELECTORS",General,All India Anna Dravida Munnetra Kazhagam,123,116,7,Tamilaga Vettri Kazhagam,1,4,3,2,8,5,6,6,2.147239263803681,1,37.73006134969325,3.987730061349693,21.16564417177914,35.58282208588957,0.0,0.9202453987730062,0.3067484662576687,0.3067484662576687,1
159,102,15,192,57,0,0,0,4,0,0,0,0,0,1,0,370,0,2,372,0,159,"Panchayat  Union Middle school Old Building, KeelaArunachalapuram","1.NadukattoorKeelaarunachalapuram (P) Keelaarunachalapuram Block 3 , 2. Nadukattoor  (R.V), Keelaarunachalapuram (P)
Keelaarunachalapuram Block 4 99.OVERSEAS ELECTORS",General,Dravida Munnetra Kazhagam,192,102,90,All India Anna Dravida Munnetra Kazhagam,2,4,1,3,6,6,6,5,24.32432432432433,4,27.56756756756757,4.054054054054054,51.89189189189189,15.40540540540541,0.0,0.0,0.0,1.081081081081081,3
160,235,16,218,174,1,10,1,2,0,0,0,1,0,1,0,657,0,2,659,0,160,"Panchayat  Union primary  school, Nadukattoor","1.Nadukattoor  (R.V), Keelaarunachalapuram (P) Nadukattoor  Block 1
, 2.Nadukattoor  (R.V), Keelaarunachalapuram (P) Muthupatti block 2 99.OVERSEAS ELECTORS",General,All India Anna Dravida Munnetra Kazhagam,235,218,17,Dravida Munnetra Kazhagam,1,4,2,3,7,5,7,6,2.58751902587519,2,35.76864535768645,2.43531202435312,33.18112633181126,26.48401826484018,0.15220700152207,1.5220700152207,0.15220700152207,0.30441400304414,1
161,331,24,201,298,1,11,6,8,0,0,1,0,1,2,3,880,0,4,884,0,161,T.D.T.A Primary School Mathalapuram,"1.Mathlapuram (R.V), And (P) Mathlapuram Block 1 , 2.Mathlapuram
(R.V) And (P) Mathlapuram Block 2 , 3.Mathlapuram (R.V) And (P) Duraisamypuram Block 3 , 4.Kumaralingapuram (R.V), Mathalapuram (P) Kumaralingapuram block 5 99.OVERSEAS ELECTORS",General,All India Anna Dravida Munnetra Kazhagam,331,298,33,Tamilaga Vettri Kazhagam,1,4,3,2,8,5,7,6,3.75,8,37.61363636363637,2.727272727272727,22.84090909090909,33.86363636363636,0.1136363636363636,1.25,0.6818181818181818,0.9090909090909091,1
162,294,25,188,239,2,10,0,3,0,0,0,1,0,2,0,761,0,3,764,0,162,"Panchayat  Union Middle School, L.Venkateswarapuram","1.Mathalapuram (R.V) And (P) L  .Venkateshpuram block 3 ,
2.Mathalapuram (R.V) And (P) L  .Venkateshwarapuram Block 5 , 3.Mathalapuram (R.V) And (P) Lakshmipuram Block 6 99.OVERSEAS
ELECTORS",General,All India Anna Dravida Munnetra Kazhagam,294,239,55,Tamilaga Vettri Kazhagam,1,4,3,2,7,5,8,6,7.227332457293036,3,38.63337713534823,3.28515111695138,24.70433639947437,31.40604467805519,0.2628120893561104,1.314060446780552,0.0,0.3942181340341656,2
163,279,54,185,297,0,8,0,6,0,0,0,0,3,1,1,829,0,5,834,0,163,"Panchayat  Union Middle school Eastern Portion New Building, Sivalarpatti","1.Sivalarpatti (R.V) And (P) Sivalarpatti Block 1 , 2.Sivalarpatti (R.V) And (P) Sivalarpatti Block 2 , 3.Sivalarpatti (R.V) And (P) Sivalarpatti
Block 3 99.OVERSEAS ELECTORS",General,Tamilaga Vettri Kazhagam,297,279,18,All India Anna Dravida Munnetra Kazhagam,2,4,3,1,7,5,7,6,2.171290711700844,6,33.65500603136309,6.513872135102533,22.31604342581423,35.82629674306393,0.0,0.9650180940892641,0.0,0.7237635705669482,1
164,220,41,145,248,0,0,0,7,0,1,0,0,1,1,1,661,0,0,661,0,164,"Panchayat  Union Middle school East
Building East  Portion, Sivalarpatti","1.Sivalarpatti (R.V) And(P) Melapatti Block 4 , 2.Sivalarpatti (R.V) And
(P) Subbulapuram Block 6 99.OVERSEAS ELECTORS",General,Tamilaga Vettri Kazhagam,248,220,28,All India Anna Dravida Munnetra Kazhagam,2,4,3,1,6,6,6,5,4.236006051437216,7,33.28290468986384,6.202723146747353,21.93645990922844,37.51891074130106,0.0,0.0,0.0,1.059001512859304,1
165,310,22,152,328,0,0,0,5,0,0,0,2,1,0,2,817,0,5,822,0,165,"Govt  Hr. Sec School Westside East Facing Building, Pudur","1.Pudthur  (S.P) Periyar  street , 2.Pudthur  (S.P) Rajakambalam 1
Street , 3.Pudthur  (S.P) Rajakambalam 2th santhu , 4.Pudthur  (S.P) Rajakambalam 2 Street , 5.Pudthur  (S.P) Pasumponu MUthuramalinganar  street , 6.Pudthur  (S.P) Kannappar  1 Street ,
7.Pudthur  (S.P) Kannappar  2 Street , 8.Pudthur  (S.P) Kannappar  3
Street , 9.Pudthur  (S.P) Kannappar  4 Street 99.OVERSEAS ELECTORS",General,Tamilaga Vettri Kazhagam,328,310,18,All India Anna Dravida Munnetra Kazhagam,2,4,3,1,6,6,6,5,2.203182374541004,5,37.9436964504284,2.692778457772338,18.6046511627907,40.1468788249694,0.0,0.0,0.0,0.6119951040391677,1
166,197,47,248,423,2,6,0,3,0,0,0,0,2,0,1,926,0,7,933,0,166,"Govt  Hr.Sec School Auditorium Building, Pudur","1.Pudthur  (S.P) Veerakaliaman Kovil Street , 2.Pudthur  (S.P) Odai
Street , 3.Pudthur  (S.P) Ananthanatha Gurukkal Street , 4.Pudthur (S.P) Kannappar  Street , 5.Pudthur  (S.P) Jeva Street , 6.Pudthur  (S.P) Keenar  Durai Street , 7.Pudur (S.P) SharmanKrishnasamy Street 99.OVERSEAS ELECTORS",General,Tamilaga Vettri Kazhagam,423,248,175,Dravida Munnetra Kazhagam,3,4,2,1,7,5,8,6,18.89848812095033,3,21.27429805615551,5.075593952483802,26.78185745140389,45.68034557235421,0.2159827213822894,0.6479481641468683,0.0,0.3239740820734341,1
167,150,25,107,294,0,0,2,3,0,0,0,0,2,1,0,581,0,0,581,0,167,"Govt  Hr  Sec School South Building West Side, Pudur","1.Pudthur  (S.P) Veerapandian Kattabomman Street , 2.Pudthur  (S.P) Veerapandian Kattabomman 1 Street , 3.Pudthur  (S.P) Kaval Nelaia Street , 4.Pudthur  (S.P) Vishvakarama 1 Street , 5.Pudthur  (S.P) Vishwakarama 1 Street , 6.Pudthur  (S.P) Vishwakarama Street ,
7.Pudthur  (S.P) Kakkan Street , 8.Pudthur  (S.P) Kakkan 1 Street ,",General,Tamilaga Vettri Kazhagam,294,150,144,All India Anna Dravida Munnetra Kazhagam,2,4,3,1,7,7,6,5,24.78485370051635,3,25.81755593803787,4.302925989672977,18.41652323580034,50.60240963855421,0.0,0.0,0.3442340791738382,0.5163511187607573,1
168,169,33,159,280,0,4,1,6,0,1,1,0,1,2,0,652,0,2,654,0,168,Govt.  Hr. Sec.School North New Building Pudur,"1.Pudthur  (S.P) V.O.Chidambaranar  Street , 2.Pudthur  (S.P)
Bharathiyar  Street ,3.Pudthur (S.P) Nedungchalian Street , 4.Pudthur (S.P) Nedungchalian Street 1 street, 5.Pudthur (S.P) Jawaharlal  Street , 6.Pudthur  (S.P) Jawaharlal 1 Street , 7.Pudthur  (S.P) Annamalai Street , 8.Pudthur  (S.P) Sanmarka sanka Street ,
9.Pudthur  (S.P) Indhira Gandhi Street , 10.Pudthur  (S.P) Aranmanai Street , 11.Pudthur  (S.P) Pathirakaliamman Street 99.OVERSEAS
ELECTORS",General,Tamilaga Vettri Kazhagam,280,169,111,All India Anna Dravida Munnetra Kazhagam,2,4,3,1,8,6,7,5,17.02453987730061,6,25.92024539877301,5.061349693251533,24.38650306748466,42.94478527607362,0.0,0.6134969325153374,0.1533742331288344,0.9202453987730062,1
169,180,25,199,230,2,1,0,4,1,0,0,1,0,1,0,641,0,3,644,0,169,"Govt  Hr. Sec School Centre Side East Building, Pudur","1.Pudthur  (S.P) Perumal Koil Street , 2.Pudthur  (S.P) Aruanthathiyar
Street , 3.Pudthur  (S.P) Muthusamy Street , 4.Pudthur  (S.P) S.R. Naidu Street , 5.Pudthur  (S.P) S.R. Naidu 1 Street , 6.Pudthur  (S.P)
S.R. Naidu 2 Street , 7.Pudthur  (S.P) S.R. Naidu 3 Street , 8.Pudthur (S.P) S.R. Naidu 4 Street , 9.Pudthur  (S.P) Rajaihi 1 Street , 10.Pudthur  (S.P) Rajaji Street , 11.Pudthur  (S.P) Mahalakshmi Kalani
Street 99.OVERSEAS ELECTORS",General,Tamilaga Vettri Kazhagam,230,199,31,Dravida Munnetra Kazhagam,3,4,2,1,6,7,8,5,4.83619344773791,4,28.0811232449298,3.90015600624025,31.04524180967239,35.8814352574103,0.31201248049922,0.15600624024961,0.0,0.62402496099844,1
170,141,21,119,177,0,1,0,2,0,0,0,1,0,1,0,461,0,2,463,0,170,"Govt  Hr. Sec School South facing Building , Pudur.","1.Pudthur  (S.P) A.L.R. Street , 2.Pudthur  (S.P) SathiyaMoorthy Street
, 3.Pudthur (S.P) Soundammam kalani Street , 4.Pudthur  (S.P) Soundamman 1 Kovil Sandu , 5.Pudthur  (S.P) Soundamman 2 Kovil Sandu , 6.Pudthur  (S.P) Soundamman Kovil 3 sandu , 7.Pudthur (S.P) Soundaman Kovil 4 sandu , 8.Pudthur  (S.P) Karunandi Street ,
9.Pudur (S.P) Kannappanainar  Street 99.OVERSEAS ELECTORS",General,Tamilaga Vettri Kazhagam,177,141,36,All India Anna Dravida Munnetra Kazhagam,2,4,3,1,7,6,7,5,7.809110629067245,2,30.58568329718004,4.55531453362256,25.81344902386117,38.39479392624729,0.0,0.2169197396963124,0.0,0.4338394793926247,1
171,328,13,324,202,0,1,2,5,0,0,0,0,1,3,1,875,0,2,877,0,171,"Hindu Nadar  Primary  School North Building, Chinavanayakkanpatti","1.Sankaralingapuram (R.V), Chinavanayakkarpatti (P)
Chinavanayakkarpatti Block 2 , 2.Sankaralingapuram (R.V), Chinavanayakkarpatti (P) Chinavanayakkarpatti Block 3 99.OVERSEAS ELECTORS",General,All India Anna Dravida Munnetra Kazhagam,328,324,4,Dravida Munnetra Kazhagam,1,4,2,3,8,7,6,5,0.4571428571428572,5,37.48571428571428,1.485714285714286,37.02857142857142,23.08571428571429,0.0,0.1142857142857143,0.2285714285714286,0.5714285714285714,2
172,350,24,263,215,0,2,12,4,0,0,0,0,1,3,0,870,0,0,870,0,172,Hindu Nadar  Primary  School North New Building Chinavanayakkanpatti,"1.Sankaralingapuram (R.V), Chinavanayakkarpatti (P)
Chinavanayakkarpatti Block 1 , 2.Sankaralingapuram (R.V), Chinavanayakkarpatti (P) ChokaMoopanpatti Block 4 , 3.Sankaralingapuram (R.V), Chinavanayakkarpatti (P) Sedupuaram Block 5 99.OVERSEAS ELECTORS",General,All India Anna Dravida Munnetra Kazhagam,350,263,87,Dravida Munnetra Kazhagam,1,4,2,3,8,7,5,6,10.0,4,40.22988505747126,2.758620689655173,30.22988505747126,24.71264367816092,0.0,0.2298850574712644,1.379310344827586,0.4597701149425287,2
173,255,32,212,246,0,9,0,2,0,0,1,0,0,0,1,756,0,11,767,0,173,"Panchayat  Union Primary  School New Building, Sankaralingapuram","1.Sankaralingapuram (R.V) And (P) Sankaralingapuram Block 1 ,
2.Sankaralingapuram (R.V) And (P) Sankaralingapuram Block 2 ,
3.Sankaralingapuram (R.V) And (P) Sankaralingapuram Block 3 99.OVERSEAS ELECTORS",General,All India Anna Dravida Munnetra Kazhagam,255,246,9,Tamilaga Vettri Kazhagam,1,4,3,2,7,5,7,6,1.19047619047619,2,33.73015873015873,4.232804232804233,28.04232804232804,32.53968253968254,0.0,1.19047619047619,0.0,0.2645502645502645,1
174,141,10,96,76,0,0,0,0,0,0,0,0,0,0,0,323,0,0,323,0,174,"Panchayat  Union primary  School,
Sallichettipatti","1.Sankaralingapuram (R.V) And (P) Sallichettypatti Block 4
99.OVERSEAS ELECTORS",General,All India Anna Dravida Munnetra Kazhagam,141,96,45,Dravida Munnetra Kazhagam,1,4,2,3,5,5,5,5,13.93188854489164,0,43.6532507739938,3.095975232198143,29.72136222910217,23.52941176470588,0.0,0.0,0.0,0.0,2
175,350,31,201,95,0,1,0,9,0,2,1,1,1,4,0,687,0,1,688,0,175,"Hindu Primary  School, Keelakalurani","1.MelaKalluooran (R.V) And (P) MelaKalluoorani Block 1 ,
2.MelaKalluoorani (R.V) And (P) MelaKalluoorani Block 2 , 3.MelaKalluoorani (R.V) And (P) Srirengapuram Block 2 99.OVERSEAS ELECTORS",General,All India Anna Dravida Munnetra Kazhagam,350,201,149,Dravida Munnetra Kazhagam,1,4,2,3,7,6,7,5,21.68850072780204,9,50.94614264919942,4.512372634643377,29.25764192139738,13.82823871906841,0.0,0.1455604075691412,0.0,1.310043668122271,2
176,271,30,173,112,0,2,0,3,0,1,0,1,0,0,0,591,0,1,592,0,176,"Panchayat  Union Primary  School New Building North Side, Boothalapuram","1.Boothalapuram (R.V) And (P) Boothalapuram Block 1 ,
2.Boothalapuram (R.V) And (P) Boothalapuram Block 2 , 3.Boothalapuram (R.V) And (P) Venkateshwarapuram Block 5 99.OVERSEAS ELECTORS",General,All India Anna Dravida Munnetra Kazhagam,271,173,98,Dravida Munnetra Kazhagam,1,4,2,3,7,6,7,5,16.58206429780034,3,45.85448392554991,5.076142131979696,29.27241962774958,18.95093062605753,0.0,0.338409475465313,0.0,0.5076142131979695,2
177,210,31,248,132,0,7,0,4,1,0,0,0,0,3,0,632,0,3,635,0,177,"Panchayat  Union Primary  School New Building South Side, Boothalapuram","1.Poothalapuram (R.V) And (P) Chinnaiyapuram Block 2 , 2.Poothalapuram (R.V) And (P) Noothalakkarai Block 4
99.OVERSEAS ELECTORS",General,Dravida Munnetra Kazhagam,248,210,38,All India Anna Dravida Munnetra Kazhagam,2,4,1,3,7,5,7,6,6.012658227848101,4,33.22784810126582,4.90506329113924,39.24050632911392,20.88607594936709,0.0,1.107594936708861,0.0,0.6329113924050633,3
178,239,20,154,160,2,2,1,4,0,0,1,0,2,1,0,582,0,2,584,0,178,"Panchayat  Union Primary  School New Building, Kanthasamypuram","1.Kandasamypuram (R.V) And (P) Kandasamypuram Block 1 ,
2.Kandasamypuram (R.V) And (P) Chairvakaranpatti Block 2 , 3.Kandasamypuram (R.V) And (P) Sankarappanayakkanpatti Block 3 99.OVERSEAS ELECTORS",General,All India Anna Dravida Munnetra Kazhagam,239,160,79,Tamilaga Vettri Kazhagam,1,4,3,2,6,6,8,5,13.57388316151203,4,41.06529209621993,3.436426116838488,26.46048109965636,27.49140893470791,0.3436426116838488,0.3436426116838488,0.1718213058419244,0.6872852233676976,2
179,162,2,104,126,0,2,0,4,0,0,0,1,1,1,0,400,0,2,402,0,179,"Panchayat  Union primary  School, P Jegaveerapuram","1.P. Jegaveerapuram(R.V), Kandasamypuram (P) P. Jegaveerapuram Block 4 , 2.P.Jegaveerapuram (R.V), Kandasamypuram (P) Pudhuchinnaiyapuram block 5 99.OVERSEAS ELECTORS",General,All India Anna Dravida Munnetra Kazhagam,162,126,36,Tamilaga Vettri Kazhagam,1,5,3,2,7,5,7,4,9.0,4,40.5,0.5,26.0,31.5,0.0,0.5,0.0,1.0,2
180,458,4,161,338,5,0,1,7,0,0,0,1,2,0,3,974,0,1,975,0,180,"T.D.T.A Middle School New Building Eastern Portion, N.JegaVeerapuram","1.N. Jegaveerapuram (R.V) And (P) N.  Jegaveerapuram Block 1 , 2.N.
Jegaveerapuram (R.V) And (P) N.  Jegaveerapuram Block 2 , 3.N. Jegaveerapuram (R.V) And (P) Kumarapuram block 3 , 4.N. Jegaveerapuram (R.V) And (P) Subbramaniyapuram Block 4 , 5.N.Jegaveerapuram (R.V) And (P) V. Subbaiahpuram Block 5 99.OVERSEAS ELECTORS",General,All India Anna Dravida Munnetra Kazhagam,458,338,120,Tamilaga Vettri Kazhagam,1,6,3,2,5,8,7,4,12.32032854209445,7,47.02258726899384,0.4106776180698152,16.52977412731006,34.70225872689938,0.5133470225872689,0.0,0.1026694045174538,0.7186858316221766,2
181,199,24,194,92,0,2,20,2,0,0,0,0,0,1,1,533,0,0,533,0,181,"Panchayat  Union Primary  School New
Building, Kadelkudi","1.Kadalkudi (R.V) And (P) Kadalkudi Block 1 , 2.Kadalkudi (R.V) And
(P) Kadalkudi Block 2 99.OVERSEAS ELECTORS",General,All India Anna Dravida Munnetra Kazhagam,199,194,5,Dravida Munnetra Kazhagam,1,4,2,3,8,6,5,6,0.9380863039399625,2,37.3358348968105,4.50281425891182,36.39774859287054,17.26078799249531,0.0,0.375234521575985,3.75234521575985,0.375234521575985,2
182,221,6,112,110,1,3,6,7,1,1,0,1,1,2,1,466,0,2,468,0,182,"Hindu Nadar  Primary  School, Mavilodai","1.Mavilodai (R.V) And (P) Mavilodai Block 1 , 2.Chinnoor  (R.V),
Mavilodai (P) Kalukachalapuram Block 3 , 3.Chinnoor  (R.V), Mavilodai (P) Uoothandapuram Block 4 99.OVERSEAS ELECTORS",General,All India Anna Dravida Munnetra Kazhagam,221,112,109,Dravida Munnetra Kazhagam,1,5,2,3,8,7,5,4,23.39055793991416,7,47.42489270386266,1.28755364806867,24.0343347639485,23.60515021459227,0.2145922746781116,0.6437768240343348,1.28755364806867,1.502145922746781,2
183,257,30,157,92,1,2,19,4,1,0,0,1,1,0,1,562,0,2,564,0,183,"Panchayat  Union Primary
School,Chinnoor","1.Chinnoor  (R.V), Mavilodai (P) Chinnoor  Block 2 99.OVERSEAS
ELECTORS",General,All India Anna Dravida Munnetra Kazhagam,257,157,100,Dravida Munnetra Kazhagam,1,4,2,3,8,7,5,6,17.79359430604982,4,45.72953736654804,5.338078291814947,27.93594306049822,16.37010676156584,0.1779359430604982,0.3558718861209964,3.380782918149467,0.7117437722419928,2
184,123,17,110,52,0,1,0,0,0,0,0,0,0,0,0,303,0,0,303,0,184,"Panchayat  Union Midddle School New Building North Portion ,
Kumarettiapuram","1.K. Duraisamypuram (R.V) And (P) K. Kumarareddyarpuram Block 4, 2.K. Duraisamypuram (R.V) And (P) K. Kumarareddyarpuram
Block 5 99.OVERSEAS ELECTORS",General,All India Anna Dravida Munnetra Kazhagam,123,110,13,Dravida Munnetra Kazhagam,1,4,2,3,6,5,6,6,4.29042904290429,0,40.5940594059406,5.610561056105611,36.30363036303631,17.16171617161716,0.0,0.33003300330033,0.0,0.0,2
185,301,35,241,166,1,0,0,5,0,0,0,0,0,2,0,749,0,5,754,0,185,"T.D.T.A. Primary  School, K. Duraisamy Puram","1.K. Duraisamypuram (R.V) And (P) K. Duraisamypuram Block 1 ,
2.K. Duraisamypuram (R.V) And (P) K. Duraisamypuram Block 2 ,
3.K. Duraisamypuram (R.V) And (P) K. Duraisamypuram Block3 99.OVERSEAS ELECTORS",General,All India Anna Dravida Munnetra Kazhagam,301,241,60,Dravida Munnetra Kazhagam,1,4,2,3,6,7,7,5,8.01068090787717,5,40.18691588785047,4.672897196261682,32.17623497997329,22.16288384512684,0.1335113484646195,0.0,0.0,0.6675567423230975,2
186,111,34,234,199,0,17,9,3,0,0,0,0,0,3,0,607,0,3,610,0,186,"Panchayat  Union Primary  School,
Reddiyapatti","1.Goundanpatti (R.V) And (P) Reddyapatti block 3 99.OVERSEAS
ELECTORS",General,Dravida Munnetra Kazhagam,234,199,35,Tamilaga Vettri Kazhagam,3,4,1,2,8,5,6,7,5.766062602965404,3,18.28665568369028,5.601317957166392,38.5502471169687,32.78418451400329,0.0,2.800658978583196,1.482701812191104,0.4942339373970346,1
187,189,60,304,280,3,18,51,6,1,0,0,2,0,2,0,911,0,3,914,0,187,"T.D.T.A St.  Albonse Primary  School South Building East  Side,Goundampatti","1.Goundanpatti (R.V) And (P) Goundanpatti block 1 , 2.Goundanpatti (R.V) And (P) Goundanpatti Block 2 99.OVERSEAS ELECTORS",General,Dravida Munnetra Kazhagam,304,280,24,Tamilaga Vettri Kazhagam,3,4,1,2,8,6,5,7,2.634467618002195,6,20.74643249176729,6.586169045005488,33.36992316136114,30.73545554335895,0.3293084522502744,1.975850713501647,5.598243688254665,0.6586169045005488,1
188,290,50,258,249,1,4,0,1,0,1,0,0,0,0,0,853,0,0,853,0,188,"Panchayat  Union Elementry School, Zameen kodangipatti","1.M.Kodangipatti (R.V), M.Kodangipatti (P) M.Kodangipatti Block 1 ,
2.M.Kodangipatti(R.V), M.Kodangipatti (P) M.Kodangipatti Block 2 , 3.M.Kodangipatti (R.V), M.Kodangipatti (P) M.Kodangipatti Block 3 99.OVERSEAS ELECTORS",General,All India Anna Dravida Munnetra Kazhagam,290,258,32,Dravida Munnetra Kazhagam,1,4,2,3,6,5,8,6,3.751465416178194,1,33.99765533411489,5.861664712778429,30.24618991793669,29.19109026963658,0.1172332942555686,0.4689331770222743,0.0,0.1172332942555686,1
189,160,28,262,178,0,10,0,3,0,0,0,1,0,2,0,641,0,2,643,0,189,"Nadar  Primary School Main Building Centre Side, ZaminKarisalkulam","1.Jaminkarisalkulam (R.V) And (P) Jaminkarisalkulam Block 1 , 2.Jaminkarisalkulam (R.V) And (P) Jaminkarisalkulam Block 2
99.OVERSEAS ELECTORS",General,Dravida Munnetra Kazhagam,262,178,84,Tamilaga Vettri Kazhagam,3,4,1,2,7,5,7,6,13.10452418096724,3,24.9609984399376,4.368174726989079,40.87363494539781,27.76911076443058,0.0,1.5600624024961,0.0,0.46801872074883,3
190,182,30,163,141,1,9,2,3,0,0,0,0,1,0,1,531,0,2,533,0,190,Senkunder  Ramalingam Middle School North Portion Ayanbommiahpuram,"1.Ayanbommaiyapuram (R.V) And (P) Ayanbommaiyapuram Block 1 , 2.Ayanbommaiyapuram (R.V) And (P) Ayanbommaiyapuram Block 4
99.OVERSEAS ELECTORS",General,All India Anna Dravida Munnetra Kazhagam,182,163,19,Dravida Munnetra Kazhagam,1,4,2,3,8,5,7,6,3.578154425612053,3,34.27495291902072,5.649717514124294,30.69679849340866,26.55367231638418,0.1883239171374765,1.694915254237288,0.3766478342749529,0.5649717514124294,1
191,153,49,216,199,0,1,0,9,0,0,1,2,0,5,1,627,0,7,634,0,191,"Sengunder  Ramalingam Middle School South Side, Ayanpommiahpuram","1.Ayanbommaiyapuram (R.V) And (P) Ayanbommaiyapuram Block 3 ,
2.Ayanbommaiyapuram (R.V) And (P) Panaiadipatti Block 3 99.OVERSEAS ELECTORS",General,Dravida Munnetra Kazhagam,216,199,17,Tamilaga Vettri Kazhagam,3,4,1,2,7,6,7,5,2.711323763955343,9,24.40191387559809,7.814992025518341,34.44976076555024,31.73843700159489,0.0,0.1594896331738437,0.0,1.435406698564593,1
192,256,26,321,173,0,13,0,5,0,0,1,1,1,1,0,794,0,2,796,0,192,"Muthu Samy Hindu Primary  School, Vathalakkarai","1.Vathalakkarai (R.V) And (P) West Street Block 1 , 2.Vathalakkarai (R.V) And (P) East  Street Block 2 , 3.Vathalakkarai (R.V) And (P) West Street Block 3 , 4.Vathalakkarai (R.V) And (P) South Street Block 4 , 5.Vathalakkarai (R.V) And (P) East  Street Block 5 99.OVERSEAS ELECTORS",General,Dravida Munnetra Kazhagam,321,256,65,All India Anna Dravida Munnetra Kazhagam,2,4,1,3,7,5,7,6,8.18639798488665,5,32.24181360201511,3.27455919395466,40.42821158690176,21.78841309823677,0.0,1.63727959697733,0.0,0.6297229219143577,3
193,317,42,255,234,0,6,1,4,0,0,1,0,0,2,1,859,0,3,862,0,193,"Panchayat  Union Primary  School North Building, Vilvamarathupatti","1.Ayanbommaiyapurm (R.V), Vilwamarathupatti (P)
Vilwamarathupatti Block 1 , 2.Ayanbommaiyapuram (R.V), Vilwamarathupatti (P) Vilwamarathupatti Block 2 99.OVERSEAS ELECTORS",General,All India Anna Dravida Munnetra Kazhagam,317,255,62,Dravida Munnetra Kazhagam,1,4,2,3,8,5,7,6,7.217694994179278,4,36.90337601862631,4.889406286379511,29.68568102444703,27.24097788125728,0.0,0.6984866123399301,0.1164144353899884,0.4656577415599534,2
194,361,40,196,206,0,8,0,0,0,0,0,0,0,0,0,811,0,3,814,0,194,Hindu Primary  School New Building East side K.Sundareswarapuram,"1.K. Sundaraeshwarapuram (P) East  Street Block 1 ,
2.K.Sundareswarapuram (P) Middle Street -2 Block 1 , 3.K.Sundareswarapuram (P) Middle Street -1 Block 2 , 4.K.Sundareswarapuram (P) West Street Block 2 , 5.K.Sundareswarapuram (P) Melapettai Street Block 2 99.OVERSEAS ELECTORS",General,All India Anna Dravida Munnetra Kazhagam,361,206,155,Tamilaga Vettri Kazhagam,1,4,3,2,6,5,6,6,19.11220715166461,0,44.51294697903823,4.932182490752158,24.16769420468557,25.40073982737361,0.0,0.9864364981504316,0.0,0.0,2
195,150,19,59,58,0,13,0,2,0,0,0,0,0,2,0,301,0,1,302,0,195,"Panchayat  Union Primary  School New building, P. Meenachipuram","1.Keelavilathikulam 2(R.V), P. Meenachipuram (P) P. Meenachipuram Block 1 , 2.Keelavilathikulam 2 (R.V), P. Meenachipuram (P) P. Meenachipuram Block 2 99.OVERSEAS ELECTORS",General,All India Anna Dravida Munnetra Kazhagam,150,59,91,Dravida Munnetra Kazhagam,1,4,2,3,7,5,7,6,30.23255813953488,2,49.83388704318937,6.312292358803987,19.60132890365449,19.26910299003323,0.0,4.318936877076411,0.0,0.6644518272425249,2
196,343,22,190,172,0,3,1,4,0,1,0,0,0,3,0,735,0,2,737,0,196,Panchayat  Union Primary  School New Building South side Mallishwerapuram,"1.Inam vadamalapuram (R.V), Mettavadamalapuram (p) West street
block 1 2.Inam Vadamalapuram(R.V), Mettavadamalapuram (P) North Street Block 1 3.Inam Vadamalapuram (R.V), Miattavadamalapuram(P) East  Street Block 1 , 4.Inam Vadamalapuram (R.V), Mettavadamalapuram (P) Krishnan Street Block 1 , 5.Inam Vadamalapuram (R.V), Mittavadamalapuram (P) Middle Street Block 1 6.Inam Vadamalapuram (R.V), Mittavadamalapuram (P) Sennarayapuram Block 2 , 7.Inam Vadamalapuram (R.V), Miattavadamalapuram (P) Kunchaiyapauram Block 2 , 8.Sundarapatchaiyapuram (R.V), Miattavadamalapuram(P) Sundarapacchaiyapuram Block 3 , 9.Malleeswarapuram (R.V), Mittavadamalapuram(P) Malleeswarapuram Block 4 99.OVERSEAS",General,All India Anna Dravida Munnetra Kazhagam,343,190,153,Dravida Munnetra Kazhagam,1,4,2,3,8,6,7,5,20.81632653061224,4,46.66666666666666,2.993197278911564,25.85034013605442,23.40136054421769,0.0,0.4081632653061225,0.1360544217687075,0.5442176870748299,2
197,218,21,177,115,0,0,7,6,0,0,0,1,2,1,0,544,0,3,547,0,197,"Panchayat  Union Middle School Main Building, Lakshmipuram","1.Lakshmipuram (R.V) And (P) Lakshmipuram Block 1 ,
2.Lakshmipuram (R.V) And (P) Lakshmipuram Block 2 , 3.Lakshmipuram (R.V) And (P) Lakshmipuram Block 3 99.OVERSEAS ELECTORS",General,All India Anna Dravida Munnetra Kazhagam,218,177,41,Dravida Munnetra Kazhagam,1,4,2,3,7,7,5,6,7.536764705882352,6,40.07352941176471,3.860294117647059,32.53676470588236,21.13970588235294,0.0,0.0,1.286764705882353,1.102941176470588,2
198,174,29,368,116,0,2,0,5,0,0,0,1,1,1,1,694,0,4,698,0,198,"Perumal Reddiar  Middle School West Building, Ramachandrapuram","1.Ramachandrapuram (R.V) And (P) Ramachandrapuram block 1 , 2.Ramachandrapuram (R.V) And (P) Ramachandrapuram Block 2
99.OVERSEAS ELECTORS",General,Dravida Munnetra Kazhagam,368,174,194,All India Anna Dravida Munnetra Kazhagam,2,4,1,3,7,6,7,5,27.95389048991355,5,25.07204610951009,4.178674351585014,53.02593659942363,16.71469740634006,0.0,0.2881844380403458,0.0,0.7204610951008645,3
199,177,7,92,31,0,0,0,0,0,0,0,0,0,0,0,307,0,1,308,0,199,"Panchayat  Union Primary
School,Subbiahpuram","1.Subbiahpuram (R.V), Ramachandrapuram (P) Subbiahpuram Block
3 99.OVERSEAS ELECTORS",General,All India Anna Dravida Munnetra Kazhagam,177,92,85,Dravida Munnetra Kazhagam,1,4,2,3,5,5,5,5,27.68729641693811,0,57.65472312703584,2.280130293159609,29.96742671009772,10.09771986970684,0.0,0.0,0.0,0.0,2
200,290,36,207,163,0,25,12,7,0,3,0,0,0,2,1,740,0,2,742,0,200,"Panchayat  Union Primary School,Keelavilathikulam","1.Keezha Vilathikulam (R.V) And (P) Keezha Vilathikulam Block 1 ,
2.Keezha Vilathikulam (R.V) And (P) Keezha Vilathikulam Block 2 ,
3.Keezha Vilathikulam (R.V) And (P) SolaiMalayanpatti Block 3 ,
4.Keezha Vilathikulam (R.V) And (P) Guralayampatti Block 4 99.OVERSEAS ELECTORS",General,All India Anna Dravida Munnetra Kazhagam,290,207,83,Dravida Munnetra Kazhagam,1,4,2,3,8,5,6,7,11.21621621621622,7,39.18918918918919,4.864864864864865,27.97297297297297,22.02702702702703,0.0,3.378378378378379,1.621621621621622,0.945945945945946,2
201,126,32,158,162,0,5,2,8,1,0,3,0,0,3,1,493,0,3,496,0,201,"Govt  Hr.Sec School West Building South
Portion, Vilathikulam","1.Villathikulam (S.P) Kamaraj Nagar, Door  No 1 to 25,
999.OVERSEAS ELECTORS",General,Tamilaga Vettri Kazhagam,162,158,4,Dravida Munnetra Kazhagam,3,4,2,1,8,6,7,5,0.8113590263691683,8,25.55780933062881,6.490872210953347,32.04868154158216,32.86004056795132,0.0,1.01419878296146,0.4056795131845842,1.622718052738337,1
202,139,24,151,143,0,3,0,3,1,0,0,0,0,2,0,463,0,1,464,0,202,"Govt  Hr.Sec School North West Building
Hall No:32, Vilathikulam","1.Villathikulam (S.P) Kamaraj Nagar, above Door  No: 26 ,
999.OVERSEAS ELECTORS",General,Dravida Munnetra Kazhagam,151,143,8,Tamilaga Vettri Kazhagam,3,4,1,2,7,5,7,5,1.727861771058316,3,30.02159827213823,5.183585313174946,32.6133909287257,30.88552915766738,0.0,0.6479481641468683,0.0,0.6479481641468683,1
203,210,35,196,196,0,9,4,2,1,0,0,0,0,1,0,652,0,6,658,0,203,"Govt  Hr.Sec School West Building North
Portion, Vilathikulam","1.Villathikulam (S.P) HighSchool Road Block 1 , 2.Villathikulam (S.P)
Bangala Street 99.OVERSEAS ELECTORS",General,All India Anna Dravida Munnetra Kazhagam,210,196,14,Tamilaga Vettri Kazhagam,1,4,2,2,8,5,6,7,2.147239263803681,2,32.20858895705521,5.368098159509203,30.06134969325153,30.06134969325153,0.0,1.380368098159509,0.6134969325153374,0.3067484662576687,1
204,210,33,266,278,1,9,10,5,0,1,0,0,0,2,0,812,0,3,815,0,204,"Govt  Hr  Sec School Centre Building A
Block South Portion Vilathikulam",1.Villathikulam (s.p) Ettaiyapuram road 99.OVERSEAS ELECTORS,General,Tamilaga Vettri Kazhagam,278,266,12,Dravida Munnetra Kazhagam,3,4,2,1,8,6,5,7,1.477832512315271,5,25.86206896551724,4.064039408866995,32.75862068965517,34.23645320197045,0.1231527093596059,1.108374384236453,1.231527093596059,0.6157635467980296,1
205,130,71,300,217,1,2,11,5,0,0,0,1,1,2,0,737,0,3,740,0,205,"Govt  Hr  Sec School Centre Building A
Block North Portion Vilathikulam",1.Villathikulam (S.P) Chidambarnagar  99.OVERSEAS ELECTORS,General,Dravida Munnetra Kazhagam,300,217,83,Tamilaga Vettri Kazhagam,3,4,1,2,8,7,5,6,11.26187245590231,5,17.63907734056988,9.633649932157395,40.70556309362279,29.44369063772049,0.135685210312076,0.271370420624152,1.492537313432836,0.6784260515603799,3
206,160,50,196,215,2,12,1,3,0,0,1,2,0,0,0,639,0,1,640,0,206,"Panchayat  Union Primary  School North Building, Vilatthikulam","1.Villathikulam (S.P) Rajiv Nagar, 2.Villathikulam (S.P) East  Car
Street , 3.Villathikulam (S.P) East  Car  Street 3 , 4.Villathikulam (T) East Car  Street 4 , 5.Villathikulam (S.P) East  Car  Street 5 , 6.Vilathikulam (S.P) V.O.C.  Street 99.OVERSEAS ELECTORS",General,Tamilaga Vettri Kazhagam,215,196,19,Dravida Munnetra Kazhagam,3,4,2,1,7,5,8,6,2.97339593114241,3,25.03912363067293,7.82472613458529,30.67292644757433,33.64632237871675,0.3129890453834116,1.877934272300469,0.1564945226917058,0.4694835680751174,1
207,180,33,158,209,0,2,1,3,0,0,0,1,1,0,1,586,0,4,590,0,207,"Panchayat  Union Primary  School Centre Building North Portion, Vilatthikulam","1.Villathikulam (S.P) Illathar 1 Street , 2.Villathikulam (S.P)
Mudaliyar  Street , 3.Villathikulam (S.P) MUdaliyar  1 Street , 4.Villathikulam (S.P) Mudaliyar  2 Street , 5.Villathikulam (S.P) Mudaliyar  3 Street , 6.Villathikulam (T) Nadar  1 Street , 7.Villathikulam (S.P) Nadar  2 Street 99.OVERSEAS ELECTORS",General,Tamilaga Vettri Kazhagam,209,180,29,All India Anna Dravida Munnetra Kazhagam,2,4,3,1,8,6,7,5,4.948805460750854,3,30.71672354948806,5.631399317406143,26.96245733788396,35.66552901023891,0.0,0.3412969283276451,0.1706484641638225,0.5119453924914675,1
208,187,43,176,196,2,10,0,2,0,0,0,0,0,1,0,616,0,2,618,0,208,"Govt  Hr  Sec School, North New Building West  Portion, Hall No.1 Vilathikulam","1.Villathikulam (S.P) Ettaiyapuram Road , 2.Villathikulam (S.P) Neer
Thekka Road , 3.Villathikulam (S.P) Salayam Street 2 , 4.Villathikulam (S.P) Salayam Street 3 , 5.Villathikulam (S.P) Salayam Street 1 Sandu, 6.Villathikulam (S.P) Salayam Street 2 Sandu 99.OVERSEAS ELECTORS",General,Tamilaga Vettri Kazhagam,196,187,9,All India Anna Dravida Munnetra Kazhagam,2,4,3,1,6,5,8,6,1.461038961038961,2,30.35714285714285,6.98051948051948,28.57142857142857,31.81818181818182,0.3246753246753247,1.623376623376623,0.0,0.3246753246753247,1
209,91,29,199,125,1,6,0,0,0,0,0,0,0,0,0,451,0,1,452,0,209,"Govt  Hr  Sec School, North New Building East Portion, Hall No.3 Vilathikulam","1.Villathikulam (S.P) Salayam Street 3 Sandu , 2.Villathikulam (S.P)
Salayam Street , 3.Villathikulam (S.P) West Car  Street , 4.Villathikulam (S.P) Poomariamman Kovil Street , 5.Villathikulam (S.P) Salayam Street Water  Tank Road , 6.Villathikulam (S.P) Salayam Street 1 99.OVERSEAS ELECTORS",General,Dravida Munnetra Kazhagam,199,125,74,Tamilaga Vettri Kazhagam,3,4,1,2,6,5,7,7,16.4079822616408,0,20.17738359201774,6.430155210643015,44.12416851441242,27.71618625277162,0.221729490022173,1.330376940133038,0.0,0.0,3
210,187,46,197,183,0,1,0,0,0,0,0,0,0,0,0,614,0,1,615,0,210,"Panchayat  Union Primary  School South East New Building, Vilathikulam","1.Villathikulam (S.P) East  Car  Street 2 , 2.Villathikulam (S.P) East
Car  Street 1 , 3.Villathikulam (S.P) Keelarathaveethi Street 3 , 4.Villathikulam (S.P) Keelarathaveethi Street 6 , 5.Villathikulam (S.P) Pandianar  Street , 6.Villathikulam (S.P) K.V.K. Samy Nagar Mudaliyar  Street Block 8 , 99.OVERSEAS ELECTORS",General,Dravida Munnetra Kazhagam,197,187,10,All India Anna Dravida Munnetra Kazhagam,2,4,1,3,6,5,6,6,1.628664495114007,0,30.45602605863192,7.491856677524431,32.08469055374593,29.80456026058632,0.0,0.1628664495114007,0.0,0.0,1
211,142,56,315,271,1,2,3,3,1,1,0,0,0,1,0,793,0,1,794,0,211,"Panchayat  Union Primary  School Centre Building East  Portion, Vilatthikulam","1.Vilathikulam (S.P) Vambor  Street , 2.Villathikulam (S.P) Baharathi Street , 3.Villathikulam (S.P) Bharathi 1 Street , 4.Villathikulam (S.P) Bharathi 2 Street , 5.Villathikulam (S.P) Pathirakaliamman Kovil Street , 6.Villathikulam (S.P) Police line Street , 7.Villathikulam (S.P) Annanagar  99.OVERSEAS ELECTORS`",General,Dravida Munnetra Kazhagam,315,271,44,Tamilaga Vettri Kazhagam,3,4,1,2,8,7,5,5,5.548549810844893,3,17.90668348045397,7.061790668348046,39.72257250945776,34.17402269861286,0.1261034047919294,0.2522068095838588,0.3783102143757882,0.3783102143757882,1
212,100,27,218,155,0,5,4,1,0,0,0,0,0,0,0,510,0,3,513,0,212,"T.D.T.A Middle School North Building,
Vilathikulam","1.Vilathikulam(S.P) Melaratha street , 2.Vilathikulam(S.P) Sannathi
Street , 999.OVERSEAS ELECTORS",General,Dravida Munnetra Kazhagam,218,155,63,Tamilaga Vettri Kazhagam,3,4,1,2,8,5,6,7,12.35294117647059,1,19.6078431372549,5.294117647058823,42.74509803921568,30.3921568627451,0.0,0.9803921568627451,0.7843137254901961,0.196078431372549,3
213,78,38,147,107,0,23,1,1,0,0,0,0,0,0,1,395,0,1,396,0,213,"Panchayat  Union Primary  School West Building South Face, Vilatthikulam","1.Vilathikulam(S.P) Taluk Office Road , 2.Villathikulam (S.P) Nathaji Street ,3.Vilathikulam(S.P) Hospital road , 4.Vilathikulam(S.P)
Thulasipatti 999.OVERSEAS ELECTORS",General,Dravida Munnetra Kazhagam,147,107,40,Tamilaga Vettri Kazhagam,3,4,1,2,8,5,6,6,10.12658227848101,1,19.74683544303797,9.620253164556962,37.21518987341772,27.08860759493671,0.0,5.822784810126582,0.2531645569620253,0.2531645569620253,3
214,176,50,290,334,2,16,6,15,1,1,2,2,2,5,0,889,0,3,892,0,214,"T.D.T.A Middle School New building
North East, Vilatthikulam","1.Vilathikulam(S.P) MeeranPalalayam street1 2.Vilathikulam(S.P)
MeeranPalayam street 2 99.OVERSEAS ELECTORS",General,Tamilaga Vettri Kazhagam,334,290,44,Dravida Munnetra Kazhagam,3,4,2,1,8,5,7,6,4.949381327334083,15,19.79752530933633,5.62429696287964,32.62092238470191,37.57030371203599,0.2249718785151856,1.799775028121485,0.6749156355455568,1.687289088863892,1
215,246,56,312,243,0,0,10,8,1,1,1,0,1,2,0,875,0,3,878,0,215,"St  .Piaus R C Primary  School,
Kathalampatti","1.Vilathikulam(S.P) Katthalampatti , 2.Vilathikulam(S.P)
Thulukkankulam 99.OVERSEAS ELECTORS",General,Dravida Munnetra Kazhagam,312,246,66,All India Anna Dravida Munnetra Kazhagam,2,4,1,3,7,7,5,6,7.542857142857143,8,28.11428571428571,6.4,35.65714285714286,27.77142857142857,0.0,0.0,1.142857142857143,0.9142857142857144,1
216,260,73,232,102,1,1,77,5,0,0,1,1,1,0,2,751,0,2,753,0,216,Balamurugan Primary  School East  side New Building Lekkammpatti,"1.Manthikulam (R.V) And (P) Lekkampatti Block 3 , 2.Mutthaiyapuram (R.V) And (P) Ellanthaikulam Block 4
99.OVERSEAS ELECTORS",General,All India Anna Dravida Munnetra Kazhagam,260,232,28,Dravida Munnetra Kazhagam,1,5,2,3,7,7,4,6,3.728362183754994,5,34.62050599201065,9.720372836218376,30.89214380825566,13.58189081225033,0.1331557922769641,0.1331557922769641,10.25299600532623,0.6657789613848202,0
217,104,73,184,53,0,0,0,2,0,0,0,0,0,1,0,416,0,1,417,0,217,"Anganwady Building, Elanthaikulam","3.Mutthaiyapuram (R.V) And (P) Ellanthaikulam Block 5
9.OVERSEAS ELECTORS",General,Dravida Munnetra Kazhagam,184,104,80,All India Anna Dravida Munnetra Kazhagam,2,3,1,4,6,6,6,5,19.23076923076923,2,25.0,17.54807692307692,44.23076923076923,12.74038461538461,0.0,0.0,0.0,0.4807692307692308,3
218,144,28,56,47,0,0,32,2,0,0,0,0,1,0,1,309,0,1,310,0,218,"Govt  Adi Dravidar welfare Primary
School, .  O.Lakshminarayanpuram","1.Manthikulam (R.V) And (P) O.Lakshminarayanapuram Block 2
99.OVERSEAS ELECTORS",General,All India Anna Dravida Munnetra Kazhagam,144,56,88,Dravida Munnetra Kazhagam,1,5,2,3,7,7,4,6,28.4789644012945,2,46.60194174757282,9.06148867313916,18.12297734627832,15.21035598705502,0.0,0.0,10.35598705501618,0.6472491909385114,2
219,100,56,304,188,0,6,8,7,0,0,0,0,1,5,1,669,0,3,672,0,219,"Govt  High School New Building, Ariyanayagipuram","1.Ariyanayakipuram (R.V) And (P) Ariyanayakipuram Block 1 ,
2.Ariyanayakipuram(R.V) And (P) Ariyanayakipuram Block 2 , 3.Ariyanayakipuram (R.V) And (P) Rettiyapatti Block 3 , 4.Ariyanayakipuram (R.V) And (P) Rettiyapatti Block 4 99.OVERSEAS ELECTORS",General,Dravida Munnetra Kazhagam,304,188,116,Tamilaga Vettri Kazhagam,3,4,1,2,8,7,5,6,17.33931240657698,7,14.94768310911809,8.370702541106128,45.44095665171898,28.101644245142,0.0,0.8968609865470852,1.195814648729447,1.046337817638266,3
220,195,12,76,57,0,0,0,2,0,0,0,0,0,1,1,342,0,3,345,0,220,Govt  High School New Building North Side Ariyanayagipuram,"1.Mutthaiyapuram (R.V) And (P) Mutthaiyapuram ,
2.Mutthaiyapuram (R.V) And (P) Mutthaiyapuram Block 1 , 3.Matharajapuram (R.V) And (P) Matharajapuram Block 5 99.OVERSEAS ELECTORS",General,All India Anna Dravida Munnetra Kazhagam,195,76,119,Dravida Munnetra Kazhagam,1,4,2,3,6,6,6,5,34.7953216374269,2,57.01754385964912,3.508771929824561,22.22222222222222,16.66666666666666,0.0,0.0,0.0,0.5847953216374269,2
221,167,56,203,163,0,1,133,5,0,0,0,2,2,1,0,728,0,0,728,0,221,"Panchayat  Union Middle School, Thathaneri","1.ThathaNeri (R.V) And (P) ThathaNeri Block 1 , 2.ThathaNeri (R.V)
And (P) ThathaNeri Block 2 , 3.ThathaNeri (R.V) And (P) Ramasamypuram Block 4 , 4.Kannimarkuttam (R.V), ThathaNeri (P) Kannimarkuttam Block 6 , 5.Kannimarkuttam (R.V), Thathanari (P)
Ucimaciyapuram Block 6 99.OVERSEAS ELECTORS",General,Dravida Munnetra Kazhagam,203,167,36,All India Anna Dravida Munnetra Kazhagam,2,5,1,3,8,7,4,6,4.945054945054945,5,22.93956043956044,7.692307692307693,27.88461538461539,22.39010989010989,0.0,0.1373626373626374,18.26923076923077,0.6868131868131868,0
222,93,25,134,81,0,20,1,0,0,0,0,0,0,0,0,354,0,1,355,0,222,Shengavinayagar  Hindu Primery School M.Kumarasakkanapuram,"1.Kumarasakkanapuram (R.V) And (P) North Street Block 1 ,
2.M.Kumara Sakkanapuram (R.V) And (P) South Street Block 2 , 3.M. Subramaniapuram (R.V), Kumara Sakkanapuram (P) Veerakanchipuram Block 3 99.OVERSEAS ELECTORS",General,Dravida Munnetra Kazhagam,134,93,41,All India Anna Dravida Munnetra Kazhagam,2,4,1,3,7,5,6,7,11.5819209039548,0,26.27118644067797,7.062146892655368,37.85310734463277,22.88135593220339,0.0,5.649717514124294,0.2824858757062147,0.0,3
223,224,42,291,146,1,12,1,2,1,0,0,0,0,1,0,719,0,3,722,0,223,"Hindu Ganapathikasinathan primary School East  Building, K.
Thangamalpuram","1.K. Thangammalpuram (R.V) And (P) K. Thangammalpuram Block 1
, 2.K. Thangammalpuram (R.V) And (P) K. Thangammalpuram Block 2 99.OVERSEAS ELECTORS",General,Dravida Munnetra Kazhagam,291,224,67,All India Anna Dravida Munnetra Kazhagam,2,4,1,3,7,5,7,6,9.318497913769123,2,31.15438108484005,5.84144645340751,40.47287899860918,20.30598052851182,0.1390820584144645,1.668984700973574,0.1390820584144645,0.2781641168289291,3
224,219,45,198,226,1,1,0,3,0,0,0,0,0,2,0,693,0,1,694,0,224,"St.  Thanislas Primery  School Eastern Portion, Soorangudi","1.Soorankudi (R.V) And (P) North Street Block 1 , 2.Soorankudi (R.V) And (P) Mela Street Block 1 , 3.Soorangudi (R.V) And (P) Pillaiyar Kovil Street Block 1 , 4.Soorangudi (R.V) And (P) Utchi natham Road West  Block 1 , 5.Soorangudi (R.V) And (P) Middle Street Block 2 6.Soorankudi (R.V) and (P) South Street Block 3 , 7.Soorangudi (R.V) And (P) Bharathiyar  Street Block 4 , 8.Soorangudi (R.V) And (P) Corner  Road Juntion Block 4 99.OVERSEAS ELECTORS",General,Tamilaga Vettri Kazhagam,226,219,7,All India Anna Dravida Munnetra Kazhagam,2,4,3,1,6,6,8,5,1.01010101010101,3,31.6017316017316,6.493506493506493,28.57142857142857,32.61183261183261,0.1443001443001443,0.1443001443001443,0.0,0.4329004329004329,1
225,130,51,175,121,0,2,17,4,0,0,0,0,2,2,0,500,0,1,501,0,225,"St.  Thanislas Primary School Western
Portion, Soorangudi","1.Soorankudi (R.V) And (P) Keela Street Block 4 , 999.OVERSEAS
ELECTORS",General,Dravida Munnetra Kazhagam,175,130,45,All India Anna Dravida Munnetra Kazhagam,2,4,1,3,8,7,5,6,9.0,4,26.0,10.2,35.0,24.2,0.0,0.4,3.4,0.8,0
226,129,34,188,143,2,7,1,4,0,0,0,0,1,2,1,508,0,2,510,0,226,"St.  Thanislas Primary School, New Building, East  Side, Soorangudi","1.Soorangudi (R.V) And (P) North Street Block 4 , 2.Soorangudi (R.V)
And (P) Arunthathiyar  Street Block 4 , 3.Soorangudi (R.V) And (P)
Aathidravidar Colony Street Block 4 , 4.Soorangudi (R.V) And (P) Silon Colony Block 4 999.OVERSEAS ELECTORS",General,Dravida Munnetra Kazhagam,188,143,45,Tamilaga Vettri Kazhagam,3,4,1,2,7,5,8,6,8.858267716535433,4,25.39370078740157,6.692913385826772,37.00787401574803,28.1496062992126,0.3937007874015748,1.377952755905512,0.1968503937007874,0.7874015748031495,1
227,167,89,226,250,1,1,1,4,0,0,0,2,1,1,0,739,0,3,742,0,227,"St.Sebasthiyar  Middle School East Building, Vembar","1.Vembaor  (R.V) And (P) Ambalakarar  Street Block 3 , 2.Vembaor
(R.V) And (P) Rajapalayam Block 2 , 3.Vembaor  (R.V) And (P) Melaramarayapuram Block 5 , 4.Vembaor  (R.V) And (P) Siluvaipuram Block 5 , 5.Vembar (R.V) And (P) Rayappapuram Block 6 99.OVERSEAS ELECTORS",General,Tamilaga Vettri Kazhagam,250,226,24,Dravida Munnetra Kazhagam,3,4,2,1,6,6,6,5,3.247631935047361,4,22.59810554803789,12.04330175913396,30.58186738836265,33.82949932341001,0.1353179972936401,0.1353179972936401,0.1353179972936401,0.5412719891745602,1
228,93,60,317,391,1,5,0,6,0,0,1,1,3,1,0,873,0,4,877,0,228,"St.Sebasthiyar  Middle School West Main
Building, Vembar","1.Vembaor  (R.V) And (P) Vembaor  block 1 , 2.Vembaor  (R.V) And (P)
Vembaor  Block 2 99.OVERSEAS ELECTORS",General,Tamilaga Vettri Kazhagam,391,317,74,Dravida Munnetra Kazhagam,3,4,2,1,7,6,8,5,8.47651775486827,6,10.65292096219931,6.872852233676976,36.31156930126002,44.7880870561283,0.1145475372279496,0.572737686139748,0.0,0.6872852233676976,1
229,178,86,186,168,1,0,0,4,0,0,0,0,1,2,1,623,0,2,625,0,229,"Panchayat  Union Primary  School, New
Building, Keela Shunmugapuram","1.M. Shunmugapuram (R.V) And (P) KeelaShunmugapuram Block 2
999.OVERSEAS ELECTORS",General,Dravida Munnetra Kazhagam,186,178,8,All India Anna Dravida Munnetra Kazhagam,2,4,1,3,6,7,7,5,1.284109149277689,4,28.57142857142857,13.80417335473515,29.85553772070626,26.96629213483146,0.1605136436597111,0.0,0.0,0.6420545746388443,0
230,67,110,434,324,2,0,0,3,1,0,0,1,0,1,0,940,0,1,941,0,230,"St.  Peter  Middle School Western Side North Building, Vembar
Subramaniyapuram","1.Vembar  (R.V), Vembar South (P) Subbramaniyapuram Block 1 99.OVERSEAS ELECTORS",General,Dravida Munnetra Kazhagam,434,324,110,Tamilaga Vettri Kazhagam,4,3,1,2,6,7,7,5,11.70212765957447,3,7.127659574468086,11.70212765957447,46.17021276595744,34.46808510638298,0.2127659574468085,0.0,0.0,0.3191489361702127,3
231,81,65,276,217,3,1,0,5,0,0,0,0,2,2,0,648,0,1,649,0,231,"St.Peter  Middle School South Side West Building, Vembar Subramaniyapuram","1.Vembar  (R.V), Vembar South (P) Subbramaniyapuram Block 2 99.OVERSEAS ELECTORS",General,Dravida Munnetra Kazhagam,276,217,59,Tamilaga Vettri Kazhagam,3,4,1,2,6,7,8,5,9.104938271604938,5,12.5,10.03086419753086,42.5925925925926,33.48765432098765,0.4629629629629629,0.154320987654321,0.0,0.7716049382716049,3
232,216,103,204,227,0,1,0,9,1,0,1,1,3,0,2,760,0,0,760,0,232,"Hindu Nadar  Uravienmurai Committee Primary School North Eastern portion,
Valasamudiram Vembar","2.Vembar  (R.V), Vembar South (P) Valasamuthiram Block 2 99.OVERSEAS ELECTORS",General,Tamilaga Vettri Kazhagam,227,216,11,All India Anna Dravida Munnetra Kazhagam,2,4,3,1,7,6,7,5,1.447368421052632,9,28.42105263157895,13.55263157894737,26.84210526315789,29.86842105263158,0.0,0.131578947368421,0.0,1.18421052631579,0
233,180,86,283,250,0,2,1,12,2,0,0,3,2,4,1,814,0,1,815,0,233,"Hindu Nadar  Uravienmurai Committee Primary School South Western portion, Valasamudrapuram Vembar","1.Vembar  (R.V), Vembar South (P) Valasamuthiram Block1 ,
2.Vembar  (R.V), Vembar South (P) Pachiyapuram Block 3 , 3.Vembar (R.V), Vembar South (P) Pachiyapuram Block 3 , 4.Vembar (R.V), Vembar South (P) Matharachipuram Block 3 5.Vembar(R.V), Vembar South (P) Attrukku akkari Block 3 99.OVERSEAS ELECTORS",General,Dravida Munnetra Kazhagam,283,250,33,Tamilaga Vettri Kazhagam,3,4,1,2,8,6,7,5,4.054054054054054,12,22.11302211302211,10.56511056511057,34.76658476658477,30.71253071253071,0.0,0.2457002457002457,0.1228501228501229,1.474201474201474,1
234,78,56,250,195,1,1,0,2,0,0,0,0,0,2,0,583,0,0,583,0,234,"St.  Antoniyar  High School New Building West  Portion, Periasamypuram","1.Periyasamypuram (R.V) And (P) Periyasamypuram Block 1,
3.Periyasamypuram (R.V) And (P) Kunjaipuram Block 3 , 4.Periyasamypuram (R.V) And (P) Muthaiapuram Block 4 99.OVERSEAS ELECTORS",General,Dravida Munnetra Kazhagam,250,195,55,Tamilaga Vettri Kazhagam,3,4,1,2,6,6,8,5,9.433962264150944,2,13.37907375643225,9.605488850771868,42.88164665523156,33.44768439108062,0.1715265866209262,0.1715265866209262,0.0,0.3430531732418525,3
235,109,86,267,186,0,0,0,0,0,0,0,0,0,0,0,648,0,2,650,0,235,"St.  Antoniyar  High School, East  portion,
Periasamypuram","2.Periyasamypuram (R.V) And (P) Periyasamypuram Block 2
99.OVERSEAS ELECTORS",General,Dravida Munnetra Kazhagam,267,186,81,Tamilaga Vettri Kazhagam,3,4,1,2,5,5,5,5,12.5,0,16.82098765432099,13.27160493827161,41.2037037037037,28.7037037037037,0.0,0.0,0.0,0.0,3
236,145,22,103,76,0,0,0,0,0,0,0,0,0,0,0,346,0,0,346,0,236,"Village Panchyat  sevai centre building, M
Shanmugapuram","1.M. Shunmugapuram (R.V) And (P) M. Shunmugapuram Block 1
99.OVERSEAS ELECTORS",General,All India Anna Dravida Munnetra Kazhagam,145,103,42,Dravida Munnetra Kazhagam,1,4,2,3,5,5,5,5,12.13872832369942,0,41.90751445086705,6.358381502890173,29.76878612716763,21.96531791907514,0.0,0.0,0.0,0.0,2
237,266,38,224,157,1,0,0,5,0,1,0,0,1,2,1,691,0,3,694,0,237,"Panchayat  Union primary  School Old
Building , Melmanthai","1.Melmanthai (R.V) And (P) Melmanthai Block 2 99.OVERSEAS
ELECTORS",General,All India Anna Dravida Munnetra Kazhagam,266,224,42,Dravida Munnetra Kazhagam,1,4,2,3,6,7,7,5,6.078147612156296,5,38.49493487698987,5.499276410998553,32.41678726483357,22.72069464544139,0.1447178002894356,0.0,0.0,0.723589001447178,2
238,180,67,200,120,0,0,10,5,0,0,0,1,0,3,1,582,0,1,583,0,238,"Panchayat  Union primary  School New
Building, Melmanthai","1.Melmanthai (R.V) And (P) Melmanthai Block 1 99.OVERSEAS
ELECTORS",General,Dravida Munnetra Kazhagam,200,180,20,All India Anna Dravida Munnetra Kazhagam,2,4,1,3,7,7,5,6,3.436426116838488,5,30.92783505154639,11.51202749140893,34.36426116838488,20.61855670103093,0.0,0.0,1.718213058419244,0.859106529209622,0
239,153,87,336,160,0,3,15,12,1,0,2,0,0,1,7,766,0,3,769,0,239,"T.N.D.T.A Primary  School, E
Velayuthapuram","1.E. Velayuthapuram (R.V), Melmanthai (P) E. Velauthapuram Block
3 99.OVERSEAS ELECTORS",General,Dravida Munnetra Kazhagam,336,160,176,Tamilaga Vettri Kazhagam,3,4,1,2,8,7,5,6,22.97650130548303,12,19.97389033942559,11.35770234986945,43.86422976501306,20.88772845953002,0.0,0.3916449086161879,1.95822454308094,1.566579634464752,3
240,353,85,299,234,3,0,15,8,0,0,0,2,0,2,3,997,0,6,1003,0,240,"Panchayat  Union Middle School New Building South side East  portion,
Virusampatti","1.Virusampatti (R.V) And (P) Virusampatti block 1 , 2.Virusampatti (R.V),And (P) Virusampatti Block 2 , 3.Virusampatti (R.V) And (P)
Mamunainapuram Block 3 99.OVERSEAS ELECTORS",General,All India Anna Dravida Munnetra Kazhagam,353,299,54,Dravida Munnetra Kazhagam,1,4,2,3,7,8,5,6,5.416248746238716,8,35.4062186559679,8.525576730190572,29.98996990972919,23.4704112337011,0.3009027081243731,0.0,1.504513540621865,0.802407221664995,1
241,179,89,273,195,1,10,11,6,0,2,0,1,0,3,0,764,0,1,765,0,241,"Panchayat  Union Primary  School, Vadamalaisamuthiram","1.Poosanoor  (R.V) And (P) Poosanoor  Block1 2.Poosanoor  (R.V) And
(P) Vadamalaisamuthiram Block 2 , 3.Poosanoor  (R.V) And (P) Kumarasakanapuram Block 4 , 4.Poosanoor  (R.V) And (P) M. Velauthapuram Block 5 99.OVERSEAS ELECTORS",General,Dravida Munnetra Kazhagam,273,195,78,Tamilaga Vettri Kazhagam,3,4,1,2,8,6,5,7,10.20942408376963,6,23.42931937172775,11.64921465968586,35.73298429319372,25.52356020942408,0.1308900523560209,1.308900523560209,1.43979057591623,0.7853403141361256,3
242,246,114,302,197,2,16,20,5,0,0,0,1,0,1,0,902,0,1,903,0,242,"Panchayat  Union Primary  School, New Building, Puliankulam","1.Puliangkulam (R.V) And (P) Puliangkulam Block 1 , 2.Puliangkulam (R.V) And (P) Puliangkulam Block 2 , 3.Puliangkulam (R.V) And (P) ArasanKulan Block 3 99.OVERSEAS ELECTORS",General,Dravida Munnetra Kazhagam,302,246,56,All India Anna Dravida Munnetra Kazhagam,2,4,1,3,8,6,5,7,6.208425720620843,5,27.27272727272727,12.63858093126386,33.48115299334812,21.84035476718404,0.221729490022173,1.773835920177384,2.217294900221729,0.5543237250554324,0
243,156,131,135,182,0,1,55,9,0,0,1,1,1,2,1,669,0,6,675,0,243,"Panchayat  Union Middle School New Building, Nedunkulam","1.Nedungulam (R.V) And (P) Nedungulam Block 1 , 2.Nedungulam (R.V) And (P) Nedungulam (Thuvaranthai) Block 2 99.OVERSEAS
ELECTORS",General,Tamilaga Vettri Kazhagam,182,156,26,All India Anna Dravida Munnetra Kazhagam,2,4,3,1,8,7,5,6,3.886397608370702,9,23.31838565022422,19.58146487294469,20.17937219730942,27.20478325859492,0.0,0.1494768310911809,8.221225710014949,1.345291479820628,0
244,160,24,211,158,0,2,1,0,0,0,0,0,0,0,0,556,0,0,556,0,244,"T.D.T.A.Middle School West Building,
North Portion V.Vedapatti","1.V.  Vedapatti (R.V) And (P) V. Vedapatti Block 1 , 999.OVERSEAS
ELECTORS",General,Dravida Munnetra Kazhagam,211,160,51,All India Anna Dravida Munnetra Kazhagam,2,4,1,3,7,5,6,7,9.172661870503598,0,28.77697841726619,4.316546762589928,37.94964028776979,28.41726618705036,0.0,0.3597122302158274,0.1798561151079137,0.0,3
245,117,41,209,99,1,2,10,4,0,0,1,1,0,0,1,483,0,3,486,0,245,"T.D.T.A.Middle School West Building,
South Portion, V.Vedapatti","1.V.Vedapatti (R.V) And (P) V.Vedapatti Block 2 , 2.V.Vedappatti (R.V)
And (P) V.Vedappatti Block 3 999.OVERSEAS ELECTORS",General,Dravida Munnetra Kazhagam,209,117,92,All India Anna Dravida Munnetra Kazhagam,2,4,1,3,8,7,5,6,19.04761904761905,4,24.22360248447205,8.488612836438923,43.2712215320911,20.49689440993789,0.2070393374741201,0.4140786749482402,2.070393374741201,0.8281573498964804,3
246,235,139,343,179,1,0,23,11,2,1,1,2,2,1,0,931,0,1,932,0,246,"Panchayat  Union Primary  School East Portion, Pallakulam","1.Pallakulam (R.V), Nedungulam(P) Pallakulam Block 2 , 2.Pallakulam (R.V), Nedungulam (P) Pallakulam Block 3
99.OVERSEAS ELECTORS",General,Dravida Munnetra Kazhagam,343,235,108,All India Anna Dravida Munnetra Kazhagam,2,4,1,3,7,8,5,6,11.60042964554243,11,25.24167561761547,14.93018259935553,36.84210526315789,19.2266380236305,0.1074113856068743,0.0,2.470461868958109,1.181525241675618,0
247,81,24,121,158,0,0,12,4,2,1,0,0,1,0,0,400,0,1,401,0,247,"Hindu Nadar  Middle School West
Building South Portion Kulathur","1.Kulathur  East  (R.V), Kulathur  (P) Kulathur  East  Block 4 ,
999.OVERSEAS ELECTORS",General,Tamilaga Vettri Kazhagam,158,121,37,Dravida Munnetra Kazhagam,3,4,2,1,7,7,5,6,9.25,4,20.25,6.0,30.25,39.5,0.0,0.0,3.0,1.0,1
248,132,76,204,315,2,0,26,2,0,0,0,1,0,0,1,757,0,1,758,0,248,"Hindu Nadar  Middle School West
Building North Portion, Kulathur","1.Kulathur  (R.V), Kulathur  (P) Kulathur  North Block 3
999.OVERSEAS ELECTORS",General,Tamilaga Vettri Kazhagam,315,204,111,Dravida Munnetra Kazhagam,3,4,2,1,6,8,5,6,14.66314398943197,2,17.43725231175694,10.03963011889036,26.94848084544254,41.6116248348745,0.2642007926023778,0.0,3.434610303830912,0.2642007926023778,1
249,97,53,124,171,0,1,20,4,0,1,0,1,0,2,0,470,0,3,473,0,249,"Hindu Nadar  Middle School East  Block Main Building, Kulathur","1.Kulathur  (R.V), Kulathur  (P) Melakachilapuram Block 1 ,
2.Kulathur  (R.V), Kulathur  (P) Muthuramalingapuram Block 3, Door No.1 to 3, 999.OVERSEAS ELECTORS",General,Tamilaga Vettri Kazhagam,171,124,47,Dravida Munnetra Kazhagam,3,4,2,1,8,7,5,6,10.0,4,20.63829787234042,11.27659574468085,26.38297872340425,36.38297872340426,0.0,0.2127659574468085,4.25531914893617,0.851063829787234,0
250,135,9,129,64,0,0,14,4,0,0,0,1,0,1,0,355,0,3,358,1,250,"Hindu Nadar  Middle School West Block,
Kalaigarangam Near, Kulathur","1.Kulathur  (R.V), Kulathur  (P) Muthuramalingapuram Block 3, above
Door  No.4, 999.OVERSEAS ELECTORS",General,All India Anna Dravida Munnetra Kazhagam,135,129,6,Dravida Munnetra Kazhagam,1,5,2,3,7,7,4,6,1.690140845070422,4,38.0281690140845,2.535211267605634,36.33802816901409,18.02816901408451,0.0,0.0,3.943661971830986,1.126760563380282,2
251,137,90,244,128,0,0,56,11,2,2,0,1,0,4,1,666,0,1,667,0,251,"Hindu Nadar  Middle School West Building South Side, Kulathur","1.Kulathur  North (R.V), Kulathur  (P) Kachilapuram Block 1 ,
2.Kulathur  North (R.V), Kulathur  (P) Ramachandrapuram Block 1,
3.Kulathur  North (R.V), Kulathur  (P) Ramanathapuram Block 1 99.OVERSEAS ELECTORS",General,Dravida Munnetra Kazhagam,244,137,107,All India Anna Dravida Munnetra Kazhagam,2,4,1,3,7,7,5,6,16.06606606606606,11,20.57057057057057,13.51351351351351,36.63663663663664,19.21921921921922,0.0,0.0,8.408408408408409,1.651651651651652,0
252,156,54,195,124,1,0,1,5,0,1,0,0,2,2,0,536,0,1,537,0,252,"Panchayat  Union Middle School North
Building K.Subramaniapuram","1.Kulathur  North (R.V), Kulathur  (P) Subramaniyapuram Block 1
99.OVERSEAS ELECTORS",General,Dravida Munnetra Kazhagam,195,156,39,All India Anna Dravida Munnetra Kazhagam,2,4,1,3,6,8,6,5,7.276119402985075,5,29.1044776119403,10.07462686567164,36.38059701492538,23.13432835820895,0.1865671641791045,0.0,0.1865671641791045,0.9328358208955223,1
253,177,59,148,182,3,0,28,2,0,0,0,1,1,0,0,599,0,5,604,0,253,"Govt  Higher  Secondary  School East  side
North Block, Kulathur","1.Kulathur  South (R.V),Kulathur  (P) Kulathur  South Block 8
99.OVERSEAS ELECTORS",General,Tamilaga Vettri Kazhagam,182,177,5,All India Anna Dravida Munnetra Kazhagam,2,4,3,1,6,8,5,7,0.8347245409015025,2,29.54924874791319,9.84974958263773,24.70784641068447,30.38397328881469,0.5008347245409015,0.0,4.674457429048414,0.333889816360601,0
254,216,89,225,243,0,1,4,2,0,0,1,0,1,0,0,780,0,1,781,0,254,"Govt  Higher  Secondary  School North Building Central Hall, Kulathur","1.Kulathur  South (R.V), Kulalthur  (P) Kulathur  South Block 9 ,
2.Kulathur  South (R.V),Kulathur  (P) Kulathur  South Block10 ,
3.Kulathur  South (R.V), Kulathur  (P) Kulathur  South Block 11 99.OVERSEAS ELECTORS",General,Tamilaga Vettri Kazhagam,243,225,18,Dravida Munnetra Kazhagam,3,4,2,1,8,7,5,6,2.307692307692308,2,27.69230769230769,11.41025641025641,28.84615384615384,31.15384615384615,0.0,0.1282051282051282,0.5128205128205128,0.2564102564102564,1
255,215,40,216,142,0,5,12,2,1,0,0,0,0,1,0,632,0,1,633,0,255,"Panchayat  Union Primary  School,Mullur","1.Mullur Muthukumarapuram (R.V), Mullur (P) Mullur Block 1 ,
2.Mullur Muthukumarapuram (R.V), Mullur (P) Muthukumarapuram
Block 2 , 3.Mullur Muthukumarapuram (R.V),Mullur (P) Ayyerpatti Block 3 99.OVERSEAS ELECTORS",General,Dravida Munnetra Kazhagam,216,215,1,All India Anna Dravida Munnetra Kazhagam,2,4,1,3,8,6,5,7,0.1582278481012658,2,34.01898734177215,6.329113924050633,34.17721518987342,22.46835443037975,0.0,0.7911392405063291,1.89873417721519,0.3164556962025317,1
256,218,25,189,129,1,0,1,3,1,0,0,1,0,1,0,566,0,0,566,0,256,"T.N.D.T.A Middle School South side New Building, Kollamparumbu","1.Kollamparambu (R.V) And (P) Kollamparambu Block 1 , 2.Kollamparambu (R.V) And (P) Kollamparambu Block 2
99.OVERSEAS ELECTORS",General,All India Anna Dravida Munnetra Kazhagam,218,189,29,Dravida Munnetra Kazhagam,1,4,2,3,6,8,6,5,5.123674911660777,3,38.51590106007068,4.41696113074205,33.39222614840989,22.79151943462898,0.176678445229682,0.0,0.176678445229682,0.5300353356890459,2
257,229,34,239,321,0,0,0,1,0,0,0,0,0,0,0,824,0,4,828,0,257,Panchayat  Union Primary  School East Portion K.Shunmugapuram,"1.K. shunmugapuram (R.V) And (P) K. shunmugapuram block 1, 2.K. Shunmugapuram (R.V) And (P) K. Shunmugapuram Block 2
99.OVERSEAS ELECTORS",General,Tamilaga Vettri Kazhagam,321,239,82,Dravida Munnetra Kazhagam,3,4,2,1,6,6,6,5,9.951456310679612,1,27.79126213592233,4.12621359223301,29.00485436893204,38.95631067961165,0.0,0.0,0.0,0.1213592233009709,1
258,257,65,204,199,3,8,18,4,0,0,0,0,1,0,2,758,0,2,760,0,258,"Panchayat  Union Primary  School, V.Thalavaipuram","1.D.Duraisamypuram (R.V), Vallinayahipuram (P) Vallinayahipuram block 1 , 2.D.Duraisamypuram (R.V), Vallinayahipuram (P) Venkateshpuram Block 2 , 3.D.Duraisamypuram (R.V), Vallinayahipuram (P) Thalavaipuram Block 3 , 4.D.  Duraisamypuram (R.V), Vallinayahipuram (P) Sakkammalpuram Block 4, 5.D. Duraisamypuram (R.V), Vallinayahipuram (P) Sakkammalpuram Block 5 99.OVERSEAS ELECTORS",General,All India Anna Dravida Munnetra Kazhagam,257,204,53,Dravida Munnetra Kazhagam,1,4,2,3,8,6,5,7,6.992084432717678,4,33.90501319261214,8.575197889182059,26.91292875989446,26.2532981530343,0.395778364116095,1.055408970976253,2.37467018469657,0.5277044854881267,1
259,225,86,264,255,5,10,55,13,3,1,0,3,1,2,2,913,0,3,916,0,259,"Hindu Nadar  Primary  School, T.Duraisamy Puram","1.Therkkukalmaydu (R.V) And (P) Therkkukalmaydu Block 1 ,
2.Therkkukalmaydu (R.V) And (P) Melakalmaydu Block 2 , 3.Therkkukalmaydu (R.V) And (P) Pugadupatti duraisamypuram Block 3 , 4.Therkkukalmaydu (R.V) And (P) Duraisamypuram Block 4
, 5.Therkkukalmaydu (R.V) And (P) Sundareswarapuram Block 5
99.OVERSEAS ELECTORS",General,Dravida Munnetra Kazhagam,264,255,9,Tamilaga Vettri Kazhagam,3,4,1,2,8,7,5,6,0.9857612267250823,13,24.64403066812705,9.41949616648412,28.91566265060241,27.92990142387733,0.547645125958379,1.095290251916758,6.024096385542169,1.423877327491785,0
260,165,26,231,160,0,0,2,5,0,1,0,1,1,2,0,589,0,1,590,0,260,"Panchayat  Union Elementry School
South Building, Vedanattham","1.Vedanatham (R.V) And (P) Vedanatham block 1 , 3.Vedanatham
(R.V) And (P) Vedanatham Block 3 99.OVERSEAS ELECTORS",General,Dravida Munnetra Kazhagam,231,165,66,All India Anna Dravida Munnetra Kazhagam,2,4,1,3,7,7,6,5,11.20543293718166,5,28.01358234295416,4.414261460101867,39.21901528013582,27.16468590831919,0.0,0.0,0.3395585738539898,0.8488964346349746,3
261,205,29,142,239,0,2,3,2,0,0,0,0,0,1,1,622,0,1,623,0,261,"Panchayat  Union Elementry School, North Building, Vedanattham
Vedanatham","2.Vedanatham (R.V) And (P) Vedanatham Block 2 , 99.OVERSEAS ELECTORS",General,Tamilaga Vettri Kazhagam,239,205,34,All India Anna Dravida Munnetra Kazhagam,2,4,3,1,8,6,5,6,5.466237942122187,2,32.95819935691318,4.662379421221865,22.82958199356913,38.42443729903537,0.0,0.3215434083601286,0.482315112540193,0.3215434083601286,1
262,76,37,334,215,0,3,6,4,0,0,1,0,0,1,1,675,0,2,677,0,262,"Panchayat  Union Middle School, North New Building, Pattinamarudhur","1.Tharuvaikulam (R.V) And (P), &  Pattanamaruthour (R.V) And (P)
Pattanamaruthour Block 1 , 2.Tharuvaikulam (R.V) And (P), & Pattanamaruthour (R.V) And (P) Bhalarpatti Block 3 99.OVERSEAS ELECTORS",General,Dravida Munnetra Kazhagam,334,215,119,Tamilaga Vettri Kazhagam,3,4,1,2,8,7,5,6,17.62962962962963,4,11.25925925925926,5.481481481481482,49.48148148148148,31.85185185185185,0.0,0.4444444444444444,0.8888888888888888,0.5925925925925926,3
263,183,126,230,161,1,0,1,7,0,0,0,1,2,2,0,709,0,1,710,0,263,"T.N.D.T.A .Middle School North East Building, V.Kalukasalapuram Veppalodai","1.Veppalodai (R.V) And (P) North Street Block 1 , 2.Veppalodai (R.V) And (P) Nasavalar  Block 2 99.OVERSEAS ELECTORS",General,Dravida Munnetra Kazhagam,230,183,47,All India Anna Dravida Munnetra Kazhagam,2,4,1,3,6,8,6,5,6.629055007052186,7,25.81100141043724,17.77150916784203,32.44005641748942,22.70803949224259,0.1410437235543018,0.0,0.1410437235543018,0.9873060648801129,0
264,165,58,238,255,0,0,0,3,0,0,0,0,0,1,1,719,0,1,720,0,264,"T.N.D.T.A .Middle School West Building, V.Kalukasalapuram Veppalodai","1.Veppalodai (R.V) And (P) V.Kalukachalapuram Block 3 , 2.Veppalodai (R.V) And (P) Malaiyan Block 4 , 3.Veppalodai (R.V) And
(P) Venkatachalapuram Block 7 99.OVERSEAS ELECTORS",General,Tamilaga Vettri Kazhagam,255,238,17,Dravida Munnetra Kazhagam,3,4,2,1,6,6,6,5,2.364394993045897,3,22.94853963838665,8.066759388038943,33.10152990264255,35.46592489568845,0.0,0.0,0.0,0.4172461752433936,1
265,179,113,363,305,2,2,15,11,0,1,0,0,0,4,3,990,0,4,994,0,265,V.P.S.G Primary  School V.Pandiapuram Veppalodai,"1.Veppalodai (R.V) And (P) Veppalodai Block 5 , 2.Veppalodai (R.V) And (P) Veppalodai Block 6 , 3.Veppalodai (R.V) And (P) North
Kalmaydu Block 8 99.OVERSEAS ELECTORS",General,Dravida Munnetra Kazhagam,363,305,58,Tamilaga Vettri Kazhagam,3,4,1,2,7,7,5,6,5.858585858585859,11,18.08080808080808,11.41414141414141,36.66666666666666,30.80808080808081,0.202020202020202,0.202020202020202,1.515151515151515,1.111111111111111,1
266,120,112,105,117,0,0,3,7,0,0,2,0,0,3,2,464,0,0,464,0,266,"Hindu Nadar  Middle School South
Building, Panaiyur","1.Kulathur  South (R.V), Kulathur  (P) Mettupanaiur north street block
4 99.OVERSEAS ELECTORS",General,All India Anna Dravida Munnetra Kazhagam,120,117,3,Tamilaga Vettri Kazhagam,1,3,4,2,7,7,6,5,0.646551724137931,7,25.86206896551724,24.13793103448276,22.62931034482759,25.21551724137931,0.0,0.0,0.646551724137931,1.508620689655172,0
267,166,140,176,240,0,2,14,5,0,0,1,1,0,0,0,743,0,3,746,0,267,"Hindu Nadar  Middle School North Building, Panaiyur","1.Kulathur  South (R.V), Kulathur  (P) Mettu Panaiur South Street
Block 4 , 2.Kulathur  South (R.V), Kulathur  (P) SouthPanaiur East Street Block 4 99.OVERSEAS ELECTORS",General,Tamilaga Vettri Kazhagam,240,176,64,Dravida Munnetra Kazhagam,3,4,2,1,8,7,5,6,8.613728129205922,5,22.34185733512786,18.84253028263795,23.68775235531628,32.3014804845222,0.0,0.2691790040376851,1.884253028263795,0.6729475100942126,0
268,62,20,158,97,1,2,3,3,0,0,0,0,2,0,1,346,0,0,346,0,268,"Panchayat  Union Primary  School, Inamkallurani","1.Vaippar Part  1 (R.V) Vaippar  (P) Vepalodai factory Block 6 , 2.Kallurani (R.V), Vaippar  (P) Innamkallurani Block 7 99.OVERSEAS
ELECTORS",General,Dravida Munnetra Kazhagam,158,97,61,Tamilaga Vettri Kazhagam,3,4,1,2,8,7,5,5,17.63005780346821,3,17.91907514450867,5.780346820809249,45.66473988439306,28.03468208092486,0.2890173410404624,0.5780346820809248,0.8670520231213872,0.8670520231213872,3
269,206,49,169,168,1,6,0,3,0,0,0,1,1,0,0,602,0,2,604,0,269,"Panchayat  Union Primary  School, Old Building , Vaippar","1.Vaippar Part  1 (R.V), Vaippar  (P) Vaippar  Block 1 , 2.Vaippar  Part  1 (R.V), Vaippar  (P) Sri Ramapuram Block 3 999.OVERSEAS ELECTORS",General,All India Anna Dravida Munnetra Kazhagam,206,169,37,Dravida Munnetra Kazhagam,1,4,2,3,7,5,8,6,6.146179401993355,3,34.21926910299003,8.13953488372093,28.07308970099668,27.90697674418605,0.1661129568106312,0.9966777408637874,0.0,0.4983388704318937,1
270,178,2,153,119,0,0,0,2,0,0,1,0,1,0,0,454,0,0,454,0,270,"Panchayat  Union Primary  School, New
Building, West face, Vaippar","1.Vaippar Part  1 (R.V), Vaippar  (P) Vaippar  Block 2 , 999.OVERSEAS
ELECTORS",General,All India Anna Dravida Munnetra Kazhagam,178,153,25,Dravida Munnetra Kazhagam,1,4,2,3,6,6,6,4,5.506607929515418,2,39.20704845814978,0.4405286343612335,33.70044052863436,26.21145374449339,0.0,0.0,0.0,0.4405286343612335,2
271,163,75,186,204,1,1,48,4,0,0,2,0,0,1,0,682,0,1,683,0,271,"Panchayat  Union Primary  School South Building, Kalaiganapuram","1.Vaippar Part  1 (R.V), Vaippar  (P) Kalaignnapuram Block 1 ,
2.Vaippar Part  1(R.V), Vaippar  (P) Thulukkankulam Block 5 99.OVERSEAS ELECTORS",General,Tamilaga Vettri Kazhagam,204,186,18,Dravida Munnetra Kazhagam,3,4,2,1,7,7,5,6,2.639296187683284,4,23.90029325513197,10.99706744868035,27.27272727272727,29.91202346041056,0.1466275659824047,0.1466275659824047,7.038123167155426,0.5865102639296188,0
272,81,64,305,410,0,1,21,4,0,0,2,0,0,1,1,886,0,1,887,0,272,"St.Louis R.C.  Higher  Secondary  School North west Building west  side, Keelavaippar","1.Vaippar Part  2 (R.V), KeelaVaippar  (P) Chipikulam Block 3 ,
2.Vaippar Part  2 (R.V), KeelaVaippar  (P) Chipikulam Block 3 ,
3.Vaippar Part  2 (R.V), KeelaVaippar  (P) Ahamadpuram Block 3 ,
4.Vaippar Part  2 (R.V), KeelaVaippar  (P) Kundaperumalpuram Block 3 99.OVERSEAS ELECTORS",General,Tamilaga Vettri Kazhagam,410,305,105,Dravida Munnetra Kazhagam,3,4,2,1,8,7,5,6,11.8510158013544,4,9.142212189616252,7.223476297968396,34.42437923250564,46.27539503386004,0.0,0.1128668171557562,2.370203160270881,0.4514672686230248,1
273,38,38,324,348,0,1,0,1,1,0,0,0,0,0,0,750,0,0,750,0,273,"St.Louis R.C.  Higher  Secondary  School North Building East  Side, Keelavaippar","1.Vaippar Part  2 (R.V), KeelaVaippar  (P) Church Street Block 1 ,
2.Vaippar Part  2 (R.V), KeelaVaippar  (P) West Street Block 2 99.OVERSEAS ELECTORS",General,Tamilaga Vettri Kazhagam,348,324,24,Dravida Munnetra Kazhagam,3,3,2,1,7,5,7,5,3.2,1,5.066666666666666,5.066666666666666,43.2,46.40000000000001,0.0,0.1333333333333333,0.0,0.1333333333333333,1
274,16,29,241,385,1,0,1,7,0,0,1,0,2,2,1,680,0,1,681,0,274,"St.Louis R.C.  Higher  Secondary  School North Building West Side, Keelavaippar","1.Vaippar Part  2 (R.V), KeelaVaippar  (P) Water  Tank Street Block 1 ,
2.Vaippar Part  2 (R.V), Keelavaippar  (P) Singaravelar  Colony Block 2 ,
3.Vaippar Part  2 (R.V), Keelavaippar  (P) Beach Road Street Block 3 99.OVERSEAS ELECTORS",General,Tamilaga Vettri Kazhagam,385,241,144,Dravida Munnetra Kazhagam,4,3,2,1,6,8,6,5,21.17647058823529,7,2.352941176470588,4.264705882352941,35.44117647058824,56.61764705882353,0.1470588235294118,0.0,0.1470588235294118,1.029411764705882,1
