Polling Station No.,Polling Station Name,Total Electors,All India Anna Dravida Munnetra Kazhagam,Bahujan Samaj Party,Naam Tamilar Katchi,Desiya Murpokku Dravida Kazhagam,Anti Corruption Dynamic Party,Tamizhaga Vaazhvurimai Katchi,Indhia Kudiarasu Katchi,All India Puratchi Thalaivar Makkal Munnettra Kazhagam,Naam Indiar Party,Desiya Makkal Sakthi Katchi,Anna MGR Dravida Makkal Kalgam,Thakkam Katchi,Tamilaga Vettri Kazhagam,Independent,Independent.1,Independent.2,Independent.3,Independent.4,Independent.5,Independent.6,Independent.7,Total of valid votes,No. of rejected Votes,Votes for NOTA Option,Total,No. of tendered votes,Sl. No,Part No,Locality of Polling Station,Building in which it will be located,Polling Area,Whether for all voters or men only or women only,Winner_Party,Winner_Votes,Runner_Up_Votes,Margin_Of_Victory,Runner_Up_Party,All India Anna Dravida Munnetra Kazhagam_Rank,Bahujan Samaj Party_Rank,Naam Tamilar Katchi_Rank,Desiya Murpokku Dravida Kazhagam_Rank,Anti Corruption Dynamic Party_Rank,Tamizhaga Vaazhvurimai Katchi_Rank,Indhia Kudiarasu Katchi_Rank,All India Puratchi Thalaivar Makkal Munnettra Kazhagam_Rank,Naam Indiar Party_Rank,Desiya Makkal Sakthi Katchi_Rank,Anna MGR Dravida Makkal Kalgam_Rank,Thakkam Katchi_Rank,Tamilaga Vettri Kazhagam_Rank,Margin_Percentage,Total_Independent_Votes
1,"Panchayat Union Middle School, Udayanthangal-604208",998,467,5,17,130,0,1,0,2,1,0,0,3,251,1,3,4,4,0,0,0,2,891,0,2,893,0,1,1,Udayanthangal-604208,"Panchayat Union Middle School, Udayanthangal-604208","[1].Udaiyanthankal (R.V)  & (P), Pillaiyar Kovil Street, [2].Udaiyanthangal (R.V) & (P), Palla Street, [3].Udaiyanthangal (R.V) & (P), Kullathu Street, [4].Udaiyanthangal (R.V) & (P), Padasalai Street, [5].Udaiyanthangal (R.V) & (P), North Street, [6].Udaiyanthangal (R.V) & (P), Road Street, [7].Udaiyanthangal (R.V) & (P), Colony Street, [8].Udaiyanthangal (R.V) & (P), Mariyamman Kovil
Street",All Voters,All India Anna Dravida Munnetra Kazhagam,467,251,216,Tamilaga Vettri Kazhagam,1,5,4,3,10,8,10,7,8,10,10,6,2,24.24242424242424,14
2,"Panchayat Union Elementary School, Kandamanalur-604208",705,359,0,11,128,0,0,0,0,0,1,0,0,140,0,0,4,3,0,0,2,0,648,0,2,650,0,2,2,Kandamanalur-604208,"Panchayat Union Elementary School, Kandamanalur-604208","[1].Kandamanallur (R.V) & (P), Tank Street, [2].Kandamanallur (R.V) & (P), Perumal Kovil Street, [3].Kandamanallur (R.V) & (P), Mettu Street, [4].Kandamanallur (R.V) & (P), Road  Street, [5].Kandamanallur (R.V) & (P), Palla Street,
[6].Kandamanallur (R.V) & (P), Sunnampumedu, [7].Kandamanallur (R.V) & (P), Colony",All Voters,All India Anna Dravida Munnetra Kazhagam,359,140,219,Tamilaga Vettri Kazhagam,1,6,4,3,6,6,6,6,6,5,6,6,2,33.7962962962963,9
3,"Panchayat Union Elementary School, East Wing, Kallappuliyur-604208",662,290,2,14,100,0,0,0,0,0,0,2,1,147,0,1,2,4,5,3,0,0,571,0,2,573,0,3,3,Kallappuliyur-604208,"Panchayat Union Elementary School, East Wing, Kallappuliyur-604208","[1].Kallapuliyur (R.V) & (P), Mettu Street, [2].Kallapuliyur (R.V) & (P), Pajanaikoil street, [3].Kallapuliyur (R.V) & (P), Marriyamman kovil street, [4].Kallapuliyur (R.V) & (P), Cross Street, [5].Kallappuliyur (R.V) & (P), Keezhandai Street, [6].Kallappuliyur (R.V) & (P), Kadai Street,
[7].Kallappuliyur (R.V) & (P), Kasakkal Street",All Voters,All India Anna Dravida Munnetra Kazhagam,290,147,143,Tamilaga Vettri Kazhagam,1,5,4,3,8,8,8,8,8,8,5,7,2,25.04378283712785,15
4,"Panchayat Union Elementary School, West Wing, Kallappuliyur-604208",659,146,0,29,164,0,0,0,0,1,0,15,3,189,0,0,3,1,0,1,2,0,554,0,2,556,0,4,4,Kallappuliyur-604208,"Panchayat Union Elementary School, West Wing, Kallappuliyur-604208","[1].Kallappuliyur (R.V) & (P), Melandai Street,
[2].Kallappuliyur (R.V) & (P), Old Colony, [3].Kallappuliyur (R.V) & (P), New colony",All Voters,Tamilaga Vettri Kazhagam,189,164,25,Desiya Murpokku Dravida Kazhagam,3,8,4,2,8,8,8,8,7,8,5,6,1,4.512635379061372,7
5,"VPRC Building, North Wing South Facing, Irumbuli-604208",849,271,0,39,264,3,0,0,0,0,0,0,2,168,0,1,0,0,0,1,0,1,750,0,1,751,0,5,5,Irumbuli-604208,"VPRC Building, North Wing South Facing, Irumbuli-604208","[1].Erumpuli (R.V) & (P), Pajani Kovil Street, [2].Erumpuli (R.V) & (P), Pillaiyar Kovil Street, [3].Erumpuli (R.V) & (P), Cross Street,  [4].Erumpuli (R.V) & (P), Kulathu Street,  [5].Erumpuli (R.V) & (P), Pramanar Street,  [6].Erumpuli (R.V) & (P), Mariyamman Kovil Street,  [7].Erumpuli (R.V) & (P), Pillaiyar Kovil Street,  [8].Erumpuli (RV) & (P), Road
Street (Colony)",All Voters,All India Anna Dravida Munnetra Kazhagam,271,264,7,Desiya Murpokku Dravida Kazhagam,1,7,4,2,5,7,7,7,7,7,7,6,3,0.9333333333333335,3
6,"Panchayat Union Elementary School, Perumpoondi-604210",889,363,1,15,219,1,0,0,0,0,0,0,0,175,1,0,3,1,4,0,2,0,785,0,1,786,0,6,6,Perumpoondi-604210,"Panchayat Union Elementary School, Perumpoondi-604210","[1].Perumpoondi (R.V) & (P), Mariyamman Kovil Street,  [2].Perumpoondi (R.V) & (P), Pillaiyar Kovil Street,  [3].Perumpoondi (R.V) & (P), Perumal kovil Street,  [4].Perumpoondi (R.V) & (P), Road Street, [5].Perumpoondi (R.V) & (P), Colony, [6].Perumpoondi (R.V) & (P), Vinayagapuram,
[7].Perumpoondi (R.V) & (P), Surappanthangal",All Voters,All India Anna Dravida Munnetra Kazhagam,363,219,144,Desiya Murpokku Dravida Kazhagam,1,5,4,2,5,7,7,7,7,7,7,7,3,18.34394904458599,11
7,"Panchayat Union Elementary School, West Building, Sozhangunam-604210",792,407,2,8,139,3,1,1,0,0,0,1,3,120,1,1,3,2,0,1,0,0,693,0,1,694,0,7,7,Sozhangunam-604210,"Panchayat Union Elementary School, West Building, Sozhangunam-604210","[1].Sozhangkunam (R.V) & (P), Melthangal,
[2].Sozhangkunam  (R.V) & (P), Thaiyathanpatti, [3].Sozhangkunam (R.V) & (P), Poosaripatti",All Voters,All India Anna Dravida Munnetra Kazhagam,407,139,268,Desiya Murpokku Dravida Kazhagam,1,7,4,2,5,8,8,11,11,11,8,5,3,38.67243867243867,8
8,"Panchayat Union Elementary School, North Building West Wing, Sozhangunam-604210",1007,314,5,15,179,1,0,1,0,0,0,0,2,275,2,0,4,3,1,0,2,2,806,0,3,809,0,8,8,Sozhangunam-604210,"Panchayat Union Elementary School, North Building West Wing, Sozhangunam-604210","[1].Sozhangkunam  (R.V) & (P), Chetti Street, [2].Sozhangkunam  (R.V) & (P), Ahakara Street, [3].Sozhangkunam (R.V) & (P), Perumal Koil Street, [4].Sozhangkunam (R.V) & (P), Road Street, [5].Sozhangkunam  (R.V) & (P), Old Colony, [6].Sozhangkunam (R.V) & (P), Ottamandabam,
[7].Sozhangkunam  (R.V) & (P), New Colony",All Voters,All India Anna Dravida Munnetra Kazhagam,314,275,39,Tamilaga Vettri Kazhagam,1,5,4,3,7,9,7,9,9,9,9,6,2,4.838709677419355,14
9,"Panchayat Union Primary School, South Building North Facing South Wing, Pennagar-604210",625,308,2,21,95,0,0,0,0,2,0,0,1,121,0,2,0,3,2,0,5,2,564,0,1,565,0,9,9,Pennagar-604210,"Panchayat Union Primary School, South Building North Facing South Wing, Pennagar-604210","[1].Pennagar (R.V.) & (P), Kulathu Street, [2].Pennagar (R.V) & (P), Kuttai Street,  [3].Pennagar (R.V.) & (P), Mettu Street,  [4].Pennagar (R.V) & (P), Ex. Thalaivar Street,  [5].Pennagar (R.V) & (P), E.B. Road,  [6].Pennagar (R.V) & (P), Bank Road,
[7].Pennagar (R.V) & (P), Keeliyanur",All Voters,All India Anna Dravida Munnetra Kazhagam,308,121,187,Tamilaga Vettri Kazhagam,1,5,4,3,8,8,8,8,5,8,8,7,2,33.15602836879432,14
10,"Panchayat Union Primary School, North Side Building West Facing North East Wing, Pennagar-604210",630,240,0,16,130,1,0,0,1,0,0,1,0,162,2,0,2,2,2,2,0,0,561,0,1,562,0,10,10,Pennagar-604210,"Panchayat Union Primary School, North Side Building West Facing North East Wing, Pennagar-604210","[1].Pennagar (R.V.) & (P), Achary Street, [2].Pennagar (R.V.) & (P), Mariyamman Kovil Street, [3].Pennagar (R.V) & (P), Perumal Kovil Street, [4].Pennagar (R.V) & (P), Naidu Street,  [5].Pennagar (R.V) & (P), Allikuttai,  [6].Pennagar (R.V.) & (P),
Ummaiyan Thangal,  [7].Pennagar (R.V) & (P), Pennagar Colony",All Voters,All India Anna Dravida Munnetra Kazhagam,240,162,78,Tamilaga Vettri Kazhagam,1,8,4,3,5,8,8,5,8,8,5,8,2,13.90374331550802,10
11,"Panchayat Union Elementary School, North Wing South Facing, Maruthuvampadi-604210",476,226,1,10,75,0,0,0,0,0,0,0,1,110,0,2,4,0,0,0,2,0,431,0,0,431,0,11,11,Maruthuvampadi-604210,"Panchayat Union Elementary School, North Wing South Facing,
Maruthuvampadi-604210","[1].Pennagar (R.V) & (P), Palla Street,  [2].Pennagar (R.V) & (P), Pillaiyar Koil Street.,  [3].Pennagar (R.V) &
(P), Vinayagar Koil Street",All Voters,All India Anna Dravida Munnetra Kazhagam,226,110,116,Tamilaga Vettri Kazhagam,1,5,4,3,7,7,7,7,7,7,7,5,2,26.91415313225058,8
12,"Panchayat Union Elementary School, Karunguzhi-604203",640,326,1,14,121,1,1,0,0,0,0,0,0,119,0,1,1,0,0,0,1,0,586,0,1,587,0,12,12,Karunguzhi-604203,"Panchayat Union Elementary School, Karunguzhi-604203","[1].Karunkuzhi (R.V) & (P), Mariyamman Koil Street, [2].Karunkuzhui (R.V) & (P), Karunkuzhi Colony, [3].Karunkuzhi  (R.V) & (P), Pathai Colony, [4].Karunkuzhi (R.V) & (P), Pillaiyar Koil Street,
[5].Karunkuzhi (R.V) & (P), Irular Street",All Voters,All India Anna Dravida Munnetra Kazhagam,326,121,205,Desiya Murpokku Dravida Kazhagam,1,5,4,2,5,5,8,8,8,8,8,8,3,34.98293515358362,3
13,"Panchayat Union Elementary School, New Building, Chinnagaram-604210",692,263,1,18,188,0,0,0,1,0,0,0,2,143,0,0,2,5,2,0,2,1,628,0,1,629,0,13,13,Chinnagaram-604210,"Panchayat Union Elementary School, New Building, Chinnagaram-604210","[1].Chinnagaram (R.V) & (P), Mariyamman Kovil Street,  [2].Chinnagaram (R.V) & (P), Ricemill Street , [3].Chinnagaram (R.V) & (P), Pillaiyar Kovil Street, [4].Chinnagaram (R.V) & (P), Naidu Street, [5].Chinnagaram (R.V) & (P), Road Street, [6].Chinnagaram (R.V) & (P), Colony Mariyamman
Kovil Street,  [7].Chinnagaram (R.V) & (P), Kulakkarai Street",All Voters,All India Anna Dravida Munnetra Kazhagam,263,188,75,Desiya Murpokku Dravida Kazhagam,1,6,4,2,8,8,8,6,8,8,8,5,3,11.94267515923567,12
14,"Panchayat Union Elementary School, Thamanur-604210",921,468,3,8,132,0,0,0,0,0,0,1,0,159,0,1,2,0,0,2,1,0,777,0,2,779,0,14,14,Thamanur-604210,"Panchayat Union Elementary School, Thamanur-604210","[1].Thamanur (R.V) & (P), Thirowpathiyamman Koil Street.,  [2].Thamanur (R.V) & (P), Pillaiyar Kovil Street .,  [3].Thamanur (R.V) & (P), Perumal Koil Street.,  [4].Thamanur (R.V) & (P), Sarkkarkinaru Street,  [5].Thamanur (R.V) & (P), Dharmapuri Street,
[6].Thamanur (R.V) & (P), Colony Street",All Voters,All India Anna Dravida Munnetra Kazhagam,468,159,309,Tamilaga Vettri Kazhagam,1,5,4,3,7,7,7,7,7,7,6,7,2,39.76833976833976,6
15,"Panchayat Union Elementary School, East Wing, Thondur-604210",573,161,3,14,139,0,0,0,0,0,0,0,0,141,0,1,1,1,1,1,2,0,465,0,0,465,0,15,15,Thondur-604210,"Panchayat Union Elementary School, East Wing, Thondur-604210","[1].Thondur (R.V) & (P), Perumal Kovil Street, [2].Thondur (R.V) & (P), Kanakkan Kulam, [3].Thondur (R.V) & (P), Colony Cement Salai, [4].Thondur (R.V) & (P), Colony Pillaiyar Kovil Street., [5].Thondur (R.V) & (P), Colony Mariyamman Kovil
Street,  [6].Thondur (R.V) & (P), Ambethkar Street",All Voters,All India Anna Dravida Munnetra Kazhagam,161,141,20,Tamilaga Vettri Kazhagam,1,5,4,3,6,6,6,6,6,6,6,6,2,4.301075268817205,7
16,"Panchayat Union Elementary School, West Wing, Thondur-604210",542,316,2,10,70,0,1,0,0,0,0,0,0,71,0,0,0,0,0,0,0,0,470,0,0,470,0,16,16,Thondur-604210,"Panchayat Union Elementary School, West Wing, Thondur-604210","[1].Thondur (R.V) & (P), Main Road,  [2].Thondur (R.V) & (P), Pillaiyar Kovil Street,  [3].Thondur (R.V) & (P), Mariyamman Kovil Street.,  [4].Thondur (R.V) & (P), Ariyanallur Salai Veethi,  [5].Thondur (R.V) & (P), Ariyanallur Pillaiyar Kovil Street.,  [6].Thondur (R.V) &
(P), Ariyanallur Sekkumedu Street,  [7].Thondur (R.V) & (P), Boodheri",All Voters,All India Anna Dravida Munnetra Kazhagam,316,71,245,Tamilaga Vettri Kazhagam,1,5,4,3,7,6,7,7,7,7,7,7,2,52.12765957446809,0
17,"Govt.Higher Secondary School, North Building East Wing, Melolakkur-604203",579,279,3,10,123,1,1,0,0,0,0,0,1,91,1,0,3,2,0,0,0,0,515,0,0,515,0,17,17,Melolakkur-604203,"Govt.Higher Secondary School, North Building East Wing,
Melolakkur-604203","[1].Melolakkur (R.V) & (P), Puthur Street, [2].MelOlakkur (R.V) & (P), Ottar Street, [3].MelOlakkur (R.V) & (P), Mettu Street, [4].MelOlakkur (R.V) & (P), Perumal Kovil Street, [5].MelOlakkur (R.V) & (P), Pramanar Street,
[6].MelOlakkur (R.V) & (P), Keezh Street, [7].MelOlakkur (R.V) & (P), Pillayar Koil Street",All Voters,All India Anna Dravida Munnetra Kazhagam,279,123,156,Desiya Murpokku Dravida Kazhagam,1,5,4,2,6,6,9,9,9,9,9,6,3,30.29126213592233,6
18,"Govt.Higher Secondary School, North Building West Wing, Melolakkur-604203",658,251,1,8,138,2,0,0,0,0,0,0,0,178,0,1,1,1,0,1,0,0,582,0,1,583,0,18,18,Melolakkur-604203,"Govt.Higher Secondary School, North Building West Wing,
Melolakkur-604203","[1].Melolakkur (R.V) & (P), Road Street, [2].MelOlakkur (R.V) & (P), Dhandu Mariyamman Koil Street,  [3].MelOlakkur (R.V) & (P), New Colony,
[4].MelOlakkur (R.V) & (P), Old Colony",All Voters,All India Anna Dravida Munnetra Kazhagam,251,178,73,Tamilaga Vettri Kazhagam,1,6,4,3,5,7,7,7,7,7,7,7,2,12.54295532646048,4
19,"Panchayat Union Elementary School, Kadukapattu-604203",492,252,0,13,84,0,0,0,0,0,0,0,1,105,0,1,0,0,0,0,0,2,458,0,0,458,0,19,19,Kadukapattu-604203,"Panchayat Union Elementary School, Kadukapattu-604203","[1].Melolakkur (R.V) & (P), Perumal Kovil Street, [2].Melolakkur (R.V) & (P), Kulakkarai Street,
[3].Melolakkur (R.V) & (P), Mettu Street",All Voters,All India Anna Dravida Munnetra Kazhagam,252,105,147,Tamilaga Vettri Kazhagam,1,6,4,3,6,6,6,6,6,6,6,5,2,32.09606986899563,3
20,"Panchayat Union Elementary School, Mukkunam-604203",620,351,0,10,119,0,0,0,0,0,0,0,1,74,0,0,1,0,1,0,1,0,558,0,1,559,0,20,20,Mukkunam-604203,"Panchayat Union Elementary School, Mukkunam-604203","[1].Mukkunam (R.V) & (P), Murugan Koil Street, [2].Mukkunam (R.V) & (P), Kulakarai Street, [3].Mukkunam (R.V) & (P), Sivan ovil Street, [4].Mukkunam (R.V) & (P), Santhaimedu, [5].Mukkunam (R.V) & (P), Mariyamman Kovil Street,
[6].Mukkunam (R.V) & (P), Irular Street, [7].Mukkunam  (R.V) & (P), Colony Street",All Voters,All India Anna Dravida Munnetra Kazhagam,351,119,232,Desiya Murpokku Dravida Kazhagam,1,6,4,2,6,6,6,6,6,6,6,5,3,41.57706093189964,3
21,"Pandiyan Nethi Udhavi Elementary School, South Wing, Eachur-604203",341,129,3,3,115,0,0,0,0,0,0,0,0,61,0,0,1,0,0,0,0,0,312,0,0,312,0,21,21,Eachur-604203,"Pandiyan Nethi Udhavi Elementary School, South Wing, Eachur-604203","[1].Eachur (R.V) & (P), Colony Thenpathy, [2].Eachur (R.V) & (P), New Colony",All Voters,All India Anna Dravida Munnetra Kazhagam,129,115,14,Desiya Murpokku Dravida Kazhagam,1,4,4,2,6,6,6,6,6,6,6,6,3,4.487179487179487,1
22,"Pandiyan Nethi Udhavi Elementary School, East Wing, Eachur-604203",836,379,1,12,172,1,1,1,0,0,1,0,1,132,0,1,1,0,0,1,2,0,706,0,0,706,0,22,22,Eachur-604203,"Pandiyan Nethi Udhavi Elementary School, East Wing, Eachur-604203","[1].Eachur (R.V) & (P), Maniyakkarar Street, [2].Eachur (R.V) & (P), East Street,  [3].Eachur (R.V) & (P), Mariyamman Koil Street,  [4].Eachur (R.V) & (P), South Street,  [5].Eachur (R.V) & (P), Kuyavar  Street, [6].Eachur (R.V) & (P), Mettu Street,  [7].Eachur (R.V)
& (P), Kulathu Street,  [8].Eachur (R.V) & (P), Karunkuzhi  Road Street,  [9].Eachur (R.V) & (P), Vadapathi Colony",All Voters,All India Anna Dravida Munnetra Kazhagam,379,172,207,Desiya Murpokku Dravida Kazhagam,1,5,4,2,5,5,5,11,11,5,11,5,3,29.32011331444759,5
23,"Moorthy Government Aided Primary School, South Building North Facing East Wing, Ammakulam-604203",793,380,3,10,142,0,0,1,0,0,0,0,1,174,1,0,2,2,0,3,4,2,725,0,0,725,0,23,23,Ammakulam-604203,"Moorthy Government Aided Primary School, South Building North Facing East Wing, Ammakulam-604203","[1].MelOlakkur (R.V) & (P), Ammakulam Street, [2].Eachur (R.V) & (P), Road Street,  [3].Agalur (R.V) &
(P), Ammakulam Main Road,  [4].Eachur (R.V) & (P), Kulathu Street,  [5].Eachur (R.V) & (P), West Street, [6].Eachur (R.V) & (P), Irular  Street",All Voters,All India Anna Dravida Munnetra Kazhagam,380,174,206,Tamilaga Vettri Kazhagam,1,5,4,3,8,8,6,8,8,8,8,6,2,28.41379310344828,14
24,"Government Higher Secondary School, South Building West Wing, Illodu-604210",960,270,3,15,287,2,2,0,0,0,1,0,1,258,1,1,4,5,0,0,3,0,853,0,1,854,0,24,24,Illodu-604210,"Government Higher Secondary School, South Building West Wing, Illodu-604210","[1].Illodu (R.V) & (P), Colony Road Street,  [2].Illodu (R.V) & (P), Colony Pillaiyar Koil Street,  [3].Illodu (R.V) & (P), Colony Mariyamman Koil Street,  [4].Illodu (R.V) & (P), Colony Ambethkar Street,  [5].Illodu (R.V) & (P), Karananthal Pillaiyar Koil Street,  [6].Illodu (R.V) & (P), Karananthal Mettu Street,  [7].Illodu (R.V) & (P),
Karananthal Ammachar Koil Street",All Voters,Desiya Murpokku Dravida Kazhagam,287,270,17,All India Anna Dravida Munnetra Kazhagam,2,5,4,1,6,6,10,10,10,8,10,8,3,1.992966002344666,14
25,"Government Higher Secondary School, South Building East Wing, Illodu-604210",848,324,0,21,150,4,0,0,1,0,1,1,1,228,1,0,0,5,0,0,0,0,737,0,2,739,0,25,25,Illodu-604210,"Government Higher Secondary School, South Building East Wing, Illodu-604210","[1].Illodu (R.V) & (P), Ricemil Street,  [2].Illodu (R.V) & (P), Eswaran Kovil Street,  [3].Illodu (R.V) & (P), Karnan Street,  [4].Illodu (R.V) & (P), Kulathu Street, [5].Illodu (R.V) & (P), Throwpathiyamman Koil Street, [6].Illodu (R.V) & (P), Achari Street.,  [7].Illodu (R.V) & (P), Mariyamman Koil Street,  [8].Illodu (R.V) & (P), Chinnakulam Street,  [9].Illodu (R.V) & (P), Group
House Street,  [10].Iiiodu (R.V) & (P), M.G.R. Nagar Street",All Voters,All India Anna Dravida Munnetra Kazhagam,324,228,96,Tamilaga Vettri Kazhagam,1,10,4,3,5,10,10,6,10,6,6,6,2,13.02578018995929,6
26,"Panchayat Union Elementary School, North Building, Sandisatchi-604210",558,202,0,9,127,1,1,1,0,0,0,0,1,155,0,0,2,1,0,1,1,1,503,0,2,505,0,26,26,Sandisatchi-604210,"Panchayat Union Elementary School, North Building, Sandisatchi-604210","[1].Sandisathchi (R.V) & (P), Koil Street, [2].Sandisatchi (R.V) & (P), School Street, [3].Sandisatchi (R.V) & (P), Mettu Street,
[4].Sandisatchi (R.V) & (P), Irular Street",All Voters,All India Anna Dravida Munnetra Kazhagam,202,155,47,Tamilaga Vettri Kazhagam,1,9,4,3,5,5,5,9,9,9,9,5,2,9.343936381709742,6
27,"Panchayat Union Library, North Wing South Facing, Mahadevimangalam-604210",817,304,1,27,199,1,0,1,0,0,0,1,2,190,0,1,2,4,2,0,1,0,736,0,3,739,0,27,27,Mahadevimangalam-6042 10,"Panchayat Union Library, North Wing South Facing,
Mahadevimangalam-604210","[1].Mahadevimangalam (R.V) & (P), Vinayakar Koil Street,  [2].Mahadevimangalam  (R.V) & (P), Mariyamman Kovil Street,  [3].Mahadevimangalam (R.V) & (P), Throwpathiyamman  Koil Street, [4].Mahadevimangalam (R.V) &  (P), Pajanai Koil Street,  [5].Mahadevimangalam (R.V) &  (P), Thoppu
Street.,  [6].Mahadevimangalam (R.V) & (P), Colony Street",All Voters,All India Anna Dravida Munnetra Kazhagam,304,199,105,Desiya Murpokku Dravida Kazhagam,1,6,4,2,6,10,6,10,10,10,6,5,3,14.26630434782609,10
28,"Panchayat Union Primary School, South Building East Wing North Facing, Kariyamangalam-604210",725,207,1,11,202,4,1,0,0,0,0,0,1,166,0,0,1,2,1,1,1,0,599,0,1,600,0,28,28,Kariyamangalam-604210,"Panchayat Union Primary School, South Building East Wing North Facing, Kariyamangalam-604210","[1].Kariyamangalam (R.V) & (P), Pajanai Koil Street, [2].Kaiyamanglam (R.V) & (P), Pillaiyar oil Street, [3].Kariyamangalam (R.V) & (P), Kuyavar Street, [4].Kariyamangalam  (R.V) & (P), Vettaikaran Street, [5].Kariyamangalam  (R.V) & (P), Colony Street,
[6].Kariyamangalam (R.V) & (P), Road Street",All Voters,All India Anna Dravida Munnetra Kazhagam,207,202,5,Desiya Murpokku Dravida Kazhagam,1,6,4,2,5,6,9,9,9,9,9,6,3,0.8347245409015025,6
29,"Panchayat Union Elementary School, North Building West Wing, Sellapiratti-604210",766,355,2,11,98,0,0,0,1,0,0,0,0,168,0,1,3,5,1,4,0,0,649,0,2,651,0,29,29,Sellapiratti-604210,"Panchayat Union Elementary School, North Building West Wing, Sellapiratti-604210","[1].Sellpratti (R.V) & (P), Mariyamman Koil Street, [2].Sellapratti (R.V) & (P), Palla Street,  [3].Sellapratti (R.V) & (P), Old  Post Office Street,  [4].Sellapratti (R.V) & (P), Road Street,  [5].Sellapratti (R.V) & (P), Colony Street,  [6].Sellapratti (R.V) & (P), Kodi kollai
Street",All Voters,All India Anna Dravida Munnetra Kazhagam,355,168,187,Tamilaga Vettri Kazhagam,1,5,4,3,7,7,7,6,7,7,7,7,2,28.8135593220339,14
30,"Panchayat Union Middle School, Melkalavai-604208",811,269,2,55,216,0,0,1,0,0,0,1,1,170,1,0,3,4,2,1,1,0,727,0,1,728,0,30,30,Melkalavai-604208,"Panchayat Union Middle School, Melkalavai-604208","[1].Melkalavai (R.V) & (P), Kalathumettu Street, [2].Melkalavai (R.V) & (P), Neganur Road Pallikuda
Street,  [3].Melkalavai (R.V) & (P), Kalvai Street, [4].Melkalavai (R.V) & (P), Colony",All Voters,All India Anna Dravida Munnetra Kazhagam,269,216,53,Desiya Murpokku Dravida Kazhagam,1,5,4,2,9,9,6,9,9,9,6,6,3,7.290233837689134,12
31,"Panchayat Union Middle School, West Wing, Melkalavai-604208",837,405,0,14,158,1,0,0,0,0,0,0,1,198,0,1,4,0,0,0,0,0,782,0,1,783,0,31,31,Melkalavai-604208,"Panchayat Union Middle School, West Wing, Melkalavai-604208","[1].Melkalavai (R.V) & (P), Pillaiyar Kovil Street, [2].Melkalavai (R.V) & (P), Anathur Road, [3].Melkalavai (R.V) & (P), Arasamarath Street, [4].Melkalavai (R.V) & (P), Irular Colony,
[5].Melkalavai (R.V) & (P), Setpat  Road, [6].Melkalavai (R.V) & (P), Kannikapuram",All Voters,All India Anna Dravida Munnetra Kazhagam,405,198,207,Tamilaga Vettri Kazhagam,1,7,4,3,5,7,7,7,7,7,7,5,2,26.47058823529412,5
32,"Government Higher Secondary School, New Building Middle Wing, Neganur-604202",850,497,0,20,102,0,0,0,0,0,0,1,2,125,1,0,2,2,0,0,0,1,753,0,5,758,0,32,32,Neganur-604202,"Government Higher Secondary School, New Building Middle Wing, Neganur-604202","[1].Neganur (R.V) & (P), Road Street,  [2].Neganur
(R.V) & (P), Amman Koil Street,  [3].Neganur (R.V) & (P), Malaiorath Street,  [4].Neganur (R.V) & (P), North Cross Street,  [5].Neganur (R.V) & (P), Perumal Koil Street,  [6].Neganur (R.V) & (P), Achari Street,
[7].Neganur (R.V) & (P), Middle Street",All Voters,All India Anna Dravida Munnetra Kazhagam,497,125,372,Tamilaga Vettri Kazhagam,1,7,4,3,7,7,7,7,7,7,6,5,2,49.40239043824701,6
33,"Government Higher Secondary School, New Building West Wing, Neganur-604202",957,434,0,19,154,1,0,0,0,0,0,0,0,233,0,0,0,3,0,1,1,0,846,0,2,848,0,33,33,Neganur-604202,"Government Higher Secondary School, New Building West Wing, Neganur-604202","[1].Neganur (R.V)  & (P), South Cross  Street, [2].Neganur (R.V) & (P), South Street,  [3].Neganur (R.V)  & (P), Vadakollai,  [4].Neganur (R.V) & (P), Patti Street Road,  [5].Neganur (R.V) & (P), Patti Pillaiyar Koil Street,  [6].Neganur (R.V) & (P), Thompar Street,
[7].Neganur (R.V) & (P), Colony Street",All Voters,All India Anna Dravida Munnetra Kazhagam,434,233,201,Tamilaga Vettri Kazhagam,1,6,4,3,5,6,6,6,6,6,6,6,2,23.75886524822695,5
34,"Panchayat Union Middle School, SSA Building East Wing South Facing, Neganur Pudhur-604202",853,442,4,12,171,0,0,0,0,1,0,0,0,120,0,0,1,1,0,2,2,0,756,0,2,758,0,34,34,Neganur Pudhur-604202,"Panchayat Union Middle School, SSA Building East Wing South Facing, Neganur Pudhur-604202","[1].Neganur (R.V) & (P), Big Street,  [2].Neganur
(R.V) & (P), Small Street,  [3].Neganur (R.V) & (P),
Road Street,  [4].Neganur (R.V) & (P), Ward 5 road Street",All Voters,All India Anna Dravida Munnetra Kazhagam,442,171,271,Desiya Murpokku Dravida Kazhagam,1,5,4,2,7,7,7,7,6,7,7,7,3,35.84656084656085,6
35,"Panchayat Union Elementary School, North Building West Wing South Facing, Sethuvarayanallur-604203",417,143,0,11,120,1,0,0,0,0,0,0,0,96,0,0,0,1,0,0,2,0,374,0,1,375,0,35,35,Sethuvarayanallur-604203,"Community Hall, Sethuvarayanallur-604203","[1].Sethuvarayanallur (R.V) & Aviyur (P), Pajanai Koil Street,  [2].Sethuvarayanallur  (R.V) & Aviyur (P), Pillaiyar Koil Street,  [3].Sethuvarayanallur (R.V) & Aviyur (P), Kulakarai Street,  [4].Sethuvarayanallur (R.V) & Aviyur (P), Vaikkal Street,
[5].Sethuvarayanallur (R.V) & Aviyur (P), Colony",All Voters,All India Anna Dravida Munnetra Kazhagam,143,120,23,Desiya Murpokku Dravida Kazhagam,1,6,4,2,5,6,6,6,6,6,6,6,3,6.149732620320856,3
36,"Panchayat Union Elementary School, West Building, Agalur-604203",894,261,4,24,267,0,0,0,0,0,0,3,2,209,0,0,3,0,1,0,1,2,777,0,4,781,0,36,36,Agalur-604203,"Panchayat Union Elementary School, West Building, Agalur-604203","[1].Agalur (R.V) & (P), Jain Street,  [2].Agalur (R.V)  & (P), Udaiyar Street,  [3].Agalur (R.V) & (P), Yathavar Street,  [4].Agalur (R.V) & (P), Chettiyar Street, [5].Agalur (R.V) & (P), Main Road,  [6].Agalur (R.V) &
(P), School Street,  [7].Agalur (R.V) & (P),
MumMoorthy Street,  [8].Agalur (R.V) & (P), Othavadai Street,  [9].Agalur (R.V)  & (P), New Colony",All Voters,Desiya Murpokku Dravida Kazhagam,267,261,6,All India Anna Dravida Munnetra Kazhagam,2,5,4,1,8,8,8,8,8,8,6,7,3,0.7722007722007722,7
37,"Panchayat Union Middle School, East Building North Wing, Aviyur-604203",1018,377,3,17,306,0,6,0,0,0,0,1,0,139,0,0,3,2,0,0,1,0,855,0,3,858,0,37,37,Aviyur-604203,"Panchayat Union Middle School, East Building North Wing, Aviyur-604203","[1].Aviyur (R.V) & (P), Palla Street,  [2].Aviyur (R.V) & (P), Pajanai Koil Street,  [3].Aviyur (R.V) & (P), Mettu Street,  [4].Aviyur (R.V) & (P), Kulakarai Street, [5].Aviyur (R.V) & (P), Main Road,  [6].Aviyur (R.V) &
(P), Old colony,  [7].Aviyur (R.V) & (P), New Colony",All Voters,All India Anna Dravida Munnetra Kazhagam,377,306,71,Desiya Murpokku Dravida Kazhagam,1,6,4,2,8,5,8,8,8,8,7,8,3,8.304093567251462,6
38,"Panchayat Union Elementary School, Anangur-604203",668,304,2,13,130,0,0,0,0,0,0,0,2,141,0,2,0,3,0,0,1,0,598,0,1,599,0,38,38,Anangur-604203,"Panchayat Union Elementary School, Anangur-604203","[1].Aanangur (R.V) & (P), Pillaiyar Koil Street, [2].Aanangur  (R.V) & (P), Eswaran Koil Street, [3].Aanangur (R.V) &  (P), Theradi  Veethi, [4].Aanangur (R.V) & (P), Mettu Street,  [5].Aanangur (R.V) & (P), Mariyamman Koil Street,  [6].Aanangur
(R.V) & (P), Middle Street",All Voters,All India Anna Dravida Munnetra Kazhagam,304,141,163,Tamilaga Vettri Kazhagam,1,5,4,3,7,7,7,7,7,7,7,5,2,27.25752508361204,6
39,"Panchayat Union Elementary School, North Building East Wing, Koravanandhal-604206",695,275,1,15,159,0,1,0,0,0,0,0,0,147,1,1,0,0,0,0,1,0,601,0,3,604,0,39,39,Koravanandhal-604206,"Panchayat Union Elementary School, North Building East Wing, Koravanandhal-604206","[1].Koravananthal  (R.V) & (P), Koravananthal, [2].Koravananthal (R.V) & (P), Vadaputhur",All Voters,All India Anna Dravida Munnetra Kazhagam,275,159,116,Desiya Murpokku Dravida Kazhagam,1,5,4,2,7,5,7,7,7,7,7,7,3,19.30116472545757,3
40,"Panchayat Union Elementary School, Virpattu-604206",483,201,1,4,135,0,0,0,0,0,0,1,1,99,1,0,2,10,0,1,3,1,460,0,0,460,0,40,40,Virpattu-604206,"Panchayat Union Elementary School, Virpattu-604206","[1].Virpattu (R.V) & Aviyur (P), Pillaiyar Koil Street, [2].Virpattu (R.V) & Aviyur (P), Earikarai Street, [3].Virpattu (R.V) & Aviyur (P), School Street, [4].Virpattu (R.V) & Aviyur (P), Kulakarai Street,
[5].Virpattu (R.V) & Aviyur (P), Main Road,  [6].Virpattu (R.V) & Aviyur (P), Colony",All Voters,All India Anna Dravida Munnetra Kazhagam,201,135,66,Desiya Murpokku Dravida Kazhagam,1,5,4,2,8,8,8,8,8,8,5,5,3,14.34782608695652,18
41,"Panchayat Union Elementary School, North Side South Wing, Ananthur-604202",719,221,3,22,173,1,0,0,0,0,0,0,0,193,0,0,0,5,0,0,5,2,625,0,0,625,0,41,41,Ananthur-604202,"Panchayat Union Elementary School, North Side South Wing,
Ananthur-604202","[1].Ananthur (R.V) & (P), Vannankollai Street, [2].Ananthur (R.V) & (P), Post Office Street, [3].Ananthur (R.V) & (P), Pillaiyar Koil Street, [4].Ananthur (R.V) & (P), Mettu Street,  [5].Ananthur (R.V) & (P), Colony Street,  [6].Ananthur (R.V) & (P), Amman Koil Street,  [7].Ananthur (R.V) & (P), School
Street",All Voters,All India Anna Dravida Munnetra Kazhagam,221,193,28,Tamilaga Vettri Kazhagam,1,5,4,3,6,7,7,7,7,7,7,7,2,4.48,12
42,"Panchayat Union Elementary School, West Wing North Facing, Perumbugai-604202",1052,423,1,34,304,0,0,0,0,0,0,0,0,183,0,1,2,7,0,3,2,0,960,0,0,960,0,42,42,Perumbugai-604202,"Panchayat Union Elementary School, West Wing North Facing, Perumbugai-604202","[1].Perumpugai (R.V) & (P), Colony,  [2].Perumpugai (R.V) & (P), Main Road,  [3].Perumpugai (R.V) & (P), Jainer Koil Street,  [4].Perumpugai (R.V) & (P), New Colony Street,  [5].Perumpugai (R.V) & (P), Mettu Street,  [6].Perumpugai (R.V) & (P), Pallikuda Street, [7].Perumpugai (R.V) & (P), Mariyamman Koil Street, [8].Perumpugai (R.V) & (P), Pillaiyar Koil Street, [9].Perumpugai (R.V) & (P), Manthaiveli Colony, [10].Perumpugai (R.V) & (P), Arunthathiyar Colony, [11].Perumpugai (R.V) & (P), Kulathankarai Street,
[12].Perumpugai (R.V) & (P), Irular Colony",All Voters,All India Anna Dravida Munnetra Kazhagam,423,304,119,Desiya Murpokku Dravida Kazhagam,1,5,4,2,6,6,6,6,6,6,6,6,3,12.39583333333333,15
43,"Avvai Aided Elementary School, West Side Building East Facing, Servalagam-604206",810,428,1,9,165,1,0,0,1,0,0,0,3,126,0,0,1,2,0,2,0,1,740,0,2,742,0,43,43,Servalagam-604206,"Avvai Aided Elementary School, West Side Building East Facing, Servalagam-604206","[1].Servilagam (R.V) & (P), Mariyamman Kovil Street, [2].Servilagam  (R.V) & (P), Servilagam Road, [3].Servilagam  (R.V) & (P), Pillaiyar Kovil  Street, [4].Servilagam (R.V) & (P), Vannar Street, [5].Servilagam  (R.V) & (P), Main Road,  [6].Servilagam (R.V) & (P), Attrankarai  Street, [7].Servilagam  (R.V) & (P), Indira Nagar,
[8].Servilagam  (R.V) & (P), Vadavanur",All Voters,All India Anna Dravida Munnetra Kazhagam,428,165,263,Desiya Murpokku Dravida Kazhagam,1,6,4,2,6,9,9,6,9,9,9,5,3,35.54054054054054,6
44,"Avvai Aided Elementary School, West Side Building South Wing East Facing, Servalagam-604206",694,292,1,18,118,1,9,0,0,0,0,0,1,162,0,1,0,1,1,0,0,1,606,0,0,606,0,44,44,Servalagam-604206,"Avvai Aided Elementary School, West Side Building South Wing East Facing, Servalagam-604206","[1].Servilagam  (R.V) & (P), Nankilikondan (Colony), [2].Servilagam  (R.V) & (P), Pillaiyar Koil Street  Colony,  [3].Servilagam  (R.V) & (P), Pitari Kovil Street, [4].Servilagam  (R.V) & (P), Thottiyur Vinayagar Kovil
Street,  [5].Servilagam  (R.V) & (P), Gandhi Street",All Voters,All India Anna Dravida Munnetra Kazhagam,292,162,130,Tamilaga Vettri Kazhagam,1,6,4,3,6,5,9,9,9,9,9,6,2,21.45214521452145,4
45,"Panchayat Union Middle School, West Building East Wing North Facing, Kadambur-604206",732,282,1,7,169,1,0,0,0,0,1,2,0,171,0,0,4,2,0,2,0,0,642,0,2,644,0,45,45,Kadambur-604206,"Panchayat Union Middle School, West Building East Wing North Facing, Kadambur-604206","[1].Kadambur (R.V) & (P), Mettu Street, [2].Kadambur (R.V) & (P), Middle Street, [3].Kadambur (R.V) & (P), Post Office Street, [4].Kadambur (R.V) & (P), Colony Gandhi Nagar Ist Street,  [5].Kadambur (R.V) & (P), Gandhi Nagar 2nd
Street,  [6].Kadambur (R.V) & (P), South Street",All Voters,All India Anna Dravida Munnetra Kazhagam,282,171,111,Tamilaga Vettri Kazhagam,1,6,4,3,6,9,9,9,9,6,5,9,2,17.28971962616822,8
46,"Panchayat Union Middle School, West Building West Wing North Facing, Kadambur-604206",749,175,1,17,163,0,0,0,0,0,0,0,2,227,1,1,3,2,1,0,1,0,594,0,1,595,0,46,46,Kadambur-604206,"Panchayat Union Middle School, West Building West Wing North Facing, Kadambur-604206","[1].Kadambur (R.V) & (P), Ambethkar Street, [2].Kadambur (R.V) & (P), Balwadi Street, [3].Kadambur (R.V) & (P), Mariyamman Koil Street, [4].Kadambur (R.V) & (P), Pillaiyar Koil Street, [5].Kadambur (R.V) & (P), Main Road,  [6].Kadambur
(R.V) & (P), Kulathumedu  Street",All Voters,Tamilaga Vettri Kazhagam,227,175,52,All India Anna Dravida Munnetra Kazhagam,2,6,4,3,7,7,7,7,7,7,7,5,1,8.754208754208754,9
47,"Panchayat Union Primary School, North Building West Wing South Facing, Kalaiyur-604206",594,187,0,6,143,0,3,0,0,0,0,0,0,176,0,0,0,1,0,1,0,0,517,0,0,517,0,47,47,Kalaiyur-604206,"Panchayat Union Primary School, North Building West Wing South Facing, Kalaiyur-604206","[1].Kalaiyur (R.V) &  (P), Mariyamman Koil Street, [2].Kalaiyur (R.V) &  (P), Palla Street,  [3].Kalaiyur (R.V) &  (P), Adidravidar Colony",All Voters,All India Anna Dravida Munnetra Kazhagam,187,176,11,Tamilaga Vettri Kazhagam,1,6,4,3,6,5,6,6,6,6,6,6,2,2.127659574468085,2
48,"Panchayat Union Primary School, North Building East South Facing, Kalaiyur-604206",631,329,2,7,83,1,14,0,0,0,0,1,2,131,1,1,1,2,0,0,1,0,576,0,0,576,0,48,48,Kalaiyur-604206,"Panchayat Union Primary School, North Building East South Facing, Kalaiyur-604206","[1].Kalaiyur (R.V) & (P), Pillaiyar Koil Street, [2].Kalaiyur (R.V) & (P), Murugan Koil Street, [3].Kalaiyur (R.V) & (P), Gengaiammankoil Street, [4].Kalaiyur (R.V) & (P), Cross Street,  [5].Kalaiyur
(R.V) & (P), Thiropathiyamman Koil Street, [6].Kalaiyur (R.V) & (P), Gingee Road",All Voters,All India Anna Dravida Munnetra Kazhagam,329,131,198,Tamilaga Vettri Kazhagam,1,6,5,3,8,4,10,10,10,10,8,6,2,34.375,6
49,"Panchayat Union Elementary School, West Building South Facing, Nattarmangalam-604206",993,455,1,17,195,3,0,0,0,0,0,2,0,203,0,1,0,4,2,0,0,0,883,0,2,885,0,49,49,Nattarmangalam-604206,"Panchayat Union Elementary School, West Building South Facing, Nattarmangalam-604206","[1].Nattarmangalam (R.V) & (P), Oldnattarmangalam, [2].Nattarmangalam (R.V) & (P), Adidravidar Colony, [3].Nattarmangalam (R.V) & (P), New Nattarmangalam,  [4].Nattarmangalam (R.V) & (P), Gingee Road,  [5].Nattarmangalam (R.V) & (P),
Modaiyur  Road",All Voters,All India Anna Dravida Munnetra Kazhagam,455,203,252,Tamilaga Vettri Kazhagam,1,7,4,3,5,8,8,8,8,8,6,8,2,28.53907134767837,7
50,"Sri Parsuvanathar Government Higher Secondary School, North Building East Wing, Melsithamur-604206",631,131,1,12,166,2,0,0,0,0,1,0,1,173,0,1,1,2,1,1,1,0,494,0,2,496,0,50,50,Melsithamur-604206,"Sri Parsuvanathar Government Higher Secondary School, North Building East Wing, Melsithamur-604206","[1].Melsithamoor (R.V) & (P), Jainar Madathu Street, [2].Melsithamoor (R.V) & (P), West Colony, [3].Melsithamoor (R.V) & (P), Kalleri",All Voters,Tamilaga Vettri Kazhagam,173,166,7,Desiya Murpokku Dravida Kazhagam,3,6,4,2,5,9,9,9,9,6,9,6,1,1.417004048582996,7
51,"Sri Parsuvanathar Government Higher Secondary School, North Building West Wing, Melsithamur-604206",697,177,0,11,114,1,1,2,0,0,1,0,0,248,1,0,4,1,0,0,2,0,563,0,0,563,0,51,51,Melsithamur-604206,"Sri Parsuvanathar Government Higher Secondary School, North Building West Wing, Melsithamur-604206","[1].Melsithamoor (R.V) & (P), Melathoor Road, [2].Melsithamoor (R.V) & (P), Ottar Street, [3].Melsithamoor (R.V) & (P), Kulakarai Street, [4].Melsithamoor (R.V) & (P), Jainar North Street, [5].Melsithamoor (R.V) & (P), Palla Street, [6].Melsithamoor (R.V) & (P), East Colony,
[7].Melsithamoor (R.V) & (P), Earikkarai",All Voters,Tamilaga Vettri Kazhagam,248,177,71,All India Anna Dravida Munnetra Kazhagam,2,9,4,3,6,6,5,9,9,6,9,9,1,12.61101243339254,8
52,"Sri Parsuvanathar Government Higher Secondary School, North New Building East Wing Room No.3, Melsithamur-604206",615,275,0,6,104,2,0,0,0,1,0,0,0,123,0,1,1,2,1,0,0,0,516,0,1,517,0,52,52,Melsithamur-604206,"Sri Parsuvanathar Government Higher Secondary School, North New Building East Wing Room No.3, Melsithamur-604206","[1].Melsithamoor & Melathur (R.V) & Melsithamoor (P), Mettu Street 1,  [2].Melsithamoor & Melathur (R.V) & Melsithamoor (P), Mettu Street 2,  [3].Melsithamoor & Melathur (R.V) & Melsithamoor (P),  Pillaiyar Koil
Street,  [4].Melsithamoor  & Melathur (R.V) & Melsithamoor (P), Melathur Road",All Voters,All India Anna Dravida Munnetra Kazhagam,275,123,152,Tamilaga Vettri Kazhagam,1,7,4,3,5,7,7,7,6,7,7,7,2,29.45736434108527,5
53,"Sri Parsuvanathar Government Higher Secondary School, North New Building East Wing Room No 4, Melsithamur-604206",758,318,0,7,133,2,2,0,0,0,1,0,0,138,0,2,2,5,0,3,0,0,613,0,2,615,0,53,53,Melsithamur-604206,"Sri Parsuvanathar Government Higher Secondary School, North New Building East Wing Room No 4, Melsithamur-604206","[1].Melsithamoor (R.V) & Melathur (P), Pillaiyar Koil Street,  [2].Melsithamoor & Melathur (R.V) & Melsithamoor (P), Vaniya Street,  [3].Melsithamoor & Melathur (R.V) & Melsithamoor (P), Thiropathiyamman
Koil Street",All Voters,All India Anna Dravida Munnetra Kazhagam,318,138,180,Tamilaga Vettri Kazhagam,1,8,4,3,5,5,8,8,8,7,8,8,2,29.36378466557912,12
54,"Panchayat Union Middle School, West Wing, Arugavur-604203",663,329,0,8,119,1,1,0,0,0,0,0,1,132,0,0,2,6,0,0,0,1,600,0,2,602,0,54,54,Arugavur-604203,"Panchayat Union Middle School, West Wing, Arugavur-604203","[1].Arugavoor (R.V) & (P), Post Office Street, [2].Arugavoor (R.V) & (P), Achari Street,  [3].Arugavoor (R.V) & (P), Middle Street,  [4].Arugavoor (R.V) & (P), Achari Street,  [5].Arugavoor (R.V) & (P), Road Street,  [6].Arugavoor (R.V) & (P), Erikarai Street,  [7].Arugavoor (R.V) & (P),
Panappakkam  Mariyammankoil Street.,  [8].Arugavoor (R.V) & (P), Palla Street",All Voters,All India Anna Dravida Munnetra Kazhagam,329,132,197,Tamilaga Vettri Kazhagam,1,8,4,3,5,5,8,8,8,8,8,5,2,32.83333333333333,9
55,"Panchayat Union Middle School, Arugavur-604203",670,225,1,18,153,1,1,0,0,0,2,0,2,210,0,1,2,4,1,0,2,2,625,0,0,625,0,55,55,Arugavur-604203,"Panchayat Union Middle School, Arugavur-604203","[1].Arugavoor (R.V) & (P), Road Street,  [2].Arugavoor (R.V) & (P), Colony Road Street, [3].Arugavoor (R.V) & (P), Middle Street,  [4].Arugavoor (R.V) & (P), Madhakoil Street, [5].Arugavoor (R.V) & (P), Mayana  Street, [6].Arugavoor (R.V) & (P), Eswaran Koil Street, [7].Arugavoor (R.V) & (P), Mettu Street,  [8].Arugavoor
(R.V) & (P), Road Street",All Voters,All India Anna Dravida Munnetra Kazhagam,225,210,15,Tamilaga Vettri Kazhagam,1,7,4,3,7,7,10,10,10,5,10,5,2,2.4,12
56,"Panchayat Union Elementary School, Sivananthal-604203",411,204,0,8,85,2,0,0,0,0,0,0,0,91,0,0,0,1,0,1,2,1,395,0,0,395,0,56,56,Sivananthal-604203,"Panchayat Union Elementary School, Sivananthal-604203","[1].Sivananthal  Arugavoor (R.V) & (P), Pillaiyar Koil Street ,  [2].Arugavoor (R.V) & (P), Mettu Street, [3].Arugavoor (R.V) & (P), Kaliyamman koil Veethi,
[4].Arugavoor (R.V) & (P), Vettaikaran kudisai",All Voters,All India Anna Dravida Munnetra Kazhagam,204,91,113,Tamilaga Vettri Kazhagam,1,6,4,3,5,6,6,6,6,6,6,6,2,28.60759493670886,5
57,"Panchayat Union Elementary School, Nangiyanandal-604203",574,309,2,7,68,1,0,0,0,0,0,0,0,100,1,1,1,2,0,0,2,0,494,0,0,494,0,57,57,Nangiyanandal-604203,"Panchayat Union Elementary School, Nangiyanandal-604203","[1].Nangiyananthal (R.V) & (P), Mariyamman Koil Street,  [2].Nangiyananthal (R.V) & (P), Pillaiyar Koil Street,  [3].Nangiyananthal (R.V) & (P), Pajanai Koil Street,  [4].Nangiyananthal (R.V) & (P), Aiyyanar Koil
Street,  [5].Nangiyananthal (R.V) & (P), Kaliyamman Koil Street",All Voters,All India Anna Dravida Munnetra Kazhagam,309,100,209,Tamilaga Vettri Kazhagam,1,5,4,3,6,7,7,7,7,7,7,7,2,42.30769230769231,7
58,"Panchayat Union Elementary School, Boonthi-604203",797,391,1,15,114,1,1,1,2,0,0,0,1,169,0,3,10,3,2,0,3,0,717,0,2,719,0,58,58,Boonthi-604203,"Panchayat Union Elementary School, Boonthi-604203","[1].Bonthai (R.V) & (P), Big Street,  [2].Bonthai (R.V) & (P), Old Street,  [3].Bonthai (R.V) & (P), Puravadai
Street",All Voters,All India Anna Dravida Munnetra Kazhagam,391,169,222,Tamilaga Vettri Kazhagam,1,6,4,3,6,6,6,5,11,11,11,6,2,30.96234309623431,21
59,"Government Higher Secondary School, West Building South Wing, Veeranamur-604203",678,294,0,14,130,0,1,0,0,1,0,0,1,154,1,1,7,0,0,0,0,0,604,0,0,604,0,59,59,Veeranamur-604203,"Government Higher Secondary School, West Building South Wing, Veeranamur-604203","[1].Veeranamoor (R.V) & (P), Jainar Street, [2].Veeranamoor (R.V) & (P), Achari Street, [3].Veeranamoor (R.V) & (P), Neerpuchi Street, [4].Veeranamoor (R.V) & (P), Chettiyar Street, [5].Veeranamoor (R.V) & (P), Thirowpathiyamman Koil Street.,  [6].Veeranamoor (R.V) & (P), Ambethkar
Street,  [7].Veeranamoor (R.V) & (P), Road Street, [8].Veeranamoor (R.V) & (P), Mariyamman Koil Street.",All Voters,All India Anna Dravida Munnetra Kazhagam,294,154,140,Tamilaga Vettri Kazhagam,1,8,4,3,8,5,8,8,5,8,8,5,2,23.17880794701987,9
60,"Government Higher Secondary School, South Building, Veeranamur-604203",892,261,2,28,218,0,1,1,0,0,0,1,2,329,0,0,0,0,0,0,0,0,843,0,0,843,0,60,60,Veeranamur-604203,"Government Higher Secondary School, South Building,
Veeranamur-604203","[1].Veeranamoor (R.V) & (P), Pillaiyar Koil Street (K), [2].Veeranamoor (R.V) & (P), Mariyamman Koil
Street.,  [3].Veeranamoor (R.V) & (P), Valluvar Street",All Voters,Tamilaga Vettri Kazhagam,329,261,68,All India Anna Dravida Munnetra Kazhagam,2,5,4,3,10,7,7,10,10,10,7,5,1,8.066429418742587,0
61,"Panchayat Union Elementary School, Veeranamur-604203",1089,538,2,34,179,2,0,0,0,0,0,1,2,223,0,1,6,0,2,1,1,0,992,0,4,996,0,61,61,Veeranamur-604203,"Panchayat Union Elementary School, Veeranamur-604203","[1].Veeranamoor (R.V) & (P), Pillaiyar Koil Street, [2].Veeranamoor (R.V) & (P), Mettu Street, [3].Veeranamoor (R.V) & (P), Middle Street, [4].Veeranamoor (R.V) & (P), Palla Street, [5].Veeranamoor (R.V) & (P), Otta Street, [6].Veeranamoor (R.V) & (P), Selliyamman Koil Street, [7].Veeranamoor (R.V) & (P), Kallankuthu Street, [8].Veeranamoor (R.V) & (P), Achari Street, [9].Veeranamoor (R.V) & (P), Road Street, [10].Veeranamoor (R.V) & (P), Road Street (K), [11].Veeranamoor (R.V) & (P), Mariyamman Koil  Street (K),  [12].Veeranamoor (R.V) & (P), Valluvar Street (Ka),  [13].Veeranamoor (R.V) & (P), Ambethkar Street (Ka),  [14].Veeranamoor (R.V) & (P), Pillaiyar
Koil Street (Ka)",All Voters,All India Anna Dravida Munnetra Kazhagam,538,223,315,Tamilaga Vettri Kazhagam,1,5,4,3,5,9,9,9,9,9,8,5,2,31.75403225806452,11
62,"Panchayat Union Middle School, East Building South Wing, Melathipakkam-604207",707,190,3,13,213,0,2,0,0,0,0,0,0,201,0,3,3,1,1,2,2,0,634,0,0,634,0,62,62,Melathipakkam-604207,"Panchayat Union Middle School, East Building South Wing,
Melathipakkam-604207","[1].Melathipakkam (R.V) & (P), Jain Street, [2].Melathipakkam (R.V) & (P), Palla Street, [3].Melathipakkam (R.V) & (P), Mettu Street, [4].Melathipakkam (R.V) & (P), Eagali Street, [5].Melathipakkam (R.V) &  (P), Mariyamman Kovil
Street,  [6].Melathipakkam (R.V) & (P), Kulakarai Street,  [7].Melathipakkam (R.V) & (P), Road Street",All Voters,Desiya Murpokku Dravida Kazhagam,213,201,12,Tamilaga Vettri Kazhagam,3,5,4,1,7,6,7,7,7,7,7,7,2,1.892744479495268,12
63,"Panchayat Union Middle School, West Building Road Side, Melathipakkam-604207",628,179,2,16,187,1,1,1,0,0,0,0,1,180,1,2,4,2,1,1,0,0,579,0,1,580,0,63,63,Melathipakkam-604207,"Panchayat Union Middle School, West Building Road Side,
Melathipakkam-604207","[1].Melathipakkam (R.V) & (P), Murugan Kovil Street, [2].Melathipakkam (R.V) & (P), Naidu Street,
[3].Melathipakkam (R.V) & (P), Middle Street Colony, [4].Melathipakkam (R.V) & (P), Udaiyar Street",All Voters,Desiya Murpokku Dravida Kazhagam,187,180,7,Tamilaga Vettri Kazhagam,3,5,4,1,6,6,6,10,10,10,10,6,2,1.208981001727116,11
64,"Panchayat Union Elementary School, Neerperunthagaram-604207",754,312,4,22,127,4,0,0,0,0,0,0,2,181,0,0,2,2,0,3,2,4,665,0,0,665,0,64,64,Neerperunthagaram-6042 07,"Panchayat Union Elementary School, Neerperunthagaram-604207","[1].Neerperuthagaram (R.V) & (P), Main Street, [2].Neerperuthagaram (R.V) & (P), Mettu Street, [3].Neerperuthagaram (R.V) & (P), Mariyamman Koil Street (Colony ),  [4].Neerperuthagaram (R.V) & (P), Aggaragarath Street,  [5].Neerpuruthagaram (R.V) & (P), Palla Street,  [6].Neerperuthakaram (R.V)  & (P), Middle Street,  [7].Neerperuthagaram (R.V) & (P), Earikkarai Street,  [8].Neerperuthakaram (R.V) & (P),
Kulakkarai Street",All Voters,All India Anna Dravida Munnetra Kazhagam,312,181,131,Tamilaga Vettri Kazhagam,1,5,4,3,5,8,8,8,8,8,8,7,2,19.69924812030075,13
65,"Panchayat Union Elementary School, Mampakkam-604406",690,342,2,11,127,3,3,0,0,0,0,0,1,147,0,1,1,5,0,1,0,0,644,0,2,646,0,65,65,Mampakkam-604406,"Panchayat Union Elementary School, Mampakkam-604406","[1].Mampakkam (R.V) & (P), Palla Street, [2].Mampakkam (R.V) &  (P), Pillaiyar Koil Street, [3].Mampakkam (R.V) & (P), Kottaveettu Street, [4].Mampakkam (R.V) & (P), Teakadai Street, [5].Mampakkam (R.V) & (P), Perumal Koil Street, [6].Mampakkam (R.V) & (P), Erikarai Street, [7].Mampakkam (R.V) &  (P), Ponniyamman Koil Street,  [8].Mampakkam (R.V) &  (P), Chinnakulam Street,  [9].Mampakkam (R.V) &  (P), Ganesapuram Pillaiyar Koil Street,  [10].Mampakkam (R.V) & (P), Ganesapuram Othavatai Street,  [11].Mampakkam
(R.V) &  (P), Pallaiyam Street",All Voters,All India Anna Dravida Munnetra Kazhagam,342,147,195,Tamilaga Vettri Kazhagam,1,7,4,3,5,5,9,9,9,9,9,8,2,30.27950310559006,8
66,"Panchayat Union Elementary School, Sempakkam-604207",895,396,2,9,133,0,0,0,0,0,0,0,1,220,0,1,4,9,3,1,6,2,787,0,1,788,0,66,66,Sempakkam-604207,"Panchayat Union Elementary School, Sempakkam-604207","[1].Sempakkam (R.V) & (P), Pillaiyar Kovil  Street, [2].Sempakkam (R.V) & (P), Chettiyar Street, [3].Sempakkam (R.V) &  (P), Thirowpathiyamman  Kovil Street,  [4].Sempakkam (R.V) & (P),  Mariyamman Kovil Street,  [5].Sempakkam (R.V) &  (P), Colony Pillaiyar Koil Street,  [6].Sempakkam (R.V) & (P), Irular Colony Street,  [7].Sempakkam (R.V) & (P), Mettur Pillaiyar Kovil Street,  [8].Sempakkam (R.V) & (P), Mettur South Street,  [9].Sempakkam (R.V) &
(P), Mettur North Street,  [10].Konalur (R.V) & Sempakkam (P), Konalur Ponniyamman Kovil Street",All Voters,All India Anna Dravida Munnetra Kazhagam,396,220,176,Tamilaga Vettri Kazhagam,1,5,4,3,7,7,7,7,7,7,7,6,2,22.36340533672173,26
67,"Hindu Aided Elementary School, Melsiviri-604207",612,201,2,10,131,1,0,0,0,0,1,0,0,188,0,0,0,2,0,3,2,1,542,0,0,542,0,67,67,Melsiviri-604207,"Hindu Aided Elementary School, Melsiviri-604207","[1].Melsiviri (R.V) &  (P), Kezhandai Street, [2].Melsiviri (R.V) & (P), Melandai Street,  [3].Melsiviri (R.V) & (P), Nadu Street,  [4].Melsiviri (R.V) &  (P), Perumal Koil Street,  [5].Melsiviri (R.V) & (P), Colony
Street,  [6].Melsiviri (R.V) & (P), Colony East Street",All Voters,All India Anna Dravida Munnetra Kazhagam,201,188,13,Tamilaga Vettri Kazhagam,1,5,4,3,6,8,8,8,8,6,8,8,2,2.398523985239852,8
68,"Panchayat Union Elementary School, Athipakkam-604207",1110,297,2,25,275,1,0,0,0,0,0,0,1,371,0,1,2,0,0,0,1,0,976,0,0,976,0,68,68,Athipakkam-604207,"Panchayat Union Elementary School, Athipakkam-604207","[1].Athipakkam & Nedunthandi (R.V) & Athipakkam (P), Periya Kovil Street,  [2].Athipakkam & Nedunthandi (R.V) & Athipakkam (P), Pillaiyar Kovil Street,  [3].Athipakkam &Nedunthandi (R.V) & Athipakkam (P), Nayakkar Street,  [4].Athipakkam & Nedunthandi (R.V) & Athipakkam (P), Mariyamman Kovil Street (Colony),  [5].Athipakkam & Nedunthandi (R.V) & Athipakkam (P), Mariyamman Kovil Street (Attipakkam),  [6].Athipakkam & Nedunthandi (R.V) & Athipakkam (P), Nedunthandi kulathu Street, [7].Athipakkam & Nedunthandi (R.V) & Athipakkam (P), Pillaiyar Kovil  Street,  [8].Athipakkam & Nedunthandi (R.V) & Athipakkam (P), Mariyamman Kovil Street,  [9].Athipakkam & Nedunthandi (R.V) &
Athipakkam (P), Bairogi Street (Nedunthandi)",All Voters,Tamilaga Vettri Kazhagam,371,297,74,All India Anna Dravida Munnetra Kazhagam,2,5,4,3,6,8,8,8,8,8,8,6,1,7.581967213114754,4
69,"Panchayat Union Middle School, South Building East Wing, Ethanemili-604207",790,350,1,12,172,4,1,0,0,0,0,3,0,161,0,3,0,0,0,1,0,0,708,0,2,710,0,69,69,Ethanemili-604207,"Panchayat Union Middle School, South Building East Wing, Ethanemili-604207","[1].Eathanemily (R.V) & (P), Mariyamman Kovil Street,  [2].Eathanemily (R.V) & (P), Manthaiveli, [3].Eathanemily (R.V) & (P), Kuyawar Street, [4].Eathanemily (R.V) & (P), Patti Street,
[5].Eathanemily (R.V) & (P), Pillaiyar Kovil  Street, [6].Eathanemily (R.V) & (P), Jain Street",All Voters,All India Anna Dravida Munnetra Kazhagam,350,172,178,Desiya Murpokku Dravida Kazhagam,1,7,4,2,5,7,9,9,9,9,6,9,3,25.14124293785311,4
70,"Panchayat Union Middle School, North Building East Wing, Ethanemili-604207",706,317,4,18,101,1,0,0,0,0,0,0,1,195,0,2,4,2,2,3,2,1,653,0,0,653,0,70,70,Ethanemili-604207,"Panchayat Union Middle School, North Building East Wing,
Ethanemili-604207","[1].Eathanemily (R.V) & (P), Nadu Street, [2].Eathanemily (R.V) & (P), Mettu Street, [3].Eathanemily (R.V) & (P), Kallukadai Street,
[4].Eathanemily (R.V) & (P), Colony Mariyamman Kovil Street",All Voters,All India Anna Dravida Munnetra Kazhagam,317,195,122,Tamilaga Vettri Kazhagam,1,5,4,3,6,8,8,8,8,8,8,6,2,18.68300153139357,16
71,"Panchayat Union Middle School, South Building East Wing, Pallikullam-604203",1039,524,3,28,161,0,0,0,0,0,0,0,1,207,0,3,5,2,1,1,1,0,937,0,0,937,0,71,71,Pallikullam-604203,"Panchayat Union Middle School, South Building East Wing, Pallikullam-604203","[1].Pallikulam  (R.V) & (P), Pillaiyar Koil Street, [2].Pallikulam  (R.V) & (P), Mariyamman Koil Street, [3].Pallikulam  (R.V) & (P), Middle Street,  [4].Pallikulam  (R.V) & (P), North Street,  [5].Pallikulam (R.V) & (P), Othavadai Street,  [6].Pallikulam  (R.V) & (P), Kulakkarai Street,  [7].Pallikulam  (R.V) & (P), Citheri Street,  [8].Pallikulam  (R.V) & (P), Murugar Koil
Street",All Voters,All India Anna Dravida Munnetra Kazhagam,524,207,317,Tamilaga Vettri Kazhagam,1,5,4,3,7,7,7,7,7,7,7,6,2,33.83137673425827,13
72,"Panchayat Union Middle School, South Building, Pallikullam-604203",538,221,2,8,103,1,0,1,0,0,0,0,0,137,0,2,1,1,0,0,1,0,478,0,3,481,0,72,72,Pallikullam-604203,"Panchayat Union Middle School, South Building, Pallikullam-604203","[1].Pallikulam  (R.V) & (P), Pillaiyar Kovil Street, [2].Pallikulam  (R.V) & (P), Mariyamman Koil Street, [3].Pallikulam  (R.V) & (P), Ayyanar Koil Street,
[4].Pallikulam  (R.V) & (P), Sinna Street",All Voters,All India Anna Dravida Munnetra Kazhagam,221,137,84,Tamilaga Vettri Kazhagam,1,5,4,3,6,8,6,8,8,8,8,8,2,17.57322175732217,5
73,"Village Service Centre, North Building South Facing, Elamangalam-604206",792,316,0,22,197,1,0,0,0,0,0,0,0,193,0,1,4,0,0,0,0,0,734,0,0,734,0,73,73,Elamangalam-604206,"R.C. Elementary School, Elamangalam-604206","[1].Elamangalam (R.V) & (P), Jainar Street, [2].Elamangalam (R.V) & (P), Yadhavar Street, [3].Elamangalam (R.V) & (P), Mariyamman Koil Street, [4].Elamangalam (R.V) & (P), Otta Street, [5].Elamangalam (R.V) & (P), Odai Street, [6].Elamangalam (R.V) & (P), Main Road, [7].Elamangalam (R.V) & (P), Pudhur Pillaiyar Koil Street,  [8].Elamangalam (R.V) & (P), Mariyamman Koil Street,  [9].Elamangalam (R.V) & (P), Madha Koil
Street,  [10].Elamangalam (R.V) & (P), New Colony, [11].Elamangalam (R.V) & (P), Kuppam Road",All Voters,All India Anna Dravida Munnetra Kazhagam,316,197,119,Desiya Murpokku Dravida Kazhagam,1,6,4,2,5,6,6,6,6,6,6,6,3,16.2125340599455,5
74,"Panchayat Union Middle School, Additional Building South Wing, Vizhukkam-604206",473,221,1,3,82,2,0,1,0,0,1,0,3,102,0,1,1,2,0,1,1,0,422,0,0,422,0,74,74,Vizhukkam-604206,"Panchayat Union Middle School, Additional Building South Wing, Vizhukkam-604206","[1].Vizhukkam (R.V) & (P), Vizhukkam Mettu Street, [2].Vizhukkam (R.V) & (P), School Street, [3].Vizhukkam (R.V) & (P), Main Street,  [4].Vizhukkam (R.V) & (P), Palla Street,  [5].Vizhukkam (R.V) & (P),
Nainar Street",All Voters,All India Anna Dravida Munnetra Kazhagam,221,102,119,Tamilaga Vettri Kazhagam,1,7,4,3,6,10,7,10,10,7,10,4,2,28.19905213270142,6
75,"Panchayat Union Middle School, Additional Building North Wing, Vizhukkam-604206",705,156,0,15,206,2,0,0,0,0,0,0,1,234,0,1,2,6,1,0,2,0,626,0,1,627,0,75,75,Vizhukkam-604206,"Panchayat Union Middle School, Additional Building North Wing,
Vizhukkam-604206","[1].Vizhukkam (R.V) & (P), Old Colony North Street, [2].Vizhukkam (R.V) & (P), Old Colony Mariyamman
Koil Street,  [3].Vizhukkam (R.V) & (P), New Colony",All Voters,Tamilaga Vettri Kazhagam,234,206,28,Desiya Murpokku Dravida Kazhagam,3,7,4,2,5,7,7,7,7,7,7,6,1,4.472843450479233,12
76,"Panchayat Union Primary School, Konakkampattu-604206",839,335,0,10,185,3,1,0,0,0,0,0,4,241,1,1,0,1,0,0,2,0,784,0,1,785,0,76,76,Konakkampattu-604206,"Panchayat Union Middle School, Konakkampattu-604206","[1].Vizhukkam (R.V) & (P), Konakkampattu Main Street,  [2].Vizhukkam  (R.V) & (P), Konakkampattu School Street,  [3].Vizhukkam (R.V) & (P), Konakkampattu Tindivanam Gingee Salai, [4].Vizhukkam (R.V) & (P), Konakkampattu
Malaiyampattu",All Voters,All India Anna Dravida Munnetra Kazhagam,335,241,94,Tamilaga Vettri Kazhagam,1,8,4,3,6,7,8,8,8,8,8,5,2,11.98979591836735,5
77,"Panchayat Union Primary School, North Facing Middle Wing, Deevanur-604206",784,347,1,21,182,0,0,0,0,0,0,0,1,155,0,2,1,0,1,2,3,1,717,0,1,718,0,77,77,Deevanur-604206,"Panchayat Union Middle School, North Facing Middle Wing,
Deevanur-604206","[1].Deevanur (R.V) & (P), Mariyamman Koil Street, [2].Deevanur (R.V) & (P), Perumal Koil Street, [3].Deevanur (R.V) & (P), Post Office Street, [4].Deevanur (R.V) & (P), Perumal Koil Street, [5].Deevanur (R.V) & (P), Kalvettu Road,  [6].Deevanur (R.V) & (P), Gingee Main Road,  [7].Deevanur (R.V) &
(P), Savadi Street,  [8].Deevanur (R.V) & (P), Selliyamman Koil Street,  [9].Deevanur (R.V) & (P), School Street,  [10].Deevanur (R.V) & (P), Gingee Main Road Kulakkarai Street,  [11].Deevanur (R.V) & (P), Gingee Main Road,  [12].Deevanur (R.V) & (P), Gingee Main Road,  [13].Deevanur (R.V) & (P),
Vinayagar Koil Street",All Voters,All India Anna Dravida Munnetra Kazhagam,347,182,165,Desiya Murpokku Dravida Kazhagam,1,5,4,2,7,7,7,7,7,7,7,5,3,23.01255230125523,10
78,"Panchayat Union Primary School, East Facing Middle Wing, Deevanur-604206",810,175,1,28,237,0,0,0,0,0,0,0,1,315,0,0,2,0,0,0,1,1,761,0,3,764,0,78,78,Deevanur-604206,"Panchayat Union Middle School, East Facing Middle Wing,
Deevanur-604206","[1].Deevanur (R.V) & (P), Rajiv Gandhi Nagar, [2].Deevanur (R.V) & (P), Rajiv Gandhi Nagar, [3].Deevanur (R.V) & (P), Rajiv Gandhi Nagar, [4].Deevanur (R.V) & (P), Gingee Main Road,
[5].Deevanur (R.V) & (P), Rettanai Road,  [6].Deevanur (R.V) & (P), Uthukuttaicolony Main Road",All Voters,Tamilaga Vettri Kazhagam,315,237,78,Desiya Murpokku Dravida Kazhagam,3,5,4,2,7,7,7,7,7,7,7,5,1,10.2496714848883,4
79,"Panchayat Union Primary School, North Facing Middle Wing, Agoor-604207",1060,425,1,15,184,1,0,1,0,0,0,1,6,245,0,0,3,1,0,0,1,0,884,0,1,885,0,79,79,Agoor-604207,"Panchayat Union Primary School, North Facing Middle Wing,
Agoor-604207","[1].Agoor  (R.V) & (P), Nadu Street,  [2].Agoor  (R.V) & (P), Pillaiyar Kovil  Street,  [3].Agoor (R.V) & (P), Mettu Street,  [4].Agoor (R.V) & (P), Mariyamman Koil Street,  [5].Agoor (R.V) & (P), Old Colony Mel Street, [6].Agoor  (R.V) & (P), Road Street,  [7].Agoor (R.V) & (P), New  Colony,  [8].Agoor (R.V) & (P), Alagiyanallur,
[9].Agoor (R.V) & (P), Periya Kulathu Street",All Voters,All India Anna Dravida Munnetra Kazhagam,425,245,180,Tamilaga Vettri Kazhagam,1,6,4,3,6,10,6,10,10,10,6,5,2,20.36199095022624,5
80,"Panchayat Union Middle School, South Facing Middle Wing, Naduvananthal-604207",688,337,1,17,77,0,0,0,0,0,0,0,1,152,0,0,1,3,1,0,1,0,591,0,0,591,0,80,80,Naduvananthal-604207,"Panchayat Union Middle School, South Facing Middle Wing, Naduvananthal-604207","[1].Naduvananthal (R.V) & (P), Periya street, [2].Naduvananthal (R.V) & (P), Mariyamman Koil Street,  [3].Naduvananthal (R.V) & (P), Main Road, [4].Naduvananthal (R.V) & (P), South Street,
[5].Naduvananthal (R.V) & (P), Kulathu Street",All Voters,All India Anna Dravida Munnetra Kazhagam,337,152,185,Tamilaga Vettri Kazhagam,1,5,4,3,7,7,7,7,7,7,7,5,2,31.30287648054145,6
81,"Panchayat Union Middle School, South Facing West Wing, Naduvananthal-604207",557,252,2,8,97,1,0,0,0,0,0,0,1,130,0,1,2,0,1,0,2,0,497,0,0,497,0,81,81,Naduvananthal-604207,"Panchayat Union Middle School, South Facing West Wing, Naduvananthal-604207","[1].Naduvananthal (R.V) & (P), Anna Nagar Street, [2].Naduvananthal (R.V) & (P), Kuntru Mettu Street, [3].Naduvananthal (R.V) & (P), Old Colony,
[4].Naduvananthal (R.V) & (P), New Colony, [5].Naduvananthal (R.V) & (P), Pazhankudiyanar Side",All Voters,All India Anna Dravida Munnetra Kazhagam,252,130,122,Tamilaga Vettri Kazhagam,1,5,4,3,6,8,8,8,8,8,8,6,2,24.54728370221328,6
82,"Panchayat Union Middle School, North Facing Middle Wing, Naduvananthal-604207",844,463,1,11,93,1,1,0,0,0,0,0,1,172,0,0,3,0,0,1,0,0,747,0,0,747,0,82,82,Naduvananthal-604207,"Panchayat Union Middle School, North Facing Middle Wing,
Naduvananthal-604207","[1].Naduvananthal (R.V) & (P), Main Road, [2].Naduvananthal (R.V) & (P), Pazhaya Colony, [3].Naduvananthal (R.V) & (P), New Colony, [4].Naduvananthal (R.V) & (P), Pudhur Main Road, [5].Naduvananthal (R.V) & (P), Pudhur Koil Street, [6].Naduvananthal (R.V) & (P), Pudhur Nadu Street,
[7].Naduvananthal (R.V) & (P), Pudhur Pallikuda Street",All Voters,All India Anna Dravida Munnetra Kazhagam,463,172,291,Tamilaga Vettri Kazhagam,1,5,4,3,5,5,9,9,9,9,9,5,2,38.95582329317269,4
83,"Panchayat Union Primary School, North Building West Wing, Agoor-604207",826,236,2,22,257,3,1,0,0,0,0,0,1,182,2,2,3,6,0,1,3,0,721,0,3,724,0,83,83,Agoor-604207,"Panchayat Union Primary School, North Building West Wing,
Agoor-604207","[1].Agoor (R.V) & (P), Old  Colony Kezh Street,
[2].Agoor (R.V) & (P), Road Street,  [3].Agoor (R.V) & (P), New Colony,  [4].Agoor (R.V) & (P), Mannampoodi",All Voters,Desiya Murpokku Dravida Kazhagam,257,236,21,All India Anna Dravida Munnetra Kazhagam,2,6,4,1,5,7,9,9,9,9,9,7,3,2.912621359223301,17
84,"Panchayat Union Elementary School, West Building South Wing East Facing, Puliyanur-604207",587,187,0,10,89,0,0,0,0,0,0,1,1,222,0,1,1,1,1,0,0,0,514,0,0,514,0,84,84,Puliyanur-604207,"Government High School, North Building East Wing South Facing, Puliyanur-604207","[1].Puliyanur (R.V) & (P), Edapalayam,  [2].Puliyanur (R.V) & (P), School Steet,  [3].Puliyanur (R.V) & (P), Kuyavar Palayam,  [4].Puliyanur (R.V) & (P), Irular Street,  [5].Puliyanur (R.V) & (P), Pillayar Koil Street, [6].Puliyanur (R.V) & (P), Mariyaman Koil Street, [7].Puliyanur (R.V) & (P), Reddiyar Street, [8].Puliyanur (R.V) & (P), Maniyakarar Street, [9].Puliyanur (R.V) & (P), Vathiyar Street,
[10].Puliyanur (R.V) & (P), Kottakara Street",All Voters,Tamilaga Vettri Kazhagam,222,187,35,All India Anna Dravida Munnetra Kazhagam,2,7,4,3,7,7,7,7,7,7,5,5,1,6.809338521400778,4
85,"Government High School, North Facing East Wing, Puliyanur-604207",979,248,1,24,225,1,0,0,0,0,0,1,4,323,1,0,4,2,0,0,0,0,834,0,0,834,0,85,85,Puliyanur-604207,"Government High School, North Facing East Wing, Puliyanur-604207","[1].Puliyanur (R.V)  & (P), Arunthathiyar Palayam, [2].Puliyanur (R.V) & (P), Colony Mel Side, [3].Puliyanur (R.V) & (P), Colony Keel Side, [4].Puliyanur (R.V) & (P), Erikodi Street,  [5].Puliyanur (R.V) & (P), Nadu Street,  [6].Puliyanur (R.V) & (P),
Sirunangur",All Voters,Tamilaga Vettri Kazhagam,323,248,75,All India Anna Dravida Munnetra Kazhagam,2,6,4,3,6,9,9,9,9,9,6,5,1,8.992805755395683,7
86,"Thiru. Vi.Ka. Aided Primary School, South Building East Wing, Thaniyal-604207",868,255,2,7,186,0,1,0,0,0,0,1,3,280,0,1,1,4,1,1,1,1,745,0,1,746,0,86,86,Thaniyal-604207,"Thiru. Vi.Ka. Aided Primary School, South Building East Wing,
Thaniyal-604207","[1].Thaniyal (R.V) & (P), Eswaran Koil Street,, [2].Thaniyal (R.V) & (P), Kupera Vinayagar Street, [3].Thaniyal (R.V) & (P), Kudumi Santhu,  [4].Thaniyal (R.V) & (P), Pillaiyar Koil Street,  [5].Thaniyal (R.V) & (P), Kamarajar Street,  [6].Thaniyal (R.V) & (P), Valluvar Street,,  [7].Thaniyal (R.V) & (P), Palaiyam Street,  [8].Thaniyal (R.V) & (P), Irular Street, [9].Thaniyal (R.V) & (P), Koothadi Kudisai Street,
[10].Thaniyal (R.V) & (P), Mettu Street,  [11].Thaniyal (R.V) & (P), Odai Street",All Voters,Tamilaga Vettri Kazhagam,280,255,25,All India Anna Dravida Munnetra Kazhagam,2,6,4,3,9,7,9,9,9,9,7,5,1,3.355704697986577,10
87,"Panchayat Union Middle School, South Building East Wing North Facing, Vadasiruvalur-604207",698,293,2,12,124,1,0,0,0,0,0,0,3,191,1,1,2,0,2,3,1,0,636,0,3,639,0,87,87,Vadasiruvalur-604207,"Panchayat Union Middle School, South Building East Wing North Facing, Vadasiruvalur-604207","[1].Vadasiruvalur (R.V) & (P), Perumal Koil Street, [2].Vadasiruvalur (R.V) & (P), Vinayagar Koil Street No.1,  [3].Vadasiruvalur (R.V) & (P), Kuyavar Street, [4].Vadasiruvalur (R.V) & (P), School Street, [5].Vadasiruvalur (R.V) & (P), Mariyamman Kovil Street No.1,  [6].Vadasiruvalur (R.V) & (P), Malligapuram Street,  [7].Vadasiruvalur (R.V) & (P), Sutar Oli Nagar,  [8].Vadasiruvalur (R.V) & (P), Anchaneyar Kovil Street,  [9].Vadasiruvalur (R.V) &
(P), Thathar Street",All Voters,All India Anna Dravida Munnetra Kazhagam,293,191,102,Tamilaga Vettri Kazhagam,1,6,4,3,7,8,8,8,8,8,8,5,2,16.0377358490566,10
88,"Panchayat Union Middle School, South Building West Wing North Facing, Vadasiruvalur-604207",862,211,0,29,271,1,1,1,0,0,0,1,3,259,2,1,3,2,1,1,0,0,787,0,2,789,0,88,88,Vadasiruvalur-604207,"Panchayat Union Middle School, South Building West Wing North Facing, Vadasiruvalur-604207","[1].Vadasiruvalur (R.V) & (P), Nagavaram Street, [2].Vadasiruvalur (R.V) & (P), Vinayagar Koil Street No.3,  [3].Vadasiruvalur (R.V) & (P), Mariyamman Kovil Street ,  [4].Vadasiruvalur (R.V) & (P), Palvadi Street,  [5].Vadasiruvalur (R.V) & (P), Rediyokottagai Street,  [6].Vadasiruvalur (R.V) & (P), Pillaiyar Koil Street,  [7].Vadasiruvalur (R.V) & (P), Group House
Street",All Voters,Desiya Murpokku Dravida Kazhagam,271,259,12,Tamilaga Vettri Kazhagam,3,10,4,1,6,6,6,10,10,10,6,5,2,1.524777636594663,10
89,"Government Higher Secondary School, South Building West Wing North Facing, Vellimedupettai-604207",1008,388,0,10,190,2,1,1,0,1,0,0,0,296,0,0,2,3,1,0,0,0,895,0,2,897,0,89,89,Vellimedupettai-604207,"Government Higher Secondary School, South Building East Wing, Vellimedupettai-604207","[1].Pothananthal (R.V ) & Vellimedupettai (P), Pajar Veethi,  [2].Pothananthal (R.V ) & Vellimedupettai (P), Kavarai Street,  [3].Pothananthal (R.V) & Vellimedupettai (P), 2nt Santhai Street, [4].Pothananthal (R.V ) & Vellimedupettai (P), Ganthi Village,  [5].Pothananthal (R.V) & Vellimedupettai (P),
Kavarai Cross Street,  [6].Pothananthal (R.V ) & Vellimedupettai (P), Irular Colony",All Voters,All India Anna Dravida Munnetra Kazhagam,388,296,92,Tamilaga Vettri Kazhagam,1,9,4,3,5,6,6,9,6,9,9,9,2,10.27932960893855,6
90,"Government Higher Secondary School, North Building West Wing RMSA, Vellimedupettai-604207",810,300,3,17,130,1,0,0,1,0,0,0,1,258,0,0,3,2,0,2,0,1,719,0,0,719,0,90,90,Vellimedupettai-604207,"Government Higher Secondary School, North Building West Wing RMSA, Vellimedupettai-604207","[1].Puthananthal & Vellimedupettai (R.V) & Vellimedupettai (P), Thattara Street  Puthananthal, [2].Puthananthal & Vellimedupettai (R.V) & Vellimedupettai (P), Puliyanthoppu Street Puthananthal,  [3].Puthananthal & Vellimedupettai (R.V) & Vellimedupettai (P), Eswaran Koil Street Puthananthal,  [4].Puthananthal & Vellimedupettai (R.V) & Vellimedupettai (P), Main Road Puthananthal, [5].Puthananthal & Vellimedupettai (R.V) & Vellimedupettai (P), Perumal Koil Street Vellimedu, [6].Puthananthal & Vellimedupettai (R.V) & Vellimedupettai (P), Middle Street Vellimedu, [7].Puthananthal & Vellimedupettai (R.V) & Vellimedupettai (P), Mairyamman Street Vellimedu, [8].Puthananthal & Vellimedupettai (R.V) & Vellimedupettai (P), Colony Road Vellimedu, [9].Puthananthal & Vellimedupettai (R.V) & Vellaimedupettai (P), Colony Vellimedu, [10].Puthananthal & Vellimedupettai (R.V) &
Vellimedupettai (P), Ottai Cheti Street Vellimedu",All Voters,All India Anna Dravida Munnetra Kazhagam,300,258,42,Tamilaga Vettri Kazhagam,1,5,4,3,6,9,9,6,9,9,9,6,2,5.84144645340751,8
91,"Government Higher Secondary School, North Building East Wing, Vellimedupettai-604207",627,233,0,14,121,0,0,0,0,0,0,0,1,178,1,1,0,1,0,1,1,0,552,0,2,554,0,91,91,Vellimedupettai-604207,"Government Higher Secondary School, North Building East Wing, Vellimedupettai-604207","[1].Puthananthal & Vellimedupettai (R.V) Vallaimadupattai (P), Chetti Street,  [2].Puthananthal Vellimadupattai (R.V) & Vellimadupattai  (P), Nainar Street Puthananthal,  [3].Puthanathal & Vellimedupettai (R.V) & Vellimedupettai (P), 3 Vaniyar Street Puthananthal,  [4].Puthananthal & Vellimedupettai (R.V) & Vellimedupettai (P), Vaniya Pilliyar Koil Street Puthananthal,  [5].Puthananthal & Vellimedupettai (R.V) & Vellimedupettai (P), Puthananthal perumal Koil Street Puthananthal, [6].Puthananthal & Vellaimedupettai (R.V) & Valleimedupettai (P), Sekumedu Street Puthananthal, [7].Puthananthal & Vellimedupettai (R.V) &
Vellimedupettai (P), Mettu Street Puthananthal",All Voters,All India Anna Dravida Munnetra Kazhagam,233,178,55,Tamilaga Vettri Kazhagam,1,6,4,3,6,6,6,6,6,6,6,5,2,9.96376811594203,5
92,"Panchayat Union Primary School, East Building West Facing South Wing, Singanikuppam-604207",607,377,1,3,61,0,0,0,0,0,1,0,1,96,0,0,4,5,0,0,1,0,550,0,1,551,0,92,92,Singanikuppam-604207,"Panchayat Union Primary School, East Building West Facing South Wing, Singanikuppam-604207","[1].Singanikuppam (R.V) & Dhathapuram (P), SinganiKuppam Mariyamman Koil Street, [2].Singanikuppam (R.V) & Dhathapuram (P), Pajanai Koil Street,  [3].Singanikuppam (R.V) & Dhathapuram (P), Main Road,  [4].Singanikuppam (R.V) &
Dhathapuram (P), Otakkarai Street",All Voters,All India Anna Dravida Munnetra Kazhagam,377,96,281,Tamilaga Vettri Kazhagam,1,5,4,3,8,8,8,8,8,5,8,5,2,51.09090909090909,10
93,"Panchayat Union Primary School, South Building North Facing, Kezhmalaiyanur-604207",461,156,2,12,64,1,0,1,0,0,0,1,2,162,1,0,2,1,1,1,0,0,407,0,0,407,0,93,93,Kezhmalaiyanur-604207,"Panchayat Union Primary School, South Building North Facing, Kezhmalaiyanur-604207","[1].Singanikuppam (R.V) & Dhathapuram (P), Keezhmalaiyanur Mairyamman Koil Street, [2].Singanikuppam (R.V) & Dhathapuram (P), Keezhmalaiyanur Main Road,  [3].Singanikuppam (R.V) & Dhathapuram (P), Earikkarai Irular Street,
[4].Singanikuppam (R.V) & Dhathapuram (P), Veeranayakulam",All Voters,Tamilaga Vettri Kazhagam,162,156,6,All India Anna Dravida Munnetra Kazhagam,2,5,4,3,7,10,7,10,10,10,7,5,1,1.474201474201474,6
94,"Panchayat Union Elementary School, Middle Wing North Building, Dhathapuram-604207",1054,403,2,23,166,2,1,0,0,0,0,1,1,259,1,0,2,6,3,1,3,1,875,0,0,875,0,94,94,Dhathapuram-604207,"Panchayat Union Elementary School, Middle Wing North Building, Dhathapuram-604207","[1].Dhathapuram (R.V) & (P), Middle Street, [2].Dhathapuram (R.V) & (P), Kezh Mada Street, [3].Dhathapuram (R.V) & (P), Othavadai Street, [4].Dhathapuram (R.V) & (P), Thamarai Kulam Street , [5].Dhathapuram (R.V) & (P), Odaikara Irular Street, [6].Dhathapuram (R.V) & (P), Kammalar Street, [7].Dhathapuram (R.V) & (P), Palla Street  Colony, [8].Dhathapuram (R.V) & (P), Colony Mettu Street, [9].Dhathapuram (R.V) & (P), Rajakutai Street Colony , [10].Dhathapuram (R.V) &  (P), Matha Koil Street
Colony",All Voters,All India Anna Dravida Munnetra Kazhagam,403,259,144,Tamilaga Vettri Kazhagam,1,5,4,3,5,7,10,10,10,10,7,7,2,16.45714285714286,17
95,"Panchayat Union Elementary School, North Building East Wing, Dhathapuram-604207",547,257,1,7,108,1,0,0,0,0,0,0,2,104,0,0,4,4,0,0,0,1,489,0,3,492,0,95,95,Dhathapuram-604207,"Panchayat Union Elementary School, North Building East Wing, Dhathapuram-604207","[1].Dhathapuram (R.V) & (P), Perumal Kovil Street, [2].Dhathapuram (R.V) & (P), Mettu Street, [3].Dhathapuram (R.V) & (P), Erattai Pillaiyar Kovil Street,  [4].Dhathapuram (R.V) & (P), Nathamettu
Street,  [5].Dhathapuram (R.V) & (P), Othavadai Street",All Voters,All India Anna Dravida Munnetra Kazhagam,257,108,149,Desiya Murpokku Dravida Kazhagam,1,6,4,2,6,8,8,8,8,8,8,5,3,30.47034764826176,9
96,"Panchayat Union Elementary School, West Wing, Dhathapuram-604207",534,294,2,7,65,0,0,0,0,0,0,0,0,107,0,1,1,0,2,1,1,0,481,0,0,481,0,96,96,Dhathapuram-604207,"Panchayat Union Elementary School, West Wing, Dhathapuram-604207","[1].Dhathapuram (R.V) & (P), Kammalar Street, [2].Dhathapuram (R.V) & (P), Mariyamman Kovil Street ,  [3].Dhathapuram (R.V) & (P), Ottaiyampalaiyam Street,  [4].Dhathapuram (R.V) & (P), Akkaraharam Street,  [5].Dhathapuram (R.V) & (P), Keezhmada Veethi,  [6].Dhathapuram (R.V) & (P), Tharmapuri Street,  [7].Dhathapuram (R.V) & (P),
Melmata Veethi",All Voters,All India Anna Dravida Munnetra Kazhagam,294,107,187,Tamilaga Vettri Kazhagam,1,5,4,3,6,6,6,6,6,6,6,6,2,38.87733887733888,6
97,"Panchayat Union Middle School, South Wing, Keelmavilangai-604207",862,330,0,24,263,0,0,0,0,1,0,0,0,167,0,0,0,3,1,2,6,0,797,0,1,798,0,97,97,Keelmavilangai-604207,"Panchayat Union Middle School, South Wing, Keelmavilangai-604207","[1].Keelmavilangai (R.V) & (P), Kezhandai Street, [2].Keelmavilangai (R.V) & (P), Nadu Street, [3].Keelmavilangai (R.V) & (P), Kulakarai Street, [4].Keelmavailangai (R.V) & (P), Pajanai Kovil Street, [5].Keelmavilangai (R.V) & (P), Theradi Street, [6].Keelmavilangai (R.V) & (P), Ettiyamman Kovil Street,  [7].Keelmavilangai (R.V) & (P), Colony Mariyamman Kovil Street,  [8].Keelmavilangai (R.V) &
(P), Earikarai Street",All Voters,All India Anna Dravida Munnetra Kazhagam,330,263,67,Desiya Murpokku Dravida Kazhagam,1,6,4,2,6,6,6,6,5,6,6,6,3,8.406524466750314,12
98,"Panchayat Union Elementary School, Melmavilangai-604207",842,323,3,17,125,0,0,0,0,0,0,0,2,231,1,2,0,6,1,4,0,0,715,0,0,715,0,98,98,Melmavilangai-604207,"Panchayat Union Elementary School, Melmavilangai-604207","[1].Melmavilangai (R.V) & (P), Pillaiyar Koil  Street, [2].Melmavilangai (R.V) & (P), Nadu  Street, [3].Melpakkam (R.V) & Melmavilangai (P), Colony Street,  [4].Melpakkam (R.V) & Melmavilngai (P), Highway Street,  [5].Melpakkam (R.V) & Melmavilangai (P), Ponniyamman Koil Street, [6].Kalapakkam (R.V) & Melmavilangai (P), Kalapakkam Mariyamman koil Street,  [7].Kalpakkam (R.V) & Melmavilangai (P), Kalpakkam Colony Street, [8].Kalpakkam (R.V) & Melmavilangai (P), Kalpakkam Pillaiyar Kovil Street,  [9].Kalpakkam (R.V) &
Melmavilangai (P), Mettu Street",All Voters,All India Anna Dravida Munnetra Kazhagam,323,231,92,Tamilaga Vettri Kazhagam,1,5,4,3,7,7,7,7,7,7,7,6,2,12.86713286713287,14
99,"Panchayat Union Elementary School, Vadampoondi-604207",658,261,3,15,142,0,0,0,0,0,0,0,4,159,0,0,0,0,0,1,0,0,585,0,3,588,0,99,99,Vadampoondi-604207,"Panchayat Union Elementary School, Vadampoondi-604207","[1].Vadampoondi (R.V) & (P), Vadampoondi North Street,  [2].Vadampoondi (R.V) & (P), Thirowpathiyamman Koil Street,  [3].Peraperi (R.V) & Vadampoondi  (P), Yadava Street,  [4].Peraperi (R.V) & Vadampoondi (P), Erular Clonoy,  [5].Peraperi (R.V) & Vadampoondi (P), Vinyagapuram,  [6].Peraperi
(R.V) & vadampoondi (P), Vinayagapuram Road Annan Nagar",All Voters,All India Anna Dravida Munnetra Kazhagam,261,159,102,Tamilaga Vettri Kazhagam,1,6,4,3,7,7,7,7,7,7,7,5,2,17.43589743589743,1
100,"M D Primary School, Peraperi-604207",594,138,1,4,173,0,0,0,0,1,0,0,1,174,0,1,1,0,0,2,1,0,497,0,0,497,0,100,100,Peraperi-604207,"M D Primary School, Peraperi-604207","[1].Vadampoondi (R.V) & (P), Peraperi Village, [2].Vadampoondi (R.V) & (P), Peraperi New ColonY, [3].Peraperi (R.V) & Vadampoondi (P), Vadampoondi
Irular Colony",All Voters,Tamilaga Vettri Kazhagam,174,173,1,Desiya Murpokku Dravida Kazhagam,3,5,4,2,8,8,8,8,5,8,8,5,1,0.2012072434607646,5
101,"Panchayat Union Elementary School, Grandipuram-604207",843,255,2,28,184,1,0,1,0,0,0,0,3,262,0,0,6,0,0,0,1,1,744,0,0,744,0,101,101,Grandipuram-604207,"Panchayat Union Elementary School, Grandipuram-604207","[1].Kirandipuram (R.V) & (P), North Street, [2].Kirandipuram (R.V) & (P), Nadu  Street, [3].Kirandipuram (R.V) & (P), South Street, [4].Kirandipuram (R.V) & (P), Erikarai  Street, [5].Kirandipuram (R.V) & (P), Kalingamadath Street, [6].Kirandipuram (R.V) & (P), Colony Mariyamman Kovil Street,  [7].Kirandipuram (R.V) & (P), New Colony,  [8].Kirandipuram (R.V) & (P), Mettoor, [9].Kirandipuram (R.V) & (P), Irular Colony,
[10].Kirandipuram (R.V) & (P), Malaimedu",All Voters,Tamilaga Vettri Kazhagam,262,255,7,All India Anna Dravida Munnetra Kazhagam,2,6,4,3,7,9,7,9,9,9,9,5,1,0.9408602150537635,8
102,"Thiruvalluvar Higher Secondary School, Karuvapakkam-604207",784,267,1,10,159,0,0,0,0,0,0,0,10,230,0,1,1,2,1,0,4,0,686,0,1,687,0,102,102,Karuvapakkam-604207,"Thiruvalluvar Higher Secondary School, Karuvapakkam-604207","[1].Karuvampakkam (R.V) & (P), North Street, [2].Karuvampakkam (R.V) & (P), Nadu Street, [3].Karuvampakkam (R.V) & (P), South Street, [4].Karuvampakkam (R.V) & (P), Othavadai Street, [5].Karuvampakkam (R.V) & (P), Old Colony, [6].Karuvampakkam (R.V) & (P), Mettu Colony, [7].Karuvampakkam (R.V) & (P), Govindapuram Mariyamman Koil Street,  [8].Karuvampakkam (R.V) &
(P), Govidapuram Kuttu Road,  [9].Karuvampakkam (R.V) & (P), Peraperi Kuttu Road",All Voters,All India Anna Dravida Munnetra Kazhagam,267,230,37,Tamilaga Vettri Kazhagam,1,6,4,3,7,7,7,7,7,7,7,4,2,5.393586005830904,9
103,"Panchayat Union Elementary School, Kodium-604207",1109,569,0,16,222,0,0,0,0,0,0,1,0,208,0,2,2,3,0,0,1,0,1024,0,2,1026,0,103,103,Kodium-604207,"Panchayat Union Elementary School, Kodium-604207","[1].Kodiyam (R.V) & (P), Maniyam Street, [2].Kodiyam (R.V) & (P), Palla Street,  [3].Kodiyam (R.V) & (P), Mettu Street,  [4].Kodiyam (R.V) & (P), Vathiyar Street,  [5].Kodiyam (R.V) & (P), Kulathu Street,  [6].Kodiyam (R.V) & (P), Colony Street,
[7].Kodiyam (R.V) & (P), Kodiyam Puthur",All Voters,All India Anna Dravida Munnetra Kazhagam,569,222,347,Desiya Murpokku Dravida Kazhagam,1,6,4,2,6,6,6,6,6,6,5,6,3,33.88671875,8
104,"Panchayat Union Elementary School, Melathanur-604207",776,281,0,7,155,2,0,0,0,0,0,0,1,215,1,1,2,3,0,0,0,0,668,0,0,668,0,104,104,Melathanur-604207,"Panchayat Union Elementary School, Melathanur-604207","[1].Melathanur &Ammanapakkam (R.V) & Melathanur(P), Palla Street,  [2].Melathanur & Ammanampakkam (R.V) & Melathanur (P), Ration kadai Street,  [3].Melathanur  & Ammanampakkam (R.V) & Melathanur (P), Mettu Street,  [4].Melathanur & Ammanampakkam (R.V) & Melathanur (P), Pookkadai Veethi,  [5].Malathanur & Ammanampakkam (R.V) & Melathanur (P), Theedirpuram Street,  [6].Melathanur & Ammanampakkam (R.V) & Melathanur  (P), Mariyamman Koli Street,  [7].Melathanur & Ammanampakkam (R.V) & Melathanur  (P), New
Colony",All Voters,All India Anna Dravida Munnetra Kazhagam,281,215,66,Tamilaga Vettri Kazhagam,1,7,4,3,5,7,7,7,7,7,7,6,2,9.880239520958083,7
105,"Panchayat Union Elementary School, South Building, Ammanampakkam-604207",393,112,1,11,132,0,0,0,0,0,0,0,0,60,1,0,0,0,0,0,2,0,319,0,0,319,0,105,105,Ammanampakkam-60420 7,"Panchayat Union Elementary School, South Building,
Ammanampakkam-604207","[1].Melathanur & Ammanampakkam (R.V) & Melathanur  (P), Ammanmpakkam Pillaiyar Koil Street, [2].Melathanur  & Ammanampakkam (R.V) Melathanur (P), Pajanai  Koil Street,  [3].Melathanur & Ammanampakkam (R.V) & Melathanur (P), Mariyamman Koil Street,  [4].Melathanur &
Ammanampakkam (R.V) & Melathanur(P), New Colony",All Voters,Desiya Murpokku Dravida Kazhagam,132,112,20,All India Anna Dravida Munnetra Kazhagam,2,5,4,1,6,6,6,6,6,6,6,6,3,6.269592476489027,3
106,"Panchayat Union Middle School, North Wing East Building, Virapuram-604207",984,444,0,20,204,2,0,0,0,0,0,0,2,233,2,0,7,2,1,2,2,1,922,0,0,922,0,106,106,Virapuram-604207,"Panchayat Union Middle School, North Wing East Building,
Virapuram-604207","[1].Vairapuram (R.V) & (P), Pillaiyar  Koil Street, [2].Vairapuram (R.V) & (P), Kulakarai,  [3].Vairapuram (R.V) & (P), Mariyamman Koil Street (East), [4].Vairapuram (R.V) & (P), Esvaran Koil Street, [5].Vairapuram (R.V) & (P), Mariyamman Koil Street (West),  [6].Vairapuram (R.V) & (P), Road Street, [7].Vairapuram (R.V) & (P), Boosari Street, [8].Vairapuram (R.V) & (P), Kaleri,  [9].Vairapuram (R.V) & (P), Perumal Kulam Street,  [10].Vairapuram (R.V) &  (P), Erayankadu,  [11].Vairapuram (R.V) & (P), Mairyamman Koil Street (North),  [12].Vairapuram (R.V) & (P), Perumal Koil Kulakarai,  [13].Vairapuram
(R.V) & (P), Erular Street",All Voters,All India Anna Dravida Munnetra Kazhagam,444,233,211,Tamilaga Vettri Kazhagam,1,7,4,3,5,7,7,7,7,7,7,5,2,22.88503253796095,17
107,"Panchayat Union Middle School, North Wing West Building, Vairapuram-604207",906,290,2,12,210,0,0,0,1,0,0,1,2,274,1,0,5,1,0,2,3,0,804,0,2,806,0,107,107,Vairapuram-604207,"Panchayat Union Middle School, North Wing West Building,
Vairapuram-604207","[1].Vairapuram (R.V) & (P), Thengapakkam,
[2].Vairapuram (R.V) & (P), Old Colony, [3].Vairapuram (R.V) &  (P), New Colony",All Voters,All India Anna Dravida Munnetra Kazhagam,290,274,16,Tamilaga Vettri Kazhagam,1,5,4,3,9,9,9,7,9,9,7,5,2,1.990049751243781,12
108,"Panchayat Union Elementary School, Evalur-604307",558,173,0,7,179,0,1,0,0,0,0,1,1,155,0,0,1,2,0,0,5,0,525,0,0,525,0,108,108,Evalur-604307,"Panchayat Union Elementary School, Evalur-604307","[1].Evalur (R.V) & (P), Water Tank Street,  [2].Evalur (R.V) & (P), Pillaiyar Koil Street,  [3].Evalur (R.V) & (P), Mariyamman Koil Street,  [4].Evalur (R.V) & (P),
Matha Koil Street",All Voters,Desiya Murpokku Dravida Kazhagam,179,173,6,All India Anna Dravida Munnetra Kazhagam,2,8,4,1,8,5,8,8,8,8,5,5,3,1.142857142857143,8
109,"ICDS East Building, North Side West Facing, Keelkaranai-604307",417,150,3,4,133,0,0,0,0,0,0,0,1,77,0,0,4,5,1,2,5,0,385,0,1,386,0,109,109,Keelkaranai-604307,"Government Adidravidar Elementary School, East Building,
Keelkaranai-604307","[1].Keezhkarani (R.V) & (P), Keezhkaranai Mariyamman Koil Street,  [2].Keezhkaranai (R.V) & (P), Keezhkaranai Murukan Koil Street,
[3].Keezhkaranai (R.V) &  Purangarai (P), Keezhkaranai Muthumariyamman Koil Street",All Voters,All India Anna Dravida Munnetra Kazhagam,150,133,17,Desiya Murpokku Dravida Kazhagam,1,5,4,2,7,7,7,7,7,7,7,6,3,4.415584415584416,17
110,"Panchayat Union Elementary School, North Building East Wing South Facing, Purangarai-604307",757,209,4,14,230,2,0,0,1,0,0,0,1,215,0,0,6,0,0,0,1,1,684,0,0,684,0,110,110,Purangarai-604307,"Panchayat Union Elementary School, North Building East Wing South Facing, Purangarai-604307","[1].Purangarai (R.V)& (P), Purangarai  Mariyamman koil Street,  [2].Purangarai (R.V) & (P), Purangarai Matha Koil Street,  [3].Purangarai (R.V) & (P),
Ambethkar  Street Purangarai ,  [4].Keezhkaranai (R.V) & (P), Purangarai  Mariyamman koil Street",All Voters,Desiya Murpokku Dravida Kazhagam,230,215,15,Tamilaga Vettri Kazhagam,3,5,4,1,6,9,9,7,9,9,9,7,2,2.192982456140351,8
111,"Panchayat Union Elementary School, Sathanur-604307",852,339,3,15,170,0,1,1,0,0,0,0,2,255,1,0,2,2,0,1,2,2,796,0,0,796,0,111,111,Sathanur-604307,"Panchayat Union Elementary School, Sathanur-604307","[1].Sathanur (R.V) Sitheripattu (R.V) & Sathanur  (P), New Colony,  [2].Sathanur (R.V) Sitheripattu (R.V) & Sathanur (P), Perumal Koil Street,  [3].Sathanur (R.V) Sitheripattu (R.V) & Sathanur  (P), Mariyamman Koil Street,  [4].Sathanur (R.V) Sitheripattu (R.V) & Sathanur  (P), Earikkarai  Street,  [5].Sathanur (R.V) Sitheripattu (R.V) & Sathanur  (P), Sitheripattu Mariyamman Koil Street,  [6].Sathanur (R.V) Sitheripattu (R.V) &  Sathanur (P), Sitheripattu Erikarai Street,  [7].Sathanur (R.V) Sitheripattu (R.V)  Sathanur
(P), Setheripattu Mathu Street",All Voters,All India Anna Dravida Munnetra Kazhagam,339,255,84,Tamilaga Vettri Kazhagam,1,5,4,3,9,7,7,9,9,9,9,6,2,10.55276381909548,10
112,"Bharathi Middle School, T.Panchalam-604307",887,266,1,27,190,1,1,0,0,0,1,1,1,306,0,0,1,2,0,0,2,1,801,0,1,802,0,112,112,T.Panchalam-604307,"Bharathi Middle School, T.Panchalam-604307","[1].T.Panchalam (R.V) & (P), Old Kalani,
[2].T.Panchalam (R.V) & (P), Old Kalani, [3].T.Panchalam (R.V) & (P), Mariyamman Kovil Street,  [4].T.Panchalam (R.V) & (P), Throwpathiayamman Koil Veethi,  [5].T.Panchalam (R.V)  & (P), Pillayair Koil Street,  [6].T.Panchalam (R.V) & (P), Aimbethkar Kuddirpu Colony,
[7].T.Panchalam (R.V) & (P), Kalainar Karunanithi Nagar",All Voters,Tamilaga Vettri Kazhagam,306,266,40,All India Anna Dravida Munnetra Kazhagam,2,5,4,3,5,5,11,11,11,5,5,5,1,4.993757802746567,6
113,"Panchayat Union Middle School, North Building, Melpakkam-604307",708,320,1,4,154,0,0,0,0,0,0,0,0,168,0,0,1,1,0,0,0,1,650,0,1,651,0,113,113,Melpakkam-604001,"Panchayat Union Middle School, North Building, Melpakkam-604001","[1].Melpakkam (R.V) & (P), Kaliyamman Koil Street, [2].Melpakkam (R.V) &  (P), Murugan Koil Street,
[3].Melpakkam (R.V) &  (P), Main Road, [4].Melpakkam (R.V) &  (P), Mariyamman Koil Street",All Voters,All India Anna Dravida Munnetra Kazhagam,320,168,152,Tamilaga Vettri Kazhagam,1,5,4,3,6,6,6,6,6,6,6,6,2,23.38461538461538,3
114,"Panchayat Union Middle School, South Building, Melpakkam-604307",700,262,0,13,125,1,0,0,0,0,0,0,0,239,0,0,1,1,1,0,0,0,643,0,0,643,0,114,114,Melpakkam-604001,"Panchayat Union Middle School, South Building, Melpakkam-604001","[1].Melpakkam (R.V) & (P), Reddiyar Street, [2].Melpakkam (R.V) &  (P), Mettu Street, [3].Melpakkam (R.V) & (P), Pillaiyar  Koil Street, [4].Melpakkam (R.V) & (P), Pajanai Koil Street,
[5].Melpakkam (R.V) &  (P), Palla Street",All Voters,All India Anna Dravida Munnetra Kazhagam,262,239,23,Tamilaga Vettri Kazhagam,1,6,4,3,5,6,6,6,6,6,6,6,2,3.576982892690513,3
115,"Puliyur Mariyamman Kovil Government Aided Primary School, Neikuppi-604207",713,204,2,22,216,0,0,0,0,0,0,0,0,218,0,2,0,1,0,0,1,0,666,0,1,667,0,115,115,Neikuppi-604207,"Puliyur Mariyamman Kovil Government Aided Primary School,
Neikuppi-604207","[1].Neikuppi (R.V) & (P), Renugambal Veethi, [2].Neikuppi (R.V) & (P), New Colony,  [3].Neikuppi
(R.V) & (P), Selvi Amman Veethi",All Voters,Tamilaga Vettri Kazhagam,218,216,2,Desiya Murpokku Dravida Kazhagam,3,5,4,2,6,6,6,6,6,6,6,6,1,0.3003003003003003,4
116,"Library Building, Neikuppi-604207",611,179,1,22,154,0,0,0,0,0,0,0,1,204,1,0,1,2,2,0,0,0,567,0,0,567,0,116,116,Neikuppi-604207,"Library Building, Neikuppi-604207","[1].Puliyur (R.V) & Neikuppi (P), Mariyamman Koil Veethi,  [2].Puliyur (R.V) & Neikuppi (P), Reddiyar Street,  [3].Puliyur (R.V) & Neikuppi (P), Throwpathiyamman Koil Street,  [4].Puliyur (R.V) & Neikuppi (P), Christiyan Street,  [5].Puliyur (R.V) &
Neikuppi (P), Udaiyar Street",All Voters,Tamilaga Vettri Kazhagam,204,179,25,All India Anna Dravida Munnetra Kazhagam,2,5,4,3,7,7,7,7,7,7,7,5,1,4.409171075837742,6
117,"Panchayat Union Middle School, North Building West Side South Facing, Ural-604307",974,623,0,14,100,0,0,0,0,0,0,0,0,155,2,3,3,9,0,1,1,1,912,0,3,915,0,117,117,Ural-604307,"Panchayat Union Middle School, South Building West Wing,
Ural-604307","[1].Ural (R.V) & (P), Maniyagar  Street,  [2].Ural (R.V) & (P), Perumal Koil Street,  [3].Ural (R.V & (P), Ponniyamman Koil Street,  [4].Ural (R.V) & (P), Nadu
Street,  [5].Ural (R.V) & (P), Othavadai Street",All Voters,All India Anna Dravida Munnetra Kazhagam,623,155,468,Tamilaga Vettri Kazhagam,1,5,4,3,5,5,5,5,5,5,5,5,2,51.31578947368421,20
118,"Panchayat Union Middle School, East Building, Ural-604307",1111,636,0,20,132,3,0,0,0,0,0,0,3,250,1,0,2,4,0,1,0,0,1052,0,2,1054,0,118,118,Ural-604307,"Panchayat Union Middle School, East Building, Ural-604307","[1].Ural (R.V) & (P), Manthaiveli Street,  [2].Ural (R.V)
& (P), School Street,  [3].Ural (R.V) & (P), Annan
Nager,  [4].Ural (R.V) & (P), Road,  [5].Ural (R.V) & (P), Colony",All Voters,All India Anna Dravida Munnetra Kazhagam,636,250,386,Tamilaga Vettri Kazhagam,1,7,4,3,5,7,7,7,7,7,7,5,2,36.69201520912547,8
119,"Government E-Service Centre, Pattanam-604307",558,302,2,10,79,1,0,1,0,0,0,0,1,122,0,0,0,2,0,0,0,0,520,0,1,521,0,119,119,Pattanam-604307,"Government E-Service Centre, Pattanam-604307","[1].Pattanam (R.V) & (P), Othavadai Street, [2].Pattanam (R.V) & (P), Mariyamman Koil Street,
[3].Pattanam (R.V) & (P), New Street",All Voters,All India Anna Dravida Munnetra Kazhagam,302,122,180,Tamilaga Vettri Kazhagam,1,5,4,3,6,9,6,9,9,9,9,6,2,34.61538461538461,2
120,"Block Resource Centre, South Building East Facing, Pattanam-604307",639,334,0,10,63,0,0,0,0,0,0,0,2,167,1,2,7,1,0,1,0,0,588,0,1,589,0,120,120,Pattanam-604307,"Block Resource Centre, South Building East Facing, Pattanam-604307","[1].Pattanam (R.V) & (P), Kanniyamman Koil Street, [2].Pattanam (R.V) & (P), Indra Nagar,  [3].Pattanam (R.V) & (P), Vandavasi Road Part1",All Voters,All India Anna Dravida Munnetra Kazhagam,334,167,167,Tamilaga Vettri Kazhagam,1,6,4,3,6,6,6,6,6,6,6,5,2,28.40136054421768,12
121,"Panchayat Union Elementary School, Pattanam-604307",986,425,1,21,207,0,0,0,1,0,0,0,4,242,0,0,4,3,1,1,0,0,910,0,0,910,0,121,121,Pattanam-604307,"Panchayat Union Elementary School, Pattanam-604307","[1].Pattanam (R.V) & (P), Vandavasi Road Part 2, [2].Pattanam (R.V) & (P), Patti Street ,  [3].Pattanam (R.V) & (P), Kulathu Street,  [4].Pattanam (R.V) & (P), Mariyamman Koil Palla Street,  [5].Pattanam (R.V) &
(P), Colony Ayyanar Koil Street,  [6].Pattanam (R.V) & (P), Colony Muthumariyamman Koil Street",All Voters,All India Anna Dravida Munnetra Kazhagam,425,242,183,Tamilaga Vettri Kazhagam,1,6,4,3,8,8,8,6,8,8,8,5,2,20.10989010989011,9
122,"Panchayat Union Primary School, Pampoondi-604207",877,407,1,30,167,0,0,0,1,0,0,0,2,202,0,3,3,1,0,1,0,0,818,0,1,819,0,122,122,Pampoondi-604207,"Panchayat Union Primary School, Pampoondi-604207","[1].Pampoondi (R.V) & (P), Erikkarai Street, [2].Pampoondi (R.V) & (P), Thirowpathiyamman Koil Street,  [3].Pampoondi (R.V) & (P), Bharathidasan Street,  [4].Pampoondi (R.V) & (P), Palla Street, [5].Pampoondi (R.V) & (P), Mettu Street, [6].Pampoondi (R.V) & (P), Kulakkari Street, [7].Pampoondi (R.V) & (P), Thirowpathiyamman Koil
Street,  [8].Pampoondi (R.V) & (P), Tank Street",All Voters,All India Anna Dravida Munnetra Kazhagam,407,202,205,Tamilaga Vettri Kazhagam,1,6,4,3,8,8,8,6,8,8,8,5,2,25.06112469437653,8
123,"Panchayat Union Primary School, South Building North Wing, Kattusiviri-604207",711,359,0,15,142,1,0,0,0,0,0,0,0,126,0,0,3,0,0,1,1,1,649,0,0,649,0,123,123,Kattusiviri-604207,"Panchayat Union Primary School, South Building North Wing, Kattusiviri-604207","[1].Kattusiviri (R.V) & (P), Asari Street,  [2].Kattusiviri (R.V) & (P), Nedu Street,  [3].Kattusiviri (R.V) & (P), Kulakkari Street,  [4].Kattusiviri (R.V) & (P), Othavadai Street,  [5].Kattusiviri (R.V) & (P), Rice Mill Street, [6].Kattusiviri  (R.V) & (P), Drivar  Street,  [7].Kattusiviri
(R.V) & (P), Sithavaithiyar  Street",All Voters,All India Anna Dravida Munnetra Kazhagam,359,142,217,Desiya Murpokku Dravida Kazhagam,1,6,4,2,5,6,6,6,6,6,6,6,3,33.43605546995377,6
124,"Panchayat Union Primary School, South Building South Wing, Kattusiviri-604207",715,360,2,15,149,1,1,1,0,0,1,1,2,125,0,0,2,1,0,0,4,0,665,0,2,667,0,124,124,Kattusiviri-604207,"Panchayat Union Primary School, South Building South Wing, Kattusiviri-604207","[1].Kattusiviri (R.V) & (P), Tank Street,  [2].Kattusiviri (R.V) &  (P), Ambetkar Street,  [3].Kattusiviri  (R.V) & (P), Mettu Street,  [4].Kattusiviri (R.V) & (P), Anna Nagar,  [5].Kattusiviri (R.V) & (P), Udaiyar Street, [6].Kattusiviri (R.V) & (P), North Street,  [7].Kattusiviri
(R.V) & (P), PillaiyarKoil Street,  [8].Kattusiviri (R.V) & (P), Mariyamman Koil Street",All Voters,All India Anna Dravida Munnetra Kazhagam,360,149,211,Desiya Murpokku Dravida Kazhagam,1,5,4,2,7,7,7,12,12,7,7,5,3,31.72932330827068,7
125,"Panchayat Union Elementary School, West Wing, Venmaniyathur-604207",599,429,2,14,61,1,0,0,0,0,0,0,0,63,0,0,1,3,0,1,0,1,576,0,0,576,0,125,125,Venmaniyathur-604207,"Panchayat Union Elementary School, West Wing, Venmaniyathur-604207","[1].Venmaniyathur (R.V) & (P), Pillaiyar Koil St, [2].Venmaniyathur (R.V) & (P), Mettu Street",All Voters,All India Anna Dravida Munnetra Kazhagam,429,63,366,Tamilaga Vettri Kazhagam,1,5,4,3,6,7,7,7,7,7,7,7,2,63.54166666666666,6
126,"Panchayat Union Elementary School, East Wing, Venmaniyathur-604207",712,350,0,29,138,1,0,0,0,0,0,0,3,164,0,0,2,1,0,0,1,1,690,0,1,691,0,126,126,Venmaniyathur-604207,"Panchayat Union Elementary School, East Wing, Venmaniyathur-604207","[1].Venmaniyathur (R.V) & (P), Mariyamman Koil Street,  [2].Venmaniyathur (R.V) & (P), Thirowpathiyamman Koil Street,  [3].Venmaniyathur (R.V) & (P), Primary School Street,  [4].Venmaniyathur (R.V) & (P), Naduvananthal Road,  [5].Venmaniyathur
(R.V) & (P), New Colony,  [6].Venmaniyathur (R.V) & (P), Old Colony",All Voters,All India Anna Dravida Munnetra Kazhagam,350,164,186,Tamilaga Vettri Kazhagam,1,7,4,3,6,7,7,7,7,7,7,5,2,26.95652173913043,5
127,"Panchayat Union Room, Pelakuppam-604207",686,204,1,18,182,0,0,0,0,0,0,0,0,188,0,0,1,1,0,0,0,0,595,0,0,595,0,127,127,Pelakuppam-604207,"Panchayat Union Room, Pelakuppam-604207","[1].Pelakuppam (R.V) & (P), Erikkarai Street, [2].Pelakuppam (R.V) & (P), Pillaiyar  Koil Street, [3].Pelakuppam (R.V) & (P), Pajanai Koil Street, [4].Pelakuppam (R.V) & (P), Panaimarathu Salai Street,  [5].Pelakuppam (R.V) & (P), Pazhaya colony Mariyamman Koil Street,  [6].Pelakuppam (R.V) & (P),
Anna Nagar Colony",All Voters,All India Anna Dravida Munnetra Kazhagam,204,188,16,Tamilaga Vettri Kazhagam,1,5,4,3,6,6,6,6,6,6,6,6,2,2.689075630252101,2
128,"Adidravidar Welfare Primary School, Old Building, Pelakuppam-604207",691,145,0,11,207,3,0,0,0,0,0,0,3,241,1,0,2,1,2,1,1,0,618,0,0,618,0,128,128,Pelakuppam-604207,"Adidravidar Welfare Primary School, Old Building, Pelakuppam-604207","[1].Pelakuppam (R.V) & (P), Ambethkar Nagar, [2].Pelakuppam (R.V) & (P), New Colony, [3].Pelakuppam (R.V) & (P), Kamarajar Colony,
[4].Pelakuppam (R.V) & (P), Main Road",All Voters,Tamilaga Vettri Kazhagam,241,207,34,Desiya Murpokku Dravida Kazhagam,3,7,4,2,5,7,7,7,7,7,7,5,1,5.501618122977346,8
129,"Aided Elementary School, Muttiyur-604302",930,177,2,23,336,3,3,0,3,0,0,0,4,257,1,0,1,1,1,1,3,0,816,0,1,817,0,129,129,Muttiyur-604302,"Aided Elementary School, Muttiyur-604302","[1].Muttiyur (R.V) & Pelakuppam (P), Mettu Street, [2].Muttiyur (R.V) & Pelakuppam (P), Palla Street,
[3].Muttiyur (R.V) & Pelakuppam (P), Mariyamman Koil Street",All Voters,Desiya Murpokku Dravida Kazhagam,336,257,79,Tamilaga Vettri Kazhagam,3,9,4,1,6,6,10,6,10,10,10,5,2,9.681372549019608,8
130,"Panchayat Union Middle School, West Wing, Vempoondi-604302",591,332,1,16,96,1,0,0,0,0,0,0,0,98,0,0,2,1,1,0,1,0,549,0,2,551,0,130,130,Vempoondi-604302,"Panchayat Union Middle School, West Wing, Vempoondi-604302","[1].Vempoondi (R.V) & Pelakuppam (P), Pillaiyar  Koil Street,  [2].Vempoondi (R.V) & Pelakuppam (P), Jain Street,  [3].Vempoondi (R.V) & Pelakuppam (P),  Middle Street,  [4].Vempoondi (R.V) & pelakuppam  (P), Mariyamman Koil Street,  [5].Vempoondi (R.V) &
Pelakuppam (P), Erikkarai Street",All Voters,All India Anna Dravida Munnetra Kazhagam,332,98,234,Tamilaga Vettri Kazhagam,1,5,4,3,5,7,7,7,7,7,7,7,2,42.62295081967213,5
131,"Panchayat Union Primary School, East Wing, Vempoondi-604302",982,292,2,16,229,1,0,1,0,1,0,0,4,354,0,1,0,1,0,0,1,0,903,0,1,904,0,131,131,Vempoondi-604302,"Panchayat Union Primary School, East Wing, Vempoondi-604302","[1].Vempoondi (R.V) & pelakuppam (P), Old Colony Murugan Koil Street,  [2].Vempoondi (R.V) & Pelakuppam (P), New Colony",All Voters,Tamilaga Vettri Kazhagam,354,292,62,All India Anna Dravida Munnetra Kazhagam,2,6,4,3,7,10,7,10,7,10,10,5,1,6.866002214839424,3
132,"Government High School, New Building East Wing, Kollar-604206",658,114,1,9,226,0,0,0,0,0,0,0,0,233,2,1,0,2,0,2,0,0,590,0,1,591,0,132,132,Kollar-604206,"Government High School, New Building East Wing, Kollar-604206","[1].Kollar (R.V) & (P), Palla Street",All Voters,Tamilaga Vettri Kazhagam,233,226,7,Desiya Murpokku Dravida Kazhagam,3,5,4,2,6,6,6,6,6,6,6,6,1,1.186440677966102,7
133,"Government High School, Main Building Room No.1, Kollar-604206",673,128,1,18,200,0,1,0,1,0,0,0,0,226,0,0,0,0,0,0,1,0,576,0,1,577,0,133,133,Kollar-604206,"Government High School, Main Building Room No.1, Kollar-604206","[1].Kollar (R.V) & (P), Colony Mettu Street,  [2].Kollar (R.V) & (P), Colony Main Road,  [3].Kollar (R.V) & (P), Colony Gandhi Nagar",All Voters,Tamilaga Vettri Kazhagam,226,200,26,Desiya Murpokku Dravida Kazhagam,3,5,4,2,8,5,8,5,8,8,8,8,1,4.513888888888888,1
134,"Government High School, Kollar-604206",1042,409,0,23,203,2,3,0,0,0,0,0,5,264,0,0,2,1,0,2,3,0,917,0,2,919,0,134,134,Kollar-604206,"Government High School, Kollar-604206","[1].Kollar (R.V) & (P), Erikkarai Street,  [2].Kollar (R.V) & (P), Mariyamman Koil Street,  [3].Kollar (R.V) & (P), Middle Street,  [4].Kollar (R.V) & (P), Odaikarai Street,  [5].Kollar  (R.V) & (P), Vallalar Street, [6].Kollar (R.V) & (P), Main Road,  [7].Kollar (R.V) & (P), Kottakarai Street,  [8].Kollar  (R.V) & (P), Thoppu
Side,  [9].Kollar (R.V) & (P), Madura Kudisaipalayam",All Voters,All India Anna Dravida Munnetra Kazhagam,409,264,145,Tamilaga Vettri Kazhagam,1,8,4,3,7,6,8,8,8,8,8,5,2,15.81243184296619,8
135,"Panchayat Union Primary School, East Building North Side West Facing, Salai-604206",1018,350,0,13,254,0,0,0,1,0,0,1,3,278,1,0,0,0,1,0,0,0,902,0,1,903,0,135,135,Salai-604206,"Panchayat Union Primary School, Salai-604206","[1].Salai (R.V) & (P), Pillaiyar Kovil Street,  [2].Salai (R.V) & (P), Middle Street,  [3].Salai (R.V) & (P), Main Road,  [4].Salai (R.V) & (P), Kulakkarai Street,
[5].Salai (R.V) & (P), Mariyamman Kovil Street",All Voters,All India Anna Dravida Munnetra Kazhagam,350,278,72,Tamilaga Vettri Kazhagam,1,8,4,3,8,8,8,6,8,8,6,5,2,7.982261640798225,2
136,"Panchayat Union Primary School, North Building West Wing, Melperadikuppam-604206",1149,515,4,29,234,1,1,0,0,0,0,0,1,254,0,2,3,2,1,0,0,1,1048,0,2,1050,0,136,136,Melperadikuppam-604206,"Govenment High School, North Building West Wing, Melperadikuppam-604206","[1].Melperadikuppam (R.V) & (P), Main Road, [2].Melperadikuppam (R.V) & (P), Kanakkupillai Street, [3].Melperadikuppam (r.v) & (p), Maniyakarar street, [4].Melperadikuppam (R.V) & (P), Middle  Street, [5].Melperadikuppam (R.V) & (P), Kulathu Street, [6].Melperadikuppam (R.V) & (P), Erikarai Street, [7].Melperadikuppam (R.V) & (P), PonniyammanKoil
Street,  [8].Melperadikuppam (R.V) & (P), Mariyamman Koil Street (Colony)",All Voters,All India Anna Dravida Munnetra Kazhagam,515,254,261,Tamilaga Vettri Kazhagam,1,5,4,3,6,6,9,9,9,9,9,6,2,24.90458015267176,9
137,"Panchayat Union Elementary School, South Building West Side North Facing, Asoor-604306",655,315,0,19,110,0,0,0,0,0,0,0,0,156,0,0,0,1,0,0,2,0,603,0,0,603,0,137,137,Asoor-604207,"Government High School, South Building West Wing, Asoor-604207","[1].Asur (R.V) & (P), Maduraiveeran Koil Street, [2].Asur (R.V) & (P), Erikkarai Street,  [3].Asur (R.V) & (P), Maduraiveeran Koil Street,  [4].Asur (R.V) & (P), Vettaikaran Street,  [5].Asur (R.V) & (P), Middle Street,
[6].Asur (R.V) & (P), Pajanai Kovil Street,  [7].Asur (R.V) & (P), Pillaiyar Koil Street",All Voters,All India Anna Dravida Munnetra Kazhagam,315,156,159,Tamilaga Vettri Kazhagam,1,5,4,3,5,5,5,5,5,5,5,5,2,26.3681592039801,3
138,"Panchayat Union Elementary School, South Building East Side North Facing, Asoor-604306",688,220,0,15,217,0,0,0,0,0,0,0,2,172,0,0,0,4,1,0,2,0,633,0,1,634,0,138,138,Asoor-604207,"Government High School, South Building East Wing, Asoor-604207","[1].Asur (R.V) & (P), Main Road,  [2].Asur (R.V) & (P), School Street,  [3].Asur (R.V) & (P), Colony 1st Street, [4].Asur (R.V) & (P), Colony  2nd Street,  [5].Asur
(R.V) & (P), Colony 3rd Street,  [6].Asur (R.V) & (P), Colony 4th Street,  [7].Asur (R.V) & (P), Colony 5th
Street,  [8].Asur (R.V) & (P), New Colony",All Voters,All India Anna Dravida Munnetra Kazhagam,220,217,3,Desiya Murpokku Dravida Kazhagam,1,6,4,2,6,6,6,6,6,6,6,5,3,0.4739336492890995,7
139,"Government High School, West Building Room No 2, Kongarapattu-604306",903,418,0,21,182,1,0,0,0,0,0,0,0,181,1,1,2,6,2,1,1,0,817,0,1,818,0,139,139,Kongarapattu-604306,"Government High School, West Building Room No 2, Kongarapattu-604306","[1].Kongarapattu (R.V) & (P), Pillaiyar Koil Street, [2].Kongarapattu (R.V) & (P), Kuttai Mettu Street, [3].Kongarapattu (R.V) & (P), Kurukku Street, [4].Kongarapattu (R.V) & (P), Venganthur  salai, [5].Kongarapattu (R.V) & (P), Osur  Street,
[6].Kongarapattu (R.V) & (P), Athidravidar Colony , [7].Kongarapattu (R.V) & (P), Erular Colony",All Voters,All India Anna Dravida Munnetra Kazhagam,418,182,236,Desiya Murpokku Dravida Kazhagam,1,6,4,2,5,6,6,6,6,6,6,6,3,28.88616891064871,14
140,"Government High School, New Building North Wing, Kongarapattu-604306",563,291,1,13,114,0,0,0,0,0,1,0,0,84,0,1,0,0,0,0,1,0,506,0,1,507,0,140,140,Kongarapattu-604306,"Government High School, New Building North Wing, Kongarapattu-604306","[1].Kongarapattu (R.V) & (P), Vadavandai  Street, [2].Kongarapattu (R.V) & (P), Rettanai Road, [3].Kongarapattu (R.V) & (P), Melsevur Street,
[4].Kongarapattu (R.V) & (P), Post Office Street",All Voters,All India Anna Dravida Munnetra Kazhagam,291,114,177,Desiya Murpokku Dravida Kazhagam,1,5,4,2,7,7,7,7,7,5,7,7,3,34.9802371541502,2
141,"Panchayat Union Elementary School, South Wing, Kongarapattu-604306",614,262,0,14,137,2,0,0,0,1,0,0,1,122,1,1,2,1,0,1,0,0,545,0,1,546,0,141,141,Kongarapattu-604306,"Panchayat Union Elementary School, South Wing, Kongarapattu-604306","[1].Kongarapattu (R.V) & (P), Athidravidar Colony , [2].Kongarapattu (R.V)  & (P), Pillaiyar Koil Street, [3].Kongarapattu (R.V) & (P), Samiyar Street,
[4].Kongarapattu (R.V) & (P), Kurukku street, [5].Kongarapattu (R.V) & (P), Earikarai  Street",All Voters,All India Anna Dravida Munnetra Kazhagam,262,137,125,Desiya Murpokku Dravida Kazhagam,1,8,4,2,5,8,8,8,6,8,8,6,3,22.93577981651376,6
142,"Panchayat Union Primary School, West Wing North Facing, Vallam-604206",862,441,0,15,141,0,0,0,2,0,0,0,3,153,0,3,6,0,1,0,1,1,767,0,1,768,0,142,142,Vallam-604206,"Panchayat Union Primary School, West Wing North Facing,
Vallam-604206","[1].Vallam (R.V) & (P), Main Road,  [2].Vallam (R.V) & (P), Kongarappattu salai,  [3].Vallam (R.V) & (P), Kulakkarai Street,  [4].Vallam (R.V) & (P), Sithamoor Salai,  [5].Vallam (R.V) & (P), Modaiyur Salai,
[6].Vallam (R.V) & (P), Melolakkur Salai",All Voters,All India Anna Dravida Munnetra Kazhagam,441,153,288,Tamilaga Vettri Kazhagam,1,7,4,3,7,7,7,6,7,7,7,5,2,37.54889178617992,12
143,"Government High School, South Building West Wing, Vallam-604206",946,340,3,28,290,1,0,0,0,0,0,1,4,176,0,4,3,4,0,2,1,3,860,0,1,861,0,143,143,Vallam-604206,"Government High School, South Building West Wing, Vallam-604206","[1].Vallam (R.V) & (P), Mariyamman Koil Street, [2].Vallam (R.V) & (P), Narayanaguru Street, [3].Vallam (R.V) & (P), Jegajanandha Street, [4].Maruderi (R.V) & Vallam (P), Subbiya  Street, [5].Maruderi (R.V) &  Vallam (P), Ambethkar Street, [6].Maruderi (R.V) & Vallam (P), Maruderi Salai, [7].Maruderi (R.V) & Vallam (P), Beemnagar,
[8].Maruderi (R.V) & Vallam (P), Kongarappattu  Salai",All Voters,All India Anna Dravida Munnetra Kazhagam,340,290,50,Desiya Murpokku Dravida Kazhagam,1,6,4,2,7,9,9,9,9,9,7,5,3,5.813953488372093,17
144,"Panchayat Union Primary School, East Building North Wing West Facing, Modaiyur-604206",679,191,5,6,161,0,0,0,0,0,0,0,3,225,0,1,1,2,1,0,0,0,596,0,0,596,0,144,144,Modaiyur-604206,"Panchayat Union Primary School, East Building North Wing West
Facing, Modaiyur-604206","[1].Modaiyur (R.V) & (P), Mariyamman Koil Street",All Voters,Tamilaga Vettri Kazhagam,225,191,34,All India Anna Dravida Munnetra Kazhagam,2,5,4,3,7,7,7,7,7,7,7,6,1,5.704697986577181,5
145,"Panchayat Union Primary School, East Building South Wing West Facing, Modaiyur-604206",756,310,1,7,132,1,0,0,0,0,0,1,0,216,0,3,2,6,1,1,2,3,686,0,0,686,0,145,145,Modaiyur-604206,"Panchayat Union Primary School, East Building South Wing West Facing, Modaiyur-604206","[1].Modaiyur (R.V) & (P), Pillaiyar Koil Street, [2].Modaiyur (R.V) & (P), Perumal Koil Street, [3].Modaiyur (R.V) & (P), South Street,  [4].Modaiyur (R.V) & (P), East Street,  [5].Modaiyur (R.V) & (P),
Thiranthaveli  Street,  [6].Modaiyur (R.V) & (P), Kutti Naidu Street,  [7].Modaiyur (R.V) & (P), Edapalayam",All Voters,All India Anna Dravida Munnetra Kazhagam,310,216,94,Tamilaga Vettri Kazhagam,1,5,4,3,5,8,8,8,8,8,5,8,2,13.70262390670554,18
146,"Panchayat Union Primary School, CRC Building West Facing, Modaiyur-604206",795,441,0,21,141,1,0,0,0,0,0,0,1,92,0,0,3,2,0,2,1,1,706,0,2,708,0,146,146,Modaiyur-604206,"Panchayat Union Primary School, CRC Building West Facing, Modaiyur-604206","[1].Modaiyur (R.V) & (P), East Street,  [2].Modaiyur (R.V) & (P), North Street,  [3].Modaiyur (R.V) & (P),
Thirowpathy Amman Koil Street,  [4].Modaiyur (R.V) & (P), Edapalayam Street",All Voters,All India Anna Dravida Munnetra Kazhagam,441,141,300,Desiya Murpokku Dravida Kazhagam,1,7,4,2,5,7,7,7,7,7,7,5,3,42.4929178470255,9
147,"Panchayat Union Primary School, East Building, Modaiyur-604206",629,283,0,11,121,0,0,0,0,0,0,0,1,146,0,0,0,4,0,1,2,1,570,0,1,571,0,147,147,Modaiyur-604206,"Panchayat Union Primary School, East Building, Modaiyur-604206","[1].Modaiyur (R.V) & (P), Post Office Street, [2].Modaiyur (R.V) & (P), Reddiyar Street, [3].Modaiyur (R.V) & (P), West Street,  [4].Modaiyur (R.V) & (P), Kutti Naidu Street,  [5].Modaiyur (R.V) & (P), Main Road,  [6].Modaiyur (R.V) & (P), Vinayagar
Koil Street,  [7].Modaiyur (R.V) & (P), South Street, [8].Modaiyur (R.V) & (P), Achari Street",All Voters,All India Anna Dravida Munnetra Kazhagam,283,146,137,Tamilaga Vettri Kazhagam,1,6,4,3,6,6,6,6,6,6,6,5,2,24.03508771929825,8
148,"Panchayat Union Elementary School, Rajampuliyur-604205",1086,532,1,24,259,2,9,1,0,0,1,1,0,168,1,0,5,5,1,2,3,0,1015,0,4,1019,0,148,148,Rajampuliyur-604205,"Panchayat Union Elementary School, Rajampuliyur-604205","[1].Rajampuliyur (R.V) & (P), West Street, [2].Rajampuliyur (R.V) & (P), Malai Street, [3].Rajampuliyur (R.V)  & (P), Middle Street, [4].Rajampuliyur (R.V) & (P), Sanimoolai Street, [5].Rajampuliyur (R.V) & (P), East Street, [6].Rajampuliyur (R.V) & (P), South Street,
[7].Rajampuliyur (R.V) & (P), Colony",All Voters,All India Anna Dravida Munnetra Kazhagam,532,259,273,Desiya Murpokku Dravida Kazhagam,1,7,4,2,6,5,7,11,11,7,7,11,3,26.89655172413793,17
149,"Panchayat Union Middle School, SSA Building East Wing, Kurinjipai-604205",773,416,0,17,156,0,1,0,1,0,0,0,1,84,0,0,0,2,0,0,0,0,678,0,0,678,0,149,149,Kurinjipai-604205,"Panchayat Union Middle School, SSA Building East Wing, Kurinjipai-604205","[1].Kurunjippai  (R.V) & (P), Ramar Koil Street, [2].Kurinjippai  (R.V) & (P), Sulakarai Street, [3].Kurinjippai  (R.V) & (P), Middle Street, [4].Kurinjippai  (R.V) & (P), Desi Santhu Street,
[5].Kurinjippai  (R.V) & (P), Pallikuda Street",All Voters,All India Anna Dravida Munnetra Kazhagam,416,156,260,Desiya Murpokku Dravida Kazhagam,1,8,4,2,8,5,8,5,8,8,8,5,3,38.34808259587021,2
150,"Panchayat Union Middle School, SSA Building West Wing, Kurinjipai-604205",764,279,2,16,177,2,1,0,0,0,0,0,1,174,0,0,5,0,0,0,0,1,658,0,3,661,0,150,150,Kurinjipai-604205,"Panchayat Union Middle School, SSA Building West Wing, Kurinjipai-604205","[1].Kurinjippai  (R.V) & (P), Malaipuram Street, [2].Kurinjippai  (R.V) & (P), Kulakkarai Street, [3].Kurinjippai  (R.V) & (P), Colony,  [4].Kurinjippai
(R.V) & (P), Arunthathiyar Colony,  [5].Kurinjippai (R.V) & (P), Mariyamman Koil Street",All Voters,All India Anna Dravida Munnetra Kazhagam,279,177,102,Desiya Murpokku Dravida Kazhagam,1,5,4,2,5,7,9,9,9,9,9,7,3,15.5015197568389,6
151,"Pandiyan Aided Elementary School, Thuduppakkam-604205",983,371,3,26,207,1,1,0,2,0,0,0,1,236,1,1,1,1,0,0,2,0,854,0,1,855,0,151,151,Thuduppakkam-604205,"Pandiyan Aided Elementary School, Thuduppakkam-604205","[1].Thudupakkam (R.V) & (P), North Street, [2].Thudupakkam (R.V) & (P), East Street, [3].Thudupakkam (R.V) & (P), South Street, [4].Thudupakkam (R.V) & (P), Middle Street, [5].Thudupakkam (R.V) & (P), West Street, [6].Thudupakkam (R.V) & (P), Kulathumedu, [7].Thudupakkam (R.V) & (P), Kattukotta Street,
[8].Thudupakkam (R.V) & (P), Colony, [9].Thudupakkam (R.V) & (P), Arunthathiyar Colony",All Voters,All India Anna Dravida Munnetra Kazhagam,371,236,135,Tamilaga Vettri Kazhagam,1,5,4,3,7,7,10,6,10,10,10,7,2,15.80796252927401,6
152,"VPRC Building, Centre Wing West Facing, Old Sorathur-604205",685,128,1,24,243,1,0,1,0,0,0,0,1,217,0,1,1,3,1,2,0,0,624,0,1,625,0,152,152,Old Sorathur-604205,"VPRC Building, Centre Wing West Facing, Old Sorathur-604205","[1].Sorathur (R.V) &  (P), Mariyamman Koil Street, [2].Sorathur (R.V) &  (P), New Street,  [3].Sorathur (R.V) &  (P), Kamarajar Street,  [4].Sorathur (R.V) & (P), Pallikuda Street,  [5].Sorathur (R.V) &  (P), Middle
Street",All Voters,Desiya Murpokku Dravida Kazhagam,243,217,26,Tamilaga Vettri Kazhagam,3,5,4,1,5,9,5,9,9,9,9,5,2,4.166666666666666,8
153,"Panchayat Union Muslim Elementary School, New Building South Facing, Sorathur-604205",808,154,0,12,360,3,0,0,0,0,0,0,0,165,0,0,1,0,0,0,1,1,697,0,1,698,0,153,153,Sorathur-604205,"Panchayat Union Muslim Elementary School, New Building South Facing,
Sorathur-604205","[1].Sorathur (R.V) & (P), Perumal Koil Street, [2].Sorathur (R.V) &  (P), Vellakulathu Street,
[3].Sorathur (R.V) &  (P), Gori Street",All Voters,Desiya Murpokku Dravida Kazhagam,360,165,195,Tamilaga Vettri Kazhagam,3,6,4,1,5,6,6,6,6,6,6,6,2,27.97704447632712,3
154,"Panchayat Union Middle School, West Wing East Building, Kappai-604205",665,386,1,11,75,0,0,0,0,0,0,1,0,129,0,2,1,1,0,1,0,0,608,0,1,609,0,154,154,Kappai-604205,"Panchayat Union Middle School, West Wing East Building, Kappai-604205","[1].Kappai (R.V) & (P), Pillaiyar Koil Street",All Voters,All India Anna Dravida Munnetra Kazhagam,386,129,257,Tamilaga Vettri Kazhagam,1,5,4,3,7,7,7,7,7,7,5,7,2,42.26973684210527,5
155,"Panchayat Union Middle School, West Wing West Building, Kappai-604205",460,203,1,12,81,0,0,0,0,0,0,0,0,97,0,0,0,0,0,2,2,0,398,0,0,398,0,155,155,Kappai-604205,"Panchayat Union Middle School, West Wing West Building, Kappai-604205","[1].Kappai (R.V) & (P), South Street,  [2].Kappai (R.V) & (P), Colony Street,  [3].Kappai (R.V) & (P), Iyannar Koil Street,  [4].Kappai (R.V) & (P), Colony Pillaiyar
Koil Street",All Voters,All India Anna Dravida Munnetra Kazhagam,203,97,106,Tamilaga Vettri Kazhagam,1,5,4,3,6,6,6,6,6,6,6,6,2,26.63316582914573,4
156,"E-Service Centre, West Building South Facing, Thiruvampattu-604205",1071,442,4,32,182,1,0,2,0,0,0,0,2,260,1,2,3,6,1,1,2,2,943,0,4,947,0,156,156,Thiruvampattu-604205,"E-Service Centre, West Building South Facing, Thiruvampattu-604205","[1].Thiruvampattu (R.V) & (P), Annanagar, [2].Thiruvampattu (R.V) & (P), Thirowpathiyamman  Koil Street,  [3].Thiruvampattu (R.V) & (P), Kazhakathu Kotta Street,  [4].Thiruvampattu (R.V) & (P), Mettu Street,  [5].Thiruvampattu (R.V) & (P), Bajanai Koil Street,  [6].Thiruvampattu (R.V) & (P), Pillaiyar Koil
Street",All Voters,All India Anna Dravida Munnetra Kazhagam,442,260,182,Tamilaga Vettri Kazhagam,1,5,4,3,8,9,6,9,9,9,9,6,2,19.3001060445387,18
157,"E-Service Centre, West Building North Wing South Facing, Thiruvampattu-604205",874,226,0,22,187,0,0,0,0,0,0,0,3,251,1,2,1,1,0,0,2,0,696,0,1,697,0,157,157,Thiruvampattu-604205,"E-Service Centre, West Building North Wing South Facing,
Thiruvampattu-604205","[1].Vadatharam (R.V) & Thiruvampattu (P), Vadatharam Mettu Street,  [2].Vadatharam (R.V) & Thiruvampattu (P), Vadatharam Middle Street, [3].Vadatharam (R.V) & Thiruvampattu (P), Old Colony,  [4].Vadatharam (R.V) & Thiruvampattu (P), New Colony,  [5].Vadatharam (R.V) & Thiruvampattu (P), Kalaingar Street,  [6].Vadatharam (R.V) & Thiruvampattu (P), Kamarajar Street,  [7].Vadatharam (R.V) & Thiruvampattu (P), Kamban Street, [8].Vadatharam (R.V) & Thiruvampattu (P), Madha Koil Street,  [9].Vadatharam (R.V) & Thiruvampattu (P), Rajivgandhi Street,  [10].Vadatharam (R.V) &
Thiruvampattu (P), Indiragandhi Street",All Voters,Tamilaga Vettri Kazhagam,251,226,25,All India Anna Dravida Munnetra Kazhagam,2,6,4,3,6,6,6,6,6,6,6,5,1,3.591954022988506,7
158,"Panchayat Union Elementary School, South Building North Facing, Kelpappambadi-604205",731,383,1,13,124,0,0,1,0,0,0,0,0,143,0,2,1,3,0,0,1,0,672,0,1,673,0,158,158,Kelpappambadi-604205,"Panchayat Union Elementary School, South Building North Facing, Kelpappambadi-604205","[1].Thaiyur (R.V) Kezhpappampadi (P), North Street, [2].Thaiyur (R.V) Kezhpappampadi (P), West Street, [3].Thaiyur (R.V) Kezhpappampadi (P), Pillaiyar Koil
Street,  [4].Thaiyur (R.V) Kezhpappampadi (P), Middle Street",All Voters,All India Anna Dravida Munnetra Kazhagam,383,143,240,Tamilaga Vettri Kazhagam,1,5,4,3,7,7,5,7,7,7,7,7,2,35.71428571428572,7
159,"Panchayat Union Elementary School, East Building North Wing West Facing, Kelpappambadi-604205",566,228,1,11,141,0,0,0,0,0,0,1,3,147,1,0,2,0,1,0,1,0,537,0,0,537,0,159,159,Kelpappambadi-604205,"Panchayat Union Elementary School, East Building North Wing West Facing, Kelpappambadi-604205","[1].Thaiyur (R.V) Kezhpappampadi (P), Colony Street,  [2].Thaiyur (R.V) Kezhpappampadi (P), Road Street,  [3].Thaiyur (R.V) Kezhpappampadi (P),
Kallankuthu  Street,  [4].Thaiyur (R.V) Kezhpappampadi (P), Iyyanar Koil Street",All Voters,All India Anna Dravida Munnetra Kazhagam,228,147,81,Tamilaga Vettri Kazhagam,1,6,4,3,8,8,8,8,8,8,6,5,2,15.08379888268156,5
160,"Government High School, East Wing, Thaiyur-604205",883,387,3,16,140,0,0,0,0,0,0,0,1,148,0,2,2,0,0,1,0,0,700,0,0,700,0,160,160,Thaiyur-604205,"Government High School, East Wing, Thaiyur-604205","[1].Thaiyur (R.V) & (P), Vembiyamman Kovil Street, [2].Thaiyur (R.V) & (P), Middle Street,  [3].Thaiyur (R.V) & (P), Pallikuda Street,  [4].Thaiyur (R.V) & (P), Kalathu Mettu Street,  [5].Thaiyur (R.V) & (P), Vinayagar Kovil Street,  [6].Thaiyur (R.V) & (P),
Ammacharamman Kovil Street,  [7].Thaiyur (R.V) & (P), Melandai Street",All Voters,All India Anna Dravida Munnetra Kazhagam,387,148,239,Tamilaga Vettri Kazhagam,1,5,4,3,7,7,7,7,7,7,7,6,2,34.14285714285714,5
161,"Government High School, West Wing, Thaiyur-604205",781,302,2,10,173,1,0,0,0,0,0,0,0,143,0,2,1,0,0,0,0,0,634,0,1,635,0,161,161,Thaiyur-604205,"Government High School, West Wing, Thaiyur-604205","[1].Thaiyur (R.V) & (P), North Street,  [2].Thaiyur (R.V) & (P), Kulathu Street,  [3].Thaiyur (R.V) & (P),
East Street,  [4].Thaiyur (R.V) & (P), Thaiyur Colony",All Voters,All India Anna Dravida Munnetra Kazhagam,302,173,129,Desiya Murpokku Dravida Kazhagam,1,5,4,2,6,7,7,7,7,7,7,7,3,20.34700315457413,3
162,"Panchayat Union Elementary School, West Wing, Kammandur-604206",509,152,0,3,139,0,0,0,0,0,0,0,0,98,0,0,1,3,0,1,0,0,397,0,0,397,0,162,162,Kammandur-604206,"Panchayat Union Elementary School, West Wing, Kammandur-604206","[1].Kammandur  (R.V) & (P), Vadavanda Street, [2].Kammandur  (R.V) & (P), Mel Street, [3].Kammandur (R.V) & (P), Koil Street, [4].Kammandur (R.V) & (P), KeelStreet, [5].Kammandur (R.V) & (P), South Street, [6].Kammandur (R.V) &  (P), Middle Street, [7].Kammandur (R.V) &  (P), Earth Street,
[8].Kammandur (R.V) &  (P), Koottu Road",All Voters,All India Anna Dravida Munnetra Kazhagam,152,139,13,Desiya Murpokku Dravida Kazhagam,1,5,4,2,5,5,5,5,5,5,5,5,3,3.27455919395466,5
163,"Panchayat Union Elementary School, East Wing, Kammandur-604206",729,178,1,15,235,1,1,0,0,0,1,0,0,184,0,1,5,4,0,0,1,0,627,0,0,627,0,163,163,Kammandur-604206,"Panchayat Union Elementary School, East Wing, Kammandur-604206","[1].Kammandur (R.V) &  (P), Colony,  [2].Kammandur
(R.V) &  (P), Pandiyankulam,  [3].Kammandur (R.V) & (P), Mariyamman Koil Street",All Voters,Desiya Murpokku Dravida Kazhagam,235,184,51,Tamilaga Vettri Kazhagam,3,5,4,1,5,5,9,9,9,5,9,9,2,8.133971291866029,11
164,"Panchayat Union Elementary School, Maniyampattu-604206",1067,415,2,25,242,1,0,0,0,0,0,0,1,230,0,1,0,0,0,1,0,0,918,0,1,919,0,164,164,Maniyampattu-604206,"Panchayat Union Elementary School, Maniyampattu-604206","[1].Maniyampattu (R.V) & (P), Kulathu Street, [2].Maniyampattu (R.V) & (P), Middle Street, [3].Maniyampattu (R.V) & (P), Mettu Street, [4].Keezhaiyur (R.V) & (P), Koil Street,  [5].Keezhaiyur (R.V) &  (P), Manmathan Koil Street,  [6].Keezhaiyur (R.V) & (P), New Street,  [7].Keezhaiyur (R.V) & (P), Tank Street,  [8].Keezhaiyur (R.V) & (P), School Street,  [9].Keezhaiyur (R.V) & (P), Keel Street, [10].Keezhaiyur (R.V) & (P), Keezaiyur  Colony, [11].Keezhaiyur (R.V) & (P), Cheddiyar Street, [12].Keezhaiyur (R.V) & (P), Keezaiyur  Middle Street
Colony,  [13].Keezhaiyur (R.V) & (P), Keezaiyur Mariyamman Koil Street",All Voters,All India Anna Dravida Munnetra Kazhagam,415,242,173,Desiya Murpokku Dravida Kazhagam,1,5,4,2,6,8,8,8,8,8,8,6,3,18.84531590413943,2
165,"Panchayat Union Primary School, North Building South Facing Ist Room, Melsevur-604306",722,314,0,11,164,0,0,0,0,0,0,0,1,154,0,0,1,3,1,2,1,0,652,0,3,655,0,165,165,Melsevur-604306,"Panchayat Union Primary School, North Building South Facing Ist Room, Melsevur-604306","[1].Melsevur (R.V) &  (P), Mettu Street,  [2].Melsevur (R.V) & (P), Eswaran Koil Street,  [3].Melsevur (R.V) & (P), Thirowpathiyamman Koil Street,  [4].Melsevur (R.V) & (P), Main Road Street,  [5].Melsevur (R.V) &
(P), Kalleri",All Voters,All India Anna Dravida Munnetra Kazhagam,314,164,150,Desiya Murpokku Dravida Kazhagam,1,6,4,2,6,6,6,6,6,6,6,5,3,23.00613496932515,8
166,"Panchayat Union Primary School, North Building South Facing 2nd Room, Melsevur-604306",790,188,2,21,193,1,0,1,0,2,0,0,1,287,3,0,2,0,0,0,2,0,703,0,2,705,0,166,166,Melsevur-604306,"Panchayat Union Primary School, North Building South Facing 2nd Room, Melsevur-604306","[1].Melsevur (R.V) & (P), Road Street,  [2].Melsevur (R.V) & (P), Mariyamman Koil Street,  [3].Melsevur (R.V) & (P), Middle Street,  [4].Melsevur (R.V) & (P),
Road Street (Colony)",All Voters,Tamilaga Vettri Kazhagam,287,193,94,Desiya Murpokku Dravida Kazhagam,3,5,4,2,7,10,7,10,5,10,10,7,1,13.37126600284495,7
167,"Panchayat Union Primary School, North Building South Facing 3rd Room, Melsevur-604306",572,237,0,9,114,1,0,0,0,0,0,0,2,160,0,0,1,3,0,0,0,0,527,0,0,527,0,167,167,Melsevur-604306,"Panchayat Union Primary School, North Building South Facing 3rd Room, Melsevur-604306","[1].Melsevur (R.V) & (P), Mariyamman Koil Street, [2].Melsevur (R.V) & (P), Vinayagar Koil Street, [3].Melsevur (R.V) & (P), Mestri Street,  [4].Melsevur (R.V) & (P), Mettu Street,  [5].Melsevur (R.V) & (P), Murugan Koil Street,  [6].Melsevur (R.V) & (P), Citybabu  Nagar,  [7].Melsevur (R.V) & (P), Kalathumettu Street,  [8].Melsevur (R.V) & (P), Forest East Street,  [9].Melsevur (R.V) & (P), Madha Koil Street,  [10].Melsevur (R.V) & (P), Middle Veethi,
[11].Melsevur (R.V) & (P), School Street",All Voters,All India Anna Dravida Munnetra Kazhagam,237,160,77,Tamilaga Vettri Kazhagam,1,7,4,3,6,7,7,7,7,7,7,5,2,14.61100569259962,4
168,"Panchayat Union Elementary School, Ammankulathumedu-604306",725,307,0,14,205,0,0,0,0,1,0,0,0,141,0,0,0,0,0,0,2,1,671,0,2,673,0,168,168,Ammankulathumedu-6043 06,"Panchayat Union Elementary School, Ammankulathumedu-604306","[1].Melsevur (R.V) & (P), Ammankulathumedu",All Voters,All India Anna Dravida Munnetra Kazhagam,307,205,102,Desiya Murpokku Dravida Kazhagam,1,6,4,2,6,6,6,6,5,6,6,6,3,15.20119225037258,3
169,"Panchayat Union Primary School, West Building South Facing, Sengamedu-604306",312,162,0,8,41,0,0,0,0,0,0,0,1,64,0,1,0,0,0,0,0,0,277,0,0,277,0,169,169,Sengamedu-604306,"Panchayat Union Primary School, West Building South Facing,
Sengamedu-604306","[1].Melsevur (R.V) & (P), Sengamedu",All Voters,All India Anna Dravida Munnetra Kazhagam,162,64,98,Tamilaga Vettri Kazhagam,1,6,4,3,6,6,6,6,6,6,6,5,2,35.37906137184115,1
170,"Panchayat Union Elementary School, South Wing, Kattanchimedu-604306",1032,580,2,9,182,1,0,0,0,0,0,0,0,178,0,1,2,1,1,2,2,0,961,0,2,963,0,170,170,Kattanchimedu-604306,"Panchayat Union Elementary School, South Wing, Kattanchimedu-604306","[1].Melsevur (R.V) & (P), Kattanchimedu Murugan Koil Street,  [2].Melsevur (R.V) & (P), Kattanchimedu Vinayakar koil Street,  [3].Melsevur (R.V) & (P), Kattanchimedu Mariyamman Koil Street,  [4].Melsevur (R.V) & (P), Echur Mariyamman Koil Street,
[5].Melsevur (R.V) & (P), Echur Balvadi Street",All Voters,All India Anna Dravida Munnetra Kazhagam,580,182,398,Desiya Murpokku Dravida Kazhagam,1,5,4,2,6,7,7,7,7,7,7,7,3,41.41519250780437,9
171,"Panchayat Union Middle School, Kelmampattu-605651",785,309,0,12,214,0,0,0,1,0,0,0,0,183,0,0,1,1,0,0,1,0,722,0,0,722,0,171,171,Kelmampattu-605651,"Panchayat Union Middle School, Kelmampattu-605651","[1].Kezhmampattu (R.V) & (P), Kalathu Mettu Street, [2].Kezhmampattu (R.V) & (P), Pallikuda Street, [3].Kezhmampattu (R.V) & (P), Pajanai Koil Street, [4].Kezhmampattu (R.V) & (P), Main Road, [5].Kilmampattu (R.V) & (P), Vinayagar  Koil Street, [6].Kezhmampattu (R.V) & (P), Nadu Street, [7].Kezhmampattu (R.V) & (P), Mariyamman Koil
Street",All Voters,All India Anna Dravida Munnetra Kazhagam,309,214,95,Desiya Murpokku Dravida Kazhagam,1,6,4,2,6,6,6,5,6,6,6,6,3,13.1578947368421,3
172,"Roman Catholic Govt Aided Elementary School, South Facing, Keezhvailamur-605651",524,234,0,11,93,0,1,0,0,0,0,0,0,99,0,1,4,1,0,1,0,0,445,0,0,445,0,172,172,Keezhvailamur-605651,"Roman Catholic Govt Aided Elementary School, South Facing, Keezhvailamur-605651","[1].Errampattu (R.V) &Kezhvailamur (P), Reddiyar Street,  [2].Errampattu (R.V) &Kezhvailamur (P), Cheddiyar St,  [3].Errampattu (R.V) &Kezhvailamur (P), Main Road,  [4].Errampattu (R.V) & Kezhvailamur (P), Mariyamman Koil Street,  [5].Errampattu (R.V)
&Kezhvailamur (P), Mettu Street,  [6].Errampattu (R.V) &Kezhvailamur (P), Earrampattu",All Voters,All India Anna Dravida Munnetra Kazhagam,234,99,135,Tamilaga Vettri Kazhagam,1,6,4,3,6,5,6,6,6,6,6,6,2,30.3370786516854,7
173,"Roman Catholic Govt Aided Elementary School, North Building East Wing South Facing, Keezhvailamur-605651",711,108,2,49,194,0,0,1,0,0,0,1,1,207,1,0,0,1,0,0,1,0,566,0,3,569,0,173,173,Keezhvailamur-605651,"Roman Catholic Govt Aided Elementary School, North Building East Wing South Facing, Keezhvailamur-605651","[1].Errampattu (R.V) & Kezhvailamur (P), Colony Main Road,  [2].Errampattu (R.V) &Kezhvailamur (P), Matha Koil Street,  [3].Errampattu (R.V) &Kezhvailamur (P), Pillaiyar  Koil Street, [4].Errampattu (R.V) &Kezhvailamur (P), Pillaiyar  Koil Street,  [5].Errampattu (R.V) &Kezhvailamur (P),
Sdukattupathai",All Voters,Tamilaga Vettri Kazhagam,207,194,13,Desiya Murpokku Dravida Kazhagam,3,5,4,2,9,9,6,9,9,9,6,6,1,2.296819787985866,3
174,"Panchayat Union Middle School, Thalavanur-604205",813,263,3,30,170,2,2,0,0,1,1,0,2,231,2,2,3,3,0,0,3,0,718,0,1,719,0,174,174,Thalavanur-604205,"Panchayat Union Middle School, Thalavanur-604205","[1].Thalavanur (R.V) & (P), Kulathu Street, [2].Thalavanur (R.V) & (P), Kallalipattu  Street, [3].Thalavanur (R.V) & (P), Pillaiyar Koil Street, [4].Thalavanur (R.V) & (P), Pallikuda Street, [5].Thalavanur (R.V) & (P), Kommedu  Salai Street, [6].Thalavanur (R.V) & (P), Thangal Street, [7].Thalavanur (R.V) & (P), Old Colony Street, [8].Thalavanur (R.V) & (P), Pillaiyar Koil Street, [9].Thalavanur (R.V) & (P), Othavadai Street, [10].Thalavanur (R.V) & (P), Main Road (Colony),
[11].Thalavanur (R.V) & (P), East Street (colony)",All Voters,All India Anna Dravida Munnetra Kazhagam,263,231,32,Tamilaga Vettri Kazhagam,1,5,4,3,6,6,11,11,9,9,11,6,2,4.456824512534819,13
175,"Sacred Heart Higher Secondary School, West Wing, Aniladi-605651",621,149,1,9,178,0,0,0,0,0,0,1,1,177,0,1,1,1,0,0,1,0,520,0,0,520,0,175,175,Aniladi-605651,"Sacred Heart Higher Secondary School, West Wing, Aniladi-605651","[1].Anilady (R.V) & Vilvamadevi (P), Pillaiyar  Kovil Street,  [2].Anilady (R.V) & Vilvamadevi (P), Road Street,  [3].Anilady (R.V) & Anilady (P), Kottaratath
Street",All Voters,Desiya Murpokku Dravida Kazhagam,178,177,1,Tamilaga Vettri Kazhagam,3,5,4,1,8,8,8,8,8,8,5,5,2,0.1923076923076923,4
176,"Sacred Heart Higher Secondary School, East Wing, Aniladi-605651",644,69,0,18,190,0,0,1,0,0,0,0,0,222,0,0,0,0,0,1,1,0,502,0,2,504,0,176,176,Aniladi-605651,"Sacred Heart Higher Secondary School, East Wing, Aniladi-605651","[1].Anilady (R.V) & Vilvamadevi (P), Siluvaimara Street,  [2].Anilady (R.V) & Anilady (P), Vannarapettai Street,  [3].Anilady (R.V) & Anilady (P), Madhakoil Street,  [4].Anilady (R.V) & Anilady (P), Othavadai
Street,  [5].Anilady (R.V) & Anilady (P), Siluvai Marakurukku Street",All Voters,Tamilaga Vettri Kazhagam,222,190,32,Desiya Murpokku Dravida Kazhagam,3,6,4,2,6,6,5,6,6,6,6,6,1,6.374501992031872,2
177,"Adidravidar Welfare Elementary School, South Building North Wing, kallalippattu-604205",831,402,1,20,167,1,0,0,0,0,2,1,0,126,0,2,3,3,1,0,5,1,735,0,0,735,0,177,177,kallalippattu-604205,"Adidravidar Welfare Elementary School, South Building North Wing, kallalippattu-604205","[1].Kallalipattu (R.V) & (P), Vadavanda Street, [2].Kallalipattu (R.V) & (P), Kelanda Street, [3].Kallalipattu (R.V) & (P), Thennanda  Street, [4].Kallalipattu (R.V) & (P), Melandai Street,
[5].Kallalipattu (R.V) & (P), Mettu Street",All Voters,All India Anna Dravida Munnetra Kazhagam,402,167,235,Desiya Murpokku Dravida Kazhagam,1,6,4,2,6,9,9,9,9,5,6,9,3,31.97278911564626,15
178,"Panchayat Union Library, West Faing, Kallalippattu-604205",701,280,1,19,138,0,0,0,0,0,0,0,0,156,0,1,2,1,0,1,0,0,599,0,1,600,0,178,178,Kallalippattu-604205,"Panchayat Union Library, West Faing, Kallalippattu-604205","[1].Kallalipattu (R.V) & (P), Mariyamman Koil Street, [2].Kallalipattu (R.V) & (P), Murugan Koil Street, [3].Kallalipattu (R.V) & (P), Melandai Street (colony), [4].Kallalipattu (R.V) & (P), Punitha Arokiyamadhakoil,
[5].Kallalipattu (R.V) & (P), Ammacharkoil Street",All Voters,All India Anna Dravida Munnetra Kazhagam,280,156,124,Tamilaga Vettri Kazhagam,1,5,4,3,6,6,6,6,6,6,6,6,2,20.70116861435726,5
179,"ICDS Building, East Wing North Facing, Melkudalur-605651",916,412,0,23,177,0,0,0,0,0,0,0,2,187,0,1,2,3,0,0,6,0,813,0,0,813,0,179,179,Melkudalur-605651,"ICDS Building, East Wing North Facing, Melkudalur-605651","[1].MelKudalur (R.V) & Vavalkundram (R.V) & Melgudalur (P), Mariymman Koil Street, [2].MelKudalur (R.V) & Vavalkundram (R.V) & Melgudalur (P), Pallikooda Street,  [3].MelKudalur (R.V) & Vavalkundram (R.V) & Melgudalur (P), Kaliyamman Koil Street,  [4].MelKudalur (R.V) & Valavalkundram (R.V) & Melgudalur (P), Valalvalkundram (Vinayakar Koil Street), [5].MelKudalur (R.V) & Valavalkundram (R.V) &
Melgudalur (P), Valavalkudram Colony",All Voters,All India Anna Dravida Munnetra Kazhagam,412,187,225,Tamilaga Vettri Kazhagam,1,6,4,3,6,6,6,6,6,6,6,5,2,27.67527675276753,12
180,"Roman Catholic Aided Elementary School, East Wing, Kalladikuppam-605651",624,295,1,15,109,0,1,0,1,0,0,2,2,141,1,1,2,1,0,0,3,0,575,0,0,575,0,180,180,Kalladikuppam-605651,"Roman Catholic Aided Elementary
School, East Wing, Kalladikuppam-605651","[1].Kalladikuppam (R.V) & (P), Pillaiyar Koil Street,
[2].Kalladikuppam (R.V) & (P), Kallaiamman Koil Street",All Voters,All India Anna Dravida Munnetra Kazhagam,295,141,154,Tamilaga Vettri Kazhagam,1,7,4,3,10,7,10,7,10,10,5,5,2,26.78260869565217,8
181,"Roman Catholic Aided Elementary School, West Wing, Kalladikuppam-605651",704,281,0,21,150,1,0,0,0,0,0,0,1,195,0,0,3,0,0,0,1,0,653,0,0,653,0,181,181,Kalladikuppam-605651,"Roman Catholic Aided Elementary School, West Wing, Kalladikuppam-605651","[1].Kalladikuppam (R.V) & (P), Reddiyar Street, [2].Kalladikuppam (R.V) & (P), Chinnapillaiyar Street, [3].Kalladikuppam  (R.V) & (P), Kaman Koil Street, [4].Kalladikuppam (R.V) & (P), Anchaneyar Koil Street, [5].Kalladikuppam (R.V) & (P), Mariyamman Koil Street,  [6].Kalladikuppam (R.V) & (P), Pillaiyar Koil
Street",All Voters,All India Anna Dravida Munnetra Kazhagam,281,195,86,Tamilaga Vettri Kazhagam,1,7,4,3,5,7,7,7,7,7,7,5,2,13.16998468606432,4
182,"Panchayat Union Elementary School, Marur-605651",992,435,6,25,184,1,1,0,0,0,0,1,9,216,0,2,8,9,0,2,0,0,899,0,2,901,0,182,182,Marur-605651,"Panchayat Union Elementary School, Marur-605651","[1].Marur (R.V) & (P), Main Road,  [2].Marur (R.V) &
(P), Thoppu,  [3].Marur (R.V) & (P), Colony Street,
[4].Marur (R.V) & (P), Vanniyar Street,  [5].Marur (R.V) & (P), Achari Street,  [6].Marur (R.V) & (P), Old Rise Mil,  [7].Marur (R.V) & (P), Kuyavar Street,  [8].Marur (R.V) & (P), Mariyamman Koil Street,  [9].Marur (R.V)
& (P), Madha Koil Street,  [10].Marur (R.V) & (P), Tank Street,  [11].Marur (R.V) & (P), Manthakarai",All Voters,All India Anna Dravida Munnetra Kazhagam,435,216,219,Tamilaga Vettri Kazhagam,1,6,4,3,7,7,10,10,10,10,7,5,2,24.36040044493882,21
183,"ICDS East Building, North Side West Facing, Naganthur-605651",931,258,2,16,250,3,0,0,0,0,0,0,3,259,0,1,6,2,0,0,3,0,803,0,0,803,0,183,183,Naganthur-605651,"Noon Meal Centre, Naganthur-605651","[1].Naganthoor (R.V) & (P), Chinna Naganthur, [2].Naganthoor (R.V) & (P), Kootroad,  [3].Naganthoor (R.V) & (P), Maignanapuram,  [4].Naganthoor (R.V)  & (P), Kalar,  [5].Naganthoor (R.V) & (P), Aathankarai, [6].Naganthoor (R.V) & (P), Reddiyar Street, [7].Naganthoor (R.V) & (P), Periyanaganthoor, [8].Naganthoor (R.V) & (P), Old Colony,
[9].Naganthoor (R.V) & (P), New Colony",All Voters,Tamilaga Vettri Kazhagam,259,258,1,All India Anna Dravida Munnetra Kazhagam,2,7,4,3,5,8,8,8,8,8,8,5,1,0.12453300124533,12
184,"Panchayat Union Middle School, Thalavalappattu-605651",1128,364,1,52,232,1,0,0,0,0,8,0,1,367,0,1,5,2,0,1,1,0,1036,0,0,1036,0,184,184,Thalavalappattu-605651,"Panchayat Union Middle School, Thalavalappattu-605651","[1].Thalavalapattu (R.V) & (P), Mariyamman Koil Street,  [2].Thalavalapattu (R.V) & (P), School Street, [3].Thalavalapattu (R.V) & (P), Kulakkarai Street, [4].Thalavalapattu (R.V) & (P), Kamaraj Street, [5].Thalavalapattu (R.V) & (P), Old Colony,
[6].Thalavalapattu (R.V) & (P), New Colony",All Voters,Tamilaga Vettri Kazhagam,367,364,3,All India Anna Dravida Munnetra Kazhagam,2,6,4,3,6,9,9,9,9,5,9,6,1,0.2895752895752896,10
185,"Panchayat Union Primary School, North Building West Wing, V.Nallalam-605651",909,144,3,22,220,3,1,1,0,0,0,1,3,339,2,0,3,2,0,3,1,2,750,0,2,752,0,185,185,V.Nallalam-605651,"Panchayat Union Primary School, North Building West Wing, V.Nallalam-605651","[1].V.Nallalam (R.V) & V. Nallalam (P), Pillaiyar  Kovil Street,  [2].V.Nallalam (R.V) & V. Nallalam (P), Kuttai Street,  [3].V.Nallalam (R.V) & V. Nallalam (P), Othavadai Street,  [4].V.Nallalam (R.V) & V. Nallalam (P), Reddiyar Street,  [5].V.Nallalam (R.V) & V.
Nallalam (P), Matha Koil Street,  [6].V.Nallalam (R.V) & V. Nallalam (P), New Colony",All Voters,Tamilaga Vettri Kazhagam,339,220,119,Desiya Murpokku Dravida Kazhagam,3,5,4,2,5,8,8,11,11,11,8,5,1,15.86666666666667,13
186,"R.C Government Aided Primary School, North Wing East Facing, V.Panchalam-605651",580,151,2,9,98,0,1,0,0,0,0,0,2,221,1,2,1,1,2,3,6,0,500,0,3,503,0,186,186,V.Panchalam-605651,"R.C Government Aided Primary School, North Wing East Facing, V.Panchalam-605651","[1].V.Panjalam (R.V) & V. Nallalam (P), Vaniyambadi Street,  [2].V.Panjalam (R.V) & V. Nallalam (P), Muthiyalpettai Street,  [3].V.Panjalam (R.V) & V. Nallalam (P), Karumariyamman Koil Street, [4].V.Panchalam (R.V) & V. Nallalam (P), Mariyamman Kovil Street,  [5].V.Panchalam (R.V) & V. Nallalam (P), New Matha Koil Street,  [6].V.panchalam (R.V) & V.
Nallalam (P), New Colony",All Voters,Tamilaga Vettri Kazhagam,221,151,70,All India Anna Dravida Munnetra Kazhagam,2,5,4,3,8,7,8,8,8,8,8,5,1,14.0,16
187,"Panchayat Union Primary School, West Wing, Se.Kothamangalam-605651",578,295,0,11,119,2,0,0,0,0,0,1,2,92,0,2,1,3,0,0,0,0,528,0,0,528,0,187,187,Se.Kothamangalam-60565 1,"Panchayat Union Primary School, West Wing,
Se.Kothamangalam-605651","[1].Se.Kothamangalam( (R.V) & (P), Thirowpathiyamman Koil Street, [2].Se.Kothamangalam( (R.V) & (P), Mangammal Kulakkarai Street,  [3].Se.Kothamangalam( (R.V) &
(P), Middle Street",All Voters,All India Anna Dravida Munnetra Kazhagam,295,119,176,Desiya Murpokku Dravida Kazhagam,1,8,4,2,5,8,8,8,8,8,7,5,3,33.33333333333333,6
188,"Panchayat Union Primary School, East Wing, Se.Kothamangalam-605651",586,170,1,13,197,1,1,0,1,0,0,0,0,141,2,1,0,3,0,0,3,0,534,0,0,534,0,188,188,Se.Kothamangalam-60565 1,"Panchayat Union Primary School, East Wing,
Se.Kothamangalam-605651","[1].Se.Kothamangalam( (R.V) & (P), Rice Mil Street, [2].Se.Kothamangalam( (R.V) & (P), Mariyamman Koil Street,  [3].Sa.Kothamangalam (R.V) & (P), South Street,  [4].Se.Kothamangalam( (R.V) & (P), New
Colony",All Voters,Desiya Murpokku Dravida Kazhagam,197,170,27,All India Anna Dravida Munnetra Kazhagam,2,5,4,1,5,5,9,5,9,9,9,9,3,5.056179775280898,9
189,"Panchayat Union Elementary School, North Building, Thenputhur-604306",842,421,1,18,192,0,0,0,1,0,0,1,1,135,0,2,1,4,0,1,2,1,781,0,1,782,0,189,189,Thenputhur-604306,"Panchayat Union Elementary School, North Building, Thenputhur-604306","[1].Thenputhur (R.V) & (P), Gangaiyamman Koil Street,  [2].Thenputhur (R.V ) & (P), Pillaiyar Koil Street,  [3].Amur (R.V) & Thenputhur (P), Mariyamman Koil Street 1,  [4].Amur (R.V) & Thenputhur (P), Mariyamman Koil Street 2,  [5].Amur (R.V) & Thenputhur (P), Perumal Koil Street,  [6].Perampattu
(R.V) & Thenputhur (P), New Pillaiyarkoil Street",All Voters,All India Anna Dravida Munnetra Kazhagam,421,192,229,Desiya Murpokku Dravida Kazhagam,1,5,4,2,9,9,9,5,9,9,5,5,3,29.3213828425096,11
190,"VPRC Building, South Wing West Facing, Thenputhur-604306",706,311,1,8,188,1,1,1,0,1,1,1,1,151,0,1,4,1,0,2,1,0,675,0,1,676,0,190,190,Thenputhur-604306,"VPRC Building, South Wing West Facing, Thenputhur-604306","[1].Perampattu (R.V) & Thenputhur (P), Amur,
[2].Perampattu (R.V) & Thenputhur (P), Colony, [3].Perampattu (R.V) & Thenputhur (P), Perampattu",All Voters,All India Anna Dravida Munnetra Kazhagam,311,188,123,Desiya Murpokku Dravida Kazhagam,1,5,4,2,5,5,5,13,5,5,5,5,3,18.22222222222222,9
191,"Panchayat Union primary School, South Side Building, Rettanai-604306",1001,398,0,22,227,1,0,0,0,3,1,2,2,246,1,0,2,4,3,0,2,0,914,0,4,918,0,191,191,Rettanai-604306,"Panchayat Union primary School, South Side Building, Rettanai-604306","[1].Rettanai (R.V) & (P), Rajiv Nagar,  [2].Rettanai (R.V) & (P), Anna Nagar,  [3].Rettanai (R.V) & (P), Old Bustand,  [4].Rettanai (R.V) & (P), Vennila Nagar, [5].Rettanai (R.V) & (P), Krishnapuram,  [6].Rettanai
(R.V) & (P), Murugan Koil Street",All Voters,All India Anna Dravida Munnetra Kazhagam,398,246,152,Tamilaga Vettri Kazhagam,1,10,4,3,8,10,10,10,5,8,6,6,2,16.63019693654267,12
192,"Panchayat Union primary School, South Side New Building, Rettanai-604306",911,320,2,31,178,0,0,1,1,0,0,0,2,209,0,0,3,0,0,1,3,1,752,0,2,754,0,192,192,Rettanai-604306,"Panchayat Union primary School, South Side New Building, Rettanai-604306","[1].Rettanai (R.V) & (P), Thangasalai,  [2].Rettanai (R.V) & (P), Throwpathiyamman Koil Street, [3].Rettanai (R.V) & (P), Eswaran Koil Street, [4].Rettanai (R.V) & (P), Bazar Street,  [5].Rettanai (R.V) & (P), Reddiyar Street (East),  [6].Rettanai (R.V)
& (P), Reddiar Street",All Voters,All India Anna Dravida Munnetra Kazhagam,320,209,111,Tamilaga Vettri Kazhagam,1,5,4,3,9,9,7,7,9,9,9,5,2,14.76063829787234,8
193,"Panchayat Union Primary School, North Building East Wing, Rettanai-604306",458,253,0,8,81,0,0,0,0,0,0,0,0,92,0,0,0,0,0,1,0,0,435,0,0,435,0,193,193,Rettanai-604306,"Panchayat Union Primary School, North Building East Wing, Rettanai-604306","[1].Rettanai (R.V) & (P), Nasukkan Street, [2].Rettanai (R.V) & (P), East Street",All Voters,All India Anna Dravida Munnetra Kazhagam,253,92,161,Tamilaga Vettri Kazhagam,1,5,4,3,5,5,5,5,5,5,5,5,2,37.01149425287356,1
194,"Panchayat Union Primary School, North Building Middle Wing, Rettanai-604306",573,308,0,16,79,2,0,0,0,0,0,0,0,117,0,0,1,0,0,1,0,0,524,0,3,527,0,194,194,Rettanai-604306,"Panchayat Union Primary School, North Building Middle Wing, Rettanai-604306","[1].Rettanai (R.V) & (P), Fisherman Street, [2].Rettanai (R.V) & (P), Vaniar Street,  [3].Rettanai (R.V) & (P), Othavadai Sarukkal Street,  [4].Rettanai
(R.V) & (P), Kuttai Street,  [5].Rettanai (R.V) & (P), Vellala Street",All Voters,All India Anna Dravida Munnetra Kazhagam,308,117,191,Tamilaga Vettri Kazhagam,1,6,4,3,5,6,6,6,6,6,6,6,2,36.45038167938932,2
195,"Government Higher Secondary School, North Building East Wing, Rettanai-604306",906,404,1,18,154,0,0,0,0,0,0,1,0,228,0,1,5,6,2,0,1,1,822,0,0,822,0,195,195,Rettanai-604306,"Government Higher Secondary School, North Building East Wing, Rettanai-604306","[1].Rettanai (R.V) & (P), Sathira Street,  [2].Rettanai (R.V) & (P), Agrahara Street,  [3].Rettanai (R.V) & (P),
Yathavar Street,  [4].Rettanai (R.V) & (P), Perumal Koil Street,  [5].Rettanai (R.V) & (P), Mettu Street",All Voters,All India Anna Dravida Munnetra Kazhagam,404,228,176,Tamilaga Vettri Kazhagam,1,5,4,3,7,7,7,7,7,7,5,7,2,21.41119221411192,16
196,"Government Higher Secondary School, North Building West Wing, Rettanai-604306",700,138,2,11,216,4,0,0,0,0,0,0,1,232,0,1,7,1,2,6,6,0,627,0,4,631,0,196,196,Rettanai-604306,"Government Higher Secondary School, North Building West Wing, Rettanai-604306","[1].Rettanai (R.V) & (P), Old Colony Mariyamman Koil Street,  [2].Rettanai (R.V) & (P), New Colony, [3].Rettanai (R.V) & (P), Matha Koil Street",All Voters,Tamilaga Vettri Kazhagam,232,216,16,Desiya Murpokku Dravida Kazhagam,3,6,4,2,5,8,8,8,8,8,8,7,1,2.551834130781499,23
197,"Government Higher Secondary School, North Building Middle Wing, Rettanai-604306",816,270,2,6,145,0,0,0,1,0,2,0,1,282,0,0,5,1,0,1,1,1,718,0,1,719,0,197,197,Rettanai-604306,"Government Higher Secondary School, North Building Middle Wing, Rettanai-604306","[1].Rettanai (R.V) & (P), Pump House Colony, [2].Rettanai (R.V) & (P), Irular Side,  [3].Rettanai (R.V)
& (P), M.G.R Street,  [4].Rettanai (R.V) & (P),
Kulakkarai Street,  [5].Rettanai (R.V) & (P), East  area, [6].Rettanai (R.V) & (P), Mullapalayam",All Voters,Tamilaga Vettri Kazhagam,282,270,12,All India Anna Dravida Munnetra Kazhagam,2,5,4,3,9,9,9,7,9,5,9,7,1,1.671309192200557,9
198,"Panchayat Union Elementary School, Narerikuppam-604306",659,397,0,19,64,1,0,0,0,0,0,0,2,119,0,0,3,0,0,0,0,0,605,0,0,605,0,198,198,Narerikuppam-604306,"Panchayat Union Elementary School, Narerikuppam-604306","[1].Rettanai (R.V) & (P), Kulathu Street,  [2].Rettanai (R.V) & (P), North Street,  [3].Rettanai (R.V) & (P), School Street,  [4].Rettanai (R.V) & (P), Ration Shop Street,  [5].Rettanai (R.V) & (P), Vinayagar Koil Street,
[6].Rettanai (R.V) & (P), Mariyamman Koil Street",All Voters,All India Anna Dravida Munnetra Kazhagam,397,119,278,Tamilaga Vettri Kazhagam,1,7,4,3,6,7,7,7,7,7,7,5,2,45.95041322314049,3
199,"E-Service Centre, East Building Centre Wing West Facing, Venganthur-604306",914,376,1,16,278,3,0,0,0,0,0,0,0,137,0,0,4,0,0,0,3,1,819,0,0,819,0,199,199,Venganthur-604306,"E-Service Centre, East Building Centre Wing West Facing, Venganthur-604306","[1].Venganthur ((R.V) & (P), Ponniyamman Koil Street,  [2].Venganthur (R.V) & (P), Iyyar Street, [3].Venganthur (R.V) & (P), Varattangulam, [4].Venganthur (R.V) & (P), Rice Mill Street,
[5].Venganthur (R.V) & (P), Main Road",All Voters,All India Anna Dravida Munnetra Kazhagam,376,278,98,Desiya Murpokku Dravida Kazhagam,1,6,4,2,5,7,7,7,7,7,7,7,3,11.96581196581197,8
200,"Government Public Library, South Building North Facing, Venganthur-604306",839,452,3,12,173,1,0,0,0,0,0,2,0,136,0,0,0,2,0,0,2,0,783,0,0,783,0,200,200,Venganthur-604306,"Government Public Library, South Building North Facing,
Venganthur-604306","[1].Venganthur (R.V) & (P), Nammazhvar Street, [2].Venganthur (R.V) & (P), Mettu Street",All Voters,All India Anna Dravida Munnetra Kazhagam,452,173,279,Desiya Murpokku Dravida Kazhagam,1,5,4,2,7,8,8,8,8,8,6,8,3,35.63218390804598,4
201,"Adidravidar Welfare Primary School, North Building South Facing, Venganthur-604306",717,189,1,8,205,2,0,0,0,0,0,0,0,241,1,0,1,2,0,1,1,0,652,0,2,654,0,201,201,Venganthur-604306,"Adidravidar Welfare Primary School, North Building South Facing, Venganthur-604306","[1].Venganthur (R.V) & (P), Colony Mariyamman Koil Street,  [2].Venganthur (R.V) & (P), Colony Murugan Koil Street",All Voters,Tamilaga Vettri Kazhagam,241,205,36,Desiya Murpokku Dravida Kazhagam,3,6,4,2,5,7,7,7,7,7,7,7,1,5.521472392638037,6
202,"Noon Meal Centre, North Building South Wing West Facing, Venganthur-604306",472,264,0,3,67,0,0,0,0,0,0,0,1,90,0,0,1,2,1,0,1,1,431,0,0,431,0,202,202,Venganthur-604306,"Noon Meal Centre, North Building South Wing West Facing, Venganthur-604306","[1].Venganthur (R.V) & (P), Nanal Medu, [2].Venganthur (R.V) & (P), Mettu Street, [3].Venganthur (R.V) & (P), Vettaikaran Puthur, [4].Venganthur (R.V) & (P), Arul Nagar,
[5].Venganthur (R.V) & (P), Gopalapuram Road",All Voters,All India Anna Dravida Munnetra Kazhagam,264,90,174,Tamilaga Vettri Kazhagam,1,6,4,3,6,6,6,6,6,6,6,5,2,40.37122969837587,6
203,"Panchayat Union Middle School, East Building North Wing, Peramandur-604302",1044,372,4,22,230,3,0,0,0,0,0,0,1,248,0,1,4,4,2,1,1,1,894,0,1,895,0,203,203,Peramandur-604302,"Panchayat Union Middle School, East Building North Wing,
Peramandur-604302","[1].Peramandur (R.V) & Peramandur (P), Main Road, [2].Peramandur (R.V) & Peramandur (P), Mettu Street, [3].Peramandur (R.V) & Peramandur (P), Arasamara Street,  [4].Peramandur (R.V) & Peramandur (P), Vannara Street,  [5].Peramandur (R.V) & Peramandur (P), Naidu Street,  [6].Peramandur (R.V) & Peramandur (P), Jain Street,  [7].Peramandur (R.V) & Peramandur (P), Pillayar Koil Street,  [8].Peramandur (R.V) & Peramandur (P), Perumal Koil Street, [9].Peramandur (R.V) & Peramandur (P), Periya Koil Street,  [10].Peramandur (R.V) & Peramandur (P), Perumal Koil Santhu,  [11].Peramandur (R.V) & Peramandur (P), Mudaliar Street,  [12].Peramandur (R.V) & Peramandur (P), Mandhaiveli Street, [13].Peramandur (R.V) & Peramandur (P), Othavadai Street,  [14].Peramandur (R.V) & Peramandur (P),
Erikkarai Street",All Voters,All India Anna Dravida Munnetra Kazhagam,372,248,124,Tamilaga Vettri Kazhagam,1,5,4,3,6,8,8,8,8,8,8,7,2,13.87024608501119,14
204,"Panchayat Union Middle School, Additional Building North Wing, Peramandur-604302",778,184,2,19,202,1,0,0,0,0,0,0,0,233,1,2,0,0,2,1,1,0,648,0,0,648,0,204,204,Peramandur-604302,"Panchayat Union Middle School, Additional Building North Wing, Peramandur-604302","[1].Peramandur (R.V) & Peramandur (P), Mariyamman Koil Street,  [2].Peramandur (R.V) & Peramandur (P), Matha Koil Street,  [3].Peramandur (R.V) & Peramandur (P), Colony Palla Street, [4].Peramandur (R.V) & Peramandur (P), Colony
Periya Street",All Voters,Tamilaga Vettri Kazhagam,233,202,31,Desiya Murpokku Dravida Kazhagam,3,5,4,2,6,7,7,7,7,7,7,7,1,4.78395061728395,7
205,"Panchayat Union Middle School, Additional Building South Wing, Peramandur-604302",1057,311,6,35,208,1,2,0,0,0,1,0,2,352,1,2,3,4,0,1,0,0,929,0,1,930,0,205,205,Peramandur-604302,"Panchayat Union Middle School, Additional Building South Wing, Peramandur-604302","[1].Peramandur (R.V) & Peramandur (P), Arichandiran Koil Street,  [2].Peramandur (R.V) & Peramandur (P), Colony Othavadai Street, [3].Peramandur (R.V) & Peramandur (P), Selliyamman Koil Street,  [4].Peramandur (R.V) & Peramandur (P),
Gopalapuram,  [5].Peramandur (R.V) & Peramandur (P), New Quarters",All Voters,Tamilaga Vettri Kazhagam,352,311,41,All India Anna Dravida Munnetra Kazhagam,2,5,4,3,8,6,10,10,10,8,10,6,1,4.413347685683531,11
206,"Panchayat Union Elementary School, Perapanthangal-604302",783,325,1,18,130,1,0,1,0,0,0,0,0,177,3,0,1,2,1,2,5,1,668,0,1,669,0,206,206,Perapanthangal-604302,"Panchayat Union Elementary School, Perapanthangal-604302","[1].Peramandur (R.V) &(P), Mariyamman Koil Street, [2].Peramandur (R.V) & Peramandur (P), Erimettu Street,  [3].Peramandur (R.V) & Peramandur (P), Middle Street,  [4].Peramandur (R.V) & Peramandur (P), Kattrampakkam Palla Street,  [5].Peramandur (R.V) & Peramandur (P), Kattrampakkam Mettu Street, [6].Peramandur (R.V) & Peramandur (P), Senkodi
Nagar",All Voters,All India Anna Dravida Munnetra Kazhagam,325,177,148,Tamilaga Vettri Kazhagam,1,5,4,3,5,8,5,8,8,8,8,8,2,22.15568862275449,15
207,"Thiruvalluvar Middle School, Mupuli-604302",581,269,2,7,113,1,0,0,0,0,0,0,0,150,0,0,0,5,0,1,0,0,548,0,1,549,0,207,207,Mupuli-604302,"Thiruvalluvar Middle School, Mupuli-604302","[1].Muppuli (R.V) & (P), Sathiya Nagar,  [2].Muppuli (R.V) & (P), Mettu Street,  [3].Muppuli (R.V) & (P), Gengaiyamman Koil Street,  [4].Muppuli (R.V) & (P), Road Street,  [5].Muppuli (R.V) & (P), Perumal Koil Street,  [6].Muppuli (R.V) & (P), Mariyamman Koil Street,  [7].Muppuli (R.V) (P), Middle Street,
[8].Muppuli (R.V) & (P), Kulam  Street",All Voters,All India Anna Dravida Munnetra Kazhagam,269,150,119,Tamilaga Vettri Kazhagam,1,5,4,3,6,7,7,7,7,7,7,7,2,21.71532846715328,6
208,"Panchayat Union Elementary School, Additional Building South Wing, Avvaiyarkuppam-604302",843,598,2,9,53,0,0,0,0,0,0,1,1,130,0,0,1,3,0,2,0,0,800,0,1,801,0,208,208,Avvaiyarkuppam-604302,"Panchayat Union Elementary School, Additional Building South Wing, Avvaiyarkuppam-604302","[1].Avvaiyarkuppam (R.V) & (P), Mariamman Kovil Street,  [2].Avvaiyarkuppam (R.V) & (P), Vettrilaikara Street,  [3].Avvaiyarkuppam (R.V) & (P), Pajanai kovil Street,  [4].Avvaiyarkuppam (R.V) & (P), Othavadi
Street,  [5].Avvaiyarkuppam (R.V) & (P), Dhandapani Kovil Street",All Voters,All India Anna Dravida Munnetra Kazhagam,598,130,468,Tamilaga Vettri Kazhagam,1,5,4,3,8,8,8,8,8,8,6,6,2,58.5,6
209,"Panchayat Union Elementary School, Additonal Building North Wing, Avvaiyarkuppam-604302",720,362,1,21,127,1,0,0,0,0,0,0,0,145,0,0,3,5,0,1,1,0,667,0,1,668,0,209,209,Avvaiyarkuppam-604302,"Panchayat Union Elementary School, Additonal Building North Wing, Avvaiyarkuppam-604302","[1].Avvaiyarkuppam (R.V) & (P), Midldlekuppam West Rajagopalapuram Street,  [2].Avvaiyarkuppam (R.V) & (P), Middle West  Rajagoplapuram Street, [3].Avvaiyarkuppam (R.V) & (P), Middlekuppam Gengaiamman Koil Street,  [4].Avvaiyarkuppam (R.V) & (P), Periyanapattu West Pajanai Koil Street, [5].Avvaiyarkuppam (R.V) & (P), Periyananpattu East Pajani Koil Street,  [6].Avvaiyarkuppam (R.V) & (P), Peryenapattu Gengaiamman Koil Street, [7].Avvaiyarkuppam (R.V) & (P), Periyandapattu North Thokuppu House,  [8].Avvaiyarkuppam (R.V) & (P),
South Group House Street",All Voters,All India Anna Dravida Munnetra Kazhagam,362,145,217,Tamilaga Vettri Kazhagam,1,5,4,3,5,7,7,7,7,7,7,7,2,32.53373313343329,10
210,"Government Higher Secondary School, East Building West Facing South Wing, Avaiyarkuppam-604302",423,254,0,8,52,0,0,0,0,0,0,0,0,88,0,0,0,0,0,0,0,0,402,0,1,403,0,210,210,Avaiyarkuppam-604302,"Government Higher Secondary School, East Building West Facing South Wing, Avaiyarkuppam-604302","[1].Avaiyarkuppam (R.V) & (P), West Kulakkari Street,  [2].Avaiyarkuppam (R.V) & (P), East Kulakkari
Street,  [3].Avaiyarkuppam (R.V) & (P), Perumal Koil Street",All Voters,All India Anna Dravida Munnetra Kazhagam,254,88,166,Tamilaga Vettri Kazhagam,1,5,4,3,5,5,5,5,5,5,5,5,2,41.29353233830846,0
211,"Panchayat Union Primary School, North Wing East Facing, Mandagapattu-604302",462,224,1,16,122,1,0,1,0,1,0,0,1,65,0,0,1,0,0,0,1,1,435,0,0,435,0,211,211,Mandagapattu-604302,"Panchayat Union Primary School, North Wing East Facing, Mandagapattu-604302","[1].Avaiyarkuppam (R.V) & (P), Mandagapattu North Rettanai Road,  [2].Avaiyarkuppam (R.V) & (P), South Rettanai Road Street,  [3].Avaiyarkuppam (R.V) & (P), South Bajanai kovil Street,  [4].Avaiyarkuppam (R.V) & (P), Mariyamman Kovil Street,  [5].Avaiyarkuppam
(R.V) & (P), Kanniyamman Koil Street",All Voters,All India Anna Dravida Munnetra Kazhagam,224,122,102,Desiya Murpokku Dravida Kazhagam,1,5,4,2,5,10,5,10,5,10,10,5,3,23.44827586206896,3
212,"Panchayat Union Elementary School, T.Kenipattu-604302",555,255,0,12,73,0,0,0,0,0,1,0,0,151,0,0,0,1,0,1,1,0,495,0,1,496,0,212,212,T.Kenipattu-604302,"Panchayat Union Elementary School, T.Kenipattu-604302","[1].T. Kenipattu (R.V) & (P), Pillaiyar Koil Street, [2].T. Kenipattu (R.V) & (P), Cross Street,  [3].T. Kenipattu (R.V) & (P), South Street,  [4].T. Kenipattu (R.V) & (P), West Street,  [5].T. Kenipattu (R.V) & (P), Mariyamman Koil Street,  [6].T. Kenipattu (R.V) & (P),
Kaliyamman Koil Street,  [7].T. Kenipattu (R.V) & (P), New Colony",All Voters,All India Anna Dravida Munnetra Kazhagam,255,151,104,Tamilaga Vettri Kazhagam,1,6,4,3,6,6,6,6,6,5,6,6,2,21.01010101010101,3
213,"Adi Dravidar Welfare Primary School, Panthamangalam-604302",606,170,2,9,161,2,0,0,0,0,0,1,0,179,0,0,0,0,0,0,1,0,525,0,2,527,0,213,213,Panthamangalam-604302,"Adi Dravidar Welfare Primary School, Panthamangalam-604302","[1].T. Kenipattu (R.V) & (P), Tank Street, [2].Panthamangalam (R.V) & T.kenipattu(P), Amman Street,  [3].Panthamangalam (R.V) & T.Kenipattu (P), Anjaneyar Koil Street,  [4].Panthamangalam (R.V) & T.Kenipattu (P), Muthumariyamman Koil Street, [5].Panthamangalam (R.V) & T.Kenipattu (P), Colony
Gandhi Street",All Voters,Tamilaga Vettri Kazhagam,179,170,9,All India Anna Dravida Munnetra Kazhagam,2,5,4,3,5,8,8,8,8,8,7,8,1,1.714285714285714,1
214,"Panchayat Union Primary School, East Wing, Kooteripattu-604302",1065,487,2,19,221,1,1,0,4,0,1,1,1,249,1,1,7,3,1,0,3,0,1003,0,1,1004,0,214,214,Kooteripattu-604302,"Panchayat Union Primary School, East Wing, Kooteripattu-604302","[1].Kodima (R.V) & (P), Murugan Koil Street, [2].Kodima (R.V) & (P), Muthu Mariyamman Koil, [3].Kodima (R.V) & (P), West Mariyamman Koil Street, [4].Kodima (R.V) & (P), Kulathankarai Veethi,
[5].Kodima (R.V) & (P), Muthumariyamman Koil Street, [6].Kodima (R.V) & (P), Pillaiyar Koil Street",All Voters,All India Anna Dravida Munnetra Kazhagam,487,249,238,Tamilaga Vettri Kazhagam,1,6,4,3,7,7,12,5,12,7,7,7,2,23.72881355932203,16
215,"Panchayat Union Primary School, West Building South Side, Kootteripattu-604302",651,145,2,14,177,1,1,0,0,0,0,0,0,226,0,0,0,0,0,0,2,0,568,0,0,568,0,215,215,Kootteripattu-604302,"Panchayat Union Primary School, West Building South Side, Kootteripattu-604302","[1].Kooteripattu (R.V) & (P), Rettanai Salai, [2].Kooteripattu (R.V) & (P), Chinna Valavanur Kalikoil Street,  [3].Kooteripattu (R.V) & (P), Chinna Valavanur Vinayagar Koil Street,  [4].Kooteripattu (R.V) & (P),
Muslim Street",All Voters,Tamilaga Vettri Kazhagam,226,177,49,Desiya Murpokku Dravida Kazhagam,3,5,4,2,6,6,8,8,8,8,8,8,1,8.626760563380282,2
216,"Panchayat Union Primary School, Meeting Hall, Kootteripattu-604302",647,192,1,12,191,2,2,0,0,0,0,0,0,177,0,1,0,0,1,0,2,1,582,0,2,584,0,216,216,Kootteripattu-604302,"Panchayat Union Primary School, Meeting Hall, Kootteripattu-604302","[1].Kooteripattu (R.V) & (P), Savadi Street, [2].Kooteripattu (R.V) & (P), Muthumariyamman Koil Street,  [3].Kooteripattu (R.V) & (P), Ellai Mariyamman Koil Street,  [4].Kooteripattu (R.V) & (P), Colony Mariyamman Koil Street,  [5].Kooteripattu (R.V) & (P),
Sarkar Kinaru Street",All Voters,All India Anna Dravida Munnetra Kazhagam,192,191,1,Desiya Murpokku Dravida Kazhagam,1,7,4,2,5,5,8,8,8,8,8,8,3,0.1718213058419244,5
217,"Ganthi Kamala Nehru Govt High School, Middle Wing, Kootteripattu-604302",626,149,0,26,170,0,0,2,0,0,1,0,0,198,0,1,0,0,0,0,1,0,548,0,1,549,0,217,217,Kootteripattu-604302,"Ganthi Kamala Nehru Govt High School, Middle Wing, Kootteripattu-604302","[1].Kooteripattu (R.V) & (P), National Highway. Viluppuram,  [2].Kooteripattu (R.V) & (P), Kooteripattu Santhai Veethi",All Voters,Tamilaga Vettri Kazhagam,198,170,28,Desiya Murpokku Dravida Kazhagam,3,7,4,2,7,7,5,7,7,6,7,7,1,5.109489051094891,2
218,"Ganthi Kamala Nehru Govt High School, East Wing, Kootteripattu-604302",1001,288,1,27,209,1,0,0,0,0,0,0,2,294,1,0,1,1,0,2,1,0,828,0,1,829,0,218,218,Kootteripattu-604302,"Ganthi Kamala Nehru Govt High
School, East Wing, Kootteripattu-604302","[1].Kooteripattu (R.V) & (P), Kooteripattu Mailam
Salai,  [2].Kooteripattu (R.V) & (P), Convent Street, [3].Kooteripattu (R.V) & (p)P, Reddiar Street",All Voters,Tamilaga Vettri Kazhagam,294,288,6,All India Anna Dravida Munnetra Kazhagam,2,6,4,3,6,8,8,8,8,8,8,5,1,0.7246376811594203,6
219,"Panchayat Union Primary School, Main Building North Wing, Alagramam-604302",598,321,2,10,115,0,0,0,1,0,0,0,1,98,0,0,2,1,0,1,0,0,552,0,0,552,0,219,219,Alagramam-604302,"Panchayat Union Primary School, Main Building North Wing, Alagramam-604302","[1].Alagramam (R.V) & (P), Mettu Street, [2].Alagramam (R.V) & (P), Throwpathiamman Street, [3].Alagramam (R.V) & (P), Kammalar Street, [4].Alagramam (R.V) & (P), Alakarai Street,
[5].Alagramam (R.V) & (P), Mariyamman Koil Street",All Voters,All India Anna Dravida Munnetra Kazhagam,321,115,206,Desiya Murpokku Dravida Kazhagam,1,5,4,2,8,8,8,6,8,8,8,6,3,37.31884057971014,4
220,"Panchayat Union Primary School, Main Building South Wing First Room, Alagramam-604302",730,444,0,13,81,1,0,0,0,0,0,0,1,140,0,2,4,1,0,0,0,2,689,0,1,690,0,220,220,Alagramam-604302,"Panchayat Union Primary School, Main Building South Wing First Room,
Alagramam-604302","[1].Alagramam (R.V) &  (P), Rettanaiyar Street, [2].Alagramam (R.V) & (P), Nedun Theru,
[3].Alagramam (R.V) & (P), Kolakara Street",All Voters,All India Anna Dravida Munnetra Kazhagam,444,140,304,Tamilaga Vettri Kazhagam,1,7,4,3,5,7,7,7,7,7,7,5,2,44.12191582002903,9
221,"Panchayat Union Primary School, Main Building South Wing 2nd Room, Alagramam-604302",1106,573,5,17,188,0,0,0,7,0,0,0,1,215,1,1,6,2,0,2,1,1,1020,0,2,1022,0,221,221,Alagramam-604302,"Panchayat Union Primary School, Main Building South Wing 2nd Room, Alagramam-604302","[1].Alagramam (R.V) & (P), Karuneegar Street, [2].Alagramam (R.V) & (P), Kaikolar Street, [3].Alagramam (R.V) & (P), Othaivadai Street, [4].Alagramam (R.V) & (P), Sekkadi Street, [5].Alagramam (R.V) & (P), Jainar & Reddi Street, [6].Alagramam (R.V) & (P), Perumal Koil Street, [7].Alagramam (R.V) & (P), Kil Agarharam Street, [8].Alagramam (R.V) & (P), Middle Agaraharam,
[9].Alagramam (R.V) & (P), Mel Agaraharam Street",All Voters,All India Anna Dravida Munnetra Kazhagam,573,215,358,Tamilaga Vettri Kazhagam,1,6,4,3,8,8,8,5,8,8,8,7,2,35.09803921568627,14
222,"Government Higher Secondary School, East Building West Wing Room No 8, Alagramam-604302",648,176,4,14,179,0,0,0,1,0,1,0,2,201,1,0,1,1,1,0,3,0,585,0,2,587,0,222,222,Alagramam-604302,"Government Higher Secondary
School, East Building West Wing Room No 8, Alagramam-604302","[1].Alagramam (R.V) & (P), Pillaiyar Koil Street,
[2].Alagramam (R.V) & (P), Kanniamman Koil Street, [3].Alagramam (R.V) & (P), Om Sakthi Koil Street",All Voters,Tamilaga Vettri Kazhagam,201,179,22,Desiya Murpokku Dravida Kazhagam,3,5,4,2,9,9,9,7,9,7,9,6,1,3.760683760683761,7
223,"Government Higher Secondary School, East Building Middle Wing Room No 6, Alagramam-604302",1009,238,0,17,321,1,1,0,0,0,0,0,1,321,1,2,5,3,0,2,3,0,916,0,1,917,0,223,223,Alagramam-604302,"Government Higher Secondary School, East Building Middle Wing Room No 6, Alagramam-604302","[1].Alagramam (R.V) & (P), Matha Koil Street, [2].Alagramam (R.V) & (P), Muthalamman Koil Street, [3].Alagramam (R.V) & (P), Mariyamman Koil Street,
[4].Alagramam (R.V) & (P), Indira Nagar",All Voters,Desiya Murpokku Dravida Kazhagam,321,321,0,Desiya Murpokku Dravida Kazhagam,3,8,4,1,5,5,8,8,8,8,8,5,1,0.0,16
224,"Government High School, Middle Wing Room no 4, Nedimozhiyanur-604306",672,335,0,9,204,0,0,0,0,1,0,0,1,93,0,0,1,1,0,1,1,0,647,0,0,647,0,224,224,Nedimozhiyanur-604306,"Government High School, Middle Wing Room no 4, Nedimozhiyanur-604306","[1].Nedimoziyanur (R.V) & (P), North Street, [2].Nedimoziyanur (R.V) & (P), Vinayagar Koil Street, [3].Nedimoziyanur (R.V) & (P), Padasalai Street, [4].Nedimoziyanur (R.V) & (P), Kaman Koil Street, [5].Nedimoziyanur (R.V) & (P), Eswaran Koil Street, [6].Nedimoziyanur (R.V) & (P), Perumal Koil Street, [7].Nedimoziyanur (R.V) & (P), Bajanai Koil Street,
[8].Nedimoziyanur (R.V) & (P), Middle Street",All Voters,All India Anna Dravida Munnetra Kazhagam,335,204,131,Desiya Murpokku Dravida Kazhagam,1,7,4,2,7,7,7,7,5,7,7,5,3,20.24729520865533,4
225,"Government High School, East Wing, Nedimozhiyanur-604306",771,287,2,10,233,1,0,0,0,0,0,0,1,177,0,0,1,1,0,3,0,0,716,0,0,716,0,225,225,Nedimozhiyanur-604306,"Government High School, East Wing, Nedimozhiyanur-604306","[1].Nedimoziyanur (R.V) & (P), Ayyanar Koil Street, [2].Nedimoziyanur (R.V) & (P), Therodum Street, [3].Nedimoziyanur (R.V) & (P), Naduthittu, [4].Nedimoziyanur (R.V) & (P), Thandumariyamman Koil Street,  [5].Nedimoziyanur (R.V) & (P), Vaikkal Street,  [6].Nedimoziyanur (R.V) & (P), Gengaiamman Koil Street,  [7].Nedimoziyanur (R.V) & (P), Pillaiyar Koil Street,  [8].Nedimoziyanur (R.V) & (P),
Mariyamman Koil Street",All Voters,All India Anna Dravida Munnetra Kazhagam,287,233,54,Desiya Murpokku Dravida Kazhagam,1,5,4,2,6,8,8,8,8,8,8,6,3,7.541899441340782,5
226,"Panchayat Union Primary School, West Building East Wing, Nedimozhiyanur-604306",757,347,0,14,137,3,0,0,0,0,0,0,2,171,0,0,4,5,1,2,2,0,688,0,2,690,0,226,226,Nedimozhiyanur-604306,"Panchayat Union Primary School, West Building East Wing, Nedimozhiyanur-604306","[1].Nedimoziyanur (R.V) & (P), Indhira Nagar, [2].Nedimoziyanur (R.V) & (P), Anna Street, [3].Nedimoziyanur (R.V) & (P), School Street, [4].Nedimoziyanur (R.V) & (P), Watertank Street, [5].Nedimoziyanur (R.V) & (P), Kaliamman Koil Street, [6].Nedimoziyanur (R.V) & (P), Mudaliar Street, [7].Nedimoziyanur (R.V) & (P), Eswaran Koil Street, [8].Nedimoziyanur (R.V) & (P), Jainar Street, [9].Nedimoziyanur (R.V) & (P), Perumal Koil Street, [10].Nedimoziyanur (R.V) & (P), Mettu Street, [11].Nedimoziyanur (R.V) & (P), Chavadi Street,
[12].Nedimoziyanur (R.V) & (P), Mariyamman Koil Street",All Voters,All India Anna Dravida Munnetra Kazhagam,347,171,176,Tamilaga Vettri Kazhagam,1,7,4,3,5,7,7,7,7,7,7,6,2,25.58139534883721,14
227,"Panchayat Union Primary School, West Building West Wing, Nedimozhiyanur-604306",621,326,1,5,117,7,0,0,0,0,1,0,0,116,0,1,1,1,0,1,0,0,577,0,0,577,0,227,227,Nedimozhiyanur-604306,"Panchayat Union Primary School, West Building West Wing, Nedimozhiyanur-604306","[1].Nedimoziyanur (R.V) & (P), Thorawpathiamman Koil Street,  [2].Nedimoziyanur (R.V) & (P), Chettiar Street,  [3].Nedimoziyanur (R.V) & (P), Pillaiyar Koil Street,  [4].Nedimoziyanur (R.V) & (P), Bharathiyar Street,  [5].Nedimoziyanur (R.V) & (P), Poonthotta Street,  [6].Nedimoziyanur (R.V) & (P), Kutti Gounder Street,  [7].Nedimoziyanur (R.V) & (P), Lake Street,
[8].Nedimoziyanur (R.V) & (P), Murugan Koil Street",All Voters,All India Anna Dravida Munnetra Kazhagam,326,117,209,Desiya Murpokku Dravida Kazhagam,1,6,5,2,4,8,8,8,8,6,8,8,3,36.22183708838821,4
228,"Panchayat Union Primary School, East Building West Wing, Nedimozhiyanur-604306",1180,215,4,61,319,4,0,0,0,0,2,1,4,430,0,0,3,1,0,45,3,0,1092,0,1,1093,0,228,228,Nedimozhiyanur-604306,"Panchayat Union Primary School, East Building West Wing, Nedimozhiyanur-604306","[1].Nedimoziyanur (R.V) & (P), Ambedhkar Street, [2].Nedimoziyanur (R.V) & (P), Anna Street, [3].Nedimoziyanur (R.V) & (P), Pillaiyar Koil Street, [4].Nedimoziyanur (R.V) & (P), Kalaingar Street, [5].Nedimoziyanur (R.V) & (P), Periyandavar Street, [6].Nedimoziyanur (R.V) & (P), Ramabai Street, [7].Nedimoziyanur (R.V) & (P), Jayalalitha Street, [8].Nedimoziyanur (R.V) & (P), M.G.R Street, [9].Nedimoziyanur (R.V) & (P), Kakkan Street, [10].Nedimoziyanur (R.V) & (P), Pothiamman Koil Street,  [11].Nedimoziyanur (R.V) & (P), Othaivadai Street,  [12].Nedimozhiyanur (R.V) & (P), Neelathotti Mariamman Koil Street,  [13].Nedimoziyanur (R.V) & (P), Neelathotti Vinayagar Koil Street, [14].Nedimoziyanur (R.V) & (P), Neelathotti Gengaiamman Koil Street,  [15].Nedimoziyanur (R.V)
& (P), Giramani Street",All Voters,Tamilaga Vettri Kazhagam,430,319,111,Desiya Murpokku Dravida Kazhagam,3,5,4,2,5,10,10,10,10,8,9,5,1,10.16483516483516,52
229,"Panchayat Union Primary School, North Facing Building, Sendiyampakkam-604302",860,189,1,23,259,0,0,0,0,0,0,0,4,296,0,0,1,0,0,1,4,0,778,0,0,778,0,229,229,Sendiyampakkam-604302,"Panchayat Union Primary School, North Facing Building, Sendiyampakkam-604302","[1].Sendiyampakkam (R.V) & (P), Mettu Street, [2].Sendiyampakkam (R.V) & (P), Nainar Koil Street, [3].Sendiyampakkam (R.V) & (P), Mariamman Koil Street,  [4].Sendiyampakkam (R.V) & (P), School Street,  [5].Sendiyampakkam (R.V) & (P), Bajanai Koil Street,  [6].Sendiyampakkam (R.V) & (P), S.N.R Street,  [7].Sendiyampakkam (R.V) & (P), Subramaniyar Street,  [8].Sendiyampakkam (R.V) & (P), Palvadi Street,  [9].Sendiyampakkam (R.V) & (P), Mini Tank Street,  [10].Sendiyampakkam (R.V) & (P), Kulakkarai Street,  [11].Sendiyampakkam (R.V) & (P), Ambedkar Street,  [12].Sendiyampakkam (R.V) & (P), Tank Street,  [13].Sendiyampakkam (R.V) & (P), North Street,  [14].Sendiyampakkam (R.V) & (P), Middle Street,  [15].Sendiyampakkam (R.V) & (P), South Street,  [16].Sendiyampakkam (R.V) & (P), Valluvar Street,  [17].Sendiyampakkam (R.V) & (P), Old Colony
Street",All Voters,Tamilaga Vettri Kazhagam,296,259,37,Desiya Murpokku Dravida Kazhagam,3,6,4,2,7,7,7,7,7,7,7,5,1,4.755784061696658,6
230,"Government Higher Secondary School, South Building East Wing North Facing, Periyathachur-605651",792,341,5,15,146,1,0,0,0,0,0,1,0,181,0,0,2,0,0,0,1,0,693,0,2,695,0,230,230,Periyathachur-605651,"Government Higher Secondary School, South Building East Wing North Facing, Periyathachur-605651","[1].Periyathachur (R.V) &  (P), Barathiyar Street, [2].Periyathachur (R.V) & (P), Kalathumedu, [3].Periyathachur (R.V) & (P), Barathidasan Street, [4].Periyathachur (R.V) & (P), Owaiyar Street, [5].Periyathachur (R.V) & (P), Adhiyaman Street, [6].Periyathachur (R.V) & (P), Kabilar Street, [7].Periyathachur (R.V) & (P), Kambar Street, [8].Periyathachur (R.V) & (P), Nakkeeran Street,
[9].Periyathachur (R.V) & (P), Arunagiri Street, [10].Periyathachur (R.V) & (P), Sivan Koil Street",All Voters,All India Anna Dravida Munnetra Kazhagam,341,181,160,Tamilaga Vettri Kazhagam,1,5,4,3,6,8,8,8,8,8,6,8,2,23.08802308802309,3
231,"Government Higher Secondary School, South Building West Wing North Facing, Periyathachur-605651",789,374,1,16,138,3,1,0,1,0,0,1,0,168,0,0,2,3,0,0,3,0,711,0,2,713,0,231,231,Periyathachur-605651,"Government Higher Secondary School, South Building West Wing North Facing, Periyathachur-605651","[1].Periyathachur (R.V) & (P), Ilangovadi Street, [2].Periyathachur (R.V) & (P), Kumanan Street, [3].Periyathachur (R.V) & (P), V.O.C Street, [4].Periyathachur (R.V) & (P), Thiruvalluvar Street, [5].Periyathachur (R.V) & (P), Kalamegam Street, [6].Periyathachur (R.V) & (P), Kosalai Street, [7].Periyathachur (R.V) & (P), Pallavan Street, [8].Periyathachur (R.V) & (P), Indira First Street,
[9].Periyathachur (R.V) & (P), Indira Second Street",All Voters,All India Anna Dravida Munnetra Kazhagam,374,168,206,Tamilaga Vettri Kazhagam,1,6,4,3,5,6,10,6,10,10,6,10,2,28.9732770745429,8
232,"Panchayat Union Primary School, North Additional New Building, Periyathachur-605651",640,266,1,9,159,3,0,0,0,0,0,0,1,132,0,1,1,1,1,0,0,0,575,0,1,576,0,232,232,Periyathachur-605651,"Panchayat Union Primary School, North Additional New Building, Periyathachur-605651","[1].Periyathachur (R.V) & (P), Kalaivanar Street, [2].Periyathachur (R.V) & (P), Murugan Koil Street,
[3].Periyathachur (R.V) & (P), Reddi Kollai Street, [4].Periyathachur (R.V) & (P), Kattabomman Street",All Voters,All India Anna Dravida Munnetra Kazhagam,266,159,107,Desiya Murpokku Dravida Kazhagam,1,6,4,2,5,8,8,8,8,8,8,6,3,18.60869565217391,4
233,"Integrated Child Development Scheme Center, West Facing Building, Periyathachur-605651",1051,171,4,15,242,2,0,1,0,0,0,0,1,502,0,0,6,2,3,0,0,1,950,0,1,951,0,233,233,Periyathachur-605651,"Integrated Child Development Scheme Center, West Facing Building, Periyathachur-605651","[1].Periyathachur (R.V) & (P), Ambedhkar Street, [2].Periyathachur (R.V) & (P), Middle Street, [3].Periyathachur (R.V) & (P), Erayanar Street, [4].Periyathachur (R.V) & (P), Mariyamman Koil Street,
[5].Periyathachur (R.V) & (P), New Colony",All Voters,Tamilaga Vettri Kazhagam,502,242,260,Desiya Murpokku Dravida Kazhagam,3,5,4,2,6,9,7,9,9,9,9,7,1,27.36842105263158,12
234,"Panchayat Union Primary School, Periyathachur, Vinayagapuram-605651",320,154,0,3,63,1,0,0,0,0,0,0,0,80,0,0,0,3,0,2,1,0,307,0,0,307,0,234,234,"Periyathachur, Vinayagapuram-605651","Panchayat Union Primary School, Periyathachur,
Vinayagapuram-605651","[1].Periyathachur (R.V) & (P), Vinayagapuram Mariyamman Koil Street,  [2].Periyathachur (R.V) & (P), Mettu Street(Vinayagapuram),  [3].Periyathachur (R.V) & (P), Nadu Street(Vinayagapuram), [4].Periyathachur (R.V) & (P), Ayanar Koil Street(
Vinayagapuram)",All Voters,All India Anna Dravida Munnetra Kazhagam,154,80,74,Tamilaga Vettri Kazhagam,1,6,4,3,5,6,6,6,6,6,6,6,2,24.1042345276873,6
235,"Panchayat Union Primary School, East Facing, P.Agaram-605651",460,201,1,6,106,2,1,0,0,0,1,0,2,116,0,0,0,0,0,0,2,1,439,0,0,439,0,235,235,P.Agaram-605651,"Panchayat Union Primary School, East Facing, P.Agaram-605651","[1].Periyathachur (R.V) & (P), Agaram Cross Street, [2].Periyathachur (R.V) & (P), Agaram New Mariyamman Koil Street,  [3].Periyathachur (R.V) & (P), Agaram Pillaiyar Koil Street,  [4].Periyathachur (R.V) & (P), Agaram Old Mariyamman Koil Street, [5].Periyathachur (R.V) & (P), Salamadam
Mariyamman Koil Street",All Voters,All India Anna Dravida Munnetra Kazhagam,201,116,85,Tamilaga Vettri Kazhagam,1,7,4,3,5,7,10,10,10,7,10,5,2,19.3621867881549,3
236,"Government Higher Secondary School, South Building North Facing East Wing, Perani-605651",593,225,1,18,133,0,0,0,0,0,0,0,2,103,0,0,1,1,0,0,3,1,488,0,1,489,0,236,236,Perani-605651,"Government Higher Secondary School, South Building North Facing East Wing, Perani-605651","[1].Perani (R.V) & (P), School Street,  [2].Perani (R.V)
& (P), Nainar Street,  [3].Perani (R.V) & (P), Mettu Street,  [4].Perani (R.V) & (P), Kulathupattai Street,
[5].Perani (R.V) & (P), Murukkankadu Street",All Voters,All India Anna Dravida Munnetra Kazhagam,225,133,92,Desiya Murpokku Dravida Kazhagam,1,6,4,2,7,7,7,7,7,7,7,5,3,18.85245901639344,6
237,"Government Higher Secondary School, East Building West Facing North Wing, Perani-605651",628,215,0,7,197,0,0,0,0,0,0,0,3,96,0,0,0,2,0,1,2,0,523,0,0,523,0,237,237,Perani-605651,"Government Higher Secondary School, East Building West Facing North Wing, Perani-605651","[1].Perani (R.V) & (P), Gingee Road Street, [2].Perani (R.V) & (P), Perumal Koil Street,  [3].Perani (R.V) & (P), Gopalakrishnar Koil Street,  [4].Perani (R.V) & (P), Palla Street,  [5].Perani (R.V) & (P),
Kaliyamman Koil Street",All Voters,All India Anna Dravida Munnetra Kazhagam,215,197,18,Desiya Murpokku Dravida Kazhagam,1,6,4,2,6,6,6,6,6,6,6,5,3,3.441682600382409,5
238,"Government Higher Secondary School, South Building North Facing West Wing, Perani-
605651",1096,261,2,15,303,1,0,0,1,0,1,0,3,383,1,1,3,3,0,1,0,0,979,0,0,979,0,238,238,Perani-605651,"Government Higher Secondary School, South Building North Facing West Wing, Perani-605651","[1].Perani (R.V) & (P), New Colony Street,  [2].Perani (R.V) & (P), Old Colony Street,  [3].Perani (R.V) & (P),
School Street,  [4].Perani (R.V) & (P), Ayyanarpuram Street",All Voters,Tamilaga Vettri Kazhagam,383,303,80,Desiya Murpokku Dravida Kazhagam,3,6,4,2,7,10,10,7,10,7,10,5,1,8.171603677221654,9
239,"Panchayat Union Middle School, North Side Building, Chithani-605652",976,503,1,10,123,1,0,0,2,0,0,0,3,273,0,0,1,9,0,1,2,1,930,0,0,930,0,239,239,Chithani-605652,"Panchayat Union Middle School, North Side Building, Chithani-605652","[1].Chithani  (R.V) & (P), Mariyamman Koil Street, [2].Chithani  (R.V) & (P), Mettu Street,  [3].Chithani (R.V) & (P), Erikarai North Street,  [4].Chithani  (R.V) & (P), Erikarai South Street,  [5].Chithani  (R.V) & (P), Throwpathiyamman Koil Street,  [6].Chithani  (R.V) &
(P), Post Office Street",All Voters,All India Anna Dravida Munnetra Kazhagam,503,273,230,Tamilaga Vettri Kazhagam,1,7,4,3,7,9,9,6,9,9,9,5,2,24.73118279569892,14
240,"Panchayat Union Middle School, East Building, Chithani-605652",826,247,0,20,234,6,0,0,1,0,0,0,1,246,0,0,1,4,0,1,1,0,762,0,1,763,0,240,240,Chithani-605652,"Panchayat Union Middle School, East Building, Chithani-605652","[1].Chithani  (R.V) & (P), Pillaiyar Koil Street, [2].Chithani (R.V) & (P), Pothiyamman Koil Street, [3].Chithani  (R.V) & (P), Vinayagar Koil Street, [4].Chithani  (R.V) & (P), Pothiyamman Koil Nedunth Street,  [5].Chithani  (R.V) & (P), Old Colony 1st Street,  [6].Chithani  (R.V) & (P), Old Colony 2nd Street,  [7].Chithani  (R.V) & (P), Group House 1st Street,  [8].Chithani  (R.V) & (P), Group House 2nd Street,  [9].Chithani  (R.V) & (P), Group House 3rd Street,  [10].Chithani  (R.V) & (P), Group House 4th
Street",All Voters,All India Anna Dravida Munnetra Kazhagam,247,246,1,Tamilaga Vettri Kazhagam,1,8,4,3,5,8,8,6,8,8,8,6,2,0.1312335958005249,7
241,"Panchayat Union Primary School, Ezhaay-605652",517,180,2,22,94,1,0,0,1,0,0,0,2,174,0,0,0,1,0,0,0,0,477,0,0,477,0,241,241,Ezhaay-605652,"Panchayat Union Primary School, Ezhaay-605652","[1].Ezhaay (R.V) & Chithani (P), Mariyamman Koil Street,  [2].Ezhaay (R.V) & Chithani (P), Mahatma Gandhiji Street,  [3].Ezhaay (R.V) & Chithani (P), Valluvar Street,  [4].Ezhaay (R.V) & Chithani (P), Vikravandi Main Road,  [5].Ezhaay (R.V) & Chithani (P), New Colony,  [6].Ezhaay (R.V) & Chithani (P), J.J
Nagar",All Voters,All India Anna Dravida Munnetra Kazhagam,180,174,6,Tamilaga Vettri Kazhagam,1,5,4,3,7,9,9,7,9,9,9,5,2,1.257861635220126,1
242,"Panchayat Union Primary School, Palapattu-604302",518,127,1,12,103,0,0,0,1,0,0,0,2,211,1,1,0,1,0,1,1,0,462,0,0,462,0,242,242,Palapattu-604302,"Panchayat Union Primary School, Palapattu-604302","[1].Palapattu (R.V) & (P), Thandumariyamman Koil Street,  [2].Palapattu (R.V) & (P), Thandumariyamman Koil Cross Street,  [3].Palapattu (R.V) & (P), Colony Sellum Salai Street,  [4].Palapattu (R.V) & (P), Noon Meal Centre Street,  [5].Palapattu (R.V) & (P), Rest House Street,  [6].Palapattu (R.V) & (P), Mariyamman Koil Street,  [7].Palapattu (R.V) & (P), Pillaiyar Koil
Street,  [8].Palapattu (R.V) & (P), Bagavathar Street, [9].Palapattu (R.V) & (P), Tanker Street",All Voters,Tamilaga Vettri Kazhagam,211,127,84,All India Anna Dravida Munnetra Kazhagam,2,6,4,3,8,8,8,6,8,8,8,5,1,18.18181818181818,5
243,"Government High School, West Wing, Chendur-604302",948,215,6,22,260,1,1,1,0,0,0,1,3,353,3,3,1,5,0,2,4,2,883,0,0,883,0,243,243,Chendur-604302,"Government High School, West Wing, Chendur-604302","[1].Chendur (R.V) & (P), Mettu Street,  [2].Chendur (R.V) & (P), Palla Street,  [3].Chendur (R.V) & (P), Old colony Mariyamman Koil Street,  [4].Chendur (R.V) & (P), Old Colony,  [5].Chendur (R.V) & (P), New Colony, [6].Chendur (R.V) & (P), New Colony Street, [7].Chendur (R.V) & (P), Ottarpalayam,  [8].Chendur
(R.V) & (P), New Colony Nedi",All Voters,Tamilaga Vettri Kazhagam,353,260,93,Desiya Murpokku Dravida Kazhagam,3,5,4,2,7,7,7,11,11,11,7,6,1,10.53227633069083,20
244,"Government High School, North Wing, Chendur-604302",1190,456,1,16,317,3,0,0,1,0,0,2,0,298,0,1,1,0,0,0,1,0,1097,0,4,1101,0,244,244,Chendur-604302,"Government High School, North Wing, Chendur-604302","[1].Chendur (R.V) & (P), Main Road,  [2].Chendur
(R.V) & (P), Mailam Road,  [3].Chendur (R.V) & (P), Pillaiyar Koil Street,  [4].Chendur (R.V) & (P), Indira Nagar,  [5].Chendur (R.V) & (P), Koilkara Street, [6].Chendur (R.V) & (P), Neikara Street,  [7].Chendur (R.V) & (P), Mariyamman Koil Street,  [8].Chendur
(R.V) & (P), Perumal Koil Street",All Voters,All India Anna Dravida Munnetra Kazhagam,456,317,139,Desiya Murpokku Dravida Kazhagam,1,7,4,2,5,9,9,7,9,9,6,9,3,12.67092069279854,3
245,"Thennarasu Aided Primary School, Vilangambadi-604302",757,274,0,6,189,1,0,0,2,0,1,0,1,219,0,1,2,0,1,1,0,0,698,0,0,698,0,245,245,Vilangambadi-604302,"Thennarasu Aided Primary School, Vilangambadi-604302","[1].Vilangambadi (R.V) & (P), Kulathu Street, [2].Vilangambadi (R.V) & (P), Road Street, [3].Vilangambadi (R.V) & (P), Pillaiyar Koil Street 1, [4].Vilangambadi (R.V) & (P), Pillaiyar Koil Street 2, [5].Vilangambadi (R.V) & (P), Mariyamman Koil Street, [6].Vilangambadi (R.V) & (P), Kaman Koil Street, [7].Vilangambadi (R.V) & (P), Palla Street, [8].Vilangambadi (R.V) & (P), Colony 1st Street, [9].Vilangambadi (R.V) & (P), Colony 2nd Street, [10].Vilangambadi (R.V) & (P), Colony 3rd Street, [11].Vilangambadi (R.V) & (P), Colony 4th Street,
[12].Vilangambadi (R.V) & (P), Colony 5th Street, [13].Vilangambadi (R.V) & (P), Colony 6th Street",All Voters,All India Anna Dravida Munnetra Kazhagam,274,219,55,Tamilaga Vettri Kazhagam,1,9,4,3,6,9,9,5,9,6,9,6,2,7.879656160458453,5
246,"Panchayat Union Primary School, Edapalayam-604302",823,270,0,17,253,2,0,0,0,0,0,1,3,211,0,1,2,4,1,1,1,0,767,0,1,768,0,246,246,Edapalayam-604302,"Panchayat Union Primary School, Edapalayam-604302","[1].Chinnanerkunam (R.V) & (P), Kaman Koil Street, [2].Chinnanerkunam (R.V) & (P), 1st Mettu Street, [3].Chinnanerkunam (R.V) & (P), Mariyamman Koil
Street,  [4].Chinnanerkunam (R.V) & (P), Colony Street",All Voters,All India Anna Dravida Munnetra Kazhagam,270,253,17,Desiya Murpokku Dravida Kazhagam,1,8,4,2,6,8,8,8,8,8,7,5,3,2.216427640156454,10
247,"Panchayat Union Primary School, West Building South Side, Chinnanerkunam-604302",874,421,1,56,125,0,1,1,1,0,0,0,0,215,2,1,2,2,1,1,0,1,831,0,1,832,0,247,247,Chinnanerkunam-604302,"Panchayat Union Primary School, West Building South Side, Chinnanerkunam-604302","[1].Chinnanerkunam (R.V) & (P), First Street, [2].Chinnanerkunam (R.V) & (P), Mettu Street, [3].Chinnanerkunam (R.V) & (P), Chetty Street, [4].Chinnanerkunam (R.V) & (P), Throwpathiyamman Street,  [5].Chinnanerkunam (R.V) & (P), Mariyamman Koil Street,  [6].Chinnanerkunam (R.V) & (P), Sitheri
Street",All Voters,All India Anna Dravida Munnetra Kazhagam,421,215,206,Tamilaga Vettri Kazhagam,1,5,4,3,9,5,5,5,9,9,9,9,2,24.78941034897714,10
248,"Panchayat Union Primary School, West Building North Side, Chinnanerkunam-604302",925,306,1,39,242,1,0,0,0,0,0,0,2,262,0,1,1,4,3,0,3,0,865,0,1,866,0,248,248,Chinnanerkunam-604302,"Panchayat Union Primary School, West Building North Side, Chinnanerkunam-604302","[1].Chinnanerkunam (R.V) & (P), Mariyamman Koil Street,  [2].Chinnanerkunam (R.V) & (P), Iyyer Street, [3].Chinnanerkunam (R.V) & (P), Pillaiyar Koil Street, [4].Chinnanerkunam (R.V) & (P), Reddiyar Street,
[5].Chinnanerkunam (R.V) & (P), Post Office Street, [6].Chinnanerkunam (R.V) & (P), Colony Street",All Voters,All India Anna Dravida Munnetra Kazhagam,306,262,44,Tamilaga Vettri Kazhagam,1,6,4,3,6,8,8,8,8,8,8,5,2,5.086705202312139,12
249,"Noon Meal Centre, Nallamur-604302",999,527,2,6,213,0,0,0,0,0,0,0,0,157,0,2,1,2,0,1,2,0,913,0,3,916,0,249,249,Nallamur-604302,"Noon Meal Centre, Nallamur-604302","[1].Nallamur (R.V) & (P), Gengaiyamman Koil Street, [2].Nallamur (R.V) & (P), Vinayagar Koil East Street, [3].Nallamur (R.V) & (P), Navithar Street,  [4].Nallamur (R.V) & (P), Navammal Koil Street,  [5].Nallamur (R.V) & (P), Mariyamman Koil Street,  [6].Nallamur (R.V) & (P), Kuyavar Street,  [7].Nallamur (R.V) & (P), Vinayagar Koil Street,  [8].Nallamur (R.V) & (P), Mettu Street,  [9].Nallamur (R.V) & (P), East Mettu Street, [10].Nallamur (R.V) & (P), Bajanai Koil Street, [11].Nallamur (R.V) & (P), Mariyamman Koil East Street,  [12].Nallamur (R.V) & (P), New Colony 1st Street,  [13].Nallamur (R.V) & (P), New Colony 2nd Street,  [14].Nallamur (R.V) & (P), Old Colony 1st Street,  [15].Nallamur (R.V) & (P), Old Colony 2nd
Street",All Voters,All India Anna Dravida Munnetra Kazhagam,527,213,314,Desiya Murpokku Dravida Kazhagam,1,5,4,2,6,6,6,6,6,6,6,6,3,34.3921139101862,8
250,"Panchayat Union Primary School, New Building North Side East Wing, Kolliyankunam-604304",714,106,0,9,236,0,0,0,0,0,0,0,1,266,0,2,1,0,0,0,0,1,622,0,1,623,0,250,250,Kolliyankunam-604304,"Panchayat Union Primary School, New Building North Side East Wing, Kolliyankunam-604304","[1].Kolliyangunam (R.V) & (P), Nallamoor Salai, [2].Kolliyangunam (R.V) & (P), Muthalamman Koil Street,  [3].Kolliyangunam (R.V) & (P), Gengaiyamman Koil Street,  [4].Kolliyangunam (R.V) & (P),
Mariyamman Koil Street",All Voters,Tamilaga Vettri Kazhagam,266,236,30,Desiya Murpokku Dravida Kazhagam,3,6,4,2,6,6,6,6,6,6,6,5,1,4.823151125401929,4
251,"Panchayat Union Primary School, New Building North Side West Wing, Kolliyankunam-604304",652,84,0,11,189,0,0,0,0,0,0,1,0,298,0,0,1,1,0,0,0,0,585,0,1,586,0,251,251,Kolliyankunam-604304,"Panchayat Union Primary School, New Building North Side West Wing, Kolliyankunam-604304","[1].Kolliyangunam (R.V) & (P), Mettu Street, [2].Kolliyangunam (R.V) & (P), Vinayagar Koil Street, [3].Kolliyangunam (R.V) & (P), New Colony 1st Street, [4].Kolliyangunam (R.V) & (P), New Colony 2nd Street, [5].Kolliyangunam  (R.V) (P), New Colony 3rd Street, [6].Kolliyangunam (R.V) & (P), New Colony 4th Street, [7].Kolliyangunam (R.V) & (P), Kali Koil Street,
[8].Kolliyangunam (R.V) & (P), Malaimedu",All Voters,Tamilaga Vettri Kazhagam,298,189,109,Desiya Murpokku Dravida Kazhagam,3,6,4,2,6,6,6,6,6,6,5,6,1,18.63247863247863,2
252,"Panchayat Union Primary School, North Wing, Mailam-604304",632,345,0,12,121,1,0,0,0,0,0,0,1,121,0,1,1,1,0,2,0,0,606,0,1,607,0,252,252,Mailam-604304,"Panchayat Union Primary School, North Wing, Mailam-604304","[1].Mailam (R.V) & (P), Perumal koil Street, [2].Mailam (R.V) & (P), Pattikotta Street,  [3].Mailam (R.V) & (P), Attukkara Street,  [4].Mailam (R.V) & (P), Maili Amman Koil Street,  [5].Mailam (R.V) & (P),
Araniyar Street",All Voters,All India Anna Dravida Munnetra Kazhagam,345,121,224,Tamilaga Vettri Kazhagam,1,7,4,2,5,7,7,7,7,7,7,5,2,36.96369636963696,5
253,"Panchayat Union Primary School, South Wing, Mailam-604304",524,213,1,9,153,1,0,0,0,0,0,0,0,106,0,1,0,0,0,0,1,0,485,0,0,485,0,253,253,Mailam-604304,"Panchayat Union Primary School, South Wing, Mailam-604304","[1].Mailam (R.V) & (P), Othavadai Street,  [2].Mailam (R.V) & (P), Old Colony Mariyamman Koil Street,
[3].Mailam (R.V) & (P), Arunthathiyar Street",All Voters,All India Anna Dravida Munnetra Kazhagam,213,153,60,Desiya Murpokku Dravida Kazhagam,1,5,4,2,5,7,7,7,7,7,7,7,3,12.37113402061856,2
254,"Panchayat Union Middle School, North Wing Center Building, Mailam-604304",942,339,1,11,165,0,0,0,0,0,0,0,2,298,0,2,3,1,0,1,1,0,824,0,2,826,0,254,254,Mailam-604304,"Panchayat Union Middle School, North Wing Center Building, Mailam-604304","[1].Mailam (R.V) & (P), Palayam Street,  [2].Mailam (R.V) & (P), Udayar Street,  [3].Mailam (R.V) & (P), J.J
Nagar,  [4].Mailam (R.V) & (P), New Colony, [5].Mailam (R.V) & (P), Sannathi Street",All Voters,All India Anna Dravida Munnetra Kazhagam,339,298,41,Tamilaga Vettri Kazhagam,1,6,4,3,7,7,7,7,7,7,7,5,2,4.975728155339806,8
255,"Panchayat Union Middle School, West Wing, Mailam-604304",442,142,0,6,87,1,0,0,0,0,0,0,0,167,0,1,2,1,1,0,0,0,408,0,0,408,0,255,255,Mailam-604304,"Panchayat Union Middle School, West Wing, Mailam-604304","[1].Mailam (R.V) & (P), Sannathi Street Santhu, [2].Mailam (R.V) & (P), Thoppu Street,  [3].Mailam
(R.V) & (P), Kalikoil Street,  [4].Mailam (R.V) & (P),
Anna Nagar,  [5].Mailam (R.V) & (P), Pandithar Street, [6].Mailam (R.V) & (P), Kamarajar Nagar",All Voters,Tamilaga Vettri Kazhagam,167,142,25,All India Anna Dravida Munnetra Kazhagam,2,6,4,3,5,6,6,6,6,6,6,6,1,6.127450980392156,5
256,"Panchayat Union Middle School, East Wing, Mailam-604304",917,298,1,17,157,1,1,0,0,1,0,0,2,305,0,0,5,0,1,0,0,0,789,0,3,792,0,256,256,Mailam-604304,"Panchayat Union Middle School, East Wing, Mailam-604304","[1].Mailam (R.V) & (P), Primary Health Centre Quarters,  [2].Mailam (R.V) & (P), Pondy Road, [3].Mailam (R.V) & (P), Sendur Salai,  [4].Mailam(R.V)
& (P), Rajiv Gandhi Nagar,  [5].Mailam (R.V) & (P), Gandhi Nagar,  [6].Mailam (R.V) & (P), Theerthakula
Street,  [7].Mailam (R.V) & (P), Poonthottam",All Voters,Tamilaga Vettri Kazhagam,305,298,7,All India Anna Dravida Munnetra Kazhagam,2,6,4,3,6,6,10,10,6,10,10,5,1,0.8871989860583016,6
257,"Panchayat Union Primary School, Thenkollapakkam-604304",832,286,0,17,223,1,2,0,0,0,0,0,2,227,0,0,1,1,0,0,0,1,761,0,2,763,0,257,257,Thenkollapakkam-604304,"Panchayat Union Primary School, Thenkollapakkam-604304","[1].Thenkolapakkam (R.V) & (P), North Street, [2].Thenkolapakkam (R.V) & (P), 1st Cross Street, [3].Thenkolapakkam (R.V) & (P), Senkeniyamman Koil Street,  [4].Thenkolapakkam (R.V) & (P), Manthaiveli, [5].Thenkolapakkam (R.V) & (P), Second Cross Street, [6].Thenkolapakkam (R.V) & (P), Mariyamman Koil Street,  [7].Thenkolapakkam (R.V) & (P), New Colony 1st Street,  [8].Thenkolapakkam (R.V) & (P), New
colony 2nd Street,  [9].Thenkolapakkam (R.V) & (P), Jayalalitha Nagar 1st Street",All Voters,All India Anna Dravida Munnetra Kazhagam,286,227,59,Tamilaga Vettri Kazhagam,1,8,4,3,7,5,8,8,8,8,8,5,2,7.752956636005257,3
258,"Government Higher Secondary School, North Side East Wing, Thazhuthali-604304",766,379,1,8,110,1,0,0,0,0,0,1,1,193,0,0,6,4,0,0,1,0,705,0,2,707,0,258,258,Thazhuthali-604304,"Government Higher Secondary School, North Side East Wing,
Thazhuthali-604304","[1].Thazhuthali (R.V) & (P), Erikkarai Street, [2].Thazhuthali (R.V) & (P), Post Office Street,
[3].Thazhuthali (R.V) & (P), Bajanai Koil Street",All Voters,All India Anna Dravida Munnetra Kazhagam,379,193,186,Tamilaga Vettri Kazhagam,1,5,4,3,5,9,9,9,9,9,5,5,2,26.38297872340425,11
259,"Government Higher Secondary School, North Side West Wing, Thazhuthali-604304",1012,382,0,22,217,0,0,0,0,0,0,1,2,300,0,2,1,2,1,1,0,0,931,0,1,932,0,259,259,Thazhuthali-604304,"Government Higher Secondary School, North Side West Wing, Thazhuthali-604304","[1].Thazhuthali (R.V) & (P), Mettu Street, [2].Thazhuthali (R.V) & (P), Pondy Salai, [3].Thazhuthali (R.V) & (P), Colony Street",All Voters,All India Anna Dravida Munnetra Kazhagam,382,300,82,Tamilaga Vettri Kazhagam,1,7,4,3,7,7,7,7,7,7,6,5,2,8.807733619763695,7
260,"Panchayat Union Primary School, Kanniyam-604304",835,257,2,18,211,2,2,1,0,0,0,1,4,220,0,0,0,1,0,1,2,0,722,0,0,722,0,260,260,Kanniyam-604304,"Panchayat Union Primary School, Kanniyam-604304","[1].Kanniyam (R.V) & (P), Mettu Street,  [2].Kanniyam (R.V) & (P), Pillaiyar Koil Street,  [3].Kanniyam (R.V) & (P), Reddiyar Street,  [4].Kanniyam (R.V) & (P), Main Road Street,  [5].Kanniyam (R.V) & (P), Ayyanar Street,  [6].Kanniyam (R.V) & (P), MainRoad Mettu Street,  [7].Kanniyam (R.V) & (P), Road Street  Kurukku Street,  [8].Kanniyam (R.V) & (P), Palvadi Street,  [9].Kanniyam (R.V) & (P), Colony Road Street, [10].Kanniyam (R.V) & (P), Colony Old Street, [11].Kanniyam (R.V) & (P), Colony Mariyamman Koil Street,  [12].Kanniyam (R.V) & (P), New colony, [13].Kanniyam (R.V) & (P), New colony Kurukku
Street,  [14].Kanniyam (R.V) & (P), Ambedkar Street",All Voters,All India Anna Dravida Munnetra Kazhagam,257,220,37,Tamilaga Vettri Kazhagam,1,6,4,3,6,6,9,11,11,11,9,5,2,5.124653739612189,4
261,"Government E- Service Centre, Konamangalam-604304",741,324,1,17,172,1,0,2,0,0,1,0,0,163,0,1,1,0,1,1,1,0,686,0,2,688,0,261,261,Konamangalam-604304,"Government E- Service Centre, Konamangalam-604304","[1].Konamangalam (R.V) & (P), Mariyamman Koil Street,  [2].Konamangalam (R.V) & (P), South Street, [3].Konamangalam (R.V) & (P), Mettu Street, [4].Konamangalam (R.V) & (P), Reddiyar Street, [5].Konamangalam (R.V) & (P), North Street, [6].Konamangalam (R.V) & (P), Ambedhkar Street, [7].Konamangalam (R.V) & (P), Kamarajar Street, [8].Konamangalam (R.V) & (P), Annasalai,
[9].Konamangalam (R.V) & (P), Periyar Street, [10].Konamangalam (R.V) & (P), Indira Nagar",All Voters,All India Anna Dravida Munnetra Kazhagam,324,172,152,Desiya Murpokku Dravida Kazhagam,1,6,4,2,6,9,5,9,9,6,9,9,3,22.15743440233236,5
262,"Panchayat Union Primary School, Koralur-604304",656,201,1,6,234,2,0,0,0,0,0,1,0,152,0,0,1,3,1,0,0,0,602,0,2,604,0,262,262,Koralur-604304,"Panchayat Union Primary School, Koralur-604304","[1].Koraloor (R.V) & Then alappakkam (P), East street,  [2].Koralur (R.V) & Then Alapakkam (P), West Street,  [3].Koralur (R.V) & Then Alapakkam (P), South Street,  [4].Koralur (R.V) & Then Alapakkam (P), Neduntheru,  [5].Koralur (R.V) & Then Alapakkam (P), Manthaiveli,  [6].Koralur (R.V) & Then Alapakkam (P), Colony,  [7].Koralur (R.V) & Then Alapakkam (P), Quarters,  [8].Koralur (R.V) & Then Alapakkam (P), Thenalapakkam Road,  [9].Koralur (R.V) & Then
Alapakkam (P), Alapakkam Ottu Colony",All Voters,Desiya Murpokku Dravida Kazhagam,234,201,33,All India Anna Dravida Munnetra Kazhagam,2,6,4,1,5,8,8,8,8,8,6,8,3,5.48172757475083,5
263,"Panchayat Union Middle School, West Building, Thenalapakkam-604304",512,165,2,6,132,2,0,0,0,0,0,0,1,127,0,0,1,0,0,1,3,2,442,0,2,444,0,263,263,Thenalapakkam-604304,"Panchayat Union Middle School, West Building, Thenalapakkam-604304","[1].Then alapakkam  (R.V) & (P), Perumal Koil Street, [2].Then Alapakkam  (R.V) & (P), National Highway Street,  [3].Then Alapakkam  (R.V) & (P), Thiru Neelakandiyamman Street,  [4].Then Alapakkam
(R.V) & (P), East Street,  [5].Then Alapakkam (R.V) & (P), South Street,  [6].Then Alapakkam (R.V) & (P),
Colony Mariyamman Koil Street",All Voters,All India Anna Dravida Munnetra Kazhagam,165,132,33,Desiya Murpokku Dravida Kazhagam,1,5,4,2,5,8,8,8,8,8,8,7,3,7.46606334841629,7
264,"Panchayat Union Middle School, East Wing, Thenalapakkam-604304",670,158,1,17,192,1,0,0,0,0,0,1,0,210,1,1,0,1,0,3,1,0,587,0,2,589,0,264,264,Thenalapakkam-604304,"Panchayat Union Middle School, East Wing, Thenalapakkam-604304","[1].Then Alapakkam (R.V) & (P), South Street, [2].Then Alapakkam (R.V) & (P), Colony Mettu Street,
[3].Then Alapakkam (R.V) & (P), Kulathankaraiyan Street",All Voters,Tamilaga Vettri Kazhagam,210,192,18,Desiya Murpokku Dravida Kazhagam,3,5,4,2,5,8,8,8,8,8,5,8,1,3.066439522998297,7
265,"Panchayat Union Primary School, North Wing, Pathirapuliyur-604304",676,328,0,5,112,0,1,4,0,0,0,0,0,167,0,0,1,3,0,0,1,0,622,0,0,622,0,265,265,Pathirapuliyur-604304,"Panchayat Union Primary School, North Wing, Pathirapuliyur-604304","[1].Pathirapuliyur (R.V) & (P), Pudhu Nagar, [2].Pathirapuliyur (R.V) & (P), Kaman Koil Street, [3].Pathirapuliyur (R.V) & (P), Kuyavar Street, [4].Pathirapuliyur (R.V) & (P), Othavadai Street, [5].Pathirapuliyur (R.V) & (P), Eswaran Koil Street, [6].Pathirapuliyur (R.V) & (P), Patti Street, [7].Pathirapuliyur (R.V) & (P), Perumal Koil Street,
[8].Pathirapuliyur (R.V) & (P), Mettu Street",All Voters,All India Anna Dravida Munnetra Kazhagam,328,167,161,Tamilaga Vettri Kazhagam,1,7,4,3,7,6,5,7,7,7,7,7,2,25.88424437299036,5
266,"Government Higher Secondary School, West Wing South Side, Pathirapuliyur-604304",777,285,3,13,132,0,0,1,0,0,0,0,2,283,1,1,1,7,2,1,2,0,734,0,1,735,0,266,266,Pathirapuliyur-604304,"Government Higher Secondary School, West Wing South Side, Pathirapuliyur-604304","[1].Pathirapuliyur (R.V) & (P), Mariyamman Koil Street,  [2].Pathirapuliyur (R.V) & (P), South Mada Veethi,  [3].Pathirapuliyur (R.V) & (P), Mailam Road, [4].Pathirapuliyur (R.V) & (P), Thenalapakkam Road, [5].Pathirapuliyur (R.V) & (P), Trowpathiyamman Koil Street,  [6].Pathirapuliyur (R.V) & (P), Thoppu Street,
[7].Pathirapuliyur (R.V) & (P), Irular Street",All Voters,All India Anna Dravida Munnetra Kazhagam,285,283,2,Tamilaga Vettri Kazhagam,1,5,4,3,8,8,7,8,8,8,8,6,2,0.2724795640326975,15
267,"Panchayat Union Primary School, East Side North Building, Pathirapuliyur-604304",935,162,2,13,330,2,0,32,0,0,0,3,3,322,1,0,0,1,0,1,4,0,876,0,0,876,0,267,267,Pathirapuliyur-604304,"Panchayat Union Primary School, East Side North Building, Pathirapuliyur-604304","[1].Pathirapuliyur (R.V) & (P), New Colony, [2].Pathirapuliyur (R.V) & (P), Mettu Street, [3].Pathirapuliyur (R.V) & (P), Kattaiyan Street, [4].Pathirapuliyur (R.V) & (P), Eswaran Koil Street,
[5].Pathirapuliyur (R.V) & (P), Bethan Street",All Voters,Desiya Murpokku Dravida Kazhagam,330,322,8,Tamilaga Vettri Kazhagam,3,8,5,1,8,10,4,10,10,10,6,6,2,0.91324200913242,7
268,"Government Higher Secondary School, West Wing North Side, Pathirapuliyur-604304",710,192,0,8,225,0,1,0,0,1,0,1,0,202,0,0,2,1,0,0,0,0,633,0,1,634,0,268,268,Pathirapuliyur-604304,"Government Higher Secondary School, West Wing North Side, Pathirapuliyur-604304","[1].Pathirapuliyur (R.V) & (P), Sarkar Well Street, [2].Pathirapuliyur (R.V) & (P), Mariyamman Koil Street,
[3].Pathirapuliyur (R.V) & (P), Thalaiyari Street, [4].Pathirapuliyur (R.V) & (P), Thenalapakkam Road",All Voters,Desiya Murpokku Dravida Kazhagam,225,202,23,Tamilaga Vettri Kazhagam,3,8,4,1,8,5,8,8,5,8,5,8,2,3.633491311216429,3
269,"Government Higher Secondary School, North Building East Wing, Veedur-605652",889,394,2,17,161,2,0,0,0,0,0,0,1,260,1,2,1,2,0,0,1,0,844,0,2,846,0,269,269,Veedur-605652,"Government Higher Secondary School, North Building East Wing, Veedur-605652","[1].Veedur (R.V) & (P), Ananthampettai Street, [2].Veedur (R.V) & (P), Ananthampettai 1st Cross Street,  [3].Veedur (R.V) & (P), Ananthampettai 2nd Kurukku Street,  [4].Veedur (R.V) & (P),
Ananthampettai 3rd Kurukku Street,  [5].Veedur (R.V) & (P), Pudupettai Street",All Voters,All India Anna Dravida Munnetra Kazhagam,394,260,134,Tamilaga Vettri Kazhagam,1,5,4,3,5,8,8,8,8,8,8,7,2,15.87677725118483,7
270,"Government Higher Secondary School, North Building West Wing, Veedur-605652",729,366,0,10,160,0,0,0,0,0,0,0,0,138,0,0,1,3,0,0,1,0,679,0,1,680,0,270,270,Veedur-605652,"Government Higher Secondary School, North Building West Wing, Veedur-605652","[1].Veedur (R.V) & (P), Perumal Koil Street, [2].Veedur (R.V) & (P), Main Road,  [3].Veedur (R.V) &
(P), Mettu Street,  [4].Veedur (R.V) & (P), Kallankuppam",All Voters,All India Anna Dravida Munnetra Kazhagam,366,160,206,Desiya Murpokku Dravida Kazhagam,1,5,4,2,5,5,5,5,5,5,5,5,3,30.33873343151694,5
271,"Government Higher Secondary School, North Side East Wing, Veedur-605652",842,305,1,19,217,4,0,0,0,1,0,0,1,201,0,0,2,2,2,0,1,0,756,0,3,759,0,271,271,Veedur-605652,"Government Higher Secondary School, North Side East Wing, Veedur-605652","[1].Veedur (R.V) & (P), West Jain Veethi,  [2].Veedur (R.V) & (P), Patti Street,  [3].Veedur (R.V) & (P), Jain Koil Street,  [4].Veedur (R.V) & (P), South Jain Koil Street,  [5].Veedur (R.V) & (P), Kelanda Street, [6].Veedur (R.V) & (P), Kelanda Kurukku Street, [7].Veedur (R.V) & (P), Kaman Koil Street,  [8].Veedur (R.V) & (P), Ayyanar Koil Street,  [9].Veedur (R.V) & (P), Thalayari Street,  [10].Veedur (R.V) & (P), Mariyamman Koil Street,  [11].Veedur (R.V) & (P), Mariyamman Koil Street,  [12].Veedur (R.V) & (P),
Komali Street",All Voters,All India Anna Dravida Munnetra Kazhagam,305,217,88,Desiya Murpokku Dravida Kazhagam,1,6,4,2,5,9,9,9,6,9,9,6,3,11.64021164021164,7
272,"Government Higher Secondary School, West Side Middle Building, Veedur-605652",773,182,1,14,264,3,1,0,0,0,1,0,2,215,0,0,3,4,2,1,8,2,703,0,1,704,0,272,272,Veedur-605652,"Government Higher Secondary School, West Side Middle Building, Veedur-605652","[1].Veedur (R.V) & (P), Thalayari Street,  [2].Veedur (R.V) & (P), Kiduvan Street,  [3].Veedur (R.V) & (P), Seera Street,  [4].Veedur (R.V) & (P), Perumal Koil
Street,  [5].Veedur (R.V) & (P), Komali Street",All Voters,Desiya Murpokku Dravida Kazhagam,264,215,49,Tamilaga Vettri Kazhagam,3,7,4,1,5,7,10,10,10,7,10,6,2,6.970128022759601,20
273,"Government Higher Secondary School, West Side South Wing, Veedur-605652",1173,256,5,19,315,3,1,0,2,1,0,0,3,454,1,4,6,4,3,1,4,2,1084,0,0,1084,0,273,273,Veedur-605652,"Government Higher Secondary
School, West Side South Wing, Veedur-605652","[1].Veedur (R.V) & (P), Koonanpettai street, [2].Veedur (R.V) & (P), New Colony",All Voters,Tamilaga Vettri Kazhagam,454,315,139,Desiya Murpokku Dravida Kazhagam,3,5,4,2,6,9,11,8,9,11,11,6,1,12.82287822878229,25
274,"Panchayat Union Middle School, North Wing, Ganapathipattu-605652",731,437,0,10,99,1,0,0,0,0,0,0,0,110,0,1,1,4,0,0,0,0,663,0,1,664,0,274,274,Ganapathipattu-605652,"Panchayat Union Middle School, North Wing, Ganapathipattu-605652","[1].Ganapathipattu (R.V) & (P), West  Street, [2].Ganapathipattu (R.V) & (P), North Street, [3].Ganapathipattu (R.V) & (P), Perumal Koil Street, [4].Ganapathipattu (R.V) & (P), Garudakamba Street, [5].Ganapathipattu (R.V) & (P), Ayanar Koil Street, [6].Ganapathipattu (R.V) & (P), Mariyamman Koil Street,  [7].Ganapathipattu (R.V) & (P), Reddikuppam
Salai",All Voters,All India Anna Dravida Munnetra Kazhagam,437,110,327,Tamilaga Vettri Kazhagam,1,6,4,3,5,6,6,6,6,6,6,6,2,49.32126696832579,6
275,"Panchayat Union Primary School, South Building North Wing, Ganapathipattu-605652",670,289,0,25,144,0,0,0,0,0,0,0,0,142,0,1,2,2,1,2,3,1,612,0,1,613,0,275,275,Ganapathipattu-605652,"Panchayat Union Primary School, South Building North Wing, Ganapathipattu-605652","[1].Ganapathipattu (R.V)  & (P), Old Colony, [2].Ganapathipattu (R.V) & (P), New Colony 1st Street, [3].Ganapathipattu (R.V) & (P), New Colony 2nd Street,  [4].Ganapathipattu (R.V) & (P), Puthu Colony 3rd Street,  [5].Ganapathipattu (R.V) & (P), New Colony 4th Street,  [6].Ganapathipattu (R.V) & (P), Puthu Colony 5th Street,  [7].Ganapathipattu (R.V) & (P), Andipalayam,  [8].Ganapathipattu (R.V) & (P), Dam Road,  [9].Ganapathipattu (R.V) & (P), Periya Palayathamman 1st Street,  [10].Ganapathipattu (R.V) & (P), Periyapalayathamman 2nd Street, [11].Ganapathipattu (R.V) &  (P),
Periyapalayathamman 3rd Street",All Voters,All India Anna Dravida Munnetra Kazhagam,289,144,145,Desiya Murpokku Dravida Kazhagam,1,5,4,2,5,5,5,5,5,5,5,5,3,23.69281045751634,12
276,"Panchayat Union Primary School, West Wing, Athikuppam-605652",353,173,1,6,65,0,0,0,1,0,0,0,0,80,0,0,1,2,0,0,0,0,329,0,2,331,0,276,276,Athikuppam-605652,"Panchayat Union Primary School, West Wing, Athikuppam-605652","[1].Ganapathipattu (R.V) & (P), East Street, [2].Ganapathipattu (R.V) & (P), South Street Athikuppam,  [3].Ganapathipattu (R.V) & (P),
Mariyamman Koil Street,  [4].Ganapathipattu (R.V) & (P), Veedur Dam Office colony",All Voters,All India Anna Dravida Munnetra Kazhagam,173,80,93,Tamilaga Vettri Kazhagam,1,5,4,3,7,7,7,5,7,7,7,7,2,28.26747720364742,3
277,"Panchayat Union Elementary School, S.Kadur-604305",295,99,0,4,83,0,1,0,0,0,0,0,0,88,0,3,0,1,1,0,0,0,280,0,0,280,0,277,277,S.Kadur-604305,"Panchayat Union Elementary School, S.Kadur-604305","[1].Olakkur (R.V) & (P), S. kadur Village Street",All Voters,All India Anna Dravida Munnetra Kazhagam,99,88,11,Tamilaga Vettri Kazhagam,1,6,4,3,6,5,6,6,6,6,6,6,2,3.928571428571428,5
