serial no. of polling station,dravida munnetra kazhagam,naam tamilar katchi,all india anna dravida munnetra kazhagam,naam indiar party,puthiya tamilagam,tamizhaga vaazhvurimai katchi,all india puratchi thalaivar makkal munnettra kazhagam,tamilaga vettri kazhagam,ezhuchi tamilargal munnetra kazhagam,rashtriya samaj dal (r),independent,independent.1,independent.2,independent.3,independent.4,total of valid votes,no. of rejected votes,nota,total,no. of tendered votes,polling station no.,location and name of building in which polling station located,polling areas,whether for all voters or men only or women,building_clean,location_clean,Winner_Party,Winner_Votes,Runner_Up_Votes,Margin_Of_Victory,Runner_Up_Party,DMK_Rank,NTK_Rank,AIADMK_Rank,NIP_Rank,PT_Rank,TVK-TV_Rank,AIPTMMK_Rank,TVK_Rank,ETMK_Rank,RSD(R)_Rank,IND1_Rank,IND2_Rank,IND3_Rank,IND4_Rank,IND5_Rank,Margin_Percentage,Total_Independent_Votes
1,235,52,247,0,0,0,6,210,0,1,0,0,0,3,0,754,0,3,757,0,1,"Pt. Union Primary School   ,New Building ( Western Side) South Building, Vadapalanji -625019","1.Vadapalanji (R.V) Vadapalanji (P) Vadapalanji ward 1 ,
2.Vadapalanji (R.V) Vadapalanji (P) Sundarasapuram Ward 1 , 99.OVERSEAS ELECTORS OVERSEAS ELECTORS",All Voters,"Pt. Union Primary School   ,New Building ( Western Side) South Building",Vadapalanji -625019,all india anna dravida munnetra kazhagam,247,235,12,dravida munnetra kazhagam,2,4,1,8,8,8,5,3,8,7,8,8,8,6,8,1.591511936339522,3
2,252,88,200,0,1,0,2,254,1,1,1,1,1,0,2,804,0,0,804,0,2,"Pt. Union Middle School   , South Building, Vadapalanji-625019, Vellaiparaipatti","1.Vadapalanji (R.V) Vadapalanji (P) Manapatti Ward 1 , 2.Vadapalanji (R.V) Vadapalanji (P) Vellaiparai patti Ward 1 ,
99.OVERSEAS ELECTORS OVERSEAS ELECTORS",All Voters,"Pt. Union Middle School   , South Building, Vadapalanji-625019",Vellaiparaipatti,tamilaga vettri kazhagam,254,252,2,dravida munnetra kazhagam,2,4,3,13,7,13,5,1,7,7,7,7,7,13,5,0.2487562189054726,5
3,352,18,70,0,0,0,0,136,0,0,0,0,0,1,0,577,0,1,578,0,3,"Pt. Union Primary School   ,New Building (Eastern Side) South Building, Vadapalanji -625019","1.Vadapalanji (R.V) Vadapalanji (P) Thottiapatti ward 1 , 2.Vadapalanji (R.V) Vadapalanji (P) Ambethkar colony Ward 1 ,
99.OVERSEAS ELECTORS OVERSEAS ELECTORS",All Voters,"Pt. Union Primary School   ,New Building (Eastern Side) South Building",Vadapalanji -625019,dravida munnetra kazhagam,352,136,216,tamilaga vettri kazhagam,1,4,3,6,6,6,6,2,6,6,6,6,6,5,6,37.43500866551127,1
4,304,67,149,0,1,1,3,393,2,2,0,0,0,2,0,924,0,3,927,0,4,"Pt.Union Primary School   ,East Building ( Southern Portion)
Vadapalanji Muthupatti-625019","1.Vadapalanji (R.V) Vadapalanji (P) Muthupatti ward 2 , 99.OVERSEAS ELECTORS OVERSEAS ELECTORS",All Voters,Pt.Union Primary School,"East Building ( Southern Portion)
Vadapalanji Muthupatti-625019",tamilaga vettri kazhagam,393,304,89,dravida munnetra kazhagam,2,4,3,11,9,9,5,1,6,6,11,11,11,6,11,9.632034632034632,2
5,131,28,73,0,1,0,3,149,0,1,0,1,0,0,0,387,0,0,387,0,5,"Pt.Union Primary School   ,West Building, Vadapalanji, Muthupatti-625019","1.Vadapalanji (R.V) Vadapalanji (P) Nagamalaipudur Ward 3 , 2.Vadapalanji (R.V) Vadapalanji (P) Aravani Nagar Palkalai Nagar Ward 2 ,
3.Vadapalanji (R.V) Vadapalanji (P) Palkalai Nagar Quarters (Adukumadi) ward 4, 99.OVERSEAS ELECTORS OVERSEAS ELECTORS",All Voters,"Pt.Union Primary School   ,West Building, Vadapalanji",Muthupatti-625019,tamilaga vettri kazhagam,149,131,18,dravida munnetra kazhagam,2,4,3,9,6,9,5,1,9,6,9,6,9,9,9,4.651162790697675,1
6,236,50,131,0,0,0,5,295,3,0,0,1,0,3,0,724,0,1,725,0,6,"Senthamarai Arts & Science College, East Facing North Portion Nagamalaipudur Vadapalanji - 625019","1.Vadapalanji (R.V) Vadapalanji (p) Adaikanpatti Ward 4 , 2.Vadapalanji (R.V) Vadapalanji (P) Nagamalai Pudur 1 Ward 3 , 3.Vadapalanji (R.V) Vadapalanji (P) Nagamalai Pudur 2 ward 3 ,
99.OVERSEAS ELECTORS OVERSEAS ELECTORS",All Voters,Senthamarai Arts & Science College,East Facing North Portion Nagamalaipudur Vadapalanji - 625019,tamilaga vettri kazhagam,295,236,59,dravida munnetra kazhagam,2,4,3,9,9,9,5,1,6,9,9,8,9,6,9,8.149171270718233,4
7,155,30,99,1,0,0,2,152,0,0,0,0,0,1,0,440,0,1,441,0,7,"Senthamarai Arts & Science College, East Facing South Portion Nagamalaipudur Vadapalanji -
625019","1.Vadapalanji (R.V) Vadapalanji (P) Nagamalai Pudur Ward 3 , 2.Vadapalanji (R.V) Vadapalanji (P) M.R.S.University Quarters ward 4 , 99.OVERSEAS ELECTORS OVERSEAS ELECTORS",All Voters,Senthamarai Arts & Science College,"East Facing South Portion Nagamalaipudur Vadapalanji -
625019",dravida munnetra kazhagam,155,152,3,tamilaga vettri kazhagam,1,4,3,6,8,8,5,2,8,8,8,8,8,6,8,0.6818181818181818,1
8,95,21,76,3,0,0,2,116,0,0,1,0,1,0,0,315,0,0,315,0,8,"Pt. Union Ele. School   ,(Eastern Portion), Alampatti - 625019.","1.Karadipatti (R.V) Karadipatti (P) Karadipatti  , 2.Karadipatti (R.V) Karadipatti (P) Keelapudur ward 2 , 3.Karadipatti (R.V) Karadipatti (P) Rajambadi ward 2 ,
99.OVERSEAS ELECTORS OVERSEAS ELECTORS",All Voters,"Pt. Union Ele. School   ,(Eastern Portion)",Alampatti - 625019.,tamilaga vettri kazhagam,116,95,21,dravida munnetra kazhagam,2,4,3,5,9,9,6,1,9,9,7,9,7,9,9,6.666666666666667,2
9,151,37,118,0,2,1,7,266,1,0,0,1,0,0,0,584,0,1,585,0,9,"Pt. Union Ele. School   ,(Western Portion) Alampatti - 625019.","1.Karadipatti (R.V) Karadipatti (P) Alampatti Ward 3 ,
99.OVERSEAS ELECTORS OVERSEAS ELECTORS",All Voters,Pt. Union Ele. School,(Western Portion) Alampatti - 625019.,tamilaga vettri kazhagam,266,151,115,dravida munnetra kazhagam,2,4,3,10,6,7,5,1,7,10,10,7,10,10,10,19.69178082191781,1
10,168,34,111,0,0,0,3,280,1,0,0,1,1,1,1,601,0,5,606,0,10,"Panchayat Union Elementary School
,Karadipatti.-625019","1.Karadipatti (R.V) Karadipatti (P) Perumalmalai Ward 3 , 2.Karadipatti (R.V) Karadipatti (P) Karadipatti Ward 3 ,
99.OVERSEAS ELECTORS OVERSEAS ELECTORS",All Voters,Panchayat Union Elementary School,Karadipatti.-625019,tamilaga vettri kazhagam,280,168,112,dravida munnetra kazhagam,2,4,3,11,11,11,5,1,6,11,11,6,6,6,6,18.63560732113145,4
11,200,31,104,1,1,0,1,242,0,1,0,0,0,1,0,582,0,4,586,0,11,"Village Panchayat Common Service Centre  Theni Main Road, Karadipatti - 625019.","1.Karadipatti (R.V) Karadipatti (P) Thiruveni nagar  ward 2 , 2.Karadipatti (R.V) Karadipatti (P) Vadivel Nagar Ward 2 , 3.Karadipatti (R.V) Karadipatti (P) V.V.Giri Street Ward 2 , 4.Karadipatti (R.V) Karadipatti (P) Sarvodaya Nagar Ward 2 , 5.Karadipatti (R.V) Karadipatti (P) V.P.Sinthan Nagar Ward 2 ,
99.OVERSEAS ELECTORS OVERSEAS ELECTORS",All Voters,Village Panchayat Common Service Centre  Theni Main Road,Karadipatti - 625019.,tamilaga vettri kazhagam,242,200,42,dravida munnetra kazhagam,2,4,3,5,5,10,5,1,10,5,10,10,10,5,10,7.216494845360824,1
12,220,31,149,1,1,1,7,251,1,0,0,0,0,1,0,663,0,2,665,0,12,"Womens Self Help Group Building
,Vadivel Nagar-625019","1.Karadipatti (R.V) Karadipatti (P) Thendral Nagar Ward 2 , 2.Karadipatti (R.V) Karadipatti (P) Gurusamy Nagar ward 2 , 3.Karadipatti (R.V) Karadipatti (P) L.G.Nagar Ward 2 , 4.Karadipatti (R.V) Karadipatti (P) Central Bank Colony Ward 2 , 5.Karadipatti (R.V) Karadipatti (P) Emmanuvel Nagar Ward 2 ,
99.OVERSEAS ELECTORS OVERSEAS ELECTORS",All Voters,Womens Self Help Group Building,Vadivel Nagar-625019,tamilaga vettri kazhagam,251,220,31,dravida munnetra kazhagam,2,4,3,6,6,6,5,1,6,11,11,11,11,6,11,4.675716440422323,1
13,228,67,95,0,2,0,2,297,0,0,0,0,0,0,0,691,0,0,691,0,13,"Panchayat Union Library,  Karadipatti-625019","1.Karadipatti (R.V) Karadipatti (P) Bharathiyar Nagar 8,9,10,11 th Street Ward 4, 2.Karadipatti (R.V) Karadipatti (P) Theni main road Ward 4 ,
3.Karadipatti (R.V) Karadipatti (P) Onthimalai Ward 3 , 4.Karadipatti (R.V) Karadipatti (P) Forest colony Ward 2 , 99.OVERSEAS ELECTORS OVERSEAS ELECTORS",All Voters,Panchayat Union Library,Karadipatti-625019,tamilaga vettri kazhagam,297,228,69,dravida munnetra kazhagam,2,4,3,7,5,7,5,1,7,7,7,7,7,7,7,9.985528219971057,0
14,107,24,37,0,0,2,1,160,0,0,0,0,0,0,0,331,0,3,334,0,14,"Village Panchayat Common Service Centre  Theni Main Road, Nagamalaipudukkottai -625019.","1.Vilacheri (R.V) Nagamalaipudukottai (P) East Street ward 1 , 2.Vilacheri (R.V) Nagamalaipudukottai (P) East Street ward 2 , 3.Vilacheri (R.V) Nagamalaipudukottai (P) Manthai street ward 1 ,
99.OVERSEAS ELECTORS OVERSEAS ELECTORS",All Voters,Village Panchayat Common Service Centre  Theni Main Road,Nagamalaipudukkottai -625019.,tamilaga vettri kazhagam,160,107,53,dravida munnetra kazhagam,2,4,3,7,7,5,6,1,7,7,7,7,7,7,7,16.01208459214502,0
15,150,23,43,0,1,0,3,176,0,0,1,0,0,0,0,397,0,0,397,0,15,"Anganwadi Centre I   ,Mandhai Thidal, Nagamalai Pudhukkottai.-625019","1.Vilacheri (R.V) Nagamalaipudukottai (P) Kottai street ward 1 ,
2.Vilacheri (R.V) Nagamalaipudukottai (P) Thadathakai Amman Koil Street ward 2, 3.Vilacheri (R.V) Nagamalaipudukottai (P) Mela street Ward 2 ,
4.Vilacheri (R.V) Nagamalaipudukottai (P) Oothucolony ward 2 , 5.Vilacheri (R.V) Nagamalaipudukottai (P) M.G.R. nagar ward 2 , 6.Vilacheri (R.V) Nagamalaipudukottai (P) Malaipaguthi ward 2 , 99.OVERSEAS ELECTORS OVERSEAS ELECTORS",All Voters,"Anganwadi Centre I   ,Mandhai Thidal",Nagamalai Pudhukkottai.-625019,tamilaga vettri kazhagam,176,150,26,dravida munnetra kazhagam,2,4,3,8,6,8,5,1,8,8,6,8,8,8,8,6.54911838790932,1
16,228,53,105,2,0,0,4,316,0,1,0,0,0,0,0,709,0,4,713,0,16,"Pt. Union Middle School,   Northern Building West Side, Nagamalai Pudukottai.-625019","1.Vilacheri (R.V) Nagamalaipudukottai (P) Harijana colony Mela Theru ward 3 , 2.Vilacheri (R.V) Nagamalaipudukottai (P) Pavalar Estate ward 3 ,
99.OVERSEAS ELECTORS OVERSEAS ELECTORS",All Voters,"Pt. Union Middle School,   Northern Building West Side",Nagamalai Pudukottai.-625019,tamilaga vettri kazhagam,316,228,88,dravida munnetra kazhagam,2,4,3,6,8,8,5,1,8,7,8,8,8,8,8,12.41184767277856,0
17,166,39,240,1,0,0,0,222,1,0,1,0,1,0,0,671,0,4,675,0,17,"Pt. Union Middle School,Northern Building East Side, Nagamalai Pudukottai.-625019","1.Vilacheri (R.V) Nagamalaipudukottai (P) Ambethkar Nagar Arijana colony ward 4, 2.Vilacheri (R.V) Nagamalaipudukottai (P) Harijana Colony East Street ward 4 , 3.Vilacheri (R.V) Nagamalaipudukottai (P) Nagamalaipudukottai ward 4 , 4.Vilacheri (R.V) Nagamalaipudukottai (P) Ambethkar Nagar Middle School Street Ward 4,
5.Vilacheri (R.V) Nagamalaipudukottai (P) Muniyandi kovil Street ward 4 , 99.OVERSEAS ELECTORS OVERSEAS ELECTORS",All Voters,"Pt. Union Middle School,Northern Building East Side",Nagamalai Pudukottai.-625019,all india anna dravida munnetra kazhagam,240,222,18,tamilaga vettri kazhagam,3,4,1,5,9,9,9,2,5,9,5,9,5,9,9,2.682563338301043,2
18,166,37,124,0,0,0,0,241,1,0,0,0,0,0,0,569,0,6,575,0,18,"Pt.Union Middle School,  Western Building, Northern Portion Nagamalai
Pudukottai -625019.","1.Vilacheri (R.V) Nagamalaipudukottai (P) Mela Street Ward 5 , 99.OVERSEAS ELECTORS OVERSEAS ELECTORS",All Voters,"Pt.Union Middle School,  Western Building","Northern Portion Nagamalai
Pudukottai -625019.",tamilaga vettri kazhagam,241,166,75,dravida munnetra kazhagam,2,4,3,6,6,6,6,1,5,6,6,6,6,6,6,13.18101933216169,0
19,145,36,132,0,1,0,0,250,1,0,1,0,0,0,0,566,0,2,568,0,19,"Pt. Union Middle School,Western Building, Southern Portion Nagamalai Pudukottai -625019.","1.Vilacheri (R.V) Nagamalaipudukottai (P) Mela Theru Chinnakannu Nagar Ward 5 , 99.OVERSEAS ELECTORS OVERSEAS ELECTORS",All Voters,"Pt. Union Middle School,Western Building",Southern Portion Nagamalai Pudukottai -625019.,tamilaga vettri kazhagam,250,145,105,dravida munnetra kazhagam,2,4,3,8,5,8,8,1,5,8,5,8,8,8,8,18.55123674911661,1
20,130,50,111,1,0,0,1,256,0,0,0,0,0,0,0,549,0,2,551,0,20,"Pt.Union Middle School   ,Southern Side Nagamalai Pudukottai-625019.","1.Vilacheri (R.V) Nagamalaipudukottai (P) Theni Main Road ward 6 , 2.Vilacheri (R.V) Nagamalaipudukottai (P) Police Station Street Ward 6 , 3.Vilacheri (R.V) Nagamalaipudukottai (P) Police Station Street Ward 6 ,
99.OVERSEAS ELECTORS OVERSEAS ELECTORS",All Voters,Pt.Union Middle School,Southern Side Nagamalai Pudukottai-625019.,tamilaga vettri kazhagam,256,130,126,dravida munnetra kazhagam,2,4,3,5,7,7,5,1,7,7,7,7,7,7,7,22.95081967213115,0
21,148,30,115,1,1,0,1,154,1,0,0,0,0,1,0,452,0,1,453,0,21,"Pt.Union Elementary School, Kilaneri-625019","1.Vilacheri (R.V) Nagamalaipudukottai (P) Kilaneri ward 7 ,
2.Vilacheri (R.V) Nagamalaipudukottai (P) Kilaneri Mela Street Ward 7 , 99.OVERSEAS ELECTORS OVERSEAS ELECTORS",All Voters,Pt.Union Elementary School,Kilaneri-625019,tamilaga vettri kazhagam,154,148,6,dravida munnetra kazhagam,2,4,3,5,5,10,5,1,5,10,10,10,10,5,10,1.327433628318584,1
22,358,33,171,1,0,0,2,325,1,1,0,0,0,1,0,893,0,5,898,0,22,"Sirumalar Girls Hr.Sec.School, Eastern Side, Nagamalai Pudukottai-625019.","1.Vilacheri (R.V) Nagamalaipudukottai (P) Wellington Street ward 7 , 2.Vilacheri (R.V) Nagamalaipudukottai (P) Rajendra Prasath Street Ward 7 , 3.Vilacheri (R.V) Nagamalaipudukottai (P) Indira Gandhi Street ward 7 , 4.Vilacheri (R.V) Nagamalaipudukottai (P) Nethaji street ward 7 ,
99.OVERSEAS ELECTORS OVERSEAS ELECTORS",All Voters,"Sirumalar Girls Hr.Sec.School, Eastern Side",Nagamalai Pudukottai-625019.,dravida munnetra kazhagam,358,325,33,tamilaga vettri kazhagam,1,4,3,6,10,10,5,2,6,6,10,10,10,6,10,3.695408734602464,1
23,199,45,170,0,1,0,7,297,1,0,1,1,0,1,2,725,0,4,729,0,23,"Sirumalar Girls Hr.Sec.School,  East Side, Nagamalai Pudukottai-625019.","1.Vilacheri (R.V) Nagamalaipudukottai (P) Mahathma Gandhi Street Ward 7 , 2.Vilacheri (R.V) Nagamalaipudukottai (P) Bharathidasan Street Ward 7 , 3.Vilacheri (R.V) Nagamalaipudukottai (P) Bharathiar Street Ward 7 , 4.Vilacheri (R.V) Nagamalaipudukottai (P) Periyar Street Ward 7 , 5.Vilacheri (R.V) Nagamalaipudukottai (P) Venkatraman Nagar Ward 7 , 6.Vilacheri (R.V) Nagamalaipudukottai (P) Muthuramalingam Street Ward 7 , 7.Vilacheri (R.V) Nagamalaipudukottai (P) Nakkeerar Street ward 7 ,
99.OVERSEAS ELECTORS OVERSEAS ELECTORS",All Voters,"Sirumalar Girls Hr.Sec.School,  East Side",Nagamalai Pudukottai-625019.,tamilaga vettri kazhagam,297,199,98,dravida munnetra kazhagam,2,4,3,12,7,12,5,1,7,12,7,7,12,7,6,13.51724137931034,5
24,249,43,172,0,0,0,2,347,1,0,1,0,0,1,0,816,0,3,819,0,24,"Sirumalar Girls Hr.Sec.School, Therasa Hall, Nagamalai Pudukottai - 625019.","1.Vilacheri (R.V) Nagamalaipudukottai (P) Valluvar Street Ward 7 , 2.Vilacheri (R.V) Nagamalaipudukottai (P) Palanimuthu Street Ward 7 , 3.Vilacheri (R.V) Nagamalaipudukottai (P) Ilangovadikal Street Ward 7 , 4.Vilacheri (R.V) Nagamalaipudukottai (P) Arignar Anna Street ward 7 , 5.Vilacheri (R.V) Nagamalaipudukottai (P) Pechimuthu Nethaji Street ward 7 , 6.Vilacheri (R.V) Nagamalaipudukottai (P) Sathasivam Street Ward 7 , 7.Vilacheri (R.V) Nagamalaipudukottai (P) Subramaniasiva Street ward 7 , 8.Vilacheri (R.V) Nagamalaipudukottai (P) Rajaji Street ward 7 ,
9.Vilacheri (R.V) Nagamalaipudukottai (P) Jawahar Street Ward 7 , 10.Vilacheri (R.V) Nagamalaipudukottai (P) Vanjinathan Street ward 7 , 99.OVERSEAS ELECTORS OVERSEAS ELECTORS",All Voters,"Sirumalar Girls Hr.Sec.School, Therasa Hall",Nagamalai Pudukottai - 625019.,tamilaga vettri kazhagam,347,249,98,dravida munnetra kazhagam,2,4,3,9,9,9,5,1,6,9,6,9,9,6,9,12.00980392156863,2
25,150,47,156,0,2,0,1,269,2,0,0,0,0,0,0,627,0,2,629,0,25,"Sirumalar Girls Hr.Sec.School, Therasa Hall, Nagamalai Pudukottai-625019.","1.Vilacheri (R.V) Nagamalaipudukottai (P) Kumarasami Raja Street Ward 7 , 2.Vilacheri (R.V) Nagamalaipudukottai (P) Omanthurar Street ward 7 , 3.Vilacheri (R.V) Nagamalaipudukottai (P) Kamarajar Street ward 7 , 4.Vilacheri (R.V) Nagamalaipudukottai (P) Radhakrishnan Street ward 7 , 5.Vilacheri (R.V) Nagamalaipudukottai (P) Kambar street ward 7 , 6.Vilacheri (R.V) Nagamalaipudukottai (P) Bakthavathsalam Street ward 7 , 7.Vilacheri (R.V) Nagamalaipudukottai (P) V.V.kiri Street ward 7 ,
8.Vilacheri (R.V) Nagamalaipudukottai (P) Theni Main Road S V N College Road Opposite Ward 7 ,
9.Vilacheri (R.V) Nagamalaipudukottai (P) Balasubramanian Street ward 7 , 99.OVERSEAS ELECTORS OVERSEAS ELECTORS",All Voters,"Sirumalar Girls Hr.Sec.School, Therasa Hall",Nagamalai Pudukottai-625019.,tamilaga vettri kazhagam,269,156,113,all india anna dravida munnetra kazhagam,3,4,2,8,5,8,7,1,5,8,8,8,8,8,8,18.02232854864434,0
26,214,35,104,0,0,0,4,164,0,0,0,0,1,1,0,523,0,2,525,0,26,"Sirumalar Girls Hr. Sec. School, Therasa Hall, Nagamalai Pudukottai - 625019.","1.Vilacheri (R.V) Nagamalaipudukottai (P) Jeevanantham Street Ward 7 , 2.Vilacheri (R.V) Nagamalaipudukottai (P) Kanmaikarai Ward 7 ,
3.Vilacheri (R.V) Nagamalaipudukottai (P) Rajiv Gandhi Street (E.B.Colony) Ward 7 4.Vilacheri (R.V) Nagamalaipudukottai (P) Teachers Quarters ward 7 ,
5.Vilacheri (R.V) Nagamalaipudukottai (P) Annaitherasa Street ward 7 , 99.OVERSEAS ELECTORS OVERSEAS ELECTORS",All Voters,"Sirumalar Girls Hr. Sec. School, Therasa Hall",Nagamalai Pudukottai - 625019.,dravida munnetra kazhagam,214,164,50,tamilaga vettri kazhagam,1,4,3,8,8,8,5,2,8,8,8,8,6,6,8,9.560229445506693,2
27,263,47,84,0,1,1,4,212,1,0,0,0,0,0,0,613,0,5,618,0,27,"Sirumalar Girls Hr. Sec. School, Therasa Hall,Nagamalai Pudukottai - 625019.","1.Vilacheri (R.V) Nagamalaipudukottai (P) Melakuilkudi Road Karunanithi Street Ward 7, 2.Vilacheri (R.V) Nagamalaipudukottai (P) Melakuilkudi Road Gurusami Nagar Ward 7 3.Vilacheri (R.V) Nagamalaipudukottai (P) Melakuilkudi Road Veeramamunivar Street Ward 7 ,
4.Vilacheri (R.V) Nagamalaipudukottai (P) Melakuilkudi Road Pandian Street Ward 7 5.Vilacheri (R.V) Nagamalaipudukottai (P) Melakuilkudi Road Thamarai Street Ward 7 6.Vilacheri (R.V) Nagamalaipudukottai (P) Melakuilkudi Road Kavikuil Street Ward 7 7.Vilacheri (R.V) Nagamalaipudukottai (P) Melakuilkudi Road Vaigai Street Ward 7 , 8.Vilacheri (R.V) Nagamalaipudukottai (P) Melakuilkudi Road Thilagar Street Ward 7 9.Vilacheri (R.V) Nagamalaipudukottai (P) Melakuilkudi Road Pounraj Street Ward 7, 10.Vilacheri (R.V) Nagamalaipudukottai (P) Melakuilkudi Road Vaithiyalingam Street Ward 7 ,
11.Vilacheri (R.V) Nagamalaipudukottai (P) Melakuilkudi Road Malligai Street Ward 7 12.Vilacheri (R.V) Nagamalaipudukottai (P) Melakuilkudi Road Gangaram Durairaj Street ward 7 ,
13.Vilacheri (R.V) Nagamalaipudukottai (P) Melakuilkudi Road Adikalar Street Ward 7 14.Vilacheri (R.V) Nagamalaipudukottai (P) Melakuilkudi Road Livingston Street Ward 7, 99.OVERSEAS ELECTORS OVERSEAS ELECTORS",All Voters,"Sirumalar Girls Hr. Sec. School, Therasa Hall",Nagamalai Pudukottai - 625019.,dravida munnetra kazhagam,263,212,51,tamilaga vettri kazhagam,1,4,3,9,6,6,5,2,6,9,9,9,9,9,9,8.31973898858075,0
28,236,39,115,0,1,0,0,258,0,1,0,0,0,2,0,652,0,4,656,0,28,"Kallar Reclamation Ele.School, Vadivelkarai-625019.","1.Vadivelkarai (R.V) Vadivelkarai(P) Vadivelkarai Ward 1 , 2.Vadivelkarai (R.V) Vadivelkarai (P) Vadivelkarai Ward 2 , 3.Vadivelkarai (R.V) Vadivelkarai (P) Vadivelkarai West ward 3 ,
99.OVERSEAS ELECTORS OVERSEAS ELECTORS",All Voters,Kallar Reclamation Ele.School,Vadivelkarai-625019.,tamilaga vettri kazhagam,258,236,22,dravida munnetra kazhagam,2,4,3,8,6,8,8,1,8,6,8,8,8,5,8,3.374233128834356,2
29,221,52,93,0,1,0,6,309,0,0,0,0,0,0,0,682,0,3,685,0,29,"Kallar Reclamation Ele.School, Additional Building Eastern Side, Vadivelkarai-625019.","1.Vadivelkarai (R.V) Vadivelkarai (p) Gandhi Nagar ward 3 , 2.Vadivelkarai (R.V) Vadivelkarai (P) Kalankarai Kalvai East street ward 3 , 3.Vadivelkarai (R.V) Vadivelkarai (P) EB colony ward 3 ,
4.Vadivelkarai (R.V) Vadivelkarai (P) Priyanka nagar ward 3 , 5.Vadivelkarai (R.V) Vadivelkarai (P) Ponnoli street ward 3 , 6.Vadivelkarai (R.V) Vadivelkarai (P) Keelakuilkudi Main road Ward 3 , 7.Vadivelkarai (R.V) Vadivelkarai (P) Theni Main Road Ward 3 , 8.Vadivelkarai (R.V) Vadivelkarai (P) Malaiyan nagar Ward 3 ,
99.OVERSEAS ELECTORS OVERSEAS ELECTORS",All Voters,"Kallar Reclamation Ele.School, Additional Building Eastern Side",Vadivelkarai-625019.,tamilaga vettri kazhagam,309,221,88,dravida munnetra kazhagam,2,4,3,7,6,7,5,1,7,7,7,7,7,7,7,12.90322580645161,0
30,136,31,71,0,0,0,0,120,1,0,0,0,0,0,0,359,0,1,360,0,30,"Kallar Reclamation Middle School,south building west portion
Keelakuilkudi-625019","1.Keelakuilkudi (R.V) Keelakuilkudi (P) Keelakuilkudi , 99.OVERSEAS ELECTORS OVERSEAS ELECTORS",All Voters,Kallar Reclamation Middle School,"south building west portion
Keelakuilkudi-625019",dravida munnetra kazhagam,136,120,16,tamilaga vettri kazhagam,1,4,3,6,6,6,6,2,5,6,6,6,6,6,6,4.456824512534819,0
31,231,50,91,1,1,0,2,284,0,0,0,1,0,1,1,663,0,7,670,0,31,"Kallar Reclamation Middle School, South building East portion Keelakuilkudi-625019","1.Keelakuilkudi (R.V) Keelakuilkudi (P) Keelakuilkudi 3rd Ward ,
2.Thattanoor (R.V) Keelakuilkudi (P) Seenivasa Colony (Thattanoor) , 99.OVERSEAS ELECTORS OVERSEAS ELECTORS",All Voters,Kallar Reclamation Middle School,South building East portion Keelakuilkudi-625019,tamilaga vettri kazhagam,284,231,53,dravida munnetra kazhagam,2,4,3,6,6,11,5,1,11,11,11,6,11,6,6,7.993966817496228,3
32,217,32,110,0,0,0,3,183,0,0,0,1,0,0,0,546,0,5,551,0,32,"Kallar Reclamation Middle School,Northern Building Keelakuilkudi-625019","1.Keelakuilkudi (R.V) Keelakuilkudi (P) Keelakuilkudi ward 1 , 2.Keelakuilkudi (R.V) Keelakuilkudi (P) Keelakuilkudi ward 3 ,
99.OVERSEAS ELECTORS OVERSEAS ELECTORS",All Voters,Kallar Reclamation Middle School,Northern Building Keelakuilkudi-625019,dravida munnetra kazhagam,217,183,34,tamilaga vettri kazhagam,1,4,3,7,7,7,5,2,7,7,7,6,7,7,7,6.227106227106227,1
33,309,74,171,0,0,1,2,435,0,1,1,1,0,1,1,997,0,2,999,0,33,"Panchayat Union Elementary School, East building Melakuilkudi-625019","1.Melakuilkudi (R.V) Melakuilkudi (P) Melakuilkudi East Street , 2.Melakuilkudi (R.V) Melakuilkudi (P) Melakuilkudi Mela Street , 3.Melakuilkudi (R.V) Melakuilkudi (P) Melakuilkudi ,
4.Melakuilkudi (R.V) Melakuilkudi (P) Parambumalai Melakuilkudi 2nd ward ,
99.OVERSEAS ELECTORS OVERSEAS ELECTORS",All Voters,Panchayat Union Elementary School,East building Melakuilkudi-625019,tamilaga vettri kazhagam,435,309,126,dravida munnetra kazhagam,2,4,3,12,12,6,5,1,12,6,6,6,12,6,6,12.63791374122367,4
34,184,29,98,2,1,2,2,215,0,0,0,0,0,1,0,534,0,2,536,0,34,"Panchayat Union Elementary School, South building Melakuilkudi-625019","1.Melakuilkudi (R.V) Melakuilkudi (P) Makes worth Nagar Melakuilkudi , 2.Melakuilkudi (R.V) Melakuilkudi (P) Central Bank Colony , 3.Melakuilkudi (R.V) Melakuilkudi (P) Sarvodaya Nagar ,
4.Melakuilkudi (R.V) Melakuilkudi (P) Gokilam Nagar ,
5.Melakuilkudi (R.V) Melakuilkudi (P) Samanar Malai, Othaveedu, Melakuilkudi , 6.Melakuilkudi (R.V) Melakuilkudi (P) Samayapuram Mariamman street , 7.Melakuilkudi (R.V) Melakuilkudi (P) R.S.Avenue ,
8.Melakuilkudi (R.V) Melakuilkudi (P) Officer Town , 99.OVERSEAS ELECTORS OVERSEAS ELECTORS",All Voters,Panchayat Union Elementary School,South building Melakuilkudi-625019,tamilaga vettri kazhagam,215,184,31,dravida munnetra kazhagam,2,4,3,5,8,5,5,1,10,10,10,10,10,8,10,5.805243445692884,1
35,150,64,81,0,0,0,7,186,0,1,0,3,0,0,0,492,0,1,493,0,35,"Kallar Reclamation Elementary School, Sakkilipatti-625021","1.Sakkilipatti (R.V) Sakkilipatti (P) Sakkilipatti East Street Ward 1 , 2.Sakkilipatti (R.V) Sakkilipatti (P) Sakkilipatti West street Ward 2 , 3.Sakkilipatti (R.V) Sakkilipatti (P) Asari Street Sakkilipatti Ward 2 , 4.Sakkilipatti (R.V) Sakkilipatti (P) S.C.Colony Sakkilipatti Ward 2 , 5.Sakkilipatti (R.V) Sakkilipatti (P) Chinnasakkilipatti Ward 2 ,
99.OVERSEAS ELECTORS OVERSEAS ELECTORS",All Voters,Kallar Reclamation Elementary School,Sakkilipatti-625021,tamilaga vettri kazhagam,186,150,36,dravida munnetra kazhagam,2,4,3,8,8,8,5,1,8,7,8,6,8,8,8,7.317073170731707,3
36,273,45,147,0,0,0,5,240,1,0,0,1,0,2,0,714,0,2,716,0,36,"Panchayat Union Middle School, Northern Building, Thenpalanji-625021","1.Thenpalanji (R.V) Thenpalanji (P) Thenpalanji Colony , 2.Thenpalanji (R.V) Thenpalanji (P) Thenpalanji East street , 3.Thenpalanji (R.V) Thenpalanji (P) Thenpalanji Middle Street , 4.Thenpalanji (R.V) Thenpalanji (P) Thenpalanji North Street ,
99.OVERSEAS ELECTORS OVERSEAS ELECTORS",All Voters,"Panchayat Union Middle School, Northern Building",Thenpalanji-625021,dravida munnetra kazhagam,273,240,33,tamilaga vettri kazhagam,1,4,3,9,9,9,5,2,7,9,9,7,9,6,9,4.621848739495799,3
37,135,42,154,1,1,0,2,321,0,0,0,5,0,0,0,661,0,1,662,0,37,"Panchayat Union Middle School, Western Building, Thenpalanji-625021","1.Thenpalanji (R.V) Thenpalanji (P) Thenpalanji West street , 2.Thenpalanji (R.V) Thenpalanji (P) Thenpalanji South Street , 3.Thenpalanji (R.V) Thenpalanji (P) Thenpalanji Mavilipatti Road , 4.Thenpalanji (R.V) Thenpalanji (P) Thenpalanji Vayalur , 5.Thenpalanji (R.V) Thenpalanji (P) Thenpalanji Ayyanarkulam ,
6.Thenpalanji (R.V) Thenpalanji (P) Thenpalanji Mavilipatti Road Meenakshi Colony , 99.OVERSEAS ELECTORS OVERSEAS ELECTORS",All Voters,"Panchayat Union Middle School, Western Building",Thenpalanji-625021,tamilaga vettri kazhagam,321,154,167,all india anna dravida munnetra kazhagam,3,4,2,7,7,9,6,1,9,9,9,5,9,9,9,25.26475037821483,5
38,264,69,165,0,0,0,17,277,0,0,0,0,1,0,1,794,0,1,795,0,38,"Panchayat Union Elementary School, Main Building, Western Portion,
Thoppur-625008","1.Thoppur (R.V) Thoppur (P) Thoppur Ward 1 , 99.OVERSEAS ELECTORS OVERSEAS ELECTORS",All Voters,"Panchayat Union Elementary School, Main Building, Western Portion",Thoppur-625008,tamilaga vettri kazhagam,277,264,13,dravida munnetra kazhagam,2,4,3,8,8,8,5,1,8,8,8,8,6,8,6,1.63727959697733,2
39,158,27,122,0,0,0,9,113,0,0,0,0,0,0,0,429,0,2,431,0,39,"Panchayat Union Elementary School, Main Building, Centre Portion,
Thoppur-625008","1.Thoppur (R.V) Thoppur (P) Thoppur Ward 2 , 99.OVERSEAS ELECTORS OVERSEAS ELECTORS",All Voters,"Panchayat Union Elementary School, Main Building, Centre Portion",Thoppur-625008,dravida munnetra kazhagam,158,122,36,all india anna dravida munnetra kazhagam,1,4,2,6,6,6,5,3,6,6,6,6,6,6,6,8.391608391608392,0
40,365,68,245,1,0,0,14,340,1,0,1,0,1,1,0,1037,0,1,1038,0,40,"Panchayat Union Elementary School, Main Building, Eastern Portion,Thoppur-625008","1.Thoppur (R.V) Thoppur (P) Sesaiyar Illam Mesorear Mill Road ,
2.Thoppur (R.V) Thoppur (P) Tamil Nadu Housing Board Quarters ,
3.Thoppur (R.V) Thoppur (P) T N H B  M I G 2 ,
4.Thoppur (R.V) Thoppur (P) T N H B  H I G 1 ,
5.Thoppur (R.V) Thoppur (P) T N H B L I G 1 ,
6.Thoppur (R.V) Thoppur (P) Thoppur Main road ,
7.Thoppur (R.V) Thoppur (P) Thoppur Thabovanam , 99.OVERSEAS ELECTORS OVERSEAS ELECTORS",All Voters,"Panchayat Union Elementary School, Main Building, Eastern Portion",Thoppur-625008,dravida munnetra kazhagam,365,340,25,tamilaga vettri kazhagam,1,4,3,6,11,11,5,2,6,11,6,11,6,6,11,2.410800385728062,3
41,258,63,144,2,0,0,3,442,2,0,0,1,0,1,2,918,0,6,924,0,41,"Panchayat Union Elementary School, Munandipatti-625008","1.Thoppur (R.V) Thoppur (p) Moonandipatti ,
2.Thoppur (R.V) Thoppur (P) Alavay Colony ,
3.Thoppur (R.V) Thoppur (P) Astinpatti ,
4.Thoppur (R.V) Thoppur (P) P.T.R. College Astinpatti Road , 99.OVERSEAS ELECTORS OVERSEAS ELECTORS",All Voters,Panchayat Union Elementary School,Munandipatti-625008,tamilaga vettri kazhagam,442,258,184,dravida munnetra kazhagam,2,4,3,6,11,11,5,1,6,11,11,9,11,9,6,20.04357298474946,4
42,178,22,217,2,1,0,1,121,1,0,0,0,1,1,1,546,0,1,547,0,42,"Panchayat Union Elementary School, Main Building, South Portion, Vedarpuliyankulam-625006","1.Vedarpuliankulam (R.V) Vedarpuliankulam (P) Harijan Street Downside , 2.Vedarpuliankulam (R.V) Vedarpuliankulam (P) Nadu Street , 3.Vedarpuliankulam (R.V) Vedarpuliankulam (P) Bharathi Nagar , 4.Vedarpuliankulam (R.V) Vedarpuliankulam (P) North Street , 5.Vedarpuliankulam (R.V) Vedarpuliankulam (P) East Street , 6.Vedarpuliankulam (R.V) Vedarpuliankulam (P) Manthai Street , 7.Vedarpuliankulam (R.V) Vedarpuliankulam (P) North Street 2 , 8.Vedarpuliankulam (R.V) Vedarpuliankulam (P) Angaiyarkanni Nagar ,
99.OVERSEAS ELECTORS OVERSEAS ELECTORS",All Voters,"Panchayat Union Elementary School, Main Building, South Portion",Vedarpuliyankulam-625006,all india anna dravida munnetra kazhagam,217,178,39,dravida munnetra kazhagam,2,4,1,5,6,12,6,3,6,12,12,12,6,6,6,7.142857142857142,3
43,143,38,141,0,0,0,0,148,1,0,0,1,0,0,1,473,0,2,475,0,43,"Panchayat Union Elementary School, Main Building, Middle Portion, Vedarpuliyankulam-625006","1.Vedarpuliankulam (R.V) Vedarpuliankulam (P) West Street , 2.Vedarpuliankulam (R.V) Vedarpuliankulam (P) Vedarpuliankulam , 3.Vedarpuliankulam (R.V) Vedarpuliankulam (P) Thottam , 4.Vedarpuliankulam (R.V) Vedarpuliankulam (P) Muthariyar Colony , 5.Vedarpuliankulam (R.V) Vedarpuliankulam (P) South Street , 6.Vedarpuliankulam (R.V) Vedarpuliankulam (P) V.P.Sinthan Nagar , 7.Vedarpuliankulam (R.V) Vedarpuliankulam (P) Ganapathi Nagar , 8.Vedarpuliankulam (R.V) Vedarpuliankulam (P) Soundaram Nagar ,
99.OVERSEAS ELECTORS OVERSEAS ELECTORS",All Voters,"Panchayat Union Elementary School, Main Building, Middle Portion",Vedarpuliyankulam-625006,tamilaga vettri kazhagam,148,143,5,dravida munnetra kazhagam,2,4,3,8,8,8,8,1,5,8,8,5,8,8,5,1.05708245243129,2
44,216,66,138,2,0,0,4,206,0,2,1,0,0,1,0,636,0,4,640,0,44,"Kallar Reclamation High School, Main Building, West Portion, Thanakkankulam-625006","1.Thanakkankulam (R.V) Thanakkankulam (P) Ayyanar Street , 2.Thanakkankulam (R.V) Thanakkankulam (P) Perumal Kovil Street ,
99.OVERSEAS ELECTORS OVERSEAS ELECTORS",All Voters,"Kallar Reclamation High School, Main Building, West Portion",Thanakkankulam-625006,dravida munnetra kazhagam,216,206,10,tamilaga vettri kazhagam,1,4,3,6,10,10,5,2,10,6,8,10,10,8,10,1.572327044025157,2
45,239,53,166,1,0,0,4,165,2,0,0,0,0,1,0,631,0,3,634,0,45,"Kallar Reclamation High School, Main Building, Centre Portion, Thanakkankulam-625006","1.Thanakkankulam (R.V) Thanakkankulam (P) Iyyanar Colony , 2.Thanakkankulam (R.V) Thanakkankulam (P) Krishna Nagar , 3.Thanakkankulam (R.V) Thanakkankulam (P) Kalai Nagar ,
99.OVERSEAS ELECTORS OVERSEAS ELECTORS",All Voters,"Kallar Reclamation High School, Main Building, Centre Portion",Thanakkankulam-625006,dravida munnetra kazhagam,239,166,73,all india anna dravida munnetra kazhagam,1,4,2,7,9,9,5,3,6,9,9,9,9,7,9,11.5689381933439,1
46,324,35,211,0,0,1,6,371,0,0,1,0,0,0,0,949,0,2,951,0,46,"Governemnt Kallar Reclamation High School, Main Building, Eastern Portion, Thanakkankulam-625006","1.Thanakkankulam (R.V) Thanakkankulam (P) Thanakankulam ward 2 , 2.Thanakkankulam (R.V) Thanakkankulam (P) Kamarajar Street , 99.OVERSEAS ELECTORS OVERSEAS ELECTORS",All Voters,"Governemnt Kallar Reclamation High School, Main Building, Eastern Portion",Thanakkankulam-625006,tamilaga vettri kazhagam,371,324,47,dravida munnetra kazhagam,2,4,3,8,8,6,5,1,8,8,6,8,8,8,8,4.952581664910432,1
47,214,28,87,1,0,0,9,238,0,0,0,0,0,0,0,577,0,3,580,0,47,"Governemnt Kallar Reclamation High School, Middle Building, North Portion, Thanakkankulam-625006","1.Thanakkankulam (R.V) Thanakkankulam (P) P.R.C.Ceylon Colony Ward 4 , 2.Thanakkankulam (R.V) Thanakkankulam (P) M.G.R.Colony , 3.Thanakkankulam (R.V) Thanakkankulam (P) Yoga Nagar ,
99.OVERSEAS ELECTORS OVERSEAS ELECTORS",All Voters,"Governemnt Kallar Reclamation High School, Middle Building, North Portion",Thanakkankulam-625006,tamilaga vettri kazhagam,238,214,24,dravida munnetra kazhagam,2,4,3,6,7,7,5,1,7,7,7,7,7,7,7,4.15944540727903,0
48,308,56,102,0,1,0,2,428,0,0,0,0,0,0,2,899,0,4,903,0,48,"Kallar Reclamation Primary School, East Building, Eastern Portion, Thanakkankulam-625006","1.Thanakkankulam (R.V) Thanakkankulam (P) Karthika Nagar , 2.Thanakkankulam (R.V) Thanakkankulam (P) Brintha Nagar , 3.Thanakkankulam (R.V) Thanakkankulam (P) Mullai Nagar ,
4.Thanakkankulam (R.V) Thanakkankulam (P) K.V.M.Nagar Mullai Nagar South , 5.Thanakkankulam (R.V) Thanakkankulam (P) Punitha Annal Hospital , 6.Thanakkankulam (R.V) Thanakkankulam (P) Astalakshmi Nagar , 7.Thanakkankulam (R.V) Thanakkankulam (P) Sowbakiya Nagar , 8.Thanakkankulam (R.V) Thanakkankulam (P) G.S.T.Road ,
9.Thanakkankulam (R.V) Thanakkankulam (P) Durga Nagar , 99.OVERSEAS ELECTORS OVERSEAS ELECTORS",All Voters,"Kallar Reclamation Primary School, East Building, Eastern Portion",Thanakkankulam-625006,tamilaga vettri kazhagam,428,308,120,dravida munnetra kazhagam,2,4,3,8,7,8,5,1,8,8,8,8,8,8,5,13.34816462736374,2
49,137,36,149,0,0,0,3,209,1,0,0,0,0,1,0,536,0,0,536,0,49,"Kallar Reclamation Primary School, East Building,West  Portion, Thanakkankulam-625006","1.Thanakkankulam (R.V) Thanakkankulam (P) Annai Sivagami Nagar , 2.Thanakkankulam (R.V) Thanakkankulam (P) Aravind Nagar 1st Street , 3.Thanakkankulam (R.V) Thanakkankulam (P) Thenpalanji Road Aravind Nagar, 4.Thanakkankulam (R.V) Thanakkankulam (P) Aravind Nagar , 5.Thanakkankulam (R.V) Thanakkankulam (P) Aravind Nagar 3rd Street , 6.Thanakkankulam (R.V) Thanakkankulam (P) Aravind Nagar 2nd Street , 7.Thanakkankulam (R.V) Thanakkankulam (P) Kurinji Nagar , 8.Thanakkankulam (R.V) Thanakkankulam (P) Punitha Charles ,
99.OVERSEAS ELECTORS OVERSEAS ELECTORS",All Voters,"Kallar Reclamation Primary School, East Building,West  Portion",Thanakkankulam-625006,tamilaga vettri kazhagam,209,149,60,all india anna dravida munnetra kazhagam,3,4,2,8,8,8,5,1,6,8,8,8,8,6,8,11.19402985074627,1
50,385,55,148,0,1,1,7,354,0,1,1,0,0,5,1,959,0,2,961,0,50,"Kallar Reclamation Primary School, Middle Building, Thanakkankulam-625006","1.Thanakkankulam (R.V) Thanakkankulam (P) Nethaji Nagar , 2.Thanakkankulam (R.V) Thanakkankulam (P) Nethaji Nagar Kanmaikarai ,
99.OVERSEAS ELECTORS OVERSEAS ELECTORS",All Voters,"Kallar Reclamation Primary School, Middle Building",Thanakkankulam-625006,dravida munnetra kazhagam,385,354,31,tamilaga vettri kazhagam,1,4,3,12,7,7,5,2,12,7,7,12,12,6,7,3.232533889468196,7
51,311,48,132,0,0,0,3,330,0,1,0,2,0,0,1,828,0,2,830,0,51,"St.Charles Matric Higher Secondary School,West Building, Eastern Portion, Thanakkankulam-625006","1.Thanakkankulam (R.V) Thanakkankulam (P) Burma Colony Ward 5 , 99.OVERSEAS ELECTORS OVERSEAS ELECTORS",All Voters,"St.Charles Matric Higher Secondary School,West Building, Eastern Portion",Thanakkankulam-625006,tamilaga vettri kazhagam,330,311,19,dravida munnetra kazhagam,2,4,3,9,9,9,5,1,9,7,9,6,9,9,7,2.294685990338164,3
52,271,69,127,0,2,0,1,366,2,0,1,0,0,0,1,840,0,5,845,0,52,"St.Charles Matric Higher Secondary School, West Building Centre Portion,Thiruvalluvar nagar Thanakkankulam-625006","1.Thanakkankulam (R.V) Thanakkankulam (P) Burma Colony (Ceylon Colony) Ward 5
,
2.Thanakkankulam (R.V) Thanakkankulam (P) Kurinji Nagar Ward 4 , 3.Thanakkankulam (R.V) Thanakkankulam (P) Ayyar Colony Ward 1 , 99.OVERSEAS ELECTORS OVERSEAS ELECTORS",All Voters,"St.Charles Matric Higher Secondary School, West Building Centre Portion",Thiruvalluvar nagar Thanakkankulam-625006,tamilaga vettri kazhagam,366,271,95,dravida munnetra kazhagam,2,4,3,10,5,10,7,1,5,10,7,10,10,10,7,11.30952380952381,2
53,264,40,195,0,1,1,10,279,1,1,0,0,0,1,0,793,0,4,797,0,53,"St.Charles Matric Higher Secondary School, Main Building, Western Portion,Near Computer Section, Thanakkankulam-625006","1.Thanakkankulam (R.V) Thanakkankulam (P) Harijan Colony Ward 5 , 2.Thanakkankulam (R.V) Thanakkankulam (P) Indra Nagar Ward 5 , 3.Thanakkankulam (R.V) Thanakkankulam (P) Parambumedu Ward 5 , 4.Thanakkankulam (R.V) Thanakkankulam (P) Bharathiar Nagar Ward 5 ,
99.OVERSEAS ELECTORS OVERSEAS ELECTORS",All Voters,"St.Charles Matric Higher Secondary School, Main Building, Western Portion,Near Computer Section",Thanakkankulam-625006,tamilaga vettri kazhagam,279,264,15,dravida munnetra kazhagam,2,4,3,11,6,6,5,1,6,6,11,11,11,6,11,1.891551071878941,1
54,291,37,189,2,0,0,9,326,0,1,0,0,0,0,0,855,0,1,856,0,54,"St.Charles Matric Higher Secondary School, East Building, Northern Portion, Near Computer Section,
Thanakkankulam-625006","1.Thanakkankulam (R.V) Thanakkankulam (P) Thiruvalluvar Nagar Ward 5 , 2.Thanakkankulam (R.V) Thanakkankulam (P) Odai Colony Ward 1 , 99.OVERSEAS ELECTORS OVERSEAS ELECTORS",All Voters,"St.Charles Matric Higher Secondary School, East Building, Northern Portion, Near Computer Section",Thanakkankulam-625006,tamilaga vettri kazhagam,326,291,35,dravida munnetra kazhagam,2,4,3,6,8,8,5,1,8,7,8,8,8,8,8,4.093567251461988,0
55,213,47,256,0,0,0,15,320,0,0,0,0,0,0,0,851,0,6,857,0,55,"Kallar Reclamation Elementary School, New Building, Northern Portion, Vilacheri-625006","1.Vilacheri (R.V) Vilacheri (p) Pallivasal North Muslim Street Ward 1 , 2.Vilacheri (R.V) Vilacheri (P) Vilacheri Main Road Ward 2 , 3.Vilacheri (R.V) Vilacheri (P) South Muslim Street Ward 2 ,
99.OVERSEAS ELECTORS OVERSEAS ELECTORS",All Voters,"Kallar Reclamation Elementary School, New Building, Northern Portion",Vilacheri-625006,tamilaga vettri kazhagam,320,256,64,all india anna dravida munnetra kazhagam,3,4,2,6,6,6,5,1,6,6,6,6,6,6,6,7.520564042303173,0
56,234,50,218,0,2,0,5,336,1,1,0,1,0,1,0,849,0,3,852,0,56,"Kallar Reclamation Elementary
School, New Building, Southern Portion, Vilacheri-625006","1.Vilacheri (R.V) Vilacheri (P) Athisivan Kovil Street Ward 3 , 99.OVERSEAS ELECTORS OVERSEAS ELECTORS",All Voters,"Kallar Reclamation Elementary
School, New Building, Southern Portion",Vilacheri-625006,tamilaga vettri kazhagam,336,234,102,dravida munnetra kazhagam,2,4,3,11,6,11,5,1,7,7,11,7,11,7,11,12.01413427561837,2
57,273,49,185,1,0,2,7,331,0,0,1,0,0,1,2,852,0,2,854,0,57,"Community Hall,  Vilacheri-625006","1.Vilacheri (R.V) Vilacheri (P) Mela Street Ward 3 , 2.Vilacheri (R.V) Vilacheri (P) Pasumpon Street Ward 3 , 3.Vilacheri (R.V) Vilacheri (P) Yathavar Street Ward 4 , 4.Vilacheri (R.V) Vilacheri (P) Vellar Street Ward 3 ,
99.OVERSEAS ELECTORS OVERSEAS ELECTORS",All Voters,Community Hall,Vilacheri-625006,tamilaga vettri kazhagam,331,273,58,dravida munnetra kazhagam,2,4,3,8,11,6,5,1,11,11,8,11,11,8,6,6.807511737089202,4
58,199,42,131,0,1,0,3,278,0,0,0,2,0,0,0,656,0,4,660,0,58,"Panchayat Union Middle School,Additional Building Northern Side, Vilacheri-625006","1.Vilacheri (R.V) Vilacheri (P) Gandhi Street Ward 12 , 2.Vilacheri (R.V) Vilacheri (P) Chetti Street Ward 5 , 3.Vilacheri (R.V) Vilacheri (P) Nadu Street Ward 5 , 4.Vilacheri (R.V) Vilacheri (P) Yathavar Street Ward 3 ,
99.OVERSEAS ELECTORS OVERSEAS ELECTORS",All Voters,"Panchayat Union Middle School,Additional Building Northern Side",Vilacheri-625006,tamilaga vettri kazhagam,278,199,79,dravida munnetra kazhagam,2,4,3,8,7,8,5,1,8,8,8,6,8,8,8,12.04268292682927,2
59,216,45,113,0,2,0,2,275,0,0,0,0,0,1,0,654,0,6,660,0,59,"Panchayat Union Middle School,Additional Building South Side, Vilacheri-625006","1.Vilacheri (R.V) Vilacheri (P) Pasumpon Street Ward 3 ,
2.Vilacheri (R.V) Vilacheri (P) Velar Street Ward 3 , 99.OVERSEAS ELECTORS OVERSEAS ELECTORS",All Voters,"Panchayat Union Middle School,Additional Building South Side",Vilacheri-625006,tamilaga vettri kazhagam,275,216,59,dravida munnetra kazhagam,2,4,3,8,5,8,5,1,8,8,8,8,8,7,8,9.021406727828746,1
60,347,45,128,1,0,0,5,378,1,0,0,0,0,1,0,906,0,5,911,0,60,"Panchayat Union Middle School,South Building South  Portion, Vilacheri-625006","1.Vilacheri (R.V) Vilacheri (P) Kalaignar Nagar Ward 3 , 2.Vilacheri (R.V) Vilacheri (P) Eswari Street Ward 4 ,
99.OVERSEAS ELECTORS OVERSEAS ELECTORS",All Voters,"Panchayat Union Middle School,South Building South  Portion",Vilacheri-625006,tamilaga vettri kazhagam,378,347,31,dravida munnetra kazhagam,2,4,3,6,9,9,5,1,6,9,9,9,9,6,9,3.421633554083885,1
61,249,57,133,0,2,1,2,335,0,0,0,0,0,1,0,780,0,7,787,0,61,"Panchayat Union Middle School,Additional Building South Portion, Vilacheri-625006","1.Vilacheri (R.V) Vilacheri (P) Sevukar Street Ward 4 , 2.Vilacheri (R.V) Vilacheri (P) Agraharam Ward 4 , 3.Vilacheri (R.V) Vilacheri (P) Anna Street Ward 5 ,
99.OVERSEAS ELECTORS OVERSEAS ELECTORS",All Voters,"Panchayat Union Middle School,Additional Building South Portion",Vilacheri-625006,tamilaga vettri kazhagam,335,249,86,dravida munnetra kazhagam,2,4,3,9,5,7,5,1,9,9,9,9,9,7,9,11.02564102564103,1
62,229,33,151,0,1,0,3,374,1,0,0,0,1,1,0,794,0,2,796,0,62,"Panchayat Union Middle School, Southern Building Southern  Portion, Vilacheri-625006","1.Vilacheri (R.V) Vilacheri (P) Main Road Ward 5 , 2.Vilacheri (R.V) Vilacheri (P) Kottaram Ward 4 , 3.Vilacheri (R.V) Vilacheri (P) Kalaignar Nagar Ward 3 ,
4.Vilacheri (R.V) Vilacheri (P) Thirunagar Main Road Ward 3 ,
99.OVERSEAS ELECTORS OVERSEAS ELECTORS",All Voters,"Panchayat Union Middle School, Southern Building Southern  Portion",Vilacheri-625006,tamilaga vettri kazhagam,374,229,145,dravida munnetra kazhagam,2,4,3,10,6,10,5,1,6,10,10,10,6,6,10,18.26196473551637,2
63,223,37,127,0,4,0,1,322,0,0,0,0,0,1,0,715,0,7,722,0,63,"Seethalakshmi Higher Secondary School, Southern Building, Eastern Portion, Thirunagar-625006","1.Madurai (C) Thirunagar (TP) Gandhiji 1st Cross Street Ward 98 ,
2.Madurai (C) Thirunagar (TP) Gandhiji 2nd Cross Street Ward 98 ,
3.Madurai (C) Thirunagar (TP) Gandhiji 3rd Cross Street Ward 98 ,
4.Madurai (C) Thirunagar (TP) Gandhiji 4th Cross Street Ward 98 ,
5.Madurai (C) Thirunagar (TP) Gandhiji 5th Cross Street Ward 98 ,
6.Madurai (C) Thirunagar (TP) Gandhiji 6th Cross Street Ward 98 ,
7.Madurai (C) Thirunagar (TP) Gandhiji 7th Cross Street Ward 98 ,
8.Madurai (C) Thirunagar (TP) Gandhiji Street Ward 98 ,
9.Madurai (C) Thirunagar (TP) Bharathiyar Street Ward 98 ,
10.Madurai (C) Thirunagar (TP) Bharathiyar East Street Ward 98 , 99.OVERSEAS ELECTORS OVERSEAS ELECTORS",All Voters,"Seethalakshmi Higher Secondary School, Southern Building, Eastern Portion",Thirunagar-625006,tamilaga vettri kazhagam,322,223,99,dravida munnetra kazhagam,2,4,3,8,5,8,6,1,8,8,8,8,8,6,8,13.84615384615385,1
64,228,44,123,2,1,0,3,433,1,0,1,0,0,2,1,839,0,2,841,0,64,"Seethalakshmi Higher Secondary School, Southern Building, Centre Portion, (East side) Thirunagar-625006","1.Madurai (C) Thirunagar (TP) Ramabadran Street Ward 98 ,
2.Madurai (C) Thirunagar (TP) Kumarasamy Street Ward 98 ,
3.Madurai (C) Thirunagar (TP) Duraisamy Street Ward 98 ,
4.Madurai (C) Thirunagar (TP) Parthasarathi Street Ward 98 ,
5.Madurai (C) Thirunagar (TP) Subburaman Street Ward 98 ,
6.Madurai (C) Thirunagar (TP) Bazar Street Ward 98 ,
7.Madurai (C) Thirunagar (TP) Rajaji Street Ward 98 ,
8.Madurai (C) Thirunagar (TP) Rajaji Street Police Quarters Ward 98 ,
9.Madurai (C) Thirunagar (TP) Sundarar Street Ward 98 ,
10.Madurai (C) Thirunagar (TP) Shanmugar Street Ward 98 ,
11.Madurai (C) Thirunagar (TP) Meenakshi Street Ward 98 ,
12.Madurai (C) Thirunagar (TP) Brindavan Street Ward 98 ,
13.Madurai (C) Thirunagar (TP) Krishnamoorthi Street Ward 98 , 99.OVERSEAS ELECTORS OVERSEAS ELECTORS",All Voters,"Seethalakshmi Higher Secondary School, Southern Building, Centre Portion",(East side) Thirunagar-625006,tamilaga vettri kazhagam,433,228,205,dravida munnetra kazhagam,2,4,3,6,8,12,5,1,8,12,8,12,12,6,8,24.43384982121573,4
65,201,59,80,0,0,0,4,402,0,0,0,0,0,1,1,748,0,2,750,0,65,"Seethalakshmi Higher Secondary School, Southern Building, Middle Portion, Thirunagar-625006","1.Madurai (C) Thirunagar (TP) Kamarajar Street Ward 98 ,
2.Madurai (C) Thirunagar (TP) Nellaiyappar Street Ward 98 ,
3.Madurai (C) Thirunagar (TP) Vengaram Street Ward 98 ,
4.Madurai (C) Thirunagar (TP) Govindasamy Street Ward 98 ,
5.Madurai (C) Thirunagar (TP) Sornam Colony Ward 98 ,
6.Madurai (C) Thirunagar (TP) Sundar Nagar 2nd Street Ward 98 ,
7.Madurai (C) Thirunagar (TP) B D O Officer Quarters Ward 98 ,
8.Madurai (C) Thirunagar (TP) Renganathan Street Ward 98 ,
9.Madurai (C) Thirunagar (TP) Poonga Street Ward 98 ,
10.Madurai (C) Thirunagar (TP) Officers Quarters Ward 98 ,
11.Madurai (C) Thirunagar (TP) G S T Main Road Ward 98 , 99.OVERSEAS ELECTORS OVERSEAS ELECTORS",All Voters,"Seethalakshmi Higher Secondary School, Southern Building, Middle Portion",Thirunagar-625006,tamilaga vettri kazhagam,402,201,201,dravida munnetra kazhagam,2,4,3,8,8,8,5,1,8,8,8,8,8,6,6,26.8716577540107,2
66,233,45,155,0,4,0,3,411,0,1,2,1,1,1,0,857,0,4,861,0,66,"Seethalakshmi Higher Secondary School, Southern Building, Centre Portion, (West Side) Thirunagar-625006","1.Madurai (C) Thirunagar (TP) Raman Street Ward 97 ,
2.Madurai (C) Thirunagar (TP) Nethaji Main Road Ward 97 ,
3.Madurai (C) Thirunagar (TP) Nethaji 1st Cross Street Ward 97 ,
4.Madurai (C) Thirunagar (TP) Seethalakshmi Mill Complex ,
5.Madurai (C) Thirunagar (TP) Nethaji 2nd Cross Street Ward 97 ,
6.Madurai (C) Thirunagar (TP) Nethaji 3rd Cross Street Ward 97 ,
7.Madurai (C) Thirunagar (TP) Nethaji 4th Street Ward 97 ,
8.Madurai (C) Thirunagar (TP) Balaji Street ,
9.Madurai (C) Thirunagar (TP) Chitrakala Colony 1st Street ,
10.Madurai (C) Thirunagar (TP) Kunjaram Street Ward 97 ,
11.Madurai (C) Thirunagar (TP) Masilamani Street ,
12.Madurai (C) Thirunagar (TP) West Masilamani Street , 99.OVERSEAS ELECTORS OVERSEAS ELECTORS",All Voters,"Seethalakshmi Higher Secondary School, Southern Building, Centre Portion",(West Side) Thirunagar-625006,tamilaga vettri kazhagam,411,233,178,dravida munnetra kazhagam,2,4,3,12,5,12,6,1,12,8,7,8,8,8,12,20.77012835472579,5
67,586,15,67,0,0,2,3,155,0,0,0,0,0,0,0,828,0,6,834,0,67,"Seethalakshmi Higher Secondary School, Southern Building, Western Portion, Thirunagar-625006","1.Madurai (C) Thirunagar (TP) Vivekanandar Street Ward 97 ,
2.Madurai (C) Thirunagar (TP) Elango Street Ward 97 ,
3.Madurai (C) Thirunagar (TP) G S T Road Ward 97 ,
4.Madurai (C) Thirunagar (TP) Kabilar Street ,
5.Madurai (C) Thirunagar (TP) Amaithi Solai Ward 97 ,
6.Madurai (C) Thirunagar (TP) Pandian Street Ward 97 ,
7.Madurai (C) Thirunagar (TP) Vetri Vinayagar Kovil Street Ward 97 ,
8.Madurai (C) Thirunagar (TP) Vanjinathan Street 97 ,
9.Madurai (C) Thirunagar (TP) Parasakthi Street Ward 97 ,
10.Madurai (C) Thirunagar (TP) Thilagar Street Ward 97 ,
11.Madurai (C) Thirunagar (TP) Mani Street Ward 98 ,
12.Madurai (C) Thirunagar (TP) Chitrakala Colony Mani Cross Street  , 99.OVERSEAS ELECTORS OVERSEAS ELECTORS",All Voters,"Seethalakshmi Higher Secondary School, Southern Building, Western Portion",Thirunagar-625006,dravida munnetra kazhagam,586,155,431,tamilaga vettri kazhagam,1,4,3,7,7,6,5,2,7,7,7,7,7,7,7,52.05314009661836,0
68,305,50,151,2,0,3,2,411,0,0,0,0,0,0,0,924,0,6,930,0,68,"Sabitha Bai Kovai Higher Secondary School, West Building South Portion Thirunagar-625006","1.Madurai (C) Thirunagar (TP) Pasumpon 1st street (Achamuthamman Kovil Street) Ward 98 ,
2.Madurai (C) Thirunagar (TP) Pasumpon 2nd Street Ward 98 ,
3.Madurai (C) Thirunagar (TP) Onakkal 3rd Cross Street Ward 98 ,
4.Madurai (C) Thirunagar (TP) Onakkal Cross Street Ward 98 ,
5.Madurai (C) Thirunagar (TP) Seenivasa Nagar 5th Cross Street Ward 98 ,
6.Madurai (C) Thirunagar (TP) Venkateshwara Street Ward 98 ,
7.Madurai (C) Thirunagar (TP) Chokkanathar Street Ward 98 ,
8.Madurai (C) Thirunagar (TP) Veeraragava Perumal Street Ward 98 ,
9.Madurai (C) Thirunagar (TP) Thangamani Street ,
10.Madurai (C) Thirunagar (TP) Baluchamy Street ,
11.Madurai (C) Thirunagar (TP) Ilakkuvanar Street ,
12.Madurai (C) Thirunagar (TP) Lakkuvanar 1st Cross Street ,
13.Madurai (C) Thirunagar (TP) Lakkuvanar 2nd Cross Street ,
14.Madurai (C) Thirunagar (TP) Lakkuvanar 3rd Cross Street , 99.OVERSEAS ELECTORS OVERSEAS ELECTORS",All Voters,Sabitha Bai Kovai Higher Secondary School,West Building South Portion Thirunagar-625006,tamilaga vettri kazhagam,411,305,106,dravida munnetra kazhagam,2,4,3,6,8,5,6,1,8,8,8,8,8,8,8,11.47186147186147,0
69,127,37,86,0,0,1,3,190,0,0,0,0,0,0,0,444,0,1,445,0,69,"Sabitha Bai Kovai Higher Secondary School, West Building Middle Portion (South Side) Thirunagar-625006","1.Madurai (C) Thirunagar (TP) Seenivasapuram (Annai Sathiya Street) Ward 98,
2.Madurai (C) Thirunagar (TP) Teachers Quarters ward 98 ,
3.Madurai (C) Thirunagar (TP) Seenivasa Nagar Ward 98 ,
4.Madurai (C) Thirunagar (TP) Seenivasa Nagar 1st Cross Street Ward 98 ,
5.Madurai (C) Thirunagar (TP) Seenivasa Nagar 2nd Cross Street Ward 98 ,
6.Madurai (C) Thirunagar (TP) Seenivasa Nagar 3rd Cross Street Ward 98 ,
7.Madurai (C) Thirunagar (TP) Visalatchi Street Ward 98 ,
8.Madurai (C) Thirunagar (TP) Thiruvalluvar Street Ward 98 , 99.OVERSEAS ELECTORS OVERSEAS ELECTORS",All Voters,Sabitha Bai Kovai Higher Secondary School,West Building Middle Portion (South Side) Thirunagar-625006,tamilaga vettri kazhagam,190,127,63,dravida munnetra kazhagam,2,4,3,7,7,6,5,1,7,7,7,7,7,7,7,14.18918918918919,0
70,257,18,112,1,1,0,2,255,0,0,0,1,0,1,0,648,0,1,649,0,70,"Sabitha Bai Kovai Higher Secondary School, West Building Middle Portion Thirunagar-625006","1.Madurai (C) Thirunagar (TP) Maruthu Pandiyar Street ,
2.Madurai (C) Thirunagar (TP) Thirukkumaran Nagar 1st Street ,
3.Madurai (C) Thirunagar (TP) Pillaiyar Kovil Street Ward 98 ,
4.Madurai (C) Thirunagar (TP) Rasi Street Ward 98 ,
5.Madurai (C) Thirunagar (TP) Sahaya Nagar New Kambar Street ,
6.Madurai (C) Thirunagar (TP) Vinayagar Kovil Street ,
7.Madurai (C) Thirunagar (TP) Sivasubramanian Street Ward 98 ,
8.Madurai (C) Thirunagar (TP) Nehruji Street Ward 98 , 99.OVERSEAS ELECTORS OVERSEAS ELECTORS",All Voters,Sabitha Bai Kovai Higher Secondary School,West Building Middle Portion Thirunagar-625006,dravida munnetra kazhagam,257,255,2,tamilaga vettri kazhagam,1,4,3,6,6,10,5,2,10,10,10,6,10,6,10,0.308641975308642,2
71,249,34,90,1,0,1,5,202,1,0,0,0,1,0,0,584,0,1,585,0,71,"Sabitha Bai Kovai Higher Secondary School, West Building Middle Portion (North Side) Thirunagar-625006","1.Madurai (C) Thirunagar (TP) Amalapalli Street Ward 98 ,
2.Madurai (C) Thirunagar (TP) Vilachery Main Road Ward 98 ,
3.Madurai (C) Thirunagar (TP) Vilacheri Velavar Street Ward 98 ,
4.Madurai (C) Thirunagar (TP) Indra Gandhi Street Ward 98 ,
5.Madurai (C) Thirunagar (TP) Mangammal Road Ward 98 ,
6.Madurai (C) Thirunagar (TP) Sabarigiri Street Ward 98 ,
7.Madurai (C) Thirunagar (TP) Sundar Street Ward 98 ,
8.Madurai (C) Thirunagar (TP) Seenivasa Nagar 6th Street Ward 98 ,
9.Madurai (C) Thirunagar (TP) Seenivasa Nagar 6th Cross Street Ward 98 ,
10.Madurai (C) Thirunagar (TP) Thulasiram Street Ward 98 ,
11.Madurai (C) Thirunagar (TP) Rajeev Gandhi Street Ward 98 ,
12.Madurai (C) Thirunagar (TP) Angayarkanni Street Ward 98 , 99.OVERSEAS ELECTORS OVERSEAS ELECTORS",All Voters,Sabitha Bai Kovai Higher Secondary School,West Building Middle Portion (North Side) Thirunagar-625006,dravida munnetra kazhagam,249,202,47,tamilaga vettri kazhagam,1,4,3,6,10,6,5,2,6,10,10,10,6,10,10,8.047945205479452,1
72,305,62,71,1,0,0,5,442,0,0,0,0,0,0,1,887,0,1,888,0,72,"Sabitha Bai Kovai Higher Secondary School, West Building North Portion Thirunagar-625006","1.Madurai (C) Thirunagar (TP) Sundar Nagar Ward 98 ,
2.Madurai (C) Thirunagar (TP) Seenivasa Nagar 4th Street Ward 98 ,
3.Madurai (C) Thirunagar (TP) Seenivasa Nagar 4th Cross Street Ward 98 ,
4.Madurai (C) Thirunagar (TP) Mangammal Road Cross Street Ward 98 ,
5.Madurai (C) Thirunagar (TP) K.T.R. Cross Street Ward 98 ,
6.Madurai (C) Thirunagar (TP) Seenivasa Nagar Main Road Ward 98 ,
7.Madurai (C) Thirunagar (TP) Seenivasa Nagar 6th Cross Street Ward 98 ,
8.Madurai (C) Thirunagar (TP) Seenivasa Nagar 7th Street Ward 98 ,
9.Madurai (C) Thirunagar (TP) Seenivasa Nagar 7th Cross Street Ward 98 ,
10.Madurai (C) Thirunagar (TP) Seenivasa Nagar 8th Street Ward 98 ,
11.Madurai (C) Thirunagar (TP) Seenivasa Nagar 9th Street Ward 98 ,
12.Madurai (C) Thirunagar (TP) Uchiyar Nagar Ward 98 ,
13.Madurai (C) Thirunagar (TP) Kambar Street Ward 98 , 99.OVERSEAS ELECTORS OVERSEAS ELECTORS",All Voters,Sabitha Bai Kovai Higher Secondary School,West Building North Portion Thirunagar-625006,tamilaga vettri kazhagam,442,305,137,dravida munnetra kazhagam,2,4,3,6,8,8,5,1,8,8,8,8,8,8,6,15.44532130777903,1
73,359,39,103,0,5,2,6,289,0,0,0,1,1,1,1,807,0,0,807,0,73,"Thirunagar Elementary  School, North West Building,South Portion, Thirunagar-625006","1.Madurai (C) Thirunagar (TP) V.O.C.Main Street Ward 98 ,
2.Madurai (C) Thirunagar (TP) V O C 1st Street Ward 98 ,
3.Madurai (C) Thirunagar (TP) V O C 2nd Street Ward 98 ,
4.Madurai (C) Thirunagar (TP) V O C 3rd Street Ward 98 ,
5.Madurai (C) Thirunagar (TP) Joseph Nagar Main Ward 98 ,
6.Madurai (C) Thirunagar (TP) Joseph Nagar 1st Cross Street Ward 98 ,
7.Madurai (C) Thirunagar (TP) Joseph Nagar 2nd Cross Street Ward 98 ,
8.Madurai (C) Thirunagar (TP) Joseph Nagar 3rd Cross Street Ward 98 , 99.OVERSEAS ELECTORS OVERSEAS ELECTORS",All Voters,"Thirunagar Elementary  School, North West Building,South Portion",Thirunagar-625006,dravida munnetra kazhagam,359,289,70,tamilaga vettri kazhagam,1,4,3,12,6,7,5,2,12,12,12,8,8,8,8,8.674101610904584,4
74,348,33,83,1,0,1,1,356,1,1,0,0,0,1,2,828,0,2,830,0,74,"Thirunagar Elementary  School, North West Building, North Portion, Thirunagar-625006","1.Madurai (C) Thirunagar (TP) Nadanagopal Nayaki 2nd Cross Street Ward 98 ,
2.Madurai (C) Thirunagar (TP) Nadanagopal Nayaki 3rd Cross Street Ward 98 ,
3.Madurai (C) Thirunagar (TP) Nadanagopal Nayaki 4th Cross Street Ward 98 ,
4.Madurai (C) Thirunagar (TP) Manthi Thoppu Ward 98 ,
5.Madurai (C) Thirunagar (TP) Lal Bagadur Sasthri Street Ward 98 ,
6.Madurai (C) Thirunagar (TP) Dr. Radhakrishnan Street Ward 98 ,
7.Madurai (C) Thirunagar (TP) Joseph Nagar Ward 98 ,
8.Madurai (C) Thirunagar (TP) Nadanagopal Nayaki 5th Cross Street Ward 98 ,
9.Madurai (C) Thirunagar (TP) Vilacheri Road Ward 98 , 99.OVERSEAS ELECTORS OVERSEAS ELECTORS",All Voters,"Thirunagar Elementary  School, North West Building, North Portion",Thirunagar-625006,tamilaga vettri kazhagam,356,348,8,dravida munnetra kazhagam,2,4,3,6,12,6,6,1,6,6,12,12,12,6,5,0.966183574879227,3
75,178,21,72,1,0,1,0,172,0,0,0,1,0,0,0,446,0,4,450,0,75,"Thirunagar Elementary  School, North Building, West Portion, Thirunagar-625006","1.Madurai (C) Thirunagar (TP) Manika Nagar Ward 98 ,
2.Madurai (C) Thirunagar (TP) Eswari Nagar Ward 98 ,
3.Madurai (C) Thirunagar (TP) Thanigai Nagar Ward 98 ,
4.Madurai (C) Thirunagar (TP) Periyar Street Ward 98 , 99.OVERSEAS ELECTORS OVERSEAS ELECTORS",All Voters,"Thirunagar Elementary  School, North Building, West Portion",Thirunagar-625006,dravida munnetra kazhagam,178,172,6,tamilaga vettri kazhagam,1,4,3,5,8,5,8,2,8,8,8,5,8,8,8,1.345291479820628,1
76,155,42,151,1,1,1,3,268,0,0,0,0,0,0,0,622,0,9,631,0,76,"Thirunagar Elementary  School, North Building, Middle Portion, Thirunagar-625006","1.Madurai (C) Thirunagar (TP) Anna Street Ward 98 ,
2.Madurai (C) Thirunagar (TP) Thevar Thirumagan Street Ward 98 ,
3.Madurai (C) Thirunagar (TP) Mannar Thirumalai Nayakkar Street Ward 98 ,
4.Madurai (C) Thirunagar (TP) Radhakrishnan Street ward 98 ,
5.Madurai (C) Thirunagar (TP) Shanmugam Street Ward 98 ,
6.Madurai (C) Thirunagar (TP) Vanjinathan Street 98 ,
7.Madurai (C) Thirunagar (TP) Nadanagopal Nayaki Main Street Ward 98 ,
8.Madurai (C) Thirunagar (TP) Nadanagopal Nayaki 1st Cross Street Ward 98 , 99.OVERSEAS ELECTORS OVERSEAS ELECTORS",All Voters,"Thirunagar Elementary  School, North Building, Middle Portion",Thirunagar-625006,tamilaga vettri kazhagam,268,155,113,dravida munnetra kazhagam,2,4,3,6,6,6,5,1,9,9,9,9,9,9,9,18.16720257234726,0
77,208,44,159,0,0,0,1,273,0,1,0,0,0,0,1,687,0,7,694,0,77,"MM Higher Secondary School, West Building, Northern Portion,  G.S.T. Road, Thirupaparankundram, Thirunagar-625006","1.Madurai (C) Thirunagar (TP) G S T Road Thirupparankundram Ward 98 ,
2.Madurai (C) Thirunagar (TP) Kalavasal Road Pasumpon Nagar Ward 98 ,
3.Madurai (C) Thirunagar (TP) Thirumurugan Colony Ward 98 ,
4.Madurai (C) Thirunagar (TP) Gandhiji Cross Street Ward 98 , 99.OVERSEAS ELECTORS OVERSEAS ELECTORS",All Voters,"MM Higher Secondary School, West Building, Northern Portion,  G.S.T. Road, Thirupaparankundram",Thirunagar-625006,tamilaga vettri kazhagam,273,208,65,dravida munnetra kazhagam,2,4,3,8,8,8,5,1,8,5,8,8,8,8,5,9.461426491994178,1
78,176,34,113,0,1,0,0,314,0,0,0,0,1,0,0,639,0,4,643,0,78,"MM Higher Secondary School, West Building,  South Centre Portion, Near Stair Case, G.S.T. Road, Thirupaparankundram, Thirunagar-625006","1.Madurai (C) Thirupparankundram (TP) Nellaiyappapuram 1st Street Ward 97 ,
2.Madurai (C) Thirupparankundram (TP) Nellaiyappapuram 2nd Street Ward 97 ,
3.Madurai (C) Thirupparankundram (TP) Nellaiyappapuram 5th Street Ward 97 ,
4.Madurai (C) Thirupparankundram (TP) Nellaiyappapuram 6th Street ,
5.Madurai (C) Thirupparankundram (TP) Nellaiyappapuram 7th Street Ward 97 ,
6.Madurai (C) Thirupparankundram (TP) Nellaiyappapuram 8th Street Ward 97 ,
7.Madurai (C) Thirupparankundram (TP) Nellaiyappapuram 9th Street Ward 97 , 99.OVERSEAS ELECTORS OVERSEAS ELECTORS",All Voters,"MM Higher Secondary School, West Building,  South Centre Portion, Near Stair Case, G.S.T. Road, Thirupaparankundram",Thirunagar-625006,tamilaga vettri kazhagam,314,176,138,dravida munnetra kazhagam,2,4,3,7,5,7,7,1,7,7,7,7,5,7,7,21.5962441314554,1
79,196,47,124,1,0,0,2,326,1,0,0,0,0,1,0,698,0,12,710,0,79,"MM Higher Secondary School, West Building,  Centre  Portion, Room no. 6, Thirupaparankundram, Thirunagar-
625006","1.Madurai (C) Thirupparankundram (TP) Middle Street, Pandian Nagar Ward 9 ,
2.Madurai (C) Thirupparankundram (TP) E.S.I. Quarters Ward 97 ,
3.Madurai (C) Thirupparankundram (TP) Kalyana Vinayagar Kovil Street Ward 97,
4.Madurai (C) Thirupparankundram (TP) East Street Ward 97 , 99.OVERSEAS ELECTORS OVERSEAS ELECTORS",All Voters,"MM Higher Secondary School, West Building,  Centre  Portion, Room no. 6, Thirupaparankundram","Thirunagar-
625006",tamilaga vettri kazhagam,326,196,130,dravida munnetra kazhagam,2,4,3,6,9,9,5,1,6,9,9,9,9,6,9,18.62464183381089,1
80,188,24,168,0,0,0,2,237,0,0,1,0,1,0,1,622,0,5,627,0,80,"MM Higher Secondary School, West Building,  Sourthern Portion, Thirupaparankundram, Thirunagar-625006","1.Madurai (C) Thirupparankundram (TP) Poonga Street Ward 97 ,
2.Madurai (C) Thirupparankundram (TP) Sannathi Street Ward 97 ,
3.Madurai (C) Thirupparankundram (TP) Thamarai Street Ward 97 ,
4.Madurai (C) Thirupparankundram (TP) New Street Ward 97 ,
5.Madurai (C) Thirupparankundram (TP) Nellaiyappapuram Main Street Ward 97 , 99.OVERSEAS ELECTORS OVERSEAS ELECTORS",All Voters,"MM Higher Secondary School, West Building,  Sourthern Portion, Thirupaparankundram",Thirunagar-625006,tamilaga vettri kazhagam,237,188,49,dravida munnetra kazhagam,2,4,3,9,9,9,5,1,9,9,6,9,6,9,6,7.877813504823152,3
81,169,45,142,0,0,1,2,285,0,2,0,0,0,0,0,646,0,2,648,0,81,"MM Higher Secondary School, South Building,  CentrePortion, Room no.7, Thirupaparankundram, Thirunagar-625006","1.Madurai (C) Thirupparankundram (TP) G.S.T. Road Ward 97 ,
2.Madurai (C) Thirupparankundram (TP) Nellaiyappapuram 3rd Street Thirunagar Ward 97 ,
3.Madurai (C) Thirupparankundram (TP) Nellaiyappapuram 4th Street Thirunagar Ward 97 ,
4.Madurai (C) Thirupparankundram (TP) Nellaiyappapuram Main Street Thirunagar Ward 97 ,
99.OVERSEAS ELECTORS OVERSEAS ELECTORS",All Voters,"MM Higher Secondary School, South Building,  CentrePortion, Room no.7, Thirupaparankundram",Thirunagar-625006,tamilaga vettri kazhagam,285,169,116,dravida munnetra kazhagam,2,4,3,8,8,7,5,1,8,5,8,8,8,8,8,17.95665634674922,0
82,147,40,175,2,2,0,0,309,2,0,0,0,0,0,0,677,0,9,686,0,82,"MM Higher Secondary School, South Building,  Centre Portion, Room no.8, Thirupaparankundram, Thirunagar-625006","1.Madurai (C) Thirupparankundram (TP) Chandrapalayam 1st Street Ward 99 ,
2.Madurai (C) Thirupparankundram (TP) Chandrapalayam 2nd Street, Ward 99 ,
3.Madurai (C) Thirupparankundram (TP) Chandrapalayam 3rd Street, Ward 99 ,
4.Madurai (C) Thirupparankundram (TP) East Street, Chandrapalayam, Ward 99, 99.OVERSEAS ELECTORS OVERSEAS ELECTORS",All Voters,"MM Higher Secondary School, South Building,  Centre Portion, Room no.8, Thirupaparankundram",Thirunagar-625006,tamilaga vettri kazhagam,309,175,134,all india anna dravida munnetra kazhagam,3,4,2,5,5,8,8,1,5,8,8,8,8,8,8,19.79320531757755,0
83,156,20,175,0,1,0,2,356,0,0,0,0,0,1,0,711,0,3,714,0,83,"MM Higher Secondary School, South Building,  Centre Portion, Thirupaparankundram, Thirunagar-
625006","1.Madurai (C) Thirupparankundram (TP) S.R.V. Nagar, Ward 98 , 99.OVERSEAS ELECTORS OVERSEAS ELECTORS",All Voters,"MM Higher Secondary School, South Building,  Centre Portion, Thirupaparankundram","Thirunagar-
625006",tamilaga vettri kazhagam,356,175,181,all india anna dravida munnetra kazhagam,3,4,2,8,6,8,5,1,8,8,8,8,8,6,8,25.45710267229255,1
84,161,34,142,1,1,0,4,380,0,0,0,0,0,2,0,725,0,4,729,0,84,"MM Higher Secondary School, South Building,  Eastern Portion, Thirupaparankundram, Thirunagar-
625006","1.Madurai (C) Thirupparankundram (TP) S.R.V. Nagar, Ward 98 , 99.OVERSEAS ELECTORS OVERSEAS ELECTORS",All Voters,"MM Higher Secondary School, South Building,  Eastern Portion, Thirupaparankundram","Thirunagar-
625006",tamilaga vettri kazhagam,380,161,219,dravida munnetra kazhagam,2,4,3,7,7,9,5,1,9,9,9,9,9,6,9,30.20689655172414,2
85,200,39,162,1,3,1,1,317,0,0,0,0,0,2,0,726,0,3,729,0,85,"MM Higher Secondary School, South Building,  Western  Portion, Near Stair case, GST Road, Thirupaparankundram, Thirunagar-625006","1.Madurai (C) Thirupparankundram (TP) Railway Colony, Ward 98 ,
2.Madurai (C) Thirupparankundram (TP) Kalaivanar Nagar 1st Street, Ward 98 ,
3.Madurai (C) Thirupparankundram (TP) Varadharaja Perumal Kovil Street, Ward 98 ,
4.Madurai (C) Thirupparankundram (TP) Seenivasa Nagar, Ward 98 ,
5.Madurai (C) Thirupparankundram (TP) S.R.V. Indra Nagar, Ward 98 , 99.OVERSEAS ELECTORS OVERSEAS ELECTORS",All Voters,"MM Higher Secondary School, South Building,  Western  Portion, Near Stair case, GST Road, Thirupaparankundram",Thirunagar-625006,tamilaga vettri kazhagam,317,200,117,dravida munnetra kazhagam,2,4,3,7,5,7,7,1,10,10,10,10,10,6,10,16.11570247933884,2
86,144,21,186,0,1,1,2,436,0,0,1,0,0,1,0,793,0,1,794,0,86,"Thiyagarajar colony primary school, Western Portion Thiyagarajar colony-625004","1.Madurai (C) Thirupparankundram (TP) Inba Illam ,
2.Madurai (C) Thirupparankundram (TP) Kanmaikarai ,
3.Madurai (C) Thirupparankundram (TP) Mill Colony ,
4.Madurai (C) Thirupparankundram (TP) Ooranikarai ,
5.Madurai (C) Thirupparankundram (TP) Main Road , 99.OVERSEAS ELECTORS OVERSEAS ELECTORS",All Voters,Thiyagarajar colony primary school,Western Portion Thiyagarajar colony-625004,tamilaga vettri kazhagam,436,186,250,all india anna dravida munnetra kazhagam,3,4,2,10,6,6,5,1,10,10,6,10,10,6,10,31.52585119798235,2
87,180,33,152,1,0,0,2,296,1,0,0,0,0,0,0,665,0,2,667,0,87,"Thiyagarajar colony primary school,
East  Portion Thiyagarajar colony-625004","1.Madurai (C) Thirupparankundram (TP) Thiyagarajar Colony Ward 95 , 99.OVERSEAS ELECTORS OVERSEAS ELECTORS",All Voters,Thiyagarajar colony primary school,East  Portion Thiyagarajar colony-625004,tamilaga vettri kazhagam,296,180,116,dravida munnetra kazhagam,2,4,3,6,8,8,5,1,6,8,8,8,8,8,8,17.44360902255639,0
88,123,25,99,0,0,1,2,299,0,0,1,1,0,2,0,553,0,0,553,0,88,"Pasumalai Higher Secondary  School, Main Building, Eastern Side, Near
H.M. Room Pasumalai-625004","1.Madurai (C) Thirupparankundram (TP) Krishnapuram West Street Ward 95 ,
2.Madurai (C) Thirupparankundram (TP) Krishnapuram 1st West Street Ward 95
3.Madurai (C) Thirupparankundram (TP) Krishnapuram 2nd West Street Ward 95
4.Madurai (C) Thirupparankundram (TP) Krishnapuram 3rd West Street Ward 95
5.Madurai (C) Thirupparankundram (Tp) Krishnapuram 1st South Street Ward 95
6.Madurai (C) Thirupparankundram (TP) Krishnapuram 2nd South Street Ward 95
7.Madurai (C) Thirupparankundram (TP) Devamar 1st Street Ward 95 ,
8.Madurai (C) Thirupparankundram (TP) Devamar 2nd Street Ward 95 ,
9.Madurai (C) Thirupparankundram (TP) Krishnapuram Manthai Amman Kovil Street Ward 95 ,
10.Madurai (C) Thirupparankundram (TP) Krishnapuram Ward 95 , 99.OVERSEAS ELECTORS OVERSEAS ELECTORS",All Voters,"Pasumalai Higher Secondary  School, Main Building, Eastern Side","Near
H.M. Room Pasumalai-625004",tamilaga vettri kazhagam,299,123,176,dravida munnetra kazhagam,2,4,3,10,10,7,5,1,10,10,7,7,10,5,10,31.82640144665461,4
89,129,15,184,0,0,1,1,308,1,0,0,0,0,1,0,640,0,3,643,0,89,"Pasumalai Higher Secondary  School, Main Building, Western Side, Near Correspondent Room Pasumalai-625004","1.Madurai (C) Thirupparankundram (TP) Joneshpuram 1st Ward 95 ,
2.Madurai (C) Thirupparankundram (TP) Jonespuram Cross Road Ward 95 ,
3.Madurai (C) Thirupparankundram (TP) Jonespuram 2nd Street Ward 95 ,
4.Madurai (C) Thirupparankundram (TP) Jonespuram 3rd Street Ward 95 ,
5.Madurai (C) Thirupparankundram (TP) Jonespuram 4th Street Ward 95 ,
6.Madurai (C) Thirupparankundram (TP) Ambedkar Nagar 1st Street Ward 95 ,
7.Madurai (C) Thirupparankundram (TP) Ambedkar Nagar 2nd Street Ward 95 ,
8.Madurai (C) Thirupparankundram (TP) Ambedkar Nagar Main Street Ward 95, 99.OVERSEAS ELECTORS OVERSEAS ELECTORS",All Voters,"Pasumalai Higher Secondary  School, Main Building, Western Side",Near Correspondent Room Pasumalai-625004,tamilaga vettri kazhagam,308,184,124,all india anna dravida munnetra kazhagam,3,4,2,9,9,5,5,1,5,9,9,9,9,5,9,19.375,1
90,127,25,107,0,0,1,3,240,0,0,0,0,0,0,0,503,0,1,504,0,90,"Pasumalai Higher Secondary  School, Main Building, North Side, Eastern Portion,  Near A.H.M Room Pasumalai-625004","1.Madurai (C) Thirupparankundram (TP) Ambedkar Nagar Vilacheri Road Ward 95 ,
2.Madurai (C) Thirupparankundram (TP) Ambedkar Nagar 3rd Street Ward 95 ,
3.Madurai (C) Thirupparankundram (TP) Rayappan Nagar Pasumalai Ward 95 ,
4.Madurai (C) Thirupparankundram (TP) New Ambedkar Nagar Ward 95 ,
5.Madurai (C) Thirupparankundram (TP) New Ambedkar Nagar 2nd Street Ward 95 ,
6.Madurai (C) Thirupparankundram (TP) New Ambedkar Nagar 3rd Street Ward 95 ,
7.Madurai (C) Thirupparankundram (TP) Old Vilacheri Road Ward 95 , 99.OVERSEAS ELECTORS OVERSEAS ELECTORS",All Voters,"Pasumalai Higher Secondary  School, Main Building, North Side, Eastern Portion",Near A.H.M Room Pasumalai-625004,tamilaga vettri kazhagam,240,127,113,dravida munnetra kazhagam,2,4,3,7,7,6,5,1,7,7,7,7,7,7,7,22.46520874751491,0
91,195,35,134,1,0,0,1,293,2,1,1,0,0,0,2,665,0,5,670,0,91,"Pasumalai Higher Secondary  School, Main Building, North Side, Western Portion, Pasumalai-625004","1.Madurai (C) Thirupparankundram (TP) Seminari  Line Pasumalai Ward 95 ,
2.Madurai (C) Thirupparankundram (TP) Malligai Nagar Pasumalai Ward 95 ,
3.Madurai (C) Thirupparankundram (TP) Nalla Samarian Nagar 1st Street Pasumalai Ward 95 ,
4.Madurai (C) Thirupparankundram (TP) Peracka Nagar 2nd Street Pasumalai Ward 95
,
5.Madurai (C) Thirupparankundram (TP) Peracka Nagar Pasumalai Ward 95 ,
6.Madurai (C) Thirupparankundram (TP) Perakka Nagar 3rd Street Pasumalai Ward 95
,
7.Madurai (C) Thirupparankundram (TP) Rice Mill Street Pasumalai Ward 95 ,
8.Madurai (C) Thirupparankundram (TP) Kambar Street Pasumalai Ward 95 ,
9.Madurai (C) Thirupparankundram (TP) Vinayagar Cross Street Pasumalai Ward 95 ,
10.Madurai (C) Thirupparankundram (TP) Nylon Nagar Pasumalai Ward 95 , 99.OVERSEAS ELECTORS OVERSEAS ELECTORS",All Voters,"Pasumalai Higher Secondary  School, Main Building, North Side, Western Portion",Pasumalai-625004,tamilaga vettri kazhagam,293,195,98,dravida munnetra kazhagam,2,4,3,7,11,11,7,1,5,7,7,11,11,11,5,14.73684210526316,3
92,221,34,116,0,0,0,3,342,2,0,1,0,0,0,1,720,0,4,724,0,92,"Pasumalai Higher Secondary  School, Main Building, North Side, Room No  5 Pasumalai-625004","1.Madurai (C) Thirupparankundram (TP) Elango Street Pasumalai Ward 95 ,
2.Madurai (C) Thirupparankundram (TP) Moota Colony 1st Street Ward 95 ,
3.Madurai (C) Thirupparankundram (TP) Moota Thottam Ward 95 ,
4.Madurai (C) Thirupparankundram (TP) Gopalsamy Nagar Moota Colony Ward 95 ,
5.Madurai (C) Thirupparankundram (TP) Arthi Hotel Backside Woodlands Furniture Opp. Ward 95 ,
6.Madurai (C) Thirupparankundram (TP) Vinayagar Nagar West Moolakarai Pasumalai Ward 95 ,
7.Madurai (C) Thirupparankundram (TP) GST Road Pasumalai Ward 98 ,
8.Madurai (C) Thirupparankundram (TP) G S T Road Best House Pasumalai Ward 98 ,
9.Madurai (C) Thirupparankundram (TP) GST Road Murphy Hostel Compound Pasumalai Ward 98 ,
10.Madurai (C) Thirupparankundram (TP) Teachers Quarters Pasumalai Ward98,
11.Madurai (C) Thirupparankundram (TP) Teachers Quarters C S I Church Compound Ward 98 ,
99.OVERSEAS ELECTORS OVERSEAS ELECTORS",All Voters,"Pasumalai Higher Secondary  School, Main Building, North Side",Room No  5 Pasumalai-625004,tamilaga vettri kazhagam,342,221,121,dravida munnetra kazhagam,2,4,3,9,9,9,5,1,6,9,7,9,9,9,7,16.80555555555556,2
93,209,28,102,0,3,0,5,269,2,0,0,0,0,0,0,618,0,2,620,0,93,"Andavar Subramaniya swamy Girls Higher Secondary School, Front Building,Western Portion Thiruparankundram-625005","1.Madurai (C) Thirupparankundram (TP) G S T Road Ward 98 ,
2.Madurai (C) Thirupparankundram (TP) G S T Road Chekkadi Ward 98 ,
3.Madurai (C) Thirupparankundram (TP) Pasumpon Nagar First Street Ward 98 ,
4.Madurai (C) Thirupparankundram (TP) Pasumpon Nagar Cross Street Ward 98,
5.Madurai (C) Thirupparankundram (TP) Pasumpon Nagar 2nd Street Ward 98 ,
6.Madurai (C) Thirupparankundram (TP) Pasumpon Nagar 3rd Street Ward 98 ,
7.Madurai (C) Thirupparankundram (TP) Kamaraj Street Balaji Nagar Ward 98 ,
8.Madurai (C) Thirupparankundram (TP) Sriram Street Balaji Nagar Ward 98 , 99.OVERSEAS ELECTORS OVERSEAS ELECTORS",All Voters,"Andavar Subramaniya swamy Girls Higher Secondary School, Front Building",Western Portion Thiruparankundram-625005,tamilaga vettri kazhagam,269,209,60,dravida munnetra kazhagam,2,4,3,8,6,8,5,1,7,8,8,8,8,8,8,9.70873786407767,0
94,146,33,74,0,0,0,2,224,2,1,2,0,0,1,0,485,0,3,488,0,94,"Andavar Subramaniya swamy Girls Higher Secondary School, Font Building, CentrePortion Thiruparankundram-625005","1.Madurai (C) Thirupparankundram (TP) Thendral Street Ward 98 ,
2.Madurai (C) Thirupparankundram (TP) Nehruji Street Balaji Nagar Ward 98 ,
3.Madurai (C) Thirupparankundram (TP) Bharathiyar Street Ward 98 ,
4.Madurai (C) Thirupparankundram (TP) Thiruvalluvar Street Ward 98 ,
5.Madurai (C) Thirupparankundram (TP) Angayarkanni Street Ward 98 ,
6.Madurai (C) Thirupparankundram (TP) Chidambaranar Street Ward 98 ,
7.Madurai (C) Thirupparankundram (TP) Mahatma Gandhiji Street Ward 98 ,
8.Madurai (C) Thirupparankundram (TP) Mahatma Gandhiji Cross Street Ward 98 ,
9.Madurai (C) Thirupparankundram (TP) Gandhiji First Street Ward 98 ,
10.Madurai (C) Thirupparankundram (TP) Ragavendra Street Ward 99 ,
11.Madurai (C) Thirupparankundram (TP) Meenakshi Street Ward 99 ,
12.Madurai (C) Thirupparankundram (TP) Vivekanandar Street Ward 99 ,
13.Madurai (C) Thirupparankundram (TP) Little Flower Street Ward 99 , 99.OVERSEAS ELECTORS OVERSEAS ELECTORS",All Voters,"Andavar Subramaniya swamy Girls Higher Secondary School, Font Building",CentrePortion Thiruparankundram-625005,tamilaga vettri kazhagam,224,146,78,dravida munnetra kazhagam,2,4,3,10,10,10,5,1,5,8,5,10,10,8,10,16.08247422680412,3
95,145,23,67,1,1,0,1,214,0,0,0,0,0,0,0,452,0,1,453,0,95,"Andavar Subramaniya swamy Girls Higher Secondary School, Front, Building,  East Portion, Thiruparankundram-625005","1.Madurai (C) Thirupparankundram (TP) Natarajar Main Street Ward 99 ,
2.Madurai (C) Thirupparankundram (TP) Velavar Street Ward 99 ,
3.Madurai (C) Thirupparankundram (TP) Saraswathi Street Ward 99 ,
4.Madurai (C) Thirupparankundram (TP) Lakshmi Street Ward 99 ,
5.Madurai (C) Thirupparankundram (TP) Ayyappan Street Ward 99 ,
6.Madurai (C) Thirupparankundram (TP) Velankanni 1st Street Ward 99 ,
7.Madurai (C) Thirupparankundram (TP) Velakanni 2nd Street Ward 99 ,
8.Madurai (C) Thirupparankundram (TP) Velankanni Main Street Ward 99 ,
9.Madurai (C) Thirupparankundram (TP) Vigneshwar Street Ward 99 ,
10.Madurai (C) Thirupparankundram (TP) Seenivasan Street Ward 99 ,
11.Madurai (C) Thirupparankundram (TP) Poonga Street Ward 99 ,
12.Madurai (C) Thirupparankundram (TP) Narayanan Street Ward 99 , 99.OVERSEAS ELECTORS OVERSEAS ELECTORS",All Voters,"Andavar Subramaniya swamy Girls Higher Secondary School, Front, Building,  East Portion",Thiruparankundram-625005,tamilaga vettri kazhagam,214,145,69,dravida munnetra kazhagam,2,4,3,5,5,8,5,1,8,8,8,8,8,8,8,15.26548672566372,0
96,259,23,131,0,0,1,4,362,3,0,0,1,1,0,0,785,0,2,787,0,96,"Andavar Subramaniya swamy Girls Higher Secondary School, East Building Northern  Portion Thiruparankundram-625005","1.Madurai (C) Thirupparankundram (TP) Subramaniar Street Ward 99 ,
2.Madurai (C) Thirupparankundram (TP) Mannar Thirumalai Street Ward 99 ,
3.Madurai (C) Thirupparankundram (TP) Natarajar East Street Ward 99 ,
4.Madurai (C) Thirupparankundram (TP) Vivekanandar Main Street Ward 99 ,
5.Madurai (C) Thirupparankundram (TP) Vivekanandar 2nd Cross Street Ward 99
6.Madurai (C) Thirupparankundram (TP) Vivekanandar 3rd Cross Street Ward 99
7.Madurai (C) Thirupparankundram (TP) Vivekanandar 4th Cross Street Ward 99
8.Madurai (C) Thirupparankundram (TP) Vivekanandar 5th Cross Street Ward 99
9.Madurai (C) Thirupparankundram (TP) Vivekanandar 6th Cross Street Ward 99
10.Madurai (C) Thirupparankundram (TP) Vivekanandar 7th Cross Street Ward 99,
11.Madurai (C) Thirupparankundram (TP) V.O.C.Street Ward 99 ,
12.Madurai (C) Thirupparankundram (TP) Anbu Nagar Ward 99 ,
13.Madurai (C) Thirupparankundram (TP) Bharathidasan Cross Street Ward 99 ,
14.Madurai (C) Thirupparankundram (TP) Bharathidasan Street Ward 99 ,
15.Madurai (C) Thirupparankundram (TP) Bhagath Singh Road Ward 99 ,
16.Madurai (C) Thirupparankundram (TP) Sambasiva Nagar Ward 99 ,
17.Madurai (C) Thirupparankundram (TP) G.S.T.  Road WARD 99 , 99.OVERSEAS ELECTORS OVERSEAS ELECTORS",All Voters,Andavar Subramaniya swamy Girls Higher Secondary School,East Building Northern  Portion Thiruparankundram-625005,tamilaga vettri kazhagam,362,259,103,dravida munnetra kazhagam,2,4,3,10,10,7,5,1,6,10,10,7,7,10,10,13.12101910828025,2
97,241,37,108,0,0,0,2,392,1,0,0,1,0,0,0,782,0,4,786,0,97,"Andavar Subramaniya swamy Girls Higher Secondary School, East Building, Centre  Portion, Room No.3 Thiruparankundram-625005","1.Madurai (C) Thirupparankundram (TP) Pasumpon Nagar Ward 99 ,
2.Madurai (C) Thirupparankundram (TP) Melapacheri Ward 99 ,
3.Madurai (C) Thirupparankundram (TP) Chekkadi Street Ward 99 ,
4.Madurai (C) Thirupparankundram (TP) Theppakula Street Ward 99 ,
5.Madurai (C) Thirupparankundram (TP) Konar Street Ward 99 , 99.OVERSEAS ELECTORS OVERSEAS ELECTORS",All Voters,"Andavar Subramaniya swamy Girls Higher Secondary School, East Building, Centre  Portion",Room No.3 Thiruparankundram-625005,tamilaga vettri kazhagam,392,241,151,dravida munnetra kazhagam,2,4,3,8,8,8,5,1,6,8,8,6,8,8,8,19.30946291560102,1
98,192,40,114,0,0,0,3,414,0,1,0,0,0,1,0,765,0,4,769,0,98,"Panchayat Union Primary School, Anna Centenary Building, SSA Building, Western Room, Thiruparankundram-625005","1.Madurai (C) Thirupparankundram (TP) P.T.R Nagar 1st Street Ward 96 ,
2.Madurai (C) Thirupparankundram (TP) P.T.R.Nagar 2nd Street Ward 96 ,
3.Madurai (C) Thirupparankundram (TP) Vishwakarma Nagar 1st Street Ward 96 ,
4.Madurai (C) Thirupparankundram (TP) Vishwakarma Nagar 2nd Street Ward 96,
5.Madurai (C) Thirupparankundram (TP) Vishwakarma Nagar 3rd Street Ward 96 ,
6.Madurai (C) Thirupparankundram (TP) Vishwakarma Nagar 4th Street Ward 96 ,
7.Madurai (C) Thirupparankundram (TP) Anna Nagar Ward 96 , 99.OVERSEAS ELECTORS OVERSEAS ELECTORS",All Voters,"Panchayat Union Primary School, Anna Centenary Building, SSA Building, Western Room",Thiruparankundram-625005,tamilaga vettri kazhagam,414,192,222,dravida munnetra kazhagam,2,4,3,8,8,8,5,1,8,6,8,8,8,6,8,29.01960784313726,1
99,168,27,134,0,0,0,0,337,0,0,0,0,0,0,0,666,0,0,666,0,99,"Panchayat Union Primary School, Anna Centenary Building, SSA Building, Middle Room, Thiruparankundram-625005","1.Madurai (C) Thirupparankundram (TP) Ceylon Colony Ward 96 ,
2.Madurai (C) Thirupparankundram (TP) Kutti Kothanar Street Ward 96 ,
3.Madurai (C) Thirupparankundram (TP) Big Car Street Ward 96 ,
4.Madurai (C) Thirupparankundram (TP) Kattu Nayakkar Street Ward 96 , 99.OVERSEAS ELECTORS OVERSEAS ELECTORS",All Voters,"Panchayat Union Primary School, Anna Centenary Building, SSA Building, Middle Room",Thiruparankundram-625005,tamilaga vettri kazhagam,337,168,169,dravida munnetra kazhagam,2,4,3,5,5,5,5,1,5,5,5,5,5,5,5,25.37537537537538,0
100,211,38,179,1,0,1,0,371,0,0,1,0,0,0,0,802,0,2,804,0,100,"Andavar Subramaniya swamy Girls Higher Secondary School,  East Building, Southern  Portion, Near Staff Room No.1 Thiruparankundram-625005","1.Madurai (C) Thirupparankundram (TP) Muthanmai Street Kodangi Thoppu Street Ward 96 ,
2.Madurai (C) Thirupparankundram (TP) East Lane 1 Kodangi Thoppu Street Ward 96
,
3.Madurai (C) Thirupparankundram (TP) East Lane Ward 96 ,
4.Madurai (C) Thirupparankundram (TP) East Lane Ward 96 ,
5.Madurai (C) Thirupparankundram (TP) West Lane 1st Kodangithoppu Ward 96
6.Madurai (C) Thirupparankundram (TP) West Lane  Ward 96 ,
7.Madurai (C) Thirupparankundram (TP) Vinayagar Kovil Lane Kodangi Thoppu Ward 96 ,
8.Madurai (C) Thirupparankundram (TP) Rice Mill Lane Kodangi Thoppu Ward 96,
9.Madurai (C) Thirupparankundram (TP) Big Car Street Ward 96 ,
10.Madurai (C) Thirupparankundram (TP) Palani Andavar Kovil Street Ward 96, 99.OVERSEAS ELECTORS OVERSEAS ELECTORS",All Voters,"Andavar Subramaniya swamy Girls Higher Secondary School,  East Building, Southern  Portion",Near Staff Room No.1 Thiruparankundram-625005,tamilaga vettri kazhagam,371,211,160,dravida munnetra kazhagam,2,4,3,5,8,5,8,1,8,8,5,8,8,8,8,19.9501246882793,1
101,237,48,201,1,1,0,1,341,1,0,1,0,0,1,1,834,0,0,834,0,101,"Panchayat Union Primary School, Anna Centenary Building, SSA Building, Eastern Room, Thiruparankundram-625005","1.Madurai (C) Thirupparankundram (TP) Palaniyandavar Kovil Street Ward 96 ,
2.Madurai (C) Thirupparankundram (TP) Chettiyar Compound Nilaiyur Road Ward 96 ,
3.Madurai (C) Thirupparankundram (TP) Kailasapuram Ward 96 ,
4.Madurai (C) Thirupparankundram (TP) Sithi Vinayagar Kovil Street Ward 96 ,
5.Madurai (C) Thirupparankundram (TP) Panankulam Kanmai Ward 96 ,
6.Madurai (C) Thirupparankundram (TP) Kasi Thottam Ward 96 ,
7.Madurai (C) Thirupparankundram (TP) Rengasami Naidu Compound Ward 96 , 99.OVERSEAS ELECTORS OVERSEAS ELECTORS",All Voters,"Panchayat Union Primary School, Anna Centenary Building, SSA Building, Eastern Room",Thiruparankundram-625005,tamilaga vettri kazhagam,341,237,104,dravida munnetra kazhagam,2,4,3,5,5,12,5,1,5,12,5,12,12,5,5,12.47002398081535,3
102,252,24,254,0,1,0,4,265,0,0,0,0,0,0,1,801,0,3,804,0,102,"Panchayat Union Primary School, Eastern Side,  New Building,  HM Room Thiruparankundram-625005","1.Madurai (C) Thirupparankundram (TP) Kali Kovil Soolai Vinayagar Nagar Ward 96 ,
2.Madurai (C) Thirupparankundram (TP) Om Sakthi Nagar Ward 96 ,
3.Madurai (C) Thirupparankundram (TP) Durga Colony Ward 96 , 99.OVERSEAS ELECTORS OVERSEAS ELECTORS",All Voters,"Panchayat Union Primary School, Eastern Side,  New Building",HM Room Thiruparankundram-625005,tamilaga vettri kazhagam,265,254,11,all india anna dravida munnetra kazhagam,3,4,2,8,6,8,5,1,8,8,8,8,8,8,6,1.373283395755306,1
103,269,25,123,1,1,0,3,261,1,0,0,0,0,1,1,686,0,0,686,0,103,"Panchayat Union Elementary School , North Portion, ( Kottai School) Behind RI Quarters, Tiruparankundram-625005","1.Madurai (C) Thirupparankundram (TP) Big Car Street Ward 96 ,
2.Madurai (C) Thirupparankundram (TP) Sannasi Kinatru Street Ward 96 ,
3.Madurai (C) Thirupparankundram (TP) Thirumathil Lane Ward 96 ,
4.Madurai (C) Thirupparankundram (TP) Kottai Street Ward 96 ,
5.Madurai (C) Thirupparankundram (TP) Paraiyan Malai Ward 96 , 99.OVERSEAS ELECTORS OVERSEAS ELECTORS",All Voters,"Panchayat Union Elementary School , North Portion, ( Kottai School) Behind RI Quarters",Tiruparankundram-625005,dravida munnetra kazhagam,269,261,8,tamilaga vettri kazhagam,1,4,3,6,6,11,5,2,6,11,11,11,11,6,6,1.166180758017493,2
104,244,24,146,1,1,1,1,322,0,0,0,2,0,0,0,742,0,3,745,0,104,"Velan Matriculation School, Western Portion, Pamban Swami nagar, Tiruparankundram-625005","1.Madurai (C) Thirupparankundram (TP) Nayakkar Lane Ward 96 ,
2.Madurai (C) Thirupparankundram (TP) Thirukulam 2nd Lane Ward 96 ,
3.Madurai (C) Thirupparankundram (TP) Vaithiya Kooda Lane Ward 96 ,
4.Madurai (C) Thirupparankundram (TP) Velliangiri Lane Ward 96 ,
5.Madurai (C) Thirupparankundram (TP) Saravana Poigai Road Ward 96 ,
6.Madurai (C) Thirupparankundram (TP) Mela Nedunkulam Purampokku Ward 96,
7.Madurai (C) Thirupparankundram (TP) Pamban Nagar 2nd Street Ward 96 ,
8.Madurai (C) Thirupparankundram (TP) Pamban Nagar 3rd Street Ward 96 ,
9.Madurai (C) Thirupparankundram (TP) Pamban Nagar 4th Street Ward 96 ,
10.Madurai (C) Thirupparankundram (TP) Pamban Nagar 6th Street Ward 96 ,
11.Madurai (C) Thirupparankundram (TP) Nesavalar Colony Vinayagar Street Ward 96
,
12.Madurai (C) Thirupparankundram (TP) Sakthi Ganapathi Street Nesavalar Colony Ward 96 ,
13.Madurai (C) Thirupparankundram (TP) L.K.Dulasiram Street Ward 96 , 99.OVERSEAS ELECTORS OVERSEAS ELECTORS",All Voters,"Velan Matriculation School, Western Portion, Pamban Swami nagar",Tiruparankundram-625005,tamilaga vettri kazhagam,322,244,78,dravida munnetra kazhagam,2,4,3,6,6,6,6,1,10,10,10,5,10,10,10,10.51212938005391,2
105,277,31,116,2,0,0,0,247,0,0,0,0,0,0,0,673,0,3,676,0,105,"Velan Matriculation School, Eastern Portion, Pamban Swami nagar, Tiruparankundram-625005","1.Madurai (C) Thirupparankundram (TP) Astalakshmi Street Ward 96 ,
2.Madurai (C) Thirupparankundram (TP) Lakshmi Nagar Ward 96 ,
3.Madurai (C) Thirupparankundram (TP) N.M.R.Street Ward 96 ,
4.Madurai (C) Thirupparankundram (TP) Paraiyanmalai Quarters Ward 96 ,
5.Madurai (C) Thirupparankundram (TP) Pamban Nagar 1st Street Ward 96 ,
6.Madurai (C) Thirupparankundram (TP) Pamban Nagar 5th Street Ward 96 ,
7.Madurai (C) Thirupparankundram (TP) Thirukulam 1st Lane Ward 96 ,
8.Madurai (C) Thirupparankundram (TP) Pamban Nagar Balaji Street Ward 96 ,
9.Madurai (C) Thirupparankundram (TP) Seenivasa Nagar Vinayagar Street Ward 96 ,
10.Madurai (C) Thirupparankundram (TP) Seenivasa Nagar Krishna Street Ward 96 ,
11.Madurai (C) Thirupparankundram (TP) Seenivasa Nagar West Street Ward 96
12.Madurai (C) Thirupparankundram (TP) Seenivasa Nagar Karumariamman Street Ward 96 ,
99.OVERSEAS ELECTORS OVERSEAS ELECTORS",All Voters,"Velan Matriculation School, Eastern Portion, Pamban Swami nagar",Tiruparankundram-625005,dravida munnetra kazhagam,277,247,30,tamilaga vettri kazhagam,1,4,3,5,6,6,6,2,6,6,6,6,6,6,6,4.457652303120357,0
106,204,39,158,1,0,0,1,233,0,0,0,0,0,0,0,636,0,7,643,0,106,"Government Higher Secondary School, North Building,  Eastern Portion, Tiruparankundram -625005","1.Madurai (C) Thirupparankundram (TP) Kuppaiyan Kinatru Lane Ward 96 ,
2.Madurai (C) Thirupparankundram (TP) Vangalam Lane Ward 96 ,
3.Madurai (C) Thirupparankundram (TP) East Street South Lane Ward 96 ,
4.Madurai (C) Thirupparankundram (TP) East Street North Lane Ward 96 ,
5.Madurai (C) Thirupparankundram (TP) Chavadi Street Ward 96 ,
6.Madurai (C) Thirupparankundram (TP) Big Car Street Ward 96 ,
7.Madurai (C) Thirupparankundram (TP) Rajeev Gandhi Nagar 1st Street East Ward 96 ,
8.Madurai (C) Thirupparankundram (TP) Rajeev Gandhi Nagar 2nd Street East Ward 96 ,
9.Madurai (C) Thirupparankundram (TP) Rajeev Gandhi Nagar 3rd Street East Ward 96 ,
10.Madurai (C) Thirupparankundram (TP) Rajeev Gandhi Nagar 4th Street East Ward 96 ,
11.Madurai (C) Thirupparankundram (TP) Rajeev Gandhi Nagar 5th Street East Ward 96 ,
12.Madurai (C) Thirupparankundram (TP) Rajeev Gandhi Nagar 1st Street West Ward 96 ,
13.Madurai (C) Thirupparankundram (TP) Rajeev Gandhi Nagar 2nd Street West Ward 96 ,
14.Madurai (C) Thirupparankundram (TP) Rajeev Gandhi Nagar 3rd Street West Ward 96 ,
15.Madurai (C) Thirupparankundram (TP) Rajeev Gandhi Nagar 4th Street West Ward 96 ,
16.Madurai (C) Thirupparankundram (TP) Rajeev Ganhi Nagar 1st Street South Ward 96 ,
17.Madurai (C) Thirupparankundram (TP) Rajeev Gandhi Nagar 2nd Street South Ward 96,
18.Madurai (C) Thirupparankundram (TP) RajeevGandhi Nagar Extension Ward 96, 99.OVERSEAS ELECTORS OVERSEAS ELECTORS",All Voters,"Government Higher Secondary School, North Building,  Eastern Portion",Tiruparankundram -625005,tamilaga vettri kazhagam,233,204,29,dravida munnetra kazhagam,2,4,3,5,7,7,5,1,7,7,7,7,7,7,7,4.559748427672956,0
107,187,35,142,0,0,0,4,243,0,0,0,0,0,2,0,613,0,4,617,0,107,"Government Higher Secondary School, Main Building, Backside,North Building, Western portion Tiruparankundram -625005","1.Madurai (C) Thirupparankundram (TP) Padapadi Street Ward 96 ,
2.Madurai (C) Thirupparankundram (TP) Sweeper Colony Ward 96 ,
3.Madurai (C) Thirupparankundram (TP) Harijan Colony Ward 96 ,
4.Madurai (C) Thirupparankundram (TP) Muniyandi Kovil Street Ward 96 ,
5.Madurai (C) Thirupparankundram (TP) Thanga Vinayagar First Street ,
6.Madurai (C) Thirupparankundram (TP) Thanga Vinayagar 2nd Street ,
7.Madurai (C) Thirupparankundram (TP) Rajeev Gandhi Nagar Main Ward 96 , 99.OVERSEAS ELECTORS OVERSEAS ELECTORS",All Voters,"Government Higher Secondary School, Main Building, Backside,North Building",Western portion Tiruparankundram -625005,tamilaga vettri kazhagam,243,187,56,dravida munnetra kazhagam,2,4,3,7,7,7,5,1,7,7,7,7,7,6,7,9.135399673735726,2
108,179,40,108,0,2,0,3,351,0,1,0,0,0,0,0,684,0,1,685,0,108,"Government Higher Secondary School, Middle Building, South side, West Portion,  Tiruparankundram - 625005","1.Madurai (C) Thirupparankundram (TP) East Street Middle Lane Ward 96 , 99.OVERSEAS ELECTORS OVERSEAS ELECTORS",All Voters,"Government Higher Secondary School, Middle Building, South side, West Portion",Tiruparankundram - 625005,tamilaga vettri kazhagam,351,179,172,dravida munnetra kazhagam,2,4,3,8,6,8,5,1,8,7,8,8,8,8,8,25.14619883040935,0
109,239,65,128,0,0,0,1,382,0,0,1,0,0,0,0,816,0,7,823,0,109,"Government Higher Secondary School, Staff Room, Western portion, Tiruparankundram 625005","1.Madurai (C) Thirupparankundram (TP) East Street Middle Lane Ward 96 ,
2.Madurai (C) Thirupparankundram (TP) East Pallar Street Ward 95 ,
3.Madurai (C) Thirupparankundram (TP) Sakkiliya Mettu Street Ward 95 ,
4.Madurai (C) Thirupparankundram (TP) Samiya Pillai Street Ward 95 , 99.OVERSEAS ELECTORS OVERSEAS ELECTORS",All Voters,"Government Higher Secondary School, Staff Room, Western portion",Tiruparankundram 625005,tamilaga vettri kazhagam,382,239,143,dravida munnetra kazhagam,2,4,3,7,7,7,5,1,7,7,5,7,7,7,7,17.52450980392157,1
110,207,41,116,0,3,0,0,312,0,1,0,0,0,1,0,681,0,4,685,0,110,"Government Higher Secondary School,  Main Building,  Near Office Room, GST Road, Tiruparankundram
-625005","1.Madurai (C) Thirupparankundram (TP) Kuttaiya Pillai Street Ward 95  ,
2.Madurai (C) Thirupparankundram (TP) Veerana Thevar Lane Ward 95 ,
3.Madurai (C) Thirupparankundram (TP) Chockalingam Pillai Street Ward 95 ,
4.Madurai (C) Thirupparankundram (TP) Kaliya Thevar Lane Ward 95 ,
5.Madurai (C) Thirupparankundram (TP) Sami Nayakkar Lane Ward 95 ,
6.Madurai (C) Thirupparankundram (TP) Thamburan Lane Ward 95 ,
7.Madurai (C) Thirupparankundram (TP) Lakshmanan Servai Lane Ward 95 ,
8.Madurai (C) Thirupparankundram (TP) East Car Street Ward 95 ,
9.Madurai (C) Thirupparankundram (TP) Big Car Street Ward 95 ,
10.Madurai (C) Thirupparankundram (TP) Sannathi Street Ward 95 , 99.OVERSEAS ELECTORS OVERSEAS ELECTORS",All Voters,"Government Higher Secondary School,  Main Building,  Near Office Room, GST Road","Tiruparankundram
-625005",tamilaga vettri kazhagam,312,207,105,dravida munnetra kazhagam,2,4,3,8,5,8,8,1,8,6,8,8,8,6,8,15.41850220264317,1
111,191,31,111,0,0,2,0,307,1,0,0,1,0,0,0,644,0,4,648,0,111,"Koodalmalai Elementary School, Eastern Building, North Portion,
Tiruparankundram -625005","1.Madurai (C) Thirupparankundram (TP) Koodalmalai Ward 95 , 99.OVERSEAS ELECTORS OVERSEAS ELECTORS",All Voters,"Koodalmalai Elementary School, Eastern Building, North Portion",Tiruparankundram -625005,tamilaga vettri kazhagam,307,191,116,dravida munnetra kazhagam,2,4,3,8,8,5,8,1,6,8,8,6,8,8,8,18.01242236024845,1
112,161,18,131,1,0,0,4,413,0,0,0,0,0,0,0,728,0,2,730,0,112,"Koodalmalai Elementary School, East Building, Sourthern Portion, Tiruparankundram -625005","1.Madurai (C) Thirupparankundram (TP) Thiyagarajar Engineering College Colony Ward 95 ,
2.Madurai (C) Thirupparankundram (TP) Mettu Street Ward 95 ,
3.Madurai (C) Thirupparankundram (TP) Sakkiliyar Mettu Street Ward 95 ,
4.Madurai (C) Thirupparankundram (TP) Police Lane ,
5.Madurai (C) Thirupparankundram (TP) Police Lane Old ,
6.Madurai (C) Thirupparankundram (TP) G S T Road Ward 95 ,
7.Madurai (C) Thirupparankundram (TP) Big Car Street Ward 95 ,
8.Madurai (C) Thirupparankundram (TP) Avaniyapuram Road Ward 96 , 99.OVERSEAS ELECTORS OVERSEAS ELECTORS",All Voters,"Koodalmalai Elementary School, East Building, Sourthern Portion",Tiruparankundram -625005,tamilaga vettri kazhagam,413,161,252,dravida munnetra kazhagam,2,4,3,6,7,7,5,1,7,7,7,7,7,7,7,34.61538461538461,0
113,223,32,133,1,0,0,1,340,2,0,0,0,0,1,0,733,0,2,735,0,113,"Government Higher Secondary School, West Building, Southern Portion, Tiruparankundram -625005","1.Madurai (C) Thirupparankundram (TP) Paller Mettu Street Ward 95 , 99.OVERSEAS ELECTORS OVERSEAS ELECTORS",All Voters,"Government Higher Secondary School, West Building, Southern Portion",Tiruparankundram -625005,tamilaga vettri kazhagam,340,223,117,dravida munnetra kazhagam,2,4,3,6,9,9,6,1,5,9,9,9,9,6,9,15.96180081855389,1
114,227,31,97,0,0,1,6,451,1,0,0,0,0,1,1,816,0,2,818,0,114,"Government Higher Secondary School,, South Side New Building, Eastern Portion,Near Staff Room, X-C,Tiruparankundram -625005","1.Madurai (C) Thirupparankundram (TP) Padapadi Street Ward 95 ,
2.Madurai (C) Thirupparankundram (TP) North Chinna Karuppan Lane Ward 95,
3.Madurai (C) Thirupparankundram (TP) North Mettu 1st Street Ward 95 ,
4.Madurai (C) Thirupparankundram (TP) North Mettu 2nd Street Ward 95 ,
5.Madurai (C) Thirupparankundram (TP) North Car Street Ward 95 ,
6.Madurai (C) Thirupparankundram (TP) North Pandithar Street Ward 95 ,
7.Madurai (C) Thirupparankundram (TP) Vannar Street Ward 95 ,
8.Madurai (C) Thirupparankundram (TP) Sannathi Street Ward 95 , 99.OVERSEAS ELECTORS OVERSEAS ELECTORS",All Voters,"Government Higher Secondary School,, South Side New Building, Eastern Portion,Near Staff Room, X-C",Tiruparankundram -625005,tamilaga vettri kazhagam,451,227,224,dravida munnetra kazhagam,2,4,3,10,10,6,5,1,6,10,10,10,10,6,6,27.45098039215686,2
115,289,47,139,0,1,1,1,313,0,0,0,1,0,0,0,792,0,4,796,0,115,"Panchayat Union Primary School, West Building, Northtern Portion, Office Side, Thiruparankundram-625005","1.Madurai (C) Thirupparankundram (TP) G.S.T Road Ward 95 ,
2.Madurai (C) Thirupparankundram (TP) North Mudhaliyar Street Ward 95 ,
3.Madurai (C) Thirupparankundram (TP) Muniyandi Kovil Street Ward 95 ,
4.Madurai (C) Thirupparankundram (TP) North Mudaliyar 2nd Street Ward 95 ,
5.Madurai (C) Thirupparankundram (TP) North Karuppa Pillai Lane Ward 95 ,
6.Madurai (C) Thirupparankundram (TP) Mohammadiyar Street Ward 95 ,
7.Madurai (C) Thirupparankundram (TP) North Kammalar Street Ward 95 ,
8.Madurai (C) Thirupparankundram (TP) Muslim Pettai Big Car Street ,
9.Madurai (C) Thirupparankundram (TP) Veerayi Lane Ward 95 ,
10.Madurai (C) Thirupparankundram (TP) Idaiyar Lane Ward 95 ,
11.Madurai (C) Thirupparankundram (TP) Vellalar Street Ward 95 ,
12.Madurai (C) Thirupparankundram (TP) Sannathi Street Ward 95 ,
13.Madurai (C) Thirupparankundram (TP) Padaikatti Street Ward 95 , 99.OVERSEAS ELECTORS OVERSEAS ELECTORS",All Voters,"Panchayat Union Primary School, West Building, Northtern Portion, Office Side",Thiruparankundram-625005,tamilaga vettri kazhagam,313,289,24,dravida munnetra kazhagam,2,4,3,9,5,5,5,1,9,9,9,5,9,9,9,3.03030303030303,1
116,292,30,119,0,0,0,1,339,0,1,0,0,0,0,0,782,0,4,786,1,116,"Panchayat Union Primary School, South Building, (Cone Building) Western Portion, Thiruparankundram-625005","1.Madurai (C) Thirupparankundram (TP) Vedar Mada Lane Ward 95 ,
2.Madurai (C) Thirupparankundram (TP) Kallar Street Ward 95 ,
3.Madurai (C) Thirupparankundram (TP) Devamar Lane Ward 95 ,
4.Madurai (C) Thirupparankundram (TP) Asarimar Lane Ward 95 ,
5.Madurai (C) Thirupparankundram (TP) Pambaiyan Lane Ward 95 ,
6.Madurai (C) Thirupparankundram (TP) Pambai Maniyan Lane Ward 95 ,
7.Madurai (C) Thirupparankundram (TP) Kasimaniyam Lane Ward 95 ,
8.Madurai (C) Thirupparankundram (TP) Mayilappan Poosari Lane Ward 95 ,
9.Madurai (C) Thirupparankundram (TP) Pambalamman Kovil Lane Ward 95 ,
10.Madurai (C) Thirupparankundram (TP) West Car Street Ward 95 ,
11.Madurai (C) Thirupparankundram (TP) North Car Street Ward 95 , 99.OVERSEAS ELECTORS OVERSEAS ELECTORS",All Voters,"Panchayat Union Primary School, South Building, (Cone Building) Western Portion",Thiruparankundram-625005,tamilaga vettri kazhagam,339,292,47,dravida munnetra kazhagam,2,4,3,7,7,7,5,1,7,5,7,7,7,7,7,6.010230179028133,0
117,225,47,137,1,0,0,8,409,1,2,0,0,0,1,1,832,0,3,835,0,117,"Swamy Vivegananda Vidya Mandir, South Building,  Eastern portion, Harveypatti-625005","1.Madurai (C) Harveypatti (TP) Harveypatti 1st Street Ward 97 ,
2.Madurai (C) Harveypatti (TP) Harveypatti 2nd Street Ward 97 ,
3.Madurai (C) Harveypatti (TP) Harveypatti 1st Street Ward 97 ,
4.Madurai (C) Harveypatti (TP) Harveypatti 2nd Street Ward 97 ,
5.Madurai (C) Harveypatti (TP) Harveypatti 3rd Street Ward 97 , 99.OVERSEAS ELECTORS OVERSEAS ELECTORS",All Voters,"Swamy Vivegananda Vidya Mandir, South Building,  Eastern portion",Harveypatti-625005,tamilaga vettri kazhagam,409,225,184,dravida munnetra kazhagam,2,4,3,7,11,11,5,1,7,6,11,11,11,7,7,22.11538461538461,2
118,253,48,105,1,0,1,7,494,0,0,0,0,0,2,0,911,0,2,913,0,118,"Swamy Vivegananda Vidya Mandir, New Building, South  Building Centre portion, Harveypatti-625005","1.Madurai (C) Harveypatti (TP) Harveypatti 4th Street Ward 97 ,
2.Madurai (C) Harveypatti (TP) S R V Nagar West Amaithi Solai Nagar Ward 96 ,
3.Madurai (C) Harveypatti (TP) S R V Nagar Lion City 14 Ward 96 ,
4.Madurai (C) Harveypatti (TP) S R V Nagar Durga Nagar Ward 97 ,
5.Madurai (C) Harveypatti (TP) Sowbakiya Nagar 1st Street Ward 97 ,
6.Madurai (C) Harveypatti (TP) Sowbakiya Nagar 2nd Street Ward 97 ,
7.Madurai (C) Harveypatti (TP) Sowbakiya Nagar 3rd Street Ward 97 , 99.OVERSEAS ELECTORS OVERSEAS ELECTORS",All Voters,"Swamy Vivegananda Vidya Mandir, New Building, South  Building Centre portion",Harveypatti-625005,tamilaga vettri kazhagam,494,253,241,dravida munnetra kazhagam,2,4,3,7,9,7,5,1,9,9,9,9,9,6,9,26.45444566410538,2
119,191,18,114,0,0,1,1,192,0,0,0,0,0,1,0,518,0,2,520,0,119,"Swamy Vivegananda Vidya Mandir, South Building, Western Portion, Harveypatti-625005","1.Madurai (C) Harveypatti (TP) Harveypattii 1st Street Ward 97 ,
2.Madurai (C) Harveypatti (TP) Harveypatti 2nd Street Ward 97 ,
3.Madurai (C) Harveypatti (TP) Harveypatti 3rd Street Ward 97 ,
4.Madurai (C) Harveypatti (TP) Dobi Colony, Harveypatti Ward 97 , 99.OVERSEAS ELECTORS OVERSEAS ELECTORS",All Voters,"Swamy Vivegananda Vidya Mandir, South Building, Western Portion",Harveypatti-625005,tamilaga vettri kazhagam,192,191,1,dravida munnetra kazhagam,2,4,3,8,8,5,5,1,8,8,8,8,8,5,8,0.1930501930501931,1
120,193,22,123,1,0,0,7,243,0,0,1,1,0,0,0,591,0,1,592,0,120,"HarveyPatti High School,South Building,Western Portion, Harveypatti-625005","1.Madurai (C) Harveypatti (TP) Harveypatti 2nd Street Ward 97 ,
2.Madurai (C) Harveypatti (TP) Harveypatti 3rd Street Ward 97 ,
3.Madurai (C) Harveypatti (TP) Harveypatti 1st Street Ward 97 ,
4.Madurai (C) Harveypatti (TP) Harveypatti 2nd Street Ward 97 ,
5.Madurai (C) Harveypatti (TP) Harveypatti 3rd Street Ward 97 , 99.OVERSEAS ELECTORS OVERSEAS ELECTORS",All Voters,"HarveyPatti High School,South Building,Western Portion",Harveypatti-625005,tamilaga vettri kazhagam,243,193,50,dravida munnetra kazhagam,2,4,3,6,9,9,5,1,9,9,6,6,9,9,9,8.460236886632826,2
121,141,34,139,3,0,0,0,322,0,0,0,0,0,0,1,640,0,2,642,0,121,"HarveyPatti High School,South Building, Centre Portion, Harveypatti-625005","1.Madurai (C) Harveypatti (TP) Harveypatti 1st Street Ward 97 ,
2.Madurai (C) Harveypatti (TP) Harveypatti 2nd Street Ward 97 ,
3.Madurai (C) Harveypatti (TP) Harveypatti 3rd Street Ward 97 ,
4.Madurai (C) Harveypatti (TP) Harveypatti 4th Street Ward 97 ,
5.Madurai (C) Harveypatti (TP) Harveypatti 5th Street Ward 97 ,
6.Madurai (C) Harveypatti (TP) Harveypatti 1st Street Ward 97 ,
7.Madurai (C) Harveypatti (TP) Harveypatti Bazar Street Ward 97 , 99.OVERSEAS ELECTORS OVERSEAS ELECTORS",All Voters,"HarveyPatti High School,South Building, Centre Portion",Harveypatti-625005,tamilaga vettri kazhagam,322,141,181,dravida munnetra kazhagam,2,4,3,5,7,7,7,1,7,7,7,7,7,7,6,28.28125,1
122,225,57,133,0,0,1,3,412,0,0,0,0,0,2,0,833,0,3,836,0,122,"HarveyPatti High School,South Building Eastern  Portion, Room No 7 Harveypatti-625005","1.Madurai (C) Harveypatti (TP) Harveypatti 2nd Street Ward 97 ,
2.Madurai (C) Harveypatti (TP) Harveypatti 3rd Street Ward 97 ,
3.Madurai (C) Harveypatti (TP) Harveypatti 1st Street Ward 97 ,
4.Madurai (C) Harveypatti (TP) Harveypatti 1st  Street Ward 97 ,
5.Madurai (C) Harveypatti (TP) Harveypatti 3rd Street Ward 97 ,
6.Madurai (C) Harveypatti (TP) Harveypatti 4th Street Ward 97 , 99.OVERSEAS ELECTORS OVERSEAS ELECTORS",All Voters,"HarveyPatti High School,South Building Eastern  Portion",Room No 7 Harveypatti-625005,tamilaga vettri kazhagam,412,225,187,dravida munnetra kazhagam,2,4,3,8,8,7,5,1,8,8,8,8,8,6,8,22.44897959183674,2
123,193,42,108,1,0,0,1,438,0,0,0,0,0,1,1,785,0,2,787,0,123,"HarveyPatti High School,Front Portion, Room No 6, Main  Building, Northern Portion,  Harveypatti-625005","1.Madurai (C) Harveypatti (TP) Harveypatti 1st Street Ward 97 ,
2.Madurai (C) Harveypatti (TP) Harveypatti 2nd Street Ward 97 ,
3.Madurai (C) Harveypatti (TP) Harveypatti 1st Street Ward 97 ,
4.Madurai (C) Harveypatti (TP) Harveypatti  2nd Street Ward 97 ,
5.Madurai (C) Harveypatti (TP) Harveypatti 3rd Street Ward 97 ,
6.Madurai (C) Harveypatti (TP) Harveypatti 4th Street Ward 97 ,
7.Madurai (C) Harveypatti (TP) Harveypatti  2nd Street Ward 97 , 99.OVERSEAS ELECTORS OVERSEAS ELECTORS",All Voters,"HarveyPatti High School,Front Portion, Room No 6, Main  Building, Northern Portion",Harveypatti-625005,tamilaga vettri kazhagam,438,193,245,dravida munnetra kazhagam,2,4,3,5,9,9,5,1,9,9,9,9,9,5,5,31.21019108280255,2
124,249,31,154,0,2,1,1,355,0,0,0,1,1,1,0,796,0,2,798,0,124,"HarveyPatti High School,Main Building, Centre Portion,  Harveypatti-625005","1.Madurai (C) Harveypatti (TP) Harveypatti 3rd Street Ward 97 ,
2.Madurai (C) Harveypatti (TP) Harveypatti  4th Street Ward 97 ,
3.Madurai (C) Harveypatti (TP) Harveypatti 5th Street Ward 97 ,
4.Madurai (C) Harveypatti (TP) Harveypatti 1st Street Ward 97 ,
5.Madurai (C) Harveypatti (TP) Harveypatti 2nd Street Ward 97 ,
6.Madurai (C) Harveypatti (TP) Harveypatti 3rd Street Ward 97 ,
7.Madurai (C) Harveypatti (TP) Harveypatti 4th Street Ward 97 ,
8.Madurai (C) Harveypatti (TP) Harveypatti 1st Street Ward 97 ,
9.Madurai (C) Harveypatti (TP) Harveypatti 2nd Street Ward 97 ,
10.Madurai (C) Harveypatti (TP) Harveypatti 3rd Street Ward 97 ,
11.Madurai (C) Harveypatti (TP) Harveypatti 3rd Street Ward 97 , 99.OVERSEAS ELECTORS OVERSEAS ELECTORS",All Voters,"HarveyPatti High School,Main Building, Centre Portion",Harveypatti-625005,tamilaga vettri kazhagam,355,249,106,dravida munnetra kazhagam,2,4,3,11,5,6,6,1,11,11,11,6,6,6,11,13.31658291457286,3
125,292,40,106,0,1,1,1,364,0,0,1,0,0,0,1,807,0,3,810,0,125,"HarveyPatti High School,Main Building, Southern Portion, Room No 4 Harveypatti-625005","1.Madurai (C) Harveypatti (TP) Harveypatti  2nd Street Ward 97 ,
2.Madurai (C) Harveypatti (TP) Harveypatti 1st Street Ward 97 ,
3.Madurai (C) Harveypatti (TP) Harveypatti 4th Street Ward 10 ,
4.Madurai (C) Harveypatti (TP) Harveypatti 3rd Street Ward 97 ,
5.Madurai (C) Harveypatti (TP) Harveypatti 2nd Street Ward 97 ,
6.Madurai (C) Harveypatti (TP) Harveypatti 1st Street Ward 97 ,
7.Madurai (C) Harveypatti (TP) Harveypatti  6th Street Ward 97 ,
8.Madurai (C) Harveypatti (TP) Harveypatti 5th Street Ward 97 ,
9.Madurai (C) Harveypatti (TP) Harveypatti 4th Street Ward 97 ,
10.Madurai (C) Harveypatti (TP) Harveypatti 3rd Street Sooravalimedu Ward 97 , 99.OVERSEAS ELECTORS OVERSEAS ELECTORS",All Voters,"HarveyPatti High School,Main Building, Southern Portion",Room No 4 Harveypatti-625005,tamilaga vettri kazhagam,364,292,72,dravida munnetra kazhagam,2,4,3,10,5,5,5,1,10,10,5,10,10,10,5,8.921933085501859,2
126,247,38,168,0,0,0,5,391,1,1,0,0,0,4,0,855,0,2,857,0,126,"Panchayat Union Elementary
School, Middle Building,North portion,  Nilaiyur I Bit-625005","1.Nilaiyur Bit 1 (R.V) Nilaiyur (P) Nilaiyur Ward 1 , 99.OVERSEAS ELECTORS OVERSEAS ELECTORS",All Voters,"Panchayat Union Elementary
School, Middle Building,North portion",Nilaiyur I Bit-625005,tamilaga vettri kazhagam,391,247,144,dravida munnetra kazhagam,2,4,3,9,9,9,5,1,7,7,9,9,9,6,9,16.84210526315789,4
127,244,44,118,0,0,0,5,462,1,1,0,0,0,0,1,876,0,2,878,0,127,"Panchayat Union Elementary School,Main  Building, (West)
Nilaiyur I Bit-625005","1.Nilaiyur Bit 1(R.V)  Nilaiyur (P) Nilaiyur 1Bit Street Ward 1 , 99.OVERSEAS ELECTORS OVERSEAS ELECTORS",All Voters,"Panchayat Union Elementary School,Main  Building","(West)
Nilaiyur I Bit-625005",tamilaga vettri kazhagam,462,244,218,dravida munnetra kazhagam,2,4,3,9,9,9,5,1,6,6,9,9,9,9,6,24.88584474885845,1
128,234,26,116,0,0,0,5,265,0,1,0,0,1,0,1,649,0,5,654,0,128,"N.K. Kuppaiyan Rathnamani Vidhyalaya middle school,West Building, East Portion, (Vishnu Block
) Kaithari nagar, Nilaiyur-625005","1.Nilaiyur Bit 1 (R.V) Nilaiyur (P) Ramakrishna Colony Ward 1 , 99.OVERSEAS ELECTORS OVERSEAS ELECTORS",All Voters,"N.K. Kuppaiyan Rathnamani Vidhyalaya middle school,West Building, East Portion, (Vishnu Block
) Kaithari nagar",Nilaiyur-625005,tamilaga vettri kazhagam,265,234,31,dravida munnetra kazhagam,2,4,3,9,9,9,5,1,9,6,9,9,6,9,6,4.776579352850539,2
129,267,59,125,1,1,2,0,447,0,0,0,0,1,1,0,904,0,5,909,0,129,"N.K. Kuppaiyan Rathnamani Vidhyalaya middle school,Centre Portion, (Vishnu Block) Kaithari nagar, Nilaiyur-625005","1.Nilaiyur Bit 1 (R.V) Nilaiyur (P) Radhakrishna Colony Ward 1 ,
2.Nilaiyur Bit 1 (R.V) Nilaiyur (P) Nadana Gopala Colony Ward 1 , 99.OVERSEAS ELECTORS OVERSEAS ELECTORS",All Voters,"N.K. Kuppaiyan Rathnamani Vidhyalaya middle school,Centre Portion, (Vishnu Block) Kaithari nagar",Nilaiyur-625005,tamilaga vettri kazhagam,447,267,180,dravida munnetra kazhagam,2,4,3,6,6,5,10,1,10,10,10,10,6,6,10,19.91150442477876,2
130,147,33,103,1,0,0,0,303,0,0,0,0,0,0,0,587,0,2,589,0,130,"N.K. Kuppaiyan Rathnamani Vidhyalaya Primary school,East Building, South Portion, (Siva Block) Kaithari nagar, Nilaiyur-625005","1.Nilaiyur Bit 1 (R.V) Nilaiyur (P) Bagath Singh Colony Ward 1 ,
2.Nilaiyur Bit 1 (R.V) Nilaiyur (P) Ayyanar West Street Ramakrishna Colony Ward 1 , 99.OVERSEAS ELECTORS OVERSEAS ELECTORS",All Voters,"N.K. Kuppaiyan Rathnamani Vidhyalaya Primary school,East Building, South Portion, (Siva Block) Kaithari nagar",Nilaiyur-625005,tamilaga vettri kazhagam,303,147,156,dravida munnetra kazhagam,2,4,3,5,6,6,6,1,6,6,6,6,6,6,6,26.57580919931857,0
131,161,11,126,0,0,1,3,212,1,0,0,0,0,1,0,516,0,3,519,0,131,"N.K. Kuppaiyan Rathnamani Vidhyalaya middle school,West Building,  Centre Portion, (Vishnu Block) Kaithari nagar, Nilaiyur-625005","1.Nilaiyur Bit 1 (R.V) Nilaiyur (P) Balaji Colony Ward 1 ,
2.Nilaiyur Bit 1 (R.V) Nilaiyur (P) Bharath Jothi Colony Ward 1 , 99.OVERSEAS ELECTORS OVERSEAS ELECTORS",All Voters,"N.K. Kuppaiyan Rathnamani Vidhyalaya middle school,West Building,  Centre Portion, (Vishnu Block) Kaithari nagar",Nilaiyur-625005,tamilaga vettri kazhagam,212,161,51,dravida munnetra kazhagam,2,4,3,9,9,6,5,1,6,9,9,9,9,6,9,9.883720930232558,1
132,255,46,128,2,3,2,2,359,1,0,0,0,0,3,0,801,0,7,808,0,132,"N.K. Kuppaiyan Rathnamani Vidhyalaya Primary school,East Building, Centre Portion,  (Siva Block) Room No 2,Kaithari nagar, Nilaiyur-
625005","1.Nilaiyur Bit 1 (R.V) Nilaiyur (P) Angayarkanni Colony Ward 2 ,
2.Nilaiyur Bit 1 (R.V) Nilaiyur (P) Thai Mugambikai Colony Ward 2 ,
3.Nilaiyur Bit 1 (R.V) Nilaiyur (P) Nilaiyur Ward 2 , 99.OVERSEAS ELECTORS OVERSEAS ELECTORS",All Voters,"N.K. Kuppaiyan Rathnamani Vidhyalaya Primary school,East Building, Centre Portion,  (Siva Block) Room No 2,Kaithari nagar","Nilaiyur-
625005",tamilaga vettri kazhagam,359,255,104,dravida munnetra kazhagam,2,4,3,7,5,7,7,1,10,11,11,11,11,5,11,12.98377028714108,3
133,249,59,136,0,1,3,4,378,0,0,0,0,0,1,0,831,0,4,835,0,133,"N.K. Kuppaiyan Rathnamani Vidhyalaya Primary school,East Building, Centre Portion,  (Siva Block)
Kaithari nagar, Nilaiyur-625005","1.Nilaiyur Bit 1 (R.V) Nilaiyur (P) Vivekanandapuram Ward 2 ,
2.Nilaiyur Bit 1 (R.V) Nilaiyur (P) Maruthi Colony Ward 2 , 99.OVERSEAS ELECTORS OVERSEAS ELECTORS",All Voters,"N.K. Kuppaiyan Rathnamani Vidhyalaya Primary school,East Building, Centre Portion,  (Siva Block)
Kaithari nagar",Nilaiyur-625005,tamilaga vettri kazhagam,378,249,129,dravida munnetra kazhagam,2,4,3,9,7,6,5,1,9,9,9,9,9,7,9,15.52346570397112,1
134,294,35,137,2,0,0,0,413,1,0,0,0,0,2,0,884,0,1,885,0,134,"N.K. Kuppaiyan Rathnamani Vidhyalaya Primary school,East Building, North Portion,(Siva Block) Kaithari nagar, Nilaiyur-625005","1.Nilaiyur Bit1 Nilaiyur (P) Harijan Colony Ward 2 ,
2.Nilaiyur Bit1 Nilaiyur (P) Kumaran Nagar Ward 2 ,
3.Nilaiyur Bit 1 (R.V) Nilaiyur (P) Nehru Colony Ward 2 , 99.OVERSEAS ELECTORS OVERSEAS ELECTORS",All Voters,"N.K. Kuppaiyan Rathnamani Vidhyalaya Primary school,East Building, North Portion,(Siva Block) Kaithari nagar",Nilaiyur-625005,tamilaga vettri kazhagam,413,294,119,dravida munnetra kazhagam,2,4,3,5,8,8,8,1,7,8,8,8,8,5,8,13.46153846153846,2
135,338,35,110,0,2,0,0,291,1,0,0,0,0,0,0,777,0,3,780,0,135,"N.K. Kuppaiyan Rathnamani Vidhyalaya Primary school,West Building, Western  Portion,(Vishnu Block)  Kaithari nagar, Nilaiyur-
625005","1.Nilaiyur Bit1 Nilaiyur (P) Ranjitham Nagar Ward 2 ,
2.Nilaiyur Bit1 Nilaiyur (P) Handloom Nagar Ward 2 , 99.OVERSEAS ELECTORS OVERSEAS ELECTORS",All Voters,"N.K. Kuppaiyan Rathnamani Vidhyalaya Primary school,West Building, Western  Portion,(Vishnu Block)  Kaithari nagar","Nilaiyur-
625005",dravida munnetra kazhagam,338,291,47,tamilaga vettri kazhagam,1,4,3,7,5,7,7,2,6,7,7,7,7,7,7,6.048906048906049,0
136,311,33,134,0,0,1,3,311,0,0,0,1,0,0,0,794,0,6,800,0,136,"Panchayat Union Elementary School, Eas Side North Building,
Koothiyarkundu-625008","1.Kuthiyarkundu (P) Prevala street ,
99.OVERSEAS ELECTORS OVERSEAS ELECTORS",All Voters,"Panchayat Union Elementary School, Eas Side North Building",Koothiyarkundu-625008,dravida munnetra kazhagam,311,311,0,dravida munnetra kazhagam,1,4,3,8,8,6,5,1,8,8,8,6,8,8,8,0.0,1
137,204,27,181,0,0,0,1,386,1,1,0,1,0,0,0,802,0,3,805,0,137,"Panchayat Union Elementary School, South Building, East Portion, Koothiyarkundu-625008","1.Kuthiyarkundu (p) Kanakkar Street , 2.Kuthiyarkundu (p) Kottai Street ,
99.OVERSEAS ELECTORS OVERSEAS ELECTORS",All Voters,"Panchayat Union Elementary School, South Building, East Portion",Koothiyarkundu-625008,tamilaga vettri kazhagam,386,204,182,dravida munnetra kazhagam,2,4,3,9,9,9,5,1,5,5,9,5,9,9,9,22.6932668329177,1
138,198,36,132,1,1,0,3,280,1,1,0,0,0,1,0,654,0,11,665,0,138,"Panchayat Union Elementary School, East Building, Southern Portion Koothiyarkundu-625008","1.Nilaiyur Bit1 Kuthiyarkundu (P) Harijan Colony ,
2.Nilaiyur Bit1 Kuthiyarkundu (P) Kuthiyarkundu , 99.OVERSEAS ELECTORS OVERSEAS ELECTORS",All Voters,"Panchayat Union Elementary School, East Building",Southern Portion Koothiyarkundu-625008,tamilaga vettri kazhagam,280,198,82,dravida munnetra kazhagam,2,4,3,6,6,11,5,1,6,6,11,11,11,6,11,12.53822629969419,1
139,229,16,109,1,0,0,8,366,1,0,0,0,0,0,0,730,0,7,737,0,139,"Panchayat Union Elementary School, West Building, South Portion,
Koothiyarkundu-625008","1.Nilaiyur Bit1 Kuthiyarkundu (P) Kottai Street , 99.OVERSEAS ELECTORS OVERSEAS ELECTORS",All Voters,"Panchayat Union Elementary School, West Building, South Portion",Koothiyarkundu-625008,tamilaga vettri kazhagam,366,229,137,dravida munnetra kazhagam,2,4,3,6,8,8,5,1,6,8,8,8,8,8,8,18.76712328767123,0
140,210,27,117,1,1,1,0,337,0,0,0,1,0,1,1,697,0,1,698,0,140,"Govt. High School   ,Main Building, Western Portion, Karuvelampatti.-
625008","1.Nilaiyur(R.V) Karuvelampatti (P) Karuvelampatti Ward 1 , 99.OVERSEAS ELECTORS OVERSEAS ELECTORS",All Voters,"Govt. High School   ,Main Building, Western Portion","Karuvelampatti.-
625008",tamilaga vettri kazhagam,337,210,127,dravida munnetra kazhagam,2,4,3,5,5,5,11,1,11,11,11,5,11,5,5,18.22094691535151,3
141,193,24,127,0,0,0,2,343,0,0,0,0,0,1,1,691,0,3,694,0,141,"Govt. High  School   ,Main Building, Middle Portion, Karuvelampatti.-
625008","1.Nilaiyur(R.V) Karuvelampatti (P) East Street Ward 2 , 99.OVERSEAS ELECTORS OVERSEAS ELECTORS",All Voters,"Govt. High  School   ,Main Building, Middle Portion","Karuvelampatti.-
625008",tamilaga vettri kazhagam,343,193,150,dravida munnetra kazhagam,2,4,3,8,8,8,5,1,8,8,8,8,8,6,6,21.70767004341534,2
142,186,25,149,1,0,0,2,340,0,0,0,0,0,2,1,706,0,4,710,0,142,"Panchayat Union Middle School, Additional Building,West Portion, Small Savings Scheme,  Soorakulam-625008","1.Surakulam (P) Surakulam Puthukulam 2 Ward 1 , 2.Surakulam (P) Puthukulam 3 Ward 2 , 3.Surakulam (P) Puthukulam Ward 3 ,
99.OVERSEAS ELECTORS OVERSEAS ELECTORS",All Voters,"Panchayat Union Middle School, Additional Building,West Portion, Small Savings Scheme",Soorakulam-625008,tamilaga vettri kazhagam,340,186,154,dravida munnetra kazhagam,2,4,3,7,9,9,5,1,9,9,9,9,9,5,7,21.81303116147309,3
143,233,34,125,2,2,0,2,402,1,0,0,0,0,0,0,801,0,4,805,0,143,"Panchayat Union Elementary School,Near Gate East  Building, Western Portion Perungudi-625022","1.Perungudi (R.V) Perungudi (P) Perungudi Ward 1 , 99.OVERSEAS ELECTORS OVERSEAS ELECTORS",All Voters,"Panchayat Union Elementary School,Near Gate East  Building",Western Portion Perungudi-625022,tamilaga vettri kazhagam,402,233,169,dravida munnetra kazhagam,2,4,3,5,5,9,5,1,8,9,9,9,9,9,9,21.09862671660424,0
144,203,25,210,1,0,0,2,298,0,0,0,0,0,1,0,740,0,5,745,0,144,"Panchayat Union Elementary School, Near Gate East Building Eastern Portion, Perungudi-625022","1.Perungudi (R.V) Perungudi (P) Perungudi Ward 2 , 99.OVERSEAS ELECTORS OVERSEAS ELECTORS",All Voters,"Panchayat Union Elementary School, Near Gate East Building Eastern Portion",Perungudi-625022,tamilaga vettri kazhagam,298,210,88,all india anna dravida munnetra kazhagam,3,4,2,6,8,8,5,1,8,8,8,8,8,6,8,11.89189189189189,1
145,237,30,237,2,0,1,3,416,0,0,0,1,0,0,1,928,0,1,929,0,145,"Panchayat Union Elementary School,Near Gate, West Building , Western Portion;, Perungudi-
625022","1.Perungudi (R.V) Perungudi (P) Vanjinathan Street , 99.OVERSEAS ELECTORS OVERSEAS ELECTORS",All Voters,"Panchayat Union Elementary School,Near Gate, West Building , Western Portion;","Perungudi-
625022",tamilaga vettri kazhagam,416,237,179,all india anna dravida munnetra kazhagam,2,4,2,6,10,7,5,1,10,10,10,7,10,10,7,19.28879310344828,2
146,247,36,163,0,0,0,2,453,2,0,0,0,0,0,0,903,0,5,908,0,146,"Panchayat Union Elementary School,SSA  Building, Southern Portion, Near Office Room,
Perungudi-625022","1.Perungudi (R.V) Perungudi (P) Sowrastra Colony , 99.OVERSEAS ELECTORS OVERSEAS ELECTORS",All Voters,"Panchayat Union Elementary School,SSA  Building, Southern Portion, Near Office Room",Perungudi-625022,tamilaga vettri kazhagam,453,247,206,dravida munnetra kazhagam,2,4,3,7,7,7,5,1,5,7,7,7,7,7,7,22.81284606866002,0
147,266,36,185,1,0,0,6,350,3,0,0,0,0,0,0,847,0,5,852,0,147,"Panchayat Union Elementary School,SSA Building,Northern Portion Perungudi-625022","1.Perungudi (R.V) Perungudi (P) Pasumpon Nagar , 2.Perungudi (R.V) Perungudi (P) Ambethkar Nagar ,
99.OVERSEAS ELECTORS OVERSEAS ELECTORS",All Voters,"Panchayat Union Elementary School,SSA Building",Northern Portion Perungudi-625022,tamilaga vettri kazhagam,350,266,84,dravida munnetra kazhagam,2,4,3,7,8,8,5,1,6,8,8,8,8,8,8,9.917355371900827,0
148,101,19,161,1,0,1,1,398,2,0,0,0,0,1,1,686,0,1,687,0,148,"Panchayat Union Elementary School,Additional Building, West Side, Perungudi-625022","1.Perungudi (R.V) Perungudi (P) Ganapathi Nagar , 2.Perungudi (R.V) Perungudi (P) Muniyappa Nagar , 3.Perungudi (R.V) Perungudi (P) Meenakshi Nagar ,
99.OVERSEAS ELECTORS OVERSEAS ELECTORS",All Voters,"Panchayat Union Elementary School,Additional Building, West Side",Perungudi-625022,tamilaga vettri kazhagam,398,161,237,all india anna dravida munnetra kazhagam,3,4,2,6,11,6,6,1,5,11,11,11,11,6,6,34.54810495626822,2
149,102,23,105,0,0,0,1,445,1,2,1,1,0,1,0,682,0,3,685,0,149,"Pt. Union Elementary School, East Building, North Side Ayanpappakudi.-625012","1.Madurai (C) Avaniyapuram (TP) Vallananthapuram Main Street Ward 60 ,
2.Madurai (C) Avaniyapuram (TP) Sikkanthar Nagar Ward 60 ,
3.Madurai (C) Avaniyapuram (TP) Prasanna Colony New Colony Ward 60 , 99.OVERSEAS ELECTORS OVERSEAS ELECTORS",All Voters,"Pt. Union Elementary School, East Building",North Side Ayanpappakudi.-625012,tamilaga vettri kazhagam,445,105,340,all india anna dravida munnetra kazhagam,3,4,2,11,11,11,6,1,6,5,6,6,11,6,11,49.85337243401759,3
150,140,22,171,1,0,1,2,500,2,0,0,0,0,0,1,840,0,2,842,0,150,"Pt. Union Elementary School, East Building, Western Side, North Facing, Ayanpappakudi.-625012","1.Madurai (C) Avaniyapuram (TP) Vallananthapuram Main Street Ward 60 ,
2.Madurai (C) Avaniyapuram (TP) Thukkaram Ward 60 , 99.OVERSEAS ELECTORS OVERSEAS ELECTORS",All Voters,"Pt. Union Elementary School, East Building, Western Side, North Facing",Ayanpappakudi.-625012,tamilaga vettri kazhagam,500,171,329,all india anna dravida munnetra kazhagam,3,4,2,7,10,7,5,1,5,10,10,10,10,10,7,39.16666666666666,1
151,100,21,150,1,0,0,1,421,2,0,0,2,0,2,1,701,0,1,702,0,151,"Pt. Union Middle School, East Portion Sankaranayar Street, Avaniyapuram-625012","1.Madurai (C) Avaniyapuram (TP) C.A.S. Nagar 1st Street Ward 94 ,
2.Madurai (C) Avaniyapuram (TP) C.A.S.Nagar 2nd Street Ward 94 ,
3.Madurai (C) Avaniyapuram (TP) C.A.S Nagar 3rd Street Ward 94 ,
4.Madurai (C) Avaniyapuram (TP) Athirsdam Quarters 2 Aruppukkottai Main Road Ward 94 ,
5.Madurai (C) Avaniyapuram (TP) Malligai Street Ward 61 ,
6.Madurai (C) Avaniyapuram (TP) Karunanithi Street Meenakshi Nagar Ward 61 , 99.OVERSEAS ELECTORS OVERSEAS ELECTORS",All Voters,"Pt. Union Middle School, East Portion Sankaranayar Street",Avaniyapuram-625012,tamilaga vettri kazhagam,421,150,271,all india anna dravida munnetra kazhagam,3,4,2,8,11,11,8,1,5,11,11,5,11,5,8,38.65905848787447,5
152,155,21,182,0,0,0,2,477,2,0,0,0,1,3,0,843,0,8,851,0,152,"Pt. Union Middle School, SSA Building  Western Building, South Portion, North Facing Sankaranayar Street, Avaniyapuram.-625012","1.Madurai (C) Avaniyapuram (TP) Vallalar Street Meenakshi Nagar Ward 62 ,
2.Madurai (C) Avaniyapuram (TP) Anna Street Aruppukkottai Main Road Ward 94,
3.Madurai (C) Avaniyapuram (TP) Muthu Nagar Ward 94 ,
4.Madurai (C) Avaniyapuram (TP) Sriram Nagar Ward 94 ,
5.Madurai (C) Avaniyapuram (TP) Housing Board Padma Theatre Opposite Ward 62 ,
6.Madurai (C) Avaniyapuram (TP) C.A.S Colony Avaniyapuram Ward 94 ,
7.Madurai (C) Avaniyapuram (TP) M M C Colony West Portion Extension Ward 94,
8.Madurai (C) Avaniyapuram (TP) Thiruppathi Nagar 1st Street Ward 94 ,
9.Madurai (C) Avaniyapuram (TP) Thiruppathi Nagar 2nd Street Ward 94 , 99.OVERSEAS ELECTORS OVERSEAS ELECTORS",All Voters,"Pt. Union Middle School, SSA Building  Western Building, South Portion, North Facing Sankaranayar Street",Avaniyapuram.-625012,tamilaga vettri kazhagam,477,182,295,all india anna dravida munnetra kazhagam,3,4,2,9,9,9,6,1,6,9,9,9,8,5,9,34.99406880189798,4
153,218,45,222,4,0,0,4,407,2,0,0,0,0,2,0,904,0,2,906,0,153,"Govt. Midle School East Side Room No. 1 for the Severely
Mobility imparied Children,","1.Madurai (C) Avaniyapuram (TP) Villapuram Housing Board Ward 61 , 99.OVERSEAS ELECTORS OVERSEAS ELECTORS",All Voters,"Govt. Midle School East Side Room No. 1 for the Severely
Mobility imparied Children",,tamilaga vettri kazhagam,407,222,185,all india anna dravida munnetra kazhagam,3,4,2,5,9,9,5,1,7,9,9,9,9,7,9,20.46460176991151,2
154,142,21,172,1,0,0,6,558,1,0,1,1,0,1,1,905,0,4,909,0,154,"Govt. Midle School East Side Room No. 2 for the Severely Mobility imparied Children,
Villapuram.-625012","1.Madurai (C) Avaniyapuram (TP) Villapuram Housing Board Ward 61 ,
2.Madurai (C) Avaniyapuram (TP) Nallathambi Thoppu Villapuram Ward 62 , 99.OVERSEAS ELECTORS OVERSEAS ELECTORS",All Voters,Govt. Midle School East Side Room No. 2 for the Severely Mobility imparied Children,Villapuram.-625012,tamilaga vettri kazhagam,558,172,386,all india anna dravida munnetra kazhagam,3,4,2,6,12,12,5,1,6,12,6,6,12,6,6,42.65193370165746,4
155,215,29,167,1,0,0,4,496,1,1,0,0,0,2,1,917,0,4,921,0,155,"Vani Nursury and Primary School
,South Portion Room No 1 Karpagam Nagar Avaniyapuram-625012","1.Madurai (C) Avaniyapuram (TP) Avaniyapuram Housing Board Villapuram Kudiyiruppu Ward 61 ,
99.OVERSEAS ELECTORS OVERSEAS ELECTORS",All Voters,Vani Nursury and Primary School,South Portion Room No 1 Karpagam Nagar Avaniyapuram-625012,tamilaga vettri kazhagam,496,215,281,dravida munnetra kazhagam,2,4,3,7,11,11,5,1,7,7,11,11,11,6,7,30.64340239912759,3
156,133,23,140,1,0,1,1,556,0,0,0,1,1,0,0,857,0,6,863,0,156,"Vani Nursury and Primary School
,West Side North Portion, Karpagam Nagar Avaniyapuram-625012","1.Madurai (C) Avaniyapuram (TP) Avaniyapuram Housing Board Villapuram Kudiyiruppu Ward 61 ,
99.OVERSEAS ELECTORS OVERSEAS ELECTORS",All Voters,"Vani Nursury and Primary School
,West Side North Portion",Karpagam Nagar Avaniyapuram-625012,tamilaga vettri kazhagam,556,140,416,all india anna dravida munnetra kazhagam,3,4,2,5,10,5,5,1,10,10,10,5,5,10,10,48.5414235705951,2
157,324,73,230,2,2,1,5,237,0,0,0,0,0,1,2,877,0,6,883,0,157,"Guhan Nursery and Primary School, North Portion, Villapuram.-625012","1.Madurai (C) Avaniyapuram (TP) Avaniyapuram Housing Board Villapuram Kudiyiruppu Ward 61 ,
99.OVERSEAS ELECTORS OVERSEAS ELECTORS",All Voters,"Guhan Nursery and Primary School, North Portion",Villapuram.-625012,dravida munnetra kazhagam,324,237,87,tamilaga vettri kazhagam,1,4,3,6,6,9,5,2,11,11,11,11,11,9,6,9.92018244013683,3
158,168,56,83,0,0,0,1,228,0,0,0,1,0,2,1,540,0,1,541,0,158,"Community Hall, North Side TNHB Colony Villapuram, (Near Avaniyapuram Out Post Police Station).-625012","1.Madurai (C) Avaniyapuram (TP) Avaniyapuram Housing Board Villapuram Kudiyiruppu Ward 61 ,
2.Madurai (C) Avaniyapuram (TP) Muthumariamman Kovil Street Villapuram Ward 62
,
3.Madurai (C) Avaniyapuram (TP) Avaniyapuram Housing Board Villapuram Kudiyiruppu Ward 61 ,
99.OVERSEAS ELECTORS OVERSEAS ELECTORS",All Voters,"Community Hall, North Side TNHB Colony Villapuram",(Near Avaniyapuram Out Post Police Station).-625012,tamilaga vettri kazhagam,228,168,60,dravida munnetra kazhagam,2,4,3,9,9,9,6,1,9,9,9,6,9,5,6,11.11111111111111,4
159,294,49,203,0,3,0,0,354,1,0,0,0,0,1,0,905,0,1,906,0,159,"Community Hall, South Side TNHB Colony Villapuram, (Near Avaniyapuram Out Post Police Station).-625012","1.Madurai (C) Avaniyapuram (TP) Avaniyapuram Housing Board Villapuram Kudiyiruppu Ward 61 ,
2.Madurai (C) Avaniyapuram (TP) Mahalingam Salai Villapuram ,
99.OVERSEAS ELECTORS OVERSEAS ELECTORS",All Voters,"Community Hall, South Side TNHB Colony Villapuram",(Near Avaniyapuram Out Post Police Station).-625012,tamilaga vettri kazhagam,354,294,60,dravida munnetra kazhagam,2,4,3,8,5,8,8,1,6,8,8,8,8,6,8,6.629834254143646,1
160,186,39,127,0,2,0,4,182,1,1,0,1,0,3,0,546,0,1,547,0,160,"Vaani nursery and primary school, south side portion Room No. 2 villapuram.-625012","1.Madurai (C) Avaniyapuram (TP) Avaniyapuram Housing Board Villlapuram Kudiyiruppu Ward 61 ,
99.OVERSEAS ELECTORS OVERSEAS ELECTORS",All Voters,Vaani nursery and primary school,south side portion Room No. 2 villapuram.-625012,dravida munnetra kazhagam,186,182,4,tamilaga vettri kazhagam,1,4,3,11,7,11,5,2,8,8,11,8,11,6,11,0.7326007326007326,4
161,306,58,128,1,23,0,1,289,0,0,0,1,2,0,1,810,0,1,811,0,161,"Anganwadi Centre   ,M M C Colony Avaniyapuram-625012","1.Madurai (C) Avaniyapuram (TP) M.M.C Colony 3rd Street Avaniyapuram Ward 94 , 99.OVERSEAS ELECTORS OVERSEAS ELECTORS",All Voters,Anganwadi Centre,M M C Colony Avaniyapuram-625012,dravida munnetra kazhagam,306,289,17,tamilaga vettri kazhagam,1,4,3,7,5,11,7,2,11,11,11,7,6,11,7,2.098765432098765,4
162,174,36,115,1,4,0,6,212,0,0,0,0,1,0,0,549,0,5,554,0,162,"Vaani nursery and primary school,
north side western side portion villapuram.-625012","1.Madurai (C) Avaniyapuram (TP) Housing Board Villapuram Colony Ward 61 , 99.OVERSEAS ELECTORS OVERSEAS ELECTORS",All Voters,Vaani nursery and primary school,north side western side portion villapuram.-625012,tamilaga vettri kazhagam,212,174,38,dravida munnetra kazhagam,2,4,3,7,6,9,5,1,9,9,9,9,7,9,9,6.921675774134791,1
163,175,52,83,1,0,1,1,250,2,0,1,0,2,0,2,570,0,2,572,0,163,"Govt. Midle School North Side for the Severely Mobility imparied
Children, Villapuram.-625012","1.Madurai (C) Avaniyapuram (TP) Housing Board Villapuram Colony Ward 61 , 99.OVERSEAS ELECTORS OVERSEAS ELECTORS",All Voters,"Govt. Midle School North Side for the Severely Mobility imparied
Children",Villapuram.-625012,tamilaga vettri kazhagam,250,175,75,dravida munnetra kazhagam,2,4,3,8,12,8,8,1,5,12,8,12,5,12,5,13.1578947368421,5
164,187,30,97,2,0,0,1,198,2,1,1,2,0,3,1,525,0,3,528,0,164,"Panchayat Union Elementary Schoo
,North Portion M M C Colony Avaniyapuram-625012","1.Madurai (C) Avaniyapuram (TP) M.M.C Colony 4th Street Ward 94 ,
2.Madurai (C) Avaniyapuram (TP) Avaniapuram Ilayaraja Nagar Ward 61 , 99.OVERSEAS ELECTORS OVERSEAS ELECTORS",All Voters,Panchayat Union Elementary Schoo,North Portion M M C Colony Avaniyapuram-625012,tamilaga vettri kazhagam,198,187,11,dravida munnetra kazhagam,2,4,3,6,13,13,9,1,6,9,9,6,13,5,9,2.095238095238095,7
165,330,33,135,0,0,0,2,290,2,0,0,0,0,0,0,792,0,2,794,0,165,"Government Higher Secondary
School ,Southern Side, West Building, west Portion",1.Madurai (C) Avaniyapuram (TP) Avaniapuram Housing Board Colony Ward 61 99.OVERSEAS ELECTORS OVERSEAS ELECTORS,All Voters,"Government Higher Secondary
School ,Southern Side, West Building",west Portion,dravida munnetra kazhagam,330,290,40,tamilaga vettri kazhagam,1,4,3,7,7,7,5,2,5,7,7,7,7,7,7,5.05050505050505,0
166,189,55,95,1,0,0,2,384,0,0,0,1,0,1,0,728,0,3,731,0,166,"Government Higher Secondary School, South Side, Centre Building, X Class Room, Avaniyapuram-625012","1.Madurai (C) Avaniyapuram (TP) Avaniapuram Housing Board Colony Ward 61
2.Madurai (C) Avaniyapuram (TP) Housing Board Colony Ward 61 , 99.OVERSEAS ELECTORS OVERSEAS ELECTORS",All Voters,"Government Higher Secondary School, South Side, Centre Building, X Class Room",Avaniyapuram-625012,tamilaga vettri kazhagam,384,189,195,dravida munnetra kazhagam,2,4,3,6,9,9,5,1,9,9,9,6,9,6,9,26.78571428571428,2
167,170,33,106,1,1,0,3,275,0,0,0,1,0,2,0,592,0,3,595,0,167,"Panchayat Union Elementary School
,MMC Colony Avaniyapuram-625012","1.Madurai (C) Avaniyapuram (TP) M.M.C Colony 2nd Street Ward 94 ,
2.Madurai (C) Avaniyapuram (TP) Avaniapuram Housing Board Colony Ward 61 99.OVERSEAS ELECTORS OVERSEAS ELECTORS",All Voters,Panchayat Union Elementary School,MMC Colony Avaniyapuram-625012,tamilaga vettri kazhagam,275,170,105,dravida munnetra kazhagam,2,4,3,7,7,10,5,1,10,10,10,7,10,6,10,17.73648648648648,3
168,157,46,120,0,1,1,3,396,0,0,0,1,0,0,0,725,0,6,731,0,168,"Government Higher Secondary School, SSA New Building, Training Hall, Northern Side, Avaniyapuram-625012","1.Madurai (C) Avaniyapuram (TP) Housing Board Colony Villapuram Ward 61 ,
2.Madurai (C) Avaniyapuram (TP) Vivekanandar Street Ward 59 ,
3.Madurai (C) Avaniyapuram (TP) Hariharan Street Ward 62 , 99.OVERSEAS ELECTORS OVERSEAS ELECTORS",All Voters,"Government Higher Secondary School, SSA New Building, Training Hall, Northern Side",Avaniyapuram-625012,tamilaga vettri kazhagam,396,157,239,dravida munnetra kazhagam,2,4,3,9,6,6,5,1,9,9,9,6,9,9,9,32.96551724137931,1
169,203,56,121,0,0,1,1,391,0,1,0,0,0,0,0,774,0,3,777,0,169,"Government Higher Secondary School, South Portion, SSA Training Building, East Portion, Avaniyapuram-625012","1.Madurai (C) Avaniyapuram (TP) Housing Board Colony Villapuram Ward 61 , 99.OVERSEAS ELECTORS OVERSEAS ELECTORS",All Voters,"Government Higher Secondary School, South Portion, SSA Training Building, East Portion",Avaniyapuram-625012,tamilaga vettri kazhagam,391,203,188,dravida munnetra kazhagam,2,4,3,8,8,5,5,1,8,5,8,8,8,8,8,24.28940568475452,0
170,216,46,92,1,1,0,4,358,1,1,0,0,0,1,0,721,0,4,725,0,170,"Arun Nursury and Primary School
,Muthu Nagar (Karpaga Nagar) Avaniyapuram-625012","1.Madurai (C) Avaniyapuram (TP) M M C Colony Ward 94 ,
2.Madurai (C) Avaniyapuram (TP) Jawahar Nagar Ward 94 ,
3.Madurai (C) Avaniyapuram (TP) S R Soap Company Street Ward 61 ,
4.Madurai (C) Avaniyapuram (TP) Ramaraj Nagar Ward 61 ,
5.Madurai (C) Avaniyapuram (TP) Gomatha Street Ward 61 , 99.OVERSEAS ELECTORS OVERSEAS ELECTORS",All Voters,Arun Nursury and Primary School,Muthu Nagar (Karpaga Nagar) Avaniyapuram-625012,tamilaga vettri kazhagam,358,216,142,dravida munnetra kazhagam,2,4,3,6,6,11,5,1,6,6,11,11,11,6,11,19.69486823855756,1
171,231,31,58,1,3,1,3,329,2,0,0,0,0,2,1,662,0,4,666,0,171,"Anganwadi New Building, MMC Colony, Avaniyapuram.-625012","1.Madurai (C) Avaniyapuram (TP) Arumugam Nagar 1st Street ,
2.Madurai (C) Avaniyapuram (TP) Arumugam Nagar 2nd Street ,
3.Madurai (C) Avaniyapuram (TP) Velupillai Street Ward 62 , 99.OVERSEAS ELECTORS OVERSEAS ELECTORS",All Voters,"Anganwadi New Building, MMC Colony",Avaniyapuram.-625012,tamilaga vettri kazhagam,329,231,98,dravida munnetra kazhagam,2,4,3,9,5,9,5,1,7,12,12,12,12,7,9,14.8036253776435,3
172,205,59,181,0,0,3,3,438,0,0,3,0,1,1,0,894,0,2,896,0,172,"Sri Durga Nursery and Primary School   ,West Side, Avanipuram.-625012","1.Madurai (C) Avaniyapuram (TP) Krishna Street Ward 62 ,
2.Madurai (C) Avaniyapuram (TP) Ambedkar Nagar Ward 62 , 99.OVERSEAS ELECTORS OVERSEAS ELECTORS",All Voters,"Sri Durga Nursery and Primary School   ,West Side",Avanipuram.-625012,tamilaga vettri kazhagam,438,205,233,dravida munnetra kazhagam,2,4,3,10,10,5,5,1,10,10,5,10,8,8,10,26.06263982102908,5
173,212,78,129,0,2,2,0,501,0,0,0,0,0,3,0,927,0,5,932,0,173,"Koodakovil Nachippa Nadar Guruvammal Matriculation School
,East Building, South Side, Avaniapuram-625012","1.Madurai (C) Avaniyapuram (TP) Agasthiar Street Villapuram Ward 62 ,
2.Madurai (C) Avaniyapuram (TP) Harijan Colony Villapuram ,
3.Madurai (C) Avaniyapuram (TP) Vivekanandar Street Meenakshi Nagar Ward 59 , 99.OVERSEAS ELECTORS OVERSEAS ELECTORS",All Voters,"Koodakovil Nachippa Nadar Guruvammal Matriculation School
,East Building, South Side",Avaniapuram-625012,tamilaga vettri kazhagam,501,212,289,dravida munnetra kazhagam,2,4,3,8,6,6,8,1,8,8,8,8,8,5,8,31.17583603020496,3
174,167,47,206,0,1,1,3,455,2,0,0,0,1,1,0,884,0,2,886,0,174,"Sri Durga Nursery and Primary School   ,West Side, Avaniapuram-625012.","1.Madurai (C) Avaniyapuram (TP) Ragavendra Street Meenakshi Nagar Ward 59 ,
2.Madurai (C) Avaniyapuram (TP) Ambalakarar Street Villapuram Ward 62 ,
3.Madurai (C) Avaniyapuram (TP) East Agasthiar 5th Street Ward 62 ,
4.Madurai (C) Avaniyapuram (TP) Roja Street Meenakshi Nagar Ward 59 ,
5.Madurai (C) Avaniyapuram (TP) Aruppukkottai Main Road Ward 61 , 99.OVERSEAS ELECTORS OVERSEAS ELECTORS",All Voters,"Sri Durga Nursery and Primary School   ,West Side",Avaniapuram-625012.,tamilaga vettri kazhagam,455,206,249,all india anna dravida munnetra kazhagam,3,4,2,11,7,7,5,1,6,11,11,11,7,7,11,28.16742081447964,2
175,147,47,126,0,0,0,0,322,0,0,0,0,0,2,0,644,0,3,647,0,175,"Zion Good Shepherd Matric. Hr. Sec. School   ,UKG Room, Aruppukkottai Main Road, Avaniapuram.-625012","1.Madurai (C) Avaniyapuram (TP) Karpaga Nagar 1st Cross Street Ward 61 ,
2.Madurai (C) Avaniyapuram (TP) Karpaga Nagar 2nd Street Ward 61 ,
3.Madurai (C) Avaniyapuram (TP) Karpaga Nagar 3rd Street Ward 61 ,
4.Madurai (C) Avaniyapuram (TP) Karpaga Nagar Main Street Ward 61 ,
5.Madurai (C) Avaniyapuram (TP) Veerakaliamman Kovil Street Ward 59 ,
6.Madurai (C) Avaniyapuram (TP) Meenakshi Nagar1st Cross Street Ward 59 ,
7.Madurai (C) Avaniyapuram (TP) Parasakthi Nagar (Mamen Colony) Ward 61 , 99.OVERSEAS ELECTORS OVERSEAS ELECTORS",All Voters,"Zion Good Shepherd Matric. Hr. Sec. School   ,UKG Room, Aruppukkottai Main Road",Avaniapuram.-625012,tamilaga vettri kazhagam,322,147,175,dravida munnetra kazhagam,2,4,3,6,6,6,6,1,6,6,6,6,6,5,6,27.17391304347826,2
176,179,35,123,1,7,1,7,293,0,1,0,0,0,1,0,648,0,5,653,0,176,"Sri Durga Nursery and Primary School   ,South Side, North Facing Room,  Avaniapuram-625012.","1.Madurai (C) Avaniyapuram (TP) Thulasiram Main Street Ward 59 , 99.OVERSEAS ELECTORS OVERSEAS ELECTORS",All Voters,"Sri Durga Nursery and Primary School   ,South Side, North Facing Room",Avaniapuram-625012.,tamilaga vettri kazhagam,293,179,114,dravida munnetra kazhagam,2,4,3,7,5,7,5,1,11,7,11,11,11,7,11,17.59259259259259,1
177,112,34,104,1,1,0,2,243,0,0,0,0,0,0,1,498,0,4,502,0,177,"Koodakovil Nachippa Nadar Guruvammal Matriculation School
,East Building, North Side, Avaniapuram-625012.","1.Madurai (C) Avaniyapuram (TP) L K Thulasiram 1st Cross Street (Annai Sivagami Street) Ward 62 ,
2.Madurai (C) Avaniyapuram (TP) L K Thulasiram 2nd Street Ward 59 ,
3.Madurai (C) Avaniyapuram (TP) L K Thulasiram 3rd Street (Muthuramalingam 2nd Street) Ward 62 ,
4.Madurai (C) Avaniyapuram (TP) L K Thulasiram Street Ward 59 ,
99.OVERSEAS ELECTORS OVERSEAS ELECTORS",All Voters,"Koodakovil Nachippa Nadar Guruvammal Matriculation School
,East Building, North Side",Avaniapuram-625012.,tamilaga vettri kazhagam,243,112,131,dravida munnetra kazhagam,2,4,3,6,6,9,5,1,9,9,9,9,9,9,6,26.30522088353414,1
178,134,32,127,0,0,0,2,235,1,0,0,0,0,0,0,531,0,0,531,0,178,"Koodakovil Nachippa Nadar Guruvammal Matriculation School
,West Building South Side, Avaniapuram-625012.","1.Madurai (C) Avaniyapuram (TP) L K Thulasiram 2nd Cross Street Ward 62 ,
2.Madurai (C) Avaniyapuram (TP) L K Thulasiram West (Manikandan StreetO Ward 59 ,
3.Madurai (C) Avaniyapuram (TP) Karpaga Nagar 4th Street Ward 62 ,
4.Madurai (C) Avaniyapuram (TP) Karpaga Nagar 5th Street Ward 62 , 99.OVERSEAS ELECTORS OVERSEAS ELECTORS",All Voters,"Koodakovil Nachippa Nadar Guruvammal Matriculation School
,West Building South Side",Avaniapuram-625012.,tamilaga vettri kazhagam,235,134,101,dravida munnetra kazhagam,2,4,3,7,7,7,5,1,6,7,7,7,7,7,7,19.02071563088512,0
179,191,34,120,0,0,1,1,337,0,0,1,0,0,1,1,687,0,4,691,0,179,"Koodakovil Nachippa Nadar Guruvammal Matriculation School
,East Side,  Centre Portion, (North) Avaniapuram-625012.","1.Madurai (C) Avaniyapuram (TP) Pethanatchi Nagar Ward 62 ,
2.Madurai (C) Avaniyapuram (TP) Kavi Vinayagar Kovil Street Ward 62 ,
3.Madurai (C) Avaniyapuram (TP) Sakthi Vinayagar Kovil Street Ward 62 ,
4.Madurai (C) Avaniyapuram (TP) Ramamoorthi Street Ward 62 ,
5.Madurai (C) Avaniyapuram (TP) Maruthu Pandiar Street Ward 62 ,
6.Madurai (C) Avaniyapuram (TP) Modern Street Ward 62 , 99.OVERSEAS ELECTORS OVERSEAS ELECTORS",All Voters,"Koodakovil Nachippa Nadar Guruvammal Matriculation School
,East Side,  Centre Portion",(North) Avaniapuram-625012.,tamilaga vettri kazhagam,337,191,146,dravida munnetra kazhagam,2,4,3,10,10,5,5,1,10,10,5,10,10,5,5,21.25181950509461,3
180,262,32,101,2,0,0,1,364,0,0,0,0,0,2,0,764,0,2,766,0,180,"Koodakovil Nachippa Nadar Guruvammal Matriculation School
,Middle Building,  Centre Portion,
Avaniapuram-625012.","1.Madurai (C) Avaniyapuram (TP) Kumaran Street Ward 62 ,
2.Madurai (C) Avaniyapuram (TP) Rajeev Gandhi Street Ward 62 , 99.OVERSEAS ELECTORS OVERSEAS ELECTORS",All Voters,"Koodakovil Nachippa Nadar Guruvammal Matriculation School
,Middle Building,  Centre Portion",Avaniapuram-625012.,tamilaga vettri kazhagam,364,262,102,dravida munnetra kazhagam,2,4,3,5,8,8,7,1,8,8,8,8,8,5,8,13.35078534031414,2
181,198,52,91,0,1,0,2,336,0,0,0,0,0,2,1,683,0,2,685,0,181,"Zion Good Shepherd Matric. Hr. Sec. School   ,II Std A Section, Aruppukkotai Main Road, Avaniapuram-625012.","1.Madurai (C) Avaniyapuram (TP) Chinnaier Street Ward 62 ,
2.Madurai (C) Avaniyapuram (TP) Sivarammier Street Ward 62 ,
3.Madurai (C) Avaniyapuram (TP) Meenakshi Nagar 1st Street Ward 59 ,
4.Madurai (C) Avaniyapuram (TP) Meenakshi Nagar Second Street Ward 59 ,
5.Madurai (C) Avaniapuram (TP) Indra Gandhi Street Ward 59 ,
6.Madurai (C) Avaniyapuram (TP) Meenakshi Nagar1st Cross Street Ward 59 ,
7.Madurai (C) Avaniyapuram (TP) Sonaiah Pillai Street Ward 59 , 99.OVERSEAS ELECTORS OVERSEAS ELECTORS",All Voters,"Zion Good Shepherd Matric. Hr. Sec. School   ,II Std A Section, Aruppukkotai Main Road",Avaniapuram-625012.,tamilaga vettri kazhagam,336,198,138,dravida munnetra kazhagam,2,4,3,9,7,9,5,1,9,9,9,9,9,5,7,20.20497803806735,3
182,154,32,86,0,0,0,0,270,2,0,0,0,0,1,0,545,0,2,547,0,182,"Sri Durga and Nursery and Primary School   ,South side South Portion Avaniyapuram","1.Madurai (C) Avaniyapuram (TP) Hussain Sahib Street Ward 62 ,
2.Madurai (C) Avaniyapuram (TP) Kumarasamy Street Ward 61 ,
3.Madurai (C) Avaniyapuram (TP) Sowrastrapuram First Street Ward 62 ,
4.Madurai (C) Avaniyapuram (TP) Sowrastrapuram 2nd Street Ward 62 ,
5.Madurai (C) Avaniyapuram (TP) Thangavel Rastha Ward 62 ,
6.Madurai (C) Avaniyapuram (TP) Meenakshi Nagar Main Street Ward 62 ,
7.Madurai (C) Avaniapuram (TP) West 6th Cross Street Ward 62 ,
8.Madurai (C) Avaniyapuram (TP) Subramaniam Konar Street Ward 59 , 99.OVERSEAS ELECTORS OVERSEAS ELECTORS",All Voters,Sri Durga and Nursery and Primary School,South side South Portion Avaniyapuram,tamilaga vettri kazhagam,270,154,116,dravida munnetra kazhagam,2,4,3,7,7,7,7,1,5,7,7,7,7,6,7,21.28440366972477,1
183,195,39,147,0,0,1,2,355,0,0,0,0,0,0,2,741,0,3,744,0,183,"Good Luck Matriculations School, South Portion East Side, Avaniyapuram - 625012","1.Madurai (C) Avaniyapuram (TP) M.G.R.Street Ganapathi Nagar Ward 59 ,
2.Madurai (C) Avaniyapuram (TP) Meenakshi Nagar 9th Street Ward 61 ,
3.Madurai (C) Avaniyapuram (TP) Jeganathan Street Ward 61 ,
4.Madurai (C) Avaniyapuram (TP) Kaliamman Kovil Street Ward 59 ,
5.Madurai (C) Avaniyapuram (TP) Kaliammal Street Ganapathi Nagar Ward 59 ,
6.Madurai (C) Avaniyapuram (TP) Meenakshi Nagar 5th Street Ward 61 , 99.OVERSEAS ELECTORS OVERSEAS ELECTORS",All Voters,"Good Luck Matriculations School, South Portion East Side",Avaniyapuram - 625012,tamilaga vettri kazhagam,355,195,160,dravida munnetra kazhagam,2,4,3,8,8,7,5,1,8,8,8,8,8,8,5,21.59244264507423,2
184,218,35,120,1,1,2,3,316,0,1,0,1,0,0,0,698,0,2,700,0,184,"Koodakovil Nachippa Nadar Guruvammal Matriculation School
,Middle Building, Centre Portion (south), Avaniapuram-625012.","1.Madurai (C) Avaniyapuram (TP) Meenakshi Nagar Main Road Ward 59 ,
2.Madurai (C) Avaniyapuram (TP) Chockalingam 1st Street Ward 59 ,
3.Madurai (C) Avaniyapuram (TP) Vilakku Street ,
4.Madurai (C) Avaniyapuram (TP) Sanjeevi Street Ward 62 ,
5.Madurai (C) Avaniyapuram (TP) Sanga Vinayaga Street Ward 62 ,
6.Madurai (C) Avaniyapuram (TP) Nadana Gopal Street Flat No 1 Ward 59 , 99.OVERSEAS ELECTORS OVERSEAS ELECTORS",All Voters,"Koodakovil Nachippa Nadar Guruvammal Matriculation School
,Middle Building, Centre Portion (south)",Avaniapuram-625012.,tamilaga vettri kazhagam,316,218,98,dravida munnetra kazhagam,2,4,3,7,7,6,5,1,11,7,11,7,11,11,11,14.04011461318052,1
185,222,52,126,0,0,0,1,409,0,2,0,0,0,2,0,814,0,2,816,0,185,"Koodakovilnachiappa Nadar Guruvammal Matriculation School
,Middle Building North Side Avaniyapuram-625012","1.Madurai (C) Avaniyapuram (TP) Kathirvel 2nd Street Ward 59 ,
2.Madurai (C) Avaniyapuram (TP) Meenakshi Nagar 4th Street Ward 61 ,
3.Madurai (C) Avaniyapuram (TP) M.G.R. Street, Sonaisamy Lane Ward 59 , 99.OVERSEAS ELECTORS OVERSEAS ELECTORS",All Voters,Koodakovilnachiappa Nadar Guruvammal Matriculation School,Middle Building North Side Avaniyapuram-625012,tamilaga vettri kazhagam,409,222,187,dravida munnetra kazhagam,2,4,3,8,8,8,7,1,8,5,8,8,8,5,8,22.97297297297298,2
186,240,59,103,2,0,0,4,328,1,0,1,0,0,0,0,738,0,3,741,0,186,"Zion Good Shepherd Matric. Hr. Sec. School, Right II Std B Section, Aruppukkotai Main Road, Avaniapuram-625012.","1.Madurai (C) Avaniyapuram (TP) Parasakthi Nagar Ward 61 ,
2.Madurai (C) Avaniyapuram (TP) Muthiah Pillai Street Ward 59 , 99.OVERSEAS ELECTORS OVERSEAS ELECTORS",All Voters,"Zion Good Shepherd Matric. Hr. Sec. School, Right II Std B Section, Aruppukkotai Main Road",Avaniapuram-625012.,tamilaga vettri kazhagam,328,240,88,dravida munnetra kazhagam,2,4,3,6,9,9,5,1,7,9,7,9,9,9,9,11.92411924119241,1
187,142,30,68,0,0,0,2,262,1,1,0,0,0,0,0,506,0,2,508,0,187,"Pt. Union Middle School, Western Building, Northern Portion, Sankaranayar Street, Avaniyapuram.-625012","1.Madurai (C) Avaniyapuram (TP) Vasuki Street Ward 59 ,
2.Madurai (C) Avaniyapuram (TP) Vasuki Street (Nethaji Street) Ward 59 ,
3.Madurai (C) Avaniyapuram (TP) Morarji Street, Parasakthi Nagar Ward 59 , 99.OVERSEAS ELECTORS OVERSEAS ELECTORS",All Voters,"Pt. Union Middle School, Western Building, Northern Portion, Sankaranayar Street",Avaniyapuram.-625012,tamilaga vettri kazhagam,262,142,120,dravida munnetra kazhagam,2,4,3,8,8,8,5,1,6,6,8,8,8,8,8,23.71541501976284,0
188,207,43,107,1,1,0,5,391,0,2,0,1,0,1,0,759,0,6,765,0,188,"Pt. Union Middle School   ,South Building, North Facing, Right Side, Sankaranaiar Street, Avaniyapuram.-625012","1.Madurai (C) Avaniyapuram (TP) Ravindran Street Parasakthi Nagar Ward 61 ,
2.Madurai (C) Avaniyapuram (TP) V O C Street, Parasakthi Nagar Ward 59 ,
3.Madurai (C) Avaniyapuram (TP) Ganapathi Nagar Main Ward 59 ,
4.Madurai (C) Avaniyapuram (TP) Asad Street Ganapathi Nagar Ward 59 ,
5.Madurai (C) Avaniyapuram (TP) Nagammal Street, Ganapathi Nagar Ward 59,
6.Madurai (C) Avaniyapuram (TP) Om Sakthi Nagar Ward 59 , 99.OVERSEAS ELECTORS OVERSEAS ELECTORS",All Voters,"Pt. Union Middle School   ,South Building, North Facing, Right Side, Sankaranaiar Street",Avaniyapuram.-625012,tamilaga vettri kazhagam,391,207,184,dravida munnetra kazhagam,2,4,3,7,7,11,5,1,11,6,11,7,11,7,11,24.24242424242424,2
189,219,31,126,0,3,1,3,337,3,1,1,0,0,2,1,728,0,2,730,0,189,"Pt. Union Middle School   ,North Side, Middle Building, West Facing, Sankaranaiar Street, Avaniyapuram.-625012","1.Madurai (C) Avaniyapuram (TP) Ashok Street, Ganapathi Nagar Ward 59 ,
2.Madurai (C) Avaniyapuram (TP) Meenakshi Nagar 6th East Cross Street Ward 59,
3.Madurai (C) Avaniyapuram (TP) Meenakshi Nagar 7th East Cross Street Ward 59,
4.Madurai (C) Avaniyapuram (TP) Meenakshi Nagar 8th East Cross Street Ward 59,
5.Madurai (C) Avaniyapuram (TP) Kamarajar Street, Villapuram Ward 59 ,
6.Madurai (C) Avaniyapuram (TP) Kathirvel Nagar 1st Street Villapuram Ward 59, 99.OVERSEAS ELECTORS OVERSEAS ELECTORS",All Voters,"Pt. Union Middle School   ,North Side, Middle Building, West Facing, Sankaranaiar Street",Avaniyapuram.-625012,tamilaga vettri kazhagam,337,219,118,dravida munnetra kazhagam,2,4,3,13,5,9,5,1,5,9,9,13,13,8,9,16.20879120879121,4
190,194,40,90,0,0,0,6,294,1,0,0,0,0,0,0,625,0,3,628,0,190,"Koodakovil Nachippa Nadar Guruvammal Matriculation School
,Western Side South Portion (south), Avaniapuram-625012.","1.Madurai (C) Avaniyapuram (TP) Palani Muthu Nagar 10th Street Ward 59 ,
2.Madurai (C) Avaniyapuram (TP) Palanimuthu Nagar 2nd Street, (Seshadri Street) Ward 59 ,
3.Madurai (C) Avaniyapuram (TP) Manimegalai Street Ward 59 ,
4.Madurai (C) Avaniyapuram (TP) Gajalakshmi 1st Street Ward 59 ,
5.Madurai (C) Avaniyapuram (TP) Gajalakshmi 2nd Street Ward 59 ,
6.Madurai (C) Avaniyapuram (TP) Annai Abirami Street Ward 59 ,
7.Madurai (C) Avaniyapuram (TP) Raja Street Ward 59 , 99.OVERSEAS ELECTORS OVERSEAS ELECTORS",All Voters,"Koodakovil Nachippa Nadar Guruvammal Matriculation School
,Western Side South Portion (south)",Avaniapuram-625012.,tamilaga vettri kazhagam,294,194,100,dravida munnetra kazhagam,2,4,3,7,7,7,5,1,6,7,7,7,7,7,7,16.0,0
191,254,42,147,1,1,0,4,304,0,1,0,0,0,0,0,754,0,4,758,0,191,"Pt. Union Middle School, Middle Building, South Side, West Facing Sankaranaiar Street, Avaniyapuram.Sankaranayar Street, Avaniyapuram.-625012","1.Madurai (C) Avaniyapuram (TP) Maruthupandiar Street Ward 59 ,
2.Madurai (C) Avaniyapuram (TP) Thiruvalluvar Street Ward 59 ,
3.Madurai (C) Avaniyapuram (TP) Veerasivaji Street Ward 59 ,
4.Madurai (C) Avaniyapuram (TP) Nehru Street Ward 59 ,
5.Madurai (C) Avaniyapuram (TP) Parameswari Amman Kovil Street Ward 59 ,
6.Madurai (C) Avaniyapuram (TP) Bagavath Singh Street Ward 59 ,
7.Madurai (C) Avaniyapuram (TP) Thirumala Street Ward 59 ,
8.Madurai (C) Avaniyapuram (TP) Thiruvalluvar Street 1st Cross Street (Sindhu Nathi Street) Ward 59 ,
9.Madurai (C) Avaniyapuram (TP) Manikandan Street Ward 59 ,
10.Madurai (C) Avaniyapuram (TP) Seshadri Street Ward 59 , 99.OVERSEAS ELECTORS OVERSEAS ELECTORS",All Voters,"Pt. Union Middle School, Middle Building, South Side, West Facing Sankaranaiar Street, Avaniyapuram.Sankaranayar Street",Avaniyapuram.-625012,tamilaga vettri kazhagam,304,254,50,dravida munnetra kazhagam,2,4,3,6,6,9,5,1,9,6,9,9,9,9,9,6.631299734748011,0
192,170,29,94,1,0,0,1,279,1,0,0,0,0,0,0,575,0,1,576,0,192,"Pt. Union Middle School, Western Side, Southern Portion, Sankara Nayar Street, Avaniapuram-625012.","1.Madurai (C) Avaniyapuram (TP) Sevantheeswaran Kovil Ward 60 ,
2.Madurai (C) Avaniyapuram (TP) Veppamarathu Lane Ward 60 ,
3.Madurai (C) Avaniyapuram (TP) Poochi 1st Street Ward 60 ,
4.Madurai (C) Avaniyapuram (TP) Poochi 2nd Street Ward 60 ,
5.Madurai (C) Avaniyapuram (TP) Poochi 3rd Street Ward 60 ,
6.Madurai (C) Avaniyapuram (TP) Manthai Vannan Street Ward 60 ,
7.Madurai (C) Avaniyapuram (TP) Velayi Amman Lane Ward 60 ,
8.Madurai (C) Avaniyapuram (TP) Poosari Andi Lane Ward 60 ,
9.Madurai (C) Avaniyapuram (TP) Amman Kondadi Lane Ward 60 ,
10.Madurai (C) Avaniyapuram (TP) Andi Lane Ward 60 ,
11.Madurai (C) Avaniyapuram (TP) Kaliamman Kovil Street Ward 60 , 99.OVERSEAS ELECTORS OVERSEAS ELECTORS",All Voters,"Pt. Union Middle School, Western Side, Southern Portion, Sankara Nayar Street",Avaniapuram-625012.,tamilaga vettri kazhagam,279,170,109,dravida munnetra kazhagam,2,4,3,5,8,8,5,1,5,8,8,8,8,8,8,18.95652173913044,0
193,233,41,122,0,0,0,3,346,0,0,0,1,0,2,0,748,0,4,752,0,193,"Pt. Union Middle School, Centre Building, Sankara Nayar Street, Avaniapuram-625012.","1.Madurai (C) Avaniyapuram (TP) Ponnusamy Street Ward 60 ,
2.Madurai (C) Avaniyapuram (TP) Muniyandi Idumban Lane Ward 60 ,
3.Madurai (C) Avaniyapuram (TP) Mookan Idumban Lane Ward 60 ,
4.Madurai (C) Avaniyapuram (TP) Periyar Nagar South Street 3rd Street Ward 60,
5.Madurai (C) Avaniyapuram (TP) Periyar Nagar 2nd Street Ward 60 ,
6.Madurai (C) Avaniyapuram (TP) Byepass Road Ward 60 ,
7.Madurai (C) Avaniyapuram (TP) Alagappan Lane Ward 60 ,
8.Madurai (C) Avaniyapuram (TP) Pallar Mettu Street Ward 60 ,
9.Madurai (C) Avaniyapuram (TP) Manathan Lane Ward 60 , 99.OVERSEAS ELECTORS OVERSEAS ELECTORS",All Voters,"Pt. Union Middle School, Centre Building, Sankara Nayar Street",Avaniapuram-625012.,tamilaga vettri kazhagam,346,233,113,dravida munnetra kazhagam,2,4,3,8,8,8,5,1,8,8,8,7,8,6,8,15.10695187165775,3
194,163,12,93,1,0,2,6,250,0,0,0,0,1,1,0,529,0,3,532,0,194,"Pt. Union Middle School   ,Eastern Side, Middle Portion, Sankara Nayar Street, Avaniapuram-625012.","1.Madurai (C) Avaniyapuram (TP) High School Road Ward 60 ,
2.Madurai (C) Avaniyapuram (TP) M G M Nagar Ward 60 ,
3.Madurai (C) Avaniyapuram (TP) New Street Ward 60 ,
4.Madurai (C) Avaniyapuram (TP) Vetti Panaiyan Ambalam Street Ward 60 ,
5.Madurai (C) Avaniyapuram (TP) Sempoorani Main Road Ward 60 , 99.OVERSEAS ELECTORS OVERSEAS ELECTORS",All Voters,"Pt. Union Middle School   ,Eastern Side, Middle Portion, Sankara Nayar Street",Avaniapuram-625012.,tamilaga vettri kazhagam,250,163,87,dravida munnetra kazhagam,2,4,3,7,10,6,5,1,10,10,10,10,7,7,10,16.4461247637051,2
195,233,37,165,0,0,0,1,344,0,0,0,0,0,0,0,780,0,6,786,0,195,"Pt. Union Middle School, Eastern  Side Northern Portion, Sankara Nayar Street, Avaniapuram-625012.","1.Madurai (C) Avaniyapuram (TP) Poonthotta Nagar Ward 60 ,
2.Madurai (C) Avaniyapuram (TP) Ambethkar Nagar Ward 60 ,
3.Madurai (C) Avaniyapuram (TP) Pazhani Street Ward 60 ,
4.Madurai (C) Avaniyapuram (TP) Periyannan First Street Ward 60 ,
5.Madurai (C) Avaniyapuram (TP) Periyannan Third Street Ward 60 ,
6.Madurai (C) Avaniyapuram (TP) Paraiyar East Street Ward 60 ,
7.Madurai (C) Avaniyapuram (TP) Periyannan Second Street Ward 60 ,
8.Madurai (C) Avaniyapuram (TP) Thotti Lane Ward 60 ,
9.Madurai (C) Avaniyapuram (TP) Sakkiliyar Street Ward 60 ,
10.Madurai (C) Avaniyapuram (TP) New Street Ward 60 ,
11.Madurai (C) Avaniyapuram (TP) Kamaraj Nagar Ward 60 , 99.OVERSEAS ELECTORS OVERSEAS ELECTORS",All Voters,"Pt. Union Middle School, Eastern  Side Northern Portion, Sankara Nayar Street",Avaniapuram-625012.,tamilaga vettri kazhagam,344,233,111,dravida munnetra kazhagam,2,4,3,6,6,6,5,1,6,6,6,6,6,6,6,14.23076923076923,0
196,180,30,103,0,0,0,2,271,0,1,0,0,1,2,0,590,0,5,595,0,196,"Pt. Union Middle School   ,West Side Building, East Facing, Prasanna Colony, Avaniapuram-625012.","1.Madurai (C) Avaniyapuram (TP) Nadar South Street Ward 60 ,
2.Madurai (C) Avaniyapuram (TP) Arjunan Nadar Lane Ward 60 ,
3.Madurai (C) Avaniyapuram (TP) Nadar North Street Ward 60 ,
4.Madurai (C) Avaniyapuram (TP) PinnaKonari Chetti Lane Ward 60 ,
5.Madurai (C) Avaniyapuram (TP) Idumba Nadar Lane Ward 60 ,
6.Madurai (C) Avaniyapuram (TP) Pambaiyan Ambalam Street Ward 60 ,
7.Madurai (C) Avaniyapuram (TP) Kallar Street Ward 60 ,
8.Madurai (C) Avaniyapuram (TP) Muthukumar Servai Street Ward 60 ,
9.Madurai (C) Avaniyapuram (TP) Chockalingam Ambalam Street Ward 60 ,
10.Madurai (C) Avaniyapuram (TP) Kumar Chetti Lane Ward 60 ,
11.Madurai (C) Avaniyapuram (TP) Paraiyar Street Ward 60 ,
12.Madurai (C) Avaniyapuram (TP) Maruthappan Servai Lane Ward 60 ,
13.Madurai (C) Avaniyapuram (TP) Muthukumar Cross Lane Ward 60 ,
14.Madurai (C) Avaniyapuram (TP) Karuppathevan Lane Main Road Ward 60 ,
15.Madurai (C) Avaniyapuram (TP) Avaniapuram Main Road Ward 60 , 99.OVERSEAS ELECTORS OVERSEAS ELECTORS",All Voters,"Pt. Union Middle School   ,West Side Building, East Facing, Prasanna Colony",Avaniapuram-625012.,tamilaga vettri kazhagam,271,180,91,dravida munnetra kazhagam,2,4,3,9,9,9,5,1,9,7,9,9,7,5,9,15.42372881355932,3
197,195,54,143,0,1,1,0,341,0,0,0,0,0,1,0,736,0,5,741,0,197,"Government Higher Secondary School, North Side,East Portion, Centre Building Avaniapuram-625012","1.Madurai (C) Avaniyapuram (TP) Neducnhalai Ward 60 ,
2.Madurai (C) Avaniyapuram (TP) Mathalaikone Lane Ward 60 ,
3.Madurai (C) Avaniyapuram (TP) Pambaiyakone Lane Ward 60 ,
4.Madurai (C) Avaniyapuram (TP) Andikudumban Lane Ward 60 ,
5.Madurai (C) Avaniyapuram (TP) Ramasamy Kone Kinatradi Lane Ward 60 ,
6.Madurai (C) Avaniyapuram (TP) Pallar Kinatru Street Ward 60 ,
7.Madurai (C) Avaniyapuram (TP) Kothala Street Ward 60 ,
8.Madurai (C) Avaniyapuram (TP) Kandakone Lane Ward 60 , 99.OVERSEAS ELECTORS OVERSEAS ELECTORS",All Voters,"Government Higher Secondary School, North Side,East Portion",Centre Building Avaniapuram-625012,tamilaga vettri kazhagam,341,195,146,dravida munnetra kazhagam,2,4,3,8,5,5,8,1,8,8,8,8,8,5,8,19.83695652173913,1
198,186,28,143,2,0,1,3,383,0,0,0,0,0,0,0,746,0,1,747,0,198,"Government Higher Secondary School, North Side,West Portion, Avaniapuram-625012","1.Madurai (C) Avaniyapuram (TP) Thiruvanantha Pillai Street Ward 60 ,
2.Madurai (C) Avaniyapuram (TP) Rakkappa Kone Lane Ward 60 ,
3.Madurai (C) Avaniyapuram (TP) Indra Nagar Ward 60 ,
4.Madurai (C) Avaniyapuram (TP) Muniyandi Kovil Street Ward 60 ,
5.Madurai (C) Avaniyapuram (TP) Ganesapuram Ward 60 ,
6.Madurai (C) Avaniyapuram (TP) Kallar Street Ward 60 ,
7.Madurai (C) Avaniyapuram (TP) Muthukaruppan Kone Lane Ward 60 ,
8.Madurai (C) Avaniyapuram (TP) Ayyanar Kovil Street Ward 60 , 99.OVERSEAS ELECTORS OVERSEAS ELECTORS",All Voters,"Government Higher Secondary School, North Side,West Portion",Avaniapuram-625012,tamilaga vettri kazhagam,383,186,197,dravida munnetra kazhagam,2,4,3,6,8,7,5,1,8,8,8,8,8,8,8,26.40750670241287,0
199,285,29,102,0,1,0,4,346,1,2,1,0,1,2,1,775,0,1,776,0,199,"Pt. Union  Middle School, Additional Building, Southern Side, Eastern Portion, Prasanna Colony, Avaniapuram-625012.","1.Madurai (C) Avaniyapuram (TP) Poonthotta Colony Ward 60 ,
2.Madurai (C) Avaniyapuram (TP) Sonaisamy Kovil Street Ward 60 ,
3.Madurai (C) Avaniyapuram (TP) Immanuel Nagar Ward 60 ,
4.Madurai (C) Avaniyapuram (TP) Ilango Street Ward 60 ,
5.Madurai (C) Avaniyapuram (TP) Airport Road Ward 60 , 99.OVERSEAS ELECTORS OVERSEAS ELECTORS",All Voters,"Pt. Union  Middle School, Additional Building, Southern Side, Eastern Portion, Prasanna Colony",Avaniapuram-625012.,tamilaga vettri kazhagam,346,285,61,dravida munnetra kazhagam,2,4,3,13,8,13,5,1,8,6,8,13,8,6,8,7.870967741935483,5
200,182,30,96,0,0,1,3,234,0,1,0,0,0,1,0,548,0,1,549,0,200,"B.M.S Vidyalaya Matriculation School
,South Side, East Portion, Thirupparankundram Road, Avaniapuram-625012.","1.Madurai (C) Avaniyapuram (TP) East Street, Vellakkal Ward 94 ,
2.Madurai (C) Avaniyapuram (TP) Municipal Colony, Vellakkal Ward 94 ,
3.Madurai (C) Avaniyapuram (TP) Middle Street, Vellakkal Ward 94 ,
4.Madurai (C) Avaniyapuram (TP) West Street, Kalkulam Ward 94 ,
5.Madurai (C) Avaniyapuram (TP) North Street, Kalkulam Ward 94 ,
6.Madurai (C) Avaniyapuram (TP) Kalkulam Bharathiyar Street Ward 94 ,
7.Madurai (C) Avaniyapuram (TP) Ganesapuram Ward 60 , 99.OVERSEAS ELECTORS OVERSEAS ELECTORS",All Voters,"B.M.S Vidyalaya Matriculation School
,South Side, East Portion, Thirupparankundram Road",Avaniapuram-625012.,tamilaga vettri kazhagam,234,182,52,dravida munnetra kazhagam,2,4,3,9,9,6,5,1,9,6,9,9,9,6,9,9.48905109489051,1
201,191,46,129,1,0,0,5,424,1,2,0,2,0,0,0,801,0,2,803,0,201,"B.M.S Vidyalaya Matriculation School,   ,Southern Side, Middle Portion, Room No. 1 Thirupparankundram Road, Avaniapuram-625012.","1.Madurai (C) Avaniyapuram (TP) West New Street Ward 60 ,
2.Madurai (C) Avaniyapuram (TP) Samiyar Kinatru Lane Ward 60 ,
3.Madurai (C) Avaniyapuram (TP) Poosari Udaiyar Lane Ward 94 ,
4.Madurai (C) Avaniyapuram (TP) Vellachi Lane Ward 94 ,
5.Madurai (C) Avaniyapuram (TP) Thikai Kandan Lane Ward 94 ,
6.Madurai (C) Avaniyapuram (TP) Highways Avaniyapuram Ward 94 ,
7.Madurai (C) Avaniyapuram (TP) Kanmaikarai Pathai Avaniyapuram Ward 94 , 99.OVERSEAS ELECTORS OVERSEAS ELECTORS",All Voters,"B.M.S Vidyalaya Matriculation School,   ,Southern Side, Middle Portion, Room No. 1 Thirupparankundram Road",Avaniapuram-625012.,tamilaga vettri kazhagam,424,191,233,dravida munnetra kazhagam,2,4,3,8,10,10,5,1,8,6,10,6,10,10,10,29.08863920099875,2
202,137,22,145,1,1,0,3,340,3,1,2,1,0,3,1,660,0,7,667,0,202,"Sri Suriya Nursury School, Avaniyapuram -625012.","1.Madurai (C) Avaniyapuram (TP) Prasanna Colony 1st Street Ward 60 ,
2.Madurai (C) Avaniyapuram (TP) Prasanna Colony 2nd Street Ward 60 ,
3.Madurai (C) Avaniyapuram (TP) Prasanna Colony 3rd Street Ward 60 ,
4.Madurai (C) Avaniyapuram (TP) Prasanna Colony 4th Street Ward 60 ,
5.Madurai (C) Avaniyapuram (TP) Prasanna Colony 6th Street Ward 60 , 99.OVERSEAS ELECTORS OVERSEAS ELECTORS",All Voters,Sri Suriya Nursury School,Avaniyapuram -625012.,tamilaga vettri kazhagam,340,145,195,all india anna dravida munnetra kazhagam,3,4,2,9,9,14,5,1,5,9,8,9,14,5,9,29.54545454545455,7
203,140,35,129,1,0,0,0,371,0,0,0,1,0,2,0,679,0,2,681,0,203,"B.M.S Vidyalaya Matriculation School,   ,South Side, Middle Portion, Room No. 2 Thirupparankundram Road, Avaniapuram -625012.","1.Madurai (C) Avaniyapuram (TP) Prasanna Colony 7th Street Ward 60 ,
2.Madurai (C) Avaniyapuram (TP) Municipal Colony Ward 60 ,
3.Madurai (C) Avaniyapuram (TP) Aruppukkottai Main Road Ward 60 , 99.OVERSEAS ELECTORS OVERSEAS ELECTORS",All Voters,"B.M.S Vidyalaya Matriculation School,   ,South Side, Middle Portion, Room No. 2 Thirupparankundram Road",Avaniapuram -625012.,tamilaga vettri kazhagam,371,140,231,dravida munnetra kazhagam,2,4,3,6,8,8,8,1,8,8,8,6,8,5,8,34.02061855670103,3
204,131,35,172,2,0,0,22,374,0,0,1,0,0,1,0,738,0,5,743,0,204,"Panchayat Union Middle School, South Building, East Portion, Prasanna Colony, Avaniapuram - 625012.","1.Madurai (C) Avaniyapuram (TP) Prasanna Colony 8th Street Ward 60 ,
2.Madurai (C) Avaniyapuram (TP) Prasanna Colony 8th 2nd Cross Street Ward 60 ,
3.Madurai (C) Avaniyapuram (TP) Prasanna Colony 8th 3rd Cross Street Ward 60 ,
4.Madurai (C) Avaniyapuram (TP) Prasanna Colony 8th 1st Cross Street Ward 60 ,
5.Madurai (C) Avaniyapuram (TP) Prasanna Colony 9th Street Ward 60 , 99.OVERSEAS ELECTORS OVERSEAS ELECTORS",All Voters,"Panchayat Union Middle School, South Building, East Portion, Prasanna Colony",Avaniapuram - 625012.,tamilaga vettri kazhagam,374,172,202,all india anna dravida munnetra kazhagam,3,4,2,6,9,9,5,1,9,9,7,9,9,7,9,27.37127371273712,2
205,105,38,151,1,0,0,2,304,0,2,0,0,0,1,0,604,0,6,610,0,205,"B M SVidhyalaya Matric. School
,South Side Middle,  North Portion, Thirupparankundram Road, Avaniapuram - 625012.","1.Madurai (C) Avaniyapuram (TP) Prasanna Colony 9th 1st Cross Street Ward 60 ,
2.Madurai (C) Avaniyapuram (TP) Prasanna Colony 9th 2nd Cross Street Ward 60,
3.Madurai (C) Avaniyapuram (TP) Prasanna Colony 9th 3rd Cross Street Ward 60,
4.Madurai (C) Avaniyapuram (TP) Prasanna Colony 9th 4th Cross Street Ward 60 ,
5.Madurai (C) Avaniyapuram (TP) Prasanna Colony 9th 5th Cross Street Ward 60 ,
6.Madurai (C) Avaniyapuram (TP) Prasanna Colony 9th 6th Cross Street Ward 60 ,
7.Madurai (C) Avaniyapuram (TP) Prasanna Colony Bharathiyar 1st Street Ward 60,
8.Madurai (C) Avaniyapuram (TP) Prasanna Colony Bharathiyar 2nd Street Ward 60,
9.Madurai (C) Avaniyapuram (TP) Prasanna Colony Bharathiar 3rd Street Ward 60,
10.Madurai (C) Avaniyapuram (TP) Prasanna Colony Nesavalar Street Ward 60,
11.Madurai (C) Avaniyapuram (TP) Prasanna Colony 5th Street Ward 60 ,
12.Madurai (C) Avaniyapuram (TP) Prasanna Colony 5th 1st South Cross Street Ward 60 ,
13.Madurai (C) Avaniyapuram (TP) Bharathiar Street Ward 60 , 99.OVERSEAS ELECTORS OVERSEAS ELECTORS",All Voters,"B M SVidhyalaya Matric. School
,South Side Middle,  North Portion, Thirupparankundram Road",Avaniapuram - 625012.,tamilaga vettri kazhagam,304,151,153,all india anna dravida munnetra kazhagam,3,4,2,7,9,9,5,1,9,5,9,9,9,7,9,25.33112582781457,1
206,110,36,217,1,0,1,2,311,0,1,1,0,0,0,0,680,0,2,682,0,206,"BMS Vidhyalaya Matric School, South Side Middle Portion, Room No. 3 Thiruparankundram Road Avaniyapuram","1.Madurai (C) Avaniyapuram (TP) Sathu Subbiah Pillai Street Ward 94 ,
2.Madurai (C) Avaniyapuram (TP) Velan Chetti 1st Street Ward 94 ,
3.Madurai (C) Avaniyapuram (TP) Chinnaian Chetti Lane Ward 94 ,
4.Madurai (C) Avaniyapuram (TP) Bahavadar Street Ward 94 ,
5.Madurai (C) Avaniyapuram (TP) Appavu Kinatru Lane Ward 94 ,
6.Madurai (C) Avaniyapuram (TP) Soneri Chetti Lane Ward 94 ,
7.Madurai (C) Avaniyapuram (TP) Venkatesan Chetti Lane Ward 94 ,
8.Madurai (C) Avaniyapuram (TP) Rajapandithar Street Ward 94 ,
9.Madurai (C) Avaniyapuram (TP) Agraharam Ward 94 ,
10.Madurai (C) Avaniyapuram (TP) Ponnammal Compound Ward 94 ,
11.Madurai (C) Avaniyapuram (TP) Muthalamman Kovil Street Ward 94 ,
12.Madurai (C) Avaniyapuram (TP) J P Nagar Ward 94 ,
13.Madurai (C) Avaniyapuram (TP) Naga Venakitiyan Lane Ward 94 , 99.OVERSEAS ELECTORS OVERSEAS ELECTORS",All Voters,"BMS Vidhyalaya Matric School, South Side Middle Portion",Room No. 3 Thiruparankundram Road Avaniyapuram,tamilaga vettri kazhagam,311,217,94,all india anna dravida munnetra kazhagam,3,4,2,6,10,6,5,1,10,6,6,10,10,10,10,13.82352941176471,1
207,135,43,135,0,0,1,1,300,0,0,1,1,0,1,1,619,0,3,622,0,207,"B.M.S Vidyalaya Matriculation School,   ,South Side, MiddlePortion, Room No. 4 Thirupparankundram Road, (Opp) Avaniapuram Police Station-12, 625012.","1.Madurai (C) Avaniyapuram (TP) Maninagaram Ward 94 ,
2.Madurai (C) Avaniyapuram (TP) Kumarasami Street Ward 94 ,
3.Madurai (C) Avaniyapuram (TP) Manthai Street Ward 94 ,
4.Madurai (C) Avaniyapuram (TP) Markandasamy Kovil Street Ward 94 ,
5.Madurai (C) Avaniyapuram (TP) Sundarrajan Mettu Street Ward 94 ,
6.Madurai (C) Avaniyapuram (TP) Kalai Thevan Lane Ward 94 ,
7.Madurai (C) Avaniyapuram (TP) Gurusamy Servai Lane Ward 94 ,
8.Madurai (C) Avaniyapuram (TP) Gopal Chetti Street Ward 94 ,
9.Madurai (C) Avaniyapuram (TP) Konar Street Ward 94 ,
10.Madurai (C) Avaniyapuram (TP) Sankaran Chetti Street Ward 94 ,
11.Madurai (C) Avaniyapuram (TP) Purasaradi Road Ward 94 , 99.OVERSEAS ELECTORS OVERSEAS ELECTORS",All Voters,"B.M.S Vidyalaya Matriculation School,   ,South Side, MiddlePortion, Room No. 4 Thirupparankundram Road, (Opp) Avaniapuram Police Station-12",625012.,tamilaga vettri kazhagam,300,135,165,all india anna dravida munnetra kazhagam,2,4,2,11,11,5,5,1,11,11,5,5,11,5,5,26.65589660743134,4
208,122,31,130,0,0,3,8,385,2,0,0,0,0,2,0,683,0,3,686,0,208,"B.M.S Vidyalaya Matriculation School,   ,Sousth Side, Middle Portion, Room No. 5 Thirupparankundram Road, (Opp) Avaniapuram Police Station-12, 625012.","1.Madurai (C) Avaniyapuram (TP) Kannayi Street Ward 94 ,
2.Madurai (C) Avaniyapuram (TP) Vandari Konari Chetti Street Ward 94 ,
3.Madurai (C) Avaniyapuram (TP) Ponnammal Street Ward 94 ,
4.Madurai (C) Avaniyapuram (TP) Agraharam Backside Lane Ward 94 ,
5.Madurai (C) Avaniyapuram (TP) Ottamarathu Lane Ward 94 ,
6.Madurai (C) Avaniyapuram (TP) Gurunathan Kovil Street Ward 94 ,
7.Madurai (C) Avaniyapuram (TP) Sanakaranayar Street Ward 94 ,
8.Madurai (C) Avaniyapuram (TP) Kaveria Pillai Lane Ward 94 ,
9.Madurai (C) Avaniyapuram (TP) Vannar Lane Ward 94 ,
10.Madurai (C) Avaniyapuram (TP) Idaiyar Lane Ward 94 ,
11.Madurai (C) Avaniyapuram (TP) Sadaiyappa Pillai Lane Ward 94 ,
12.Madurai (C) Avaniyapuram (TP) Kantha Nayakkar Lane Konar Street Ward 94,
13.Madurai (C) Avaniyapuram (TP) Kanakku Pillai Street Ward 94 ,
14.Madurai (C) Avaniyapuram (TP) Kinatradi Lane Ward 94 ,
15.Madurai (C) Avaniyapuram (TP) J P Nagar Ward 94 ,
16.Madurai (C) Avaniyapuram (TP) Veerapillai Lane Ward 94 ,
17.Madurai (C) Avaniyapuram (TP) Potrakki Lane Konar Street Ward 94 , 99.OVERSEAS ELECTORS OVERSEAS ELECTORS",All Voters,"B.M.S Vidyalaya Matriculation School,   ,Sousth Side, Middle Portion, Room No. 5 Thirupparankundram Road, (Opp) Avaniapuram Police Station-12",625012.,tamilaga vettri kazhagam,385,130,255,all india anna dravida munnetra kazhagam,3,4,2,9,9,6,5,1,7,9,9,9,9,7,9,37.33528550512445,2
209,113,32,203,1,0,0,1,455,2,0,1,0,0,2,0,810,0,5,815,0,209,"B M S Vidyalaya Matric. School, Western Side Middle Portion, Thirupparankundram Road, Avaniapuram.-625012","1.Madurai (C) Avaniyapuram (TP) Gurunathan Koil Street Ward 94 ,
2.Madurai (C) Avaniyapuram (TP) Rakkakone Lane Ward 94 ,
3.Madurai (C) Avaniyapuram (TP) Panchayat Board Colony Highways Ward 94,
4.Madurai (C) Avaniyapuram (TP) Eswaran Kovil Street Ward94 ,
5.Madurai (C) Avaniyapuram (TP) Sithan Kovil Street Ward 94 ,
6.Madurai (C) Avaniyapuram (TP) Mottai Arasu Street Ward 94 ,
7.Madurai (C) Avaniyapuram (TP) kodangi Lane Ward 94 , 99.OVERSEAS ELECTORS OVERSEAS ELECTORS",All Voters,"B M S Vidyalaya Matric. School, Western Side Middle Portion, Thirupparankundram Road",Avaniapuram.-625012,tamilaga vettri kazhagam,455,203,252,all india anna dravida munnetra kazhagam,3,4,2,7,10,10,7,1,5,10,7,10,10,5,10,31.11111111111111,3
210,118,38,138,0,0,0,2,384,0,0,1,0,0,0,0,681,0,4,685,0,210,"B M S Vidyalaya Matric. School, Northern Portion, U K G - A Sec., Thirupparankundram Road, Avaniapuram.-625012","1.Madurai (C) Avaniyapuram (TP) Sakthi Easwari 1st Lane Ward 94 ,
2.Madurai (C) Avaniyapuram (TP) Sakthi Easwari 2nd Street Ward 94 ,
3.Madurai (C) Avaniyapuram (TP) Police Line Nagar Ward 94 ,
4.Madurai (C) Avaniyapuram (TP) Anna Nagar Ward 94 ,
5.Madurai (C) Avaniyapuram (TP) Arunagirinathar Kovil Street Ward 94 ,
6.Madurai (C) Avaniyapuram (TP) Karuthan Servai Lane Ward94 ,
7.Madurai (C) Avaniyapuram (TP) E.B. Colony Ward 94 , 99.OVERSEAS ELECTORS OVERSEAS ELECTORS",All Voters,"B M S Vidyalaya Matric. School, Northern Portion, U K G - A Sec., Thirupparankundram Road",Avaniapuram.-625012,tamilaga vettri kazhagam,384,138,246,all india anna dravida munnetra kazhagam,3,4,2,7,7,7,5,1,7,7,6,7,7,7,7,36.12334801762114,1
211,144,64,190,1,0,0,2,543,0,0,0,0,0,0,1,945,0,3,948,0,211,"Jegan Nursery & Primary School
,West Portion Periyasamy Nagar Avaniyapuram-625012","1.Madurai (C) Avaniyapuram (TP) Periyasamy Nagar 1st Street Ward 94 ,
2.Madurai (C) Avaniyapuram (TP) Periyasamy Nagar 2nd Street Ward 94 ,
3.Madurai (C) Avaniyapuram (TP) Periyasamy Nagar 3rd Street Ward 94 ,
4.Madurai (C) Avaniyapuram (TP) Periyasamy Nagar 5th Street  Ward 94 ,
5.Madurai (C) Avaniyapuram (TP) Periyasamy Nagar 10th Street Ward 94 ,
6.Madurai (C) Avaniyapuram (TP) Gurunathan Kovil Street Ward 20 ,
7.Madurai (C) Avaniyapuram (TP) Gurunathan Kovil  South Street Ward 94 , 99.OVERSEAS ELECTORS OVERSEAS ELECTORS",All Voters,Jegan Nursery & Primary School,West Portion Periyasamy Nagar Avaniyapuram-625012,tamilaga vettri kazhagam,543,190,353,all india anna dravida munnetra kazhagam,3,4,2,6,8,8,5,1,8,8,8,8,8,8,6,37.35449735449735,1
212,120,38,167,1,1,0,1,457,0,0,0,1,0,0,0,786,0,10,796,0,212,"Pt. Union Middle School   ,East Side Building, North Portion, Prasanna Colony, Avaniapuram.-625012","1.Madurai (C) Avaniyapuram (TP) N.S.K.Street. Ward 94 ,
2.Madurai (C) Avaniyapuram (TP) Periyasamy Nagar 8th Street Ward 94 ,
3.Madurai (C) Avaniyapuram (TP) Periyasamy Nagar 9th Street Ward 94 ,
4.Madurai (C) Avaniyapuram (TP) Thiruppathi Nagar Ward 94 ,
5.Madurai (C) Avaniyapuram (TP) Periyasamy Nagar 4th Street Ward 94 ,
6.Madurai (C) Avaniyapuram (TP) Periyasamy Nagar 7th Street Ward 94 , 99.OVERSEAS ELECTORS OVERSEAS ELECTORS",All Voters,"Pt. Union Middle School   ,East Side Building, North Portion, Prasanna Colony",Avaniapuram.-625012,tamilaga vettri kazhagam,457,167,290,all india anna dravida munnetra kazhagam,3,4,2,5,5,9,5,1,9,9,9,5,9,9,9,36.89567430025446,1
213,103,35,183,0,0,0,1,457,2,0,0,0,0,1,0,782,0,1,783,0,213,"Jegan Nursery & Primary School
,East Portion Periyasamy Nagar Avaniyapuram-625012","1.Madurai (C) Avaniyapuram (TP) Periyasamy Nagar 12th Street Ward 94 ,
2.Madurai (C) Avaniyapuram (TP) Periyasamy Nagar Main Street Ward 94 ,
3.Madurai (C) Avaniyapuram (TP) Periyasamy Nagar 6th Street Ward 94 ,
4.Madurai (C) Avaniyapuram (TP) Periyasamy Nagar 13th Street Ward 94 ,
5.Madurai (C) Avaniyapuram (TP) T P K Road Ward 94 , 99.OVERSEAS ELECTORS OVERSEAS ELECTORS",All Voters,Jegan Nursery & Primary School,East Portion Periyasamy Nagar Avaniyapuram-625012,tamilaga vettri kazhagam,457,183,274,all india anna dravida munnetra kazhagam,3,4,2,8,8,8,6,1,5,8,8,8,8,6,8,35.0383631713555,1
214,139,31,141,0,0,0,1,345,0,0,0,0,0,2,0,659,0,5,664,0,214,"Panchayat  Board Office, Chinna Anuppanadi-625009.","1.Madurai (C) Chinna Anuppanadi (R.V) Mettu Punjai Street Ward 58 , 99.OVERSEAS ELECTORS OVERSEAS ELECTORS",All Voters,Panchayat  Board Office,Chinna Anuppanadi-625009.,tamilaga vettri kazhagam,345,141,204,all india anna dravida munnetra kazhagam,3,4,2,7,7,7,6,1,7,7,7,7,7,5,7,30.95599393019727,2
215,94,24,130,3,0,0,0,271,1,2,0,0,0,1,0,526,0,3,529,0,215,"Women SAelf-Helf Group Centre
,Chinna Anuppanadi-625009.","1.Madurai (C) Chinna Anuppanadi (R.V) Kaliamman Kovil Main Road New Street Ward 58 ,
2.Madurai (C) Chinna Anuppanadi (R.V) Kaliamman Kovil Road New Street Ward 58 , 99.OVERSEAS ELECTORS OVERSEAS ELECTORS",All Voters,Women SAelf-Helf Group Centre,Chinna Anuppanadi-625009.,tamilaga vettri kazhagam,271,130,141,all india anna dravida munnetra kazhagam,3,4,2,5,9,9,9,1,7,6,9,9,9,7,9,26.80608365019011,1
216,99,20,85,0,0,1,4,259,0,0,0,2,0,1,1,472,0,1,473,0,216,"Anganwadi Centre   ,Chinna Anuppanadi.","1.Madurai (C) Chinna Anuppanadi (R.V) Durairaj Pillai Street Ward 58 ,
99.OVERSEAS ELECTORS OVERSEAS ELECTORS",All Voters,Anganwadi Centre,Chinna Anuppanadi.,tamilaga vettri kazhagam,259,99,160,dravida munnetra kazhagam,2,4,3,10,10,7,5,1,10,10,10,6,10,7,7,33.89830508474576,4
217,145,30,165,0,2,1,3,411,0,0,1,0,0,1,1,760,0,5,765,0,217,"Pt. Union Middle School   ,East Side Building, West Portion, North Facing, Chinthamani, 625009.","1.Madurai (C) Chinna Anuppanadi (R.V) Bharathiyar Street, Anuppanadi Ward 58 ,
2.Madurai (C) Chinna Anuppanadi (R.V) Thiruvalluvar Street Ward 58 , 99.OVERSEAS ELECTORS OVERSEAS ELECTORS",All Voters,"Pt. Union Middle School   ,East Side Building, West Portion, North Facing, Chinthamani",625009.,tamilaga vettri kazhagam,411,165,246,all india anna dravida munnetra kazhagam,3,4,2,11,6,7,5,1,11,11,7,11,11,7,7,32.36842105263158,3
218,62,20,150,0,1,0,0,247,0,0,0,0,1,0,0,481,0,1,482,0,218,"Anganwadi Noon Meal Centre, Kaliyamman Kovil Street, Chinna Anuppanadi-625009.","1.Madurai (C) Chinna Anuppanadi (R.V) Anna Street Ward 58 ,
2.Madurai (C) Chinna Anuppanadi (R.V) Ganga Nagar Ward 56 , 99.OVERSEAS ELECTORS OVERSEAS ELECTORS",All Voters,"Anganwadi Noon Meal Centre, Kaliyamman Kovil Street",Chinna Anuppanadi-625009.,tamilaga vettri kazhagam,247,150,97,all india anna dravida munnetra kazhagam,3,4,2,7,5,7,7,1,7,7,7,7,5,7,7,20.16632016632017,1
219,101,12,74,0,0,0,1,182,0,0,0,1,0,0,2,373,0,4,377,0,219,"Sengunther Mudaliar Matriculation School   ,Room No:1, Om Muruga Nagar, Anuppanadi, Chinthamani Road -625009.","1.Madurai (C) Chinna Anuppanadi (R.V) Kamarajar Street Ward 56 ,
2.Madurai (C) Chinna Anuppanadi (R.V) Sonaiah Nagar Ward 56 ,
3.Madurai (C) Chinthamani (R.V) Ponnu Pillai Thoppu Ward 56 , 99.OVERSEAS ELECTORS OVERSEAS ELECTORS",All Voters,"Sengunther Mudaliar Matriculation School   ,Room No:1, Om Muruga Nagar, Anuppanadi",Chinthamani Road -625009.,tamilaga vettri kazhagam,182,101,81,dravida munnetra kazhagam,2,4,3,8,8,8,6,1,8,8,8,6,8,8,5,21.71581769436997,3
220,175,13,93,0,1,0,3,322,1,0,2,0,0,0,0,610,0,3,613,0,220,"Sengunther Mudaliar Matriculation School   ,Room No:2, Om Muruga Nagar, Anuppanadi, Chinthamani
Road -625009.","1.Madurai (C) Chinna Anuppanadi (R.V) Thai Nagar Ward 56 , 99.OVERSEAS ELECTORS OVERSEAS ELECTORS",All Voters,"Sengunther Mudaliar Matriculation School   ,Room No:2, Om Muruga Nagar, Anuppanadi","Chinthamani
Road -625009.",tamilaga vettri kazhagam,322,175,147,dravida munnetra kazhagam,2,4,3,9,7,9,5,1,7,9,6,9,9,9,9,24.0983606557377,2
221,139,29,145,0,0,0,2,323,1,0,1,0,0,0,0,640,0,3,643,0,221,"Pt. Union Middle School, West Building, North Portion, West Facing, Chinthamani, 625009.","1.Madurai (C) Chinna Anuppanadi (R.V) Asiriyar Street Ward 58 ,
2.Madurai (C) Chinna Anuppanadi (R.V) Vinayagar Street Ward 58 , 99.OVERSEAS ELECTORS OVERSEAS ELECTORS",All Voters,"Pt. Union Middle School, West Building, North Portion, West Facing, Chinthamani",625009.,tamilaga vettri kazhagam,323,145,178,all india anna dravida munnetra kazhagam,3,4,2,8,8,8,5,1,6,8,6,8,8,8,8,27.8125,1
222,180,47,125,2,0,1,3,477,2,0,1,0,0,0,1,839,0,0,839,0,222,"APT Durairaj Nadar Hr.Sec.School
,Hall No.12, New Building Housing Board, Mela Anuppanadi.-625009","1.Madurai (C) Chinna Anuppanadi (R.V) Mela Anuppanadi Housing Board Colony Ward 56 ,
99.OVERSEAS ELECTORS OVERSEAS ELECTORS",All Voters,"APT Durairaj Nadar Hr.Sec.School
,Hall No.12, New Building Housing Board",Mela Anuppanadi.-625009,tamilaga vettri kazhagam,477,180,297,dravida munnetra kazhagam,2,4,3,6,11,8,5,1,6,11,8,11,11,11,8,35.39928486293206,2
223,248,53,119,1,0,0,3,439,2,0,0,0,0,1,0,866,0,5,871,0,223,"APT Durairaj Nadar Hr.Sec.School
,Hall No.13, New Building Housing Board, Mela Anuppanadi.-625009","1.Madurai (C) Chinna Anuppanadi (R.V) Mela Anuppanadi Housing Board Colony Ward 56 ,
99.OVERSEAS ELECTORS OVERSEAS ELECTORS",All Voters,"APT Durairaj Nadar Hr.Sec.School
,Hall No.13, New Building Housing Board",Mela Anuppanadi.-625009,tamilaga vettri kazhagam,439,248,191,dravida munnetra kazhagam,2,4,3,7,9,9,5,1,6,9,9,9,9,7,9,22.0554272517321,1
224,146,28,169,0,1,0,2,276,0,0,0,1,0,2,0,625,0,2,627,0,224,"APT Durairaj Nadar Hr.Sec.School
,Hall No.2, New Building Housing Board, Mela Anuppanadi.-625009","1.Madurai (C) Chinna Anuppanadi (R.V) Mela Anuppanadi Housing Board Colony Ward 56 ,
99.OVERSEAS ELECTORS OVERSEAS ELECTORS",All Voters,"APT Durairaj Nadar Hr.Sec.School
,Hall No.2, New Building Housing Board",Mela Anuppanadi.-625009,tamilaga vettri kazhagam,276,169,107,all india anna dravida munnetra kazhagam,3,4,2,9,7,9,5,1,9,9,9,7,9,5,9,17.12,3
225,165,40,141,0,1,1,4,281,0,0,1,0,1,0,0,635,0,4,639,0,225,"APT Durairaj Nadar Hr.Sec.School
,Room No.14, New Building Housing Board, Mela Anuppanadi.-625009","1.Madurai (C) Chinna Anuppanadi (R.V) Mela Anuppanadi Housing Board Colony Ward 56 ,
99.OVERSEAS ELECTORS OVERSEAS ELECTORS",All Voters,"APT Durairaj Nadar Hr.Sec.School
,Room No.14, New Building Housing Board",Mela Anuppanadi.-625009,tamilaga vettri kazhagam,281,165,116,dravida munnetra kazhagam,2,4,3,10,6,6,5,1,10,10,6,10,6,10,10,18.26771653543307,2
226,138,29,135,0,0,0,1,317,0,0,0,0,0,1,0,621,0,1,622,0,226,"APT Durairaj Nadar Hr.Sec.School
,East Building, South Portion, West Housing Board, Mela Anuppanadi.-625009","1.Madurai (C) Chinna Anuppanadi (R.V) Mela Anuppanadi Housing Board Colony Ward 56 ,
2.Madurai (C) Chinna Anuppanadi (R.V) Mela Anuppanadi Housing Board Colony Ward 56 ,
99.OVERSEAS ELECTORS OVERSEAS ELECTORS",All Voters,"APT Durairaj Nadar Hr.Sec.School
,East Building, South Portion, West Housing Board",Mela Anuppanadi.-625009,tamilaga vettri kazhagam,317,138,179,dravida munnetra kazhagam,2,4,3,7,7,7,5,1,7,7,7,7,7,5,7,28.82447665056361,1
227,109,31,134,0,1,0,3,322,0,1,1,0,0,0,0,602,0,9,611,0,227,"APT Durairaj Nadar Hr.Sec. School
,Western Side, New Building Housing Board, Mela Anuppanadi-625009","1.Madurai (C) Chinna Anuppanadi (R.V) Mela Anuppanadi Housing Board Colony Ward 56 ,
99.OVERSEAS ELECTORS OVERSEAS ELECTORS",All Voters,"APT Durairaj Nadar Hr.Sec. School
,Western Side, New Building Housing Board",Mela Anuppanadi-625009,tamilaga vettri kazhagam,322,134,188,all india anna dravida munnetra kazhagam,3,4,2,9,6,9,5,1,9,6,6,9,9,9,9,31.22923588039867,1
228,135,34,177,0,0,1,2,371,0,0,0,0,0,0,0,720,0,6,726,0,228,"APT Durairaj Nadar Hr.Sec. School
,North Side, East Building Housing Board, Mela Anuppanadi-625009","1.Madurai (C) Chinna Anuppanadi (R.V) Mela Anuppanadi Housing Board Colony Ward 56 ,
99.OVERSEAS ELECTORS OVERSEAS ELECTORS",All Voters,"APT Durairaj Nadar Hr.Sec. School
,North Side, East Building Housing Board",Mela Anuppanadi-625009,tamilaga vettri kazhagam,371,177,194,all india anna dravida munnetra kazhagam,3,4,2,7,7,6,5,1,7,7,7,7,7,7,7,26.94444444444444,0
229,105,33,188,0,0,1,1,262,0,0,0,0,1,0,1,592,0,3,595,0,229,"APT Durairaj Nadar Hr.Sec. School
,North  Building, Middle Portion, Housing Board, Mela Anuppanadi-625012-625009","1.Madurai (C) Chinna Anuppanadi (R.V) Mela Anuppanadi Housing Board Colony Ward 56 ,
99.OVERSEAS ELECTORS OVERSEAS ELECTORS",All Voters,"APT Durairaj Nadar Hr.Sec. School
,North  Building, Middle Portion, Housing Board",Mela Anuppanadi-625012-625009,tamilaga vettri kazhagam,262,188,74,all india anna dravida munnetra kazhagam,3,4,2,9,9,5,5,1,9,9,9,9,5,9,5,12.5,2
230,298,51,91,2,16,0,0,302,1,0,0,2,1,1,1,766,0,4,770,0,230,"APT Durairaj Nadar Hr.Sec. School
,North Building East Portion, Housing Board, Mela Anuppanadi-625009","1.Madurai (C) Chinna Anuppanadi (R.V) Mela Anuppanadi Housing Board Colony Ward 56 ,
99.OVERSEAS ELECTORS OVERSEAS ELECTORS",All Voters,"APT Durairaj Nadar Hr.Sec. School
,North Building East Portion, Housing Board",Mela Anuppanadi-625009,tamilaga vettri kazhagam,302,298,4,dravida munnetra kazhagam,2,4,3,6,5,12,12,1,8,12,12,6,8,8,8,0.5221932114882507,5
231,134,32,139,0,1,0,0,259,0,0,0,0,0,0,0,565,0,2,567,0,231,"Noon Meal Centre   ,Chinna Anuppanadi, (Near Anuppanadi Bus Stand)-625009","1.Madurai (C) Chinthamani (R.V) Rajeev Gandhi Nagar Ward 56 ,
2.Madurai (C) Chinthamani (R.V) M.G.R. Nagar Ward 56 ,
3.Madurai (C) Chinthamani (R.V) Nehru Nagar Ward 56 ,
4.Madurai (C) Chinthamani (R.V) Kirubanantha variyar Nagar Ward 56 , 99.OVERSEAS ELECTORS OVERSEAS ELECTORS",All Voters,"Noon Meal Centre   ,Chinna Anuppanadi",(Near Anuppanadi Bus Stand)-625009,tamilaga vettri kazhagam,259,139,120,all india anna dravida munnetra kazhagam,3,4,2,6,5,6,6,1,6,6,6,6,6,6,6,21.23893805309735,0
232,124,41,173,0,0,0,0,292,0,0,0,0,0,0,0,630,0,6,636,0,232,"Pt.Union Middle School   ,Tiled Shed West Building, South Side, East Facing, Chinthamani-625009.","1.Madurai(C) Chinthamani (R.V) Indira Colony Ward 56 ,
2.Madurai(C) Chinthamani (R.V) Chinthamani Main Road Ward 56 , 99.OVERSEAS ELECTORS OVERSEAS ELECTORS",All Voters,"Pt.Union Middle School   ,Tiled Shed West Building, South Side, East Facing",Chinthamani-625009.,tamilaga vettri kazhagam,292,173,119,all india anna dravida munnetra kazhagam,3,4,2,5,5,5,5,1,5,5,5,5,5,5,5,18.88888888888889,0
233,229,38,129,1,1,2,2,291,0,0,0,0,0,4,0,697,0,6,703,0,233,"Pt.Union Middle School   ,Middle Building, South Facing, Chinthamani-625009.","1.Madurai(C) Chinthamani (R.V) Rajaman Nagar Ward 56 ,
2.Madurai(C) Chinthamani (R.V) Chinthamanii Main Road Chinna Anupanadi Ward 56
,
3.Madurai(C) Chinthamani (R.V) Venopaji Nagar Ward 56 , 99.OVERSEAS ELECTORS OVERSEAS ELECTORS",All Voters,"Pt.Union Middle School   ,Middle Building, South Facing",Chinthamani-625009.,tamilaga vettri kazhagam,291,229,62,dravida munnetra kazhagam,2,4,3,8,8,6,6,1,10,10,10,10,10,5,10,8.895265423242469,4
234,141,30,108,0,0,1,4,321,0,1,0,0,0,0,0,606,0,4,610,1,234,"Sengunther Mudaliar Matriculation School   ,Room No:3, Om Muruga Nagar, Anuppanadi, Chinthamani Road -625009.","1.Madurai(C) Chinthamani (R.V) Mullai Street Ward 56 , 2.Madurai(C) Chinthamani (R.V) Malligai Street Ward 56 , 3.Madurai(C) Chinthamani (R.V) Shanmugam Compound Ward 56 , 4.Madurai(C) Chinthamani (R.V) J.J. Nagar Ward 56 ,
5.Madurai(C) Chinthamani (R.V) Anuppanadi Vilakku Road Ward 56 ,
99.OVERSEAS ELECTORS OVERSEAS ELECTORS",All Voters,"Sengunther Mudaliar Matriculation School   ,Room No:3, Om Muruga Nagar, Anuppanadi",Chinthamani Road -625009.,tamilaga vettri kazhagam,321,141,180,dravida munnetra kazhagam,2,4,3,8,8,6,5,1,8,6,8,8,8,8,8,29.7029702970297,0
235,240,49,96,0,0,0,1,288,0,1,4,0,0,0,0,679,0,2,681,0,235,"Sengunther Mudaliar Matriculation School   ,Room No:4, Om Muruga Nagar, Anuppanadi, Chinthamani Road -625009.","1.Madurai(C) Chinthamani (R.V) Anupanadi Cross Road Ward 56 , 2.Madurai(C) Chinthamani (R.V) Rajaman Nagar Ward 56 , 3.Madurai(C) Chinthamani (R.V) Poombukar Nagar Ward 56 ,
99.OVERSEAS ELECTORS OVERSEAS ELECTORS",All Voters,"Sengunther Mudaliar Matriculation School   ,Room No:4, Om Muruga Nagar, Anuppanadi",Chinthamani Road -625009.,tamilaga vettri kazhagam,288,240,48,dravida munnetra kazhagam,2,4,3,8,8,8,6,1,8,6,5,8,8,8,8,7.069219440353461,4
236,236,36,62,0,0,0,2,206,0,0,0,0,0,0,0,542,0,3,545,0,236,"Pt.Union Middle School   ,East Building, Center Portion, North Facing Chinthamani-625009","1.Madurai(C) Chinthamani (R.V) Chettiyar street Ward 56 , 2.Madurai(C) Chinthamani (R.V) Konar Street Ward 58 , 3.Madurai(C) Chinthamani (R.V) Kalludaiyan Kovil Street Ward 58 ,
99.OVERSEAS ELECTORS OVERSEAS ELECTORS",All Voters,"Pt.Union Middle School   ,East Building, Center Portion",North Facing Chinthamani-625009,dravida munnetra kazhagam,236,206,30,tamilaga vettri kazhagam,1,4,3,6,6,6,5,2,6,6,6,6,6,6,6,5.535055350553505,0
237,273,63,171,0,1,0,4,298,1,0,0,0,0,0,1,812,0,1,813,0,237,"Pt.Union Middle School   ,Tiled Shed Western Building, West Facing, Chinthamani-625009","1.Madurai(C) Chinthamani (R.V) Gajendrapuram Ward 56 , 2.Madurai(C) Chinthamani (R.V) Nadu Street Ward 56 , 3.Madurai(C) Chinthamani (R.V) Chinthamani Main Street Ward 56 ,
99.OVERSEAS ELECTORS OVERSEAS ELECTORS",All Voters,"Pt.Union Middle School   ,Tiled Shed Western Building, West Facing",Chinthamani-625009,tamilaga vettri kazhagam,298,273,25,dravida munnetra kazhagam,2,4,3,9,6,9,5,1,6,9,9,9,9,9,6,3.078817733990148,1
238,174,37,192,0,0,0,2,356,0,0,2,1,1,0,0,765,0,1,766,0,238,"Pt.Union Middle School   ,West Building, South Side, West Facing of
H.M. Room, Chinthamani-625009","1.Madurai(C) Chinthamani (R.V) Muthaliar Street Ward 58 , 2.Madurai(C) Chinthamani (R.V) Post Office Street Ward 58 , 3.Madurai(C) Chinthamani (R.V) Kannan Colony Ward 58 ,
99.OVERSEAS ELECTORS OVERSEAS ELECTORS",All Voters,"Pt.Union Middle School   ,West Building, South Side, West Facing of
H.M. Room",Chinthamani-625009,tamilaga vettri kazhagam,356,192,164,all india anna dravida munnetra kazhagam,3,4,2,9,9,9,5,1,9,9,5,7,7,9,9,21.43790849673202,4
239,140,36,114,1,2,0,3,188,0,0,0,2,0,1,0,487,0,2,489,0,239,"Pt.Union Middle School, Additional Building, Northern Racing, East Side, Chinthamani-625009.","1.Madurai(C) Chinthamani (R.V) Mela Theru Ward 58 , 2.Madurai(C) Chinthamani (R.V) Mela theru Keela Street Ward 58 , 3.Madurai(C) Chinthamani (R.V) Keela Street Ward 58 , 4.Madurai(C) Chinthamani (R.V) Burma Colony Ward 56 ,
5.Madurai(C) Chinthamani (R.V) Muthukaruppa Pillai Colony Ward 56 , 6.Madurai(C) Chinthamani (R.V) Ayyanarpuram Ward 56 , 7.Madurai(C) Chinthamani (R.V) Mandaba Street Ward 56 ,
99.OVERSEAS ELECTORS OVERSEAS ELECTORS",All Voters,"Pt.Union Middle School, Additional Building, Northern Racing, East Side",Chinthamani-625009.,tamilaga vettri kazhagam,188,140,48,dravida munnetra kazhagam,2,4,3,8,6,10,5,1,10,10,10,6,10,8,10,9.856262833675565,3
240,206,66,143,1,0,1,2,284,2,0,3,0,0,1,0,709,0,2,711,0,240,"R.C.Ele.School   ,New Building, Eastern Side, Iravthanallur-625009","1.Madurai (C) Iravathanallur (R.V)  Main Road Ward 55 ,
2.Madurai (C) Iravathanallur (R.V) Saranvilla Main Road Ward 55 ,
3.Madurai (C) Iravathanallur (R.V) Ambarisan Chamber Ward 55 ,
4.Madurai (C) Iravathanallur (R.V) Pilliar Koil Street Ward 55 ,
5.Madurai (C) Iravathanallur (R.V) Yathavar Street Ward 55 ,
6.Madurai (C) Iravathanallur (R.V) Chinnakathiyanur Ward 55 ,
7.Madurai (C) Iravathanallur (R.V) Anthoniyar kovil East Street Ward 55 ,
8.Madurai (C) Iravathanallur (R.V) Anthoniyar koil Nadu Street Ward 55 ,
9.Madurai (C) Iravathanallur (R.V) Soosaiyappar Street Ward 55 , 99.OVERSEAS ELECTORS OVERSEAS ELECTORS",All Voters,"R.C.Ele.School   ,New Building, Eastern Side",Iravthanallur-625009,tamilaga vettri kazhagam,284,206,78,dravida munnetra kazhagam,2,4,3,8,11,8,6,1,6,11,5,11,11,8,11,11.00141043723554,4
241,230,35,122,0,10,1,3,278,0,0,0,0,0,0,2,681,0,3,684,0,241,"R.C.Ele.School   ,New Building, Southern Side, Iravthanallur-625009","1.Madurai (C) Iravathanallur (R.V) Anthoniyar koil Mela Street Ward 55 ,
2.Madurai (C) Iravathanallur (R.V) Kallambal main road Ward 55 ,
3.Madurai (C) Iravathanallur (R.V) Chellayi Pillai Compound Ward 55 ,
4.Madurai (C) Iravathanallur (R.V) Bharathiar Street Ward 55 ,
5.Madurai (C) Iravathanallur (R.V)  Palkara Street Ward 55 ,
6.Madurai (C) Iravathanallur (R.V) Muniandi koil Street Ward 55 ,
7.Madurai (C) Iravathanallur (R.V) Kannakupillai lane Ward 55 ,
8.Madurai (C) Iravathanallur (R.V) Adaikalam pillai Colony Ward 55 , 99.OVERSEAS ELECTORS OVERSEAS ELECTORS",All Voters,"R.C.Ele.School   ,New Building, Southern Side",Iravthanallur-625009,tamilaga vettri kazhagam,278,230,48,dravida munnetra kazhagam,2,4,3,9,5,8,6,1,9,9,9,9,9,9,7,7.048458149779736,2
242,230,67,207,3,3,2,6,379,4,6,2,2,3,4,4,922,0,7,929,0,242,"R.C.Primary School   ,East Wing, Iravthanallur-625009","1.Madurai (C) Iravathanallur (R.V) Periakathiyanur Ward 55 ,
2.Madurai (C) Iravathanallur (R.V) M.G.R. Nagar Ward 55 ,
3.Madurai (C) Iravathanallur (R.V) Manthaiamman kovil Street Ward 55 , 99.OVERSEAS ELECTORS OVERSEAS ELECTORS",All Voters,"R.C.Primary School   ,East Wing",Iravthanallur-625009,tamilaga vettri kazhagam,379,230,149,dravida munnetra kazhagam,2,4,3,10,10,13,5,1,7,5,13,13,10,7,7,16.16052060737527,15
243,115,33,119,1,2,1,6,237,2,0,0,1,1,1,1,520,0,5,525,0,243,"R.C. Ele. School   ,West Building, South Portion, Iravathanallur.-625009","1.Madurai (C) Iravathanallur (R.V) Deivakanni Street Ward 55 ,
2.Madurai (C) Iravathanallur (R.V) Ganesh Colony 1st Street Ward 55 ,
3.Madurai (C) Iravathanallur (R.V) Ganesh Colony Main Street Ward 55 ,
4.Madurai (C) Iravathanallur (R.V) Ganesh Colony 2nd Street Ward 55 ,
5.Madurai (C) Iravathanallur (R.V) Ganesh Colony 3rd Street Ward 55 ,
6.Madurai (C) Iravathanallur (R.V) Ganesh Colony 4th Street Ward 55 ,
7.Madurai (C) Iravathanallur (R.V) Ganesh Colony 4th Street Ward 55 ,
8.Madurai (C) Iravathanallur (R.V) Ganesh Colony 5th Street Ward 55 ,
9.Madurai (C) Iravathanallur (R.V) Sathyanagar Ward 55 , 99.OVERSEAS ELECTORS OVERSEAS ELECTORS",All Voters,"R.C. Ele. School   ,West Building, South Portion",Iravathanallur.-625009,tamilaga vettri kazhagam,237,119,118,all india anna dravida munnetra kazhagam,3,4,2,8,6,8,5,1,6,14,14,8,8,8,8,22.69230769230769,4
244,173,35,85,1,0,0,2,172,0,1,0,0,0,1,0,470,0,1,471,0,244,"R.C. Ele. School   ,Sourthern Portion, West Building, Iravathanallur.-625009","1.Madurai (C) Iravathanallur (R.V) Babu Nagar Ward 55 ,
2.Madurai (C) Iravathanallur (R.V) Anthoniar Koil Street Ward 55 ,
3.Madurai (C) Iravathanallur (R.V) Pillaiar koil Cross Street Ward 55 ,
4.Madurai (C) Iravathanallur (R.V) Raja Nagar, Kallambal Road Ward 55 , 99.OVERSEAS ELECTORS OVERSEAS ELECTORS",All Voters,"R.C. Ele. School   ,Sourthern Portion, West Building",Iravathanallur.-625009,dravida munnetra kazhagam,173,172,1,tamilaga vettri kazhagam,1,4,3,6,9,9,5,2,9,6,9,9,9,6,9,0.2127659574468085,1
245,65,13,149,0,1,1,2,308,0,0,0,0,0,1,0,540,0,1,541,0,245,"Govt. Elementary School, Viraganoor.-625009","1.Viraganoor (R.V) Viraganoor (P) Mela Street Ward 4 , 2.Viraganoor (R.V) Viraganoor (P) South Street Ward 3 ,
3.Viraganoor (R.V) Viraganoor (P) Maharajan Nagar Teachers Street 3rd Cross Street , 4.Viraganoor (R.V) Viraganoor (P) Maharajan Nagar Teacher Street 6th Cross Street , 5.Viraganoor (R.V) Viraganoor (P) Maharajan Nagar Teachers Cross Street 2nd Main Road ,
6.Viraganoor (R.V) Viraganoor (P) Maharajan Nagar Teachers Street 4th Cross Street , 7.Viraganoor (R.V) Viraganoor (P) Vijayarajan Appartment ,
8.Viraganoor (R.V) Viraganoor (P) Mela Theru , 99.OVERSEAS ELECTORS OVERSEAS ELECTORS",All Voters,Govt. Elementary School,Viraganoor.-625009,tamilaga vettri kazhagam,308,149,159,all india anna dravida munnetra kazhagam,3,4,2,9,6,6,5,1,9,9,9,9,9,6,9,29.44444444444445,1
246,70,14,163,1,0,1,1,244,0,0,0,0,0,1,0,495,0,0,495,0,246,"Govt. High School   ,Viraganoor.-625009","1.Viraganoor (R.V) Viraganoor (P) Nattamai thoppu, Ward 4 ,
2.Viraganoor (R.V) Viraganoor (P) Maharaja nagar Teachers Colony Ward 5 , 3.Viraganoor (R.V) Viraganoor (P) Sundarrajapuram Ward 4 , 99.OVERSEAS ELECTORS OVERSEAS ELECTORS",All Voters,Govt. High School,Viraganoor.-625009,tamilaga vettri kazhagam,244,163,81,all india anna dravida munnetra kazhagam,3,4,2,5,9,5,5,1,9,9,9,9,9,5,9,16.36363636363636,1
247,101,30,212,1,0,1,1,371,1,3,0,0,1,2,0,724,0,2,726,0,247,"Government High School   ,Main Building,  Viraganoor-625009.","1.Viraganoor (R.V) Viraganoor(P) East Street , 2.Viraganoor (R.V) Viraganoor (P) Agraharam Street , 3.Viraganoor (R.V) Viraganoor (P) Ramnad Main road ,
4.Viraganoor (R.V) Viraganoor (P) Ramanathapuram Main Road, Ward 4 ,
99.OVERSEAS ELECTORS OVERSEAS ELECTORS",All Voters,"Government High School   ,Main Building",Viraganoor-625009.,tamilaga vettri kazhagam,371,212,159,all india anna dravida munnetra kazhagam,3,4,2,7,12,7,7,1,7,5,12,12,7,6,12,21.96132596685083,3
248,147,21,239,3,0,0,1,438,1,0,1,2,0,1,0,854,0,6,860,0,248,"Community Hall   ,Northern Side, Viraganoor-625009.","1.Viraganoor (R.V) Viraganoor (P) Vaigai Colony ,
2.Viraganoor (R.V) Viraganoor (P) Maharajan Teachers Kudiyiruppu 1st Main Road , 3.Viraganoor (R.V) Viraganoor (P) Maharajan Nagar Teachers Kudiiruppu 5th Cross Street ,
4.Viraganoor (R.V) Viraganoor (P) Ward 3 Naduthstreet, ward 3 , 5.Viraganoor (R.V) Viraganoor (P) Pillaiar Koil Street Ward 3 , 99.OVERSEAS ELECTORS OVERSEAS ELECTORS",All Voters,"Community Hall   ,Northern Side",Viraganoor-625009.,tamilaga vettri kazhagam,438,239,199,all india anna dravida munnetra kazhagam,3,4,2,5,11,11,7,1,7,11,7,6,11,7,11,23.30210772833724,4
249,188,57,202,1,0,1,4,364,1,0,2,0,0,3,1,824,0,4,828,0,249,"Anganwadi Centre    ,Viraganoor.-625009","1.Viraganoor (R.V) Viraganoor (P) Samiyar Thoppu , 2.Viraganoor (R.V) Viraganoor (P) PWD Quarters Madhagu Anai , 3.Viraganoor (R.V) Viraganoor (P) Lakshmi Bricks ,
4.Viraganoor (R.V) Viraganoor (P) Kozhi Medu , 5.Viraganoor (R.V) Viraganoor (P) Ramachandran Chamber , 6.Viraganoor (R.V) Viraganoor (P) Rajarajan Chamber ,
7.Viraganoor (R.V) Viraganoor (P) Alagappan Compound Viraganoor , 8.Viraganoor (R.V) Viraganoor (P) Thangasami Chamber Viraganoor , 9.Viraganoor (R.V) Viraganoor (P) Vijayarajan Chamber Viraganoor , 10.Viraganoor (R.V) Viraganoor (P) Ring Road Viraganoor , 11.Viraganoor (R.V) Viraganoor (P) Quality Steel Street Viraganoor ,
12.Viraganoor (R.V) Viraganoor (P) Ramanathapuram main Road, Viraganoor , 99.OVERSEAS ELECTORS OVERSEAS ELECTORS",All Voters,Anganwadi Centre,Viraganoor.-625009,tamilaga vettri kazhagam,364,202,162,all india anna dravida munnetra kazhagam,3,4,2,8,12,8,5,1,8,12,7,12,12,6,8,19.66019417475728,6
250,167,54,170,0,0,1,2,417,1,0,0,0,0,5,0,817,0,3,820,0,250,"Community Hall   ,Southern Portion Viraganoor-625009","1.Viraganoor (R.V) Viraganoor (P) Kaliamman koil Street Viraganoor , 2.Viraganoor (R.V) Viraganoor (P) Viraganoor 1st Cross Street , 3.Viraganoor (R.V) Viraganoor (P) 2nd Cross Street Viraganoor , 4.Viraganoor (R.V) Viraganoor (P) Bank Colony, Viraganoor , 5.Viraganoor (R.V) Viraganoor (P) Prabhu Chamber, Viraganoor , 6.Viraganoor (R.V) Viraganoor (P) Thiyagi V.L.R.Colony, Viraganoor , 7.Viraganoor (R.V) Viraganoor (P) Vaigai Nathi Street, Viraganoor , 8.Viraganoor (R.V) Viraganoor (P) Krishna Nathi Street ,
99.OVERSEAS ELECTORS OVERSEAS ELECTORS",All Voters,Community Hall,Southern Portion Viraganoor-625009,tamilaga vettri kazhagam,417,170,247,all india anna dravida munnetra kazhagam,3,4,2,9,9,7,6,1,7,9,9,9,9,5,9,30.23255813953488,5
251,116,37,161,0,1,0,5,322,0,0,0,0,0,1,0,643,0,1,644,0,251,"Panchayat Union Elementary School
,Eastern Side, Puliyankulam.-625201","1.Puliyangulam (R.V) Puliyangulam (P) Puliyangulam Old Colony, New Colony ward 1
,
2.Puliyankulam (R.V) Puliyankulam (P) Kaliamman Kovil Street , 99.OVERSEAS ELECTORS OVERSEAS ELECTORS",All Voters,"Panchayat Union Elementary School
,Eastern Side",Puliyankulam.-625201,tamilaga vettri kazhagam,322,161,161,all india anna dravida munnetra kazhagam,3,4,2,8,6,8,5,1,8,8,8,8,8,6,8,25.0388802488336,1
252,217,60,159,0,0,0,3,411,0,2,0,1,1,0,0,854,0,1,855,0,252,"Pt. Union Ele. School   ,Western Portion, North Side, Bharathiar Centenary Building, Puliyankulam-625201","1.Puliyankulam (R.V) Puliyankulam (P) Puliyankulam 2nd ward , 2.Puliyankulam (R.V) Puliyankulam (P) L.K.T Nagar , 3.Puliyankulam (R.V) Puliyankulam (P) A.G.S.Street ,
99.OVERSEAS ELECTORS OVERSEAS ELECTORS",All Voters,"Pt. Union Ele. School   ,Western Portion, North Side, Bharathiar Centenary Building",Puliyankulam-625201,tamilaga vettri kazhagam,411,217,194,dravida munnetra kazhagam,2,4,3,9,9,9,5,1,9,6,9,7,7,9,9,22.71662763466042,2
253,274,49,139,1,0,1,2,310,0,0,0,0,0,2,1,779,0,7,786,0,253,"Pt. Union Ele. School   ,Southern Wing, Puliyankulam-625201","1.Puliyankulam (R.V) Puliyankulam (P) Puliyankulam Main Road ,
99.OVERSEAS ELECTORS OVERSEAS ELECTORS",All Voters,"Pt. Union Ele. School   ,Southern Wing",Puliyankulam-625201,tamilaga vettri kazhagam,310,274,36,dravida munnetra kazhagam,2,4,3,7,10,7,5,1,10,10,10,10,10,5,7,4.621309370988447,3
254,180,26,110,1,2,0,1,295,0,0,0,0,0,2,0,617,0,1,618,0,254,"Pt. Union Ele. School   , North Facing, Silaiman-625201","1.Silaiman (R.V) Silaiman (P) Bus stand Pasumpon nagar ,
2.Silaiman (R.V) Silaiman (P) Bismilla Chamber ,
3.Silaiman (R.V) Silaiman (P) Pookara Street ,
4.Silaiman (R.V) Silaiman (P) Madasami Street ,
5.Silaiman (R.V) Silaiman (P) Vakkil Thoppu Street ,
6.Silaiman (R.V) Silaiman (P) Ramaiah Street ,
7.Silaiman (R.V) Silaiman (P) Arunachalam Compound ,
8.Silaiman (R.V) Silaiman (P) Thevar line Main Road ,
9.Silaiman (R.V) Silaiman (P) Teacher Street , 10.Silaiman (R.V) Silaiman (P) Om Sakthi Street ,
11.Silaiman (R.V) Silaiman (P) Sethuramalingam Servai Street , 12.Silaiman (R.V) Silaiman (P) Anna Nagar Backside , 13.Silaiman (R.V) Silaiman (P) Anna Nagar Main Road , 99.OVERSEAS ELECTORS OVERSEAS ELECTORS",All Voters,"Pt. Union Ele. School   , North Facing",Silaiman-625201,tamilaga vettri kazhagam,295,180,115,dravida munnetra kazhagam,2,4,3,7,5,9,7,1,9,9,9,9,9,5,9,18.6385737439222,2
255,234,66,150,0,2,0,4,251,0,1,0,0,0,2,1,711,0,6,717,0,255,"Pt. Union Ele. School   ,Centre Building, Silaiman-625201","1.Silaiman (R.V) Silaiman (P) Sathiya nagar ward 2 ,
2.Silaiman (R.V) Silaiman (P) Main Road Sathiya Nagar Ward 2 ,
3.Silaiman (R.V) Silaiman (P) Kovinthan Lane Ward 2 ,
4.Silaiman (R.V) Silaiman (P) Arasamaram Lane Ward 2 , 99.OVERSEAS ELECTORS OVERSEAS ELECTORS",All Voters,"Pt. Union Ele. School   ,Centre Building",Silaiman-625201,tamilaga vettri kazhagam,251,234,17,dravida munnetra kazhagam,2,4,3,10,6,10,5,1,10,8,10,10,10,6,8,2.390998593530239,3
256,182,35,194,1,1,0,1,365,1,0,0,0,0,1,0,781,0,2,783,0,256,"Panchayat Office   ,Silaiman-625201","1.Silaiman (R.V) Silaiman (P) Pillaiar Kovil Street Ward 2 ,
2.Silaiman (R.V) Silaiman (P) Sangaiah Kovil Street Ward 2 ,
3.Silaiman (R.V) Silaiman (P) Amman Kovil Street Ward 2 , 99.OVERSEAS ELECTORS OVERSEAS ELECTORS",All Voters,Panchayat Office,Silaiman-625201,tamilaga vettri kazhagam,365,194,171,all india anna dravida munnetra kazhagam,3,4,2,5,5,10,5,1,5,10,10,10,10,5,10,21.89500640204865,1
257,157,35,84,0,1,1,4,247,1,0,0,0,0,1,0,531,0,2,533,0,257,"Pt. Union Ele.School   ,New Building, Eastern Portion, Silaiman-625201","1.Silaiman (R.V) Silaiman (P) Pallivasalteru ward 3 ,
2.Silaiman (R.V) Silaiman (P) Muslim Chavadi Street Ward 3 ,
3.Silaiman (R.V) Silaiman (P) Nattamai Koil Street Ward 3 ,
4.Silaiman (R.V) Silaiman (P) Amman Koil Street Ward 3 , 99.OVERSEAS ELECTORS OVERSEAS ELECTORS",All Voters,"Pt. Union Ele.School   ,New Building, Eastern Portion",Silaiman-625201,tamilaga vettri kazhagam,247,157,90,dravida munnetra kazhagam,2,4,3,10,6,6,5,1,6,10,10,10,10,6,10,16.94915254237288,1
258,108,27,79,0,0,0,1,175,0,0,0,0,0,2,1,393,0,1,394,0,258,"Pt. Union Ele.School   ,New Building, Western Side, Silaiman-625201","1.Silaiman (R.V) Silaiman (P) K.K.Nagar Ward 3 ,
2.Silaiman (R.V) Silaiman (P) Main Road (Thangasami Nagar Opposite ) Ward3
3.Silaiman (R.V) Silaiman (P) Thangasami Nagar Ward 3 ,
4.Silaiman (R.V) Silaiman (P) Gandhi Nagar Ward 3 ,
5.Silaiman (R.V) Silaiman (P) Arumugam Pillai Sembar Ward 3 ,
6.Silaiman (R.V) Silaiman (P) Malik Champer , 99.OVERSEAS ELECTORS OVERSEAS ELECTORS",All Voters,"Pt. Union Ele.School   ,New Building, Western Side",Silaiman-625201,tamilaga vettri kazhagam,175,108,67,dravida munnetra kazhagam,2,4,3,8,8,8,6,1,8,8,8,8,8,5,6,17.04834605597964,3
259,176,43,171,1,0,2,4,317,0,1,0,0,0,2,0,717,0,2,719,0,259,"Pt.Union Middle School   ,Addl Building, Near Water Tank, South Facing, East Side Panaiyur-625009","1.Panaiyur (R.V) Panaiyur (P) North Street, Ammachiar Street ,
2.Panaiyur (R.V) Panaiyur (P) East Street ,
3.Panaiyur (R.V) Panaiyur (P) Andiyappapillai Street ,
4.Panaiyur (R.V) Panaiyur (P) Adaikalamman koil Street ,
5.Panaiyur (R.V) Panaiyur (P) Kanakkupillai Street ,
6.Panaiyur (R.V) Panaiyur (P) Post Office Road , 99.OVERSEAS ELECTORS OVERSEAS ELECTORS",All Voters,"Pt.Union Middle School   ,Addl Building, Near Water Tank, South Facing",East Side Panaiyur-625009,tamilaga vettri kazhagam,317,176,141,dravida munnetra kazhagam,2,4,3,8,10,6,5,1,10,8,10,10,10,6,10,19.6652719665272,2
260,252,41,129,0,3,0,2,409,0,0,0,0,0,0,0,836,0,6,842,0,260,"Pt.Union Middle School   ,West Addirional Building, South Facing, Panaiyur.-625009","1.Panaiyur (R.V) Panaiyur (P) Pillaiar Koil Street ,
2.Panaiyur (R.V) Panaiyur (P) Mela Street ,
3.Panaiyur (R.V) Panaiyur (P) Chokkanathapuram ,
4.Panaiyur (R.V) Panaiyur (P) Silon Colony ,
5.Panaiyur (R.V) Panaiyur (P) Panaiyur Vilakku ,
6.Panaiyur (R.V) Panaiyur (P) Muniandi Koil Street , 99.OVERSEAS ELECTORS OVERSEAS ELECTORS",All Voters,"Pt.Union Middle School   ,West Addirional Building, South Facing",Panaiyur.-625009,tamilaga vettri kazhagam,409,252,157,dravida munnetra kazhagam,2,4,3,7,5,7,6,1,7,7,7,7,7,7,7,18.7799043062201,0
261,297,16,191,1,0,0,3,335,2,0,2,0,0,3,1,851,0,3,854,0,261,"Pt.Union Middle School   ,South Portion, New Additional Building, North Facing, Panaiyur-625009","1.Panaiyur (R V) Panaiyur (P) Kallambal East Street ,
2.Panaiyur (R V) Panaiyur (P) Kallambal Middle Street ,
3.Panaiyur (R V) Panaiyur (P) Kallambal First Street ,
4.Panaiyur (R V) Panaiyur (P) Kallambal South Street ,
5.Panaiyur (R V) Panaiyur (P) Kallambal North Street ,
6.Panaiyur (R V) Panaiyur (P) Kallambal Pillaiyar Kovil Street ,
7.Panaiyur (R V) Panaiyur (P) Kallambal Main Road ,
8.Panaiyur (R V) Panaiyur (P) Thiruvalluvar Colony ,
9.Panaiyur (R V) Panaiyur (P) Anna Street ,
10.Panaiyur (R V) Panaiyur (P) Thiruvalluvar Colony East Street , 99.OVERSEAS ELECTORS OVERSEAS ELECTORS",All Voters,"Pt.Union Middle School   ,South Portion, New Additional Building, North Facing",Panaiyur-625009,tamilaga vettri kazhagam,335,297,38,dravida munnetra kazhagam,2,4,3,9,11,11,5,1,7,11,7,11,11,5,9,4.465334900117509,6
262,220,25,192,0,1,1,7,428,2,5,0,0,1,0,1,883,0,6,889,0,262,"Pt. Union Ele.School   ,South Portion, Samanatham-625009","1.Samanatham (R.V) Samanatham (P) Ayyanarpuram ward 1 , 2.Samanatham (R.V) Samanatham (P) North Street Ward 1 ,
99.OVERSEAS ELECTORS OVERSEAS ELECTORS",All Voters,"Pt. Union Ele.School   ,South Portion",Samanatham-625009,tamilaga vettri kazhagam,428,220,208,dravida munnetra kazhagam,2,4,3,12,8,8,5,1,7,6,12,12,8,12,8,23.55605889014722,2
263,285,33,191,2,1,0,2,339,0,1,0,0,0,2,0,856,0,3,859,0,263,"Pt. Union Ele.School   ,North East Wing, Portion, Samanatham-625009","1.Samanatham (R.V) Keela Street Colony Ward 1 , 2.Samanatham (R.V) Samanatham (P) South Street Ward 1 , 3.Samanatham (R.V) Samanatham (P) Mela Street Ward 2 , 4.Samanatham (R.V) Samanatham (P) Five House Ward 2 ,
99.OVERSEAS ELECTORS OVERSEAS ELECTORS",All Voters,"Pt. Union Ele.School   ,North East Wing, Portion",Samanatham-625009,tamilaga vettri kazhagam,339,285,54,dravida munnetra kazhagam,2,4,3,5,8,10,5,1,10,8,10,10,10,5,10,6.308411214953271,2
264,233,36,169,1,0,0,2,340,0,1,0,0,0,0,1,783,0,3,786,0,264,"Pt.Union Middle School   ,North East Wing, Main Building, West Portion, Periyar Nagar, Perumanendal-625012","1.Perumanendal (R.V) Thirupparankundarm (u) Periyar Nagar Third ward , 99.OVERSEAS ELECTORS OVERSEAS ELECTORS",All Voters,"Pt.Union Middle School   ,North East Wing, Main Building, West Portion, Periyar Nagar",Perumanendal-625012,tamilaga vettri kazhagam,340,233,107,dravida munnetra kazhagam,2,4,3,6,9,9,5,1,9,6,9,9,9,9,6,13.66538952745849,1
265,196,43,246,0,2,0,0,518,0,1,0,1,0,0,0,1007,0,4,1011,0,265,"Pt.Union Middle School   ,East Side, Main Building, West Portion, Periyar Nagar, Perumanendal-625012","1.Perumanendal (R.V) Thiruparankundram (P) Periyar Nagar 4th Ward , 99.OVERSEAS ELECTORS OVERSEAS ELECTORS",All Voters,"Pt.Union Middle School   ,East Side, Main Building, West Portion, Periyar Nagar",Perumanendal-625012,tamilaga vettri kazhagam,518,246,272,all india anna dravida munnetra kazhagam,3,4,2,8,5,8,8,1,8,6,8,6,8,8,8,27.01092353525323,1
266,231,51,166,0,10,1,0,339,0,0,0,1,0,0,0,799,0,3,802,0,266,"Stephen Ele.School   ,Eastern Side, In the North, Kusavankundu-625022","1.Kusavankundu (R V) Kusavankundu (P) Kusavankundu Ward 1 , 2.Kusavankundu (R V) Kusavankundu (P) Konarpatti Ward 1 , 3.Kusavankundu (R V) Kusavankundu (P) Old Kusavankundu Ward 1 ,
99.OVERSEAS ELECTORS OVERSEAS ELECTORS",All Voters,"Stephen Ele.School   ,Eastern Side, In the North",Kusavankundu-625022,tamilaga vettri kazhagam,339,231,108,dravida munnetra kazhagam,2,4,3,8,5,6,8,1,8,8,8,6,8,8,8,13.51689612015019,1
267,160,29,101,0,2,0,3,366,0,0,0,0,0,0,0,661,0,0,661,0,267,"Stephen Ele.School   ,Southern Building, West Facing, Kusavankundu-625022","1.Ramankulam (R.V) Kusavankundu (P) Ramankulam Ward 1 , 2.Koodalsenkulam (R.V) Kusavankundu (P) Koodalsenkulam Ward 1 , 3.Pappanodai (R.V) Kusavankundu (P) Kuthiraikuthi Ward 2 ,
99.OVERSEAS ELECTORS OVERSEAS ELECTORS",All Voters,"Stephen Ele.School   ,Southern Building, West Facing",Kusavankundu-625022,tamilaga vettri kazhagam,366,160,206,dravida munnetra kazhagam,2,4,3,7,6,7,5,1,7,7,7,7,7,7,7,31.16490166414523,0
268,168,61,162,0,0,0,1,431,1,0,0,1,1,3,0,829,0,2,831,0,268,"Pt.Union Middle School   ,West Building, Chinna Udaippu-625022.","1.Madurai (C) Avaniyapuram (TP) Chinna Udaippu Ward 60 ,
2.Madurai (C) Avaniyapuram (TP) North Street, Chinna Udaippu Ward 60 ,
3.Madurai (C) Avaniyapuram (TP) Middle Street, Chinna Udaippu Ward 60 ,
4.Madurai (C) Avaniyapuram (TP) West Street Chinna Udaippu Ward 60 ,
5.Madurai (C) Avaniyapuram (TP) Kaliamman Kovil Street, Chinna Udaippu Ward 60 ,
6.Madurai (C) Avaniyapuram (TP) Chinna Udaippu Ward 60 , 99.OVERSEAS ELECTORS OVERSEAS ELECTORS",All Voters,"Pt.Union Middle School   ,West Building",Chinna Udaippu-625022.,tamilaga vettri kazhagam,431,168,263,dravida munnetra kazhagam,2,4,3,10,10,10,6,1,6,10,10,6,6,5,10,31.72496984318456,5
269,187,27,127,3,0,1,3,433,3,1,0,1,0,3,1,790,0,3,793,0,269,"Pt.Union Middle School   ,East Building, Chinna Udaippu-625022","1.Pappanodai (R V),Kusavankundu (p) Pappanodai ward2 , 99.OVERSEAS ELECTORS OVERSEAS ELECTORS",All Voters,"Pt.Union Middle School   ,East Building",Chinna Udaippu-625022,tamilaga vettri kazhagam,433,187,246,dravida munnetra kazhagam,2,4,3,5,13,9,5,1,5,9,13,9,13,5,9,31.13924050632911,5
270,186,42,132,0,2,1,6,341,0,0,2,0,0,2,0,714,0,3,717,0,270,"Community Hall   ,Transport Nagar Papanodai - 625022","1.Pappanodai (R.V) Kusavankundu (P) Transport Nagar Ward 2 ,
99.OVERSEAS ELECTORS OVERSEAS ELECTORS",All Voters,Community Hall,Transport Nagar Papanodai - 625022,tamilaga vettri kazhagam,341,186,155,dravida munnetra kazhagam,2,4,3,10,6,9,5,1,10,10,6,10,10,6,10,21.70868347338936,4
271,90,34,106,1,0,1,3,255,1,0,0,0,0,2,1,494,0,1,495,0,271,"Pt. Union Middle School   ,East Building, Solankuruni- 625022","1.Solankuruni (R.V) Solankuruni (P) Colony Street Ward 2 , 2.Solankuruni (R.V) Solankuruni (P) North Street Ward 2 , 3.Solankuruni (R.V) Solankuruni (P) Main Road Ward 2 , 4.Solankuruni (R.V) Solankuruni (P) South Street Ward 4 , 5.Solankuruni (R.V) Solankuruni (P) Konar Street Ward 4 ,
99.OVERSEAS ELECTORS OVERSEAS ELECTORS",All Voters,"Pt. Union Middle School   ,East Building",Solankuruni- 625022,tamilaga vettri kazhagam,255,106,149,all india anna dravida munnetra kazhagam,3,4,2,7,11,7,5,1,7,11,11,11,11,6,7,30.16194331983806,3
272,100,31,93,0,0,0,3,321,0,1,1,0,0,1,0,551,0,2,553,1,272,"Panchayat Union Middle School, Central Building, Solankuruni - 625022","1.Solankuruni (R.V) Solankuruni (P) Athi Thiravidar Street Ward 4 , 2.Solankuruni (R.V) Solankuruni (P) Samathuvapuram Ward 4 , 3.Solankuruni (R.V) Solankuruni (P) Solankuruni Ward 4 , 4.Solankuruni (R.V) Solankuruni (P) Keela Street Ward 3 , 5.Solankuruni (R.V) Solankuruni (P) Mela Street Ward 3 , 6.Solankuruni (R.V) Thirupparankundram (P) Pilliarpatti ward no 1 ,
99.OVERSEAS ELECTORS OVERSEAS ELECTORS",All Voters,"Panchayat Union Middle School, Central Building",Solankuruni - 625022,tamilaga vettri kazhagam,321,100,221,dravida munnetra kazhagam,2,4,3,9,9,9,5,1,9,6,6,9,9,6,9,40.10889292196007,2
273,171,38,153,0,1,0,11,325,0,0,3,0,0,0,0,702,0,4,706,0,273,"Panchayat Union Middle School, Western Side Building, Parambupattii-
625022","1.Valayankulam(R.V) Perungudi (p) Parampupatti ward 3 , 99.OVERSEAS ELECTORS OVERSEAS ELECTORS",All Voters,"Panchayat Union Middle School, Western Side Building","Parambupattii-
625022",tamilaga vettri kazhagam,325,171,154,dravida munnetra kazhagam,2,4,3,8,7,8,5,1,8,8,6,8,8,8,8,21.93732193732194,3
274,171,50,181,1,1,1,7,465,1,0,1,1,0,1,0,881,0,6,887,0,274,"Panchayat Union Middle School, Eastern Side Building, Parambupattii-
625022","1.Valayankulam(R.V) Perungudi (p) Parampupatti ward 3 , 99.OVERSEAS ELECTORS OVERSEAS ELECTORS",All Voters,"Panchayat Union Middle School, Eastern Side Building","Parambupattii-
625022",tamilaga vettri kazhagam,465,181,284,all india anna dravida munnetra kazhagam,3,4,2,6,6,6,5,1,6,13,6,6,13,6,13,32.2360953461975,3
275,152,61,132,1,4,1,4,330,1,2,0,0,0,0,0,688,0,8,696,0,275,"Government High School,Western Side Building, Arigar Anna Centenary Building , Centre Portion,
Valayankulam-625022","1.Valaiyankulam(R.V) Valaiyankulam (p) Valaiyankulam(R.V) Ward1 , 99.OVERSEAS ELECTORS OVERSEAS ELECTORS",All Voters,"Government High School,Western Side Building, Arigar Anna Centenary Building , Centre Portion",Valayankulam-625022,tamilaga vettri kazhagam,330,152,178,dravida munnetra kazhagam,2,4,3,8,5,8,5,1,8,7,11,11,11,11,11,25.87209302325581,0
276,162,31,116,1,2,1,6,354,0,1,1,0,0,0,0,675,0,4,679,0,276,"Government High School,Western Side Arilgar Anna Centenary Building, Northern Portion, Valayankulam-
625022","1.Valaiyankulam(R.V) Valaiyankulam (p) Valaiyankulam ward 2 , 99.OVERSEAS ELECTORS OVERSEAS ELECTORS",All Voters,"Government High School,Western Side Arilgar Anna Centenary Building, Northern Portion","Valayankulam-
625022",tamilaga vettri kazhagam,354,162,192,dravida munnetra kazhagam,2,4,3,7,6,7,5,1,11,7,7,11,11,11,11,28.44444444444444,1
277,174,40,112,0,0,0,3,388,0,1,0,0,0,0,0,718,0,2,720,0,277,"Government High School,Eastern Building, Western Portion,
Valayankulam-625022","1.Valaiyankulam(R.V) Valaiyankulam (p) Valaiyankulam ward 3 , 99.OVERSEAS ELECTORS OVERSEAS ELECTORS",All Voters,"Government High School,Eastern Building, Western Portion",Valayankulam-625022,tamilaga vettri kazhagam,388,174,214,dravida munnetra kazhagam,2,4,3,7,7,7,5,1,7,6,7,7,7,7,7,29.8050139275766,0
278,187,57,160,0,5,0,9,479,1,1,1,1,0,0,0,901,0,0,901,0,278,"Government High School,Eastern Side Building, Centre Portion
Valayankulam-625022","1.Valaiyankulam(R.V) Valaiyankulam (p) Valaiyankulam ward 4 , 99.OVERSEAS ELECTORS OVERSEAS ELECTORS",All Voters,"Government High School,Eastern Side Building","Centre Portion
Valayankulam-625022",tamilaga vettri kazhagam,479,187,292,dravida munnetra kazhagam,2,4,3,11,6,11,5,1,7,7,7,7,11,11,11,32.40843507214207,2
279,162,36,167,0,1,0,4,448,2,0,0,0,1,1,1,823,0,2,825,0,279,"Government High School,Eastern Side East Building, Valayankulam-
625022","1.Valaiyankulam(R.V) Valaiyankulam (p) Valaiyankulam ward 4 , 99.OVERSEAS ELECTORS OVERSEAS ELECTORS",All Voters,"Government High School,Eastern Side East Building","Valayankulam-
625022",tamilaga vettri kazhagam,448,167,281,all india anna dravida munnetra kazhagam,3,4,2,11,7,11,5,1,6,11,11,11,7,7,7,34.14337788578371,3
280,148,51,152,0,1,1,6,404,0,1,1,0,0,2,0,767,0,1,768,0,280,"Jothi Elementary School, Valayapatti-625022","1.Valaiyapatti(R.V)  Valaiyapatti (p) Valaiyapatti ward 2 ,
2.Valaiyapatti(R.V) Valaiyapatti (p) Melatheru ward 3 , 99.OVERSEAS ELECTORS OVERSEAS ELECTORS",All Voters,Jothi Elementary School,Valayapatti-625022,tamilaga vettri kazhagam,404,152,252,all india anna dravida munnetra kazhagam,3,4,2,11,7,7,5,1,11,7,7,11,11,6,11,32.85528031290743,3
281,225,64,139,0,0,0,18,455,0,0,0,0,0,2,1,904,0,4,908,0,281,"Jyothi Ele.School   East Side Middle Portion,Valayapatti - 625022","1.Valaiyapatti(R.V) Valaiyapatti (p) Valaiyapatti ward 1 ,
99.OVERSEAS ELECTORS OVERSEAS ELECTORS",All Voters,Jyothi Ele.School   East Side Middle Portion,Valayapatti - 625022,tamilaga vettri kazhagam,455,225,230,dravida munnetra kazhagam,2,4,3,8,8,8,5,1,8,8,8,8,8,6,7,25.4424778761062,3
282,185,52,156,1,10,0,2,403,0,2,0,0,1,1,0,813,0,7,820,0,282,"Panchayat Union Primary  School
,Northern Building, Near Gate. Periyaalangulam-625022","1.Periya alankulam (R.V) Periya alankulam (p) Periya alankulam ward 1 , 99.OVERSEAS ELECTORS OVERSEAS ELECTORS",All Voters,"Panchayat Union Primary  School
,Northern Building",Near Gate. Periyaalangulam-625022,tamilaga vettri kazhagam,403,185,218,dravida munnetra kazhagam,2,4,3,8,5,11,6,1,11,6,11,11,8,8,11,26.81426814268142,2
283,179,47,145,1,11,0,5,369,0,0,0,0,0,2,0,759,0,3,762,0,283,"Panchayat Union Primary  School, Northern portion,central building Periyaalangulam-625022","1.Periya alankulam (R.V) Periya alankulam (p) Periya alankulam ward 2 ,
2.Periya alankulam (R.V) Periya alankulam (p) Tottiyapatti , 99.OVERSEAS ELECTORS OVERSEAS ELECTORS",All Voters,"Panchayat Union Primary  School, Northern portion",central building Periyaalangulam-625022,tamilaga vettri kazhagam,369,179,190,dravida munnetra kazhagam,2,4,3,8,5,9,6,1,9,9,9,9,9,7,9,25.03293807641634,2
284,150,41,145,1,1,0,12,334,0,1,0,2,1,0,0,688,0,2,690,0,284,"Community Hall, Othai Alangulam-625022","1.Periya alankulam (R.V) Periya alankulam (p) Othai alankulam ward 1 ,
2.Othai alankulam(R.V) Periya alankulam (p) Othai alankulam ward 2 , 99.OVERSEAS ELECTORS OVERSEAS ELECTORS",All Voters,Community Hall,Othai Alangulam-625022,tamilaga vettri kazhagam,334,150,184,dravida munnetra kazhagam,2,4,3,7,7,11,5,1,11,7,11,6,7,11,11,26.74418604651163,3
285,141,20,95,1,0,0,1,200,0,0,0,0,0,0,0,458,0,1,459,0,285,"Panchayat Union Elementary School,Kombadi -625022","1.Kompadi (R.V) Kompadi (p) Kompadi ward 1 ,
2.Kompadi (R.V) Kompadi (p) Pudhupatti ward 2 ,
3.Kompadi (R.V) Kompadi (p) Colony street ward 3 , 99.OVERSEAS ELECTORS OVERSEAS ELECTORS",All Voters,Panchayat Union Elementary School,Kombadi -625022,tamilaga vettri kazhagam,200,141,59,dravida munnetra kazhagam,2,4,3,5,7,7,5,1,7,7,7,7,7,7,7,12.88209606986899,0
286,183,43,161,1,0,1,1,401,2,1,1,2,0,1,0,798,0,4,802,0,286,"Panchayat Union Middle School,North Wing, Nedumadurai-625022","1.Nedumadurai(R.V) Nedumadurai (p) Nedumadurai ward 1 , 2.Nedumadurai(R.V) Nedumadurai (p) North street ward 2 ,
99.OVERSEAS ELECTORS OVERSEAS ELECTORS",All Voters,"Panchayat Union Middle School,North Wing",Nedumadurai-625022,tamilaga vettri kazhagam,401,183,218,dravida munnetra kazhagam,2,4,3,7,13,7,7,1,5,7,7,5,13,7,13,27.31829573934837,4
287,237,47,159,0,0,0,1,425,3,1,1,0,0,3,1,878,0,1,879,0,287,"Panchayat Union Middle School,South Wing, Nedumadurai-
625022","1.Nedumadurai (R.V) Nedumadurai (p) Nedumadurai ward 3 , 99.OVERSEAS ELECTORS OVERSEAS ELECTORS",All Voters,"Panchayat Union Middle School,South Wing","Nedumadurai-
625022",tamilaga vettri kazhagam,425,237,188,dravida munnetra kazhagam,2,4,3,11,11,11,7,1,5,7,7,11,11,5,7,21.4123006833713,5
288,231,53,87,3,9,1,1,423,0,0,1,0,0,4,0,813,0,6,819,0,288,"Panchayat Union Elementary School , School Building, Southern Portion, Parapathi-625022","1.Parapathi(R.V) Parapathi (p) Parapathi ward 1 , 2.Parapathi(R.V) Parapathi (p) Parapathi ward 2 , 3.Parapathi(R.V) Parapathi (p) Parapathi ward 3 , 4.Parapathi(R.V)Parapathi (p) Parapathi ward 4 ,
99.OVERSEAS ELECTORS OVERSEAS ELECTORS",All Voters,"Panchayat Union Elementary School , School Building, Southern Portion",Parapathi-625022,tamilaga vettri kazhagam,423,231,192,dravida munnetra kazhagam,2,4,3,7,5,8,8,1,11,11,8,11,11,6,11,23.61623616236162,5
289,156,41,123,2,1,1,4,466,0,0,0,0,0,3,0,797,0,0,797,0,289,"Panchayat Union Elementary School , School  Building, North ern Portion, Parapathi-625022","1.Periyakoodakovil(R.V) Parapathi (p) Periyakodal kovil ward 4 , 2.Parapathi(R.V) Parapathi (p) Parapathi ward 1 , 3.Parapathi(R.V) Parapathi (p) Parapathi ward 2 , 4.Parapathi(R.P) Parapathi (p) Parapathi ward 3 ,
99.OVERSEAS ELECTORS OVERSEAS ELECTORS",All Voters,"Panchayat Union Elementary School , School  Building, North ern Portion",Parapathi-625022,tamilaga vettri kazhagam,466,156,310,dravida munnetra kazhagam,2,4,3,7,8,8,5,1,10,10,10,10,10,6,10,38.89585947302384,3
290,349,43,146,1,1,1,2,368,0,1,0,0,0,0,1,913,0,2,915,0,290,"Panchayat Union Elementary School, Eliyarpathi-625022","1.Eliyarpathi (R.V) Eliyarpathi (p) Eliyarpathi , 2.Eliyarpathi (R.V) Eliyarpathi (p) North street , 3.Eliyarpathi (R.V) Eliyarpathi (p) South street ,
99.OVERSEAS ELECTORS OVERSEAS ELECTORS",All Voters,Panchayat Union Elementary School,Eliyarpathi-625022,tamilaga vettri kazhagam,368,349,19,dravida munnetra kazhagam,2,4,3,6,6,6,5,1,11,6,11,11,11,11,6,2.08105147864184,1
291,298,45,148,0,0,0,0,374,0,1,0,0,1,2,0,869,0,2,871,0,291,"Pt. Union Middle School, Nallur-625022","1.Nallur (R.V) Nallur (P) North Street ,
2.Nallur (R.V) Nallur (P) Nadu Street ,
3.Nallur (R.V) Nallur (P) East Street ,
99.OVERSEAS ELECTORS OVERSEAS ELECTORS",All Voters,Pt. Union Middle School,Nallur-625022,tamilaga vettri kazhagam,374,298,76,dravida munnetra kazhagam,2,4,3,8,8,8,8,1,8,6,8,8,6,5,8,8.745684695051784,3
292,236,55,263,1,0,1,1,333,1,1,0,1,0,4,0,897,0,1,898,0,292,"Pt. Union Middle School   ,Additional Building, West Portion,  Nallur-625022.","1.Nallur (R.V) Nallur (P) South Street ,
2.Nallur (R.V) Nallur (P) Mela Street ,
99.OVERSEAS ELECTORS OVERSEAS ELECTORS",All Voters,"Pt. Union Middle School   ,Additional Building, West Portion",Nallur-625022.,tamilaga vettri kazhagam,333,263,70,all india anna dravida munnetra kazhagam,3,4,2,6,12,6,6,1,6,6,12,6,12,5,12,7.803790412486064,5
293,267,57,165,0,2,0,0,315,0,0,0,0,0,4,0,810,0,4,814,0,293,"Pt. Union Elementary School, East Portion, Southern Side, Virathanoor-625009","1.Virathanoor (R.V) Virathanoor (P) North street ward1 , 2.Virathanoor (R.V) Virathanoor (P) West Street Ward 1 , 3.Virathanoor (R.V) Virathanoor (P) Nadu Street Ward 1 , 4.Virathanoor (R.V) Virathanoor (P) South Street Ward 2 , 5.Virathanoor (R.V) Virathanoor (P) Sathya Nagar Ward 2 , 6.Virathanoor (R.V) Virathanoor (P) Nadu Street ,
99.OVERSEAS ELECTORS OVERSEAS ELECTORS",All Voters,"Pt. Union Elementary School, East Portion, Southern Side",Virathanoor-625009,tamilaga vettri kazhagam,315,267,48,dravida munnetra kazhagam,2,4,3,7,6,7,7,1,7,7,7,7,7,5,7,5.925925925925926,4
294,200,47,199,0,0,1,2,495,3,0,2,1,0,2,0,952,0,6,958,0,294,"Pt. Union Elementary School, Additional Building, South Side,Virathanoor-625009.","1.Kusavapatti  (R.V) Virathanoor (P) Kusavapatti Mela Street Ward 3 , 2.Kusavapatti  (R.V) Virathanoor (P) Kusavapatti  East Street Ward 3 , 3.Kusavapatti  (R.V) Virathanoor (P) Kusavapatti Indira Nagar Colony Ward 3 , 4.Virathanur (R.V) Muthankulam (P) Muthankulam ,
5.Virathanoor (R.V) Virathanoor (P) East Street Ward 1 , 99.OVERSEAS ELECTORS OVERSEAS ELECTORS",All Voters,"Pt. Union Elementary School, Additional Building, South Side",Virathanoor-625009.,tamilaga vettri kazhagam,495,200,295,dravida munnetra kazhagam,2,4,3,11,11,9,6,1,5,11,6,9,11,6,11,30.9873949579832,5
295,270,37,186,1,0,2,0,360,0,0,0,0,0,1,0,857,0,2,859,0,295,"Pt. Union Middle School, Nedunkulam-625009.","1.Virathanoor (R.V) Virathanoor (P) Nedunkulam ,
99.OVERSEAS ELECTORS OVERSEAS ELECTORS",All Voters,Pt. Union Middle School,Nedunkulam-625009.,tamilaga vettri kazhagam,360,270,90,dravida munnetra kazhagam,2,4,3,6,8,5,8,1,8,8,8,8,8,6,8,10.50175029171529,1
