Serial No. Of Polling Station,All India Anna Dravida Munnetra Kazhagam,Naam Tamilar Katchi,Desiya Murpokku Dravida Kazhagam,Tamilaga Vettri Kazhagam,Puthiya Tamilagam,Nam Naadu Nam Makkal Nam Ethirkaalam Katchi,Desa Makkal Munnetrak Kazhagam,Independent,Independent.1,Independent.2,Independent.3,Independent.4,Independent.5,Independent.6,Independent.7,Total of Valid Votes,No. Of Rejected Votes,NOTA,TotalNo. Of Tendered Votes,Location and name of Building in Which Polling Station Located,Polling Area,Polling station Type,Winner_Party,Winner_Votes,Runner_Up_Votes,Margin_Of_Victory,Runner_Up_Party,All India Anna Dravida Munnetra Kazhagam_Rank,Naam Tamilar Katchi_Rank,Desiya Murpokku Dravida Kazhagam_Rank,Tamilaga Vettri Kazhagam_Rank,Puthiya Tamilagam_Rank,Nam Naadu Nam Makkal Nam Ethirkaalam Katchi_Rank,Desa Makkal Munnetrak Kazhagam_Rank,Independent_Rank,Independent.1_Rank,Independent.2_Rank,Independent.3_Rank,Independent.4_Rank,Independent.5_Rank,Independent.6_Rank,Independent.7_Rank,Margin_Percentage,Total_Independent_Votes
1,106,42,115,150,0,0,0,0,0,0,0,2,0,2,2,419,0,3,422,"Panchayat  Union  Primary  School, West  Side,  Erichanatham",1.Erichanatham  (R.V)  Erichanatham  (P)  Ward 1  Erichanatham,All  Voters,Tamilaga Vettri Kazhagam,150,115,35,Desiya Murpokku Dravida Kazhagam,3,4,2,1,8,8,8,8,8,8,8,5,8,5,5,8.353221957040573,6
2,146,38,200,229,0,0,0,2,4,0,1,1,0,3,1,625,0,1,626,"Panchayat  Union  Primary  School, Western  Building,  Facing  East Erichanatham-626103","1.Erichanatham  (R.V)  Erichanatham  (P)  Ward 2  Lakshmipuram  ,  2.Erichanatham(R.V.)
Erichanatham(P)  Ward  2  Erichanatham",All  Voters,Tamilaga Vettri Kazhagam,229,200,29,Desiya Murpokku Dravida Kazhagam,3,4,2,1,11,11,11,7,5,11,8,8,11,6,8,4.64,12
3,145,16,285,149,0,1,0,0,3,2,1,0,0,3,0,605,0,5,610,"Panchayat  Union  Primary  School, East  Side  .Erichanatham","1.Erichanatham(R.V.)  Erichanatham(P)  Ward 4  A.Puthupatti  ,
2.Erichanatham  (R.V.)Erichanatham(P)  Ward
5  A.Puthupatti",All  Voters,Desiya Murpokku Dravida Kazhagam,285,149,136,Tamilaga Vettri Kazhagam,3,4,1,2,10,8,10,10,5,7,8,10,10,5,10,22.47933884297521,9
4,94,35,173,159,1,0,0,0,4,2,0,1,0,2,0,471,0,1,472,"Government  Hr.  Sec.  School,  West Block,  South  Building.  Room  No  6
,Nadayaneri","1.Erichanatham(R.V.)  Nadaiyanery  (P)  Ward  1 Thalikulathupatti  , 2.Erichanatham(R.V.)Nadaiyanery  (P)  Ward  5
Nadaiyanery",All  Voters,Desiya Murpokku Dravida Kazhagam,173,159,14,Tamilaga Vettri Kazhagam,3,4,1,2,8,10,10,10,5,6,10,8,10,6,10,2.9723991507431,9
5,209,41,239,235,0,2,0,0,1,0,4,3,1,2,0,737,0,4,741,"Government  Hr.  Sec.  School,  North Block.  Room  No  16  ,Nadayaneri","1.Erichanatham(R.V).Nadaiyanery  (P)  Ward  2 Nadaiyanery  , 2.Erichanatham(R.V.)Nadaiyanery  (P)  Ward  3 Nadaiyanery  , 3.Erichanatham(R.V.)Nadaiyanery  (P)  Ward  4
Nadaiyanery",All  Voters,Desiya Murpokku Dravida Kazhagam,239,235,4,Tamilaga Vettri Kazhagam,3,4,1,2,11,7,11,11,9,11,5,6,9,7,11,0.5427408412483039,11
6,140,20,150,151,1,0,0,1,1,0,0,0,0,0,0,464,0,4,468,"Panchayat  Union  Middle  School,  Old Building  Kumilankulam","1.Erichanatham  (R.V)Kumilankulam  (P)  Ward 1  Kumilankulam  ,
2.Erichanatham  (R.V)Kumilankulam  (P) Ward  2  Kumilankulam  ,
3.Erichanatham  (R.V.)Kumilankulam  (P)
Ward  3  Kumilankulam",All  Voters,Tamilaga Vettri Kazhagam,151,150,1,Desiya Murpokku Dravida Kazhagam,3,4,2,1,5,8,8,5,5,8,8,8,8,8,8,0.2155172413793103,2
7,148,45,239,146,0,0,0,0,3,0,0,0,1,3,0,585,0,3,588,"Panchayat  Union  Middle  School, New  building  Kumilankulam-626103","1.Erichanatham  (R.V.)Kumilankulam  (P) Ward  4  Kumilankulam  , 2.Erichanatham(R.V.)Kothanery  (P)  Ward  1 Kothanery  ,  3.Erichanatham  (R.V.) Kothanery  (P)  Ward  2  Kothanery  , 4.Erichanatham(R.V.)Kothanery  (P)  Ward  3 Kothanery",All  Voters,Desiya Murpokku Dravida Kazhagam,239,148,91,All India Anna Dravida Munnetra Kazhagam,2,4,1,3,8,8,8,8,5,8,8,8,7,5,8,15.55555555555556,7
8,193,21,101,130,0,1,1,0,1,0,0,1,0,2,0,451,0,1,452,"Panchayat  Union  Primary  School, North  Building,Facing  North Sevaloor-626103",1.Sevalur  (R.V.)  Sevalur(P)  Ward  1 Krishnamanaickenpatty,All  Voters,All India Anna Dravida Munnetra Kazhagam,193,130,63,Tamilaga Vettri Kazhagam,1,4,3,2,10,6,6,10,6,10,10,6,10,5,10,13.9689578713969,4
9,182,127,196,127,0,1,0,0,3,0,0,0,2,1,0,639,0,2,641,"Panchayat  Union  Primary  School, Southern  Building  ,  Facing  North Sevaloor-626103",1.Sevalur  (R.V.)Sevalur(P)  Ward  3  Sevalur,All  Voters,Desiya Murpokku Dravida Kazhagam,196,182,14,All India Anna Dravida Munnetra Kazhagam,2,3,1,3,9,7,9,9,5,9,9,9,6,7,9,2.190923317683881,6
10,93,37,99,71,0,1,0,0,1,0,0,0,0,3,0,305,0,2,307,"Panchayat  Union  Primary  School, New  Building  West  Side  ,  South Portion  Sevaloor","1.Sevelur  (R.V.)Sevelur(P)  Ward  4 Venketashwarapuram  ,
2.Sevelur  (R.V.)Sevelur(P)  Ward  5 Ramachandrapuram  ,
3.Sevalur  (R.V.)Sevalur(P)  Ward  2
Krishnamanaickenpatty",All  Voters,Desiya Murpokku Dravida Kazhagam,99,93,6,All India Anna Dravida Munnetra Kazhagam,2,4,1,3,8,6,8,8,6,8,8,8,8,5,8,1.967213114754099,4
11,201,53,277,143,2,0,0,0,1,0,1,0,0,4,1,683,0,2,685,"Panchayat  Union  Primary  School  , North  Side  East  Building, Pudhukottai","1.Pudhukottai  (R.V.)Pudhukottai(P)  Ward  1 Pudhukottai  ,",All  Voters,Desiya Murpokku Dravida Kazhagam,277,201,76,All India Anna Dravida Munnetra Kazhagam,2,4,1,3,6,10,10,10,7,10,7,10,10,5,7,11.12737920937042,7
12,137,12,145,68,1,0,0,0,0,0,0,0,1,1,0,365,0,0,365,"Panchayat  Union  Primary  School, South  Building  2nd  Room  from west,  Facing  North,  Puthukottai",1.Pudhukottai  (R.V.)Pudhukottai(P)  Ward  2 Pudhukottai,All  Voters,Desiya Murpokku Dravida Kazhagam,145,137,8,All India Anna Dravida Munnetra Kazhagam,2,4,1,3,5,8,8,8,8,8,8,8,5,5,8,2.191780821917808,2
13,204,44,272,126,0,0,0,0,3,1,0,2,0,9,3,664,0,4,668,"Panchayat  Union  Primary  School  , West  Side,  North  Facing  Pudhukottai","1.Pudukottai  (R.V.)Pudukottai(P)  Ward  2 Pudukottai  ,
2.Pudukottai  (R.V.)Pudukottai(P)  Ward  3
Pudukottai",All  Voters,Desiya Murpokku Dravida Kazhagam,272,204,68,All India Anna Dravida Munnetra Kazhagam,2,4,1,3,10,10,10,10,6,9,10,8,10,5,6,10.24096385542169,18
14,149,52,198,171,32,0,0,0,1,0,1,1,1,1,0,607,0,3,610,"Panchayat  Union  Middle School,North  Building Chithamanaickenpatti","1.Pudhukottai(R.V.)  Chithamanaickenpatti
(P)  Ward  1  Chithamanaickenpatti",All  Voters,Desiya Murpokku Dravida Kazhagam,198,171,27,Tamilaga Vettri Kazhagam,3,4,1,2,5,11,11,11,6,11,6,6,6,6,11,4.448105436573312,5
15,155,42,394,195,74,1,2,0,5,3,1,2,1,9,1,885,0,4,889,"Panchayat  Union  Middle  School, South  Building
,Chithamanaickenpatti",1.Pudhukottai(R.V)Chithamanaickenpatti  (P) Ward  2  Chithamanaickenpatti 2.Pudhukottai(R.V)  Chithamanaickenpatti (P)Ward  3  Paraipatti,All  Voters,Desiya Murpokku Dravida Kazhagam,394,195,199,Tamilaga Vettri Kazhagam,3,5,1,2,4,11,9,15,7,8,11,9,11,6,11,22.48587570621469,22
16,162,61,274,351,16,0,0,0,4,0,0,1,2,3,1,875,0,4,879,"Panchayat  Union  Primary  School, North  Block  Krishnapuram","1.Mangalam(R.V.)  Lakshmi  Narayanapuram
(P)  Ward  1&2&3  Lakshmi  Narayanapuram  , 2.Mangalam(R.V.)Chokkampatti  (P)  Ward 1&2&3  Chokkampatti  , 3.Mangalam(R.V.)Krishnapuram  (P)  Ward 1&2&3  Krishnapuram  ,
4.Mangalam(R.V.)  Lakshmi  narayanapuram
(P)  Ward  3  Lakshminarayanapuram  , 5.Mangalam(R.V)  Lakshmi  narayanapuram  (P) Ward  2  Chockkampatti  , 6.Mangalam(R.V.)Lakshmi  narayanapuram  (P)
Ward",All  Voters,Tamilaga Vettri Kazhagam,351,274,77,Desiya Murpokku Dravida Kazhagam,3,4,2,1,5,11,11,11,6,11,11,9,8,7,9,8.799999999999999,11
17,159,30,430,190,0,1,0,0,5,0,1,1,1,11,0,829,0,3,832,"Government  Higher  Sec  .  School, Mainbuilding  ,North  side  ,  10th  C Class  Room  Mangalam","1.Mangalam(R.V.)Mangalam(P)  Ward  1 Mangalam  , 2.Mangalam(R.V)Mangalam  (P)  Ward  2 Mangalam
3.Mangalam(R.V)Mangalam  (P)  Gopalanpatti",All  Voters,Desiya Murpokku Dravida Kazhagam,430,190,240,Tamilaga Vettri Kazhagam,3,4,1,2,11,7,11,11,6,11,7,7,7,5,11,28.95054282267793,19
18,134,14,348,47,1,0,0,0,2,0,1,1,1,3,0,552,0,2,554,"Government  Higher  Sec.  School, Mainbuilding  ,North  side  Staff Room  ,Mangalam","1.Mangalam(R.V)Mangalam  (P)  Pitchupatti  , 2.Mangalam(R.V.)Mangalam  (P)  Mettupatti  ,",All  Voters,Desiya Murpokku Dravida Kazhagam,348,134,214,All India Anna Dravida Munnetra Kazhagam,2,4,1,3,7,11,11,11,6,11,7,7,7,5,11,38.76811594202898,8
19,81,76,290,142,112,0,0,0,2,1,2,2,3,7,1,719,0,0,719,"Government  Hr.  Sec.  School,  South building,  South  Side  ,Mangalam","1.Mangalam(R.V.)Mangalam  (P)  Ward  4 Ramachandrapuram  , 2.Mangalam(R.V.)Mangalam  (P)  Ward  5 Ramachandrapuram",All  Voters,Desiya Murpokku Dravida Kazhagam,290,142,148,Tamilaga Vettri Kazhagam,4,5,1,2,3,13,13,13,8,11,8,8,7,6,11,20.58414464534075,18
20,286,27,173,136,2,0,0,0,1,0,1,0,0,1,2,629,0,7,636,"Panchayat  Union  Middle  School, Main  Building  Rengapalayam","1.Mangalam(R.V.)Rengapalayam  (P)  Ward  1 Vaikunda  Devanpatti  ,
2.Mangalam(R.V)  Rengapalayam  (P)  Ward  1 Kanmaipatti  , 3.Mangalam(R.V.)Rengapalayam  (P)  Ward  2 Rengapalayam  , 4.Mangalam(R.V.)Rengapalayam  (P)  Ward  3
Rengapalayam",All  Voters,All India Anna Dravida Munnetra Kazhagam,286,173,113,Desiya Murpokku Dravida Kazhagam,1,4,2,3,5,10,10,10,7,10,7,10,10,7,5,17.96502384737679,5
21,160,62,255,260,147,1,1,1,5,0,2,1,3,2,1,901,0,1,902,"Panchayat  Union  Primary  School, Main  Builiding  ,South  Facing  4  th Class  Room  M.  Pudupatti","1.Mangalam(R.V.)M.Puthupatti  (P)  Ward  1 Chokkalingapuram  , 2.Mangalam(R.V.)M.Puthupatti  (P)  Ward  2
M.Puthupatti",All  Voters,Tamilaga Vettri Kazhagam,260,255,5,Desiya Murpokku Dravida Kazhagam,3,5,2,1,4,10,10,10,6,15,8,10,7,8,10,0.5549389567147613,15
22,139,24,156,167,0,0,0,1,0,0,0,0,2,4,1,494,0,1,495,"Panchayat  Union  Primary  School, South  Side,  West  Block M.Pudhupatti-626130","1.Mangalam(R.V.)M.Puthupatti  (P)  Ward  3 M.Puthupatti  ,
2.Mangalam(R.V)  M.Puthupatti  (P)  Ward  4
M.Puthupatti",All  Voters,Tamilaga Vettri Kazhagam,167,156,11,Desiya Murpokku Dravida Kazhagam,3,4,2,1,9,9,9,7,9,9,9,9,6,5,7,2.226720647773279,8
23,200,21,137,124,96,4,1,1,5,2,1,0,1,6,1,600,0,4,604,"Panchayat  Union  Primary  School, South  Facing  BuildingThatchakudi","Thatchakudi  (R.V)  Thatchakudi  (P)
Ward  1  North  Kuppanapuram  Ward  2  South Kuppanapuram",All  Voters,All India Anna Dravida Munnetra Kazhagam,200,137,63,Desiya Murpokku Dravida Kazhagam,1,5,2,3,4,8,10,10,7,9,10,15,10,6,10,10.5,17
24,67,46,97,79,89,0,1,0,0,0,1,2,0,5,1,388,0,2,390,"Panchayat  Union  Primary  School, West  Side,  Facing  South,  4th,  5th std  Class  Room,  Thatchakudi",Thatchakudi  (R.V)  Thatchakudi  (P)Ward  3 Thatchakudi,All  Voters,Desiya Murpokku Dravida Kazhagam,97,89,8,Puthiya Tamilagam,4,5,1,3,2,11,8,11,11,11,8,7,11,6,8,2.061855670103093,9
25,152,19,139,48,2,0,0,0,0,1,0,0,0,5,1,367,0,1,368,"Panchayat  Union  Primary  School, Thalaipatti","1.Thatchakudi  (R.V),  Thatchakudi  (P)  Ward  4 Thayaipatti  ,
2.Thatchakudi  (R.V.),  Thatchakudi(P) Kandhadevanpatti
3.Thatchakudi  (R.V),  Thatchakudi(P)
Mangaramoorthipatti",All  Voters,All India Anna Dravida Munnetra Kazhagam,152,139,13,Desiya Murpokku Dravida Kazhagam,1,4,2,3,6,9,9,9,9,7,9,9,9,5,7,3.542234332425068,7
26,271,33,174,117,4,0,0,0,1,0,2,1,2,3,2,610,0,3,613,"Panchayat  Union  Primary  School, Kallipatti  New  Building  ,Kallipatti","1.Nedungulam(R.V.)Nedungulam(P)  Ward  1 Bhavalamalaipatti  , 2.Nedungulam(R.V.)Nedungulam  (P)  Ward  1 Poosari  Devanpatti  , 3.Nedungulam(R.V.)Nedungulam  (P)  Ward  2 Santhana  Devanpatti  , 4.Nedungulam(R.V)Nedungulam  (P)  Ward  3
Nallu  Devanpatti",All  Voters,All India Anna Dravida Munnetra Kazhagam,271,174,97,Desiya Murpokku Dravida Kazhagam,1,4,2,3,5,12,12,12,10,12,7,10,7,6,7,15.90163934426229,11
27,161,40,180,135,29,2,0,0,4,2,0,0,3,4,0,560,0,3,563,"Panchayat  Union  Primary  School, New  Building,  Samanathapuram","1.Nedungulam(R.V),  Nedungulam  (P)  Ward  3 Lyvanpatti  ,  2.Nedungulam(R.V),Nedungulam
(P)  Ward  3  Saminathapuram  , 3.Nedungulam(R.V.),Nedungulam  (P)  Ward  4 Periyakulathupatti  ,  4.Nedungulam(R.V), Nedungulam  (P)  Ward  4  Kallipatti  , 5.Nedunkulam(R.V),  Nedunkulam  (P)  Ward  4
Sangaralingapuram",All  Voters,Desiya Murpokku Dravida Kazhagam,180,161,19,All India Anna Dravida Munnetra Kazhagam,2,4,1,3,5,9,11,11,6,9,11,11,8,6,11,3.392857142857143,13
28,207,69,321,203,88,0,1,0,0,0,1,0,6,6,1,903,0,5,908,"C.S.I.  Primary  School,  South Building  Middle  Portion Kalayarkurchi","1.Kalayarkurichi(R.V)  Kalaiyarkurichi  (P) Ward  1  Kalaiyarkurichi  ,  2.Kalaiyarkurichi (R.V.)  Kalaiyarkurichi(P)  Ward  4  Sanarpatti 3.Kalaiyarkurichi  (R.V.)  Kalaiyarkurichi(P)
Ward  2  Kalaiyarkurichi",All  Voters,Desiya Murpokku Dravida Kazhagam,321,207,114,All India Anna Dravida Munnetra Kazhagam,2,5,1,3,4,11,8,11,11,11,8,11,6,6,8,12.62458471760797,14
29,167,7,318,105,16,0,0,0,2,0,0,1,3,2,0,621,0,2,623,"Panchayat  Union  Middle  School, North  Building  Sanarpatti","1.Kalaiyarkurichi  (R.V)Kalaiyarkurichi(P) Ward  3  Kalaiyarkurichi  ,  2.Kalaiyarkurichi (R.V.),Poornachandrapuram(R.V),Kalaiyarkuri chi(P)  Ward  5 Sanarpatti,Poornachandrapuram",All  Voters,Desiya Murpokku Dravida Kazhagam,318,167,151,All India Anna Dravida Munnetra Kazhagam,2,5,1,3,4,10,10,10,7,10,10,9,6,7,10,24.31561996779388,8
30,132,20,145,275,0,0,0,1,0,0,2,1,0,1,0,577,0,1,578,"Govt  High  School  Annaikuttam, New  Building  ,North  Side, Anaikuttam","1.Anaikuttam(R.V.),Anaikuttam  (p)  Ward  1 anaikuttam  north  street",All  Voters,Tamilaga Vettri Kazhagam,275,145,130,Desiya Murpokku Dravida Kazhagam,3,4,2,1,9,9,9,6,9,9,5,6,9,6,9,22.53032928942807,5
31,150,34,165,339,5,0,0,0,3,1,1,0,2,1,2,703,0,5,708,"Panchayat  Union  Primary  School, South  Side  Building  West  Facing  , Anaikuttam","1.Anaikuttam(R.V.),Anaikuttam  (P)  Ward  2&3 Anaikuttam  South  Street",All  Voters,Tamilaga Vettri Kazhagam,339,165,174,Desiya Murpokku Dravida Kazhagam,3,4,2,1,5,12,12,12,6,9,9,12,7,9,7,24.75106685633001,10
32,100,35,158,272,9,0,0,1,2,0,1,2,1,1,2,584,0,6,590,"Panchayat  Union  Primary  School, West  Side  New  Building  A Meenachipuram","1.Annaikuttam(R.V.),Annaikuttam  (P)  Ward  4 Annaikuttam  , 2.Annaikuttam(R.V.),Annaikuttam  (P)  Ward  4 A.Meenakshipuram",All  Voters,Tamilaga Vettri Kazhagam,272,158,114,Desiya Murpokku Dravida Kazhagam,3,4,2,1,5,13,13,9,6,13,9,6,9,9,6,19.52054794520548,10
33,189,87,279,272,1,0,0,2,6,0,2,0,1,2,0,841,0,6,847,"Panchayat  Union  Elementry  School, North  Side  facing  Building,  1st room  west,  Vadamalapuram.","1.KeelaThiruthangal  (R.V)Vadamalpuram  (p) Ward  1  vadamalpuram  (Sl.No.1  to  292  &  643
to  1247)",All  Voters,Desiya Murpokku Dravida Kazhagam,279,272,7,Tamilaga Vettri Kazhagam,3,4,1,2,9,11,11,6,5,11,6,11,9,6,11,0.8323424494649228,13
34,127,34,234,137,11,0,2,0,4,0,0,0,0,2,0,551,0,6,557,"Panchayat  Union  Primary  School, West  side  Facing  North  3rd  room from  west  Vadamalapuram",1.KeelaThiruthangal  (R.V)  Vadamalpuram  (P) Ward  2  Vadamalapuram  Ward  1 Vadamalapuram  (Sl.No293  to  642),All  Voters,Desiya Murpokku Dravida Kazhagam,234,137,97,Tamilaga Vettri Kazhagam,3,4,1,2,5,9,7,9,6,9,9,9,9,7,9,17.6043557168784,6
35,92,16,144,127,13,0,1,0,0,0,0,0,1,1,1,396,0,2,398,"P.U.Elementaty  School,  West  Side
,Sengamalapatti",1.KeelaThiruthangal  (R.V)  Sengamalapatti  (P) Ward  1  Sengamalapatti,All  Voters,Desiya Murpokku Dravida Kazhagam,144,127,17,Tamilaga Vettri Kazhagam,3,4,1,2,5,10,6,10,10,10,10,10,6,6,6,4.292929292929292,3
36,119,63,286,304,38,1,1,0,4,1,0,1,3,1,1,823,0,6,829,"P.U.Elementaty  School,  South Facing  1st  Room  from  West Side,Sengamalapatti-626130",1.KeelaThiruthangal  (R.V)  Sengamalapatti  (P) Ward  1  Sengamalapatti,All  Voters,Tamilaga Vettri Kazhagam,304,286,18,Desiya Murpokku Dravida Kazhagam,3,4,2,1,5,8,8,14,6,8,14,8,7,8,8,2.187120291616039,11
37,58,62,249,214,48,1,0,3,6,0,3,1,2,1,1,649,0,3,652,"P.U  Primary  School,  East  Portion
,North  Side  ,  Sengamalapatti",1.KeelaThiruthangal  (R.V)  Sengamalapatti  (P) Ward  3  Sengamalapatti,All  Voters,Desiya Murpokku Dravida Kazhagam,249,214,35,Tamilaga Vettri Kazhagam,4,3,1,2,5,10,14,7,6,14,7,10,9,10,10,5.392912172573189,17
38,141,9,156,211,3,1,1,0,1,0,0,0,2,0,1,526,0,4,530,"Panchayat  Union  Primary  School, New  west  Building  1st  Room  south Facing  East  Chellanaickenpatti",1.KeelaThiruthangal  (R.V)  Sengamalapatti  (P) Ward  4  Sengamalapatti  -  Chellanaickenpatti,All  Voters,Tamilaga Vettri Kazhagam,211,156,55,Desiya Murpokku Dravida Kazhagam,3,4,2,1,5,7,7,11,7,11,11,11,6,11,7,10.45627376425856,4
39,177,63,224,239,2,1,2,0,3,0,1,1,1,2,0,716,0,2,718,"Panchayat  Union  Primary  School, North  Portion,  New  Building, Servaikaranpatti,  Servaikaranpatti-626005","1.Melamathur(R.V),Melamathur  (P)  Ward 1Southstreet  Melamathur
2.Melamathur  (R.V.),Melamathur(P)  Ward  4 Bhavalakurichi  ,
3.Melamathur  (R.V)Melamathur(P)  Ward  4 M.Meenakshipuram  , 4.Melamathur(R.V.),Melamathur  (P)  Ward  2 Melamathur  , 5.Melamathur(R.V.)Melamathur(P)  Ward  3
Melamathr",All  Voters,Tamilaga Vettri Kazhagam,239,224,15,Desiya Murpokku Dravida Kazhagam,3,4,2,1,6,9,6,13,5,13,9,9,9,6,13,2.094972067039106,8
40,237,70,167,279,1,0,0,0,2,1,2,1,2,2,0,764,0,5,769,"Panchayat  Union  Primary  School, North  Side  New  Building, Servaikaranpatti","1.Melamathur(R.V.)Melamathur  (P)  Ward  2 Servaikaranpatti  East  Street  , 2.Melamathur(R.V)Melamathur  (P)  Ward  2 Servaikaranpatti  West  Street  , 3.Melamathur(R.V.),Melamathur  (P)  Ward  3 Servaikaranpatti  Middle  Street  , 4.Melamathur(R.V),Melamathur  (P)  Ward  4
Servaikaranpatti  North  Street",All  Voters,Tamilaga Vettri Kazhagam,279,237,42,All India Anna Dravida Munnetra Kazhagam,2,4,3,1,9,12,12,12,5,9,5,9,5,5,12,5.49738219895288,10
41,143,46,147,190,1,2,1,1,4,1,1,0,2,5,0,544,0,7,551,"Panchayat  Union  Primary  School, New  Building  Main  Portion, Servaikaranpatti  Servaikaranpatti-626005","1.Melamathur(R.V),Melamathur  (P)  Ward  5 Servaikaranpatti  South  Street",All  Voters,Tamilaga Vettri Kazhagam,190,147,43,Desiya Murpokku Dravida Kazhagam,3,4,2,1,9,7,9,9,6,9,9,14,7,5,14,7.904411764705882,14
42,30,59,226,145,15,0,0,2,4,0,1,1,1,0,1,485,0,1,486,"Panchayat  Union  Primary  School
Kariseri,  Kariseri-626005","1.Kariseri  (R.V),Kariseri(p)  Ward  1  Kariseri",All  Voters,Desiya Murpokku Dravida Kazhagam,226,145,81,Tamilaga Vettri Kazhagam,4,3,1,2,5,12,12,7,6,12,8,8,8,12,8,16.70103092783505,10
43,172,22,190,498,1,0,0,0,11,1,0,7,1,3,0,906,0,6,912,"Panchayat  Union  Middle  School, New  Building  East  Side  ,Mathiya Sennai","1.Kariseri(R.V),Kariseri  (P)Ward  2  Mathiya Sennai",All  Voters,Tamilaga Vettri Kazhagam,498,190,308,Desiya Murpokku Dravida Kazhagam,3,4,2,1,8,11,11,11,5,8,11,6,8,7,11,33.99558498896248,23
44,77,15,95,152,1,0,0,0,2,0,0,0,4,1,0,347,0,3,350,"Panchayat  Union  Middle  School, New  Building  Middle  Portion
,Mathiya  Sennai-626005","1.Kariseri(R.V),Kariseri  (P)  Ward  3 Mathiyasennai",All  Voters,Tamilaga Vettri Kazhagam,152,95,57,Desiya Murpokku Dravida Kazhagam,3,4,2,1,7,9,9,9,6,9,9,9,5,7,9,16.42651296829971,7
45,107,28,109,247,1,0,0,1,1,0,0,1,0,1,0,496,0,3,499,"Panchayat  Union  Primary  School, No1  West  buliding,  Vellur","1.Vellur(R.V.),Vellur  (P)  Ward  1  Vellur  Serial No  1-  640",All  Voters,Tamilaga Vettri Kazhagam,247,109,138,Desiya Murpokku Dravida Kazhagam,3,4,2,1,5,10,10,5,5,10,10,5,10,5,10,27.82258064516129,4
46,170,15,136,135,0,0,1,0,2,1,0,1,1,1,0,463,0,5,468,"Panchayat  Union  Primary  School South  East  Building  Facing  North 1st  Room,  Vellur","1.Vellur(R.V.),Vellur  (P)  Ward  1  Vellur  Serial No  641-  1279",All  Voters,All India Anna Dravida Munnetra Kazhagam,170,136,34,Desiya Murpokku Dravida Kazhagam,1,4,2,3,11,11,6,11,5,6,11,6,6,6,11,7.343412526997841,6
47,239,15,118,158,1,1,0,0,2,1,0,0,1,2,0,538,0,2,540,"Panchayat  Union  Primary  School, No1  North  Building,  Vellur","1.Vellur(R.V),Vellur  (P)  Ward  7  Kumarapuram
,  2.Vellur(R.V.),Vellur  (P)  Ward  2  Vellur",All  Voters,All India Anna Dravida Munnetra Kazhagam,239,158,81,Tamilaga Vettri Kazhagam,1,4,3,2,7,7,11,11,5,7,11,11,7,5,11,15.05576208178439,6
48,110,38,191,229,42,0,1,2,3,0,1,1,4,6,1,629,0,5,634,"Government  High  School  New  West Building,  Ground  Floor,  Southside room  East  facing,  Vellur","1.Vellur(R.V)Vellur  (p)  Ward  3  vellur  , 2.Vellur(R.V),Vellur  (P)  Ward  4  Vellur",All  Voters,Tamilaga Vettri Kazhagam,229,191,38,Desiya Murpokku Dravida Kazhagam,3,5,2,1,4,14,10,9,8,14,10,10,7,6,10,6.041335453100159,18
49,87,38,281,194,38,0,0,0,4,1,1,1,8,6,0,659,0,0,659,"Government  High  School,  New  West Building,  Ground  Floor,  Northside room,  East  Facing,  Vellur.","1.Vellur(R.V),Vellur  (P)  Ward  5  Vellur  , 2.Vellur(R.V.),Vellur  (P)  Ward  6  Vellur",All  Voters,Desiya Murpokku Dravida Kazhagam,281,194,87,Tamilaga Vettri Kazhagam,3,4,1,2,4,12,12,12,8,9,9,9,6,7,12,13.20182094081942,21
50,179,17,96,148,0,1,0,0,1,0,0,0,0,1,0,443,0,0,443,"T.C.H.  Middle  School,  NewBuilding, West  facing,  South  side  room, Muthukumarapuram.","1.Vellur(R.V.),Vellur  (P)  Ward  8 Chithambarapuram",All  Voters,All India Anna Dravida Munnetra Kazhagam,179,148,31,Tamilaga Vettri Kazhagam,1,4,3,2,8,5,8,8,5,8,8,8,8,5,8,6.997742663656885,2
51,152,16,135,181,2,0,1,0,2,0,0,1,3,2,0,495,0,3,498,"T.C.H  Middle  School,  North  east building,  South  Facing Muthukumarapuram  626005","1.Vellur(R.V.),Vellur  (P)  Ward  9 Muthukumarapuram  ,  2.Vellur(R.V.),Vellur  (P) Ward  10  Sathapapillaipatti",All  Voters,Tamilaga Vettri Kazhagam,181,152,29,All India Anna Dravida Munnetra Kazhagam,2,4,3,1,6,11,9,11,6,11,11,9,5,6,11,5.858585858585859,8
52,198,27,297,143,0,1,0,1,2,1,0,0,1,6,0,677,0,3,680,"Panchayat  Union  Middle  School, West  Building,  North  Side  room, East  Facing,  Kowndanpatti.","1.Kowndampatti  (R.V.)  Kowndampatti(P) Ward  1  Kowndampatti  ,
2.Kowndampatti  (R.V.)Kowndampatti(P)  Ward 5  M.Perumalpatti  ,
3.Kowndampatti  (R.V)Kowndampatti(P)  Ward 2  Kowndampatti  ,
4.Kowndampatti  (R.V.)Kowndampatti(P)  Ward 3  Kowndampatti  ,
5.Kowndampatti  (R.V.)Kowndampatti(P)
Ward  4  Kowndampatti",All  Voters,Desiya Murpokku Dravida Kazhagam,297,198,99,All India Anna Dravida Munnetra Kazhagam,2,4,1,3,11,7,11,7,6,7,11,11,7,5,11,14.62333825701625,11
53,83,56,244,156,57,1,0,0,4,0,1,1,2,1,1,607,0,0,607,"Panchayat  Union  Primary  School, Nattarmangalam","1.Nattarmangalam(R.V),  Amathur  (P)  Ward  1 Nattarmangalam  ,  2.Amathur(R.V),  Amathur
(P)  Ward  2  Venkadeshwarapuram",All  Voters,Desiya Murpokku Dravida Kazhagam,244,156,88,Tamilaga Vettri Kazhagam,3,5,1,2,4,8,13,13,6,13,8,8,7,8,8,14.49752883031301,10
54,92,33,272,245,39,0,1,1,5,0,0,0,1,3,0,692,0,0,692,"Panchayat  Union  Primary  School, North  Building,West  Side  Amathur","1.Amathur(R.V),  Amathur  (P)  Ward  3 Venkadesvarapuram  , 2.Nattarmangalam(R.V.),  Amathur  (P)  Ward  4
Nattarmangalam",All  Voters,Desiya Murpokku Dravida Kazhagam,272,245,27,Tamilaga Vettri Kazhagam,3,5,1,2,4,11,8,8,6,11,11,11,8,7,11,3.901734104046243,10
55,166,56,262,302,22,1,0,0,8,1,1,1,3,5,0,828,0,2,830,"Panchayat  Union  Primary  School, North  Building  East  Side  Amathur","1.Amathur(R.V),  Amathur  (P)  Ward  2 Sangureddiyapatti",All  Voters,Tamilaga Vettri Kazhagam,302,262,40,Desiya Murpokku Dravida Kazhagam,3,4,2,1,5,9,13,13,6,9,9,9,8,7,13,4.830917874396135,19
56,79,62,228,251,39,2,0,1,2,0,0,0,2,0,0,666,0,0,666,"Panchayat  Union  Primary  School, New  Building,South  Side,  Amathur","1.Amathur(R.V),  Amathur(P)  Ward  2  Amathur
,",All  Voters,Tamilaga Vettri Kazhagam,251,228,23,Desiya Murpokku Dravida Kazhagam,3,4,2,1,5,6,10,9,6,10,10,10,6,10,10,3.453453453453453,5
57,44,25,155,80,33,0,1,1,3,0,0,0,1,2,0,345,0,1,346,"Panchayat  Union  primary  School, New  Building  South  Side  West Portion  Amathur","1.Amathur(R.V)  ,  Amathur  (P)  Ward  3 Sangureddiyapatti  2.Amathur(R.V),  Amathur
(P)  Ward  6  Amathur",All  Voters,Desiya Murpokku Dravida Kazhagam,155,80,75,Tamilaga Vettri Kazhagam,3,5,1,2,4,11,8,8,6,11,11,11,8,7,11,21.73913043478261,7
58,173,21,200,109,20,0,0,0,2,0,1,0,3,3,1,533,0,7,540,"Panchayat  Union  Primary  School, MainBuilding
,Gurumoorthinayakanpatti  Amathur","1.Amathur(R.V.),  Amathur  (P)  Ward  1 Gurumoorthinaickenpatti  ,  ..Amathur(R.V), Amathur  (P)  Ward
2.  Gurumoorthinaickenpatti  , 3.Amathur(R.V),  Amathur  (P)  Ward  3 Gurumoorthinaickenpatti  4.Amathur(R.V), Amathur  (P)  Ward  5  Gurumoorthi
Naickenpatti",All  Voters,Desiya Murpokku Dravida Kazhagam,200,173,27,All India Anna Dravida Munnetra Kazhagam,2,4,1,3,5,11,11,11,8,11,9,11,6,6,9,5.065666041275797,10
59,121,28,245,248,15,1,0,0,3,1,2,2,2,7,3,678,0,1,679,"Panchayat  UnionMiddle  School, West  Side  ,  North  Portion,Moolipatti","1.Moolipatti  (R.V)  Moolipatti  (P)  Ward  4 Moolipatti  ,
2.Moolipatti  (R.V)  ,  Moolipatti(P)  Ward  5
Thavasilingapuram",All  Voters,Tamilaga Vettri Kazhagam,248,245,3,Desiya Murpokku Dravida Kazhagam,3,4,2,1,5,12,14,14,7,12,9,9,9,6,7,0.4424778761061947,20
60,107,14,97,183,10,1,0,0,1,0,0,0,1,3,0,417,0,2,419,"Panchayat  UnionMiddle  School,  New Building  North  Portion  ,Middle  Class  Room  ,Moolipatti","1.Moolipatti  (P)  Ward  5  Moolipatti
2.Moolipatti  (R.V),  Moolipatti  (P)  Ward  6 Thavasilingapuram",All  Voters,Tamilaga Vettri Kazhagam,183,107,76,All India Anna Dravida Munnetra Kazhagam,2,4,3,1,5,7,10,10,7,10,10,10,7,6,10,18.22541966426859,5
61,177,20,212,149,21,0,0,0,1,0,2,0,1,9,0,592,0,3,595,"Hindu  Primary  School, Maruthanatham-626005","1.Moolipatti(R.V),  Maruthanatham  (p)  Ward  1 Maruthanatham  ,  2.Moolipatti(R.V.)  , Maruthanatham  (P)  Ward  2  Maruthanatham  , 3.Moolipatti(R.V),  Maruthanatham  (P)  Ward  1 Maruthanatham  ,  4.Moolipatti(R.V.), Maruthanatham  (P)  Ward  2  Maruthanatham",All  Voters,Desiya Murpokku Dravida Kazhagam,212,177,35,All India Anna Dravida Munnetra Kazhagam,2,5,1,3,4,10,10,10,8,10,7,10,8,6,10,5.912162162162162,13
62,124,54,232,192,7,0,0,0,3,0,0,1,1,0,0,614,0,3,617,"Panchayat  Union  Middle  School, North  Side  New  Building,West  Room
,  Moolipatti-626005","1.Moolipatti(R.V),  Moolipatti  (P)  Ward  1 Mannarnaickenpatty  , 2.Moolipatti(R.V),  Moolipatti  (P)  Ward  2 Sangaralingapuram  ,
3.Moolipatti(R.V),  Moolipatti  (P)  Ward  3
Ramasamypuram",All  Voters,Desiya Murpokku Dravida Kazhagam,232,192,40,Tamilaga Vettri Kazhagam,3,4,1,2,5,9,9,9,6,9,9,7,7,9,9,6.514657980456026,5
63,219,56,295,206,16,0,0,1,3,0,2,0,6,5,0,809,0,8,817,"Panchayat  Union  Primary  School, New  Building,  West Side,Chinnappareddiyapatti","1.Senkottai(R.V.),  Senkottai  (P)  Ward  1 Chokkampatti  ,  2.Senkottai(R.V.), Senkottai(P)  Ward  3  Chinnapareddiapatti  , 3.Senkottai(R.V.),  Senkottai  (P)  Ward  2 Senkottai  ,  4.Senkottai(R.V),  Senkottai  (P) Ward  4  Chinnapareddiyapatti  , 5.Senkottai(R.V),Senkottai  (P)  Ward  2
Samathuvapuram",All  Voters,Desiya Murpokku Dravida Kazhagam,295,219,76,All India Anna Dravida Munnetra Kazhagam,2,4,1,3,5,11,11,10,8,11,9,11,6,7,11,9.394313967861558,17
64,182,28,290,188,6,0,1,1,3,2,3,0,2,3,1,710,0,6,716,"Panchayat  Union  Primary  School, Ellinganayakkanpatti","1.Ellinganaickenpatty(R.V),Ellinganaickenpat ty  (P)  Ward  1&2  Ellinganaickenpatti  , 2.Ellinganaickenpatty(R.V), Ellinganaickenpatty  (P)  Ward  3
Ellinganaickenpatti",All  Voters,Desiya Murpokku Dravida Kazhagam,290,188,102,Tamilaga Vettri Kazhagam,3,4,1,2,5,14,11,11,6,9,6,14,9,6,11,14.36619718309859,15
65,90,69,275,239,11,0,0,2,4,0,0,0,1,5,0,696,0,0,696,"Kshatria  Vidyasala  Middle  School, New  Building  East  Side  Room, Senkundrapuram-626103","1.Senkundrapuram  (R.V),  Senkundrapuram(P) Ward  1  Senkundrapuram  , 2.Senkundrapuram  (R.V),Senkundrapuram(P) Ward  3  Senkundrapuram",All  Voters,Desiya Murpokku Dravida Kazhagam,275,239,36,Tamilaga Vettri Kazhagam,3,4,1,2,5,10,10,8,7,10,10,10,9,6,10,5.172413793103448,12
66,62,46,212,179,9,0,0,0,1,0,0,0,1,3,1,514,0,2,516,"Kshatria  Vidyasala  Middle  School, New  Building  Middle  Side Room,Senkundrapuram-626103","1.Senkundrapuram  (R.V.),Senkundrapuram(P) Ward  2  Senkundrapuram  , 2.Senkundrapuram  (R.V)Senkundrapuram  (P) Ward  2  Senkundrapuram",All  Voters,Desiya Murpokku Dravida Kazhagam,212,179,33,Tamilaga Vettri Kazhagam,3,4,1,2,5,10,10,10,7,10,10,10,7,6,7,6.420233463035019,6
67,107,11,281,267,1,0,0,0,0,0,0,1,1,4,1,674,0,4,678,"Panchayat  Union  Primary  School, Kundhalapatti","1.Senkundrapuram(R.V)  ,  Kunthalapatti  (P) Ward  1  Kunthalapatti  , 2.Senkundrapuram(R.V),  Kunthalapatti  (P) Ward  2  Narayanapuram  , 3.Senkundrapuram(R.V),  Kunthalapatti  (P)
Ward  1  Kunthalapatti",All  Voters,Desiya Murpokku Dravida Kazhagam,281,267,14,Tamilaga Vettri Kazhagam,3,4,1,2,6,10,10,10,10,10,10,6,6,5,6,2.077151335311572,7
68,138,28,178,187,2,1,0,0,1,1,1,1,0,0,0,538,0,2,540,"Panchayat  Union  Primary  School, South  Side  East  Portion  ,Pavali","1.Pavali(R.V.)  Pavali  (P)  Ward  1 Sangaranarayanapuram
2.Pavali  (R.V)  Pavali  (P)  Pavali  ,",All  Voters,Tamilaga Vettri Kazhagam,187,178,9,Desiya Murpokku Dravida Kazhagam,3,4,2,1,5,6,11,11,6,6,6,6,11,11,11,1.672862453531598,4
69,61,53,253,297,62,0,1,0,5,0,1,0,0,8,0,741,0,2,743,"Panchayat  Union  Primary  School, North  Side  East  Portion  ,  Anna Centenuary  Memorial Building,Pavali",1.Pavali(R.V.)Pavali  (P)Ward  2&3  Pavali,All  Voters,Tamilaga Vettri Kazhagam,297,253,44,Desiya Murpokku Dravida Kazhagam,4,5,2,1,3,10,8,10,7,10,8,10,10,6,10,5.937921727395412,14
70,206,19,384,239,0,0,1,0,4,0,0,0,0,7,0,860,0,3,863,"Panchayat  Union  Primary School,Chanthirakiripuram, Chanthirakiripuram-626103","1.Pavali(R.V),  Pavali  (P)  Ward  4 Chandragripuram  , 2.Seeniyapuram(R.V),Pavali  (P)  Ward  5 Seeniyapuram  ,  3.Pavali(R.V.)Pavali  (P)  Ward 6  Chokkalingapuram  , 4.Seeniyapuram(R.V),Pavali  (P)  Ward  7
Elgaipatti",All  Voters,Desiya Murpokku Dravida Kazhagam,384,239,145,Tamilaga Vettri Kazhagam,3,4,1,2,8,8,7,8,6,8,8,8,8,5,8,16.86046511627907,11
71,107,18,189,166,3,0,0,1,0,0,0,0,0,3,0,487,0,0,487,"Govt  High  School  Vadamalaikurichi, South  Side,  West  Building, Vadamalaikurichi","1.Vadamalaikurichi(R.V.),  Vadamalaikurichi
(P)  Ward  1  Vadamalaikurichi  , 2.Vadamalaikurichi(R.V)
,Vadamalaikurichi(P)  Ward  2
Vadamalaikurichi",All  Voters,Desiya Murpokku Dravida Kazhagam,189,166,23,Tamilaga Vettri Kazhagam,3,4,1,2,5,8,8,7,8,8,8,8,8,5,8,4.722792607802875,4
72,173,50,387,271,23,1,0,0,0,2,2,1,1,4,0,915,0,1,916,"Govt  High  School  Vadamalaikurichi, East  Side  New  Building  , Vadamalaikurichi","1.Vadamalaikurichi(R.V.)  ,Vadamalaikurichi
(P)  Ward  3  Vadamalaikurichi  , 2.Vadamalaikurichi(R.V),  Vadamalaikurichi
(P)  Ward  4  Vadamalaikurichi",All  Voters,Desiya Murpokku Dravida Kazhagam,387,271,116,Tamilaga Vettri Kazhagam,3,4,1,2,5,9,12,12,12,7,7,9,9,6,12,12.6775956284153,10
73,128,63,288,381,18,0,1,1,5,1,2,4,5,4,0,901,0,5,906,Village  Panchayat  Service  Centre Building  Pullalakottai,"1.Pullalakottai(R.V),  Pullalakottai  (P)  Ward  1 Pullalakottai  North  Street  ,
2.Pullalakottai  (R.V.),  Pullalakottai(P)  Ward  1 Pullalakottai  Middle  Street  ,  3.Pullalakottai (R.V)  ,Pullalakottai(P)  Ward  1  Pullalakottai South  Street  ,  4.Pullalakottai  (R.V.) Pullalakottai(P)  Ward  2&3  Pullalakottai  1st street  ,  5.Pullalakottai  (R.V),Pullalakottai  (P) Ward  4  P.Kumarapuram,  P.Ayyanarpuram,
Pullalakkottai",All  Voters,Tamilaga Vettri Kazhagam,381,288,93,Desiya Murpokku Dravida Kazhagam,3,4,2,1,5,14,11,11,6,11,10,8,6,8,14,10.32186459489456,22
74,89,32,184,219,1,2,0,0,3,3,0,0,0,0,2,535,0,6,541,"V.V.V.  College  for  Woman,  Main  Hall
8  Virudhunagar","1.Sivagnapuram  (R.V),  Sivagnapuram(P)
Kangai,  Mullai,  Thamarai,  Kavari  street",All  Voters,Tamilaga Vettri Kazhagam,219,184,35,Desiya Murpokku Dravida Kazhagam,3,4,2,1,9,7,10,10,5,5,10,10,10,10,7,6.542056074766355,8
75,80,40,189,272,6,0,1,0,0,0,0,0,0,1,0,589,0,2,591,"V.V.V.  College  for  Woman,  Main Building  Room  No:4,Virudhunagar-626001","1.Pelampatti(R.V)  Sivagnapuram  (P) Parasakthi  Colony,  Lakshmi  Nagar 2.Sivagnanapuram  (R.V),  Sivagnanapuram  (P) Lakshmi  Nagar  6/509  To  6/648",All  Voters,Tamilaga Vettri Kazhagam,272,189,83,Desiya Murpokku Dravida Kazhagam,3,4,2,1,5,8,6,8,8,8,8,8,8,6,8,14.09168081494058,1
76,90,35,130,185,2,0,0,0,1,1,0,0,0,0,0,444,0,4,448,V.V.V.  College  For  women  History Block  South  facing  Room  No.4 Virudhunagar,"1.Sivagnapuram  (R.V),  Sivagnapuram(P) Muthamil  Veethi,  Chithirai  Veethi,  Annanagar",All  Voters,Tamilaga Vettri Kazhagam,185,130,55,Desiya Murpokku Dravida Kazhagam,3,4,2,1,5,8,8,8,6,6,8,8,8,8,8,12.38738738738739,2
77,130,38,181,354,7,1,0,0,0,2,0,0,0,0,1,714,0,10,724,"V.V.V.  College  for  Women,  Main  Hall 6  Virudhunagar-626001","1.Sivagnapuram  (R.V),Sivagnapuram(P) Vivekananthar  Street,  Valluvar  Street,  P.T. Colony  2.Sivagnapuram  (R.V), Sivagnapuram(P)  Pethanatchi  street",All  Voters,Tamilaga Vettri Kazhagam,354,181,173,Desiya Murpokku Dravida Kazhagam,3,4,2,1,5,7,9,9,9,6,9,9,9,9,7,24.2296918767507,3
78,83,50,144,215,5,0,0,0,2,2,0,2,0,0,0,503,0,6,509,"V.V.V.  College  for  Women,  Main  Hall
5  Virudhunagar","1.Sivagnapuram  (R.V),  Sivagnapuram  (P)
Lakshmi  Nagar",All  Voters,Tamilaga Vettri Kazhagam,215,144,71,Desiya Murpokku Dravida Kazhagam,3,4,2,1,5,9,9,9,6,6,9,6,9,9,9,14.11530815109344,6
79,79,43,156,262,2,1,1,1,2,0,0,1,0,3,2,553,0,10,563,"V.V.V.  College  for  women  History Block  South  facing  Room  No.2, Virudhunagar","1.Sivagnapuram  (R.V),  Sivagnapuram  (P) Lakshmi  Nagar  Serial  No  1-  702",All  Voters,Tamilaga Vettri Kazhagam,262,156,106,Desiya Murpokku Dravida Kazhagam,3,4,2,1,6,9,9,9,6,13,13,9,13,5,6,19.16817359855335,9
80,61,37,118,211,1,0,0,0,0,1,1,0,0,0,0,430,0,2,432,VVV  College  for  women  maths  Block south  building  west  facing  room  no 4  Virudhunagar,"1.Sivagnapuram  (R.V),  Sivagnapuram  (P) Lakshmi  Nagar  Serial  No  703-  1331",All  Voters,Tamilaga Vettri Kazhagam,211,118,93,Desiya Murpokku Dravida Kazhagam,3,4,2,1,5,8,8,8,8,5,5,8,8,8,8,21.62790697674419,2
81,93,52,218,434,7,1,0,0,6,1,2,0,1,1,0,816,0,8,824,"Panchayat  Union  Middle  School, East  Building,  New  Railway  Colony-Pelampatti",1.Sivagnapuram  (R.V.)  Sivagnapuram  (P) Karupasamy  Nagar,All  Voters,Tamilaga Vettri Kazhagam,434,218,216,Desiya Murpokku Dravida Kazhagam,3,4,2,1,5,8,12,12,6,8,7,12,8,8,12,26.47058823529412,11
82,65,37,128,217,2,1,0,1,3,1,0,0,0,1,1,457,0,2,459,"Panchayat  Union  Middle  School, South  Building,  East  Room  - Pelampatt","1.Sivagnapuram  (R.V),  Sivagnapuram  (P) Railway  colony  ,
2.Sivagnapuram  (R.V)  Sivagnapuram  (P)
Balan  Nagar  ,  .",All  Voters,Tamilaga Vettri Kazhagam,217,128,89,Desiya Murpokku Dravida Kazhagam,3,4,2,1,6,7,12,7,5,7,12,12,12,7,7,19.47483588621444,7
83,73,36,87,256,3,0,0,0,1,0,1,1,0,2,1,461,0,5,466,Panchayat  Union  MIddle  School South  Building  West  Room Pelampatti,"1.Pelampatti(R.V),  Allampatti(R.V), Sivagnapuram  (P)  I.T.P.T.  Colony 2.Sivagnapuram  (R.V.)  Sivagnapuram  (P) Karupasamy  Nagar",All  Voters,Tamilaga Vettri Kazhagam,256,87,169,Desiya Murpokku Dravida Kazhagam,3,4,2,1,5,11,11,11,7,11,7,7,11,6,7,36.65943600867678,6
84,136,41,170,156,0,0,0,2,1,0,0,0,0,1,1,508,0,0,508,"Panchayat  Union  Primary  School, New  Additional  Building  ,West  Side
,Sivagnapuram","1.Sivagnapuram  (R.V),  Sivagnapuram  (P) Ward  1  Nanthireddiyapatti  ,",All  Voters,Desiya Murpokku Dravida Kazhagam,170,156,14,Tamilaga Vettri Kazhagam,3,4,1,2,9,9,9,5,6,9,9,9,9,6,6,2.755905511811024,5
85,160,18,166,201,1,0,0,1,1,0,0,0,0,0,0,548,0,2,550,"Panchayat  Union  Primary  School, New  Additional  Building  East  Side Sivagnapuram","1.Sivagnapuram(R.V.)  ,Sivagnapuram  (P) Ward  2  Sivagnapuram  ,
2.Sivagnapuram  (R.V.),  Sivagnapuram  (P)
Ward  3  Meenakshipuram",All  Voters,Tamilaga Vettri Kazhagam,201,166,35,Desiya Murpokku Dravida Kazhagam,3,4,2,1,5,8,8,5,5,8,8,8,8,8,8,6.386861313868613,2
86,102,26,139,439,0,1,0,1,0,1,2,1,1,2,0,715,0,2,717,"Panchayat  Union  Middle  School Chinnamoopanpatti, Chinnamoopanpatti-626001","1.Sivagnapuram(R.V)  ,Sivagnapuram  (P)  Ward 3  Papakudi  ,  2.Chinnamoopanpatti(R.V), Sivagnapuram  (P)  Ward  4  Chinnamoopanpatti
,",All  Voters,Tamilaga Vettri Kazhagam,439,139,300,Desiya Murpokku Dravida Kazhagam,3,4,2,1,12,7,12,7,12,7,5,7,7,5,12,41.95804195804196,8
87,97,18,106,242,3,2,0,0,0,0,3,0,3,1,0,475,0,0,475,Panchayat  Union  Middle  School North  Side  Building Chinnamoopanpatti-626001,"1.Chinnamoopanpatti(R.V),  Sivagnapuram  (P) Ward  4  Chinnamoopanpatti  , 2.Sivagnapuram  (R.V)  Sivagnapuram  (P)  Ward
2  Nanthireddiyapatti",All  Voters,Tamilaga Vettri Kazhagam,242,106,136,Desiya Murpokku Dravida Kazhagam,3,4,2,1,5,8,10,10,10,10,5,10,5,9,10,28.63157894736842,7
88,96,22,107,133,2,0,0,1,3,2,0,0,0,0,0,366,0,3,369,"Government  Higher  Secondary School,  East  Building  South  Portion Chatrarediapatti","1.Chathirareddiapatti  (R  V) Chathirareddiapatti  (P)  WARD 5Chathirareddiapatti  West  Portion 2.Chathirareddiapatti  (R  V) Chathirareddiapatti  (P)  WARD
5Chathirareddiapatti  E  B  Colony",All  Voters,Tamilaga Vettri Kazhagam,133,107,26,Desiya Murpokku Dravida Kazhagam,3,4,2,1,6,9,9,8,5,6,9,9,9,9,9,7.103825136612022,6
89,78,41,129,224,12,0,0,1,0,0,0,1,0,1,1,488,0,4,492,"Government  Higher  Secondary School,  East  Building  North  Side, Chatrarediapatti","1.Chathirareddiapatti  (R  V) Chathirareddiapatti  (P)  WARD
5Chathirareddiapatti  T  N  H  B",All  Voters,Tamilaga Vettri Kazhagam,224,129,95,Desiya Murpokku Dravida Kazhagam,3,4,2,1,5,10,10,6,10,10,10,6,10,6,6,19.4672131147541,4
90,107,46,201,224,0,0,2,2,1,1,0,0,0,0,0,584,0,6,590,"Venkadeswara  Nursury  Primary School,  N  G  O  Colony  South  Side-Chathirareddiapatti-626001","1.Chathirareddiapatti  (R  V) Chathirareddiapatti  (P)  ward  5
Chathirareddiapatti  N  G  O  COLONY  East  ,",All  Voters,Tamilaga Vettri Kazhagam,224,201,23,Desiya Murpokku Dravida Kazhagam,3,4,2,1,9,9,5,5,7,7,9,9,9,9,9,3.938356164383562,4
91,29,8,64,60,1,0,0,1,1,1,0,1,0,0,0,166,0,5,171,"Venkadeswara  Nursery  Primary School,  NGO  Colony  Main  Building East  Facing  Chathirareddiapatti  - 626001","1.sathirareddiapatti  (RV),  Sathirareddiapatti ward  5  sathirareddiapatti  NGO  colony  west portion",All  Voters,Desiya Murpokku Dravida Kazhagam,64,60,4,Tamilaga Vettri Kazhagam,3,4,1,2,5,10,10,5,5,5,10,5,10,10,10,2.409638554216868,4
92,70,24,251,262,21,0,0,15,2,1,1,3,2,2,1,655,0,1,656,"Vinayaga  Vidyasala  Primary  School, North  Side  ,North  Building  , Chatrarediapatti","1.Chattrareddiyapatti  (R.V), Chattrareddiyapatti(P)  Ward  2
Chattrareddiyapatti  east",All  Voters,Tamilaga Vettri Kazhagam,262,251,11,Desiya Murpokku Dravida Kazhagam,3,4,2,1,5,14,14,6,8,11,11,7,8,8,11,1.679389312977099,27
93,96,27,138,154,0,1,0,0,5,2,2,0,2,2,0,429,0,1,430,"Vinayaga  Vidyasala  Primary  School, North  Side  ,South  Building  , Chatrarediapatti","1.Chattrareddiyapatti  (R.V.) Chattrareddiyapatti(P)  Ward  3 Chattrareddiyapatti  Centre  , 2.Chattrareddiyapatti  (R..V) Chattrareddiyapatti(P)  Ward  4
Chattrareddiyapatti  Centre",All  Voters,Tamilaga Vettri Kazhagam,154,138,16,Desiya Murpokku Dravida Kazhagam,3,4,2,1,11,10,11,11,5,6,6,11,6,6,11,3.729603729603729,13
94,165,32,143,204,1,0,0,0,2,0,0,0,0,1,0,548,0,3,551,"Panchayat  Union  Primary  School, Usilampatti","1.Chattrareddiyapatti(R.V.)
Chattrareddiyapatti  (p)  Ward  1  Usilampatty, Chattrareddiyapatti",All  Voters,Tamilaga Vettri Kazhagam,204,165,39,All India Anna Dravida Munnetra Kazhagam,2,4,3,1,6,8,8,8,5,8,8,8,8,6,8,7.116788321167883,3
95,209,36,268,279,32,3,1,0,1,1,1,0,3,2,0,836,0,5,841,"Panchayat  Union  Primary  School, New  Building  South  Facing  West Portion,  Periyaperali-  626001","1.Periyaperali  (R.V.)  Periyaperali  (P)  Ward  1 Periyaperali  ,
2.Periyaperali  (R.V)  Periyaperali(P)  Ward  2
Periyaperali",All  Voters,Tamilaga Vettri Kazhagam,279,268,11,Desiya Murpokku Dravida Kazhagam,3,4,2,1,5,6,9,13,9,9,9,13,6,8,13,1.31578947368421,8
96,251,95,324,318,0,0,0,2,2,2,1,2,5,3,1,1006,0,5,1011,"Panchayat  Union  Middle  School Chinnaperali,  South  Side  ,  East Portion,  New  Building,  Chinnaperali","1.Periyaperali  (R.V),  Periyaperali(P)  Ward  2 Chinnaperali
2.Periyaperali  (R.V),  Periyaperali(P)  Ward  3
Chinnaperali",All  Voters,Desiya Murpokku Dravida Kazhagam,324,318,6,Tamilaga Vettri Kazhagam,3,4,1,2,13,13,13,7,7,7,11,7,5,6,11,0.5964214711729622,18
97,135,47,202,392,3,0,0,0,1,0,2,0,0,4,0,786,0,4,790,"Hajee  Sikkandar  Hawa  Bibi  Middle School,  Western  Side  ,  Near  Police Bridge,  Ahamad  Nagar,Virudhunagar-626001",1.Virudhunagar(R.V)  Pavali  (P)  Ward  8 extension  of  Virudhunagar  Municipal  Limit,All  Voters,Tamilaga Vettri Kazhagam,392,202,190,Desiya Murpokku Dravida Kazhagam,3,4,2,1,6,9,9,9,8,9,7,9,9,5,9,24.17302798982188,7
98,136,40,210,412,5,2,0,2,6,0,1,1,2,0,1,818,0,4,822,"Hajee  Sikkandar  Hawa  Bibi  Middle School,  Middle  Left  Side  Near  Police Bridge,  Ahamad  Nagar,Virudhunagar-626001","1.Virudhunagar(R.V),Pavali  (p)  Ward  8 extension  of  Virudhunagar  Municipal  Limi 2.Virudhunagar(R.V),Pavali  (p)  Ward  8 extension  of  Virudhunagar  Municipal  Limit",All  Voters,Tamilaga Vettri Kazhagam,412,210,202,Desiya Murpokku Dravida Kazhagam,3,4,2,1,6,7,13,7,5,13,10,10,7,13,10,24.69437652811736,13
99,117,33,189,297,0,0,0,1,1,1,0,1,4,2,1,647,0,3,650,"Hajee  Sikkandar  Hawa  Bibi  Middle School,  Middle  Side,  Near  Police Bridge,  Ahamad  Nagar,Virudhunagar-626001","1.Virudhunagar(R.V),Pavali  (p)  Ward  8 extension  of  virudhunagar  municipal  limit",All  Voters,Tamilaga Vettri Kazhagam,297,189,108,Desiya Murpokku Dravida Kazhagam,3,4,2,1,12,12,12,7,7,7,12,7,5,6,7,16.69242658423493,11
100,70,36,170,345,1,0,0,0,4,0,1,0,1,0,0,628,0,3,631,"Hajee  Sikkandar  Hawa  Bibi  Middle School,  Eastern  Side,  Near  Police Bridge,  Ahamad  Nagar,Virudhunagar-626001","1.Virudhunagar(R.V),  Pavali  (P)  Ward 8extension  of  Virudhunagar  Municipal  Limit
,
2.Virudhunagar(R.V),  Pavali  (P)  Ward  8 extension  of  Virudhunagar  Municipal  Limit",All  Voters,Tamilaga Vettri Kazhagam,345,170,175,Desiya Murpokku Dravida Kazhagam,3,4,2,1,6,9,9,9,5,9,6,9,6,9,9,27.86624203821656,6
101,80,23,96,212,1,0,0,0,2,1,0,0,0,0,0,415,0,2,417,"Thiruvalluvar  Vidyasala  Middle School,  East  Building,  North  Side, 5,  Puluganoorani  Road
,Virudhunagar","1.Virudhunagar  (M)  Ward  1  Pullalakottai Main  Road  ,
2.Virudhunagar  (M)  Ward  1  Pullalakottai Road  1st  street  ,
3Virudhunagar  (M)  Ward  1  Pullalakottai Road  2nd  street,
4.Virudhunagar  (M)  Ward  1  Pullalakottai Road  2nd  street  ,
5.Virudhunagar  (M)  Ward  1  Pullalakottai Road  4th  street  ,
6.Virudhunagar  (M)  Ward  1  Pullalakottai Road  5th  street  ,
7.Virudhunagar  (M)  Ward  1  Pullalakottai
Road  6st  street  ,",All  Voters,Tamilaga Vettri Kazhagam,212,96,116,Desiya Murpokku Dravida Kazhagam,3,4,2,1,6,8,8,8,5,6,8,8,8,8,8,27.95180722891567,3
102,58,7,169,240,1,1,0,0,2,0,0,1,4,1,1,485,0,2,487,"Thiruvalluvar  Vidyasala  Middle School,  North  Building,  East  Side, South  Facing  Room  7  Virudhunagar  - 626001","1.Virudhunagar  (M)  Ward  1  Pullalakottai Road  7th  street  ,
2.Virudhunagar  (M)  Ward  1  Pullalakottai Road  8th  street  ,
3.Virudhunagar  (M)  Ward  1  Pullalakottai Road  11th  street  ,
4.Virudhunagar  (M)  Ward  1  Pullalakottai Road  12th  street  ,
5..Virudhunagar  (M)  Ward  1  Pullalakottai
Road  15th  street",All  Voters,Tamilaga Vettri Kazhagam,240,169,71,Desiya Murpokku Dravida Kazhagam,3,4,2,1,7,7,12,12,6,12,12,7,5,7,7,14.63917525773196,9
103,122,45,161,235,0,0,0,0,0,0,0,1,0,3,0,567,0,1,568,"Thiruvalluvar  Vidyasala  Middle School,  West  Building  ,North  Side  4, Puluganoorani  Road  ,Virudhunagar","1.Virudhunagar  (M)  Pullalakottai  Main  Road  , 2.Virudhunagar  (M)  Ward  3  Pullalakottai Road  9th  street  ,
3.Virudhunagar  (M)  Ward  3  Pullalakottai
Road  10th  street",All  Voters,Tamilaga Vettri Kazhagam,235,161,74,Desiya Murpokku Dravida Kazhagam,3,4,2,1,7,7,7,7,7,7,7,6,7,5,7,13.05114638447972,4
104,79,17,108,242,4,1,0,0,0,0,0,0,1,1,0,453,0,4,457,"Thiruvalluvar  Vidyasala  Middle School,  Room  No  3  East  Side  Middle Portion  45,  Puluganoorani  Road
,Virudhunagar","1.Virudhunagar  (M)  Ward  3  Pullalakottai Road  13th  street  ,",All  Voters,Tamilaga Vettri Kazhagam,242,108,134,Desiya Murpokku Dravida Kazhagam,3,4,2,1,5,6,9,9,9,9,9,9,6,6,9,29.58057395143488,2
105,135,27,136,203,2,0,0,1,1,0,0,0,1,2,0,508,0,3,511,"Thiruvalluvar  Vidyasala  Middle School,  Room  no  2  East  side Building  West  Facing  South  Portion 45  Puluganoorani  Road,
Virudhunagar  -  626001",2.Virudhunagar  (M)  Ward  3  Pullalakottai Road  14th  street,All  Voters,Tamilaga Vettri Kazhagam,203,136,67,Desiya Murpokku Dravida Kazhagam,3,4,2,1,5,10,10,7,7,10,10,10,7,5,10,13.18897637795276,5
106,111,37,191,275,4,0,0,1,5,1,0,0,0,0,0,625,0,4,629,"Thiruvalluvar  Vidyasala  Middle School,  West  Building  ,North  Side  5, Puluganoorani  Road,Virudhunagar","1.Virudhunagar  m  Ward  1 baranginathapuram  main  ,  2.Virudhunagar  M Ward  1  Baranginathapuram  First  Street  , 3.Virudhunagar  M  Ward  1 Baranginathapuram  Second  Street 4.Virudhunagar  M  Ward  1
Baranginathapuram  Third  Street  ,",All  Voters,Tamilaga Vettri Kazhagam,275,191,84,Desiya Murpokku Dravida Kazhagam,3,4,2,1,6,9,9,7,5,7,9,9,9,9,9,13.44,7
107,60,19,68,104,0,0,0,0,0,0,0,0,0,0,0,251,0,1,252,"Thiruvalluvar  Vidyasala  MIddle School,  West  Building  South  Side Room  No.13  East  Facing Puluganoorani  Road,  Virudhunagar","1.Virudhunagar  M  Ward  3  Pulugarooni  Road  , 2.Virudhunagar  M  Agragaram  Street  , 3.Virudhunagar  M  Pitchai  Street  , 4.Virudhunagar  M  Bypass  road  south",All  Voters,Tamilaga Vettri Kazhagam,104,68,36,Desiya Murpokku Dravida Kazhagam,3,4,2,1,5,5,5,5,5,5,5,5,5,5,5,14.34262948207171,0
108,172,46,204,396,2,0,1,1,1,0,2,1,3,1,0,830,0,7,837,"K.V.Sala  Hr.  Sec.  School,  North Building  Eastern  Side  ,West  facing Room  Madurai  Road  ,  Virudhunagar-626001","1.Virudhunagar  (m)  Ward  4  kandhapuram street  ,
2.Virudhunagar  (M)  Ward  4  Malapettai  street  , 3.Virudhunagar  (M)  Ward  2  Bypass  Main
road  ,
4.Virudhunagar  (M)  Ward  2  Bypass  road",All  Voters,Tamilaga Vettri Kazhagam,396,204,192,Desiya Murpokku Dravida Kazhagam,3,4,2,1,6,13,8,8,8,13,6,8,5,8,13,23.13253012048193,9
109,116,36,197,345,3,1,0,0,2,2,0,0,1,1,1,705,0,6,711,"K.V.Sala  Hr.  Sec.  School,  North Building  Western  Side  ,South  facing Room  Madurai  Road  ,  Virudhunagar-626001","1.Virudhunagar  (M)  Ward 2  Bypass  road  ,
3.Virudhunagar  (M)  Bypass  road  (ASA Ayammal  nagar)  4.Virudhunagar  (M) Marsalling  yard  colony  ,
5.Virudhunagar  (M)  Railway  feedar  road",All  Voters,Tamilaga Vettri Kazhagam,345,197,148,Desiya Murpokku Dravida Kazhagam,3,4,2,1,5,8,12,12,6,6,12,12,8,8,8,20.99290780141844,7
110,131,39,226,381,0,1,0,2,2,2,0,0,0,0,0,784,0,8,792,"K.V.Sala  Hr.  Sec.  School,  North Building  South  Side  ,East  facing Room  Madurai  Road  ,  Virudhunagar-626001","1.Virudhunagar  (M)  Ward  4  Katcheri  Main Road  ,
2.Virudhunagar  (M)  Ward  4  Katcheri  First Street(Nethaji  Nagar)  ,
3  .Virudhunagar  (M)  Ward  4  Katcheri  Second Street(  Nethaji  Nagar)
4.Virudhunagar  (M)  Bypass  road  Balaji  nagar",All  Voters,Tamilaga Vettri Kazhagam,381,226,155,Desiya Murpokku Dravida Kazhagam,3,4,2,1,9,8,9,5,5,5,9,9,9,9,9,19.77040816326531,6
111,97,29,155,218,2,0,1,0,0,2,0,0,0,0,0,504,0,9,513,"K.V.Sala  Hr.  Sec.  School,  North Building  South  Side  Room  Madurai Road  Virudhunagar","1.Virudhunagar  (M)  Ward  4  Katcheri  Fourth Street  ,
2.Virudhunagar  (M)  Ward  4  Katcheri  Fifth
Street  ,",All  Voters,Tamilaga Vettri Kazhagam,218,155,63,Desiya Murpokku Dravida Kazhagam,3,4,2,1,5,8,7,8,8,5,8,8,8,8,8,12.5,2
112,83,18,73,138,4,0,0,0,0,0,2,0,0,0,0,318,0,3,321,"KV  Sala  Higher  Seconday  School, North  Building  North  Side  South Facing  Room  no  53  Madurai  Road, Virudhunagar","1.Virudhunagar  (M)  Ward  4  Katcheri  Sixth Street  ,
2.Virudhunagar  (M)  Ward  4  Katcheri  Seventh
Street",All  Voters,Tamilaga Vettri Kazhagam,138,83,55,All India Anna Dravida Munnetra Kazhagam,2,4,3,1,5,7,7,7,7,7,6,7,7,7,7,17.29559748427673,2
113,123,19,166,203,1,0,0,1,0,2,1,0,0,0,0,516,0,2,518,"S.S.  Subhiah  Nadar  Government  Hr. Sec.  School,  East  Building  Back Side  South  Room  AA.Road, Virudhunagar","1.Virudhunagar  (M)  Ward  6  Patel  main  road  , 2.Virudhunagar  (M)  Ward  6  Patel  road  1st street  ,
3.Virudhunagar  (M)  Ward  6  Perali  main  road  , 4.Virudhunagar  (M)  Ward  6  Perali  road  1st street  ,
5.Virudhunagar  (M)  Ward  6  Perali  road  2nd street  ,
6.Virudhunagar  (M)  Ward  6  Perali  road  3rd
street",All  Voters,Tamilaga Vettri Kazhagam,203,166,37,Desiya Murpokku Dravida Kazhagam,3,4,2,1,6,9,9,6,9,5,6,9,9,9,9,7.170542635658915,4
114,132,25,137,186,0,1,1,0,1,0,0,0,1,0,1,485,0,6,491,"S.S.  Subhiah  Nadar  Government  Hr. Sec.  School,  East  Building  Back Side  Middle  Room  AA.Road, Virudhunagar","1.Virudhunagar  (M)  Ward  6  Perali  road  4th street  ,
2.Virudhunagar  (M)  Ward  6  Ramamoorthy main  road  ,  3.Virudhunagar  (M)  Ward  6  AA main  road  ,
4.Virudhunagar  (M)  Ward  6  AA  road  1st street  ,
5.Virudhunagar  (M)  Ward  6  AA  road  2nd street  ,
6.Virudhunagar  (M)  Ward  6  AA  road  3rd street  ,
7.Virudhunagar  (M)  Ward  6  AA  road  4th street  ,
8.Virudhunagar  (M)  Ward  6  AA  road  5th street  ,
9.Virudhunagar  (M)  Ward  6  H3  H3  road",All  Voters,Tamilaga Vettri Kazhagam,186,137,49,Desiya Murpokku Dravida Kazhagam,3,4,2,1,10,5,5,10,5,10,10,10,5,10,5,10.10309278350515,3
115,174,27,157,315,0,0,0,0,0,2,0,0,0,1,0,676,0,7,683,"S.S.  Subhiahnadar  Government  Hr. Sec.  School,  East  Building  Back Side  North  Room  AA.Road, Virudhunagar","1.Virudhunagar  (m)  Ward  35  subbiah  street  , 2.Virudhunagar  (M)  Ward  35  kambar  street  , 3.Virudhunagar  (M)  Ward  6  Elangovan  street
,
4.Virudhunagar  (M)  Ward  6  H4  H4  road  , 5.Virudhunagar  (M)  Ward  6  H6  H6  road  , 6.Virudhunagar  (M)  Ward  6  Mallankinaru  road",All  Voters,Tamilaga Vettri Kazhagam,315,174,141,All India Anna Dravida Munnetra Kazhagam,2,4,3,1,7,7,7,7,7,5,7,7,7,6,7,20.85798816568047,3
116,104,19,150,158,1,0,0,0,0,0,1,0,0,2,0,435,0,6,441,"A.S.P.  Chinnachamy  Nadar Chinnathangatchiammal  Municipal Middle  School,  East  Side  ,  New Building  ,168,  Ramamoorthy  Road, Virudhunagar-626001","1.Virudhunagar  (m)  Ward  5  ramamoorthy road  ,  2.Virudhunagar  (M)  Ward  5  Veerasamy 1st  street  ,  3.Virudhunagar  (M)  Ward  5 Veerasamy  2nd  street  ,  4.Virudhunagar  (M) Ward  10  S.M.Penpadasalai  street",All  Voters,Tamilaga Vettri Kazhagam,158,150,8,Desiya Murpokku Dravida Kazhagam,3,4,2,1,6,8,8,8,8,8,6,8,8,5,8,1.839080459770115,3
117,115,22,201,224,1,1,0,0,0,0,0,0,0,0,0,564,0,4,568,"A.S.P.  Chinnasamy  Nadar Chinnathangatchiammal  Municipal Middle  School,  East  Side,  Additional Building  ,Ramamoorthy  Road
,Virudhunagar","1.Virudhunagar  (m)  Ward  5  bharathiyar street  ,
2.Virudhunagar  (M)  Ward  5  Samiyar  Kinnaru
street",All  Voters,Tamilaga Vettri Kazhagam,224,201,23,Desiya Murpokku Dravida Kazhagam,3,4,2,1,5,5,7,7,7,7,7,7,7,7,7,4.078014184397164,0
118,129,33,177,433,0,1,0,0,2,1,1,1,0,2,0,780,0,6,786,"K.C.S.  Dhanushkodi  Nadar Municipal  Middle  School,  North Building,  West  Room  Rosalpatti Road,  Virudhunagar-626001","1.Virudhunagar  (M)  Ward  7  Ramamoorthy main  road  ,
2.Virudhunagar  (M)  Ward  7  Ramamoorthy road  1st  street  ,
3.Virudhunagar  (M)  Ward  7  Ramamoorthy road  2nd  street  ,
4.Virudhunagar  (M)  Ward  7  Ramamoorthy road  3rd  street  ,
5.Virudhunagar  (M)  Ward  7  Ramamoorthy road  cross  street  ,
6.Virudhunagar  (M)  Thiruvalluvar  Street  ,
7.Virudhunagar  (M)  Satthiyamoorthy  road",All  Voters,Tamilaga Vettri Kazhagam,433,177,256,Desiya Murpokku Dravida Kazhagam,3,4,2,1,11,7,11,11,5,7,7,7,11,5,11,32.82051282051282,7
119,107,38,207,283,0,0,0,1,1,4,0,0,0,0,0,641,0,5,646,"K.C.S.  Dhanushkodi  Nadar Municipal  Middle  School,  West Building  ,  North  Room  Rosalpatti Road  ,Virudhunagar","1.Virudhunagar  (m)  Ward  7  dr  ambedkar  first street  ,
2.Virudhunagar  (M)  Ward  7  Dr  Ambedkar Second  Street  ,
3.Virudhunagar  (M)  Ward  7  Dr  Ambedkar Third  Street  ,
4.Virudhunagar  (M)  Ward  7  Dr  Ambedkar Fourth  Street  4.Virudhunagar  (M)  ASSS
sankarapandiyan  road  ,",All  Voters,Tamilaga Vettri Kazhagam,283,207,76,Desiya Murpokku Dravida Kazhagam,3,4,2,1,8,8,8,6,6,5,8,8,8,8,8,11.85647425897036,6
120,91,19,124,188,0,0,0,0,2,0,1,0,1,0,0,426,0,9,435,"K.C.S.  Dhanushkodi  Nadar Municipal  Middle  School,  North Side  Building,west  facing
,Rosalpatti  Road  ,Virudhunagar","1.Virudhunagar  (M)  Ward  7  Dr  Ambedkar Sixth  Street  ,  2.Virudhunagar  (M) Kasthooriboy  road  ,  3.Virudhunagar  (M)
Rosalpatty  road",All  Voters,Tamilaga Vettri Kazhagam,188,124,64,Desiya Murpokku Dravida Kazhagam,3,4,2,1,8,8,8,8,5,8,6,8,6,8,8,15.02347417840376,4
121,182,40,203,314,0,1,0,1,2,2,0,1,0,1,1,748,0,2,750,"Senthilkumarnadar  Meenakshi Ammal  Girls  Municipal  Middle School,  west  Portion  ,South  Side,12-C.M.Girls  School  Street
,Virudhunagar","1.Virudhunagar  (M)  Ward  10  Alagarsamy street  ,
2.Virudhunagar  (M)  Ward  9  Sakkappan  street
,
3.Virudhunagar  (M)  Ward  9  Muthu  street  , 4.Virudhunagar  (M)  Ward  9  Gopal  street  , 5.Virudhunagar  (M)  Ward  9  Nakkerar  street  , 6.Virudhunagar  (M)  Ward  9  Ramachandran street",All  Voters,Tamilaga Vettri Kazhagam,314,203,111,Desiya Murpokku Dravida Kazhagam,3,4,2,1,12,7,12,7,5,5,12,7,12,7,7,14.83957219251337,8
122,109,37,156,246,2,0,0,0,2,2,2,0,1,0,0,557,0,5,562,"Senthikkumara  Nadar Meenakshiammal  Girls  Municipal Middle  School,  East  building  ,  South Room  ,12-  C.M.Girls  School  Street, Virudhunagar","1.Virudhunagar  (M)  Ward  10  Alagarsamy street  ,
2.Virudhunagar  (M)  Ward  28  Kasappukarar street  ,
3.Virudhunagar  (M)  Ward  8  Muthusamy street  ,
4.Virudhunagar  (M)  Ward  8  Gurusamy  kothan street  ,
5.Virudhunagar  (M)  Ward  8
A.C.Sankaralingam  street",All  Voters,Tamilaga Vettri Kazhagam,246,156,90,Desiya Murpokku Dravida Kazhagam,3,4,2,1,5,10,10,10,5,5,5,10,9,10,10,16.15798922800718,7
123,67,17,362,174,0,1,0,0,3,1,0,0,0,0,0,625,0,10,635,"Senthikkumara  Nadar Meenakshiammal  Girls  Municipal Middle  School,  East  building  ,  South Room  ,12-  C.M.Girls  School  Street, Virudhunagar","1.Virudhunagar  (M)  Ward  8  A.P.Shanmugam street  ,
2.Virudhunagar  (M)  Ward  8  Samiyar nagappan  street  ,
3.Virudhunagar  (M)  Ward  10 Chinnapallivasal  street  ,
4.Virudhunagar  (M)  Ward  10  Alli  street",All  Voters,Desiya Murpokku Dravida Kazhagam,362,174,188,Tamilaga Vettri Kazhagam,3,4,1,2,8,6,8,8,5,6,8,8,8,8,8,30.08,4
124,136,24,199,237,0,0,0,2,1,3,2,1,0,0,1,606,0,3,609,"Senthikkumara  Nadar Meenakshiammal  Girls  Municipal Middle  School,  North  building
,Middle  room  12-C.M.Girls  School Street,  Virudhunagar","1.Virudhunagar  (M)  Ward  10  Alagarsamy street  ,
2.Virudhunagar  (M)  Ward  11  Subba  street  , 3.Virudhunagar  (M)  Ward  11  Kattabomman main  street  ,  4.Virudhunagar  (M)  Ward  11
Kattabomman  1st  street",All  Voters,Tamilaga Vettri Kazhagam,237,199,38,Desiya Murpokku Dravida Kazhagam,3,4,2,1,11,11,11,6,8,5,6,8,11,11,8,6.270627062706271,10
125,66,14,115,88,0,0,0,0,0,0,0,0,0,2,0,285,0,3,288,"Senthikkumara  Nadar Meenakshiammal  Girls  Municipal Middle  School,  West  Side  Corner Room  12  C  M  Girls  School  Street, Virudhunagar  -626001","1.Virudhunagar  (M)  Ward  11  Kattabomman 2nd  street  ,  2.Virudhunagar  (M)  Ward  11 Kattabomman  3rd  street  ,  3.Virudhunagar
(M)  Ward  10  S.M.Penpadasalai  street",All  Voters,Desiya Murpokku Dravida Kazhagam,115,88,27,Tamilaga Vettri Kazhagam,3,4,1,2,6,6,6,6,6,6,6,6,6,5,6,9.473684210526317,2
126,82,34,211,284,11,1,0,1,1,0,0,0,3,1,0,629,0,7,636,"M.S.P.  Nadar  Municipal  Middle School',  East  Portion  ,12-  C.M.Girls School  Street,  Virudhunagar","1.Virudhunagar  (m)  Ward  12  gandhipuram main  street  ,
2.Virudhunagar  (M)  Ward  12  Gandhipuram 1st  street  ,
3.Virudhunagar  (M)  Ward  12  Gandhipuram 2nd  street  ,
4.Virudhunagar  (M)  Ward  12  Gandhipuram 3rd  street  ,
5.Virudhunagar  (M)  Ward  12  Gandhipuram 4th  street  ,
6.Virudhunagar  (M)  Ward  12  Gandhipuram 5th  street  ,
7.Virudhunagar  (M)  Ward  12  Gandhipuram 6th  street  ,
8.Virudhunagar  (M)  Ward  12  Sivasangu  street
,
9.Virudhunagar  (M)  Ward  13  Vivekananthar street",All  Voters,Tamilaga Vettri Kazhagam,284,211,73,Desiya Murpokku Dravida Kazhagam,3,4,2,1,5,7,11,7,7,11,11,11,6,7,11,11.60572337042925,6
127,88,17,70,98,0,0,0,0,2,0,0,1,0,0,1,277,0,2,279,"M.S.P.  Nadar  Municipal  Middle School,  West  Portion  ,12-  C.M.Girls School  Street,  Virudhunagar","1.Virudhunagar  (m)  Ward  12  katchery  road  , 2.Virudhunagar  (M)  ward  12  Railwaybeeder road  ,  3.Virudhunagar  (M)  ward  12 Mariamman  kovil  road  ,  4.Virudhunagar  (M)
ward  12  santhimariman  kovil  road",All  Voters,Tamilaga Vettri Kazhagam,98,88,10,All India Anna Dravida Munnetra Kazhagam,2,4,3,1,8,8,8,8,5,8,8,6,8,8,6,3.610108303249097,4
128,106,27,108,197,0,0,2,0,0,1,2,1,0,3,0,447,0,3,450,"Saraswathi  Vidhyasala  Primary School,  East  Portion  ,1-  Malaikovil Street,  Virudhunagar","1.Virudhunagar  (m)  Ward  13  sayakkarar street  ,
2.Virudhunagar  (M)  Ward  13  Kasukadai street  ,
3.Virudhunagar  (M)  Ward  13  Koonthapanai
street  ,  4.Virudhunagar  (M)  Ward  13  Ull  street",All  Voters,Tamilaga Vettri Kazhagam,197,108,89,Desiya Murpokku Dravida Kazhagam,3,4,2,1,10,10,6,10,10,8,6,8,10,5,10,19.91051454138703,7
129,124,29,128,203,2,2,2,0,2,4,1,0,0,1,1,499,0,9,508,"Saraswathi  Vidhyasala  Primary School,  West  Portion  ,1-  Malaikovil Street,  Virudhunagar","1.Virudhunagar  (M)  Ward  13  Kelakadai  street
,
2.Virudhunagar  (M)  Ward  13  Samiyannan pilliar  kovil  street  ,
3.Virudhunagar  (M)  Ward  27  P.P.Vaiyapuri street  ,
4.Virudhunagar  (M)  Ward  10  Railway  feeder road  ,
5.Virudhunagar  (M)  Ward  27 S.V.P.N.S.Chidambaram  street  , 6.Virudhunagar  (M)  Ward  27  L.P.Shanmugam street  ,
7.Virudhunagar  (M)  Ward  13
K.P.Periyakaruppan  street",All  Voters,Tamilaga Vettri Kazhagam,203,128,75,Desiya Murpokku Dravida Kazhagam,3,4,2,1,6,6,6,13,6,5,10,13,13,10,10,15.03006012024048,9
130,114,36,171,247,0,0,1,1,2,1,0,1,0,0,0,574,0,8,582,"S.  Vellaisamy  Nadar Annamalaiammal  Girls  Middle School,  South  Block,  East  Portion  , Krishnamachari  Road, Virudhunagar-626001","1.Virudhunagar  (M)  Ward  14  South  car  street  , 2.Virudhunagar  (M)  Ward  14 P.C.Chidambaram  street  ,
3.Virudhunagar  (M)  Ward  14  Sulochanan street
4.Virudhunagar  (M)  Ward  14  Santhikoodam
street",All  Voters,Tamilaga Vettri Kazhagam,247,171,76,Desiya Murpokku Dravida Kazhagam,3,4,2,1,10,10,6,6,5,6,10,6,10,10,10,13.2404181184669,5
131,90,21,114,168,0,0,0,0,1,1,0,0,0,0,0,395,0,2,397,"S.  Vellaisamy  Nadar Annamalaiammal  Girls  Middle School,  South  Block,  West  Portion  , Krishnamachari  Road, Virudhunagar-626001","1.Virudhunagar  (M)  Ward  14  Kollar  street  , 2.Virudhunagar  (M)  Ward  14  Periya  kinatru street  ,
3.Virudhunagar  (M)  Ward  15  Palakadai  street
,
4.Virudhunagar  (M)  Ward  15  Vilkaran  kovil street  ,  5.Virudhunagar  (M)  Ward  15 Vaithiyan  ponnappan  street  ,  6.Virudhunagar
(M)  Ward  15  Sadaiyandi  street",All  Voters,Tamilaga Vettri Kazhagam,168,114,54,Desiya Murpokku Dravida Kazhagam,3,4,2,1,7,7,7,7,5,5,7,7,7,7,7,13.67088607594937,2
132,115,17,110,168,0,2,0,0,2,1,0,1,0,1,0,417,0,4,421,"KVS  Matric  Hr.Sec.School Virudhunagar,  West  Building  South Side  LKG-D  Katcheri  Road, Virudhunagar","1.Virudhunagar  (M)  Ward  15  Chidambaram street  ,
2.Virudhunagar  (M)  Ward  15  West  car  street
,
3.Virudhunagar  (M)  Ward  15  Sekkilar  street  , 4.Virudhunagar  (M)  Ward  15  Vellaiyan  street
,
5.Virudhunagar  (M)  Ward  15  Natchi  street  , 6.Virudhunagar  (M)  Ward  15  Post  office street",All  Voters,Tamilaga Vettri Kazhagam,168,115,53,All India Anna Dravida Munnetra Kazhagam,2,4,3,1,10,5,10,10,5,7,10,7,10,7,10,12.70983213429257,5
133,166,26,131,157,1,0,0,0,0,2,1,0,2,1,0,487,0,2,489,"K.V.S  Matric  Hr.Sec.School Virudhunagar,  West  Block,  Middle Portion,  LKG-B  Katcheri  Road, Virudhunagar","1.Virudhunagar  (M)  Ward  19  Periya  pallivasal street  ,
2.Virudhunagar  (M)  Ward  20  Velu  street 3.Virudhunagar  (M)  Ward  20  Perumal  koil street  ,
4.Virudhunagar  (M)  Ward  20  Annamalai street  ,
5.Virudhunagar  (M)  Ward  20  Oodai  street",All  Voters,All India Anna Dravida Munnetra Kazhagam,166,157,9,Tamilaga Vettri Kazhagam,1,4,3,2,7,10,10,10,10,5,7,10,5,7,10,1.848049281314168,6
134,175,35,266,362,0,1,0,0,5,1,3,0,1,4,0,853,0,4,857,"Virudhunagar  Municipal  Muslim High  School,  West  Side  New Building  North  Room  ,  Pavali  Road
,Virudhunagar-626001","1.Virudhunagar  (m)  Ward  2 paranginathapuram  north  1st  street  , 2.Virudhunagar  (M)  Ward  2 Paranginathapuram  north  2nd  street  , 3.Virudhunagar  (M)  Ward  2 Paranginathapuram  north  3rd  street  , 4.Virudhunagar  (M)  Ward  2 Paranginathapuram  north  4th  street  , 5.Virudhunagar  (M)  Ward  2 Paranginathapuram  north  5th  street  , 6.Virudhunagar  (M)  Ward  16  Veeraputhiran
street",All  Voters,Tamilaga Vettri Kazhagam,362,266,96,Desiya Murpokku Dravida Kazhagam,3,4,2,1,11,8,11,11,5,8,7,11,8,6,11,11.25439624853458,14
135,119,32,228,209,0,0,0,0,4,0,0,0,0,0,0,592,0,1,593,"Virudhunagar  Municipal  Muslim High  School  New  NorthernBuilding  , West  side,  Pavali  Road  , Virudhunagar  -626001","1.Virudhunagar  (m)  Ward  17  pavali  road  1st st.  (parmar  colony)  ,
2.Virudhunagar  (M)  Ward  17  Pavali  Road  3rd St.  (Parma  Colony)  ,
3.Virudhunagar  (M)  Ward  17  Pavali  Road  4th st.  (Parma  Colony)  ,
4.Virudhunagar  (M)  Ward  17  Pavali  Road  5th st.  (Parma  Colony)  ,
5.Virudhunagar  (M)  Ward  17  Pavali  Road  9th St.  (Parma  Colony)  ,
6.Virudhunagar  (M)  Ward  17  Pavali  Road  1st cross  St.  (Parma  Colony)  ,  7.Virudhunagar
(M)  Ward  16  Sangaran  Kinatru  Street",All  Voters,Desiya Murpokku Dravida Kazhagam,228,209,19,Tamilaga Vettri Kazhagam,3,4,1,2,6,6,6,6,5,6,6,6,6,6,6,3.209459459459459,4
136,88,30,560,226,0,0,0,0,0,0,0,1,1,1,0,907,0,3,910,"Virudhunagar  Municipal  Muslim High  School,  New  Building  ,  North side  ,Middle  room  Pavali  Road, Virudhunagar","1.Virudhunagar  (m)  Ward  17  pavali  road  1st st.  parma  colony  ,  2.Virudhunagar  (M)  Ward 17  Pavali  Road  2nd  St.  Parma  Colony  , 3.Virudhunagar  (M)  Ward  17  Pavali  Road  3rd St.  Parma  Colony  ,  4.Virudhunagar  (M)  Ward 17  Pavali  Road  4th  street  Parama  Colony  , 5.Virudhunagar  (M)  Ward  17  Pavali  Road  5th St.  Parama  Colony  ,  6.Virudhunagar  (M)  Ward 17  Pavali  Road  6th  St.  Parma  Colony  , 7.Virudhunagar  (M)  Ward  17  Pavali  Road  7th
St.  Parma  colony",All  Voters,Desiya Murpokku Dravida Kazhagam,560,226,334,Tamilaga Vettri Kazhagam,3,4,1,2,8,8,8,8,8,8,8,5,5,5,8,36.82469680264609,3
137,53,15,424,181,0,0,0,2,1,1,0,0,1,1,1,680,0,3,683,"Virudhunagar  Municipal  Muslim High  School,  West  New  Building  , South  Portion  ,Pavali  Road, Virudhunagar-  626001","1.Virudhunagar  (M)  Ward  17  Pavali  Road  8th St.  Parma  Colony  ,
2.Virudhunagar  (M)  Ward  17  Pavali  Road  9th st.  Parma  Colony  ,
3.Virudhunagar  (M)  Ward  17  Pavali  Road  1st Cross  St.  Parma  colony  ,  4.Virudhunagar  (M) Ward  17  Pavali  Road  2nd  Cross  St.  Parma colony  ,  5.Virudhunagar  (M)  Ward  18 Kalpallivasal  Street  ,
6.Virudhunagar  (M)  Ward  17  Monni  Street",All  Voters,Desiya Murpokku Dravida Kazhagam,424,181,243,Tamilaga Vettri Kazhagam,3,4,1,2,11,11,11,5,6,6,11,11,6,6,6,35.73529411764706,7
138,80,14,208,169,0,1,0,0,0,0,0,0,0,0,0,472,0,3,475,"Virudhunagar  Municipal  Muslim High  School,  New  Building, Northern  side  ,Pavali  Road  , Virudhunagar-626001","1.Virudhunagar  (M)  WARd  16  Pawali  Road  1st street  (Ahmed  nagar)  ,  2.Virudhunagar  (M) Ward  16  pavali  road  2nd  street  (Ahmed nagar)  ,  3.Virudhunagar  (M)  Ward  16  Pavali Road  3rd  street  (Ahmed  nagar)  , 4.Virudhunagar  (M)  Ward  16  Pavali  Road  4th street  (Ahmed  nagar)  ,  5.Virudhunagar  (M) Ward  16  Pavali  Road  5th  street  (Ahmed nagar)  ,  6.Virudhunagar  (M)  Ward  16  Pavali
Road  6th  street  (Ahmed  nagar)",All  Voters,Desiya Murpokku Dravida Kazhagam,208,169,39,Tamilaga Vettri Kazhagam,3,4,1,2,6,5,6,6,6,6,6,6,6,6,6,8.26271186440678,0
139,88,28,348,208,1,0,0,0,5,0,0,2,1,1,0,682,0,1,683,"Virudhunagar  Municipal  Muslim High  School,  West  Side  ,  North Building  ,2nd  Room  Pavali  Road  , Virudhunagar-626001","1.Virudhunagar  (M)  Ward  16  Pavali  Road  7th street  (Ahmed  nagar)  ,  2.Virudhunagar  (M) Ward  16  Pavali  Road  8th  street  (Ahmed nagar)  ,  3.Virudhunagar  (M)  Ward  16  Pavali Road  9th  street  (Ahmed  nagar)  , 4.Virudhunagar  (M)  Ward  16  Pavali  Road 10th  street  (Bharathi  nagar)   5.Virudhunagar
(M)  Ward  16  Pavali  Road  11th  street (Bharathi  nagar)  ,
6.Virudhunagar  (M)  Ward  16  Tharkas  Street",All  Voters,Desiya Murpokku Dravida Kazhagam,348,208,140,Tamilaga Vettri Kazhagam,3,4,1,2,7,10,10,10,5,10,10,6,7,7,10,20.52785923753666,9
140,110,27,415,203,0,1,0,0,1,6,0,0,2,0,1,766,0,5,771,"Hajee  P.Seyad  Mohamad  Middle School,  Mainbuilding,  East  Side  ,53-1  Paraipatti  Street,  Virudhunagar","1.Virudhunagar  (m)  Ward  18  seethakathi street  ,
2.Virudhunagar  (M)  Ward  18  Parapatti  Street",All  Voters,Desiya Murpokku Dravida Kazhagam,415,203,212,Tamilaga Vettri Kazhagam,3,4,1,2,10,7,10,10,7,5,10,10,6,10,7,27.67624020887729,10
141,135,26,140,220,0,0,1,0,2,2,0,1,0,0,1,528,0,4,532,"Hajee  P.Seyad  Mohamad  Middle School,  Mainbuilding  ,West  Side  ,53-1  Paraipatti  Street  ,  Virudhunagar","1.Virudhunagar  (M)  Ward  15  Kumaran  Street  , 2.Virudhunagar  (M)  Ward  19  Periya  Pallivasal Street  ,
3.Virudhunagar  (M)  Ward  20  Annai Sivagamipuram  1st  street  ,  4.Virudhunagar
(M)  Ward  20  Annai  Sivakamipuram  2nd
Street  ,  5.Virudhunagar  (M)  Ward  20  Annai Sivagamipuram  3rd  Street",All  Voters,Tamilaga Vettri Kazhagam,220,140,80,Desiya Murpokku Dravida Kazhagam,3,4,2,1,10,10,7,10,5,5,10,7,10,10,7,15.15151515151515,6
142,52,11,502,151,0,0,0,0,0,1,0,1,0,0,0,718,0,2,720,"Hajee  P.  Seyad  Mohamad  Hr.  Sec. School,  Mainbuilding  ,North  Portion Centre  Hall,  Krishnamachari  Road
,Virudhunagar","1.Virudhunagar  (m)  Ward  19  periyapallivasal street  ,
2.Virudhunagar  (M)  Ward  19  Melarathaveethi
,
3.Virudhunagar  (M)  Ward  19  Parapatti  Street  ,
4.Virudhunagar  (M)  Ward  15  Shanmugam Street",All  Voters,Desiya Murpokku Dravida Kazhagam,502,151,351,Tamilaga Vettri Kazhagam,3,4,1,2,7,7,7,7,7,5,7,5,7,7,7,48.8857938718663,2
143,51,14,51,80,0,0,0,0,0,1,0,0,0,0,0,197,0,2,199,"Hajee  P.  Seyad  Mohamad  Hr.  Sec. School,  Mainbuilding  ,South  Portion Centre  Hall,  Krishnamachari  Road
,Virudhunagar-626001","1.Virudhunagar  (M)  Ward  15  Pajanaimadam street  ,
2.Virudhunagar  (M)  Ward  19  Apthul  Santhu  , 3.Virudhunagar  (M)  Ward  19  Chithambaranar
Street",All  Voters,Tamilaga Vettri Kazhagam,80,51,29,Desiya Murpokku Dravida Kazhagam,2,4,2,1,6,6,6,6,6,5,6,6,6,6,6,14.72081218274112,1
144,164,38,185,313,1,1,0,0,1,2,0,1,1,1,1,709,0,5,714,"Virudhunagar  Matriculation  School, U.Sethuramu  Thevar  Poomalai Ammal  Block  North  Facing  East Portion  Virudhunagar","1.Virudhunagar  (m)  Ward  21  valavanthan santhu  ,
2.Virudhunagar  (M)  Ward  21  Melarathaveethi
,
3.Virudhunagar  (M)  Ward  21  Marimuthu Santhu  ,
4.Virudhunagar  (M)  Ward  21  Chinnarangan Santhu  ,
5.Virudhunagar  (M)  Ward  21  Ramasamy Santhu  ,
6.Virudhunagar  (M)  Ward  21  Sivankovil Street  ,
7.Virudhunagar  (M)  Ward  21  Poosari  santhu  , 8.Virudhunagar  (M)  Ward  21  Andichiamman Kovil  Street  ,  9.Virudhunagar  (M)  Ward  21 Kuppaiahsanthu  ,
10.Virudhunagar  (M)  Ward  22  Pillaiyar  Kovil
Street  ,  11.Virudhunagar  (M)  Ward  21 Shanmugam  Santhu",All  Voters,Tamilaga Vettri Kazhagam,313,185,128,Desiya Murpokku Dravida Kazhagam,3,4,2,1,6,6,13,13,6,5,13,6,6,6,6,18.05359661495064,7
145,62,26,149,216,0,0,0,0,0,0,0,0,0,1,1,455,0,3,458,"S.V.  Annamalaiammal  Grils  Middle School,  North  Building  ,East  Portion
,Krishnamachari  Road, Virudhunagar-626001","1.Virudhunagar  (M)  Ward  22  South  Car  Street
,
2.Virudhunagar  (M)  Ward  22  Krishnamatchari Road  Main  ,  3.Virudhunagar  (M)  Ward  22
Krishnamatchari  Road  6th  St.",All  Voters,Tamilaga Vettri Kazhagam,216,149,67,Desiya Murpokku Dravida Kazhagam,3,4,2,1,7,7,7,7,7,7,7,7,7,5,5,14.72527472527473,2
146,89,48,255,327,0,2,1,3,2,2,0,1,0,0,1,731,0,2,733,"S.V.  Annamalaiammal  Grils  Middle School,  North  Building  ,West Portion  ,Krishnamachari  Road, Virudhunagar-626001","1.Virudhunagar  (M)  Ward  22  Krishnamatchari Road  7th  St.  ,  2.Virudhunagar  (M)  Ward  22 Owvaiyar  Street",All  Voters,Tamilaga Vettri Kazhagam,327,255,72,Desiya Murpokku Dravida Kazhagam,3,4,2,1,12,6,9,5,6,6,12,9,12,12,9,9.849521203830369,9
147,106,37,173,202,0,1,0,0,1,1,0,0,0,5,0,526,0,6,532,"S.V.  Annamalaiammal  Girls  Middle School,  North  Building  ,West  Side, Krishnamachari  Road,  Virudhunagar","1.Virudhunagar  (M)  Ward  24  Marakattai Street  ,
2.Virudhunagar  (M)  Ward  24  Pattai  street  , 3.Virudhunagar  (M)  Ward  24  Muthuvel  Street
,
4.Virudhunagar  (M)  Ward  24  Sandaipettai street  ,
5.Virudhunagar  (M)  Ward  24  Narayanasamy Kovil  Street  ,  6.Virudhunagar  (M)  Ward  24 Velu  Street  ,
7.Virudhunagar  (M)  Ward  24  New  Amman Kovil  Street  ,
8.Virudhunagar  (M)  Ward  22  Owvaiyar  Street  , 9.Virudhunagar  (M)  Ward  22  Pitchandi  Street
,
10.Virudhunagar  (M)  Ward  22  Koolayan  Kovil Street  ,
11.Virudhunagar  (M)  Ward  24  Gurunathan
Kovil  Street",All  Voters,Tamilaga Vettri Kazhagam,202,173,29,Desiya Murpokku Dravida Kazhagam,3,4,2,1,9,6,9,9,6,6,9,9,9,5,9,5.513307984790875,7
148,108,43,348,373,0,3,1,0,1,0,0,0,2,3,0,882,0,5,887,"Kshatriya  Girls  Hr.  Sec.  School, Mainbuilding  ,East  Side, Krishnamachari  Road,  Virudhunagar","1.Virudhunagar  (M)  Ward  23  Krishnamatchari Road  Main  ,  2.Virudhunagar  (M)  Ward  23 Krishnamachari  Road  3rd  Street  , 3.Virudhunagar  (M)  Ward  23  Krishnamatchari Road  4th  Street  ,  4.Virudhunagar  (M)  Ward
23  Krishnamatchari  Road  5th  St.",All  Voters,Tamilaga Vettri Kazhagam,373,348,25,Desiya Murpokku Dravida Kazhagam,3,4,2,1,10,5,8,10,8,10,10,10,7,5,10,2.834467120181406,6
149,75,19,65,138,0,0,0,0,2,0,0,0,0,1,1,301,0,4,305,"Kshantriya  Girls  Hr.  Sec.  School, Mainbuilding  ,West  Side, Krishnamachari  Road  ,Virudhunagar","1.Virudhunagar  (m)  Ward  24  krishnamatchari road  2nd  st.  ,  2.Virudhunagar  (M)  Ward  24 Municipal  Office  Road",All  Voters,Tamilaga Vettri Kazhagam,138,75,63,All India Anna Dravida Munnetra Kazhagam,2,4,3,1,8,8,8,8,5,8,8,8,8,6,6,20.93023255813954,4
150,140,38,156,328,2,2,0,0,2,0,0,0,0,1,0,669,0,8,677,"Kshatriya  girls  Middle  School,  North Building  west  portion  std  I-  A Animuthu  pillaiyar  Kovil  st  , Virudhunagar-626001","1.Virudhunagar  (M)  Ward  25  Avalappasamy Kovil  1st  Cross  St.  ,  2.Virudhunagar  (M)  Ward 25  Avalappasamy  Kovil  2nd  Cross  Street 3.Virudhunagar  (M)  Ward  25  Avalappasamy Kovil  1st  Street  ,  4.Virudhunagar  (M)  Ward 25  Avalappasamy  Kovil  2nd  Street  , 5.Virudhunagar  (M)  Ward  25  Avalappasamy Kovil  3rd  Street  ,  6.Virudhunagar  (M)  Ward 25  Avalappasamy  Kovil  4th  Street  , 7.Virudhunagar  (M)  Ward  25  Avalappasamy
Kovil  5th  st.",All  Voters,Tamilaga Vettri Kazhagam,328,156,172,Desiya Murpokku Dravida Kazhagam,3,4,2,1,5,5,9,9,5,9,9,9,9,8,9,25.71001494768311,3
151,136,66,221,371,1,0,0,1,2,0,1,0,0,0,0,799,0,3,802,"Kshatriya  girls  Middle  School,  North Building  west  portion  std  viii  D Animuthu  pillaiyar  Kovil  st  , Virudhunagar-626001","1.Virudhunagar  (M)  Ward  25  K.Ramasamy Street  ,
2.Virudhunagar  (M)  Ward  25  Municipal  Office Road  ,
3.Virudhunagar  (M)  Ward  25 K.Sangaralingam  Street  , 4.Virudhunagar  (M)  Ward  25  K.A. Ayamperumal  Street  ,
5.Virudhunagar  (M)  Ward  26  Arulappan Street  ,
6.Virudhunagar  (M)  Ward  26  Innasi  Street 7.Virudhunagar  (M)  Ward  26  Edumpan Neeravi  Street  ,
8.Virudhunagar  (M)  Ward  26  Edumpavanam
Street",All  Voters,Tamilaga Vettri Kazhagam,371,221,150,Desiya Murpokku Dravida Kazhagam,3,4,2,1,6,9,9,6,5,9,6,9,9,9,9,18.77346683354193,4
152,142,52,212,341,0,1,0,0,2,0,0,0,0,0,0,750,0,6,756,"Kshatriya  Girls  Middle  School, Mainbuilding  ,North  Side,  16-Aanimuthupilliyar  Street, Virudhunagar","1.Virudhunagar  (M)  Ward  30  Vallikutti  Street
,
2.Virudhunagar  (M)  Ward  26  Krishnamatchari Road  ,
3.Virudhunagar  (M)  Ward  26  Municipal  Office Road  ,
4.Virudhunagar  (M)  Ward  26  Aruppukottai Road  ,
5.Virudhunagar  (M)  Ward  30  Thalaiappan Street  ,
6.Virudhunagar  (M)  Ward  30 Animuthupillaiyar  Kovil  Street  , 7.Virudhunagar  (M)  Ward  30  Kamatchi  Street
,
8.Virudhunagar  (M)  Ward  30  Sundaram Street  ,
9.Virudhunagar  (M)  Ward  26  Romankovil Street  ,
10.Virudhunagar  (M)  Ward  26 Narayanamadam  Street  , 11.Virudhunagar  (M)  Ward  29  T.C.K. Periyasamy  Street  ,
12.Virudhunagar  (M)  Ward  30  Andikinatru
Street",All  Voters,Tamilaga Vettri Kazhagam,341,212,129,Desiya Murpokku Dravida Kazhagam,3,4,2,1,7,6,7,7,5,7,7,7,7,7,7,17.2,2
153,163,75,233,358,0,1,1,2,3,2,0,0,0,0,0,838,0,14,852,"Kshatriya  Girls  Middle  School, Mainbuilding  ,North  Side,16-Aanimuthupilliyar  Street
,Virudhunagar","1.Virudhunagar  (M)  Ward  30 Senthivinayagapuram  1st  street  , 2.Virudhunagar  (M)  Ward  30 Senthivinayagapuram  2nd  Street  , 3.Virudhunagar  (M)  Ward  30 Senthivinayagapuram  3rd  street  , 4.Virudhunagar  (M)  Ward  30  Arupukkottai Road
5.Virudhunagar  (M)  Ward  30  P.P.  Vaiyapuri
Nandavanam  street  ,",All  Voters,Tamilaga Vettri Kazhagam,358,233,125,Desiya Murpokku Dravida Kazhagam,3,4,2,1,10,8,8,6,5,6,10,10,10,10,10,14.91646778042959,7
154,81,18,83,154,0,2,1,0,2,3,0,0,0,1,0,345,0,3,348,"TELC  Middle  School,  North  Block, Centre  Portion  Virudhunagar-626001","1.Virudhunagar  (m)  Ward  29  chinnaiah pallikoodam  street  ,
2.Virudhunagar  (M)  Ward  29  Shanmugam Street  ,
3.Virudhunagar  (M)  Ward  29  T.C.  Kittangi Street  ,
4.Virudhunagar  (M)  Ward  29  M.K.  Grusamy Street  ,
5.Virudhunagar  (M)  Ward  29  V.V.  Vanniyan street  ,
6.Virudhunagar  (M)  Ward  29  Poologan  street  , 7.Virudhunagar  (M)  Ward  29  S.P.S. Periyasamy  Street  ,
8.Virudhunagar  (M)  Ward  29  Vellaiahan  Street",All  Voters,Tamilaga Vettri Kazhagam,154,83,71,Desiya Murpokku Dravida Kazhagam,3,4,2,1,10,6,8,10,6,5,10,10,10,8,10,20.57971014492754,6
155,165,29,146,250,0,0,0,1,2,4,0,0,0,0,0,597,0,3,600,"TELC  Middle  School,  South  Block East  Portion  ,Virudhunagar","1.Virudhunagar  (M)  Ward  29  Muthaiah  Street
,
2.Virudhunagar  (M)  Ward  29  A.S.S.A. Nanthavanam  Street  ,  3.Virudhunagar  (M) Ward  29  T.C.  Sonnaikaruppan  Street  , 4.Virudhunagar  (M)  Ward  29  Sonnaiyan Street  ,
5.Virudhunagar  (M)  Ward  29  Vadiyan  Street  , 6.Virudhunagar  (M)  Ward  29  Malaikovil Street  ,
7.Virudhunagar  (M)  Ward  29  Magu  Ayyan Street  ,
8.Virudhunagar  (M)  Ward  29  T.C.K.
Periyasamy  Street",All  Voters,Tamilaga Vettri Kazhagam,250,165,85,All India Anna Dravida Munnetra Kazhagam,2,4,3,1,8,8,8,7,6,5,8,8,8,8,8,14.23785594639866,7
156,141,32,153,211,0,1,1,0,1,5,0,0,0,0,0,545,0,1,546,"Tamil  Evengalical  Luthran  Church Middle  School,  North  Building  west side  portion  virudhunagar  -626001","1.Virudhunagar  (M)  Ward  28  T.M.P.  Kittaingi Street  ,
2.Virudhunagar  (M)  Ward  28  Kasappukarar Street  ,
3.Virudhunagar  (M)  Ward  29  Andikinatru Street  ,
4.Virudhunagar  (M)  Ward  8 Gurusamykothanar  Street  ,  5.Virudhunagar
(M)  Ward  28  Periyakaliammankovil  Street",All  Voters,Tamilaga Vettri Kazhagam,211,153,58,Desiya Murpokku Dravida Kazhagam,3,4,2,1,9,6,6,9,6,5,9,9,9,9,9,10.64220183486239,6
157,99,26,100,190,1,3,1,0,2,0,0,1,0,1,0,424,0,7,431,"Tamil  Evengalical  Luthran  Church Middle  School,  North  Building  East Side  Portion  ,Virudhunagar-626001","1.Virudhunagar  (M)  Ward  8  A.P.  Shanmugam Street  ,  2.Virudhunagar  (M)  Ward  27 Kamalam  Patchaiappan  street  , 3.Virudhunagar  (M)  Ward  27  Kadalaikarar Street  ,  4.Virudhunagar  (M)  Ward  27 Devasthana  Kittangi  Street  ,  5.Virudhunagar
(M)  Ward  27  K.E.S.  Kittaingi  street  , 6.Virudhunagar  (M)  Ward  27  M.C.
Chithambaram  street",All  Voters,Tamilaga Vettri Kazhagam,190,100,90,Desiya Murpokku Dravida Kazhagam,3,4,2,1,7,5,7,11,6,11,11,7,11,7,11,21.22641509433962,4
158,140,36,173,300,1,2,0,1,2,2,1,0,0,0,1,659,0,7,666,"Municipal  Middle  School Virudhunagar,  New  Building  ,  East Portion  Middle  Portion Ramamoorthy  Road  Virudhunagar","1.Virudhunagar  (m)  Ward  34  kathalampatti street  ,
2.Virudhunagar  (M)  Ward  34  A.P.S. Penpadasalai  street  ,
3.Virudhunagar  (M)  Ward  34  Nethaji  Road  ,
4.Virudhunagar  (M)  Ward  36 Sountharapandian  Road",All  Voters,Tamilaga Vettri Kazhagam,300,173,127,Desiya Murpokku Dravida Kazhagam,3,4,2,1,8,5,12,8,5,5,8,12,12,12,8,19.27162367223065,7
159,166,29,163,284,2,1,1,0,2,3,1,0,0,2,3,657,0,9,666,"Municipal  Middle  School Virudhunagar,  East  Side  ,  New Building  Middle  Portion Ramamoorthy  Road  Virudhunagar-626001","1.Virudhunagar  (M)  Ward  34  (P.M.A. Palanichamy  Road)F.F.  ,
2.Virudhunagar  (M)  Ward  34  Main  Nagaram  , 3.Virudhunagar  (M)  Ward  36  V.O.C.
Chidambaram  St.  (N.N.  Road)",All  Voters,Tamilaga Vettri Kazhagam,284,166,118,All India Anna Dravida Munnetra Kazhagam,2,4,3,1,7,10,10,13,7,5,10,13,13,7,5,17.96042617960426,11
160,71,27,82,152,0,1,0,0,1,1,0,0,0,0,1,336,0,7,343,"Municipal  Middle  School Virudhunagar,  East  Side  ,  New Building  West  Portion Ramamoorthy  Road  Virudhunagar-626001","1.Virudhunagar  (M)  Ward  36  T.T.  Road  , 2.Virudhunagar  (M)  Ward  36  Arupukkottai Road",All  Voters,Tamilaga Vettri Kazhagam,152,82,70,Desiya Murpokku Dravida Kazhagam,3,4,2,1,9,5,9,9,5,5,9,9,9,9,5,20.83333333333334,3
161,153,40,165,198,0,1,0,2,1,13,2,0,0,0,0,575,0,6,581,"Thangammal  Periyasamy  Nadar Municipal  Girls  Hr.  Sec.  School, Mainbuilding,  Northen  west  side, College  Road  ,Virudhunagar","1.Virudhunagar  (m)  Ward  35  ramamoorthy road  1st  ,
2.Virudhunagar  (M)  Ward  35  Ramamoorthy Road  2nd  Street  ,  3.Virudhunagar  (M)  Ward 35  Ramamoorthy  Road  3rd  street  , 4.Virudhunagar  (M)  Ward  35  Ramamoorthy Road  4th  Street  ,
5.Virudhunagar  (M)  Ward  35  Ramamoorthy Road  5th  Street  ,
6.Virudhunagar  (M)  Ward  35  Ramamoorthy Road  6th  Street  ,
7.Virudhunagar  (M)  Ward  35  Ramamoorthy
Road  7th  Street",All  Voters,Tamilaga Vettri Kazhagam,198,165,33,Desiya Murpokku Dravida Kazhagam,3,4,2,1,10,8,10,6,8,5,6,10,10,10,10,5.739130434782608,18
162,120,35,169,241,0,1,3,1,1,3,0,1,0,0,0,575,0,3,578,"Thangammal  Periyasamy  Nadar Municipal  Girls  Hr.  Sec.  School, East  building,  North  side,  College Road  ,Virudhunagar","1.Virudhunagar  (M)  Ward  35  Ramamoorthy Road  (Vishvanatha  ,  2.Virudhunagar  (M)  Ward 35  Ramamoorthy  Main  Road  , 3.Virudhunagar  (M)  Ward  36  L.I.C.  Colony 4.Virudhunagar  (M)  Ward  36  P.P.  Road  1st Steet  ,
5.Virudhunagar  (M)  Ward  36  P.P.  Road  3rd Street  ,
6.Virudhunagar  (M)  Ward  36  P.P.  Road  4th Street  ,
7.Virudhunagar  (M)  Ward  36  P.P.  Road  5th street  ,
8.Virudhunagar  (M)  Ward  36  P.P.Road  6th Street  ,
9.Virudhunagar  (M)  Ward  36  C.C.  Road",All  Voters,Tamilaga Vettri Kazhagam,241,169,72,Desiya Murpokku Dravida Kazhagam,3,4,2,1,11,7,5,7,7,5,11,7,11,11,11,12.52173913043478,6
163,67,16,110,151,1,0,0,0,2,0,0,0,0,1,0,348,0,2,350,"Rao  Bhagathur  M.S.P. Senthilkumara  Nadar  Municipal Primary  School,  South  Side
,Additional  Building  ,West  Room Kullurchandhai  Road,  Virudhunagar-626001","1.Virudhunagar  (m)  Ward  33  muthuraman street  ,
2.Virudhunagar  (M)  Ward  33  Sundaram Street  1  ,
3.Virudhunagar  (M)  Ward  33  Sundaram Street  2  ,
4.Virudhunagar  (M)  Ward  33  Raman  Street",All  Voters,Tamilaga Vettri Kazhagam,151,110,41,Desiya Murpokku Dravida Kazhagam,3,4,2,1,6,8,8,8,5,8,8,8,8,6,8,11.7816091954023,3
164,103,38,185,261,1,0,0,0,1,1,1,0,0,1,1,593,0,8,601,"Rao  Bhagathur  M.S.P. Senthilkumara  Nadar  Municipal Primary  School,  South  Side,  North Facing  East  Portion  ,  Virudhunagar  - 626001","1.Virudhunagar  (M)  Ward  33  Kapilar  Street  , 2.Virudhunagar  (M)  Ward  36  Kullurchandai Road  ,
3.Virudhunagar  (M)  Ward  36
Sangaranarayanapuram  street  , 4.Virudhunagar  (M)  Ward  36  Sappani  Street",All  Voters,Tamilaga Vettri Kazhagam,261,185,76,Desiya Murpokku Dravida Kazhagam,3,4,2,1,5,11,11,11,5,5,5,11,11,5,5,12.81618887015177,5
165,125,45,160,361,0,2,0,0,2,0,0,0,0,0,0,695,0,3,698,"K.P.  Periya  Karuppa  Nadar  Primary School,  North  Building  East  Side, First  Hall  ,  Pound  Street, Virudhunagar-626001","1.Virudhunagar  (M)  Ward  31  Sivanthipuram 1st  Street  ,  2.Virudhunagar  (M)  Ward  31 Sivanthipuram  2nd  Street  ,  3.Virudhunagar
(M)  Ward  31  Sivanthipuram  4th  Street  , 4.Virudhunagar  (M)  Ward  31  Sivanthipuram 5th  Street  ,  5.Virudhunagar  (M)  Ward  31 Sivanthipuram  6th  Street  ,  6.Virudhunagar
(M)  Ward  31  Sivanthipuram  7th  street  , 7.Virudhunagar  (M)  Ward  31  Sivanthipuram 8th  Street  ,  8.Virudhunagar  (M)  Ward  31
Sivanthipuram  9th  Street",All  Voters,Tamilaga Vettri Kazhagam,361,160,201,Desiya Murpokku Dravida Kazhagam,3,4,2,1,7,5,7,7,5,7,7,7,7,7,7,28.92086330935252,2
166,74,27,71,199,1,0,0,0,2,0,0,0,1,2,0,377,0,2,379,"M.K.P.  Periya  Karuppa  Nadar Primary  School,  North  Building West  Side  ,Second  Hall  ,  West  side Pound  Street,Virudhunagar-626001","1.Virudhunagar  (m)  Ward  31  sivanthipuram 10th  street  ,  2.Virudhunagar  (M)  Ward  31 Sivanthipuram  11th  Street  ,  3.Virudhunagar
(M)  Ward  31  Sivanthipuram  12th  Street",All  Voters,Tamilaga Vettri Kazhagam,199,74,125,All India Anna Dravida Munnetra Kazhagam,2,4,3,1,7,9,9,9,5,9,9,9,7,5,9,33.15649867374005,5
167,77,29,167,306,1,1,1,0,1,0,0,0,0,0,1,584,0,3,587,"Rao  Bhagadur  M  S  P  Senthikumara Nadar  Primary  School  ,  West Building  ,East  Facting  North Portion  ,Virudhunagar-626001",1.Virudhunagar  (M)  Ward  31  Sivanthipuram 14th  Street  Serial  No  1-788,All  Voters,Tamilaga Vettri Kazhagam,306,167,139,Desiya Murpokku Dravida Kazhagam,3,4,2,1,5,5,5,10,5,10,10,10,10,10,5,23.8013698630137,2
168,55,28,109,144,0,1,0,0,2,0,0,0,1,0,0,340,0,1,341,"Rao  Bhagadur  MSP  Senthikumara Nadar  Primary  School,  West Building  East  Facing  South  Portion Virudhunagar  -  626001",1.Virudhunagar  (M)  Ward  31  Sivanthipuram 14th  Street  Serial  No  789-1255,All  Voters,Tamilaga Vettri Kazhagam,144,109,35,Desiya Murpokku Dravida Kazhagam,3,4,2,1,8,6,8,8,5,8,8,8,6,8,8,10.29411764705882,3
169,75,37,151,335,2,0,0,0,3,3,1,0,2,0,0,609,0,5,614,"Rao  Bhagadur  M  S  P  Senthikumara Nadar  Primary  School,  South Building  ,  North  Facing,  West Portion  Virudhunagar.","1.Virudhunagar  (M)  Ward  31  Sivanthipuram
13th  Street  2.Virudhunagar  (M)  Ward  31 Sivanthipuram  15th  Street",All  Voters,Tamilaga Vettri Kazhagam,335,151,184,Desiya Murpokku Dravida Kazhagam,3,4,2,1,7,10,10,10,5,5,9,10,7,10,10,30.21346469622332,9
170,103,39,172,359,1,1,0,1,1,2,1,0,0,0,0,680,0,5,685,"K  P  Peria  karuppana  Nadar  Primariy School,  North  Building  Middle Portion,3rd  Room  -  Virudhunagar","1.Virudhunagar  (m)  Ward  31  pownd  street  ,",All  Voters,Tamilaga Vettri Kazhagam,359,172,187,Desiya Murpokku Dravida Kazhagam,3,4,2,1,6,6,11,6,6,5,6,11,11,11,11,27.5,5
171,101,41,112,200,0,1,0,0,0,0,0,0,1,0,1,457,0,1,458,"K  P  Peria  karuppana  Nadar  Primariy School,  West  Side  Hall  No  4  Pound Street  -  Virudhunagar","1.Virudhunagar  (M)  Ward  32  Kullurchandai Road  ,
2.Virudhunagar  (M)  Ward  32  Koppan  Street
3.Virudhunagar  (M)  Ward  32  Sivanthipuram Santhu",All  Voters,Tamilaga Vettri Kazhagam,200,112,88,Desiya Murpokku Dravida Kazhagam,3,4,2,1,8,5,8,8,8,8,8,8,5,8,5,19.25601750547046,2
172,166,53,211,342,1,0,1,1,1,1,1,0,3,1,2,784,0,7,791,"Raobhagathur  M.S.P.  Senthikumara Nadar  Municipal  High  School,  Main Building  East  Room  Virudhunagar-626001","1Virudhunagar  (M)  Ward  32  Thirupathi  Street
,
2.Virudhunagar  (M)  Ward  32  Mariappan Street,
3.Virudhunagar  (M)  Ward  32  Perumal  Street 4.Virudhunagar  (M)  Ward  32  Kumaravel Street  ,
5.Virudhunagar  (M)  Ward  32 Mathunaickenpatti  Pathai(Main)  , 6.Virudhunagar  (M)  Ward  32 Mathunaickenpatti  Pathai  1st  Street  , 7.Virudhunagar  (M)  Ward  32 Mathunaickenpatti  Pathai  2nd  Street  , 8.Virudhunagar  (M)  Ward  32  Muthalamman
Sawadi  Street",All  Voters,Tamilaga Vettri Kazhagam,342,211,131,Desiya Murpokku Dravida Kazhagam,3,4,2,1,7,14,7,7,7,7,7,14,5,7,6,16.70918367346939,10
173,131,29,243,281,1,0,0,0,1,1,1,0,2,1,1,692,0,4,696,"Raobhagathur  M.S.P.  Senthikumara Nadar  Municipal  High  School,  Main Building  west  Room  Virudhunagar-626001","1.Virudhunagar  (m)  Ward  32  vellaian  street  , 2.Virudhunagar  (M)  Ward  33  Sowndamman Kovil  Street  ,
3.Virudhunagar  (M)  Ward  33  Kullurchandai Road  (Main)  ,
4.Virudhunagar  (M)  Ward  33  Kullurchandai Road  1st  Street  ,
5.Virudhunagar  (M)  Ward  33  Mallappan  street
,
6.Virudhunagar  (M)  Ward  33  Velampoor Street  ,
7.Virudhunagar  (M)  Ward  33  Pomman  street  ,",All  Voters,Tamilaga Vettri Kazhagam,281,243,38,Desiya Murpokku Dravida Kazhagam,3,4,2,1,6,12,12,12,6,6,6,12,5,6,6,5.491329479768786,7
174,118,30,132,205,0,0,1,0,2,0,0,0,1,0,0,489,0,4,493,"Raobhagathur  M.S.P.  Senthikumara Nadar  Municipal  High  School,  East Building  West  Facting  North  Portion Virudhunagar-626001","1.Virudhunagar  (M)  Ward  33  Sowndi  1st Street  ,
2.Virudhunagar  (M)  Ward  33  Sowndi  2nd
Street",All  Voters,Tamilaga Vettri Kazhagam,205,132,73,Desiya Murpokku Dravida Kazhagam,3,4,2,1,8,8,6,8,5,8,8,8,6,8,8,14.92842535787321,3
175,106,45,306,380,4,0,0,0,3,0,2,2,0,2,0,850,0,4,854,"K  K  S  S  N  Memorial  Middle  School,
West  Portion-  Rosalpatti","1.Rosalpatti(R.V),  Rosalpatti  (P)  Ward  1
K.K.S.S.N.Nagar",All  Voters,Tamilaga Vettri Kazhagam,380,306,74,Desiya Murpokku Dravida Kazhagam,3,4,2,1,5,10,10,10,6,10,7,7,10,7,10,8.705882352941176,9
176,138,59,204,393,2,1,1,0,2,0,0,1,2,0,0,803,0,5,808,"K  K  S  S  N  Memorial  Middle  School, North  Building  South  Facing  1st room  -  Rosalpatti-626001","1.Rosalpatti  (R.V),  Rosalpatti  (P)  Ward  1 Gandhi  Nagar  Theatre  Roa
2.Rosalpatti  (R.V),  Rosalpatti  (P)  Ward  2  1st
Cross  Street  to  17  Cross  Street",All  Voters,Tamilaga Vettri Kazhagam,393,204,189,Desiya Murpokku Dravida Kazhagam,3,4,2,1,5,8,8,11,5,11,11,8,5,11,11,23.53673723536737,5
177,72,26,164,204,0,0,0,0,1,1,0,0,1,0,0,469,0,4,473,"K  K  S  S  N  Memorial  Middle  School, North  Building  South  Facing  3rd room  -  Rosalpatti-626001","1.Rosalpatti  (R.V),  Rosalpatti  (P)  Ward  1 Gandhi  Nagar  17  Cross  Street  To  50  Cross Street
2.Rosalpatti  (R  V)  Rosalpatti  (P)  Ward  1  and  2
Gandhinagar  ,",All  Voters,Tamilaga Vettri Kazhagam,204,164,40,Desiya Murpokku Dravida Kazhagam,3,4,2,1,8,8,8,8,5,5,8,8,5,8,8,8.528784648187633,3
178,70,47,143,305,1,0,0,0,1,0,1,0,0,0,0,568,0,1,569,"A.C.Sivananaitha  Perumal  Nadar-Chinnammal  Nursury  Primary School  ,East  Main  Building  West Facing  Room  -13  Rosalpatti, Virudhunagar  -626001","1.Rosalpatti(R.V)  ,  Rosalpatti  (P)  Ward  1 Gandhi  Nagar  Serial  No  1-710",All  Voters,Tamilaga Vettri Kazhagam,305,143,162,Desiya Murpokku Dravida Kazhagam,3,4,2,1,5,8,8,8,5,8,5,8,8,8,8,28.52112676056338,2
179,96,18,93,141,1,0,0,0,1,2,0,1,1,1,0,355,0,1,356,"A.C.Sivananaitha  Perumal  Nadar-Chinnammal  Nursury  Primary School,  Main  Building  West  Side East  Facing  Room  Rosalpatti, Virudhunagar","1.Rosalpatti(R.V)  ,  Rosalpatti  (P)  Ward  1 Gandhi  Nagar  Serial  No  711-1247",All  Voters,Tamilaga Vettri Kazhagam,141,96,45,All India Anna Dravida Munnetra Kazhagam,2,4,3,1,6,11,11,11,6,5,11,6,6,6,11,12.67605633802817,6
180,85,23,139,234,4,0,1,0,1,0,0,2,0,1,0,490,0,0,490,"Panchayat  Union  Primary  School, New  Building  West  side  -  Rosalpatti","1.Rosalpatti  (R.V.),  Rosalpatti  (P)  Ward  5 Rosalpatti  ,
2.Rosalpatti(R.V),  Rosalpatti  (P)  Ward  5 Meenakshi  Nagar  ,
3.Rosalpatti(R.V)  Rosalpatti  (P)  Ward  5
Ambethkar  Nagar",All  Voters,Tamilaga Vettri Kazhagam,234,139,95,Desiya Murpokku Dravida Kazhagam,3,4,2,1,5,10,7,10,7,10,10,6,10,7,10,19.38775510204082,4
181,187,37,198,391,1,0,1,0,4,1,0,1,1,2,0,824,0,4,828,"K  K  S  S  N  Memorial  Middle  School, North  building  South  facing  2nd room  Rosalpatti  Virudhunagar  - 626001","1.Rosalpatti  (R  V)  Rosalpatti  (P)  ward  2 Kasduribai  Nagar  ,
2.Rosalpatti  (R  V)  Rosalpatti  (P)  ward  4
Pandian  Nagar",All  Voters,Tamilaga Vettri Kazhagam,391,198,193,Desiya Murpokku Dravida Kazhagam,3,4,2,1,7,12,7,12,5,7,12,7,7,6,12,23.42233009708738,9
182,87,35,216,327,1,1,0,1,2,1,1,0,0,1,1,674,0,3,677,"K  K  S  S  N  Memorial  Middle  School, Eastern  Side  South  building  - Rosalpatti  Virudhunagar  -626001","1.Rosalpatti  (R  V)  Rosalpatti  (P)  Ward  5 Ambathkarnagar  ,
2.Rosalpatti  (R  V)  Rosalpatti  (P)  ward  4  and  5 Thangamani  Colony
3.Rosalpatti  (R  V)  Rosalpatti  (P)  WARD  5  R  V
R  Nagar",All  Voters,Tamilaga Vettri Kazhagam,327,216,111,Desiya Murpokku Dravida Kazhagam,3,4,2,1,6,6,13,6,5,6,6,13,13,6,6,16.46884272997033,7
183,66,13,131,273,3,0,0,0,3,0,0,0,1,4,0,494,0,3,497,"Panchayat  Union  Primary  School, New  Building,  East  Side  ,Roasalpatti
-Virudhunagar","1.Rosalpatti(R.V),  Rosalpatti  (P)  Ward  5 Meenakshi  Nagar  ,
2.Rosalpatti(R.V),  Rosalpatti  (P)  Ward  5
Jakammalpuram",All  Voters,Tamilaga Vettri Kazhagam,273,131,142,Desiya Murpokku Dravida Kazhagam,3,4,2,1,6,9,9,9,6,9,9,9,8,5,9,28.74493927125506,8
184,161,19,155,347,2,0,1,0,0,0,1,0,0,0,1,687,0,4,691,"Panchayat  Union  Primary  School, Anganvadi  Building  ,Roasalpatti  - Virudhunagar-626001","1.Rosalpatti(R.V),Rosalpatti  (P)  Ward  5 Renganathapuram  , 2.Rosalpatti(R.V),Rosalpatti  (P)  Ward  5
Kumarapuram",All  Voters,Tamilaga Vettri Kazhagam,347,161,186,All India Anna Dravida Munnetra Kazhagam,2,4,3,1,5,9,6,9,9,9,6,9,9,9,6,27.07423580786027,2
185,120,46,192,398,4,2,1,0,0,2,0,0,2,1,0,768,0,3,771,"Panchayat  Union  Primary  School, New  Building,  East  Side  ,Roasalpatti
-Virudhunagar","1.Rosalpatti(R.V),Rosalpatti  (P)  Ward  5 Periyar  Nagar  ,
2.Rosalpatti(R.V)  Rosalpatti  (P)  Ward  5 Rosalpatti  ,
3.Rosalpatti(R.V),  Rosalpatti  (P)  Ward  5 Thiraviyanathapuram  , 4.Rosalpatti(R.V),  Rosalpatti  (P)  Ward  5 Thangamani  Colony  , 5.Rosalpatti(R.V),  Rosalpatti  (P)  Ward  5
Jakkammalpuram",All  Voters,Tamilaga Vettri Kazhagam,398,192,206,Desiya Murpokku Dravida Kazhagam,3,4,2,1,5,6,9,11,11,6,11,11,6,9,11,26.82291666666667,5
186,66,42,260,401,2,0,1,0,0,0,2,0,0,0,0,774,0,1,775,"P.S.P.  Thambukaranar  Memorial Seventhday  Matriculation  Higher Secondary  School,  North  building
,West  Side,  1St  Room,Mallankinaru Road,Rosalpatti,  Virudhunagar-626001","1.Rosalpatti  (R  V)  Rosalpatti  (P)  ward  4  K  V  T ROAD  ,
2.Rosalpatti  (R  V)  Rosalpatti  (P)  WARD  4
AnnaNagar",All  Voters,Tamilaga Vettri Kazhagam,401,260,141,Desiya Murpokku Dravida Kazhagam,3,4,2,1,5,8,7,8,8,8,5,8,8,8,8,18.21705426356589,2
187,94,28,190,307,1,0,2,4,1,1,0,0,0,2,0,630,0,1,631,"P.S.P.  Thambukaranar  Memorial Seventhday  Matriculation  Higher Secondary  School,  North  Building
,West  Side,  2nd  Room  ,Mallankinaru Road,Rosalpatti,  Virudhunagar  - 626001","1.Rosalpatti  (R  V)  Rosalpatti  (P)  ward  4  and  5 Thangamani  Colony  ,
2.Rosalpatti  (R  V)  Rosalpatti  (P)  ward  2 Pandian  Nagar  ,
3.Rosalpatti  (R  V)  Rosalpatti  (P)  ward  3
Muthal  Nagar",All  Voters,Tamilaga Vettri Kazhagam,307,190,117,Desiya Murpokku Dravida Kazhagam,3,4,2,1,8,11,6,5,8,8,11,11,11,6,11,18.57142857142857,8
188,74,39,74,222,2,1,0,0,0,1,0,2,1,0,0,416,0,4,420,"Panchayat  Union  Primary  School, North  Building  West  portion, Muthalnagar,  Rosalpatti","1.Rosalpatti(R.V)  ,  Rosalpatti  (P)  Ward  3 Sathiyasai  Nagar",All  Voters,Tamilaga Vettri Kazhagam,222,74,148,Desiya Murpokku Dravida Kazhagam,2,4,2,1,5,7,10,10,10,7,10,5,7,10,10,35.57692307692308,4
189,149,98,211,309,6,0,0,0,1,0,1,0,2,5,2,784,0,1,785,"Panchayat  Union  Primary  School, South  Building  East  Portion, Muthalnagar,  Rosalpatti","1.Rosalpatti(R.V),  Rosalpatti  (P)  Ward  1 Krishna  Street  ,
2.Rosalpatti(R.V),  Rosalpatti  (P)  Ward  2  Alagu Muthu  Street  ,
3.Rosalpatti(R.V),  Rosalpatti  (P)  Ward  3
Jeeva  Street",All  Voters,Tamilaga Vettri Kazhagam,309,211,98,Desiya Murpokku Dravida Kazhagam,3,4,2,1,5,11,11,11,9,11,9,11,7,6,7,12.5,11
190,52,25,98,194,0,0,0,0,1,1,0,0,1,3,0,375,0,2,377,"Panchayat  Union  Primary  School, Middle  Building  East  Portion, Muthalnagar,  Rosalpatti-626001","1.Rosalpatti(R.V),  Rosalpatti  (P)  Ward  1 Kaliamman  kovil  street  ,
2.Rosalpatti(R.V),  Rosalpatti  (P)  Ward  2  Balan Street  ,
3.Rosalpatti(R.V),  Rosalpatti  (P)  Ward  3 Thiyagi  Ulaganathan  Street 4.Rosalpatti(R.V),  Rosalpatti  (P)  Ward  4
Mullumariamman  Kovil  Street",All  Voters,Tamilaga Vettri Kazhagam,194,98,96,Desiya Murpokku Dravida Kazhagam,3,4,2,1,9,9,9,9,6,6,9,9,6,5,9,25.6,6
191,134,25,152,302,4,1,0,0,0,0,1,0,0,0,0,619,0,4,623,"Panchayat  Union  Primary  School, West  Hall  ,South  Side  ,Muthalnagar
,Rosalpatti","1.Rosalpatti(R.V),  Rosalpatti  (p)  Ward  3 M.G.R.Nagar  ,
2.Rosalpatti(R.V),  Rosalpatti  (P)  Ward  3 Ulaganathan  Street  ,
3.Rosalpatti(R.V),  Rosalpatti  (P)  Ward  2
Pandian  Nagar",All  Voters,Tamilaga Vettri Kazhagam,302,152,150,Desiya Murpokku Dravida Kazhagam,3,4,2,1,5,6,8,8,8,8,6,8,8,8,8,24.23263327948304,1
192,175,50,146,366,1,1,2,2,1,0,1,0,1,0,1,747,0,4,751,"Panchayat  Union  Primary  School, East  Building  North  Portion
,Muthalnagar,  Rosalpatti","1.Rosalpatti(R.V),  Rosalpatti  (P)  Ward  3 Muthal  Nagar  ,
2.Rosalpatti(R.V)  ,  Rosalpatti  (P)  Ward  4&5
Thangamani  Colony",All  Voters,Tamilaga Vettri Kazhagam,366,175,191,All India Anna Dravida Munnetra Kazhagam,2,4,3,1,7,7,5,5,7,13,7,13,7,13,7,25.56894243641232,6
193,99,45,142,261,0,0,1,1,0,0,0,0,0,1,0,550,0,6,556,"Panchayat  Union  Primary  School, west  Building  North  Portion, Muthalnagar  ,Rosalpatti","1.Rosalpatti(R.V),  Rosalpatti  (P)  Ward  2 Jakadevi  Nagar",All  Voters,Tamilaga Vettri Kazhagam,261,142,119,Desiya Murpokku Dravida Kazhagam,3,4,2,1,8,8,5,5,8,8,8,8,8,5,8,21.63636363636364,2
194,88,53,143,265,0,0,0,0,2,0,0,0,0,0,0,551,0,7,558,"Panchayat  Union  Primary  School, West  Building  South  Portion, Muthalnagar  ,Rosalpatti-626001","1.Rosalpatti(R.V),  Rosalpatti  (P)  Ward  1 Pandian  Nagar  1St  Cross  to  12  Cross  Street",All  Voters,Tamilaga Vettri Kazhagam,265,143,122,Desiya Murpokku Dravida Kazhagam,3,4,2,1,6,6,6,6,5,6,6,6,6,6,6,22.14156079854809,2
195,108,52,157,304,0,0,0,0,0,0,1,1,1,0,2,626,0,6,632,"Panchayat  Union  Primary  School, Middle  Building  East  Porion, Muthalnagar  ,Rosalpatti-626001","1.Rosalpatti(R.V),  Rosalpatti  (P)  Ward  2 Pandian  Nagar  13  St  Cross  to  21  Cross  Street",All  Voters,Tamilaga Vettri Kazhagam,304,157,147,Desiya Murpokku Dravida Kazhagam,3,4,2,1,9,9,9,9,9,9,6,6,6,9,5,23.48242811501597,5
196,55,25,71,171,0,1,0,0,0,2,0,0,1,1,1,328,0,3,331,"A.C.Sivananaitha  Perumal  Nadar-Chinnammal  Nursury  Primary School,  North  Building  East  Room, Rosalpatti  Virudhunagar  -626001","1.Rosalpatti(R.V),Rosalpatti  (P)  Ward  2 Pandian  Nagar",All  Voters,Tamilaga Vettri Kazhagam,171,71,100,Desiya Murpokku Dravida Kazhagam,3,4,2,1,10,6,10,10,10,5,10,10,6,6,6,30.48780487804878,5
197,134,36,148,226,0,0,0,0,1,0,1,0,0,1,2,549,0,6,555,"A.C.Sivananaitha  Perumal  Nadar-Chinnammal  Nursury  Primary School,  North  Building  West  Room, Rosalpatti  -626001","1.Rosalpatti(R.V),  Rosalpatti  (P)  Ward  3 Muthal  Nagar  ,
2.Rosalpatti(R.V),  Rosalpatti  (P)  Ward  4
Radhakrishnan  Compound  3.Rosalpatti(R.V), Rosalpatti  (P)  Ward  4  Kasthuribai  Nagar",All  Voters,Tamilaga Vettri Kazhagam,226,148,78,Desiya Murpokku Dravida Kazhagam,3,4,2,1,9,9,9,9,6,9,6,9,9,6,5,14.20765027322404,5
198,234,42,364,380,1,0,1,1,1,1,2,0,0,4,1,1032,0,7,1039,"Hindu  Middle  school,  North  Side West  Portion,  P.Kumaralingapuram Valliyur(P))","1.P.Kumaralingapuram(R.V)  ,  Valliyur  (P) Ward  1  Valliyur  , 2.P.Kumaralingapuram(R.V),  Valliyur  (P) Ward  2  Valliyur  ,  3.P.Kumaralingapuram(R.V)
,  Valliyur  (P)  Ward  3  P.Kumaralingapuram",All  Voters,Tamilaga Vettri Kazhagam,380,364,16,Desiya Murpokku Dravida Kazhagam,3,4,2,1,7,13,7,7,7,7,6,13,13,5,7,1.550387596899225,10
199,93,15,84,113,0,1,1,0,0,0,0,1,1,0,0,309,0,4,313,"Hindu  Middle  school,  West  Side Southt  Portion, P.Kumaralingapuram  Valliyur(P)","1.P.Kumaralingapuram(R.V),Valliyur  (P)  Ward 5  P.Kumaralingapuram",All  Voters,Tamilaga Vettri Kazhagam,113,93,20,All India Anna Dravida Munnetra Kazhagam,2,4,3,1,9,5,5,9,9,9,9,5,5,9,9,6.472491909385113,2
200,125,15,188,101,0,0,0,0,0,0,0,1,0,3,0,433,0,1,434,"Panchayat  Union  Primary  School, Main  Building  V.Sundaralingapuram,  Virudhunagar
-626103.","1.P.Kumaralingapuram(R.V),Valliyur  (P)  Ward 4  Sundaralingapuram  ,",All  Voters,Desiya Murpokku Dravida Kazhagam,188,125,63,All India Anna Dravida Munnetra Kazhagam,2,4,1,3,7,7,7,7,7,7,7,6,7,5,7,14.54965357967667,4
201,143,18,129,164,0,0,1,0,3,0,0,0,1,0,1,460,0,2,462,"Panchayat  Union  Primary  School
Veerachelliyapuram","1.Meesaloor(R.V),  Veerachalliahpuram  (P)
Ward  1  Veerachalliahpuram",All  Voters,Tamilaga Vettri Kazhagam,164,143,21,All India Anna Dravida Munnetra Kazhagam,2,4,3,1,9,9,6,9,5,9,9,9,6,9,6,4.565217391304348,5
202,154,47,161,175,1,1,0,1,0,1,0,0,1,0,1,543,0,3,546,"T.A.S  Government  Hr.  Sec.  School, North  Side  South  Facing  1st  room from  west  Meesaloor","1.Meesalur(R.V),  Meesalur  (P)  Ward  1 Meesalur",All  Voters,Tamilaga Vettri Kazhagam,175,161,14,Desiya Murpokku Dravida Kazhagam,3,4,2,1,5,5,11,5,11,5,11,11,5,11,5,2.578268876611418,4
203,185,20,143,120,0,0,0,1,0,1,0,2,0,0,0,472,0,0,472,"T.A.S  Government  Hr.  Sec.  School, North  side,  South  Facing,  1st  room form  East,  Meesaloor","1.Meesalur(R.V),  Meesalur  (P)  Ward  2 Meesalur  ,
2.Meesalur(R.V),  Meesalur  (P)  Ward  3
Meesalur",All  Voters,All India Anna Dravida Munnetra Kazhagam,185,143,42,Desiya Murpokku Dravida Kazhagam,1,4,2,3,8,8,8,6,8,6,8,5,8,8,8,8.898305084745763,4
204,101,60,299,186,13,0,0,0,4,0,1,0,1,1,0,666,0,1,667,"T.A.S.  Government  Hr.  Sec.  School, North  building  ,Meesalur  -626003","1.Meesalur(R.V),  Meesalur  (P)  Ward  5 Sevalpatti,  Rajagopalapuram  , 2.Meesalur(R.V),  Meesalur  (P)  Ward  4 Meesalur",All  Voters,Desiya Murpokku Dravida Kazhagam,299,186,113,Tamilaga Vettri Kazhagam,3,4,1,2,5,10,10,10,6,10,7,10,7,7,10,16.96696696696697,7
205,123,36,232,229,0,0,0,0,4,1,1,0,4,2,1,633,0,5,638,"T.E.L.C.  Primary  School,  West
Portion,  Alagapuri-626003","1.Alagapuri(R.V.),Alagapuri  (P)  Ward  1  North,
Middle,  West  Street",All  Voters,Desiya Murpokku Dravida Kazhagam,232,229,3,Tamilaga Vettri Kazhagam,3,4,1,2,11,11,11,11,5,8,8,11,5,7,8,0.4739336492890995,13
206,121,21,119,161,3,0,0,0,2,2,2,0,1,1,0,433,0,0,433,"T.E.L.C.  Primary  School,  East
Portion,  Alagapuri-626003","1.Alagapuri(R.V),  Alagapuri  (P)  Ward  2  East
Street",All  Voters,Tamilaga Vettri Kazhagam,161,121,40,All India Anna Dravida Munnetra Kazhagam,2,4,3,1,5,11,11,11,6,6,6,11,9,9,11,9.237875288683602,8
207,89,54,254,354,13,0,0,0,5,0,0,0,1,2,0,772,0,7,779,"Panchayat  Union  Primary  School, North  Side  New  building Kooraikundu","1.Kooraikundu(  R.V),  Kooraikundu  (P) 1.Kooraikundu",All  Voters,Tamilaga Vettri Kazhagam,354,254,100,Desiya Murpokku Dravida Kazhagam,3,4,2,1,5,9,9,9,6,9,9,9,8,7,9,12.95336787564767,8
208,123,44,282,244,13,1,2,0,6,0,0,0,2,1,1,719,0,2,721,"Anganwadi  New  Building,  North Facing  Kooraikundu","1.Kooraikundu(R.V.),  Kooraikundu  (P)  C.O. Colony,  Soolaikaraimedu,  2.Kooraikundu( R.V),  Kooraikundu  (P)  Kooraikundu",All  Voters,Desiya Murpokku Dravida Kazhagam,282,244,38,Tamilaga Vettri Kazhagam,3,4,1,2,5,9,7,12,6,12,12,12,7,9,9,5.285118219749652,10
209,99,78,275,233,19,1,1,0,2,0,1,1,4,2,1,717,0,7,724,"Dhamu  Memorial  Matric  school, South  Building  East  Side  Sevelpatti  - 626001","1.Kooraikundu(R.V),  Kooraikundu  (P) Sevalpatti",All  Voters,Desiya Murpokku Dravida Kazhagam,275,233,42,Tamilaga Vettri Kazhagam,3,4,1,2,5,9,9,14,7,14,9,9,6,7,9,5.857740585774058,11
210,95,43,228,318,1,0,1,0,1,0,0,0,0,0,1,688,0,3,691,"Standard  Nursery  &  Primary  School, Soolakarai,  East  Building  -Soolakarai","1.Kooraikundu(R.V.),  Kooraikundu  (P)  South Street  Soolakaraimedu",All  Voters,Tamilaga Vettri Kazhagam,318,228,90,Desiya Murpokku Dravida Kazhagam,3,4,2,1,5,9,5,9,5,9,9,9,9,9,5,13.08139534883721,2
211,49,26,121,262,5,0,1,0,0,0,0,1,0,0,0,465,0,2,467,"Standard  Nursery  &  Primary  School, Soolakarai,,  Main  Building  East  Side-Soolakarai","1.Kooraikundu(R.V.),  Kooraikundu  (P)  North Street  Soolakaraimedu  Serial  No  1-722",All  Voters,Tamilaga Vettri Kazhagam,262,121,141,Desiya Murpokku Dravida Kazhagam,3,4,2,1,5,8,6,8,8,8,8,6,8,8,8,30.32258064516129,1
212,53,13,115,114,5,0,1,0,4,0,1,0,0,1,0,307,0,1,308,"Standar  Nursery  and  Primary School,  Main  Building  west  side Soolakarai","1.Kooraikundu(R.V.),  Kooraikundu  (P)  North Street  Soolakaraimedu  Serial  No  723-1228",All  Voters,Desiya Murpokku Dravida Kazhagam,115,114,1,Tamilaga Vettri Kazhagam,3,4,1,2,5,10,7,10,6,10,7,10,10,7,10,0.3257328990228013,6
213,48,33,108,155,2,2,0,0,1,1,0,0,0,1,0,351,0,4,355,"Dhamu  Memorial  Matric school,West  Building  North  Hall Sevelpatti  -626001","2.Kooraikundu(R.V.),  Kooraikundu  (P) Madern  Nagar",All  Voters,Tamilaga Vettri Kazhagam,155,108,47,Desiya Murpokku Dravida Kazhagam,3,4,2,1,5,5,10,10,7,7,10,10,10,7,10,13.39031339031339,3
214,29,21,38,110,1,0,0,0,0,0,0,0,0,0,1,200,0,1,201,"Dhamu  Memorial  Matric  School, Sevalpatti,  West  Building,  Sevalpatti","1.Kooraikundu(R.V),  Kooraikundu  (P) Reserve  Line",All  Voters,Tamilaga Vettri Kazhagam,110,38,72,Desiya Murpokku Dravida Kazhagam,3,4,2,1,5,7,7,7,7,7,7,7,7,7,5,36.0,1
215,151,34,161,359,2,0,0,0,1,1,0,0,0,1,0,710,0,3,713,"Sowdambigai  Her.Sec.School, Allampatti,  Virudhunagar,  South Side  Middle  Portion  (East  Aspestos Building)  Allampatti-626001","1.Allampatti(R.V),  Kooraikundu  (P)  Ward  3 Kottaipatti,  Allampatti,  Kulurchandai  Road  , 2.Allampatti(R.V),  Kooraikundu  (P)  Ward  3 Kottaipatti,  Allampatti  1st  street,",All  Voters,Tamilaga Vettri Kazhagam,359,161,198,Desiya Murpokku Dravida Kazhagam,3,4,2,1,5,9,9,9,6,6,9,9,9,6,9,27.88732394366197,3
216,72,17,123,223,3,0,0,0,1,0,1,1,0,0,1,442,0,0,442,"Sowdambigai  Her.Sec.School, Allampatti,  Virudhunagar,  West Building  South  Room  Allampatti Virudhunagar-626001","1.Allampatti(R.V),  Kooraikundu  (P)  Ward  3 Kottaipatti,  Allampatti  2nd  Street  , 2.Allampatti(R.V),  Kooraikundu  (P)  Ward  3 Kottaipatti,  Allampatti  3rd  Street",All  Voters,Tamilaga Vettri Kazhagam,223,123,100,Desiya Murpokku Dravida Kazhagam,3,4,2,1,5,10,10,10,6,10,6,6,10,10,6,22.62443438914027,4
217,75,22,160,240,1,0,0,0,3,0,0,0,0,1,0,502,0,2,504,"I.C.D.S.  Anganvadi  Centre, Muthuramalinganagar  East  facing New  Building  Kottaipatti-Allampatti","1.Allampatti(R.V)Kooraikundu  (p)  Ward  3 Kottaipatti,  Allampatti  1st  street",All  Voters,Tamilaga Vettri Kazhagam,240,160,80,Desiya Murpokku Dravida Kazhagam,3,4,2,1,6,8,8,8,5,8,8,8,8,6,8,15.93625498007968,4
218,110,25,141,162,1,1,0,1,3,1,1,0,1,1,0,448,0,2,450,"Virudhunagar  Matriculation  School, U.SethuRamu  Thevar  Poomalai ammal  Block,  North  Facing  west portion  Virudhunagar","1.Allampatti(R.V),  Kooraikundu  (P)  Ward  3 Kottaipatti,  Allampatti  2nd  Street",All  Voters,Tamilaga Vettri Kazhagam,162,141,21,Desiya Murpokku Dravida Kazhagam,3,4,2,1,6,6,13,6,5,6,6,13,6,6,13,4.6875,8
219,71,34,148,190,0,2,0,0,1,0,0,0,0,4,0,450,0,3,453,"Hajee  P  Syed  Mohamed  Hr  Sec School,  North  Building  West  Corner Room","1.Allampatti(R.V),  Kooraikundu  (P)  Ward  3 Kottaipatti,  Allampatti  3rd  Street  ,",All  Voters,Tamilaga Vettri Kazhagam,190,148,42,Desiya Murpokku Dravida Kazhagam,3,4,2,1,8,6,8,8,7,8,8,8,8,5,8,9.333333333333334,5
220,77,46,151,333,1,2,0,0,0,1,0,0,0,0,0,611,0,2,613,"Hajee  P  Syed  Mohamed  Higher Secondary  School,  South  Building West  Corner  Room,  Virudhunagar","1.Allampatti(R.V),  Kooraikundu(P)  Ward  3 Old  Sivakasi  Road",All  Voters,Tamilaga Vettri Kazhagam,333,151,182,Desiya Murpokku Dravida Kazhagam,3,4,2,1,6,5,8,8,8,6,8,8,8,8,8,29.78723404255319,1
221,144,33,112,301,0,0,0,0,1,2,0,1,0,0,0,594,0,3,597,"Sowdambigai  Hr.  Sec.  School,  West Pucca  Building,  North  Side Allampatti  Virudhunagar","1.Allampatti(R.V),Kooraikundu(P)  Ward  4 Kumarasamy  Street",All  Voters,Tamilaga Vettri Kazhagam,301,144,157,All India Anna Dravida Munnetra Kazhagam,2,4,3,1,8,8,8,8,6,5,8,6,8,8,8,26.43097643097643,4
222,64,16,85,183,2,0,1,0,1,0,0,0,1,1,0,354,0,1,355,"Sowdambigai  Hr.  Sec.  School,  West Building  South  Room  Allampatti Virudhunagar-626001","1.Allampatti(R.V),  Kooraikundu  (P)  Ward  4, Mottaiyan  Street  ,",All  Voters,Tamilaga Vettri Kazhagam,183,85,98,Desiya Murpokku Dravida Kazhagam,3,4,2,1,5,10,6,10,6,10,10,10,6,6,10,27.68361581920904,3
223,100,35,118,249,1,0,0,0,0,1,1,0,2,2,0,509,0,3,512,"VP  Periasamy  Nadar  Primary School,  Main  Building  East  side south  Facing  Room  No-6 Virudhunagar","1.Allampatti(R.V),  Kooraikundu  (P)  Ward  4 Kannapiran  Street.  ,
2.Allampatti(R.V),  Kooraikundu  (P)ard  4,
Perumal  Kovil  Street,",All  Voters,Tamilaga Vettri Kazhagam,249,118,131,Desiya Murpokku Dravida Kazhagam,3,4,2,1,7,10,10,10,10,7,7,10,5,5,10,25.73673870333988,6
224,120,43,130,381,0,1,0,1,1,1,3,0,1,3,0,685,0,6,691,"Sowdambigai  Her.Sec.School, Allampatti,  Virudhunagar,  North Building  South  Room  Allampatti Virudhunagar  -626001","1.Allampatti(R.V),  Kooraikundu  (P)  Ward  5 Kamarajar  Salai
2.Allampatti(R.V),  Kooraikundu  (P)  Ward  5
Sundaram  Street,",All  Voters,Tamilaga Vettri Kazhagam,381,130,251,Desiya Murpokku Dravida Kazhagam,3,4,2,1,12,7,12,7,7,7,5,12,7,5,12,36.64233576642336,10
225,80,31,107,227,2,0,0,0,1,0,1,1,1,1,0,452,0,5,457,"Sowdambigai  Hr.Sec.School, Allampatti,  Virudhunagar,  North Building  ,North  Room  Allampatti Virudhunagar-626001","1.Allampatti(R.V),  Kooraikundu  (P)Ward  5 Raman  Street",All  Voters,Tamilaga Vettri Kazhagam,227,107,120,Desiya Murpokku Dravida Kazhagam,3,4,2,1,5,11,11,11,6,11,6,6,6,6,11,26.54867256637169,5
226,60,23,103,198,2,0,0,0,0,0,1,0,0,0,0,387,0,1,388,"VP  Periasamy  Nadar  Primary School,  Main  Building  Middle Portion  South  Facing  Room-7 Virudhunagar","2.Allampatti(R.V),  Kooraikundu(P)  Ward  4 Kanthan  Street  ,",All  Voters,Tamilaga Vettri Kazhagam,198,103,95,Desiya Murpokku Dravida Kazhagam,3,4,2,1,5,7,7,7,7,7,6,7,7,7,7,24.54780361757106,1
227,126,54,160,437,2,4,0,0,1,2,0,1,0,1,1,789,0,7,796,"Sowdambigai  Primary  School,  South Side  back  Building  (Tiled  Building
)Allampatti  Virudhunagar-626001","1.Allampatti(R.V),  Kooraikundu  (P)  Ward  6 Veeraraman  Street  ,
2.Allampatti(R.V),  Kooraikundu  (P)  Ward  6
Hanuman  Nagar",All  Voters,Tamilaga Vettri Kazhagam,437,160,277,Desiya Murpokku Dravida Kazhagam,3,4,2,1,6,5,12,12,8,6,12,8,12,8,8,35.10773130544994,6
228,146,44,157,291,1,1,1,0,3,1,0,0,2,4,0,651,0,1,652,"V.P.Periasamy  nadar  Primary School,  West  building  south  portion room  no  1  Pavundu  Street, Muthuramanpatti,  Virudhunagar","1.Allampatti(R.V),  Kooraikundu  (p)  Ward  6 Raman  Street,  ,  2.Allampatti(R.V), Kooraikundu  (P)  Ward  6  Muthuraman  Street  , 3.Allampatti(R.V),  Kooraikundu  (P)  Ward  5
Sundaram  Street  Raman  Street",All  Voters,Tamilaga Vettri Kazhagam,291,157,134,Desiya Murpokku Dravida Kazhagam,3,4,2,1,8,8,8,12,6,8,12,12,7,5,12,20.58371735791091,10
229,101,38,140,334,1,0,0,1,1,0,1,1,1,1,0,620,0,6,626,"V.P.Periasamy  nadar  primary School,  West  building  south  portion room  No.2  Pavundu  street, Muthuramanpatti  Virudhunagar","1.Allampatti(R.V),Kooraikundu  (p)  Ward  6 Allampatti,  Raman  Street  ,  2.Allampatti(R.V), Kooraikundu  (P)  Ward  6  Selvakali  Street  , 3.Allampatti(R.V),  Kooraikundu  (P)  Ward  6
Sivanantham  street",All  Voters,Tamilaga Vettri Kazhagam,334,140,194,Desiya Murpokku Dravida Kazhagam,3,4,2,1,5,12,12,5,5,12,5,5,5,5,12,31.29032258064516,6
230,107,31,136,233,1,0,0,0,2,1,0,0,1,0,0,512,0,5,517,"V.P.Periasamy  Nadar  primary school,  west  building  Middle  Portion Room  no  3  Pavundu  Street, Muthuramanpatti  Virudhunagar","1.Allampatti(R.V),  Kooraikundu  (P)  Ward  6 Kamarajarpuram",All  Voters,Tamilaga Vettri Kazhagam,233,136,97,Desiya Murpokku Dravida Kazhagam,3,4,2,1,6,9,9,9,5,6,9,9,6,9,9,18.9453125,4
231,130,73,235,440,1,0,1,1,5,1,3,1,4,0,1,896,0,6,902,"V.P.Periasamy  nadar  Primary School,  West  building  North  Portion Room  no  4  Pavundu  street, Muthuramanpatti,  Virudhunagar","1.Allampatti(R.V)  ,  Kooraikundu  (P)  Ward  6 Hanuman  Nagar,  Virudhunagar.
2.Allampatti(R.V),  Kooraikundu  (P)  Ward  6
M.G.R.  Nagar  ,",All  Voters,Tamilaga Vettri Kazhagam,440,235,205,Desiya Murpokku Dravida Kazhagam,3,4,2,1,8,14,8,8,5,8,7,8,6,14,8,22.87946428571428,16
232,100,55,152,444,0,0,1,0,6,1,0,0,1,0,1,761,0,2,763,"V.P.Periasamy  nadar  Primary School,  West  building  North  Portion Room  no  5  Pavundu  street, Muthuramanpatti,  Virudhunagar","1.Allampatti(R.V),  Kooraikundu  (P)  Ward  6 Allampatti  Hanuman  Nagar,  Virudhunagar.
2.  Allampatti(R.V),  Kooraikundu  (P)  Ward  6
Allampatti  M.G.R.  Colony  1st,  Virudhunagar.",All  Voters,Tamilaga Vettri Kazhagam,444,152,292,Desiya Murpokku Dravida Kazhagam,3,4,2,1,10,10,6,10,5,6,10,10,6,10,6,38.37056504599212,9
233,178,54,208,183,1,0,0,0,4,1,4,2,2,3,0,640,0,3,643,"Panchayat  Union  Middle  School North  Building,  South  Facing, Thathampatti-626002","1.Thathampatti(R.V.,Thathampatti  (P)  Ward 1  Periya  Thathampatti  Naicker  &
Adhithiravidar  Street,",All  Voters,Desiya Murpokku Dravida Kazhagam,208,183,25,Tamilaga Vettri Kazhagam,3,4,1,2,10,12,12,12,5,10,5,8,8,7,12,3.90625,16
234,84,86,226,193,12,0,1,1,4,1,0,0,4,4,3,619,0,3,622,"Panchayat  Union  Primary  School, North  Side,  New  Building Chinnathathampatti-626003","1.Thathampatti  (R.V),  Thathampatti(P)  Ward 2  Adhithiravidar  street,  Chinnathathampatti
,  2.Thathampatti(R.V),Valavanthalpuram  (P)
Ward  3  Valavanthalpuram",All  Voters,Desiya Murpokku Dravida Kazhagam,226,193,33,Tamilaga Vettri Kazhagam,4,3,1,2,5,13,10,10,6,10,13,13,6,6,9,5.331179321486267,17
235,286,90,231,246,1,0,0,1,4,0,1,0,0,5,2,867,0,4,871,"Panchayat  Union  Middle  School, North  Side  New  Building  , Ondippulinayakkanur-  626119","1.Ondipulinayakanur (R.V),Ondipulinayakanur(P)  Ward  1 Ondipulinayakanur  , 2.Ondipulinayakanur.(R.V), Ondipulinayakanur(P)  Ward  4  Naduvapatti 3.Ondipulinayakanur (R.V),Ondipulinayakanur  (P)  Ward  2
Ondipulinayakanur",All  Voters,All India Anna Dravida Munnetra Kazhagam,286,246,40,Tamilaga Vettri Kazhagam,1,4,3,2,8,11,11,8,6,11,8,11,11,5,7,4.61361014994233,13
236,206,77,172,172,1,0,0,1,1,0,2,0,0,1,0,633,0,3,636,"Panchayat  Union  Primary  School, East  Side  New  Building  west  Side, Ondippulinayakkanur","1.Ondipulinayakanur(R.V.), Ondipulinayakanur  (P)  Ward  3 Ondipulinayakanur  , 2.Ondipulinayakanur(R.V),Ondipulinayakanur
(P)  Ward  5  Mundalapuram 3.Ondipulinayakanur (R.V.)Ondipulinayakanur(P)  Ward  4
Mundalapuram  ,",All  Voters,All India Anna Dravida Munnetra Kazhagam,206,172,34,Tamilaga Vettri Kazhagam,1,4,2,2,6,10,10,6,6,10,5,10,10,6,10,5.371248025276461,5
237,193,14,146,228,1,0,2,1,3,0,1,0,0,1,0,590,0,3,593,"Panchayat  Union  Primary  School, Muthalapuram","1.Ondipulinayakanur(R.V),  Muthulapuram  (P) Ward  1  Muthulapuram  , 2.Ondipulinayakanur(R.V),  Muthulapuram  (P)
Ward  2  Muthulapuram",All  Voters,Tamilaga Vettri Kazhagam,228,193,35,All India Anna Dravida Munnetra Kazhagam,2,4,3,1,7,11,6,7,5,11,7,11,11,7,11,5.932203389830509,6
238,141,42,212,151,0,0,0,0,1,0,0,0,0,1,0,548,0,5,553,"Panchayat  Union  Primary  School, New  building  South  Side, Sangaralingapuram","1.Ondipulinayakanur(R.V),Sangaralingapuram
(P)  Ward  1  Sangaralingapuram  , 2.Ondipulinayakanur(R.V), Sangaralingapuram(P)  Ward  2 Sangaralingapuram  , 3.Ondipulinayakanur(R.V), Sangaralingapuram  Ward  3
Sangaralingapuram",All  Voters,Desiya Murpokku Dravida Kazhagam,212,151,61,Tamilaga Vettri Kazhagam,3,4,1,2,7,7,7,7,5,7,7,7,7,5,7,11.13138686131387,2
239,105,14,108,150,1,0,0,0,1,0,0,0,0,0,0,379,0,2,381,"Panchayat  Union  Primary  School, New  Building  West  Side,(Centre) Sangaralingapuram-626119","1.Ondipulinayakanur(R.V), Sangaralingapuram  (P)  Ward  1  Middle  Street  , 2.Ondipulinayakanur(R.V), Sangaralingapuram  (P)  Ward  2  West  Street  , 3.Ondipulinayakanur(R.V), Sangaralingapuram  (P)  Ward  3  Amman  Kovil Street  ,
4.Ondipulinayakanur(R.V),
Sangaralingapuram  (P)  Ward  4  Seetha  Street",All  Voters,Tamilaga Vettri Kazhagam,150,108,42,Desiya Murpokku Dravida Kazhagam,3,4,2,1,5,7,7,7,5,7,7,7,7,7,7,11.08179419525066,1
240,146,10,175,149,0,0,0,0,0,0,0,1,0,1,0,482,0,1,483,"Panchayat  Union  Primary  School, South  Side  Old  Building Sangaralingapuram-626119","1.Ondipulinayakanur(R.V), Sangaralingapuram  (P)  Ward  1  East  Street 2.Ondipulinayakanur(R.V), Sangaralingapuram  (P)  Ward  2  South  Street  , 3.Ondipulinayakanur(R.V), Sangaralingapuram  (P)  Ward  3  Koodeswaran Nagar  ,  4.Ondipulinayakanur(R.V), Sangaralingapuram  (P)  Ward  4  Nagargovil Street  ,
5.Ondipulinayakanur(R.V), Sangaralingapuram  (P)  Ward  5  Kammapatti Street  ,  6.Ondipulinayakanur(R.V), Sangaralingapuram  (P)  Ward  6  Sivan  Kovil
Street",All  Voters,Desiya Murpokku Dravida Kazhagam,175,149,26,Tamilaga Vettri Kazhagam,3,4,1,2,7,7,7,7,7,7,7,5,7,5,7,5.394190871369295,2
241,202,24,241,222,0,1,2,0,1,0,0,0,1,0,0,694,0,0,694,"Panchayat  Union  Middle  School, New  North  Side  Building, O.Kovilpatti","1.Ondipulinayakanur(R.V),  O.Kovilpatti  (P) Ward  1  O.Kovilpatti  , 2.Ondipulinayakanur(R.V),  O.Kovilpatti  (P)
Ward  2  O.Kovilpatti",All  Voters,Desiya Murpokku Dravida Kazhagam,241,222,19,Tamilaga Vettri Kazhagam,3,4,1,2,9,6,5,9,6,9,9,9,6,9,9,2.737752161383285,2
242,140,20,224,187,2,0,5,2,2,0,1,0,0,3,1,587,0,2,589,"Panchayat  Union  Middle  School, South  Building,East  Side  - O.Kovilpatti","1.Ondipulinayakanur(R.V),O.Kovilpatti  (P) Ward  2&3  O.Kovilpatti  , 2.Ondipulinayakanur(R.V),  O.Kovilpatti  (P) Ward  2  O.Kovilpatti",All  Voters,Desiya Murpokku Dravida Kazhagam,224,187,37,Tamilaga Vettri Kazhagam,3,4,1,2,7,12,5,7,7,12,10,12,12,6,10,6.303236797274275,9
243,117,10,308,161,2,0,1,1,5,0,1,1,2,2,1,612,0,4,616,"Panchayat  Union  Primary  School, Eastern  Side  New  Building Inamreddiapatti  -626003","1.Enamreddiyapatti  (R.V),Enamreddiyapatti
(P)  Ward  1  Enamreddiyapatti  Naicker  Mela Street  , 2.Enamreddiyapatti(R.V),Enamreddiyapatti
(P)  Ward  2,  Enamreddiyapatti  Naicker
Middle,  kee",All  Voters,Desiya Murpokku Dravida Kazhagam,308,161,147,Tamilaga Vettri Kazhagam,3,4,1,2,6,14,9,9,5,14,9,9,6,6,9,24.01960784313725,13
244,49,21,279,227,2,0,17,1,1,1,0,0,1,4,1,604,0,1,605,"Panchayat  Union  Primary  School, West  Side,  New  Building, Inamreddiyapatti","1.Enamreddiyapatti(R.V),Enamreddiyapatti
(P)  Ward  3  R.C.Church  Street,  Adhithiravidar colony,",All  Voters,Desiya Murpokku Dravida Kazhagam,279,227,52,Tamilaga Vettri Kazhagam,3,4,1,2,7,13,5,8,8,8,13,13,8,6,8,8.609271523178808,9
245,75,46,250,291,12,1,3,0,4,0,1,1,7,4,0,695,0,2,697,"Panchayat  Union  Pry.  School,  West Building  East  Facing Inammreddiapatti-626003","1.Enamreddiyapatti  (R.V),  Puliankulam(R.V)
,Patchakulam(R.V),Enamreddiyapatti(P)  Ward 4  Veerakkudumpanpatti,  Puliankulam,
Patchakulam",All  Voters,Tamilaga Vettri Kazhagam,291,250,41,Desiya Murpokku Dravida Kazhagam,3,4,2,1,5,10,9,13,7,13,10,10,6,7,13,5.899280575539569,17
246,97,49,208,164,24,1,1,0,4,0,3,1,1,8,0,561,0,0,561,"Panchayat  Union  Middle  School, South  Building  East  Side  Maruluthu-626003","1.Maruluthu(R.V)Maruluthu  (P)  Ward  1 Maruluthu  North  Street  ,
2.Maruluthu  (R.V),  Maruluthu  (P)  Ward  2 Maruluthu  Kamarajar  Street  ,   , 3.Maruluthu  (R.V),Maruluthu(P)  Ward  3 Allakathipatti  ,
4.Vaipoottanpatti(R.V),  Maruluthu  (P)  Ward  4
Vaipoottanpatti",All  Voters,Desiya Murpokku Dravida Kazhagam,208,164,44,Tamilaga Vettri Kazhagam,3,4,1,2,5,9,9,13,7,13,8,9,9,6,13,7.84313725490196,17
247,53,42,121,146,91,1,2,0,5,0,0,0,1,3,0,465,0,1,466,Panchayat  Union  MIddle  School West  Building  South  Side  Room Maruluthu  -  626003,"3.Maruluthu(R.V),Maruluthu  (P)  Ward  3 Maruluthu  ,",All  Voters,Tamilaga Vettri Kazhagam,146,121,25,Desiya Murpokku Dravida Kazhagam,4,5,2,1,3,9,8,11,6,11,11,11,9,7,11,5.376344086021505,9
248,127,10,209,61,1,0,0,0,1,0,1,0,0,5,0,415,0,3,418,"Panchayat  Union  Primary  School, P.Meenachipuram-626003","1.Pattamputhur(R.V),Pattamputhur  (P)  Ward 1  P.Meenakshiputam",All  Voters,Desiya Murpokku Dravida Kazhagam,209,127,82,All India Anna Dravida Munnetra Kazhagam,2,4,1,3,6,9,9,9,6,9,6,9,9,5,9,19.75903614457831,7
249,121,17,325,311,5,0,0,0,3,0,0,0,2,4,0,788,0,0,788,"Panchayat  Union  Primary  School, New  Building,  Ettanaickenpatti-626003","1.Pattamputhur(R.V.),  Pattamputhur  (P)  Ward 1  Ettanaickenpatti",All  Voters,Desiya Murpokku Dravida Kazhagam,325,311,14,Tamilaga Vettri Kazhagam,3,4,1,2,5,9,9,9,7,9,9,9,8,6,9,1.776649746192894,9
250,133,81,227,301,19,0,1,0,1,1,2,2,6,4,1,779,0,6,785,"Panchayat  Union  Middle  School, South  Side  Western  Building,  East Portion  North  Facing  Pattampudhur-626003","1.Pattamputhur  (R.V),Pattamputhur  (P)  Ward 2  Pattamputhur  , 2.Pattamputhur(R.V),Pattamputhur  (P)  Ward 3  Kalangaperi",All  Voters,Tamilaga Vettri Kazhagam,301,227,74,Desiya Murpokku Dravida Kazhagam,3,4,2,1,5,14,10,14,10,10,8,8,6,7,10,9.499358151476251,17
251,35,22,90,101,17,2,1,0,0,1,2,2,2,3,0,278,0,2,280,"Panchayat  Union  Middle  School, South  Side  New  Eastern Building,North  Facing Pattampudhur-626003",1.Pattamputhur(RV)  Pattamputhur(P)  Ward  3 Pattamputhur,All  Voters,Tamilaga Vettri Kazhagam,101,90,11,Desiya Murpokku Dravida Kazhagam,3,4,2,1,5,7,11,13,13,11,7,7,7,6,13,3.956834532374101,10
252,102,39,86,184,4,0,0,1,0,0,1,1,17,2,1,438,0,0,438,"Community  Hall Shanmugasundarapuram, Shanmugasundarapuram","1.Vatchakkarapatti(R.V),  Vatchakkarapatti
(P)  Ward  4  Akraharapatti  ,  2 2.Vatchakkarapatti(R.V),  Vatchakkarapatti
(P)  Ward  5  Shanmugasundarapuram",All  Voters,Tamilaga Vettri Kazhagam,184,102,82,All India Anna Dravida Munnetra Kazhagam,2,4,3,1,6,12,12,8,12,12,8,8,5,7,8,18.72146118721461,23
253,159,28,265,300,5,2,0,0,1,0,2,0,7,0,0,769,0,6,775,"Panchayat  Union  Middle  School, New  3  Room  North  Side,  Thadangam","1.Vatchakkarpatti(R.V),  Vatchakkarapatti  (P) Ward  1  Vatchakkarapatti  Serial  No  1-749",All  Voters,Tamilaga Vettri Kazhagam,300,265,35,Desiya Murpokku Dravida Kazhagam,3,4,2,1,6,7,10,10,9,10,7,10,5,10,10,4.551365409622886,10
254,91,11,122,87,2,0,0,1,1,0,1,0,3,3,0,322,0,2,324,"Panchayat  Union  Middle  School, New  3  Room  South  Side  Thadangam","1.Vatchakkarpatti(R.V),  Vatchakkarapatti  (P) Ward  1  Vatchakkarapatti  Serial  No750-1250",All  Voters,Desiya Murpokku Dravida Kazhagam,122,91,31,All India Anna Dravida Munnetra Kazhagam,2,4,1,3,7,11,11,8,8,11,8,11,5,5,11,9.627329192546584,9
255,105,13,208,223,1,0,0,0,0,0,0,1,0,0,0,551,0,1,552,"Panchayat  Union  Middle  School, New  2  Class  Room  Building  East Side  Thadangam-626204","1.Vatchakkarpatti(R.V),  Vatchakkarapatti  (P) Ward  1  Vatchakkarapatti",All  Voters,Tamilaga Vettri Kazhagam,223,208,15,Desiya Murpokku Dravida Kazhagam,3,4,2,1,5,7,7,7,7,7,7,5,7,7,7,2.722323049001815,1
256,100,16,172,72,2,0,0,1,3,0,0,0,3,1,1,371,0,2,373,"Panchayat  Union  Middle  School, West  Side,  South  facing  Thadangam-626204","1.Vatchakkarapatti(R.V),  Vatchakkarapatti
(P)  Ward  1  Vatchakkarapatti  , 2.Vatchakkarapatti(R.V),  Vatchakkarapatti
(P)  Ward  3  Thadangam  , 3.Vatchakkarapatti(R.V),  Vatchakkarapatti
(P)  Ward  4  Poosaripatti",All  Voters,Desiya Murpokku Dravida Kazhagam,172,100,72,All India Anna Dravida Munnetra Kazhagam,2,4,1,3,7,11,11,8,5,11,11,11,5,8,8,19.40700808625337,9
257,123,7,249,174,5,1,0,0,0,1,0,0,4,0,1,565,0,1,566,"Panchayat  UnionMiddle  School, East  Side,  West  facing  Thadangam-626204","1.Vatchakkarapatti(R.V),Vatchakkarapatti  (P) Ward  2  Thadangam  2.Vatchakkarapatti(R.V), Vatchakkarapatti  (P)  Ward  3  Thadangam  ,",All  Voters,Desiya Murpokku Dravida Kazhagam,249,174,75,Tamilaga Vettri Kazhagam,3,4,1,2,5,7,10,10,10,7,10,10,6,10,7,13.27433628318584,6
258,120,58,331,293,4,4,0,1,4,1,1,0,1,1,0,819,0,3,822,"CSI  Primary  School,  South  Building
,North  Side  1St  Room  New  Building Thammanaickenpatti","1.Thammanaickenpatti (R.V),Thammanaickenpatti  (P)  Ward  1
Kamarajapuram",All  Voters,Desiya Murpokku Dravida Kazhagam,331,293,38,Tamilaga Vettri Kazhagam,3,4,1,2,5,5,13,8,5,8,8,13,8,8,13,4.63980463980464,9
259,125,72,349,335,5,3,1,1,1,0,0,0,0,3,0,895,0,3,898,"CSI  Primary  School,  North  Side, New  BuildingThammanaickenpatti","1.Thammanaickenpatti(R.V),Thammanaicken patti  (P)  Ward  1  Thammanaickenpatti 2.Thammanaickenpatti (R.V),Thammanaickenpatti  (P)  Ward  2 Thammanaickenpatti",All  Voters,Desiya Murpokku Dravida Kazhagam,349,335,14,Tamilaga Vettri Kazhagam,3,4,1,2,5,6,8,8,8,11,11,11,11,6,11,1.564245810055866,5
260,120,8,177,145,0,0,0,0,0,1,1,0,2,0,0,454,0,1,455,"CSI  Primary  School,  South  Building North  Side  2nd  Room  New  Building Thammanaickenpatti-","1.Thammanaickenpatti(R.V),Thammanaicken patti  (P)  Ward  6  Ethiloppanpatti  , 2.Thammanaickenpatti (R.V.)Thammanaickenpatti(P)  Ward  4 Ammapatti  ,
3.Thammanaickenpatti
(R.V)Thammanaickenpatti  (P)  Ward  5 Thurusupatti",All  Voters,Desiya Murpokku Dravida Kazhagam,177,145,32,Tamilaga Vettri Kazhagam,3,4,1,2,8,8,8,8,8,6,6,8,5,8,8,7.048458149779736,4
261,100,24,193,168,0,0,0,0,3,1,0,0,0,1,0,490,0,1,491,"CSI  Primary  School,  South  Building North  Side  3rd  Room Thammanaickenpatti","1.Thammanaickenpatti (R.V),Thammanaickenpatti  (P)  Ward  3
Sedapatti",All  Voters,Desiya Murpokku Dravida Kazhagam,193,168,25,Tamilaga Vettri Kazhagam,3,4,1,2,8,8,8,8,5,6,8,8,8,6,8,5.102040816326531,5
262,180,67,300,306,1,1,0,1,4,0,1,2,3,4,1,871,0,0,871,"Punith  Xavier  Elementary  School, South  Building  North  Facing  Middle Room,  K.Pudhur","1.Kanniseriputhur(R.V),Kanniseriputhur  (P) ward  1  kanniseri  puthur  V.O.C  Street  , 2.Kanniseriputhur  (R.V),Melachinnaiyapuram
(P)  Ward  2  Kanniseriputhur  V.O.C.  St",All  Voters,Tamilaga Vettri Kazhagam,306,300,6,Desiya Murpokku Dravida Kazhagam,3,4,2,1,9,9,14,9,5,14,9,8,7,5,9,0.6888633754305395,16
263,114,35,264,220,2,0,0,0,1,0,1,0,3,1,0,641,0,3,644,"Panchayat  Union  Primary  School, North  Side,  South  Facing  ,  Mela Chinnaiyapuram","1.Kannicheriputhur(R.V),Mellachinnaiahpura m  (P)  Ward  1  Melachinnaiahpuram  , 2.Kannicheriputhur(R.V),Mellachinnaiahpura m  (P)  Ward  2  Melachinnaiahpuram  , 3.Kanniseriputhur(R.V),Mellachinnaiahpuram
(P)  Ward  3  Kanniseriputhur  R.C.  St",All  Voters,Desiya Murpokku Dravida Kazhagam,264,220,44,Tamilaga Vettri Kazhagam,3,4,1,2,6,10,10,10,7,10,7,10,5,7,10,6.86427457098284,6
264,177,71,385,230,27,3,0,0,1,2,2,1,4,4,2,909,0,4,913,"Punitha  Xavier  Primary  School South  Side,  North  Facing  ,K.Pudur.","1.Kannicheriputhur(R.V), Mellachinnaiahpuram  (P)  Ward  4 Thiyagarajapuram  ,  2.Kannicheriputhur(R.V), Mellachinnaiahpuram  (P)  Ward  5 Kumarapuram  , 3.Kannicheriputhur(R.V),Mellachinnaiahpura m  (P)  Ward  3  Kanniseriputhur,
Thiyagarajapuram",All  Voters,Desiya Murpokku Dravida Kazhagam,385,230,155,Tamilaga Vettri Kazhagam,3,4,1,2,5,8,14,14,12,9,9,12,6,6,9,17.05170517051705,16
265,175,58,233,160,1,0,0,0,1,0,2,3,0,2,0,635,0,4,639,"Panchayat  Union  Primary  School, V.Muthulingapuram","1.V.Muthulingapuram(R.V.),V.Muthulingapura m  (P)  Ward  1&2&3  V.Muthulingapuram",All  Voters,Desiya Murpokku Dravida Kazhagam,233,175,58,All India Anna Dravida Munnetra Kazhagam,2,4,1,3,8,10,10,10,8,10,6,5,10,6,10,9.133858267716535,8
266,118,20,258,147,21,0,0,1,1,0,1,0,1,3,0,571,0,1,572,"Government  Adi  Dravida  Welfare Primary  School,  Sorampatti","1.V.Muthulingapuram(R.V.), V.Muthulingapuram  (P)  Ward  4 Pethuchettipatti  , 2.V.Muthulingapuram(R,V),VMuthulingapura
m  (P)  Ward  5  Sorampatti",All  Voters,Desiya Murpokku Dravida Kazhagam,258,147,111,Tamilaga Vettri Kazhagam,3,5,1,2,4,11,11,7,7,11,7,11,7,6,11,19.43957968476357,7
267,161,36,229,183,1,0,0,0,3,1,0,0,2,1,1,618,0,3,621,"Panchayat  Union  Primary  School, West  Side  New  Building  (South) Kattanarpatti-626119","1.V.Muthulingapuram(R.V.)Kattanarpatti  (P) Ward  1  Kattanarpatti  , 2.V.Muthulingapuram(R.V),Kattanarpatti  (P)
Ward  2  Kattanarpatti",All  Voters,Desiya Murpokku Dravida Kazhagam,229,183,46,Tamilaga Vettri Kazhagam,3,4,1,2,7,11,11,11,5,7,11,11,6,7,7,7.443365695792881,8
268,152,53,256,121,40,0,0,0,3,0,0,0,4,5,1,635,0,3,638,"Panchayat  Union  Primary  School, West  Side  Old  Building  North  Side Kattanarpatti-626119","1.V.Muthuligapuram(R.V),Kattanarpatti  (P) Ward  3  Athipatti  , 2.V.Muthulingapuram(R.V),Kattanarpatti  (P) Ward  3  Govindhanalllur",All  Voters,Desiya Murpokku Dravida Kazhagam,256,152,104,All India Anna Dravida Munnetra Kazhagam,2,4,1,3,5,10,10,10,8,10,10,10,7,6,9,16.37795275590551,13
269,155,53,215,224,7,1,2,0,4,0,1,2,6,7,1,678,0,0,678,"Sri  Arunachalaneshwar  Vidyasalai Middle  School,  North  Side  West Block,  Mudalipatti","1.Vadi(R.V.),  Vadi  (P)  Ward  1  Vadi",All  Voters,Tamilaga Vettri Kazhagam,224,215,9,Desiya Murpokku Dravida Kazhagam,3,4,2,1,5,11,9,14,8,14,11,9,7,5,11,1.327433628318584,21
270,94,42,219,184,14,0,0,1,2,1,1,0,4,6,0,568,0,4,572,"Sri  Arunachalaneshwar  Vidyasalai Middle  School,  North  Side  east Block,  Mudalipatti","1.VadI(R.V),  Vadi  (P)  Ward  4 Chinnaramalingapuram  ,",All  Voters,Desiya Murpokku Dravida Kazhagam,219,184,35,Tamilaga Vettri Kazhagam,3,4,1,2,5,12,12,9,8,9,9,12,7,6,12,6.161971830985916,15
271,27,7,206,198,2,0,0,0,0,0,0,0,1,3,0,444,0,2,446,"Sri  Arunachalaneshwar  Vidyasala Middle  School,  E-Learing  Center South  West  Building  Facing  East Mudalipatti","1.V.Chokkalingapuram(R.V.),Vadi  (P)  Ward  5 Kalpothu",All  Voters,Desiya Murpokku Dravida Kazhagam,206,198,8,Tamilaga Vettri Kazhagam,3,4,1,2,6,8,8,8,8,8,8,8,7,5,8,1.801801801801802,4
272,149,63,220,269,1,0,0,1,1,1,3,1,1,4,0,714,0,2,716,"Sri  Arunachaleshwarar  Vidyasala Middle  School,  South  side, Mudalipatti","1.Vadi(R.V.),  Vadi  (P)  Ward  2  Muthalipatti",All  Voters,Tamilaga Vettri Kazhagam,269,220,49,Desiya Murpokku Dravida Kazhagam,3,4,2,1,7,13,13,7,7,7,6,7,7,5,13,6.862745098039216,12
273,121,72,197,139,21,0,0,0,1,0,0,1,0,0,0,552,0,2,554,"Sri  Arunachaleshwarar  Vidyasala Middle  School,  South  side, Mudalipatti","1.Vadi(R.V)  ,  Vadi  (P)  Ward  3  Milagupatti  , Sathananthapuram  Serial  No  1-706",All  Voters,Desiya Murpokku Dravida Kazhagam,197,139,58,Tamilaga Vettri Kazhagam,3,4,1,2,5,8,8,8,6,8,8,6,8,8,8,10.50724637681159,2
274,140,19,167,26,3,1,0,1,3,1,0,1,0,7,1,370,0,1,371,"Sri  Arunachalaneshwar  Vidyasala Middle  School,  MIddle  Building  2nd Room  from  East  Facing  North Mudalipatti","1.Vadi(R.V)  ,  Vadi  (P)  Ward  3  Milagupatti  , Sathananthapuram  Serial  No  707-1243",All  Voters,Desiya Murpokku Dravida Kazhagam,167,140,27,All India Anna Dravida Munnetra Kazhagam,2,4,1,3,6,8,13,8,6,8,13,8,13,5,8,7.297297297297297,14
275,56,68,208,160,67,2,0,0,5,1,4,0,4,1,0,576,0,3,579,"Panchayat  Union  Middle  School, south  Side  Old  Building
,Jaminsalvarpatti","1.V.Chokkalingapuram(R.V),
Jameenjalvarpatti  (P)  Ward  1 Jameenjalvarpatti",All  Voters,Desiya Murpokku Dravida Kazhagam,208,160,48,Tamilaga Vettri Kazhagam,5,3,1,2,4,9,12,12,6,10,7,12,7,10,12,8.333333333333332,15
276,83,46,170,127,58,1,0,1,5,2,2,1,7,2,1,506,0,0,506,"Panchayat  Union  MIddle  School, Middle  Building  1st  Room  From North  Facing  west  Jaminsalvarpatti",".1.V.Chokkalingapuram(R.V.) Jameenjalvarpatti  (P)  Ward  2
Jameenjalvarpatti  , 2.V.Chokkalingapuram(R.V.) Jameenjalvarpatti  (P)  Ward  3 Jameenjalvarpatti 3.V.Chokkalingapuram(R.V.), Jameenjalvarpatti  (P)  Ward  4
Jameenjalvarpatti",All  Voters,Desiya Murpokku Dravida Kazhagam,170,127,43,Tamilaga Vettri Kazhagam,3,5,1,2,4,11,15,11,7,8,8,11,6,8,11,8.49802371541502,21
277,198,18,253,256,1,1,0,0,2,1,2,2,1,4,0,739,0,2,741,"Panchayat  Union  Primary  School, North  Building  West  Side  - Pethulupatti","1.V.Chokkalingapuram(R.V.)
V.Chokkalingapuram  (P)  Ward  1 Chokkalingapuram  Pethulupatti",All  Voters,Tamilaga Vettri Kazhagam,256,253,3,Desiya Murpokku Dravida Kazhagam,3,4,2,1,9,9,13,13,6,9,6,6,9,5,13,0.4059539918809201,12
278,130,5,60,76,0,0,0,0,1,0,0,0,1,1,0,274,0,2,276,"Panchayat  Union  Primary  School, East  Building  1st  Room  from  North Facing  west  Pethulupatti",1.V.Chokkalingapuram(R.V.) V.Chokkalingapuram  (P)  Ward  2  Pethulupatti,All  Voters,All India Anna Dravida Munnetra Kazhagam,130,76,54,Tamilaga Vettri Kazhagam,1,4,3,2,8,8,8,8,5,8,8,8,5,5,8,19.70802919708029,3
279,112,17,262,138,2,1,0,0,1,1,0,0,0,2,0,536,0,2,538,"Panchayat  Union  Primary  School, Poochakkapatti-626189","1.V.Chokkalingapuram(R.V.),V.Chokkalingapu ram  (P)  Ward  3  Pootchakkapatti  , 2.V.Chokkalingapuram(R.V), V.Chokkalingapuram  (P)  Ward  4
Pootchakkapatti",All  Voters,Desiya Murpokku Dravida Kazhagam,262,138,124,Tamilaga Vettri Kazhagam,3,4,1,2,5,7,10,10,7,7,10,10,10,5,10,23.13432835820895,4
280,170,15,224,205,2,0,0,0,3,2,0,1,5,5,0,632,0,1,633,"Panchayat  Union  Primary  School, New  Building  East  Room V.Ramalingapuram-626204","1.Chinnavadi  (R.V),Chinnavadi(P)  Chinnavadi Ramalingapuram  ,  2.Chinnavadi (R.V),Chinnavadi(P)  Ramalingapuram, Venkelnaicken",All  Voters,Desiya Murpokku Dravida Kazhagam,224,205,19,Tamilaga Vettri Kazhagam,3,4,1,2,8,11,11,11,7,8,11,10,5,5,11,3.006329113924051,16
281,91,17,188,106,0,0,1,0,0,0,1,0,12,0,0,416,0,2,418,"Panchayat  Union  Primary  School, New  Building  Middle  Room V.Ramalingapuram--626204","1.Chinnavadi(R.V),Chinnavadi  (P) Thathapatti  ,  2.Chinnavadi(R.V),Chinnavadi
(P)  Ward  2  V.Ramalingapuram",All  Voters,Desiya Murpokku Dravida Kazhagam,188,106,82,Tamilaga Vettri Kazhagam,3,4,1,2,8,8,6,8,8,8,6,8,5,8,8,19.71153846153846,13
