Serial No.,Serial No. Of Polling Station,Bahujan Samaj Party,Dravida Munnetra Kazhagam,Naam Tamilar Katchi,All India Anna Dravida Munnetra Kazhagam,National Maha Sabha Party,Puthiya Tamilagam,Thamizhaka Padaippalar Makkal Katchi,All India Puratchi Thalaivar Makkal Munnettra Kazhagam,Samaniya Makkal Nala Katchi,Tamizhaga Vaazhvurimai Katchi,All India Jananayaka Makkal Kazhagam,Vidial Valarchi Perani,Tamilaga Vettri Kazhagam,Independent,Independent.1,Independent.2,Independent.3,Independent.4,Independent.5,Independent.6,Total of Valid Votes,No. Of Rejected Votes,NOTA,Total,No. Of Tendered Votes,Location and name of Building in which Polling Station located,Polling Area,Polling Station Type,Winner_Party,Winner_Votes,Runner_Up_Votes,Margin_Of_Victory,Runner_Up_Party,Dravida Munnetra Kazhagam_Rank,All India Anna Dravida Munnetra Kazhagam_Rank,Tamilaga Vettri Kazhagam_Rank,Naam Tamilar Katchi_Rank,Bahujan Samaj Party_Rank,Puthiya Tamilagam_Rank,National Maha Sabha Party_Rank,Thamizhaka Padaippalar Makkal Katchi_Rank,All India Puratchi Thalaivar Makkal Munnettra Kazhagam_Rank,Samaniya Makkal Nala Katchi_Rank,Tamizhaga Vaazhvurimai Katchi_Rank,All India Jananayaka Makkal Kazhagam_Rank,Vidial Valarchi Perani_Rank,Margin_Percentage,Total_Independent_Votes
1,1,0,229,13,110,0,0,0,0,0,1,0,0,259,0,0,2,0,1,1,1,617,0,1,618,0,"Sri guru vidya beedam Elementary School, mela Chinthamani west facing roof building","1.Tiruchirappalli    corporation, Ward    12    madhulangkollai street    melachinthamani ,   2.Tiruchirappalli Corporation, Ward 12 Madhulangkollai MiddleStreet Melachinthamani,",All Voters,Tamilaga Vettri Kazhagam,259,229,30,Dravida Munnetra Kazhagam,2,3,1,4,6,6,6,6,6,6,5,6,6,4.862236628849271,5
2,2,0,177,13,66,0,0,0,0,0,1,0,1,270,0,0,0,0,1,0,0,529,0,2,531,0,"Corporation Primary School, Tiruchirappalli, Kosamettu Street Chinthamani, East facing RCC building","1.Tiruchirappalli      corporation, Ward    12    kosamettu    street,",All Voters,Tamilaga Vettri Kazhagam,270,177,93,Dravida Munnetra Kazhagam,2,3,1,4,7,7,7,7,7,7,5,7,5,17.58034026465029,1
3,3,0,272,17,56,0,0,0,0,0,0,0,0,406,0,1,7,1,0,0,0,760,0,3,763,0,"Thiruvalluvar Middle  School, Tiruchirappalli, Venis Street Chinthamani, Eastern Portion RCC Building","1.Tiruchirappalli corporation, Ward 13 venis nagar 1st street,
2.Tiruchirappalli corporation, Ward    13   venis nagar    2nd Street, 3.Tiruchirappalli corporation, Ward    13      venis nagar 3rd Street, 4.Tiruchirappalli corporation, Ward 13 venis nagar 4th Street,   5.Tiruchirappalli    corporation, Ward 13 venis nagar
5th    street,   6.Tiruchirappalli corporation, Ward 13 venis nagar 6th Street",All Voters,Tamilaga Vettri Kazhagam,406,272,134,Dravida Munnetra Kazhagam,2,3,1,4,5,5,5,5,5,5,5,5,5,17.63157894736842,9
4,4,0,175,10,103,1,0,0,0,0,14,0,1,339,0,0,0,2,0,0,0,645,0,2,647,0,National College Hr.Sec.School North Facing Room No:106,"1.Tiruchirappalli    corporation, Ward 12    karur    buy pass road south, 2.Tiruchirappalli    corporation, Ward   12 v.n.nagar
main    road,   3.Tiruchirappalli    corporation, Ward 12   V.N. Nagar 1st Cross Street, 4.Tiruchirappalli    corporation, Ward
12   v.n. nagar    2nd cross    street, 5.Tiruchirappalli corporation, Ward 12    V.N. Nagar    3rd    Cross    Street,
6.Tiruchirappalli    corporation, Ward 13    Gandhi Nagar,
7.Tiruchirappalli corporation, Ward 12 krishnasami apartment
v.n nagar 3rd cross ,",All Voters,Tamilaga Vettri Kazhagam,339,175,164,Dravida Munnetra Kazhagam,2,3,1,5,8,8,6,8,8,8,4,8,6,25.42635658914729,2
5,5,1,195,14,70,0,0,0,0,0,5,0,0,261,0,2,1,0,0,0,0,549,0,3,552,0,St. Joseph College  Hr.Sec.School Tamil Mediam Buliding East Facing Room No:7(VI-C),"1.Tiruchirappalli corporation, Ward 13 Anthoniyar kovil street,",All Voters,Tamilaga Vettri Kazhagam,261,195,66,Dravida Munnetra Kazhagam,2,3,1,4,6,7,7,7,7,7,5,7,7,12.02185792349727,3
6,6,0,55,13,88,0,0,0,0,0,0,0,1,141,0,0,1,0,0,0,0,299,0,0,299,0,St. Joseph College  Hr.Sec.School Tamil Mediam Buliding East Facing Room No:6(VI-B),"1.Tiruchirappalli    corporation, Ward    12 Balakrishna    Nagar,
2.Tiruchirappalli    corporation, Ward 12    karur    buypass    road south, 3.Tiruchirappalli    corporation, Ward 12   Premier
Flats,   4.Tiruchirappalli    corporation, Ward    12    Premier Plaza,
5.Tiruchirappalli    corporation, Ward    12 Premier    Towers,
6.Tiruchirappalli    corporation, Ward 12    S.R.T. Flats,
8.Tiruchirappalli    corporation, War 12 Marys Nagar,",All Voters,Tamilaga Vettri Kazhagam,141,88,53,All India Anna Dravida Munnetra Kazhagam,3,2,1,4,6,6,6,6,6,6,6,6,5,17.7257525083612,1
7,7,0,131,15,38,0,0,1,0,0,1,1,0,333,0,0,1,0,0,0,0,521,0,3,524,0,"E.R. Higher Secondary School, Chinthamani, Natarajan Iyer Block East Facing RCC Roof Building Room No 1","1.Tiruchirappalli corporation, Ward 15 chinthamani poosari street first santhu,",All Voters,Tamilaga Vettri Kazhagam,333,131,202,Dravida Munnetra Kazhagam,2,3,1,4,8,8,8,5,8,8,5,5,8,38.77159309021113,1
8,8,0,99,7,49,0,0,0,0,0,1,0,1,191,0,0,0,0,0,0,0,348,0,0,348,0,"E.R. Higher Secondary School, Chinthamani, Natarajan Iyer Block East Facing RCC Roof Building Room No 3","1.Tiruchirappalli    corporation, Ward   15 chinthamani    poosari street    2nd    santhu,   2.Tiruchirappalli corporation, Ward    15
Chinthamani    poosari    street 3rd santhu, 3.Tiruchirappalli corporation, Ward    15 Chinthamani    poosari    street 4th santhu,   4.Tiruchirappalli corporation,Ward    15 Chinthamani poosari    street    5th    Santhu,   5.Tiruchirappalli corporation, Ward    15 Chinthamani    poosari    street    6th    Santhu,",All Voters,Tamilaga Vettri Kazhagam,191,99,92,Dravida Munnetra Kazhagam,2,3,1,4,7,7,7,7,7,7,5,7,5,26.4367816091954,0
9,9,1,120,8,68,0,0,0,0,0,0,2,1,256,0,0,0,0,0,0,0,456,0,1,457,0,"E.R.Higher Secondary School, Chinthamani, Room No 2 RCC Building","1.Tiruchirappalli      corporation, Ward    15    chinthamani poosari    street    main    road,",All Voters,Tamilaga Vettri Kazhagam,256,120,136,Dravida Munnetra Kazhagam,2,3,1,4,6,8,8,8,8,8,8,5,6,29.82456140350877,0
10,10,1,133,8,93,0,0,0,1,0,20,1,1,326,0,0,1,0,0,0,0,585,0,0,585,0,"E.R.Higher Secondary School, Chinthamani, Mangalam Ramasamy Iyer Block, East facing RCC Building Room No 31","1.Tiruchirappalli    corporation, Ward    12    indhira    nagar (chindhamani), 2.Tiruchirappalli    corporation, Ward   12 Municipal    colony chindhamani    pusari    street,",All Voters,Tamilaga Vettri Kazhagam,326,133,193,Dravida Munnetra Kazhagam,2,3,1,5,6,10,10,10,6,10,4,6,6,32.99145299145299,1
11,11,2,176,13,37,0,0,0,0,0,0,0,0,348,0,0,1,0,1,0,0,578,0,1,579,0,"E.R.Higher Secondary School, Chinthamani, Managalam Ramasamy Iyer West facing RCC Building Room No 32","1.Tiruchirappalli   corporation, Ward 15 chinthamani paduvai nagar,",All Voters,Tamilaga Vettri Kazhagam,348,176,172,Dravida Munnetra Kazhagam,2,3,1,4,5,6,6,6,6,6,6,6,6,29.75778546712803,2
12,12,2,120,9,66,0,0,1,2,0,4,0,2,273,0,2,0,1,1,0,0,483,0,0,483,0,"E.R.Higher Secondary School, Chinthamani, Subramaniya Iyer Block Room No.43 RCC Roof Building Facing West Side","1.Thiruchirappalli   corporation, Ward    15    chinthamani puthu street,",All Voters,Tamilaga Vettri Kazhagam,273,120,153,Dravida Munnetra Kazhagam,2,3,1,4,6,10,10,9,6,10,5,10,6,31.67701863354037,4
13,13,2,228,26,80,0,2,1,0,1,5,1,0,268,0,0,2,1,0,0,0,617,0,0,617,0,"St. Joseph College  Hr.Sec.School , Chathiram Bus Stand,Tamil Mediam Buliding West Facing Room No:17 (VI-H)","1.Tiruchirappalli corporation, Ward 12 throwpathi amman kovil street main, 2.Tiruchirappalli corporation, Ward 12 throwpathi amman kovil First Cross Street, 3.Tiruchirappalli    corporation, Ward    12 throwpathi amman    kovil    kudisai paguthi,
4.Tiruchirappalli corporation, Ward 12    Annai    sathiya    nagar,
5.Tiruchirappalli    corporation, Ward 12    kauveri    park,",All Voters,Tamilaga Vettri Kazhagam,268,228,40,Dravida Munnetra Kazhagam,2,3,1,4,6,6,11,8,11,8,5,8,11,6.482982171799027,3
14,14,1,111,25,139,1,0,0,0,0,0,0,0,199,0,0,1,0,0,0,0,477,0,0,477,0,"St. Joseph College  Hr.Sec.School , Chathiram Bus Stand,Tamil Mediam Buliding West Facing Room No:18 (VI-G)","1.Tiruchirappalli    corporation, Ward 12    kauveri    nagar,(Door No 1 to 39/A)",All Voters,Tamilaga Vettri Kazhagam,199,139,60,All India Anna Dravida Munnetra Kazhagam,3,2,1,4,5,7,5,7,7,7,7,7,7,12.57861635220126,1
15,15,1,302,29,195,3,1,0,1,0,0,1,2,361,0,1,0,0,0,0,0,897,0,0,897,0,"St. Joseph College  Hr.Sec.School , Chathiram Bus Stand,Tamil Mediam Buliding West Facing Room No:19 (VI-F)","1.Tiruchirappalli corporation, Ward 12 sanjai gandhi nagar,
2.Tiruchirappalli    corporation, Ward 12    subramaniyasamy kovil    street    mainroad,",All Voters,Tamilaga Vettri Kazhagam,361,302,59,Dravida Munnetra Kazhagam,2,3,1,4,7,7,5,11,7,11,11,7,6,6.577480490523968,1
16,16,0,168,10,140,1,0,0,0,1,2,1,0,306,1,1,0,1,1,0,0,633,0,0,633,0,"St. Joseph College  Hr.Sec.School , Chathiram Bus Stand,Tamil Mediam Buliding West Facing Room No:20 (VI-E)","1.Tiruchirappalli corporation, Ward 12 subramaniyasamy kovil 1st street    , 2.Tiruchirappalli    corporation, Ward 12 subramaniyasamy kovil   2nd street,, 3.Tiruchirappalli corporation, Ward 12    kauveri    nagar,(Door No 39A/1 Above)",All Voters,Tamilaga Vettri Kazhagam,306,168,138,Dravida Munnetra Kazhagam,2,3,1,4,9,9,6,9,9,6,5,6,9,21.80094786729858,4
17,17,0,294,18,89,2,0,0,0,0,0,0,0,351,0,0,1,0,0,0,0,755,0,2,757,0,St. Joseph College  Hr.Sec.School Tamil Mediam Buliding East Facing Room No:9(VI-D),"1.Tiruchirappalli corporation, Ward 12 old karur road melachinthamani door no 1 to 80,,",All Voters,Tamilaga Vettri Kazhagam,351,294,57,Dravida Munnetra Kazhagam,2,3,1,4,6,6,5,6,6,6,6,6,6,7.549668874172186,1
18,18,1,169,12,32,0,0,0,0,0,2,0,0,115,0,1,1,1,0,0,0,334,0,0,334,0,St. Joseph College  Hr.Sec.School Tamil Mediam Buliding South Facing Room No:J6,"1.Tiruchirappalli corporation, Ward 12 old karur road melachinthamani door no 81 to 166,,",All Voters,Dravida Munnetra Kazhagam,169,115,54,Tamilaga Vettri Kazhagam,1,3,2,4,6,7,7,7,7,7,5,7,7,16.16766467065868,3
19,19,0,114,17,66,1,0,1,0,0,0,1,0,204,0,0,0,0,0,0,0,404,0,4,408,0,"National College Hr.Sec.School, College Road,Chathiram Bus Stand,North Facing Room No:103","1.Tiruchirappalli    corporation, Ward 12    vignesh    garden,
2.Tiruchirappalli corporation, Ward 12    Vignesh Mini Garden,
3.Tiruchirappalli    corporation, Ward 12 balaji avanue,",All Voters,Tamilaga Vettri Kazhagam,204,114,90,Dravida Munnetra Kazhagam,2,3,1,4,8,8,5,5,8,8,8,5,8,22.27722772277228,0
20,20,1,111,10,42,0,0,1,2,0,0,0,2,288,0,0,3,0,0,0,0,460,0,0,460,0,"E.R.Higher Secondary School, Chinthamani, Balammal Palandipillai Block East Facing RCC Building","1.Tiruchirappalli corporation, Ward 12 odathurai road,",All Voters,Tamilaga Vettri Kazhagam,288,111,177,Dravida Munnetra Kazhagam,2,3,1,4,7,9,9,7,5,9,9,9,5,38.47826086956522,3
21,21,0,183,14,104,0,0,0,1,0,10,0,1,365,0,0,0,0,1,0,0,679,0,4,683,0,"National College Hr.Sec.School, College Road,Chathiram Bus Stand West Facing Exam Room, Saranathan Block","1.Tiruchirappalli    corporation, Ward 12 kori   mettu    street,
2.Tiruchirappalli    corporation, Ward 13    chinthamani market street,",All Voters,Tamilaga Vettri Kazhagam,365,183,182,Dravida Munnetra Kazhagam,2,3,1,4,8,8,8,8,6,8,5,8,6,26.80412371134021,1
22,22,0,278,27,102,0,0,0,0,1,0,1,0,270,0,0,0,1,1,2,0,683,0,3,686,0,"St. Joseph College  Hr.Sec.School , Chathiram Bus Stand,Tamil Mediam Buliding East Facing Room No:4 (VI-A)","1.Tiruchirappalli corporation, Ward 12 naduagraharam melachinthamani,   2.Tiruchirappalli corporation, Ward 12 Kayuthemillathe  Colony,",All Voters,Dravida Munnetra Kazhagam,278,270,8,Tamilaga Vettri Kazhagam,1,3,2,4,7,7,7,7,7,5,7,5,7,1.171303074670571,4
23,23,0,188,20,66,0,0,1,1,0,0,0,1,444,0,0,0,0,0,0,0,721,0,2,723,0,"Corporation Ele. School,Keeladevathanam North Facing RCC Building (West Side Class Room)","1.Tiruchirappalli corporation, Ward 15 keeladevathanam main road,",All Voters,Tamilaga Vettri Kazhagam,444,188,256,Dravida Munnetra Kazhagam,2,3,1,4,8,8,8,5,5,8,8,8,5,35.50624133148405,0
24,24,3,139,10,69,1,2,1,0,0,1,1,1,217,1,0,2,0,1,0,0,449,0,2,451,0,"Keeladevathanam ICDS Center No: 117, RCC Building East Facing","1.Tiruchirappalli corporation, Ward 15 keeladevathanam    First Cross    Street,, 2.Tiruchirappalli corporation, Ward 15 keeladevathanam    2nd Cross Street,, 3.Tiruchirappalli corporation, Ward 15 keeladevathanam   S.S. Nagar,,
4.Tiruchirappalli corporation, Ward 15 Gurusami Nagar,",All Voters,Tamilaga Vettri Kazhagam,217,139,78,Dravida Munnetra Kazhagam,2,3,1,4,5,6,7,7,12,12,7,7,7,17.37193763919822,4
25,25,1,206,17,103,0,0,1,0,0,0,3,2,485,2,0,4,0,1,0,0,825,0,4,829,0,"Corporation Ele.School, Keela Devathanam,   Central Portion Easten Side  Room RCC Building","1.Tiruchirappalli Corporation, Ward 15 Kauveri Road,
2.Tiruchirappalli Corporation, Ward 15 Masthan Thoppu Kauveri Road, 3.Tiruchirappalli Corporation, Ward 15 Veeramuthu   Nagar Kauveri Road, 4.Tiruchirappalli Corporation, Ward 15    Rathina    Nagar   Kauveri Road,
5.Tiruchirappalli Corporation, Ward 15    M.R.V. Kauveri Road,
6.Tiruchirappalli Corporation, Ward 15   Vigneah    Nagar Kauveri Road, 7.Tiruchirappalli Corporation, Ward 15 Rajeev Gandhi Nagar,",All Voters,Tamilaga Vettri Kazhagam,485,206,279,Dravida Munnetra Kazhagam,2,3,1,4,7,9,9,7,9,9,9,5,6,33.81818181818182,7
26,26,0,219,21,80,0,0,1,0,0,0,1,0,316,0,0,0,0,0,0,0,638,0,2,640,0,"Corporation Community Hall,Sanjeevi Nagar, RCC Roof Building South Side  Facing(East Side)","1.Tiruchirappalli corporation, Ward 15    sanjeevi    nagar,(Door No 1 to 19)",All Voters,Tamilaga Vettri Kazhagam,316,219,97,Dravida Munnetra Kazhagam,2,3,1,4,7,7,7,5,7,7,7,5,7,15.20376175548589,0
27,27,2,193,33,86,0,0,0,1,0,0,0,0,276,0,0,0,0,0,0,0,591,0,1,592,0,"Corporation Community Hall,Sanjeevi Nagar, RCC Roof Building South Side  Facing(West Side)","1.Tiruchirappalli corporation, Ward 15    sanjeevi    nagar,(Door No 19/3 Above)",All Voters,Tamilaga Vettri Kazhagam,276,193,83,Dravida Munnetra Kazhagam,2,3,1,4,5,7,7,7,6,7,7,7,7,14.04399323181049,0
28,28,4,170,27,103,1,0,1,1,0,0,2,0,386,1,2,1,1,0,0,0,700,0,4,704,0,"Urumu Dhanalakshmi Vidyalaya Hr.Sec.School, Tiruchirappalli Town Station Road, West facing RCC Building","1.Tiruchirappalli Corporation, Ward 15 Bharathiyar Street First Santhu, 2.Tiruchirappalli Corporation, Ward 15   Bharathiyar Street   2nd    Santhu, 3.Tiruchirappalli corporation, Ward 15 bharathiyar    street 3rd    santhu,",All Voters,Tamilaga Vettri Kazhagam,386,170,216,Dravida Munnetra Kazhagam,2,3,1,4,5,10,7,7,7,10,10,6,10,30.85714285714285,5
29,29,0,178,22,75,0,0,2,0,1,0,0,1,404,0,1,1,0,0,0,0,685,0,1,686,0,"Urumu Dhanalakshmi Vidyalaya Hr.Sec.School, Tiruchirappalli Town Station Road, West facing RCC Building Room No:22","1.Tiruchirappalli    corporation, Ward 15    bharathiyar    street 4th    cross    street, 2.Tiruchirappalli Corporation, Ward 15 Bharathiyar Street John Thoppu, 3.Tiruchirappalli Corporation, Ward 15 Bharathiyar Street John Thoppu Extension,
4.Tiruchirappalli corporation, Ward 15    town    station railway colony,",All Voters,Tamilaga Vettri Kazhagam,404,178,226,Dravida Munnetra Kazhagam,2,3,1,4,8,8,8,5,8,6,8,8,6,32.992700729927,2
30,30,0,197,25,135,0,0,0,0,1,1,0,1,418,0,0,2,0,0,0,1,781,0,2,783,0,"Urumu Dhanalakshmi Vidhyalaya Hr.Sec.School, Tiruchirappalli Town Station Road, West facing RCC Building Room No:10","1.Tiruchirappalli    corporation, Ward 15    mooventhar    nagar,
2.Tiruchirappalli corporation, Ward 15 devathanam,
3.Thiruchirappalli    Corporation, Ward 15    Devathanm    Road 1st    Street,",All Voters,Tamilaga Vettri Kazhagam,418,197,221,Dravida Munnetra Kazhagam,2,3,1,4,8,8,8,8,8,5,5,8,5,28.29705505761844,3
31,31,0,159,18,132,0,0,1,0,0,1,1,1,363,1,0,2,0,1,0,0,680,0,3,683,0,"Urumu Dhanalakshmi Vidhyalaya Hr.Sec.School, Tiruchirappalli Town Station Road, West facing RCC Building Room No:9","1.Tiruchirappalli    Corporation, Ward    15    Devathanam Road 2nd Lane, 2.Tiruchirappalli      Corporation, Ward   15 Bharathiyar    Street    Main    Street,",All Voters,Tamilaga Vettri Kazhagam,363,159,204,Dravida Munnetra Kazhagam,2,3,1,4,9,9,9,5,9,9,5,5,5,30.0,4
32,32,1,201,18,90,0,0,0,1,0,1,0,1,334,0,0,1,0,0,0,0,648,0,2,650,0,"Urumu Dhanalakshmi Vidyalaya Hr.Sec.School, Room.No.23, RCC Roof Building Facing East side","1.Tiruchirappalli corporation, Ward 14 keelapuli ward road,
2.Tiruchirappalli    corporation, Ward 14    nepalam    santhu,
3.Tiruchirappalli    corporation, Ward 14 karikadai santhu,
4.Tiruchirappalli corporation, Ward 14 Sekkadi Street,
5.Tiruchirappalli   corporation, Ward 14    pidarikovil santhu,",All Voters,Tamilaga Vettri Kazhagam,334,201,133,Dravida Munnetra Kazhagam,2,3,1,4,5,9,9,9,5,9,5,9,5,20.52469135802469,1
33,33,0,148,26,60,0,0,0,1,0,0,0,0,266,1,0,1,0,1,0,0,504,0,2,506,0,"Savithiri Vidhyasala Hindu Girls.Higher.Sec.School, Tiruchirappalli Sankaranpillai Street,   East facing RCC Building","1.Tiruchirappalli corporation, Ward 13 sankaran pillai road police  colony, 2.Tiruchirappalli corporationi, Ward 13, pristan pathri street, first upasanthu Sankaranpillai,   3.Tirchirappalli manakaratchi, Ward 13, prastan pathristreet,2 upasanthu sankaranpillai,   4.Tiruchirappalli corporation, Ward 13, Pristan Pathri Street Main Sankaranpillai Road,   5.Tiruchirappalli corporation, Ward 13, sri ganesh    dharsan    aparatment sankaran ,   6.Tiruchirappalli corporation, Ward 13, kaliyamman koil store, sankaranpillai road,   7.Tiruchirappalli corporation, Ward 13, Suthanthira    Vilas Sankaranpillai Road,
8.Tiruchirappalli corporation, Ward 13 arunachalam appartment sangaranpillai, 9.Tiruchirappalli corporation, Ward 13 Kandasamy Pillai Store  Sankaranpillai Road,",All Voters,Tamilaga Vettri Kazhagam,266,148,118,Dravida Munnetra Kazhagam,2,3,1,4,6,6,6,6,5,6,6,6,6,23.41269841269841,3
34,34,0,157,21,87,0,0,0,1,0,0,0,0,283,0,0,1,0,0,0,0,550,0,3,553,0,"Principal Saranathan Hindu Corporation Ele.School, Tiruchirappalli Butterworth Road,North facing RCC Building","1.Tiruchirappalli corporation, Ward 13 thiyagarajar salai (pattavarth road), 2.Tiruchirappalli corporation, Ward 13 thiyagarajar salai (pattavarth road) first Upasandhu,
3.Tiruchirappalli corporation, Ward 13 thiyagarajar salai
(pattavarth road) ubasandhu,",All Voters,Tamilaga Vettri Kazhagam,283,157,126,Dravida Munnetra Kazhagam,2,3,1,4,6,6,6,6,5,6,6,6,6,22.90909090909091,1
35,35,0,134,17,82,0,0,0,0,0,1,0,1,191,0,1,1,0,0,0,0,428,0,1,429,0,"Principal Saranathan Hindu Corporation Ele.School, Tiruchirappalli Butterworth Road,North facing RCC Building","1.Tiruchirappalli Corporation, Ward 13    Seenivasa Apartment (Pattavarth    Road),   2.Tiruchirappalli    corporation, Ward 13 sankaranpillai    chathiram road    main, 3.Tiruchirappalli corporation, Ward 13 sankaranpillai chathiram road (mariyaman Kovil Street),",All Voters,Tamilaga Vettri Kazhagam,191,134,57,Dravida Munnetra Kazhagam,2,3,1,4,7,7,7,7,7,7,5,7,5,13.31775700934579,2
36,36,0,172,23,128,0,0,0,0,0,0,0,1,339,0,0,2,0,0,0,0,665,0,2,667,0,"Shavihri Vidyala Girls Hr,.Sec. School,   Sankaran Pillai Road Rcc Roof, West side  East facing RCC Building","1.Tiruchirapalli Corporation, Ward 13 Vadakku Aandarstreet Main Street,",All Voters,Tamilaga Vettri Kazhagam,339,172,167,Dravida Munnetra Kazhagam,2,3,1,4,6,6,6,6,6,6,6,6,5,25.11278195488722,2
37,37,0,147,10,112,0,0,0,0,0,0,0,0,253,0,0,1,0,2,1,0,526,0,2,528,0,"Principal Saranathan Hindu Corporation Ele.School, Tiruchirappalli Butterworth Road,North facing RCC Building","1.Tiruchirappalli corporation, Ward 13 aandar street upasandu 1,   2.Tiruchirappalli corporation, Ward 13   aandar street upasandu 2,   3.Tiruchirappalli corporation, Ward 13   vadakku aandar street upasandu 3, 4.Tiruchirappalli corporation, Ward 13 vadakku   aandar street upasandu 4,, 5.Tiruchirapalli corporation, Ward 13 vadakku aandar street upasanthu 6,
6.Tiruchirappalli corporation, Ward 13 vadakku   aandar street upasandu 7, 7.Tiruchirappalli corporation, Ward 13 vadakku aandar street upasandu 8, 8.Tiruchirapalli corporation, Ward 13 vadakku aandar street upasanthu 9, 9.Tiruchirappalli corporation, Ward 13 vadakku   aandar street upasandu 10,
10.Tiruchirappalli corporation, Ward 13 vadakku   aandar street upasandu 11,, 11.Tiruchirapalli    corporation, Ward13 vadakku aandar street upasanthu 12,, 12.Tiruchirappalli corporation, Ward 13 Paaraiadi    Street,",All Voters,Tamilaga Vettri Kazhagam,253,147,106,Dravida Munnetra Kazhagam,2,3,1,4,5,5,5,5,5,5,5,5,5,20.15209125475285,4
38,38,0,144,15,148,2,1,0,0,0,1,2,0,219,0,0,2,0,0,0,0,534,0,1,535,0,"Principal Saranathan Hindu Corporation Ele.School, Tiruchirappalli Butterworth Road,North facing RCC Building","1.Tiruchirappalli Corporation, Ward 13 Sangilikonar Sandhu North Aandar Street, 2.Tiruchirappalli Corporation, Ward 13 Mudhaliyar Sandhu North Aandar Theru, 3.Tiruchirappalli corporation, Ward 13    pandiyan pillai sandhu north aandar theru,   4.Tiruchirappalli Corporation,    Ward 13 Pandhadimal Theru North Aandar Theru, 5.Tiruchirappalli    corporation, Ward 13    pudhupadi sandhu north aandar theru,
6.Tiruchirappalli      Corporation, Ward 13    Narasapillai Sadhu North Aandar Street,",All Voters,Tamilaga Vettri Kazhagam,219,148,71,All India Anna Dravida Munnetra Kazhagam,3,2,1,4,9,7,5,9,9,9,7,5,9,13.29588014981273,2
39,39,0,101,11,22,3,0,0,0,0,0,0,0,165,0,0,0,0,0,0,1,303,0,0,303,0,"National College Hr.Sec.School, Chinthamani,North facing RCC Building Room No:104","1.Tiruchirappalli corporation, Ward 14 saint joseph college road,   2.Tiruchirappalli corporation,   Ward    13    Kottai Station Road,   3.Tiruchirappalli corporation, Ward    13    kaliyamman kovil    street,",All Voters,Tamilaga Vettri Kazhagam,165,101,64,Dravida Munnetra Kazhagam,2,3,1,4,6,6,5,6,6,6,6,6,6,21.12211221122112,1
40,40,0,146,18,92,0,0,0,0,0,0,1,1,272,0,1,2,0,0,0,0,533,0,3,536,0,"National College Hr.Sec.School, Chinthamani, CNorth facing RCC Building Room No:105","1.Tiruchirappalli corporation, Ward 14 vaanapattarai    street,
2.Tiruchirappalli corporation, Ward 13 Nanthi Kovil Street,",All Voters,Tamilaga Vettri Kazhagam,272,146,126,Dravida Munnetra Kazhagam,2,3,1,4,7,7,7,7,7,7,7,5,5,23.63977485928705,3
41,41,0,159,15,126,1,0,1,0,0,0,1,0,348,1,0,2,0,1,0,0,655,0,4,659,0,"Thotta R.Rajagopalchettiar Charities Middle  School, Mahavidhvan Meenachisundaram Pillai Street, Pasumadam, Rockfort, East Wing Tiled Roof","1.Tiruchirappalli corporation, Ward 13 malaikottai vadakku veethi, 2.Tiruchirappalli corporation, Ward 13 malaikottai mela veethi,",All Voters,Tamilaga Vettri Kazhagam,348,159,189,Dravida Munnetra Kazhagam,2,3,1,4,8,8,5,5,8,8,8,5,8,28.85496183206107,4
42,42,2,239,27,126,0,0,0,0,0,0,0,2,414,0,0,3,0,0,1,0,814,0,4,818,0,"Rockfort dispansary Building Sarukkuparai, RCC Building South Facing","1.Tiruchirappalli Corporation, Ward 13 Kattil Parai Santhu,
2.Tiruchirappalli Corporation, Ward 13 Arasamarathu Santhu,
3.Tiruchirappalli corporation, Ward 13 sarukkuparai street,
4.Tiruchirappalli corporation, Ward 13 thayumanavar street,
5.Tiruchirappalli Corporation, Ward 14 New Street Santhu,",All Voters,Tamilaga Vettri Kazhagam,414,239,175,Dravida Munnetra Kazhagam,2,3,1,4,5,7,7,7,7,7,7,7,5,21.4987714987715,4
43,43,0,42,4,31,0,0,0,0,0,0,0,1,129,0,0,0,0,0,1,0,208,0,2,210,0,"ICDS Centre, Thayumanavar Street, Malaikottai, Aspetos Roof Building South Facing","1.Tiruchirappalli Corporation, Ward 13 Nayunar Kovil Santhu,",All Voters,Tamilaga Vettri Kazhagam,129,42,87,Dravida Munnetra Kazhagam,2,3,1,4,6,6,6,6,6,6,6,6,5,41.82692307692308,1
44,44,0,194,14,132,0,0,0,0,0,0,0,0,340,0,0,0,1,0,0,0,681,0,3,684,0,"Corp.Multi Purpose Building, Thayumanavar Street, Malaikottai, RCC Roof Building,South Facing","1.Tiruchirappalli Corporation, Ward 14 vasantharayapillai street,, 2.Tiruchirappalli Corporation, Ward 14 vasantharayapillai street upasanthu 1,,   3.Tiruchirappalli corporation, Ward 14 vasantharayapillai street upasanthu2,
4.Tiruchirappalli Corporation, Ward 14 Kolla Mettu Street,,
5.Tiruchirappalli corporation, Ward 14 kadikana santhu,",All Voters,Tamilaga Vettri Kazhagam,340,194,146,Dravida Munnetra Kazhagam,2,3,1,4,5,5,5,5,5,5,5,5,5,21.43906020558003,1
45,45,0,149,5,75,1,0,0,0,0,2,1,0,264,3,0,0,0,0,0,0,500,0,1,501,0,"Sri Sankara Matriculation School,Pathaikadai Lane, RCC Roof Building West Facing Room-1","1 - Tiruchirappalli Corporation, Ward 14 Santhi Veerappan kovil Street, 2 - Tiruchirappalli Corporation, Ward 14 Keelaandal Street",All Voters,Tamilaga Vettri Kazhagam,264,149,115,Dravida Munnetra Kazhagam,2,3,1,4,8,8,6,8,8,8,5,6,8,23.0,3
46,46,1,158,15,66,0,0,0,0,0,0,1,0,169,0,0,0,1,0,0,0,411,0,2,413,0,"Sri Sankara Matriculation School,Pathaikadai Lane, RCC Roof Building West Facing Room-2","1- Tiruchirappalli Corporation, Ward 14 Babu Road",All Voters,Tamilaga Vettri Kazhagam,169,158,11,Dravida Munnetra Kazhagam,2,3,1,4,5,7,7,7,7,7,7,5,7,2.67639902676399,1
47,47,1,187,16,101,0,0,0,1,1,0,0,1,306,0,3,1,0,1,0,0,619,0,3,622,0,"Baktha Thayumanavar Middle School, Mahavidhvan Meenachisundaram Pillai Street, Pasumadam, Rockfort,   North Facing RCC Building","1.Tiruchirappalli Corporation, Ward 14 Tanjavur Kula Theru,
2.Tiruchirappalli Corporation, Ward 14 Kolla Vadugar    Theru,
3.Tiruchirappalli corporation, Ward 14 mariyappa muthaliyar santhu, 4.Tiruchirappalli Corporation, Ward 14 Sanjeevirao Santhu,   5.Tiruchirappalli Corporation, Ward 14 Pukaliyapillai Street,   6.Tiruchirappalli corporation, Ward 14 sukadoss mandi theru,   7.Tiruchirappalli Corporation, Ward 14 Nadusaniyan Kulatheru,",All Voters,Tamilaga Vettri Kazhagam,306,187,119,Dravida Munnetra Kazhagam,2,3,1,4,5,9,9,9,5,5,9,9,5,19.22455573505654,5
48,48,0,154,18,96,0,0,0,2,0,0,0,0,298,0,0,2,0,0,0,0,570,0,0,570,0,"Thotta Rajagopal Middle  School, Meenakshi sundaram Pillai Street,Terraced Building West Facing Class Room","1.Tiruchirappalli Corporation, Ward 13 Malaikottai Keela Veethi,   , 2.Tiruchirappalli corporation, Ward 13 mahavithvan meennakeshi suntharampillai street,   3.Tiruchirappalli Corporation, Ward 14 chinnakadai street East,
4.Tiruchirappalli corporation, Ward 14 chinnakadai street west,
5.Tiruchirappalli Corporation, Ward 14 chinnakadai street South,   6.Tiruchirappalli corporation, Ward 14 chinnakadai street north,",All Voters,Tamilaga Vettri Kazhagam,298,154,144,Dravida Munnetra Kazhagam,2,3,1,4,6,6,6,6,5,6,6,6,6,25.26315789473684,2
49,49,1,217,14,69,1,2,1,0,1,3,0,2,455,0,1,1,0,3,0,0,771,0,3,774,0,"Holy Cross Girls Hr.Sec.School, Madurai Road, Centenary block, West East   Building, Class Room No-7   South Facing, RCC Roof","1.Tiruchirappalli corporation, Ward 21 kattapomman street jeeva nagar, 2.Tiruchirappalli corporation, Ward 21 kamarajar street jeeva nagar, 3.Tiruchirappalli corporation, Ward 21 yellai mariyamman kovil street jeeva nagar,   4.Tiruchirappalli corporation, Ward 21    V.O.C Street Jeeva Nagar,",All Voters,Tamilaga Vettri Kazhagam,455,217,238,Dravida Munnetra Kazhagam,2,3,1,4,8,6,8,8,12,8,5,12,6,30.86900129701686,5
50,50,2,253,27,92,1,0,2,0,0,1,0,0,452,0,1,0,1,1,0,1,834,0,1,835,0,"Holy Cross Girls Hr.Sec.School, Madurai Road, Centenary block, West East   Building, Class Room No-6 South Facing, RCC Roof","1.Tiruchirappalli    corporation, Ward 21    periyar street jeeva nagar, 2.Tiruchirappalli corporation, Ward 21    laalbahathur sasthri street jeeva nagar,   3.Tiruchirappalli corporation, Ward 21 gandhi street jeeva    nagar, 4.Tiruchrappalli corporation, Ward 21 puthuvayal street jeeva    nagar,",All Voters,Tamilaga Vettri Kazhagam,452,253,199,Dravida Munnetra Kazhagam,2,3,1,4,5,9,7,5,9,9,7,9,9,23.86091127098321,4
51,51,2,159,21,64,0,1,0,0,0,1,1,0,260,0,2,1,1,0,0,0,513,0,1,514,0,"Holy Cross Girls Hr.Sec.School, Madurai Road, Centenary block, West East   Building, Class Room No-5 South Facing, RCC Roof","1.Tiruchirappalli    corporation, Ward 21 annai indhira gandhi street jeeva nagar, 2.Tiruchirappalli    corporation, Ward 21 nehru street jeeva nagar,",All Voters,Tamilaga Vettri Kazhagam,260,159,101,Dravida Munnetra Kazhagam,2,3,1,4,5,6,9,9,9,9,6,6,9,19.68810916179337,4
52,52,0,100,7,53,0,0,0,0,0,1,0,2,225,0,0,0,0,1,0,0,389,0,2,391,0,"Holy Cross Girls Hr.Sec.School, Madurai Road, Centenary block, West East   Building, Class Room No-4 South Facing, RCC Roof","1.Tiruchirappalli corporation, Ward 21 Anna street    jeeva nagar,",All Voters,Tamilaga Vettri Kazhagam,225,100,125,Dravida Munnetra Kazhagam,2,3,1,4,7,7,7,7,7,7,6,7,5,32.13367609254499,1
53,53,2,246,13,123,1,1,1,0,0,17,0,4,448,1,2,5,2,1,1,1,869,0,1,870,0,"Holy Cross Girls Hr.Sec.School, Madurai Road, Centenary block, West East   Building, Class Room No-3   South Facing, RCC Roof","1.Tiruchirappalli corporation, Ward-21 sangaranayyakkar street, 2.Tiruchirappalli corporation, Ward 21 perumal nayyakkar street (kalyanasundharapuram),   3.Tiruchirappalli Corporation, Ward 21 Chinna Nayyakkar Street (KalyanaSundarapuram,   4.Tiruchirappalli corporation, Ward 21 seerappa nayyakkar street (kalyanasundharapuram,
5.Tiruchirappalli Corporation, Ward 21 Sherif Street (Kalyana Sundarapuram),",All Voters,Tamilaga Vettri Kazhagam,448,246,202,Dravida Munnetra Kazhagam,2,3,1,5,7,8,8,8,11,11,4,11,6,23.24510932105869,13
54,54,1,302,4,10,0,0,0,0,0,1,1,0,201,0,1,0,0,0,0,0,521,0,1,522,0,"Holy Cross Girls Hr.Sec.School, Madurai Road, Centenary block, West East   Building, Class Room No-2 South Facing, RCC Roof","1 - Tiruchirappalli Corporation, Ward 21- Jalal Bakkiri Street ,
2 - Tiruchirappalli Corporation, Ward -21 Old Goodshed Road,",All Voters,Dravida Munnetra Kazhagam,302,201,101,Tamilaga Vettri Kazhagam,1,3,2,4,5,8,8,8,8,8,5,5,8,19.38579654510557,1
55,55,0,235,4,17,1,0,0,0,0,0,0,0,183,0,0,0,0,0,0,0,440,0,2,442,0,"Holy Cross Girls Hr.Sec.School, Madurai Road, Centenary block, West East   Building, Class Room No-1 South Facing, RCC Roof","1 - Tiruchirappalli Corporation, Ward 21 Madurai Road (Bharathiyar Salai)",All Voters,Dravida Munnetra Kazhagam,235,183,52,Tamilaga Vettri Kazhagam,1,3,2,4,6,6,5,6,6,6,6,6,6,11.81818181818182,0
56,56,0,447,12,50,0,0,0,0,0,3,0,0,326,1,0,1,0,3,0,0,843,0,0,843,0,"Holy Cross Girls Hr.Sec.School, Madurai Road, North South Building Class Room No VI C west Facing, Madras Terrace  Building","1 - Tiruchirappalli Corporation, Ward 21 Valluvar Street",All Voters,Dravida Munnetra Kazhagam,447,326,121,Tamilaga Vettri Kazhagam,1,3,2,4,6,6,6,6,6,6,5,6,6,14.35349940688019,5
57,57,0,165,8,21,0,0,0,0,1,0,0,0,149,0,0,2,0,0,0,0,346,0,1,347,0,"Holy Cross Girls Hr.Sec.School, Madurai Road, North South Building, Class Room No VI-D west facing, Madras Terraced Building","1 - Tiruchirappalli Corporation, Ward 21 Valluvar Street Mandapam, 2 - Tiruchirappalli Corporation, Ward 21 Valluvar Street Jinna Street",All Voters,Dravida Munnetra Kazhagam,165,149,16,Tamilaga Vettri Kazhagam,1,3,2,4,6,6,6,6,6,5,6,6,6,4.624277456647398,2
58,58,1,294,10,64,1,0,0,1,0,0,1,0,195,0,0,0,0,0,0,0,567,0,1,568,0,"Bishop Heber Hr.Sec.School, W. B Road,   Deivasigamani Hall South Facing RCC Building Room No:34","1.Tiruchirappalli    corporation, Ward 19    singarathoppu,
2.Tiruchirappalli    Corporation, Ward 14 Sarathas    N.S.B. Road,   3.Tiruchirappalli    corporation, Ward 14    N. S. B. Road Upasanthu, 4.Tiruchirappalli Corporation, Ward 14 Holly Cross Madhurai    Road, 5.Tiruchirappalli Corporation, Ward 19 Aallimal    Street,   6.Tiruchirappalli Corporation, Ward 19 Nadu Allimal    Street,   7.TiruchirappalliCorporation, Ward 14 WestBuliwardu Road BishopHeber M N P V, 8.Tiruchirappalli Corporation, Ward 14 West Buliward Road   Britto Colony,",All Voters,Dravida Munnetra Kazhagam,294,195,99,Tamilaga Vettri Kazhagam,1,3,2,4,5,9,5,9,5,9,9,5,9,17.46031746031746,0
59,59,0,97,8,60,0,0,0,0,0,0,0,0,178,0,0,0,0,0,0,0,343,0,1,344,0,"Govt.Girls Hr.Sec.School, Big Bazaar Street,   Town Hall, North Wing, Line  Roof","1.Tiruchirappalli corporation, Ward 14 Arabikula    street,",All Voters,Tamilaga Vettri Kazhagam,178,97,81,Dravida Munnetra Kazhagam,2,3,1,4,5,5,5,5,5,5,5,5,5,23.61516034985423,0
60,60,0,182,10,123,0,0,0,0,0,0,0,1,251,0,0,0,0,0,0,1,568,0,2,570,0,"Govt.Girls Hr.Sec.School, Big Bazaar Street,   Town Hall, South Wing, Line  Roof","1.Tiruchirappalli corporation, Ward 14 china chowk,
2.Tiruchirappalli corporation, Ward 14 Iraittammal    Street,
3.Tiruchirappalli corporation, Ward 14    Oththaimal Street,   ,
4.Tiruchirappalli corporation, Ward 14    konar store,
5.Tiruchirappalli corporation, Ward 14 Yakkubai Store  ,",All Voters,Tamilaga Vettri Kazhagam,251,182,69,Dravida Munnetra Kazhagam,2,3,1,4,6,6,6,6,6,6,6,6,5,12.14788732394366,1
61,61,1,373,12,63,0,0,0,0,0,0,0,0,328,0,1,1,0,0,0,0,779,0,1,780,0,"St.Marys Thoppu Middle  School, Kiledar Street,   East Block South Side Room RCC Roof","1.Tiruchirappalli    Corporation, Ward 14    Kelather Street,
2.Tiruchirappalli corporation, Ward 14   Paththai Kadai Santhu,",All Voters,Dravida Munnetra Kazhagam,373,328,45,Tamilaga Vettri Kazhagam,1,3,2,4,5,6,6,6,6,6,6,6,6,5.776636713735559,2
62,62,0,139,7,42,0,0,0,0,0,0,2,0,144,0,0,1,0,0,0,0,335,0,0,335,0,"St.Marys Thoppu Middle  School, Kiledar Street,   West Block South Side Room RCC Roof","1.Tiruchirappalli corporation,Ward 14 Maligai Street,
2.Tiruchirappalli corporation,Ward 19 Allaimal Street,",All Voters,Tamilaga Vettri Kazhagam,144,139,5,Dravida Munnetra Kazhagam,2,3,1,4,6,6,6,6,6,6,6,5,6,1.492537313432836,1
63,63,1,253,11,66,0,1,0,0,0,0,0,1,264,0,1,0,0,0,0,0,598,0,0,598,0,"St.Marys Thoppu Middle  School, Kiledar Street,   West Block East Facing RCC Building Room No:VII","1.Tiruchirappalli corporation, Ward 14    North    suvankara street,   2.Tiruchirappalli Corporation, Ward 14 Periyakadai Veethi,   3.Tiruchirappalli      corporation, Ward 14 nadu suvankara street,",All Voters,Tamilaga Vettri Kazhagam,264,253,11,Dravida Munnetra Kazhagam,2,3,1,4,5,5,8,8,8,8,8,8,5,1.839464882943144,1
64,64,0,218,12,65,0,0,2,1,0,0,1,1,258,0,1,0,0,0,0,0,559,0,2,561,0,"St.Marys Thoppu Middle  School, Kiledar Street,   West Block West Facing RCC Building Room No:V-A","1.Tiruchirappalli   Corporation, Ward 14    Thippiranthotti Theru,
2.Tiruchirappalli corporation, Ward 14 nadu arabikula theru,
3.Tiruchirappalli corporation, Ward 14 periya chowk,",All Voters,Tamilaga Vettri Kazhagam,258,218,40,Dravida Munnetra Kazhagam,2,3,1,4,9,9,9,5,6,9,9,6,6,7.155635062611807,1
65,65,2,126,17,79,0,0,0,0,0,1,1,4,252,1,0,4,0,0,0,0,487,0,1,488,0,"Maithreyee Vidyalaya Ele.School,
E. B Road, Central Hall, South Side West Facing Roof Building","1.Tiruchirappalli corporation, Ward-18    selvavinayagar    kovil street, 2.Tiruchirappalli Corporation, Ward-18 Selvavinayagar Kovil Street Kudisai Paguthi,   3.Tiruchirappalli corporation, Ward-18 kundrumani samymadam    thoppu,",All Voters,Tamilaga Vettri Kazhagam,252,126,126,Dravida Munnetra Kazhagam,2,3,1,4,6,9,9,9,9,9,7,7,5,25.87268993839836,5
66,66,0,180,20,87,0,0,0,1,1,1,2,2,540,1,0,1,0,2,0,0,838,0,4,842,0,"Vaicounts Ghosa Govt.Musilm Girls High School, E. B Road, South Side North facing RCC Building (West)","1.Tiruchirappalli   corporation, Ward 17 anna nagar extn (sathiya moorthy nagar, 2.Tiruchirappalli corporation, Ward 17 Thideer Nagar (Anna Nagar),",All Voters,Tamilaga Vettri Kazhagam,540,180,360,Dravida Munnetra Kazhagam,2,3,1,4,10,10,10,10,7,7,7,5,5,42.95942720763723,4
67,67,2,209,21,113,0,0,1,1,0,0,0,0,362,0,6,7,0,0,0,0,722,0,0,722,0,"Vaicounts Ghosa Govt.Musilm Girls High School, E. B Road, South Side North facing RCC Building (West)","1.Tiruchirappalli corporation, Ward 17 Anna Nagar Kudisai Paguthi,",All Voters,Tamilaga Vettri Kazhagam,362,209,153,Dravida Munnetra Kazhagam,2,3,1,4,5,8,8,6,6,8,8,8,8,21.19113573407202,13
68,68,0,256,18,34,0,0,0,1,1,1,0,0,514,1,0,2,1,0,0,0,829,0,3,832,0,"Vaicounts Ghosa Govt.Musilm Girls High School, E. B Road, North Block, North Block South Facing RCC Building Room No:2","1.Tiruchirappalli corporation, Ward-17 saithyamoorthy nagaril ulla munichipilpalaiya colony,   , 2.Tiruchirappalli corporation, Ward-17 sathiya moorthy nagar Door No 1 to 60,",All Voters,Tamilaga Vettri Kazhagam,514,256,258,Dravida Munnetra Kazhagam,2,3,1,4,8,8,8,8,5,5,5,8,8,31.12183353437877,4
69,69,1,240,12,52,0,0,0,1,0,0,0,2,447,1,3,3,0,0,1,0,763,0,0,763,0,"Vaicounts Ghosa Govt. Musilm Girls High School, E. B Road, South Side North Facing RCC Building","1- Tiruchirappalli Corporation, Ward-17 Sathiyamoorthy Nagar (Door No from 61 onwards)   , 2-Tiruchirappalli Corporation - Ward 17 Kamarajar Nagar (north Tharanallur)    (Door No 218/2 Above)",All Voters,Tamilaga Vettri Kazhagam,447,240,207,Dravida Munnetra Kazhagam,2,3,1,4,6,8,8,8,6,8,8,8,5,27.12975098296199,8
70,70,0,247,15,78,1,0,0,1,0,0,0,3,543,0,5,3,1,1,0,0,898,0,0,898,0,"Vaiscounts Gosha Gvt. Muslim Girl's High School, EB Road, West Block - West   Side   West facing","1.Tiruchirappalli Corporation - Ward 17 Kamarajar Nagar (north Tharanallur), (Door No 1 to 218/1)",All Voters,Tamilaga Vettri Kazhagam,543,247,296,Dravida Munnetra Kazhagam,2,3,1,4,8,8,6,8,6,8,8,8,5,32.96213808463251,10
71,71,0,243,16,78,1,1,0,0,0,0,0,4,420,0,1,3,1,2,1,0,771,0,1,772,0,"Vaicounts Ghosa Govt. Musilm Girls High School, E.B Road,   North Facing RCC Building (West)","1.Tiruchirappalli    corporation, Ward 17 kamaraj nagar (162 to 329 D) tharanallur,   2.Tiruchirappalli corporation, Ward 17 Kamaraj Nagar Kudisai Paguthi,",All Voters,Tamilaga Vettri Kazhagam,420,243,177,Dravida Munnetra Kazhagam,2,3,1,4,8,6,6,8,8,8,8,8,5,22.95719844357977,8
72,72,1,266,22,89,1,0,0,1,0,0,1,0,423,2,0,1,1,0,0,0,808,0,2,810,0,"Corporation High School, EB Road West Wing Class 10, Room 3 RCC Building North Facing","1.Tiruchirappalli Corporation - Ward 18 Alanganathapuram First Street,      , 2.Tiruchirappalli Corporation - Ward 18 Alanganathapuram 2nd Street,             , 3.Tiruchirappalli Corporation - Ward 18 Alanganathapuram 3rd Street,
4.Tiruchirappalli Corporation - Ward 18 Alanganathapuram 4th Street,             , 5.Tiruchirappalli Corporation - Ward 18 Alanganathapuram 5th Street,",All Voters,Tamilaga Vettri Kazhagam,423,266,157,Dravida Munnetra Kazhagam,2,3,1,4,5,9,5,9,5,9,9,5,9,19.43069306930693,4
73,73,2,317,12,49,0,2,0,0,0,0,0,0,238,0,1,0,0,0,0,0,621,0,3,624,0,"Cororation High School, EB Road West Wing Class 10, Room 3 RCC Building North Facing , West Wing Class 9, Room 2 RCC Building North Facing","1.Tiruchirappalli Corporation - Ward18 Krishnapuram Nadu Street, 2.Tiruchirappalli Corporation - Ward 18   Krishnapuram Mohamathiyar Street",All Voters,Dravida Munnetra Kazhagam,317,238,79,Tamilaga Vettri Kazhagam,1,3,2,4,5,5,7,7,7,7,7,7,7,12.72141706924316,1
74,74,1,208,19,71,1,0,2,0,0,0,0,1,309,0,0,0,0,1,0,0,613,0,1,614,0,"Corporation High School, E. B. Road,    North Facing RCC Building (East)","1.Thiruchirappalli   corporation, Ward 18    Keela buliward road south, 2.Thiruchirappalli Corporation, Ward 18 KeelaBuliward Road South Kudisaipaguthi,",All Voters,Tamilaga Vettri Kazhagam,309,208,101,Dravida Munnetra Kazhagam,2,3,1,4,6,9,6,5,9,9,9,9,6,16.47634584013051,1
75,75,1,140,10,66,0,0,0,0,0,0,0,2,313,1,0,0,1,0,0,1,535,0,0,535,0,"Corporation High School, E.B. Road,North Wing, RCC Building (East side)North Facing","1.Tiruchirappalli Corporation - Ward 18 Kamala Nehru Nagar,,
2.Tiruchirappalli Corporation - Ward 18 Kamala Nehru Nagar Kudisai Paguthi,   3.Tiruchirappalli Corporation - Ward 18 Kamalanehru Nagar Shanmuhamthoppu,",All Voters,Tamilaga Vettri Kazhagam,313,140,173,Dravida Munnetra Kazhagam,2,3,1,4,6,7,7,7,7,7,7,7,5,32.33644859813084,3
76,76,0,229,22,101,1,0,1,0,0,0,0,0,536,0,3,6,0,0,0,0,899,0,0,899,0,"Corporation High School, E.B. Road,North Wing, RCC Building (East side)North Facing","1.Tiruchirappalli Corporation - Wars 18 Balakrishna Vilas,
2.Tiruchirappalli Corporation - Ward 18 Viragupettai bharathi nagar , 3.Tiruchirappalli Corporation - Ward 18 Karuvattupettai,   4.Tiruchirappalli Corporation - Ward 18 Ilankanmariyamman Kovil Street,",All Voters,Tamilaga Vettri Kazhagam,536,229,307,Dravida Munnetra Kazhagam,2,3,1,4,7,7,5,5,7,7,7,7,7,34.14905450500556,9
77,77,0,146,12,73,0,0,0,0,0,0,1,3,330,1,0,2,1,0,0,0,569,0,2,571,0,"Corporation Elemendary School,E.B. Road ,North wing,RCC Buliding(West Side)South Facing","1.Tiruchirappalli Corporation - Ward 18 Krishnapuram Road,",All Voters,Tamilaga Vettri Kazhagam,330,146,184,Dravida Munnetra Kazhagam,2,3,1,4,7,7,7,7,7,7,7,6,5,32.33743409490334,4
78,78,0,340,14,35,0,0,0,0,2,0,0,4,437,0,2,1,0,0,0,0,835,0,1,836,0,"Alangavilas Middle School, Poonthottam, Tanjore Road,   South Facing RCC Building (East)","1.Tiruchirappalli   corporation, Ward 18   poonthottam, (door No 1 to 71/1)",All Voters,Tamilaga Vettri Kazhagam,437,340,97,Dravida Munnetra Kazhagam,2,3,1,4,7,7,7,7,7,6,7,7,5,11.61676646706587,3
79,79,1,259,8,59,0,0,0,2,0,0,1,1,284,2,0,3,0,0,0,0,620,0,1,621,0,"Alangavilas Middle SchooL North Thara Nallur , North Block West Side",1.Tiruchirappalli Corporation - Ward 18 Poonthottam (Door No 71/2 Above)      2.Tiruchirappalli Corporation - Ward 18 Alanganathapuram Road,All Voters,Tamilaga Vettri Kazhagam,284,259,25,Dravida Munnetra Kazhagam,2,3,1,4,6,9,9,9,5,9,9,6,6,4.032258064516129,5
80,80,1,212,20,57,1,1,1,0,0,0,0,0,341,0,0,4,1,0,0,0,639,0,2,641,0,"Alangavilas Middle School, Poonthottam, Tanjore Road,   South Facing RCC Building (West)","1.Tiruchirappalli corporation, Ward 18 veerama nagar,",All Voters,Tamilaga Vettri Kazhagam,341,212,129,Dravida Munnetra Kazhagam,2,3,1,4,5,5,5,5,9,9,9,9,9,20.18779342723005,5
81,81,0,134,8,53,0,0,0,0,0,1,0,2,348,0,0,2,0,2,0,0,550,0,2,552,0,"Corporation Elementray School, Tharanallur Agraharam, North Side West Facing RCC Building","1.Tiruchirappalli corporation, Ward 17 tharanallur south street,",All Voters,Tamilaga Vettri Kazhagam,348,134,214,Dravida Munnetra Kazhagam,2,3,1,4,7,7,7,7,7,7,6,7,5,38.90909090909091,4
82,82,2,195,15,56,1,0,0,0,1,0,2,3,382,0,2,0,3,2,0,1,665,0,0,665,0,"Corporation Elementray School, Tharanallur Agraharam, South Side West Facing RCC Building","1.Tiruchirappalli corpooration, Ward 17 tharanallur agraharam,
2.Tiruchirappalli   Corporation, Ward 16 Tharanallur Thoppu Street,",All Voters,Tamilaga Vettri Kazhagam,382,195,187,Dravida Munnetra Kazhagam,2,3,1,4,6,10,8,10,10,8,10,6,5,28.1203007518797,8
83,83,0,139,20,55,1,0,0,0,1,0,1,0,425,0,1,3,0,0,0,0,646,0,3,649,0,"Corporation High School, E.B Road,   South Side   Facing RCC Building (West)","1.Tiruchirappalli corporation, Ward 16 vasanth nagar   1st main road (tharanallur),   2.Tiruchirappalli corporation, Wadr 16 vasanth nagar 2th   main road (tharanallur),   3.Tiruchirappalli corporation, Ward 16 vasanth nagar 3rd   main road (tharanallur),   4.Tiruchirappalli corporation, Ward 16 vasanth nagar 4th   main road (tharanallur),   5.Tiruchirappalli corporation, Ward 16 vasanth nagar 5th   main road (tharanallur),   6.Tiruchirappalli    corporation, Ward 16 tharanallur east street,   7.Tiruchirappalli    corporation, Ward 16 Tharanallur East Street Kalainger Nagar, 8.Tiruchirappalli corporation, Ward 16 East Street Upasanthu,",All Voters,Tamilaga Vettri Kazhagam,425,139,286,Dravida Munnetra Kazhagam,2,3,1,4,8,8,5,8,8,5,8,5,8,44.27244582043344,4
84,84,0,155,14,82,0,0,0,0,0,0,1,1,346,0,0,1,0,1,0,0,601,0,2,603,0,"Corporation High School, E.B Road,   South Side   Facing RCC Building (East)","1.Tiruchirappalli corporation, Ward 16 East Street 1st   Main Road, 2.Tiruchirappalli corporation, Ward 16   East Street 2th Main Road, 3.Tiruchirappalli corporation, Ward 16   East Street 3th   Main Road, 4.Tiruchirapalli corporation, Ward 16 tharanallur kalaingar nagar muthal theru, 5.Tiruchirappalli corporation, Ward 16 kalaingar nagar   2th Street,
6.Tiruchirappalli corporation, Ward 16 kalaingar nagar   3th Street, 7.Tiruchirappalli corporation, Ward 16 kalaingar nagar 4th Street, 8.Tiruchirappalli corporation, Ward 16 kalaingar nagar   5th Street, 9.Tiruchirappalli corporation, Ward 16 kalaingar nagar   6th Street,",All Voters,Tamilaga Vettri Kazhagam,346,155,191,Dravida Munnetra Kazhagam,2,3,1,4,7,7,7,7,7,7,7,5,5,31.78036605657238,2
85,85,2,133,11,95,1,1,0,2,0,0,0,1,290,0,0,0,0,0,0,2,538,0,1,539,0,"Corporation Urudu Primary School, EB Road North Block East Side","1.Tiruchirappalli corporation, Ward 17 Tharanallur bazaar,
2.Tiruchirappalli corporation, Ward 17 Tharanallur Main Road,
3.Tiruchirapalli    corporation, Ward 17 Tharanallur main road upasanthu 3, 4.Tiruchirappalli corporation, Ward 17 Tharanallur Main Road Upasanthu 4, 5.Tiruchirappalli corporation, Ward 17 Tharanallur Main Road Upasanthu 5,",All Voters,Tamilaga Vettri Kazhagam,290,133,157,Dravida Munnetra Kazhagam,2,3,1,4,5,7,7,10,5,10,10,10,7,29.182156133829,2
86,86,1,88,15,41,1,1,1,2,0,1,0,1,314,1,0,3,0,0,0,0,470,0,0,470,0,"Alangavilas Middle School (Now), Singarampillai Sivapackiyathammal Memorial Hall, North Tharanallur South Side North Facing RCC Building (East)","1.Tiruchirappalli Corporation, Ward 17 Kalmanthai    Street,",All Voters,Tamilaga Vettri Kazhagam,314,88,226,Dravida Munnetra Kazhagam,2,3,1,4,6,6,6,6,5,12,6,12,6,48.08510638297872,4
87,87,1,193,18,85,1,0,0,1,0,0,1,0,404,0,0,1,0,0,0,1,706,0,2,708,0,"Alangavilas Middle School (Now), Singarampillai Sivapackiyathammal Memorial Hall, North Tharanallur   South Side North Facing RCC Building (East) Room No:3","1.Tiruchirappalli   corporation, Ward 17 New kalmanthai street,
2.Tiruchirappalli corporation, Ward 16 Tharanallur new street,",All Voters,Tamilaga Vettri Kazhagam,404,193,211,Dravida Munnetra Kazhagam,2,3,1,4,5,9,5,9,5,9,9,5,9,29.88668555240793,2
88,88,1,150,17,79,0,0,0,1,0,0,1,1,402,0,2,2,1,1,0,0,658,0,1,659,0,"Alangavilas Middle School (Now), Singarampillai Sivapackiyathammal Memorial Hall, North Tharanallur South Side North Facing RCC Building (Central)","1.Tiruchirappalli corporation, Ward 17 North Tharanallur Door No 1 to 50,",All Voters,Tamilaga Vettri Kazhagam,402,150,252,Dravida Munnetra Kazhagam,2,3,1,4,5,9,9,9,5,9,9,5,5,38.29787234042553,6
89,89,0,97,13,64,0,0,0,1,0,1,0,0,233,0,0,1,0,0,0,0,410,0,1,411,0,"Alangavilas Middle School (Now), Singarampillai Sivapackiyathammal Memorial Hall, North Tharanallur South Side North Facing RCC Building (West)","1.Tiruchirappalli   corporation, Ward 17 North Tharanallur Door No Above  50,",All Voters,Tamilaga Vettri Kazhagam,233,97,136,Dravida Munnetra Kazhagam,2,3,1,4,7,7,7,7,5,7,5,7,7,33.17073170731707,1
90,90,0,153,12,120,1,1,1,1,0,3,1,1,347,0,1,5,0,0,0,0,647,0,1,648,0,"Alangavilas Middle School (Now), Singarampillai Sivapackiyathammal Memorial Hall, North Tharanallur South Side North Facing RCC Building (West)","1.Tiruchirappalli   corporation, Ward 17 North Tharanallur Velupillai Thoppu, 2.Tiruchirappalli   corporation, Ward 17 North Tharanallur Upasanthu 1, 3.Tiruchirappalli corporation, Ward 17 North Tharanallur    Upasanthu 2, 4.Tiruchirappalli corporation, Ward 17 North Tharanallur    Upasanthu 3,
5.Tiruchirappalli   corporation, Ward 17 North Tharanallur Upasanthu 4, 6.Tiruchirappalli   corporation,Ward 17 North
Tharanallur Upasanthu 5,",All Voters,Tamilaga Vettri Kazhagam,347,153,194,Dravida Munnetra Kazhagam,2,3,1,4,12,6,6,6,6,12,5,6,6,29.98454404945904,6
91,91,0,138,16,106,0,0,4,0,0,0,0,0,281,0,0,0,0,0,0,0,545,0,0,545,0,"Kottai Corporation Middle  School, Vellai Vetrilaikara Street,   North facing   RCC Building   Room No: 1","1.Tiruchirappalli    corporation, Ward 19    sountharapandiyan pillai    street,",All Voters,Tamilaga Vettri Kazhagam,281,138,143,Dravida Munnetra Kazhagam,2,3,1,4,6,6,6,5,6,6,6,6,6,26.23853211009174,0
92,92,0,153,12,106,0,1,0,0,0,0,1,1,382,1,0,2,0,1,0,0,660,0,2,662,0,"Kottai Corporation Middle  School, Vellai Vetrilaikara Street, North facing   RCC Building   Room No: 2","1.Tiruchirappalli    Corporation, Ward 19    Vellai Vettrelikara Street, 2.Tiruchirappalli    Corporation, Ward 19 Periyakadai Veethi,",All Voters,Tamilaga Vettri Kazhagam,382,153,229,Dravida Munnetra Kazhagam,2,3,1,4,8,5,8,8,8,8,8,5,5,34.6969696969697,4
93,93,1,158,19,87,0,0,1,0,0,0,0,0,378,0,0,1,0,0,0,0,645,0,2,647,0,"Kottai Corporation Middle  School, Vellai Vetrilaikara Street, South Wing RCC Roof Room No: 3","1 - Tiruchirappalli Corporation, Ward 19 Sunambukara Street",All Voters,Tamilaga Vettri Kazhagam,378,158,220,Dravida Munnetra Kazhagam,2,3,1,4,5,7,7,5,7,7,7,7,7,34.10852713178294,1
94,94,1,92,9,75,1,0,0,0,0,0,0,0,169,0,0,1,0,0,0,0,348,0,3,351,0,"Kottai Corporation Middle  School, Vellai Vetrilaikara Street, South Wing RCC Roof Room No: 4","1 - Tiruchirappalli Corporation, Ward 19 Sunambukara Street Upasanthu    , 2 - Tiruchirappalli Corporation, Ward 19 South Sunambukara Street",All Voters,Tamilaga Vettri Kazhagam,169,92,77,Dravida Munnetra Kazhagam,2,3,1,4,5,7,5,7,7,7,7,7,7,22.1264367816092,1
95,95,1,182,23,94,0,0,0,0,0,0,1,2,301,0,0,2,2,0,0,1,609,0,1,610,0,"Sundaram Nursery & Primary School,Bhandegana Street .RCC Terrarced Building South facing","1.Tiruchirappalli corporation, Ward 18 Kasipalayam,",All Voters,Tamilaga Vettri Kazhagam,301,182,119,Dravida Munnetra Kazhagam,2,3,1,4,6,8,8,8,8,8,8,6,5,19.54022988505747,5
96,96,1,161,21,154,0,0,0,0,1,0,0,2,349,0,1,6,0,0,0,0,696,0,1,697,0,"Corporation kottal ele school, ICDS Centre  vellai vetrilai kara street, Rcc Building","1.Tiruchirappalli    corporation, Ward 20 Maniyakkara street,
2.Tiruchirappalli corporation, Ward 20 North    rani    street,
3.Tiruchirappalli    corporation, Ward 20 Neethukara    Street,
4.Tiruchirappalli    corporation, Ward 20 Udaiyavar   Kovil  Street,, 5- Tiruchirappalli Corporation, Ward 20 Keelarani Street",All Voters,Tamilaga Vettri Kazhagam,349,161,188,Dravida Munnetra Kazhagam,2,3,1,4,6,8,8,8,8,6,8,8,5,27.01149425287356,7
97,97,0,184,22,132,2,0,1,0,0,0,0,1,418,1,0,2,0,0,0,2,765,0,6,771,0,"Corporation Ele. School, Maniyakara Street, Class Room No.2 RCC Building","1.Tiruchirappalli    corporation, Ward 20    Big Sowrashtra street,, 2- Tiruchirappalli Corporation, Ward 20 Penya Sowrastra Street Upasanthu 1, 3-Tiruchirappalli Corporation, Ward 20 Periya Sowrastra Street Upasanthu 2",All Voters,Tamilaga Vettri Kazhagam,418,184,234,Dravida Munnetra Kazhagam,2,3,1,4,8,8,5,6,8,8,8,8,6,30.58823529411765,5
98,98,0,148,12,133,0,0,5,1,0,0,1,0,296,0,1,1,0,1,0,0,599,0,0,599,0,"Corporation Ele. School, Maniyakara Street, North Wing Class Room, RCC Building","1.Tiruchirappalli    corporation, Ward 20    Rani    street,
2.Tiruchirappalli corporation, Ward 20 East sowrastra street,, 3-Tiruchirappalli Corporation, Ward 20 North Sowrastra Street",All Voters,Tamilaga Vettri Kazhagam,296,148,148,Dravida Munnetra Kazhagam,2,3,1,4,8,8,8,5,6,8,8,6,8,24.70784641068447,3
99,99,0,139,5,76,0,0,1,0,0,1,0,0,298,0,0,2,0,0,0,0,522,0,0,522,0,"Oxford Nursery & Primary School, North Side  49, North Tailor Street South Facing RCC Roof","1.Tiruchirappalli    corporation, Ward    20    Chinna sowrastra street, 2.Tiruchirappalli    corporation, Ward 20    Hindu hospital street,   3.Tiruchirappalli    corporation, Ward 20    Kolla vadukath    street,",All Voters,Tamilaga Vettri Kazhagam,298,139,159,Dravida Munnetra Kazhagam,2,3,1,4,7,7,7,5,7,7,5,7,7,30.45977011494253,2
100,100,0,367,2,10,0,0,0,0,0,0,0,0,190,0,1,0,0,1,0,0,571,0,1,572,0,"Corporation Urudu Elementary School, (Ibrahim Park Campus) W.B.Road, Class Room 3, North Facing RCC Roof.","1 - Tiruchirappalli Corporation, Ward 21 Natharsha Pallivasal Street South Part-I (door no 1 to 40)",All Voters,Dravida Munnetra Kazhagam,367,190,177,Tamilaga Vettri Kazhagam,1,3,2,4,5,5,5,5,5,5,5,5,5,30.99824868651488,2
101,101,2,267,5,12,0,1,0,0,0,0,1,0,161,1,1,0,0,0,0,0,451,0,0,451,0,"Corporation Urudu Elementary School, (Ibrahim Park Campus) W.B.Road, Class Room 3(Part), North Facing RCC Roof.","1 - Tiruchirappalli Corporation, Ward 21 Natharsha Pallivasal Street South Part-II (door no 40/1 Above)",All Voters,Dravida Munnetra Kazhagam,267,161,106,Tamilaga Vettri Kazhagam,1,3,2,4,5,6,8,8,8,8,8,6,8,23.50332594235033,2
102,102,0,520,9,20,0,0,1,1,0,0,0,0,298,0,0,2,1,1,1,0,854,0,0,854,0,"Corporation Urudu Elementary School, (Ibrahim Park Campus) W.B.Road, Class Room 1 RCC Roof","1.Tiruchirappalli corporation, Ward 21 natharsha pallivasal street south   (door no 81 to 132),",All Voters,Dravida Munnetra Kazhagam,520,298,222,Tamilaga Vettri Kazhagam,1,3,2,4,7,7,7,5,5,7,7,7,7,25.99531615925059,5
103,103,3,488,13,16,0,0,0,0,0,0,0,1,288,0,1,1,0,0,0,0,811,0,1,812,0,"Corporation Urudu Elementary School, (Ibrahim Park Campus) W.B.Road,   South facing Noonmeal Building","1.Tiruchirappalli corporation, Ward 21 natharsha pallivasal street north(d.no 133),",All Voters,Dravida Munnetra Kazhagam,488,288,200,Tamilaga Vettri Kazhagam,1,3,2,4,5,7,7,7,7,7,7,7,6,24.66091245376079,2
104,104,0,273,8,22,0,0,0,1,0,2,0,1,172,1,0,2,1,0,0,0,483,0,1,484,0,"Corporation Urudu Elementary School, (Ibrahim Park Campus) W.B.Road, Noonmeal Building","1 - Tiruchirappalli Corporation, Ward 21 Natharsha Pallivasal Street North Extension, 2.Tiruchirappalli    corporation, Ward-21
Jalal    kutthiri street,   3.Tiruchirappalli Corporation,Ward-21 Ibrahim Park    Road,",All Voters,Dravida Munnetra Kazhagam,273,172,101,Tamilaga Vettri Kazhagam,1,3,2,4,8,8,8,8,6,8,5,8,6,20.91097308488613,4
105,105,1,100,9,123,0,0,0,0,0,0,0,1,200,0,1,0,0,1,0,0,436,0,2,438,0,"Sadalbai Hospital South Block , WB Road,Trichy,South Side East facing RCC Building","1.Tiruchirappalli    Corporation, Ward-20 North Kugili Street,,
2.Tiruchirappalli    Corporation, Ward-20    Dakkar Chathiram Santhu,, 3.Tiruchirappalli    Corporation, Ward-20 Subramaniyasamy    Kovil    Street,,   4.Tiruchirappalli Corporation, Ward-20 Dakkar Santhu,, 5.Tiruchirappalli Corporation, Ward 20    West Buliward   Road,
6.Tiruchirappalli corporation, Ward-20 nadu kugili   street,",All Voters,Tamilaga Vettri Kazhagam,200,123,77,All India Anna Dravida Munnetra Kazhagam,3,2,1,4,5,7,7,7,7,7,7,7,5,17.6605504587156,2
106,106,1,178,7,106,0,1,0,0,0,0,1,0,266,0,0,0,1,0,1,0,562,0,2,564,0,"R.C.Elementary School, Kuruviyan Kulam Street, W.B Road, East Block South Wing Tiled Building","1- Tiruchirappalli Corporation, Ward 20 Begam Palivasal Street, 2-Tiruchirappalli Corporation, Ward 20 Narasimalunaidu
Street                ,              3 -Tiruchirappalli Corporation, Ward 20 Naduvalaiyalkarath Street                    4 -Tiruchirappalli Corporation, Ward-20 Nadukallukkarath Street",All Voters,Tamilaga Vettri Kazhagam,266,178,88,Dravida Munnetra Kazhagam,2,3,1,4,5,5,8,8,8,8,8,5,8,15.65836298932384,2
107,107,1,302,12,82,1,0,0,1,0,0,0,0,274,0,0,0,0,0,0,0,673,0,0,673,0,"Social Aided Elemantary School, Samaspiran Street,   East Block West facing Rcc Building","1.Tiruchirappalli    corporation, Ward 19    samaspiran    street,
2.Tiruchirappalli    corporation, Ward 19 samaspiran   street upasanthu 1, 3.Tiruchirappalli corporation, Ward 19 samaspiran street upasanthu 2,",All Voters,Dravida Munnetra Kazhagam,302,274,28,Tamilaga Vettri Kazhagam,1,3,2,4,5,8,5,8,5,8,8,8,8,4.160475482912332,0
108,108,0,314,6,48,0,0,1,0,0,0,0,0,188,0,0,1,0,3,0,0,561,0,1,562,0,"Social Aided Ele.School, Samaspiran Street,   North Block South facing Rcc Building","1.Tiruchirappalli    corporation, Ward 19 samaspiran   street upasanthu 3, 2.Tiruchirappalli    corporation, Ward 19 samaspiran   street upasanthu 4, 3.Tiruchirappalli    corporation, Ward 19 samaspiran   street upasanthu 5, 4.Tiruchirappalli corporation, Ward 19 samaspiran   street upasanthu    6,
5.Tiruchirappalli corporation, Ward 19 Gorikula Street,
6.Tiruchirappalli corporation, Ward 19 West Buliward Road,",All Voters,Dravida Munnetra Kazhagam,314,188,126,Tamilaga Vettri Kazhagam,1,3,2,4,6,6,6,5,6,6,6,6,6,22.45989304812834,4
109,109,0,122,12,51,2,0,0,0,0,0,0,1,236,0,1,0,0,0,0,0,425,0,1,426,0,"Social Aided Ele.School, Samaspiran Street,   West Block East facing Rcc Building","1.Tiruchirappalli   Corporation, Ward 19    Gurunathanpillai Street, 2.Tiruchirappalli    corporation, Ward 19 Krishnan Kovil Street Main, 3.Tiruchirappalli corporation, Ward 19 North sayakkara street,",All Voters,Tamilaga Vettri Kazhagam,236,122,114,Dravida Munnetra Kazhagam,2,3,1,4,7,7,5,7,7,7,7,7,6,26.82352941176471,1
110,110,0,164,9,77,0,0,0,0,0,0,0,1,238,1,0,1,0,0,0,0,491,0,0,491,0,"Social Aided Ele.School, Samaspiran Street,   South Block East facing AC Sheet Roof","1.Tiruchirappalli    corporation, Ward 19 Keela sayakkara street,
2.Tiruchirappalli    corporation, Ward 19 John Bazaar,
3.Tiruchirappalli    corporation, Ward 20 Nadu Kujili Street (D.no 49 to 113), 4.Tiruchirappalli    corporation, Ward 19 Krishnan Kovil    Street    Upasanthu,",All Voters,Tamilaga Vettri Kazhagam,238,164,74,Dravida Munnetra Kazhagam,2,3,1,4,6,6,6,6,6,6,6,6,5,15.07128309572301,2
111,111,1,158,26,134,0,0,2,0,0,2,0,2,358,1,0,4,0,0,0,0,688,0,3,691,0,"T.E.L.C. Middle  School, Kallar Street, East Block North facing class room Standard Building","1.Tiruchirappalli    corporation, Ward 19    pillukarath    street,
2.Tiruchirappalli    corporation, Ward 19    kalla street    (main),",All Voters,Tamilaga Vettri Kazhagam,358,158,200,Dravida Munnetra Kazhagam,2,3,1,4,8,9,9,5,9,9,5,9,5,29.06976744186047,5
112,112,0,110,5,41,0,0,0,0,0,0,1,0,177,0,1,0,0,0,0,0,335,0,0,335,0,"T.E.L.C. Middle  School, Kallar Street, West Block East facing class room Standard Building","1.Tiruchirappalli    corporation, Ward 19 KallaStreet Upasanthu 1,   2.Tiruchirappalli    corporation, Ward 19 kalla street upasanthu 2,   3.Tiruchirappalli    corporation, Ward 19 kalla street upasanthu 3,   4.Tiruchirappalli    corporation, Ward 19 kalla street upasanthu 4,,   5.Tiruchirappalli    corporation, Ward 19 kasiyapillai santhu 2,   6.Tiruchirappalli corporation, Ward 19 kasiyapillai santhu 4,",All Voters,Tamilaga Vettri Kazhagam,177,110,67,Dravida Munnetra Kazhagam,2,3,1,4,6,6,6,6,6,6,6,5,6,20.0,1
113,113,1,209,17,91,1,0,4,0,0,0,0,1,382,0,0,1,0,0,0,1,708,0,3,711,0,"T.E.L.C. Middle  School, Kallar Street,   North Block East Wing Terraced Building","1.Tiruchirappalli Corporation, Ward 19 Muthalagu Pillai Street,
2.Tiruchirappalli Corporation, Ward 19    Muthalagu Pillai Street upasanthu, 3.Tiruchirappalli Corporation, Ward 19 Mallisahib Street,   4.Tiruchirappalli Corporation, Ward 19 Kasiyapillai Santhu,   5.Tiruchirappalli Corporation, Ward 19 Nadu Muthalagupillai Street,",All Voters,Tamilaga Vettri Kazhagam,382,209,173,Dravida Munnetra Kazhagam,2,3,1,4,6,9,6,5,9,9,9,9,6,24.43502824858757,2
114,114,2,226,11,78,0,0,1,0,0,0,1,0,275,0,0,0,0,1,0,0,595,0,2,597,0,"Saraswathi Vilas Elemantary School, Varadharajaperumal Kovil Street,   East Block North Facing RCC Building","1.Tiruchirappalli Corporation, Ward 19 Santhukadai Kasaikadai Santhu   (Main), 2.Tiruchirappalli Corporation, Ward 19 Santhukadai Kasaikadai Santhu Upasanthu 1,
3.Tiruchirappalli Corporation, Ward 19 Santhukadai Kasaikadai Santhu Upasanthu 2,   4.Tiruchirappalli Corporation, Ward   19 Nadu Karikadai Santhu,   5.Tiruchirappalli Corporation, Ward
19    Varatharaj Perumal   Kovil Street, 6.Tiruchirappalli Corporation, Ward   19 Makdhum    Alikhan Street,
7.Tiruchirappalli Corporation, Ward   19 Sundharadoss Kula Street,",All Voters,Tamilaga Vettri Kazhagam,275,226,49,Dravida Munnetra Kazhagam,2,3,1,4,5,8,8,6,8,8,8,6,8,8.235294117647058,1
115,115,0,154,10,90,1,0,1,0,0,0,2,0,273,0,0,0,0,0,0,0,531,0,2,533,0,"Saraswathi Vilas Elemantary School, Varadharajaperumal Kovil Street,   West Block North Facing RCC Building","1.Tiruchirappalli Corporation, Ward   19 Jabarsha Street Main,
2.Tiruchirappalli Corporation, Ward   19 Jabarsha Street Upasanthu 1, 3.Tiruchirappalli Corporation, Ward   19 Jabarsha Street Upasanthu 2, 4.Tiruchirappalli corporation, Ward 19 santhiveerappan kovil street, 5.Tiruchirappalli Corporation, Ward 19 Angalamman Kovil Street,   6.Tiruchirappalli Corporation, Ward   19 Periyakadai Veethi (d.no.184 to 230),",All Voters,Tamilaga Vettri Kazhagam,273,154,119,Dravida Munnetra Kazhagam,2,3,1,4,8,8,6,6,8,8,8,5,8,22.4105461393597,0
116,116,0,207,14,128,0,0,3,0,0,1,0,0,341,0,0,2,1,0,0,0,697,0,2,699,0,"T.E.L.C. Middle  School, Beerangi Kula Street,   West facing RCC Building Class Room No:1","1.Tiruchirappalli corporation, Ward 19 mappillai nayakkan gula theru, 2.Tiruchirappalli Corporation, Ward 19 Mappillai Nayakan Gula Theru Upasanthu 1,   3.Tiruchirappalli Corporation,Ward 19 Mappillai Nayakan Gulatheru Upasanthu 2,   4.Tiruchirappalli      corporation, Ward 18 Panthokana Street,",All Voters,Tamilaga Vettri Kazhagam,341,207,134,Dravida Munnetra Kazhagam,2,3,1,4,7,7,7,5,7,7,6,7,7,19.22525107604017,3
117,117,0,245,18,103,0,0,0,1,0,0,0,1,444,0,0,0,1,1,0,0,814,0,2,816,0,"T.E.L.C. Middle  School, Beerangi Kula Street,   North Wing RCC Roof","1.Tiruchirappalli corporation, Ward 18 poologanatha swami kovil    street    main, 2.Tiruchirappalli    corporation, Ward 18 poologanatha swami kovil    street Upasanthu,   3.Tiruchirappalli
corporation, Ward 18 poologanatha swami kovil street (corporation places),   4.Tiruchirappalli    corporation, Ward 18 Beeranki   kula   street main, 5.Tiruchirappalli    corporation, Ward 18   Beeranki   kula   street Upasanthu 1, 6.Tiruchirappalli corporation, Ward 18   Beeranki   kula   street Upasanthu 2,
7.Tiruchirappalli    corporation, Ward 18   Beeranki   kula   street Upasanthu 3, 8.Tiruchirappalli    corporation, Ward 18 Beeranki   kula   street Upasanthu 4,",All Voters,Tamilaga Vettri Kazhagam,444,245,199,Dravida Munnetra Kazhagam,2,3,1,4,7,7,7,7,5,7,7,7,5,24.44717444717445,2
118,118,1,208,24,115,1,0,2,0,0,0,1,0,382,0,1,7,0,0,0,0,742,0,4,746,0,"Vaiscounts Gosha Govt. Muslim Girl's High School, EB Road-South Block North Side","1.Tiruchirappalli    Corporation, Ward 20 North Thaiyalkara Theru,,   2.Tiruchirappalli    Corporation, Ward 20 Nadu Thaiyakara Theru,   3.Tiruchirappalli    Corporation, Ward 20 Buliward Thaiyakara    Theru,   4.Tiruchirappalli corporation, Ward 20    Gopalakrishnan pillai theru,,",All Voters,Tamilaga Vettri Kazhagam,382,208,174,Dravida Munnetra Kazhagam,2,3,1,4,6,9,6,5,9,9,9,6,9,23.45013477088949,8
119,119,1,187,16,91,0,0,0,3,0,0,1,1,376,0,2,0,0,0,0,0,678,0,1,679,0,"Corporation Ele. School, Maniyakara Street, East Wing 1st Std RCC Building","1-Tiruchirappalli Corporation, Ward 20 Thaiyakara Street,, 2-Tiruchirappalli Corporation, Ward 20 Thaiyakara Street Upasanthu      3- Tiruchirappalls Corporation Ward 20 South Thaiyakara Street , 4-Tiruchirappati Corporation, Ward 20 Manimandapa SalaI, 5-Tiruchirappalli Corporation, Ward 20 Vathiyar Santhu",All Voters,Tamilaga Vettri Kazhagam,376,187,189,Dravida Munnetra Kazhagam,2,3,1,4,6,9,9,9,5,9,9,6,6,27.87610619469027,2
120,120,0,348,6,38,0,0,0,0,0,0,0,0,208,0,0,1,1,0,0,0,602,0,2,604,0,"Vaiscounts Gosha Govt. Muslim Girl's High School, EB Road, South Block, North Side",", 1.Tiruchirappalli    corporation, Ward 20 Lasker street,   ,
2.Tiruchirappalli corporation, Ward 20 Mohammed ali jinna street, 3.Tiruchirappalli corporation, Ward 20 Mohammed ali jinna street Upasanthu1,   4.Tiruchirappalli corporation, Ward 20 Mohammed ali jinna street Upasanthu 2,, 5-Tiruchirappalli Corporation, Ward-20 Penyakadai Street (Door No 348 to 550)",All Voters,Dravida Munnetra Kazhagam,348,208,140,Tamilaga Vettri Kazhagam,1,3,2,4,5,5,5,5,5,5,5,5,5,23.25581395348837,2
121,121,0,198,19,159,0,0,2,0,0,0,0,1,385,1,1,0,0,1,1,0,768,0,1,769,0,"Sadalbai Hospital WB Road,Trichy, North   Block ,East Facing RCC Building","1.Tiruchirappalli    Copration, Ward    20    Chinnachetti    Street,
2.Tiruchirappalli    corporaion, Ward 20 chinnachetti    street upasanthu, 3.Tiruchirappalli    Copration, Ward 20 chinnachetti
street upasanthu 2, 4.Tiruchirappalli    Copration, Ward 20 Periyachetti Street,",All Voters,Tamilaga Vettri Kazhagam,385,198,187,Dravida Munnetra Kazhagam,2,3,1,4,7,7,7,5,7,7,7,7,6,24.34895833333334,4
122,122,2,160,18,136,0,0,0,0,0,0,1,1,377,0,0,1,0,0,0,0,696,0,0,696,0,"Saroja Kasturi Rengan Middle School, Big Chetty Street, South Wing Terraced Roof","1.Tiruchirappalli Corporation, Ward-20 south sowrashtra street,
2.Tiruchirappalli    Corporation, Ward-20 Mannar    Pillai Street,   3.Tiruchirappalli Corporation,Ward-20 Mannarpillai Street Upasanthu1,, 4.Tiruchirappalli    Corporation, Ward-20 Mannarpillai Street Upasanthu 2,, 5- Tiruchirappalli Corporation, Ward 20 Krishnan Kovi Santhu",All Voters,Tamilaga Vettri Kazhagam,377,160,217,Dravida Munnetra Kazhagam,2,3,1,4,5,8,8,8,8,8,8,6,6,31.17816091954023,1
123,123,1,129,15,126,0,0,1,0,0,1,0,0,271,0,0,2,2,0,0,0,548,0,2,550,0,"R.C.Elementary School, Kuruviyan Kulam Street, W.B Road, East Block South Wing Tiled Building","1.Tiruchirappalli    Corporation, Ward 20 Periyakammala   Street,
2.Tiruchirappalli    Corporation, Ward 20 Periyakammala   Street Upasanthu 1, 3.Tiruchirappalli    Corporation, Ward 20 Periyakammala   Street Upasanthu 2,",All Voters,Tamilaga Vettri Kazhagam,271,129,142,Dravida Munnetra Kazhagam,2,3,1,4,5,8,8,5,8,8,5,8,8,25.91240875912409,4
124,124,0,172,20,144,0,0,0,0,0,0,0,0,334,0,2,1,0,0,0,0,673,0,2,675,0,"Saroja Kasturi Rengan Middle School, Big Chetty Street, South Wing Terraced Roof","1.Tiruchirappalli Corporation, Ward 20 Valaiyalkara    Street Upasanthu,   2.Tiruchirappalli    corporation, Ward   20 Chinnakammala   street,   3.Tiruchirappalli   Corporation, Ward 20 Chinnakammala   street Upasanthu,",All Voters,Tamilaga Vettri Kazhagam,334,172,162,Dravida Munnetra Kazhagam,2,3,1,4,5,5,5,5,5,5,5,5,5,24.07132243684993,3
125,125,1,325,8,29,1,0,0,1,0,1,0,0,226,0,0,1,0,0,0,0,593,0,3,596,0,"Syed Murthusa Govt. Hr.Sec.School, Jail Street (Madurai Road), South Block North Facing 10 B Std Class Room","1.Tiruchirappalli    Corporation, Ward 30    Jail    Street (Flower Garden) Main    Street,   2.Tiruchirappalli    Corporation, Ward 30
Jail    Street (Flower Garden) 1st street, 3.Tiruchirappalli Corporation, Ward 30    Jail    Street (Flower Garden) 2nd Street,
4.Tiruchirappalli    corporation, Ward 30 jail street (flower garden) 3rd street, 5.Tiruchirappalli    Corporation, Ward 30  Jail    Street (Flower Garden)    4th Street,   6.Tiruchirappalli Corporation, Ward 30    Jail    Street (Kannan Garden) thanokodi nayakkar main Street,",All Voters,Dravida Munnetra Kazhagam,325,226,99,Tamilaga Vettri Kazhagam,1,3,2,4,5,9,5,9,5,9,5,9,9,16.69477234401349,1
126,126,2,230,12,57,0,0,0,0,0,1,2,2,377,1,0,2,1,0,1,1,689,0,1,690,0,"Syed Murthusa Govt. Hr.Sec.School, Jail Street (Madurai Road), XII 10 A Std Room Rcc","1.Tiruchirappalli   Corporation, Ward 30    Jail    Street (Kannan Garden) thanokodi nayakkar 1st Street,   2.Tiruchirappalli Corporation, Ward 30    Jail    Street (Kannan Garden) thanokodi nayakkar 2nd Street maruthkonar Store,   3.Tiruchirappalli Corporation, Ward 30    Jail    Street (Kannan Garden) Chinnakannu chettiyar theru 1,   4.Tiruchirappalli    corporation, Ward 30 Jail street (kannan garden)    chinnakannu chettiyar theru 2,   5.Tiruchirappalli corporation, Ward 30    Jail street (kannan garden) kudisai part,",All Voters,Tamilaga Vettri Kazhagam,377,230,147,Dravida Munnetra Kazhagam,2,3,1,4,5,9,9,9,9,9,8,5,5,21.33526850507983,6
127,127,0,314,14,14,0,1,0,0,0,1,0,0,182,0,1,0,0,1,0,1,529,0,1,530,0,"Syed Murthusa Govt. Hr.Sec.School, Jail Street (Madurai Road), West Block East Side South facing   RCC Building","1.Tiruchirappalli    Corporation, Ward 30 Jail    Street Kajakadai Santhu    Main, 2.Tiruchirappalli   Corporation, Ward 30 Jail Street Kajakadai   Santhu 1st street, 3.Tiruchirappalli Corporation, Ward 30 Jail   Street Kajakadai   Santhu 2nd Street,
4.Tiruchirappalli   Corporation, Ward 30    jail street kajakadai santhu   3rd street, 5.Tiruchirappalli   Corporation, Ward 30 Jail Street Kajakadai Santhu 4th Street, 6.Tiruchirappalli corporation, Ward 30 Madurai Road   (Bharathiyar Street),",All Voters,Dravida Munnetra Kazhagam,314,182,132,Tamilaga Vettri Kazhagam,1,3,2,3,7,5,7,7,7,7,5,7,7,24.95274102079395,3
128,128,0,379,8,4,0,0,0,0,0,0,0,0,115,0,0,0,0,0,0,0,506,0,1,507,0,Syed Murthusua Govt.Hr.sec.school Madurai Road RCC Building North Facing South Wing.,"1.Tiruchirappalli   Corporation, Ward 30 Aalvarthoppu First Street,   2.Tiruchirappalli   Corporation, Ward 30 Aalvarthoppu 2nd Street,   3.Tiruchirappalli   Corporation, Ward 30 Aalvarthoppu 3rd Street,   4.Tiruchirappalli   Corporation, Ward 30 Aalvarthoppu 4th street,   5.Tiruchirappalli   Corporation, Ward 30 Aalvarthoppu 5th Street,   6.Tiruchirappalli Corporation, Ward 30 Aalvarthoppu 6th Street,
7.Tiruchirappalli   Corporation, Ward 30 Aalvarthoppu Main Street,",All Voters,Dravida Munnetra Kazhagam,379,115,264,Tamilaga Vettri Kazhagam,1,4,2,3,5,5,5,5,5,5,5,5,5,52.17391304347826,0
129,129,0,301,9,2,0,0,0,1,0,0,2,1,87,0,0,1,0,0,0,0,404,0,0,404,0,Syed Murthusua Govt.Hr.sec.school Madurai Road RCC Building East Facing West Wing,"1.Tiruchirappalli corporation, Ward 30 kanmiyan pallivasal first street,, 2.Tiruchirappalli corporation, Ward 30 kanmiyan pallivasal 2nd Street,",All Voters,Dravida Munnetra Kazhagam,301,87,214,Tamilaga Vettri Kazhagam,1,4,2,3,8,8,8,8,6,8,8,4,6,52.97029702970298,1
130,130,1,389,9,21,0,0,0,1,0,0,0,2,189,0,1,1,0,0,0,0,614,0,1,615,0,"Madrasa-E-Mugamadiar Middle School, Jail Street, Palakkarai, East facing    RCC Building   II Std Class Room","1.Tiruchirappalli    Corporation, Ward 30 Jail    Street Kuppangulam Kudisai Part, 2.Tiruchirappalli    Corporation, Ward 30 Ambrasha Pallivasal 1st Street, 3.Tiruchirappalli Corporation, Ward 30 Ambrasha Pallivasal 2nd Street,
4.Tiruchirappalli    Corporation, Ward 30 Dhurkai Amman Kovil Street,, 5.Tiruchirappalli corporation, Ward 30 kayithe millath street first street,   6.Tiruchirappalli corporation, Ward 30 kayithe  millath 2nd Street,",All Voters,Dravida Munnetra Kazhagam,389,189,200,Tamilaga Vettri Kazhagam,1,3,2,4,6,8,8,8,6,8,8,8,5,32.57328990228013,2
131,131,2,250,7,46,1,0,0,0,0,3,0,1,483,0,1,1,0,1,0,0,796,0,2,798,0,"Madrasa-E-Mugamadiar Middle School, Jail Street, Palakkarai, RCC Building","1.Tiruchirappalli    corporation, Ward 30   Jail pettai,
2.Tiruchirappalli    corporation, Ward 30 Rengasamy Chettiyar Street,",All Voters,Tamilaga Vettri Kazhagam,483,250,233,Dravida Munnetra Kazhagam,2,3,1,4,6,9,7,9,9,9,5,9,7,29.2713567839196,3
132,132,2,169,20,93,1,2,0,1,0,0,1,0,303,0,1,1,1,1,0,0,596,0,3,599,0,"Ulagameetper Middle School, Eda Street, South Block North facing RCC Building","1.Tiruchirappalli corporation, Ward 30 vengadachalam masthiri pettai,   2.Tiruchirappalli    Corporation, Ward 30 Kajamoitheen Street,   3.Tiruchirappalli corporation, Ward 30 Ratchagapuram,",All Voters,Tamilaga Vettri Kazhagam,303,169,134,Dravida Munnetra Kazhagam,2,3,1,4,5,5,7,10,7,10,10,7,10,22.48322147651007,4
133,133,2,172,20,58,1,0,1,0,0,0,0,0,294,0,0,0,0,4,0,1,553,0,1,554,0,"Ulagameetper Middle School, Eda Street, North Block Center Side  Rcc Building",", 1.Tiruchirappalli    corporation, Ward 30    anandhapuram new street    varaganeri,   2.Tiruchirappalli    Corporation, Ward 30 Anandhapuram    East    Street,, 3.Tiruchirappalli    Corporation, Ward 32    Eda    Street Road,   ,",All Voters,Tamilaga Vettri Kazhagam,294,172,122,Dravida Munnetra Kazhagam,2,3,1,4,5,8,6,6,8,8,8,8,8,22.06148282097649,5
134,134,1,302,28,50,0,0,0,1,0,0,0,0,363,0,1,2,0,1,0,0,749,0,0,749,0,"Ulagameetper Middle School, Eda Street, Block, West Wing North Facing RCC Building","1.Tiruchirappalli    Corporation, Ward 30    Mamundi    Samy Kovil    Street, 2.Tiruchirappalli    corporation, Ward 30 Anandhapuram    mettu    street, 3.Tiruchirappalli Corporation, Ward 30 Anandhapuram Mettu Street Upasanthu 1,
4.Tiruchirappalli corporation, Ward 30 anandhapuram mettu street upasanthu 2,",All Voters,Tamilaga Vettri Kazhagam,363,302,61,Dravida Munnetra Kazhagam,2,3,1,4,5,7,7,7,5,7,7,7,7,8.144192256341789,4
135,135,1,454,11,27,0,0,0,0,0,0,0,0,280,0,1,1,1,2,0,0,778,0,1,779,0,Corporation Ele.School Varaganery South Muslim Street RCC Building Facing East North North Wing,", 1.Tiruchirappalli   corporation, Ward 31 santhana puram,
2.Tiruchirappalli   corporation, Ward 31 chinna otta street,,
3.Tiruchirappalli    Corporation, Ward 30 Varaganery Mohamathiyar   street Upasanthu 2,   4.Tiruchirappalli Corporation, Ward 30 Varaganery Mohamathiyar   street Upasanthu 3,   5.Tiruchirappalli    Corporation, Ward 30 Varaganeri Mohamathiyar   street Upasanthu 4,,",All Voters,Dravida Munnetra Kazhagam,454,280,174,Tamilaga Vettri Kazhagam,1,3,2,4,5,6,6,6,6,6,6,6,6,22.36503856041131,5
136,136,0,199,6,38,1,0,0,0,0,0,0,0,184,1,0,3,1,0,0,1,434,0,3,437,0,"Ulagameetper girls Elementary School, Eda Street, North Wing North Facing RCC Building Class Room No 2","1.Tiruchirappalli    corporation, Ward 31 Tanjavur road north,
2.Tiruchirappalli    corporation, Ward 31 Tanjavur road south,
3.Tiruchirapalli    corporation, Ward 30 ananthapuram mariyamman kovil street, 4.Tiruchirappalli    corporation, Ward 30 savariyer kovil street,   5.Tiruchirappalli corporation, Ward 30 varaganery mariyamman kovil street,",All Voters,Dravida Munnetra Kazhagam,199,184,15,Tamilaga Vettri Kazhagam,1,3,2,4,6,6,5,6,6,6,6,6,6,3.456221198156682,6
137,137,3,476,13,41,0,0,1,0,0,0,0,0,302,0,0,3,0,0,0,0,839,0,1,840,0,"Corporation Elemantary School, Varaganery South, Varaganery Muslim Street,   V Class Room South Wing East Facing   RCC Building","1.Tiruchirappalli    corporation, Ward 30 varaganeri mohamadiyar   street,   2.Tiruchirappalli corporation, Ward 30 varaganeri mohamathiyar theru upasanthu 1,",All Voters,Dravida Munnetra Kazhagam,476,302,174,Tamilaga Vettri Kazhagam,1,3,2,4,5,7,7,6,7,7,7,7,7,20.73897497020262,3
138,138,9,318,11,52,0,0,1,0,0,0,2,0,367,0,1,2,0,0,0,0,763,0,0,763,0,"Corporation Middle  School, Varaganeri   North Orukattanmalai Road,South Wing RCC Building","1.Tiruchirappalli   corporation, Ward 31 orukkatan    malai road,
, 2.Tiruchirappalli corporation, Ward 31    pensanar theru,",All Voters,Tamilaga Vettri Kazhagam,367,318,49,Dravida Munnetra Kazhagam,2,3,1,4,5,8,8,7,8,8,8,6,8,6.422018348623854,3
139,139,1,351,10,41,0,0,0,0,0,2,0,1,291,0,0,1,0,2,1,0,701,0,0,701,0,"ICDS, Varagnery North Street RCC Building Facing North South Wing","1.Tiruchirappalli Corporation, Ward 30 Rambakara    Street,
2.Tiruchirappalli Corporation, Ward 30 Rambakara    Street Upasanthu 1,   3.Tiruchirappalli   Corporation, Ward 30 Rambakara Street , Upasanthu 2,   4.Tiruchirappalli corporation, Ward 31 valluvar street,, 5.Tiruchirappalli corporation, Ward 31 kalpalayam",All Voters,Dravida Munnetra Kazhagam,351,291,60,Tamilaga Vettri Kazhagam,1,3,2,4,6,8,8,8,8,8,5,8,6,8.559201141226819,4
140,140,1,425,10,20,2,0,0,1,0,0,1,2,216,0,0,0,0,0,0,1,679,0,1,680,0,"Corporation Middle School,Varaganery North, Orukkattan Malai Road, West Block- North wing East FacingRCC Building","1.Tiruchirappalli    corporation, Ward 31 Periya palayam,
2.Tiruchirappalli    corporation, Ward 31    Periya palayam upasanthu 1, 3.Tiruchirappalli    Corporation, Ward 31    Periya Palayam Upasanthu   2, 4.Tiruchirappalli corporation, Ward 31 Orukattan   malai   street,",All Voters,Dravida Munnetra Kazhagam,425,216,209,Tamilaga Vettri Kazhagam,1,3,2,4,7,10,5,10,7,10,10,7,5,30.78055964653903,1
141,141,0,296,8,44,1,2,1,0,0,0,0,1,350,0,2,2,1,0,0,0,708,0,3,711,0,"Ulagameetper girls Elementary School, Eda Street, Office Room East Side","1.Tiruchirappalli corporation, Ward-30 pillaima nagar,(Door No 1 to 87C)",All Voters,Tamilaga Vettri Kazhagam,350,296,54,Dravida Munnetra Kazhagam,2,3,1,4,9,5,6,6,9,9,9,9,6,7.627118644067797,5
142,142,0,319,7,67,0,0,0,0,0,0,0,1,421,0,0,1,0,0,0,0,816,0,0,816,0,"Ulagameetper girls Elementary School, Eda Street, North Wing Office  Room East Block Class Room No 2 Tiled Building","1.Tiruchirappalli Corporation, Ward-30 Pillaima Nagar Kudisai Part,   2.Tiruchirappalli Corporation, Ward-30 Madhurai Veeran Kovil Street,   3.Tiruchirappalli Corporation, Ward-30 Maiyilam Santhai (Baikadai Street),   4.Tiruchirappalli corporation, Ward-30 pillaima nagar part 1   , 5.Tiruchirappalli corporation, Ward-30 pillaima nagar (Door No 88 Above)",All Voters,Tamilaga Vettri Kazhagam,421,319,102,Dravida Munnetra Kazhagam,2,3,1,4,6,6,6,6,6,6,6,6,5,12.5,1
143,143,2,175,20,88,0,0,1,0,0,0,0,1,418,0,0,1,0,0,0,0,706,0,2,708,0,"R.C.Saint Xavier Ele. School, Varaganeri Bazaar,   North Block, East Wing, South Facing RCC Building","1.Tiruchirappalli    corporation, Ward 31 varaganery agraharam,",All Voters,Tamilaga Vettri Kazhagam,418,175,243,Dravida Munnetra Kazhagam,2,3,1,4,5,8,8,6,8,8,8,8,6,34.41926345609065,1
144,144,0,331,10,50,1,0,0,0,0,1,0,1,324,1,2,2,0,1,0,0,724,0,1,725,0,"R.C.Saint Xavier Ele School,Varaganeri Bazzar West Block East Facing RCC Building","1.Tiruchirappalli    corporation, Ward 31 Thayumanapuram,,
2.Tiruchirappalli    corporation,    Ward 31 Anthoniyar kovil street,, 3.Tiruchirappalli    corporation,Ward 31 Anthoniyar kovil street Upasanthu 1,, 4.Tiruchirappalli corporation, Ward 31 anthoniyar kovil street upasanthu 2,, 5.Tiruchirappalli corporation, Ward 31 anthoniyar kovil street upasanthu 3,,
6.Tiruchirappalli    corporation, Ward 31 periyar nagar upasanthu 4,, 7.Tiruchirappalli    corporation, Ward 31 periyar nagar upasanthu 5,, 8.Tiruchirappalli    corporation, Ward 31 kulumi road,",All Voters,Dravida Munnetra Kazhagam,331,324,7,Tamilaga Vettri Kazhagam,1,3,2,4,8,8,5,8,8,8,5,8,5,0.9668508287292817,6
145,145,1,262,16,84,0,1,0,0,0,0,0,1,402,0,0,1,1,0,0,0,769,0,3,772,0,"R.C.Saint Xavier Ele. School, Varaganeri Bazaar,   North Block, East Wing North Facing RCC Building   VI B Class Room","1.Tiruchirappalli      corporation, Ward 31 varaganeri   kadai veethi,   2.Tiruchirappalli   corporation, Ward 31 varaganeri 1st Street,   3.Tiruchirappalli      corporation, Ward 31 varaganeri Market Street Upasanthu 1, 4.Tiruchirappalli      corporation, Ward 31 varaganeri Market Street Upasanthu 2,
5.Tiruchirappalli   corporation, Ward 31 varaganeri    Market Street Upasanthu 3, 6.Tiruchirappalli corporation, Ward 31 varaganeri   Market Street Upasanthu   4,",All Voters,Tamilaga Vettri Kazhagam,402,262,140,Dravida Munnetra Kazhagam,2,3,1,4,5,5,8,8,8,8,8,8,5,18.20546163849155,2
146,146,0,173,10,132,1,0,0,0,0,1,0,1,351,1,0,2,0,1,0,0,673,0,2,675,0,"R.C.Saint Xavier Elemantary School, Varaganeri Bazaar,   North Block, Central Wing Class 1 B, RCC Building","1.Tiruchirappalli    corporation, Ward 31 North pillaiyar kovil street,",All Voters,Tamilaga Vettri Kazhagam,351,173,178,Dravida Munnetra Kazhagam,2,3,1,4,8,8,5,8,8,8,5,8,5,26.44873699851412,4
147,147,0,138,6,63,0,0,0,0,0,0,1,1,237,0,0,1,0,0,0,0,447,0,3,450,0,"R.C.Saint Xavier Elemantary School, Varaganeri Bazaar,   North Block, Central Wing   RCC Building Class Room","1.Tiruchirappalli    corporation, Ward 31 varaganeri nadu street,",All Voters,Tamilaga Vettri Kazhagam,237,138,99,Dravida Munnetra Kazhagam,2,3,1,4,7,7,7,7,7,7,7,5,5,22.14765100671141,1
148,148,1,105,13,82,0,0,0,1,0,0,0,0,306,0,2,0,0,0,0,1,511,0,1,512,0,"R.C.Saint Xavier Ele School,Varaganeri Bazzar North Block South Face  RCC Building","1.Tiruchirappalli    corporation, Ward 31 south pilliyar kovil street,",All Voters,Tamilaga Vettri Kazhagam,306,105,201,Dravida Munnetra Kazhagam,2,3,1,4,5,7,7,7,5,7,7,7,7,39.33463796477495,3
149,149,0,216,6,47,0,0,0,0,0,1,1,0,196,0,1,2,1,0,0,0,471,0,3,474,0,"R.C.Saint Xavier Elemantary School, Varaganeri Bazaar,   North Block, Central Wing Class 1 B, RCC Building","1.Tiruchirappalli    Corporation, Ward-31 Thanjavur Road South,   , 2.Tiruchirappalli Corporation, Ward-31 South Pillaiyar Kovil Street    Upasanthu,, 3.Tiruchirappalli Corporation, Ward-31 Varaganeri Nadu Street Upasathu 1,   4.Tiruchirappalli Corporation, Ward-31 Varaganeri Nadu Street   Upasanthu   2,
5.Tiruchirappalli   Corporation, Ward-31 Thanjavur Road South Upasanthu 1,   6.Tiruchirappalli   Corporation, Ward-31 Thanjavur Road South Upasanthu 2,   5.Tiruchirappalli Croporation, Ward-31 Thanjavur Road South   Upasanthu 1,
6.Tiruchirappalli   Corporation, Ward-31 Thanjavur Road South Upasanthu 2,   7.Tiruchirappalli corporation, Ward 31 Thanjavur Road North,   8.Tiruchirappalli corporation, Ward 31 North pillaiyar kovil street upasanthu,",All Voters,Dravida Munnetra Kazhagam,216,196,20,Tamilaga Vettri Kazhagam,1,3,2,4,7,7,7,7,7,7,5,5,7,4.246284501061571,4
150,150,1,262,15,37,0,2,0,0,0,1,0,2,341,1,1,1,0,0,0,0,664,0,2,666,0,"R.C.Saint Xavier Elemantary School, Varaganeri Bazaar,   North Block, West Wing Class 1A, RCC Building","1.Tiruchirappalli corporation, Ward 31 periyar nagar,,
2.Tiruchirappalli    corporation, Ward 31 periyar nagar upasanthu 1,   3.Tiruchirappalli   corporation, Ward 31 periyar nagar upasanthu 2,   4.Tiruchirappalli    corporation, Ward 31 periyar nagar upasanthu 3,",All Voters,Tamilaga Vettri Kazhagam,341,262,79,Dravida Munnetra Kazhagam,2,3,1,4,7,5,9,9,9,9,7,9,5,11.89759036144578,3
151,151,0,246,14,23,0,0,1,0,0,0,2,0,295,0,0,0,0,0,0,0,581,0,0,581,0,"St.Thanislas Middle School, Irudayapuram,   West Entrance North Margin 2A Class Room , RCC Building","1.Tiruchirappalli    Corporation, Ward 32 Iruthayapuram Muthal Street, 2.Tiruchirappalli    corporation, Ward 32 Iruthayapuram sannathi street, 3.Tiruchirappalli corporation, Ward 32
Iruthayapuram    west    street,",All Voters,Tamilaga Vettri Kazhagam,295,246,49,Dravida Munnetra Kazhagam,2,3,1,4,7,7,7,6,7,7,7,5,7,8.433734939759036,0
152,152,0,301,11,28,0,0,0,0,0,0,0,1,265,0,1,0,0,0,0,0,607,0,2,609,0,"St.Thanislas Middle School, Irudayapuram,   West Entrance North Margin 2B Class Room, RCC Building","1.Tiruchirappalli    corporation, Ward 32    iruthayapuram thoppu    street, 2.Tiruchirappalli    corporation, Ward 32 iruthayapuram East Street, 3.Tiruchirappalli    corporation, Ward 32    iruthayapuram North Street, 4.Tiruchirappalli corporation, Ward 32    iruthayapuram   Eda Street,
5.Tiruchirappalli    corporation, Ward 32 Pajanai Kuda Street,",All Voters,Dravida Munnetra Kazhagam,301,265,36,Tamilaga Vettri Kazhagam,1,3,2,4,6,6,6,6,6,6,6,6,5,5.930807248764415,1
153,153,2,264,10,51,0,0,0,0,0,0,0,1,341,0,0,2,0,0,0,0,671,0,2,673,0,"St.Thanislas Middle School, Irudayapuram,   North South
Facing RCC Building 4th class room","1.Tiruchirappalli    corporation, Ward 50    vaikal    mettu street,
2.Tiruchirappalli    corporation, Ward 33    arockiyamatha kovil street, 3.Tiruchirappalli Corporation, Ward 33 Eda Street,
4.Tiurchirappalli    Corporation, Ward 33 Paruppukara Mettu Street, 5.Tiruchirappalli    Corporation, Ward 33 Paruppukara Street,",All Voters,Tamilaga Vettri Kazhagam,341,264,77,Dravida Munnetra Kazhagam,2,3,1,4,5,7,7,7,7,7,7,7,6,11.47540983606557,2
154,154,1,117,6,37,0,0,0,0,0,0,0,0,180,0,0,1,0,0,0,0,342,0,0,342,0,"St.Thanislas Middle School, Irudayapuram,   North Block South Facing RCC Building 3th Class Room","1.Tiruchirappalli    Corporation, Ward 33    Paruppukara Street South    Saragam, 2.Tiruchirappalli corporation, Ward 33 Paruppukarastreet South Saragum Upasanthu,
3.Tiruchirappalli    Corporation, Ward 33 Thuiukka    Mettu Street, 4.Tiruchirappalli    corporation, Ward 33    sekkadi street,",All Voters,Tamilaga Vettri Kazhagam,180,117,63,Dravida Munnetra Kazhagam,2,3,1,4,5,6,6,6,6,6,6,6,6,18.42105263157895,1
155,155,2,139,18,27,0,0,0,0,0,0,0,0,239,0,1,1,1,0,0,0,428,0,2,430,0,"St.Thanislas Middle School, Irudayapuram,   North, North Block South Facing RCC Building 4B Class Room","1.Tiruchirappalli Corporation, Ward 33 Saveriyar Street (Paruppukkara    Street), 2.Tiruchirappalli    Corporation, Ward
33   Anthoniyar    Kovil Street, 3.Tiruchirappalli Corporation,
Ward 50 Poonthottam,",All Voters,Tamilaga Vettri Kazhagam,239,139,100,Dravida Munnetra Kazhagam,2,3,1,4,5,6,6,6,6,6,6,6,6,23.36448598130841,3
156,156,0,259,19,80,1,0,1,1,0,0,0,0,355,1,1,0,1,0,0,0,719,0,2,721,0,"St.Marys Nursery And Elemantary School, Irudayapuram,   (Ponniah Hr.Sec. School Premises) Room No 2, RCC Building","1.Tiruchirappalli    Corporation, Ward 31 Nithiyananthapuram North Street, 2.Tiruchrappalli    corporation, Ward 31 nithiyanantha puram west street, 3.Tiruchirappalli Corporation, Ward 31 Nithiyananthapuram Upasanthu,
4.Tiruchirappalli    Corporation, Ward 31 Nithiyananthapuram Nadu Street, 5.Tiruchirappalli    Corporation, Ward 31 Nithiyananthapuram east street, 6.Tiruchirappalli Corporation, Ward 31 Nithiyananthapuram South Street,",All Voters,Tamilaga Vettri Kazhagam,355,259,96,Dravida Munnetra Kazhagam,2,3,1,4,8,8,5,5,5,8,8,8,8,13.35187760778859,3
157,157,0,142,14,49,0,0,0,0,0,1,1,2,364,1,0,0,0,0,0,2,576,0,1,577,0,Ponnaiah Hr.Sec School Irudhiyapuram East Block Room-2 Rcc building,"1.Tiruchirappalli   Corporation, Ward 32    Keelapatayatchi Street Main,",All Voters,Tamilaga Vettri Kazhagam,364,142,222,Dravida Munnetra Kazhagam,2,3,1,4,8,8,8,8,8,8,6,6,5,38.54166666666667,3
158,158,1,148,9,55,0,0,0,0,0,0,0,1,220,0,0,0,0,1,0,0,435,0,1,436,0,Ponnaiah Hr.Sec School Irudhiyapuram East Block Room-3 Rcc building,"1.Tiruchirappalli corporation, Ward 32 keelapadayatchi street upasanthu 1 (west),,   2.Tiruchirappalli corporation, Ward 32 keelapadayatchi street upasanthu 2 (East),, 3.Tiruchirappalli corporation,Ward 32 keelapadayatchi street upasanthu 3 (east),
4.Tiruchirappalli corporation, Ward 32 iruthayapuram 2nd street,",All Voters,Tamilaga Vettri Kazhagam,220,148,72,Dravida Munnetra Kazhagam,2,3,1,4,5,7,7,7,7,7,7,7,5,16.55172413793104,1
159,159,1,230,20,145,0,1,0,1,0,0,0,3,376,3,0,0,1,1,0,0,782,0,2,784,0,"Ponnaiah Hr.Sec.School, Irudayapuram,   East Block Room No 5, West Facing RCC Building 12A Class Room","1.Tiruchirappalli    corporation, Ward 32    keelapadaiyatchi street upasanthu 4, 2.Tiruchirappalli    Corporation, Ward   32 Keelapadaiyatchi    Street Upasanthu 5, 3.Tiruchirappalli Corporation , Ward 32    Keelapadaiyatchi    Street Upasanthu 6,
4.Tiruchirappalli    corporation , Ward 32    keelapadaiyatchi street upasanthu 7,",All Voters,Tamilaga Vettri Kazhagam,376,230,146,Dravida Munnetra Kazhagam,2,3,1,4,6,6,9,9,6,9,9,9,5,18.67007672634271,5
160,160,1,254,19,49,0,0,0,0,0,0,0,0,379,1,0,1,1,0,0,0,705,0,2,707,0,"St.Antonys Ele.School, Irudayapuram,   (Ponniah School Premises) North Wing Room No 2, RCC Building","1.Tiruchirappalli corporation, Ward 32 mallikaipuram street (annai nagar),",All Voters,Tamilaga Vettri Kazhagam,379,254,125,Dravida Munnetra Kazhagam,2,3,1,4,5,6,6,6,6,6,6,6,6,17.73049645390071,3
161,161,1,180,12,61,1,0,2,0,0,0,0,0,355,0,0,5,0,0,0,0,617,0,1,618,0,"St.Antonys Elemantary School, Irudayapuram,   (Ponniah School Premises) South Side  North Facing RCC Building Room No 2","1.Tiruchirappalli corporation, ward 32 padaiyachi   street,
2.Tiruchirappalli corporation, Ward 32 arulantha puram,",All Voters,Tamilaga Vettri Kazhagam,355,180,175,Dravida Munnetra Kazhagam,2,3,1,4,6,8,6,5,8,8,8,8,8,28.36304700162075,5
162,162,0,133,13,38,0,0,1,0,0,0,1,0,297,0,0,0,0,0,0,0,483,0,3,486,0,"St.Antonys Elemantary School, Irudayapuram,   (Ponniah School Premises) South Side  North Facing RCC Building Room No 3","1.Tiruchirappalli corporation, Ward 32 mallikaipuram street upasanthu 1, 2.Tiruchirappalli corporation, Ward 32 mallikaipuram street upasanthu 2 , 3.Tiruchirappalli corporation, Ward 32 mallikaipuram    street upasanthu 3,
4.Tiruchirappalli corporation, Ward 32 mallikaipuram street upasanthu 4,",All Voters,Tamilaga Vettri Kazhagam,297,133,164,Dravida Munnetra Kazhagam,2,3,1,4,7,7,7,5,7,7,7,5,7,33.95445134575569,0
163,163,0,218,16,60,0,1,1,0,1,1,0,1,326,0,1,1,0,0,0,0,627,0,3,630,0,"St.Antonys Elemantary School, Irudayapuram,   (Ponniah School Premises) South Side  North Facing RCC Building Room No 4","1.Tiruchirappalli    corporation, Ward 32    mallikaipuram street upasanthu 5, 2.Tiruchirappalli corporation, Ward 32 mallikaipuram street upasanthu 6, 3.Tiruchirappalli corporation, Ward 32    mallikaipuram street upasanthu 7,
4.Tiruchirappalli    corporation, Ward 32 mariyam nagar,",All Voters,Tamilaga Vettri Kazhagam,326,218,108,Dravida Munnetra Kazhagam,2,3,1,4,10,5,10,5,10,5,5,10,5,17.22488038277512,2
164,164,2,263,12,46,0,0,0,0,0,2,1,1,406,1,0,1,0,0,0,1,736,0,2,738,0,"St.Antonys Elemantary School, Irudayapuram,   (Ponniah School Premises) South Side  North Facing RCC Building Room No 5","1.Tiruchirappalli    corporation, Ward 32    malligaipuram thottam    main    road, 2.Tiruchirappalli    corporation, Ward 32 malligaipuram thottam    upasanthu ,",All Voters,Tamilaga Vettri Kazhagam,406,263,143,Dravida Munnetra Kazhagam,2,3,1,4,5,9,9,9,9,9,5,7,7,19.42934782608696,3
165,165,1,251,12,33,0,0,0,0,0,0,1,2,401,0,0,1,0,0,0,0,702,0,2,704,0,"St.Marys Nursery And Elemantary School, Irudayapuram,   (Ponniah School Premises) North Side  East Facing RCC Building Room No:4","1.Tiruchirappalli corporation, Ward 32    dharamanatha puram,",All Voters,Tamilaga Vettri Kazhagam,401,251,150,Dravida Munnetra Kazhagam,2,3,1,4,6,8,8,8,8,8,8,6,5,21.36752136752137,1
166,166,2,240,20,64,0,0,0,0,0,0,1,0,319,0,0,2,0,0,0,0,648,0,3,651,0,"Corporation Middle  School, Sengulam, Palakkarai,   A Block West Facing RCC Building 8th Class Room","1.Tiruchirappalli Corporation, Ward 50   Palakkarai    Bazaar,
2.Tiruchirappalli corporation, Ward 50 palakkarai bazaar upasanthu samimula makkan,   3.Tiruchirappalli corpration, Ward 50 balakkarai bazar substreet (jamaloothin makkan street)",All Voters,Tamilaga Vettri Kazhagam,319,240,79,Dravida Munnetra Kazhagam,2,3,1,4,5,7,7,7,7,7,7,6,7,12.19135802469136,2
167,167,0,181,16,68,0,1,0,0,0,1,2,4,423,0,0,2,0,0,0,0,698,0,1,699,0,"Corporation Middle  School, Sengulam, Palakkarai,   B Block West Facing RCC Building 6th Class Room","1.Tiruchirappalli    corporation, Ward 50 karimullasha makkan street, 2.Tiruchirapalli corporation, Ward 50 nanthavanam store,   3.Tiruchirapalli    corporation, Ward 50 rahava    konar pettai,   4.Tiruchirapalli corporation, Ward   50 Maniyajaichatti Street,   5.Tiruchirapalli corporation, Ward 50 Udaiyan Thottam,",All Voters,Tamilaga Vettri Kazhagam,423,181,242,Dravida Munnetra Kazhagam,2,3,1,4,9,7,9,9,9,9,7,6,5,34.67048710601719,2
168,168,1,236,4,17,0,0,0,0,0,1,2,4,350,0,2,2,3,0,0,0,622,0,0,622,0,"Corporation Middle  School Sengulam,Palakarai,New Block A RCC Buildimg","1.Tiruchirappalli Corporation, Ward 33 Palakarai Sengulam Colony (Door No:1 to 19/1A)",All Voters,Tamilaga Vettri Kazhagam,350,236,114,Dravida Munnetra Kazhagam,2,3,1,4,7,9,9,9,9,9,7,6,4,18.32797427652733,7
169,169,0,119,11,33,0,0,0,0,0,0,1,2,327,0,0,2,0,1,0,0,496,0,3,499,0,"Corporation Middle  School Sengulam,Palakarai,Rcc Block North Side, West Facing V Std Class Room","1.Tiruchirappalli Corporation, Ward 33 Palakarai Sengulam Colony (Door No:19/2 Above)",All Voters,Tamilaga Vettri Kazhagam,327,119,208,Dravida Munnetra Kazhagam,2,3,1,4,7,7,7,7,7,7,7,6,5,41.93548387096774,3
170,170,1,208,17,48,0,0,0,0,0,0,2,2,407,1,1,2,1,0,1,0,691,0,0,691,0,"Corporation Middle  School, Sengulam, Palakkarai,   New Block Computer Class Room 2, East Facing Building","1.Tiruchirappalli corporation, Ward 33 palakkarai sengulam colony Door no 36 to 165,   2.Tiruchirappalli Corporation, Ward 33 Senkulam Colony M.G.R.Nagar Kudisai Part,,
3.Tiruchirappalli    corporation, Ward 50    south    irattai pillayar kovil street, 4.Tiruchirappalli    corporation, Ward 50 north irattai pillaiyar    kovil    street,",All Voters,Tamilaga Vettri Kazhagam,407,208,199,Dravida Munnetra Kazhagam,2,3,1,4,7,8,8,8,8,8,8,5,5,28.79884225759768,6
171,171,1,270,12,25,1,1,0,0,0,0,0,1,412,0,0,0,5,0,0,0,728,0,0,728,0,"Corporation Middle  School Sengulam,Palakarai,,South Side East Facing RCC Building","1.Tiruchirappalli Corporation, Ward 50 Santhiyakappar Palayam,, 2.Tiruchirappalli Corporation, Ward 50 Heber Road,",All Voters,Tamilaga Vettri Kazhagam,412,270,142,Dravida Munnetra Kazhagam,2,3,1,4,5,5,5,9,9,9,9,9,5,19.50549450549451,5
172,172,1,132,2,21,3,0,0,0,0,0,0,1,171,0,0,1,0,2,0,0,334,0,0,334,0,"Corporation Middle  School Sengulam,Palakarai,Rcc Block West Side, East Facing Smart Class Room","1.Tiruchirappalli Corporation, Ward 33 Palakarai Sengulam Colony(Door No:41 to 167)",All Voters,Tamilaga Vettri Kazhagam,171,132,39,Dravida Munnetra Kazhagam,2,3,1,5,6,8,4,8,8,8,8,8,6,11.67664670658683,3
173,173,0,176,13,98,0,1,0,0,0,0,1,2,329,0,0,1,0,0,1,0,622,0,2,624,0,"Sri Yadugula Sangam Middle School,Aatukara Street(Eda Street),New Building RCC North Block South Facing 6th Std Classs Room","1.Tiruchirappalli Corporation, Ward 33 Aatukar Street (Door No:1 to 101)",All Voters,Tamilaga Vettri Kazhagam,329,176,153,Dravida Munnetra Kazhagam,2,3,1,4,8,6,8,8,8,8,8,6,5,24.59807073954984,2
174,174,1,160,12,51,2,0,1,0,0,0,2,0,284,1,0,1,1,0,0,0,516,0,2,518,0,"Sri Yadugula Sangam Middle School,Aatukara Street(Eda Street) Rcc North Block East Side  South Facing V std Class Room","1.Tiruchirappalli Corporation, Ward 33 Arunachalam Colony Attukara Street (D.no:101-2 Above),   2.Tiruchirappalli Corporation, Ward 33 Old Kovil Street",All Voters,Tamilaga Vettri Kazhagam,284,160,124,Dravida Munnetra Kazhagam,2,3,1,4,7,9,5,7,9,9,9,5,9,24.03100775193798,3
175,175,0,230,22,76,0,0,0,0,0,1,2,0,316,0,0,1,0,0,0,0,648,0,3,651,0,"Sri Yadugula Sangam Middle School,Aatukara Street(Eda Street),New Building RCC North Block South Facing","1.Tiruchirappalli    corporation, Ward 33 micheal pillai street,,
2.Tiruchirappalli    corporation, Ward   33 Pottukara   Street,,
3.Tiruchirappalli    corporation, Ward 33   South Pottukara Street,, 4.Tiruchirappalli   corporation, Ward 33 thiyaki arunachalam street,   5.Tiruchirappalli    corporation, Ward 33 keela neykara eda street",All Voters,Tamilaga Vettri Kazhagam,316,230,86,Dravida Munnetra Kazhagam,2,3,1,4,7,7,7,7,7,7,6,5,7,13.27160493827161,1
176,176,0,201,11,98,0,0,0,0,1,0,0,1,358,1,0,3,0,1,0,0,675,0,2,677,0,"Sri Yadugula Sangam Middle School, Aattukara Street, (Eda Street), New building   North block south facing   RCC building","1.Tiruchirappalli Corporation, Ward 33    North Kallukara Street,                2.Tiruchirappalli corporation, Ward 33 south kallukara   street,            , 3.Tiruchirappalli    corporation , Ward 33 kajapettai   pensanar street,",All Voters,Tamilaga Vettri Kazhagam,358,201,157,Dravida Munnetra Kazhagam,2,3,1,4,7,7,7,7,7,5,7,7,5,23.25925925925926,5
177,177,0,207,17,95,0,1,0,0,0,0,2,1,317,0,0,5,0,0,0,0,645,0,1,646,0,"Sri Yadugula Sangam Middle School, Aattukara Street, (Eda Street), North block south facing G1 Roof Building 4th Class Room","1.Tiruchirappalli   corporation, Ward 33    Manjanakkara street,
, 2.Tiruchirappalli Corporation, Ward 33 Kanmiyan Mettu Street
, 3.Tiruchirappalli Corporation, Ward 33 Southwest Yathava Street,",All Voters,Tamilaga Vettri Kazhagam,317,207,110,Dravida Munnetra Kazhagam,2,3,1,4,8,6,8,8,8,8,8,5,6,17.05426356589147,5
178,178,0,215,22,144,0,0,0,0,0,0,0,1,315,1,0,0,1,1,0,0,700,0,6,706,0,"Sri Yadugula Sangam Middle School, Aattukara Street, (Eda Street), North block south facing G1 Roof Building 5th Class Room","1.Tiruchirappalli    corporation , Ward 33    Kajapettai    kadai veethi, 2.Tiruchirappalli    corporation , Ward 33    Kajapettai viragu    manthai, 3.Tiruchirappalli    corporation , Ward 33 Nadunaikara    eda    street, 4.Thiruchirappalli    corporation, Ward 33 Keela kallukkara    street, 5.Tiruchirappalli corporation, Ward 33 Eda street,   6.Tiruchirappalli corporation, Ward 33 Northwest   yadava street,",All Voters,Tamilaga Vettri Kazhagam,315,215,100,Dravida Munnetra Kazhagam,2,3,1,4,6,6,6,6,6,6,6,6,5,14.28571428571428,3
179,179,2,102,14,90,1,0,2,0,0,0,0,2,295,0,1,12,1,0,0,1,523,0,1,524,0,"Selva Dhamodaran Hr sec School,Keelapudur(Rajamani ammal Block) Madras Terraced","1.Tiruchirappalli Corporation, Ward 34 Keelapudhur Main Street.(D.No:01 to 382) , 2.Tiruchirappalli Corporation, Ward 34 Keelapudhur Main 1st Street                          3.Tiruchirappalli Corporation, Ward 34 Keelapudhur Main   2nd Street",All Voters,Tamilaga Vettri Kazhagam,295,102,193,Dravida Munnetra Kazhagam,2,3,1,4,5,9,8,5,9,9,9,9,5,36.90248565965583,15
180,180,0,120,10,45,1,0,0,0,0,0,0,0,244,1,0,0,0,0,0,0,421,0,0,421,0,"Selva Dhamodaran Hr sec School,Keelapudur   Madras Terraced West Side  Block East Side Facing 10th Ramaye Ammal Block","1.Tiruchirappalli Corporation, Ward 34 Keelapudhur Main   3rd Street                    2.Tiruchirappalli Corporation, Ward 34 Keelapudhur Main   4th Street",All Voters,Tamilaga Vettri Kazhagam,244,120,124,Dravida Munnetra Kazhagam,2,3,1,4,6,6,5,6,6,6,6,6,6,29.45368171021378,1
181,181,4,241,13,62,0,0,1,0,0,0,0,3,476,0,0,1,3,2,0,0,806,0,5,811,0,"Selva Damodaran Hr.Sec.School, Keela Pudur,   (Rajamani Ammal Block) Madras Terraced","1.Tiruchirappallli Corporation, Ward 34    Kaja Pettai Sakkiliyar Street,",All Voters,Tamilaga Vettri Kazhagam,476,241,235,Dravida Munnetra Kazhagam,2,3,1,4,5,8,8,7,8,8,8,8,6,29.15632754342431,6
182,182,1,192,11,63,1,0,0,0,0,1,0,1,348,0,1,1,0,3,0,2,625,0,0,625,0,"Selva Damodaran Hr.Sec.School, Keela Pudur,   (Valli Ammal Block) Roof Building","1.Tiruchirappallli Corporation, Ward 34    Kaja Pettai Pallar Street, 2.Tiruchirappallli Corporation, Ward 34   Keelaputhur 5th Street,",All Voters,Tamilaga Vettri Kazhagam,348,192,156,Dravida Munnetra Kazhagam,2,3,1,4,5,9,5,9,9,9,5,9,5,24.96,7
183,183,1,248,17,43,0,0,0,0,0,2,0,1,391,0,0,0,0,1,0,1,705,0,2,707,0,"St.Antonys   Aided Middle School,Duraisamypuram,North Block RCC Building","1.Tiruchirappalli Corporation, Ward 34 Duraisamypuram(Dhanamani Colony)",All Voters,Tamilaga Vettri Kazhagam,391,248,143,Dravida Munnetra Kazhagam,2,3,1,4,6,8,8,8,8,8,5,8,6,20.28368794326241,2
184,184,0,120,7,20,0,0,0,0,0,0,1,0,190,0,1,1,0,0,0,0,340,0,2,342,0,"St.Antonys   Aided Middle School,Duraisamypuram, Rcc North Block East Facing","1.Tiruchirappalli Corporation, Ward 34 Duraisamypuram(Housing Unit)              2.Tiruchirappalli Corporation, Ward 34 Duraisamypuram Extension",All Voters,Tamilaga Vettri Kazhagam,190,120,70,Dravida Munnetra Kazhagam,2,3,1,4,6,6,6,6,6,6,6,5,6,20.58823529411764,2
185,185,1,262,19,63,0,0,0,0,0,0,0,0,375,0,1,0,0,3,0,0,724,0,1,725,0,"St.Antonys Aided Middle  School, Duraisamypuram,   South Side Entrance, East   RCC Building Auditorium Block   South Facing","1.Tiruchirappalli    corporation, Ward-34 Duraisamypuram 1st street, 2.Tiruchirappalli    corporation, Ward-34 Duraisamypuram 2nd    street,",All Voters,Tamilaga Vettri Kazhagam,375,262,113,Dravida Munnetra Kazhagam,2,3,1,4,5,6,6,6,6,6,6,6,6,15.60773480662983,4
186,186,1,233,16,45,1,1,0,0,0,0,1,0,404,1,1,0,0,0,0,0,704,0,2,706,0,"St.Antonys Aided Middle  School, Duraisamypuram,   South Side Entrance, East Block, South Facing RCC Building","1.Tiruchirappalli    Corporation, Ward-34 Duraisamypuram 3rd Street, 2.Tiruchirappalli Corporation, Ward-34 Duraisamypuram 4th    Street, 3.Tiruchirappalli Corporation, Ward-34 Duraisamypuram 5th    Street, 4.Tiruchirappalli Corporation, Ward-34 Duraisamypuram 7th Street,
5.Tiruchirappalli      Corporation, Ward-34 Duraisamypuram 8th Street,",All Voters,Tamilaga Vettri Kazhagam,404,233,171,Dravida Munnetra Kazhagam,2,3,1,4,5,5,5,9,9,9,9,5,9,24.28977272727273,2
187,187,2,122,11,70,0,0,0,0,0,0,1,1,237,1,1,1,0,0,0,0,447,0,4,451,0,"servite  English School,Keelaputhur Road,North Block UKG A Section,RCC Building","1.Tiruchirappalli Corporation, Ward 34 Keelapudhur Road (D.no 1 to 45B)",All Voters,Tamilaga Vettri Kazhagam,237,122,115,Dravida Munnetra Kazhagam,2,3,1,4,5,8,8,8,8,8,8,6,6,25.72706935123043,3
188,188,1,136,16,48,0,1,0,0,0,0,0,1,205,1,0,0,2,0,0,0,411,0,2,413,0,"Servite English School, Keelaputhur Road,   RCC New Block East Side  South Facing XIIth A & A1","1.Tiruchirappalli Corporation, Ward 34 Keelapudhur Road (D.no 45C above)",All Voters,Tamilaga Vettri Kazhagam,205,136,69,Dravida Munnetra Kazhagam,2,3,1,4,5,5,8,8,8,8,8,8,5,16.78832116788321,3
189,189,0,251,19,114,2,1,2,0,0,1,2,2,419,1,1,3,1,0,0,1,820,0,2,822,0,"Servite English School, Keelaputhur Road,   North Block Ist Std    RCC Building","1.Tiruchirappalli    Corporation, Ward 34 Keelaputhur Main Road,   2.Tiruchirappalli    Corporation, Ward 34 Keelaputhur Main Road First Kurukku street,   3.Tiruchirappalli Corporation, Ward 34 Keelaputhur Main Road 2nd Kurukku street,
4.Tiruchirappalli    Corporation , Ward 34 Keelaputhur Main Road 3rd Kurukku street,   5.Tiruchirappalli Corporation , Ward 34 Keelapurthur Mani Road 4th   Kurukku street,
6.Tiruchirappalli    Corporation , Ward 34 Keelaputhur Main Road 5th Kurukku street,   7.Tiruchirappalli   Corporation, Ward
33    Sarkarpalayam    Eda Street, 8.Tiruchirappalli corporation , Ward 33 sargarpalayam yedastreet first kurukku street,
9.Tiruchirappalli    Corporation , Ward 33 Sarkarpalayam EdaStreet 2nd Kurukku Street,   10.Tiruchirappalli Corporation, Ward 33 Sarkarpalayam EdaStreet 3rd Kurukku Street,
11.Tiruchirappalli corporation, Ward 33 sarkarpalayam yedastreet 4th kurukku street,   12.Tiruchirappalli corporation , Ward 33 sarkarpalayam yedastreet 5th kurukku street,
13.Tiruchirappalli   corporation, Ward 33 sarkarpalayam yedastreet 6th kurukku street,   14.Tiruchirappalli    Corporation
, Ward 33 Dhamotharan    Eda    Street,",All Voters,Tamilaga Vettri Kazhagam,419,251,168,Dravida Munnetra Kazhagam,2,3,1,4,11,9,5,5,11,11,9,5,5,20.48780487804878,7
190,190,0,199,12,31,0,0,0,0,1,0,0,1,295,0,0,2,5,1,0,0,547,0,0,547,0,"T.E.L.C Middle  School,Kemps Town Palakarai,Middle Block,East Tiled Roof","1.Tiruchirappalli Corporation, Ward 50 Kemps Town
2.Tiruchirappalli Corporation, Ward 50 Saveriyar Kovil Street (Kemps Town)",All Voters,Tamilaga Vettri Kazhagam,295,199,96,Dravida Munnetra Kazhagam,2,3,1,4,7,7,7,7,7,5,7,7,5,17.55027422303473,8
191,191,0,186,18,18,0,0,1,1,1,0,0,2,243,1,0,0,11,0,0,0,482,0,2,484,0,"T.E.L.C Middle  School,Kemps Town Palakarai,West Side Block West Facing Room No 2","1.Tiruchirappalli Corporation, Ward 50 Sebasthiyar Palayam (Kemps Town)                      2.Tiruchirappalli Corporation, Ward 50 RC Compound                                    3.Tiruchirappalli Corporation, Ward 50 Sebasthiyar Kovil Street",All Voters,Tamilaga Vettri Kazhagam,243,186,57,Dravida Munnetra Kazhagam,2,3,1,3,9,9,9,6,6,6,9,9,5,11.82572614107884,12
192,192,2,230,21,71,0,1,0,2,0,0,0,1,360,0,0,1,0,1,0,0,690,0,0,690,0,"T.E.L.C.Middle  School, Kempstown, Palakkarai,   Middle Block, West Wing ,Tiled roof","1.Tiruchirappalli    corporation, Ward 49 muthaliyar chathiram asari    street,   2.Tiruchirappalli corporation, Ward 49 muthaliyar chathiram Asari Street Upasanthu 1,
3.Tiruchirappalli corporation, Ward 49 muthaliyar chathiram Main Road,   4.Tiruchirappalli corporation, Ward 49 muthaliyar chathiram mariyamman kovil street ,   5.Tiruchirappalli corporation, Ward 49 muthaliyar chathiram mariyamman kovil street Upasanthu 1,   6.Tiruchirappallli Corporation, Ward 49 muthaliyar chathiram    mariyamman kovil street Upasanthu 2,
7.Tiruchirappallli Corporation, Ward 49 muthaliyar chathiram mariyamman kovil street Upasanthu 3,",All Voters,Tamilaga Vettri Kazhagam,360,230,130,Dravida Munnetra Kazhagam,2,3,1,4,5,7,9,9,5,9,9,9,7,18.84057971014493,2
193,193,3,185,20,55,2,0,1,0,0,0,1,0,276,0,0,1,1,0,0,0,545,0,2,547,0,"T.E.L.C.Middle  School, Kemps Town, Palakkarai,   West Wing Room no.2 RCC Roof Building","1.Tiruchirappalli Corporation, Ward 49 Muthaliyar Chathiram Mariyamman Kovil Street,   2.Tiruchirappalli corporation, Ward 49 Muthaliyar Chathiram mariyamman kovil Nadu street upasanthu 1,   3.Tiruchirappalli corporation, Ward 49 Muthaliyar Chathiram mariyamman kovil Nadu street upasanthu   2,   4.Tiruchirappalli   corporation, Ward 49 Muthaliyar chathiram nadu street,",All Voters,Tamilaga Vettri Kazhagam,276,185,91,Dravida Munnetra Kazhagam,2,3,1,4,5,9,6,7,9,9,9,7,9,16.69724770642202,2
194,194,0,187,14,58,2,0,0,1,0,1,0,2,261,0,0,1,1,1,0,0,529,0,3,532,0,"T.E.L.C.Middle  School, Kemps Town, Palakkarai, West Wing Room No : 01 Rcc Roof","1.Tiruchirappalli    Corporation, Ward 49 Muthaliyar chathiram Main Road ,                2.Tiruchirappalli   corporation, Ward 49 muthaliyarchatram nadu street nerveethi,   3.Tiruchirappalli Corporation, Ward 49 Muthaliyar Chathiram Muhturaja Street First Street,, 4.Tiruchirappalli Corporation, Ward 49 Muthaliyar Chathiram Muthuraja 2nd Street ,                                     ,
5.Tiruchirappalli Corporation, Ward 49 Muthaliyar Chathiram Muthuraja   3rd Street ,   6.Tiruchirappallli Corporation, Ward 49 T .V .V Colony,    , 7.Tiruchirappalli   corporation, Ward 49 railway purampokku kudisai part,      , 8.Tiruchirappalli corporation, Ward 49 muthaliyar chathiram Asari Street Main extension,   9.Tiruchirappalli corporation, Ward 49 muthaliyar Chathiram asary street upasanthu,                   ,",All Voters,Tamilaga Vettri Kazhagam,261,187,74,Dravida Munnetra Kazhagam,2,3,1,4,9,9,5,9,7,9,7,9,5,13.98865784499055,3
195,195,0,330,8,59,0,0,1,0,0,0,1,0,358,0,0,1,1,0,0,0,759,0,2,761,0,"RC Elementary School,Poonthotam Kajapetta Main Road,Palakarai,North Facing,East Side RCC Roof Building","1.Tiruchirappalli Corporation, Ward 50 Aalam Street First Upasanthu, 2.Tiruchirappalli Corporation, Ward 50 Aalam Street 2nd Upasanthu, 3.Tiruchirappalli Corporation, Ward 50 Aalam Street 3th Upasanthu, 4.Tiruchirappalli Corporation, Ward 50 Aalam Street 4th upasanthu, 5.Tiruchirappalli corporation, Ward 50 allam street 5th upasanthu,
6.Tiruchirappalli Corporation, Ward 50 Aalam Street 6th Upasanthu, 7.Tiruchirappalli Corporation, Ward 50 Aalam Street 7th Upasanthu,",All Voters,Tamilaga Vettri Kazhagam,358,330,28,Dravida Munnetra Kazhagam,2,3,1,4,7,7,7,5,7,7,7,5,7,3.689064558629776,2
196,196,1,152,20,35,1,1,0,0,0,0,0,1,247,0,0,3,0,0,1,0,462,0,0,462,0,"RC Elementary School,Poonthotam Kajapetta Main Road,Palakarai,North Facing,west Side RCC Roof Building","1.Tiruchirappalli Corporation, Ward 50 Aalam Street 8th Upasanthu, 2.Tiruchirappalli    corporeation, Ward 50 bells ground,   3.Tiruchirappalli Corporation, Ward 50 Railway Kudisai    Paguthi,",All Voters,Tamilaga Vettri Kazhagam,247,152,95,Dravida Munnetra Kazhagam,2,3,1,4,5,5,5,9,9,9,9,9,5,20.56277056277056,4
197,197,0,68,7,13,0,0,0,0,0,0,0,0,112,0,0,0,0,0,0,0,200,0,1,201,0,"T.E.L.C.Middle  School, Kemps Town, Palakkarai,   West Block Libray Room, II - Std, Class Room RCC Roof Building","1.Tiruchirappalli    Corporation, Ward 49 Pudukkottai    Road,
2.Tiruchirappalli    Corporation, Ward 49 Pudukkottai Road Goodshed Road,   3.Tiruchirappalli corporation, Ward 49 bells ground railway housing unit,",All Voters,Tamilaga Vettri Kazhagam,112,68,44,Dravida Munnetra Kazhagam,2,3,1,4,5,5,5,5,5,5,5,5,5,22.0,0
198,198,0,193,27,46,1,1,0,0,0,0,0,3,338,0,0,1,1,0,0,1,612,0,1,613,0,"John Britto Middle  School, T.V.S.Tolgate,   South Building, Western Side Terraced Building","1.Tiruchirappalli corporation, Ward 49 iqpaul colony main veethi, 2.Tiruchirappalli corporation, Ward 49 iqpaul colony 1st Santhu, 3.Tiruchirappalli corporation, Ward 49 iqpaul colony 2nd Santhu, 4.Tiruchirappalli corporation, Ward 49 Mudukkupatti Mariyamman Kovil Street,
, 5.Tiruchirappalli corporation, Ward 49 Mudukkupatti Main Road,",All Voters,Tamilaga Vettri Kazhagam,338,193,145,Dravida Munnetra Kazhagam,2,3,1,4,8,6,6,8,8,8,8,8,5,23.69281045751634,3
199,199,0,146,7,39,1,1,0,0,0,0,0,1,323,0,1,0,3,1,0,0,523,0,1,524,0,"Khajapettai Corporation Elemantary School, Khajapettai Main Road,   North Block Headmaster Room, RCC Building","1.Tiruchirappalli Corporation, Ward 49   Kajapettai Main Road (North Zoon),                   2.Tiruchirappalli Corporation, Ward 49 Railway Purampokku (Madurai Veerasamy Kovil),",All Voters,Tamilaga Vettri Kazhagam,323,146,177,Dravida Munnetra Kazhagam,2,3,1,4,8,5,5,8,8,8,8,8,5,33.84321223709369,5
200,200,2,126,7,26,1,1,1,0,0,0,0,0,174,0,0,0,0,0,0,0,338,0,0,338,0,"Khajapettai Corporation Elemantary School, Khajapettai Main Road,    RCC New Block South Side North Facing","1.Tiruchirappalli Corporation, Ward 49 Railway Purampokku (Pasumadam Opposite),",All Voters,Tamilaga Vettri Kazhagam,174,126,48,Dravida Munnetra Kazhagam,2,3,1,4,5,6,6,6,9,9,9,9,9,14.20118343195266,0
201,201,2,194,11,61,0,0,0,0,0,0,0,0,286,1,0,2,0,0,0,0,557,0,1,558,0,"Khajapettai Corporation Elemantary School, Khajapettai Main Road, Head Master Room no
2.RCC Building","1.Tiruchirappalli    Corporation, Ward-50 Kajapettai    Puthu Street, 2.Tiruchirappalli    Corporation, Ward-50 Kajapettai Puthu Street Main Road, 3.Tiruchirappalli    Corporation, Ward-50 Kajapettai    Main    Veethi, 4.Tiruchirappalli Corporation, Ward-50 Kajapettai 1st    Upasanthu,",All Voters,Tamilaga Vettri Kazhagam,286,194,92,Dravida Munnetra Kazhagam,2,3,1,4,5,6,6,6,6,6,6,6,6,16.51705565529623,3
202,202,1,174,11,31,1,0,0,0,0,0,1,1,251,0,0,1,0,1,0,0,473,0,0,473,0,"Khajapettai Corporation Ele. School, Khajapettai Main Road, Room no 1 South Block RCC Building","1.Tiruchirappalli    Corporation, Ward-50 Kajapettai 2nd Upasanthu, 2.Tiruchirappalli    Corporation, Ward-50 Kajapettai 3rd Upasanthu, 3.Tiruchirappalli    Corporation, Ward-50 Kajapettai 4th    Upasanthu, 4.Tiruchirappalli Corporation, Ward-50    Kajapettai    Anna Nagar,",All Voters,Tamilaga Vettri Kazhagam,251,174,77,Dravida Munnetra Kazhagam,2,3,1,4,5,9,5,9,9,9,9,5,5,16.27906976744186,2
203,203,1,279,21,43,0,0,0,1,0,1,0,1,427,0,0,1,1,0,0,0,776,0,6,782,0,"Seven Dolor Middle  School, Sangiliyandapuram, East Side  RCC Building","1.Tiruchirappalli Corporation, Ward 49 Sangiliyandapuram Main Road,, 2.Tiruchirappalli corporation, Ward 50 Fathima street, sangiliyandapuram, 3.Tiruchirappalli corporation, Ward 50 Gandhi street, sangiliyandapuram,",All Voters,Tamilaga Vettri Kazhagam,427,279,148,Dravida Munnetra Kazhagam,2,3,1,4,5,9,9,9,5,9,5,9,5,19.07216494845361,2
204,204,3,118,15,47,0,0,0,1,0,1,0,1,209,0,0,0,1,0,0,0,396,0,0,396,0,"Seven Dolor Middle  School, Sangiliyandapuram, East Side  RCC Building","1.Tiruchirappalli Corporation, Ward 49 Ayyappan Street, Sangiliyandapuram, 2.Tiruchirappalli Corporation, Ward 49 Therasammal Street, Sangiliyandapuram, 3.Tiruchirappalli Corporation, Ward 49 Sengutavan Street, Sangiliyandapuram,
4.Tiruchirappalli Corporation, Ward 49 Rajamani Street, Sangiliyandapuram,",All Voters,Tamilaga Vettri Kazhagam,209,118,91,Dravida Munnetra Kazhagam,2,3,1,4,5,9,9,9,6,9,6,9,6,22.97979797979798,1
205,205,1,347,19,49,0,0,1,0,0,1,0,2,347,0,1,0,1,5,0,0,774,0,3,777,0,"Seven Dollar Middle School Sangiliyandapuram,   North Block, East Side  Terraced Building.","1.Tiruchirappalli Corporation, Ward 49 Sangiliyandapuram Main Road, 2.Tiruchirappalli Corporation, Ward 49 Jahir Husain Street,   3.Tiruchirapalli corporation, Ward 49 subbaihya street externsion part, 4.Tiruchirappalli Corporation, Ward 50 Kalaivanar Street,",All Voters,Dravida Munnetra Kazhagam,347,347,0,Dravida Munnetra Kazhagam,1,3,1,4,6,9,9,6,9,9,6,9,5,0.0,7
206,206,0,179,14,32,0,0,0,0,0,0,0,0,268,0,2,2,1,1,0,0,499,0,2,501,0,"Seven Dollar Middle School Sangiliyandapuram,   North Block, West Side  Terraced Building.","1.Tiruchirappalli Corporation, Ward 49 Lourdu Madha Street,
2.Tiruchirappalli Corporation, Ward 49 Kalainger Karunanithi Street, 3.Tiruchirappalli Corporation, Ward 49 Jeeva Street,
4.Tiruchirappalli Corporation, Ward 49 Navalar Neducheliyan Street, 5.Tiruchirappalli Corporation, Ward 49 Gandhi Street, Extension, Ussain Nagar, Anbu Nagar,   6.Tiruchirappalli Corporation, Ward 49 Pillaiyar Kovil Street,",All Voters,Tamilaga Vettri Kazhagam,268,179,89,Dravida Munnetra Kazhagam,2,3,1,4,5,5,5,5,5,5,5,5,5,17.83567134268537,6
207,207,0,191,19,50,1,0,0,0,0,0,0,0,252,0,0,5,0,0,0,1,519,0,2,521,0,"Seven Dollar Middle School, Sangiliyandapuram,   Flora Hall East Side  Terraced Building,","1.Tiruchirappalli corporation, Ward 49 sangiliyandapuram main road, 2.Tiruchirapalli corporation, Ward 49 periyar street,
3.Tiruchirapalli corporation, Ward 49 Nehru street,
4.Tiruchirapalli corporation, Ward 49 nagammai street,
5.Tiruchirappalli corporation, Ward 49 M.G.R.Nagar,
6.Tiruchirappalli corporation, Ward 49 Kumaran Main Road,
7.Tiruchirappalli corporation, Ward 49 Amirdha asari street,
8.Tiruchirappalli corporation, Ward 49 Ponmalai Main Road,
9.Tiruchirappalli corporation, Ward 49 Indira Gandhi Street,",All Voters,Tamilaga Vettri Kazhagam,252,191,61,Dravida Munnetra Kazhagam,2,3,1,4,6,6,5,6,6,6,6,6,6,11.7533718689788,6
208,208,4,105,10,38,2,0,1,1,1,1,0,1,208,2,1,0,1,0,0,0,376,0,2,378,0,"John Britto Middle  School, TVS Tolgate, North Block RCC Building West Portion Room No 1","1.Tiruchirappalli Corporation, Ward 59 Mulsi Ramji Colony,
2.Tiruchirappalli Corporation, Ward 59    Ma.Po.C. Colony,
3.Tiruchirappalli Corporation, Ward 59 Bharathiyar Street,
4.Tiruchirappalli corporation, Ward 59 nehru    nagar,
5.Tiruchirappalli corporation, Ward 47 vilva nagar,",All Voters,Tamilaga Vettri Kazhagam,208,105,103,Dravida Munnetra Kazhagam,2,3,1,4,5,12,6,7,7,7,7,12,7,27.39361702127659,4
209,209,1,154,19,48,0,0,0,2,0,0,0,1,229,0,0,0,1,0,0,0,455,0,5,460,0,"John Britto Middle  School, TVS Tolgate, North Block RCC Building West Portion Room No 2","1.Tiruchirappalli corporation, Ward 59 karunanithi street,",All Voters,Tamilaga Vettri Kazhagam,229,154,75,Dravida Munnetra Kazhagam,2,3,1,4,6,8,8,8,5,8,8,8,6,16.48351648351648,1
210,210,0,220,15,50,0,0,0,0,0,0,0,0,311,0,1,1,1,0,0,0,599,0,3,602,0,"John Britto Middle  School, T.V.S.Tolgate., South Building, Eastern Side  North Facing Roof RCC Building","1.Tiruchirappalli Corporation, Ward 49 Usman Ali Street, Tolgate,   2.Tiruchirappalli Corporation, Ward 59 Navalar Street, Ulaganadhapuram, 3.Tiruchirappalli Corporation, Ward 47
N.M.K. Colony, 1st Cross Street, 4.Tiruchirappalli Corporation, Ward 47 N.M.K.Colony 2nd Cross Street, 5.Tiruchirappalli Corporation, Ward 47 N.M.K.Colony 3rd Cross Street,
6.Tiruchirappalli corporation, Ward 47 N.M.K.Colony 4th cross street, 7.Tiruchirappalli Corporation, Ward 47 N.M.K.Colony 5th Cross Street, 8.Tiruchirappalli Corporation, Ward 47 N.M.K.Colony 6th Cross Street, 9.Tiruchirappalli Corporation, Ward 47 N.M.K.Colony Main Road,",All Voters,Tamilaga Vettri Kazhagam,311,220,91,Dravida Munnetra Kazhagam,2,3,1,4,5,5,5,5,5,5,5,5,5,15.19198664440735,3
211,211,0,249,15,71,1,0,0,0,0,0,0,0,345,0,0,1,0,1,0,0,683,0,1,684,0,"John Britto Middle  School, T.V.S.Tolgate., North Block Middle Posion, Eastern Side  Roof RCC Building","1. Tiruchirappalli Corporation, Ward 47 N.M.K.Colony 7th Cross Street,                                        2.Tiruchirappalli Corporation, Ward 47
N.M.K. Colony 9th th Cross Street,                             3.Tiruchirappalli Corporation, Ward 47 N.M.K.Colony 10th Cross Street,
4.Tiruchirappalli Corporation, Ward 47 N.M.K.Colony 11th Cross Street,                                       5.Tiruchirappalli corporation, Ward 59 Gandhi street,                                   , 6. Tiruchirappalli Corporation, Ward 59 V.O.C. Street,
7.Tiruchirappalli Corporation, Ward 47 Pudukottai Main Road,
8.Tiruchirappalli Corporation, Ward 49 Haniffa Colony,
9.Tiruchirappalli Corporation, Ward 47 Highways Office Compound,                                              , 10.Tiruchirappalli corporation, Ward 59 Old circuit house,                       , 11. Tiruchirappalli corporation, Ward 47 Travellers Bangalow, 12.Tiruchirappalli corporation, Ward 49 Mudukkupatti Porampokku Kudisai Paguthi,",All Voters,Tamilaga Vettri Kazhagam,345,249,96,Dravida Munnetra Kazhagam,2,3,1,4,6,6,5,6,6,6,6,6,6,14.05563689604685,2
212,212,1,332,17,33,0,0,0,0,0,0,0,1,238,0,0,3,0,1,0,0,626,0,4,630,0,"Vestley Matriculation School, Tolagate, North Wing West Side South facing Terraced Building,","1.Tiruchirappalli Corporation, Ward 47 Jailaniya 1st Street.,
2.Tiruchirappalli Corporation, Ward 47 Jailaniya 2nd Street,
3.Tiruchirappalli Corporation, Ward 47 Jailaniya 3rd Street,
4.Tiruchirappalli Corporation, Ward 47 Jailaniya 4th Street,
5.Tiruchirapalli corporation, Ward 47 Jailaniya 6th street,
6.Tiruchirappalli Corporation, Ward 47 Main Road,",All Voters,Dravida Munnetra Kazhagam,332,238,94,Tamilaga Vettri Kazhagam,1,3,2,4,5,7,7,7,7,7,7,7,5,15.01597444089457,4
213,213,0,139,10,61,0,0,0,2,0,0,0,1,219,0,1,3,0,2,0,0,438,0,0,438,0,"Vestley Matriculation School, Tolagate, North sinde West wing South facing RCC Roof Building","1.Tiruchirappalli corporation, Ward 47 Amarar Jeeva Street Subramaniyapuram, 2.Tiruchirappalli corporation, Ward 49 Anna    street tolgate,   3.Tiruchirappalli corporation, Ward 47 Anna Street Ulaganathapuram, 4.Tiruchirappalli corporation, Ward 49 A.P.S colony sethuramanpillai colony,",All Voters,Tamilaga Vettri Kazhagam,219,139,80,Dravida Munnetra Kazhagam,2,3,1,4,7,7,7,7,5,7,7,7,6,18.2648401826484,6
214,214,1,209,6,27,1,0,0,0,0,0,0,0,177,0,0,1,0,0,0,1,423,0,1,424,0,"Seventh Day Advendist School, Paneer Selvam Street, Subramaniyapuram, South Wing East Side  South Facing   RCC Roof Building","1.Tiruchirappalli Corporation, Ward 47 Jailaniya 5th Street,
2.Tiruchirappalli Corporation, Ward 47 Jailaniya 7th Street,
3.Tiruchirappalli Corporation, Ward 47 Ganesan Street,
4.Tiruchirappalli Corporation, Ward 47 Malik Street,
5.Tiruchirappalli Corporation, Ward 48 Rahmaniya Street,
6.Tiruchirappalli corporation, Ward 48 Kattapomman street,
7.Tiruchirappalli Corporation, Ward 48 Ganapathiya Pillai Street,",All Voters,Dravida Munnetra Kazhagam,209,177,32,Tamilaga Vettri Kazhagam,1,3,2,4,5,7,5,7,7,7,7,7,7,7.56501182033097,2
215,215,0,182,8,42,0,1,1,1,0,0,0,0,201,0,0,0,0,0,0,0,436,0,3,439,0,Seventh Day Matriculation school North Building South Faced RCC Building,"1 - Tiruchirappalli Corporation, Ward 47 Thiruvalluvar Street,
, 2 - Tiruchirappalli Corporation, Ward 48 Raja Veethi.",All Voters,Tamilaga Vettri Kazhagam,201,182,19,Dravida Munnetra Kazhagam,2,3,1,4,8,5,8,5,5,8,8,8,8,4.357798165137615,0
216,216,1,258,11,34,0,0,1,0,1,0,1,0,216,0,0,1,1,0,0,0,525,0,2,527,0,"Corporation Middle  School, Airport Road, SubramaniyaPuram,   North Side RCC Building Class Room 1","1.Tiruchirappalli Corporation, Ward 48 Pulavar Sreet,
2.Tiruchirappalli Corporation, Ward 48 kambar street 1,
3.Tiruchirappalli Corporation, Ward 48 kambar street 2,
4.Tiruchirappalli Corporation, Ward   48 kambar street 3,
5.Tiruchirappalli Corporation, Ward 48 kambar street 4, 6Tiruchirappalli Corporation, Ward 48 Rethinapillai Street,   ,
7.Tiruchirappalli Corporation, Ward 48 Arul Street,
8.Tiruchirappalli Corporation, Ward 48 Subramaniyar Kovil 1st Street, 9.Tiruchirappalli Corporation, Ward 48 Subramaniyar Kovil   2nd Street, 10.Tiruchirappalli Corporation, Ward   48 Subramaniyar Kovil   3rd Street,",All Voters,Dravida Munnetra Kazhagam,258,216,42,Tamilaga Vettri Kazhagam,1,3,2,4,5,9,9,5,9,5,9,5,9,8.0,2
217,217,2,221,15,29,0,0,0,0,0,0,0,0,229,0,0,1,0,1,1,1,500,0,0,500,0,Corporation Middle  School Subramaniapuram North Rcc Building West Side,"1.Tiruchirappalli Corporation, Ward 48 Pitchai Street,,
2.Tiruchirappalli Corporation, Ward 48 Poul Street,
3.Tiruchirappalli corporation, Ward 48 Ilango street,
4.Tiruchirappalli Corporation, Ward 48 Kamarajar Street,
5.Tiruchirappalli corporation, Ward 48 Renga nagar,",All Voters,Tamilaga Vettri Kazhagam,229,221,8,Dravida Munnetra Kazhagam,2,3,1,4,5,6,6,6,6,6,6,6,6,1.6,4
218,218,0,222,26,33,0,0,0,0,0,0,0,1,317,0,0,1,0,0,0,0,600,0,0,600,0,"R.C.Adhimmolam Middle School, Subramaniapuram,   South Block East Side  North Facing RCC Roof Building","1.Tiruchirappalli Corporation, Ward 47 Anthoniyar Kovil Street Subramaniyapuram,   2.Tiruchirappalli Corporation, Ward 47 Anthoniyar Kovil 2nd Street Subramaniyapuram,
3.Tiruchirappalli Corporation, Ward 47 Ambethikar Street,
4.Tiruchirappalli Corporation, Ward 48 Old Pandian Street,",All Voters,Tamilaga Vettri Kazhagam,317,222,95,Dravida Munnetra Kazhagam,2,3,1,4,6,6,6,6,6,6,6,6,5,15.83333333333333,1
219,219,1,182,19,40,0,0,2,1,0,0,0,0,241,0,0,2,0,0,1,0,489,0,0,489,0,"R.C.Adhimmolam Middle School, Subramaniapuram,   South Terraced Building, Eastern Side North Facing Middle  Room","1.Tiruchirappalli    corporation, Ward 48 Pandiyan street,
2.Tiruchirappalli    corporation, Ward 48 Pandiyan street 1st Cross , 3.Tiruchirappalli    corporation, Ward 48 Pandiyan street 2nd Cross, 4.Tiruchirappalli    corporation, Ward 48 Pandiyan street 3rd Cross, 5.Tiruchirappalli    corporation, Ward 48 Pandiyan street 4th Cross, 6.Tiruchirappalli    corporation, Ward 48 Pandiyan street 5th Cross , 7.Tiruchirappalli    corporation, Ward 48 New Pandiyan street,   8.Tiruchirappalli    corporation, Ward 48 Susiyapillai Street,,   9.Tiruchirappalli   corporation, Ward 48 Kennady Street,",All Voters,Tamilaga Vettri Kazhagam,241,182,59,Dravida Munnetra Kazhagam,2,3,1,4,6,8,8,5,6,8,8,8,8,12.06543967280164,3
220,220,0,194,13,32,1,0,0,0,0,0,1,0,192,0,0,1,0,1,0,0,435,0,1,436,0,"R.C.Adhimoolam Middle School, Subramaniapuram,   North Terraced Building, Western Side South Facing RCC Roof Building","1.Tiruchirappalli corporation, Ward 48   Anna Nagar 1st Street,
2.Tiruchirappalli corporation, Ward 48 Anna Nagar 1st Street, 1st cross street,, 3.Tiruchirappalli corporation, Ward 48   Anna Nagar, 2nd Cross Street,   4.Tiruchirappalli corporation, Ward 48 Anna Nagar 1st Street, 3rd cross street,   5.Tiruchirappalli corporation, Ward 48   Anna Nagar   1st Street, 4th cross street,
6.Tiruchirappalli corporation, Ward 48   Anna Nagar 1st Street, 5th Cross Street, 7.Tiruchirappalli corporation, Ward 48   Anna Nagar   2nd Street,   8.Tiruchirappalli corporation, Ward 48 Anna Nagar 3rd Street,   9.Tiruchirappalli corporation, Ward 48 Anna Nagar 3rd Street, 1st cross street,   , 10.Tiruchirappalli corporation, Ward 48 Anna Nagar 3rd Street , 2nd Cross Street,
11.Tiruchirappalli corporation, Ward 48   Anna Nagar 3rd Street, 3rd cross street,",All Voters,Dravida Munnetra Kazhagam,194,192,2,Tamilaga Vettri Kazhagam,1,3,2,4,7,7,5,7,7,7,7,5,7,0.4597701149425287,2
221,221,1,134,14,23,0,0,0,0,0,0,1,0,189,0,0,0,1,0,0,0,363,0,3,366,0,"R.C.Adhimoolam Middle School, Subramaniapuram, North Building,West Side RCC Building","1.Tiruchirappalli Corporation, Ward 48 Karupaiaha Street Subramaniyapuram, 2.Tiruchirappalli corporation, Ward 48 Gandhi nagar,                                                 3.Tiruchirappalli corporation, Ward 48 gandhi nagar 1st cross street,
4.Tiruchirappalli Corporation, Ward 48 gandhi nagar 2nd cross street,                      5.Tiruchirappalli corporation, Ward 48 gandhi nagar 3rd cross street,   , 6.Tiruchirappalli corporation, Ward 47 Thiru.V.Ka.Street,, 7.Tiruchirappalli corporation, Ward 48  Anna Nagar Extension Nallayan Street,",All Voters,Tamilaga Vettri Kazhagam,189,134,55,Dravida Munnetra Kazhagam,2,3,1,4,5,7,7,7,7,7,7,5,7,15.15151515151515,1
222,222,1,126,7,41,0,1,0,0,0,0,0,1,185,0,0,2,0,0,0,1,365,0,0,365,0,"R.C.Adhimoolam Middle School, Subramaniapuram,   South Terraced Building North Facing Middle  Portion","1 - Tiruchirappalli Corporation, Ward 47   Maraimalai Adigal Street,         , 2-Tiruchirappalli Corporation, Ward 48 Avvaiyaar Street.",All Voters,Tamilaga Vettri Kazhagam,185,126,59,Dravida Munnetra Kazhagam,2,3,1,4,5,5,8,8,8,8,8,8,5,16.16438356164383,3
223,223,1,232,19,20,0,0,0,0,0,0,0,0,279,0,0,0,0,0,1,0,552,0,2,554,0,R.C.Adhimoolam Middle School North Rcc Building West Side,"1 - Tiruchirappalli Corporation, Ward 47 Panneerselvam Street,
, 2-Tiruchirappalli Corporation, Ward 48 Konar
Street.",All Voters,Tamilaga Vettri Kazhagam,279,232,47,Dravida Munnetra Kazhagam,2,3,1,4,5,6,6,6,6,6,6,6,6,8.51449275362319,1
224,224,0,170,21,57,0,0,0,0,0,0,0,2,236,0,0,0,0,1,0,0,487,0,2,489,0,"R.C.Adhimoolam Middle School, Subramaniapuram,   South Terraced Building West Side  North Facing","1.Tiruchirappalli corporation, Ward 47 sundharraj nagar,",All Voters,Tamilaga Vettri Kazhagam,236,170,66,Dravida Munnetra Kazhagam,2,3,1,4,6,6,6,6,6,6,6,6,5,13.5523613963039,1
225,225,1,173,11,28,0,0,0,0,1,0,2,0,192,0,2,0,0,0,0,0,410,0,2,412,0,"John Britto Matriculation School, Subramaniapuram,   North West RCC Building West Side South Facing","1 - Tiruchirappalli Corporation, Ward 47 Highways Colony Subramaniyapuram.",All Voters,Tamilaga Vettri Kazhagam,192,173,19,Dravida Munnetra Kazhagam,2,3,1,4,6,8,8,8,8,6,8,5,8,4.634146341463414,2
226,226,0,90,6,12,0,0,0,0,0,1,0,1,168,0,0,1,0,0,0,0,279,0,0,279,0,John Britto   Matriculation School North Side  Rcc Building Middle Portion,"1 - Tiruchirappalli Corporation, Ward 47 Cauvery Nagar Highways Colony,                       2 - Tiruchirappalli Corporation, Ward 48 Indhira Gandhi Street Subramaniyapuram.",All Voters,Tamilaga Vettri Kazhagam,168,90,78,Dravida Munnetra Kazhagam,2,3,1,4,7,7,7,7,7,7,5,7,5,27.95698924731182,1
227,227,2,223,13,48,0,0,0,0,0,0,1,0,321,0,1,3,0,0,0,0,612,0,1,613,0,"R.C. Adhimoolam Middle  School, Subramaniapuram,   North Terraced RCC Building Center Portion South Facing","1.Tiruchirappalli corporation, Ward 47 Bharathidasan Street,
2.Tiruchirapalli corporation, Ward 47 Arulananthar kovil street,
3.Tiruchirappalli corporation, Ward 47 Mela subramaniyar kovil street, 4.Tiruchirappalli corporation, Ward 47 Kannagi Street,   5.Tiruchirappalli corporation, Ward 47 Kani Street,",All Voters,Tamilaga Vettri Kazhagam,321,223,98,Dravida Munnetra Kazhagam,2,3,1,4,5,7,7,7,7,7,7,6,7,16.01307189542484,4
228,228,0,190,25,39,0,0,0,1,0,1,0,0,359,0,0,0,0,0,0,0,615,0,1,616,0,"John Britto Matriculation School, Subramaniapuram,   South Wing Rcc Building South Facing West Side","1.Tiruchirappalli corporation, Ward 47 Pensioner colony,
2.Tiruchirappalli corporation, Ward 47 Kesava Nagar,",All Voters,Tamilaga Vettri Kazhagam,359,190,169,Dravida Munnetra Kazhagam,2,3,1,4,7,7,7,7,5,7,5,7,7,27.47967479674796,0
229,229,0,85,12,25,0,1,0,0,0,0,0,0,177,0,0,0,0,0,0,0,300,0,1,301,0,"Corporation Middle  School, Subramaniapuram, Airport Road, South Side RCC Building North Facing West Side","1.Tiruchirappalli corporation, Ward 47 Profoser Colony,
2.Tiruchirappalli corporation, Ward   61 New A.R.Line,
3.Tiruchirappalli corporation, Ward 61 prison police   quarters,
4.Tiruchirappalli corporation, Ward 47 Aavin Milk Farm Campus,   5.Tiruchirappalli corporation, Ward 47 T.V.S.New Police  Colony,   6.Tiruchirappalli corporation, Ward 61 Kozhipannai Campus,   7.Tiruchirappalli corporation, Ward 61 Warden Line,   8.Tiruchirappalli corporation, Ward 47 M.G.R Nagar Jail Corner,   9.Tiruchirappalli corporation, Ward 47 Profoser Colony, Pudukottai Main Road,",All Voters,Tamilaga Vettri Kazhagam,177,85,92,Dravida Munnetra Kazhagam,2,3,1,4,6,5,6,6,6,6,6,6,6,30.66666666666666,0
230,230,0,137,24,56,0,0,0,0,0,0,0,1,258,0,0,2,0,0,0,0,478,0,1,479,0,"Corporation Middle  School, Subramaniapuram, Airport Road, North Wing East South Facing RCC building","1 - Tiruchirappalli Corporation, Ward 47 Anna Nagar (Indhira Nagar),             , 2 - Tiruchirappalli Corporation,Ward 47 Venkateswara Nagar.",All Voters,Tamilaga Vettri Kazhagam,258,137,121,Dravida Munnetra Kazhagam,2,3,1,4,6,6,6,6,6,6,6,6,5,25.31380753138076,2
231,231,1,129,13,52,0,0,0,0,0,1,0,2,306,0,0,1,1,0,0,0,506,0,1,507,0,Corporation Middle  School Subramaniapuram North Rcc Building West Side,"1 - Tiruchirappalli Corporation, Ward 47 Indhira Nagar",All Voters,Tamilaga Vettri Kazhagam,306,129,177,Dravida Munnetra Kazhagam,2,3,1,4,6,8,8,8,8,8,6,8,5,34.9802371541502,2
232,232,0,232,15,70,0,0,0,0,0,1,0,1,344,0,2,0,0,0,0,0,665,0,3,668,0,"John Britto Matriculation School, Subramaniapuram,   North Block East Side  South Facing RCC Building","1.Tiruchirappalli corporation, Ward 48 Valluvar Street,
2.Tiruchirappalli corporation, Ward 47 Jayalalitha nagar (jail corner),",All Voters,Tamilaga Vettri Kazhagam,344,232,112,Dravida Munnetra Kazhagam,2,3,1,4,7,7,7,7,7,7,5,7,5,16.84210526315789,2
233,233,0,262,15,37,0,3,0,0,0,1,0,0,271,0,0,1,0,0,0,0,590,0,2,592,0,"Corporation Middle  School, Subramaniapuram, Airport Road, South Terraced Building, West Side North Facing","1.Tiruchirappalli corporation, Ward 47 Periyar street,
2.Tiruchirappalli corporation, Ward 47 Bharathiyar Street,
3.Tiruchirappalli corporation, Ward 47 Manimegalai Street,
4.Tiruchirappalli corporation, Ward 47 Alagar Street,",All Voters,Tamilaga Vettri Kazhagam,271,262,9,Dravida Munnetra Kazhagam,2,3,1,4,7,5,7,7,7,7,6,7,7,1.525423728813559,1
234,234,1,196,8,21,1,0,0,0,0,0,0,0,152,0,0,1,0,0,0,0,380,0,0,380,0,"Corporation Middle  School, Subramaniapuram, Airport Road, West Terraced Building, South Side East Facing","1.Tiruchirapalli corporation, Ward 47 Gandhi street,
2.Tiruchirapalli corporation, Ward 47 Karunanithi street,
3.Tiruchirappalli corporation, Ward 48 Main 1st Cross Street,
4.Tiruchirappalli corporation, Ward 48 Main 2nd Cross Street,",All Voters,Dravida Munnetra Kazhagam,196,152,44,Tamilaga Vettri Kazhagam,1,3,2,4,5,7,5,7,7,7,7,7,7,11.57894736842105,1
235,235,1,180,8,38,0,0,0,0,0,1,2,1,287,0,0,2,0,0,0,0,520,0,4,524,0,"Corporation Elemantary School, Mannarpuram Tiruchirappalli, Sengulam Colony, South Wing West side North Facing RCC Building","1.Tiruchirappalli Corporation, Ward 59 Sengulam Colony Officers Appartment, 2.Tiruchirappalli corporation, Ward 59 Sengulam Colony Government Apartment, 3.Tiruchirappalli corporation, Ward 59 Ramanujam   Street Kallukulli,",All Voters,Tamilaga Vettri Kazhagam,287,180,107,Dravida Munnetra Kazhagam,2,3,1,4,6,9,9,9,9,9,6,5,6,20.57692307692308,2
236,236,2,233,23,55,1,0,0,0,0,0,1,0,367,0,1,2,2,0,1,0,688,0,1,689,0,"Sengulam Colony, Community hall block, West side RCC Building North Portion","1 - Tiruchirappalli Corporation, Ward 59 Kallukulli Kallar Street",All Voters,Tamilaga Vettri Kazhagam,367,233,134,Dravida Munnetra Kazhagam,2,3,1,4,5,8,6,8,8,8,8,6,8,19.47674418604651,6
237,237,0,101,10,29,0,0,0,0,0,0,0,1,198,0,0,1,0,0,0,0,340,0,3,343,0,"Sengulam Colony, Community hall block, South Block Main Hall","1.Tiruchirappalli    corporation, Ward 59 Iluppoor road railway police  colony,                      2.Tiruchirappalli   corporation, Ward 59 Ramakrishnan nagar main road,",All Voters,Tamilaga Vettri Kazhagam,198,101,97,Dravida Munnetra Kazhagam,2,3,1,4,6,6,6,6,6,6,6,6,5,28.52941176470588,1
238,238,0,181,20,57,0,0,0,0,0,1,0,0,296,0,1,2,0,0,0,0,558,0,2,560,0,"Corporation Elemantary School, Mannarpuram Tiruchirappalli, Sengulam Colony, South Block Middle  Portion North Facing RCC Building","1.Tiruchirappalli corporation, Ward 59 Ramakrishnan nagar 1st cross street, 2.Tiruchirappalli corporation, Ward 59 Ramakrishnan Nagar 2nd cross Street, 3.Tiruchirappalli corporation, Ward 59 Ramakrishnan Nagar    Backside,
4.Tiruchirappalli corporation, Ward 59 Anna Nagar (Ramakrishnan Nagar), 5.Tiruchirappalli corporation, Ward 59 suppuraya street,",All Voters,Tamilaga Vettri Kazhagam,296,181,115,Dravida Munnetra Kazhagam,2,3,1,4,6,6,6,6,6,6,5,6,6,20.60931899641577,3
239,239,0,169,12,37,0,0,0,4,0,0,0,0,187,0,0,1,0,0,0,1,411,0,1,412,0,"Corporation Elemantary School, Mannarpuram Tiruchirappalli, Sengulam Colony, South Wing Middle  Portion North Facing RCC Building","1 - Tiruchirappalli corporaation, Ward 59 Kamaruthin Street,   2
- Tiruchirappalli Corporation, Ward 59 Iluppur Main Road,   3-Tiruchirappalli Corporation, Ward 59 Kallukulli P&D Colony,",All Voters,Tamilaga Vettri Kazhagam,187,169,18,Dravida Munnetra Kazhagam,2,3,1,4,6,6,6,6,5,6,6,6,6,4.37956204379562,2
240,240,0,131,5,44,0,0,0,0,0,1,1,0,212,0,0,0,0,0,0,0,394,0,1,395,0,"Corporation Elemantary School, Mannarpuram, South Side RCC Building Middle Portion","1 - Tiruchirappalli Corporation, Ward 59 Iluppur Road 1st Street,   2 - Tiruchirappalli Corporation, Ward 59 Ganathikkam Pillai Street,   3 - Tiruchirappalli Corporation, Ward 59 Millitary Quaters (Diffans Colony).",All Voters,Tamilaga Vettri Kazhagam,212,131,81,Dravida Munnetra Kazhagam,2,3,1,4,7,7,7,7,7,7,5,5,7,20.55837563451777,0
241,241,0,214,24,91,1,1,0,2,1,0,0,0,308,0,0,2,0,0,0,1,645,0,7,652,0,"St. Marys Middle  School, Tiruchirappalli, Mannarpuram, South Wing Middle  Portion North Facing RCC Building","1.Tiruchirappalli    corporation, Ward 59 mannarpuram nadu street, 2.Tiruchirappalli    corporation, Ward    59 mannarpuram nadus treet 1st cross street,   3.Tiruchirappalli corporation, Ward 59 Mannarpuram Nadu Street 2nd Cross Street,
4.Tiruchirappalli corporation, Ward 59 Mannarpuram Nadu 3rd Cross Street, 5.Tiruchirappalli corporation, Ward 59 mannarpuram    new colony 1st street,",All Voters,Tamilaga Vettri Kazhagam,308,214,94,Dravida Munnetra Kazhagam,2,3,1,4,9,6,6,9,5,6,9,9,9,14.57364341085271,3
242,242,0,186,26,75,0,1,1,1,1,0,2,0,233,0,0,1,0,0,1,0,528,0,1,529,0,"St. Marys Middle  School, Tiruchirappalli, Mannarpuram, South Block   West Side  North Facing RCC Building","1.Tiruchirappalli    corporation, Ward 59 mannarpuram    new colony 2nd street, 2.Tiruchirappalli    corporation, Ward   59 mannarpuram   north street, 3.Tiruchirappalli corporation, Ward 59 Mannarpuram South 1st Street, 4.Tiruchirappalli corporation, Ward 59 mannarpuram south   2nd street,
5.Tiruchirappalli corporation, Ward 59 Mannarpuram Byepass Road, 6.Tiruchirappalli corporation, Ward 59 Mannarpuram Byepass Road Electric Board Apartment , 7.Tiruchirappalli corporation, Ward 59 Silon Labour Colony,",All Voters,Tamilaga Vettri Kazhagam,233,186,47,Dravida Munnetra Kazhagam,2,3,1,4,10,6,10,6,6,6,10,5,10,8.901515151515152,2
243,243,1,248,11,88,0,0,0,4,0,0,3,3,369,1,1,2,1,0,1,0,733,0,0,733,0,"Kajamiyan Higher Sec. School Kaja Nagar, West Wing South Side East Facing RCC Roof Building","1.Thiruchirappalli corparation, Ward 59 Kaja Nagar kudisai part,",All Voters,Tamilaga Vettri Kazhagam,369,248,121,Dravida Munnetra Kazhagam,2,3,1,4,8,9,9,9,5,9,9,6,6,16.5075034106412,6
244,244,0,339,7,9,0,0,0,0,0,0,0,0,106,0,1,1,0,1,0,0,464,0,1,465,0,"Kajamiyan Higher Sec. School Kaja Nagar, Main Block Room No 7 South side  RCC Building East Portion","1 - Tiruchirappalli Corporation, Ward 59 Kajamiyan 1st Street,
2 - Tiruchirappalli Corporation, Ward 59 Samathu School Street,, 3 - Tiruchirappalli Corporation, Ward 59 Abdul Kapoor Street,   , 4 - Tiruchirappalli Corporation, Ward 59 Kayuthemillath Street,    , 5 - Tiruchirappalli Corporation, Ward 59 Syed Sahib Street.",All Voters,Dravida Munnetra Kazhagam,339,106,233,Tamilaga Vettri Kazhagam,1,3,2,4,5,5,5,5,5,5,5,5,5,50.21551724137932,3
245,245,1,310,11,43,0,0,1,0,0,0,0,1,167,0,0,0,0,0,0,0,534,0,3,537,0,"Kajamiyan Higher Sec. School Kaja Nagar, North Block (Abdul kaliq Block)west side  RCC Building East Portion","1.Tiruchirappalli Corporation, Ward 59    Hajarath Abdul Salam Street, 2.Tiruchirappalli    corporation, Ward 59 arabic college street,   3.Tiruchirappalli Corporation, Ward 59 T.V.S Nagar Main Road,, 4.Tiruchirappalli Corporation, Ward    59   T.V.S Nagar Rajam Street, 5.Tiruchirappalli   corporation, Ward 59
T.V.S    Nagar    krishna    street 6.Tiruchirappalli Corporation, Ward 59 T.V.S   Nagar    Srinivasa Street, 7.Tiruchirappalli Corporation, Ward 59 Thamos Street,",All Voters,Dravida Munnetra Kazhagam,310,167,143,Tamilaga Vettri Kazhagam,1,3,2,4,5,8,8,5,8,8,8,8,5,26.77902621722846,0
246,246,0,255,19,31,1,0,0,0,1,0,0,0,383,0,0,0,1,0,0,0,691,0,0,691,0,"Annai High Sec.School, Airport, East side  RCC Building Middle portion","1.Tiruchirappalli corporation, Ward 61    sanga street,,
2.Tiruchirappalli Corporation, Ward 61 Anthoniyar Kovil Street,",All Voters,Tamilaga Vettri Kazhagam,383,255,128,Dravida Munnetra Kazhagam,2,3,1,4,7,7,5,7,7,5,7,7,7,18.52387843704776,1
247,247,0,255,22,46,0,0,1,0,0,0,0,2,377,0,0,0,0,0,0,0,703,0,1,704,0,"Annai   High Sec.School, Airport, North side  RCC Building Middle portion","1.Tiruchirappalli Corporation, Ward 61 Valluvar Street,,
2.Tiruchirappalli Corporation, Ward 61 Valluvar Street,,
3.Tiruchirappalli Corporation, Ward 61 V.O.C. Street,
4.Tiruchirappalli corporation, Ward 65 mariyamman kovil street,, 5.Tiruchirappalli Corporation, Ward 61 Kennedy Street Airport,   6.Tiruchirappalli Corporation, Ward   61 Mohamed Nagar,",All Voters,Tamilaga Vettri Kazhagam,377,255,122,Dravida Munnetra Kazhagam,2,3,1,4,7,7,7,6,7,7,7,7,5,17.35419630156472,0
248,248,0,275,27,40,0,0,0,1,0,0,0,1,329,0,0,0,0,1,0,0,674,0,3,677,0,"Corporation Elementary School,Kamaraj Nagar,Airport North Side  RCC New Building Middle  portion","1.Tiruchirappalli Corporation, Ward 61 R.S.V.Nagar Kajahmalai,
2.Tiruchirappalli Corporation, Ward 61 Rajaganapathi Kajahmalai,, 3.Tiruchirappalli corporation, Ward 61 T.S.N.avenue   airport,, 4.Tiruchirappalli corporation, Ward 61 Thirumurugan nagar, kajah nagar,",All Voters,Tamilaga Vettri Kazhagam,329,275,54,Dravida Munnetra Kazhagam,2,3,1,4,7,7,7,7,5,7,7,7,5,8.011869436201781,1
249,249,0,237,24,52,0,0,0,0,0,0,0,0,292,0,0,1,0,0,0,0,606,0,0,606,0,"Corporation Elementary School, Kamaraj Nagar,Airport North Side RCC Building East portion","1 - Tiruchirappalli Corporation, Ward 61 R.S.Puram Kajamalai,,
2.Tiruchirappalli Corporation, Ward 61 Madurai Veeran Kovil Street,   3.Tiruchirappalli Corporation, Ward 61 Kamarajar Street Gandhi Nagar, 4.Tiruchirappalli Corporation, Ward 61 Mutamzhil Street,   5.Tiruchirappalli Corporation, Ward 47 Ambethkar Nagar,",All Voters,Tamilaga Vettri Kazhagam,292,237,55,Dravida Munnetra Kazhagam,2,3,1,4,5,5,5,5,5,5,5,5,5,9.075907590759076,1
250,250,2,186,26,30,0,0,0,0,1,0,0,3,383,0,1,2,0,0,1,0,635,0,1,636,0,"M.M Elementary School, Airport, Golden Jubilee  East Side  RCC Building West facing","1.Tiruchirappalli Corporation, Ward 47 Raja Nursery Garden, Pudukottai Road , 2.Tiruchirappalli Corporation, Ward 61 Thilagar Street,",All Voters,Tamilaga Vettri Kazhagam,383,186,197,Dravida Munnetra Kazhagam,2,3,1,4,6,8,8,8,8,7,8,8,5,31.02362204724409,4
251,251,1,187,13,40,0,0,0,0,0,0,0,1,274,1,0,1,0,0,0,0,518,0,0,518,0,"M.M Elementary School, Airport, Golden Jubilee  South Side  RCC Building Middle portion","1.Tiruchirappalli Corporation, Ward 61 Kakkan Colony,,
2.Tiruchirappalli Corporation, Ward 61 Annai Asiramam,,
3.Tiruchirappalli Corporation, Ward 61 Thilagar Street,
4.Tiruchirappalli Corporation, Ward 61 V.O.C.Street,,
5.Tiruchirappalli Corporation, Ward 61 Lourdu Nagar (J.K.Nagar, Extension),",All Voters,Tamilaga Vettri Kazhagam,274,187,87,Dravida Munnetra Kazhagam,2,3,1,4,5,7,7,7,7,7,7,7,5,16.7953667953668,2
252,252,2,258,30,41,0,0,1,1,0,0,1,2,407,1,0,5,1,0,0,0,750,0,1,751,0,"Corporation Elementary School, Kamaraj Nagar,Airport North Side RCC New Building Middle portion","1.Tiruchirappalli Corporation, Ward 61 Pallivasal Street Kamaraj Nagar,, 2.Tiruchirappalli Corporation, Ward 61 Aavani Street (Anthoniyar Kovil Street),, 3.Tiruchirappalli Corporation, Ward 61 Pari Street (Anthoniyar Kovil Street),   4.Tiruchirappalli Corporation, Ward 61    Fathima Street,   5.Tiruchirappalli Corporation, Ward 61 Pillaiyar Kovil Street, Gandhi Nagar,
6.Tiruchirappalli corporarion, Ward 61 pillaiyar kovil street kamarajar nagar,",All Voters,Tamilaga Vettri Kazhagam,407,258,149,Dravida Munnetra Kazhagam,2,3,1,4,5,10,10,7,7,10,10,7,5,19.86666666666667,7
253,253,0,262,18,39,0,0,0,0,1,0,0,1,324,3,0,3,0,0,1,1,653,0,5,658,0,"Corporation High School, Kamaraj Nagar Sembattu, West Side RCC Building North portion (Near HM Room)","1.Tiruchirappalli Corporation, Ward 61 Periyar Street Gandhi Nagar,, 2.Tiruchirappalli corporation, Ward 61 seshathiri street gandhi nagar,   3.Tiruchirappalli Corporation, Ward 61 Sriram Complex, Bharathi Nagar,   4.Tiruchirappalli Corporation, Ward 47 Ambethikar Nagar, Pudukottai Main Road,   5.Tiruchirappalli Corporation, Ward 61 Sabari Mill Colony,, 6.Tiruchirappalli Corporation, Ward 65 T.R.Rethinampillai Street",All Voters,Tamilaga Vettri Kazhagam,324,262,62,Dravida Munnetra Kazhagam,2,3,1,4,7,7,7,7,7,5,7,7,5,9.494640122511486,8
254,254,0,205,26,40,0,0,0,0,0,0,1,0,282,0,0,2,0,0,0,0,556,0,0,556,0,"Corporation Elementary School, Kamaraj Nagar,Airport North Side RCC Building West portion","1.Tiruchirappalli corporation, Ward 61 anna nagar gandhi street,   , 2.Tiruchirappalli Corporation, Ward 61 Ilango Street,   ,
3.Tiruchirappalli corporation, Ward 61 nagappa nagar,
4.Tiruchirappalli corporation, Ward 61 kakkan colony extension,",All Voters,Tamilaga Vettri Kazhagam,282,205,77,Dravida Munnetra Kazhagam,2,3,1,4,6,6,6,6,6,6,6,5,6,13.84892086330935,2
255,255,1,245,26,64,2,0,0,0,0,0,0,1,315,1,1,3,0,0,0,0,659,0,1,660,0,"Corporation high School, Kamaraj Nagar, Sembattu, West Side RCC Building Middle portion","1.Tiruchirappalli corporation, Ward 61 periyar street,
2.Tiruchirappalli Corporation, Ward 65 Kamala Ganesh Nagar,,
3.Tiruchirappalli Corporation, Ward 61 Sudana Nagar,,
4.Tiruchirappalli Corporation, Ward 61 Kakkan Colony,
5.Tiruchirappalli corporation, Ward 61 ilango street, airport,",All Voters,Tamilaga Vettri Kazhagam,315,245,70,Dravida Munnetra Kazhagam,2,3,1,4,6,8,5,8,8,8,8,8,6,10.62215477996965,5
256,256,0,10,0,1,0,1,0,0,0,0,0,0,65,0,0,0,0,0,0,0,77,0,0,77,0,"Corporation high School, Kamaraj Nagar, Sembattu, South Side Middle  Portion North Facing RCC Building","1.Tiruchirappalli corporation, Ward 61 Blinder Part,",All Voters,Tamilaga Vettri Kazhagam,65,10,55,Dravida Munnetra Kazhagam,2,3,1,5,5,3,5,5,5,5,5,5,5,71.42857142857143,0
257,257,0,319,23,37,0,1,0,0,0,0,0,0,223,0,0,1,0,0,0,0,604,0,1,605,0,"M.M Elementary School, Airport, South RCC Building West portion","1.Tiruchirappalli corporation, Ward 61 J.K.Nagar,
2.Tiruchirappalli corporation, Ward 61 J.K.Nagar extension,",All Voters,Dravida Munnetra Kazhagam,319,223,96,Tamilaga Vettri Kazhagam,1,3,2,4,6,5,6,6,6,6,6,6,6,15.89403973509934,1
258,258,0,215,30,53,1,1,1,0,0,1,1,1,341,1,0,2,0,0,0,0,648,0,0,648,0,"Annai High Sec.School, Airport, East side  RCC Building Middle portion","1.Tiruchirappalli Corporation, Ward 61 Mathavi Street Airport,
2.Tiruchirappalli Corporation, Ward 61 Kumaran Street,Airport,
3.Tiruchirappalli Corporation, Ward 65 Indhira Gandhi Road, Airport,   4.Tiruchirappalli Corporation, Ward 61 T.R.B.Nagar,Airport,   5.Tiruchirappalli corporation, Ward 61 Amalapuri colony, airport,",All Voters,Tamilaga Vettri Kazhagam,341,215,126,Dravida Munnetra Kazhagam,2,3,1,4,11,5,5,5,11,11,5,5,5,19.44444444444445,3
259,259,0,267,25,50,1,0,0,0,1,0,2,3,434,0,0,0,1,1,1,0,786,0,1,787,0,"Annai   High Sec.School, Airport, North side  RCC Building East portion","1.Tiruchirappalli Corporation, Ward   61 Sesathiri Nagar,Airport,,   2.Tiruchirappalli corporation, Ward 61  Pandiyan street,, 3.Tiruchirappalli corporation, Ward 65 Muslim street airport , 4.Tiruchirappalli Corporation, Ward 65 Kalaivanar Street Airport,, 5.Tiruchirappalli Corporation, Ward 65 Valan Nagar Airport,",All Voters,Tamilaga Vettri Kazhagam,434,267,167,Dravida Munnetra Kazhagam,2,3,1,4,9,9,7,9,9,7,9,6,5,21.24681933842239,3
260,260,0,181,18,42,0,0,2,0,0,0,0,1,373,0,0,2,0,0,0,0,619,0,2,621,0,"Corporation High School, Kamaraj Nagar, Sembattu, South Side  North Facing RCC Building Middle Portion","1.Tiruchirappalli Corporation, Ward 61 Airport Colony,
2.Tiruchirappalli Corporation, Ward 47 Ambethikar Nagar Pudukottai Main Road,, 3.Tiruchirappalli Corporation, Ward 61 Bharathi Nagar, Kamaraj Nagar (North),, 4.Tiruchirappalli Corporation, Ward 61 Kumaran Street,, 5.Tiruchirappalli Corporation, Ward 61 Anna Nagar,",All Voters,Tamilaga Vettri Kazhagam,373,181,192,Dravida Munnetra Kazhagam,2,3,1,4,7,7,7,5,7,7,7,7,6,31.01777059773829,2
261,261,0,167,7,24,0,0,0,1,0,0,1,0,177,0,1,1,0,0,0,0,379,0,1,380,0,"Corporation High School, Kamaraj Nagar Sembattu, South Side  RCC Building Middle Portion (Near Staff Roam)","1.Tiruchirappalli Corporation, Ward 61 Nehru Street Gandhi Nagar Airport,   2.Tiruchirappalli Corporation, Ward 47 New Golden Nagar Airport,   3.Tiruchirappalli corporation, Ward 61 lalbhathur sasthri street,",All Voters,Tamilaga Vettri Kazhagam,177,167,10,Dravida Munnetra Kazhagam,2,3,1,4,7,7,7,7,5,7,7,5,7,2.638522427440633,2
262,262,2,245,16,40,0,1,0,0,0,0,0,0,342,1,1,2,0,1,0,0,651,0,1,652,0,"Annai High Sec.School, Airport, East side  RCC Building Middle portion","1.Tiruchirappalli Corporation, Ward 61 Kannaki Street Airport,
2.Tiruchirappalli Corporation, Ward 61 Cheran Street Airport,
3.Tiruchirappalli Corporation, Ward 65 Kalaivanar Street,   ,
4.Tiruchirappalli Corporation, Ward 65 Quithe  Millath Street,
5.Tiruchirappalli corporation, Ward 61 bharathi street,",All Voters,Tamilaga Vettri Kazhagam,342,245,97,Dravida Munnetra Kazhagam,2,3,1,4,5,6,7,7,7,7,7,7,7,14.90015360983103,5
263,263,2,201,18,71,0,1,1,0,0,0,0,0,319,0,0,1,0,0,0,0,614,0,2,616,0,"Thowheed Girls Matriculation School, Anbil Nagar, Airport East Side RCC Building North Portion","1.Tiruchirappalli Corporation, Ward 61 Bharathi Nagar Extension, Airport,   2.Tiruchirappalli corporation, Ward 61 santhiyagupatty (santhosh nagar),",All Voters,Tamilaga Vettri Kazhagam,319,201,118,Dravida Munnetra Kazhagam,2,3,1,4,5,6,8,6,8,8,8,8,8,19.21824104234528,1
264,264,0,196,19,29,2,0,0,2,0,0,0,0,234,0,0,1,0,0,1,0,484,0,3,487,0,"Thowheed Girls Matriculation School, Anbil Nagar, Airport, East Side RCC Building Middle  Portion","1.Tiruchirappalli Corporation, Ward 65 Kaveri Street Airport,
2.Tiruchirappalli corporation, Ward 61 Kaveri nagar north extension,, 3.Tiruchirappalli Corporation, Ward 61 Cholan Street Airport,   4.Tiruchirappalli Corporation, Ward 65 Indhira Nagar,",All Voters,Tamilaga Vettri Kazhagam,234,196,38,Dravida Munnetra Kazhagam,2,3,1,4,7,7,5,7,5,7,7,7,7,7.851239669421488,2
265,265,0,204,35,47,1,0,0,3,0,1,0,1,385,0,0,1,0,0,0,0,678,0,2,680,0,"Annai High Sec.School, Airport, North side  RCC Building Middle portion( Near H.M Room)","1.Tiruchirappalli corporation, Ward 65 vasanth nagar airport,
2.Tiruchirappalli Corporation, Ward 61 Bharathi Nagar Extension Sriram Colony,   3.Tiruchirappalli Corporation, Ward 61 Thiru.Vi.Ka. Street,   4.Tiruchirapalli Corporation, Ward 65 Subha Akila Nagar,",All Voters,Tamilaga Vettri Kazhagam,385,204,181,Dravida Munnetra Kazhagam,2,3,1,4,9,9,6,9,5,9,6,9,6,26.69616519174041,1
266,266,0,257,17,49,0,0,0,0,0,1,2,1,347,1,2,1,0,0,0,0,678,0,2,680,0,"A.M.R.C. Aided High School, Pudukottai road West side  RCC Building Middle portion","1.Tiruchirapalli corporation, Ward 65 Thiruvalluvar nagar,,
2.Tiruchirapalli corporation, Ward 65 Alagar street,",All Voters,Tamilaga Vettri Kazhagam,347,257,90,Dravida Munnetra Kazhagam,2,3,1,4,8,8,8,8,8,8,6,5,6,13.27433628318584,4
267,267,1,331,13,57,0,0,0,1,0,0,1,1,345,0,1,0,0,0,0,0,751,0,2,753,0,"A.M.R.C,Aided High School
,Pudukottai road North Eastern side  RCC Building North portion","1.Tiruchirappalli Corporation, Ward 65 Subramaniyar Street,
2.Tiruchirappalli Corporation, Ward 65 Azad Street,,
3.Tiruchirapalli corporation, Ward 65 Pasumai nagar,,
4.Tiruchirappalli corporation, Ward 65 N.M.T.Colony (kajahmiyan) sempattu,",All Voters,Tamilaga Vettri Kazhagam,345,331,14,Dravida Munnetra Kazhagam,2,3,1,4,5,9,9,9,5,9,9,5,5,1.864181091877497,1
268,268,0,276,13,85,0,0,0,0,0,0,0,0,357,0,0,0,2,1,0,1,735,0,1,736,0,"Government Adi Dravida Welfare Elementary School, Sembattu, Kamarajnagar,   North Wing East Side ICDS Centre  South Facing RCC Building","1.Tirucirappally corporation, Ward    65 Pattathammal street,",All Voters,Tamilaga Vettri Kazhagam,357,276,81,Dravida Munnetra Kazhagam,2,3,1,4,5,5,5,5,5,5,5,5,5,11.02040816326531,4
269,269,2,199,11,126,2,1,0,3,0,0,1,1,342,1,1,6,2,0,0,0,698,0,3,701,0,"A.M.R.C,Aided High School
,Pudukottai road North Eastern side  RCC Building South portion","1 - Tiruchirappalli Corporation, Ward 65 Sathiyamoorthy Street,
2 - Tiruchirappalli Corporation, Ward 65 Nagammai Street,, 3 - Tiruchirappalli Corporation, Ward 65 KudiStreet (a) Kudiyana Street, Sembattu",All Voters,Tamilaga Vettri Kazhagam,342,199,143,Dravida Munnetra Kazhagam,2,3,1,4,6,8,6,11,5,11,11,8,8,20.48710601719198,10
270,270,1,255,29,55,1,0,0,3,0,0,0,2,396,0,0,0,1,0,1,1,745,0,1,746,0,"Narayana e-Techno school School Anbil Nagar, East Side  RCC Building, North Portion","1.Tiruchirappalli Corporation, Ward 65 Vinayagar Nagar Airporat,   2.Tiruchirappalli corporation, Ward 65 E.B.colony airport,   3.Tiruchirappalli Corporation, Ward 65 Mullai Nagar Airport,   4.Tiruchirappalli corporation, Ward 65 Kalyanasundaram nagar airport,   5.Tiruchirappalli corporation, Ward 65 Anbu nagar airport,",All Voters,Tamilaga Vettri Kazhagam,396,255,141,Dravida Munnetra Kazhagam,2,3,1,4,7,9,7,9,5,9,9,9,6,18.9261744966443,3
271,271,1,242,25,104,0,0,1,5,0,1,0,2,387,0,0,1,0,0,0,0,769,0,3,772,0,"Narayana e-Techno school School Anbil Nagar, East Side  RCC Building, Middle  Portion","1.Tiruchirapalli corporation, Ward 65 Santhiyagu Colony,
2.Tiruchirapalli corporation, Ward 65 Kutty Ambalakaranpatti,,
3.Tiruchirappalli Corporation, Ward 65 Rajamanickampillai Nagar Airport, 4.Tiruchirappalli corporation, Ward 65 Venus Nagar, Airport,   5.Tiruchirappalli corporation, Ward 65 Anbil Nagar, Airport,",All Voters,Tamilaga Vettri Kazhagam,387,242,145,Dravida Munnetra Kazhagam,2,3,1,4,7,10,10,7,5,10,7,10,6,18.8556566970091,1
272,272,0,327,23,76,0,0,0,0,0,0,1,1,425,0,1,1,0,0,0,0,855,0,0,855,0,"Thowheed Girls Matriculation School, Anbil Nagar, Airport, East Side RCC Building Middle  Portion","1.Tiruchirappalli Corporation, Ward 65 Star Nagar,,
2.Tiruchirappalli corporation, Ward 65 Viswavakarma Nagar, Airport,",All Voters,Tamilaga Vettri Kazhagam,425,327,98,Dravida Munnetra Kazhagam,2,3,1,4,7,7,7,7,7,7,7,5,5,11.46198830409357,2
273,273,1,181,23,45,0,0,0,2,0,0,1,0,249,0,1,0,3,0,0,0,506,0,0,506,0,"A.M.R.C.Aided Hr.sec School, Sembattu, Prakesh Block West Wing Middle  Portion East Facing RCC Building","1.Tiruchirappalli Corporation, Ward 65 Saliba Nagar Airport,
2.Tiruchirappalli Corporation, Ward 65 Thondiman Nagar Airport,   3.Tiruchirappalli Corporation, Ward 65 Sathiya Nagar Airport,   4.Tiruchirappalli Corporation, Ward 65 Bell Nagar, Airport,   5.Tiruchirappalli Corporation, Ward 65 T.R.S Road (Rethinampillai Street), 6.Tiruchirappalli Corporation, Ward 65 Karikalan Nagar, Airport,,",All Voters,Tamilaga Vettri Kazhagam,249,181,68,Dravida Munnetra Kazhagam,2,3,1,4,6,8,8,8,5,8,8,6,8,13.43873517786561,4
274,274,0,209,31,60,1,0,0,0,0,0,0,1,302,0,0,1,0,1,0,0,606,0,4,610,0,"A.M.R.C.Aided Hr.sec School, Sembattu,   North Side  West Side South Facing Terraced Building","1.Tiruchirappalli Corporation, Ward 65 Puthukottai Main Road, Sempattu, 2.Tiruchirappalli corporation, Ward 65 M.K.T. colony sempattu,",All Voters,Tamilaga Vettri Kazhagam,302,209,93,Dravida Munnetra Kazhagam,2,3,1,4,7,7,5,7,7,7,7,7,5,15.34653465346535,2
275,275,0,178,30,70,0,0,0,2,0,0,1,2,291,1,0,7,0,0,0,1,583,0,0,583,0,"A.M.R.C.Aided Hr.sec School, Sembattu, South Side  Rcc Building Middle  Portion South Facing","1.Tiruchirappalli Corporation, Ward 65 Viswavakarama Nagar Extension Airport, 2.Tiruchirappalli corporation, Ward 65 Keela puthu Street, sembattu,, 3.Tiruchirappalli Corporation, Ward 65 Rajarajeshwari Nagar,",All Voters,Tamilaga Vettri Kazhagam,291,178,113,Dravida Munnetra Kazhagam,2,3,1,4,8,8,8,8,5,8,8,7,5,19.38250428816466,9
276,276,0,250,19,60,0,0,0,1,0,0,1,1,377,1,1,4,0,0,0,0,715,0,0,715,0,"A.M.R.C.Aided Hr.sec School, Sembattu,   North Side  RCC Building East Side  South Facing","1.Tiruchirappalli Corporation, Ward 65 Melaputhu street, sembattu,   2.Tiruchirappalli Corporation, Ward 65 Angalamman Kovil Street, Sembattu,",All Voters,Tamilaga Vettri Kazhagam,377,250,127,Dravida Munnetra Kazhagam,2,3,1,4,8,8,8,8,5,8,8,5,5,17.76223776223776,6
277,277,0,280,33,96,0,1,1,0,0,0,0,0,443,2,1,2,0,0,0,0,859,0,5,864,0,"Narayana e-Techno school School Anbil Nagar, East Side  RCC Building, Middle  Portion","1.Tiruchirappalli Corporation, Ward 65 Kalainger Nagar Kullapatti Road, 2.Tiruchirappalli Corporation, Ward 65 Kalarpatti, Kulapatti Road, 3.Tiruchirappalli Corporation, Ward 65 Anbu Nagar, Kulapatti Road, 4.Tiruchirappalli Corporation, Ward 65 Venugopal Nagar, Kulapatti Road, 5.Tiruchirappalli Corporation, Ward 65 Karuppusamy Nagar, Kulapatti Road,
6.Tiruchirappalli Corporation, Ward 65 Kulapatti, Airport,
7.Tiruchirappalli Corporation, Ward 65 Kullappatti Road Sanjeevi Nagar Extension Airport,",All Voters,Tamilaga Vettri Kazhagam,443,280,163,Dravida Munnetra Kazhagam,2,3,1,4,7,5,7,5,7,7,7,7,7,18.9755529685681,5
278,278,2,256,29,75,0,0,0,0,0,1,0,1,303,0,0,1,0,0,0,0,668,0,2,670,0,"Orchard Matriculation School, pandiyan salai, Iyyar thottam,North side  RCC building west portion","1 - Tiruchirappalli Corporation, Ward 63 K.Sathanur Bharathidasan Street , 2 - Tiruchirappalli Corporation, Ward 63 K.Sathanur Avvai Street , 3 - Tiruchirappalli Corporation, Ward 63 K.Sathanur Elango Street , 4 - Tiruchirappalli Corporation, Ward 63 K.Sathanur Anna Street , 5 - Tiruchirappalli Corporation, Ward 63 K.Sathanur Periyar Street , 6 - Tiruchirappalli Corporation, Ward 63 K.Sathanur Thiruvalluvar Street , 7 - Tiruchirappalli Corporation, Ward-63K.Sathanur Kaveri Street , 8 - Tiruchirappalli Corporation, Ward 63 K.Sathanur Kalki Street , 9 - Tiruchirappalli Corporation, Ward 63 K.Sathanur Vivekanandar Street , 10 - Tiruchirappalli Corporation, Ward 63 K.Sathanur Kumutham Street",All Voters,Tamilaga Vettri Kazhagam,303,256,47,Dravida Munnetra Kazhagam,2,3,1,4,5,8,8,8,8,8,6,8,6,7.035928143712574,1
279,279,2,241,27,81,0,1,0,0,0,0,0,0,337,1,0,1,0,0,0,0,691,0,2,693,0,"Orchard Matriculation School, pandiyan salai, Iyyar thottam, East Side, Terraced Building","1.Tiruchirappalli Corporation, Ward-63    K- Sathanur Kannagi Street, 2.Tiruchirappalli Corporation, Ward-63    K-Sathanur Tagoor Street, 3.Tiruchirappalli Corporation, Ward-63 K-Sathanur Kattapomman Street, 4.Tiruchirappalli Corporation, Ward-63    K-Sathanur Veenus Street, 5.Tiruchirappalli Corporation, Ward-63    K-Sathanur Somanayakkanpatti,
6.Tiruchirappalli Corporation, Ward-63 K-Sathanur Cheran Salai, 7.Tiruchirappalli Corporation, Ward-63 K-Sathanur Ayyar Thottam,",All Voters,Tamilaga Vettri Kazhagam,337,241,96,Dravida Munnetra Kazhagam,2,3,1,4,5,6,7,7,7,7,7,7,7,13.89290882778582,2
280,280,0,209,20,58,0,0,1,0,0,0,1,2,252,1,0,1,0,0,0,0,545,0,3,548,0,"Achariya Siksha Mandir CBSE School , Sathanur Main Road , K.Sathanur , North side  RCC building middle portion","1.Tiruchirappalli Corporation, Ward 63 K-Sathanur Kamarajar salai, 2.Tiruchirappalli Corporation, Ward 63 K-Sathanur Ramalinga Street,   3.Tiruchirappalli Corporation, Ward 63 K-
.Sathanur Gansan Street, 4.Tiruchirappalli Corporation, Ward
63    K-Sathanur Markandeyan Street, 5.Tiruchirappalli Corporation, Ward 63 K-Sathanur Balamurugan Street,
6.Tiruchirappalli Corporation, Ward 63 K-Sathanur birunthavan street, 7.Tiruchirappalli Corporation, Ward 63 K-Sathanur Nanthavanam Street, 8.Tiruchirappalli Corporation, Ward 63 K-Sathanur Indira Nagar,   9.Tiruchirappalli Corporation, Ward 63 K-Sathanur Jahir Husain Street,
10.Tiruchirappalli Corporation, Ward 63 K-Sathanur Pallavan Street,",All Voters,Tamilaga Vettri Kazhagam,252,209,43,Dravida Munnetra Kazhagam,2,3,1,4,8,8,8,6,8,8,8,6,5,7.889908256880735,2
281,281,1,131,20,55,0,0,0,2,0,0,0,1,254,0,1,4,0,0,0,1,470,0,3,473,0,"Achariya Siksha Mandir CBSE School , Sathanur Main Road , K.Sathanur , East Margin,North Block South facing 4th 'A' Class Room","1.Tiruchirappalli Corporation, Ward 63 K-.Sathanur Lourdhusami Pillai colony,, 2.Tiruchirappalli Corporation, Ward 63 K-Sathanur Sozhan Salai, Vallalar Salai,   3.Tiruchirappalli Corporation, Ward 63 K-Sathanur Kalinha Nagar,",All Voters,Tamilaga Vettri Kazhagam,254,131,123,Dravida Munnetra Kazhagam,2,3,1,4,6,8,8,8,5,8,8,8,6,26.17021276595744,6
282,282,0,193,22,68,0,0,0,2,0,0,0,1,315,0,0,0,0,0,0,1,602,0,3,605,0,"Achariya Siksha Mandir CBSE School , Sathanur Main Road , K.Sathanur , North side  RCC building middle portion","1.Tiruchirappalli Corporation, Ward 63 K-Sathanur Vanni Vinayakar Street,   2.Tiruchirappalli Corporation, Ward 63 K-Sathanur Pandiyan Salai,   3.Tiruchirappalli Corporation, Ward 63 K-Sathanur Main Road,, 4.Tiruchirappalli Corporation, Ward 63 K-Sathanur Ananth Nagar,, 5.Tiruchirappalli    Corporation, Ward 63 K-Sathanur Mahalakshmi Avenu,   6.Tiruchirappalli Corporation, Ward 63 K-Sathanur Meenatchi Sundaram Street,,
7.Tiruchirappalli   Corporation, Ward 63 K-Sathanur Amaravathi Street,   8.Tiruchirappalli   Corporation, Ward 63 K-Sathanur Bharathi Street,",All Voters,Tamilaga Vettri Kazhagam,315,193,122,Dravida Munnetra Kazhagam,2,3,1,4,7,7,7,7,5,7,7,7,6,20.26578073089701,1
283,283,0,183,33,51,0,0,0,0,0,0,1,1,264,0,0,0,0,0,1,0,534,0,8,542,0,"Orchard Matriculation School, pandiyan salai, Iyyar thottam, South Building East Facing RCC Building","1.Tiruchirappalli    Corporation, Ward 63 K-Sathanur Ganapathi Street, 2.Tiruchirappalli    Corporation, Ward 63 K-Sathanur
Kumaran Street, 3.Tiruchirappalli    Corporation, Ware  63 K-Sathanur Kohalea Street, 4.Tiruchirappalli Corporation, Ward
63    K-Sathanur mangammal salai, 5.Tiruchirappalli Corporation, Ward 63   K-Sathanur Prasath Street,
6.Tiruchirappalli corporation, Ward    63 K-Sathanur thilagar street, 7.Tiruchirappalli    Corporation, Ward 63    K-Sathanur Viyasar Street,",All Voters,Tamilaga Vettri Kazhagam,264,183,81,Dravida Munnetra Kazhagam,2,3,1,4,7,7,7,7,7,7,7,5,5,15.1685393258427,1
284,284,0,213,17,83,0,0,0,0,1,0,0,0,237,0,0,2,0,0,0,0,553,0,3,556,0,"Orchard Matriculation School, pandiyan salai, Iyyar thottam, North Building South Facing RCC Building","1.Tiruchirappalli   Corporation, Ward 63 K-Sathanur V.O.C.Street,   2.Tiruchirappalli    Corporation, Ward   63 K-Sathanur Akilanteswari Street, 3.Tiruchirappalli Corporation, Ward 63 k-sathanur Thirunavukkarasar street,
4.Tiruchirappalli Corporation, Ward 63 k.sathanur Gandhi street,   5.Tiruchirappalli Corporation,Ward 63 K.Sathanur Nehru Street,   6.Tiruchirappalli Corporation, Ward 63 K-Sathanur Pattel Street,   7.Tiruchirappalli Corporation, Ward 63 K.Sathanur Thirumagal Street, 8.Tiruchirappalli Corporation, Ward 63 K-Sathanur Subbramaniya Nagar 1st Street,
9.Tiruchirappalli   Corporation, Ward 63 K-Sathanur Subramania Nagar 2nd Street,   10.Tiruchirappalli Corporation, Ward 63 K-Sathanur Subramaniya Nagar 3rd Street,",All Voters,Tamilaga Vettri Kazhagam,237,213,24,Dravida Munnetra Kazhagam,2,3,1,4,6,6,6,6,6,5,6,6,6,4.339963833634719,2
285,285,3,213,23,64,1,0,0,0,0,0,1,1,176,1,1,0,0,0,0,1,485,0,4,489,0,"Corporation Middle  School, K.K..Nagar, K.Sathanur, K.K.Nagar K.Sathanur (North), North Block, Terraced Building,","1 - Tiruchirappalli Corporation, Ward 64 K.Sathanur Teachers Colony,   2 - Tiruchirappalli Corporation, Ward 64 K.Sathanur Aasath Nagar 1st Street , 3 - Tiruchirappalli Corporation, Ward 64 K.Sathanur Aasath Nagar 2nd Street,   4 - Tiruchirappalli Corporation, Ward 64 K.Sathanur Aasath Nagar 3rd Street ,   5 - Tiruchirappalli Corporation, Ward 64 K.Sathanur Jeya Nagar 1st Street, 6 - Tiruchirappalli Corporation, Ward 64 K.Sathanur Murugavel Nagar 1st Cross Street,   7 - Tiruchirappalli Corporation, Ward 64 K.Sathanur Murugavel Nagar 2nd Cross Street , 8 - Tiruchirappalli Corporation, Ward 64 K.Sathanur Murugavel Nagar 3rd Cross Street , 9 - Tiruchirappalli Corporation, Ward 64 K.Sathanur Palandar Street",All Voters,Dravida Munnetra Kazhagam,213,176,37,Tamilaga Vettri Kazhagam,1,3,2,4,5,9,6,9,9,9,9,6,6,7.628865979381444,3
286,286,0,191,8,63,0,0,0,1,0,0,0,0,216,0,0,1,0,0,0,0,480,0,6,486,0,"Corporation Middle  School, K.K..Nagar, K.Sathanur (North), West Side  RCC Building Middle Portion","1 - Tiruchirappalli Corporation, Ward 64 K.Sathanur Jeya Nagar 2nd Street , 2 - Tiruchirappalli Corporation, Ward 64 K.Sathanur Jeyalakshmi Nagar , 3 - Tiruchirappalli Corporation, Ward 64 K.Sathanur L.I.C.Colony , 4 - Tiruchirappalli Corporation, Ward 64 K.Sathanur Murugavel Nagar 1st Main Road , 5 - Tiruchirappalli Corporation, Ward 64 K.Sathanur Murugavel Nagar 2nd Main Road",All Voters,Tamilaga Vettri Kazhagam,216,191,25,Dravida Munnetra Kazhagam,2,3,1,4,6,6,6,6,5,6,6,6,6,5.208333333333334,1
287,287,0,187,23,103,0,1,0,1,0,1,1,3,244,0,0,0,0,1,0,0,565,0,5,570,0,"Orchard Matriculation School, pandiyan salai, Iyyar thottam, South Side, Terraced Building A","1 - Tiruchirappalli Corporation, Ward 63 K.Sathanur Sastha Street , 2 - Tiruchirappalli Corporation, Ward 63 K.Sathanur Andal Street , 3 - Tiruchirappalli Corporation, Ward 63 K.Sathanur Valmiki Street , 4 - Tiruchirappalli Corporation, Ward 63 K.Sathanur Nethaji Street, 5 - Tiruchirappalli Corporation, Ward 63 K.Sathanur Nakkiran Stree  , 6-Tiruchirappalli Corporation, Ward 63 K.Sathanur Kambar Street ,",All Voters,Tamilaga Vettri Kazhagam,244,187,57,Dravida Munnetra Kazhagam,2,3,1,4,10,6,10,10,6,10,6,6,5,10.08849557522124,1
288,288,3,195,23,92,0,0,1,0,0,0,2,0,277,0,0,0,1,0,0,1,595,0,1,596,0,"Orchard Matriculation School, pandiyan salai, Iyyar thottam, South Side, Terraced Building B","1 - Tiruchirappalli Corporation, Ward 63 K-Sathanur Indhira Nagar                       2 - Tiruchirappalli Corporation, Ward 63 K-Sathanur Manikandan Street            3 - Tiruchirappalli Corporation, Ward 63 K-Sathanur Iluppur Salai                  4 -
Tiruchirappalli Corporation, Ward 63 K.Sathanur Thayumanavar Street 5 - Tiruchirappalli Corporation, Ward 63 K.Sathanur Pillaiyar Kovil Street         6 - Tiruchirappalli Corporation, Ward 63 K.Sathanur Rajaji Street (Ayyappa Nagar),
7 - Tiruchirappalli Corporation, Ward 63 K.Sathanur Railvihar
, 8 - Tiruchirappalli Corporation, Ward 63 K.Sathanur Radhakrishnan Road",All Voters,Tamilaga Vettri Kazhagam,277,195,82,Dravida Munnetra Kazhagam,2,3,1,4,5,8,8,7,8,8,8,6,8,13.78151260504202,2
289,289,2,114,25,27,1,0,0,7,1,0,0,0,236,0,2,1,1,0,0,0,417,0,2,419,0,"Corporation Middle  School, K.K..Nagar, K.Sathanur (North), West Side  RCC Building Middle Portion","1.Tiruchirappalli Corporation, Ward-64    K-Sathanur Palani Nagar 1st Street, 2.Tiruchirappalli   Corporation, Ward-64 K-Sathanur    Palani Nagar 2nd Street, 3.Tiruchirappalli Corporation, Ward-64      K-Sathanur Palani Nagar 3rd Street,
4.Tiruchirappalli    Corporation, Ward-64      K-Sathanur Palani Nagar 4th Street, 5.Tiruchirappalli   Corporation, Ward- 64    K-Sathanur Palani Nagar 5th Street, 6.Tiruchirappalli Corporation, Ward-64    K-Sathanur Palani Nagar 6th street,
7.Tiruchirappalli    Corporation, Ward-64    K-Sathanur Palani Nagar Extension,, 8.Tiruchirappalli       Corporation, Ward-64    K-Sathanur Police Colony, 9.Tiruchirappalli   Corporation, Ward-64 K-Sathanur    Police  Colony, 10.Tiruchirappalli   Corporation, Ward-64 K-Sathanur Police   Colony, 11.Tiruchirappalli Corporation, Ward-64    K-Sathanur Police  Colony,
12.Tiruchirappalli    Corporation, Ward-64 K-Sathanur Police Colony D Block, 13.Tiruchirappalli    Corporation, Ward-64    K-Sathanur Meyarmuthu Street 14.Tiruchirappalli Corporation, Ward 64 K.Sathanur Police   Quarters E Block,
15.Tiruchirappalli    Corporation, Ward 64 K.Sathanur Police Quarters F Block,   16.Tiruchirappalli      Corporation, Ward 64 k.sathanur police   quarters g block,   17.Tiruchirappalli Corporation, Ward 64    K.Sathanur Police Quarters J Block,
18.Tiruchirappalli   Corporation, Ward 64 K.Sathanur Police Quarters K Block,   19.Tiruchirappalli Corporation, Ward 64 K.Sathanur Police   Quarters L    Block,   20.Tiruchirappalli Corporation, Ward 64    K.Sathanur Police Quarters M Block,
21.Tiruchirappalli   Corporation, Ward 64 K.Sathanur Police
Quarters N Block,   22.Tiruchirappalli Corporation, Ward 64 K.Sathanur Police   Quarters O Block,   23.Tiruchirappalli",All Voters,Tamilaga Vettri Kazhagam,236,114,122,Dravida Munnetra Kazhagam,2,3,1,4,6,9,7,9,5,7,9,9,9,29.25659472422063,4
290,290,0,178,6,59,0,0,0,0,0,0,0,1,232,0,0,0,0,3,0,0,479,0,2,481,0,"Corporation Middle  School, K.K.Nagar, K.Sathanur (North), North Side  RCC Building Middle Portion","1.Tiruchirappalli    Corporation, Ward-64   K-Sathanur   Ansukam Street, 2.Tiruchirappalli   Corporation, Ward-64    k-sathanur ramachandran street, 3.Tiruchirappalli      Corporation, Ward-64
K-Sathanur Alakiri Street, 4.Tiruchirappalli      Corporation, Ward-64 k-sathanur mathavan solai, 5.Tiruchirappalli Corporation, Ward-64    K-Sathanur C.W.C,   6.Tiruchirappalli Corporation, Ward-64      K-Sathanur Mathuram Street,
7.TiruchirappalliCcorporation, Ward-64 k-sathanur rajaji street,, 8.Tiruchirappalli Corporation, Ward-64    K-Sathanur Vethatchalam Street,   9.Thiruchirappalli    corporation, Ward-64 k- sathanur rajaram salai,",All Voters,Tamilaga Vettri Kazhagam,232,178,54,Dravida Munnetra Kazhagam,2,3,1,4,6,6,6,6,6,6,6,6,5,11.27348643006263,3
291,291,2,223,21,57,0,0,0,2,0,0,0,0,256,0,0,0,0,0,0,0,561,0,3,564,0,"Corporation Middle  School, K.K..Nagar, K.Sathanur (North), West Side  RCC Building North Portion","1.Tiruchirappalli    Corporation, Ward-64 K-Sathanur Nagammaiyar Street, 2.Tiruchirappalli      Corporation, Ward-64 K- Sathanur Rani Annadurai Street,   3.Tiruchirappalli Corporation, Ward-64 K-Sathanur Lingan Street,
4.Tiruchirappalli      Corporation, Ward-64 K-Sathanur Kannappan Street, 5.Tiruchirappalli   corporation, Ward-64    k-sathanur indhra kandhi street, 6.Tiruchirappalli    Corporation, Ward-64 K-Sathanur Mahathma Gandhi Street,
7.Tiruchirappalli      corporation, Ward-64 k-sathanur easwari garden first, 8.Tiruchirappalli   Corporation, Ward-64 K-Sathanur Iswarya Nagar, 9.Tiruchirappalli      Corporation, Ward-64 K-Sathanur Kovarthan Gardon, 10.Tiruchirappalli Corporation, Ward-64 K- Sathanur Buvaneswary Nagar,",All Voters,Tamilaga Vettri Kazhagam,256,223,33,Dravida Munnetra Kazhagam,2,3,1,4,5,7,7,7,5,7,7,7,7,5.88235294117647,0
292,292,2,245,25,52,1,0,0,0,0,0,0,1,304,1,0,2,0,1,0,0,634,0,2,636,0,"Karpaga Vinayagar Hr.Sec. School, K.K.Nagar, k.Sathanur (North), South Side RCC Building   East Portion","1.Tiruchirappalli Corporation, Ward-64 K-Sathanur Mahalakshmi Nagar 1st Street,   , 2.Tiruchirappalli Corporation Ward-64 k-sathanur mahalakshmi nagar 2nd street,
3.Tiruchirappalli Corporation, Ward-64 K-Sathanoor Mahalakshmi Nagar 3rd Street,   4.Tiruchirappalli Corporation, Ward-64 K-Sathanur Mahalakshmi Nagar Cross Street,
5.Tiruchirappalli Corporation, Ward-64 K.Sathanur Sesayeenagar Varipurampoku, 6.Tiruchirappalli Corporation, Ward-64 K-Sathanur Thiruvalluvar Street, 7.Tiruchirappalli Corporation, Ward-64 k.sathanoor ganapathi nagar masuthi backside,   8.Tiruchirappalli Corporation, Ward-64 K-Sathanur Uthamar Street Thenram Nagar,   9.Tiruchirappalli Corporation, Ward-64 K-Sathanur Oruni Street Thenral Nagar,
10.Tiruchirappalli Corporation, Ward-64 K-Sathanur Ezhil Street Thenral Nagar, 11.Tiruchirappalli Corporation, Ward-64 K.Sathanur Elathi Street Thenral Nagar, 12.Tiruchirappalli Corporation, Ward-64 K-Sathanur Arul Jothi Street Thenral Nagar,   13.Tiruchirappalli Corporation, Ward-64 k.sathanoor aathibhavan street thenral nagar,   14.Tiruchirappalli Corporation, Ward-64 K-Sathanur Eraiyanar Street Thenral Nagar,",All Voters,Tamilaga Vettri Kazhagam,304,245,59,Dravida Munnetra Kazhagam,2,3,1,4,5,8,6,8,8,8,8,8,6,9.305993690851736,4
293,293,1,269,18,53,0,0,0,0,0,0,1,0,218,0,2,0,0,0,0,0,562,0,0,562,0,"Karpaga Vinayagar Hr.Sec. School, K.K.Nagar, k.Sathanur (North), South Side RCC Building   Middle Portion","1.Tiruchirappalli    Corporation, Ward-64 K-.Sathanur Ekaiyar Street Thenral Nagar,   2.Trichirappalli    corporation, Ward-64 k-
.sathanur owaiyar street thenral nagar, 3.Tiruchirappalli Corporation, Ward-64   K-Sathanur Obillar Street Thenral Nagar, 4.Tiruchirappalli Corporation, Ward-64 K.Sathanur East Kurinji Nagar Vallal, 5.Tiruchirappalli   Corporation, Ward-64 K-Sathanur Vinesh Nagar, 6.Tiruchirappalli Corporation, Ward-64
K-.Sathanur Narumana Street,, 7.Tiruchirappalli   Corporation, Ward-64 K-Sathanur Thenral Nagar Extension,
8.Tiruchirappalli Corporation, Ward-64 K.Sathanur Thirupoor Kumaran, 9.Tiruchirappalli   Corporation, Ward-64    K-Sathanur Edisan Street, 10.Tiruchirappalli Corporation, Ward-64 K-Sathanur Nivethitha Street, 11.Tiruchirappalli    Corporation, Ward-64 K-Sathanur Kasthuribai Street, 12.Tiruchirappalli Corporation, Ward-64 K-Sathanur Medam Qyuri Street,
13.Tiruchirappalli    Corporation, Ward-64 K-Sathanur Senbagaraman Street, 14.Tiruchirappalli    Corporation, Ward-
64    K-Sathanur Annai Therasa Street, 15.Tiruchirappalli Corporation, Ward-64    K-Sathanur Kamala Nehru Street,
16.Tiruchirappalli    Corporation, Ward-64 K-Sathanur Sarojini Street, 17.Tiruchirappalli    Corporation, Ward-64 K.Sathanur Keeranbedi Street, 18.Tiruchirappalli    Corporation, Ward-64 K.Sathanur Valandina Street(sesayee   nagar),
19.Tiruchirappalli corporaction, Ward-64 k.sathanur johnshi rani street (sesayee   nagar),   20.Tiruchirappalli corporaction, Ward-64 k.sathanur vevakantha street (sesayee   nagar),
21.Tiruchirappalli corporaction, Ward-64 k.sathanur bharathiyan street (sesayee nagar),",All Voters,Dravida Munnetra Kazhagam,269,218,51,Tamilaga Vettri Kazhagam,1,3,2,4,5,7,7,7,7,7,7,5,7,9.07473309608541,2
294,294,3,213,10,48,0,0,0,0,0,0,0,0,258,1,0,0,0,0,0,1,534,0,2,536,0,"St.Norbert R.C.Nursery & Primary School, Amalapuam, K.K.Nagar, East side  RCC building Middle Portion","1.Tiruchirappalli   Corporation, Ward-64 K-Sathanur Varlesh Road,,   2.Tiruchirappalli Corporation, Ward 64 K.Sathanur Kathiravan Street,   3.Tiruchirappalli Corporation, Ward 64 Ksathanur Railway Colony,   4.Tiruchirappalli    Corporation, Ward 64 K-Sathanur Thiru.Vi.Ka.Salai,, 5.Tiruchirappalli corporation, Ward 64 k-sathanur thangaiya nagar,",All Voters,Tamilaga Vettri Kazhagam,258,213,45,Dravida Munnetra Kazhagam,2,3,1,4,5,6,6,6,6,6,6,6,6,8.426966292134832,2
295,295,1,217,23,51,0,0,0,1,0,0,0,0,217,1,0,0,0,0,0,0,511,0,0,511,0,"St.Norbert R.C.Nursery & Primary School, Amalapuam, K.K.Nagar, West side RCC building.South Portion","1.Tiruchirappalli    corporation, Ward 64    k-sathanur aravindar street,   2.Thiruchirapalli    Corporation, Ward 64 K-Satahnur Rahavendara Street, 3.Tiruchirappalli Corporation, Ward 64 K-Sathanur Roja Street,   4.Tiruchirappalli    Corporation, Ward 64 K-Sathanur Roja Street,   5.Tiruchirappalli    Corporation, Ward
64    K-Sathanur Mallikai Street, 6.Tiruchirappalli Corporation, Ward 64 K-Sathanur Velavan Street, 7.Tiruchirappalli Corporation, Ward 64 K-Sathanur Periyar Street,
8.Tiruchirappalli Corporation, Ward 64 K-Sathanur Thamarai Street, 9.Tiruchirappalli Corporation, Ward 64 K-Sathanur Mullai Street, 10.Tiruchirappalli Corporation, Ward 64 K.Sathanur Pirunthavan Street, 11.Tiruchirappalli Corporation, Ward 64 K-Sathanur Sathisaye   Street, 12.Tiruchirappalli Corporation, Ward 64 K-Sathanur Nehruji Street,
13.Tiruchirappalli   Corporation, Ward 64 K-Sathanur Mahatmagandhi Street, 14.Tiruchirappalli   Corporation, Ward 64 K-Sathanur E.V.R.Salai,, 15.Tiruchirappalli Corporation, Ward 64 K-Sathanur Kurinji Nagar 2nd Street,
16.Tiruchirappalli Corporation, Ward 64 K-Sathanur Kurinji 3rd Street, 17.Tiruchirappalli Corporation, Ward 64 K-Sathanur Nagar 4th Street,",All Voters,Dravida Munnetra Kazhagam,217,217,0,Dravida Munnetra Kazhagam,1,3,1,4,5,7,7,7,5,7,7,7,7,0.0,1
296,296,0,180,18,45,1,0,1,1,0,1,1,1,222,0,1,1,2,0,0,1,476,0,1,477,0,"Velammal Bodhi Campus, Olaiyur Main Road,KK Nagar Souith Side RCC Building West Portion","1.Tiruchirappalli Corporation, Ward    64   K-Sathanur Kuriji Nagar 1st Street,, 2.Tiruchirappalli    corporation, Ward 64 k.sathanur rahavendra nagar, 3.Tiruchirappalli Corporation, Ward 64 K-Sathanur Santhiyagu Street, 4.Tiruchirappalli Corporation, Ward 64 K-Sathanur East Udaiyanpatt,
5.Tiruchirappalli Corporation, Ward 64 K-Sathanur South Udayanpatty,",All Voters,Tamilaga Vettri Kazhagam,222,180,42,Dravida Munnetra Kazhagam,2,3,1,4,11,11,5,5,5,11,5,5,5,8.823529411764707,5
297,297,0,145,7,43,1,0,0,0,0,1,2,0,219,0,0,1,0,0,0,1,420,0,1,421,0,"Iman College, Udiyanpatti, K.K.Nagar, South facing, Terraced Building","1.Tiruchirappalli Corporation, Ward 63 K-Sathanur Kavibharathi Nagar, (Door No 1 to 34)",All Voters,Tamilaga Vettri Kazhagam,219,145,74,Dravida Munnetra Kazhagam,2,3,1,4,8,8,6,8,8,8,6,5,8,17.61904761904762,2
298,298,1,236,17,47,1,0,0,0,0,0,1,1,244,0,1,2,1,0,0,0,552,0,1,553,0,"Iman College, Udiyanpatti, K.K.Nagar, East Margin West Block South Facing Class Room BBA","1.Tiruchirappalli Corporation, Ward 63 K-Sathanur Kavibharathi Nagar, (Door No 34/20 Above)",All Voters,Tamilaga Vettri Kazhagam,244,236,8,Dravida Munnetra Kazhagam,2,3,1,4,5,9,5,9,9,9,9,5,5,1.449275362318841,4
299,299,0,223,12,32,0,0,1,1,0,0,0,0,205,1,0,2,1,0,0,1,479,0,2,481,0,"Corporation ICDS Center,   Kamaraj Nagar, Ichikalamalaipatty, K K Nagar, East Facing RCC Roof Building","1.Tiruchirappalli Corporation, Ward 64 K-Sathanur Ichikamalipatty,   2.Tiruchirappalli Corporation, Ward 64 KSathanur M.G.R Colony,, 3.Tiruchirappalli Corporation, Ward 64 K-Sathanur Pari Nagar,",All Voters,Dravida Munnetra Kazhagam,223,205,18,Tamilaga Vettri Kazhagam,1,3,2,4,7,7,7,5,5,7,7,7,7,3.757828810020877,5
300,300,2,248,18,60,0,0,0,0,0,1,2,0,371,0,0,0,3,0,0,0,705,0,0,705,0,"Velammal Bodhi Campus, Olaiyur Main Road,KK Nagar Souith Side RCC Building Middle Portion","1.Tiruchirappalli   Corporation, Ward-64 K-Sathanur North Udaiyan Patti,, 2.Tiruchirappalli    Corporation, Ward 64 K-Sathanur New Silon Colony,,   3.Tiruchirappalli   Corporation, Ward 64 K-Sathanur Ganapathi Nagar,   4.Tiruchirappalli Corporation, Ward 64 K-Sathanur Anantharaj Nagar,",All Voters,Tamilaga Vettri Kazhagam,371,248,123,Dravida Munnetra Kazhagam,2,3,1,4,5,8,8,8,8,8,7,5,8,17.4468085106383,3
301,301,0,225,30,46,0,0,0,0,0,1,0,0,248,0,0,1,0,1,0,0,552,0,1,553,0,"Corporation Middle  School, K.K..Nagar, K.Sathanur, K.K.Nagar K.Sathanur (North), South Facing RCC Building","1.Tiruchirappalli    Corporation, Ward 64 K-Saththanur South Madhiazhagan Street,   2.Tiruchirappalli    Corporation, Ward 64 K.Sathanur N.S.Krishnan Street, 3.Tiruchirappalli corporation, Ward 64 k..sathanur bharathiyar street, 4.Tiruchirappalli Corporation, Ward 64 K.Sathanur Sathyavanimuthu Street,
5.Tiruchirappalli Corporation, Ward 64 K.Sathanur Natarasan Street, 6.Tiruchirappalli corporation, Ward 64 k.sathanur mannainarayanasamy   pillai street,   7.Tiruchirappalli Corporation, Ward 64 K-Sathanur Anbil Dharmalingam Street,
8.Tiruchirappalli Corporation, Ward 64 K..Sathanur Parangusam,   9.Tiruchirappalli    corporation, Ward 64 k.sathanur shanmugam street, 10.Tiruchirappalli    corporation, Ward 64 k-sathanur anbazhagan street, 11.Tiruchirappalli Corporation, Ward 64 K.Sathanur Sadhikbatsha Street,",All Voters,Tamilaga Vettri Kazhagam,248,225,23,Dravida Munnetra Kazhagam,2,3,1,4,6,6,6,6,6,6,5,6,6,4.166666666666666,2
302,302,1,287,15,44,0,0,0,0,0,0,0,0,219,0,0,0,0,0,0,0,566,0,4,570,0,"Corporation Middle  School, K.K..Nagar, K.Sathanur (North), North Side  RCC Building West Portion","1.Tiruchirappalli    Corporation, Ward 64 K-Sathanur Neduncheliyan Street,   2.Tiruchirappalli    Corporation, Ward 64 K-Sathanur Thiruvasagamani Street,   3.Tiruchirappalli Corporation, Ward 64 K-Sathanur Viswanathan Street,
4.Tiruchirappalli    Corporation, Ward 64 K-Sathanur Adhithanar Street,   5.Tiruchirappalli    corporation, Ward 64 K-sathanur usmanali nagar,, 6.Tiruchirappalli corporation, Ward 64 K-sathanur sriram nagar,   7.Tiruchirappalli    Corporation, Ward 64 K-sathanur Kamarajar Street,",All Voters,Dravida Munnetra Kazhagam,287,219,68,Tamilaga Vettri Kazhagam,1,3,2,4,5,6,6,6,6,6,6,6,6,12.01413427561837,0
303,303,2,200,40,124,0,1,0,0,0,1,2,1,446,0,4,5,1,2,0,0,829,0,2,831,0,"Corporation Middle  School, K.K..Nagar, K.Sathanur, K.K.Nagar K.Sathanur (North), South Facing RCC Building","1.Tiruchirappalli    Corporation, Ward 63 K-Sathanur,Sathanur North, 2.Tiruchirappalli   Corporation, Ward 63 K-Sathanur Kavalkaran Street, 3.Tiruchirappalli    Corporation, Ward 63 K-Sathanur Mela Street,   4.Tiruchirappalli    Corporation, Ward 63 K-Sathanur Nadu   Street,   5.Tiruchirappalli Corporation, Ward 63 K-.Sathanur North Adhithiravidar Street, 6.Tiruchirappalli Corporation, Ward 63 K-Sathanur Adhithiravidar Street,",All Voters,Tamilaga Vettri Kazhagam,446,200,246,Dravida Munnetra Kazhagam,2,3,1,4,5,7,10,10,10,10,7,5,7,29.67430639324488,12
304,304,1,172,22,96,1,0,1,8,0,1,1,2,416,0,1,1,2,0,0,0,725,0,2,727,0,"Corporation Middle  School, K.Sahtanur, K.Sathanur (South), South Facing RCC Building","1.Tiruchirappalli   Corporation, Ward 63 K-Sathanur Keela Street,   2.Tiruchirappalli    Corporation, Ward 63 K-Sathanur Vadukkappatti, 3.Tiruchirappalli    Corporation, Ward 63 K-Sathanur Manamettupati, 4.Tiruchirappalli    Corporation, Ward 63 K-Sathanur Sathanur North Street,, 5.Thruchirappalli Corporation, Ward 63 K.Sathanur Kalathuveedu,",All Voters,Tamilaga Vettri Kazhagam,416,172,244,Dravida Munnetra Kazhagam,2,3,1,4,7,12,7,7,5,12,7,7,6,33.6551724137931,4
