Serial No. Of Polling Station,Naam Tamilar Katchi,Dravida Munnetra Kazhagam,All India Anna Dravida Munnetra Kazhagam,Bahujan Samaj Party,Tamilaga Vettri Kazhagam,Puthiya Tamilagam,Tamizhaga Vaazhvurimai Katchi,Naam Indiar Party,Aanaithinthiya Jananayaka Pathukappu Kazhagam,Samata Party,Independent,Independent.1,Independent.2,Independent.3,Independent.4,Independent.5,Independent.6,Independent.7,Independent.8,Independent.9,Independent.10,Independent.11,Total of Valid Votes,No. Of Rejected Votes,NOTA,Total,No. Of Tendered Votes,Sl. No,Location and name of building in which Polling Station located,Polling Areas,Whether for All Voters or Men only or Women only,Winner_Party,Winner_Votes,Runner_Up_Votes,Margin_Of_Victory,Runner_Up_Party,Dravida Munnetra Kazhagam_Rank,All India Anna Dravida Munnetra Kazhagam_Rank,Tamilaga Vettri Kazhagam_Rank,Naam Tamilar Katchi_Rank,Bahujan Samaj Party_Rank,Puthiya Tamilagam_Rank,Tamizhaga Vaazhvurimai Katchi_Rank,Naam Indiar Party_Rank,Aanaithinthiya Jananayaka Pathukappu Kazhagam_Rank,Samata Party_Rank,Margin_Percentage,Total_Independent_Votes
1,44,256,294,6,238,16,0,0,0,0,1,3,5,3,6,1,3,3,1,0,1,0,881,0,3,884,0,1,"Govt Hr Sec School, South Building Eastern Portion Puliyarai",Ward No 2 Street 2 Railway Station Northern Side,All Voters,All India Anna Dravida Munnetra Kazhagam,294,256,38,Dravida Munnetra Kazhagam,2,1,3,4,6,5,7,7,7,7,4.313280363223609,27
2,31,131,202,2,171,12,1,0,1,1,0,0,2,1,1,0,0,1,1,0,1,1,560,0,4,564,0,2,"Govt Hr Sec School,   South Portion West Building ,North Facing, Puliyarai",Ward No 1 Street 1 Bahawathipuram Manmutti Road,All Voters,All India Anna Dravida Munnetra Kazhagam,202,171,31,Tamilaga Vettri Kazhagam,3,1,2,4,6,5,7,10,7,7,5.535714285714286,8
3,21,91,163,1,120,0,1,1,1,2,0,1,3,0,1,2,0,0,0,0,0,0,408,0,2,410,0,3,"Govt Hr Sec School,   South Portion West Building East Portion North Facing, Puliyarai",Street 2 Kollam Road,All Voters,All India Anna Dravida Munnetra Kazhagam,163,120,43,Tamilaga Vettri Kazhagam,3,1,2,4,6,10,6,6,6,5,10.53921568627451,7
4,33,164,323,0,178,3,1,0,2,1,0,1,1,0,1,2,0,1,3,0,1,1,716,0,1,717,0,4,"Govt Hr Sec School, S.S.A. Building Northern Side   Eastern Portion   Puliyarai",Ward No 9 Street 1 Chettiyar Street,All Voters,All India Anna Dravida Munnetra Kazhagam,323,178,145,Tamilaga Vettri Kazhagam,3,1,2,4,9,5,7,9,6,7,20.25139664804469,11
5,33,229,220,1,232,6,0,0,0,2,0,0,1,4,1,2,1,0,2,0,0,1,735,0,7,742,0,5,"Govt Hr Sec School   Addititional Building,   4th Standard East Side,   West Middle Portion, Puliyarai.",Ward No 3 Street 1 Thadco Nagar,All Voters,Tamilaga Vettri Kazhagam,232,229,3,Dravida Munnetra Kazhagam,2,3,1,4,7,5,8,8,8,6,0.4081632653061225,12
6,31,158,198,0,149,0,0,0,1,1,0,0,2,0,0,0,1,2,1,1,0,2,547,0,1,548,0,6,"Govt Hr Sec School, Addititional Builiding,   Hall No 12 8th A East Middle Portion, Puliyarai.",Ward No 12 Street 1 R.C Middle Street,All Voters,All India Anna Dravida Munnetra Kazhagam,198,158,40,Dravida Munnetra Kazhagam,2,1,3,4,7,7,7,7,5,5,7.312614259597806,9
7,31,193,302,1,204,5,0,0,0,2,0,0,2,1,1,0,1,2,0,0,1,0,746,0,1,747,0,7,"Govt Hr Sec School   Addititional Building,   East Side, North Portion, West Facing Puliyarai.",Ward No 6 Street 1 Madatharai Paarai Main Road,All Voters,All India Anna Dravida Munnetra Kazhagam,302,204,98,Tamilaga Vettri Kazhagam,3,1,2,4,7,5,8,8,8,6,13.13672922252011,8
8,30,219,248,2,114,7,1,0,3,1,0,0,1,1,3,0,0,0,0,0,0,0,630,0,1,631,0,8,"Govt Middle School,    West New Building,    Southern Portion, 6th Standard    Therkumedu, Puliyarai.",Ward No 6 Street 3 South Colony South Street,All Voters,All India Anna Dravida Munnetra Kazhagam,248,219,29,Dravida Munnetra Kazhagam,2,1,3,4,7,5,8,10,6,8,4.603174603174604,5
9,26,148,362,7,136,1,0,1,1,0,0,0,5,2,3,5,0,1,0,0,0,0,698,0,0,698,0,9,Govt Middle School    East Building Northern Portion Therkkumedu Puliyarai,Ward No 2 Street 2 Illathar Middle Street,All Voters,All India Anna Dravida Munnetra Kazhagam,362,148,214,Dravida Munnetra Kazhagam,2,1,3,4,5,6,9,6,6,9,30.65902578796561,16
10,18,403,21,0,78,0,2,0,0,1,0,0,0,0,1,0,0,3,1,0,0,1,529,0,0,529,0,10,Govt. Middle School.    South Buliding   Poolan Kudiyiruppu,Ward No 8 Street 1 Iraviatharmapuram Pallivasal Street,All Voters,Dravida Munnetra Kazhagam,403,78,325,Tamilaga Vettri Kazhagam,1,3,2,4,7,7,5,7,7,6,61.43667296786389,6
11,28,460,191,2,172,0,1,0,0,1,0,0,2,2,1,0,0,2,2,0,0,2,866,0,3,869,0,11,"Govt. Middle School,    West Building    Poolan Kudiyiruppu",Ward No 2 Street 2 Poolankudiyiruppu,All Voters,Dravida Munnetra Kazhagam,460,191,269,All India Anna Dravida Munnetra Kazhagam,1,2,3,4,5,8,6,8,8,6,31.06235565819862,11
12,29,352,97,1,134,0,2,0,0,1,0,0,3,1,0,0,1,1,0,0,0,1,623,0,4,627,0,12,Govt.Middle School    Northern Portion Main Building Poolankudiyiruppu,Ward No 3 Street 1 North Street,All Voters,Dravida Munnetra Kazhagam,352,134,218,Tamilaga Vettri Kazhagam,1,3,2,4,6,8,5,8,8,6,34.99197431781702,7
13,33,240,128,0,120,2,4,0,0,1,0,0,1,0,0,1,0,2,2,1,0,1,536,0,1,537,0,13,Govt.Middle School    North New Building    Poolankudiyiruppu,Ward No 15 Street 1 Poolankudiyiruppu Kathiravan Colony,All Voters,Dravida Munnetra Kazhagam,240,128,112,All India Anna Dravida Munnetra Kazhagam,1,2,3,4,8,6,5,8,8,7,20.8955223880597,8
14,51,185,237,1,169,1,1,0,0,0,0,1,0,4,2,1,0,2,1,0,1,0,657,0,1,658,0,14,"Athithanar Middle School, Western Buliding Lalakudiyiruppu",Ward No 5 Street 1 Lala Kudiyirupu North Street,All Voters,All India Anna Dravida Munnetra Kazhagam,237,185,52,Dravida Munnetra Kazhagam,2,1,3,4,5,5,5,8,8,8,7.91476407914764,12
15,48,130,332,1,176,0,0,0,0,1,0,1,7,2,0,0,0,2,2,1,0,0,703,0,1,704,0,15,"Athithanar Middle School, Eastern Building Lalakudiyiruppu",Ward No 9 Street 1 Lala Kudiyiruppu 1StreetStreet,All Voters,All India Anna Dravida Munnetra Kazhagam,332,176,156,Tamilaga Vettri Kazhagam,3,1,2,4,5,7,7,7,7,5,22.19061166429588,15
16,17,142,348,0,196,2,0,0,1,1,3,1,3,5,3,0,1,3,1,0,0,1,728,0,0,728,0,16,"Govt Primary School    Western Building,    Thavanai",Ward No 10 Street 1 North Street,All Voters,All India Anna Dravida Munnetra Kazhagam,348,196,152,Tamilaga Vettri Kazhagam,3,1,2,4,8,5,8,8,6,6,20.87912087912088,21
17,40,285,148,3,163,9,1,0,2,2,0,0,0,2,1,0,1,0,0,0,0,1,658,0,0,658,0,17,"A.G.Primary School    West building North Portion, Moondruvaikkal",Ward No 15 Street 1 South Kathiravan Colony,All Voters,Dravida Munnetra Kazhagam,285,163,122,Tamilaga Vettri Kazhagam,1,3,2,4,6,5,9,10,7,7,18.54103343465045,5
18,23,212,142,1,179,5,1,1,0,1,0,0,2,0,3,3,2,5,0,0,1,0,581,0,4,585,0,18,"A.G.Primary School    Southern Building ,    Moondruvaikkal",Ward No 13 Street 1 North Kathiravan Colony,All Voters,Dravida Munnetra Kazhagam,212,179,33,Tamilaga Vettri Kazhagam,1,3,2,4,6,5,6,6,10,6,5.679862306368331,16
19,40,199,170,2,140,21,0,0,1,0,1,1,0,2,2,0,0,3,2,0,1,0,585,0,0,585,0,19,"Anganwadi Centre,    West Facing    Moondruvaikkal",Ward No 11 Street 5 Sathiyan Medu,All Voters,Dravida Munnetra Kazhagam,199,170,29,All India Anna Dravida Munnetra Kazhagam,1,2,3,4,6,5,8,8,7,8,4.957264957264957,12
20,17,91,145,0,64,1,0,0,0,0,0,0,0,0,0,0,0,0,2,0,0,0,320,0,0,320,0,20,"A.G.Primary School, Kannupulimettu",Ward No 7 Street 1 Kannupulimettu,All Voters,All India Anna Dravida Munnetra Kazhagam,145,91,54,Dravida Munnetra Kazhagam,2,1,3,4,6,5,6,6,6,6,16.875,2
21,30,175,118,2,113,0,0,0,0,0,0,0,0,1,2,0,1,0,2,0,0,0,444,0,0,444,0,21,"Govt.Primary School West Building, Eest Facing Puthur",Ward No 7 Street 2 Keela pudhur,All Voters,Dravida Munnetra Kazhagam,175,118,57,All India Anna Dravida Munnetra Kazhagam,1,2,3,4,5,6,6,6,6,6,12.83783783783784,6
22,30,93,222,1,104,0,0,1,1,0,1,1,0,0,0,0,1,0,0,0,0,0,455,0,1,456,0,22,"Govt.Primary School, Main Building   South facing Pudur",Ward No 1 Street 1 Mela Pudhur,All Voters,All India Anna Dravida Munnetra Kazhagam,222,104,118,Tamilaga Vettri Kazhagam,3,1,2,4,5,8,8,5,5,8,25.93406593406594,3
23,37,169,337,1,141,2,0,0,0,1,1,1,3,2,6,1,2,2,4,0,1,1,712,0,1,713,0,23,Govt.Primary School    Main Building    Kesavapuram,Ward No 7 Street 1 Kesavapuram,All Voters,All India Anna Dravida Munnetra Kazhagam,337,169,168,Dravida Munnetra Kazhagam,2,1,3,4,6,5,8,8,8,6,23.59550561797753,24
24,54,241,246,1,212,0,1,1,0,2,0,0,1,1,0,1,1,0,1,0,3,0,766,0,0,766,0,24,"Govt.Primary School    Northern Building, Western Side, Kattalaikudiyiruppu.",Ward No 1 Street 1 Amman Kovil Street,All Voters,All India Anna Dravida Munnetra Kazhagam,246,241,5,Dravida Munnetra Kazhagam,2,1,3,4,6,9,6,6,9,5,0.6527415143603132,8
25,38,121,206,3,173,0,0,0,0,0,0,0,2,1,0,1,0,1,1,0,1,1,549,0,0,549,0,25,Govt.Primary School    South Portion    Kattalai Kudiyiruppu,Ward No 1 Street 1 Kollam main Road,All Voters,All India Anna Dravida Munnetra Kazhagam,206,173,33,Tamilaga Vettri Kazhagam,3,1,2,4,5,6,6,6,6,6,6.010928961748633,8
26,41,224,319,1,189,2,3,0,2,0,0,2,0,5,0,1,1,0,1,1,0,1,793,0,0,793,0,26,Govt.Middle school   South New Building North Facing Karkudi,Ward No 8 Street 1 Main Road,All Voters,All India Anna Dravida Munnetra Kazhagam,319,224,95,Dravida Munnetra Kazhagam,2,1,3,4,8,6,5,9,6,9,11.97982345523329,12
27,30,192,234,0,155,8,1,3,0,0,0,1,4,3,2,4,2,2,4,0,2,0,647,0,2,649,0,27,Govt.Middle School   Old Building. Western Portion Karkudi,Ward No 7 Street 1 Anna Colony 7th Street,All Voters,All India Anna Dravida Munnetra Kazhagam,234,192,42,Dravida Munnetra Kazhagam,2,1,3,4,8,5,7,6,8,8,6.491499227202473,24
28,12,101,206,0,164,0,0,0,0,0,0,0,4,0,0,0,1,3,1,0,1,0,493,0,3,496,0,28,"S M S S Govt Boys Hr Sec School, Near Village Administrative Office New Building S.S.A. Block,Central Portion, Sengottai.",Ward No 1 Street 1 Railway Station Road,All Voters,All India Anna Dravida Munnetra Kazhagam,206,164,42,Tamilaga Vettri Kazhagam,3,1,2,4,5,5,5,5,5,5,8.519269776876268,10
29,10,135,198,0,190,1,0,0,0,0,0,0,0,1,0,0,1,1,2,0,0,0,539,0,0,539,0,29,"S M S S Govt Boys Hr Sec School, Near VAO Building, S.S.A.Block West Portion Sengottai",Ward No 1 Street 2 Chattanathan Street,All Voters,All India Anna Dravida Munnetra Kazhagam,198,190,8,Tamilaga Vettri Kazhagam,3,1,2,4,6,5,6,6,6,6,1.484230055658627,5
30,13,407,172,0,107,0,0,0,0,0,0,0,2,2,0,0,2,1,0,0,0,0,706,0,3,709,0,30,"SRM Govt Girls Hr Sec School, West Building, North Facing Sengottai.",Ward No 5 Street 2 Pillaiyar Kovil Street,All Voters,Dravida Munnetra Kazhagam,407,172,235,All India Anna Dravida Munnetra Kazhagam,1,2,3,4,5,5,5,5,5,5,33.28611898016997,7
31,22,214,335,1,178,0,0,0,1,0,1,0,0,1,0,0,1,2,4,0,2,0,762,0,2,764,0,31,"SRM Govt Girls Hr Sec School, East Building,   Near Auditiorium West Facing, Sengottai.",Ward No 7 Street 1 Servaikaran Pudu Street,All Voters,All India Anna Dravida Munnetra Kazhagam,335,214,121,Dravida Munnetra Kazhagam,2,1,3,4,5,7,7,7,5,7,15.87926509186352,11
32,24,117,326,0,144,1,0,0,0,0,0,0,2,2,0,1,0,2,3,0,0,1,623,0,2,625,0,32,"S M S S Govt Boys Hr Sec School , Main Hall Eastern Portion   Sengottai",Ward No 18 Street 3 Insurance Hospital Street,All Voters,All India Anna Dravida Munnetra Kazhagam,326,144,182,Tamilaga Vettri Kazhagam,3,1,2,4,6,5,6,6,6,6,29.21348314606741,11
33,23,195,231,2,99,0,0,0,1,0,0,0,0,1,0,0,2,0,1,1,0,3,559,0,2,561,0,33,"S M S S Govt Boys Hr Sec School,   Central Hall Sengottai",Ward No 8 Street 1 Kaliamman Kovil Street,All Voters,All India Anna Dravida Munnetra Kazhagam,231,195,36,Dravida Munnetra Kazhagam,2,1,3,4,5,7,7,7,6,7,6.440071556350627,8
34,8,155,287,1,180,0,1,0,0,0,0,0,3,0,0,0,1,0,0,0,0,0,636,0,3,639,0,34,"S M S S Govt Boys Hr Sec School,    North New NABARD Building    Centre Portion,Sengottai",Ward No 8 Street 4 Gandhi Road,All Voters,All India Anna Dravida Munnetra Kazhagam,287,180,107,Tamilaga Vettri Kazhagam,3,1,2,4,5,7,5,7,7,7,16.82389937106918,4
35,10,310,32,1,51,0,3,0,0,0,0,0,1,1,0,0,1,1,1,0,0,0,412,0,1,413,0,35,"S M S S Govt Boys Hr Sec School, North Building West Portion,South facing MLA Fund Building Sengottai",Ward No 8 Street 5 M.M.Colony Street,All Voters,Dravida Munnetra Kazhagam,310,51,259,Tamilaga Vettri Kazhagam,1,3,2,4,6,7,5,7,7,7,62.86407766990292,5
36,7,507,9,1,42,0,3,0,0,0,0,0,0,0,1,0,0,1,0,0,0,0,571,0,0,571,0,36,"S M S S Govt Boys Hr Sec School, Additional New Building, 11C1, West Portion, West Facing,   Sengottai.",Ward No 10 Street 2 Mela pallivasal Street,All Voters,Dravida Munnetra Kazhagam,507,42,465,Tamilaga Vettri Kazhagam,1,3,2,4,6,7,5,7,7,7,81.43607705779334,2
37,7,453,32,1,86,0,0,0,1,0,0,0,0,0,0,0,1,1,0,0,0,0,582,0,2,584,0,37,"S M S S Govt Boys Hr Sec School,   South New Building East Portion,North Facing, Sengottai",Ward No 9 Street 3 Kadar Oli Tharaganar Street,All Voters,Dravida Munnetra Kazhagam,453,86,367,Tamilaga Vettri Kazhagam,1,3,2,4,5,7,7,7,5,7,63.05841924398625,2
38,20,147,259,2,180,0,1,1,0,0,0,1,0,0,0,1,0,1,3,1,1,1,619,0,4,623,0,38,Municipal Office    Meeting Hall New Building Sengottai,Ward No 5   Subramanian Street,All Voters,All India Anna Dravida Munnetra Kazhagam,259,180,79,Tamilaga Vettri Kazhagam,3,1,2,4,5,8,6,6,8,8,12.76252019386107,9
39,20,162,296,3,179,0,1,1,0,0,0,0,1,0,1,1,1,0,1,0,1,0,668,0,1,669,0,39,Municipal Office    Engineer sundara Room    West Portion Sengottai,Ward No 5   Mariappan Street,All Voters,All India Anna Dravida Munnetra Kazhagam,296,179,117,Tamilaga Vettri Kazhagam,3,1,2,4,5,8,6,6,8,8,17.51497005988024,6
40,18,119,420,0,116,0,0,0,0,0,1,0,1,2,1,0,0,0,0,0,0,0,678,0,2,680,0,40,"A G Primary School,    North Building, South Facing
,Sengottai.",Ward No 19 Sankara Pandiyan Street,All Voters,All India Anna Dravida Munnetra Kazhagam,420,119,301,Dravida Munnetra Kazhagam,2,1,3,4,5,5,5,5,5,5,44.3952802359882,5
41,13,82,339,3,144,0,1,0,0,0,0,0,1,0,1,1,0,0,0,2,0,0,587,0,3,590,0,41,"Ariyanallur Govt Primary School,    North Building Eastern Portion    Sengottai",Ward No 4 Street 1 South Car Street,All Voters,All India Anna Dravida Munnetra Kazhagam,339,144,195,Tamilaga Vettri Kazhagam,3,1,2,4,5,7,6,7,7,7,33.21976149914821,5
42,7,59,371,0,95,0,1,0,0,0,0,0,0,0,1,1,0,0,0,0,0,0,535,0,2,537,0,42,"Ariyanallur Govt Primary School,    North Building Western Portion    Sengottai",Ward No 5 Street 6 Veerakerala Varmapuram Street,All Voters,All India Anna Dravida Munnetra Kazhagam,371,95,276,Tamilaga Vettri Kazhagam,3,1,2,4,6,6,5,6,6,6,51.58878504672897,2
43,6,182,182,2,122,0,0,0,1,0,0,0,1,2,2,0,1,0,1,0,0,0,502,0,1,503,0,43,"Govt Middle School,    North West New Building, East Facing, Katcheri Compound, Sengottai",Ward No 19 K.C. Road,All Voters,Dravida Munnetra Kazhagam,182,182,0,Dravida Munnetra Kazhagam,1,1,3,4,5,7,7,7,6,7,0.0,7
44,15,187,112,1,80,2,0,0,1,1,0,0,2,0,0,0,0,1,1,0,0,0,403,0,1,404,0,44,"Govt Middle School,     East Building,   North side West Portion South Facing,    Katcheri Compound, Sengottai",Ward No 16 Samathanam Street,All Voters,Dravida Munnetra Kazhagam,187,112,75,All India Anna Dravida Munnetra Kazhagam,1,2,3,4,6,5,9,9,6,6,18.61042183622829,4
45,12,115,247,0,154,0,0,0,0,0,0,0,2,4,1,0,1,0,3,1,0,0,540,0,0,540,0,45,"Govt.High School,   Eastern Building,    Melur Sengottai",Ward No 11 Street No 1 Muthulagiamman Kovil Street,All Voters,All India Anna Dravida Munnetra Kazhagam,247,154,93,Tamilaga Vettri Kazhagam,3,1,2,4,5,5,5,5,5,5,17.22222222222222,12
46,11,80,298,0,121,0,0,0,0,0,0,0,1,3,0,0,0,0,0,0,0,0,514,0,1,515,0,46,"Govt.High School, South Primary Building North facing Melur Sengottai",Ward No 11 Street No 3 Thiruvalluvar Street,All Voters,All India Anna Dravida Munnetra Kazhagam,298,121,177,Tamilaga Vettri Kazhagam,3,1,2,4,5,5,5,5,5,5,34.43579766536965,4
47,27,201,343,1,186,0,1,0,0,0,0,0,1,0,0,1,1,0,11,0,2,1,776,0,0,776,0,47,"Govt High School,   Ground floor West Building, Melur Sengottai",Ward No 14 Street No 2 Nadar Street,All Voters,All India Anna Dravida Munnetra Kazhagam,343,201,142,Dravida Munnetra Kazhagam,2,1,3,4,5,7,5,7,7,7,18.29896907216495,17
48,40,274,300,1,183,0,0,0,0,0,0,0,1,0,0,1,2,1,2,0,0,0,805,0,4,809,0,48,"Govt High School,   East Building, Southern Portion, Melur Sengottai",Ward No 18 Street No 1 K.C. Road,All Voters,All India Anna Dravida Munnetra Kazhagam,300,274,26,Dravida Munnetra Kazhagam,2,1,3,4,5,6,6,6,6,6,3.229813664596273,7
49,31,169,220,2,90,5,0,0,1,0,0,0,2,0,0,2,4,2,2,0,2,0,532,0,1,533,0,49,"Govt High School,   East Building, Northern Portion, Melur Sengottai",Ward No 14 Street No 5 Velliappan Street,All Voters,All India Anna Dravida Munnetra Kazhagam,220,169,51,Dravida Munnetra Kazhagam,2,1,3,4,6,5,8,8,7,8,9.586466165413533,14
50,31,248,107,1,147,7,0,0,2,0,0,2,1,0,0,1,0,4,1,0,0,0,552,0,2,554,0,50,"Govt Middle School,    South West Building,    South Portion, Katcheri Compound,    Sengottai",Ward No 16 Street No 1 Amberdkar Street,All Voters,Dravida Munnetra Kazhagam,248,147,101,Tamilaga Vettri Kazhagam,1,3,2,4,7,5,8,8,6,8,18.29710144927536,9
51,22,143,110,0,206,7,2,0,0,1,0,3,2,1,3,4,1,2,0,1,1,0,509,0,1,510,0,51,"Govt Middle School, Middle Building, South Portion, West facing Katcheri Compound, Sengottai",Ward No 15 Street No 7 Raman Street K.C Road,All Voters,Tamilaga Vettri Kazhagam,206,143,63,Dravida Munnetra Kazhagam,2,3,1,4,8,5,6,8,8,7,12.37721021611002,18
52,14,94,434,2,208,0,0,0,0,1,0,0,1,2,0,0,0,0,0,0,1,0,757,0,3,760,0,52,"Govt.Middle School,   East Building,Middle Portion Katcheri Compound, Sengottai",Ward No 21 Street No 1 Kamatchi Street,All Voters,All India Anna Dravida Munnetra Kazhagam,434,208,226,Tamilaga Vettri Kazhagam,3,1,2,4,5,7,7,7,7,6,29.85468956406869,4
53,17,59,276,2,204,0,0,0,0,0,0,1,2,2,0,0,1,0,5,0,0,0,569,0,1,570,0,53,"Govt.Middle School, Anganwadi centre, East building,East Facing Katcheri Compound, Sengottai",Ward No 22 Street No 1 S.R.K. Street,All Voters,All India Anna Dravida Munnetra Kazhagam,276,204,72,Tamilaga Vettri Kazhagam,3,1,2,4,5,6,6,6,6,6,12.65377855887522,11
54,14,67,231,1,128,0,0,1,0,0,0,0,1,1,1,1,0,1,3,0,0,0,450,0,1,451,0,54,"Govt Middle School, South East Building   North Portion, West facing Katcheri Compound, Sengottai",Ward No 21 Street No 4 Kamaraj Colony,All Voters,All India Anna Dravida Munnetra Kazhagam,231,128,103,Tamilaga Vettri Kazhagam,3,1,2,4,5,7,7,5,7,7,22.88888888888889,8
55,41,85,519,5,325,0,0,0,0,0,0,0,2,1,1,0,0,2,2,0,0,0,983,0,5,988,0,55,"Govt.Middle School,   North East Building East Portion,    Katcheri Compound,    Sengottai",Ward No 11 Street No 1 Puthiyavan Street,All Voters,All India Anna Dravida Munnetra Kazhagam,519,325,194,Tamilaga Vettri Kazhagam,3,1,2,4,5,6,6,6,6,6,19.73550356052899,8
56,17,64,293,2,137,0,0,0,0,0,1,0,0,0,0,0,0,1,1,0,0,0,516,0,1,517,1,56,"Govt Middle School,    West New Building, East Facing,
Katcheri Compound, Sengottai.",Ward No 24 Street No 1 Kalyani Street,All Voters,All India Anna Dravida Munnetra Kazhagam,293,137,156,Tamilaga Vettri Kazhagam,3,1,2,4,5,6,6,6,6,6,30.23255813953488,3
57,25,111,138,2,233,0,1,0,0,0,0,1,1,0,0,3,1,1,2,0,0,1,520,0,1,521,0,57,A.G.Primary School    Northern Building   Piranoor,Ward No 3 Street No 2 Arunthathiyar Street,All Voters,Tamilaga Vettri Kazhagam,233,138,95,All India Anna Dravida Munnetra Kazhagam,3,2,1,4,5,7,6,7,7,7,18.26923076923077,10
58,36,91,293,0,344,0,0,0,0,1,1,1,4,1,1,0,0,0,2,0,2,1,778,0,3,781,0,58,"A.G.Primary School , Addititional Building, North Portion,    East Facing, Piranoor.",Ward No 4 Street No 1 Amman Kovil Street,All Voters,Tamilaga Vettri Kazhagam,344,293,51,All India Anna Dravida Munnetra Kazhagam,3,2,1,4,6,6,6,6,6,5,6.555269922879177,13
59,32,169,308,0,253,0,3,1,0,0,0,0,1,0,0,1,0,0,2,2,0,0,772,0,3,775,0,59,"A.G.Primary School,   Western Building,   Piranoor",Ward No 5 Street No 1 Tenkasi Sengottai Road,All Voters,All India Anna Dravida Munnetra Kazhagam,308,253,55,Tamilaga Vettri Kazhagam,3,1,2,4,7,7,5,6,7,7,7.124352331606218,6
60,56,149,309,1,248,0,0,0,0,0,0,1,4,0,1,3,0,0,0,1,0,0,773,0,3,776,0,60,"R.C. Primary School, East Building, Northern Portion Haris, Kandhan Arangam, Kottakulam",Ward No 5 Pottal Villai Street,All Voters,All India Anna Dravida Munnetra Kazhagam,309,248,61,Tamilaga Vettri Kazhagam,3,1,2,4,5,6,6,6,6,6,7.891332470892626,10
61,31,78,141,0,165,0,1,0,1,1,0,0,1,0,1,1,1,0,1,0,0,0,423,0,1,424,0,61,"R.C. Primary School,    South Building, Western Poriton, Kottakulam.",Ward No 6 RC Colony,All Voters,Tamilaga Vettri Kazhagam,165,141,24,All India Anna Dravida Munnetra Kazhagam,3,2,1,4,8,8,5,8,5,5,5.673758865248227,5
62,47,145,143,0,285,1,0,0,0,0,0,0,5,0,0,1,0,0,0,0,1,0,628,0,1,629,0,62,R.C.Primary School    South Building Middle Portion Kottakulam,Ward No 3 RC Street,All Voters,Tamilaga Vettri Kazhagam,285,145,140,Dravida Munnetra Kazhagam,2,3,1,4,6,5,6,6,6,6,22.29299363057325,7
63,61,296,200,2,271,4,0,0,0,2,0,0,0,0,0,1,3,1,3,0,2,0,846,0,1,847,0,63,"R.C. Primary School, ,   East Building Southern Portion, Kottakulam",Ward No 6 RC New Colony,All Voters,Dravida Munnetra Kazhagam,296,271,25,Tamilaga Vettri Kazhagam,1,3,2,4,6,5,8,8,8,6,2.955082742316785,10
64,50,109,276,1,150,1,0,0,2,0,0,0,3,2,0,0,0,0,2,0,1,0,597,0,4,601,0,64,"Annai Therasa R.CHr sec School,   North Building, Eastern Portion, Vallam",Ward No 7 Annai Street,All Voters,All India Anna Dravida Munnetra Kazhagam,276,150,126,Tamilaga Vettri Kazhagam,3,1,2,4,6,6,8,8,5,8,21.10552763819095,8
65,47,244,244,1,229,2,0,0,1,0,0,0,1,0,2,3,0,1,3,0,1,0,779,0,1,780,0,65,"Annai Therasa R.C. Hr Sec School,   North Building, Western Portion, Vallam",Ward No 9 Vallam,All Voters,Dravida Munnetra Kazhagam,244,244,0,Dravida Munnetra Kazhagam,1,1,3,4,6,5,8,8,6,8,0.0,11
66,40,97,350,4,234,0,0,0,1,0,1,3,6,2,0,1,1,0,6,0,0,0,746,0,2,748,0,66,"Annai Therasa R C Primary School,    Southern Portion, Vallam",Ward No 6 Esakkiamman Kovil Street,All Voters,All India Anna Dravida Munnetra Kazhagam,350,234,116,Tamilaga Vettri Kazhagam,3,1,2,4,5,7,7,7,6,7,15.54959785522788,20
67,22,190,167,0,148,3,0,0,0,1,0,0,1,0,1,0,0,0,2,0,0,0,535,0,0,535,0,67,"T D T A Primary School, North Side    Vallam","Vallam,Ward No 8 Indira Colony",All Voters,Dravida Munnetra Kazhagam,190,167,23,All India Anna Dravida Munnetra Kazhagam,1,2,3,4,7,5,7,7,7,6,4.299065420560748,4
68,17,165,152,0,99,0,1,0,0,0,0,0,0,0,0,1,0,0,0,0,0,0,435,0,0,435,0,68,T D T A Primary School   South Side    Vallam,"Vallam,Ward No 9 MGR Street",All Voters,Dravida Munnetra Kazhagam,165,152,13,All India Anna Dravida Munnetra Kazhagam,1,2,3,4,6,6,5,6,6,6,2.988505747126437,1
69,48,147,115,1,167,2,0,0,0,1,0,0,0,0,1,0,0,0,0,0,0,1,483,0,1,484,0,69,"Sri Ram Metric Higher.Sec. School,    South Building, Vallam","Vallam,Ward No 10 Mania Nadar Street",All Voters,Tamilaga Vettri Kazhagam,167,147,20,Dravida Munnetra Kazhagam,2,3,1,4,6,5,8,8,8,6,4.140786749482402,2
70,23,213,101,1,92,5,0,0,1,0,0,0,0,0,1,0,1,5,0,0,0,1,444,0,1,445,0,70,"Sri Ram Metric Higher.Sec. School, Middle Building East Facing, Vallam","Vallam,Ward No 12 Kalaignar Street",All Voters,Dravida Munnetra Kazhagam,213,101,112,All India Anna Dravida Munnetra Kazhagam,1,2,3,4,6,5,8,8,6,8,25.22522522522522,8
71,52,232,240,1,161,0,1,1,0,1,0,0,6,1,1,1,3,4,0,0,0,0,705,0,4,709,0,71,Sri Ram Metric Higher.Sec. School    North Building   Vallam,"Vallam,Ward No 10 Palavesakaran Kovil Street",All Voters,All India Anna Dravida Munnetra Kazhagam,240,232,8,Dravida Munnetra Kazhagam,2,1,3,4,5,9,5,5,9,5,1.134751773049645,16
72,21,416,100,0,81,0,0,0,1,0,0,0,1,2,2,1,0,0,0,0,0,0,625,0,1,626,0,72,Pachayat Union Library Centre Western Portion    Vallam,Ward No 6 Mela Pallivasal Street,All Voters,Dravida Munnetra Kazhagam,416,100,316,All India Anna Dravida Munnetra Kazhagam,1,2,3,4,6,6,6,6,5,6,50.56,6
73,11,367,26,0,66,0,0,0,0,0,0,0,0,0,0,0,0,2,1,0,1,0,474,0,2,476,0,73,"Annai Therasa R.C. Hr Sec School, North Building, Western New Building, East Facing, Vallam",Ward No 6 Mela Pallivasal Street,All Voters,Dravida Munnetra Kazhagam,367,66,301,Tamilaga Vettri Kazhagam,1,3,2,4,5,5,5,5,5,5,63.50210970464135,4
74,3,368,35,0,31,0,1,1,0,0,0,0,0,0,1,0,0,1,1,0,1,0,443,0,0,443,0,74,"Annai Therasa R.C. Hr Sec School, South Portion, Western New Building,    East Facing, Vallam","Ward No 5 Bismi Nagar,",All Voters,Dravida Munnetra Kazhagam,368,35,333,All India Anna Dravida Munnetra Kazhagam,1,2,3,4,7,7,5,5,7,7,75.16930022573364,4
75,33,108,251,2,108,0,0,0,0,0,0,0,0,2,0,0,0,0,3,0,1,0,508,0,2,510,0,75,"Pachayat Union Library Centre, Eastern Portion    Vallam",Ward No 9 Street No 1 Aathithanar Colony,All Voters,All India Anna Dravida Munnetra Kazhagam,251,108,143,Tamilaga Vettri Kazhagam,2,1,2,4,5,6,6,6,6,6,28.1496062992126,6
76,19,114,303,1,138,1,0,1,1,0,0,0,0,0,0,0,0,0,0,1,0,1,580,0,0,580,0,76,"Pachayat Union Anganwadi Centre,   New Building, South Side, West Facing,   Vallam",Ward No 1 Street No 1 MGR Street,All Voters,All India Anna Dravida Munnetra Kazhagam,303,138,165,Tamilaga Vettri Kazhagam,3,1,2,4,5,5,9,5,5,9,28.44827586206897,2
77,9,94,183,2,77,1,1,0,0,0,0,0,1,2,1,0,1,0,0,1,0,0,373,0,1,374,0,77,"Govt Middle School,   Main Hall, North Side,   Elathur",Ward No 3 Street No 1 Melagramam,All Voters,All India Anna Dravida Munnetra Kazhagam,183,94,89,Dravida Munnetra Kazhagam,2,1,3,4,5,6,6,8,8,8,23.86058981233244,6
78,21,236,150,1,149,9,2,1,0,2,1,0,4,1,0,1,0,5,0,0,0,0,583,0,5,588,0,78,"Govt Middle School    Main Hall, South Side    Elathur.",Ward No 2 Street No 1 East Street,All Voters,Dravida Munnetra Kazhagam,236,150,86,All India Anna Dravida Munnetra Kazhagam,1,2,3,4,8,5,6,8,10,6,14.75128644939966,12
79,21,165,303,2,144,1,2,0,0,0,0,0,2,1,1,2,0,3,3,1,1,0,652,0,0,652,0,79,"Lakshmi Harihara High School, Western Building, Northern Portion    Elathur.",Ward No 4 Sankara Street,All Voters,All India Anna Dravida Munnetra Kazhagam,303,165,138,Dravida Munnetra Kazhagam,2,1,3,4,5,7,5,8,8,8,21.16564417177914,14
80,26,72,86,0,66,3,0,0,1,0,1,0,1,1,0,0,0,1,1,0,0,0,259,0,0,259,0,80,"Lakshmi Harihara High School, Main Building, East Middle Portion,   Elathur.",Ward No 3 Street No 6,All Voters,All India Anna Dravida Munnetra Kazhagam,86,72,14,Dravida Munnetra Kazhagam,2,1,3,4,7,5,7,7,6,7,5.405405405405405,5
81,42,253,277,2,216,1,1,0,0,0,0,0,2,2,1,2,0,0,2,0,1,0,802,0,0,802,0,81,"Lakshmi Harihara High School, Main South Building, Western Portion,    Elathur",Ward No 4 Sundankkattu Street,All Voters,All India Anna Dravida Munnetra Kazhagam,277,253,24,Dravida Munnetra Kazhagam,2,1,3,4,5,6,6,8,8,8,2.992518703241895,10
82,28,283,133,0,172,1,0,0,1,0,0,0,0,0,1,1,1,1,0,1,1,0,624,0,1,625,0,82,"Lakshmi Haraihara High  School,    Main Building, Eastern Portion,    Elathur.",Ward No 9 Gandhi colony 5,All Voters,Dravida Munnetra Kazhagam,283,172,111,Tamilaga Vettri Kazhagam,1,3,2,4,7,5,7,7,5,7,17.78846153846154,6
83,13,76,184,2,145,0,0,1,0,0,0,1,0,1,0,0,0,0,0,0,0,0,423,0,1,424,0,83,"Lakshmi Haraihara High School,    Main Building, Western Portion    Elathur.",Ward No 6 Street No 1 East Street,All Voters,All India Anna Dravida Munnetra Kazhagam,184,145,39,Tamilaga Vettri Kazhagam,3,1,2,4,5,7,7,6,7,7,9.219858156028367,2
84,23,164,268,1,142,0,0,0,0,1,0,0,0,1,2,0,1,1,1,0,0,0,605,0,1,606,0,84,Govt Primary School    Western Wing    Seevanallur.,Ward No 6 Street No 1 Chekkadi Street,All Voters,All India Anna Dravida Munnetra Kazhagam,268,164,104,Dravida Munnetra Kazhagam,2,1,3,4,5,7,7,7,7,5,17.1900826446281,6
85,30,126,333,1,153,1,0,0,0,0,0,0,2,0,0,1,0,2,0,0,0,0,649,0,1,650,0,85,Govt Primary School    Eastern Wing    Seevanallur.,Ward No 8 Street No 2 West Street,All Voters,All India Anna Dravida Munnetra Kazhagam,333,153,180,Tamilaga Vettri Kazhagam,3,1,2,4,5,5,7,7,7,7,27.73497688751926,5
86,14,110,111,0,131,7,0,0,0,2,0,0,0,2,0,0,0,1,1,1,1,0,381,0,1,382,0,86,"Govt Hr.Sec School,    New Building, Western Portion, Seevanallur",Ward No 2 Street No 2 Sevanallur North Street,All Voters,Tamilaga Vettri Kazhagam,131,111,20,All India Anna Dravida Munnetra Kazhagam,3,2,1,4,7,5,7,7,7,6,5.249343832020998,6
87,20,194,55,0,57,1,1,0,1,0,0,0,0,0,3,1,1,0,0,0,0,0,334,0,0,334,0,87,"Govt.Primary School,   Main Building East Facing Thiruvetriyur",Ward No 1 Street No 1 Thiruvetriyur,All Voters,Dravida Munnetra Kazhagam,194,57,137,Tamilaga Vettri Kazhagam,1,3,2,4,8,5,5,8,5,8,41.01796407185629,5
88,26,103,157,0,73,1,0,0,0,0,0,0,1,2,2,1,1,1,2,0,1,0,371,0,1,372,0,88,"Govt Hr.Sec School,    New Building, MiddlePortion, Seevanallur",Ward No 8 Street No 2 Sevanallur West Street,All Voters,All India Anna Dravida Munnetra Kazhagam,157,103,54,Dravida Munnetra Kazhagam,2,1,3,4,6,5,6,6,6,6,14.55525606469003,11
89,11,96,283,0,91,1,0,0,1,1,0,0,0,1,0,0,0,2,2,0,0,0,489,0,2,491,0,89,"Sri Sivasaila Natha Middle School,   North Building Neduvayal.",Ward No 2 Street No 1 Moorthi Ninayagar Kovil Street,All Voters,All India Anna Dravida Munnetra Kazhagam,283,96,187,Dravida Munnetra Kazhagam,2,1,3,4,8,5,8,8,5,5,38.24130879345603,5
90,83,302,255,0,239,17,4,0,2,0,1,1,5,0,0,3,1,1,2,1,0,1,918,0,2,920,0,90,"Govt Hr Sec School,   North Buidling, Eastern Portion, Neduvayal",Ward No 2 Manakkattu Street,All Voters,Dravida Munnetra Kazhagam,302,255,47,All India Anna Dravida Munnetra Kazhagam,1,2,3,4,8,5,6,8,7,8,5.119825708061002,16
91,14,161,205,0,107,0,2,0,0,1,0,0,1,1,2,0,0,0,0,0,0,0,494,0,1,495,0,91,"Govt Hr Sec School,    West Building, South Facing Hall No:21 Neduvayal",Ward No 4 Street No 1 Muslim Street,All Voters,All India Anna Dravida Munnetra Kazhagam,205,161,44,Dravida Munnetra Kazhagam,2,1,3,4,7,7,5,7,7,6,8.906882591093117,4
92,34,206,241,3,131,12,0,0,0,1,0,1,2,0,0,0,0,1,3,1,0,0,636,0,1,637,0,92,"Govt Hr Sec School    North Building North Portion, Neduvayal.",Ward No 9 Street No 1 Selva vinayagar kovil Street,All Voters,All India Anna Dravida Munnetra Kazhagam,241,206,35,Dravida Munnetra Kazhagam,2,1,3,4,6,5,8,8,8,7,5.50314465408805,8
93,14,260,388,1,161,0,1,0,0,0,1,0,6,5,3,0,2,4,3,1,0,1,851,0,2,853,0,93,"Anganwadi Centre,    New Biilding West Side Vavanagaram,    Vadakarai Kilpidagai",Ward No 7 Street No 3 Unmai vinayagar kovil Street,All Voters,All India Anna Dravida Munnetra Kazhagam,388,260,128,Dravida Munnetra Kazhagam,2,1,3,4,5,7,5,7,7,7,15.04112808460635,26
94,37,480,192,0,184,0,2,0,0,0,0,0,1,1,2,3,1,1,1,0,0,0,905,0,1,906,0,94,"Thajeel Islam Primary School, Vavanagaram,    Vadakarai Kilpidagai",Ward No 8 Street 4 Gothupu Pallivasal Street,All Voters,Dravida Munnetra Kazhagam,480,192,288,All India Anna Dravida Munnetra Kazhagam,1,2,3,4,6,6,5,6,6,6,31.8232044198895,10
95,27,232,148,2,130,45,3,0,2,2,1,0,4,3,3,2,2,2,0,1,0,0,609,0,2,611,0,95,"Hindu Primary School, Vavanagaram,   Vadakarai Kilpidagai.",Ward No 10 Street No 1 West Street Harijana Colony Street,All Voters,Dravida Munnetra Kazhagam,232,148,84,All India Anna Dravida Munnetra Kazhagam,1,2,3,5,7,4,6,10,7,7,13.79310344827586,18
96,16,127,157,0,80,3,1,0,0,0,0,1,4,2,0,1,0,1,1,1,0,0,395,0,0,395,0,96,"Hindu Primary School,South Building, North Facing Vavanagaram,   Vadakarai Kilpidagai.",Ward No 10 Street 12 Uthaya selvanpatti East Street,All Voters,All India Anna Dravida Munnetra Kazhagam,157,127,30,Dravida Munnetra Kazhagam,2,1,3,4,7,5,6,7,7,7,7.59493670886076,11
97,19,152,363,3,155,3,0,0,1,1,0,1,1,2,2,1,2,3,6,0,2,1,718,0,1,719,0,97,"T D T A Primary School, Southern Building,   Vadakarai Kilpidagai.",Ward No 12 Street 8 Thaikka Street,All Voters,All India Anna Dravida Munnetra Kazhagam,363,155,208,Tamilaga Vettri Kazhagam,3,1,2,4,5,5,9,9,7,7,28.96935933147632,21
98,14,359,189,4,138,0,4,0,1,2,0,0,6,1,1,0,0,1,0,0,0,0,720,0,2,722,0,98,"T D T A Primary School Northern Building,   Vadakarai Kilpidakai",Ward No 14 Street 5 Kanakaruthan Street,All Voters,Dravida Munnetra Kazhagam,359,189,170,All India Anna Dravida Munnetra Kazhagam,1,2,3,4,5,9,5,9,8,7,23.61111111111111,9
99,30,190,455,3,170,0,0,0,2,1,0,2,7,5,2,4,2,1,4,0,0,0,878,0,2,880,0,99,"Panchayat Union Primary School,    Northern Building, VadakaraiKilpidagai",Ward No 17 Street 4 Asari Keezha Street,All Voters,All India Anna Dravida Munnetra Kazhagam,455,190,265,Dravida Munnetra Kazhagam,2,1,3,4,5,8,8,8,6,7,30.18223234624146,27
100,17,666,68,2,108,2,8,1,0,0,1,0,0,1,1,0,1,5,1,0,0,1,883,0,2,885,0,100,"Panchayat Union Primary School,    Eastern Side, Vadakarai Kilpidakai",Ward No 11 Street No 1 N.K. Street,All Voters,Dravida Munnetra Kazhagam,666,108,558,Tamilaga Vettri Kazhagam,1,3,2,4,6,6,5,8,9,9,63.19365798414496,11
101,16,611,45,0,90,0,13,0,0,0,0,0,0,3,1,0,3,1,2,0,0,0,785,0,0,785,0,101,"Muslim Primary School,    West New Building,North Portion, East Facing    Vadakarai kilpidagai",Ward No 12 Street No 1 Pallivasal Street,All Voters,Dravida Munnetra Kazhagam,611,90,521,Tamilaga Vettri Kazhagam,1,3,2,4,6,6,5,6,6,6,66.36942675159236,10
102,22,592,41,0,74,2,3,1,0,0,0,0,0,0,1,1,0,1,1,0,0,0,739,0,1,740,0,102,"Muslim Primary School,    West New Building South Portion, East Facing Vadakarai Kilpadigai",Madharasa Street,All Voters,Dravida Munnetra Kazhagam,592,74,518,Tamilaga Vettri Kazhagam,1,3,2,4,8,6,5,7,8,8,70.09472259810555,4
103,13,634,31,1,106,0,4,0,0,0,1,0,0,1,1,0,1,1,0,0,0,0,794,0,0,794,0,103,"Muslim High School,   Eastern Building, Northern Portion Vadakaraikilpidagai.",Ward No 12 Street No 2 Kaval Street,All Voters,Dravida Munnetra Kazhagam,634,106,528,Tamilaga Vettri Kazhagam,1,3,2,4,6,7,5,7,7,7,66.49874055415617,5
104,17,597,29,2,93,0,7,0,0,2,0,0,0,1,0,1,0,2,0,0,0,0,751,0,1,752,0,104,"Muslim High School,    Main Building (East)    Vadakarai kilpadigai.",Ward No 17 Jakeer Usain Nagar 1st Street,All Voters,Dravida Munnetra Kazhagam,597,93,504,Tamilaga Vettri Kazhagam,1,3,2,4,6,8,5,8,8,6,67.11051930758988,4
105,9,445,26,0,45,0,4,0,0,2,1,0,0,0,1,1,0,0,2,0,0,0,536,0,2,538,0,105,"Usainiya Muslim High School, Main Buliding, Southern Portion, Vadakaraikilpidagai",Ward No 15 U.M. chandu,All Voters,Dravida Munnetra Kazhagam,445,45,400,Tamilaga Vettri Kazhagam,1,3,2,4,7,7,5,7,7,6,74.6268656716418,5
106,12,533,45,0,95,0,6,0,1,0,0,0,0,0,0,1,0,9,1,0,0,0,703,0,4,707,0,106,"Usainiya Muslim Primary School,    Eastern Portion, West Side Vadakaraikilpidagai",Ward No 1 T.P Street.,All Voters,Dravida Munnetra Kazhagam,533,95,438,Tamilaga Vettri Kazhagam,1,3,2,4,7,7,5,7,6,7,62.30440967283073,11
107,5,267,11,1,65,0,1,0,0,1,0,0,0,0,0,2,0,1,0,0,0,0,354,0,0,354,0,107,"Usainiya Muslim High School, Northern Portion, Vadakaraikilpidagai",Ward No 1 Street No 1 Kanakaruthan Lane,All Voters,Dravida Munnetra Kazhagam,267,65,202,Tamilaga Vettri Kazhagam,1,3,2,4,5,8,5,8,8,5,57.06214689265536,3
108,22,592,21,4,141,0,2,0,0,4,0,1,1,1,5,0,1,4,3,0,0,0,802,0,0,802,0,108,"Usainiya Muslim High School,North Building West Side South facing   Vadakarai kilpidagai",Ward No 12 Street No 1 Ragumaniyapuram,All Voters,Dravida Munnetra Kazhagam,592,141,451,Tamilaga Vettri Kazhagam,1,4,2,3,5,8,7,8,8,5,56.23441396508728,16
109,12,360,27,0,94,1,4,0,0,1,0,0,0,0,2,2,0,1,1,0,0,0,505,0,0,505,0,109,"Usainiya Muslim Primary School,    New Building, North Side ,   Vadakaraikilpidagai",Ward No 5 Street No 1 Koppuli Lane,All Voters,Dravida Munnetra Kazhagam,360,94,266,Tamilaga Vettri Kazhagam,1,3,2,4,8,6,5,8,8,6,52.67326732673268,6
110,16,205,149,0,135,59,1,0,1,0,0,0,2,0,4,0,1,2,3,0,0,0,578,0,3,581,0,110,"Govt Hr Sec School,    SSA Building,South portion Vadakarai Keelpidagai",Ward No 17 Street No 1 Asary East Street,All Voters,Dravida Munnetra Kazhagam,205,149,56,All India Anna Dravida Munnetra Kazhagam,1,2,3,5,8,4,6,8,6,8,9.688581314878892,12
111,33,239,240,1,149,15,1,1,0,0,0,2,1,0,1,1,2,3,3,0,0,0,692,0,1,693,0,111,"Govt Hr Sec School,   North New Building, East Portion Vadakarai Keelpidagai",Ward No 16 Anna nagar 3rd Street,All Voters,All India Anna Dravida Munnetra Kazhagam,240,239,1,Dravida Munnetra Kazhagam,2,1,3,4,6,5,6,6,9,9,0.1445086705202312,13
112,21,205,117,1,100,18,1,0,0,0,0,0,2,1,2,0,1,4,0,0,0,1,474,0,1,475,0,112,"Govt Hr Sec School,    North New Building East Portion south facing   Vadakarai Keelpidagai",Ward No 6 Street No 1 Main Road,All Voters,Dravida Munnetra Kazhagam,205,117,88,All India Anna Dravida Munnetra Kazhagam,1,2,3,4,6,5,6,8,8,8,18.56540084388186,11
113,40,283,178,1,117,1,1,0,3,2,0,0,2,0,1,2,0,7,1,0,1,1,641,0,1,642,0,113,"Govt. Middle School,    Old Building, Mekkarai.",Ward No 9 Mekkarai,All Voters,Dravida Munnetra Kazhagam,283,178,105,All India Anna Dravida Munnetra Kazhagam,1,2,3,4,7,7,7,10,5,6,16.38065522620905,15
114,51,262,115,3,172,5,0,0,1,1,0,3,2,2,3,1,1,4,3,0,1,0,630,0,0,630,0,114,"Govt. Middle School,    Southern Building,   Mekkarai.",Ward No 10 Mekkarai,All Voters,Dravida Munnetra Kazhagam,262,172,90,Tamilaga Vettri Kazhagam,1,3,2,4,6,5,9,9,7,7,14.28571428571428,20
115,33,192,365,2,200,0,0,1,0,0,0,0,6,3,1,2,1,2,5,0,0,1,814,0,2,816,0,115,"R.K.V.Middle School,   Main Building,Middle Portion Panpoli.",Ward No 3 East Street Car Street,All Voters,All India Anna Dravida Munnetra Kazhagam,365,200,165,Tamilaga Vettri Kazhagam,3,1,2,4,5,7,7,6,7,7,20.27027027027027,21
116,8,160,192,1,69,0,2,0,0,0,1,1,1,0,0,1,3,0,1,0,0,0,440,0,2,442,0,116,"R.K.V.Middle School,    Main Building, Southern Portion Panpoli.",Ward No 5 Manager Pillai Street,All Voters,All India Anna Dravida Munnetra Kazhagam,192,160,32,Dravida Munnetra Kazhagam,2,1,3,4,6,7,5,7,7,7,7.272727272727272,8
117,18,282,203,2,79,0,2,0,0,0,0,0,4,1,0,0,0,0,1,0,1,0,593,0,2,595,0,117,"Panchayat Union Primary School,    New Building, Eastern Portion North facing   Panpozhi.",Ward No 5 Periya Pallivasal Street,All Voters,Dravida Munnetra Kazhagam,282,203,79,All India Anna Dravida Munnetra Kazhagam,1,2,3,4,5,7,5,7,7,7,13.3220910623946,7
118,34,217,246,0,119,1,0,0,0,1,1,0,3,3,0,1,1,1,2,1,0,0,631,0,0,631,0,118,"Panchayat Union Primary School,    Old Building, Southern Portion    Panpozhi.",Ward No 8 Thirumalapuram (manallur),All Voters,All India Anna Dravida Munnetra Kazhagam,246,217,29,Dravida Munnetra Kazhagam,2,1,3,4,7,5,7,7,7,5,4.595879556259905,13
119,27,361,164,1,131,0,1,0,0,1,0,0,0,0,1,2,0,2,0,1,0,0,692,0,0,692,0,119,"Panchayat Union Primary School,    Old Building, Northern Portion    Panpozhi",Ward No 6 Thirumalapuram East Street,All Voters,Dravida Munnetra Kazhagam,361,164,197,All India Anna Dravida Munnetra Kazhagam,1,2,3,4,5,8,5,8,8,5,28.46820809248555,6
120,26,253,122,4,95,5,0,0,4,0,0,1,1,2,0,4,0,1,0,2,0,0,520,0,2,522,0,120,"Panchayat Union Primary School,   Old East Building, Northern Portion   Panpozhi",Ward No 7 Thirumalapuram Nagamman Kovil Street,All Voters,Dravida Munnetra Kazhagam,253,122,131,All India Anna Dravida Munnetra Kazhagam,1,2,3,4,6,5,8,8,6,8,25.19230769230769,11
121,22,79,92,1,99,0,1,0,1,1,1,0,4,2,1,1,0,0,2,0,0,0,307,0,0,307,0,121,"Revenue Inspector office,   South Facing   vandadum pottal Panpoli",Ward No 1 Street No 3 Thirumalai Kovil Adivaram- 1,All Voters,Tamilaga Vettri Kazhagam,99,92,7,All India Anna Dravida Munnetra Kazhagam,3,2,1,4,5,9,5,9,5,5,2.280130293159609,11
122,23,256,371,4,159,0,1,0,1,0,0,0,1,1,1,1,0,2,4,0,0,0,825,0,1,826,0,122,"I.M.Govt. Hr.Sec. School, Additional New Building Western Middle Portion, Panpoli.",Ward No 7 Street No 1 Kovalan Kinathu North Street,All Voters,All India Anna Dravida Munnetra Kazhagam,371,256,115,Dravida Munnetra Kazhagam,2,1,3,4,5,8,6,8,6,8,13.93939393939394,10
123,12,417,63,0,76,0,0,0,0,0,0,0,1,0,1,0,0,1,0,0,0,1,572,0,0,572,0,123,"I.M.Govt. Hr.Sec. School Addititional Main Building   9C Section Hall Eastern Middle Portion,    Panpoli.",Ward No 12 Street No 1 Mananoor Salai South part,All Voters,Dravida Munnetra Kazhagam,417,76,341,Tamilaga Vettri Kazhagam,1,3,2,4,5,5,5,5,5,5,59.61538461538461,4
124,25,453,186,1,154,1,1,1,1,1,1,4,2,2,2,0,0,1,0,0,0,1,837,0,1,838,0,124,"I.M.Govt. Hr. Sec. School,   Main North Building,    Western Side,Panpoli.",Ward No 7 Street No 1 Thittu Street,All Voters,Dravida Munnetra Kazhagam,453,186,267,All India Anna Dravida Munnetra Kazhagam,1,2,3,4,5,5,5,5,5,5,31.89964157706093,13
125,0,98,93,1,65,0,0,0,0,3,0,0,1,2,1,0,0,0,2,0,0,0,266,0,1,267,0,125,"I.M.Govt. Hr. Sec. School   Main Building, Western Side, Panpoli.",Ward No 2 Street 2 Sathiyavani Muthu Nagar,All Voters,Dravida Munnetra Kazhagam,98,93,5,All India Anna Dravida Munnetra Kazhagam,1,2,3,6,5,6,6,6,6,4,1.879699248120301,6
126,15,44,243,1,22,0,0,0,1,0,0,1,0,4,0,0,0,0,1,0,0,0,332,0,1,333,0,126,Panchayat Union Primary School   East Building North Facing   Kandhasamypuram,Ward No 2 Street No 1 Kandhasamy puram,All Voters,All India Anna Dravida Munnetra Kazhagam,243,44,199,Dravida Munnetra Kazhagam,2,1,3,4,5,7,7,7,5,7,59.93975903614458,6
127,14,187,308,2,81,0,0,0,3,0,1,0,2,2,1,1,0,1,4,0,0,1,608,0,1,609,0,127,"Panchayat Union Middle School West new Building East Side North facing Karisalkudiyiruppu,   Panpoli",Ward No 1 North Street,All Voters,All India Anna Dravida Munnetra Kazhagam,308,187,121,Dravida Munnetra Kazhagam,2,1,3,4,6,7,7,7,5,7,19.90131578947368,13
128,9,94,226,1,38,0,0,0,3,0,0,0,0,1,0,1,2,1,1,0,1,0,378,0,0,378,0,128,"Panchayat Union Middle School, West New Building West Side North facing Karisalkudiyiruppu,   Panpoli",Ward No 2 Bajanai Mada Street,All Voters,All India Anna Dravida Munnetra Kazhagam,226,94,132,Dravida Munnetra Kazhagam,2,1,3,4,6,7,7,7,5,7,34.92063492063492,7
129,53,138,221,1,101,49,0,0,4,0,0,1,2,1,0,0,0,0,2,0,0,0,573,0,1,574,0,129,Panchayat library Buliding South Facing   Thenpothai.,Ward No 9 Street 1 Ulagamman Kovil North Street,All Voters,All India Anna Dravida Munnetra Kazhagam,221,138,83,Dravida Munnetra Kazhagam,2,1,3,4,7,5,8,8,6,8,14.48516579406632,6
130,29,135,354,0,159,2,1,0,3,1,0,0,3,2,1,1,0,0,0,0,2,0,693,0,2,695,0,130,"Indhu primary school,   North building North portion,   West facing,    Thenpothai",Ward No 2 Oorchavadi West Street,All Voters,All India Anna Dravida Munnetra Kazhagam,354,159,195,Tamilaga Vettri Kazhagam,3,1,2,4,9,6,7,9,5,7,28.13852813852814,9
131,27,227,87,1,81,8,1,0,0,0,0,0,0,0,1,0,0,1,1,0,0,2,437,0,0,437,0,131,"Panchayat Union Primary School,   Meenakshipuram, Thenpothai.","Meenakshipuram,Ward No 4 Meemakshipuram Colony",All Voters,Dravida Munnetra Kazhagam,227,87,140,All India Anna Dravida Munnetra Kazhagam,1,2,3,4,6,5,6,8,8,8,32.03661327231121,5
132,43,271,216,3,157,8,3,2,1,0,1,0,1,0,0,0,0,2,1,0,1,1,711,0,1,712,0,132,"Panchayat Union Primary School,    IV and Vth Std Class Room    West Facing, Meenakshipuram   Thenpothai.","Meenakshipuram,Ward No4 Meenakshipuram School Street",All Voters,Dravida Munnetra Kazhagam,271,216,55,All India Anna Dravida Munnetra Kazhagam,1,2,3,4,6,5,6,8,9,10,7.735583684950774,7
133,83,146,150,2,122,0,0,0,0,0,0,0,0,3,1,2,1,3,3,0,1,0,517,0,2,519,0,133,"Panchayat Union Primary School,   Western Portion, Southern Building, Kanakkapillai Valasai",Ward No 1 East Street,All Voters,All India Anna Dravida Munnetra Kazhagam,150,146,4,Dravida Munnetra Kazhagam,2,1,3,4,5,6,6,6,6,6,0.7736943907156674,14
134,51,123,219,2,103,1,0,0,0,0,0,0,1,2,0,0,1,7,8,0,2,3,523,0,0,523,0,134,"Panchayat Union Primary School, East New Building South Portion North Facing Kanakkapillai Valasai",Ward No 1 Kulathuran Kovil Street,All Voters,All India Anna Dravida Munnetra Kazhagam,219,123,96,Dravida Munnetra Kazhagam,2,1,3,4,5,6,7,7,7,7,18.35564053537285,24
135,67,238,326,0,178,35,3,1,0,1,0,0,5,1,0,0,0,2,2,1,3,1,864,0,2,866,0,135,"Panchayat Union Primary school,    Western Portion, Kanakkapillai Valasai",Ward No 2 Bound Middle Street,All Voters,All India Anna Dravida Munnetra Kazhagam,326,238,88,Dravida Munnetra Kazhagam,2,1,3,4,9,5,6,7,9,7,10.18518518518519,15
136,25,205,214,0,180,9,2,0,0,0,0,0,0,1,3,0,0,1,0,0,0,0,640,0,1,641,0,136,"M.M.Middle School,    Northern Wing    Viswanathpuram.",Ward No 9 Street No 1 Amman Kovil Street,All Voters,All India Anna Dravida Munnetra Kazhagam,214,205,9,Dravida Munnetra Kazhagam,2,1,3,4,7,5,6,7,7,7,1.40625,5
137,32,276,161,0,159,3,2,0,0,0,1,0,0,0,1,0,0,1,0,0,0,0,636,0,2,638,0,137,"M.M.Middle School,    West Side Viswanathapuram.",Ward No 2 Asari Compound,All Voters,Dravida Munnetra Kazhagam,276,161,115,All India Anna Dravida Munnetra Kazhagam,1,2,3,4,7,5,6,7,7,7,18.08176100628931,3
138,24,185,169,2,111,0,1,0,2,0,0,1,0,0,0,0,0,1,2,0,0,0,498,0,0,498,0,138,"M.M.Middle School,    Southern Building, North Part Viswanathpuram",Ward No 3 Street No 1 Puthumanai Street,All Voters,Dravida Munnetra Kazhagam,185,169,16,All India Anna Dravida Munnetra Kazhagam,1,2,3,4,5,8,7,8,5,8,3.212851405622489,4
139,45,269,345,2,232,2,1,0,2,1,0,0,2,0,1,1,0,0,1,0,1,0,905,0,5,910,0,139,"M.M.Middle School,    Southern Building, South Part Viswanathpuram",Ward No 4 Street No 1 E.K. Devar Street,All Voters,All India Anna Dravida Munnetra Kazhagam,345,269,76,Dravida Munnetra Kazhagam,2,1,3,4,5,5,8,10,5,8,8.397790055248619,6
140,59,176,320,1,174,2,0,0,2,0,1,0,1,1,0,0,1,2,1,0,0,0,741,0,3,744,0,140,"M.S.V.Primary School, Periapillai Valasai.",Ward No 5 Street No 1 New Colony,All Voters,All India Anna Dravida Munnetra Kazhagam,320,176,144,Dravida Munnetra Kazhagam,2,1,3,4,7,5,8,8,5,8,19.4331983805668,7
141,30,187,165,1,97,0,0,0,0,1,0,1,1,0,0,2,0,0,2,0,0,0,487,0,0,487,0,141,Govt Village library West facing Periyapillaivalasai,Ward No 5 Street No 6 Pillaiyar Kovil Street,All Voters,Dravida Munnetra Kazhagam,187,165,22,All India Anna Dravida Munnetra Kazhagam,1,2,3,4,5,7,7,7,7,5,4.517453798767967,6
142,35,160,192,0,141,0,0,0,0,0,0,0,1,1,0,0,0,2,4,0,3,1,540,0,1,541,0,142,"Harijan Primary School, Eastern wing    Kalangathakandi.",Ward No 6 Street No 1 North Street Kalangathakandi,All Voters,All India Anna Dravida Munnetra Kazhagam,192,160,32,Dravida Munnetra Kazhagam,2,1,3,4,5,5,5,5,5,5,5.925925925925926,12
143,11,267,320,1,83,0,2,0,0,0,0,0,1,2,0,0,2,0,0,0,3,0,692,0,1,693,0,143,"Indian Nursery and Primary Schoool, south Facing, Achanputhur",Ward No 2 Street 3,All Voters,All India Anna Dravida Munnetra Kazhagam,320,267,53,Dravida Munnetra Kazhagam,2,1,3,4,6,7,5,7,7,7,7.658959537572255,8
144,27,277,237,3,104,3,3,0,0,2,1,0,3,2,0,0,0,6,3,0,2,0,673,0,0,673,0,144,"Indian Nursery and Primary Schoool, North Facing, Achanputhur",Ward No 1 Street 1 Amman Kovil Street,All Voters,Dravida Munnetra Kazhagam,277,237,40,All India Anna Dravida Munnetra Kazhagam,1,2,3,4,5,5,5,9,9,8,5.943536404160475,17
145,12,245,30,0,26,0,1,0,1,1,0,0,1,2,3,1,0,1,0,0,0,0,324,0,1,325,0,145,"Govt Primary School, Eastern portion, Achanputhur",Ward No 15 Street 1,All Voters,Dravida Munnetra Kazhagam,245,30,215,All India Anna Dravida Munnetra Kazhagam,1,2,3,4,8,8,5,8,5,5,66.35802469135803,8
146,34,549,141,2,128,0,8,1,0,1,0,1,0,1,2,0,0,9,1,3,0,1,882,0,1,883,0,146,"Govt Primary School,    North Building Western Potion , Achanputhur",Ward No 5 Street 2 Manakattu Street,All Voters,Dravida Munnetra Kazhagam,549,141,408,All India Anna Dravida Munnetra Kazhagam,1,2,3,4,6,9,5,7,9,7,46.25850340136054,18
147,9,102,202,4,81,0,0,0,0,1,0,0,0,1,0,0,0,2,0,1,3,0,406,0,1,407,0,147,"Nagoor Meerasa Middle School, Western Buliding, Achanputhur",Ward No 4 Street 1,All Voters,All India Anna Dravida Munnetra Kazhagam,202,102,100,Dravida Munnetra Kazhagam,2,1,3,4,5,7,7,7,7,6,24.63054187192118,7
148,19,295,103,1,77,0,7,0,1,0,0,1,0,1,1,1,0,2,2,0,1,1,513,0,0,513,0,148,"Nagoor Meerasa Middle School, Southern Buliding Achanpudur.",Ward No 6 Street 1,All Voters,Dravida Munnetra Kazhagam,295,103,192,All India Anna Dravida Munnetra Kazhagam,1,2,3,4,6,8,5,8,6,8,37.42690058479532,10
149,8,210,162,1,69,0,1,0,1,0,0,0,1,0,1,1,0,0,1,0,0,1,457,0,0,457,0,149,"Nagoor Meerasa Middle School, Northern Buliding, Achenputhur",Ward No 13 Street 1,All Voters,Dravida Munnetra Kazhagam,210,162,48,All India Anna Dravida Munnetra Kazhagam,1,2,3,4,5,8,5,8,5,8,10.50328227571116,5
150,25,498,138,1,92,11,8,0,1,0,1,1,0,2,1,0,1,1,5,1,1,1,789,0,4,793,0,150,"St.John Nursery & Primary School,   John Samuel raj Memorial Hall,   West Portion Santhapuram, Achanpudur",Ward No 7 Street 1 Kamarajar Street East,All Voters,Dravida Munnetra Kazhagam,498,138,360,All India Anna Dravida Munnetra Kazhagam,1,2,3,4,7,5,6,9,7,9,45.62737642585552,15
151,28,243,217,4,206,14,3,1,0,0,0,0,0,3,0,0,1,1,2,0,1,0,724,0,0,724,0,151,"St John Nursery Primary School, Palraj Memorial Block,Western Facing Santhapuram, Achanpudur",Ward No 1 Street 4 North Amman Kovil Street,All Voters,Dravida Munnetra Kazhagam,243,217,26,All India Anna Dravida Munnetra Kazhagam,1,2,3,4,6,5,7,8,9,9,3.591160220994475,8
152,25,229,147,1,73,12,5,0,0,0,0,0,0,4,1,0,2,0,4,0,0,1,504,0,2,506,0,152,"St.John Nursery & Primary School, M. Paulraj Memorial Block, 2th Std., Class Room Eastern Portion,   Achanpudur",Ward No 7 Street 1 Kamarajar Street,All Voters,Dravida Munnetra Kazhagam,229,147,82,All India Anna Dravida Munnetra Kazhagam,1,2,3,4,7,5,6,8,8,8,16.26984126984127,12
153,16,251,113,2,67,0,5,0,1,2,0,0,0,0,1,0,2,1,1,0,1,0,463,0,1,464,0,153,"Town Panchayat Office,   Main Building,   Achanpudur.",Ward No 12 Street1,All Voters,Dravida Munnetra Kazhagam,251,113,138,All India Anna Dravida Munnetra Kazhagam,1,2,3,4,6,9,5,9,8,6,29.80561555075594,6
154,14,160,459,2,136,0,2,0,1,1,1,0,1,2,1,0,0,0,1,0,1,0,782,0,0,782,0,154,"Govt. Primary School,   New Building    Parvathipuram, Achanpudur.",Ward No 11 Street 1,All Voters,All India Anna Dravida Munnetra Kazhagam,459,160,299,Dravida Munnetra Kazhagam,2,1,3,4,5,9,5,9,7,7,38.23529411764706,7
155,20,121,326,3,124,6,0,0,0,1,0,0,5,6,3,0,0,1,2,0,0,1,619,0,1,620,0,155,Hindu Middle School    Western Buliding    Singilipatti,Ward No 1 Street No 1 North Street,All Voters,All India Anna Dravida Munnetra Kazhagam,326,124,202,Tamilaga Vettri Kazhagam,3,1,2,4,6,5,8,8,8,7,32.63327948303716,18
156,26,117,262,2,171,30,0,0,1,1,0,0,2,1,1,0,1,1,1,0,1,0,618,0,2,620,0,156,"Hindu Middle School, South Portion    Singilipatti",Ward No 3 Street No 1 Market 12 Street,All Voters,All India Anna Dravida Munnetra Kazhagam,262,171,91,Tamilaga Vettri Kazhagam,3,1,2,5,6,4,9,9,7,7,14.72491909385113,8
157,15,106,325,5,83,6,0,0,0,1,1,2,9,5,1,1,1,0,4,0,1,0,566,0,1,567,0,157,"Hindu Middle School, East Building,West Facing, Singilipatti",Ward No 2 Street No 4 Periya Street,All Voters,All India Anna Dravida Munnetra Kazhagam,325,106,219,Dravida Munnetra Kazhagam,2,1,3,4,6,5,8,8,8,7,38.69257950530035,25
158,59,187,572,4,187,0,0,0,0,1,0,2,5,4,1,4,0,0,1,0,0,1,1028,0,4,1032,0,158,"Panchayat Union Middle School, Western Building Central Portion, East Facing, Punniahpuram",Ward No 4 Street No 1 Petchiamman Kovil Street,All Voters,All India Anna Dravida Munnetra Kazhagam,572,187,385,Tamilaga Vettri Kazhagam,2,1,2,4,5,7,7,7,7,6,37.45136186770428,18
159,39,115,515,2,159,0,0,0,1,2,1,0,0,1,0,1,0,3,4,0,2,0,845,0,3,848,0,159,"Panchayat Union Middle School, Main Building Western Portion, Punniah puram.",Ward No 6 Street No 1 School Street,All Voters,All India Anna Dravida Munnetra Kazhagam,515,159,356,Tamilaga Vettri Kazhagam,3,1,2,4,5,8,8,8,7,5,42.1301775147929,12
160,47,186,308,2,253,6,0,0,2,1,1,0,3,0,3,1,1,3,6,1,8,1,833,0,4,837,0,160,"Panchayat Union Middle School, Main Building Eastern Portion, Punnaiyapuram.",Ward No 6 Street No 4 Dharmapuram,All Voters,All India Anna Dravida Munnetra Kazhagam,308,253,55,Tamilaga Vettri Kazhagam,3,1,2,4,6,5,9,9,6,8,6.602641056422569,28
161,55,118,302,1,125,1,1,0,1,0,3,1,5,1,3,5,0,1,2,1,1,1,628,0,2,630,0,161,"Hindu Valaiyar Primary School, East Side Chockamaptti.",Ward No 1 Street No 1 Murugan Street,All Voters,All India Anna Dravida Munnetra Kazhagam,302,125,177,Tamilaga Vettri Kazhagam,3,1,2,4,5,5,5,9,5,9,28.18471337579618,24
162,31,311,143,2,231,0,0,0,1,0,1,1,2,3,3,0,2,6,3,1,0,1,742,0,0,742,0,162,"Harijan Primary School, Chockampatti",Ward No 3 Street No 1 Ambedkar Street,All Voters,Dravida Munnetra Kazhagam,311,231,80,Tamilaga Vettri Kazhagam,1,3,2,4,5,7,7,7,6,7,10.78167115902965,23
163,31,188,158,2,150,67,3,0,3,2,2,1,5,1,3,2,1,4,3,0,2,1,629,0,0,629,0,163,"R.C.Primary School,    Northern Wing,    Chockkampatti.",Ward No 5 Mariamman kovil Street,All Voters,Dravida Munnetra Kazhagam,188,158,30,All India Anna Dravida Munnetra Kazhagam,1,2,3,5,8,4,6,10,6,8,4.769475357710652,25
164,27,141,254,1,139,7,0,0,0,0,0,0,1,1,0,0,0,1,1,0,0,0,573,0,1,574,0,164,"R.C. Primary School,   Southern Wing,   Chockampatti.",Ward No 6 Kennadi Street,All Voters,All India Anna Dravida Munnetra Kazhagam,254,141,113,Dravida Munnetra Kazhagam,2,1,3,4,6,5,7,7,7,7,19.72076788830715,4
165,25,150,227,1,86,0,0,0,2,0,0,0,1,1,1,0,0,1,2,0,2,0,499,0,0,499,0,165,"Panchayat Community Hall, Old Building, Eastern Portion   Main Road,   Chockampatti",Ward No 8 Manthaiyadi Street,All Voters,All India Anna Dravida Munnetra Kazhagam,227,150,77,Dravida Munnetra Kazhagam,2,1,3,4,6,7,7,7,5,7,15.43086172344689,8
166,34,213,218,1,102,0,0,0,2,0,0,0,0,1,0,1,0,1,0,0,0,0,573,0,2,575,0,166,"Panchayat Community Hall,New West Building, Main Road Chockampatti",Ward No 12 Karnam Street,All Voters,All India Anna Dravida Munnetra Kazhagam,218,213,5,Dravida Munnetra Kazhagam,2,1,3,4,6,7,7,7,5,7,0.8726003490401396,3
167,24,125,213,1,70,2,0,0,6,1,1,0,1,1,0,0,0,1,2,0,6,0,454,0,1,455,0,167,"Hindu Primary School,    Addl. Builidng,    Chockampatti",Ward No 9 Thiruvalluvar Street,All Voters,All India Anna Dravida Munnetra Kazhagam,213,125,88,Dravida Munnetra Kazhagam,2,1,3,4,7,6,9,9,5,7,19.38325991189427,12
168,32,104,280,1,90,0,0,0,2,1,0,0,1,4,1,0,0,0,2,1,1,0,520,0,0,520,0,168,"Hindu Primary School, Main Building,    Chockkampatti.",Ward No11 Santhana Mariamman Street,All Voters,All India Anna Dravida Munnetra Kazhagam,280,104,176,Dravida Munnetra Kazhagam,2,1,3,4,6,8,8,8,5,6,33.84615384615385,10
169,14,170,177,0,43,1,0,0,3,1,0,0,1,0,0,4,0,2,2,0,4,0,422,0,0,422,0,169,"Hindu Middle School,Western Building South Portion, Thirikoodapuram",Ward No 3 Street 1 School Street,All Voters,All India Anna Dravida Munnetra Kazhagam,177,170,7,Dravida Munnetra Kazhagam,2,1,3,4,8,6,8,8,5,6,1.658767772511848,13
170,20,118,279,4,77,0,0,0,4,1,1,0,1,3,1,1,0,0,2,0,5,1,518,0,1,519,0,170,"Hindu Middle School,Eastern building Thirikoodapuram",Ward No1 Pasumpon Devar Street,All Voters,All India Anna Dravida Munnetra Kazhagam,279,118,161,Dravida Munnetra Kazhagam,2,1,3,4,5,8,8,8,5,7,31.08108108108108,15
171,29,183,268,2,105,0,0,0,1,1,1,0,2,0,0,0,1,1,0,0,1,1,596,0,0,596,0,171,"Hindu Middle School, Western building,   North Portion, Thirikoodapuram",Ward No 2 Vivekanandar Street,All Voters,All India Anna Dravida Munnetra Kazhagam,268,183,85,Dravida Munnetra Kazhagam,2,1,3,4,5,8,8,8,6,6,14.26174496644295,7
172,13,359,49,0,62,0,0,0,2,1,0,0,0,0,1,1,0,3,1,0,0,0,492,0,2,494,0,172,"Anganwadi building, Thirikoodapuram.",Ward No 3 Kaliamman Kovil Street,All Voters,Dravida Munnetra Kazhagam,359,62,297,Tamilaga Vettri Kazhagam,1,3,2,4,7,7,7,7,5,6,60.36585365853659,6
173,18,326,59,0,82,1,1,0,1,1,0,1,1,0,2,1,0,1,0,0,0,1,496,0,0,496,0,173,"Muslim Primary School,Near Pallivasal South Buidling, North Portion Thirikoodapuram",Ward No 3 Pillaiyar Kovil Street,All Voters,Dravida Munnetra Kazhagam,326,82,244,Tamilaga Vettri Kazhagam,1,3,2,4,9,5,5,9,5,5,49.19354838709678,7
174,19,326,76,0,127,1,1,0,2,1,1,0,1,0,3,0,2,0,2,0,2,0,564,0,1,565,0,174,"Muslim Primary School,Near Pallivasal South west Middle Buidling, East Facing, Thirikoodapuram.",Ward No 4 Fathima Street,All Voters,Dravida Munnetra Kazhagam,326,127,199,Tamilaga Vettri Kazhagam,1,3,2,4,9,6,6,9,5,6,35.28368794326241,11
175,23,72,120,0,67,0,0,0,0,0,0,0,1,1,1,0,1,1,0,0,0,0,287,0,0,287,0,175,"Muslim Primary School,Near Pallivasal South Buidling, South Portion Thirikoodapuram",Ward No 5 Vadakasi Amman Kovil Street,All Voters,All India Anna Dravida Munnetra Kazhagam,120,72,48,Dravida Munnetra Kazhagam,2,1,3,4,5,5,5,5,5,5,16.72473867595819,5
176,33,76,186,1,109,4,1,0,5,0,1,1,0,0,1,1,0,2,3,0,2,1,427,0,3,430,0,176,"Harijan Primary School,New Building East facing   Boganallur",Ward No 1 Railway colony,All Voters,All India Anna Dravida Munnetra Kazhagam,186,109,77,Tamilaga Vettri Kazhagam,3,1,2,4,7,6,7,9,5,9,18.0327868852459,12
177,68,177,110,1,120,26,0,0,0,0,5,0,0,2,1,1,0,1,1,0,0,0,513,0,0,513,0,177,"Pahchayat Union Building, Manamahil Manram, West Building, East Facing, Boganallur",Ward No 2 Pillaiyar Kovil Street,All Voters,Dravida Munnetra Kazhagam,177,120,57,Tamilaga Vettri Kazhagam,1,3,2,4,6,5,7,7,7,7,11.11111111111111,11
178,70,103,354,0,236,2,1,0,2,0,1,2,6,4,0,0,1,1,0,0,2,0,785,0,0,785,0,178,"Panchayat Union Middle School, East Building
Sunderesapuram",Ward No 3 North Street,All Voters,All India Anna Dravida Munnetra Kazhagam,354,236,118,Tamilaga Vettri Kazhagam,3,1,2,4,8,5,7,8,5,8,15.03184713375796,17
179,48,89,224,2,205,1,1,0,0,0,0,1,3,1,0,0,2,0,0,0,1,0,578,0,0,578,0,179,"Panchayat Union Middle School, East New Building Sunderesapuram",Ward No 7 Street 1 Kamarajar Street,All Voters,All India Anna Dravida Munnetra Kazhagam,224,205,19,Tamilaga Vettri Kazhagam,3,1,2,4,5,6,6,8,8,8,3.28719723183391,8
180,12,69,76,0,57,8,0,0,1,1,0,0,0,1,1,0,0,0,0,0,0,0,226,0,0,226,0,180,Panchayat Union Primary School   New Building East Facing    K.M meenatchipuram,Ward No 6 Street 8 Arundhathiar Street,All Voters,All India Anna Dravida Munnetra Kazhagam,76,69,7,Dravida Munnetra Kazhagam,2,1,3,4,8,5,8,8,6,6,3.097345132743363,2
181,20,203,199,4,89,9,0,0,0,1,0,0,0,0,3,0,0,2,5,0,0,0,535,0,4,539,0,181,Hindu Primary School    Block 6 Sanganaperi,Ward No 5 Sankanaperi North Street,All Voters,Dravida Munnetra Kazhagam,203,199,4,All India Anna Dravida Munnetra Kazhagam,1,2,3,4,6,5,8,8,8,7,0.7476635514018692,10
182,16,125,95,1,51,84,0,0,0,0,0,0,3,0,2,0,1,1,1,0,0,0,380,0,0,380,0,182,"Panchayat Union Middle School, South Building, East Portion, Chidamparaperi",Ward No 7 Chidambaraperi South Street,All Voters,Dravida Munnetra Kazhagam,125,95,30,All India Anna Dravida Munnetra Kazhagam,1,2,4,5,6,3,7,7,7,7,7.894736842105263,8
183,41,226,441,2,198,0,0,1,4,0,1,0,1,1,1,0,0,0,1,2,1,0,921,0,0,921,0,183,Hindu Primary School West Building    Kambaneri,Ward No 1 Thalaiyari North Street,All Voters,All India Anna Dravida Munnetra Kazhagam,441,226,215,Dravida Munnetra Kazhagam,2,1,3,4,6,8,8,7,5,8,23.34419109663409,8
184,35,226,154,1,122,20,1,2,2,0,0,3,2,0,1,0,0,2,0,0,0,0,571,0,0,571,0,184,"Panchayat Union Middle School, CRC Building Bala Arunachalapruram",Ward No 2 Arundhathiyar Street,All Voters,Dravida Munnetra Kazhagam,226,154,72,All India Anna Dravida Munnetra Kazhagam,1,2,3,4,8,5,8,6,6,10,12.60945709281961,8
185,33,310,294,0,177,13,1,1,2,0,0,0,0,0,2,1,0,0,3,0,0,0,837,0,0,837,0,185,"Panchayat Union Primary School,    Eastern Buliding, Valasai",Ward No 3 Arundhathiyar Street 1,All Voters,Dravida Munnetra Kazhagam,310,294,16,All India Anna Dravida Munnetra Kazhagam,1,2,3,4,9,5,7,7,6,9,1.911589008363202,6
186,26,192,190,0,156,41,0,0,2,0,0,1,1,2,2,1,0,1,0,0,1,0,616,0,1,617,0,186,"Rukmani High School, Southern Portion New Middle Building   Mangalapuram.","Achampatti,Ward No 1 Devar Street",All Voters,Dravida Munnetra Kazhagam,192,190,2,All India Anna Dravida Munnetra Kazhagam,1,2,3,5,7,4,7,7,6,7,0.3246753246753247,9
187,43,167,241,3,178,232,4,0,2,1,4,0,3,1,4,3,3,0,1,1,0,0,891,0,2,893,0,187,"Rukmani High School,    North Middle Portion NewBuilding, Mangalapuram.","Mangalapuram,Ward No 2 Amman Kovil Street",All Voters,All India Anna Dravida Munnetra Kazhagam,241,232,9,Puthiya Tamilagam,4,1,3,5,7,2,6,10,8,9,1.01010101010101,20
188,22,144,192,1,124,0,0,0,1,0,0,0,0,1,0,0,0,0,2,0,0,0,487,0,0,487,0,188,Muruga Primary School New Building    Puthukudi,"Pudukudi,Ward No 3 Amman kovil Street",All Voters,All India Anna Dravida Munnetra Kazhagam,192,144,48,Dravida Munnetra Kazhagam,2,1,3,4,5,7,7,7,5,7,9.856262833675565,3
189,31,220,279,3,141,71,1,0,3,0,0,0,4,1,3,1,0,2,4,0,1,0,765,0,3,768,0,189,"Panchayat Union Primary School,    North Building, West Facing,   Kammapatcheri","Kanmaniyapuram,Ward No 5 Amman Kovil Street",All Voters,All India Anna Dravida Munnetra Kazhagam,279,220,59,Dravida Munnetra Kazhagam,2,1,3,5,6,4,8,9,6,9,7.712418300653595,16
190,46,384,318,3,102,1,0,0,1,0,1,4,7,12,10,2,0,3,3,0,1,0,898,0,6,904,0,190,"Panchayat Community Hall, North Portion Kanagasabapathiperi.",Ward No 4 KanakaSabapathi peri School Street,All Voters,Dravida Munnetra Kazhagam,384,318,66,All India Anna Dravida Munnetra Kazhagam,1,2,3,4,5,6,8,8,6,8,7.349665924276169,43
191,43,192,190,2,126,61,7,0,0,3,1,0,2,1,4,0,1,1,1,2,1,0,638,0,3,641,0,191,"Anganwadi Centre, Kasidharmam",Ward No 1 School Street,All Voters,Dravida Munnetra Kazhagam,192,190,2,All India Anna Dravida Munnetra Kazhagam,1,2,3,5,8,4,6,9,9,7,0.3134796238244514,14
192,20,115,327,3,142,0,1,0,1,0,0,0,1,0,1,1,0,0,5,0,2,1,620,0,0,620,0,192,"Panchayat Union Primary School,   Main Building, Eastern Portion,   Kasidharmam.",Ward No 2 Post Office Street,All Voters,All India Anna Dravida Munnetra Kazhagam,327,142,185,Tamilaga Vettri Kazhagam,3,1,2,4,5,8,6,8,6,8,29.83870967741936,11
193,38,203,397,3,191,0,0,0,1,1,1,1,0,0,2,0,0,0,2,0,2,0,842,0,5,847,0,193,"Panchayat Union Primary School,   New BuildingWest Portion, Kasidharmam.",Ward No 4 Puthumanai East Street,All Voters,All India Anna Dravida Munnetra Kazhagam,397,203,194,Dravida Munnetra Kazhagam,2,1,3,4,5,8,8,8,6,6,23.04038004750594,8
194,22,140,271,0,106,1,0,0,3,1,1,0,2,0,1,2,1,0,0,0,0,0,551,0,0,551,0,194,"Panchayat Union Primary School,    New Building East side Kasidharmam.",Ward No 4 Odai Street,All Voters,All India Anna Dravida Munnetra Kazhagam,271,140,131,Dravida Munnetra Kazhagam,2,1,3,4,8,6,8,8,5,6,23.77495462794918,7
195,72,175,292,2,154,113,3,0,2,1,0,3,3,3,3,1,1,4,3,7,3,0,845,0,1,846,0,195,"King Universe Matric School, South Wing, Western Portion Kumandapuram.",Ward No 1 Street No1 Kumndhapuram Road No 11,All Voters,All India Anna Dravida Munnetra Kazhagam,292,175,117,Dravida Munnetra Kazhagam,2,1,3,5,7,4,6,10,7,9,13.84615384615385,31
196,72,169,246,4,158,55,2,0,1,0,1,0,1,4,1,3,0,1,5,7,0,0,730,0,2,732,0,196,"King Universe Matric School, South Wing , Eastern portion, Kumandapuram.",Ward No 1 Street No 5 North Street,All Voters,All India Anna Dravida Munnetra Kazhagam,246,169,77,Dravida Munnetra Kazhagam,2,1,3,4,6,5,7,9,8,9,10.54794520547945,23
197,31,47,82,3,90,9,1,0,0,0,0,0,1,0,1,0,1,0,0,0,0,0,266,0,0,266,0,197,"Municipal Community Hall, Kumandapuram, Krishnapuram",Ward No 1 Street No7 Middle Street,All Voters,Tamilaga Vettri Kazhagam,90,82,8,All India Anna Dravida Munnetra Kazhagam,3,2,1,4,6,5,7,8,8,8,3.007518796992481,3
198,23,68,238,0,141,1,1,0,0,0,0,0,1,0,0,0,1,0,6,0,2,1,483,0,3,486,0,198,"Sankara Middle School,East Building, North Portion, Krishnapuram",Ward No 2 Street No 1 Road No 11,All Voters,All India Anna Dravida Munnetra Kazhagam,238,141,97,Tamilaga Vettri Kazhagam,3,1,2,4,7,5,5,7,7,7,20.08281573498965,11
199,33,84,317,1,229,0,2,0,0,0,0,0,1,2,0,0,1,0,3,0,0,0,673,0,2,675,0,199,Sankara Middle School   West Building North Faceing Krishnapuram,Ward No 2 Street No 3 Karppaga sundara Vinayagar Kovil Street.,All Voters,All India Anna Dravida Munnetra Kazhagam,317,229,88,Tamilaga Vettri Kazhagam,3,1,2,4,6,7,5,7,7,7,13.07578008915305,7
200,22,60,241,4,137,2,0,0,1,1,0,2,2,1,1,1,2,2,3,1,2,3,488,0,2,490,0,200,"Sankara Middle School, Central Building North Portion, Krishnapuram",Ward No 4 Street No 1 Mitta Office Street,All Voters,All India Anna Dravida Munnetra Kazhagam,241,137,104,Tamilaga Vettri Kazhagam,3,1,2,4,5,6,9,9,7,7,21.31147540983606,20
201,9,30,182,0,106,0,0,0,0,0,0,0,0,0,0,0,0,0,1,0,1,0,329,0,2,331,0,201,"Thirunavukkarasu primary school, krishnapuram",Ward No 2 Street No 5 Gopala Krishnasamy Kovil Street,All Voters,All India Anna Dravida Munnetra Kazhagam,182,106,76,Tamilaga Vettri Kazhagam,3,1,2,4,5,5,5,5,5,5,23.10030395136778,2
202,22,88,363,1,248,5,0,1,1,1,0,0,5,1,0,1,0,2,2,4,2,0,747,0,2,749,0,202,"Sankara Middle School, East Building,South Portion Krishnapuram.",Ward No 4 Street No 2 Krishnapuram Railway Fedar Road,All Voters,All India Anna Dravida Munnetra Kazhagam,363,248,115,Tamilaga Vettri Kazhagam,3,1,2,4,6,5,10,6,6,6,15.39491298527443,17
203,55,179,194,1,193,56,1,0,1,0,0,0,1,2,2,1,2,1,0,2,0,1,692,0,4,696,0,203,"Gandhi Primary School,   Old Building,   Krishnapuram.",Ward No 8 Street No 1 School South Street,All Voters,All India Anna Dravida Munnetra Kazhagam,194,193,1,Tamilaga Vettri Kazhagam,3,1,2,5,6,4,6,9,6,9,0.1445086705202312,12
204,42,154,156,2,131,21,0,0,1,0,0,1,2,1,1,1,3,2,2,2,1,3,526,0,1,527,0,204,"Municipal Community Hall, Krishnapuram",Ward No 8 Street No 9 Krishnan Kovil South Street,All Voters,All India Anna Dravida Munnetra Kazhagam,156,154,2,Dravida Munnetra Kazhagam,2,1,3,4,6,5,8,8,7,8,0.3802281368821293,19
205,39,150,319,4,280,16,1,0,0,0,0,1,3,2,2,0,0,1,1,1,1,0,821,0,4,825,0,205,"Gandhi Primary School, New Building West Side, Krishnapuram",Ward No 4 Street No 4 Thilakar Street,All Voters,All India Anna Dravida Munnetra Kazhagam,319,280,39,Tamilaga Vettri Kazhagam,3,1,2,4,6,5,7,8,8,8,4.750304506699147,12
206,24,99,98,1,79,4,1,0,1,1,0,0,0,0,1,1,1,0,1,1,0,0,313,0,1,314,0,206,"Gandhi Primary School,   New Building, East Side, Krishnapuram.",Ward No 8 Street No 2 Petchiamman Kovil North Street,All Voters,Dravida Munnetra Kazhagam,99,98,1,All India Anna Dravida Munnetra Kazhagam,1,2,3,4,6,5,6,10,6,6,0.3194888178913738,5
207,25,92,320,1,148,0,1,0,1,0,0,0,0,1,1,0,1,1,4,1,0,0,597,0,4,601,0,207,"Govt.Boys Hr.Sec.School,   New Building Northern Wing, Kadayanallur",Ward No 3 Street No 1 Road No 11,All Voters,All India Anna Dravida Munnetra Kazhagam,320,148,172,Tamilaga Vettri Kazhagam,3,1,2,4,5,8,5,8,5,8,28.8107202680067,9
208,25,581,73,2,137,0,2,0,0,0,0,1,0,1,3,1,0,1,2,0,1,0,830,0,2,832,0,208,"Govt.Boys Hr.Sec. School   New Building Southern Wing, Kadayanallur",Ward No 6 Street No 5 Weest Malampattai (Rahumaniyapuram 11th ) Street,All Voters,Dravida Munnetra Kazhagam,581,137,444,Tamilaga Vettri Kazhagam,1,3,2,4,5,7,5,7,7,7,53.49397590361446,10
209,18,310,135,2,132,0,3,0,0,2,0,0,0,0,0,0,0,0,0,0,0,0,602,0,2,604,0,209,"Govt.Boys Hr.Sec. School South Side, Middle building Western Portion,   Kadayanallur",Ward No 6 West Malampattai 12 and 13th Street,All Voters,Dravida Munnetra Kazhagam,310,135,175,All India Anna Dravida Munnetra Kazhagam,1,2,3,4,6,8,5,8,8,6,29.06976744186047,0
210,12,367,16,0,32,0,1,0,0,0,0,0,0,0,0,0,0,0,0,0,0,1,429,0,0,429,0,210,"Govt.Boys Hr.Sec. School   New Building Eastern Wing, Kadayanallur",Ward No 12 Street No 2 Rahumaniyapuram North Street,All Voters,Dravida Munnetra Kazhagam,367,32,335,Tamilaga Vettri Kazhagam,1,3,2,4,6,6,5,6,6,6,78.08857808857809,1
211,17,559,11,2,97,1,8,0,0,2,0,0,1,0,0,2,0,1,1,0,0,1,703,0,1,704,0,211,"Govt.Boys Hr.Sec. School, Laboratory Building, New Building, Kadayanallur",Ward No 12 Street No 4 Jamiya South Northern Street,All Voters,Dravida Munnetra Kazhagam,559,97,462,Tamilaga Vettri Kazhagam,1,4,2,3,6,8,5,9,9,6,65.71834992887624,6
212,21,383,10,0,53,0,1,0,0,0,0,0,0,1,0,0,0,1,0,0,0,0,470,0,0,470,0,212,"Govt.Boys Hr.Sec. School, North Building Main Block Western Portion,   Kadayanallur",Ward No 6 Street No 5 Kaithemillathu Street,All Voters,Dravida Munnetra Kazhagam,383,53,330,Tamilaga Vettri Kazhagam,1,4,2,3,6,6,5,6,6,6,70.2127659574468,2
213,14,265,1,0,54,0,2,0,0,0,0,1,0,0,0,0,0,1,0,0,0,0,338,0,0,338,0,213,"Govt.Boys Hr.Sec. School,Integrated School Education Regional Resource Center Building Kadayanallur",Ward No 6 Street No 4 Mekka palli Street,All Voters,Dravida Munnetra Kazhagam,265,54,211,Tamilaga Vettri Kazhagam,1,5,2,3,6,6,4,6,6,6,62.42603550295858,2
214,25,104,96,2,101,28,0,0,0,0,0,1,3,0,0,1,0,1,0,0,1,0,363,0,4,367,0,214,Govt.Boys Hr.Sec. School North Building East Portion   Main Block   Kadayanallur.,Ward No 7 Street No 2 V. O. C. Street,All Voters,Dravida Munnetra Kazhagam,104,101,3,Tamilaga Vettri Kazhagam,1,3,2,5,6,4,7,7,7,7,0.8264462809917356,7
215,24,90,234,3,145,28,0,0,1,2,0,0,1,1,0,2,0,0,1,0,1,2,535,0,1,536,0,215,"Govt.Boys Hr.Sec. School,Main Block, North Building East Portion, East side, Kadayanallur",Ward No 7 Street No 4 Pillaiyar kovil South Street,All Voters,All India Anna Dravida Munnetra Kazhagam,234,145,89,Tamilaga Vettri Kazhagam,3,1,2,5,6,4,9,9,8,7,16.63551401869159,8
216,9,320,20,1,59,0,3,0,0,0,1,0,0,0,0,0,0,1,0,0,0,0,414,0,1,415,0,216,"Govt.Boys Hr.Sec.School, Agri Section Building   Kadayanallur",Ward No 12 Street 3 Rahmaniyapuram 3rd Street,All Voters,Dravida Munnetra Kazhagam,320,59,261,Tamilaga Vettri Kazhagam,1,3,2,4,6,7,5,7,7,7,63.04347826086957,2
217,22,452,46,2,93,0,0,0,0,0,0,0,0,0,0,0,2,2,1,0,0,0,620,0,0,620,0,217,"Govt.Boys Hr.Sec.School, South Side middle Building Eastern Portion   Kadayanallur",Ward No 11 Street 5 Rahaniyapuram 4th Street,All Voters,Dravida Munnetra Kazhagam,452,93,359,Tamilaga Vettri Kazhagam,1,3,2,4,5,6,6,6,6,6,57.90322580645161,5
218,14,328,9,0,67,1,2,1,0,0,0,0,0,0,0,0,0,0,0,0,0,0,422,0,0,422,0,218,"Govt.Boys Hr.Sec.School, Mechanical section building Kadayanallur",Ward No 11 Street No 3 Rahmaniyapuram 6th Street,All Voters,Dravida Munnetra Kazhagam,328,67,261,Tamilaga Vettri Kazhagam,1,4,2,3,8,6,5,6,8,8,61.84834123222749,0
219,8,362,7,1,41,0,4,0,0,1,0,0,0,0,0,1,0,1,0,1,0,1,428,0,2,430,0,219,"Govt.Boys Hr.Sec. School, Main Block, south Building West Facing, Kadayanallur",Ward No 11 Street No 1 Rahmaniyapuram 5th Street,All Voters,Dravida Munnetra Kazhagam,362,41,321,Tamilaga Vettri Kazhagam,1,4,2,3,6,8,5,8,8,6,75.0,4
220,21,103,492,3,89,0,0,1,2,0,1,0,4,4,0,1,1,0,4,2,1,0,729,0,1,730,0,220,"Govt.Boys Hr.Sec. School, 8 std Building Western Portion Kadayanallur",Ward No 10 Street 1 3rd Street (South Vilai),All Voters,All India Anna Dravida Munnetra Kazhagam,492,103,389,Dravida Munnetra Kazhagam,2,1,3,4,5,8,8,7,6,8,53.360768175583,18
221,17,90,151,0,89,1,1,0,1,1,0,0,1,0,0,0,1,0,0,0,0,0,353,0,5,358,0,221,"Govt.Boys Hr.Sec. School,   East building South Middle Portion Kadayanallur",Ward No 6 Street1 Road No 11,All Voters,All India Anna Dravida Munnetra Kazhagam,151,90,61,Dravida Munnetra Kazhagam,2,1,3,4,9,5,5,9,5,5,17.28045325779037,2
222,23,99,363,1,155,0,0,0,0,1,0,0,4,1,1,1,1,2,5,1,1,0,659,0,0,659,0,222,"Govt Girls Hr.Sec. School, Southern Building, Block 3 Middle Portion, Kadayanallur",Ward No 3 Street No 7 Karuppasamy Kovil North Street,All Voters,All India Anna Dravida Munnetra Kazhagam,363,155,208,Tamilaga Vettri Kazhagam,3,1,2,4,5,7,7,7,7,5,31.56297420333839,17
223,21,445,128,0,97,0,1,0,0,1,1,1,1,0,0,0,0,0,1,0,0,0,697,0,4,701,0,223,"Govt.Girls Hr.Sec.School, Southern Building, Block 3 East Side, Kadayanallur",Ward No 12 Street No 5 Rahuumaniyapuram West Street side,All Voters,Dravida Munnetra Kazhagam,445,128,317,All India Anna Dravida Munnetra Kazhagam,1,2,3,4,7,7,5,7,7,5,45.48063127690101,4
224,25,133,333,2,201,0,0,0,0,1,0,0,1,2,2,2,0,1,2,0,0,0,705,0,2,707,0,224,"Govt Girls Hr Sec School,Northern Portion,North Side, Block 8 Kadayanallur",Ward No 14 Street No 2 Veriyan Kovil Street,All Voters,All India Anna Dravida Munnetra Kazhagam,333,201,132,Tamilaga Vettri Kazhagam,3,1,2,4,5,7,7,7,7,6,18.72340425531915,10
225,11,262,16,0,29,0,1,0,0,0,0,0,0,0,0,0,0,0,1,0,0,0,320,0,0,320,0,225,"Govt Girls Hr.Sec. School, Southern PortionWest of Main Door   Eastern Portion Kadayanallur",Ward No 20 Street No1 Road No 11,All Voters,Dravida Munnetra Kazhagam,262,29,233,Tamilaga Vettri Kazhagam,1,3,2,4,6,6,5,6,6,6,72.8125,1
226,8,418,11,0,32,1,0,0,0,0,0,0,0,1,2,1,0,0,0,0,0,1,475,0,2,477,0,226,"Govt Girls Hr. Sec. School, Block-7, Office Room Back Side, Kadayanallur",Ward No 19 Street No 9 Pettai Middle Street,All Voters,Dravida Munnetra Kazhagam,418,32,386,Tamilaga Vettri Kazhagam,1,3,2,4,6,5,6,6,6,6,81.26315789473684,5
227,15,563,58,4,115,1,3,0,0,0,0,0,0,0,2,0,1,2,2,0,0,0,766,0,4,770,0,227,"Govt Girls Hr.Sec. School, School entrance gate North Side, Central Hall,Kadayanallur",Ward No 17 Street No 7 Women's H.Se. School North Street,All Voters,Dravida Munnetra Kazhagam,563,115,448,Tamilaga Vettri Kazhagam,1,3,2,4,5,7,6,8,8,8,58.48563968668407,7
228,36,152,286,0,153,2,0,0,0,0,0,0,1,1,2,0,0,0,1,0,0,0,634,0,1,635,0,228,"Govt Girls Hr Sec School, Block 3, West Portion, 10th Class Room, Kadayanallur",Ward No 14 Street No 7 Pillaiyar Kovil Street,All Voters,All India Anna Dravida Munnetra Kazhagam,286,153,133,Tamilaga Vettri Kazhagam,3,1,2,4,6,5,6,6,6,6,20.97791798107255,5
229,26,119,330,0,216,1,1,0,0,0,1,0,3,0,0,0,2,0,1,0,2,0,702,0,1,703,0,229,"Rathna Primary School,   New Building South Portion Muthukrishnapuram",Ward No 10 Street 2 North Villai 2nd Street,All Voters,All India Anna Dravida Munnetra Kazhagam,330,216,114,Tamilaga Vettri Kazhagam,3,1,2,4,7,5,5,7,7,7,16.23931623931624,9
230,21,128,282,0,173,0,0,0,0,0,0,0,0,0,0,0,0,0,0,0,3,0,607,0,2,609,0,230,"Rathna Primary School   New Building Northern Portion, Muthu krishnapuram",Ward No 9 Street No 2 Sudalaimaadan Kovil Street,All Voters,All India Anna Dravida Munnetra Kazhagam,282,173,109,Tamilaga Vettri Kazhagam,3,1,2,4,5,5,5,5,5,5,17.95716639209226,3
231,35,90,296,0,130,0,0,0,0,0,0,0,1,0,1,1,2,3,2,1,0,0,562,0,2,564,0,231,"Rathna High School,   Old Building, Western Portion, Muthukrshnpuram.",Ward No 9 Street No 3 School 1StreetStreet,All Voters,All India Anna Dravida Munnetra Kazhagam,296,130,166,Tamilaga Vettri Kazhagam,3,1,2,4,5,5,5,5,5,5,29.53736654804271,11
232,17,62,225,0,129,1,0,0,0,0,0,1,1,1,1,1,0,1,0,0,0,0,440,0,0,440,0,232,"Rathna High School,   New Building, South Poriton, Muthukrishnapuram.",Ward No 15 Street No 5 Javagar Street,All Voters,All India Anna Dravida Munnetra Kazhagam,225,129,96,Tamilaga Vettri Kazhagam,3,1,2,4,6,5,6,6,6,6,21.81818181818182,6
233,26,52,188,0,157,0,1,0,0,0,0,0,0,0,0,0,1,0,2,0,0,0,427,0,0,427,0,233,"Rathna Primary School, Western Wing, East Facing, Muthukrishnapuram",Ward No 15 Street No 2 North Vilai Street,All Voters,All India Anna Dravida Munnetra Kazhagam,188,157,31,Tamilaga Vettri Kazhagam,3,1,2,4,6,6,5,6,6,6,7.259953161592506,3
234,51,78,257,1,151,0,0,1,0,0,0,0,2,1,1,0,0,2,1,0,0,0,546,0,1,547,0,234,"Ulaka Hr.Sec.School,   Eastern Building, South Side, Muthukrishnapuram",Ward No 15 Street No 2   Iialthar North Street,All Voters,All India Anna Dravida Munnetra Kazhagam,257,151,106,Tamilaga Vettri Kazhagam,3,1,2,4,5,7,7,5,7,7,19.41391941391942,7
235,22,51,260,1,194,0,0,1,0,0,0,0,1,0,0,0,0,1,1,0,0,1,533,0,3,536,0,235,"Ulaka Hr.Sec.School, West Building South Portion, Muthukrishnapuram",Ward No 15 Street No 1 Paruthi vilai North Street,All Voters,All India Anna Dravida Munnetra Kazhagam,260,194,66,Tamilaga Vettri Kazhagam,3,1,2,4,5,7,7,5,7,7,12.3827392120075,4
236,38,171,153,0,114,51,2,3,1,0,0,0,2,1,4,1,0,1,0,0,0,0,542,0,1,543,0,236,"Ulaka Hr.Sec.School,   Eastern Building, North Side   Muthu Krishnapuram.",Ward No 15 Street No 3 Sindhamathar Pallivasal Street,All Voters,Dravida Munnetra Kazhagam,171,153,18,All India Anna Dravida Munnetra Kazhagam,1,2,3,5,9,4,7,6,8,9,3.321033210332104,9
237,28,77,219,0,140,1,1,0,0,0,0,0,1,0,0,0,1,0,0,0,2,1,471,0,3,474,0,237,"Ulaka Hr.Sec.School,   New Building Western Portion Northern Wing Muthukrishnapuram",Ward No 15 Street No 5 Jewahar Street,All Voters,All India Anna Dravida Munnetra Kazhagam,219,140,79,Tamilaga Vettri Kazhagam,3,1,2,4,7,5,5,7,7,7,16.77282377919321,5
238,24,338,121,2,89,29,2,0,0,3,0,0,2,0,0,1,0,0,0,1,0,0,612,0,0,612,0,238,"Ulaka Hr.Sec.School, West Building Center Portion Muthukrishnapuram",Ward No 16 Street No 3 South Street,All Voters,Dravida Munnetra Kazhagam,338,121,217,All India Anna Dravida Munnetra Kazhagam,1,2,3,5,7,4,7,9,9,6,35.45751633986928,4
239,20,158,121,0,102,1,0,0,1,0,0,0,0,0,1,0,0,2,0,0,0,1,407,0,2,409,0,239,"Ulaka Hr.Sec.School,   New Building Western Part Muthukrishnapuram.",Ward No 14 Street No 6 Mutharamman Kovil Thenvadal Street,All Voters,Dravida Munnetra Kazhagam,158,121,37,All India Anna Dravida Munnetra Kazhagam,1,2,3,4,7,5,7,7,5,7,9.090909090909092,4
240,13,513,31,0,56,0,1,0,0,0,0,0,0,0,0,1,0,0,0,0,0,0,615,0,3,618,0,240,"Pettai Muslim Hr.Sec.School, Western Part, Room No.1, Kadayanallur.",Ward No 13 Street No 1 Nathadu pallivasal Street,All Voters,Dravida Munnetra Kazhagam,513,56,457,Tamilaga Vettri Kazhagam,1,3,2,4,6,6,5,6,6,6,74.30894308943088,1
241,17,618,8,0,94,1,0,0,0,0,0,0,0,0,0,0,0,1,0,0,0,0,739,0,2,741,0,241,"Pettai Muslim Hr.Sec.School, North Building,West Portion, 11 AB Sec,   Kadayanallur",Ward No 20 Street No 4 Mathina Nagar 3rd Street,All Voters,Dravida Munnetra Kazhagam,618,94,524,Tamilaga Vettri Kazhagam,1,4,2,3,6,5,6,6,6,6,70.90663058186739,1
242,14,406,15,1,73,1,1,1,1,1,0,1,0,0,0,1,0,1,0,0,0,0,517,0,2,519,0,242,"Pettai Muslim Primary.School, Western Wing, Southern Portion Pettai,Kadayanallur.",Ward No 20 Street No 1 Road No 11,All Voters,Dravida Munnetra Kazhagam,406,73,333,Tamilaga Vettri Kazhagam,1,3,2,4,5,5,5,5,5,5,64.41005802707932,3
243,24,581,5,0,63,0,1,0,0,0,0,0,0,0,0,0,0,1,0,0,0,0,675,0,1,676,0,243,"Pettai Muslim Primary School, East Building Central   Portion West Facing Pettai, Kadayanallur",Ward No 18 Street No 1 Puliya Mukku Street,All Voters,Dravida Munnetra Kazhagam,581,63,518,Tamilaga Vettri Kazhagam,1,4,2,3,6,6,5,6,6,6,76.74074074074075,1
244,17,395,39,0,80,0,4,0,0,0,0,0,0,0,0,1,0,0,0,0,0,1,537,0,0,537,0,244,"Municipality Middle School, Western Buliding   Pettai, Kadayanallur",Ward No 18 Street No 3 Kadharmydeen Pallivasal Street,All Voters,Dravida Munnetra Kazhagam,395,80,315,Tamilaga Vettri Kazhagam,1,3,2,4,6,6,5,6,6,6,58.65921787709497,2
245,27,434,207,2,114,0,2,0,0,0,0,0,1,2,1,2,0,0,0,0,1,1,794,0,3,797,0,245,"Municipality Middle School, East Middle Buliding ,West Side
, Pettai, Kadayanallur",Ward No 13 Street No 2 Malampattai road,All Voters,Dravida Munnetra Kazhagam,434,207,227,All India Anna Dravida Munnetra Kazhagam,1,2,3,4,5,7,5,7,7,7,28.58942065491184,8
246,17,630,20,0,57,0,6,0,0,0,0,0,0,0,1,0,0,1,0,0,0,0,732,0,0,732,0,246,"Municipality Middle School, Eastern Building, Pettai, Kadayanallur.",Ward No 13 Street No 1 Nadthadu Pallivasal 1Street,All Voters,Dravida Munnetra Kazhagam,630,57,573,Tamilaga Vettri Kazhagam,1,3,2,4,6,6,5,6,6,6,78.27868852459017,2
247,12,648,9,1,63,1,0,0,0,0,0,0,0,0,0,0,0,5,0,0,0,0,739,0,2,741,0,247,"Municipality Middle School,Main Building, Smart Class Room Pettai, Kadayanallur",Ward No 13 Street No 1 Nathadu Pallivasal Street,All Voters,Dravida Munnetra Kazhagam,648,63,585,Tamilaga Vettri Kazhagam,1,4,2,3,5,5,7,7,7,7,79.16102841677943,5
248,6,391,11,0,57,0,1,0,0,0,0,0,0,0,0,0,0,0,0,0,0,0,466,0,4,470,0,248,"Pettai Muslim Primary.School,East Building South Portion West Facing Pettai, Kadayanallur",Ward No 19 Street No 2 Puthumanai North Street,All Voters,Dravida Munnetra Kazhagam,391,57,334,Tamilaga Vettri Kazhagam,1,3,2,4,6,6,5,6,6,6,71.67381974248927,0
249,13,523,13,0,53,0,1,0,0,0,1,0,0,0,3,0,0,1,0,0,0,0,608,0,0,608,0,249,"Pettai Muslim Primary.School,Western Wing,Northern Portion East Facing, Pettai, Kadayanallur",Ward No 19 Street No 6 Azhagumaguthathan East Street Western Street,All Voters,Dravida Munnetra Kazhagam,523,53,470,Tamilaga Vettri Kazhagam,1,3,2,3,6,6,5,6,6,6,77.30263157894737,5
250,9,467,12,0,56,0,3,1,0,1,0,0,0,0,0,0,0,1,0,0,0,1,551,0,1,552,0,250,"Municipality Middle School, East Side to Eastern Building, Pettai Kadayanallur",Ward No 19 Street No 11 Ricemill North Street,All Voters,Dravida Munnetra Kazhagam,467,56,411,Tamilaga Vettri Kazhagam,1,3,2,4,8,8,5,6,8,6,74.59165154264973,2
251,10,428,9,0,66,0,3,0,1,1,0,0,0,0,1,1,0,3,1,0,0,0,524,0,1,525,0,251,"Municipality Middle School, Middle Building Eastern Wing, Pettai Kadayanallur",Ward No 19 Street No 8 Ricemill South Street,All Voters,Dravida Munnetra Kazhagam,428,66,362,Tamilaga Vettri Kazhagam,1,4,2,3,8,8,5,8,6,6,69.08396946564885,6
252,31,352,140,0,140,0,0,0,0,0,1,0,1,1,1,1,1,4,3,0,0,1,677,0,2,679,0,252,"Puthur New Middle School, South Building,   Kadayanallur.",Ward No 17 Street No 5 Dr. Ambedkar Street,All Voters,Dravida Munnetra Kazhagam,352,140,212,Tamilaga Vettri Kazhagam,1,2,2,4,5,5,5,5,5,5,31.31462333825701,14
253,7,339,41,0,48,0,0,0,0,0,0,0,0,0,0,1,0,1,0,0,0,0,437,0,2,439,0,253,"Puthur New Middle School, North Building,   Kadayanallur.",Ward No 17 Street No 4 Puthur school Street,All Voters,Dravida Munnetra Kazhagam,339,48,291,Tamilaga Vettri Kazhagam,1,3,2,4,5,5,5,5,5,5,66.5903890160183,2
254,7,495,10,0,43,0,1,0,0,0,0,0,0,0,0,0,0,0,0,0,0,1,557,0,1,558,0,254,"Hithayathul Islam   Primary School Southern Building Southern Wing, Kadayanallur",Ward No 21 Street No 5 Parasuramapuram North Street,All Voters,Dravida Munnetra Kazhagam,495,43,452,Tamilaga Vettri Kazhagam,1,3,2,4,6,6,5,6,6,6,81.14901256732495,1
255,10,407,17,0,32,0,0,0,0,1,0,0,0,0,0,0,0,1,0,0,1,0,469,0,0,469,0,255,"Hithayathul Islam   Primary School ,Southern Building Northern Wing, Kadayanallur",Ward No 21 Street No 6 Parasuramapuram South Street,All Voters,Dravida Munnetra Kazhagam,407,32,375,Tamilaga Vettri Kazhagam,1,3,2,4,6,6,6,6,6,5,79.95735607675905,2
256,9,90,381,1,72,0,1,0,1,2,0,0,0,0,0,0,0,1,1,0,0,0,559,0,1,560,0,256,"Hithayathul Islam Hr.Sec.School,    Western Wing, East Side   Kadayanallur",Ward No 22 Street No 2 Pillaiyar Kovil North Street,All Voters,All India Anna Dravida Munnetra Kazhagam,381,90,291,Dravida Munnetra Kazhagam,2,1,3,4,6,9,6,9,6,5,52.05724508050089,2
257,11,598,29,1,81,0,1,0,0,1,0,0,1,0,0,1,2,4,0,0,0,0,730,0,4,734,0,257,"Hithayathul Islam Primary School   Branch Building Northern Portion,   Igpal Nagar, Kadayanallur.",Ward No 24 Street No 4 Alli moopan East Street North Street - 1,All Voters,Dravida Munnetra Kazhagam,598,81,517,Tamilaga Vettri Kazhagam,1,3,2,4,5,8,5,8,8,5,70.82191780821918,8
258,10,355,12,0,41,0,2,0,1,0,0,0,0,0,0,0,0,1,1,0,0,0,423,0,4,427,0,258,"Hithayathul Islam Primary School,   Branch Building SouthernPortion Igpal Nagar, Kadayanallur.",Ward No 33 Street No 2 Asath Street,All Voters,Dravida Munnetra Kazhagam,355,41,314,Tamilaga Vettri Kazhagam,1,3,2,4,7,7,5,7,6,7,74.23167848699764,2
259,14,323,13,0,62,0,1,0,0,0,0,0,0,0,1,2,0,3,1,0,0,0,420,0,2,422,0,259,"Tharussalam Primary School, Allimoopan East Street, Kadayanallur",Ward No 33 Street No 8 Aminal Street,All Voters,Dravida Munnetra Kazhagam,323,62,261,Tamilaga Vettri Kazhagam,1,4,2,3,6,6,5,6,6,6,62.14285714285715,7
260,11,562,7,0,49,0,0,0,1,0,0,0,0,0,1,0,0,10,0,0,0,0,641,0,1,642,0,260,"Hithayathul Islam Hr.Sec.School,    Central Hall, Kadayanallur.",Ward No 24 Street No 1 KalvathuNayagam Street,All Voters,Dravida Munnetra Kazhagam,562,49,513,Tamilaga Vettri Kazhagam,1,4,2,3,6,6,6,6,5,6,80.03120124804992,11
261,10,409,16,0,50,1,0,0,0,0,0,0,0,0,0,0,2,2,0,0,0,0,490,0,0,490,0,261,"Hithayathul Islam Hr.Sec.School,   Central Hall Western Portion, Kadayanallur.",Ward No 24 Street No 2 Erasaliyapuram Street,All Voters,Dravida Munnetra Kazhagam,409,50,359,Tamilaga Vettri Kazhagam,1,3,2,4,6,5,6,6,6,6,73.26530612244898,4
262,13,105,505,1,102,0,0,0,0,0,0,0,3,2,1,0,0,1,0,0,0,0,733,0,1,734,0,262,"Hindu Primary School,   South Building Southern Wing, Mavadikall, Kadayanallur.",Ward No 23 Street No 5 South vilai Street,All Voters,All India Anna Dravida Munnetra Kazhagam,505,105,400,Dravida Munnetra Kazhagam,2,1,3,4,5,6,6,6,6,6,54.57025920873124,7
263,13,253,362,1,91,0,0,0,0,0,0,0,0,2,1,0,0,0,1,1,1,0,726,0,2,728,0,263,"Hindu Primary School,   South Building Northern Wing Mavadikall, Kadayanallur",Ward No 23 Street No 1 Pallivasal East West Street,All Voters,All India Anna Dravida Munnetra Kazhagam,362,253,109,Dravida Munnetra Kazhagam,2,1,3,4,5,6,6,6,6,6,15.0137741046832,6
264,14,120,447,1,84,4,0,0,0,0,0,0,1,1,0,1,1,0,2,3,0,0,679,0,2,681,0,264,"Municipal Anganwadi Centre, Near Vadukar Community Hall, Mavadikkal Kadayanallur",Ward No 16 Street No 3 Sinthamathar pallivasal Street,All Voters,All India Anna Dravida Munnetra Kazhagam,447,120,327,Dravida Munnetra Kazhagam,2,1,3,4,6,5,7,7,7,7,48.15905743740795,9
265,9,445,9,0,36,0,1,0,0,0,0,0,0,0,1,0,0,1,0,0,0,0,502,0,2,504,0,265,"Tharuslam Primary School, South Building, Kadayanallur",Ward No 24 Street No 3 Alli Moopan Street,All Voters,Dravida Munnetra Kazhagam,445,36,409,Tamilaga Vettri Kazhagam,1,3,2,3,6,6,5,6,6,6,81.47410358565737,2
266,15,400,10,0,35,0,1,0,0,0,0,0,0,0,0,0,1,0,0,0,0,0,462,0,1,463,0,266,"Tharuslam Hr.Sec. School,   New Building East Side, South Wing, Kadayanallur",Ward No 22 Street 1 Bajar Road,All Voters,Dravida Munnetra Kazhagam,400,35,365,Tamilaga Vettri Kazhagam,1,4,2,3,6,6,5,6,6,6,79.004329004329,1
267,17,408,8,2,30,0,2,0,0,0,1,0,0,1,0,0,1,2,0,0,0,0,472,0,1,473,0,267,"Tharuslam Hr.Sec.School,    New Building East Side, North Wing, Kadayanallur",Ward No 33 Street No 7 Ekpal South Street,All Voters,Dravida Munnetra Kazhagam,408,30,378,Tamilaga Vettri Kazhagam,1,4,2,3,5,7,5,7,7,7,80.08474576271186,5
268,13,584,21,0,44,0,1,0,0,2,0,0,0,1,0,0,0,1,0,0,0,0,667,0,1,668,0,268,"Tharussalam Hr.Sec. School New Building West Portion South Wing,   Kadayanallur",Ward No 25 Street No 6 Kalanthar Masthan Street,All Voters,Dravida Munnetra Kazhagam,584,44,540,Tamilaga Vettri Kazhagam,1,3,2,4,7,7,6,7,7,5,80.95952023988005,2
269,4,268,19,0,18,0,0,0,0,0,0,0,0,0,0,0,1,0,0,0,0,0,310,0,0,310,0,269,Tharussalam Hr.Sec. School New Building West Portion North Wing   Kadayanallur,Ward No 24 Street No 3 Alli Moppan Street,All Voters,Dravida Munnetra Kazhagam,268,19,249,All India Anna Dravida Munnetra Kazhagam,1,2,3,4,5,5,5,5,5,5,80.3225806451613,1
270,16,401,30,0,38,0,2,0,0,0,1,0,0,0,0,0,0,0,0,0,0,0,488,0,3,491,0,270,"Masuthu Thaikka Hr.Sec.School,   Southern Building, Eastern Portion Kadayanallur.",Ward No 25 Street No 6 Kalandar Pallivasal Street,All Voters,Dravida Munnetra Kazhagam,401,38,363,Tamilaga Vettri Kazhagam,1,3,2,4,6,6,5,6,6,6,74.38524590163934,1
271,16,427,17,0,37,0,0,0,0,0,0,0,0,0,0,0,0,0,0,0,0,0,497,0,0,497,0,271,"Masuthu Thaikka Hr.Sec.School,   11th F Class Room, Southern Building, Western Portion, Kadayanallur.",Ward No 25 Street No 4 Periya Street - 1,All Voters,Dravida Munnetra Kazhagam,427,37,390,Tamilaga Vettri Kazhagam,1,3,2,4,5,5,5,5,5,5,78.4708249496982,0
272,13,496,10,1,43,0,3,0,0,0,0,0,0,0,1,0,0,0,0,0,0,0,567,0,1,568,0,272,"Masuthu Thaikka Hr.Sec.School,   IX Standard, Middle Builidng Northern Portion   Kadayanallur.",Ward No 22 Street No 2 New Street,All Voters,Dravida Munnetra Kazhagam,496,43,453,Tamilaga Vettri Kazhagam,1,4,2,3,6,7,5,7,7,7,79.8941798941799,1
273,5,261,13,0,17,0,2,0,0,0,0,0,0,0,0,0,0,1,0,0,0,0,299,0,2,301,0,273,"Masuthu Thaikka Hr.Sec.School,   12th Standard, D Class Room,   Middle Builidng Southern Portion  Kadayanallur.",Ward No 21 Street No 1 Bazar Road,All Voters,Dravida Munnetra Kazhagam,261,17,244,Tamilaga Vettri Kazhagam,1,3,2,4,6,6,5,6,6,6,81.60535117056857,1
274,19,76,282,1,109,0,1,0,0,0,0,0,0,0,0,0,0,0,3,0,0,0,491,0,0,491,0,274,"Senai Thalaivar Samuthaya Education Committee Primary School,   Western Portion,   Mela Kadayanallur",Ward No 26 Street No 1 Kariyamanikka Perumal Kovil Street,All Voters,All India Anna Dravida Munnetra Kazhagam,282,109,173,Tamilaga Vettri Kazhagam,3,1,2,4,5,7,5,7,7,7,35.23421588594704,3
275,25,102,263,2,234,0,2,0,0,1,1,1,2,1,0,1,0,1,0,0,2,1,639,0,1,640,0,275,"Senai Thalaivar Samuthaya Education Committee Primary School,   Eastern Poriton,    Mela Kadayanallur",Ward No 26 Street No 2 South Car Street,All Voters,All India Anna Dravida Munnetra Kazhagam,263,234,29,Tamilaga Vettri Kazhagam,3,1,2,4,5,8,5,8,8,7,4.538341158059469,10
276,42,71,364,3,207,0,0,0,1,1,1,2,6,2,2,1,0,0,1,0,0,0,704,0,0,704,0,276,"Melapalayam Hindu Middle School,    Northern Builidng Mela Kadayanallur.",Ward No 27 Street No 3 Karppaga Sundara Vinayagar Kovil Street,All Voters,All India Anna Dravida Munnetra Kazhagam,364,207,157,Tamilaga Vettri Kazhagam,3,1,2,4,5,8,8,8,6,6,22.30113636363636,15
277,30,136,233,1,185,3,0,0,1,0,0,0,0,0,1,0,0,1,3,1,1,0,596,0,0,596,0,277,"Melapalayam Hindu Middle School,     III & IV Standard, South Portion   Mela Kadayanallur.",Ward No 28 Street No 1 Vadakathiamman Thenvadal Street,All Voters,All India Anna Dravida Munnetra Kazhagam,233,185,48,Tamilaga Vettri Kazhagam,3,1,2,4,6,5,8,8,6,8,8.053691275167784,7
278,37,75,283,6,174,0,0,0,1,0,1,1,3,1,0,0,1,2,0,0,1,0,586,0,1,587,0,278,"Melapalayam Hindu Middle School,   Main Building North Portion,   Mela Kadayanallur.",Ward No 28 Street No 3 Mathang Kovil North Street,All Voters,All India Anna Dravida Munnetra Kazhagam,283,174,109,Tamilaga Vettri Kazhagam,3,1,2,4,5,7,7,7,6,7,18.60068259385665,10
279,37,63,299,1,181,1,0,0,6,0,0,2,2,1,3,3,0,1,0,0,0,0,600,0,2,602,0,279,"Melapalayam Hindu Middle School,   Main Buliding Southern Portion,   Mela Kadayanallur.",Ward No 27 Street No 5 Vadakkuthiamman Kovil Street,All Voters,All India Anna Dravida Munnetra Kazhagam,299,181,118,Tamilaga Vettri Kazhagam,3,1,2,4,6,6,8,8,5,8,19.66666666666666,12
280,32,102,135,1,167,22,1,0,0,1,0,1,2,0,1,1,1,1,0,0,0,0,468,0,2,470,0,280,"Melapalayam Hindu Middle School,6th Class Room,Middle Portion,Mela Kadayanallur",Ward No 30 Street No 2 Middle Street,All Voters,Tamilaga Vettri Kazhagam,167,135,32,All India Anna Dravida Munnetra Kazhagam,3,2,1,4,6,5,6,9,9,6,6.837606837606838,7
281,17,82,294,3,237,1,0,0,0,0,1,0,4,5,0,3,0,1,0,1,2,1,652,0,1,653,0,281,"Anganwadi building, Panpoli Road Melakadayanallur",Ward No 28 Street No 6 Katti Vinayagar Kovil Sannathi Street,All Voters,All India Anna Dravida Munnetra Kazhagam,294,237,57,Tamilaga Vettri Kazhagam,3,1,2,4,5,6,7,7,7,7,8.742331288343557,18
282,13,56,153,1,115,0,0,0,0,0,0,0,1,1,1,0,0,1,0,0,2,0,344,0,2,346,0,282,"Arulmigu Vengada Primary School ,   Mela Kadayanallur.",Ward No 29 Street No 22 North Street,All Voters,All India Anna Dravida Munnetra Kazhagam,153,115,38,Tamilaga Vettri Kazhagam,3,1,2,4,5,6,6,6,6,6,11.04651162790698,6
283,31,114,138,1,131,47,0,0,0,0,0,0,0,0,0,2,2,1,0,0,1,0,468,0,1,469,0,283,"Krishna Middle School,   North facing building, I standard Room, Malampattai Road, Mela Kadayanallur.",Ward No 26 Street No 8 Malampattai Road,All Voters,All India Anna Dravida Munnetra Kazhagam,138,131,7,Tamilaga Vettri Kazhagam,3,1,2,5,6,4,7,7,7,7,1.495726495726496,6
284,40,130,278,1,180,25,0,0,0,3,0,0,4,0,2,0,0,0,1,0,0,0,664,0,0,664,0,284,"Krishna Middle School,   North facing building,   VI standard Room, Malampattai Road,   Mela Kadayanallur.",Ward No 29 Street No 3 School Thenvadal 1st Street,All Voters,All India Anna Dravida Munnetra Kazhagam,278,180,98,Tamilaga Vettri Kazhagam,3,1,2,4,7,5,8,8,8,6,14.75903614457831,7
285,43,86,234,1,174,1,1,0,0,0,1,1,3,0,1,0,0,0,0,2,0,0,548,0,2,550,0,285,"Krishna Middle School, East facing building, south portion, Malampattai Road, Mela Kadayanallur",Ward No 27 Street No 6 Pound Street,All Voters,All India Anna Dravida Munnetra Kazhagam,234,174,60,Tamilaga Vettri Kazhagam,3,1,2,4,5,5,5,8,8,8,10.94890510948905,8
286,55,99,276,4,367,2,2,0,1,1,1,0,2,2,1,1,1,0,4,1,4,3,827,0,3,830,0,286,"Municipality Primary School, Main Building Western Portion, Mela Kadayanallur.",Ward No 30 Street No 6 Mariamman Kovil Sannathi Street,All Voters,Tamilaga Vettri Kazhagam,367,276,91,All India Anna Dravida Munnetra Kazhagam,3,2,1,4,5,6,6,10,8,8,11.00362756952842,20
287,28,70,145,2,213,9,0,0,0,0,0,1,1,1,2,1,1,0,0,0,0,0,474,0,2,476,0,287,"Municipality Primary School, Main Building Eastern Portion, Mela Kadayanallur.",Ward No 31 Street 1 Indra Nagar 2 Kamatchi Amman Kovil Street,All Voters,Tamilaga Vettri Kazhagam,213,145,68,All India Anna Dravida Munnetra Kazhagam,3,2,1,4,6,5,7,7,7,7,14.34599156118143,7
288,42,181,222,3,252,21,1,0,1,0,0,1,4,0,0,2,3,0,4,1,3,0,741,0,1,742,0,288,Anganwadi Centre West Facing Kannar Street Melakadayanallur,Ward No 31 Street 1 Indra Nagar 3 Puliyanthoopu,All Voters,Tamilaga Vettri Kazhagam,252,222,30,All India Anna Dravida Munnetra Kazhagam,3,2,1,4,6,5,7,9,7,9,4.048582995951417,18
289,36,184,144,1,160,109,3,0,4,0,0,0,3,2,2,1,2,3,3,1,3,1,662,0,1,663,0,289,"T.D.T.A. Primary School,   Main Building North Portion,   Mela Kadayanallur.",Ward No 32 Street No 4 Krishnan Kovil North Street,All Voters,Dravida Munnetra Kazhagam,184,160,24,Tamilaga Vettri Kazhagam,1,3,2,5,8,4,7,9,6,9,3.625377643504532,21
290,28,134,71,2,93,69,3,0,3,0,1,2,1,2,0,2,0,0,1,0,1,0,413,0,1,414,0,290,"T.D.T.A. Primary School,   Main Building ,South Portion,   Mela Kadayanallur.",Ward No 32 Street No 6 Middle Street,All Voters,Dravida Munnetra Kazhagam,134,93,41,Tamilaga Vettri Kazhagam,1,3,2,5,8,4,6,9,6,9,9.927360774818402,10
291,56,190,144,4,195,126,1,1,2,1,3,2,1,2,0,1,2,1,0,0,0,0,732,0,2,734,0,291,"Manikavala Primary School, Main Building ,Northern Portion,   Kadayanallur",Ward No 32 Street No 3 Malampattai road,All Voters,Tamilaga Vettri Kazhagam,195,190,5,Dravida Munnetra Kazhagam,2,3,1,5,6,4,8,8,7,8,0.6830601092896175,12
292,30,200,167,0,170,6,0,0,1,2,1,1,5,2,2,4,4,0,2,1,0,0,598,0,1,599,0,292,"Manikavala Primary School, Main Building ,Southern Portion,   Kadayanallur",Ward No 29 Street No 2 Nadar South Street,All Voters,Dravida Munnetra Kazhagam,200,170,30,Tamilaga Vettri Kazhagam,1,3,2,4,8,5,8,8,7,6,5.016722408026756,22
293,54,241,168,3,267,9,0,0,4,2,1,0,4,2,3,2,3,3,6,0,1,3,776,0,2,778,0,293,"Srikailasa Middle School,   Main Building,   Idaikal.",Ward No 2 Indira colony North Part,All Voters,Tamilaga Vettri Kazhagam,267,241,26,Dravida Munnetra Kazhagam,2,3,1,4,7,5,9,9,6,8,3.350515463917526,28
294,28,105,109,0,113,9,1,0,1,1,0,0,2,0,0,3,0,1,1,0,0,0,374,0,1,375,0,294,"Srikailasa Middle School,   Main Building,   South Poriton, Idaikal.",Ward No 2 Nahoor Aandavar Street,All Voters,Tamilaga Vettri Kazhagam,113,109,4,All India Anna Dravida Munnetra Kazhagam,3,2,1,4,9,5,6,9,6,6,1.06951871657754,7
295,32,92,186,2,130,5,0,0,0,0,0,1,1,2,1,2,0,1,0,1,2,0,458,0,1,459,0,295,"Srikailasa Middle School, Southern Building,   Idaikal.",Ward No 2 Valluvar Street,All Voters,All India Anna Dravida Munnetra Kazhagam,186,130,56,Tamilaga Vettri Kazhagam,3,1,2,4,6,5,7,7,7,7,12.22707423580786,11
296,25,116,203,0,153,0,0,0,0,0,0,1,0,0,0,1,1,0,1,0,1,0,502,0,3,505,0,296,"Sri Meenatchi Sundaram Pillai Memorial Hr Sec School,   East Building,   Idaikal",Ward No 3 Amman Kovil Street,All Voters,All India Anna Dravida Munnetra Kazhagam,203,153,50,Tamilaga Vettri Kazhagam,3,1,2,4,5,5,5,5,5,5,9.9601593625498,5
297,64,127,218,0,113,0,0,0,0,1,1,0,3,0,0,1,0,0,3,0,0,1,532,0,1,533,0,297,"Sri Meenatchi Sundaram Pillai Memorial Hr.Sec. School, , North New Building Eastern Portion   Idaikal.",Ward No 4 Kamarajar puram Street,All Voters,All India Anna Dravida Munnetra Kazhagam,218,127,91,Dravida Munnetra Kazhagam,2,1,3,4,6,6,6,6,6,5,17.10526315789474,9
298,30,117,305,7,159,1,0,1,0,0,1,1,6,3,0,3,0,1,7,0,0,0,642,0,4,646,0,298,"Sri Meenatchi Sundaram Pillai Memorial Hr.Sec. School, 10C Sec,   Idaikal",Ward No 4 Devar Street,All Voters,All India Anna Dravida Munnetra Kazhagam,305,159,146,Tamilaga Vettri Kazhagam,3,1,2,4,5,6,8,6,8,8,22.74143302180685,22
299,25,96,91,3,143,24,1,0,0,1,0,0,1,1,0,4,0,1,1,0,1,1,394,0,2,396,0,299,Sri Meenatchi Sundaram Pillai Memorial Hr.Sec. School No 3rd Hall East Facing Idaikal,Ward No 4 Adidravidar Colony Water Tank Street,All Voters,Tamilaga Vettri Kazhagam,143,96,47,Dravida Munnetra Kazhagam,2,3,1,4,6,5,7,9,9,7,11.92893401015228,10
300,60,223,207,4,225,40,0,1,0,0,3,0,5,0,0,4,6,3,2,1,0,1,785,0,3,788,0,300,"Sri Meenatchi Sundaram Pillai Memorial Hr.Sec.School, Middle Building North Portion   Idaikal.",Ward No 1 Parvathiamman Kovil Street,All Voters,Tamilaga Vettri Kazhagam,225,223,2,Dravida Munnetra Kazhagam,2,3,1,4,6,5,8,7,8,8,0.2547770700636943,25
301,34,97,195,3,117,0,0,0,1,0,0,0,0,0,0,0,0,0,0,0,1,0,448,0,3,451,0,301,"Sri Meenatchi Sundaram Pillai Memorial Hr.Sec.School , North New Building, West portion, Idaikal.",Ward No 2 Middle Street,All Voters,All India Anna Dravida Munnetra Kazhagam,195,117,78,Tamilaga Vettri Kazhagam,3,1,2,4,5,7,7,7,6,7,17.41071428571428,1
302,42,97,284,2,131,0,0,0,0,0,0,2,0,0,1,2,1,2,1,0,7,1,573,0,0,573,0,302,"Sri Meenatchi Sundaram Pillai Memorial Hr.Sec. School 10 B Sec,North New Building Idaikal",Ward No 4 Pillaiyar Kovil Street,All Voters,All India Anna Dravida Munnetra Kazhagam,284,131,153,Tamilaga Vettri Kazhagam,3,1,2,4,5,6,6,6,6,6,26.70157068062827,17
303,30,114,119,4,124,8,0,0,1,0,0,0,0,0,0,0,1,0,2,0,1,0,404,0,2,406,0,303,"Sri Meenatchi Sundaram Pillai Memorial Hr.Sec. School ,12th B Class Room, South Building , Idaikal",Ward No 4 Annanagar Colony Street,All Voters,Tamilaga Vettri Kazhagam,124,119,5,All India Anna Dravida Munnetra Kazhagam,3,2,1,4,6,5,8,8,7,8,1.237623762376238,4
304,31,130,263,0,146,0,0,0,1,0,1,0,1,1,1,2,0,0,1,1,1,1,581,0,1,582,0,304,"Hindu Primary School western wing, Nainaragaram",Ward No 1 Perumal Kovil Street,All Voters,All India Anna Dravida Munnetra Kazhagam,263,146,117,Tamilaga Vettri Kazhagam,3,1,2,4,6,6,6,6,5,6,20.13769363166953,10
305,26,103,217,0,152,0,0,0,0,0,0,0,1,0,0,0,0,0,1,0,0,0,500,0,2,502,0,305,"Hindu Primary School, Northern Portion Nainaragaram",Ward No 1 Yadhavar Street,All Voters,All India Anna Dravida Munnetra Kazhagam,217,152,65,Tamilaga Vettri Kazhagam,3,1,2,4,5,5,5,5,5,5,13.0,2
306,21,119,169,7,71,8,0,0,0,1,0,0,0,0,0,0,0,1,4,0,0,0,401,0,1,402,0,306,"Hindu Primary School, Southern Buliding,West Side Nainaragaram.",Ward No 12 Street 1 Kaliamman Kovil Street,All Voters,All India Anna Dravida Munnetra Kazhagam,169,119,50,Dravida Munnetra Kazhagam,2,1,3,4,6,5,8,8,8,7,12.46882793017456,5
307,46,165,116,8,63,40,1,0,1,0,0,0,1,1,3,0,2,1,0,0,0,0,448,0,2,450,0,307,Rukkumani Primary School East facing Building Valliyammalpuram,Ward No 11 Street 1 Valliammal Puram Amman Kovil Street,All Voters,Dravida Munnetra Kazhagam,165,116,49,All India Anna Dravida Munnetra Kazhagam,1,2,3,4,6,5,7,9,7,9,10.9375,8
308,35,111,295,0,114,0,1,0,0,0,0,0,1,2,0,1,0,1,1,0,0,0,562,0,0,562,0,308,"Hindu Middle School,    West Building Southern Portion Sivaramapettai.",Ward No 1 MuppudathiAmman Kovil Street,All Voters,All India Anna Dravida Munnetra Kazhagam,295,114,181,Tamilaga Vettri Kazhagam,3,1,2,4,6,6,5,6,6,6,32.20640569395018,6
309,40,133,313,2,160,2,0,0,2,0,0,0,2,1,1,3,1,0,1,0,1,0,662,0,0,662,0,309,"Hindu Middle School,    West Building Middle Portion Sivaramapettai.",Ward No 2 Chathunavu kooda Street,All Voters,All India Anna Dravida Munnetra Kazhagam,313,160,153,Tamilaga Vettri Kazhagam,3,1,2,4,5,5,8,8,5,8,23.11178247734139,10
310,28,171,230,2,159,20,1,0,0,1,0,0,4,2,2,1,1,3,0,0,4,1,630,0,0,630,0,310,"Hindu Middle School ,    East Buliding, Eastern Wing, Sivaramapettai.",Ward No 2 Krishnan Kovil Nalla Madan Kovil Street,All Voters,All India Anna Dravida Munnetra Kazhagam,230,171,59,Dravida Munnetra Kazhagam,2,1,3,4,6,5,7,9,9,7,9.365079365079366,18
311,33,227,533,3,115,0,0,0,0,0,0,2,3,6,0,0,0,3,0,0,0,0,925,0,2,927,0,311,"Hindu Middle School ,    West Building Northern Portion Sivaramapettai.",Ward No 4 Vadakasi Amman Kovil Street,All Voters,All India Anna Dravida Munnetra Kazhagam,533,227,306,Dravida Munnetra Kazhagam,2,1,3,4,5,6,6,6,6,6,33.08108108108108,14
312,98,162,118,1,215,7,0,0,0,2,0,1,2,0,0,1,1,4,2,0,2,0,616,0,1,617,0,312,Govt.Primary School   Main Building   Western Portion Agarakattu,Ward No 11 Street No 3 Periyar colony,All Voters,Tamilaga Vettri Kazhagam,215,162,53,Dravida Munnetra Kazhagam,2,3,1,4,7,5,8,8,8,6,8.603896103896105,13
313,147,209,132,2,189,16,2,0,1,1,0,0,4,0,1,0,1,6,2,0,2,0,715,0,0,715,0,313,Govt.Primary School   Main Building    Eastern portion Agarakattu,Ward No 9 Street No 1 Margred matha kovil Street,All Voters,Dravida Munnetra Kazhagam,209,189,20,Tamilaga Vettri Kazhagam,1,4,2,3,6,5,6,10,8,8,2.797202797202797,16
314,46,212,307,1,197,20,0,0,0,0,0,2,2,2,0,0,0,3,3,1,4,0,800,0,1,801,0,314,"Govt.Primary School,   South Building,   Anandapuram",Ward No 1 Street No 8 Thesiya Nagar Ananthapuram,All Voters,All India Anna Dravida Munnetra Kazhagam,307,212,95,Dravida Munnetra Kazhagam,2,1,3,4,6,5,7,7,7,7,11.875,17
315,117,241,178,2,254,24,1,0,1,1,0,1,1,2,0,0,0,2,0,1,0,0,826,0,3,829,0,315,"St Arulanandar Hr.Sec. School, South Building, Eastern Portion Agarakattu",Ward No 9 Street No 1 Margreat Matha kovil Street,All Voters,Tamilaga Vettri Kazhagam,254,241,13,Dravida Munnetra Kazhagam,2,3,1,4,6,5,7,10,7,7,1.573849878934625,7
316,18,108,165,1,112,36,0,0,2,0,0,0,0,1,2,1,0,2,0,1,0,0,449,0,1,450,0,316,"St Arulanandar Hr.Sec. School , South Building Western Portion Agarakattu",Ward No 10 Street No 2 Ambedkar nagar,All Voters,All India Anna Dravida Munnetra Kazhagam,165,112,53,Tamilaga Vettri Kazhagam,3,1,2,5,7,4,8,8,6,8,11.80400890868597,7
317,51,207,224,1,278,1,0,0,1,2,1,0,3,1,0,2,1,4,2,0,0,0,779,0,1,780,0,317,"Govt. Primary School, Central Wing,   Ayikudi",Ward No 13 Street No 2 Petchi amman kovil Street,All Voters,Tamilaga Vettri Kazhagam,278,224,54,All India Anna Dravida Munnetra Kazhagam,3,2,1,4,6,6,9,9,6,5,6.93196405648267,14
318,23,125,307,1,188,2,0,1,0,0,0,0,1,2,0,1,1,1,1,0,0,0,654,0,1,655,0,318,"Govt. Primary School,Western Wing, East Facing, Ayikudi",Ward No 7 Street No 2 sivan kovil north Street,All Voters,All India Anna Dravida Munnetra Kazhagam,307,188,119,Tamilaga Vettri Kazhagam,3,1,2,4,6,5,8,6,8,8,18.19571865443425,7
319,17,126,267,2,196,0,1,0,0,1,2,2,1,2,2,1,2,3,4,0,1,0,630,0,2,632,0,319,"Govt. Primary School, East Building, west Facing, Ayikudi.",Ward No 7 Street No 4 south chekkadi pillayar kovil Street,All Voters,All India Anna Dravida Munnetra Kazhagam,267,196,71,Tamilaga Vettri Kazhagam,3,1,2,4,5,8,6,8,8,6,11.26984126984127,20
320,17,133,245,2,182,1,0,0,0,1,0,0,1,0,0,2,0,0,0,0,1,0,585,0,0,585,0,320,"Govt.Hr.Sec. School,    Eastern Building South Portion   Ayikudi.",Ward No 2 Street No 1 Oadai Street,All Voters,All India Anna Dravida Munnetra Kazhagam,245,182,63,Tamilaga Vettri Kazhagam,3,1,2,4,5,6,8,8,8,6,10.76923076923077,4
321,31,116,222,2,182,0,0,0,0,1,0,0,4,2,0,0,0,1,0,0,2,0,563,0,3,566,0,321,"Govt.Hr.Sec. School,   Eastern Building   Northern Portion Ayikudi.",Ward No 5 Street No 5 Godown Street,All Voters,All India Anna Dravida Munnetra Kazhagam,222,182,40,Tamilaga Vettri Kazhagam,3,1,2,4,5,7,7,7,7,6,7.104795737122557,9
322,27,86,248,1,152,0,0,0,0,1,0,1,1,2,1,0,1,0,1,0,0,0,522,0,1,523,0,322,"Govt.Hr.Sec. School,    Main Building, Eastern Portion Ayikudi.",Ward No 3 Street No 1 krishnan kovil Street,All Voters,All India Anna Dravida Munnetra Kazhagam,248,152,96,Tamilaga Vettri Kazhagam,3,1,2,4,5,7,7,7,7,5,18.39080459770115,7
323,39,144,294,3,250,0,0,0,0,0,0,0,1,1,0,3,0,0,0,0,0,0,735,0,3,738,0,323,"Govt.Hr.Sec. School, Western building, Central   Portion East Facing Ayikudi.",Ward No 3 Street No 5 Rice shop Street,All Voters,All India Anna Dravida Munnetra Kazhagam,294,250,44,Tamilaga Vettri Kazhagam,3,1,2,4,5,6,6,6,6,6,5.986394557823129,5
324,28,105,211,0,145,0,1,0,1,0,0,1,2,1,1,0,0,1,1,0,0,0,498,0,0,498,0,324,"Govt.Hr.Sec. School,    Main Building, Western Portion Ayikudi.",Ward No 4 Street No 1 North Street,All Voters,All India Anna Dravida Munnetra Kazhagam,211,145,66,Tamilaga Vettri Kazhagam,3,1,2,4,7,7,5,7,5,7,13.25301204819277,7
325,27,71,365,5,135,0,0,0,0,1,0,2,1,1,0,0,0,0,0,0,0,1,609,0,1,610,0,325,"Govt.Hr.Sec. School,    New Building,Southern Side, Eastern Portion    Ayikudi",Ward No 5 Street No 1 Periya nayagam Kovil South Street,All Voters,All India Anna Dravida Munnetra Kazhagam,365,135,230,Tamilaga Vettri Kazhagam,3,1,2,4,5,7,7,7,7,6,37.76683087027914,5
326,54,408,165,4,130,9,0,0,2,0,1,0,3,3,7,4,0,2,2,1,0,0,795,0,2,797,0,326,"Govt.Middle School ,    New Building   Kambili",Ward No 15 Street No 1 North Street,All Voters,Dravida Munnetra Kazhagam,408,165,243,All India Anna Dravida Munnetra Kazhagam,1,2,3,4,6,5,8,8,7,8,30.56603773584905,23
327,73,246,405,4,154,4,0,0,0,0,0,0,3,6,5,2,0,8,9,2,6,1,928,0,1,929,0,327,"Govt.Middle School New Building, Western Portion, East Facing, Kambili",Ward No 14 Street No 1 Yadavar Street,All Voters,All India Anna Dravida Munnetra Kazhagam,405,246,159,Dravida Munnetra Kazhagam,2,1,3,4,5,5,7,7,7,7,17.13362068965517,42
328,7,82,144,0,26,0,0,0,0,0,0,0,2,2,2,0,0,1,0,2,0,0,268,0,0,268,0,328,Govt.Primary School   Mattu Chinan Poigai,Ward No 1 Street No 1 Arunthathiar Street,All Voters,All India Anna Dravida Munnetra Kazhagam,144,82,62,Dravida Munnetra Kazhagam,2,1,3,4,5,5,5,5,5,5,23.13432835820895,9
329,79,140,259,1,120,0,0,0,0,0,0,0,1,3,2,1,0,0,0,0,1,1,608,0,3,611,0,329,"Govt.Primary School , Northern Wing, West Section Sambavar vadakarai Keelur",Ward No 1 Street 1 Arumai Nayagam Street,All Voters,All India Anna Dravida Munnetra Kazhagam,259,140,119,Dravida Munnetra Kazhagam,2,1,3,4,5,6,6,6,6,6,19.57236842105263,9
330,96,160,315,8,220,2,0,0,1,0,1,1,5,1,4,3,1,1,6,0,0,1,826,0,3,829,0,330,"Govt.Primary School Middle Portion, East Facing, Sambavarvadakarai Keelur",Ward No 1 Street 4 North car Street,All Voters,All India Anna Dravida Munnetra Kazhagam,315,220,95,Tamilaga Vettri Kazhagam,3,1,2,4,5,6,8,8,7,8,11.50121065375303,24
331,94,193,346,2,168,0,0,0,1,2,0,0,0,0,3,1,1,1,1,0,0,0,813,0,1,814,0,331,"Govt.Primary School South Building West Section,South Facing, Sambavarvadakarai Keelur",Ward No 3 Street No 2 Vadakkatthi amman kovil Street,All Voters,All India Anna Dravida Munnetra Kazhagam,346,193,153,Dravida Munnetra Kazhagam,2,1,3,4,5,8,8,8,7,5,18.81918819188192,7
332,63,108,269,1,118,0,1,0,0,0,0,2,3,2,2,0,0,0,1,0,0,0,570,0,0,570,0,332,"Govt.Primary School Southern portion West Part, Sambavarvadakarai Keelur",Ward No 3 Street No 4 Water Kinatru Street,All Voters,All India Anna Dravida Munnetra Kazhagam,269,118,151,Tamilaga Vettri Kazhagam,3,1,2,4,5,7,5,7,7,7,26.49122807017544,10
333,49,150,214,2,120,0,0,0,1,0,1,0,2,0,2,0,1,0,0,0,0,0,542,0,1,543,0,333,Govt.Primary School    Western New Building Sambavarvadakarai,Ward No 4 Street No 8 Ramasamy Kovil Street,All Voters,All India Anna Dravida Munnetra Kazhagam,214,150,64,Dravida Munnetra Kazhagam,2,1,3,4,5,7,7,7,6,7,11.80811808118081,6
334,49,114,251,0,154,1,1,1,0,0,1,0,4,3,0,0,1,0,5,0,0,0,585,0,3,588,0,334,"Govt.Hr.Sec School   South Building, North Facing   Near Auditiorium East Portion, Sambavarvadakarai Keelur",Ward No 6 Street No 3 Subethar Street,All Voters,All India Anna Dravida Munnetra Kazhagam,251,154,97,Tamilaga Vettri Kazhagam,3,1,2,4,8,5,5,5,8,8,16.58119658119658,14
335,79,153,293,4,223,0,1,1,0,0,0,0,5,4,0,1,0,0,1,0,0,0,765,0,0,765,0,335,"Govt.Hr.Sec School   East Building, West Facing,   North Portion,   Sambavarvadakarai Keelur",Ward No 7 Street No 1 Chekkadi kinatru Street,All Voters,All India Anna Dravida Munnetra Kazhagam,293,223,70,Tamilaga Vettri Kazhagam,3,1,2,4,5,8,6,6,8,8,9.15032679738562,11
336,39,483,246,2,109,0,1,0,0,0,0,1,6,1,3,0,0,5,2,0,0,0,898,0,1,899,0,336,"Govt.Hr.Sec School   East Building, West Facing,   South Portion,   Sambavarvadakarai Keelur",Ward No 15 Street No 1 Pallivaasal Street,All Voters,Dravida Munnetra Kazhagam,483,246,237,All India Anna Dravida Munnetra Kazhagam,1,2,3,4,5,7,6,7,7,7,26.39198218262806,18
337,90,135,397,0,222,1,0,1,0,1,1,1,6,2,0,3,1,0,0,1,0,0,862,0,4,866,0,337,"Govt.Hr.Sec. School,West Building, South Portion, East facing, Sambavarvadakarai",Ward No 5 Street No 2 Kulaiyaneri Salai,All Voters,All India Anna Dravida Munnetra Kazhagam,397,222,175,Tamilaga Vettri Kazhagam,3,1,2,4,8,5,8,5,8,5,20.3016241299304,15
338,36,116,295,3,156,4,0,0,0,1,0,1,1,1,2,2,2,1,1,0,0,0,622,0,1,623,0,338,"Govt.Hr.Sec. School, West Building, North Portion, East facing, Sambavarvadakarai",Ward No 8 Street No 11 Aasari pillayar kovil Street,All Voters,All India Anna Dravida Munnetra Kazhagam,295,156,139,Tamilaga Vettri Kazhagam,3,1,2,4,6,5,8,8,8,7,22.34726688102894,11
339,49,128,211,3,94,10,1,0,0,0,0,0,2,0,2,0,0,1,2,1,0,0,504,0,0,504,0,339,"Govt.Hr.Sec.School, Central Building South portion,west Facing, Sambavarvadakarai",Ward No 10 Street No 4 Amman kovil Street,All Voters,All India Anna Dravida Munnetra Kazhagam,211,128,83,Dravida Munnetra Kazhagam,2,1,3,4,6,5,7,8,8,8,16.46825396825397,8
340,85,278,147,2,150,25,0,1,1,0,0,0,2,2,3,2,5,1,2,0,0,0,706,0,5,711,0,340,"Govt.Hr.Sec. School,Nabard Building 11th Computer Science Class Room West Building,East Facing, Sambavarvadakarai",Ward No 14 Street No 10 indhira colony,All Voters,Dravida Munnetra Kazhagam,278,150,128,Tamilaga Vettri Kazhagam,1,3,2,4,6,5,9,7,7,9,18.13031161473088,17
341,55,231,380,0,94,6,2,0,2,2,0,2,13,9,6,1,0,5,6,0,1,0,815,0,3,818,0,341,"Govt.Hr.Sec. School,   Nabard Building 12 th Maths Class Room Hall no 2   North Building East portion Sambavarvadakarai",Ward No 10 Street No 5 south Street,All Voters,All India Anna Dravida Munnetra Kazhagam,380,231,149,Dravida Munnetra Kazhagam,2,1,3,4,9,5,6,9,6,6,18.28220858895705,43
342,28,80,142,0,100,0,0,1,0,0,0,0,0,0,1,2,1,0,2,1,0,0,358,0,2,360,0,342,Govt. Hr.Sec School    East Building West Facing Sambavar vadakarai,Ward No 11 Street No 2 Chekkadi Street,All Voters,All India Anna Dravida Munnetra Kazhagam,142,100,42,Tamilaga Vettri Kazhagam,3,1,2,4,6,6,6,5,6,6,11.73184357541899,7
343,38,143,269,2,235,0,0,0,0,0,0,0,0,1,1,0,0,0,3,0,3,0,695,0,2,697,0,343,"Govt.Primary School,    West Building    North Portion East Facing   Sambavarvadakarai.",Ward No 14 Street No 5 Velayuthapuram Road,All Voters,All India Anna Dravida Munnetra Kazhagam,269,235,34,Tamilaga Vettri Kazhagam,3,1,2,4,5,6,6,6,6,6,4.892086330935252,8
344,54,174,304,4,203,2,1,0,2,4,0,1,9,1,6,4,0,0,2,0,1,0,772,0,3,775,0,344,"Govt.Primary School, Middle Building North Portion East Facing, Sambavarvadakarai",Ward No 13 Street No 10 saalai vinayagar kovil Street,All Voters,All India Anna Dravida Munnetra Kazhagam,304,203,101,Tamilaga Vettri Kazhagam,3,1,2,4,5,7,9,10,7,5,13.08290155440414,24
345,26,153,322,3,218,1,0,0,0,0,0,1,3,2,2,2,1,5,9,0,4,1,753,0,1,754,0,345,"Govt.Primary School,    East Building    North Portion West Facing   Sambavarvadakarai.",Ward No 13 Street No 1 Devamar Keela Savadi Street,All Voters,All India Anna Dravida Munnetra Kazhagam,322,218,104,Tamilaga Vettri Kazhagam,3,1,2,4,5,6,7,7,7,7,13.81142098273572,30
346,93,304,393,1,142,1,0,0,0,0,0,1,0,0,0,0,2,3,3,0,2,0,945,0,0,945,0,346,"Thangam Primary School, Chinnathambi Nadanur",Ward No 8 North Last Street,All Voters,All India Anna Dravida Munnetra Kazhagam,393,304,89,Dravida Munnetra Kazhagam,2,1,3,4,5,5,7,7,7,7,9.417989417989418,11
347,53,194,316,5,161,0,0,0,0,0,0,0,1,0,2,1,2,2,1,0,0,0,738,0,0,738,0,347,"Hindu Primary School, North Portion, East Facing Kallampuli",Ward No 6 Vivekanandan Nagar,All Voters,All India Anna Dravida Munnetra Kazhagam,316,194,122,Dravida Munnetra Kazhagam,2,1,3,4,5,6,6,6,6,6,16.53116531165312,9
348,78,235,310,2,196,1,0,0,2,2,1,1,3,0,2,0,0,1,0,1,0,1,836,0,1,837,0,348,"Hindu Primary School, New Building,South Side, Kalampuli.",Ward No 7 Chernthamaram Main Road,All Voters,All India Anna Dravida Munnetra Kazhagam,310,235,75,Dravida Munnetra Kazhagam,2,1,3,4,5,8,9,9,5,5,8.971291866028707,10
349,57,230,147,2,161,0,0,0,0,0,0,1,4,1,1,0,0,1,2,0,1,0,608,0,1,609,0,349,"Panchayat Union Primary School,   Kovilandnoor",Ward No 5 S.V. Karai salai,All Voters,Dravida Munnetra Kazhagam,230,161,69,Tamilaga Vettri Kazhagam,1,3,2,4,5,6,6,6,6,6,11.34868421052632,11
350,38,181,178,2,167,3,0,0,0,0,0,0,6,3,3,2,0,1,3,0,0,0,587,0,3,590,0,350,"A.N.P.U. Middle School, Southern Building,    Poigai.",Ward No 4 M.G.R. Nagar,All Voters,Dravida Munnetra Kazhagam,181,178,3,All India Anna Dravida Munnetra Kazhagam,1,2,3,4,6,5,7,7,7,7,0.5110732538330494,18
351,27,148,169,0,137,1,1,0,0,0,0,1,1,1,1,0,1,2,5,0,0,0,495,0,2,497,0,351,"A.N.P.U. Middle School, Northern Building,    Poigai.",Ward No 1 Periya Pillaiyar Kovil Street,All Voters,All India Anna Dravida Munnetra Kazhagam,169,148,21,Dravida Munnetra Kazhagam,2,1,3,4,7,5,5,7,7,7,4.242424242424243,12
352,31,255,190,0,92,63,0,0,2,0,0,0,0,0,0,1,0,4,2,0,0,0,640,0,4,644,0,352,"Govt. High School, Middle Building North facing, Velayuthapuram","Velayuthapuram,Ward No 1 Colony Street",All Voters,Dravida Munnetra Kazhagam,255,190,65,All India Anna Dravida Munnetra Kazhagam,1,2,3,5,7,4,7,7,6,7,10.15625,7
353,38,304,119,0,147,52,2,0,1,0,0,0,1,0,2,1,0,0,2,0,0,0,669,0,0,669,0,353,"Panchayat Union Primary School, South Building, East Facing Velayuthapuram","Velayuthapuram,Ward No 3 Main Road",All Voters,Dravida Munnetra Kazhagam,304,147,157,Tamilaga Vettri Kazhagam,1,3,2,5,8,4,6,8,7,8,23.4678624813154,6
354,42,158,193,3,186,0,0,0,1,0,0,0,0,0,1,1,0,0,3,0,1,2,591,0,2,593,0,354,"Govt.Hr.Sec.School,    East Building, West Facing North Side,   Urmelalagian,",Ward No 6 Mupidathiamman kovil Street,All Voters,All India Anna Dravida Munnetra Kazhagam,193,186,7,Tamilaga Vettri Kazhagam,3,1,2,4,5,7,7,7,6,7,1.184433164128596,8
355,9,98,198,2,70,45,2,0,3,2,0,2,4,0,1,1,2,2,3,3,4,0,451,0,1,452,0,355,"Govt.Hr.Sec.School,     East Building,West Facing South Side,   Kandukondan Manikkam Urmelalagian,",Ward No 7 Sasthan Kovil Street,All Voters,All India Anna Dravida Munnetra Kazhagam,198,98,100,Dravida Munnetra Kazhagam,2,1,3,5,7,4,7,10,6,7,22.1729490022173,22
356,35,110,156,0,168,2,0,0,0,1,0,0,0,0,0,1,0,0,0,0,0,0,473,0,2,475,0,356,"Govt.Hr.Sec.School, North New Building, East Portion, Urmelalagian",Ward No 1 3 Gandhi Veethi,All Voters,Tamilaga Vettri Kazhagam,168,156,12,All India Anna Dravida Munnetra Kazhagam,3,2,1,4,7,5,7,7,7,6,2.536997885835095,1
357,54,143,94,0,130,16,0,0,1,1,0,1,0,0,1,0,1,0,2,0,2,0,446,0,2,448,0,357,"Govt.Hr.Sec.School, North New Building, West portion, Urmelalagian",Ward No 4 Nehru Veethi,All Voters,Dravida Munnetra Kazhagam,143,130,13,Tamilaga Vettri Kazhagam,1,3,2,4,8,5,8,8,6,6,2.914798206278027,7
358,20,114,162,0,158,2,0,0,0,0,0,0,2,0,0,0,1,1,1,0,1,0,462,0,0,462,0,358,"Govt.Primary School ,Eestern Wing, Urmelalagian",Ward No 1 Ponvizha Street,All Voters,All India Anna Dravida Munnetra Kazhagam,162,158,4,Tamilaga Vettri Kazhagam,3,1,2,4,6,5,6,6,6,6,0.8658008658008658,6
359,19,127,177,0,156,10,0,0,0,1,0,0,1,1,1,0,0,0,1,0,0,1,495,0,0,495,0,359,"Govt.Primary School, Western Wing, Urmelalagian",Ward No 2 Keela Pilliyar Kovil Street,All Voters,All India Anna Dravida Munnetra Kazhagam,177,156,21,Tamilaga Vettri Kazhagam,3,1,2,4,7,5,7,7,7,6,4.242424242424243,5
360,22,98,216,3,239,7,0,0,2,0,0,1,5,0,4,0,0,0,3,1,0,0,601,0,0,601,0,360,"Govt Primary School, New building East Facing, BalamarthandaPuram",Ward No 1 Street 6 Nadar Street,All Voters,Tamilaga Vettri Kazhagam,239,216,23,All India Anna Dravida Munnetra Kazhagam,3,2,1,4,6,5,8,8,7,8,3.826955074875208,14
361,27,242,155,1,93,38,2,0,1,0,1,0,3,2,2,1,0,1,0,0,0,0,569,0,1,570,0,361,"Govt Primary School, North Wing South Facing, Balamarthanda Puram",Ward No 2 Street 3 South Pillayar Kovil Street,All Voters,Dravida Munnetra Kazhagam,242,155,87,All India Anna Dravida Munnetra Kazhagam,1,2,3,5,7,4,6,9,7,9,15.28998242530756,10
362,35,214,124,1,164,12,1,0,2,0,0,0,2,0,1,3,0,1,3,0,0,0,563,0,4,567,0,362,"Govt Primary School, North Side West Building West portion, Balamarthandapuram",Ward No 1 Street1 North Street,All Voters,Dravida Munnetra Kazhagam,214,164,50,Tamilaga Vettri Kazhagam,1,3,2,4,7,5,7,9,6,9,8.880994671403197,10
363,15,168,319,2,140,0,0,1,3,0,0,1,1,1,0,0,1,4,1,0,1,0,658,0,1,659,0,363,"Govt Primary School,    New Building,   West Facing, Kilangadu",Ward No 3 Kannimaramman Kovil South Street,All Voters,All India Anna Dravida Munnetra Kazhagam,319,168,151,Dravida Munnetra Kazhagam,2,1,3,4,6,8,8,7,5,8,22.9483282674772,10
364,43,167,274,2,162,92,3,2,4,1,2,0,1,3,2,0,0,2,2,2,2,2,768,0,2,770,0,364,"Govt Primary School,    New Building,    Southern Portion, East Facing,    Kilangadu",Ward No 5 Perumal Kovil Street,All Voters,All India Anna Dravida Munnetra Kazhagam,274,167,107,Dravida Munnetra Kazhagam,2,1,3,5,8,4,7,8,6,10,13.93229166666667,18
